timestamp,node_id,job_id,polling_interval_actual,gpu_index,gpu_util_pct,gpu_mem_used_mb,gpu_mem_total_mb,ib_port_xmit_data,ib_port_rcv_data,ib_port_xmit_packets,ib_port_rcv_packets,ib_port_xmit_wait,ib_port_xmit_discards,ib_excessive_buffer_overrun_errors,ib_link_downed,ib_link_error_recovery,ib_symbol_error,ib_local_link_integrity_errors,ib_port_rcv_remote_physical_errors,ib_port_rcv_errors,ib_sq_num_rnr,ib_sq_num_to,ib_rq_num_oos,ib_sq_num_oos,ib_port_xmit_data_delta,ib_port_rcv_data_delta,ib_port_xmit_packets_delta,ib_port_rcv_packets_delta,ib_port_xmit_wait_delta,ib_port_xmit_discards_delta,ib_excessive_buffer_overrun_errors_delta,ib_symbol_error_delta,ib_port_rcv_errors_delta,ib_sq_num_rnr_delta,ib_sq_num_to_delta,ib_rq_num_oos_delta,ib_sq_num_oos_delta,label
1778096619.2473192,g2.hpc.coe,41393,,0,0.0,0.0,12288.0,136137395396,136368419715,139260262,139445655,3127583,0,0,0,0,0,0,0,0,0,0,0,0,,,,,,,,,,,,,,idle
1778096619.7474525,g2.hpc.coe,41393,0.5001,0,0.0,0.0,12288.0,136137395727,136368419772,139260265,139445656,3127583,0,0,0,0,0,0,0,0,0,0,0,0,331,57,3,1,0,0,0,0,0,0,0,0,0,idle
1778096620.2475643,g2.hpc.coe,41393,0.5001,0,0.0,0.0,12288.0,136137396078,136368419829,139260267,139445657,3127583,0,0,0,0,0,0,0,0,0,0,0,0,351,57,2,1,0,0,0,0,0,0,0,0,0,idle
1778096620.747692,g2.hpc.coe,41393,0.5001,0,0.0,0.0,12288.0,136137396471,136368419886,139260269,139445658,3127583,0,0,0,0,0,0,0,0,0,0,0,0,393,57,2,1,0,0,0,0,0,0,0,0,0,idle
1778096621.2478364,g2.hpc.coe,41393,0.5001,0,0.0,0.0,12288.0,136137396906,136368419943,139260271,139445659,3127583,0,0,0,0,0,0,0,0,0,0,0,0,435,57,2,1,0,0,0,0,0,0,0,0,0,idle
1778096621.747942,g2.hpc.coe,41393,0.5001,0,0.0,0.0,12288.0,136137397383,136368420000,139260273,139445660,3127583,0,0,0,0,0,0,0,0,0,0,0,0,477,57,2,1,0,0,0,0,0,0,0,0,0,idle
1778096622.2480695,g2.hpc.coe,41393,0.5001,0,0.0,0.0,12288.0,136137397902,136368420057,139260275,139445661,3127583,0,0,0,0,0,0,0,0,0,0,0,0,519,57,2,1,0,0,0,0,0,0,0,0,0,idle
1778096622.7482026,g2.hpc.coe,41393,0.5001,0,0.0,0.0,12288.0,136137398486,136368420136,139260278,139445663,3127583,0,0,0,0,0,0,0,0,0,0,0,0,584,79,3,2,0,0,0,0,0,0,0,0,0,idle
1778096623.2483442,g2.hpc.coe,41393,0.5001,0,0.0,0.0,12288.0,136137399112,136368420215,139260281,139445665,3127583,0,0,0,0,0,0,0,0,0,0,0,0,626,79,3,2,0,0,0,0,0,0,0,0,0,idle
1778096623.7484777,g2.hpc.coe,41393,0.5001,0,0.0,0.0,12288.0,136137399780,136368420294,139260284,139445667,3127583,0,0,0,0,0,0,0,0,0,0,0,0,668,79,3,2,0,0,0,0,0,0,0,0,0,idle
1778096624.248611,g2.hpc.coe,41393,0.5001,0,0.0,0.0,12288.0,136137400490,136368420373,139260287,139445669,3127583,0,0,0,0,0,0,0,0,0,0,0,0,710,79,3,2,0,0,0,0,0,0,0,0,0,idle
1778096624.7487543,g2.hpc.coe,41393,0.5001,0,0.0,0.0,12288.0,136137401505,136368420619,139260294,139445674,3127583,0,0,0,0,0,0,0,0,0,0,0,0,1015,246,7,5,0,0,0,0,0,0,0,0,0,idle
1778096625.2489161,g2.hpc.coe,41393,0.5002,0,0.0,0.0,12288.0,136137402278,136368420698,139260296,139445676,3127583,0,0,0,0,0,0,0,0,0,0,0,0,773,79,2,2,0,0,0,0,0,0,0,0,0,idle
1778096625.749043,g2.hpc.coe,41393,0.5001,0,0.0,0.0,12288.0,136137403137,136368420777,139260300,139445678,3127583,0,0,0,0,0,0,0,0,0,0,0,0,859,79,4,2,0,0,0,0,0,0,0,0,0,idle
1778096626.2491744,g2.hpc.coe,41393,0.5001,0,0.0,0.0,12288.0,136137404016,136368420856,139260303,139445680,3127583,0,0,0,0,0,0,0,0,0,0,0,0,879,79,3,2,0,0,0,0,0,0,0,0,0,idle
1778096626.7493007,g2.hpc.coe,41393,0.5001,0,0.0,0.0,12288.0,136137404938,136368420935,139260306,139445682,3127583,0,0,0,0,0,0,0,0,0,0,0,0,922,79,3,2,0,0,0,0,0,0,0,0,0,idle
1778096627.2494125,g2.hpc.coe,41393,0.5001,0,0.0,0.0,12288.0,136137406525,136368421461,139260324,139445692,3127583,0,0,0,0,0,0,0,0,0,0,0,0,1587,526,18,10,0,0,0,0,0,0,0,0,0,idle
1778096627.7495182,g2.hpc.coe,41393,0.5001,0,0.0,0.0,12288.0,136137407532,136368421540,139260327,139445694,3127583,0,0,0,0,0,0,0,0,0,0,0,0,1007,79,3,2,0,0,0,0,0,0,0,0,0,idle
1778096628.24965,g2.hpc.coe,41393,0.5001,0,0.0,0.0,12288.0,136137408582,136368421619,139260330,139445696,3127583,0,0,0,0,0,0,0,0,0,0,0,0,1050,79,3,2,0,0,0,0,0,0,0,0,0,idle
1778096628.7497785,g2.hpc.coe,41393,0.5001,0,0.0,0.0,12288.0,136137409696,136368421698,139260334,139445698,3127583,0,0,0,0,0,0,0,0,0,0,0,0,1114,79,4,2,0,0,0,0,0,0,0,0,0,idle
1778096629.2499144,g2.hpc.coe,41393,0.5001,0,0.0,0.0,12288.0,136137410852,136368421777,139260338,139445700,3127583,0,0,0,0,0,0,0,0,0,0,0,0,1156,79,4,2,0,0,0,0,0,0,0,0,0,idle
1778096629.7500458,g2.hpc.coe,41393,0.5001,0,0.0,0.0,12288.0,136137411060,136368421889,139260342,139445702,3127583,0,0,0,0,0,0,0,0,0,0,0,0,208,112,4,2,0,0,0,0,0,0,0,0,0,idle
1778096630.2501688,g2.hpc.coe,41393,0.5001,0,0.0,0.0,12288.0,136137411233,136368421946,139260344,139445703,3127583,0,0,0,0,0,0,0,0,0,0,0,0,173,57,2,1,0,0,0,0,0,0,0,0,0,idle
1778096630.7503004,g2.hpc.coe,41393,0.5001,0,0.0,0.0,12288.0,136137411448,136368422003,139260346,139445704,3127583,0,0,0,0,0,0,0,0,0,0,0,0,215,57,2,1,0,0,0,0,0,0,0,0,0,idle
1778096631.2504241,g2.hpc.coe,41393,0.5001,0,0.0,0.0,12288.0,136137411706,136368422060,139260348,139445705,3127583,0,0,0,0,0,0,0,0,0,0,0,0,258,57,2,1,0,0,0,0,0,0,0,0,0,idle
1778096631.7505367,g2.hpc.coe,41393,0.5001,0,0.0,0.0,12288.0,136137412006,136368422117,139260350,139445706,3127583,0,0,0,0,0,0,0,0,0,0,0,0,300,57,2,1,0,0,0,0,0,0,0,0,0,idle
1778096632.250656,g2.hpc.coe,41393,0.5001,0,0.0,0.0,12288.0,136137412348,136368422174,139260352,139445707,3127583,0,0,0,0,0,0,0,0,0,0,0,0,342,57,2,1,0,0,0,0,0,0,0,0,0,idle
1778096632.750786,g2.hpc.coe,41393,0.5001,0,0.0,0.0,12288.0,136137412732,136368422231,139260354,139445708,3127583,0,0,0,0,0,0,0,0,0,0,0,0,384,57,2,1,0,0,0,0,0,0,0,0,0,idle
1778096633.2508938,g2.hpc.coe,41393,0.5001,0,0.0,0.0,12288.0,136137413158,136368422288,139260356,139445709,3127583,0,0,0,0,0,0,0,0,0,0,0,0,426,57,2,1,0,0,0,0,0,0,0,0,0,idle
1778096633.7510126,g2.hpc.coe,41393,0.5001,0,0.0,0.0,12288.0,136137413626,136368422345,139260358,139445710,3127583,0,0,0,0,0,0,0,0,0,0,0,0,468,57,2,1,0,0,0,0,0,0,0,0,0,idle
1778096634.2511418,g2.hpc.coe,41393,0.5001,0,0.0,0.0,12288.0,136137414137,136368422402,139260360,139445711,3127583,0,0,0,0,0,0,0,0,0,0,0,0,511,57,2,1,0,0,0,0,0,0,0,0,0,idle
1778096634.7512767,g2.hpc.coe,41393,0.5001,0,0.0,0.0,12288.0,136137414789,136368422536,139260365,139445714,3127583,0,0,0,0,0,0,0,0,0,0,0,0,652,134,5,3,0,0,0,0,0,0,0,0,0,idle
1778096635.2514122,g2.hpc.coe,41393,0.5001,0,0.0,0.0,12288.0,136137415406,136368422615,139260368,139445716,3127583,0,0,0,0,0,0,0,0,0,0,0,0,617,79,3,2,0,0,0,0,0,0,0,0,0,idle
1778096635.75154,g2.hpc.coe,41393,0.5001,0,0.0,0.0,12288.0,136137416066,136368422694,139260371,139445718,3127583,0,0,0,0,0,0,0,0,0,0,0,0,660,79,3,2,0,0,0,0,0,0,0,0,0,idle
1778096636.2516665,g2.hpc.coe,41393,0.5001,0,0.0,0.0,12288.0,136137416767,136368422773,139260374,139445720,3127583,0,0,0,0,0,0,0,0,0,0,0,0,701,79,3,2,0,0,0,0,0,0,0,0,0,idle
1778096636.7517917,g2.hpc.coe,41393,0.5001,0,0.0,0.0,12288.0,136137417511,136368422852,139260377,139445722,3127583,0,0,0,0,0,0,0,0,0,0,0,0,744,79,3,2,0,0,0,0,0,0,0,0,0,idle
1778096637.2519238,g2.hpc.coe,41393,0.5001,0,0.0,0.0,12288.0,136137418297,136368422931,139260380,139445724,3127583,0,0,0,0,0,0,0,0,0,0,0,0,786,79,3,2,0,0,0,0,0,0,0,0,0,idle
1778096637.75203,g2.hpc.coe,41393,0.5001,0,0.0,0.0,12288.0,136137419125,136368423010,139260383,139445726,3127583,0,0,0,0,0,0,0,0,0,0,0,0,828,79,3,2,0,0,0,0,0,0,0,0,0,idle
1778096638.2521584,g2.hpc.coe,41393,0.5001,0,0.0,0.0,12288.0,136137419995,136368423089,139260386,139445728,3127583,0,0,0,0,0,0,0,0,0,0,0,0,870,79,3,2,0,0,0,0,0,0,0,0,0,idle
1778096638.7522652,g2.hpc.coe,41393,0.5001,0,0.0,0.0,12288.0,136137420907,136368423168,139260389,139445730,3127583,0,0,0,0,0,0,0,0,0,0,0,0,912,79,3,2,0,0,0,0,0,0,0,0,0,idle
1778096639.2523997,g2.hpc.coe,41393,0.5001,0,0.0,0.0,12288.0,136137421861,136368423247,139260392,139445732,3127583,0,0,0,0,0,0,0,0,0,0,0,0,954,79,3,2,0,0,0,0,0,0,0,0,0,idle
1778096639.7525373,g2.hpc.coe,41393,0.5001,0,0.0,0.0,12288.0,136137422913,136368423381,139260396,139445735,3127583,0,0,0,0,0,0,0,0,0,0,0,0,1052,134,4,3,0,0,0,0,0,0,0,0,0,idle
1778096640.2526739,g2.hpc.coe,41393,0.5001,0,0.0,0.0,12288.0,136137423974,136368423460,139260400,139445737,3127583,0,0,0,0,0,0,0,0,0,0,0,0,1061,79,4,2,0,0,0,0,0,0,0,0,0,idle
1778096640.7527947,g2.hpc.coe,41393,0.5001,0,0.0,0.0,12288.0,136137425078,136368423539,139260404,139445739,3127583,0,0,0,0,0,0,0,0,0,0,0,0,1104,79,4,2,0,0,0,0,0,0,0,0,0,idle
1778096641.2529013,g2.hpc.coe,41393,0.5001,0,0.0,0.0,12288.0,136137426224,136368423618,139260408,139445741,3127583,0,0,0,0,0,0,0,0,0,0,0,0,1146,79,4,2,0,0,0,0,0,0,0,0,0,idle
1778096641.7530234,g2.hpc.coe,41393,0.5001,0,0.0,0.0,12288.0,136137427413,136368423697,139260412,139445743,3127583,0,0,0,0,0,0,0,0,0,0,0,0,1189,79,4,2,0,0,0,0,0,0,0,0,0,idle
1778096642.2531567,g2.hpc.coe,41393,0.5001,0,0.0,0.0,12288.0,136137428199,136368424201,139260429,139445752,3127583,0,0,0,0,0,0,0,0,0,0,0,0,786,504,17,9,0,0,0,0,0,0,0,0,0,idle
1778096642.7532852,g2.hpc.coe,41393,0.5001,0,0.0,0.0,12288.0,136137428405,136368424258,139260431,139445753,3127583,0,0,0,0,0,0,0,0,0,0,0,0,206,57,2,1,0,0,0,0,0,0,0,0,0,idle
1778096643.2534158,g2.hpc.coe,41393,0.5001,0,0.0,0.0,12288.0,136137428653,136368424315,139260433,139445754,3127583,0,0,0,0,0,0,0,0,0,0,0,0,248,57,2,1,0,0,0,0,0,0,0,0,0,idle
1778096643.753539,g2.hpc.coe,41393,0.5001,0,0.0,0.0,12288.0,136137428944,136368424372,139260435,139445755,3127583,0,0,0,0,0,0,0,0,0,0,0,0,291,57,2,1,0,0,0,0,0,0,0,0,0,idle
1778096644.2536664,g2.hpc.coe,41393,0.5001,0,0.0,0.0,12288.0,136137429277,136368424429,139260437,139445756,3127583,0,0,0,0,0,0,0,0,0,0,0,0,333,57,2,1,0,0,0,0,0,0,0,0,0,idle
1778096644.7538016,g2.hpc.coe,41393,0.5001,0,0.0,0.0,12288.0,136137429652,136368424486,139260439,139445757,3127583,0,0,0,0,0,0,0,0,0,0,0,0,375,57,2,1,0,0,0,0,0,0,0,0,0,idle
1778096645.2539294,g2.hpc.coe,41393,0.5001,0,0.0,0.0,12288.0,136137430146,136368424598,139260443,139445759,3127583,0,0,0,0,0,0,0,0,0,0,0,0,494,112,4,2,0,0,0,0,0,0,0,0,0,idle
1778096645.7540526,g2.hpc.coe,41393,0.5001,0,0.0,0.0,12288.0,136137430606,136368424655,139260445,139445760,3127583,0,0,0,0,0,0,0,0,0,0,0,0,460,57,2,1,0,0,0,0,0,0,0,0,0,idle
1778096646.25418,g2.hpc.coe,41393,0.5001,0,0.0,0.0,12288.0,136137431108,136368424712,139260447,139445761,3127583,0,0,0,0,0,0,0,0,0,0,0,0,502,57,2,1,0,0,0,0,0,0,0,0,0,idle
1778096646.7542827,g2.hpc.coe,41393,0.5001,0,0.0,0.0,12288.0,136137431674,136368424791,139260450,139445763,3127583,0,0,0,0,0,0,0,0,0,0,0,0,566,79,3,2,0,0,0,0,0,0,0,0,0,idle
1778096647.2544162,g2.hpc.coe,41393,0.5001,0,0.0,0.0,12288.0,136137432282,136368424870,139260453,139445765,3127583,0,0,0,0,0,0,0,0,0,0,0,0,608,79,3,2,0,0,0,0,0,0,0,0,0,idle
1778096647.7545457,g2.hpc.coe,41393,0.5001,0,0.0,0.0,12288.0,136137432932,136368424949,139260456,139445767,3127583,0,0,0,0,0,0,0,0,0,0,0,0,650,79,3,2,0,0,0,0,0,0,0,0,0,idle
1778096648.254672,g2.hpc.coe,41393,0.5001,0,0.0,0.0,12288.0,136137433624,136368425028,139260459,139445769,3127583,0,0,0,0,0,0,0,0,0,0,0,0,692,79,3,2,0,0,0,0,0,0,0,0,0,idle
1778096648.754773,g2.hpc.coe,41393,0.5001,0,0.0,0.0,12288.0,136137434358,136368425107,139260462,139445771,3127583,0,0,0,0,0,0,0,0,0,0,0,0,734,79,3,2,0,0,0,0,0,0,0,0,0,idle
1778096649.2549007,g2.hpc.coe,41393,0.5001,0,0.0,0.0,12288.0,136137435134,136368425186,139260465,139445773,3127583,0,0,0,0,0,0,0,0,0,0,0,0,776,79,3,2,0,0,0,0,0,0,0,0,0,idle
1778096649.755023,g2.hpc.coe,41393,0.5001,0,0.0,0.0,12288.0,136137435953,136368425265,139260468,139445775,3127583,0,0,0,0,0,0,0,0,0,0,0,0,819,79,3,2,0,0,0,0,0,0,0,0,0,idle
1778096650.2551441,g2.hpc.coe,41393,0.5001,0,0.0,0.0,12288.0,136137436891,136368425399,139260473,139445778,3127583,0,0,0,0,0,0,0,0,0,0,0,0,938,134,5,3,0,0,0,0,0,0,0,0,0,idle
1778096650.7552729,g2.hpc.coe,41393,0.5001,0,0.0,0.0,12288.0,136137437794,136368425478,139260476,139445780,3127583,0,0,0,0,0,0,0,0,0,0,0,0,903,79,3,2,0,0,0,0,0,0,0,0,0,idle
1778096651.2554007,g2.hpc.coe,41393,0.5001,0,0.0,0.0,12288.0,136137438739,136368425557,139260479,139445782,3127583,0,0,0,0,0,0,0,0,0,0,0,0,945,79,3,2,0,0,0,0,0,0,0,0,0,idle
1778096651.7555063,g2.hpc.coe,41393,0.5001,0,0.0,0.0,12288.0,136137439727,136368425636,139260482,139445784,3127583,0,0,0,0,0,0,0,0,0,0,0,0,988,79,3,2,0,0,0,0,0,0,0,0,0,idle
1778096652.2556288,g2.hpc.coe,41393,0.5001,0,0.0,0.0,12288.0,136137440757,136368425715,139260485,139445786,3127583,0,0,0,0,0,0,0,0,0,0,0,0,1030,79,3,2,0,0,0,0,0,0,0,0,0,idle
1778096652.7557542,g2.hpc.coe,41393,0.5001,0,0.0,0.0,12288.0,136137441851,136368425794,139260489,139445788,3127583,0,0,0,0,0,0,0,0,0,0,0,0,1094,79,4,2,0,0,0,0,0,0,0,0,0,idle
1778096653.2558658,g2.hpc.coe,41393,0.5001,0,0.0,0.0,12288.0,136137442988,136368425873,139260493,139445790,3127583,0,0,0,0,0,0,0,0,0,0,0,0,1137,79,4,2,0,0,0,0,0,0,0,0,0,idle
1778096653.7559936,g2.hpc.coe,41393,0.5001,0,0.0,0.0,12288.0,136137444167,136368425952,139260497,139445792,3127583,0,0,0,0,0,0,0,0,0,0,0,0,1179,79,4,2,0,0,0,0,0,0,0,0,0,idle
1778096654.2561038,g2.hpc.coe,41393,0.5001,0,0.0,0.0,12288.0,136137444321,136368426009,139260499,139445793,3127583,0,0,0,0,0,0,0,0,0,0,0,0,154,57,2,1,0,0,0,0,0,0,0,0,0,idle
1778096654.75623,g2.hpc.coe,41393,0.5001,0,0.0,0.0,12288.0,136137444517,136368426066,139260501,139445794,3127583,0,0,0,0,0,0,0,0,0,0,0,0,196,57,2,1,0,0,0,0,0,0,0,0,0,idle
1778096655.2563577,g2.hpc.coe,41393,0.5001,0,0.0,0.0,12288.0,136137444832,136368426178,139260505,139445796,3127583,0,0,0,0,0,0,0,0,0,0,0,0,315,112,4,2,0,0,0,0,0,0,0,0,0,idle
1778096655.7564692,g2.hpc.coe,41393,0.5001,0,0.0,0.0,12288.0,136137445112,136368426235,139260507,139445797,3127583,0,0,0,0,0,0,0,0,0,0,0,0,280,57,2,1,0,0,0,0,0,0,0,0,0,idle
1778096656.2565947,g2.hpc.coe,41393,0.5001,0,0.0,0.0,12288.0,136137445435,136368426292,139260509,139445798,3127583,0,0,0,0,0,0,0,0,0,0,0,0,323,57,2,1,0,0,0,0,0,0,0,0,0,idle
1778096656.7567255,g2.hpc.coe,41393,0.5001,0,0.0,0.0,12288.0,136137445800,136368426349,139260511,139445799,3127583,0,0,0,0,0,0,0,0,0,0,0,0,365,57,2,1,0,0,0,0,0,0,0,0,0,idle
1778096657.2568512,g2.hpc.coe,41393,0.5001,0,0.0,0.0,12288.0,136137446830,136368426853,139260528,139445808,3127583,0,0,0,0,0,0,0,0,0,0,0,0,1030,504,17,9,0,0,0,0,0,0,0,0,0,idle
1778096657.7569804,g2.hpc.coe,41393,0.5001,0,0.0,0.0,12288.0,136137447280,136368426910,139260530,139445809,3127583,0,0,0,0,0,0,0,0,0,0,0,0,450,57,2,1,0,0,0,0,0,0,0,0,0,idle
1778096658.2571118,g2.hpc.coe,41393,0.5001,0,0.0,0.0,12288.0,136137447772,136368426967,139260532,139445810,3127583,0,0,0,0,0,0,0,0,0,0,0,0,492,57,2,1,0,0,0,0,0,0,0,0,0,idle
1778096658.7572372,g2.hpc.coe,41393,0.5001,0,0.0,0.0,12288.0,136137448307,136368427024,139260534,139445811,3127583,0,0,0,0,0,0,0,0,0,0,0,0,535,57,2,1,0,0,0,0,0,0,0,0,0,idle
1778096659.2573488,g2.hpc.coe,41393,0.5001,0,0.0,0.0,12288.0,136137448906,136368427103,139260537,139445813,3127583,0,0,0,0,0,0,0,0,0,0,0,0,599,79,3,2,0,0,0,0,0,0,0,0,0,idle
1778096659.75748,g2.hpc.coe,41393,0.5001,0,0.0,0.0,12288.0,136137449547,136368427182,139260540,139445815,3127583,0,0,0,0,0,0,0,0,0,0,0,0,641,79,3,2,0,0,0,0,0,0,0,0,0,idle
1778096660.2576292,g2.hpc.coe,41393,0.5001,0,0.0,0.0,12288.0,136137450307,136368427316,139260545,139445818,3127583,0,0,0,0,0,0,0,0,0,0,0,0,760,134,5,3,0,0,0,0,0,0,0,0,0,idle
1778096660.7577498,g2.hpc.coe,41393,0.5001,0,0.0,0.0,12288.0,136137451032,136368427395,139260548,139445820,3127583,0,0,0,0,0,0,0,0,0,0,0,0,725,79,3,2,0,0,0,0,0,0,0,0,0,idle
1778096661.2578793,g2.hpc.coe,41393,0.5001,0,0.0,0.0,12288.0,136137451800,136368427474,139260551,139445822,3127583,0,0,0,0,0,0,0,0,0,0,0,0,768,79,3,2,0,0,0,0,0,0,0,0,0,idle
1778096661.7580101,g2.hpc.coe,41393,0.5001,0,0.0,0.0,12288.0,136137452610,136368427553,139260554,139445824,3127583,0,0,0,0,0,0,0,0,0,0,0,0,810,79,3,2,0,0,0,0,0,0,0,0,0,idle
1778096662.2581193,g2.hpc.coe,41393,0.5001,0,0.0,0.0,12288.0,136137453462,136368427632,139260557,139445826,3127583,0,0,0,0,0,0,0,0,0,0,0,0,852,79,3,2,0,0,0,0,0,0,0,0,0,idle
1778096662.7582433,g2.hpc.coe,41393,0.5001,0,0.0,0.0,12288.0,136137454356,136368427711,139260560,139445828,3127583,0,0,0,0,0,0,0,0,0,0,0,0,894,79,3,2,0,0,0,0,0,0,0,0,0,idle
1778096663.2583692,g2.hpc.coe,41393,0.5001,0,0.0,0.0,12288.0,136137455293,136368427790,139260563,139445830,3127583,0,0,0,0,0,0,0,0,0,0,0,0,937,79,3,2,0,0,0,0,0,0,0,0,0,idle
1778096663.7584906,g2.hpc.coe,41393,0.5001,0,0.0,0.0,12288.0,136137456272,136368427869,139260566,139445832,3127583,0,0,0,0,0,0,0,0,0,0,0,0,979,79,3,2,0,0,0,0,0,0,0,0,0,idle
1778096664.2586205,g2.hpc.coe,41393,0.5001,0,0.0,0.0,12288.0,136137457293,136368427948,139260569,139445834,3127583,0,0,0,0,0,0,0,0,0,0,0,0,1021,79,3,2,0,0,0,0,0,0,0,0,0,idle
1778096664.758743,g2.hpc.coe,41393,0.5001,0,0.0,0.0,12288.0,136137458379,136368428027,139260573,139445836,3127583,0,0,0,0,0,0,0,0,0,0,0,0,1086,79,4,2,0,0,0,0,0,0,0,0,0,idle
1778096665.2589004,g2.hpc.coe,41393,0.5002,0,0.0,0.0,12288.0,136137459507,136368428106,139260577,139445838,3127583,0,0,0,0,0,0,0,0,0,0,0,0,1128,79,4,2,0,0,0,0,0,0,0,0,0,idle
1778096665.759027,g2.hpc.coe,41393,0.5001,0,0.0,0.0,12288.0,136137460754,136368428240,139260583,139445841,3127583,0,0,0,0,0,0,0,0,0,0,0,0,1247,134,6,3,0,0,0,0,0,0,0,0,0,idle
1778096666.2591636,g2.hpc.coe,41393,0.5001,0,0.0,0.0,12288.0,136137460899,136368428297,139260585,139445842,3127583,0,0,0,0,0,0,0,0,0,0,0,0,145,57,2,1,0,0,0,0,0,0,0,0,0,idle
1778096666.759286,g2.hpc.coe,41393,0.5001,0,0.0,0.0,12288.0,136137461086,136368428354,139260587,139445843,3127583,0,0,0,0,0,0,0,0,0,0,0,0,187,57,2,1,0,0,0,0,0,0,0,0,0,idle
1778096667.2594116,g2.hpc.coe,41393,0.5001,0,0.0,0.0,12288.0,136137461315,136368428411,139260589,139445844,3127583,0,0,0,0,0,0,0,0,0,0,0,0,229,57,2,1,0,0,0,0,0,0,0,0,0,idle
1778096667.7595341,g2.hpc.coe,41393,0.5001,0,0.0,0.0,12288.0,136137461586,136368428468,139260591,139445845,3127583,0,0,0,0,0,0,0,0,0,0,0,0,271,57,2,1,0,0,0,0,0,0,0,0,0,idle
1778096668.2596529,g2.hpc.coe,41393,0.5001,0,0.0,0.0,12288.0,136137461900,136368428525,139260593,139445846,3127583,0,0,0,0,0,0,0,0,0,0,0,0,314,57,2,1,0,0,0,0,0,0,0,0,0,idle
1778096668.7597754,g2.hpc.coe,41393,0.5001,0,0.0,0.0,12288.0,136137462256,136368428582,139260595,139445847,3127583,0,0,0,0,0,0,0,0,0,0,0,0,356,57,2,1,0,0,0,0,0,0,0,0,0,idle
1778096669.259904,g2.hpc.coe,41393,0.5001,0,0.0,0.0,12288.0,136137462654,136368428639,139260597,139445848,3127583,0,0,0,0,0,0,0,0,0,0,0,0,398,57,2,1,0,0,0,0,0,0,0,0,0,idle
1778096669.7600284,g2.hpc.coe,41393,0.5001,0,0.0,0.0,12288.0,136137463094,136368428696,139260599,139445849,3127583,0,0,0,0,0,0,0,0,0,0,0,0,440,57,2,1,0,0,0,0,0,0,0,0,0,idle
1778096670.260159,g2.hpc.coe,41393,0.5001,0,0.0,0.0,12288.0,136137463576,136368428753,139260601,139445850,3127583,0,0,0,0,0,0,0,0,0,0,0,0,482,57,2,1,0,0,0,0,0,0,0,0,0,idle
1778096670.7602656,g2.hpc.coe,41393,0.5001,0,0.0,0.0,12288.0,136137464177,136368428865,139260605,139445852,3127583,0,0,0,0,0,0,0,0,0,0,0,0,601,112,4,2,0,0,0,0,0,0,0,0,0,idle
1778096671.260389,g2.hpc.coe,41393,0.5001,0,0.0,0.0,12288.0,136137464766,136368428944,139260608,139445854,3127583,0,0,0,0,0,0,0,0,0,0,0,0,589,79,3,2,0,0,0,0,0,0,0,0,0,idle
1778096671.7605286,g2.hpc.coe,41393,0.5001,0,0.0,0.0,12288.0,136137465397,136368429023,139260611,139445856,3127583,0,0,0,0,0,0,0,0,0,0,0,0,631,79,3,2,0,0,0,0,0,0,0,0,0,idle
1778096672.260638,g2.hpc.coe,41393,0.5001,0,0.0,0.0,12288.0,136137466693,136368429549,139260629,139445866,3127583,0,0,0,0,0,0,0,0,0,0,0,0,1296,526,18,10,0,0,0,0,0,0,0,0,0,idle
1778096672.7607577,g2.hpc.coe,41393,0.5001,0,0.0,0.0,12288.0,136137467409,136368429628,139260632,139445868,3127583,0,0,0,0,0,0,0,0,0,0,0,0,716,79,3,2,0,0,0,0,0,0,0,0,0,idle
1778096673.2608726,g2.hpc.coe,41393,0.5001,0,0.0,0.0,12288.0,136137468167,136368429707,139260635,139445870,3127583,0,0,0,0,0,0,0,0,0,0,0,0,758,79,3,2,0,0,0,0,0,0,0,0,0,idle
1778096673.7609951,g2.hpc.coe,41393,0.5001,0,0.0,0.0,12288.0,136137468968,136368429786,139260638,139445872,3127583,0,0,0,0,0,0,0,0,0,0,0,0,801,79,3,2,0,0,0,0,0,0,0,0,0,idle
1778096674.261101,g2.hpc.coe,41393,0.5001,0,0.0,0.0,12288.0,136137469811,136368429865,139260641,139445874,3127583,0,0,0,0,0,0,0,0,0,0,0,0,843,79,3,2,0,0,0,0,0,0,0,0,0,idle
1778096674.7612317,g2.hpc.coe,41393,0.5001,0,0.0,0.0,12288.0,136137470696,136368429944,139260644,139445876,3127583,0,0,0,0,0,0,0,0,0,0,0,0,885,79,3,2,0,0,0,0,0,0,0,0,0,idle
1778096675.2613578,g2.hpc.coe,41393,0.5001,0,0.0,0.0,12288.0,136137471623,136368430023,139260647,139445878,3127583,0,0,0,0,0,0,0,0,0,0,0,0,927,79,3,2,0,0,0,0,0,0,0,0,0,idle
1778096675.7614627,g2.hpc.coe,41393,0.5001,0,0.0,0.0,12288.0,136137472669,136368430157,139260652,139445881,3127583,0,0,0,0,0,0,0,0,0,0,0,0,1046,134,5,3,0,0,0,0,0,0,0,0,0,idle
1778096676.2615936,g2.hpc.coe,41393,0.5001,0,0.0,0.0,12288.0,136137473681,136368430236,139260655,139445883,3127583,0,0,0,0,0,0,0,0,0,0,0,0,1012,79,3,2,0,0,0,0,0,0,0,0,0,idle
1778096676.761696,g2.hpc.coe,41393,0.5001,0,0.0,0.0,12288.0,136137474736,136368430315,139260658,139445885,3127583,0,0,0,0,0,0,0,0,0,0,0,0,1055,79,3,2,0,0,0,0,0,0,0,0,0,idle
1778096677.261819,g2.hpc.coe,41393,0.5001,0,0.0,0.0,12288.0,136137475855,136368430394,139260662,139445887,3127583,0,0,0,0,0,0,0,0,0,0,0,0,1119,79,4,2,0,0,0,0,0,0,0,0,0,idle
1778096677.7619467,g2.hpc.coe,41393,0.5001,0,0.0,0.0,12288.0,136137477016,136368430473,139260666,139445889,3127583,0,0,0,0,0,0,0,0,0,0,0,0,1161,79,4,2,0,0,0,0,0,0,0,0,0,idle
1778096678.262075,g2.hpc.coe,41393,0.5001,0,0.0,0.0,12288.0,136137477152,136368430530,139260668,139445890,3127583,0,0,0,0,0,0,0,0,0,0,0,0,136,57,2,1,0,0,0,0,0,0,0,0,0,idle
1778096678.7622056,g2.hpc.coe,41393,0.5001,0,0.0,0.0,12288.0,136137477330,136368430587,139260670,139445891,3127583,0,0,0,0,0,0,0,0,0,0,0,0,178,57,2,1,0,0,0,0,0,0,0,0,0,idle
1778096679.2623112,g2.hpc.coe,41393,0.5001,0,0.0,0.0,12288.0,136137477807,136368430899,139260677,139445897,3127583,0,0,0,0,0,0,0,0,0,0,0,0,477,312,7,6,0,0,0,0,0,0,0,0,0,idle
1778096679.762418,g2.hpc.coe,41393,0.5001,0,0.0,0.0,12288.0,136137478091,136368430956,139260680,139445898,3127583,0,0,0,0,0,0,0,0,0,0,0,0,284,57,3,1,0,0,0,0,0,0,0,0,0,idle
1778096680.2625434,g2.hpc.coe,41393,0.5001,0,0.0,0.0,12288.0,136137478395,136368431013,139260682,139445899,3127583,0,0,0,0,0,0,0,0,0,0,0,0,304,57,2,1,0,0,0,0,0,0,0,0,0,idle
1778096680.7626634,g2.hpc.coe,41393,0.5001,0,0.0,0.0,12288.0,136137478819,136368431125,139260686,139445901,3127583,0,0,0,0,0,0,0,0,0,0,0,0,424,112,4,2,0,0,0,0,0,0,0,0,0,idle
1778096681.2627869,g2.hpc.coe,41393,0.5001,0,0.0,0.0,12288.0,136137479208,136368431182,139260688,139445902,3127583,0,0,0,0,0,0,0,0,0,0,0,0,389,57,2,1,0,0,0,0,0,0,0,0,0,idle
1778096681.7628908,g2.hpc.coe,41393,0.5001,0,0.0,0.0,12288.0,136137479639,136368431239,139260690,139445903,3127583,0,0,0,0,0,0,0,0,0,0,0,0,431,57,2,1,0,0,0,0,0,0,0,0,0,idle
1778096682.2630215,g2.hpc.coe,41393,0.5001,0,0.0,0.0,12288.0,136137480113,136368431296,139260692,139445904,3127583,0,0,0,0,0,0,0,0,0,0,0,0,474,57,2,1,0,0,0,0,0,0,0,0,0,idle
1778096682.7631493,g2.hpc.coe,41393,0.5001,0,0.0,0.0,12288.0,136137480629,136368431353,139260694,139445905,3127583,0,0,0,0,0,0,0,0,0,0,0,0,516,57,2,1,0,0,0,0,0,0,0,0,0,idle
1778096683.2632744,g2.hpc.coe,41393,0.5001,0,0.0,0.0,12288.0,136137481209,136368431432,139260697,139445907,3127583,0,0,0,0,0,0,0,0,0,0,0,0,580,79,3,2,0,0,0,0,0,0,0,0,0,idle
1778096683.7633972,g2.hpc.coe,41393,0.5001,0,0.0,0.0,12288.0,136137481831,136368431511,139260700,139445909,3127583,0,0,0,0,0,0,0,0,0,0,0,0,622,79,3,2,0,0,0,0,0,0,0,0,0,idle
1778096684.2635303,g2.hpc.coe,41393,0.5001,0,0.0,0.0,12288.0,136137482496,136368431590,139260703,139445911,3127583,0,0,0,0,0,0,0,0,0,0,0,0,665,79,3,2,0,0,0,0,0,0,0,0,0,idle
1778096684.7636561,g2.hpc.coe,41393,0.5001,0,0.0,0.0,12288.0,136137483203,136368431669,139260706,139445913,3127583,0,0,0,0,0,0,0,0,0,0,0,0,707,79,3,2,0,0,0,0,0,0,0,0,0,idle
1778096685.2637825,g2.hpc.coe,41393,0.5001,0,0.0,0.0,12288.0,136137483952,136368431748,139260709,139445915,3127583,0,0,0,0,0,0,0,0,0,0,0,0,749,79,3,2,0,0,0,0,0,0,0,0,0,idle
1778096685.7638803,g2.hpc.coe,41393,0.5001,0,0.0,0.0,12288.0,136137484743,136368431827,139260712,139445917,3127583,0,0,0,0,0,0,0,0,0,0,0,0,791,79,3,2,0,0,0,0,0,0,0,0,0,idle
1778096686.2640023,g2.hpc.coe,41393,0.5001,0,0.0,0.0,12288.0,136137485654,136368431961,139260717,139445920,3127583,0,0,0,0,0,0,0,0,0,0,0,0,911,134,5,3,0,0,0,0,0,0,0,0,0,idle
1778096686.764118,g2.hpc.coe,41393,0.5001,0,0.0,0.0,12288.0,136137486530,136368432040,139260720,139445922,3127583,0,0,0,0,0,0,0,0,0,0,0,0,876,79,3,2,0,0,0,0,0,0,0,0,0,idle
1778096687.264255,g2.hpc.coe,41393,0.5001,0,0.0,0.0,12288.0,136137488071,136368432566,139260738,139445932,3127583,0,0,0,0,0,0,0,0,0,0,0,0,1541,526,18,10,0,0,0,0,0,0,0,0,0,idle
1778096687.764386,g2.hpc.coe,41393,0.5001,0,0.0,0.0,12288.0,136137489032,136368432645,139260741,139445934,3127583,0,0,0,0,0,0,0,0,0,0,0,0,961,79,3,2,0,0,0,0,0,0,0,0,0,idle
1778096688.26452,g2.hpc.coe,41393,0.5001,0,0.0,0.0,12288.0,136137490035,136368432724,139260744,139445936,3127583,0,0,0,0,0,0,0,0,0,0,0,0,1003,79,3,2,0,0,0,0,0,0,0,0,0,idle
1778096688.7646487,g2.hpc.coe,41393,0.5001,0,0.0,0.0,12288.0,136137491080,136368432803,139260747,139445938,3127583,0,0,0,0,0,0,0,0,0,0,0,0,1045,79,3,2,0,0,0,0,0,0,0,0,0,idle
1778096689.2647765,g2.hpc.coe,41393,0.5001,0,0.0,0.0,12288.0,136137492190,136368432882,139260751,139445940,3127583,0,0,0,0,0,0,0,0,0,0,0,0,1110,79,4,2,0,0,0,0,0,0,0,0,0,idle
1778096689.7648988,g2.hpc.coe,41393,0.5001,0,0.0,0.0,12288.0,136137493342,136368432961,139260755,139445942,3127583,0,0,0,0,0,0,0,0,0,0,0,0,1152,79,4,2,0,0,0,0,0,0,0,0,0,idle
1778096690.2650065,g2.hpc.coe,41393,0.5001,0,0.0,0.0,12288.0,136137493469,136368433018,139260757,139445943,3127583,0,0,0,0,0,0,0,0,0,0,0,0,127,57,2,1,0,0,0,0,0,0,0,0,0,idle
1778096690.765134,g2.hpc.coe,41393,0.5001,0,0.0,0.0,12288.0,136137493638,136368433075,139260759,139445944,3127583,0,0,0,0,0,0,0,0,0,0,0,0,169,57,2,1,0,0,0,0,0,0,0,0,0,idle
1778096691.2652564,g2.hpc.coe,41393,0.5001,0,0.0,0.0,12288.0,136137493926,136368433187,139260763,139445946,3127583,0,0,0,0,0,0,0,0,0,0,0,0,288,112,4,2,0,0,0,0,0,0,0,0,0,idle
1778096691.7653866,g2.hpc.coe,41393,0.5001,0,0.0,0.0,12288.0,136137494179,136368433244,139260765,139445947,3127583,0,0,0,0,0,0,0,0,0,0,0,0,253,57,2,1,0,0,0,0,0,0,0,0,0,idle
1778096692.2654934,g2.hpc.coe,41393,0.5001,0,0.0,0.0,12288.0,136137494475,136368433301,139260767,139445948,3127583,0,0,0,0,0,0,0,0,0,0,0,0,296,57,2,1,0,0,0,0,0,0,0,0,0,idle
1778096692.7656014,g2.hpc.coe,41393,0.5001,0,0.0,0.0,12288.0,136137494813,136368433358,139260769,139445949,3127583,0,0,0,0,0,0,0,0,0,0,0,0,338,57,2,1,0,0,0,0,0,0,0,0,0,idle
1778096693.2657077,g2.hpc.coe,41393,0.5001,0,0.0,0.0,12288.0,136137495193,136368433415,139260771,139445950,3127583,0,0,0,0,0,0,0,0,0,0,0,0,380,57,2,1,0,0,0,0,0,0,0,0,0,idle
1778096693.7658436,g2.hpc.coe,41393,0.5001,0,0.0,0.0,12288.0,136137495615,136368433472,139260773,139445951,3127583,0,0,0,0,0,0,0,0,0,0,0,0,422,57,2,1,0,0,0,0,0,0,0,0,0,idle
1778096694.26595,g2.hpc.coe,41393,0.5001,0,0.0,0.0,12288.0,136137496080,136368433529,139260775,139445952,3127583,0,0,0,0,0,0,0,0,0,0,0,0,465,57,2,1,0,0,0,0,0,0,0,0,0,idle
1778096694.766089,g2.hpc.coe,41393,0.5001,0,0.0,0.0,12288.0,136137496586,136368433586,139260777,139445953,3127583,0,0,0,0,0,0,0,0,0,0,0,0,506,57,2,1,0,0,0,0,0,0,0,0,0,idle
1778096695.2662246,g2.hpc.coe,41393,0.5001,0,0.0,0.0,12288.0,136137497156,136368433665,139260780,139445955,3127583,0,0,0,0,0,0,0,0,0,0,0,0,570,79,3,2,0,0,0,0,0,0,0,0,0,idle
1778096695.7663536,g2.hpc.coe,41393,0.5001,0,0.0,0.0,12288.0,136137497769,136368433744,139260783,139445957,3127583,0,0,0,0,0,0,0,0,0,0,0,0,613,79,3,2,0,0,0,0,0,0,0,0,0,idle
1778096696.2664812,g2.hpc.coe,41393,0.5001,0,0.0,0.0,12288.0,136137498501,136368433878,139260788,139445960,3127583,0,0,0,0,0,0,0,0,0,0,0,0,732,134,5,3,0,0,0,0,0,0,0,0,0,idle
1778096696.7666035,g2.hpc.coe,41393,0.5001,0,0.0,0.0,12288.0,136137499198,136368433957,139260791,139445962,3127583,0,0,0,0,0,0,0,0,0,0,0,0,697,79,3,2,0,0,0,0,0,0,0,0,0,idle
1778096697.2667046,g2.hpc.coe,41393,0.5001,0,0.0,0.0,12288.0,136137499938,136368434036,139260794,139445964,3127583,0,0,0,0,0,0,0,0,0,0,0,0,740,79,3,2,0,0,0,0,0,0,0,0,0,idle
1778096697.7668257,g2.hpc.coe,41393,0.5001,0,0.0,0.0,12288.0,136137500720,136368434115,139260797,139445966,3127583,0,0,0,0,0,0,0,0,0,0,0,0,782,79,3,2,0,0,0,0,0,0,0,0,0,idle
1778096698.266934,g2.hpc.coe,41393,0.5001,0,0.0,0.0,12288.0,136137501544,136368434194,139260800,139445968,3127583,0,0,0,0,0,0,0,0,0,0,0,0,824,79,3,2,0,0,0,0,0,0,0,0,0,idle
1778096698.767043,g2.hpc.coe,41393,0.5001,0,0.0,0.0,12288.0,136137502410,136368434273,139260803,139445970,3127583,0,0,0,0,0,0,0,0,0,0,0,0,866,79,3,2,0,0,0,0,0,0,0,0,0,idle
1778096699.2671683,g2.hpc.coe,41393,0.5001,0,0.0,0.0,12288.0,136137503318,136368434352,139260806,139445972,3127583,0,0,0,0,0,0,0,0,0,0,0,0,908,79,3,2,0,0,0,0,0,0,0,0,0,idle
1778096699.7672915,g2.hpc.coe,41393,0.5001,0,0.0,0.0,12288.0,136137504268,136368434431,139260809,139445974,3127583,0,0,0,0,0,0,0,0,0,0,0,0,950,79,3,2,0,0,0,0,0,0,0,0,0,idle
1778096700.2674246,g2.hpc.coe,41393,0.5001,0,0.0,0.0,12288.0,136137505261,136368434510,139260812,139445976,3127583,0,0,0,0,0,0,0,0,0,0,0,0,993,79,3,2,0,0,0,0,0,0,0,0,0,idle
1778096700.767544,g2.hpc.coe,41393,0.5001,0,0.0,0.0,12288.0,136137506296,136368434589,139260815,139445978,3127583,0,0,0,0,0,0,0,0,0,0,0,0,1035,79,3,2,0,0,0,0,0,0,0,0,0,idle
1778096701.2676718,g2.hpc.coe,41393,0.5001,0,0.0,0.0,12288.0,136137507472,136368434723,139260821,139445981,3127583,0,0,0,0,0,0,0,0,0,0,0,0,1176,134,6,3,0,0,0,0,0,0,0,0,0,idle
1778096701.7678194,g2.hpc.coe,41393,0.5001,0,0.0,0.0,12288.0,136137511679,136368542207,139260889,139446217,3127583,0,0,0,0,0,0,0,0,0,0,0,0,4207,107484,68,236,0,0,0,0,0,0,0,0,0,idle
1778096702.2679417,g2.hpc.coe,41393,0.5001,0,0.0,0.0,12288.0,136137513466,136368542733,139260907,139446227,3127583,0,0,0,0,0,0,0,0,0,0,0,0,1787,526,18,10,0,0,0,0,0,0,0,0,0,idle
1778096702.7680674,g2.hpc.coe,41393,0.5001,0,0.0,0.0,12288.0,136137513627,136368542790,139260909,139446228,3127583,0,0,0,0,0,0,0,0,0,0,0,0,161,57,2,1,0,0,0,0,0,0,0,0,0,idle
1778096703.2681932,g2.hpc.coe,41393,0.5001,0,0.0,0.0,12288.0,136137513831,136368542847,139260911,139446229,3127583,0,0,0,0,0,0,0,0,0,0,0,0,204,57,2,1,0,0,0,0,0,0,0,0,0,idle
1778096703.7683015,g2.hpc.coe,41393,0.5001,0,0.0,0.0,12288.0,136137514077,136368542904,139260913,139446230,3127583,0,0,0,0,0,0,0,0,0,0,0,0,246,57,2,1,0,0,0,0,0,0,0,0,0,idle
1778096704.2684088,g2.hpc.coe,41393,0.5001,0,0.0,0.0,12288.0,136137514365,136368542961,139260915,139446231,3127583,0,0,0,0,0,0,0,0,0,0,0,0,288,57,2,1,0,0,0,0,0,0,0,0,0,idle
1778096704.7685294,g2.hpc.coe,41393,0.5001,0,0.0,0.0,12288.0,136137514695,136368543018,139260917,139446232,3127583,0,0,0,0,0,0,0,0,0,0,0,0,330,57,2,1,0,0,0,0,0,0,0,0,0,idle
1778096705.268659,g2.hpc.coe,41393,0.5001,0,0.0,0.0,12288.0,136137515068,136368543075,139260919,139446233,3127583,0,0,0,0,0,0,0,0,0,0,0,0,373,57,2,1,0,0,0,0,0,0,0,0,0,idle
1778096705.7687676,g2.hpc.coe,41393,0.5001,0,0.0,0.0,12288.0,136137515483,136368543132,139260921,139446234,3127583,0,0,0,0,0,0,0,0,0,0,0,0,415,57,2,1,0,0,0,0,0,0,0,0,0,idle
1778096706.268873,g2.hpc.coe,41393,0.5001,0,0.0,0.0,12288.0,136137515940,136368543189,139260923,139446235,3127583,0,0,0,0,0,0,0,0,0,0,0,0,457,57,2,1,0,0,0,0,0,0,0,0,0,idle
1778096706.7689815,g2.hpc.coe,41393,0.5001,0,0.0,0.0,12288.0,136137516439,136368543246,139260925,139446236,3127583,0,0,0,0,0,0,0,0,0,0,0,0,499,57,2,1,0,0,0,0,0,0,0,0,0,idle
1778096707.2690873,g2.hpc.coe,41393,0.5001,0,0.0,0.0,12288.0,136137516980,136368543303,139260927,139446237,3127583,0,0,0,0,0,0,0,0,0,0,0,0,541,57,2,1,0,0,0,0,0,0,0,0,0,idle
1778096707.769217,g2.hpc.coe,41393,0.5001,0,0.0,0.0,12288.0,136137517585,136368543382,139260930,139446239,3127583,0,0,0,0,0,0,0,0,0,0,0,0,605,79,3,2,0,0,0,0,0,0,0,0,0,idle
1778096708.2693226,g2.hpc.coe,41393,0.5001,0,0.0,0.0,12288.0,136137518232,136368543461,139260933,139446241,3127583,0,0,0,0,0,0,0,0,0,0,0,0,647,79,3,2,0,0,0,0,0,0,0,0,0,idle
1778096708.7694614,g2.hpc.coe,41393,0.5001,0,0.0,0.0,12288.0,136137518922,136368543540,139260936,139446243,3127583,0,0,0,0,0,0,0,0,0,0,0,0,690,79,3,2,0,0,0,0,0,0,0,0,0,idle
1778096709.2695887,g2.hpc.coe,41393,0.5001,0,0.0,0.0,12288.0,136137519654,136368543619,139260939,139446245,3127583,0,0,0,0,0,0,0,0,0,0,0,0,732,79,3,2,0,0,0,0,0,0,0,0,0,idle
1778096709.7697139,g2.hpc.coe,41393,0.5001,0,0.0,0.0,12288.0,136137520428,136368543698,139260942,139446247,3127583,0,0,0,0,0,0,0,0,0,0,0,0,774,79,3,2,0,0,0,0,0,0,0,0,0,idle
1778096710.269836,g2.hpc.coe,41393,0.5001,0,0.0,0.0,12288.0,136137521244,136368543777,139260945,139446249,3127583,0,0,0,0,0,0,0,0,0,0,0,0,816,79,3,2,0,0,0,0,0,0,0,0,0,idle
1778096710.7699683,g2.hpc.coe,41393,0.5001,0,0.0,0.0,12288.0,136137522102,136368543856,139260948,139446251,3127583,0,0,0,0,0,0,0,0,0,0,0,0,858,79,3,2,0,0,0,0,0,0,0,0,0,idle
1778096711.2700953,g2.hpc.coe,41393,0.5001,0,0.0,0.0,12288.0,136137523003,136368543935,139260951,139446253,3127583,0,0,0,0,0,0,0,0,0,0,0,0,901,79,3,2,0,0,0,0,0,0,0,0,0,idle
1778096711.7702124,g2.hpc.coe,41393,0.5001,0,0.0,0.0,12288.0,136137524023,136368544069,139260956,139446256,3127583,0,0,0,0,0,0,0,0,0,0,0,0,1020,134,5,3,0,0,0,0,0,0,0,0,0,idle
1778096712.2703264,g2.hpc.coe,41393,0.5001,0,0.0,0.0,12288.0,136137525009,136368544148,139260959,139446258,3127583,0,0,0,0,0,0,0,0,0,0,0,0,986,79,3,2,0,0,0,0,0,0,0,0,0,idle
1778096712.7704682,g2.hpc.coe,41393,0.5001,0,0.0,0.0,12288.0,136137526037,136368544227,139260962,139446260,3127583,0,0,0,0,0,0,0,0,0,0,0,0,1028,79,3,2,0,0,0,0,0,0,0,0,0,idle
1778096713.270599,g2.hpc.coe,41393,0.5001,0,0.0,0.0,12288.0,136137527129,136368544306,139260966,139446262,3127583,0,0,0,0,0,0,0,0,0,0,0,0,1092,79,4,2,0,0,0,0,0,0,0,0,0,idle
1778096713.7707226,g2.hpc.coe,41393,0.5001,0,0.0,0.0,12288.0,136137528264,136368544385,139260970,139446264,3127583,0,0,0,0,0,0,0,0,0,0,0,0,1135,79,4,2,0,0,0,0,0,0,0,0,0,idle
1778096714.2708411,g2.hpc.coe,41393,0.5001,0,0.0,0.0,12288.0,136137529441,136368544464,139260974,139446266,3127583,0,0,0,0,0,0,0,0,0,0,0,0,1177,79,4,2,0,0,0,0,0,0,0,0,0,idle
1778096714.7709744,g2.hpc.coe,41393,0.5001,0,0.0,0.0,12288.0,136137529593,136368544521,139260976,139446267,3127583,0,0,0,0,0,0,0,0,0,0,0,0,152,57,2,1,0,0,0,0,0,0,0,0,0,idle
1778096715.2711098,g2.hpc.coe,41393,0.5001,0,0.0,0.0,12288.0,136137529787,136368544578,139260978,139446268,3127583,0,0,0,0,0,0,0,0,0,0,0,0,194,57,2,1,0,0,0,0,0,0,0,0,0,idle
1778096715.7712395,g2.hpc.coe,41393,0.5001,0,0.0,0.0,12288.0,136137530023,136368544635,139260980,139446269,3127583,0,0,0,0,0,0,0,0,0,0,0,0,236,57,2,1,0,0,0,0,0,0,0,0,0,idle
1778096716.2713718,g2.hpc.coe,41393,0.5001,0,0.0,0.0,12288.0,136137530301,136368544692,139260982,139446270,3127583,0,0,0,0,0,0,0,0,0,0,0,0,278,57,2,1,0,0,0,0,0,0,0,0,0,idle
1778096716.771502,g2.hpc.coe,41393,0.5001,0,0.0,0.0,12288.0,136137530699,136368544804,139260986,139446272,3127583,0,0,0,0,0,0,0,0,0,0,0,0,398,112,4,2,0,0,0,0,0,0,0,0,0,idle
1778096717.2716336,g2.hpc.coe,41393,0.5001,0,0.0,0.0,12288.0,136137531685,136368545308,139261003,139446281,3127583,0,0,0,0,0,0,0,0,0,0,0,0,986,504,17,9,0,0,0,0,0,0,0,0,0,idle
1778096717.7717416,g2.hpc.coe,41393,0.5001,0,0.0,0.0,12288.0,136137532091,136368545365,139261005,139446282,3127583,0,0,0,0,0,0,0,0,0,0,0,0,406,57,2,1,0,0,0,0,0,0,0,0,0,idle
1778096718.2718825,g2.hpc.coe,41393,0.5001,0,0.0,0.0,12288.0,136137532539,136368545422,139261007,139446283,3127583,0,0,0,0,0,0,0,0,0,0,0,0,448,57,2,1,0,0,0,0,0,0,0,0,0,idle
1778096718.771998,g2.hpc.coe,41393,0.5001,0,0.0,0.0,12288.0,136137533029,136368545479,139261009,139446284,3127583,0,0,0,0,0,0,0,0,0,0,0,0,490,57,2,1,0,0,0,0,0,0,0,0,0,idle
1778096719.2721345,g2.hpc.coe,41393,0.5001,0,0.0,0.0,12288.0,136137533561,136368545536,139261011,139446285,3127583,0,0,0,0,0,0,0,0,0,0,0,0,532,57,2,1,0,0,0,0,0,0,0,0,0,idle
1778096719.7722607,g2.hpc.coe,41393,0.5001,0,0.0,0.0,12288.0,136137534157,136368545615,139261014,139446287,3127583,0,0,0,0,0,0,0,0,0,0,0,0,596,79,3,2,0,0,0,0,0,0,0,0,0,idle
1778096720.272392,g2.hpc.coe,41393,0.5001,0,0.0,0.0,12288.0,136137534796,136368545694,139261017,139446289,3127583,0,0,0,0,0,0,0,0,0,0,0,0,639,79,3,2,0,0,0,0,0,0,0,0,0,idle
1778096720.7725217,g2.hpc.coe,41393,0.5001,0,0.0,0.0,12288.0,136137535477,136368545773,139261020,139446291,3127583,0,0,0,0,0,0,0,0,0,0,0,0,681,79,3,2,0,0,0,0,0,0,0,0,0,idle
1778096721.2726564,g2.hpc.coe,41393,0.5001,0,0.0,0.0,12288.0,136137536200,136368545852,139261023,139446293,3127583,0,0,0,0,0,0,0,0,0,0,0,0,723,79,3,2,0,0,0,0,0,0,0,0,0,idle
1778096721.7727866,g2.hpc.coe,41393,0.5001,0,0.0,0.0,12288.0,136137537042,136368545986,139261028,139446296,3127583,0,0,0,0,0,0,0,0,0,0,0,0,842,134,5,3,0,0,0,0,0,0,0,0,0,idle
1778096722.2729154,g2.hpc.coe,41393,0.5001,0,0.0,0.0,12288.0,136137537850,136368546065,139261031,139446298,3127583,0,0,0,0,0,0,0,0,0,0,0,0,808,79,3,2,0,0,0,0,0,0,0,0,0,idle
1778096722.7730465,g2.hpc.coe,41393,0.5001,0,0.0,0.0,12288.0,136137538700,136368546144,139261034,139446300,3127583,0,0,0,0,0,0,0,0,0,0,0,0,850,79,3,2,0,0,0,0,0,0,0,0,0,idle
1778096723.2731748,g2.hpc.coe,41393,0.5001,0,0.0,0.0,12288.0,136137539592,136368546223,139261037,139446302,3127583,0,0,0,0,0,0,0,0,0,0,0,0,892,79,3,2,0,0,0,0,0,0,0,0,0,idle
1778096723.7732513,g2.hpc.coe,41393,0.5001,0,0.0,0.0,12288.0,136137540526,136368546302,139261040,139446304,3127583,0,0,0,0,0,0,0,0,0,0,0,0,934,79,3,2,0,0,0,0,0,0,0,0,0,idle
1778096724.2733865,g2.hpc.coe,41393,0.5001,0,0.0,0.0,12288.0,136137541503,136368546381,139261043,139446306,3127583,0,0,0,0,0,0,0,0,0,0,0,0,977,79,3,2,0,0,0,0,0,0,0,0,0,idle
1778096724.773522,g2.hpc.coe,41393,0.5001,0,0.0,0.0,12288.0,136137542522,136368546460,139261046,139446308,3127583,0,0,0,0,0,0,0,0,0,0,0,0,1019,79,3,2,0,0,0,0,0,0,0,0,0,idle
1778096725.273679,g2.hpc.coe,41393,0.5002,0,0.0,0.0,12288.0,136137543583,136368546539,139261049,139446310,3127583,0,0,0,0,0,0,0,0,0,0,0,0,1061,79,3,2,0,0,0,0,0,0,0,0,0,idle
1778096725.773821,g2.hpc.coe,41393,0.5001,0,0.0,0.0,12288.0,136137544708,136368546618,139261053,139446312,3127583,0,0,0,0,0,0,0,0,0,0,0,0,1125,79,4,2,0,0,0,0,0,0,0,0,0,idle
1778096726.2739372,g2.hpc.coe,41393,0.5001,0,0.0,0.0,12288.0,136137545876,136368546697,139261057,139446314,3127583,0,0,0,0,0,0,0,0,0,0,0,0,1168,79,4,2,0,0,0,0,0,0,0,0,0,idle
1778096726.774066,g2.hpc.coe,41393,0.5001,0,0.0,0.0,12288.0,136137546073,136368546809,139261060,139446316,3127583,0,0,0,0,0,0,0,0,0,0,0,0,197,112,3,2,0,0,0,0,0,0,0,0,0,idle
1778096727.2741961,g2.hpc.coe,41393,0.5001,0,0.0,0.0,12288.0,136137546279,136368546866,139261063,139446317,3127583,0,0,0,0,0,0,0,0,0,0,0,0,206,57,3,1,0,0,0,0,0,0,0,0,0,idle
1778096727.7743027,g2.hpc.coe,41393,0.5001,0,0.0,0.0,12288.0,136137546506,136368546923,139261065,139446318,3127583,0,0,0,0,0,0,0,0,0,0,0,0,227,57,2,1,0,0,0,0,0,0,0,0,0,idle
1778096728.2744377,g2.hpc.coe,41393,0.5001,0,0.0,0.0,12288.0,136137546775,136368546980,139261067,139446319,3127583,0,0,0,0,0,0,0,0,0,0,0,0,269,57,2,1,0,0,0,0,0,0,0,0,0,idle
1778096728.7745628,g2.hpc.coe,41393,0.5001,0,0.0,0.0,12288.0,136137547086,136368547037,139261069,139446320,3127583,0,0,0,0,0,0,0,0,0,0,0,0,311,57,2,1,0,0,0,0,0,0,0,0,0,idle
1778096729.2746983,g2.hpc.coe,41393,0.5001,0,0.0,0.0,12288.0,136137547439,136368547094,139261071,139446321,3127583,0,0,0,0,0,0,0,0,0,0,0,0,353,57,2,1,0,0,0,0,0,0,0,0,0,idle
1778096729.7748344,g2.hpc.coe,41393,0.5001,0,0.0,0.0,12288.0,136137547835,136368547151,139261073,139446322,3127583,0,0,0,0,0,0,0,0,0,0,0,0,396,57,2,1,0,0,0,0,0,0,0,0,0,idle
1778096730.2749817,g2.hpc.coe,41393,0.5001,0,0.0,0.0,12288.0,136137548273,136368547208,139261075,139446323,3127583,0,0,0,0,0,0,0,0,0,0,0,0,438,57,2,1,0,0,0,0,0,0,0,0,0,idle
1778096730.7750912,g2.hpc.coe,41393,0.5001,0,0.0,0.0,12288.0,136137548753,136368547265,139261077,139446324,3127583,0,0,0,0,0,0,0,0,0,0,0,0,480,57,2,1,0,0,0,0,0,0,0,0,0,idle
1778096731.2752242,g2.hpc.coe,41393,0.5001,0,0.0,0.0,12288.0,136137549275,136368547322,139261079,139446325,3127583,0,0,0,0,0,0,0,0,0,0,0,0,522,57,2,1,0,0,0,0,0,0,0,0,0,idle
1778096731.7753658,g2.hpc.coe,41393,0.5001,0,0.0,0.0,12288.0,136137549862,136368547401,139261082,139446327,3127583,0,0,0,0,0,0,0,0,0,0,0,0,587,79,3,2,0,0,0,0,0,0,0,0,0,idle
1778096732.2755058,g2.hpc.coe,41393,0.5001,0,0.0,0.0,12288.0,136137551147,136368547982,139261100,139446338,3127583,0,0,0,0,0,0,0,0,0,0,0,0,1285,581,18,11,0,0,0,0,0,0,0,0,0,idle
1778096732.775635,g2.hpc.coe,41393,0.5001,0,0.0,0.0,12288.0,136137551819,136368548061,139261103,139446340,3127583,0,0,0,0,0,0,0,0,0,0,0,0,672,79,3,2,0,0,0,0,0,0,0,0,0,idle
1778096733.2757602,g2.hpc.coe,41393,0.5001,0,0.0,0.0,12288.0,136137552533,136368548140,139261106,139446342,3127583,0,0,0,0,0,0,0,0,0,0,0,0,714,79,3,2,0,0,0,0,0,0,0,0,0,idle
1778096733.7758942,g2.hpc.coe,41393,0.5001,0,0.0,0.0,12288.0,136137553289,136368548219,139261109,139446344,3127583,0,0,0,0,0,0,0,0,0,0,0,0,756,79,3,2,0,0,0,0,0,0,0,0,0,idle
1778096734.2760127,g2.hpc.coe,41393,0.5001,0,0.0,0.0,12288.0,136137554088,136368548298,139261112,139446346,3127583,0,0,0,0,0,0,0,0,0,0,0,0,799,79,3,2,0,0,0,0,0,0,0,0,0,idle
1778096734.776138,g2.hpc.coe,41393,0.5001,0,0.0,0.0,12288.0,136137554929,136368548377,139261115,139446348,3127583,0,0,0,0,0,0,0,0,0,0,0,0,841,79,3,2,0,0,0,0,0,0,0,0,0,idle
1778096735.2762616,g2.hpc.coe,41393,0.5001,0,0.0,0.0,12288.0,136137555812,136368548456,139261118,139446350,3127583,0,0,0,0,0,0,0,0,0,0,0,0,883,79,3,2,0,0,0,0,0,0,0,0,0,idle
1778096735.7764106,g2.hpc.coe,41393,0.5001,0,0.0,0.0,12288.0,136137556737,136368548535,139261121,139446352,3127583,0,0,0,0,0,0,0,0,0,0,0,0,925,79,3,2,0,0,0,0,0,0,0,0,0,idle
1778096736.2765455,g2.hpc.coe,41393,0.5001,0,0.0,0.0,12288.0,136137559122,136368549559,139261153,139446369,3127583,0,0,0,0,0,0,0,0,0,0,0,0,2385,1024,32,17,0,0,0,0,0,0,0,0,0,idle
1778096736.776674,g2.hpc.coe,41393,0.5001,0,0.0,0.0,12288.0,136137560133,136368549638,139261156,139446371,3127583,0,0,0,0,0,0,0,0,0,0,0,0,1011,79,3,2,0,0,0,0,0,0,0,0,0,idle
1778096737.2768114,g2.hpc.coe,41393,0.5001,0,0.0,0.0,12288.0,136137561263,136368549772,139261161,139446374,3127583,0,0,0,0,0,0,0,0,0,0,0,0,1130,134,5,3,0,0,0,0,0,0,0,0,0,idle
1778096737.7769566,g2.hpc.coe,41393,0.5001,0,0.0,0.0,12288.0,136137562381,136368549851,139261165,139446376,3127583,0,0,0,0,0,0,0,0,0,0,0,0,1118,79,4,2,0,0,0,0,0,0,0,0,0,idle
1778096738.2770877,g2.hpc.coe,41393,0.5001,0,0.0,0.0,12288.0,136137563541,136368549930,139261169,139446378,3127583,0,0,0,0,0,0,0,0,0,0,0,0,1160,79,4,2,0,0,0,0,0,0,0,0,0,idle
1778096738.777212,g2.hpc.coe,41393,0.5001,0,0.0,0.0,12288.0,136137563676,136368549987,139261171,139446379,3127583,0,0,0,0,0,0,0,0,0,0,0,0,135,57,2,1,0,0,0,0,0,0,0,0,0,idle
1778096739.277317,g2.hpc.coe,41393,0.5001,0,0.0,0.0,12288.0,136137564110,136368550299,139261178,139446385,3127583,0,0,0,0,0,0,0,0,0,0,0,0,434,312,7,6,0,0,0,0,0,0,0,0,0,idle
1778096739.777441,g2.hpc.coe,41393,0.5001,0,0.0,0.0,12288.0,136137564351,136368550356,139261181,139446386,3127583,0,0,0,0,0,0,0,0,0,0,0,0,241,57,3,1,0,0,0,0,0,0,0,0,0,idle
1778096740.2775676,g2.hpc.coe,41393,0.5001,0,0.0,0.0,12288.0,136137564612,136368550413,139261183,139446387,3127583,0,0,0,0,0,0,0,0,0,0,0,0,261,57,2,1,0,0,0,0,0,0,0,0,0,idle
1778096740.7776947,g2.hpc.coe,41393,0.5001,0,0.0,0.0,12288.0,136137564915,136368550470,139261185,139446388,3127583,0,0,0,0,0,0,0,0,0,0,0,0,303,57,2,1,0,0,0,0,0,0,0,0,0,idle
1778096741.2778254,g2.hpc.coe,41393,0.5001,0,0.0,0.0,12288.0,136137565261,136368550527,139261187,139446389,3127583,0,0,0,0,0,0,0,0,0,0,0,0,346,57,2,1,0,0,0,0,0,0,0,0,0,idle
1778096741.7779474,g2.hpc.coe,41393,0.5001,0,0.0,0.0,12288.0,136137565649,136368550584,139261189,139446390,3127583,0,0,0,0,0,0,0,0,0,0,0,0,388,57,2,1,0,0,0,0,0,0,0,0,0,idle
1778096742.278069,g2.hpc.coe,41393,0.5001,0,0.0,0.0,12288.0,136137566156,136368550696,139261193,139446392,3127583,0,0,0,0,0,0,0,0,0,0,0,0,507,112,4,2,0,0,0,0,0,0,0,0,0,idle
1778096742.778207,g2.hpc.coe,41393,0.5001,0,0.0,0.0,12288.0,136137566628,136368550753,139261195,139446393,3127583,0,0,0,0,0,0,0,0,0,0,0,0,472,57,2,1,0,0,0,0,0,0,0,0,0,idle
1778096743.27834,g2.hpc.coe,41393,0.5001,0,0.0,0.0,12288.0,136137567142,136368550810,139261197,139446394,3127583,0,0,0,0,0,0,0,0,0,0,0,0,514,57,2,1,0,0,0,0,0,0,0,0,0,idle
1778096743.778452,g2.hpc.coe,41393,0.5001,0,0.0,0.0,12288.0,136137567720,136368550889,139261200,139446396,3127583,0,0,0,0,0,0,0,0,0,0,0,0,578,79,3,2,0,0,0,0,0,0,0,0,0,idle
1778096744.278577,g2.hpc.coe,41393,0.5001,0,0.0,0.0,12288.0,136137568340,136368550968,139261203,139446398,3127583,0,0,0,0,0,0,0,0,0,0,0,0,620,79,3,2,0,0,0,0,0,0,0,0,0,idle
1778096744.778705,g2.hpc.coe,41393,0.5001,0,0.0,0.0,12288.0,136137569002,136368551047,139261206,139446400,3127583,0,0,0,0,0,0,0,0,0,0,0,0,662,79,3,2,0,0,0,0,0,0,0,0,0,idle
1778096745.278832,g2.hpc.coe,41393,0.5001,0,0.0,0.0,12288.0,136137569706,136368551126,139261209,139446402,3127583,0,0,0,0,0,0,0,0,0,0,0,0,704,79,3,2,0,0,0,0,0,0,0,0,0,idle
1778096745.7789402,g2.hpc.coe,41393,0.5001,0,0.0,0.0,12288.0,136137570452,136368551205,139261212,139446404,3127583,0,0,0,0,0,0,0,0,0,0,0,0,746,79,3,2,0,0,0,0,0,0,0,0,0,idle
1778096746.2790506,g2.hpc.coe,41393,0.5001,0,0.0,0.0,12288.0,136137571240,136368551284,139261215,139446406,3127583,0,0,0,0,0,0,0,0,0,0,0,0,788,79,3,2,0,0,0,0,0,0,0,0,0,idle
1778096746.7791789,g2.hpc.coe,41393,0.5001,0,0.0,0.0,12288.0,136137572071,136368551363,139261218,139446408,3127583,0,0,0,0,0,0,0,0,0,0,0,0,831,79,3,2,0,0,0,0,0,0,0,0,0,idle
1778096747.2793045,g2.hpc.coe,41393,0.5001,0,0.0,0.0,12288.0,136137573644,136368551944,139261238,139446419,3127583,0,0,0,0,0,0,0,0,0,0,0,0,1573,581,20,11,0,0,0,0,0,0,0,0,0,idle
1778096747.7794065,g2.hpc.coe,41393,0.5001,0,0.0,0.0,12288.0,136137574560,136368552023,139261241,139446421,3127583,0,0,0,0,0,0,0,0,0,0,0,0,916,79,3,2,0,0,0,0,0,0,0,0,0,idle
1778096748.2795348,g2.hpc.coe,41393,0.5001,0,0.0,0.0,12288.0,136137575518,136368552102,139261244,139446423,3127583,0,0,0,0,0,0,0,0,0,0,0,0,958,79,3,2,0,0,0,0,0,0,0,0,0,idle
1778096748.7796707,g2.hpc.coe,41393,0.5001,0,0.0,0.0,12288.0,136137576519,136368552181,139261247,139446425,3127583,0,0,0,0,0,0,0,0,0,0,0,0,1001,79,3,2,0,0,0,0,0,0,0,0,0,idle
1778096749.2798004,g2.hpc.coe,41393,0.5001,0,0.0,0.0,12288.0,136137577562,136368552260,139261250,139446427,3127583,0,0,0,0,0,0,0,0,0,0,0,0,1043,79,3,2,0,0,0,0,0,0,0,0,0,idle
1778096749.7799263,g2.hpc.coe,41393,0.5001,0,0.0,0.0,12288.0,136137578670,136368552339,139261254,139446429,3127583,0,0,0,0,0,0,0,0,0,0,0,0,1108,79,4,2,0,0,0,0,0,0,0,0,0,idle
1778096750.2800343,g2.hpc.coe,41393,0.5001,0,0.0,0.0,12288.0,136137579820,136368552418,139261258,139446431,3127583,0,0,0,0,0,0,0,0,0,0,0,0,1150,79,4,2,0,0,0,0,0,0,0,0,0,idle
1778096750.780162,g2.hpc.coe,41393,0.5001,0,0.0,0.0,12288.0,136137579945,136368552475,139261260,139446432,3127583,0,0,0,0,0,0,0,0,0,0,0,0,125,57,2,1,0,0,0,0,0,0,0,0,0,idle
1778096751.2802913,g2.hpc.coe,41393,0.5001,0,0.0,0.0,12288.0,136137580112,136368552532,139261262,139446433,3127583,0,0,0,0,0,0,0,0,0,0,0,0,167,57,2,1,0,0,0,0,0,0,0,0,0,idle
1778096751.7804146,g2.hpc.coe,41393,0.5001,0,0.0,0.0,12288.0,136137580321,136368552589,139261264,139446434,3127583,0,0,0,0,0,0,0,0,0,0,0,0,209,57,2,1,0,0,0,0,0,0,0,0,0,idle
1778096752.2805471,g2.hpc.coe,41393,0.5001,0,0.0,0.0,12288.0,136137580572,136368552646,139261266,139446435,3127583,0,0,0,0,0,0,0,0,0,0,0,0,251,57,2,1,0,0,0,0,0,0,0,0,0,idle
1778096752.7806706,g2.hpc.coe,41393,0.5001,0,0.0,0.0,12288.0,136137580942,136368552758,139261270,139446437,3127583,0,0,0,0,0,0,0,0,0,0,0,0,370,112,4,2,0,0,0,0,0,0,0,0,0,idle
1778096753.2807977,g2.hpc.coe,41393,0.5001,0,0.0,0.0,12288.0,136137581278,136368552815,139261272,139446438,3127583,0,0,0,0,0,0,0,0,0,0,0,0,336,57,2,1,0,0,0,0,0,0,0,0,0,idle
1778096753.780922,g2.hpc.coe,41393,0.5001,0,0.0,0.0,12288.0,136137581656,136368552872,139261274,139446439,3127583,0,0,0,0,0,0,0,0,0,0,0,0,378,57,2,1,0,0,0,0,0,0,0,0,0,idle
1778096754.2810314,g2.hpc.coe,41393,0.5001,0,0.0,0.0,12288.0,136137582076,136368552929,139261276,139446440,3127583,0,0,0,0,0,0,0,0,0,0,0,0,420,57,2,1,0,0,0,0,0,0,0,0,0,idle
1778096754.7811532,g2.hpc.coe,41393,0.5001,0,0.0,0.0,12288.0,136137582538,136368552986,139261278,139446441,3127583,0,0,0,0,0,0,0,0,0,0,0,0,462,57,2,1,0,0,0,0,0,0,0,0,0,idle
1778096755.2812793,g2.hpc.coe,41393,0.5001,0,0.0,0.0,12288.0,136137583043,136368553043,139261280,139446442,3127583,0,0,0,0,0,0,0,0,0,0,0,0,505,57,2,1,0,0,0,0,0,0,0,0,0,idle
1778096755.7814105,g2.hpc.coe,41393,0.5001,0,0.0,0.0,12288.0,136137583612,136368553122,139261283,139446444,3127583,0,0,0,0,0,0,0,0,0,0,0,0,569,79,3,2,0,0,0,0,0,0,0,0,0,idle
1778096756.2815487,g2.hpc.coe,41393,0.5001,0,0.0,0.0,12288.0,136137584223,136368553201,139261286,139446446,3127583,0,0,0,0,0,0,0,0,0,0,0,0,611,79,3,2,0,0,0,0,0,0,0,0,0,idle
1778096756.781679,g2.hpc.coe,41393,0.5001,0,0.0,0.0,12288.0,136137584876,136368553280,139261289,139446448,3127583,0,0,0,0,0,0,0,0,0,0,0,0,653,79,3,2,0,0,0,0,0,0,0,0,0,idle
1778096757.2818105,g2.hpc.coe,41393,0.5001,0,0.0,0.0,12288.0,136137585571,136368553359,139261292,139446450,3127583,0,0,0,0,0,0,0,0,0,0,0,0,695,79,3,2,0,0,0,0,0,0,0,0,0,idle
1778096757.7819355,g2.hpc.coe,41393,0.5001,0,0.0,0.0,12288.0,136137586386,136368553493,139261297,139446453,3127583,0,0,0,0,0,0,0,0,0,0,0,0,815,134,5,3,0,0,0,0,0,0,0,0,0,idle
1778096758.2820637,g2.hpc.coe,41393,0.5001,0,0.0,0.0,12288.0,136137587166,136368553572,139261300,139446455,3127583,0,0,0,0,0,0,0,0,0,0,0,0,780,79,3,2,0,0,0,0,0,0,0,0,0,idle
1778096758.7821867,g2.hpc.coe,41393,0.5001,0,0.0,0.0,12288.0,136137587988,136368553651,139261303,139446457,3127583,0,0,0,0,0,0,0,0,0,0,0,0,822,79,3,2,0,0,0,0,0,0,0,0,0,idle
1778096759.2823174,g2.hpc.coe,41393,0.5001,0,0.0,0.0,12288.0,136137588853,136368553730,139261306,139446459,3127583,0,0,0,0,0,0,0,0,0,0,0,0,865,79,3,2,0,0,0,0,0,0,0,0,0,idle
1778096759.7824545,g2.hpc.coe,41393,0.5001,0,0.0,0.0,12288.0,136137589760,136368553809,139261309,139446461,3127583,0,0,0,0,0,0,0,0,0,0,0,0,907,79,3,2,0,0,0,0,0,0,0,0,0,idle
1778096760.2825837,g2.hpc.coe,41393,0.5001,0,0.0,0.0,12288.0,136137590709,136368553888,139261312,139446463,3127583,0,0,0,0,0,0,0,0,0,0,0,0,949,79,3,2,0,0,0,0,0,0,0,0,0,idle
1778096760.782706,g2.hpc.coe,41393,0.5001,0,0.0,0.0,12288.0,136137591700,136368553967,139261315,139446465,3127583,0,0,0,0,0,0,0,0,0,0,0,0,991,79,3,2,0,0,0,0,0,0,0,0,0,idle
1778096761.282831,g2.hpc.coe,41393,0.5001,0,0.0,0.0,12288.0,136137592733,136368554046,139261318,139446467,3127583,0,0,0,0,0,0,0,0,0,0,0,0,1033,79,3,2,0,0,0,0,0,0,0,0,0,idle
1778096761.7829561,g2.hpc.coe,41393,0.5001,0,0.0,0.0,12288.0,136137593831,136368554125,139261322,139446469,3127583,0,0,0,0,0,0,0,0,0,0,0,0,1098,79,4,2,0,0,0,0,0,0,0,0,0,idle
1778096762.2830834,g2.hpc.coe,41393,0.5001,0,0.0,0.0,12288.0,136137595594,136368554651,139261341,139446479,3127583,0,0,0,0,0,0,0,0,0,0,0,0,1763,526,19,10,0,0,0,0,0,0,0,0,0,idle
1778096762.7832031,g2.hpc.coe,41393,0.5001,0,0.0,0.0,12288.0,136137596854,136368554785,139261347,139446482,3127583,0,0,0,0,0,0,0,0,0,0,0,0,1260,134,6,3,0,0,0,0,0,0,0,0,0,idle
1778096763.2833352,g2.hpc.coe,41393,0.5001,0,0.0,0.0,12288.0,136137597012,136368554842,139261349,139446483,3127583,0,0,0,0,0,0,0,0,0,0,0,0,158,57,2,1,0,0,0,0,0,0,0,0,0,idle
1778096763.7834609,g2.hpc.coe,41393,0.5001,0,0.0,0.0,12288.0,136137597212,136368554899,139261351,139446484,3127583,0,0,0,0,0,0,0,0,0,0,0,0,200,57,2,1,0,0,0,0,0,0,0,0,0,idle
1778096764.2835755,g2.hpc.coe,41393,0.5001,0,0.0,0.0,12288.0,136137597455,136368554956,139261353,139446485,3127583,0,0,0,0,0,0,0,0,0,0,0,0,243,57,2,1,0,0,0,0,0,0,0,0,0,idle
1778096764.783704,g2.hpc.coe,41393,0.5001,0,0.0,0.0,12288.0,136137597740,136368555013,139261355,139446486,3127583,0,0,0,0,0,0,0,0,0,0,0,0,285,57,2,1,0,0,0,0,0,0,0,0,0,idle
1778096765.2838333,g2.hpc.coe,41393,0.5001,0,0.0,0.0,12288.0,136137598067,136368555070,139261357,139446487,3127583,0,0,0,0,0,0,0,0,0,0,0,0,327,57,2,1,0,0,0,0,0,0,0,0,0,idle
1778096765.783966,g2.hpc.coe,41393,0.5001,0,0.0,0.0,12288.0,136137598436,136368555127,139261359,139446488,3127583,0,0,0,0,0,0,0,0,0,0,0,0,369,57,2,1,0,0,0,0,0,0,0,0,0,idle
1778096766.2840924,g2.hpc.coe,41393,0.5001,0,0.0,0.0,12288.0,136137598847,136368555184,139261361,139446489,3127583,0,0,0,0,0,0,0,0,0,0,0,0,411,57,2,1,0,0,0,0,0,0,0,0,0,idle
1778096766.7842195,g2.hpc.coe,41393,0.5001,0,0.0,0.0,12288.0,136137599300,136368555241,139261363,139446490,3127583,0,0,0,0,0,0,0,0,0,0,0,0,453,57,2,1,0,0,0,0,0,0,0,0,0,idle
1778096767.2843587,g2.hpc.coe,41393,0.5001,0,0.0,0.0,12288.0,136137599796,136368555298,139261365,139446491,3127583,0,0,0,0,0,0,0,0,0,0,0,0,496,57,2,1,0,0,0,0,0,0,0,0,0,idle
1778096767.7844849,g2.hpc.coe,41393,0.5001,0,0.0,0.0,12288.0,136137600411,136368555410,139261369,139446493,3127583,0,0,0,0,0,0,0,0,0,0,0,0,615,112,4,2,0,0,0,0,0,0,0,0,0,idle
1778096768.284618,g2.hpc.coe,41393,0.5001,0,0.0,0.0,12288.0,136137601013,136368555489,139261372,139446495,3127583,0,0,0,0,0,0,0,0,0,0,0,0,602,79,3,2,0,0,0,0,0,0,0,0,0,idle
1778096768.7847497,g2.hpc.coe,41393,0.5001,0,0.0,0.0,12288.0,136137601657,136368555568,139261375,139446497,3127583,0,0,0,0,0,0,0,0,0,0,0,0,644,79,3,2,0,0,0,0,0,0,0,0,0,idle
1778096769.2848802,g2.hpc.coe,41393,0.5001,0,0.0,0.0,12288.0,136137602344,136368555647,139261378,139446499,3127583,0,0,0,0,0,0,0,0,0,0,0,0,687,79,3,2,0,0,0,0,0,0,0,0,0,idle
1778096769.7849846,g2.hpc.coe,41393,0.5001,0,0.0,0.0,12288.0,136137603073,136368555726,139261381,139446501,3127583,0,0,0,0,0,0,0,0,0,0,0,0,729,79,3,2,0,0,0,0,0,0,0,0,0,idle
1778096770.285102,g2.hpc.coe,41393,0.5001,0,0.0,0.0,12288.0,136137603844,136368555805,139261384,139446503,3127583,0,0,0,0,0,0,0,0,0,0,0,0,771,79,3,2,0,0,0,0,0,0,0,0,0,idle
1778096770.7852283,g2.hpc.coe,41393,0.5001,0,0.0,0.0,12288.0,136137604657,136368555884,139261387,139446505,3127583,0,0,0,0,0,0,0,0,0,0,0,0,813,79,3,2,0,0,0,0,0,0,0,0,0,idle
1778096771.2853432,g2.hpc.coe,41393,0.5001,0,0.0,0.0,12288.0,136137605512,136368555963,139261390,139446507,3127583,0,0,0,0,0,0,0,0,0,0,0,0,855,79,3,2,0,0,0,0,0,0,0,0,0,idle
1778096771.7854793,g2.hpc.coe,41393,0.5001,0,0.0,0.0,12288.0,136137606410,136368556042,139261393,139446509,3127583,0,0,0,0,0,0,0,0,0,0,0,0,898,79,3,2,0,0,0,0,0,0,0,0,0,idle
1778096772.285604,g2.hpc.coe,41393,0.5001,0,0.0,0.0,12288.0,136137607350,136368556121,139261396,139446511,3127583,0,0,0,0,0,0,0,0,0,0,0,0,940,79,3,2,0,0,0,0,0,0,0,0,0,idle
1778096772.785732,g2.hpc.coe,41393,0.5001,0,0.0,0.0,12288.0,136137608332,136368556200,139261399,139446513,3127583,0,0,0,0,0,0,0,0,0,0,0,0,982,79,3,2,0,0,0,0,0,0,0,0,0,idle
1778096773.2858777,g2.hpc.coe,41393,0.5001,0,0.0,0.0,12288.0,136137609433,136368556334,139261404,139446516,3127583,0,0,0,0,0,0,0,0,0,0,0,0,1101,134,5,3,0,0,0,0,0,0,0,0,0,idle
1778096773.786003,g2.hpc.coe,41393,0.5001,0,0.0,0.0,12288.0,136137610522,136368556413,139261408,139446518,3127583,0,0,0,0,0,0,0,0,0,0,0,0,1089,79,4,2,0,0,0,0,0,0,0,0,0,idle
1778096774.2861338,g2.hpc.coe,41393,0.5001,0,0.0,0.0,12288.0,136137611653,136368556492,139261412,139446520,3127583,0,0,0,0,0,0,0,0,0,0,0,0,1131,79,4,2,0,0,0,0,0,0,0,0,0,idle
1778096774.7862604,g2.hpc.coe,41393,0.5001,0,0.0,0.0,12288.0,136137612826,136368556571,139261416,139446522,3127583,0,0,0,0,0,0,0,0,0,0,0,0,1173,79,4,2,0,0,0,0,0,0,0,0,0,idle
1778096775.2863934,g2.hpc.coe,41393,0.5001,0,0.0,0.0,12288.0,136137612974,136368556628,139261418,139446523,3127583,0,0,0,0,0,0,0,0,0,0,0,0,148,57,2,1,0,0,0,0,0,0,0,0,0,idle
1778096775.786516,g2.hpc.coe,41393,0.5001,0,0.0,0.0,12288.0,136137613164,136368556685,139261420,139446524,3127583,0,0,0,0,0,0,0,0,0,0,0,0,190,57,2,1,0,0,0,0,0,0,0,0,0,idle
1778096776.2866476,g2.hpc.coe,41393,0.5001,0,0.0,0.0,12288.0,136137613396,136368556742,139261422,139446525,3127583,0,0,0,0,0,0,0,0,0,0,0,0,232,57,2,1,0,0,0,0,0,0,0,0,0,idle
1778096776.786778,g2.hpc.coe,41393,0.5001,0,0.0,0.0,12288.0,136137613670,136368556799,139261424,139446526,3127583,0,0,0,0,0,0,0,0,0,0,0,0,274,57,2,1,0,0,0,0,0,0,0,0,0,idle
1778096777.2869117,g2.hpc.coe,41393,0.5001,0,0.0,0.0,12288.0,136137614609,136368557303,139261441,139446535,3127583,0,0,0,0,0,0,0,0,0,0,0,0,939,504,17,9,0,0,0,0,0,0,0,0,0,idle
1778096777.7870526,g2.hpc.coe,41393,0.5001,0,0.0,0.0,12288.0,136137614968,136368557360,139261443,139446536,3127583,0,0,0,0,0,0,0,0,0,0,0,0,359,57,2,1,0,0,0,0,0,0,0,0,0,idle
1778096778.2871587,g2.hpc.coe,41393,0.5001,0,0.0,0.0,12288.0,136137615446,136368557472,139261447,139446538,3127583,0,0,0,0,0,0,0,0,0,0,0,0,478,112,4,2,0,0,0,0,0,0,0,0,0,idle
1778096778.7872655,g2.hpc.coe,41393,0.5001,0,0.0,0.0,12288.0,136137615890,136368557529,139261449,139446539,3127583,0,0,0,0,0,0,0,0,0,0,0,0,444,57,2,1,0,0,0,0,0,0,0,0,0,idle
1778096779.2873933,g2.hpc.coe,41393,0.5001,0,0.0,0.0,12288.0,136137616376,136368557586,139261451,139446540,3127583,0,0,0,0,0,0,0,0,0,0,0,0,486,57,2,1,0,0,0,0,0,0,0,0,0,idle
1778096779.7875257,g2.hpc.coe,41393,0.5001,0,0.0,0.0,12288.0,136137616904,136368557643,139261453,139446541,3127583,0,0,0,0,0,0,0,0,0,0,0,0,528,57,2,1,0,0,0,0,0,0,0,0,0,idle
1778096780.2876372,g2.hpc.coe,41393,0.5001,0,0.0,0.0,12288.0,136137617497,136368557722,139261456,139446543,3127583,0,0,0,0,0,0,0,0,0,0,0,0,593,79,3,2,0,0,0,0,0,0,0,0,0,idle
1778096780.7877612,g2.hpc.coe,41393,0.5001,0,0.0,0.0,12288.0,136137618132,136368557801,139261459,139446545,3127583,0,0,0,0,0,0,0,0,0,0,0,0,635,79,3,2,0,0,0,0,0,0,0,0,0,idle
1778096781.2879117,g2.hpc.coe,41393,0.5002,0,0.0,0.0,12288.0,136137618809,136368557880,139261462,139446547,3127583,0,0,0,0,0,0,0,0,0,0,0,0,677,79,3,2,0,0,0,0,0,0,0,0,0,idle
1778096781.7880204,g2.hpc.coe,41393,0.5001,0,0.0,0.0,12288.0,136137619528,136368557959,139261465,139446549,3127583,0,0,0,0,0,0,0,0,0,0,0,0,719,79,3,2,0,0,0,0,0,0,0,0,0,idle
1778096782.2881505,g2.hpc.coe,41393,0.5001,0,0.0,0.0,12288.0,136137620290,136368558038,139261468,139446551,3127583,0,0,0,0,0,0,0,0,0,0,0,0,762,79,3,2,0,0,0,0,0,0,0,0,0,idle
1778096782.7882698,g2.hpc.coe,41393,0.5001,0,0.0,0.0,12288.0,136137621094,136368558117,139261471,139446553,3127583,0,0,0,0,0,0,0,0,0,0,0,0,804,79,3,2,0,0,0,0,0,0,0,0,0,idle
1778096783.288396,g2.hpc.coe,41393,0.5001,0,0.0,0.0,12288.0,136137622017,136368558251,139261476,139446556,3127583,0,0,0,0,0,0,0,0,0,0,0,0,923,134,5,3,0,0,0,0,0,0,0,0,0,idle
1778096783.7885194,g2.hpc.coe,41393,0.5001,0,0.0,0.0,12288.0,136137622905,136368558330,139261479,139446558,3127583,0,0,0,0,0,0,0,0,0,0,0,0,888,79,3,2,0,0,0,0,0,0,0,0,0,idle
1778096784.2886474,g2.hpc.coe,41393,0.5001,0,0.0,0.0,12288.0,136137623836,136368558409,139261482,139446560,3127583,0,0,0,0,0,0,0,0,0,0,0,0,931,79,3,2,0,0,0,0,0,0,0,0,0,idle
1778096784.7887573,g2.hpc.coe,41393,0.5001,0,0.0,0.0,12288.0,136137624809,136368558488,139261485,139446562,3127583,0,0,0,0,0,0,0,0,0,0,0,0,973,79,3,2,0,0,0,0,0,0,0,0,0,idle
1778096785.288886,g2.hpc.coe,41393,0.5001,0,0.0,0.0,12288.0,136137625824,136368558567,139261488,139446564,3127583,0,0,0,0,0,0,0,0,0,0,0,0,1015,79,3,2,0,0,0,0,0,0,0,0,0,idle
1778096785.789012,g2.hpc.coe,41393,0.5001,0,0.0,0.0,12288.0,136137626881,136368558646,139261491,139446566,3127583,0,0,0,0,0,0,0,0,0,0,0,0,1057,79,3,2,0,0,0,0,0,0,0,0,0,idle
1778096786.2891166,g2.hpc.coe,41393,0.5001,0,0.0,0.0,12288.0,136137628003,136368558725,139261495,139446568,3127583,0,0,0,0,0,0,0,0,0,0,0,0,1122,79,4,2,0,0,0,0,0,0,0,0,0,idle
1778096786.789244,g2.hpc.coe,41393,0.5001,0,0.0,0.0,12288.0,136137629167,136368558804,139261499,139446570,3127583,0,0,0,0,0,0,0,0,0,0,0,0,1164,79,4,2,0,0,0,0,0,0,0,0,0,idle
1778096787.28938,g2.hpc.coe,41393,0.5001,0,0.0,0.0,12288.0,136137629305,136368558861,139261501,139446571,3127583,0,0,0,0,0,0,0,0,0,0,0,0,138,57,2,1,0,0,0,0,0,0,0,0,0,idle
1778096787.789518,g2.hpc.coe,41393,0.5001,0,0.0,0.0,12288.0,136137629485,136368558918,139261503,139446572,3127583,0,0,0,0,0,0,0,0,0,0,0,0,180,57,2,1,0,0,0,0,0,0,0,0,0,idle
1778096788.2896461,g2.hpc.coe,41393,0.5001,0,0.0,0.0,12288.0,136137629784,136368559030,139261507,139446574,3127583,0,0,0,0,0,0,0,0,0,0,0,0,299,112,4,2,0,0,0,0,0,0,0,0,0,idle
1778096788.7897775,g2.hpc.coe,41393,0.5001,0,0.0,0.0,12288.0,136137630049,136368559087,139261509,139446575,3127583,0,0,0,0,0,0,0,0,0,0,0,0,265,57,2,1,0,0,0,0,0,0,0,0,0,idle
1778096789.2899055,g2.hpc.coe,41393,0.5001,0,0.0,0.0,12288.0,136137630356,136368559144,139261511,139446576,3127583,0,0,0,0,0,0,0,0,0,0,0,0,307,57,2,1,0,0,0,0,0,0,0,0,0,idle
1778096789.7900422,g2.hpc.coe,41393,0.5001,0,0.0,0.0,12288.0,136137630705,136368559201,139261513,139446577,3127583,0,0,0,0,0,0,0,0,0,0,0,0,349,57,2,1,0,0,0,0,0,0,0,0,0,idle
1778096790.290181,g2.hpc.coe,41393,0.5001,0,0.0,0.0,12288.0,136137631096,136368559258,139261515,139446578,3127583,0,0,0,0,0,0,0,0,0,0,0,0,391,57,2,1,0,0,0,0,0,0,0,0,0,idle
1778096790.790307,g2.hpc.coe,41393,0.5001,0,0.0,0.0,12288.0,136137631529,136368559315,139261517,139446579,3127583,0,0,0,0,0,0,0,0,0,0,0,0,433,57,2,1,0,0,0,0,0,0,0,0,0,idle
1778096791.2904336,g2.hpc.coe,41393,0.5001,0,0.0,0.0,12288.0,136137632004,136368559372,139261519,139446580,3127583,0,0,0,0,0,0,0,0,0,0,0,0,475,57,2,1,0,0,0,0,0,0,0,0,0,idle
1778096791.7905576,g2.hpc.coe,41393,0.5001,0,0.0,0.0,12288.0,136137632522,136368559429,139261521,139446581,3127583,0,0,0,0,0,0,0,0,0,0,0,0,518,57,2,1,0,0,0,0,0,0,0,0,0,idle
1778096792.2906926,g2.hpc.coe,41393,0.5001,0,0.0,0.0,12288.0,136137633727,136368559955,139261539,139446591,3127583,0,0,0,0,0,0,0,0,0,0,0,0,1205,526,18,10,0,0,0,0,0,0,0,0,0,idle
1778096792.7908206,g2.hpc.coe,41393,0.5001,0,0.0,0.0,12288.0,136137634352,136368560034,139261542,139446593,3127583,0,0,0,0,0,0,0,0,0,0,0,0,625,79,3,2,0,0,0,0,0,0,0,0,0,idle
1778096793.2909565,g2.hpc.coe,41393,0.5001,0,0.0,0.0,12288.0,136137635019,136368560113,139261545,139446595,3127583,0,0,0,0,0,0,0,0,0,0,0,0,667,79,3,2,0,0,0,0,0,0,0,0,0,idle
1778096793.7910814,g2.hpc.coe,41393,0.5001,0,0.0,0.0,12288.0,136137636069,136368560445,139261555,139446601,3127583,0,0,0,0,0,0,0,0,0,0,0,0,1050,332,10,6,0,0,0,0,0,0,0,0,0,idle
1778096794.2912004,g2.hpc.coe,41393,0.5001,0,0.0,0.0,12288.0,136137636822,136368560524,139261558,139446603,3127583,0,0,0,0,0,0,0,0,0,0,0,0,753,79,3,2,0,0,0,0,0,0,0,0,0,idle
1778096794.7913244,g2.hpc.coe,41393,0.5001,0,0.0,0.0,12288.0,136137637617,136368560603,139261561,139446605,3127583,0,0,0,0,0,0,0,0,0,0,0,0,795,79,3,2,0,0,0,0,0,0,0,0,0,idle
1778096795.2914515,g2.hpc.coe,41393,0.5001,0,0.0,0.0,12288.0,136137638454,136368560682,139261564,139446607,3127583,0,0,0,0,0,0,0,0,0,0,0,0,837,79,3,2,0,0,0,0,0,0,0,0,0,idle
1778096795.7915864,g2.hpc.coe,41393,0.5001,0,0.0,0.0,12288.0,136137639333,136368560761,139261567,139446609,3127583,0,0,0,0,0,0,0,0,0,0,0,0,879,79,3,2,0,0,0,0,0,0,0,0,0,idle
1778096796.291719,g2.hpc.coe,41393,0.5001,0,0.0,0.0,12288.0,136137640255,136368560840,139261570,139446611,3127583,0,0,0,0,0,0,0,0,0,0,0,0,922,79,3,2,0,0,0,0,0,0,0,0,0,idle
1778096796.7918434,g2.hpc.coe,41393,0.5001,0,0.0,0.0,12288.0,136137641219,136368560919,139261573,139446613,3127583,0,0,0,0,0,0,0,0,0,0,0,0,964,79,3,2,0,0,0,0,0,0,0,0,0,idle
1778096797.2919767,g2.hpc.coe,41393,0.5001,0,0.0,0.0,12288.0,136137642225,136368560998,139261576,139446615,3127583,0,0,0,0,0,0,0,0,0,0,0,0,1006,79,3,2,0,0,0,0,0,0,0,0,0,idle
1778096797.7921073,g2.hpc.coe,41393,0.5001,0,0.0,0.0,12288.0,136137643273,136368561077,139261579,139446617,3127583,0,0,0,0,0,0,0,0,0,0,0,0,1048,79,3,2,0,0,0,0,0,0,0,0,0,idle
1778096798.292243,g2.hpc.coe,41393,0.5001,0,0.0,0.0,12288.0,136137644386,136368561156,139261583,139446619,3127583,0,0,0,0,0,0,0,0,0,0,0,0,1113,79,4,2,0,0,0,0,0,0,0,0,0,idle
1778096798.792368,g2.hpc.coe,41393,0.5001,0,0.0,0.0,12288.0,136137645618,136368561290,139261589,139446622,3127583,0,0,0,0,0,0,0,0,0,0,0,0,1232,134,6,3,0,0,0,0,0,0,0,0,0,idle
1778096799.2924979,g2.hpc.coe,41393,0.5001,0,0.0,0.0,12288.0,136137646005,136368561602,139261596,139446628,3127583,0,0,0,0,0,0,0,0,0,0,0,0,387,312,7,6,0,0,0,0,0,0,0,0,0,idle
1778096799.7926087,g2.hpc.coe,41393,0.5001,0,0.0,0.0,12288.0,136137646199,136368561659,139261599,139446629,3127583,0,0,0,0,0,0,0,0,0,0,0,0,194,57,3,1,0,0,0,0,0,0,0,0,0,idle
1778096800.2927327,g2.hpc.coe,41393,0.5001,0,0.0,0.0,12288.0,136137646413,136368561716,139261601,139446630,3127583,0,0,0,0,0,0,0,0,0,0,0,0,214,57,2,1,0,0,0,0,0,0,0,0,0,idle
1778096800.7928696,g2.hpc.coe,41393,0.5001,0,0.0,0.0,12288.0,136137646670,136368561773,139261603,139446631,3127583,0,0,0,0,0,0,0,0,0,0,0,0,257,57,2,1,0,0,0,0,0,0,0,0,0,idle
1778096801.2930014,g2.hpc.coe,41393,0.5001,0,0.0,0.0,12288.0,136137646969,136368561830,139261605,139446632,3127583,0,0,0,0,0,0,0,0,0,0,0,0,299,57,2,1,0,0,0,0,0,0,0,0,0,idle
1778096801.7931328,g2.hpc.coe,41393,0.5001,0,0.0,0.0,12288.0,136137647310,136368561887,139261607,139446633,3127583,0,0,0,0,0,0,0,0,0,0,0,0,341,57,2,1,0,0,0,0,0,0,0,0,0,idle
1778096802.2932377,g2.hpc.coe,41393,0.5001,0,0.0,0.0,12288.0,136137647693,136368561944,139261609,139446634,3127583,0,0,0,0,0,0,0,0,0,0,0,0,383,57,2,1,0,0,0,0,0,0,0,0,0,idle
1778096802.7933772,g2.hpc.coe,41393,0.5001,0,0.0,0.0,12288.0,136137648119,136368562001,139261611,139446635,3127583,0,0,0,0,0,0,0,0,0,0,0,0,426,57,2,1,0,0,0,0,0,0,0,0,0,idle
1778096803.2934844,g2.hpc.coe,41393,0.5001,0,0.0,0.0,12288.0,136137648587,136368562058,139261613,139446636,3127583,0,0,0,0,0,0,0,0,0,0,0,0,468,57,2,1,0,0,0,0,0,0,0,0,0,idle
1778096803.7936113,g2.hpc.coe,41393,0.5001,0,0.0,0.0,12288.0,136137649174,136368562170,139261617,139446638,3127583,0,0,0,0,0,0,0,0,0,0,0,0,587,112,4,2,0,0,0,0,0,0,0,0,0,idle
1778096804.2937355,g2.hpc.coe,41393,0.5001,0,0.0,0.0,12288.0,136137649749,136368562249,139261620,139446640,3127583,0,0,0,0,0,0,0,0,0,0,0,0,575,79,3,2,0,0,0,0,0,0,0,0,0,idle
1778096804.7938778,g2.hpc.coe,41393,0.5001,0,0.0,0.0,12288.0,136137650366,136368562328,139261623,139446642,3127583,0,0,0,0,0,0,0,0,0,0,0,0,617,79,3,2,0,0,0,0,0,0,0,0,0,idle
1778096805.2940135,g2.hpc.coe,41393,0.5001,0,0.0,0.0,12288.0,136137651025,136368562407,139261626,139446644,3127583,0,0,0,0,0,0,0,0,0,0,0,0,659,79,3,2,0,0,0,0,0,0,0,0,0,idle
1778096805.794137,g2.hpc.coe,41393,0.5001,0,0.0,0.0,12288.0,136137651726,136368562486,139261629,139446646,3127583,0,0,0,0,0,0,0,0,0,0,0,0,701,79,3,2,0,0,0,0,0,0,0,0,0,idle
1778096806.2942584,g2.hpc.coe,41393,0.5001,0,0.0,0.0,12288.0,136137652469,136368562565,139261632,139446648,3127583,0,0,0,0,0,0,0,0,0,0,0,0,743,79,3,2,0,0,0,0,0,0,0,0,0,idle
1778096806.7943823,g2.hpc.coe,41393,0.5001,0,0.0,0.0,12288.0,136137653255,136368562644,139261635,139446650,3127583,0,0,0,0,0,0,0,0,0,0,0,0,786,79,3,2,0,0,0,0,0,0,0,0,0,idle
1778096807.294506,g2.hpc.coe,41393,0.5001,0,0.0,0.0,12288.0,136137654706,136368563170,139261653,139446660,3127583,0,0,0,0,0,0,0,0,0,0,0,0,1451,526,18,10,0,0,0,0,0,0,0,0,0,idle
1778096807.7946348,g2.hpc.coe,41393,0.5001,0,0.0,0.0,12288.0,136137655577,136368563249,139261656,139446662,3127583,0,0,0,0,0,0,0,0,0,0,0,0,871,79,3,2,0,0,0,0,0,0,0,0,0,idle
1778096808.2947736,g2.hpc.coe,41393,0.5001,0,0.0,0.0,12288.0,136137656490,136368563328,139261659,139446664,3127583,0,0,0,0,0,0,0,0,0,0,0,0,913,79,3,2,0,0,0,0,0,0,0,0,0,idle
1778096808.7949028,g2.hpc.coe,41393,0.5001,0,0.0,0.0,12288.0,136137657522,136368563462,139261664,139446667,3127583,0,0,0,0,0,0,0,0,0,0,0,0,1032,134,5,3,0,0,0,0,0,0,0,0,0,idle
1778096809.2950406,g2.hpc.coe,41393,0.5001,0,0.0,0.0,12288.0,136137658520,136368563541,139261667,139446669,3127583,0,0,0,0,0,0,0,0,0,0,0,0,998,79,3,2,0,0,0,0,0,0,0,0,0,idle
1778096809.795159,g2.hpc.coe,41393,0.5001,0,0.0,0.0,12288.0,136137659560,136368563620,139261670,139446671,3127583,0,0,0,0,0,0,0,0,0,0,0,0,1040,79,3,2,0,0,0,0,0,0,0,0,0,idle
1778096810.2952914,g2.hpc.coe,41393,0.5001,0,0.0,0.0,12288.0,136137660665,136368563699,139261674,139446673,3127583,0,0,0,0,0,0,0,0,0,0,0,0,1105,79,4,2,0,0,0,0,0,0,0,0,0,idle
1778096810.795417,g2.hpc.coe,41393,0.5001,0,0.0,0.0,12288.0,136137661812,136368563778,139261678,139446675,3127583,0,0,0,0,0,0,0,0,0,0,0,0,1147,79,4,2,0,0,0,0,0,0,0,0,0,idle
1778096811.2955527,g2.hpc.coe,41393,0.5001,0,0.0,0.0,12288.0,136137663001,136368563857,139261682,139446677,3127583,0,0,0,0,0,0,0,0,0,0,0,0,1189,79,4,2,0,0,0,0,0,0,0,0,0,idle
1778096811.7956767,g2.hpc.coe,41393,0.5001,0,0.0,0.0,12288.0,136137663165,136368563914,139261684,139446678,3127583,0,0,0,0,0,0,0,0,0,0,0,0,164,57,2,1,0,0,0,0,0,0,0,0,0,idle
1778096812.2958028,g2.hpc.coe,41393,0.5001,0,0.0,0.0,12288.0,136137663371,136368563971,139261686,139446679,3127583,0,0,0,0,0,0,0,0,0,0,0,0,206,57,2,1,0,0,0,0,0,0,0,0,0,idle
1778096812.7959077,g2.hpc.coe,41393,0.5001,0,0.0,0.0,12288.0,136137663619,136368564028,139261688,139446680,3127583,0,0,0,0,0,0,0,0,0,0,0,0,248,57,2,1,0,0,0,0,0,0,0,0,0,idle
1778096813.2960153,g2.hpc.coe,41393,0.5001,0,0.0,0.0,12288.0,136137663910,136368564085,139261690,139446681,3127583,0,0,0,0,0,0,0,0,0,0,0,0,291,57,2,1,0,0,0,0,0,0,0,0,0,idle
1778096813.7961388,g2.hpc.coe,41393,0.5001,0,0.0,0.0,12288.0,136137664243,136368564142,139261692,139446682,3127583,0,0,0,0,0,0,0,0,0,0,0,0,333,57,2,1,0,0,0,0,0,0,0,0,0,idle
1778096814.2962646,g2.hpc.coe,41393,0.5001,0,0.0,0.0,12288.0,136137664618,136368564199,139261694,139446683,3127583,0,0,0,0,0,0,0,0,0,0,0,0,375,57,2,1,0,0,0,0,0,0,0,0,0,idle
1778096814.7963703,g2.hpc.coe,41393,0.5001,0,0.0,0.0,12288.0,136137665035,136368564256,139261696,139446684,3127583,0,0,0,0,0,0,0,0,0,0,0,0,417,57,2,1,0,0,0,0,0,0,0,0,0,idle
1778096815.2964754,g2.hpc.coe,41393,0.5001,0,0.0,0.0,12288.0,136137665495,136368564313,139261698,139446685,3127583,0,0,0,0,0,0,0,0,0,0,0,0,460,57,2,1,0,0,0,0,0,0,0,0,0,idle
1778096815.7965846,g2.hpc.coe,41393,0.5001,0,0.0,0.0,12288.0,136137665997,136368564370,139261700,139446686,3127583,0,0,0,0,0,0,0,0,0,0,0,0,502,57,2,1,0,0,0,0,0,0,0,0,0,idle
1778096816.296725,g2.hpc.coe,41393,0.5001,0,0.0,0.0,12288.0,136137666563,136368564449,139261703,139446688,3127583,0,0,0,0,0,0,0,0,0,0,0,0,566,79,3,2,0,0,0,0,0,0,0,0,0,idle
1778096816.796827,g2.hpc.coe,41393,0.5001,0,0.0,0.0,12288.0,136137667171,136368564528,139261706,139446690,3127583,0,0,0,0,0,0,0,0,0,0,0,0,608,79,3,2,0,0,0,0,0,0,0,0,0,idle
1778096817.2969556,g2.hpc.coe,41393,0.5001,0,0.0,0.0,12288.0,136137667821,136368564607,139261709,139446692,3127583,0,0,0,0,0,0,0,0,0,0,0,0,650,79,3,2,0,0,0,0,0,0,0,0,0,idle
1778096817.7970579,g2.hpc.coe,41393,0.5001,0,0.0,0.0,12288.0,136137668513,136368564686,139261712,139446694,3127583,0,0,0,0,0,0,0,0,0,0,0,0,692,79,3,2,0,0,0,0,0,0,0,0,0,idle
1778096818.2971866,g2.hpc.coe,41393,0.5001,0,0.0,0.0,12288.0,136137669248,136368564765,139261715,139446696,3127583,0,0,0,0,0,0,0,0,0,0,0,0,735,79,3,2,0,0,0,0,0,0,0,0,0,idle
1778096818.7973068,g2.hpc.coe,41393,0.5001,0,0.0,0.0,12288.0,136137670025,136368564844,139261718,139446698,3127583,0,0,0,0,0,0,0,0,0,0,0,0,777,79,3,2,0,0,0,0,0,0,0,0,0,idle
1778096819.2974384,g2.hpc.coe,41393,0.5001,0,0.0,0.0,12288.0,136137670921,136368564978,139261723,139446701,3127583,0,0,0,0,0,0,0,0,0,0,0,0,896,134,5,3,0,0,0,0,0,0,0,0,0,idle
1778096819.7975388,g2.hpc.coe,41393,0.5001,0,0.0,0.0,12288.0,136137671783,136368565057,139261726,139446703,3127583,0,0,0,0,0,0,0,0,0,0,0,0,862,79,3,2,0,0,0,0,0,0,0,0,0,idle
1778096820.2976696,g2.hpc.coe,41393,0.5001,0,0.0,0.0,12288.0,136137672687,136368565136,139261729,139446705,3127583,0,0,0,0,0,0,0,0,0,0,0,0,904,79,3,2,0,0,0,0,0,0,0,0,0,idle
1778096820.7977922,g2.hpc.coe,41393,0.5001,0,0.0,0.0,12288.0,136137673633,136368565215,139261732,139446707,3127583,0,0,0,0,0,0,0,0,0,0,0,0,946,79,3,2,0,0,0,0,0,0,0,0,0,idle
1778096821.2979224,g2.hpc.coe,41393,0.5001,0,0.0,0.0,12288.0,136137674621,136368565294,139261735,139446709,3127583,0,0,0,0,0,0,0,0,0,0,0,0,988,79,3,2,0,0,0,0,0,0,0,0,0,idle
1778096821.7980437,g2.hpc.coe,41393,0.5001,0,0.0,0.0,12288.0,136137675652,136368565373,139261738,139446711,3127583,0,0,0,0,0,0,0,0,0,0,0,0,1031,79,3,2,0,0,0,0,0,0,0,0,0,idle
1778096822.2981706,g2.hpc.coe,41393,0.5001,0,0.0,0.0,12288.0,136137677370,136368565899,139261757,139446721,3127583,0,0,0,0,0,0,0,0,0,0,0,0,1718,526,19,10,0,0,0,0,0,0,0,0,0,idle
1778096822.7982957,g2.hpc.coe,41393,0.5001,0,0.0,0.0,12288.0,136137678508,136368565978,139261761,139446723,3127583,0,0,0,0,0,0,0,0,0,0,0,0,1138,79,4,2,0,0,0,0,0,0,0,0,0,idle
1778096823.2984293,g2.hpc.coe,41393,0.5001,0,0.0,0.0,12288.0,136137679689,136368566057,139261765,139446725,3127583,0,0,0,0,0,0,0,0,0,0,0,0,1181,79,4,2,0,0,0,0,0,0,0,0,0,idle
1778096823.7985368,g2.hpc.coe,41393,0.5001,0,0.0,0.0,12288.0,136137679844,136368566114,139261767,139446726,3127583,0,0,0,0,0,0,0,0,0,0,0,0,155,57,2,1,0,0,0,0,0,0,0,0,0,idle
1778096824.2986588,g2.hpc.coe,41393,0.5001,0,0.0,0.0,12288.0,136137680119,136368566226,139261771,139446728,3127583,0,0,0,0,0,0,0,0,0,0,0,0,275,112,4,2,0,0,0,0,0,0,0,0,0,idle
1778096824.79878,g2.hpc.coe,41393,0.5001,0,0.0,0.0,12288.0,136137680359,136368566283,139261773,139446729,3127583,0,0,0,0,0,0,0,0,0,0,0,0,240,57,2,1,0,0,0,0,0,0,0,0,0,idle
1778096825.2989202,g2.hpc.coe,41393,0.5001,0,0.0,0.0,12288.0,136137680641,136368566340,139261775,139446730,3127583,0,0,0,0,0,0,0,0,0,0,0,0,282,57,2,1,0,0,0,0,0,0,0,0,0,idle
1778096825.7990444,g2.hpc.coe,41393,0.5001,0,0.0,0.0,12288.0,136137680965,136368566397,139261777,139446731,3127583,0,0,0,0,0,0,0,0,0,0,0,0,324,57,2,1,0,0,0,0,0,0,0,0,0,idle
1778096826.2991734,g2.hpc.coe,41393,0.5001,0,0.0,0.0,12288.0,136137681331,136368566454,139261779,139446732,3127583,0,0,0,0,0,0,0,0,0,0,0,0,366,57,2,1,0,0,0,0,0,0,0,0,0,idle
1778096826.7993014,g2.hpc.coe,41393,0.5001,0,0.0,0.0,12288.0,136137681740,136368566511,139261781,139446733,3127583,0,0,0,0,0,0,0,0,0,0,0,0,409,57,2,1,0,0,0,0,0,0,0,0,0,idle
1778096827.2994227,g2.hpc.coe,41393,0.5001,0,0.0,0.0,12288.0,136137682191,136368566568,139261783,139446734,3127583,0,0,0,0,0,0,0,0,0,0,0,0,451,57,2,1,0,0,0,0,0,0,0,0,0,idle
1778096827.7995481,g2.hpc.coe,41393,0.5001,0,0.0,0.0,12288.0,136137682684,136368566625,139261785,139446735,3127583,0,0,0,0,0,0,0,0,0,0,0,0,493,57,2,1,0,0,0,0,0,0,0,0,0,idle
1778096828.2996583,g2.hpc.coe,41393,0.5001,0,0.0,0.0,12288.0,136137683219,136368566682,139261787,139446736,3127583,0,0,0,0,0,0,0,0,0,0,0,0,535,57,2,1,0,0,0,0,0,0,0,0,0,idle
1778096828.7997646,g2.hpc.coe,41393,0.5001,0,0.0,0.0,12288.0,136137683819,136368566761,139261790,139446738,3127583,0,0,0,0,0,0,0,0,0,0,0,0,600,79,3,2,0,0,0,0,0,0,0,0,0,idle
1778096829.299894,g2.hpc.coe,41393,0.5001,0,0.0,0.0,12288.0,136137684538,136368566895,139261795,139446741,3127583,0,0,0,0,0,0,0,0,0,0,0,0,719,134,5,3,0,0,0,0,0,0,0,0,0,idle
1778096829.8000205,g2.hpc.coe,41393,0.5001,0,0.0,0.0,12288.0,136137685222,136368566974,139261798,139446743,3127583,0,0,0,0,0,0,0,0,0,0,0,0,684,79,3,2,0,0,0,0,0,0,0,0,0,idle
1778096830.3001454,g2.hpc.coe,41393,0.5001,0,0.0,0.0,12288.0,136137685948,136368567053,139261801,139446745,3127583,0,0,0,0,0,0,0,0,0,0,0,0,726,79,3,2,0,0,0,0,0,0,0,0,0,idle
1778096830.8002663,g2.hpc.coe,41393,0.5001,0,0.0,0.0,12288.0,136137686717,136368567132,139261804,139446747,3127583,0,0,0,0,0,0,0,0,0,0,0,0,769,79,3,2,0,0,0,0,0,0,0,0,0,idle
1778096831.3003876,g2.hpc.coe,41393,0.5001,0,0.0,0.0,12288.0,136137687528,136368567211,139261807,139446749,3127583,0,0,0,0,0,0,0,0,0,0,0,0,811,79,3,2,0,0,0,0,0,0,0,0,0,idle
1778096831.800517,g2.hpc.coe,41393,0.5001,0,0.0,0.0,12288.0,136137688381,136368567290,139261810,139446751,3127583,0,0,0,0,0,0,0,0,0,0,0,0,853,79,3,2,0,0,0,0,0,0,0,0,0,idle
1778096832.3006527,g2.hpc.coe,41393,0.5001,0,0.0,0.0,12288.0,136137689276,136368567369,139261813,139446753,3127583,0,0,0,0,0,0,0,0,0,0,0,0,895,79,3,2,0,0,0,0,0,0,0,0,0,idle
1778096832.800774,g2.hpc.coe,41393,0.5001,0,0.0,0.0,12288.0,136137690213,136368567448,139261816,139446755,3127583,0,0,0,0,0,0,0,0,0,0,0,0,937,79,3,2,0,0,0,0,0,0,0,0,0,idle
1778096833.300888,g2.hpc.coe,41393,0.5001,0,0.0,0.0,12288.0,136137691192,136368567527,139261819,139446757,3127583,0,0,0,0,0,0,0,0,0,0,0,0,979,79,3,2,0,0,0,0,0,0,0,0,0,idle
1778096833.8010168,g2.hpc.coe,41393,0.5001,0,0.0,0.0,12288.0,136137692213,136368567606,139261822,139446759,3127583,0,0,0,0,0,0,0,0,0,0,0,0,1021,79,3,2,0,0,0,0,0,0,0,0,0,idle
1778096834.3011339,g2.hpc.coe,41393,0.5001,0,0.0,0.0,12288.0,136137693354,136368567740,139261827,139446762,3127583,0,0,0,0,0,0,0,0,0,0,0,0,1141,134,5,3,0,0,0,0,0,0,0,0,0,idle
1778096834.8012516,g2.hpc.coe,41393,0.5001,0,0.0,0.0,12288.0,136137694505,136368567819,139261832,139446764,3127583,0,0,0,0,0,0,0,0,0,0,0,0,1151,79,5,2,0,0,0,0,0,0,0,0,0,idle
1778096835.3013802,g2.hpc.coe,41393,0.5001,0,0.0,0.0,12288.0,136137695676,136368567898,139261836,139446766,3127583,0,0,0,0,0,0,0,0,0,0,0,0,1171,79,4,2,0,0,0,0,0,0,0,0,0,idle
1778096835.8015034,g2.hpc.coe,41393,0.5001,0,0.0,0.0,12288.0,136137695822,136368567955,139261838,139446767,3127583,0,0,0,0,0,0,0,0,0,0,0,0,146,57,2,1,0,0,0,0,0,0,0,0,0,idle
1778096836.3016284,g2.hpc.coe,41393,0.5001,0,0.0,0.0,12288.0,136137696010,136368568012,139261840,139446768,3127583,0,0,0,0,0,0,0,0,0,0,0,0,188,57,2,1,0,0,0,0,0,0,0,0,0,idle
1778096836.8017561,g2.hpc.coe,41393,0.5001,0,0.0,0.0,12288.0,136137696240,136368568069,139261842,139446769,3127583,0,0,0,0,0,0,0,0,0,0,0,0,230,57,2,1,0,0,0,0,0,0,0,0,0,idle
1778096837.301882,g2.hpc.coe,41393,0.5001,0,0.0,0.0,12288.0,136137697135,136368568573,139261859,139446778,3127583,0,0,0,0,0,0,0,0,0,0,0,0,895,504,17,9,0,0,0,0,0,0,0,0,0,idle
1778096837.8019838,g2.hpc.coe,41393,0.5001,0,0.0,0.0,12288.0,136137697450,136368568630,139261861,139446779,3127583,0,0,0,0,0,0,0,0,0,0,0,0,315,57,2,1,0,0,0,0,0,0,0,0,0,idle
1778096838.3020964,g2.hpc.coe,41393,0.5001,0,0.0,0.0,12288.0,136137697807,136368568687,139261863,139446780,3127583,0,0,0,0,0,0,0,0,0,0,0,0,357,57,2,1,0,0,0,0,0,0,0,0,0,idle
1778096838.802219,g2.hpc.coe,41393,0.5001,0,0.0,0.0,12288.0,136137698206,136368568744,139261865,139446781,3127583,0,0,0,0,0,0,0,0,0,0,0,0,399,57,2,1,0,0,0,0,0,0,0,0,0,idle
1778096839.3023307,g2.hpc.coe,41393,0.5001,0,0.0,0.0,12288.0,136137698647,136368568801,139261867,139446782,3127583,0,0,0,0,0,0,0,0,0,0,0,0,441,57,2,1,0,0,0,0,0,0,0,0,0,idle
1778096839.8024573,g2.hpc.coe,41393,0.5001,0,0.0,0.0,12288.0,136137699208,136368568913,139261871,139446784,3127583,0,0,0,0,0,0,0,0,0,0,0,0,561,112,4,2,0,0,0,0,0,0,0,0,0,idle
1778096840.3025808,g2.hpc.coe,41393,0.5001,0,0.0,0.0,12288.0,136137699734,136368568970,139261873,139446785,3127583,0,0,0,0,0,0,0,0,0,0,0,0,526,57,2,1,0,0,0,0,0,0,0,0,0,idle
1778096840.8027046,g2.hpc.coe,41393,0.5001,0,0.0,0.0,12288.0,136137700324,136368569049,139261876,139446787,3127583,0,0,0,0,0,0,0,0,0,0,0,0,590,79,3,2,0,0,0,0,0,0,0,0,0,idle
1778096841.302811,g2.hpc.coe,41393,0.5001,0,0.0,0.0,12288.0,136137700957,136368569128,139261879,139446789,3127583,0,0,0,0,0,0,0,0,0,0,0,0,633,79,3,2,0,0,0,0,0,0,0,0,0,idle
1778096841.8029323,g2.hpc.coe,41393,0.5001,0,0.0,0.0,12288.0,136137701632,136368569207,139261882,139446791,3127583,0,0,0,0,0,0,0,0,0,0,0,0,675,79,3,2,0,0,0,0,0,0,0,0,0,idle
1778096842.3030431,g2.hpc.coe,41393,0.5001,0,0.0,0.0,12288.0,136137702349,136368569286,139261885,139446793,3127583,0,0,0,0,0,0,0,0,0,0,0,0,717,79,3,2,0,0,0,0,0,0,0,0,0,idle
1778096842.8031476,g2.hpc.coe,41393,0.5001,0,0.0,0.0,12288.0,136137703108,136368569365,139261888,139446795,3127583,0,0,0,0,0,0,0,0,0,0,0,0,759,79,3,2,0,0,0,0,0,0,0,0,0,idle
1778096843.3032715,g2.hpc.coe,41393,0.5001,0,0.0,0.0,12288.0,136137703909,136368569444,139261891,139446797,3127583,0,0,0,0,0,0,0,0,0,0,0,0,801,79,3,2,0,0,0,0,0,0,0,0,0,idle
1778096843.8034015,g2.hpc.coe,41393,0.5001,0,0.0,0.0,12288.0,136137704753,136368569523,139261894,139446799,3127583,0,0,0,0,0,0,0,0,0,0,0,0,844,79,3,2,0,0,0,0,0,0,0,0,0,idle
1778096844.3035102,g2.hpc.coe,41393,0.5001,0,0.0,0.0,12288.0,136137705639,136368569602,139261897,139446801,3127583,0,0,0,0,0,0,0,0,0,0,0,0,886,79,3,2,0,0,0,0,0,0,0,0,0,idle
1778096844.803638,g2.hpc.coe,41393,0.5001,0,0.0,0.0,12288.0,136137706644,136368569736,139261902,139446804,3127583,0,0,0,0,0,0,0,0,0,0,0,0,1005,134,5,3,0,0,0,0,0,0,0,0,0,idle
1778096845.3037417,g2.hpc.coe,41393,0.5001,0,0.0,0.0,12288.0,136137707615,136368569815,139261905,139446806,3127583,0,0,0,0,0,0,0,0,0,0,0,0,971,79,3,2,0,0,0,0,0,0,0,0,0,idle
1778096845.80387,g2.hpc.coe,41393,0.5001,0,0.0,0.0,12288.0,136137708628,136368569894,139261908,139446808,3127583,0,0,0,0,0,0,0,0,0,0,0,0,1013,79,3,2,0,0,0,0,0,0,0,0,0,idle
1778096846.3039744,g2.hpc.coe,41393,0.5001,0,0.0,0.0,12288.0,136137709683,136368569973,139261911,139446810,3127583,0,0,0,0,0,0,0,0,0,0,0,0,1055,79,3,2,0,0,0,0,0,0,0,0,0,idle
1778096846.8040788,g2.hpc.coe,41393,0.5001,0,0.0,0.0,12288.0,136137710802,136368570052,139261915,139446812,3127583,0,0,0,0,0,0,0,0,0,0,0,0,1119,79,4,2,0,0,0,0,0,0,0,0,0,idle
1778096847.3042088,g2.hpc.coe,41393,0.5001,0,0.0,0.0,12288.0,136137711964,136368570131,139261919,139446814,3127583,0,0,0,0,0,0,0,0,0,0,0,0,1162,79,4,2,0,0,0,0,0,0,0,0,0,idle
1778096847.8043566,g2.hpc.coe,41393,0.5001,0,0.0,0.0,12288.0,136137712100,136368570188,139261921,139446815,3127583,0,0,0,0,0,0,0,0,0,0,0,0,136,57,2,1,0,0,0,0,0,0,0,0,0,idle
1778096848.3044803,g2.hpc.coe,41393,0.5001,0,0.0,0.0,12288.0,136137712279,136368570245,139261923,139446816,3127583,0,0,0,0,0,0,0,0,0,0,0,0,179,57,2,1,0,0,0,0,0,0,0,0,0,idle
1778096848.8046088,g2.hpc.coe,41393,0.5001,0,0.0,0.0,12288.0,136137712500,136368570302,139261925,139446817,3127583,0,0,0,0,0,0,0,0,0,0,0,0,221,57,2,1,0,0,0,0,0,0,0,0,0,idle
1778096849.3047345,g2.hpc.coe,41393,0.5001,0,0.0,0.0,12288.0,136137712763,136368570359,139261927,139446818,3127583,0,0,0,0,0,0,0,0,0,0,0,0,263,57,2,1,0,0,0,0,0,0,0,0,0,idle
1778096849.8048441,g2.hpc.coe,41393,0.5001,0,0.0,0.0,12288.0,136137713145,136368570471,139261931,139446820,3127583,0,0,0,0,0,0,0,0,0,0,0,0,382,112,4,2,0,0,0,0,0,0,0,0,0,idle
1778096850.3049595,g2.hpc.coe,41393,0.5001,0,0.0,0.0,12288.0,136137713493,136368570528,139261933,139446821,3127583,0,0,0,0,0,0,0,0,0,0,0,0,348,57,2,1,0,0,0,0,0,0,0,0,0,idle
1778096850.8050752,g2.hpc.coe,41393,0.5001,0,0.0,0.0,12288.0,136137713883,136368570585,139261935,139446822,3127583,0,0,0,0,0,0,0,0,0,0,0,0,390,57,2,1,0,0,0,0,0,0,0,0,0,idle
1778096851.3051972,g2.hpc.coe,41393,0.5001,0,0.0,0.0,12288.0,136137714315,136368570642,139261937,139446823,3127583,0,0,0,0,0,0,0,0,0,0,0,0,432,57,2,1,0,0,0,0,0,0,0,0,0,idle
1778096851.805299,g2.hpc.coe,41393,0.5001,0,0.0,0.0,12288.0,136137714790,136368570699,139261939,139446824,3127583,0,0,0,0,0,0,0,0,0,0,0,0,475,57,2,1,0,0,0,0,0,0,0,0,0,idle
1778096852.3054285,g2.hpc.coe,41393,0.5001,0,0.0,0.0,12288.0,136137715930,136368571203,139261956,139446833,3127583,0,0,0,0,0,0,0,0,0,0,0,0,1140,504,17,9,0,0,0,0,0,0,0,0,0,idle
1778096852.8055508,g2.hpc.coe,41393,0.5001,0,0.0,0.0,12288.0,136137716512,136368571282,139261959,139446835,3127583,0,0,0,0,0,0,0,0,0,0,0,0,582,79,3,2,0,0,0,0,0,0,0,0,0,idle
1778096853.3056786,g2.hpc.coe,41393,0.5001,0,0.0,0.0,12288.0,136137717136,136368571361,139261962,139446837,3127583,0,0,0,0,0,0,0,0,0,0,0,0,624,79,3,2,0,0,0,0,0,0,0,0,0,idle
1778096853.8058035,g2.hpc.coe,41393,0.5001,0,0.0,0.0,12288.0,136137717802,136368571440,139261965,139446839,3127583,0,0,0,0,0,0,0,0,0,0,0,0,666,79,3,2,0,0,0,0,0,0,0,0,0,idle
1778096854.3059354,g2.hpc.coe,41393,0.5001,0,0.0,0.0,12288.0,136137718510,136368571519,139261968,139446841,3127583,0,0,0,0,0,0,0,0,0,0,0,0,708,79,3,2,0,0,0,0,0,0,0,0,0,idle
1778096854.8060424,g2.hpc.coe,41393,0.5001,0,0.0,0.0,12288.0,136137719338,136368571653,139261973,139446844,3127583,0,0,0,0,0,0,0,0,0,0,0,0,828,134,5,3,0,0,0,0,0,0,0,0,0,idle
1778096855.3061678,g2.hpc.coe,41393,0.5001,0,0.0,0.0,12288.0,136137720131,136368571732,139261976,139446846,3127583,0,0,0,0,0,0,0,0,0,0,0,0,793,79,3,2,0,0,0,0,0,0,0,0,0,idle
1778096855.806294,g2.hpc.coe,41393,0.5001,0,0.0,0.0,12288.0,136137720966,136368571811,139261979,139446848,3127583,0,0,0,0,0,0,0,0,0,0,0,0,835,79,3,2,0,0,0,0,0,0,0,0,0,idle
1778096856.3064187,g2.hpc.coe,41393,0.5001,0,0.0,0.0,12288.0,136137721843,136368571890,139261982,139446850,3127583,0,0,0,0,0,0,0,0,0,0,0,0,877,79,3,2,0,0,0,0,0,0,0,0,0,idle
1778096856.8065248,g2.hpc.coe,41393,0.5001,0,0.0,0.0,12288.0,136137722763,136368571969,139261985,139446852,3127583,0,0,0,0,0,0,0,0,0,0,0,0,920,79,3,2,0,0,0,0,0,0,0,0,0,idle
1778096857.306649,g2.hpc.coe,41393,0.5001,0,0.0,0.0,12288.0,136137723725,136368572048,139261988,139446854,3127583,0,0,0,0,0,0,0,0,0,0,0,0,962,79,3,2,0,0,0,0,0,0,0,0,0,idle
1778096857.8067515,g2.hpc.coe,41393,0.5001,0,0.0,0.0,12288.0,136137724729,136368572127,139261991,139446856,3127583,0,0,0,0,0,0,0,0,0,0,0,0,1004,79,3,2,0,0,0,0,0,0,0,0,0,idle
1778096858.3068836,g2.hpc.coe,41393,0.5001,0,0.0,0.0,12288.0,136137725775,136368572206,139261994,139446858,3127583,0,0,0,0,0,0,0,0,0,0,0,0,1046,79,3,2,0,0,0,0,0,0,0,0,0,idle
1778096858.807008,g2.hpc.coe,41393,0.5001,0,0.0,0.0,12288.0,136137726886,136368572285,139261998,139446860,3127583,0,0,0,0,0,0,0,0,0,0,0,0,1111,79,4,2,0,0,0,0,0,0,0,0,0,idle
1778096859.3071465,g2.hpc.coe,41393,0.5001,0,0.0,0.0,12288.0,136137728296,136368572619,139262007,139446867,3127583,0,0,0,0,0,0,0,0,0,0,0,0,1410,334,9,7,0,0,0,0,0,0,0,0,0,idle
1778096859.8072696,g2.hpc.coe,41393,0.5001,0,0.0,0.0,12288.0,136137728446,136368572676,139262010,139446868,3127583,0,0,0,0,0,0,0,0,0,0,0,0,150,57,3,1,0,0,0,0,0,0,0,0,0,idle
1778096860.3073943,g2.hpc.coe,41393,0.5001,0,0.0,0.0,12288.0,136137728693,136368572788,139262014,139446870,3127583,0,0,0,0,0,0,0,0,0,0,0,0,247,112,4,2,0,0,0,0,0,0,0,0,0,idle
1778096860.8075063,g2.hpc.coe,41393,0.5001,0,0.0,0.0,12288.0,136137728906,136368572845,139262016,139446871,3127583,0,0,0,0,0,0,0,0,0,0,0,0,213,57,2,1,0,0,0,0,0,0,0,0,0,idle
1778096861.3076353,g2.hpc.coe,41393,0.5001,0,0.0,0.0,12288.0,136137729161,136368572902,139262018,139446872,3127583,0,0,0,0,0,0,0,0,0,0,0,0,255,57,2,1,0,0,0,0,0,0,0,0,0,idle
1778096861.8077557,g2.hpc.coe,41393,0.5001,0,0.0,0.0,12288.0,136137729458,136368572959,139262020,139446873,3127583,0,0,0,0,0,0,0,0,0,0,0,0,297,57,2,1,0,0,0,0,0,0,0,0,0,idle
1778096862.3078737,g2.hpc.coe,41393,0.5001,0,0.0,0.0,12288.0,136137729797,136368573016,139262022,139446874,3127583,0,0,0,0,0,0,0,0,0,0,0,0,339,57,2,1,0,0,0,0,0,0,0,0,0,idle
1778096862.8079793,g2.hpc.coe,41393,0.5001,0,0.0,0.0,12288.0,136137730179,136368573073,139262024,139446875,3127583,0,0,0,0,0,0,0,0,0,0,0,0,382,57,2,1,0,0,0,0,0,0,0,0,0,idle
1778096863.3081064,g2.hpc.coe,41393,0.5001,0,0.0,0.0,12288.0,136137730603,136368573130,139262026,139446876,3127583,0,0,0,0,0,0,0,0,0,0,0,0,424,57,2,1,0,0,0,0,0,0,0,0,0,idle
1778096863.8082314,g2.hpc.coe,41393,0.5001,0,0.0,0.0,12288.0,136137731069,136368573187,139262028,139446877,3127583,0,0,0,0,0,0,0,0,0,0,0,0,466,57,2,1,0,0,0,0,0,0,0,0,0,idle
1778096864.3083596,g2.hpc.coe,41393,0.5001,0,0.0,0.0,12288.0,136137731577,136368573244,139262030,139446878,3127583,0,0,0,0,0,0,0,0,0,0,0,0,508,57,2,1,0,0,0,0,0,0,0,0,0,idle
1778096864.8084838,g2.hpc.coe,41393,0.5001,0,0.0,0.0,12288.0,136137732150,136368573323,139262033,139446880,3127583,0,0,0,0,0,0,0,0,0,0,0,0,573,79,3,2,0,0,0,0,0,0,0,0,0,idle
1778096865.3085945,g2.hpc.coe,41393,0.5001,0,0.0,0.0,12288.0,136137732842,136368573457,139262038,139446883,3127583,0,0,0,0,0,0,0,0,0,0,0,0,692,134,5,3,0,0,0,0,0,0,0,0,0,idle
1778096865.8087187,g2.hpc.coe,41393,0.5001,0,0.0,0.0,12288.0,136137733499,136368573536,139262041,139446885,3127583,0,0,0,0,0,0,0,0,0,0,0,0,657,79,3,2,0,0,0,0,0,0,0,0,0,idle
1778096866.308841,g2.hpc.coe,41393,0.5001,0,0.0,0.0,12288.0,136137734199,136368573615,139262044,139446887,3127583,0,0,0,0,0,0,0,0,0,0,0,0,700,79,3,2,0,0,0,0,0,0,0,0,0,idle
1778096866.8089652,g2.hpc.coe,41393,0.5001,0,0.0,0.0,12288.0,136137734941,136368573694,139262047,139446889,3127583,0,0,0,0,0,0,0,0,0,0,0,0,742,79,3,2,0,0,0,0,0,0,0,0,0,idle
1778096867.309088,g2.hpc.coe,41393,0.5001,0,0.0,0.0,12288.0,136137736348,136368574220,139262065,139446899,3127583,0,0,0,0,0,0,0,0,0,0,0,0,1407,526,18,10,0,0,0,0,0,0,0,0,0,idle
1778096867.809208,g2.hpc.coe,41393,0.5001,0,0.0,0.0,12288.0,136137737175,136368574299,139262068,139446901,3127583,0,0,0,0,0,0,0,0,0,0,0,0,827,79,3,2,0,0,0,0,0,0,0,0,0,idle
1778096868.3093514,g2.hpc.coe,41393,0.5001,0,0.0,0.0,12288.0,136137738044,136368574378,139262071,139446903,3127583,0,0,0,0,0,0,0,0,0,0,0,0,869,79,3,2,0,0,0,0,0,0,0,0,0,idle
1778096868.809481,g2.hpc.coe,41393,0.5001,0,0.0,0.0,12288.0,136137738955,136368574457,139262074,139446905,3127583,0,0,0,0,0,0,0,0,0,0,0,0,911,79,3,2,0,0,0,0,0,0,0,0,0,idle
1778096869.309605,g2.hpc.coe,41393,0.5001,0,0.0,0.0,12288.0,136137739908,136368574536,139262077,139446907,3127583,0,0,0,0,0,0,0,0,0,0,0,0,953,79,3,2,0,0,0,0,0,0,0,0,0,idle
1778096869.8097117,g2.hpc.coe,41393,0.5001,0,0.0,0.0,12288.0,136137740903,136368574615,139262080,139446909,3127583,0,0,0,0,0,0,0,0,0,0,0,0,995,79,3,2,0,0,0,0,0,0,0,0,0,idle
1778096870.3098383,g2.hpc.coe,41393,0.5001,0,0.0,0.0,12288.0,136137742017,136368574749,139262085,139446912,3127583,0,0,0,0,0,0,0,0,0,0,0,0,1114,134,5,3,0,0,0,0,0,0,0,0,0,idle
1778096870.809966,g2.hpc.coe,41393,0.5001,0,0.0,0.0,12288.0,136137743119,136368574828,139262089,139446914,3127583,0,0,0,0,0,0,0,0,0,0,0,0,1102,79,4,2,0,0,0,0,0,0,0,0,0,idle
1778096871.310094,g2.hpc.coe,41393,0.5001,0,0.0,0.0,12288.0,136137744263,136368574907,139262093,139446916,3127583,0,0,0,0,0,0,0,0,0,0,0,0,1144,79,4,2,0,0,0,0,0,0,0,0,0,idle
1778096871.810225,g2.hpc.coe,41393,0.5001,0,0.0,0.0,12288.0,136137745450,136368574986,139262097,139446918,3127583,0,0,0,0,0,0,0,0,0,0,0,0,1187,79,4,2,0,0,0,0,0,0,0,0,0,idle
1778096872.3103564,g2.hpc.coe,41393,0.5001,0,0.0,0.0,12288.0,136137745611,136368575043,139262099,139446919,3127583,0,0,0,0,0,0,0,0,0,0,0,0,161,57,2,1,0,0,0,0,0,0,0,0,0,idle
1778096872.810468,g2.hpc.coe,41393,0.5001,0,0.0,0.0,12288.0,136137745814,136368575100,139262101,139446920,3127583,0,0,0,0,0,0,0,0,0,0,0,0,203,57,2,1,0,0,0,0,0,0,0,0,0,idle
1778096873.310597,g2.hpc.coe,41393,0.5001,0,0.0,0.0,12288.0,136137746059,136368575157,139262103,139446921,3127583,0,0,0,0,0,0,0,0,0,0,0,0,245,57,2,1,0,0,0,0,0,0,0,0,0,idle
1778096873.8107188,g2.hpc.coe,41393,0.5001,0,0.0,0.0,12288.0,136137746346,136368575214,139262105,139446922,3127583,0,0,0,0,0,0,0,0,0,0,0,0,287,57,2,1,0,0,0,0,0,0,0,0,0,idle
1778096874.3108485,g2.hpc.coe,41393,0.5001,0,0.0,0.0,12288.0,136137746675,136368575271,139262107,139446923,3127583,0,0,0,0,0,0,0,0,0,0,0,0,329,57,2,1,0,0,0,0,0,0,0,0,0,idle
1778096874.810974,g2.hpc.coe,41393,0.5001,0,0.0,0.0,12288.0,136137747047,136368575328,139262109,139446924,3127583,0,0,0,0,0,0,0,0,0,0,0,0,372,57,2,1,0,0,0,0,0,0,0,0,0,idle
1778096875.3111062,g2.hpc.coe,41393,0.5001,0,0.0,0.0,12288.0,136137747538,136368575440,139262113,139446926,3127583,0,0,0,0,0,0,0,0,0,0,0,0,491,112,4,2,0,0,0,0,0,0,0,0,0,idle
1778096875.8112094,g2.hpc.coe,41393,0.5001,0,0.0,0.0,12288.0,136137747994,136368575497,139262115,139446927,3127583,0,0,0,0,0,0,0,0,0,0,0,0,456,57,2,1,0,0,0,0,0,0,0,0,0,idle
1778096876.3113449,g2.hpc.coe,41393,0.5001,0,0.0,0.0,12288.0,136137748492,136368575554,139262117,139446928,3127583,0,0,0,0,0,0,0,0,0,0,0,0,498,57,2,1,0,0,0,0,0,0,0,0,0,idle
1778096876.8114758,g2.hpc.coe,41393,0.5001,0,0.0,0.0,12288.0,136137749033,136368575611,139262119,139446929,3127583,0,0,0,0,0,0,0,0,0,0,0,0,541,57,2,1,0,0,0,0,0,0,0,0,0,idle
1778096877.3116045,g2.hpc.coe,41393,0.5001,0,0.0,0.0,12288.0,136137749638,136368575690,139262122,139446931,3127583,0,0,0,0,0,0,0,0,0,0,0,0,605,79,3,2,0,0,0,0,0,0,0,0,0,idle
1778096877.8117366,g2.hpc.coe,41393,0.5001,0,0.0,0.0,12288.0,136137750285,136368575769,139262125,139446933,3127583,0,0,0,0,0,0,0,0,0,0,0,0,647,79,3,2,0,0,0,0,0,0,0,0,0,idle
1778096878.3118412,g2.hpc.coe,41393,0.5001,0,0.0,0.0,12288.0,136137750974,136368575848,139262128,139446935,3127583,0,0,0,0,0,0,0,0,0,0,0,0,689,79,3,2,0,0,0,0,0,0,0,0,0,idle
1778096878.8119643,g2.hpc.coe,41393,0.5001,0,0.0,0.0,12288.0,136137751706,136368575927,139262131,139446937,3127583,0,0,0,0,0,0,0,0,0,0,0,0,732,79,3,2,0,0,0,0,0,0,0,0,0,idle
1778096879.312098,g2.hpc.coe,41393,0.5001,0,0.0,0.0,12288.0,136137752480,136368576006,139262134,139446939,3127583,0,0,0,0,0,0,0,0,0,0,0,0,774,79,3,2,0,0,0,0,0,0,0,0,0,idle
1778096879.812237,g2.hpc.coe,41393,0.5001,0,0.0,0.0,12288.0,136137753296,136368576085,139262137,139446941,3127583,0,0,0,0,0,0,0,0,0,0,0,0,816,79,3,2,0,0,0,0,0,0,0,0,0,idle
1778096880.3123622,g2.hpc.coe,41393,0.5001,0,0.0,0.0,12288.0,136137754154,136368576164,139262140,139446943,3127583,0,0,0,0,0,0,0,0,0,0,0,0,858,79,3,2,0,0,0,0,0,0,0,0,0,idle
1778096880.8124754,g2.hpc.coe,41393,0.5001,0,0.0,0.0,12288.0,136137755131,136368576298,139262145,139446946,3127583,0,0,0,0,0,0,0,0,0,0,0,0,977,134,5,3,0,0,0,0,0,0,0,0,0,idle
1778096881.312608,g2.hpc.coe,41393,0.5001,0,0.0,0.0,12288.0,136137756074,136368576377,139262148,139446948,3127583,0,0,0,0,0,0,0,0,0,0,0,0,943,79,3,2,0,0,0,0,0,0,0,0,0,idle
1778096881.812727,g2.hpc.coe,41393,0.5001,0,0.0,0.0,12288.0,136137757059,136368576456,139262151,139446950,3127583,0,0,0,0,0,0,0,0,0,0,0,0,985,79,3,2,0,0,0,0,0,0,0,0,0,idle
1778096882.3128314,g2.hpc.coe,41393,0.5001,0,0.0,0.0,12288.0,136137758709,136368576982,139262169,139446960,3127583,0,0,0,0,0,0,0,0,0,0,0,0,1650,526,18,10,0,0,0,0,0,0,0,0,0,idle
1778096882.8129685,g2.hpc.coe,41393,0.5001,0,0.0,0.0,12288.0,136137759801,136368577061,139262173,139446962,3127583,0,0,0,0,0,0,0,0,0,0,0,0,1092,79,4,2,0,0,0,0,0,0,0,0,0,idle
1778096883.3130999,g2.hpc.coe,41393,0.5001,0,0.0,0.0,12288.0,136137760935,136368577140,139262177,139446964,3127583,0,0,0,0,0,0,0,0,0,0,0,0,1134,79,4,2,0,0,0,0,0,0,0,0,0,idle
1778096883.813231,g2.hpc.coe,41393,0.5001,0,0.0,0.0,12288.0,136137762112,136368577219,139262181,139446966,3127583,0,0,0,0,0,0,0,0,0,0,0,0,1177,79,4,2,0,0,0,0,0,0,0,0,0,idle
1778096884.3133626,g2.hpc.coe,41393,0.5001,0,0.0,0.0,12288.0,136137762263,136368577276,139262183,139446967,3127583,0,0,0,0,0,0,0,0,0,0,0,0,151,57,2,1,0,0,0,0,0,0,0,0,0,idle
1778096884.813467,g2.hpc.coe,41393,0.5001,0,0.0,0.0,12288.0,136137762456,136368577333,139262185,139446968,3127583,0,0,0,0,0,0,0,0,0,0,0,0,193,57,2,1,0,0,0,0,0,0,0,0,0,idle
1778096885.3135886,g2.hpc.coe,41393,0.5001,0,0.0,0.0,12288.0,136137762691,136368577390,139262187,139446969,3127583,0,0,0,0,0,0,0,0,0,0,0,0,235,57,2,1,0,0,0,0,0,0,0,0,0,idle
1778096885.8137116,g2.hpc.coe,41393,0.5001,0,0.0,0.0,12288.0,136137763046,136368577502,139262191,139446971,3127583,0,0,0,0,0,0,0,0,0,0,0,0,355,112,4,2,0,0,0,0,0,0,0,0,0,idle
1778096886.3138368,g2.hpc.coe,41393,0.5001,0,0.0,0.0,12288.0,136137763366,136368577559,139262193,139446972,3127583,0,0,0,0,0,0,0,0,0,0,0,0,320,57,2,1,0,0,0,0,0,0,0,0,0,idle
1778096886.8139653,g2.hpc.coe,41393,0.5001,0,0.0,0.0,12288.0,136137763728,136368577616,139262195,139446973,3127583,0,0,0,0,0,0,0,0,0,0,0,0,362,57,2,1,0,0,0,0,0,0,0,0,0,idle
1778096887.3140986,g2.hpc.coe,41393,0.5001,0,0.0,0.0,12288.0,136137764133,136368577673,139262197,139446974,3127583,0,0,0,0,0,0,0,0,0,0,0,0,405,57,2,1,0,0,0,0,0,0,0,0,0,idle
1778096887.8142219,g2.hpc.coe,41393,0.5001,0,0.0,0.0,12288.0,136137764580,136368577730,139262199,139446975,3127583,0,0,0,0,0,0,0,0,0,0,0,0,447,57,2,1,0,0,0,0,0,0,0,0,0,idle
1778096888.3143265,g2.hpc.coe,41393,0.5001,0,0.0,0.0,12288.0,136137765069,136368577787,139262201,139446976,3127583,0,0,0,0,0,0,0,0,0,0,0,0,489,57,2,1,0,0,0,0,0,0,0,0,0,idle
1778096888.8144534,g2.hpc.coe,41393,0.5001,0,0.0,0.0,12288.0,136137765600,136368577844,139262203,139446977,3127583,0,0,0,0,0,0,0,0,0,0,0,0,531,57,2,1,0,0,0,0,0,0,0,0,0,idle
1778096889.3145633,g2.hpc.coe,41393,0.5001,0,0.0,0.0,12288.0,136137766196,136368577923,139262206,139446979,3127583,0,0,0,0,0,0,0,0,0,0,0,0,596,79,3,2,0,0,0,0,0,0,0,0,0,idle
1778096889.8146803,g2.hpc.coe,41393,0.5001,0,0.0,0.0,12288.0,136137766834,136368578002,139262209,139446981,3127583,0,0,0,0,0,0,0,0,0,0,0,0,638,79,3,2,0,0,0,0,0,0,0,0,0,idle
1778096890.314804,g2.hpc.coe,41393,0.5001,0,0.0,0.0,12288.0,136137767514,136368578081,139262212,139446983,3127583,0,0,0,0,0,0,0,0,0,0,0,0,680,79,3,2,0,0,0,0,0,0,0,0,0,idle
1778096890.8149242,g2.hpc.coe,41393,0.5001,0,0.0,0.0,12288.0,136137768313,136368578215,139262217,139446986,3127583,0,0,0,0,0,0,0,0,0,0,0,0,799,134,5,3,0,0,0,0,0,0,0,0,0,idle
1778096891.315048,g2.hpc.coe,41393,0.5001,0,0.0,0.0,12288.0,136137769078,136368578294,139262220,139446988,3127583,0,0,0,0,0,0,0,0,0,0,0,0,765,79,3,2,0,0,0,0,0,0,0,0,0,idle
1778096891.8151746,g2.hpc.coe,41393,0.5001,0,0.0,0.0,12288.0,136137769885,136368578373,139262223,139446990,3127583,0,0,0,0,0,0,0,0,0,0,0,0,807,79,3,2,0,0,0,0,0,0,0,0,0,idle
1778096892.315305,g2.hpc.coe,41393,0.5001,0,0.0,0.0,12288.0,136137770734,136368578452,139262226,139446992,3127583,0,0,0,0,0,0,0,0,0,0,0,0,849,79,3,2,0,0,0,0,0,0,0,0,0,idle
1778096892.815428,g2.hpc.coe,41393,0.5001,0,0.0,0.0,12288.0,136137771625,136368578531,139262229,139446994,3127583,0,0,0,0,0,0,0,0,0,0,0,0,891,79,3,2,0,0,0,0,0,0,0,0,0,idle
1778096893.3155308,g2.hpc.coe,41393,0.5001,0,0.0,0.0,12288.0,136137772558,136368578610,139262232,139446996,3127583,0,0,0,0,0,0,0,0,0,0,0,0,933,79,3,2,0,0,0,0,0,0,0,0,0,idle
1778096893.8156667,g2.hpc.coe,41393,0.5001,0,0.0,0.0,12288.0,136137773533,136368578689,139262235,139446998,3127583,0,0,0,0,0,0,0,0,0,0,0,0,975,79,3,2,0,0,0,0,0,0,0,0,0,idle
1778096894.3157914,g2.hpc.coe,41393,0.5001,0,0.0,0.0,12288.0,136137774550,136368578768,139262238,139447000,3127583,0,0,0,0,0,0,0,0,0,0,0,0,1017,79,3,2,0,0,0,0,0,0,0,0,0,idle
1778096894.8159132,g2.hpc.coe,41393,0.5001,0,0.0,0.0,12288.0,136137775610,136368578847,139262241,139447002,3127583,0,0,0,0,0,0,0,0,0,0,0,0,1060,79,3,2,0,0,0,0,0,0,0,0,0,idle
1778096895.3160295,g2.hpc.coe,41393,0.5001,0,0.0,0.0,12288.0,136137776734,136368578926,139262245,139447004,3127583,0,0,0,0,0,0,0,0,0,0,0,0,1124,79,4,2,0,0,0,0,0,0,0,0,0,idle
1778096895.8161528,g2.hpc.coe,41393,0.5001,0,0.0,0.0,12288.0,136137777978,136368579060,139262251,139447007,3127583,0,0,0,0,0,0,0,0,0,0,0,0,1244,134,6,3,0,0,0,0,0,0,0,0,0,idle
1778096896.316279,g2.hpc.coe,41393,0.5001,0,0.0,0.0,12288.0,136137778120,136368579117,139262253,139447008,3127583,0,0,0,0,0,0,0,0,0,0,0,0,142,57,2,1,0,0,0,0,0,0,0,0,0,idle
1778096896.8163805,g2.hpc.coe,41393,0.5001,0,0.0,0.0,12288.0,136137778304,136368579174,139262255,139447009,3127583,0,0,0,0,0,0,0,0,0,0,0,0,184,57,2,1,0,0,0,0,0,0,0,0,0,idle
1778096897.3164854,g2.hpc.coe,41393,0.5001,0,0.0,0.0,12288.0,136137779153,136368579678,139262272,139447018,3127583,0,0,0,0,0,0,0,0,0,0,0,0,849,504,17,9,0,0,0,0,0,0,0,0,0,idle
1778096897.816612,g2.hpc.coe,41393,0.5001,0,0.0,0.0,12288.0,136137779422,136368579735,139262274,139447019,3127583,0,0,0,0,0,0,0,0,0,0,0,0,269,57,2,1,0,0,0,0,0,0,0,0,0,idle
1778096898.3167424,g2.hpc.coe,41393,0.5001,0,0.0,0.0,12288.0,136137779733,136368579792,139262276,139447020,3127583,0,0,0,0,0,0,0,0,0,0,0,0,311,57,2,1,0,0,0,0,0,0,0,0,0,idle
1778096898.816874,g2.hpc.coe,41393,0.5001,0,0.0,0.0,12288.0,136137780086,136368579849,139262278,139447021,3127583,0,0,0,0,0,0,0,0,0,0,0,0,353,57,2,1,0,0,0,0,0,0,0,0,0,idle
1778096899.3169813,g2.hpc.coe,41393,0.5001,0,0.0,0.0,12288.0,136137780481,136368579906,139262280,139447022,3127583,0,0,0,0,0,0,0,0,0,0,0,0,395,57,2,1,0,0,0,0,0,0,0,0,0,idle
1778096899.817128,g2.hpc.coe,41393,0.5001,0,0.0,0.0,12288.0,136137780918,136368579963,139262282,139447023,3127583,0,0,0,0,0,0,0,0,0,0,0,0,437,57,2,1,0,0,0,0,0,0,0,0,0,idle
1778096900.3172576,g2.hpc.coe,41393,0.5001,0,0.0,0.0,12288.0,136137781397,136368580020,139262284,139447024,3127583,0,0,0,0,0,0,0,0,0,0,0,0,479,57,2,1,0,0,0,0,0,0,0,0,0,idle
1778096900.8173585,g2.hpc.coe,41393,0.5001,0,0.0,0.0,12288.0,136137781918,136368580077,139262286,139447025,3127583,0,0,0,0,0,0,0,0,0,0,0,0,521,57,2,1,0,0,0,0,0,0,0,0,0,idle
1778096901.3174891,g2.hpc.coe,41393,0.5001,0,0.0,0.0,12288.0,136137782559,136368580211,139262290,139447028,3127583,0,0,0,0,0,0,0,0,0,0,0,0,641,134,4,3,0,0,0,0,0,0,0,0,0,idle
1778096901.817612,g2.hpc.coe,41393,0.5001,0,0.0,0.0,12288.0,136137783187,136368580290,139262293,139447030,3127583,0,0,0,0,0,0,0,0,0,0,0,0,628,79,3,2,0,0,0,0,0,0,0,0,0,idle
1778096902.3177426,g2.hpc.coe,41393,0.5001,0,0.0,0.0,12288.0,136137783857,136368580369,139262296,139447032,3127583,0,0,0,0,0,0,0,0,0,0,0,0,670,79,3,2,0,0,0,0,0,0,0,0,0,idle
1778096902.817843,g2.hpc.coe,41393,0.5001,0,0.0,0.0,12288.0,136137784569,136368580448,139262299,139447034,3127583,0,0,0,0,0,0,0,0,0,0,0,0,712,79,3,2,0,0,0,0,0,0,0,0,0,idle
1778096903.317967,g2.hpc.coe,41393,0.5001,0,0.0,0.0,12288.0,136137785323,136368580527,139262302,139447036,3127583,0,0,0,0,0,0,0,0,0,0,0,0,754,79,3,2,0,0,0,0,0,0,0,0,0,idle
1778096903.8180897,g2.hpc.coe,41393,0.5001,0,0.0,0.0,12288.0,136137786119,136368580606,139262305,139447038,3127583,0,0,0,0,0,0,0,0,0,0,0,0,796,79,3,2,0,0,0,0,0,0,0,0,0,idle
1778096904.3182173,g2.hpc.coe,41393,0.5001,0,0.0,0.0,12288.0,136137786958,136368580685,139262308,139447040,3127583,0,0,0,0,0,0,0,0,0,0,0,0,839,79,3,2,0,0,0,0,0,0,0,0,0,idle
1778096904.8183527,g2.hpc.coe,41393,0.5001,0,0.0,0.0,12288.0,136137787839,136368580764,139262311,139447042,3127583,0,0,0,0,0,0,0,0,0,0,0,0,881,79,3,2,0,0,0,0,0,0,0,0,0,idle
1778096905.3184786,g2.hpc.coe,41393,0.5001,0,0.0,0.0,12288.0,136137788762,136368580843,139262314,139447044,3127583,0,0,0,0,0,0,0,0,0,0,0,0,923,79,3,2,0,0,0,0,0,0,0,0,0,idle
1778096905.8186069,g2.hpc.coe,41393,0.5001,0,0.0,0.0,12288.0,136137789727,136368580922,139262317,139447046,3127583,0,0,0,0,0,0,0,0,0,0,0,0,965,79,3,2,0,0,0,0,0,0,0,0,0,idle
1778096906.318713,g2.hpc.coe,41393,0.5001,0,0.0,0.0,12288.0,136137790812,136368581056,139262322,139447049,3127583,0,0,0,0,0,0,0,0,0,0,0,0,1085,134,5,3,0,0,0,0,0,0,0,0,0,idle
1778096906.8188157,g2.hpc.coe,41393,0.5001,0,0.0,0.0,12288.0,136137791862,136368581135,139262325,139447051,3127583,0,0,0,0,0,0,0,0,0,0,0,0,1050,79,3,2,0,0,0,0,0,0,0,0,0,idle
1778096907.3189394,g2.hpc.coe,41393,0.5001,0,0.0,0.0,12288.0,136137792977,136368581214,139262329,139447053,3127583,0,0,0,0,0,0,0,0,0,0,0,0,1115,79,4,2,0,0,0,0,0,0,0,0,0,idle
1778096907.8190732,g2.hpc.coe,41393,0.5001,0,0.0,0.0,12288.0,136137794134,136368581293,139262333,139447055,3127583,0,0,0,0,0,0,0,0,0,0,0,0,1157,79,4,2,0,0,0,0,0,0,0,0,0,idle
1778096908.3192005,g2.hpc.coe,41393,0.5001,0,0.0,0.0,12288.0,136137794266,136368581350,139262335,139447056,3127583,0,0,0,0,0,0,0,0,0,0,0,0,132,57,2,1,0,0,0,0,0,0,0,0,0,idle
1778096908.8193247,g2.hpc.coe,41393,0.5001,0,0.0,0.0,12288.0,136137794440,136368581407,139262337,139447057,3127583,0,0,0,0,0,0,0,0,0,0,0,0,174,57,2,1,0,0,0,0,0,0,0,0,0,idle
1778096909.3194568,g2.hpc.coe,41393,0.5001,0,0.0,0.0,12288.0,136137794656,136368581464,139262339,139447058,3127583,0,0,0,0,0,0,0,0,0,0,0,0,216,57,2,1,0,0,0,0,0,0,0,0,0,idle
1778096909.8195763,g2.hpc.coe,41393,0.5001,0,0.0,0.0,12288.0,136137794914,136368581521,139262341,139447059,3127583,0,0,0,0,0,0,0,0,0,0,0,0,258,57,2,1,0,0,0,0,0,0,0,0,0,idle
1778096910.319731,g2.hpc.coe,41393,0.5002,0,0.0,0.0,12288.0,136137795215,136368581578,139262343,139447060,3127583,0,0,0,0,0,0,0,0,0,0,0,0,301,57,2,1,0,0,0,0,0,0,0,0,0,idle
1778096910.8198774,g2.hpc.coe,41393,0.5001,0,0.0,0.0,12288.0,136137795558,136368581635,139262345,139447061,3127583,0,0,0,0,0,0,0,0,0,0,0,0,343,57,2,1,0,0,0,0,0,0,0,0,0,idle
1778096911.3199987,g2.hpc.coe,41393,0.5001,0,0.0,0.0,12288.0,136137796020,136368581747,139262349,139447063,3127583,0,0,0,0,0,0,0,0,0,0,0,0,462,112,4,2,0,0,0,0,0,0,0,0,0,idle
1778096911.8201296,g2.hpc.coe,41393,0.5001,0,0.0,0.0,12288.0,136137796447,136368581804,139262351,139447064,3127583,0,0,0,0,0,0,0,0,0,0,0,0,427,57,2,1,0,0,0,0,0,0,0,0,0,idle
1778096912.3202631,g2.hpc.coe,41393,0.5001,0,0.0,0.0,12288.0,136137797540,136368582308,139262368,139447073,3127583,0,0,0,0,0,0,0,0,0,0,0,0,1093,504,17,9,0,0,0,0,0,0,0,0,0,idle
1778096912.8203917,g2.hpc.coe,41393,0.5001,0,0.0,0.0,12288.0,136137798053,136368582365,139262370,139447074,3127583,0,0,0,0,0,0,0,0,0,0,0,0,513,57,2,1,0,0,0,0,0,0,0,0,0,idle
1778096913.3205147,g2.hpc.coe,41393,0.5001,0,0.0,0.0,12288.0,136137798630,136368582444,139262373,139447076,3127583,0,0,0,0,0,0,0,0,0,0,0,0,577,79,3,2,0,0,0,0,0,0,0,0,0,idle
1778096913.820622,g2.hpc.coe,41393,0.5001,0,0.0,0.0,12288.0,136137799249,136368582523,139262376,139447078,3127583,0,0,0,0,0,0,0,0,0,0,0,0,619,79,3,2,0,0,0,0,0,0,0,0,0,idle
1778096914.3207498,g2.hpc.coe,41393,0.5001,0,0.0,0.0,12288.0,136137799910,136368582602,139262379,139447080,3127583,0,0,0,0,0,0,0,0,0,0,0,0,661,79,3,2,0,0,0,0,0,0,0,0,0,idle
1778096914.8208838,g2.hpc.coe,41393,0.5001,0,0.0,0.0,12288.0,136137800613,136368582681,139262382,139447082,3127583,0,0,0,0,0,0,0,0,0,0,0,0,703,79,3,2,0,0,0,0,0,0,0,0,0,idle
1778096915.3210232,g2.hpc.coe,41393,0.5001,0,0.0,0.0,12288.0,136137801359,136368582760,139262385,139447084,3127583,0,0,0,0,0,0,0,0,0,0,0,0,746,79,3,2,0,0,0,0,0,0,0,0,0,idle
1778096915.8211284,g2.hpc.coe,41393,0.5001,0,0.0,0.0,12288.0,136137802147,136368582839,139262388,139447086,3127583,0,0,0,0,0,0,0,0,0,0,0,0,788,79,3,2,0,0,0,0,0,0,0,0,0,idle
1778096916.3212562,g2.hpc.coe,41393,0.5001,0,0.0,0.0,12288.0,136137803054,136368582973,139262393,139447089,3127583,0,0,0,0,0,0,0,0,0,0,0,0,907,134,5,3,0,0,0,0,0,0,0,0,0,idle
1778096916.8213866,g2.hpc.coe,41393,0.5001,0,0.0,0.0,12288.0,136137803927,136368583052,139262396,139447091,3127583,0,0,0,0,0,0,0,0,0,0,0,0,873,79,3,2,0,0,0,0,0,0,0,0,0,idle
1778096917.321513,g2.hpc.coe,41393,0.5001,0,0.0,0.0,12288.0,136137804842,136368583131,139262399,139447093,3127583,0,0,0,0,0,0,0,0,0,0,0,0,915,79,3,2,0,0,0,0,0,0,0,0,0,idle
1778096917.8216448,g2.hpc.coe,41393,0.5001,0,0.0,0.0,12288.0,136137805799,136368583210,139262402,139447095,3127583,0,0,0,0,0,0,0,0,0,0,0,0,957,79,3,2,0,0,0,0,0,0,0,0,0,idle
1778096918.3217754,g2.hpc.coe,41393,0.5001,0,0.0,0.0,12288.0,136137806798,136368583289,139262405,139447097,3127583,0,0,0,0,0,0,0,0,0,0,0,0,999,79,3,2,0,0,0,0,0,0,0,0,0,idle
1778096918.821919,g2.hpc.coe,41393,0.5001,0,0.0,0.0,12288.0,136137807839,136368583368,139262408,139447099,3127583,0,0,0,0,0,0,0,0,0,0,0,0,1041,79,3,2,0,0,0,0,0,0,0,0,0,idle
1778096919.3220527,g2.hpc.coe,41393,0.5001,0,0.0,0.0,12288.0,136137809202,136368583702,139262417,139447106,3127583,0,0,0,0,0,0,0,0,0,0,0,0,1363,334,9,7,0,0,0,0,0,0,0,0,0,idle
1778096919.8221927,g2.hpc.coe,41393,0.5001,0,0.0,0.0,12288.0,136137810372,136368583781,139262422,139447108,3127583,0,0,0,0,0,0,0,0,0,0,0,0,1170,79,5,2,0,0,0,0,0,0,0,0,0,idle
1778096920.3223243,g2.hpc.coe,41393,0.5001,0,0.0,0.0,12288.0,136137810495,136368583838,139262424,139447109,3127583,0,0,0,0,0,0,0,0,0,0,0,0,123,57,2,1,0,0,0,0,0,0,0,0,0,idle
1778096920.8224337,g2.hpc.coe,41393,0.5001,0,0.0,0.0,12288.0,136137810660,136368583895,139262426,139447110,3127583,0,0,0,0,0,0,0,0,0,0,0,0,165,57,2,1,0,0,0,0,0,0,0,0,0,idle
1778096921.3225389,g2.hpc.coe,41393,0.5001,0,0.0,0.0,12288.0,136137810867,136368583952,139262428,139447111,3127583,0,0,0,0,0,0,0,0,0,0,0,0,207,57,2,1,0,0,0,0,0,0,0,0,0,idle
1778096921.8226724,g2.hpc.coe,41393,0.5001,0,0.0,0.0,12288.0,136137811117,136368584009,139262430,139447112,3127583,0,0,0,0,0,0,0,0,0,0,0,0,250,57,2,1,0,0,0,0,0,0,0,0,0,idle
1778096922.3227932,g2.hpc.coe,41393,0.5001,0,0.0,0.0,12288.0,136137811409,136368584066,139262432,139447113,3127583,0,0,0,0,0,0,0,0,0,0,0,0,292,57,2,1,0,0,0,0,0,0,0,0,0,idle
1778096922.8229334,g2.hpc.coe,41393,0.5001,0,0.0,0.0,12288.0,136137811743,136368584123,139262434,139447114,3127583,0,0,0,0,0,0,0,0,0,0,0,0,334,57,2,1,0,0,0,0,0,0,0,0,0,idle
1778096923.323072,g2.hpc.coe,41393,0.5001,0,0.0,0.0,12288.0,136137812119,136368584180,139262436,139447115,3127583,0,0,0,0,0,0,0,0,0,0,0,0,376,57,2,1,0,0,0,0,0,0,0,0,0,idle
1778096923.8231983,g2.hpc.coe,41393,0.5001,0,0.0,0.0,12288.0,136137812537,136368584237,139262438,139447116,3127583,0,0,0,0,0,0,0,0,0,0,0,0,418,57,2,1,0,0,0,0,0,0,0,0,0,idle
1778096924.323331,g2.hpc.coe,41393,0.5001,0,0.0,0.0,12288.0,136137812998,136368584294,139262440,139447117,3127583,0,0,0,0,0,0,0,0,0,0,0,0,461,57,2,1,0,0,0,0,0,0,0,0,0,idle
1778096924.8234513,g2.hpc.coe,41393,0.5001,0,0.0,0.0,12288.0,136137813501,136368584351,139262442,139447118,3127583,0,0,0,0,0,0,0,0,0,0,0,0,503,57,2,1,0,0,0,0,0,0,0,0,0,idle
1778096925.3235798,g2.hpc.coe,41393,0.5001,0,0.0,0.0,12288.0,136137814068,136368584430,139262445,139447120,3127583,0,0,0,0,0,0,0,0,0,0,0,0,567,79,3,2,0,0,0,0,0,0,0,0,0,idle
1778096925.8237007,g2.hpc.coe,41393,0.5001,0,0.0,0.0,12288.0,136137814677,136368584509,139262448,139447122,3127583,0,0,0,0,0,0,0,0,0,0,0,0,609,79,3,2,0,0,0,0,0,0,0,0,0,idle
1778096926.323798,g2.hpc.coe,41393,0.5001,0,0.0,0.0,12288.0,136137815328,136368584588,139262451,139447124,3127583,0,0,0,0,0,0,0,0,0,0,0,0,651,79,3,2,0,0,0,0,0,0,0,0,0,idle
1778096926.8239176,g2.hpc.coe,41393,0.5001,0,0.0,0.0,12288.0,136137816098,136368584722,139262456,139447127,3127583,0,0,0,0,0,0,0,0,0,0,0,0,770,134,5,3,0,0,0,0,0,0,0,0,0,idle
1778096927.3240502,g2.hpc.coe,41393,0.5001,0,0.0,0.0,12288.0,136137817457,136368585248,139262474,139447137,3127583,0,0,0,0,0,0,0,0,0,0,0,0,1359,526,18,10,0,0,0,0,0,0,0,0,0,idle
1778096927.8241758,g2.hpc.coe,41393,0.5001,0,0.0,0.0,12288.0,136137818236,136368585327,139262477,139447139,3127583,0,0,0,0,0,0,0,0,0,0,0,0,779,79,3,2,0,0,0,0,0,0,0,0,0,idle
1778096928.3243074,g2.hpc.coe,41393,0.5001,0,0.0,0.0,12288.0,136137819057,136368585406,139262480,139447141,3127583,0,0,0,0,0,0,0,0,0,0,0,0,821,79,3,2,0,0,0,0,0,0,0,0,0,idle
1778096928.8244152,g2.hpc.coe,41393,0.5001,0,0.0,0.0,12288.0,136137819921,136368585485,139262483,139447143,3127583,0,0,0,0,0,0,0,0,0,0,0,0,864,79,3,2,0,0,0,0,0,0,0,0,0,idle
1778096929.3245575,g2.hpc.coe,41393,0.5001,0,0.0,0.0,12288.0,136137820827,136368585564,139262486,139447145,3127583,0,0,0,0,0,0,0,0,0,0,0,0,906,79,3,2,0,0,0,0,0,0,0,0,0,idle
1778096929.8246806,g2.hpc.coe,41393,0.5001,0,0.0,0.0,12288.0,136137821775,136368585643,139262489,139447147,3127583,0,0,0,0,0,0,0,0,0,0,0,0,948,79,3,2,0,0,0,0,0,0,0,0,0,idle
1778096930.3247857,g2.hpc.coe,41393,0.5001,0,0.0,0.0,12288.0,136137822765,136368585722,139262492,139447149,3127583,0,0,0,0,0,0,0,0,0,0,0,0,990,79,3,2,0,0,0,0,0,0,0,0,0,idle
1778096930.8249178,g2.hpc.coe,41393,0.5001,0,0.0,0.0,12288.0,136137823798,136368585801,139262495,139447151,3127583,0,0,0,0,0,0,0,0,0,0,0,0,1033,79,3,2,0,0,0,0,0,0,0,0,0,idle
1778096931.325045,g2.hpc.coe,41393,0.5001,0,0.0,0.0,12288.0,136137824895,136368585880,139262499,139447153,3127583,0,0,0,0,0,0,0,0,0,0,0,0,1097,79,4,2,0,0,0,0,0,0,0,0,0,idle
1778096931.8251514,g2.hpc.coe,41393,0.5001,0,0.0,0.0,12288.0,136137826111,136368586014,139262505,139447156,3127583,0,0,0,0,0,0,0,0,0,0,0,0,1216,134,6,3,0,0,0,0,0,0,0,0,0,idle
1778096932.3252804,g2.hpc.coe,41393,0.5001,0,0.0,0.0,12288.0,136137827293,136368586093,139262509,139447158,3127583,0,0,0,0,0,0,0,0,0,0,0,0,1182,79,4,2,0,0,0,0,0,0,0,0,0,idle
1778096932.8253999,g2.hpc.coe,41393,0.5001,0,0.0,0.0,12288.0,136137827450,136368586150,139262511,139447159,3127583,0,0,0,0,0,0,0,0,0,0,0,0,157,57,2,1,0,0,0,0,0,0,0,0,0,idle
1778096933.325511,g2.hpc.coe,41393,0.5001,0,0.0,0.0,12288.0,136137827649,136368586207,139262513,139447160,3127583,0,0,0,0,0,0,0,0,0,0,0,0,199,57,2,1,0,0,0,0,0,0,0,0,0,idle
1778096933.825639,g2.hpc.coe,41393,0.5001,0,0.0,0.0,12288.0,136137827890,136368586264,139262515,139447161,3127583,0,0,0,0,0,0,0,0,0,0,0,0,241,57,2,1,0,0,0,0,0,0,0,0,0,idle
1778096934.3257685,g2.hpc.coe,41393,0.5001,0,0.0,0.0,12288.0,136137828173,136368586321,139262517,139447162,3127583,0,0,0,0,0,0,0,0,0,0,0,0,283,57,2,1,0,0,0,0,0,0,0,0,0,idle
1778096934.8258924,g2.hpc.coe,41393,0.5001,0,0.0,0.0,12288.0,136137828498,136368586378,139262519,139447163,3127583,0,0,0,0,0,0,0,0,0,0,0,0,325,57,2,1,0,0,0,0,0,0,0,0,0,idle
1778096935.3260138,g2.hpc.coe,41393,0.5001,0,0.0,0.0,12288.0,136137828865,136368586435,139262521,139447164,3127583,0,0,0,0,0,0,0,0,0,0,0,0,367,57,2,1,0,0,0,0,0,0,0,0,0,idle
1778096935.8261204,g2.hpc.coe,41393,0.5001,0,0.0,0.0,12288.0,136137829275,136368586492,139262523,139447165,3127583,0,0,0,0,0,0,0,0,0,0,0,0,410,57,2,1,0,0,0,0,0,0,0,0,0,idle
1778096936.3262525,g2.hpc.coe,41393,0.5001,0,0.0,0.0,12288.0,136137829727,136368586549,139262525,139447166,3127583,0,0,0,0,0,0,0,0,0,0,0,0,452,57,2,1,0,0,0,0,0,0,0,0,0,idle
1778096936.8263779,g2.hpc.coe,41393,0.5001,0,0.0,0.0,12288.0,136137830298,136368586661,139262529,139447168,3127583,0,0,0,0,0,0,0,0,0,0,0,0,571,112,4,2,0,0,0,0,0,0,0,0,0,idle
1778096937.326498,g2.hpc.coe,41393,0.5001,0,0.0,0.0,12288.0,136137830835,136368586718,139262531,139447169,3127583,0,0,0,0,0,0,0,0,0,0,0,0,537,57,2,1,0,0,0,0,0,0,0,0,0,idle
1778096937.8266282,g2.hpc.coe,41393,0.5001,0,0.0,0.0,12288.0,136137831436,136368586797,139262534,139447171,3127583,0,0,0,0,0,0,0,0,0,0,0,0,601,79,3,2,0,0,0,0,0,0,0,0,0,idle
1778096938.326769,g2.hpc.coe,41393,0.5001,0,0.0,0.0,12288.0,136137832079,136368586876,139262537,139447173,3127583,0,0,0,0,0,0,0,0,0,0,0,0,643,79,3,2,0,0,0,0,0,0,0,0,0,idle
1778096938.826909,g2.hpc.coe,41393,0.5001,0,0.0,0.0,12288.0,136137832764,136368586955,139262540,139447175,3127583,0,0,0,0,0,0,0,0,0,0,0,0,685,79,3,2,0,0,0,0,0,0,0,0,0,idle
1778096939.3270392,g2.hpc.coe,41393,0.5001,0,0.0,0.0,12288.0,136137833491,136368587034,139262543,139447177,3127583,0,0,0,0,0,0,0,0,0,0,0,0,727,79,3,2,0,0,0,0,0,0,0,0,0,idle
1778096939.8271718,g2.hpc.coe,41393,0.5001,0,0.0,0.0,12288.0,136137834260,136368587113,139262546,139447179,3127583,0,0,0,0,0,0,0,0,0,0,0,0,769,79,3,2,0,0,0,0,0,0,0,0,0,idle
1778096940.327294,g2.hpc.coe,41393,0.5001,0,0.0,0.0,12288.0,136137835071,136368587192,139262549,139447181,3127583,0,0,0,0,0,0,0,0,0,0,0,0,811,79,3,2,0,0,0,0,0,0,0,0,0,idle
1778096940.827404,g2.hpc.coe,41393,0.5001,0,0.0,0.0,12288.0,136137835924,136368587271,139262552,139447183,3127583,0,0,0,0,0,0,0,0,0,0,0,0,853,79,3,2,0,0,0,0,0,0,0,0,0,idle
1778096941.327546,g2.hpc.coe,41393,0.5001,0,0.0,0.0,12288.0,136137836819,136368587350,139262555,139447185,3127583,0,0,0,0,0,0,0,0,0,0,0,0,895,79,3,2,0,0,0,0,0,0,0,0,0,idle
1778096941.8276753,g2.hpc.coe,41393,0.5001,0,0.0,0.0,12288.0,136137837811,136368587484,139262559,139447188,3127583,0,0,0,0,0,0,0,0,0,0,0,0,992,134,4,3,0,0,0,0,0,0,0,0,0,idle
1778096942.3278108,g2.hpc.coe,41393,0.5001,0,0.0,0.0,12288.0,136137839436,136368588010,139262578,139447198,3127583,0,0,0,0,0,0,0,0,0,0,0,0,1625,526,19,10,0,0,0,0,0,0,0,0,0,idle
1778096942.827935,g2.hpc.coe,41393,0.5001,0,0.0,0.0,12288.0,136137840459,136368588089,139262581,139447200,3127583,0,0,0,0,0,0,0,0,0,0,0,0,1023,79,3,2,0,0,0,0,0,0,0,0,0,idle
1778096943.3280609,g2.hpc.coe,41393,0.5001,0,0.0,0.0,12288.0,136137841546,136368588168,139262585,139447202,3127583,0,0,0,0,0,0,0,0,0,0,0,0,1087,79,4,2,0,0,0,0,0,0,0,0,0,idle
1778096943.8281965,g2.hpc.coe,41393,0.5001,0,0.0,0.0,12288.0,136137842676,136368588247,139262589,139447204,3127583,0,0,0,0,0,0,0,0,0,0,0,0,1130,79,4,2,0,0,0,0,0,0,0,0,0,idle
1778096944.3283074,g2.hpc.coe,41393,0.5001,0,0.0,0.0,12288.0,136137843848,136368588326,139262593,139447206,3127583,0,0,0,0,0,0,0,0,0,0,0,0,1172,79,4,2,0,0,0,0,0,0,0,0,0,idle
1778096944.828437,g2.hpc.coe,41393,0.5001,0,0.0,0.0,12288.0,136137843995,136368588383,139262595,139447207,3127583,0,0,0,0,0,0,0,0,0,0,0,0,147,57,2,1,0,0,0,0,0,0,0,0,0,idle
1778096945.328567,g2.hpc.coe,41393,0.5001,0,0.0,0.0,12288.0,136137844184,136368588440,139262597,139447208,3127583,0,0,0,0,0,0,0,0,0,0,0,0,189,57,2,1,0,0,0,0,0,0,0,0,0,idle
1778096945.8286874,g2.hpc.coe,41393,0.5001,0,0.0,0.0,12288.0,136137844415,136368588497,139262599,139447209,3127583,0,0,0,0,0,0,0,0,0,0,0,0,231,57,2,1,0,0,0,0,0,0,0,0,0,idle
1778096946.3288057,g2.hpc.coe,41393,0.5001,0,0.0,0.0,12288.0,136137844688,136368588554,139262601,139447210,3127583,0,0,0,0,0,0,0,0,0,0,0,0,273,57,2,1,0,0,0,0,0,0,0,0,0,idle
1778096946.828936,g2.hpc.coe,41393,0.5001,0,0.0,0.0,12288.0,136137845003,136368588611,139262603,139447211,3127583,0,0,0,0,0,0,0,0,0,0,0,0,315,57,2,1,0,0,0,0,0,0,0,0,0,idle
1778096947.329037,g2.hpc.coe,41393,0.5001,0,0.0,0.0,12288.0,136137845437,136368588723,139262607,139447213,3127583,0,0,0,0,0,0,0,0,0,0,0,0,434,112,4,2,0,0,0,0,0,0,0,0,0,idle
1778096947.8291705,g2.hpc.coe,41393,0.5001,0,0.0,0.0,12288.0,136137845837,136368588780,139262609,139447214,3127583,0,0,0,0,0,0,0,0,0,0,0,0,400,57,2,1,0,0,0,0,0,0,0,0,0,idle
1778096948.3292994,g2.hpc.coe,41393,0.5001,0,0.0,0.0,12288.0,136137846279,136368588837,139262611,139447215,3127583,0,0,0,0,0,0,0,0,0,0,0,0,442,57,2,1,0,0,0,0,0,0,0,0,0,idle
1778096948.8294215,g2.hpc.coe,41393,0.5001,0,0.0,0.0,12288.0,136137846763,136368588894,139262613,139447216,3127583,0,0,0,0,0,0,0,0,0,0,0,0,484,57,2,1,0,0,0,0,0,0,0,0,0,idle
1778096949.3295429,g2.hpc.coe,41393,0.5001,0,0.0,0.0,12288.0,136137847289,136368588951,139262615,139447217,3127583,0,0,0,0,0,0,0,0,0,0,0,0,526,57,2,1,0,0,0,0,0,0,0,0,0,idle
1778096949.829653,g2.hpc.coe,41393,0.5001,0,0.0,0.0,12288.0,136137847880,136368589030,139262618,139447219,3127583,0,0,0,0,0,0,0,0,0,0,0,0,591,79,3,2,0,0,0,0,0,0,0,0,0,idle
1778096950.329786,g2.hpc.coe,41393,0.5001,0,0.0,0.0,12288.0,136137848513,136368589109,139262621,139447221,3127583,0,0,0,0,0,0,0,0,0,0,0,0,633,79,3,2,0,0,0,0,0,0,0,0,0,idle
1778096950.8299074,g2.hpc.coe,41393,0.5001,0,0.0,0.0,12288.0,136137849188,136368589188,139262624,139447223,3127583,0,0,0,0,0,0,0,0,0,0,0,0,675,79,3,2,0,0,0,0,0,0,0,0,0,idle
1778096951.330039,g2.hpc.coe,41393,0.5001,0,0.0,0.0,12288.0,136137849905,136368589267,139262627,139447225,3127583,0,0,0,0,0,0,0,0,0,0,0,0,717,79,3,2,0,0,0,0,0,0,0,0,0,idle
1778096951.830167,g2.hpc.coe,41393,0.5001,0,0.0,0.0,12288.0,136137850664,136368589346,139262630,139447227,3127583,0,0,0,0,0,0,0,0,0,0,0,0,759,79,3,2,0,0,0,0,0,0,0,0,0,idle
1778096952.3302913,g2.hpc.coe,41393,0.5001,0,0.0,0.0,12288.0,136137851542,136368589480,139262635,139447230,3127583,0,0,0,0,0,0,0,0,0,0,0,0,878,134,5,3,0,0,0,0,0,0,0,0,0,idle
1778096952.8303998,g2.hpc.coe,41393,0.5001,0,0.0,0.0,12288.0,136137852385,136368589559,139262638,139447232,3127583,0,0,0,0,0,0,0,0,0,0,0,0,843,79,3,2,0,0,0,0,0,0,0,0,0,idle
1778096953.330529,g2.hpc.coe,41393,0.5001,0,0.0,0.0,12288.0,136137853271,136368589638,139262641,139447234,3127583,0,0,0,0,0,0,0,0,0,0,0,0,886,79,3,2,0,0,0,0,0,0,0,0,0,idle
1778096953.8306508,g2.hpc.coe,41393,0.5001,0,0.0,0.0,12288.0,136137854199,136368589717,139262644,139447236,3127583,0,0,0,0,0,0,0,0,0,0,0,0,928,79,3,2,0,0,0,0,0,0,0,0,0,idle
1778096954.3307714,g2.hpc.coe,41393,0.5001,0,0.0,0.0,12288.0,136137855169,136368589796,139262647,139447238,3127583,0,0,0,0,0,0,0,0,0,0,0,0,970,79,3,2,0,0,0,0,0,0,0,0,0,idle
1778096954.8308978,g2.hpc.coe,41393,0.5001,0,0.0,0.0,12288.0,136137856181,136368589875,139262650,139447240,3127583,0,0,0,0,0,0,0,0,0,0,0,0,1012,79,3,2,0,0,0,0,0,0,0,0,0,idle
1778096955.331018,g2.hpc.coe,41393,0.5001,0,0.0,0.0,12288.0,136137857236,136368589954,139262653,139447242,3127583,0,0,0,0,0,0,0,0,0,0,0,0,1055,79,3,2,0,0,0,0,0,0,0,0,0,idle
1778096955.8311522,g2.hpc.coe,41393,0.5001,0,0.0,0.0,12288.0,136137858355,136368590033,139262657,139447244,3127583,0,0,0,0,0,0,0,0,0,0,0,0,1119,79,4,2,0,0,0,0,0,0,0,0,0,idle
1778096956.331265,g2.hpc.coe,41393,0.5001,0,0.0,0.0,12288.0,136137859516,136368590112,139262661,139447246,3127583,0,0,0,0,0,0,0,0,0,0,0,0,1161,79,4,2,0,0,0,0,0,0,0,0,0,idle
1778096956.8313694,g2.hpc.coe,41393,0.5001,0,0.0,0.0,12288.0,136137859652,136368590169,139262663,139447247,3127583,0,0,0,0,0,0,0,0,0,0,0,0,136,57,2,1,0,0,0,0,0,0,0,0,0,idle
1778096957.3314764,g2.hpc.coe,41393,0.5001,0,0.0,0.0,12288.0,136137860530,136368590728,139262682,139447257,3127583,0,0,0,0,0,0,0,0,0,0,0,0,878,559,19,10,0,0,0,0,0,0,0,0,0,idle
1778096957.8316007,g2.hpc.coe,41393,0.5001,0,0.0,0.0,12288.0,136137860751,136368590785,139262684,139447258,3127583,0,0,0,0,0,0,0,0,0,0,0,0,221,57,2,1,0,0,0,0,0,0,0,0,0,idle
1778096958.331737,g2.hpc.coe,41393,0.5001,0,0.0,0.0,12288.0,136137861014,136368590842,139262686,139447259,3127583,0,0,0,0,0,0,0,0,0,0,0,0,263,57,2,1,0,0,0,0,0,0,0,0,0,idle
1778096958.8318768,g2.hpc.coe,41393,0.5001,0,0.0,0.0,12288.0,136137861319,136368590899,139262688,139447260,3127583,0,0,0,0,0,0,0,0,0,0,0,0,305,57,2,1,0,0,0,0,0,0,0,0,0,idle
1778096959.3320045,g2.hpc.coe,41393,0.5001,0,0.0,0.0,12288.0,136137861666,136368590956,139262690,139447261,3127583,0,0,0,0,0,0,0,0,0,0,0,0,347,57,2,1,0,0,0,0,0,0,0,0,0,idle
1778096959.8321388,g2.hpc.coe,41393,0.5001,0,0.0,0.0,12288.0,136137862056,136368591013,139262692,139447262,3127583,0,0,0,0,0,0,0,0,0,0,0,0,390,57,2,1,0,0,0,0,0,0,0,0,0,idle
1778096960.3322477,g2.hpc.coe,41393,0.5001,0,0.0,0.0,12288.0,136137862488,136368591070,139262694,139447263,3127583,0,0,0,0,0,0,0,0,0,0,0,0,432,57,2,1,0,0,0,0,0,0,0,0,0,idle
1778096960.8323996,g2.hpc.coe,41393,0.5002,0,0.0,0.0,12288.0,136137862962,136368591127,139262696,139447264,3127583,0,0,0,0,0,0,0,0,0,0,0,0,474,57,2,1,0,0,0,0,0,0,0,0,0,idle
1778096961.332511,g2.hpc.coe,41393,0.5001,0,0.0,0.0,12288.0,136137863478,136368591184,139262698,139447265,3127583,0,0,0,0,0,0,0,0,0,0,0,0,516,57,2,1,0,0,0,0,0,0,0,0,0,idle
1778096961.8326223,g2.hpc.coe,41393,0.5001,0,0.0,0.0,12288.0,136137864058,136368591263,139262701,139447267,3127583,0,0,0,0,0,0,0,0,0,0,0,0,580,79,3,2,0,0,0,0,0,0,0,0,0,idle
1778096962.3327382,g2.hpc.coe,41393,0.5001,0,0.0,0.0,12288.0,136137864758,136368591397,139262706,139447270,3127583,0,0,0,0,0,0,0,0,0,0,0,0,700,134,5,3,0,0,0,0,0,0,0,0,0,idle
1778096962.8328798,g2.hpc.coe,41393,0.5001,0,0.0,0.0,12288.0,136137865423,136368591476,139262709,139447272,3127583,0,0,0,0,0,0,0,0,0,0,0,0,665,79,3,2,0,0,0,0,0,0,0,0,0,idle
1778096963.3330026,g2.hpc.coe,41393,0.5001,0,0.0,0.0,12288.0,136137866130,136368591555,139262712,139447274,3127583,0,0,0,0,0,0,0,0,0,0,0,0,707,79,3,2,0,0,0,0,0,0,0,0,0,idle
1778096963.833122,g2.hpc.coe,41393,0.5001,0,0.0,0.0,12288.0,136137866880,136368591634,139262715,139447276,3127583,0,0,0,0,0,0,0,0,0,0,0,0,750,79,3,2,0,0,0,0,0,0,0,0,0,idle
1778096964.333251,g2.hpc.coe,41393,0.5001,0,0.0,0.0,12288.0,136137867672,136368591713,139262718,139447278,3127583,0,0,0,0,0,0,0,0,0,0,0,0,792,79,3,2,0,0,0,0,0,0,0,0,0,idle
1778096964.8333747,g2.hpc.coe,41393,0.5001,0,0.0,0.0,12288.0,136137868506,136368591792,139262721,139447280,3127583,0,0,0,0,0,0,0,0,0,0,0,0,834,79,3,2,0,0,0,0,0,0,0,0,0,idle
1778096965.3334928,g2.hpc.coe,41393,0.5001,0,0.0,0.0,12288.0,136137869382,136368591871,139262724,139447282,3127583,0,0,0,0,0,0,0,0,0,0,0,0,876,79,3,2,0,0,0,0,0,0,0,0,0,idle
1778096965.833624,g2.hpc.coe,41393,0.5001,0,0.0,0.0,12288.0,136137870300,136368591950,139262727,139447284,3127583,0,0,0,0,0,0,0,0,0,0,0,0,918,79,3,2,0,0,0,0,0,0,0,0,0,idle
1778096966.3337367,g2.hpc.coe,41393,0.5001,0,0.0,0.0,12288.0,136137871260,136368592029,139262730,139447286,3127583,0,0,0,0,0,0,0,0,0,0,0,0,960,79,3,2,0,0,0,0,0,0,0,0,0,idle
1778096966.8338792,g2.hpc.coe,41393,0.5001,0,0.0,0.0,12288.0,136137872262,136368592108,139262733,139447288,3127583,0,0,0,0,0,0,0,0,0,0,0,0,1002,79,3,2,0,0,0,0,0,0,0,0,0,idle
1778096967.3340058,g2.hpc.coe,41393,0.5001,0,0.0,0.0,12288.0,136137873307,136368592187,139262736,139447290,3127583,0,0,0,0,0,0,0,0,0,0,0,0,1045,79,3,2,0,0,0,0,0,0,0,0,0,idle
1778096967.834109,g2.hpc.coe,41393,0.5001,0,0.0,0.0,12288.0,136137874493,136368592321,139262742,139447293,3127583,0,0,0,0,0,0,0,0,0,0,0,0,1186,134,6,3,0,0,0,0,0,0,0,0,0,idle
1778096968.3342333,g2.hpc.coe,41393,0.5001,0,0.0,0.0,12288.0,136137875645,136368592400,139262746,139447295,3127583,0,0,0,0,0,0,0,0,0,0,0,0,1152,79,4,2,0,0,0,0,0,0,0,0,0,idle
1778096968.8343387,g2.hpc.coe,41393,0.5001,0,0.0,0.0,12288.0,136137875771,136368592457,139262748,139447296,3127583,0,0,0,0,0,0,0,0,0,0,0,0,126,57,2,1,0,0,0,0,0,0,0,0,0,idle
1778096969.334467,g2.hpc.coe,41393,0.5001,0,0.0,0.0,12288.0,136137875940,136368592514,139262750,139447297,3127583,0,0,0,0,0,0,0,0,0,0,0,0,169,57,2,1,0,0,0,0,0,0,0,0,0,idle
1778096969.8345788,g2.hpc.coe,41393,0.5001,0,0.0,0.0,12288.0,136137876151,136368592571,139262752,139447298,3127583,0,0,0,0,0,0,0,0,0,0,0,0,211,57,2,1,0,0,0,0,0,0,0,0,0,idle
1778096970.334711,g2.hpc.coe,41393,0.5001,0,0.0,0.0,12288.0,136137876404,136368592628,139262754,139447299,3127583,0,0,0,0,0,0,0,0,0,0,0,0,253,57,2,1,0,0,0,0,0,0,0,0,0,idle
1778096970.834815,g2.hpc.coe,41393,0.5001,0,0.0,0.0,12288.0,136137876699,136368592685,139262756,139447300,3127583,0,0,0,0,0,0,0,0,0,0,0,0,295,57,2,1,0,0,0,0,0,0,0,0,0,idle
1778096971.334947,g2.hpc.coe,41393,0.5001,0,0.0,0.0,12288.0,136137877036,136368592742,139262758,139447301,3127583,0,0,0,0,0,0,0,0,0,0,0,0,337,57,2,1,0,0,0,0,0,0,0,0,0,idle
1778096971.8350728,g2.hpc.coe,41393,0.5001,0,0.0,0.0,12288.0,136137877415,136368592799,139262760,139447302,3127583,0,0,0,0,0,0,0,0,0,0,0,0,379,57,2,1,0,0,0,0,0,0,0,0,0,idle
1778096972.3351946,g2.hpc.coe,41393,0.5001,0,0.0,0.0,12288.0,136137878459,136368593303,139262777,139447311,3127583,0,0,0,0,0,0,0,0,0,0,0,0,1044,504,17,9,0,0,0,0,0,0,0,0,0,idle
1778096972.8353324,g2.hpc.coe,41393,0.5001,0,0.0,0.0,12288.0,136137879000,136368593415,139262781,139447313,3127583,0,0,0,0,0,0,0,0,0,0,0,0,541,112,4,2,0,0,0,0,0,0,0,0,0,idle
1778096973.3354566,g2.hpc.coe,41393,0.5001,0,0.0,0.0,12288.0,136137879507,136368593472,139262783,139447314,3127583,0,0,0,0,0,0,0,0,0,0,0,0,507,57,2,1,0,0,0,0,0,0,0,0,0,idle
1778096973.8355875,g2.hpc.coe,41393,0.5001,0,0.0,0.0,12288.0,136137880078,136368593551,139262786,139447316,3127583,0,0,0,0,0,0,0,0,0,0,0,0,571,79,3,2,0,0,0,0,0,0,0,0,0,idle
1778096974.3357155,g2.hpc.coe,41393,0.5001,0,0.0,0.0,12288.0,136137880691,136368593630,139262789,139447318,3127583,0,0,0,0,0,0,0,0,0,0,0,0,613,79,3,2,0,0,0,0,0,0,0,0,0,idle
1778096974.8358393,g2.hpc.coe,41393,0.5001,0,0.0,0.0,12288.0,136137881346,136368593709,139262792,139447320,3127583,0,0,0,0,0,0,0,0,0,0,0,0,655,79,3,2,0,0,0,0,0,0,0,0,0,idle
1778096975.3359497,g2.hpc.coe,41393,0.5001,0,0.0,0.0,12288.0,136137882044,136368593788,139262795,139447322,3127583,0,0,0,0,0,0,0,0,0,0,0,0,698,79,3,2,0,0,0,0,0,0,0,0,0,idle
1778096975.8360775,g2.hpc.coe,41393,0.5001,0,0.0,0.0,12288.0,136137882784,136368593867,139262798,139447324,3127583,0,0,0,0,0,0,0,0,0,0,0,0,740,79,3,2,0,0,0,0,0,0,0,0,0,idle
1778096976.3361971,g2.hpc.coe,41393,0.5001,0,0.0,0.0,12288.0,136137883566,136368593946,139262801,139447326,3127583,0,0,0,0,0,0,0,0,0,0,0,0,782,79,3,2,0,0,0,0,0,0,0,0,0,idle
1778096976.8363209,g2.hpc.coe,41393,0.5001,0,0.0,0.0,12288.0,136137884390,136368594025,139262804,139447328,3127583,0,0,0,0,0,0,0,0,0,0,0,0,824,79,3,2,0,0,0,0,0,0,0,0,0,idle
1778096977.3364437,g2.hpc.coe,41393,0.5001,0,0.0,0.0,12288.0,136137885257,136368594104,139262807,139447330,3127583,0,0,0,0,0,0,0,0,0,0,0,0,867,79,3,2,0,0,0,0,0,0,0,0,0,idle
1778096977.8365688,g2.hpc.coe,41393,0.5001,0,0.0,0.0,12288.0,136137886243,136368594238,139262812,139447333,3127583,0,0,0,0,0,0,0,0,0,0,0,0,986,134,5,3,0,0,0,0,0,0,0,0,0,idle
1778096978.336694,g2.hpc.coe,41393,0.5001,0,0.0,0.0,12288.0,136137887194,136368594317,139262815,139447335,3127583,0,0,0,0,0,0,0,0,0,0,0,0,951,79,3,2,0,0,0,0,0,0,0,0,0,idle
1778096978.8368235,g2.hpc.coe,41393,0.5001,0,0.0,0.0,12288.0,136137888187,136368594396,139262818,139447337,3127583,0,0,0,0,0,0,0,0,0,0,0,0,993,79,3,2,0,0,0,0,0,0,0,0,0,idle
1778096979.3369362,g2.hpc.coe,41393,0.5001,0,0.0,0.0,12288.0,136137889480,136368594730,139262826,139447344,3127583,0,0,0,0,0,0,0,0,0,0,0,0,1293,334,8,7,0,0,0,0,0,0,0,0,0,idle
1778096979.8370798,g2.hpc.coe,41393,0.5001,0,0.0,0.0,12288.0,136137890602,136368594809,139262831,139447346,3127583,0,0,0,0,0,0,0,0,0,0,0,0,1122,79,5,2,0,0,0,0,0,0,0,0,0,idle
1778096980.3372087,g2.hpc.coe,41393,0.5001,0,0.0,0.0,12288.0,136137891745,136368594888,139262835,139447348,3127583,0,0,0,0,0,0,0,0,0,0,0,0,1143,79,4,2,0,0,0,0,0,0,0,0,0,idle
1778096980.8373296,g2.hpc.coe,41393,0.5001,0,0.0,0.0,12288.0,136137892930,136368594967,139262839,139447350,3127583,0,0,0,0,0,0,0,0,0,0,0,0,1185,79,4,2,0,0,0,0,0,0,0,0,0,idle
1778096981.3374581,g2.hpc.coe,41393,0.5001,0,0.0,0.0,12288.0,136137893090,136368595024,139262841,139447351,3127583,0,0,0,0,0,0,0,0,0,0,0,0,160,57,2,1,0,0,0,0,0,0,0,0,0,idle
1778096981.8375719,g2.hpc.coe,41393,0.5001,0,0.0,0.0,12288.0,136137893292,136368595081,139262843,139447352,3127583,0,0,0,0,0,0,0,0,0,0,0,0,202,57,2,1,0,0,0,0,0,0,0,0,0,idle
1778096982.337679,g2.hpc.coe,41393,0.5001,0,0.0,0.0,12288.0,136137893536,136368595138,139262845,139447353,3127583,0,0,0,0,0,0,0,0,0,0,0,0,244,57,2,1,0,0,0,0,0,0,0,0,0,idle
1778096982.8377812,g2.hpc.coe,41393,0.5001,0,0.0,0.0,12288.0,136137893899,136368595250,139262849,139447355,3127583,0,0,0,0,0,0,0,0,0,0,0,0,363,112,4,2,0,0,0,0,0,0,0,0,0,idle
1778096983.3379092,g2.hpc.coe,41393,0.5001,0,0.0,0.0,12288.0,136137894228,136368595307,139262851,139447356,3127583,0,0,0,0,0,0,0,0,0,0,0,0,329,57,2,1,0,0,0,0,0,0,0,0,0,idle
1778096983.838037,g2.hpc.coe,41393,0.5001,0,0.0,0.0,12288.0,136137894599,136368595364,139262853,139447357,3127583,0,0,0,0,0,0,0,0,0,0,0,0,371,57,2,1,0,0,0,0,0,0,0,0,0,idle
1778096984.3381448,g2.hpc.coe,41393,0.5001,0,0.0,0.0,12288.0,136137895012,136368595421,139262855,139447358,3127583,0,0,0,0,0,0,0,0,0,0,0,0,413,57,2,1,0,0,0,0,0,0,0,0,0,idle
1778096984.8382788,g2.hpc.coe,41393,0.5001,0,0.0,0.0,12288.0,136137895467,136368595478,139262857,139447359,3127583,0,0,0,0,0,0,0,0,0,0,0,0,455,57,2,1,0,0,0,0,0,0,0,0,0,idle
1778096985.3383915,g2.hpc.coe,41393,0.5001,0,0.0,0.0,12288.0,136137895965,136368595535,139262859,139447360,3127583,0,0,0,0,0,0,0,0,0,0,0,0,498,57,2,1,0,0,0,0,0,0,0,0,0,idle
1778096985.838523,g2.hpc.coe,41393,0.5001,0,0.0,0.0,12288.0,136137896505,136368595592,139262861,139447361,3127583,0,0,0,0,0,0,0,0,0,0,0,0,540,57,2,1,0,0,0,0,0,0,0,0,0,idle
1778096986.338646,g2.hpc.coe,41393,0.5001,0,0.0,0.0,12288.0,136137897109,136368595671,139262864,139447363,3127583,0,0,0,0,0,0,0,0,0,0,0,0,604,79,3,2,0,0,0,0,0,0,0,0,0,idle
1778096986.8387682,g2.hpc.coe,41393,0.5001,0,0.0,0.0,12288.0,136137897755,136368595750,139262867,139447365,3127583,0,0,0,0,0,0,0,0,0,0,0,0,646,79,3,2,0,0,0,0,0,0,0,0,0,idle
1778096987.3388996,g2.hpc.coe,41393,0.5001,0,0.0,0.0,12288.0,136137899066,136368596276,139262885,139447375,3127583,0,0,0,0,0,0,0,0,0,0,0,0,1311,526,18,10,0,0,0,0,0,0,0,0,0,idle
1778096987.8390043,g2.hpc.coe,41393,0.5001,0,0.0,0.0,12288.0,136137899797,136368596355,139262888,139447377,3127583,0,0,0,0,0,0,0,0,0,0,0,0,731,79,3,2,0,0,0,0,0,0,0,0,0,idle
1778096988.339114,g2.hpc.coe,41393,0.5001,0,0.0,0.0,12288.0,136137900648,136368596489,139262893,139447380,3127583,0,0,0,0,0,0,0,0,0,0,0,0,851,134,5,3,0,0,0,0,0,0,0,0,0,idle
1778096988.83924,g2.hpc.coe,41393,0.5001,0,0.0,0.0,12288.0,136137901464,136368596568,139262896,139447382,3127583,0,0,0,0,0,0,0,0,0,0,0,0,816,79,3,2,0,0,0,0,0,0,0,0,0,idle
1778096989.3393476,g2.hpc.coe,41393,0.5001,0,0.0,0.0,12288.0,136137902322,136368596647,139262899,139447384,3127583,0,0,0,0,0,0,0,0,0,0,0,0,858,79,3,2,0,0,0,0,0,0,0,0,0,idle
1778096989.8394766,g2.hpc.coe,41393,0.5001,0,0.0,0.0,12288.0,136137903222,136368596726,139262902,139447386,3127583,0,0,0,0,0,0,0,0,0,0,0,0,900,79,3,2,0,0,0,0,0,0,0,0,0,idle
1778096990.339602,g2.hpc.coe,41393,0.5001,0,0.0,0.0,12288.0,136137904164,136368596805,139262905,139447388,3127583,0,0,0,0,0,0,0,0,0,0,0,0,942,79,3,2,0,0,0,0,0,0,0,0,0,idle
1778096990.8397243,g2.hpc.coe,41393,0.5001,0,0.0,0.0,12288.0,136137905148,136368596884,139262908,139447390,3127583,0,0,0,0,0,0,0,0,0,0,0,0,984,79,3,2,0,0,0,0,0,0,0,0,0,idle
1778096991.3398736,g2.hpc.coe,41393,0.5001,0,0.0,0.0,12288.0,136137906174,136368596963,139262911,139447392,3127583,0,0,0,0,0,0,0,0,0,0,0,0,1026,79,3,2,0,0,0,0,0,0,0,0,0,idle
1778096991.8399978,g2.hpc.coe,41393,0.5001,0,0.0,0.0,12288.0,136137907265,136368597042,139262915,139447394,3127583,0,0,0,0,0,0,0,0,0,0,0,0,1091,79,4,2,0,0,0,0,0,0,0,0,0,idle
1778096992.3401687,g2.hpc.coe,41393,0.5002,0,0.0,0.0,12288.0,136137908398,136368597121,139262919,139447396,3127583,0,0,0,0,0,0,0,0,0,0,0,0,1133,79,4,2,0,0,0,0,0,0,0,0,0,idle
1778096992.8402889,g2.hpc.coe,41393,0.5001,0,0.0,0.0,12288.0,136137909574,136368597200,139262923,139447398,3127583,0,0,0,0,0,0,0,0,0,0,0,0,1176,79,4,2,0,0,0,0,0,0,0,0,0,idle
1778096993.3403947,g2.hpc.coe,41393,0.5001,0,0.0,0.0,12288.0,136137909801,136368597312,139262927,139447400,3127583,0,0,0,0,0,0,0,0,0,0,0,0,227,112,4,2,0,0,0,0,0,0,0,0,0,idle
1778096993.8405185,g2.hpc.coe,41393,0.5001,0,0.0,0.0,12288.0,136137909994,136368597369,139262929,139447401,3127583,0,0,0,0,0,0,0,0,0,0,0,0,193,57,2,1,0,0,0,0,0,0,0,0,0,idle
1778096994.3406518,g2.hpc.coe,41393,0.5001,0,0.0,0.0,12288.0,136137910229,136368597426,139262931,139447402,3127583,0,0,0,0,0,0,0,0,0,0,0,0,235,57,2,1,0,0,0,0,0,0,0,0,0,idle
1778096994.840758,g2.hpc.coe,41393,0.5001,0,0.0,0.0,12288.0,136137910506,136368597483,139262933,139447403,3127583,0,0,0,0,0,0,0,0,0,0,0,0,277,57,2,1,0,0,0,0,0,0,0,0,0,idle
1778096995.3408897,g2.hpc.coe,41393,0.5001,0,0.0,0.0,12288.0,136137910825,136368597540,139262935,139447404,3127583,0,0,0,0,0,0,0,0,0,0,0,0,319,57,2,1,0,0,0,0,0,0,0,0,0,idle
1778096995.8410277,g2.hpc.coe,41393,0.5001,0,0.0,0.0,12288.0,136137911187,136368597597,139262937,139447405,3127583,0,0,0,0,0,0,0,0,0,0,0,0,362,57,2,1,0,0,0,0,0,0,0,0,0,idle
1778096996.3411477,g2.hpc.coe,41393,0.5001,0,0.0,0.0,12288.0,136137911591,136368597654,139262939,139447406,3127583,0,0,0,0,0,0,0,0,0,0,0,0,404,57,2,1,0,0,0,0,0,0,0,0,0,idle
1778096996.8412774,g2.hpc.coe,41393,0.5001,0,0.0,0.0,12288.0,136137912037,136368597711,139262941,139447407,3127583,0,0,0,0,0,0,0,0,0,0,0,0,446,57,2,1,0,0,0,0,0,0,0,0,0,idle
1778096997.3414187,g2.hpc.coe,41393,0.5001,0,0.0,0.0,12288.0,136137912525,136368597768,139262943,139447408,3127583,0,0,0,0,0,0,0,0,0,0,0,0,488,57,2,1,0,0,0,0,0,0,0,0,0,idle
1778096997.8415508,g2.hpc.coe,41393,0.5001,0,0.0,0.0,12288.0,136137913056,136368597825,139262945,139447409,3127583,0,0,0,0,0,0,0,0,0,0,0,0,531,57,2,1,0,0,0,0,0,0,0,0,0,idle
1778096998.3416595,g2.hpc.coe,41393,0.5001,0,0.0,0.0,12288.0,136137913728,136368597959,139262950,139447412,3127583,0,0,0,0,0,0,0,0,0,0,0,0,672,134,5,3,0,0,0,0,0,0,0,0,0,idle
1778096998.8417819,g2.hpc.coe,41393,0.5001,0,0.0,0.0,12288.0,136137914365,136368598038,139262953,139447414,3127583,0,0,0,0,0,0,0,0,0,0,0,0,637,79,3,2,0,0,0,0,0,0,0,0,0,idle
1778096999.3418956,g2.hpc.coe,41393,0.5001,0,0.0,0.0,12288.0,136137915045,136368598117,139262956,139447416,3127583,0,0,0,0,0,0,0,0,0,0,0,0,680,79,3,2,0,0,0,0,0,0,0,0,0,idle
1778096999.8420188,g2.hpc.coe,41393,0.5001,0,0.0,0.0,12288.0,136137915767,136368598196,139262959,139447418,3127583,0,0,0,0,0,0,0,0,0,0,0,0,722,79,3,2,0,0,0,0,0,0,0,0,0,idle
1778097000.3421314,g2.hpc.coe,41393,0.5001,0,0.0,0.0,12288.0,136137916531,136368598275,139262962,139447420,3127583,0,0,0,0,0,0,0,0,0,0,0,0,764,79,3,2,0,0,0,0,0,0,0,0,0,idle
1778097000.8422625,g2.hpc.coe,41393,0.5001,0,0.0,0.0,12288.0,136137917337,136368598354,139262965,139447422,3127583,0,0,0,0,0,0,0,0,0,0,0,0,806,79,3,2,0,0,0,0,0,0,0,0,0,idle
1778097001.3423774,g2.hpc.coe,41393,0.5001,0,0.0,0.0,12288.0,136137918186,136368598433,139262968,139447424,3127583,0,0,0,0,0,0,0,0,0,0,0,0,849,79,3,2,0,0,0,0,0,0,0,0,0,idle
1778097001.8424919,g2.hpc.coe,41393,0.5001,0,0.0,0.0,12288.0,136137919077,136368598512,139262971,139447426,3127583,0,0,0,0,0,0,0,0,0,0,0,0,891,79,3,2,0,0,0,0,0,0,0,0,0,idle
1778097002.3426201,g2.hpc.coe,41393,0.5001,0,0.0,0.0,12288.0,136137920611,136368599038,139262988,139447436,3127583,0,0,0,0,0,0,0,0,0,0,0,0,1534,526,17,10,0,0,0,0,0,0,0,0,0,idle
1778097002.8427284,g2.hpc.coe,41393,0.5001,0,0.0,0.0,12288.0,136137921587,136368599117,139262991,139447438,3127583,0,0,0,0,0,0,0,0,0,0,0,0,976,79,3,2,0,0,0,0,0,0,0,0,0,idle
1778097003.3428705,g2.hpc.coe,41393,0.5001,0,0.0,0.0,12288.0,136137922683,136368599251,139262996,139447441,3127583,0,0,0,0,0,0,0,0,0,0,0,0,1096,134,5,3,0,0,0,0,0,0,0,0,0,idle
1778097003.842973,g2.hpc.coe,41393,0.5001,0,0.0,0.0,12288.0,136137923744,136368599330,139262999,139447443,3127583,0,0,0,0,0,0,0,0,0,0,0,0,1061,79,3,2,0,0,0,0,0,0,0,0,0,idle
1778097004.3430958,g2.hpc.coe,41393,0.5001,0,0.0,0.0,12288.0,136137924870,136368599409,139263003,139447445,3127583,0,0,0,0,0,0,0,0,0,0,0,0,1126,79,4,2,0,0,0,0,0,0,0,0,0,idle
1778097004.8432236,g2.hpc.coe,41393,0.5001,0,0.0,0.0,12288.0,136137926038,136368599488,139263007,139447447,3127583,0,0,0,0,0,0,0,0,0,0,0,0,1168,79,4,2,0,0,0,0,0,0,0,0,0,idle
1778097005.3433359,g2.hpc.coe,41393,0.5001,0,0.0,0.0,12288.0,136137926181,136368599545,139263009,139447448,3127583,0,0,0,0,0,0,0,0,0,0,0,0,143,57,2,1,0,0,0,0,0,0,0,0,0,idle
1778097005.843447,g2.hpc.coe,41393,0.5001,0,0.0,0.0,12288.0,136137926366,136368599602,139263011,139447449,3127583,0,0,0,0,0,0,0,0,0,0,0,0,185,57,2,1,0,0,0,0,0,0,0,0,0,idle
1778097006.3435626,g2.hpc.coe,41393,0.5001,0,0.0,0.0,12288.0,136137926593,136368599659,139263013,139447450,3127583,0,0,0,0,0,0,0,0,0,0,0,0,227,57,2,1,0,0,0,0,0,0,0,0,0,idle
1778097006.843696,g2.hpc.coe,41393,0.5001,0,0.0,0.0,12288.0,136137926862,136368599716,139263015,139447451,3127583,0,0,0,0,0,0,0,0,0,0,0,0,269,57,2,1,0,0,0,0,0,0,0,0,0,idle
1778097007.3438363,g2.hpc.coe,41393,0.5001,0,0.0,0.0,12288.0,136137927173,136368599773,139263017,139447452,3127583,0,0,0,0,0,0,0,0,0,0,0,0,311,57,2,1,0,0,0,0,0,0,0,0,0,idle
1778097007.843961,g2.hpc.coe,41393,0.5001,0,0.0,0.0,12288.0,136137927526,136368599830,139263019,139447453,3127583,0,0,0,0,0,0,0,0,0,0,0,0,353,57,2,1,0,0,0,0,0,0,0,0,0,idle
1778097008.3440666,g2.hpc.coe,41393,0.5001,0,0.0,0.0,12288.0,136137927921,136368599887,139263021,139447454,3127583,0,0,0,0,0,0,0,0,0,0,0,0,395,57,2,1,0,0,0,0,0,0,0,0,0,idle
1778097008.8441741,g2.hpc.coe,41393,0.5001,0,0.0,0.0,12288.0,136137928414,136368599999,139263024,139447456,3127583,0,0,0,0,0,0,0,0,0,0,0,0,493,112,3,2,0,0,0,0,0,0,0,0,0,idle
1778097009.3443034,g2.hpc.coe,41393,0.5001,0,0.0,0.0,12288.0,136137928894,136368600056,139263026,139447457,3127583,0,0,0,0,0,0,0,0,0,0,0,0,480,57,2,1,0,0,0,0,0,0,0,0,0,idle
1778097009.8444276,g2.hpc.coe,41393,0.5001,0,0.0,0.0,12288.0,136137929416,136368600113,139263028,139447458,3127583,0,0,0,0,0,0,0,0,0,0,0,0,522,57,2,1,0,0,0,0,0,0,0,0,0,idle
1778097010.3445387,g2.hpc.coe,41393,0.5001,0,0.0,0.0,12288.0,136137930003,136368600192,139263031,139447460,3127583,0,0,0,0,0,0,0,0,0,0,0,0,587,79,3,2,0,0,0,0,0,0,0,0,0,idle
1778097010.8446627,g2.hpc.coe,41393,0.5001,0,0.0,0.0,12288.0,136137930632,136368600271,139263034,139447462,3127583,0,0,0,0,0,0,0,0,0,0,0,0,629,79,3,2,0,0,0,0,0,0,0,0,0,idle
1778097011.3447943,g2.hpc.coe,41393,0.5001,0,0.0,0.0,12288.0,136137931303,136368600350,139263037,139447464,3127583,0,0,0,0,0,0,0,0,0,0,0,0,671,79,3,2,0,0,0,0,0,0,0,0,0,idle
1778097011.8449144,g2.hpc.coe,41393,0.5001,0,0.0,0.0,12288.0,136137932016,136368600429,139263040,139447466,3127583,0,0,0,0,0,0,0,0,0,0,0,0,713,79,3,2,0,0,0,0,0,0,0,0,0,idle
1778097012.3450441,g2.hpc.coe,41393,0.5001,0,0.0,0.0,12288.0,136137932772,136368600508,139263043,139447468,3127583,0,0,0,0,0,0,0,0,0,0,0,0,756,79,3,2,0,0,0,0,0,0,0,0,0,idle
1778097012.8451612,g2.hpc.coe,41393,0.5001,0,0.0,0.0,12288.0,136137933570,136368600587,139263046,139447470,3127583,0,0,0,0,0,0,0,0,0,0,0,0,798,79,3,2,0,0,0,0,0,0,0,0,0,idle
1778097013.3452957,g2.hpc.coe,41393,0.5001,0,0.0,0.0,12288.0,136137934410,136368600666,139263049,139447472,3127583,0,0,0,0,0,0,0,0,0,0,0,0,840,79,3,2,0,0,0,0,0,0,0,0,0,idle
1778097013.845418,g2.hpc.coe,41393,0.5001,0,0.0,0.0,12288.0,136137935369,136368600800,139263054,139447475,3127583,0,0,0,0,0,0,0,0,0,0,0,0,959,134,5,3,0,0,0,0,0,0,0,0,0,idle
1778097014.345527,g2.hpc.coe,41393,0.5001,0,0.0,0.0,12288.0,136137936294,136368600879,139263057,139447477,3127583,0,0,0,0,0,0,0,0,0,0,0,0,925,79,3,2,0,0,0,0,0,0,0,0,0,idle
1778097014.8456542,g2.hpc.coe,41393,0.5001,0,0.0,0.0,12288.0,136137937261,136368600958,139263060,139447479,3127583,0,0,0,0,0,0,0,0,0,0,0,0,967,79,3,2,0,0,0,0,0,0,0,0,0,idle
1778097015.3457937,g2.hpc.coe,41393,0.5001,0,0.0,0.0,12288.0,136137938270,136368601037,139263063,139447481,3127583,0,0,0,0,0,0,0,0,0,0,0,0,1009,79,3,2,0,0,0,0,0,0,0,0,0,idle
1778097015.8459182,g2.hpc.coe,41393,0.5001,0,0.0,0.0,12288.0,136137939321,136368601116,139263066,139447483,3127583,0,0,0,0,0,0,0,0,0,0,0,0,1051,79,3,2,0,0,0,0,0,0,0,0,0,idle
1778097016.3460393,g2.hpc.coe,41393,0.5001,0,0.0,0.0,12288.0,136137940437,136368601195,139263070,139447485,3127583,0,0,0,0,0,0,0,0,0,0,0,0,1116,79,4,2,0,0,0,0,0,0,0,0,0,idle
1778097016.8461723,g2.hpc.coe,41393,0.5001,0,0.0,0.0,12288.0,136137941595,136368601274,139263074,139447487,3127583,0,0,0,0,0,0,0,0,0,0,0,0,1158,79,4,2,0,0,0,0,0,0,0,0,0,idle
1778097017.3463058,g2.hpc.coe,41393,0.5001,0,0.0,0.0,12288.0,136137942351,136368601778,139263091,139447496,3127583,0,0,0,0,0,0,0,0,0,0,0,0,756,504,17,9,0,0,0,0,0,0,0,0,0,idle
1778097017.8464189,g2.hpc.coe,41393,0.5001,0,0.0,0.0,12288.0,136137942527,136368601835,139263093,139447497,3127583,0,0,0,0,0,0,0,0,0,0,0,0,176,57,2,1,0,0,0,0,0,0,0,0,0,idle
1778097018.346555,g2.hpc.coe,41393,0.5001,0,0.0,0.0,12288.0,136137942745,136368601892,139263095,139447498,3127583,0,0,0,0,0,0,0,0,0,0,0,0,218,57,2,1,0,0,0,0,0,0,0,0,0,idle
1778097018.8466828,g2.hpc.coe,41393,0.5001,0,0.0,0.0,12288.0,136137943082,136368602004,139263099,139447500,3127583,0,0,0,0,0,0,0,0,0,0,0,0,337,112,4,2,0,0,0,0,0,0,0,0,0,idle
1778097019.3468177,g2.hpc.coe,41393,0.5001,0,0.0,0.0,12288.0,136137943384,136368602061,139263101,139447501,3127583,0,0,0,0,0,0,0,0,0,0,0,0,302,57,2,1,0,0,0,0,0,0,0,0,0,idle
1778097019.846941,g2.hpc.coe,41393,0.5001,0,0.0,0.0,12288.0,136137943729,136368602118,139263103,139447502,3127583,0,0,0,0,0,0,0,0,0,0,0,0,345,57,2,1,0,0,0,0,0,0,0,0,0,idle
1778097020.3470452,g2.hpc.coe,41393,0.5001,0,0.0,0.0,12288.0,136137944116,136368602175,139263105,139447503,3127583,0,0,0,0,0,0,0,0,0,0,0,0,387,57,2,1,0,0,0,0,0,0,0,0,0,idle
1778097020.847151,g2.hpc.coe,41393,0.5001,0,0.0,0.0,12288.0,136137944545,136368602232,139263107,139447504,3127583,0,0,0,0,0,0,0,0,0,0,0,0,429,57,2,1,0,0,0,0,0,0,0,0,0,idle
1778097021.3472743,g2.hpc.coe,41393,0.5001,0,0.0,0.0,12288.0,136137945016,136368602289,139263109,139447505,3127583,0,0,0,0,0,0,0,0,0,0,0,0,471,57,2,1,0,0,0,0,0,0,0,0,0,idle
1778097021.8474035,g2.hpc.coe,41393,0.5001,0,0.0,0.0,12288.0,136137945529,136368602346,139263111,139447506,3127583,0,0,0,0,0,0,0,0,0,0,0,0,513,57,2,1,0,0,0,0,0,0,0,0,0,idle
1778097022.347534,g2.hpc.coe,41393,0.5001,0,0.0,0.0,12288.0,136137946106,136368602425,139263114,139447508,3127583,0,0,0,0,0,0,0,0,0,0,0,0,577,79,3,2,0,0,0,0,0,0,0,0,0,idle
1778097022.8476725,g2.hpc.coe,41393,0.5001,0,0.0,0.0,12288.0,136137946725,136368602504,139263117,139447510,3127583,0,0,0,0,0,0,0,0,0,0,0,0,619,79,3,2,0,0,0,0,0,0,0,0,0,idle
1778097023.347799,g2.hpc.coe,41393,0.5001,0,0.0,0.0,12288.0,136137947387,136368602583,139263120,139447512,3127583,0,0,0,0,0,0,0,0,0,0,0,0,662,79,3,2,0,0,0,0,0,0,0,0,0,idle
1778097023.8479035,g2.hpc.coe,41393,0.5001,0,0.0,0.0,12288.0,136137948168,136368602717,139263125,139447515,3127583,0,0,0,0,0,0,0,0,0,0,0,0,781,134,5,3,0,0,0,0,0,0,0,0,0,idle
1778097024.348036,g2.hpc.coe,41393,0.5001,0,0.0,0.0,12288.0,136137948914,136368602796,139263128,139447517,3127583,0,0,0,0,0,0,0,0,0,0,0,0,746,79,3,2,0,0,0,0,0,0,0,0,0,idle
1778097024.8481443,g2.hpc.coe,41393,0.5001,0,0.0,0.0,12288.0,136137949702,136368602875,139263131,139447519,3127583,0,0,0,0,0,0,0,0,0,0,0,0,788,79,3,2,0,0,0,0,0,0,0,0,0,idle
1778097025.3482716,g2.hpc.coe,41393,0.5001,0,0.0,0.0,12288.0,136137950532,136368602954,139263134,139447521,3127583,0,0,0,0,0,0,0,0,0,0,0,0,830,79,3,2,0,0,0,0,0,0,0,0,0,idle
1778097025.8483996,g2.hpc.coe,41393,0.5001,0,0.0,0.0,12288.0,136137951405,136368603033,139263137,139447523,3127583,0,0,0,0,0,0,0,0,0,0,0,0,873,79,3,2,0,0,0,0,0,0,0,0,0,idle
1778097026.3485384,g2.hpc.coe,41393,0.5001,0,0.0,0.0,12288.0,136137952320,136368603112,139263140,139447525,3127583,0,0,0,0,0,0,0,0,0,0,0,0,915,79,3,2,0,0,0,0,0,0,0,0,0,idle
1778097026.8486683,g2.hpc.coe,41393,0.5001,0,0.0,0.0,12288.0,136137953277,136368603191,139263143,139447527,3127583,0,0,0,0,0,0,0,0,0,0,0,0,957,79,3,2,0,0,0,0,0,0,0,0,0,idle
1778097027.3487926,g2.hpc.coe,41393,0.5001,0,0.0,0.0,12288.0,136137954276,136368603270,139263146,139447529,3127583,0,0,0,0,0,0,0,0,0,0,0,0,999,79,3,2,0,0,0,0,0,0,0,0,0,idle
1778097027.848917,g2.hpc.coe,41393,0.5001,0,0.0,0.0,12288.0,136137955318,136368603349,139263149,139447531,3127583,0,0,0,0,0,0,0,0,0,0,0,0,1042,79,3,2,0,0,0,0,0,0,0,0,0,idle
1778097028.3490388,g2.hpc.coe,41393,0.5001,0,0.0,0.0,12288.0,136137956424,136368603428,139263153,139447533,3127583,0,0,0,0,0,0,0,0,0,0,0,0,1106,79,4,2,0,0,0,0,0,0,0,0,0,idle
1778097028.8491735,g2.hpc.coe,41393,0.5001,0,0.0,0.0,12288.0,136137957627,136368603562,139263158,139447536,3127583,0,0,0,0,0,0,0,0,0,0,0,0,1203,134,5,3,0,0,0,0,0,0,0,0,0,idle
1778097029.34931,g2.hpc.coe,41393,0.5001,0,0.0,0.0,12288.0,136137957772,136368603619,139263161,139447537,3127583,0,0,0,0,0,0,0,0,0,0,0,0,145,57,3,1,0,0,0,0,0,0,0,0,0,idle
1778097029.8494325,g2.hpc.coe,41393,0.5001,0,0.0,0.0,12288.0,136137957937,136368603676,139263163,139447538,3127583,0,0,0,0,0,0,0,0,0,0,0,0,165,57,2,1,0,0,0,0,0,0,0,0,0,idle
1778097030.349545,g2.hpc.coe,41393,0.5001,0,0.0,0.0,12288.0,136137958144,136368603733,139263165,139447539,3127583,0,0,0,0,0,0,0,0,0,0,0,0,207,57,2,1,0,0,0,0,0,0,0,0,0,idle
1778097030.8496714,g2.hpc.coe,41393,0.5001,0,0.0,0.0,12288.0,136137958393,136368603790,139263167,139447540,3127583,0,0,0,0,0,0,0,0,0,0,0,0,249,57,2,1,0,0,0,0,0,0,0,0,0,idle
1778097031.349805,g2.hpc.coe,41393,0.5001,0,0.0,0.0,12288.0,136137958684,136368603847,139263169,139447541,3127583,0,0,0,0,0,0,0,0,0,0,0,0,291,57,2,1,0,0,0,0,0,0,0,0,0,idle
1778097031.8499231,g2.hpc.coe,41393,0.5001,0,0.0,0.0,12288.0,136137959017,136368603904,139263171,139447542,3127583,0,0,0,0,0,0,0,0,0,0,0,0,333,57,2,1,0,0,0,0,0,0,0,0,0,idle
1778097032.3500469,g2.hpc.coe,41393,0.5001,0,0.0,0.0,12288.0,136137959994,136368604408,139263187,139447551,3127583,0,0,0,0,0,0,0,0,0,0,0,0,977,504,16,9,0,0,0,0,0,0,0,0,0,idle
1778097032.8501892,g2.hpc.coe,41393,0.5001,0,0.0,0.0,12288.0,136137960412,136368604465,139263189,139447552,3127583,0,0,0,0,0,0,0,0,0,0,0,0,418,57,2,1,0,0,0,0,0,0,0,0,0,idle
1778097033.350294,g2.hpc.coe,41393,0.5001,0,0.0,0.0,12288.0,136137960873,136368604522,139263191,139447553,3127583,0,0,0,0,0,0,0,0,0,0,0,0,461,57,2,1,0,0,0,0,0,0,0,0,0,idle
1778097033.850419,g2.hpc.coe,41393,0.5001,0,0.0,0.0,12288.0,136137961376,136368604579,139263193,139447554,3127583,0,0,0,0,0,0,0,0,0,0,0,0,503,57,2,1,0,0,0,0,0,0,0,0,0,idle
1778097034.3505528,g2.hpc.coe,41393,0.5001,0,0.0,0.0,12288.0,136137962020,136368604713,139263198,139447557,3127583,0,0,0,0,0,0,0,0,0,0,0,0,644,134,5,3,0,0,0,0,0,0,0,0,0,idle
1778097034.850684,g2.hpc.coe,41393,0.5001,0,0.0,0.0,12288.0,136137962629,136368604792,139263201,139447559,3127583,0,0,0,0,0,0,0,0,0,0,0,0,609,79,3,2,0,0,0,0,0,0,0,0,0,idle
1778097035.3507943,g2.hpc.coe,41393,0.5001,0,0.0,0.0,12288.0,136137963280,136368604871,139263204,139447561,3127583,0,0,0,0,0,0,0,0,0,0,0,0,651,79,3,2,0,0,0,0,0,0,0,0,0,idle
1778097035.8509204,g2.hpc.coe,41393,0.5001,0,0.0,0.0,12288.0,136137963973,136368604950,139263207,139447563,3127583,0,0,0,0,0,0,0,0,0,0,0,0,693,79,3,2,0,0,0,0,0,0,0,0,0,idle
1778097036.351028,g2.hpc.coe,41393,0.5001,0,0.0,0.0,12288.0,136137964709,136368605029,139263210,139447565,3127583,0,0,0,0,0,0,0,0,0,0,0,0,736,79,3,2,0,0,0,0,0,0,0,0,0,idle
1778097036.8511515,g2.hpc.coe,41393,0.5001,0,0.0,0.0,12288.0,136137965487,136368605108,139263213,139447567,3127583,0,0,0,0,0,0,0,0,0,0,0,0,778,79,3,2,0,0,0,0,0,0,0,0,0,idle
1778097037.3512616,g2.hpc.coe,41393,0.5001,0,0.0,0.0,12288.0,136137966307,136368605187,139263216,139447569,3127583,0,0,0,0,0,0,0,0,0,0,0,0,820,79,3,2,0,0,0,0,0,0,0,0,0,idle
1778097037.8513844,g2.hpc.coe,41393,0.5001,0,0.0,0.0,12288.0,136137967169,136368605266,139263219,139447571,3127583,0,0,0,0,0,0,0,0,0,0,0,0,862,79,3,2,0,0,0,0,0,0,0,0,0,idle
1778097038.3515184,g2.hpc.coe,41393,0.5001,0,0.0,0.0,12288.0,136137968073,136368605345,139263222,139447573,3127583,0,0,0,0,0,0,0,0,0,0,0,0,904,79,3,2,0,0,0,0,0,0,0,0,0,idle
1778097038.935299,g2.hpc.coe,41393,0.5838,0,0.0,0.0,12288.0,136137968998,136368605424,139263224,139447575,3127583,0,0,0,0,0,0,0,0,0,0,0,0,925,79,2,2,0,0,0,0,0,0,0,0,0,idle
1778097039.435423,g2.hpc.coe,41393,0.5001,0,0.0,0.0,12288.0,136137970365,136368605813,139263236,139447583,3127583,0,0,0,0,0,0,0,0,0,0,0,0,1367,389,12,8,0,0,0,0,0,0,0,0,0,idle
1778097039.9355543,g2.hpc.coe,41393,0.5001,0,0.0,0.0,12288.0,136137971418,136368605892,139263240,139447585,3127583,0,0,0,0,0,0,0,0,0,0,0,0,1053,79,4,2,0,0,0,0,0,0,0,0,0,idle
1778097040.435686,g2.hpc.coe,41393,0.5001,0,0.0,0.0,12288.0,136137972514,136368605971,139263244,139447587,3127583,0,0,0,0,0,0,0,0,0,0,0,0,1096,79,4,2,0,0,0,0,0,0,0,0,0,idle
1778097040.9358137,g2.hpc.coe,41393,0.5001,0,0.0,0.0,12288.0,136137973652,136368606050,139263248,139447589,3127583,0,0,0,0,0,0,0,0,0,0,0,0,1138,79,4,2,0,0,0,0,0,0,0,0,0,idle
1778097041.4359326,g2.hpc.coe,41393,0.5001,0,0.0,0.0,12288.0,136137974833,136368606129,139263252,139447591,3127583,0,0,0,0,0,0,0,0,0,0,0,0,1181,79,4,2,0,0,0,0,0,0,0,0,0,idle
1778097041.9360723,g2.hpc.coe,41393,0.5001,0,0.0,0.0,12288.0,136137974988,136368606186,139263254,139447592,3127583,0,0,0,0,0,0,0,0,0,0,0,0,155,57,2,1,0,0,0,0,0,0,0,0,0,idle
1778097042.4362054,g2.hpc.coe,41393,0.5001,0,0.0,0.0,12288.0,136137975185,136368606243,139263256,139447593,3127583,0,0,0,0,0,0,0,0,0,0,0,0,197,57,2,1,0,0,0,0,0,0,0,0,0,idle
1778097042.9363282,g2.hpc.coe,41393,0.5001,0,0.0,0.0,12288.0,136137975425,136368606300,139263258,139447594,3127583,0,0,0,0,0,0,0,0,0,0,0,0,240,57,2,1,0,0,0,0,0,0,0,0,0,idle
1778097043.4364583,g2.hpc.coe,41393,0.5001,0,0.0,0.0,12288.0,136137975707,136368606357,139263260,139447595,3127583,0,0,0,0,0,0,0,0,0,0,0,0,282,57,2,1,0,0,0,0,0,0,0,0,0,idle
1778097043.9365852,g2.hpc.coe,41393,0.5001,0,0.0,0.0,12288.0,136137976031,136368606414,139263262,139447596,3127583,0,0,0,0,0,0,0,0,0,0,0,0,324,57,2,1,0,0,0,0,0,0,0,0,0,idle
1778097044.4367085,g2.hpc.coe,41393,0.5001,0,0.0,0.0,12288.0,136137976474,136368606526,139263266,139447598,3127583,0,0,0,0,0,0,0,0,0,0,0,0,443,112,4,2,0,0,0,0,0,0,0,0,0,idle
1778097044.9368465,g2.hpc.coe,41393,0.5001,0,0.0,0.0,12288.0,136137976883,136368606583,139263268,139447599,3127583,0,0,0,0,0,0,0,0,0,0,0,0,409,57,2,1,0,0,0,0,0,0,0,0,0,idle
1778097045.436979,g2.hpc.coe,41393,0.5001,0,0.0,0.0,12288.0,136137977334,136368606640,139263270,139447600,3127583,0,0,0,0,0,0,0,0,0,0,0,0,451,57,2,1,0,0,0,0,0,0,0,0,0,idle
1778097045.9371328,g2.hpc.coe,41393,0.5002,0,0.0,0.0,12288.0,136137977827,136368606697,139263272,139447601,3127583,0,0,0,0,0,0,0,0,0,0,0,0,493,57,2,1,0,0,0,0,0,0,0,0,0,idle
1778097046.4372675,g2.hpc.coe,41393,0.5001,0,0.0,0.0,12288.0,136137978362,136368606754,139263274,139447602,3127583,0,0,0,0,0,0,0,0,0,0,0,0,535,57,2,1,0,0,0,0,0,0,0,0,0,idle
1778097046.9374,g2.hpc.coe,41393,0.5001,0,0.0,0.0,12288.0,136137979585,136368607280,139263292,139447612,3127583,0,0,0,0,0,0,0,0,0,0,0,0,1223,526,18,10,0,0,0,0,0,0,0,0,0,idle
1778097047.4375246,g2.hpc.coe,41393,0.5001,0,0.0,0.0,12288.0,136137980227,136368607359,139263295,139447614,3127583,0,0,0,0,0,0,0,0,0,0,0,0,642,79,3,2,0,0,0,0,0,0,0,0,0,idle
1778097047.9376392,g2.hpc.coe,41393,0.5001,0,0.0,0.0,12288.0,136137980911,136368607438,139263298,139447616,3127583,0,0,0,0,0,0,0,0,0,0,0,0,684,79,3,2,0,0,0,0,0,0,0,0,0,idle
1778097048.4377654,g2.hpc.coe,41393,0.5001,0,0.0,0.0,12288.0,136137981638,136368607517,139263301,139447618,3127583,0,0,0,0,0,0,0,0,0,0,0,0,727,79,3,2,0,0,0,0,0,0,0,0,0,idle
1778097048.937874,g2.hpc.coe,41393,0.5001,0,0.0,0.0,12288.0,136137982407,136368607596,139263304,139447620,3127583,0,0,0,0,0,0,0,0,0,0,0,0,769,79,3,2,0,0,0,0,0,0,0,0,0,idle
1778097049.4379966,g2.hpc.coe,41393,0.5001,0,0.0,0.0,12288.0,136137983295,136368607730,139263309,139447623,3127583,0,0,0,0,0,0,0,0,0,0,0,0,888,134,5,3,0,0,0,0,0,0,0,0,0,idle
1778097049.9381166,g2.hpc.coe,41393,0.5001,0,0.0,0.0,12288.0,136137984148,136368607809,139263312,139447625,3127583,0,0,0,0,0,0,0,0,0,0,0,0,853,79,3,2,0,0,0,0,0,0,0,0,0,idle
1778097050.4382448,g2.hpc.coe,41393,0.5001,0,0.0,0.0,12288.0,136137985044,136368607888,139263315,139447627,3127583,0,0,0,0,0,0,0,0,0,0,0,0,896,79,3,2,0,0,0,0,0,0,0,0,0,idle
1778097050.9383833,g2.hpc.coe,41393,0.5001,0,0.0,0.0,12288.0,136137985982,136368607967,139263318,139447629,3127583,0,0,0,0,0,0,0,0,0,0,0,0,938,79,3,2,0,0,0,0,0,0,0,0,0,idle
1778097051.4385073,g2.hpc.coe,41393,0.5001,0,0.0,0.0,12288.0,136137986962,136368608046,139263321,139447631,3127583,0,0,0,0,0,0,0,0,0,0,0,0,980,79,3,2,0,0,0,0,0,0,0,0,0,idle
1778097051.9386318,g2.hpc.coe,41393,0.5001,0,0.0,0.0,12288.0,136137987984,136368608125,139263324,139447633,3127583,0,0,0,0,0,0,0,0,0,0,0,0,1022,79,3,2,0,0,0,0,0,0,0,0,0,idle
1778097052.4387567,g2.hpc.coe,41393,0.5001,0,0.0,0.0,12288.0,136137989071,136368608204,139263328,139447635,3127583,0,0,0,0,0,0,0,0,0,0,0,0,1087,79,4,2,0,0,0,0,0,0,0,0,0,idle
1778097052.9388783,g2.hpc.coe,41393,0.5001,0,0.0,0.0,12288.0,136137990200,136368608283,139263332,139447637,3127583,0,0,0,0,0,0,0,0,0,0,0,0,1129,79,4,2,0,0,0,0,0,0,0,0,0,idle
1778097053.4390075,g2.hpc.coe,41393,0.5001,0,0.0,0.0,12288.0,136137991372,136368608362,139263336,139447639,3127583,0,0,0,0,0,0,0,0,0,0,0,0,1172,79,4,2,0,0,0,0,0,0,0,0,0,idle
1778097053.9391098,g2.hpc.coe,41393,0.5001,0,0.0,0.0,12288.0,136137991518,136368608419,139263338,139447640,3127583,0,0,0,0,0,0,0,0,0,0,0,0,146,57,2,1,0,0,0,0,0,0,0,0,0,idle
1778097054.4392462,g2.hpc.coe,41393,0.5001,0,0.0,0.0,12288.0,136137991707,136368608476,139263340,139447641,3127583,0,0,0,0,0,0,0,0,0,0,0,0,189,57,2,1,0,0,0,0,0,0,0,0,0,idle
1778097054.9393702,g2.hpc.coe,41393,0.5001,0,0.0,0.0,12288.0,136137991938,136368608533,139263342,139447642,3127583,0,0,0,0,0,0,0,0,0,0,0,0,231,57,2,1,0,0,0,0,0,0,0,0,0,idle
1778097055.4395032,g2.hpc.coe,41393,0.5001,0,0.0,0.0,12288.0,136137992211,136368608590,139263344,139447643,3127583,0,0,0,0,0,0,0,0,0,0,0,0,273,57,2,1,0,0,0,0,0,0,0,0,0,idle
1778097055.9396305,g2.hpc.coe,41393,0.5001,0,0.0,0.0,12288.0,136137992526,136368608647,139263346,139447644,3127583,0,0,0,0,0,0,0,0,0,0,0,0,315,57,2,1,0,0,0,0,0,0,0,0,0,idle
1778097056.4397645,g2.hpc.coe,41393,0.5001,0,0.0,0.0,12288.0,136137992884,136368608704,139263348,139447645,3127583,0,0,0,0,0,0,0,0,0,0,0,0,358,57,2,1,0,0,0,0,0,0,0,0,0,idle
1778097056.9398866,g2.hpc.coe,41393,0.5001,0,0.0,0.0,12288.0,136137993284,136368608761,139263350,139447646,3127583,0,0,0,0,0,0,0,0,0,0,0,0,400,57,2,1,0,0,0,0,0,0,0,0,0,idle
1778097057.439992,g2.hpc.coe,41393,0.5001,0,0.0,0.0,12288.0,136137993726,136368608818,139263352,139447647,3127583,0,0,0,0,0,0,0,0,0,0,0,0,442,57,2,1,0,0,0,0,0,0,0,0,0,idle
1778097057.9401011,g2.hpc.coe,41393,0.5001,0,0.0,0.0,12288.0,136137994210,136368608875,139263354,139447648,3127583,0,0,0,0,0,0,0,0,0,0,0,0,484,57,2,1,0,0,0,0,0,0,0,0,0,idle
1778097058.4402316,g2.hpc.coe,41393,0.5001,0,0.0,0.0,12288.0,136137994736,136368608932,139263356,139447649,3127583,0,0,0,0,0,0,0,0,0,0,0,0,526,57,2,1,0,0,0,0,0,0,0,0,0,idle
1778097058.9403522,g2.hpc.coe,41393,0.5001,0,0.0,0.0,12288.0,136137995327,136368609011,139263359,139447651,3127583,0,0,0,0,0,0,0,0,0,0,0,0,591,79,3,2,0,0,0,0,0,0,0,0,0,idle
1778097059.4404855,g2.hpc.coe,41393,0.5001,0,0.0,0.0,12288.0,136137995960,136368609090,139263362,139447653,3127583,0,0,0,0,0,0,0,0,0,0,0,0,633,79,3,2,0,0,0,0,0,0,0,0,0,idle
1778097059.9406114,g2.hpc.coe,41393,0.5001,0,0.0,0.0,12288.0,136137996712,136368609224,139263367,139447656,3127583,0,0,0,0,0,0,0,0,0,0,0,0,752,134,5,3,0,0,0,0,0,0,0,0,0,idle
1778097060.4407258,g2.hpc.coe,41393,0.5001,0,0.0,0.0,12288.0,136137997430,136368609303,139263370,139447658,3127583,0,0,0,0,0,0,0,0,0,0,0,0,718,79,3,2,0,0,0,0,0,0,0,0,0,idle
1778097060.9408376,g2.hpc.coe,41393,0.5001,0,0.0,0.0,12288.0,136137998190,136368609382,139263373,139447660,3127583,0,0,0,0,0,0,0,0,0,0,0,0,760,79,3,2,0,0,0,0,0,0,0,0,0,idle
1778097061.44097,g2.hpc.coe,41393,0.5001,0,0.0,0.0,12288.0,136137998992,136368609461,139263376,139447662,3127583,0,0,0,0,0,0,0,0,0,0,0,0,802,79,3,2,0,0,0,0,0,0,0,0,0,idle
1778097061.9411,g2.hpc.coe,41393,0.5001,0,0.0,0.0,12288.0,136138000459,136368609987,139263394,139447672,3127583,0,0,0,0,0,0,0,0,0,0,0,0,1467,526,18,10,0,0,0,0,0,0,0,0,0,idle
1778097062.441234,g2.hpc.coe,41393,0.5001,0,0.0,0.0,12288.0,136138001345,136368610066,139263397,139447674,3127583,0,0,0,0,0,0,0,0,0,0,0,0,886,79,3,2,0,0,0,0,0,0,0,0,0,idle
1778097062.9413216,g2.hpc.coe,41393,0.5001,0,0.0,0.0,12288.0,136138002273,136368610145,139263400,139447676,3127583,0,0,0,0,0,0,0,0,0,0,0,0,928,79,3,2,0,0,0,0,0,0,0,0,0,idle
1778097063.4414496,g2.hpc.coe,41393,0.5001,0,0.0,0.0,12288.0,136138003244,136368610224,139263403,139447678,3127583,0,0,0,0,0,0,0,0,0,0,0,0,971,79,3,2,0,0,0,0,0,0,0,0,0,idle
1778097063.9415824,g2.hpc.coe,41393,0.5001,0,0.0,0.0,12288.0,136138004257,136368610303,139263406,139447680,3127583,0,0,0,0,0,0,0,0,0,0,0,0,1013,79,3,2,0,0,0,0,0,0,0,0,0,idle
1778097064.4417148,g2.hpc.coe,41393,0.5001,0,0.0,0.0,12288.0,136138005312,136368610382,139263409,139447682,3127583,0,0,0,0,0,0,0,0,0,0,0,0,1055,79,3,2,0,0,0,0,0,0,0,0,0,idle
1778097064.9418366,g2.hpc.coe,41393,0.5001,0,0.0,0.0,12288.0,136138006509,136368610516,139263415,139447685,3127583,0,0,0,0,0,0,0,0,0,0,0,0,1197,134,6,3,0,0,0,0,0,0,0,0,0,idle
1778097065.4419422,g2.hpc.coe,41393,0.5001,0,0.0,0.0,12288.0,136138007672,136368610595,139263419,139447687,3127583,0,0,0,0,0,0,0,0,0,0,0,0,1163,79,4,2,0,0,0,0,0,0,0,0,0,idle
1778097065.9420712,g2.hpc.coe,41393,0.5001,0,0.0,0.0,12288.0,136138007809,136368610652,139263421,139447688,3127583,0,0,0,0,0,0,0,0,0,0,0,0,137,57,2,1,0,0,0,0,0,0,0,0,0,idle
1778097066.4422064,g2.hpc.coe,41393,0.5001,0,0.0,0.0,12288.0,136138007988,136368610709,139263423,139447689,3127583,0,0,0,0,0,0,0,0,0,0,0,0,179,57,2,1,0,0,0,0,0,0,0,0,0,idle
1778097066.9423409,g2.hpc.coe,41393,0.5001,0,0.0,0.0,12288.0,136138008210,136368610766,139263425,139447690,3127583,0,0,0,0,0,0,0,0,0,0,0,0,222,57,2,1,0,0,0,0,0,0,0,0,0,idle
1778097067.442451,g2.hpc.coe,41393,0.5001,0,0.0,0.0,12288.0,136138008474,136368610823,139263427,139447691,3127583,0,0,0,0,0,0,0,0,0,0,0,0,264,57,2,1,0,0,0,0,0,0,0,0,0,idle
1778097067.9425771,g2.hpc.coe,41393,0.5001,0,0.0,0.0,12288.0,136138008780,136368610880,139263429,139447692,3127583,0,0,0,0,0,0,0,0,0,0,0,0,306,57,2,1,0,0,0,0,0,0,0,0,0,idle
1778097068.4427006,g2.hpc.coe,41393,0.5001,0,0.0,0.0,12288.0,136138009128,136368610937,139263431,139447693,3127583,0,0,0,0,0,0,0,0,0,0,0,0,348,57,2,1,0,0,0,0,0,0,0,0,0,idle
1778097068.9428267,g2.hpc.coe,41393,0.5001,0,0.0,0.0,12288.0,136138009518,136368610994,139263433,139447694,3127583,0,0,0,0,0,0,0,0,0,0,0,0,390,57,2,1,0,0,0,0,0,0,0,0,0,idle
1778097069.442952,g2.hpc.coe,41393,0.5001,0,0.0,0.0,12288.0,136138009951,136368611051,139263435,139447695,3127583,0,0,0,0,0,0,0,0,0,0,0,0,433,57,2,1,0,0,0,0,0,0,0,0,0,idle
1778097069.943059,g2.hpc.coe,41393,0.5001,0,0.0,0.0,12288.0,136138010503,136368611163,139263439,139447697,3127583,0,0,0,0,0,0,0,0,0,0,0,0,552,112,4,2,0,0,0,0,0,0,0,0,0,idle
1778097070.4431667,g2.hpc.coe,41393,0.5001,0,0.0,0.0,12288.0,136138011020,136368611220,139263441,139447698,3127583,0,0,0,0,0,0,0,0,0,0,0,0,517,57,2,1,0,0,0,0,0,0,0,0,0,idle
1778097070.9432702,g2.hpc.coe,41393,0.5001,0,0.0,0.0,12288.0,136138011601,136368611299,139263444,139447700,3127583,0,0,0,0,0,0,0,0,0,0,0,0,581,79,3,2,0,0,0,0,0,0,0,0,0,idle
1778097071.4433954,g2.hpc.coe,41393,0.5001,0,0.0,0.0,12288.0,136138012224,136368611378,139263447,139447702,3127583,0,0,0,0,0,0,0,0,0,0,0,0,623,79,3,2,0,0,0,0,0,0,0,0,0,idle
1778097071.943501,g2.hpc.coe,41393,0.5001,0,0.0,0.0,12288.0,136138012890,136368611457,139263450,139447704,3127583,0,0,0,0,0,0,0,0,0,0,0,0,666,79,3,2,0,0,0,0,0,0,0,0,0,idle
1778097072.4436243,g2.hpc.coe,41393,0.5001,0,0.0,0.0,12288.0,136138013598,136368611536,139263453,139447706,3127583,0,0,0,0,0,0,0,0,0,0,0,0,708,79,3,2,0,0,0,0,0,0,0,0,0,idle
1778097072.9437659,g2.hpc.coe,41393,0.5001,0,0.0,0.0,12288.0,136138014348,136368611615,139263456,139447708,3127583,0,0,0,0,0,0,0,0,0,0,0,0,750,79,3,2,0,0,0,0,0,0,0,0,0,idle
1778097073.443891,g2.hpc.coe,41393,0.5001,0,0.0,0.0,12288.0,136138015140,136368611694,139263459,139447710,3127583,0,0,0,0,0,0,0,0,0,0,0,0,792,79,3,2,0,0,0,0,0,0,0,0,0,idle
1778097073.9440207,g2.hpc.coe,41393,0.5001,0,0.0,0.0,12288.0,136138015974,136368611773,139263462,139447712,3127583,0,0,0,0,0,0,0,0,0,0,0,0,834,79,3,2,0,0,0,0,0,0,0,0,0,idle
1778097074.4441323,g2.hpc.coe,41393,0.5001,0,0.0,0.0,12288.0,136138016850,136368611852,139263465,139447714,3127583,0,0,0,0,0,0,0,0,0,0,0,0,876,79,3,2,0,0,0,0,0,0,0,0,0,idle
1778097074.9442542,g2.hpc.coe,41393,0.5001,0,0.0,0.0,12288.0,136138017824,136368611986,139263469,139447717,3127583,0,0,0,0,0,0,0,0,0,0,0,0,974,134,4,3,0,0,0,0,0,0,0,0,0,idle
1778097075.4443822,g2.hpc.coe,41393,0.5001,0,0.0,0.0,12288.0,136138018807,136368612065,139263473,139447719,3127583,0,0,0,0,0,0,0,0,0,0,0,0,983,79,4,2,0,0,0,0,0,0,0,0,0,idle
1778097075.9445097,g2.hpc.coe,41393,0.5001,0,0.0,0.0,12288.0,136138019810,136368612144,139263476,139447721,3127583,0,0,0,0,0,0,0,0,0,0,0,0,1003,79,3,2,0,0,0,0,0,0,0,0,0,idle
1778097076.4446418,g2.hpc.coe,41393,0.5001,0,0.0,0.0,12288.0,136138020856,136368612223,139263479,139447723,3127583,0,0,0,0,0,0,0,0,0,0,0,0,1046,79,3,2,0,0,0,0,0,0,0,0,0,idle
1778097076.944754,g2.hpc.coe,41393,0.5001,0,0.0,0.0,12288.0,136138022589,136368612749,139263498,139447733,3127583,0,0,0,0,0,0,0,0,0,0,0,0,1733,526,19,10,0,0,0,0,0,0,0,0,0,idle
1778097077.4448848,g2.hpc.coe,41393,0.5001,0,0.0,0.0,12288.0,136138023742,136368612828,139263502,139447735,3127583,0,0,0,0,0,0,0,0,0,0,0,0,1153,79,4,2,0,0,0,0,0,0,0,0,0,idle
1778097077.9450073,g2.hpc.coe,41393,0.5001,0,0.0,0.0,12288.0,136138023870,136368612885,139263504,139447736,3127583,0,0,0,0,0,0,0,0,0,0,0,0,128,57,2,1,0,0,0,0,0,0,0,0,0,idle
1778097078.4451468,g2.hpc.coe,41393,0.5001,0,0.0,0.0,12288.0,136138024040,136368612942,139263506,139447737,3127583,0,0,0,0,0,0,0,0,0,0,0,0,170,57,2,1,0,0,0,0,0,0,0,0,0,idle
1778097078.9452713,g2.hpc.coe,41393,0.5001,0,0.0,0.0,12288.0,136138024252,136368612999,139263508,139447738,3127583,0,0,0,0,0,0,0,0,0,0,0,0,212,57,2,1,0,0,0,0,0,0,0,0,0,idle
1778097079.4453993,g2.hpc.coe,41393,0.5001,0,0.0,0.0,12288.0,136138024507,136368613056,139263510,139447739,3127583,0,0,0,0,0,0,0,0,0,0,0,0,255,57,2,1,0,0,0,0,0,0,0,0,0,idle
1778097079.945508,g2.hpc.coe,41393,0.5001,0,0.0,0.0,12288.0,136138024804,136368613113,139263512,139447740,3127583,0,0,0,0,0,0,0,0,0,0,0,0,297,57,2,1,0,0,0,0,0,0,0,0,0,idle
1778097080.4456282,g2.hpc.coe,41393,0.5001,0,0.0,0.0,12288.0,136138025220,136368613225,139263516,139447742,3127583,0,0,0,0,0,0,0,0,0,0,0,0,416,112,4,2,0,0,0,0,0,0,0,0,0,idle
1778097080.9457312,g2.hpc.coe,41393,0.5001,0,0.0,0.0,12288.0,136138025601,136368613282,139263518,139447743,3127583,0,0,0,0,0,0,0,0,0,0,0,0,381,57,2,1,0,0,0,0,0,0,0,0,0,idle
1778097081.4458725,g2.hpc.coe,41393,0.5001,0,0.0,0.0,12288.0,136138026025,136368613339,139263520,139447744,3127583,0,0,0,0,0,0,0,0,0,0,0,0,424,57,2,1,0,0,0,0,0,0,0,0,0,idle
1778097081.9460032,g2.hpc.coe,41393,0.5001,0,0.0,0.0,12288.0,136138026491,136368613396,139263522,139447745,3127583,0,0,0,0,0,0,0,0,0,0,0,0,466,57,2,1,0,0,0,0,0,0,0,0,0,idle
1778097082.4461377,g2.hpc.coe,41393,0.5001,0,0.0,0.0,12288.0,136138026999,136368613453,139263524,139447746,3127583,0,0,0,0,0,0,0,0,0,0,0,0,508,57,2,1,0,0,0,0,0,0,0,0,0,idle
1778097082.9462657,g2.hpc.coe,41393,0.5001,0,0.0,0.0,12288.0,136138027571,136368613532,139263527,139447748,3127583,0,0,0,0,0,0,0,0,0,0,0,0,572,79,3,2,0,0,0,0,0,0,0,0,0,idle
1778097083.4463756,g2.hpc.coe,41393,0.5001,0,0.0,0.0,12288.0,136138028186,136368613611,139263530,139447750,3127583,0,0,0,0,0,0,0,0,0,0,0,0,615,79,3,2,0,0,0,0,0,0,0,0,0,idle
1778097083.946505,g2.hpc.coe,41393,0.5001,0,0.0,0.0,12288.0,136138028843,136368613690,139263533,139447752,3127583,0,0,0,0,0,0,0,0,0,0,0,0,657,79,3,2,0,0,0,0,0,0,0,0,0,idle
1778097084.4466352,g2.hpc.coe,41393,0.5001,0,0.0,0.0,12288.0,136138029542,136368613769,139263536,139447754,3127583,0,0,0,0,0,0,0,0,0,0,0,0,699,79,3,2,0,0,0,0,0,0,0,0,0,idle
1778097084.9467683,g2.hpc.coe,41393,0.5001,0,0.0,0.0,12288.0,136138030283,136368613848,139263539,139447756,3127583,0,0,0,0,0,0,0,0,0,0,0,0,741,79,3,2,0,0,0,0,0,0,0,0,0,idle
1778097085.4469228,g2.hpc.coe,41393,0.5002,0,0.0,0.0,12288.0,136138031143,136368613982,139263544,139447759,3127583,0,0,0,0,0,0,0,0,0,0,0,0,860,134,5,3,0,0,0,0,0,0,0,0,0,idle
1778097085.9470491,g2.hpc.coe,41393,0.5001,0,0.0,0.0,12288.0,136138031969,136368614061,139263547,139447761,3127583,0,0,0,0,0,0,0,0,0,0,0,0,826,79,3,2,0,0,0,0,0,0,0,0,0,idle
1778097086.447177,g2.hpc.coe,41393,0.5001,0,0.0,0.0,12288.0,136138032837,136368614140,139263550,139447763,3127583,0,0,0,0,0,0,0,0,0,0,0,0,868,79,3,2,0,0,0,0,0,0,0,0,0,idle
1778097086.9473014,g2.hpc.coe,41393,0.5001,0,0.0,0.0,12288.0,136138033747,136368614219,139263553,139447765,3127583,0,0,0,0,0,0,0,0,0,0,0,0,910,79,3,2,0,0,0,0,0,0,0,0,0,idle
1778097087.4474297,g2.hpc.coe,41393,0.5001,0,0.0,0.0,12288.0,136138034699,136368614298,139263556,139447767,3127583,0,0,0,0,0,0,0,0,0,0,0,0,952,79,3,2,0,0,0,0,0,0,0,0,0,idle
1778097087.9475555,g2.hpc.coe,41393,0.5001,0,0.0,0.0,12288.0,136138035694,136368614377,139263559,139447769,3127583,0,0,0,0,0,0,0,0,0,0,0,0,995,79,3,2,0,0,0,0,0,0,0,0,0,idle
1778097088.447684,g2.hpc.coe,41393,0.5001,0,0.0,0.0,12288.0,136138036731,136368614456,139263562,139447771,3127583,0,0,0,0,0,0,0,0,0,0,0,0,1037,79,3,2,0,0,0,0,0,0,0,0,0,idle
1778097088.947805,g2.hpc.coe,41393,0.5001,0,0.0,0.0,12288.0,136138037832,136368614535,139263566,139447773,3127583,0,0,0,0,0,0,0,0,0,0,0,0,1101,79,4,2,0,0,0,0,0,0,0,0,0,idle
1778097089.4479327,g2.hpc.coe,41393,0.5001,0,0.0,0.0,12288.0,136138038975,136368614614,139263570,139447775,3127583,0,0,0,0,0,0,0,0,0,0,0,0,1143,79,4,2,0,0,0,0,0,0,0,0,0,idle
1778097089.9480655,g2.hpc.coe,41393,0.5001,0,0.0,0.0,12288.0,136138040161,136368614693,139263574,139447777,3127583,0,0,0,0,0,0,0,0,0,0,0,0,1186,79,4,2,0,0,0,0,0,0,0,0,0,idle
1778097090.448175,g2.hpc.coe,41393,0.5001,0,0.0,0.0,12288.0,136138040398,136368614805,139263578,139447779,3127583,0,0,0,0,0,0,0,0,0,0,0,0,237,112,4,2,0,0,0,0,0,0,0,0,0,idle
1778097090.9483123,g2.hpc.coe,41393,0.5001,0,0.0,0.0,12288.0,136138040601,136368614862,139263580,139447780,3127583,0,0,0,0,0,0,0,0,0,0,0,0,203,57,2,1,0,0,0,0,0,0,0,0,0,idle
1778097091.4484465,g2.hpc.coe,41393,0.5001,0,0.0,0.0,12288.0,136138040846,136368614919,139263582,139447781,3127583,0,0,0,0,0,0,0,0,0,0,0,0,245,57,2,1,0,0,0,0,0,0,0,0,0,idle
1778097091.9485643,g2.hpc.coe,41393,0.5001,0,0.0,0.0,12288.0,136138041756,136368615423,139263599,139447790,3127583,0,0,0,0,0,0,0,0,0,0,0,0,910,504,17,9,0,0,0,0,0,0,0,0,0,idle
1778097092.448666,g2.hpc.coe,41393,0.5001,0,0.0,0.0,12288.0,136138042086,136368615480,139263601,139447791,3127583,0,0,0,0,0,0,0,0,0,0,0,0,330,57,2,1,0,0,0,0,0,0,0,0,0,idle
1778097092.9487617,g2.hpc.coe,41393,0.5001,0,0.0,0.0,12288.0,136138042458,136368615537,139263603,139447792,3127583,0,0,0,0,0,0,0,0,0,0,0,0,372,57,2,1,0,0,0,0,0,0,0,0,0,idle
1778097093.4488924,g2.hpc.coe,41393,0.5001,0,0.0,0.0,12288.0,136138042872,136368615594,139263605,139447793,3127583,0,0,0,0,0,0,0,0,0,0,0,0,414,57,2,1,0,0,0,0,0,0,0,0,0,idle
1778097093.9490163,g2.hpc.coe,41393,0.5001,0,0.0,0.0,12288.0,136138043328,136368615651,139263607,139447794,3127583,0,0,0,0,0,0,0,0,0,0,0,0,456,57,2,1,0,0,0,0,0,0,0,0,0,idle
1778097094.4491494,g2.hpc.coe,41393,0.5001,0,0.0,0.0,12288.0,136138043827,136368615708,139263609,139447795,3127583,0,0,0,0,0,0,0,0,0,0,0,0,499,57,2,1,0,0,0,0,0,0,0,0,0,idle
1778097094.949278,g2.hpc.coe,41393,0.5001,0,0.0,0.0,12288.0,136138044368,136368615765,139263611,139447796,3127583,0,0,0,0,0,0,0,0,0,0,0,0,541,57,2,1,0,0,0,0,0,0,0,0,0,idle
1778097095.4494023,g2.hpc.coe,41393,0.5001,0,0.0,0.0,12288.0,136138045050,136368615899,139263616,139447799,3127583,0,0,0,0,0,0,0,0,0,0,0,0,682,134,5,3,0,0,0,0,0,0,0,0,0,idle
1778097095.9495225,g2.hpc.coe,41393,0.5001,0,0.0,0.0,12288.0,136138045697,136368615978,139263619,139447801,3127583,0,0,0,0,0,0,0,0,0,0,0,0,647,79,3,2,0,0,0,0,0,0,0,0,0,idle
1778097096.449644,g2.hpc.coe,41393,0.5001,0,0.0,0.0,12288.0,136138046387,136368616057,139263622,139447803,3127583,0,0,0,0,0,0,0,0,0,0,0,0,690,79,3,2,0,0,0,0,0,0,0,0,0,idle
1778097096.9497454,g2.hpc.coe,41393,0.5001,0,0.0,0.0,12288.0,136138047119,136368616136,139263625,139447805,3127583,0,0,0,0,0,0,0,0,0,0,0,0,732,79,3,2,0,0,0,0,0,0,0,0,0,idle
1778097097.4498708,g2.hpc.coe,41393,0.5001,0,0.0,0.0,12288.0,136138047893,136368616215,139263628,139447807,3127583,0,0,0,0,0,0,0,0,0,0,0,0,774,79,3,2,0,0,0,0,0,0,0,0,0,idle
1778097097.9500012,g2.hpc.coe,41393,0.5001,0,0.0,0.0,12288.0,136138048709,136368616294,139263631,139447809,3127583,0,0,0,0,0,0,0,0,0,0,0,0,816,79,3,2,0,0,0,0,0,0,0,0,0,idle
1778097098.4501348,g2.hpc.coe,41393,0.5001,0,0.0,0.0,12288.0,136138049567,136368616373,139263634,139447811,3127583,0,0,0,0,0,0,0,0,0,0,0,0,858,79,3,2,0,0,0,0,0,0,0,0,0,idle
1778097098.9502554,g2.hpc.coe,41393,0.5001,0,0.0,0.0,12288.0,136138050468,136368616452,139263637,139447813,3127583,0,0,0,0,0,0,0,0,0,0,0,0,901,79,3,2,0,0,0,0,0,0,0,0,0,idle
1778097099.4504046,g2.hpc.coe,41393,0.5001,0,0.0,0.0,12288.0,136138051668,136368616786,139263645,139447820,3127583,0,0,0,0,0,0,0,0,0,0,0,0,1200,334,8,7,0,0,0,0,0,0,0,0,0,idle
1778097099.9505272,g2.hpc.coe,41393,0.5001,0,0.0,0.0,12288.0,136138052676,136368616865,139263649,139447822,3127583,0,0,0,0,0,0,0,0,0,0,0,0,1008,79,4,2,0,0,0,0,0,0,0,0,0,idle
1778097100.450646,g2.hpc.coe,41393,0.5001,0,0.0,0.0,12288.0,136138053704,136368616944,139263652,139447824,3127583,0,0,0,0,0,0,0,0,0,0,0,0,1028,79,3,2,0,0,0,0,0,0,0,0,0,idle
1778097100.950746,g2.hpc.coe,41393,0.5001,0,0.0,0.0,12288.0,136138054873,136368617078,139263658,139447827,3127583,0,0,0,0,0,0,0,0,0,0,0,0,1169,134,6,3,0,0,0,0,0,0,0,0,0,idle
1778097101.4508817,g2.hpc.coe,41393,0.5001,0,0.0,0.0,12288.0,136138056008,136368617157,139263662,139447829,3127583,0,0,0,0,0,0,0,0,0,0,0,0,1135,79,4,2,0,0,0,0,0,0,0,0,0,idle
1778097101.9510076,g2.hpc.coe,41393,0.5001,0,0.0,0.0,12288.0,136138057185,136368617236,139263666,139447831,3127583,0,0,0,0,0,0,0,0,0,0,0,0,1177,79,4,2,0,0,0,0,0,0,0,0,0,idle
1778097102.4511442,g2.hpc.coe,41393,0.5001,0,0.0,0.0,12288.0,136138057337,136368617293,139263668,139447832,3127583,0,0,0,0,0,0,0,0,0,0,0,0,152,57,2,1,0,0,0,0,0,0,0,0,0,idle
1778097102.9512756,g2.hpc.coe,41393,0.5001,0,0.0,0.0,12288.0,136138057531,136368617350,139263670,139447833,3127583,0,0,0,0,0,0,0,0,0,0,0,0,194,57,2,1,0,0,0,0,0,0,0,0,0,idle
1778097103.4514036,g2.hpc.coe,41393,0.5001,0,0.0,0.0,12288.0,136138057767,136368617407,139263672,139447834,3127583,0,0,0,0,0,0,0,0,0,0,0,0,236,57,2,1,0,0,0,0,0,0,0,0,0,idle
1778097103.9515245,g2.hpc.coe,41393,0.5001,0,0.0,0.0,12288.0,136138058046,136368617464,139263674,139447835,3127583,0,0,0,0,0,0,0,0,0,0,0,0,279,57,2,1,0,0,0,0,0,0,0,0,0,idle
1778097104.451646,g2.hpc.coe,41393,0.5001,0,0.0,0.0,12288.0,136138058367,136368617521,139263676,139447836,3127583,0,0,0,0,0,0,0,0,0,0,0,0,321,57,2,1,0,0,0,0,0,0,0,0,0,idle
1778097104.9517758,g2.hpc.coe,41393,0.5001,0,0.0,0.0,12288.0,136138058730,136368617578,139263678,139447837,3127583,0,0,0,0,0,0,0,0,0,0,0,0,363,57,2,1,0,0,0,0,0,0,0,0,0,idle
1778097105.4519062,g2.hpc.coe,41393,0.5001,0,0.0,0.0,12288.0,136138059135,136368617635,139263680,139447838,3127583,0,0,0,0,0,0,0,0,0,0,0,0,405,57,2,1,0,0,0,0,0,0,0,0,0,idle
1778097105.9520342,g2.hpc.coe,41393,0.5001,0,0.0,0.0,12288.0,136138059659,136368617747,139263684,139447840,3127583,0,0,0,0,0,0,0,0,0,0,0,0,524,112,4,2,0,0,0,0,0,0,0,0,0,idle
1778097106.452163,g2.hpc.coe,41393,0.5001,0,0.0,0.0,12288.0,136138060149,136368617804,139263686,139447841,3127583,0,0,0,0,0,0,0,0,0,0,0,0,490,57,2,1,0,0,0,0,0,0,0,0,0,idle
1778097106.9522886,g2.hpc.coe,41393,0.5001,0,0.0,0.0,12288.0,136138061304,136368618308,139263703,139447850,3127583,0,0,0,0,0,0,0,0,0,0,0,0,1155,504,17,9,0,0,0,0,0,0,0,0,0,idle
1778097107.4524121,g2.hpc.coe,41393,0.5001,0,0.0,0.0,12288.0,136138061901,136368618387,139263706,139447852,3127583,0,0,0,0,0,0,0,0,0,0,0,0,597,79,3,2,0,0,0,0,0,0,0,0,0,idle
1778097107.9525242,g2.hpc.coe,41393,0.5001,0,0.0,0.0,12288.0,136138062540,136368618466,139263709,139447854,3127583,0,0,0,0,0,0,0,0,0,0,0,0,639,79,3,2,0,0,0,0,0,0,0,0,0,idle
1778097108.4526503,g2.hpc.coe,41393,0.5001,0,0.0,0.0,12288.0,136138063221,136368618545,139263712,139447856,3127583,0,0,0,0,0,0,0,0,0,0,0,0,681,79,3,2,0,0,0,0,0,0,0,0,0,idle
1778097108.9527588,g2.hpc.coe,41393,0.5001,0,0.0,0.0,12288.0,136138063945,136368618624,139263715,139447858,3127583,0,0,0,0,0,0,0,0,0,0,0,0,724,79,3,2,0,0,0,0,0,0,0,0,0,idle
1778097109.4529004,g2.hpc.coe,41393,0.5001,0,0.0,0.0,12288.0,136138064711,136368618703,139263718,139447860,3127583,0,0,0,0,0,0,0,0,0,0,0,0,766,79,3,2,0,0,0,0,0,0,0,0,0,idle
1778097109.9530237,g2.hpc.coe,41393,0.5001,0,0.0,0.0,12288.0,136138065519,136368618782,139263721,139447862,3127583,0,0,0,0,0,0,0,0,0,0,0,0,808,79,3,2,0,0,0,0,0,0,0,0,0,idle
1778097110.453155,g2.hpc.coe,41393,0.5001,0,0.0,0.0,12288.0,136138066369,136368618861,139263724,139447864,3127583,0,0,0,0,0,0,0,0,0,0,0,0,850,79,3,2,0,0,0,0,0,0,0,0,0,idle
1778097110.9532871,g2.hpc.coe,41393,0.5001,0,0.0,0.0,12288.0,136138067338,136368618995,139263729,139447867,3127583,0,0,0,0,0,0,0,0,0,0,0,0,969,134,5,3,0,0,0,0,0,0,0,0,0,idle
1778097111.4534001,g2.hpc.coe,41393,0.5001,0,0.0,0.0,12288.0,136138068273,136368619074,139263732,139447869,3127583,0,0,0,0,0,0,0,0,0,0,0,0,935,79,3,2,0,0,0,0,0,0,0,0,0,idle
1778097111.953525,g2.hpc.coe,41393,0.5001,0,0.0,0.0,12288.0,136138069250,136368619153,139263735,139447871,3127583,0,0,0,0,0,0,0,0,0,0,0,0,977,79,3,2,0,0,0,0,0,0,0,0,0,idle
1778097112.4536595,g2.hpc.coe,41393,0.5001,0,0.0,0.0,12288.0,136138070269,136368619232,139263738,139447873,3127583,0,0,0,0,0,0,0,0,0,0,0,0,1019,79,3,2,0,0,0,0,0,0,0,0,0,idle
1778097112.9537845,g2.hpc.coe,41393,0.5001,0,0.0,0.0,12288.0,136138071331,136368619311,139263741,139447875,3127583,0,0,0,0,0,0,0,0,0,0,0,0,1062,79,3,2,0,0,0,0,0,0,0,0,0,idle
1778097113.453912,g2.hpc.coe,41393,0.5001,0,0.0,0.0,12288.0,136138072457,136368619390,139263745,139447877,3127583,0,0,0,0,0,0,0,0,0,0,0,0,1126,79,4,2,0,0,0,0,0,0,0,0,0,idle
1778097113.9540393,g2.hpc.coe,41393,0.5001,0,0.0,0.0,12288.0,136138073625,136368619469,139263749,139447879,3127583,0,0,0,0,0,0,0,0,0,0,0,0,1168,79,4,2,0,0,0,0,0,0,0,0,0,idle
1778097114.454169,g2.hpc.coe,41393,0.5001,0,0.0,0.0,12288.0,136138073768,136368619526,139263751,139447880,3127583,0,0,0,0,0,0,0,0,0,0,0,0,143,57,2,1,0,0,0,0,0,0,0,0,0,idle
1778097114.9542973,g2.hpc.coe,41393,0.5001,0,0.0,0.0,12288.0,136138073953,136368619583,139263753,139447881,3127583,0,0,0,0,0,0,0,0,0,0,0,0,185,57,2,1,0,0,0,0,0,0,0,0,0,idle
1778097115.4544199,g2.hpc.coe,41393,0.5001,0,0.0,0.0,12288.0,136138074180,136368619640,139263755,139447882,3127583,0,0,0,0,0,0,0,0,0,0,0,0,227,57,2,1,0,0,0,0,0,0,0,0,0,idle
1778097115.954546,g2.hpc.coe,41393,0.5001,0,0.0,0.0,12288.0,136138074526,136368619752,139263759,139447884,3127583,0,0,0,0,0,0,0,0,0,0,0,0,346,112,4,2,0,0,0,0,0,0,0,0,0,idle
1778097116.4546714,g2.hpc.coe,41393,0.5001,0,0.0,0.0,12288.0,136138074838,136368619809,139263761,139447885,3127583,0,0,0,0,0,0,0,0,0,0,0,0,312,57,2,1,0,0,0,0,0,0,0,0,0,idle
1778097116.9547982,g2.hpc.coe,41393,0.5001,0,0.0,0.0,12288.0,136138075192,136368619866,139263763,139447886,3127583,0,0,0,0,0,0,0,0,0,0,0,0,354,57,2,1,0,0,0,0,0,0,0,0,0,idle
1778097117.4549222,g2.hpc.coe,41393,0.5001,0,0.0,0.0,12288.0,136138075588,136368619923,139263765,139447887,3127583,0,0,0,0,0,0,0,0,0,0,0,0,396,57,2,1,0,0,0,0,0,0,0,0,0,idle
1778097117.9550455,g2.hpc.coe,41393,0.5001,0,0.0,0.0,12288.0,136138076026,136368619980,139263767,139447888,3127583,0,0,0,0,0,0,0,0,0,0,0,0,438,57,2,1,0,0,0,0,0,0,0,0,0,idle
1778097118.4551792,g2.hpc.coe,41393,0.5001,0,0.0,0.0,12288.0,136138076507,136368620037,139263769,139447889,3127583,0,0,0,0,0,0,0,0,0,0,0,0,481,57,2,1,0,0,0,0,0,0,0,0,0,idle
1778097118.9553056,g2.hpc.coe,41393,0.5001,0,0.0,0.0,12288.0,136138077030,136368620094,139263771,139447890,3127583,0,0,0,0,0,0,0,0,0,0,0,0,523,57,2,1,0,0,0,0,0,0,0,0,0,idle
1778097119.4554167,g2.hpc.coe,41393,0.5001,0,0.0,0.0,12288.0,136138077617,136368620173,139263774,139447892,3127583,0,0,0,0,0,0,0,0,0,0,0,0,587,79,3,2,0,0,0,0,0,0,0,0,0,idle
1778097119.955544,g2.hpc.coe,41393,0.5001,0,0.0,0.0,12288.0,136138078246,136368620252,139263777,139447894,3127583,0,0,0,0,0,0,0,0,0,0,0,0,629,79,3,2,0,0,0,0,0,0,0,0,0,idle
1778097120.455655,g2.hpc.coe,41393,0.5001,0,0.0,0.0,12288.0,136138078917,136368620331,139263780,139447896,3127583,0,0,0,0,0,0,0,0,0,0,0,0,671,79,3,2,0,0,0,0,0,0,0,0,0,idle
1778097120.9557838,g2.hpc.coe,41393,0.5001,0,0.0,0.0,12288.0,136138079630,136368620410,139263783,139447898,3127583,0,0,0,0,0,0,0,0,0,0,0,0,713,79,3,2,0,0,0,0,0,0,0,0,0,idle
1778097121.4559124,g2.hpc.coe,41393,0.5001,0,0.0,0.0,12288.0,136138080463,136368620544,139263788,139447901,3127583,0,0,0,0,0,0,0,0,0,0,0,0,833,134,5,3,0,0,0,0,0,0,0,0,0,idle
1778097121.956042,g2.hpc.coe,41393,0.5001,0,0.0,0.0,12288.0,136138081884,136368621070,139263806,139447911,3127583,0,0,0,0,0,0,0,0,0,0,0,0,1421,526,18,10,0,0,0,0,0,0,0,0,0,idle
1778097122.4561775,g2.hpc.coe,41393,0.5001,0,0.0,0.0,12288.0,136138082725,136368621149,139263809,139447913,3127583,0,0,0,0,0,0,0,0,0,0,0,0,841,79,3,2,0,0,0,0,0,0,0,0,0,idle
1778097122.956248,g2.hpc.coe,41393,0.5001,0,0.0,0.0,12288.0,136138083608,136368621228,139263812,139447915,3127583,0,0,0,0,0,0,0,0,0,0,0,0,883,79,3,2,0,0,0,0,0,0,0,0,0,idle
1778097123.4563696,g2.hpc.coe,41393,0.5001,0,0.0,0.0,12288.0,136138084533,136368621307,139263815,139447917,3127583,0,0,0,0,0,0,0,0,0,0,0,0,925,79,3,2,0,0,0,0,0,0,0,0,0,idle
1778097123.9564927,g2.hpc.coe,41393,0.5001,0,0.0,0.0,12288.0,136138085501,136368621386,139263818,139447919,3127583,0,0,0,0,0,0,0,0,0,0,0,0,968,79,3,2,0,0,0,0,0,0,0,0,0,idle
1778097124.4566092,g2.hpc.coe,41393,0.5001,0,0.0,0.0,12288.0,136138086511,136368621465,139263821,139447921,3127583,0,0,0,0,0,0,0,0,0,0,0,0,1010,79,3,2,0,0,0,0,0,0,0,0,0,idle
1778097124.95672,g2.hpc.coe,41393,0.5001,0,0.0,0.0,12288.0,136138087563,136368621544,139263824,139447923,3127583,0,0,0,0,0,0,0,0,0,0,0,0,1052,79,3,2,0,0,0,0,0,0,0,0,0,idle
1778097125.456845,g2.hpc.coe,41393,0.5001,0,0.0,0.0,12288.0,136138088679,136368621623,139263828,139447925,3127583,0,0,0,0,0,0,0,0,0,0,0,0,1116,79,4,2,0,0,0,0,0,0,0,0,0,idle
1778097125.9569721,g2.hpc.coe,41393,0.5001,0,0.0,0.0,12288.0,136138089838,136368621702,139263832,139447927,3127583,0,0,0,0,0,0,0,0,0,0,0,0,1159,79,4,2,0,0,0,0,0,0,0,0,0,idle
1778097126.4571059,g2.hpc.coe,41393,0.5001,0,0.0,0.0,12288.0,136138090048,136368621814,139263836,139447929,3127583,0,0,0,0,0,0,0,0,0,0,0,0,210,112,4,2,0,0,0,0,0,0,0,0,0,idle
1778097126.9571774,g2.hpc.coe,41393,0.5001,0,0.0,0.0,12288.0,136138090224,136368621871,139263838,139447930,3127583,0,0,0,0,0,0,0,0,0,0,0,0,176,57,2,1,0,0,0,0,0,0,0,0,0,idle
1778097127.4573002,g2.hpc.coe,41393,0.5001,0,0.0,0.0,12288.0,136138090442,136368621928,139263840,139447931,3127583,0,0,0,0,0,0,0,0,0,0,0,0,218,57,2,1,0,0,0,0,0,0,0,0,0,idle
1778097127.957407,g2.hpc.coe,41393,0.5001,0,0.0,0.0,12288.0,136138090702,136368621985,139263842,139447932,3127583,0,0,0,0,0,0,0,0,0,0,0,0,260,57,2,1,0,0,0,0,0,0,0,0,0,idle
1778097128.4575193,g2.hpc.coe,41393,0.5001,0,0.0,0.0,12288.0,136138091004,136368622042,139263844,139447933,3127583,0,0,0,0,0,0,0,0,0,0,0,0,302,57,2,1,0,0,0,0,0,0,0,0,0,idle
1778097128.957646,g2.hpc.coe,41393,0.5001,0,0.0,0.0,12288.0,136138091348,136368622099,139263846,139447934,3127583,0,0,0,0,0,0,0,0,0,0,0,0,344,57,2,1,0,0,0,0,0,0,0,0,0,idle
1778097129.4577699,g2.hpc.coe,41393,0.5001,0,0.0,0.0,12288.0,136138091734,136368622156,139263848,139447935,3127583,0,0,0,0,0,0,0,0,0,0,0,0,386,57,2,1,0,0,0,0,0,0,0,0,0,idle
1778097129.957873,g2.hpc.coe,41393,0.5001,0,0.0,0.0,12288.0,136138092163,136368622213,139263850,139447936,3127583,0,0,0,0,0,0,0,0,0,0,0,0,429,57,2,1,0,0,0,0,0,0,0,0,0,idle
1778097130.4580016,g2.hpc.coe,41393,0.5001,0,0.0,0.0,12288.0,136138092634,136368622270,139263852,139447937,3127583,0,0,0,0,0,0,0,0,0,0,0,0,471,57,2,1,0,0,0,0,0,0,0,0,0,idle
1778097130.958127,g2.hpc.coe,41393,0.5001,0,0.0,0.0,12288.0,136138093147,136368622327,139263854,139447938,3127583,0,0,0,0,0,0,0,0,0,0,0,0,513,57,2,1,0,0,0,0,0,0,0,0,0,idle
1778097131.4582515,g2.hpc.coe,41393,0.5001,0,0.0,0.0,12288.0,136138093801,136368622461,139263859,139447941,3127583,0,0,0,0,0,0,0,0,0,0,0,0,654,134,5,3,0,0,0,0,0,0,0,0,0,idle
1778097131.9583738,g2.hpc.coe,41393,0.5001,0,0.0,0.0,12288.0,136138094420,136368622540,139263862,139447943,3127583,0,0,0,0,0,0,0,0,0,0,0,0,619,79,3,2,0,0,0,0,0,0,0,0,0,idle
1778097132.4584997,g2.hpc.coe,41393,0.5001,0,0.0,0.0,12288.0,136138095082,136368622619,139263865,139447945,3127583,0,0,0,0,0,0,0,0,0,0,0,0,662,79,3,2,0,0,0,0,0,0,0,0,0,idle
1778097132.9586265,g2.hpc.coe,41393,0.5001,0,0.0,0.0,12288.0,136138095786,136368622698,139263868,139447947,3127583,0,0,0,0,0,0,0,0,0,0,0,0,704,79,3,2,0,0,0,0,0,0,0,0,0,idle
1778097133.4587398,g2.hpc.coe,41393,0.5001,0,0.0,0.0,12288.0,136138096532,136368622777,139263871,139447949,3127583,0,0,0,0,0,0,0,0,0,0,0,0,746,79,3,2,0,0,0,0,0,0,0,0,0,idle
1778097133.958894,g2.hpc.coe,41393,0.5002,0,0.0,0.0,12288.0,136138097320,136368622856,139263874,139447951,3127583,0,0,0,0,0,0,0,0,0,0,0,0,788,79,3,2,0,0,0,0,0,0,0,0,0,idle
1778097134.4590263,g2.hpc.coe,41393,0.5001,0,0.0,0.0,12288.0,136138098150,136368622935,139263877,139447953,3127583,0,0,0,0,0,0,0,0,0,0,0,0,830,79,3,2,0,0,0,0,0,0,0,0,0,idle
1778097134.959151,g2.hpc.coe,41393,0.5001,0,0.0,0.0,12288.0,136138099023,136368623014,139263880,139447955,3127583,0,0,0,0,0,0,0,0,0,0,0,0,873,79,3,2,0,0,0,0,0,0,0,0,0,idle
1778097135.459259,g2.hpc.coe,41393,0.5001,0,0.0,0.0,12288.0,136138099938,136368623093,139263883,139447957,3127583,0,0,0,0,0,0,0,0,0,0,0,0,915,79,3,2,0,0,0,0,0,0,0,0,0,idle
1778097135.9593852,g2.hpc.coe,41393,0.5001,0,0.0,0.0,12288.0,136138100895,136368623172,139263886,139447959,3127583,0,0,0,0,0,0,0,0,0,0,0,0,957,79,3,2,0,0,0,0,0,0,0,0,0,idle
1778097136.4595203,g2.hpc.coe,41393,0.5001,0,0.0,0.0,12288.0,136138101971,136368623306,139263891,139447962,3127583,0,0,0,0,0,0,0,0,0,0,0,0,1076,134,5,3,0,0,0,0,0,0,0,0,0,idle
1778097136.9596267,g2.hpc.coe,41393,0.5001,0,0.0,0.0,12288.0,136138103636,136368623832,139263909,139447972,3127583,0,0,0,0,0,0,0,0,0,0,0,0,1665,526,18,10,0,0,0,0,0,0,0,0,0,idle
1778097137.4597478,g2.hpc.coe,41393,0.5001,0,0.0,0.0,12288.0,136138104743,136368623911,139263913,139447974,3127583,0,0,0,0,0,0,0,0,0,0,0,0,1107,79,4,2,0,0,0,0,0,0,0,0,0,idle
1778097137.9598432,g2.hpc.coe,41393,0.5001,0,0.0,0.0,12288.0,136138105892,136368623990,139263917,139447976,3127583,0,0,0,0,0,0,0,0,0,0,0,0,1149,79,4,2,0,0,0,0,0,0,0,0,0,idle
1778097138.4599552,g2.hpc.coe,41393,0.5001,0,0.0,0.0,12288.0,136138106016,136368624047,139263919,139447977,3127583,0,0,0,0,0,0,0,0,0,0,0,0,124,57,2,1,0,0,0,0,0,0,0,0,0,idle
1778097138.9600928,g2.hpc.coe,41393,0.5001,0,0.0,0.0,12288.0,136138106182,136368624104,139263921,139447978,3127583,0,0,0,0,0,0,0,0,0,0,0,0,166,57,2,1,0,0,0,0,0,0,0,0,0,idle
1778097139.4602203,g2.hpc.coe,41393,0.5001,0,0.0,0.0,12288.0,136138106390,136368624161,139263923,139447979,3127583,0,0,0,0,0,0,0,0,0,0,0,0,208,57,2,1,0,0,0,0,0,0,0,0,0,idle
1778097139.9603539,g2.hpc.coe,41393,0.5001,0,0.0,0.0,12288.0,136138106641,136368624218,139263925,139447980,3127583,0,0,0,0,0,0,0,0,0,0,0,0,251,57,2,1,0,0,0,0,0,0,0,0,0,idle
1778097140.4604845,g2.hpc.coe,41393,0.5001,0,0.0,0.0,12288.0,136138106934,136368624275,139263927,139447981,3127583,0,0,0,0,0,0,0,0,0,0,0,0,293,57,2,1,0,0,0,0,0,0,0,0,0,idle
1778097140.9605985,g2.hpc.coe,41393,0.5001,0,0.0,0.0,12288.0,136138107269,136368624332,139263929,139447982,3127583,0,0,0,0,0,0,0,0,0,0,0,0,335,57,2,1,0,0,0,0,0,0,0,0,0,idle
1778097141.460704,g2.hpc.coe,41393,0.5001,0,0.0,0.0,12288.0,136138107646,136368624389,139263931,139447983,3127583,0,0,0,0,0,0,0,0,0,0,0,0,377,57,2,1,0,0,0,0,0,0,0,0,0,idle
1778097141.9608307,g2.hpc.coe,41393,0.5001,0,0.0,0.0,12288.0,136138108120,136368624501,139263934,139447985,3127583,0,0,0,0,0,0,0,0,0,0,0,0,474,112,3,2,0,0,0,0,0,0,0,0,0,idle
1778097142.4609616,g2.hpc.coe,41393,0.5001,0,0.0,0.0,12288.0,136138108582,136368624558,139263936,139447986,3127583,0,0,0,0,0,0,0,0,0,0,0,0,462,57,2,1,0,0,0,0,0,0,0,0,0,idle
1778097142.9610877,g2.hpc.coe,41393,0.5001,0,0.0,0.0,12288.0,136138109086,136368624615,139263938,139447987,3127583,0,0,0,0,0,0,0,0,0,0,0,0,504,57,2,1,0,0,0,0,0,0,0,0,0,idle
1778097143.4612134,g2.hpc.coe,41393,0.5001,0,0.0,0.0,12288.0,136138109654,136368624694,139263941,139447989,3127583,0,0,0,0,0,0,0,0,0,0,0,0,568,79,3,2,0,0,0,0,0,0,0,0,0,idle
1778097143.9613204,g2.hpc.coe,41393,0.5001,0,0.0,0.0,12288.0,136138110265,136368624773,139263944,139447991,3127583,0,0,0,0,0,0,0,0,0,0,0,0,611,79,3,2,0,0,0,0,0,0,0,0,0,idle
1778097144.4614506,g2.hpc.coe,41393,0.5001,0,0.0,0.0,12288.0,136138110918,136368624852,139263947,139447993,3127583,0,0,0,0,0,0,0,0,0,0,0,0,653,79,3,2,0,0,0,0,0,0,0,0,0,idle
1778097144.961574,g2.hpc.coe,41393,0.5001,0,0.0,0.0,12288.0,136138111613,136368624931,139263950,139447995,3127583,0,0,0,0,0,0,0,0,0,0,0,0,695,79,3,2,0,0,0,0,0,0,0,0,0,idle
1778097145.461704,g2.hpc.coe,41393,0.5001,0,0.0,0.0,12288.0,136138112350,136368625010,139263953,139447997,3127583,0,0,0,0,0,0,0,0,0,0,0,0,737,79,3,2,0,0,0,0,0,0,0,0,0,idle
1778097145.96183,g2.hpc.coe,41393,0.5001,0,0.0,0.0,12288.0,136138113129,136368625089,139263956,139447999,3127583,0,0,0,0,0,0,0,0,0,0,0,0,779,79,3,2,0,0,0,0,0,0,0,0,0,idle
1778097146.461966,g2.hpc.coe,41393,0.5001,0,0.0,0.0,12288.0,136138113950,136368625168,139263959,139448001,3127583,0,0,0,0,0,0,0,0,0,0,0,0,821,79,3,2,0,0,0,0,0,0,0,0,0,idle
1778097146.9620814,g2.hpc.coe,41393,0.5001,0,0.0,0.0,12288.0,136138114890,136368625302,139263964,139448004,3127583,0,0,0,0,0,0,0,0,0,0,0,0,940,134,5,3,0,0,0,0,0,0,0,0,0,idle
1778097147.4622238,g2.hpc.coe,41393,0.5001,0,0.0,0.0,12288.0,136138115795,136368625381,139263967,139448006,3127583,0,0,0,0,0,0,0,0,0,0,0,0,905,79,3,2,0,0,0,0,0,0,0,0,0,idle
1778097147.9623291,g2.hpc.coe,41393,0.5001,0,0.0,0.0,12288.0,136138116743,136368625460,139263970,139448008,3127583,0,0,0,0,0,0,0,0,0,0,0,0,948,79,3,2,0,0,0,0,0,0,0,0,0,idle
1778097148.462453,g2.hpc.coe,41393,0.5001,0,0.0,0.0,12288.0,136138117733,136368625539,139263973,139448010,3127583,0,0,0,0,0,0,0,0,0,0,0,0,990,79,3,2,0,0,0,0,0,0,0,0,0,idle
1778097148.962557,g2.hpc.coe,41393,0.5001,0,0.0,0.0,12288.0,136138118765,136368625618,139263976,139448012,3127583,0,0,0,0,0,0,0,0,0,0,0,0,1032,79,3,2,0,0,0,0,0,0,0,0,0,idle
1778097149.4626787,g2.hpc.coe,41393,0.5001,0,0.0,0.0,12288.0,136138119861,136368625697,139263980,139448014,3127583,0,0,0,0,0,0,0,0,0,0,0,0,1096,79,4,2,0,0,0,0,0,0,0,0,0,idle
1778097149.9628112,g2.hpc.coe,41393,0.5001,0,0.0,0.0,12288.0,136138121000,136368625776,139263984,139448016,3127583,0,0,0,0,0,0,0,0,0,0,0,0,1139,79,4,2,0,0,0,0,0,0,0,0,0,idle
1778097150.462937,g2.hpc.coe,41393,0.5001,0,0.0,0.0,12288.0,136138122181,136368625855,139263988,139448018,3127583,0,0,0,0,0,0,0,0,0,0,0,0,1181,79,4,2,0,0,0,0,0,0,0,0,0,idle
1778097150.96307,g2.hpc.coe,41393,0.5001,0,0.0,0.0,12288.0,136138122336,136368625912,139263990,139448019,3127583,0,0,0,0,0,0,0,0,0,0,0,0,155,57,2,1,0,0,0,0,0,0,0,0,0,idle
1778097151.4631937,g2.hpc.coe,41393,0.5001,0,0.0,0.0,12288.0,136138122533,136368625969,139263992,139448020,3127583,0,0,0,0,0,0,0,0,0,0,0,0,197,57,2,1,0,0,0,0,0,0,0,0,0,idle
1778097151.9633257,g2.hpc.coe,41393,0.5001,0,0.0,0.0,12288.0,136138123472,136368626528,139264011,139448030,3127583,0,0,0,0,0,0,0,0,0,0,0,0,939,559,19,10,0,0,0,0,0,0,0,0,0,idle
1778097152.4634528,g2.hpc.coe,41393,0.5001,0,0.0,0.0,12288.0,136138123754,136368626585,139264013,139448031,3127583,0,0,0,0,0,0,0,0,0,0,0,0,282,57,2,1,0,0,0,0,0,0,0,0,0,idle
1778097152.9635773,g2.hpc.coe,41393,0.5001,0,0.0,0.0,12288.0,136138124079,136368626642,139264015,139448032,3127583,0,0,0,0,0,0,0,0,0,0,0,0,325,57,2,1,0,0,0,0,0,0,0,0,0,idle
1778097153.4637036,g2.hpc.coe,41393,0.5001,0,0.0,0.0,12288.0,136138124446,136368626699,139264017,139448033,3127583,0,0,0,0,0,0,0,0,0,0,0,0,367,57,2,1,0,0,0,0,0,0,0,0,0,idle
1778097153.963845,g2.hpc.coe,41393,0.5001,0,0.0,0.0,12288.0,136138124855,136368626756,139264019,139448034,3127583,0,0,0,0,0,0,0,0,0,0,0,0,409,57,2,1,0,0,0,0,0,0,0,0,0,idle
1778097154.4639757,g2.hpc.coe,41393,0.5001,0,0.0,0.0,12288.0,136138125306,136368626813,139264021,139448035,3127583,0,0,0,0,0,0,0,0,0,0,0,0,451,57,2,1,0,0,0,0,0,0,0,0,0,idle
1778097154.9641018,g2.hpc.coe,41393,0.5001,0,0.0,0.0,12288.0,136138125799,136368626870,139264023,139448036,3127583,0,0,0,0,0,0,0,0,0,0,0,0,493,57,2,1,0,0,0,0,0,0,0,0,0,idle
1778097155.4642105,g2.hpc.coe,41393,0.5001,0,0.0,0.0,12288.0,136138126335,136368626927,139264025,139448037,3127583,0,0,0,0,0,0,0,0,0,0,0,0,536,57,2,1,0,0,0,0,0,0,0,0,0,idle
1778097155.9643288,g2.hpc.coe,41393,0.5001,0,0.0,0.0,12288.0,136138126935,136368627006,139264028,139448039,3127583,0,0,0,0,0,0,0,0,0,0,0,0,600,79,3,2,0,0,0,0,0,0,0,0,0,idle
1778097156.4644623,g2.hpc.coe,41393,0.5001,0,0.0,0.0,12288.0,136138127577,136368627085,139264031,139448041,3127583,0,0,0,0,0,0,0,0,0,0,0,0,642,79,3,2,0,0,0,0,0,0,0,0,0,idle
1778097156.96459,g2.hpc.coe,41393,0.5001,0,0.0,0.0,12288.0,136138128338,136368627219,139264036,139448044,3127583,0,0,0,0,0,0,0,0,0,0,0,0,761,134,5,3,0,0,0,0,0,0,0,0,0,idle
1778097157.4647205,g2.hpc.coe,41393,0.5001,0,0.0,0.0,12288.0,136138129064,136368627298,139264039,139448046,3127583,0,0,0,0,0,0,0,0,0,0,0,0,726,79,3,2,0,0,0,0,0,0,0,0,0,idle
1778097157.9648492,g2.hpc.coe,41393,0.5001,0,0.0,0.0,12288.0,136138129833,136368627377,139264042,139448048,3127583,0,0,0,0,0,0,0,0,0,0,0,0,769,79,3,2,0,0,0,0,0,0,0,0,0,idle
1778097158.4649842,g2.hpc.coe,41393,0.5001,0,0.0,0.0,12288.0,136138130644,136368627456,139264045,139448050,3127583,0,0,0,0,0,0,0,0,0,0,0,0,811,79,3,2,0,0,0,0,0,0,0,0,0,idle
1778097158.9651062,g2.hpc.coe,41393,0.5001,0,0.0,0.0,12288.0,136138131497,136368627535,139264048,139448052,3127583,0,0,0,0,0,0,0,0,0,0,0,0,853,79,3,2,0,0,0,0,0,0,0,0,0,idle
1778097159.4652314,g2.hpc.coe,41393,0.5001,0,0.0,0.0,12288.0,136138132649,136368627869,139264056,139448059,3127583,0,0,0,0,0,0,0,0,0,0,0,0,1152,334,8,7,0,0,0,0,0,0,0,0,0,idle
1778097159.9653606,g2.hpc.coe,41393,0.5001,0,0.0,0.0,12288.0,136138133609,136368627948,139264060,139448061,3127583,0,0,0,0,0,0,0,0,0,0,0,0,960,79,4,2,0,0,0,0,0,0,0,0,0,idle
1778097160.4654858,g2.hpc.coe,41393,0.5001,0,0.0,0.0,12288.0,136138134589,136368628027,139264063,139448063,3127583,0,0,0,0,0,0,0,0,0,0,0,0,980,79,3,2,0,0,0,0,0,0,0,0,0,idle
1778097160.9656167,g2.hpc.coe,41393,0.5001,0,0.0,0.0,12288.0,136138135612,136368628106,139264066,139448065,3127583,0,0,0,0,0,0,0,0,0,0,0,0,1023,79,3,2,0,0,0,0,0,0,0,0,0,idle
1778097161.4657485,g2.hpc.coe,41393,0.5001,0,0.0,0.0,12288.0,136138136699,136368628185,139264070,139448067,3127583,0,0,0,0,0,0,0,0,0,0,0,0,1087,79,4,2,0,0,0,0,0,0,0,0,0,idle
1778097161.965846,g2.hpc.coe,41393,0.5001,0,0.0,0.0,12288.0,136138137884,136368628319,139264075,139448070,3127583,0,0,0,0,0,0,0,0,0,0,0,0,1185,134,5,3,0,0,0,0,0,0,0,0,0,idle
1778097162.465971,g2.hpc.coe,41393,0.5001,0,0.0,0.0,12288.0,136138139078,136368628398,139264080,139448072,3127583,0,0,0,0,0,0,0,0,0,0,0,0,1194,79,5,2,0,0,0,0,0,0,0,0,0,idle
1778097162.9660807,g2.hpc.coe,41393,0.5001,0,0.0,0.0,12288.0,136138139224,136368628455,139264082,139448073,3127583,0,0,0,0,0,0,0,0,0,0,0,0,146,57,2,1,0,0,0,0,0,0,0,0,0,idle
1778097163.4662068,g2.hpc.coe,41393,0.5001,0,0.0,0.0,12288.0,136138139413,136368628512,139264084,139448074,3127583,0,0,0,0,0,0,0,0,0,0,0,0,189,57,2,1,0,0,0,0,0,0,0,0,0,idle
1778097163.9663298,g2.hpc.coe,41393,0.5001,0,0.0,0.0,12288.0,136138139644,136368628569,139264086,139448075,3127583,0,0,0,0,0,0,0,0,0,0,0,0,231,57,2,1,0,0,0,0,0,0,0,0,0,idle
1778097164.4664488,g2.hpc.coe,41393,0.5001,0,0.0,0.0,12288.0,136138139917,136368628626,139264088,139448076,3127583,0,0,0,0,0,0,0,0,0,0,0,0,273,57,2,1,0,0,0,0,0,0,0,0,0,idle
1778097164.9665782,g2.hpc.coe,41393,0.5001,0,0.0,0.0,12288.0,136138140232,136368628683,139264090,139448077,3127583,0,0,0,0,0,0,0,0,0,0,0,0,315,57,2,1,0,0,0,0,0,0,0,0,0,idle
1778097165.4667077,g2.hpc.coe,41393,0.5001,0,0.0,0.0,12288.0,136138140590,136368628740,139264092,139448078,3127583,0,0,0,0,0,0,0,0,0,0,0,0,358,57,2,1,0,0,0,0,0,0,0,0,0,idle
1778097165.9668276,g2.hpc.coe,41393,0.5001,0,0.0,0.0,12288.0,136138140990,136368628797,139264094,139448079,3127583,0,0,0,0,0,0,0,0,0,0,0,0,400,57,2,1,0,0,0,0,0,0,0,0,0,idle
1778097166.4669576,g2.hpc.coe,41393,0.5001,0,0.0,0.0,12288.0,136138141432,136368628854,139264096,139448080,3127583,0,0,0,0,0,0,0,0,0,0,0,0,442,57,2,1,0,0,0,0,0,0,0,0,0,idle
1778097166.9670868,g2.hpc.coe,41393,0.5001,0,0.0,0.0,12288.0,136138142539,136368629358,139264113,139448089,3127583,0,0,0,0,0,0,0,0,0,0,0,0,1107,504,17,9,0,0,0,0,0,0,0,0,0,idle
1778097167.4672124,g2.hpc.coe,41393,0.5001,0,0.0,0.0,12288.0,136138143143,136368629470,139264117,139448091,3127583,0,0,0,0,0,0,0,0,0,0,0,0,604,112,4,2,0,0,0,0,0,0,0,0,0,idle
1778097167.9672933,g2.hpc.coe,41393,0.5001,0,0.0,0.0,12288.0,136138143735,136368629549,139264120,139448093,3127583,0,0,0,0,0,0,0,0,0,0,0,0,592,79,3,2,0,0,0,0,0,0,0,0,0,idle
1778097168.467415,g2.hpc.coe,41393,0.5001,0,0.0,0.0,12288.0,136138144369,136368629628,139264123,139448095,3127583,0,0,0,0,0,0,0,0,0,0,0,0,634,79,3,2,0,0,0,0,0,0,0,0,0,idle
1778097168.9675202,g2.hpc.coe,41393,0.5001,0,0.0,0.0,12288.0,136138145045,136368629707,139264126,139448097,3127583,0,0,0,0,0,0,0,0,0,0,0,0,676,79,3,2,0,0,0,0,0,0,0,0,0,idle
1778097169.4676456,g2.hpc.coe,41393,0.5001,0,0.0,0.0,12288.0,136138145763,136368629786,139264129,139448099,3127583,0,0,0,0,0,0,0,0,0,0,0,0,718,79,3,2,0,0,0,0,0,0,0,0,0,idle
1778097169.967769,g2.hpc.coe,41393,0.5001,0,0.0,0.0,12288.0,136138146524,136368629865,139264132,139448101,3127583,0,0,0,0,0,0,0,0,0,0,0,0,761,79,3,2,0,0,0,0,0,0,0,0,0,idle
1778097170.4678752,g2.hpc.coe,41393,0.5001,0,0.0,0.0,12288.0,136138147327,136368629944,139264135,139448103,3127583,0,0,0,0,0,0,0,0,0,0,0,0,803,79,3,2,0,0,0,0,0,0,0,0,0,idle
1778097170.9679976,g2.hpc.coe,41393,0.5001,0,0.0,0.0,12288.0,136138148172,136368630023,139264138,139448105,3127583,0,0,0,0,0,0,0,0,0,0,0,0,845,79,3,2,0,0,0,0,0,0,0,0,0,idle
1778097171.468106,g2.hpc.coe,41393,0.5001,0,0.0,0.0,12288.0,136138149059,136368630102,139264141,139448107,3127583,0,0,0,0,0,0,0,0,0,0,0,0,887,79,3,2,0,0,0,0,0,0,0,0,0,idle
1778097171.9682307,g2.hpc.coe,41393,0.5001,0,0.0,0.0,12288.0,136138149988,136368630181,139264144,139448109,3127583,0,0,0,0,0,0,0,0,0,0,0,0,929,79,3,2,0,0,0,0,0,0,0,0,0,idle
1778097172.4683337,g2.hpc.coe,41393,0.5001,0,0.0,0.0,12288.0,136138151036,136368630315,139264149,139448112,3127583,0,0,0,0,0,0,0,0,0,0,0,0,1048,134,5,3,0,0,0,0,0,0,0,0,0,idle
1778097172.9684508,g2.hpc.coe,41393,0.5001,0,0.0,0.0,12288.0,136138152050,136368630394,139264152,139448114,3127583,0,0,0,0,0,0,0,0,0,0,0,0,1014,79,3,2,0,0,0,0,0,0,0,0,0,idle
1778097173.4685614,g2.hpc.coe,41393,0.5001,0,0.0,0.0,12288.0,136138153107,136368630473,139264155,139448116,3127583,0,0,0,0,0,0,0,0,0,0,0,0,1057,79,3,2,0,0,0,0,0,0,0,0,0,idle
1778097173.9686913,g2.hpc.coe,41393,0.5001,0,0.0,0.0,12288.0,136138154228,136368630552,139264159,139448118,3127583,0,0,0,0,0,0,0,0,0,0,0,0,1121,79,4,2,0,0,0,0,0,0,0,0,0,idle
1778097174.4688213,g2.hpc.coe,41393,0.5001,0,0.0,0.0,12288.0,136138155392,136368630631,139264163,139448120,3127583,0,0,0,0,0,0,0,0,0,0,0,0,1164,79,4,2,0,0,0,0,0,0,0,0,0,idle
1778097174.9689398,g2.hpc.coe,41393,0.5001,0,0.0,0.0,12288.0,136138155530,136368630688,139264165,139448121,3127583,0,0,0,0,0,0,0,0,0,0,0,0,138,57,2,1,0,0,0,0,0,0,0,0,0,idle
1778097175.4690723,g2.hpc.coe,41393,0.5001,0,0.0,0.0,12288.0,136138155710,136368630745,139264167,139448122,3127583,0,0,0,0,0,0,0,0,0,0,0,0,180,57,2,1,0,0,0,0,0,0,0,0,0,idle
1778097175.9691973,g2.hpc.coe,41393,0.5001,0,0.0,0.0,12288.0,136138155933,136368630802,139264169,139448123,3127583,0,0,0,0,0,0,0,0,0,0,0,0,223,57,2,1,0,0,0,0,0,0,0,0,0,idle
1778097176.4693222,g2.hpc.coe,41393,0.5001,0,0.0,0.0,12288.0,136138156198,136368630859,139264171,139448124,3127583,0,0,0,0,0,0,0,0,0,0,0,0,265,57,2,1,0,0,0,0,0,0,0,0,0,idle
1778097176.9694436,g2.hpc.coe,41393,0.5001,0,0.0,0.0,12288.0,136138156505,136368630916,139264173,139448125,3127583,0,0,0,0,0,0,0,0,0,0,0,0,307,57,2,1,0,0,0,0,0,0,0,0,0,idle
1778097177.469569,g2.hpc.coe,41393,0.5001,0,0.0,0.0,12288.0,136138156931,136368631028,139264177,139448127,3127583,0,0,0,0,0,0,0,0,0,0,0,0,426,112,4,2,0,0,0,0,0,0,0,0,0,idle
1778097177.9696987,g2.hpc.coe,41393,0.5001,0,0.0,0.0,12288.0,136138157323,136368631085,139264179,139448128,3127583,0,0,0,0,0,0,0,0,0,0,0,0,392,57,2,1,0,0,0,0,0,0,0,0,0,idle
1778097178.4698265,g2.hpc.coe,41393,0.5001,0,0.0,0.0,12288.0,136138157757,136368631142,139264181,139448129,3127583,0,0,0,0,0,0,0,0,0,0,0,0,434,57,2,1,0,0,0,0,0,0,0,0,0,idle
1778097178.9699366,g2.hpc.coe,41393,0.5001,0,0.0,0.0,12288.0,136138158233,136368631199,139264183,139448130,3127583,0,0,0,0,0,0,0,0,0,0,0,0,476,57,2,1,0,0,0,0,0,0,0,0,0,idle
1778097179.4700463,g2.hpc.coe,41393,0.5001,0,0.0,0.0,12288.0,136138158751,136368631256,139264185,139448131,3127583,0,0,0,0,0,0,0,0,0,0,0,0,518,57,2,1,0,0,0,0,0,0,0,0,0,idle
1778097179.9701731,g2.hpc.coe,41393,0.5001,0,0.0,0.0,12288.0,136138159334,136368631335,139264188,139448133,3127583,0,0,0,0,0,0,0,0,0,0,0,0,583,79,3,2,0,0,0,0,0,0,0,0,0,idle
1778097180.4702961,g2.hpc.coe,41393,0.5001,0,0.0,0.0,12288.0,136138159959,136368631414,139264191,139448135,3127583,0,0,0,0,0,0,0,0,0,0,0,0,625,79,3,2,0,0,0,0,0,0,0,0,0,idle
1778097180.9704227,g2.hpc.coe,41393,0.5001,0,0.0,0.0,12288.0,136138160626,136368631493,139264194,139448137,3127583,0,0,0,0,0,0,0,0,0,0,0,0,667,79,3,2,0,0,0,0,0,0,0,0,0,idle
1778097181.4705446,g2.hpc.coe,41393,0.5001,0,0.0,0.0,12288.0,136138161335,136368631572,139264197,139448139,3127583,0,0,0,0,0,0,0,0,0,0,0,0,709,79,3,2,0,0,0,0,0,0,0,0,0,idle
1778097181.9706712,g2.hpc.coe,41393,0.5001,0,0.0,0.0,12288.0,136138162710,136368632098,139264215,139448149,3127583,0,0,0,0,0,0,0,0,0,0,0,0,1375,526,18,10,0,0,0,0,0,0,0,0,0,idle
1778097182.4708126,g2.hpc.coe,41393,0.5001,0,0.0,0.0,12288.0,136138163582,136368632232,139264220,139448152,3127583,0,0,0,0,0,0,0,0,0,0,0,0,872,134,5,3,0,0,0,0,0,0,0,0,0,idle
1778097182.9709344,g2.hpc.coe,41393,0.5001,0,0.0,0.0,12288.0,136138164419,136368632311,139264223,139448154,3127583,0,0,0,0,0,0,0,0,0,0,0,0,837,79,3,2,0,0,0,0,0,0,0,0,0,idle
1778097183.4710681,g2.hpc.coe,41393,0.5001,0,0.0,0.0,12288.0,136138165299,136368632390,139264226,139448156,3127583,0,0,0,0,0,0,0,0,0,0,0,0,880,79,3,2,0,0,0,0,0,0,0,0,0,idle
1778097183.9711885,g2.hpc.coe,41393,0.5001,0,0.0,0.0,12288.0,136138166221,136368632469,139264229,139448158,3127583,0,0,0,0,0,0,0,0,0,0,0,0,922,79,3,2,0,0,0,0,0,0,0,0,0,idle
1778097184.471308,g2.hpc.coe,41393,0.5001,0,0.0,0.0,12288.0,136138167185,136368632548,139264232,139448160,3127583,0,0,0,0,0,0,0,0,0,0,0,0,964,79,3,2,0,0,0,0,0,0,0,0,0,idle
1778097184.971413,g2.hpc.coe,41393,0.5001,0,0.0,0.0,12288.0,136138168191,136368632627,139264235,139448162,3127583,0,0,0,0,0,0,0,0,0,0,0,0,1006,79,3,2,0,0,0,0,0,0,0,0,0,idle
1778097185.471541,g2.hpc.coe,41393,0.5001,0,0.0,0.0,12288.0,136138169239,136368632706,139264238,139448164,3127583,0,0,0,0,0,0,0,0,0,0,0,0,1048,79,3,2,0,0,0,0,0,0,0,0,0,idle
1778097185.9716685,g2.hpc.coe,41393,0.5001,0,0.0,0.0,12288.0,136138170352,136368632785,139264242,139448166,3127583,0,0,0,0,0,0,0,0,0,0,0,0,1113,79,4,2,0,0,0,0,0,0,0,0,0,idle
1778097186.4718113,g2.hpc.coe,41393,0.5001,0,0.0,0.0,12288.0,136138171507,136368632864,139264246,139448168,3127583,0,0,0,0,0,0,0,0,0,0,0,0,1155,79,4,2,0,0,0,0,0,0,0,0,0,idle
1778097186.9719365,g2.hpc.coe,41393,0.5001,0,0.0,0.0,12288.0,136138171637,136368632921,139264248,139448169,3127583,0,0,0,0,0,0,0,0,0,0,0,0,130,57,2,1,0,0,0,0,0,0,0,0,0,idle
1778097187.4720721,g2.hpc.coe,41393,0.5001,0,0.0,0.0,12288.0,136138171809,136368632978,139264250,139448170,3127583,0,0,0,0,0,0,0,0,0,0,0,0,172,57,2,1,0,0,0,0,0,0,0,0,0,idle
1778097187.972203,g2.hpc.coe,41393,0.5001,0,0.0,0.0,12288.0,136138172100,136368633090,139264254,139448172,3127583,0,0,0,0,0,0,0,0,0,0,0,0,291,112,4,2,0,0,0,0,0,0,0,0,0,idle
1778097188.47231,g2.hpc.coe,41393,0.5001,0,0.0,0.0,12288.0,136138172356,136368633147,139264256,139448173,3127583,0,0,0,0,0,0,0,0,0,0,0,0,256,57,2,1,0,0,0,0,0,0,0,0,0,idle
1778097188.972424,g2.hpc.coe,41393,0.5001,0,0.0,0.0,12288.0,136138172654,136368633204,139264258,139448174,3127583,0,0,0,0,0,0,0,0,0,0,0,0,298,57,2,1,0,0,0,0,0,0,0,0,0,idle
1778097189.4725535,g2.hpc.coe,41393,0.5001,0,0.0,0.0,12288.0,136138172994,136368633261,139264260,139448175,3127583,0,0,0,0,0,0,0,0,0,0,0,0,340,57,2,1,0,0,0,0,0,0,0,0,0,idle
1778097189.9726775,g2.hpc.coe,41393,0.5001,0,0.0,0.0,12288.0,136138173376,136368633318,139264262,139448176,3127583,0,0,0,0,0,0,0,0,0,0,0,0,382,57,2,1,0,0,0,0,0,0,0,0,0,idle
1778097190.4728117,g2.hpc.coe,41393,0.5001,0,0.0,0.0,12288.0,136138173801,136368633375,139264264,139448177,3127583,0,0,0,0,0,0,0,0,0,0,0,0,425,57,2,1,0,0,0,0,0,0,0,0,0,idle
1778097190.972945,g2.hpc.coe,41393,0.5001,0,0.0,0.0,12288.0,136138174268,136368633432,139264266,139448178,3127583,0,0,0,0,0,0,0,0,0,0,0,0,467,57,2,1,0,0,0,0,0,0,0,0,0,idle
1778097191.4730725,g2.hpc.coe,41393,0.5001,0,0.0,0.0,12288.0,136138174777,136368633489,139264268,139448179,3127583,0,0,0,0,0,0,0,0,0,0,0,0,509,57,2,1,0,0,0,0,0,0,0,0,0,idle
1778097191.9731975,g2.hpc.coe,41393,0.5001,0,0.0,0.0,12288.0,136138175350,136368633568,139264271,139448181,3127583,0,0,0,0,0,0,0,0,0,0,0,0,573,79,3,2,0,0,0,0,0,0,0,0,0,idle
1778097192.4733238,g2.hpc.coe,41393,0.5001,0,0.0,0.0,12288.0,136138175965,136368633647,139264274,139448183,3127583,0,0,0,0,0,0,0,0,0,0,0,0,615,79,3,2,0,0,0,0,0,0,0,0,0,idle
1778097192.9734538,g2.hpc.coe,41393,0.5001,0,0.0,0.0,12288.0,136138176700,136368633781,139264279,139448186,3127583,0,0,0,0,0,0,0,0,0,0,0,0,735,134,5,3,0,0,0,0,0,0,0,0,0,idle
1778097193.4735746,g2.hpc.coe,41393,0.5001,0,0.0,0.0,12288.0,136138177400,136368633860,139264282,139448188,3127583,0,0,0,0,0,0,0,0,0,0,0,0,700,79,3,2,0,0,0,0,0,0,0,0,0,idle
1778097193.9737053,g2.hpc.coe,41393,0.5001,0,0.0,0.0,12288.0,136138178142,136368633939,139264285,139448190,3127583,0,0,0,0,0,0,0,0,0,0,0,0,742,79,3,2,0,0,0,0,0,0,0,0,0,idle
1778097194.4738197,g2.hpc.coe,41393,0.5001,0,0.0,0.0,12288.0,136138178927,136368634018,139264288,139448192,3127583,0,0,0,0,0,0,0,0,0,0,0,0,785,79,3,2,0,0,0,0,0,0,0,0,0,idle
1778097194.973949,g2.hpc.coe,41393,0.5001,0,0.0,0.0,12288.0,136138179754,136368634097,139264291,139448194,3127583,0,0,0,0,0,0,0,0,0,0,0,0,827,79,3,2,0,0,0,0,0,0,0,0,0,idle
1778097195.4740531,g2.hpc.coe,41393,0.5001,0,0.0,0.0,12288.0,136138180623,136368634176,139264294,139448196,3127583,0,0,0,0,0,0,0,0,0,0,0,0,869,79,3,2,0,0,0,0,0,0,0,0,0,idle
1778097195.9741805,g2.hpc.coe,41393,0.5001,0,0.0,0.0,12288.0,136138181534,136368634255,139264297,139448198,3127583,0,0,0,0,0,0,0,0,0,0,0,0,911,79,3,2,0,0,0,0,0,0,0,0,0,idle
1778097196.474313,g2.hpc.coe,41393,0.5001,0,0.0,0.0,12288.0,136138182487,136368634334,139264300,139448200,3127583,0,0,0,0,0,0,0,0,0,0,0,0,953,79,3,2,0,0,0,0,0,0,0,0,0,idle
1778097196.9744399,g2.hpc.coe,41393,0.5001,0,0.0,0.0,12288.0,136138184105,136368634860,139264318,139448210,3127583,0,0,0,0,0,0,0,0,0,0,0,0,1618,526,18,10,0,0,0,0,0,0,0,0,0,idle
1778097197.4745734,g2.hpc.coe,41393,0.5001,0,0.0,0.0,12288.0,136138185144,136368634939,139264321,139448212,3127583,0,0,0,0,0,0,0,0,0,0,0,0,1039,79,3,2,0,0,0,0,0,0,0,0,0,idle
1778097197.9747033,g2.hpc.coe,41393,0.5001,0,0.0,0.0,12288.0,136138186324,136368635073,139264327,139448215,3127583,0,0,0,0,0,0,0,0,0,0,0,0,1180,134,6,3,0,0,0,0,0,0,0,0,0,idle
1778097198.4748354,g2.hpc.coe,41393,0.5001,0,0.0,0.0,12288.0,136138187470,136368635152,139264331,139448217,3127583,0,0,0,0,0,0,0,0,0,0,0,0,1146,79,4,2,0,0,0,0,0,0,0,0,0,idle
1778097198.9749742,g2.hpc.coe,41393,0.5001,0,0.0,0.0,12288.0,136138188658,136368635231,139264335,139448219,3127583,0,0,0,0,0,0,0,0,0,0,0,0,1188,79,4,2,0,0,0,0,0,0,0,0,0,idle
1778097199.4751027,g2.hpc.coe,41393,0.5001,0,0.0,0.0,12288.0,136138188821,136368635288,139264337,139448220,3127583,0,0,0,0,0,0,0,0,0,0,0,0,163,57,2,1,0,0,0,0,0,0,0,0,0,idle
1778097199.9752326,g2.hpc.coe,41393,0.5001,0,0.0,0.0,12288.0,136138189026,136368635345,139264339,139448221,3127583,0,0,0,0,0,0,0,0,0,0,0,0,205,57,2,1,0,0,0,0,0,0,0,0,0,idle
1778097200.475367,g2.hpc.coe,41393,0.5001,0,0.0,0.0,12288.0,136138189273,136368635402,139264341,139448222,3127583,0,0,0,0,0,0,0,0,0,0,0,0,247,57,2,1,0,0,0,0,0,0,0,0,0,idle
1778097200.9754903,g2.hpc.coe,41393,0.5001,0,0.0,0.0,12288.0,136138189562,136368635459,139264343,139448223,3127583,0,0,0,0,0,0,0,0,0,0,0,0,289,57,2,1,0,0,0,0,0,0,0,0,0,idle
1778097201.4756014,g2.hpc.coe,41393,0.5001,0,0.0,0.0,12288.0,136138189894,136368635516,139264345,139448224,3127583,0,0,0,0,0,0,0,0,0,0,0,0,332,57,2,1,0,0,0,0,0,0,0,0,0,idle
1778097201.9757252,g2.hpc.coe,41393,0.5001,0,0.0,0.0,12288.0,136138190268,136368635573,139264347,139448225,3127583,0,0,0,0,0,0,0,0,0,0,0,0,374,57,2,1,0,0,0,0,0,0,0,0,0,idle
1778097202.4758844,g2.hpc.coe,41393,0.5002,0,0.0,0.0,12288.0,136138190684,136368635630,139264349,139448226,3127583,0,0,0,0,0,0,0,0,0,0,0,0,416,57,2,1,0,0,0,0,0,0,0,0,0,idle
1778097202.976014,g2.hpc.coe,41393,0.5001,0,0.0,0.0,12288.0,136138191219,136368635742,139264353,139448228,3127583,0,0,0,0,0,0,0,0,0,0,0,0,535,112,4,2,0,0,0,0,0,0,0,0,0,idle
1778097203.4761412,g2.hpc.coe,41393,0.5001,0,0.0,0.0,12288.0,136138191720,136368635799,139264355,139448229,3127583,0,0,0,0,0,0,0,0,0,0,0,0,501,57,2,1,0,0,0,0,0,0,0,0,0,idle
1778097203.9762485,g2.hpc.coe,41393,0.5001,0,0.0,0.0,12288.0,136138192285,136368635878,139264358,139448231,3127583,0,0,0,0,0,0,0,0,0,0,0,0,565,79,3,2,0,0,0,0,0,0,0,0,0,idle
1778097204.4763749,g2.hpc.coe,41393,0.5001,0,0.0,0.0,12288.0,136138192892,136368635957,139264361,139448233,3127583,0,0,0,0,0,0,0,0,0,0,0,0,607,79,3,2,0,0,0,0,0,0,0,0,0,idle
1778097204.976485,g2.hpc.coe,41393,0.5001,0,0.0,0.0,12288.0,136138193541,136368636036,139264364,139448235,3127583,0,0,0,0,0,0,0,0,0,0,0,0,649,79,3,2,0,0,0,0,0,0,0,0,0,idle
1778097205.47661,g2.hpc.coe,41393,0.5001,0,0.0,0.0,12288.0,136138194232,136368636115,139264367,139448237,3127583,0,0,0,0,0,0,0,0,0,0,0,0,691,79,3,2,0,0,0,0,0,0,0,0,0,idle
1778097205.9767332,g2.hpc.coe,41393,0.5001,0,0.0,0.0,12288.0,136138194965,136368636194,139264370,139448239,3127583,0,0,0,0,0,0,0,0,0,0,0,0,733,79,3,2,0,0,0,0,0,0,0,0,0,idle
1778097206.4768796,g2.hpc.coe,41393,0.5001,0,0.0,0.0,12288.0,136138195740,136368636273,139264373,139448241,3127583,0,0,0,0,0,0,0,0,0,0,0,0,775,79,3,2,0,0,0,0,0,0,0,0,0,idle
1778097206.977002,g2.hpc.coe,41393,0.5001,0,0.0,0.0,12288.0,136138196558,136368636352,139264376,139448243,3127583,0,0,0,0,0,0,0,0,0,0,0,0,818,79,3,2,0,0,0,0,0,0,0,0,0,idle
1778097207.4771056,g2.hpc.coe,41393,0.5001,0,0.0,0.0,12288.0,136138197418,136368636431,139264379,139448245,3127583,0,0,0,0,0,0,0,0,0,0,0,0,860,79,3,2,0,0,0,0,0,0,0,0,0,idle
1778097207.9772294,g2.hpc.coe,41393,0.5001,0,0.0,0.0,12288.0,136138198320,136368636510,139264382,139448247,3127583,0,0,0,0,0,0,0,0,0,0,0,0,902,79,3,2,0,0,0,0,0,0,0,0,0,idle
1778097208.4773421,g2.hpc.coe,41393,0.5001,0,0.0,0.0,12288.0,136138199341,136368636644,139264387,139448250,3127583,0,0,0,0,0,0,0,0,0,0,0,0,1021,134,5,3,0,0,0,0,0,0,0,0,0,idle
1778097208.9774723,g2.hpc.coe,41393,0.5001,0,0.0,0.0,12288.0,136138200328,136368636723,139264390,139448252,3127583,0,0,0,0,0,0,0,0,0,0,0,0,987,79,3,2,0,0,0,0,0,0,0,0,0,idle
1778097209.477604,g2.hpc.coe,41393,0.5001,0,0.0,0.0,12288.0,136138201357,136368636802,139264393,139448254,3127583,0,0,0,0,0,0,0,0,0,0,0,0,1029,79,3,2,0,0,0,0,0,0,0,0,0,idle
1778097209.977734,g2.hpc.coe,41393,0.5001,0,0.0,0.0,12288.0,136138202450,136368636881,139264397,139448256,3127583,0,0,0,0,0,0,0,0,0,0,0,0,1093,79,4,2,0,0,0,0,0,0,0,0,0,idle
1778097210.4778824,g2.hpc.coe,41393,0.5001,0,0.0,0.0,12288.0,136138203586,136368636960,139264401,139448258,3127583,0,0,0,0,0,0,0,0,0,0,0,0,1136,79,4,2,0,0,0,0,0,0,0,0,0,idle
1778097210.97802,g2.hpc.coe,41393,0.5001,0,0.0,0.0,12288.0,136138204764,136368637039,139264405,139448260,3127583,0,0,0,0,0,0,0,0,0,0,0,0,1178,79,4,2,0,0,0,0,0,0,0,0,0,idle
1778097211.4781432,g2.hpc.coe,41393,0.5001,0,0.0,0.0,12288.0,136138204916,136368637096,139264407,139448261,3127583,0,0,0,0,0,0,0,0,0,0,0,0,152,57,2,1,0,0,0,0,0,0,0,0,0,idle
1778097211.9782531,g2.hpc.coe,41393,0.5001,0,0.0,0.0,12288.0,136138205733,136368637600,139264424,139448270,3127583,0,0,0,0,0,0,0,0,0,0,0,0,817,504,17,9,0,0,0,0,0,0,0,0,0,idle
1778097212.4783776,g2.hpc.coe,41393,0.5001,0,0.0,0.0,12288.0,136138205970,136368637657,139264426,139448271,3127583,0,0,0,0,0,0,0,0,0,0,0,0,237,57,2,1,0,0,0,0,0,0,0,0,0,idle
1778097212.978489,g2.hpc.coe,41393,0.5001,0,0.0,0.0,12288.0,136138206249,136368637714,139264428,139448272,3127583,0,0,0,0,0,0,0,0,0,0,0,0,279,57,2,1,0,0,0,0,0,0,0,0,0,idle
1778097213.478621,g2.hpc.coe,41393,0.5001,0,0.0,0.0,12288.0,136138206647,136368637826,139264432,139448274,3127583,0,0,0,0,0,0,0,0,0,0,0,0,398,112,4,2,0,0,0,0,0,0,0,0,0,idle
1778097213.9787471,g2.hpc.coe,41393,0.5001,0,0.0,0.0,12288.0,136138207011,136368637883,139264434,139448275,3127583,0,0,0,0,0,0,0,0,0,0,0,0,364,57,2,1,0,0,0,0,0,0,0,0,0,idle
1778097214.4788947,g2.hpc.coe,41393,0.5001,0,0.0,0.0,12288.0,136138207417,136368637940,139264436,139448276,3127583,0,0,0,0,0,0,0,0,0,0,0,0,406,57,2,1,0,0,0,0,0,0,0,0,0,idle
1778097214.9790204,g2.hpc.coe,41393,0.5001,0,0.0,0.0,12288.0,136138207865,136368637997,139264438,139448277,3127583,0,0,0,0,0,0,0,0,0,0,0,0,448,57,2,1,0,0,0,0,0,0,0,0,0,idle
1778097215.4791477,g2.hpc.coe,41393,0.5001,0,0.0,0.0,12288.0,136138208355,136368638054,139264440,139448278,3127583,0,0,0,0,0,0,0,0,0,0,0,0,490,57,2,1,0,0,0,0,0,0,0,0,0,idle
1778097215.9792738,g2.hpc.coe,41393,0.5001,0,0.0,0.0,12288.0,136138208888,136368638111,139264442,139448279,3127583,0,0,0,0,0,0,0,0,0,0,0,0,533,57,2,1,0,0,0,0,0,0,0,0,0,idle
1778097216.4793992,g2.hpc.coe,41393,0.5001,0,0.0,0.0,12288.0,136138209485,136368638190,139264445,139448281,3127583,0,0,0,0,0,0,0,0,0,0,0,0,597,79,3,2,0,0,0,0,0,0,0,0,0,idle
1778097216.9795291,g2.hpc.coe,41393,0.5001,0,0.0,0.0,12288.0,136138210124,136368638269,139264448,139448283,3127583,0,0,0,0,0,0,0,0,0,0,0,0,639,79,3,2,0,0,0,0,0,0,0,0,0,idle
1778097217.4796622,g2.hpc.coe,41393,0.5001,0,0.0,0.0,12288.0,136138210805,136368638348,139264451,139448285,3127583,0,0,0,0,0,0,0,0,0,0,0,0,681,79,3,2,0,0,0,0,0,0,0,0,0,idle
1778097217.9797838,g2.hpc.coe,41393,0.5001,0,0.0,0.0,12288.0,136138211529,136368638427,139264454,139448287,3127583,0,0,0,0,0,0,0,0,0,0,0,0,724,79,3,2,0,0,0,0,0,0,0,0,0,idle
1778097218.4799109,g2.hpc.coe,41393,0.5001,0,0.0,0.0,12288.0,136138212372,136368638561,139264459,139448290,3127583,0,0,0,0,0,0,0,0,0,0,0,0,843,134,5,3,0,0,0,0,0,0,0,0,0,idle
1778097218.9800327,g2.hpc.coe,41393,0.5001,0,0.0,0.0,12288.0,136138213180,136368638640,139264462,139448292,3127583,0,0,0,0,0,0,0,0,0,0,0,0,808,79,3,2,0,0,0,0,0,0,0,0,0,idle
1778097219.4801621,g2.hpc.coe,41393,0.5001,0,0.0,0.0,12288.0,136138214288,136368638974,139264470,139448299,3127583,0,0,0,0,0,0,0,0,0,0,0,0,1108,334,8,7,0,0,0,0,0,0,0,0,0,idle
1778097219.9802916,g2.hpc.coe,41393,0.5001,0,0.0,0.0,12288.0,136138215203,136368639053,139264474,139448301,3127583,0,0,0,0,0,0,0,0,0,0,0,0,915,79,4,2,0,0,0,0,0,0,0,0,0,idle
1778097220.4804173,g2.hpc.coe,41393,0.5001,0,0.0,0.0,12288.0,136138216139,136368639132,139264477,139448303,3127583,0,0,0,0,0,0,0,0,0,0,0,0,936,79,3,2,0,0,0,0,0,0,0,0,0,idle
1778097220.9805481,g2.hpc.coe,41393,0.5001,0,0.0,0.0,12288.0,136138217117,136368639211,139264480,139448305,3127583,0,0,0,0,0,0,0,0,0,0,0,0,978,79,3,2,0,0,0,0,0,0,0,0,0,idle
1778097221.480688,g2.hpc.coe,41393,0.5001,0,0.0,0.0,12288.0,136138218137,136368639290,139264483,139448307,3127583,0,0,0,0,0,0,0,0,0,0,0,0,1020,79,3,2,0,0,0,0,0,0,0,0,0,idle
1778097221.980814,g2.hpc.coe,41393,0.5001,0,0.0,0.0,12288.0,136138219199,136368639369,139264486,139448309,3127583,0,0,0,0,0,0,0,0,0,0,0,0,1062,79,3,2,0,0,0,0,0,0,0,0,0,idle
1778097222.480925,g2.hpc.coe,41393,0.5001,0,0.0,0.0,12288.0,136138220326,136368639448,139264490,139448311,3127583,0,0,0,0,0,0,0,0,0,0,0,0,1127,79,4,2,0,0,0,0,0,0,0,0,0,idle
1778097222.9810598,g2.hpc.coe,41393,0.5001,0,0.0,0.0,12288.0,136138221495,136368639527,139264494,139448313,3127583,0,0,0,0,0,0,0,0,0,0,0,0,1169,79,4,2,0,0,0,0,0,0,0,0,0,idle
1778097223.4811673,g2.hpc.coe,41393,0.5001,0,0.0,0.0,12288.0,136138221715,136368639639,139264498,139448315,3127583,0,0,0,0,0,0,0,0,0,0,0,0,220,112,4,2,0,0,0,0,0,0,0,0,0,idle
1778097223.9813056,g2.hpc.coe,41393,0.5001,0,0.0,0.0,12288.0,136138221901,136368639696,139264500,139448316,3127583,0,0,0,0,0,0,0,0,0,0,0,0,186,57,2,1,0,0,0,0,0,0,0,0,0,idle
1778097224.4814165,g2.hpc.coe,41393,0.5001,0,0.0,0.0,12288.0,136138222129,136368639753,139264502,139448317,3127583,0,0,0,0,0,0,0,0,0,0,0,0,228,57,2,1,0,0,0,0,0,0,0,0,0,idle
1778097224.9815357,g2.hpc.coe,41393,0.5001,0,0.0,0.0,12288.0,136138222399,136368639810,139264504,139448318,3127583,0,0,0,0,0,0,0,0,0,0,0,0,270,57,2,1,0,0,0,0,0,0,0,0,0,idle
1778097225.4816914,g2.hpc.coe,41393,0.5002,0,0.0,0.0,12288.0,136138222712,136368639867,139264506,139448319,3127583,0,0,0,0,0,0,0,0,0,0,0,0,313,57,2,1,0,0,0,0,0,0,0,0,0,idle
1778097225.9818196,g2.hpc.coe,41393,0.5001,0,0.0,0.0,12288.0,136138223067,136368639924,139264508,139448320,3127583,0,0,0,0,0,0,0,0,0,0,0,0,355,57,2,1,0,0,0,0,0,0,0,0,0,idle
1778097226.4819486,g2.hpc.coe,41393,0.5001,0,0.0,0.0,12288.0,136138223464,136368639981,139264510,139448321,3127583,0,0,0,0,0,0,0,0,0,0,0,0,397,57,2,1,0,0,0,0,0,0,0,0,0,idle
1778097226.982066,g2.hpc.coe,41393,0.5001,0,0.0,0.0,12288.0,136138224526,136368640485,139264527,139448330,3127583,0,0,0,0,0,0,0,0,0,0,0,0,1062,504,17,9,0,0,0,0,0,0,0,0,0,idle
1778097227.4821897,g2.hpc.coe,41393,0.5001,0,0.0,0.0,12288.0,136138225008,136368640542,139264529,139448331,3127583,0,0,0,0,0,0,0,0,0,0,0,0,482,57,2,1,0,0,0,0,0,0,0,0,0,idle
1778097227.982317,g2.hpc.coe,41393,0.5001,0,0.0,0.0,12288.0,136138225532,136368640599,139264531,139448332,3127583,0,0,0,0,0,0,0,0,0,0,0,0,524,57,2,1,0,0,0,0,0,0,0,0,0,idle
1778097228.482423,g2.hpc.coe,41393,0.5001,0,0.0,0.0,12288.0,136138226120,136368640678,139264534,139448334,3127583,0,0,0,0,0,0,0,0,0,0,0,0,588,79,3,2,0,0,0,0,0,0,0,0,0,idle
1778097228.9825387,g2.hpc.coe,41393,0.5001,0,0.0,0.0,12288.0,136138226827,136368640812,139264539,139448337,3127583,0,0,0,0,0,0,0,0,0,0,0,0,707,134,5,3,0,0,0,0,0,0,0,0,0,idle
1778097229.482664,g2.hpc.coe,41393,0.5001,0,0.0,0.0,12288.0,136138227500,136368640891,139264542,139448339,3127583,0,0,0,0,0,0,0,0,0,0,0,0,673,79,3,2,0,0,0,0,0,0,0,0,0,idle
1778097229.9827876,g2.hpc.coe,41393,0.5001,0,0.0,0.0,12288.0,136138228215,136368640970,139264545,139448341,3127583,0,0,0,0,0,0,0,0,0,0,0,0,715,79,3,2,0,0,0,0,0,0,0,0,0,idle
1778097230.4829195,g2.hpc.coe,41393,0.5001,0,0.0,0.0,12288.0,136138228972,136368641049,139264548,139448343,3127583,0,0,0,0,0,0,0,0,0,0,0,0,757,79,3,2,0,0,0,0,0,0,0,0,0,idle
1778097230.9830503,g2.hpc.coe,41393,0.5001,0,0.0,0.0,12288.0,136138229771,136368641128,139264551,139448345,3127583,0,0,0,0,0,0,0,0,0,0,0,0,799,79,3,2,0,0,0,0,0,0,0,0,0,idle
1778097231.483157,g2.hpc.coe,41393,0.5001,0,0.0,0.0,12288.0,136138230613,136368641207,139264554,139448347,3127583,0,0,0,0,0,0,0,0,0,0,0,0,842,79,3,2,0,0,0,0,0,0,0,0,0,idle
1778097231.9832795,g2.hpc.coe,41393,0.5001,0,0.0,0.0,12288.0,136138231497,136368641286,139264557,139448349,3127583,0,0,0,0,0,0,0,0,0,0,0,0,884,79,3,2,0,0,0,0,0,0,0,0,0,idle
1778097232.4833863,g2.hpc.coe,41393,0.5001,0,0.0,0.0,12288.0,136138232423,136368641365,139264560,139448351,3127583,0,0,0,0,0,0,0,0,0,0,0,0,926,79,3,2,0,0,0,0,0,0,0,0,0,idle
1778097232.983516,g2.hpc.coe,41393,0.5001,0,0.0,0.0,12288.0,136138233391,136368641444,139264563,139448353,3127583,0,0,0,0,0,0,0,0,0,0,0,0,968,79,3,2,0,0,0,0,0,0,0,0,0,idle
1778097233.4836483,g2.hpc.coe,41393,0.5001,0,0.0,0.0,12288.0,136138234401,136368641523,139264566,139448355,3127583,0,0,0,0,0,0,0,0,0,0,0,0,1010,79,3,2,0,0,0,0,0,0,0,0,0,idle
1778097233.983761,g2.hpc.coe,41393,0.5001,0,0.0,0.0,12288.0,136138235531,136368641657,139264571,139448358,3127583,0,0,0,0,0,0,0,0,0,0,0,0,1130,134,5,3,0,0,0,0,0,0,0,0,0,idle
1778097234.483871,g2.hpc.coe,41393,0.5001,0,0.0,0.0,12288.0,136138236648,136368641736,139264575,139448360,3127583,0,0,0,0,0,0,0,0,0,0,0,0,1117,79,4,2,0,0,0,0,0,0,0,0,0,idle
1778097234.9839997,g2.hpc.coe,41393,0.5001,0,0.0,0.0,12288.0,136138237807,136368641815,139264579,139448362,3127583,0,0,0,0,0,0,0,0,0,0,0,0,1159,79,4,2,0,0,0,0,0,0,0,0,0,idle
1778097235.484126,g2.hpc.coe,41393,0.5001,0,0.0,0.0,12288.0,136138237941,136368641872,139264581,139448363,3127583,0,0,0,0,0,0,0,0,0,0,0,0,134,57,2,1,0,0,0,0,0,0,0,0,0,idle
1778097235.984251,g2.hpc.coe,41393,0.5001,0,0.0,0.0,12288.0,136138238117,136368641929,139264583,139448364,3127583,0,0,0,0,0,0,0,0,0,0,0,0,176,57,2,1,0,0,0,0,0,0,0,0,0,idle
1778097236.4843805,g2.hpc.coe,41393,0.5001,0,0.0,0.0,12288.0,136138238335,136368641986,139264585,139448365,3127583,0,0,0,0,0,0,0,0,0,0,0,0,218,57,2,1,0,0,0,0,0,0,0,0,0,idle
1778097236.9845178,g2.hpc.coe,41393,0.5001,0,0.0,0.0,12288.0,136138238595,136368642043,139264587,139448366,3127583,0,0,0,0,0,0,0,0,0,0,0,0,260,57,2,1,0,0,0,0,0,0,0,0,0,idle
1778097237.4846427,g2.hpc.coe,41393,0.5001,0,0.0,0.0,12288.0,136138238897,136368642100,139264589,139448367,3127583,0,0,0,0,0,0,0,0,0,0,0,0,302,57,2,1,0,0,0,0,0,0,0,0,0,idle
1778097237.984787,g2.hpc.coe,41393,0.5001,0,0.0,0.0,12288.0,136138239242,136368642157,139264591,139448368,3127583,0,0,0,0,0,0,0,0,0,0,0,0,345,57,2,1,0,0,0,0,0,0,0,0,0,idle
1778097238.4849136,g2.hpc.coe,41393,0.5001,0,0.0,0.0,12288.0,136138239629,136368642214,139264593,139448369,3127583,0,0,0,0,0,0,0,0,0,0,0,0,387,57,2,1,0,0,0,0,0,0,0,0,0,idle
1778097238.9850402,g2.hpc.coe,41393,0.5001,0,0.0,0.0,12288.0,136138240135,136368642326,139264597,139448371,3127583,0,0,0,0,0,0,0,0,0,0,0,0,506,112,4,2,0,0,0,0,0,0,0,0,0,idle
1778097239.485164,g2.hpc.coe,41393,0.5001,0,0.0,0.0,12288.0,136138240606,136368642383,139264599,139448372,3127583,0,0,0,0,0,0,0,0,0,0,0,0,471,57,2,1,0,0,0,0,0,0,0,0,0,idle
1778097239.9852972,g2.hpc.coe,41393,0.5001,0,0.0,0.0,12288.0,136138241119,136368642440,139264601,139448373,3127583,0,0,0,0,0,0,0,0,0,0,0,0,513,57,2,1,0,0,0,0,0,0,0,0,0,idle
1778097240.4854257,g2.hpc.coe,41393,0.5001,0,0.0,0.0,12288.0,136138241697,136368642519,139264604,139448375,3127583,0,0,0,0,0,0,0,0,0,0,0,0,578,79,3,2,0,0,0,0,0,0,0,0,0,idle
1778097240.9855552,g2.hpc.coe,41393,0.5001,0,0.0,0.0,12288.0,136138242317,136368642598,139264607,139448377,3127583,0,0,0,0,0,0,0,0,0,0,0,0,620,79,3,2,0,0,0,0,0,0,0,0,0,idle
1778097241.485675,g2.hpc.coe,41393,0.5001,0,0.0,0.0,12288.0,136138242979,136368642677,139264610,139448379,3127583,0,0,0,0,0,0,0,0,0,0,0,0,662,79,3,2,0,0,0,0,0,0,0,0,0,idle
1778097241.985808,g2.hpc.coe,41393,0.5001,0,0.0,0.0,12288.0,136138244306,136368643203,139264628,139448389,3127583,0,0,0,0,0,0,0,0,0,0,0,0,1327,526,18,10,0,0,0,0,0,0,0,0,0,idle
1778097242.4859447,g2.hpc.coe,41393,0.5001,0,0.0,0.0,12288.0,136138245053,136368643282,139264631,139448391,3127583,0,0,0,0,0,0,0,0,0,0,0,0,747,79,3,2,0,0,0,0,0,0,0,0,0,idle
1778097242.986071,g2.hpc.coe,41393,0.5001,0,0.0,0.0,12288.0,136138245842,136368643361,139264634,139448393,3127583,0,0,0,0,0,0,0,0,0,0,0,0,789,79,3,2,0,0,0,0,0,0,0,0,0,idle
1778097243.486206,g2.hpc.coe,41393,0.5001,0,0.0,0.0,12288.0,136138246673,136368643440,139264637,139448395,3127583,0,0,0,0,0,0,0,0,0,0,0,0,831,79,3,2,0,0,0,0,0,0,0,0,0,idle
1778097243.9863403,g2.hpc.coe,41393,0.5001,0,0.0,0.0,12288.0,136138247623,136368643574,139264642,139448398,3127583,0,0,0,0,0,0,0,0,0,0,0,0,950,134,5,3,0,0,0,0,0,0,0,0,0,idle
1778097244.4864635,g2.hpc.coe,41393,0.5001,0,0.0,0.0,12288.0,136138248539,136368643653,139264645,139448400,3127583,0,0,0,0,0,0,0,0,0,0,0,0,916,79,3,2,0,0,0,0,0,0,0,0,0,idle
1778097244.9865859,g2.hpc.coe,41393,0.5001,0,0.0,0.0,12288.0,136138249497,136368643732,139264648,139448402,3127583,0,0,0,0,0,0,0,0,0,0,0,0,958,79,3,2,0,0,0,0,0,0,0,0,0,idle
1778097245.4867163,g2.hpc.coe,41393,0.5001,0,0.0,0.0,12288.0,136138250497,136368643811,139264651,139448404,3127583,0,0,0,0,0,0,0,0,0,0,0,0,1000,79,3,2,0,0,0,0,0,0,0,0,0,idle
1778097245.9868476,g2.hpc.coe,41393,0.5001,0,0.0,0.0,12288.0,136138251540,136368643890,139264654,139448406,3127583,0,0,0,0,0,0,0,0,0,0,0,0,1043,79,3,2,0,0,0,0,0,0,0,0,0,idle
1778097246.4869754,g2.hpc.coe,41393,0.5001,0,0.0,0.0,12288.0,136138252647,136368643969,139264658,139448408,3127583,0,0,0,0,0,0,0,0,0,0,0,0,1107,79,4,2,0,0,0,0,0,0,0,0,0,idle
1778097246.9871051,g2.hpc.coe,41393,0.5001,0,0.0,0.0,12288.0,136138253797,136368644048,139264662,139448410,3127583,0,0,0,0,0,0,0,0,0,0,0,0,1150,79,4,2,0,0,0,0,0,0,0,0,0,idle
1778097247.4872122,g2.hpc.coe,41393,0.5001,0,0.0,0.0,12288.0,136138253921,136368644105,139264664,139448411,3127583,0,0,0,0,0,0,0,0,0,0,0,0,124,57,2,1,0,0,0,0,0,0,0,0,0,idle
1778097247.9873295,g2.hpc.coe,41393,0.5001,0,0.0,0.0,12288.0,136138254088,136368644162,139264666,139448412,3127583,0,0,0,0,0,0,0,0,0,0,0,0,167,57,2,1,0,0,0,0,0,0,0,0,0,idle
1778097248.4874713,g2.hpc.coe,41393,0.5001,0,0.0,0.0,12288.0,136138254297,136368644219,139264668,139448413,3127583,0,0,0,0,0,0,0,0,0,0,0,0,209,57,2,1,0,0,0,0,0,0,0,0,0,idle
1778097248.9875991,g2.hpc.coe,41393,0.5001,0,0.0,0.0,12288.0,136138254548,136368644276,139264670,139448414,3127583,0,0,0,0,0,0,0,0,0,0,0,0,251,57,2,1,0,0,0,0,0,0,0,0,0,idle
1778097249.4877234,g2.hpc.coe,41393,0.5001,0,0.0,0.0,12288.0,136138254841,136368644333,139264672,139448415,3127583,0,0,0,0,0,0,0,0,0,0,0,0,293,57,2,1,0,0,0,0,0,0,0,0,0,idle
1778097249.987847,g2.hpc.coe,41393,0.5001,0,0.0,0.0,12288.0,136138255177,136368644390,139264674,139448416,3127583,0,0,0,0,0,0,0,0,0,0,0,0,336,57,2,1,0,0,0,0,0,0,0,0,0,idle
1778097250.4879541,g2.hpc.coe,41393,0.5001,0,0.0,0.0,12288.0,136138255555,136368644447,139264676,139448417,3127583,0,0,0,0,0,0,0,0,0,0,0,0,378,57,2,1,0,0,0,0,0,0,0,0,0,idle
1778097250.988075,g2.hpc.coe,41393,0.5001,0,0.0,0.0,12288.0,136138255975,136368644504,139264678,139448418,3127583,0,0,0,0,0,0,0,0,0,0,0,0,420,57,2,1,0,0,0,0,0,0,0,0,0,idle
1778097251.4881964,g2.hpc.coe,41393,0.5001,0,0.0,0.0,12288.0,136138256437,136368644561,139264680,139448419,3127583,0,0,0,0,0,0,0,0,0,0,0,0,462,57,2,1,0,0,0,0,0,0,0,0,0,idle
1778097251.988317,g2.hpc.coe,41393,0.5001,0,0.0,0.0,12288.0,136138256941,136368644618,139264682,139448420,3127583,0,0,0,0,0,0,0,0,0,0,0,0,504,57,2,1,0,0,0,0,0,0,0,0,0,idle
1778097252.4884362,g2.hpc.coe,41393,0.5001,0,0.0,0.0,12288.0,136138257509,136368644697,139264685,139448422,3127583,0,0,0,0,0,0,0,0,0,0,0,0,568,79,3,2,0,0,0,0,0,0,0,0,0,idle
1778097252.9885364,g2.hpc.coe,41393,0.5001,0,0.0,0.0,12288.0,136138258119,136368644776,139264688,139448424,3127583,0,0,0,0,0,0,0,0,0,0,0,0,610,79,3,2,0,0,0,0,0,0,0,0,0,idle
1778097253.4886646,g2.hpc.coe,41393,0.5001,0,0.0,0.0,12288.0,136138258772,136368644855,139264691,139448426,3127583,0,0,0,0,0,0,0,0,0,0,0,0,653,79,3,2,0,0,0,0,0,0,0,0,0,idle
1778097253.9887903,g2.hpc.coe,41393,0.5001,0,0.0,0.0,12288.0,136138259467,136368644934,139264694,139448428,3127583,0,0,0,0,0,0,0,0,0,0,0,0,695,79,3,2,0,0,0,0,0,0,0,0,0,idle
1778097254.4889007,g2.hpc.coe,41393,0.5001,0,0.0,0.0,12288.0,136138260281,136368645068,139264699,139448431,3127583,0,0,0,0,0,0,0,0,0,0,0,0,814,134,5,3,0,0,0,0,0,0,0,0,0,idle
1778097254.989022,g2.hpc.coe,41393,0.5001,0,0.0,0.0,12288.0,136138261061,136368645147,139264702,139448433,3127583,0,0,0,0,0,0,0,0,0,0,0,0,780,79,3,2,0,0,0,0,0,0,0,0,0,idle
1778097255.4891458,g2.hpc.coe,41393,0.5001,0,0.0,0.0,12288.0,136138261883,136368645226,139264705,139448435,3127583,0,0,0,0,0,0,0,0,0,0,0,0,822,79,3,2,0,0,0,0,0,0,0,0,0,idle
1778097255.9892852,g2.hpc.coe,41393,0.5001,0,0.0,0.0,12288.0,136138262747,136368645305,139264708,139448437,3127583,0,0,0,0,0,0,0,0,0,0,0,0,864,79,3,2,0,0,0,0,0,0,0,0,0,idle
1778097256.4894087,g2.hpc.coe,41393,0.5001,0,0.0,0.0,12288.0,136138263653,136368645384,139264711,139448439,3127583,0,0,0,0,0,0,0,0,0,0,0,0,906,79,3,2,0,0,0,0,0,0,0,0,0,idle
1778097256.9895353,g2.hpc.coe,41393,0.5001,0,0.0,0.0,12288.0,136138265224,136368645910,139264729,139448449,3127583,0,0,0,0,0,0,0,0,0,0,0,0,1571,526,18,10,0,0,0,0,0,0,0,0,0,idle
1778097257.4896545,g2.hpc.coe,41393,0.5001,0,0.0,0.0,12288.0,136138266216,136368645989,139264732,139448451,3127583,0,0,0,0,0,0,0,0,0,0,0,0,992,79,3,2,0,0,0,0,0,0,0,0,0,idle
1778097257.9897778,g2.hpc.coe,41393,0.5001,0,0.0,0.0,12288.0,136138267250,136368646068,139264735,139448453,3127583,0,0,0,0,0,0,0,0,0,0,0,0,1034,79,3,2,0,0,0,0,0,0,0,0,0,idle
1778097258.4898853,g2.hpc.coe,41393,0.5001,0,0.0,0.0,12288.0,136138268348,136368646147,139264739,139448455,3127583,0,0,0,0,0,0,0,0,0,0,0,0,1098,79,4,2,0,0,0,0,0,0,0,0,0,idle
1778097258.9900088,g2.hpc.coe,41393,0.5001,0,0.0,0.0,12288.0,136138269489,136368646226,139264743,139448457,3127583,0,0,0,0,0,0,0,0,0,0,0,0,1141,79,4,2,0,0,0,0,0,0,0,0,0,idle
1778097259.4901388,g2.hpc.coe,41393,0.5001,0,0.0,0.0,12288.0,136138270749,136368646360,139264749,139448460,3127583,0,0,0,0,0,0,0,0,0,0,0,0,1260,134,6,3,0,0,0,0,0,0,0,0,0,idle
1778097259.9902582,g2.hpc.coe,41393,0.5001,0,0.0,0.0,12288.0,136138270907,136368646417,139264751,139448461,3127583,0,0,0,0,0,0,0,0,0,0,0,0,158,57,2,1,0,0,0,0,0,0,0,0,0,idle
1778097260.4903886,g2.hpc.coe,41393,0.5001,0,0.0,0.0,12288.0,136138271107,136368646474,139264753,139448462,3127583,0,0,0,0,0,0,0,0,0,0,0,0,200,57,2,1,0,0,0,0,0,0,0,0,0,idle
1778097260.9905088,g2.hpc.coe,41393,0.5001,0,0.0,0.0,12288.0,136138271350,136368646531,139264755,139448463,3127583,0,0,0,0,0,0,0,0,0,0,0,0,243,57,2,1,0,0,0,0,0,0,0,0,0,idle
1778097261.4906337,g2.hpc.coe,41393,0.5001,0,0.0,0.0,12288.0,136138271635,136368646588,139264757,139448464,3127583,0,0,0,0,0,0,0,0,0,0,0,0,285,57,2,1,0,0,0,0,0,0,0,0,0,idle
1778097261.9907627,g2.hpc.coe,41393,0.5001,0,0.0,0.0,12288.0,136138271962,136368646645,139264759,139448465,3127583,0,0,0,0,0,0,0,0,0,0,0,0,327,57,2,1,0,0,0,0,0,0,0,0,0,idle
1778097262.4908707,g2.hpc.coe,41393,0.5001,0,0.0,0.0,12288.0,136138272331,136368646702,139264761,139448466,3127583,0,0,0,0,0,0,0,0,0,0,0,0,369,57,2,1,0,0,0,0,0,0,0,0,0,idle
1778097262.9909325,g2.hpc.coe,41393,0.5001,0,0.0,0.0,12288.0,136138272743,136368646759,139264763,139448467,3127583,0,0,0,0,0,0,0,0,0,0,0,0,412,57,2,1,0,0,0,0,0,0,0,0,0,idle
1778097263.491053,g2.hpc.coe,41393,0.5001,0,0.0,0.0,12288.0,136138273197,136368646816,139264765,139448468,3127583,0,0,0,0,0,0,0,0,0,0,0,0,454,57,2,1,0,0,0,0,0,0,0,0,0,idle
1778097263.9911773,g2.hpc.coe,41393,0.5001,0,0.0,0.0,12288.0,136138273693,136368646873,139264767,139448469,3127583,0,0,0,0,0,0,0,0,0,0,0,0,496,57,2,1,0,0,0,0,0,0,0,0,0,idle
1778097264.4912975,g2.hpc.coe,41393,0.5001,0,0.0,0.0,12288.0,136138274308,136368646985,139264771,139448471,3127583,0,0,0,0,0,0,0,0,0,0,0,0,615,112,4,2,0,0,0,0,0,0,0,0,0,idle
1778097264.991409,g2.hpc.coe,41393,0.5001,0,0.0,0.0,12288.0,136138274911,136368647064,139264774,139448473,3127583,0,0,0,0,0,0,0,0,0,0,0,0,603,79,3,2,0,0,0,0,0,0,0,0,0,idle
1778097265.4915183,g2.hpc.coe,41393,0.5001,0,0.0,0.0,12288.0,136138275556,136368647143,139264777,139448475,3127583,0,0,0,0,0,0,0,0,0,0,0,0,645,79,3,2,0,0,0,0,0,0,0,0,0,idle
1778097265.9916465,g2.hpc.coe,41393,0.5001,0,0.0,0.0,12288.0,136138276243,136368647222,139264780,139448477,3127583,0,0,0,0,0,0,0,0,0,0,0,0,687,79,3,2,0,0,0,0,0,0,0,0,0,idle
1778097266.491783,g2.hpc.coe,41393,0.5001,0,0.0,0.0,12288.0,136138276972,136368647301,139264783,139448479,3127583,0,0,0,0,0,0,0,0,0,0,0,0,729,79,3,2,0,0,0,0,0,0,0,0,0,idle
1778097266.9919074,g2.hpc.coe,41393,0.5001,0,0.0,0.0,12288.0,136138277743,136368647380,139264786,139448481,3127583,0,0,0,0,0,0,0,0,0,0,0,0,771,79,3,2,0,0,0,0,0,0,0,0,0,idle
1778097267.4920416,g2.hpc.coe,41393,0.5001,0,0.0,0.0,12288.0,136138278556,136368647459,139264789,139448483,3127583,0,0,0,0,0,0,0,0,0,0,0,0,813,79,3,2,0,0,0,0,0,0,0,0,0,idle
1778097267.992152,g2.hpc.coe,41393,0.5001,0,0.0,0.0,12288.0,136138279412,136368647538,139264792,139448485,3127583,0,0,0,0,0,0,0,0,0,0,0,0,856,79,3,2,0,0,0,0,0,0,0,0,0,idle
1778097268.492282,g2.hpc.coe,41393,0.5001,0,0.0,0.0,12288.0,136138280310,136368647617,139264795,139448487,3127583,0,0,0,0,0,0,0,0,0,0,0,0,898,79,3,2,0,0,0,0,0,0,0,0,0,idle
1778097268.9923859,g2.hpc.coe,41393,0.5001,0,0.0,0.0,12288.0,136138281250,136368647696,139264798,139448489,3127583,0,0,0,0,0,0,0,0,0,0,0,0,940,79,3,2,0,0,0,0,0,0,0,0,0,idle
1778097269.4925103,g2.hpc.coe,41393,0.5001,0,0.0,0.0,12288.0,136138282287,136368647830,139264802,139448492,3127583,0,0,0,0,0,0,0,0,0,0,0,0,1037,134,4,3,0,0,0,0,0,0,0,0,0,idle
1778097269.9926426,g2.hpc.coe,41393,0.5001,0,0.0,0.0,12288.0,136138283334,136368647909,139264806,139448494,3127583,0,0,0,0,0,0,0,0,0,0,0,0,1047,79,4,2,0,0,0,0,0,0,0,0,0,idle
1778097270.4927526,g2.hpc.coe,41393,0.5001,0,0.0,0.0,12288.0,136138284423,136368647988,139264810,139448496,3127583,0,0,0,0,0,0,0,0,0,0,0,0,1089,79,4,2,0,0,0,0,0,0,0,0,0,idle
1778097270.9928849,g2.hpc.coe,41393,0.5001,0,0.0,0.0,12288.0,136138285555,136368648067,139264814,139448498,3127583,0,0,0,0,0,0,0,0,0,0,0,0,1132,79,4,2,0,0,0,0,0,0,0,0,0,idle
1778097271.4930196,g2.hpc.coe,41393,0.5001,0,0.0,0.0,12288.0,136138286729,136368648146,139264818,139448500,3127583,0,0,0,0,0,0,0,0,0,0,0,0,1174,79,4,2,0,0,0,0,0,0,0,0,0,idle
1778097271.9931474,g2.hpc.coe,41393,0.5001,0,0.0,0.0,12288.0,136138287501,136368648650,139264835,139448509,3127583,0,0,0,0,0,0,0,0,0,0,0,0,772,504,17,9,0,0,0,0,0,0,0,0,0,idle
1778097272.4932697,g2.hpc.coe,41393,0.5001,0,0.0,0.0,12288.0,136138287692,136368648707,139264837,139448510,3127583,0,0,0,0,0,0,0,0,0,0,0,0,191,57,2,1,0,0,0,0,0,0,0,0,0,idle
1778097272.9933932,g2.hpc.coe,41393,0.5001,0,0.0,0.0,12288.0,136138287926,136368648764,139264839,139448511,3127583,0,0,0,0,0,0,0,0,0,0,0,0,234,57,2,1,0,0,0,0,0,0,0,0,0,idle
1778097273.4935224,g2.hpc.coe,41393,0.5001,0,0.0,0.0,12288.0,136138288202,136368648821,139264841,139448512,3127583,0,0,0,0,0,0,0,0,0,0,0,0,276,57,2,1,0,0,0,0,0,0,0,0,0,idle
1778097273.9936554,g2.hpc.coe,41393,0.5001,0,0.0,0.0,12288.0,136138288520,136368648878,139264843,139448513,3127583,0,0,0,0,0,0,0,0,0,0,0,0,318,57,2,1,0,0,0,0,0,0,0,0,0,idle
1778097274.4937932,g2.hpc.coe,41393,0.5001,0,0.0,0.0,12288.0,136138288880,136368648935,139264845,139448514,3127583,0,0,0,0,0,0,0,0,0,0,0,0,360,57,2,1,0,0,0,0,0,0,0,0,0,idle
1778097274.993928,g2.hpc.coe,41393,0.5001,0,0.0,0.0,12288.0,136138289360,136368649047,139264849,139448516,3127583,0,0,0,0,0,0,0,0,0,0,0,0,480,112,4,2,0,0,0,0,0,0,0,0,0,idle
1778097275.4940596,g2.hpc.coe,41393,0.5001,0,0.0,0.0,12288.0,136138289805,136368649104,139264851,139448517,3127583,0,0,0,0,0,0,0,0,0,0,0,0,445,57,2,1,0,0,0,0,0,0,0,0,0,idle
1778097275.9941716,g2.hpc.coe,41393,0.5001,0,0.0,0.0,12288.0,136138290292,136368649161,139264853,139448518,3127583,0,0,0,0,0,0,0,0,0,0,0,0,487,57,2,1,0,0,0,0,0,0,0,0,0,idle
1778097276.4942904,g2.hpc.coe,41393,0.5001,0,0.0,0.0,12288.0,136138290821,136368649218,139264855,139448519,3127583,0,0,0,0,0,0,0,0,0,0,0,0,529,57,2,1,0,0,0,0,0,0,0,0,0,idle
1778097276.9944243,g2.hpc.coe,41393,0.5001,0,0.0,0.0,12288.0,136138291415,136368649297,139264858,139448521,3127583,0,0,0,0,0,0,0,0,0,0,0,0,594,79,3,2,0,0,0,0,0,0,0,0,0,idle
1778097277.4945607,g2.hpc.coe,41393,0.5001,0,0.0,0.0,12288.0,136138292051,136368649376,139264861,139448523,3127583,0,0,0,0,0,0,0,0,0,0,0,0,636,79,3,2,0,0,0,0,0,0,0,0,0,idle
1778097277.9946897,g2.hpc.coe,41393,0.5001,0,0.0,0.0,12288.0,136138292729,136368649455,139264864,139448525,3127583,0,0,0,0,0,0,0,0,0,0,0,0,678,79,3,2,0,0,0,0,0,0,0,0,0,idle
1778097278.4948175,g2.hpc.coe,41393,0.5001,0,0.0,0.0,12288.0,136138293449,136368649534,139264867,139448527,3127583,0,0,0,0,0,0,0,0,0,0,0,0,720,79,3,2,0,0,0,0,0,0,0,0,0,idle
1778097278.9949415,g2.hpc.coe,41393,0.5001,0,0.0,0.0,12288.0,136138294212,136368649613,139264870,139448529,3127583,0,0,0,0,0,0,0,0,0,0,0,0,763,79,3,2,0,0,0,0,0,0,0,0,0,idle
1778097279.4950466,g2.hpc.coe,41393,0.5001,0,0.0,0.0,12288.0,136138295274,136368649947,139264878,139448536,3127583,0,0,0,0,0,0,0,0,0,0,0,0,1062,334,8,7,0,0,0,0,0,0,0,0,0,idle
1778097279.995176,g2.hpc.coe,41393,0.5001,0,0.0,0.0,12288.0,136138296221,136368650081,139264884,139448539,3127583,0,0,0,0,0,0,0,0,0,0,0,0,947,134,6,3,0,0,0,0,0,0,0,0,0,idle
1778097280.4952996,g2.hpc.coe,41393,0.5001,0,0.0,0.0,12288.0,136138297111,136368650160,139264887,139448541,3127583,0,0,0,0,0,0,0,0,0,0,0,0,890,79,3,2,0,0,0,0,0,0,0,0,0,idle
1778097280.9954028,g2.hpc.coe,41393,0.5001,0,0.0,0.0,12288.0,136138298043,136368650239,139264890,139448543,3127583,0,0,0,0,0,0,0,0,0,0,0,0,932,79,3,2,0,0,0,0,0,0,0,0,0,idle
1778097281.4955354,g2.hpc.coe,41393,0.5001,0,0.0,0.0,12288.0,136138299017,136368650318,139264893,139448545,3127583,0,0,0,0,0,0,0,0,0,0,0,0,974,79,3,2,0,0,0,0,0,0,0,0,0,idle
1778097281.9956524,g2.hpc.coe,41393,0.5001,0,0.0,0.0,12288.0,136138300034,136368650397,139264896,139448547,3127583,0,0,0,0,0,0,0,0,0,0,0,0,1017,79,3,2,0,0,0,0,0,0,0,0,0,idle
1778097282.4957993,g2.hpc.coe,41393,0.5001,0,0.0,0.0,12288.0,136138301093,136368650476,139264899,139448549,3127583,0,0,0,0,0,0,0,0,0,0,0,0,1059,79,3,2,0,0,0,0,0,0,0,0,0,idle
1778097282.9959183,g2.hpc.coe,41393,0.5001,0,0.0,0.0,12288.0,136138302217,136368650555,139264903,139448551,3127583,0,0,0,0,0,0,0,0,0,0,0,0,1124,79,4,2,0,0,0,0,0,0,0,0,0,idle
1778097283.496022,g2.hpc.coe,41393,0.5001,0,0.0,0.0,12288.0,136138303383,136368650634,139264907,139448553,3127583,0,0,0,0,0,0,0,0,0,0,0,0,1166,79,4,2,0,0,0,0,0,0,0,0,0,idle
1778097283.9961405,g2.hpc.coe,41393,0.5001,0,0.0,0.0,12288.0,136138303523,136368650691,139264909,139448554,3127583,0,0,0,0,0,0,0,0,0,0,0,0,140,57,2,1,0,0,0,0,0,0,0,0,0,idle
1778097284.4962716,g2.hpc.coe,41393,0.5001,0,0.0,0.0,12288.0,136138303706,136368650748,139264911,139448555,3127583,0,0,0,0,0,0,0,0,0,0,0,0,183,57,2,1,0,0,0,0,0,0,0,0,0,idle
1778097284.9964058,g2.hpc.coe,41393,0.5001,0,0.0,0.0,12288.0,136138304008,136368650860,139264915,139448557,3127583,0,0,0,0,0,0,0,0,0,0,0,0,302,112,4,2,0,0,0,0,0,0,0,0,0,idle
1778097285.4965343,g2.hpc.coe,41393,0.5001,0,0.0,0.0,12288.0,136138304275,136368650917,139264917,139448558,3127583,0,0,0,0,0,0,0,0,0,0,0,0,267,57,2,1,0,0,0,0,0,0,0,0,0,idle
1778097285.9966693,g2.hpc.coe,41393,0.5001,0,0.0,0.0,12288.0,136138304585,136368650974,139264919,139448559,3127583,0,0,0,0,0,0,0,0,0,0,0,0,310,57,2,1,0,0,0,0,0,0,0,0,0,idle
1778097286.4967947,g2.hpc.coe,41393,0.5001,0,0.0,0.0,12288.0,136138304937,136368651031,139264921,139448560,3127583,0,0,0,0,0,0,0,0,0,0,0,0,352,57,2,1,0,0,0,0,0,0,0,0,0,idle
1778097286.9969206,g2.hpc.coe,41393,0.5001,0,0.0,0.0,12288.0,136138305954,136368651535,139264938,139448569,3127583,0,0,0,0,0,0,0,0,0,0,0,0,1017,504,17,9,0,0,0,0,0,0,0,0,0,idle
1778097287.4970436,g2.hpc.coe,41393,0.5001,0,0.0,0.0,12288.0,136138306391,136368651592,139264940,139448570,3127583,0,0,0,0,0,0,0,0,0,0,0,0,437,57,2,1,0,0,0,0,0,0,0,0,0,idle
1778097287.9971673,g2.hpc.coe,41393,0.5001,0,0.0,0.0,12288.0,136138306870,136368651649,139264942,139448571,3127583,0,0,0,0,0,0,0,0,0,0,0,0,479,57,2,1,0,0,0,0,0,0,0,0,0,idle
1778097288.4972794,g2.hpc.coe,41393,0.5001,0,0.0,0.0,12288.0,136138307392,136368651706,139264944,139448572,3127583,0,0,0,0,0,0,0,0,0,0,0,0,522,57,2,1,0,0,0,0,0,0,0,0,0,idle
1778097288.9974117,g2.hpc.coe,41393,0.5001,0,0.0,0.0,12288.0,136138307978,136368651785,139264947,139448574,3127583,0,0,0,0,0,0,0,0,0,0,0,0,586,79,3,2,0,0,0,0,0,0,0,0,0,idle
1778097289.4975388,g2.hpc.coe,41393,0.5001,0,0.0,0.0,12288.0,136138308606,136368651864,139264950,139448576,3127583,0,0,0,0,0,0,0,0,0,0,0,0,628,79,3,2,0,0,0,0,0,0,0,0,0,idle
1778097289.9976676,g2.hpc.coe,41393,0.5001,0,0.0,0.0,12288.0,136138309353,136368651998,139264955,139448579,3127583,0,0,0,0,0,0,0,0,0,0,0,0,747,134,5,3,0,0,0,0,0,0,0,0,0,idle
1778097290.4977996,g2.hpc.coe,41393,0.5001,0,0.0,0.0,12288.0,136138310066,136368652077,139264958,139448581,3127583,0,0,0,0,0,0,0,0,0,0,0,0,713,79,3,2,0,0,0,0,0,0,0,0,0,idle
1778097290.9979234,g2.hpc.coe,41393,0.5001,0,0.0,0.0,12288.0,136138310821,136368652156,139264961,139448583,3127583,0,0,0,0,0,0,0,0,0,0,0,0,755,79,3,2,0,0,0,0,0,0,0,0,0,idle
1778097291.4980297,g2.hpc.coe,41393,0.5001,0,0.0,0.0,12288.0,136138311618,136368652235,139264964,139448585,3127583,0,0,0,0,0,0,0,0,0,0,0,0,797,79,3,2,0,0,0,0,0,0,0,0,0,idle
1778097291.9981568,g2.hpc.coe,41393,0.5001,0,0.0,0.0,12288.0,136138312458,136368652314,139264967,139448587,3127583,0,0,0,0,0,0,0,0,0,0,0,0,840,79,3,2,0,0,0,0,0,0,0,0,0,idle
1778097292.4982796,g2.hpc.coe,41393,0.5001,0,0.0,0.0,12288.0,136138313340,136368652393,139264970,139448589,3127583,0,0,0,0,0,0,0,0,0,0,0,0,882,79,3,2,0,0,0,0,0,0,0,0,0,idle
1778097292.998408,g2.hpc.coe,41393,0.5001,0,0.0,0.0,12288.0,136138314264,136368652472,139264973,139448591,3127583,0,0,0,0,0,0,0,0,0,0,0,0,924,79,3,2,0,0,0,0,0,0,0,0,0,idle
1778097293.4985337,g2.hpc.coe,41393,0.5001,0,0.0,0.0,12288.0,136138315230,136368652551,139264976,139448593,3127583,0,0,0,0,0,0,0,0,0,0,0,0,966,79,3,2,0,0,0,0,0,0,0,0,0,idle
1778097293.9986565,g2.hpc.coe,41393,0.5001,0,0.0,0.0,12288.0,136138316238,136368652630,139264979,139448595,3127583,0,0,0,0,0,0,0,0,0,0,0,0,1008,79,3,2,0,0,0,0,0,0,0,0,0,idle
1778097294.4987807,g2.hpc.coe,41393,0.5001,0,0.0,0.0,12288.0,136138317289,136368652709,139264982,139448597,3127583,0,0,0,0,0,0,0,0,0,0,0,0,1051,79,3,2,0,0,0,0,0,0,0,0,0,idle
1778097294.9989114,g2.hpc.coe,41393,0.5001,0,0.0,0.0,12288.0,136138318404,136368652788,139264986,139448599,3127583,0,0,0,0,0,0,0,0,0,0,0,0,1115,79,4,2,0,0,0,0,0,0,0,0,0,idle
1778097295.499038,g2.hpc.coe,41393,0.5001,0,0.0,0.0,12288.0,136138319639,136368652922,139264992,139448602,3127583,0,0,0,0,0,0,0,0,0,0,0,0,1235,134,6,3,0,0,0,0,0,0,0,0,0,idle
1778097295.9991615,g2.hpc.coe,41393,0.5001,0,0.0,0.0,12288.0,136138319771,136368652979,139264994,139448603,3127583,0,0,0,0,0,0,0,0,0,0,0,0,132,57,2,1,0,0,0,0,0,0,0,0,0,idle
1778097296.4992888,g2.hpc.coe,41393,0.5001,0,0.0,0.0,12288.0,136138319946,136368653036,139264996,139448604,3127583,0,0,0,0,0,0,0,0,0,0,0,0,175,57,2,1,0,0,0,0,0,0,0,0,0,idle
1778097296.9994287,g2.hpc.coe,41393,0.5001,0,0.0,0.0,12288.0,136138320163,136368653093,139264998,139448605,3127583,0,0,0,0,0,0,0,0,0,0,0,0,217,57,2,1,0,0,0,0,0,0,0,0,0,idle
1778097297.4995613,g2.hpc.coe,41393,0.5001,0,0.0,0.0,12288.0,136138320422,136368653150,139265000,139448606,3127583,0,0,0,0,0,0,0,0,0,0,0,0,259,57,2,1,0,0,0,0,0,0,0,0,0,idle
1778097297.9996924,g2.hpc.coe,41393,0.5001,0,0.0,0.0,12288.0,136138320723,136368653207,139265002,139448607,3127583,0,0,0,0,0,0,0,0,0,0,0,0,301,57,2,1,0,0,0,0,0,0,0,0,0,idle
1778097298.4998188,g2.hpc.coe,41393,0.5001,0,0.0,0.0,12288.0,136138321067,136368653264,139265004,139448608,3127583,0,0,0,0,0,0,0,0,0,0,0,0,344,57,2,1,0,0,0,0,0,0,0,0,0,idle
1778097298.999949,g2.hpc.coe,41393,0.5001,0,0.0,0.0,12288.0,136138321453,136368653321,139265006,139448609,3127583,0,0,0,0,0,0,0,0,0,0,0,0,386,57,2,1,0,0,0,0,0,0,0,0,0,idle
1778097299.500075,g2.hpc.coe,41393,0.5001,0,0.0,0.0,12288.0,136138321881,136368653378,139265008,139448610,3127583,0,0,0,0,0,0,0,0,0,0,0,0,428,57,2,1,0,0,0,0,0,0,0,0,0,idle
1778097300.0001998,g2.hpc.coe,41393,0.5001,0,0.0,0.0,12288.0,136138322351,136368653435,139265010,139448611,3127583,0,0,0,0,0,0,0,0,0,0,0,0,470,57,2,1,0,0,0,0,0,0,0,0,0,idle
1778097300.5003185,g2.hpc.coe,41393,0.5001,0,0.0,0.0,12288.0,136138322863,136368653492,139265012,139448612,3127583,0,0,0,0,0,0,0,0,0,0,0,0,512,57,2,1,0,0,0,0,0,0,0,0,0,idle
1778097301.0004487,g2.hpc.coe,41393,0.5001,0,0.0,0.0,12288.0,136138323439,136368653571,139265015,139448614,3127583,0,0,0,0,0,0,0,0,0,0,0,0,576,79,3,2,0,0,0,0,0,0,0,0,0,idle
1778097301.5005765,g2.hpc.coe,41393,0.5001,0,0.0,0.0,12288.0,136138324058,136368653650,139265018,139448616,3127583,0,0,0,0,0,0,0,0,0,0,0,0,619,79,3,2,0,0,0,0,0,0,0,0,0,idle
1778097302.0007062,g2.hpc.coe,41393,0.5001,0,0.0,0.0,12288.0,136138325342,136368654176,139265036,139448626,3127583,0,0,0,0,0,0,0,0,0,0,0,0,1284,526,18,10,0,0,0,0,0,0,0,0,0,idle
1778097302.500816,g2.hpc.coe,41393,0.5001,0,0.0,0.0,12288.0,136138326046,136368654255,139265039,139448628,3127583,0,0,0,0,0,0,0,0,0,0,0,0,704,79,3,2,0,0,0,0,0,0,0,0,0,idle
1778097303.0009496,g2.hpc.coe,41393,0.5001,0,0.0,0.0,12288.0,136138326792,136368654334,139265042,139448630,3127583,0,0,0,0,0,0,0,0,0,0,0,0,746,79,3,2,0,0,0,0,0,0,0,0,0,idle
1778097303.501065,g2.hpc.coe,41393,0.5001,0,0.0,0.0,12288.0,136138327580,136368654413,139265045,139448632,3127583,0,0,0,0,0,0,0,0,0,0,0,0,788,79,3,2,0,0,0,0,0,0,0,0,0,idle
1778097304.0011706,g2.hpc.coe,41393,0.5001,0,0.0,0.0,12288.0,136138328410,136368654492,139265048,139448634,3127583,0,0,0,0,0,0,0,0,0,0,0,0,830,79,3,2,0,0,0,0,0,0,0,0,0,idle
1778097304.5012784,g2.hpc.coe,41393,0.5001,0,0.0,0.0,12288.0,136138329283,136368654571,139265051,139448636,3127583,0,0,0,0,0,0,0,0,0,0,0,0,873,79,3,2,0,0,0,0,0,0,0,0,0,idle
1778097305.0014222,g2.hpc.coe,41393,0.5001,0,0.0,0.0,12288.0,136138330198,136368654650,139265054,139448638,3127583,0,0,0,0,0,0,0,0,0,0,0,0,915,79,3,2,0,0,0,0,0,0,0,0,0,idle
1778097305.5015297,g2.hpc.coe,41393,0.5001,0,0.0,0.0,12288.0,136138331155,136368654729,139265057,139448640,3127583,0,0,0,0,0,0,0,0,0,0,0,0,957,79,3,2,0,0,0,0,0,0,0,0,0,idle
1778097306.0016606,g2.hpc.coe,41393,0.5001,0,0.0,0.0,12288.0,136138332154,136368654808,139265060,139448642,3127583,0,0,0,0,0,0,0,0,0,0,0,0,999,79,3,2,0,0,0,0,0,0,0,0,0,idle
1778097306.5017736,g2.hpc.coe,41393,0.5001,0,0.0,0.0,12288.0,136138333196,136368654887,139265063,139448644,3127583,0,0,0,0,0,0,0,0,0,0,0,0,1042,79,3,2,0,0,0,0,0,0,0,0,0,idle
1778097307.001908,g2.hpc.coe,41393,0.5001,0,0.0,0.0,12288.0,136138334302,136368654966,139265067,139448646,3127583,0,0,0,0,0,0,0,0,0,0,0,0,1106,79,4,2,0,0,0,0,0,0,0,0,0,idle
1778097307.5020149,g2.hpc.coe,41393,0.5001,0,0.0,0.0,12288.0,136138335450,136368655045,139265071,139448648,3127583,0,0,0,0,0,0,0,0,0,0,0,0,1148,79,4,2,0,0,0,0,0,0,0,0,0,idle
1778097308.0021374,g2.hpc.coe,41393,0.5001,0,0.0,0.0,12288.0,136138335573,136368655102,139265073,139448649,3127583,0,0,0,0,0,0,0,0,0,0,0,0,123,57,2,1,0,0,0,0,0,0,0,0,0,idle
1778097308.5022542,g2.hpc.coe,41393,0.5001,0,0.0,0.0,12288.0,136138335738,136368655159,139265075,139448650,3127583,0,0,0,0,0,0,0,0,0,0,0,0,165,57,2,1,0,0,0,0,0,0,0,0,0,idle
1778097309.00236,g2.hpc.coe,41393,0.5001,0,0.0,0.0,12288.0,136138335945,136368655216,139265077,139448651,3127583,0,0,0,0,0,0,0,0,0,0,0,0,207,57,2,1,0,0,0,0,0,0,0,0,0,idle
1778097309.5024793,g2.hpc.coe,41393,0.5001,0,0.0,0.0,12288.0,136138336194,136368655273,139265079,139448652,3127583,0,0,0,0,0,0,0,0,0,0,0,0,249,57,2,1,0,0,0,0,0,0,0,0,0,idle
1778097310.0026066,g2.hpc.coe,41393,0.5001,0,0.0,0.0,12288.0,136138336485,136368655330,139265081,139448653,3127583,0,0,0,0,0,0,0,0,0,0,0,0,291,57,2,1,0,0,0,0,0,0,0,0,0,idle
1778097310.502742,g2.hpc.coe,41393,0.5001,0,0.0,0.0,12288.0,136138336819,136368655387,139265083,139448654,3127583,0,0,0,0,0,0,0,0,0,0,0,0,334,57,2,1,0,0,0,0,0,0,0,0,0,idle
1778097311.0028698,g2.hpc.coe,41393,0.5001,0,0.0,0.0,12288.0,136138337195,136368655444,139265085,139448655,3127583,0,0,0,0,0,0,0,0,0,0,0,0,376,57,2,1,0,0,0,0,0,0,0,0,0,idle
1778097311.5029836,g2.hpc.coe,41393,0.5001,0,0.0,0.0,12288.0,136138337613,136368655501,139265087,139448656,3127583,0,0,0,0,0,0,0,0,0,0,0,0,418,57,2,1,0,0,0,0,0,0,0,0,0,idle
1778097312.003112,g2.hpc.coe,41393,0.5001,0,0.0,0.0,12288.0,136138338073,136368655558,139265089,139448657,3127583,0,0,0,0,0,0,0,0,0,0,0,0,460,57,2,1,0,0,0,0,0,0,0,0,0,idle
1778097312.503236,g2.hpc.coe,41393,0.5001,0,0.0,0.0,12288.0,136138338575,136368655615,139265091,139448658,3127583,0,0,0,0,0,0,0,0,0,0,0,0,502,57,2,1,0,0,0,0,0,0,0,0,0,idle
1778097313.0033615,g2.hpc.coe,41393,0.5001,0,0.0,0.0,12288.0,136138339141,136368655694,139265094,139448660,3127583,0,0,0,0,0,0,0,0,0,0,0,0,566,79,3,2,0,0,0,0,0,0,0,0,0,idle
1778097313.5034902,g2.hpc.coe,41393,0.5001,0,0.0,0.0,12288.0,136138339749,136368655773,139265097,139448662,3127583,0,0,0,0,0,0,0,0,0,0,0,0,608,79,3,2,0,0,0,0,0,0,0,0,0,idle
1778097314.0036116,g2.hpc.coe,41393,0.5001,0,0.0,0.0,12288.0,136138340400,136368655852,139265100,139448664,3127583,0,0,0,0,0,0,0,0,0,0,0,0,651,79,3,2,0,0,0,0,0,0,0,0,0,idle
1778097314.5037415,g2.hpc.coe,41393,0.5001,0,0.0,0.0,12288.0,136138341093,136368655931,139265103,139448666,3127583,0,0,0,0,0,0,0,0,0,0,0,0,693,79,3,2,0,0,0,0,0,0,0,0,0,idle
1778097315.003884,g2.hpc.coe,41393,0.5001,0,0.0,0.0,12288.0,136138341828,136368656010,139265106,139448668,3127583,0,0,0,0,0,0,0,0,0,0,0,0,735,79,3,2,0,0,0,0,0,0,0,0,0,idle
1778097315.504006,g2.hpc.coe,41393,0.5001,0,0.0,0.0,12288.0,136138342605,136368656089,139265109,139448670,3127583,0,0,0,0,0,0,0,0,0,0,0,0,777,79,3,2,0,0,0,0,0,0,0,0,0,idle
1778097316.004131,g2.hpc.coe,41393,0.5001,0,0.0,0.0,12288.0,136138343424,136368656168,139265112,139448672,3127583,0,0,0,0,0,0,0,0,0,0,0,0,819,79,3,2,0,0,0,0,0,0,0,0,0,idle
1778097316.504259,g2.hpc.coe,41393,0.5001,0,0.0,0.0,12288.0,136138344285,136368656247,139265115,139448674,3127583,0,0,0,0,0,0,0,0,0,0,0,0,861,79,3,2,0,0,0,0,0,0,0,0,0,idle
1778097317.0043912,g2.hpc.coe,41393,0.5001,0,0.0,0.0,12288.0,136138345811,136368656773,139265133,139448684,3127583,0,0,0,0,0,0,0,0,0,0,0,0,1526,526,18,10,0,0,0,0,0,0,0,0,0,idle
1778097317.5045161,g2.hpc.coe,41393,0.5001,0,0.0,0.0,12288.0,136138346757,136368656852,139265136,139448686,3127583,0,0,0,0,0,0,0,0,0,0,0,0,946,79,3,2,0,0,0,0,0,0,0,0,0,idle
1778097318.004642,g2.hpc.coe,41393,0.5001,0,0.0,0.0,12288.0,136138347746,136368656931,139265139,139448688,3127583,0,0,0,0,0,0,0,0,0,0,0,0,989,79,3,2,0,0,0,0,0,0,0,0,0,idle
1778097318.5047693,g2.hpc.coe,41393,0.5001,0,0.0,0.0,12288.0,136138348777,136368657010,139265142,139448690,3127583,0,0,0,0,0,0,0,0,0,0,0,0,1031,79,3,2,0,0,0,0,0,0,0,0,0,idle
1778097319.004873,g2.hpc.coe,41393,0.5001,0,0.0,0.0,12288.0,136138349872,136368657089,139265146,139448692,3127583,0,0,0,0,0,0,0,0,0,0,0,0,1095,79,4,2,0,0,0,0,0,0,0,0,0,idle
1778097319.5049992,g2.hpc.coe,41393,0.5001,0,0.0,0.0,12288.0,136138351009,136368657168,139265150,139448694,3127583,0,0,0,0,0,0,0,0,0,0,0,0,1137,79,4,2,0,0,0,0,0,0,0,0,0,idle
1778097320.0051346,g2.hpc.coe,41393,0.5001,0,0.0,0.0,12288.0,136138352189,136368657247,139265154,139448696,3127583,0,0,0,0,0,0,0,0,0,0,0,0,1180,79,4,2,0,0,0,0,0,0,0,0,0,idle
1778097320.5052655,g2.hpc.coe,41393,0.5001,0,0.0,0.0,12288.0,136138352343,136368657304,139265156,139448697,3127583,0,0,0,0,0,0,0,0,0,0,0,0,154,57,2,1,0,0,0,0,0,0,0,0,0,idle
1778097321.0054123,g2.hpc.coe,41393,0.5001,0,0.0,0.0,12288.0,136138352540,136368657361,139265158,139448698,3127583,0,0,0,0,0,0,0,0,0,0,0,0,197,57,2,1,0,0,0,0,0,0,0,0,0,idle
1778097321.5055308,g2.hpc.coe,41393,0.5001,0,0.0,0.0,12288.0,136138352779,136368657418,139265160,139448699,3127583,0,0,0,0,0,0,0,0,0,0,0,0,239,57,2,1,0,0,0,0,0,0,0,0,0,idle
1778097322.00564,g2.hpc.coe,41393,0.5001,0,0.0,0.0,12288.0,136138353060,136368657475,139265162,139448700,3127583,0,0,0,0,0,0,0,0,0,0,0,0,281,57,2,1,0,0,0,0,0,0,0,0,0,idle
1778097322.505765,g2.hpc.coe,41393,0.5001,0,0.0,0.0,12288.0,136138353383,136368657532,139265164,139448701,3127583,0,0,0,0,0,0,0,0,0,0,0,0,323,57,2,1,0,0,0,0,0,0,0,0,0,idle
1778097323.005873,g2.hpc.coe,41393,0.5001,0,0.0,0.0,12288.0,136138353748,136368657589,139265166,139448702,3127583,0,0,0,0,0,0,0,0,0,0,0,0,365,57,2,1,0,0,0,0,0,0,0,0,0,idle
1778097323.5060043,g2.hpc.coe,41393,0.5001,0,0.0,0.0,12288.0,136138354155,136368657646,139265168,139448703,3127583,0,0,0,0,0,0,0,0,0,0,0,0,407,57,2,1,0,0,0,0,0,0,0,0,0,idle
1778097324.0061245,g2.hpc.coe,41393,0.5001,0,0.0,0.0,12288.0,136138354604,136368657703,139265170,139448704,3127583,0,0,0,0,0,0,0,0,0,0,0,0,449,57,2,1,0,0,0,0,0,0,0,0,0,idle
1778097324.5062287,g2.hpc.coe,41393,0.5001,0,0.0,0.0,12288.0,136138355095,136368657760,139265172,139448705,3127583,0,0,0,0,0,0,0,0,0,0,0,0,491,57,2,1,0,0,0,0,0,0,0,0,0,idle
1778097325.0063367,g2.hpc.coe,41393,0.5001,0,0.0,0.0,12288.0,136138355629,136368657817,139265174,139448706,3127583,0,0,0,0,0,0,0,0,0,0,0,0,534,57,2,1,0,0,0,0,0,0,0,0,0,idle
1778097325.5064578,g2.hpc.coe,41393,0.5001,0,0.0,0.0,12288.0,136138356227,136368657896,139265177,139448708,3127583,0,0,0,0,0,0,0,0,0,0,0,0,598,79,3,2,0,0,0,0,0,0,0,0,0,idle
1778097326.0065696,g2.hpc.coe,41393,0.5001,0,0.0,0.0,12288.0,136138356944,136368658030,139265182,139448711,3127583,0,0,0,0,0,0,0,0,0,0,0,0,717,134,5,3,0,0,0,0,0,0,0,0,0,idle
1778097326.506699,g2.hpc.coe,41393,0.5001,0,0.0,0.0,12288.0,136138357627,136368658109,139265185,139448713,3127583,0,0,0,0,0,0,0,0,0,0,0,0,683,79,3,2,0,0,0,0,0,0,0,0,0,idle
1778097327.0068219,g2.hpc.coe,41393,0.5001,0,0.0,0.0,12288.0,136138358352,136368658188,139265188,139448715,3127583,0,0,0,0,0,0,0,0,0,0,0,0,725,79,3,2,0,0,0,0,0,0,0,0,0,idle
1778097327.506946,g2.hpc.coe,41393,0.5001,0,0.0,0.0,12288.0,136138359119,136368658267,139265191,139448717,3127583,0,0,0,0,0,0,0,0,0,0,0,0,767,79,3,2,0,0,0,0,0,0,0,0,0,idle
1778097328.0070744,g2.hpc.coe,41393,0.5001,0,0.0,0.0,12288.0,136138359928,136368658346,139265194,139448719,3127583,0,0,0,0,0,0,0,0,0,0,0,0,809,79,3,2,0,0,0,0,0,0,0,0,0,idle
1778097328.5071936,g2.hpc.coe,41393,0.5001,0,0.0,0.0,12288.0,136138360779,136368658425,139265197,139448721,3127583,0,0,0,0,0,0,0,0,0,0,0,0,851,79,3,2,0,0,0,0,0,0,0,0,0,idle
1778097329.0073144,g2.hpc.coe,41393,0.5001,0,0.0,0.0,12288.0,136138361672,136368658504,139265200,139448723,3127583,0,0,0,0,0,0,0,0,0,0,0,0,893,79,3,2,0,0,0,0,0,0,0,0,0,idle
1778097329.5074372,g2.hpc.coe,41393,0.5001,0,0.0,0.0,12288.0,136138362608,136368658583,139265203,139448725,3127583,0,0,0,0,0,0,0,0,0,0,0,0,936,79,3,2,0,0,0,0,0,0,0,0,0,idle
1778097330.0075796,g2.hpc.coe,41393,0.5001,0,0.0,0.0,12288.0,136138363586,136368658662,139265206,139448727,3127583,0,0,0,0,0,0,0,0,0,0,0,0,978,79,3,2,0,0,0,0,0,0,0,0,0,idle
1778097330.507706,g2.hpc.coe,41393,0.5001,0,0.0,0.0,12288.0,136138364606,136368658741,139265209,139448729,3127583,0,0,0,0,0,0,0,0,0,0,0,0,1020,79,3,2,0,0,0,0,0,0,0,0,0,idle
1778097331.0078168,g2.hpc.coe,41393,0.5001,0,0.0,0.0,12288.0,136138365668,136368658820,139265212,139448731,3127583,0,0,0,0,0,0,0,0,0,0,0,0,1062,79,3,2,0,0,0,0,0,0,0,0,0,idle
1778097331.5079226,g2.hpc.coe,41393,0.5001,0,0.0,0.0,12288.0,136138366795,136368658899,139265216,139448733,3127583,0,0,0,0,0,0,0,0,0,0,0,0,1127,79,4,2,0,0,0,0,0,0,0,0,0,idle
1778097332.0080311,g2.hpc.coe,41393,0.5001,0,0.0,0.0,12288.0,136138368587,136368659425,139265235,139448743,3127583,0,0,0,0,0,0,0,0,0,0,0,0,1792,526,19,10,0,0,0,0,0,0,0,0,0,idle
1778097332.5081544,g2.hpc.coe,41393,0.5001,0,0.0,0.0,12288.0,136138368732,136368659482,139265237,139448744,3127583,0,0,0,0,0,0,0,0,0,0,0,0,145,57,2,1,0,0,0,0,0,0,0,0,0,idle
1778097333.0082638,g2.hpc.coe,41393,0.5001,0,0.0,0.0,12288.0,136138368919,136368659539,139265239,139448745,3127583,0,0,0,0,0,0,0,0,0,0,0,0,187,57,2,1,0,0,0,0,0,0,0,0,0,idle
1778097333.508385,g2.hpc.coe,41393,0.5001,0,0.0,0.0,12288.0,136138369148,136368659596,139265241,139448746,3127583,0,0,0,0,0,0,0,0,0,0,0,0,229,57,2,1,0,0,0,0,0,0,0,0,0,idle
1778097334.0085068,g2.hpc.coe,41393,0.5001,0,0.0,0.0,12288.0,136138369419,136368659653,139265243,139448747,3127583,0,0,0,0,0,0,0,0,0,0,0,0,271,57,2,1,0,0,0,0,0,0,0,0,0,idle
1778097334.5086446,g2.hpc.coe,41393,0.5001,0,0.0,0.0,12288.0,136138369732,136368659710,139265245,139448748,3127583,0,0,0,0,0,0,0,0,0,0,0,0,313,57,2,1,0,0,0,0,0,0,0,0,0,idle
1778097335.008755,g2.hpc.coe,41393,0.5001,0,0.0,0.0,12288.0,136138370088,136368659767,139265247,139448749,3127583,0,0,0,0,0,0,0,0,0,0,0,0,356,57,2,1,0,0,0,0,0,0,0,0,0,idle
1778097335.5088623,g2.hpc.coe,41393,0.5001,0,0.0,0.0,12288.0,136138370486,136368659824,139265249,139448750,3127583,0,0,0,0,0,0,0,0,0,0,0,0,398,57,2,1,0,0,0,0,0,0,0,0,0,idle
1778097336.0089877,g2.hpc.coe,41393,0.5001,0,0.0,0.0,12288.0,136138370926,136368659881,139265251,139448751,3127583,0,0,0,0,0,0,0,0,0,0,0,0,440,57,2,1,0,0,0,0,0,0,0,0,0,idle
1778097336.50909,g2.hpc.coe,41393,0.5001,0,0.0,0.0,12288.0,136138371408,136368659938,139265253,139448752,3127583,0,0,0,0,0,0,0,0,0,0,0,0,482,57,2,1,0,0,0,0,0,0,0,0,0,idle
1778097337.0092115,g2.hpc.coe,41393,0.5001,0,0.0,0.0,12288.0,136138371932,136368659995,139265255,139448753,3127583,0,0,0,0,0,0,0,0,0,0,0,0,524,57,2,1,0,0,0,0,0,0,0,0,0,idle
1778097337.50933,g2.hpc.coe,41393,0.5001,0,0.0,0.0,12288.0,136138372520,136368660074,139265258,139448755,3127583,0,0,0,0,0,0,0,0,0,0,0,0,588,79,3,2,0,0,0,0,0,0,0,0,0,idle
1778097338.0094495,g2.hpc.coe,41393,0.5001,0,0.0,0.0,12288.0,136138373150,136368660153,139265261,139448757,3127583,0,0,0,0,0,0,0,0,0,0,0,0,630,79,3,2,0,0,0,0,0,0,0,0,0,idle
1778097338.5095735,g2.hpc.coe,41393,0.5001,0,0.0,0.0,12288.0,136138373822,136368660232,139265264,139448759,3127583,0,0,0,0,0,0,0,0,0,0,0,0,672,79,3,2,0,0,0,0,0,0,0,0,0,idle
1778097339.0096757,g2.hpc.coe,41393,0.5001,0,0.0,0.0,12288.0,136138374536,136368660311,139265267,139448761,3127583,0,0,0,0,0,0,0,0,0,0,0,0,714,79,3,2,0,0,0,0,0,0,0,0,0,idle
1778097339.5097802,g2.hpc.coe,41393,0.5001,0,0.0,0.0,12288.0,136138375550,136368660645,139265275,139448768,3127583,0,0,0,0,0,0,0,0,0,0,0,0,1014,334,8,7,0,0,0,0,0,0,0,0,0,idle
1778097340.0099046,g2.hpc.coe,41393,0.5001,0,0.0,0.0,12288.0,136138376371,136368660724,139265279,139448770,3127583,0,0,0,0,0,0,0,0,0,0,0,0,821,79,4,2,0,0,0,0,0,0,0,0,0,idle
1778097340.5100307,g2.hpc.coe,41393,0.5001,0,0.0,0.0,12288.0,136138377213,136368660803,139265282,139448772,3127583,0,0,0,0,0,0,0,0,0,0,0,0,842,79,3,2,0,0,0,0,0,0,0,0,0,idle
1778097341.0101645,g2.hpc.coe,41393,0.5001,0,0.0,0.0,12288.0,136138378097,136368660882,139265285,139448774,3127583,0,0,0,0,0,0,0,0,0,0,0,0,884,79,3,2,0,0,0,0,0,0,0,0,0,idle
1778097341.5102966,g2.hpc.coe,41393,0.5001,0,0.0,0.0,12288.0,136138379023,136368660961,139265288,139448776,3127583,0,0,0,0,0,0,0,0,0,0,0,0,926,79,3,2,0,0,0,0,0,0,0,0,0,idle
1778097342.0104187,g2.hpc.coe,41393,0.5001,0,0.0,0.0,12288.0,136138379991,136368661040,139265291,139448778,3127583,0,0,0,0,0,0,0,0,0,0,0,0,968,79,3,2,0,0,0,0,0,0,0,0,0,idle
1778097342.5105543,g2.hpc.coe,41393,0.5001,0,0.0,0.0,12288.0,136138381002,136368661119,139265294,139448780,3127583,0,0,0,0,0,0,0,0,0,0,0,0,1011,79,3,2,0,0,0,0,0,0,0,0,0,idle
1778097343.0106847,g2.hpc.coe,41393,0.5001,0,0.0,0.0,12288.0,136138382055,136368661198,139265297,139448782,3127583,0,0,0,0,0,0,0,0,0,0,0,0,1053,79,3,2,0,0,0,0,0,0,0,0,0,idle
1778097343.5108101,g2.hpc.coe,41393,0.5001,0,0.0,0.0,12288.0,136138383173,136368661277,139265301,139448784,3127583,0,0,0,0,0,0,0,0,0,0,0,0,1118,79,4,2,0,0,0,0,0,0,0,0,0,idle
1778097344.0109355,g2.hpc.coe,41393,0.5001,0,0.0,0.0,12288.0,136138384333,136368661356,139265305,139448786,3127583,0,0,0,0,0,0,0,0,0,0,0,0,1160,79,4,2,0,0,0,0,0,0,0,0,0,idle
1778097344.5110617,g2.hpc.coe,41393,0.5001,0,0.0,0.0,12288.0,136138384468,136368661413,139265307,139448787,3127583,0,0,0,0,0,0,0,0,0,0,0,0,135,57,2,1,0,0,0,0,0,0,0,0,0,idle
1778097345.0111938,g2.hpc.coe,41393,0.5001,0,0.0,0.0,12288.0,136138384645,136368661470,139265309,139448788,3127583,0,0,0,0,0,0,0,0,0,0,0,0,177,57,2,1,0,0,0,0,0,0,0,0,0,idle
1778097345.5113187,g2.hpc.coe,41393,0.5001,0,0.0,0.0,12288.0,136138384864,136368661527,139265311,139448789,3127583,0,0,0,0,0,0,0,0,0,0,0,0,219,57,2,1,0,0,0,0,0,0,0,0,0,idle
1778097346.011429,g2.hpc.coe,41393,0.5001,0,0.0,0.0,12288.0,136138385125,136368661584,139265313,139448790,3127583,0,0,0,0,0,0,0,0,0,0,0,0,261,57,2,1,0,0,0,0,0,0,0,0,0,idle
1778097346.5115578,g2.hpc.coe,41393,0.5001,0,0.0,0.0,12288.0,136138385428,136368661641,139265315,139448791,3127583,0,0,0,0,0,0,0,0,0,0,0,0,303,57,2,1,0,0,0,0,0,0,0,0,0,idle
1778097347.0116825,g2.hpc.coe,41393,0.5001,0,0.0,0.0,12288.0,136138386397,136368662145,139265332,139448800,3127583,0,0,0,0,0,0,0,0,0,0,0,0,969,504,17,9,0,0,0,0,0,0,0,0,0,idle
1778097347.5118108,g2.hpc.coe,41393,0.5001,0,0.0,0.0,12288.0,136138386785,136368662202,139265334,139448801,3127583,0,0,0,0,0,0,0,0,0,0,0,0,388,57,2,1,0,0,0,0,0,0,0,0,0,idle
1778097348.0119517,g2.hpc.coe,41393,0.5001,0,0.0,0.0,12288.0,136138387216,136368662259,139265336,139448802,3127583,0,0,0,0,0,0,0,0,0,0,0,0,431,57,2,1,0,0,0,0,0,0,0,0,0,idle
1778097348.5120778,g2.hpc.coe,41393,0.5001,0,0.0,0.0,12288.0,136138387689,136368662316,139265338,139448803,3127583,0,0,0,0,0,0,0,0,0,0,0,0,473,57,2,1,0,0,0,0,0,0,0,0,0,idle
1778097349.0122154,g2.hpc.coe,41393,0.5001,0,0.0,0.0,12288.0,136138388204,136368662373,139265340,139448804,3127583,0,0,0,0,0,0,0,0,0,0,0,0,515,57,2,1,0,0,0,0,0,0,0,0,0,idle
1778097349.512336,g2.hpc.coe,41393,0.5001,0,0.0,0.0,12288.0,136138388783,136368662452,139265343,139448806,3127583,0,0,0,0,0,0,0,0,0,0,0,0,579,79,3,2,0,0,0,0,0,0,0,0,0,idle
1778097350.012464,g2.hpc.coe,41393,0.5001,0,0.0,0.0,12288.0,136138389404,136368662531,139265346,139448808,3127583,0,0,0,0,0,0,0,0,0,0,0,0,621,79,3,2,0,0,0,0,0,0,0,0,0,idle
1778097350.5125976,g2.hpc.coe,41393,0.5001,0,0.0,0.0,12288.0,136138390067,136368662610,139265349,139448810,3127583,0,0,0,0,0,0,0,0,0,0,0,0,663,79,3,2,0,0,0,0,0,0,0,0,0,idle
1778097351.0127237,g2.hpc.coe,41393,0.5001,0,0.0,0.0,12288.0,136138390773,136368662689,139265352,139448812,3127583,0,0,0,0,0,0,0,0,0,0,0,0,706,79,3,2,0,0,0,0,0,0,0,0,0,idle
1778097351.5128505,g2.hpc.coe,41393,0.5001,0,0.0,0.0,12288.0,136138391598,136368662823,139265357,139448815,3127583,0,0,0,0,0,0,0,0,0,0,0,0,825,134,5,3,0,0,0,0,0,0,0,0,0,idle
1778097352.0129724,g2.hpc.coe,41393,0.5001,0,0.0,0.0,12288.0,136138392388,136368662902,139265360,139448817,3127583,0,0,0,0,0,0,0,0,0,0,0,0,790,79,3,2,0,0,0,0,0,0,0,0,0,idle
1778097352.5130968,g2.hpc.coe,41393,0.5001,0,0.0,0.0,12288.0,136138393221,136368662981,139265363,139448819,3127583,0,0,0,0,0,0,0,0,0,0,0,0,833,79,3,2,0,0,0,0,0,0,0,0,0,idle
1778097353.013224,g2.hpc.coe,41393,0.5001,0,0.0,0.0,12288.0,136138394096,136368663060,139265366,139448821,3127583,0,0,0,0,0,0,0,0,0,0,0,0,875,79,3,2,0,0,0,0,0,0,0,0,0,idle
1778097353.5133576,g2.hpc.coe,41393,0.5001,0,0.0,0.0,12288.0,136138395013,136368663139,139265369,139448823,3127583,0,0,0,0,0,0,0,0,0,0,0,0,917,79,3,2,0,0,0,0,0,0,0,0,0,idle
1778097354.0134785,g2.hpc.coe,41393,0.5001,0,0.0,0.0,12288.0,136138395972,136368663218,139265372,139448825,3127583,0,0,0,0,0,0,0,0,0,0,0,0,959,79,3,2,0,0,0,0,0,0,0,0,0,idle
1778097354.5136054,g2.hpc.coe,41393,0.5001,0,0.0,0.0,12288.0,136138396973,136368663297,139265375,139448827,3127583,0,0,0,0,0,0,0,0,0,0,0,0,1001,79,3,2,0,0,0,0,0,0,0,0,0,idle
1778097355.0137358,g2.hpc.coe,41393,0.5001,0,0.0,0.0,12288.0,136138398017,136368663376,139265378,139448829,3127583,0,0,0,0,0,0,0,0,0,0,0,0,1044,79,3,2,0,0,0,0,0,0,0,0,0,idle
1778097355.5138688,g2.hpc.coe,41393,0.5001,0,0.0,0.0,12288.0,136138399125,136368663455,139265382,139448831,3127583,0,0,0,0,0,0,0,0,0,0,0,0,1108,79,4,2,0,0,0,0,0,0,0,0,0,idle
1778097356.0139973,g2.hpc.coe,41393,0.5001,0,0.0,0.0,12288.0,136138400276,136368663534,139265386,139448833,3127583,0,0,0,0,0,0,0,0,0,0,0,0,1151,79,4,2,0,0,0,0,0,0,0,0,0,idle
1778097356.51412,g2.hpc.coe,41393,0.5001,0,0.0,0.0,12288.0,136138400401,136368663591,139265388,139448834,3127583,0,0,0,0,0,0,0,0,0,0,0,0,125,57,2,1,0,0,0,0,0,0,0,0,0,idle
1778097357.0142512,g2.hpc.coe,41393,0.5001,0,0.0,0.0,12288.0,136138400568,136368663648,139265390,139448835,3127583,0,0,0,0,0,0,0,0,0,0,0,0,167,57,2,1,0,0,0,0,0,0,0,0,0,idle
1778097357.5143793,g2.hpc.coe,41393,0.5001,0,0.0,0.0,12288.0,136138400777,136368663705,139265392,139448836,3127583,0,0,0,0,0,0,0,0,0,0,0,0,209,57,2,1,0,0,0,0,0,0,0,0,0,idle
1778097358.0145085,g2.hpc.coe,41393,0.5001,0,0.0,0.0,12288.0,136138401029,136368663762,139265394,139448837,3127583,0,0,0,0,0,0,0,0,0,0,0,0,252,57,2,1,0,0,0,0,0,0,0,0,0,idle
1778097358.5146375,g2.hpc.coe,41393,0.5001,0,0.0,0.0,12288.0,136138401323,136368663819,139265396,139448838,3127583,0,0,0,0,0,0,0,0,0,0,0,0,294,57,2,1,0,0,0,0,0,0,0,0,0,idle
1778097359.014761,g2.hpc.coe,41393,0.5001,0,0.0,0.0,12288.0,136138401659,136368663876,139265398,139448839,3127583,0,0,0,0,0,0,0,0,0,0,0,0,336,57,2,1,0,0,0,0,0,0,0,0,0,idle
1778097359.5148714,g2.hpc.coe,41393,0.5001,0,0.0,0.0,12288.0,136138402037,136368663933,139265400,139448840,3127583,0,0,0,0,0,0,0,0,0,0,0,0,378,57,2,1,0,0,0,0,0,0,0,0,0,idle
1778097360.0149827,g2.hpc.coe,41393,0.5001,0,0.0,0.0,12288.0,136138402457,136368663990,139265402,139448841,3127583,0,0,0,0,0,0,0,0,0,0,0,0,420,57,2,1,0,0,0,0,0,0,0,0,0,idle
1778097360.515104,g2.hpc.coe,41393,0.5001,0,0.0,0.0,12288.0,136138402920,136368664047,139265404,139448842,3127583,0,0,0,0,0,0,0,0,0,0,0,0,463,57,2,1,0,0,0,0,0,0,0,0,0,idle
1778097361.0152268,g2.hpc.coe,41393,0.5001,0,0.0,0.0,12288.0,136138403425,136368664104,139265406,139448843,3127583,0,0,0,0,0,0,0,0,0,0,0,0,505,57,2,1,0,0,0,0,0,0,0,0,0,idle
1778097361.5153553,g2.hpc.coe,41393,0.5001,0,0.0,0.0,12288.0,136138403994,136368664183,139265409,139448845,3127583,0,0,0,0,0,0,0,0,0,0,0,0,569,79,3,2,0,0,0,0,0,0,0,0,0,idle
1778097362.0154812,g2.hpc.coe,41393,0.5001,0,0.0,0.0,12288.0,136138405305,136368664764,139265429,139448856,3127583,0,0,0,0,0,0,0,0,0,0,0,0,1311,581,20,11,0,0,0,0,0,0,0,0,0,idle
1778097362.5156174,g2.hpc.coe,41393,0.5001,0,0.0,0.0,12288.0,136138405959,136368664843,139265432,139448858,3127583,0,0,0,0,0,0,0,0,0,0,0,0,654,79,3,2,0,0,0,0,0,0,0,0,0,idle
1778097363.0157485,g2.hpc.coe,41393,0.5001,0,0.0,0.0,12288.0,136138406656,136368664922,139265435,139448860,3127583,0,0,0,0,0,0,0,0,0,0,0,0,697,79,3,2,0,0,0,0,0,0,0,0,0,idle
1778097363.515873,g2.hpc.coe,41393,0.5001,0,0.0,0.0,12288.0,136138407395,136368665001,139265438,139448862,3127583,0,0,0,0,0,0,0,0,0,0,0,0,739,79,3,2,0,0,0,0,0,0,0,0,0,idle
1778097364.0159945,g2.hpc.coe,41393,0.5001,0,0.0,0.0,12288.0,136138408176,136368665080,139265441,139448864,3127583,0,0,0,0,0,0,0,0,0,0,0,0,781,79,3,2,0,0,0,0,0,0,0,0,0,idle
1778097364.5161211,g2.hpc.coe,41393,0.5001,0,0.0,0.0,12288.0,136138408999,136368665159,139265444,139448866,3127583,0,0,0,0,0,0,0,0,0,0,0,0,823,79,3,2,0,0,0,0,0,0,0,0,0,idle
1778097365.0162299,g2.hpc.coe,41393,0.5001,0,0.0,0.0,12288.0,136138409864,136368665238,139265447,139448868,3127583,0,0,0,0,0,0,0,0,0,0,0,0,865,79,3,2,0,0,0,0,0,0,0,0,0,idle
1778097365.516351,g2.hpc.coe,41393,0.5001,0,0.0,0.0,12288.0,136138410772,136368665317,139265450,139448870,3127583,0,0,0,0,0,0,0,0,0,0,0,0,908,79,3,2,0,0,0,0,0,0,0,0,0,idle
1778097366.016475,g2.hpc.coe,41393,0.5001,0,0.0,0.0,12288.0,136138411722,136368665396,139265453,139448872,3127583,0,0,0,0,0,0,0,0,0,0,0,0,950,79,3,2,0,0,0,0,0,0,0,0,0,idle
1778097366.5166101,g2.hpc.coe,41393,0.5001,0,0.0,0.0,12288.0,136138412714,136368665475,139265456,139448874,3127583,0,0,0,0,0,0,0,0,0,0,0,0,992,79,3,2,0,0,0,0,0,0,0,0,0,idle
1778097367.0167367,g2.hpc.coe,41393,0.5001,0,0.0,0.0,12288.0,136138413825,136368665609,139265461,139448877,3127583,0,0,0,0,0,0,0,0,0,0,0,0,1111,134,5,3,0,0,0,0,0,0,0,0,0,idle
1778097367.5168767,g2.hpc.coe,41393,0.5001,0,0.0,0.0,12288.0,136138414924,136368665688,139265465,139448879,3127583,0,0,0,0,0,0,0,0,0,0,0,0,1099,79,4,2,0,0,0,0,0,0,0,0,0,idle
1778097368.0170016,g2.hpc.coe,41393,0.5001,0,0.0,0.0,12288.0,136138416065,136368665767,139265469,139448881,3127583,0,0,0,0,0,0,0,0,0,0,0,0,1141,79,4,2,0,0,0,0,0,0,0,0,0,idle
1778097368.517137,g2.hpc.coe,41393,0.5001,0,0.0,0.0,12288.0,136138417249,136368665846,139265473,139448883,3127583,0,0,0,0,0,0,0,0,0,0,0,0,1184,79,4,2,0,0,0,0,0,0,0,0,0,idle
1778097369.0172539,g2.hpc.coe,41393,0.5001,0,0.0,0.0,12288.0,136138417407,136368665903,139265475,139448884,3127583,0,0,0,0,0,0,0,0,0,0,0,0,158,57,2,1,0,0,0,0,0,0,0,0,0,idle
1778097369.5173783,g2.hpc.coe,41393,0.5001,0,0.0,0.0,12288.0,136138417607,136368665960,139265477,139448885,3127583,0,0,0,0,0,0,0,0,0,0,0,0,200,57,2,1,0,0,0,0,0,0,0,0,0,idle
1778097370.0175047,g2.hpc.coe,41393,0.5001,0,0.0,0.0,12288.0,136138417849,136368666017,139265479,139448886,3127583,0,0,0,0,0,0,0,0,0,0,0,0,242,57,2,1,0,0,0,0,0,0,0,0,0,idle
1778097370.5176346,g2.hpc.coe,41393,0.5001,0,0.0,0.0,12288.0,136138418134,136368666074,139265481,139448887,3127583,0,0,0,0,0,0,0,0,0,0,0,0,285,57,2,1,0,0,0,0,0,0,0,0,0,idle
1778097371.0177464,g2.hpc.coe,41393,0.5001,0,0.0,0.0,12288.0,136138418461,136368666131,139265483,139448888,3127583,0,0,0,0,0,0,0,0,0,0,0,0,327,57,2,1,0,0,0,0,0,0,0,0,0,idle
1778097371.5178826,g2.hpc.coe,41393,0.5001,0,0.0,0.0,12288.0,136138418830,136368666188,139265485,139448889,3127583,0,0,0,0,0,0,0,0,0,0,0,0,369,57,2,1,0,0,0,0,0,0,0,0,0,idle
1778097372.0180025,g2.hpc.coe,41393,0.5001,0,0.0,0.0,12288.0,136138419318,136368666300,139265489,139448891,3127583,0,0,0,0,0,0,0,0,0,0,0,0,488,112,4,2,0,0,0,0,0,0,0,0,0,idle
1778097372.5181062,g2.hpc.coe,41393,0.5001,0,0.0,0.0,12288.0,136138419772,136368666357,139265491,139448892,3127583,0,0,0,0,0,0,0,0,0,0,0,0,454,57,2,1,0,0,0,0,0,0,0,0,0,idle
1778097373.0182288,g2.hpc.coe,41393,0.5001,0,0.0,0.0,12288.0,136138420268,136368666414,139265493,139448893,3127583,0,0,0,0,0,0,0,0,0,0,0,0,496,57,2,1,0,0,0,0,0,0,0,0,0,idle
1778097373.5183508,g2.hpc.coe,41393,0.5001,0,0.0,0.0,12288.0,136138420806,136368666471,139265495,139448894,3127583,0,0,0,0,0,0,0,0,0,0,0,0,538,57,2,1,0,0,0,0,0,0,0,0,0,idle
1778097374.018473,g2.hpc.coe,41393,0.5001,0,0.0,0.0,12288.0,136138421409,136368666550,139265498,139448896,3127583,0,0,0,0,0,0,0,0,0,0,0,0,603,79,3,2,0,0,0,0,0,0,0,0,0,idle
1778097374.5186,g2.hpc.coe,41393,0.5001,0,0.0,0.0,12288.0,136138422054,136368666629,139265501,139448898,3127583,0,0,0,0,0,0,0,0,0,0,0,0,645,79,3,2,0,0,0,0,0,0,0,0,0,idle
1778097375.0187025,g2.hpc.coe,41393,0.5001,0,0.0,0.0,12288.0,136138422740,136368666708,139265504,139448900,3127583,0,0,0,0,0,0,0,0,0,0,0,0,686,79,3,2,0,0,0,0,0,0,0,0,0,idle
1778097375.5188441,g2.hpc.coe,41393,0.5001,0,0.0,0.0,12288.0,136138423468,136368666787,139265507,139448902,3127583,0,0,0,0,0,0,0,0,0,0,0,0,728,79,3,2,0,0,0,0,0,0,0,0,0,idle
1778097376.0189476,g2.hpc.coe,41393,0.5001,0,0.0,0.0,12288.0,136138424239,136368666866,139265510,139448904,3127583,0,0,0,0,0,0,0,0,0,0,0,0,771,79,3,2,0,0,0,0,0,0,0,0,0,idle
1778097376.5190732,g2.hpc.coe,41393,0.5001,0,0.0,0.0,12288.0,136138425052,136368666945,139265513,139448906,3127583,0,0,0,0,0,0,0,0,0,0,0,0,813,79,3,2,0,0,0,0,0,0,0,0,0,idle
1778097377.0192008,g2.hpc.coe,41393,0.5001,0,0.0,0.0,12288.0,136138426585,136368667526,139265532,139448917,3127583,0,0,0,0,0,0,0,0,0,0,0,0,1533,581,19,11,0,0,0,0,0,0,0,0,0,idle
1778097377.5193098,g2.hpc.coe,41393,0.5001,0,0.0,0.0,12288.0,136138427505,136368667605,139265536,139448919,3127583,0,0,0,0,0,0,0,0,0,0,0,0,920,79,4,2,0,0,0,0,0,0,0,0,0,idle
1778097378.019422,g2.hpc.coe,41393,0.5001,0,0.0,0.0,12288.0,136138428446,136368667684,139265539,139448921,3127583,0,0,0,0,0,0,0,0,0,0,0,0,941,79,3,2,0,0,0,0,0,0,0,0,0,idle
1778097378.5195503,g2.hpc.coe,41393,0.5001,0,0.0,0.0,12288.0,136138429429,136368667763,139265542,139448923,3127583,0,0,0,0,0,0,0,0,0,0,0,0,983,79,3,2,0,0,0,0,0,0,0,0,0,idle
1778097379.0196867,g2.hpc.coe,41393,0.5001,0,0.0,0.0,12288.0,136138430454,136368667842,139265545,139448925,3127583,0,0,0,0,0,0,0,0,0,0,0,0,1025,79,3,2,0,0,0,0,0,0,0,0,0,idle
1778097379.5198076,g2.hpc.coe,41393,0.5001,0,0.0,0.0,12288.0,136138431543,136368667921,139265549,139448927,3127583,0,0,0,0,0,0,0,0,0,0,0,0,1089,79,4,2,0,0,0,0,0,0,0,0,0,idle
1778097380.0199409,g2.hpc.coe,41393,0.5001,0,0.0,0.0,12288.0,136138432675,136368668000,139265553,139448929,3127583,0,0,0,0,0,0,0,0,0,0,0,0,1132,79,4,2,0,0,0,0,0,0,0,0,0,idle
1778097380.5200624,g2.hpc.coe,41393,0.5001,0,0.0,0.0,12288.0,136138433849,136368668079,139265557,139448931,3127583,0,0,0,0,0,0,0,0,0,0,0,0,1174,79,4,2,0,0,0,0,0,0,0,0,0,idle
1778097381.0201828,g2.hpc.coe,41393,0.5001,0,0.0,0.0,12288.0,136138433998,136368668136,139265559,139448932,3127583,0,0,0,0,0,0,0,0,0,0,0,0,149,57,2,1,0,0,0,0,0,0,0,0,0,idle
1778097381.520288,g2.hpc.coe,41393,0.5001,0,0.0,0.0,12288.0,136138434189,136368668193,139265561,139448933,3127583,0,0,0,0,0,0,0,0,0,0,0,0,191,57,2,1,0,0,0,0,0,0,0,0,0,idle
1778097382.0204148,g2.hpc.coe,41393,0.5001,0,0.0,0.0,12288.0,136138434422,136368668250,139265563,139448934,3127583,0,0,0,0,0,0,0,0,0,0,0,0,233,57,2,1,0,0,0,0,0,0,0,0,0,idle
1778097382.5205305,g2.hpc.coe,41393,0.5001,0,0.0,0.0,12288.0,136138434774,136368668362,139265567,139448936,3127583,0,0,0,0,0,0,0,0,0,0,0,0,352,112,4,2,0,0,0,0,0,0,0,0,0,idle
1778097383.020652,g2.hpc.coe,41393,0.5001,0,0.0,0.0,12288.0,136138435092,136368668419,139265569,139448937,3127583,0,0,0,0,0,0,0,0,0,0,0,0,318,57,2,1,0,0,0,0,0,0,0,0,0,idle
1778097383.5207794,g2.hpc.coe,41393,0.5001,0,0.0,0.0,12288.0,136138435452,136368668476,139265571,139448938,3127583,0,0,0,0,0,0,0,0,0,0,0,0,360,57,2,1,0,0,0,0,0,0,0,0,0,idle
1778097384.0209007,g2.hpc.coe,41393,0.5001,0,0.0,0.0,12288.0,136138435854,136368668533,139265573,139448939,3127583,0,0,0,0,0,0,0,0,0,0,0,0,402,57,2,1,0,0,0,0,0,0,0,0,0,idle
1778097384.5210202,g2.hpc.coe,41393,0.5001,0,0.0,0.0,12288.0,136138436298,136368668590,139265575,139448940,3127583,0,0,0,0,0,0,0,0,0,0,0,0,444,57,2,1,0,0,0,0,0,0,0,0,0,idle
1778097385.0211458,g2.hpc.coe,41393,0.5001,0,0.0,0.0,12288.0,136138436785,136368668647,139265577,139448941,3127583,0,0,0,0,0,0,0,0,0,0,0,0,487,57,2,1,0,0,0,0,0,0,0,0,0,idle
1778097385.521247,g2.hpc.coe,41393,0.5001,0,0.0,0.0,12288.0,136138437314,136368668704,139265579,139448942,3127583,0,0,0,0,0,0,0,0,0,0,0,0,529,57,2,1,0,0,0,0,0,0,0,0,0,idle
1778097386.021385,g2.hpc.coe,41393,0.5001,0,0.0,0.0,12288.0,136138437907,136368668783,139265582,139448944,3127583,0,0,0,0,0,0,0,0,0,0,0,0,593,79,3,2,0,0,0,0,0,0,0,0,0,idle
1778097386.5214958,g2.hpc.coe,41393,0.5001,0,0.0,0.0,12288.0,136138438542,136368668862,139265585,139448946,3127583,0,0,0,0,0,0,0,0,0,0,0,0,635,79,3,2,0,0,0,0,0,0,0,0,0,idle
1778097387.0215986,g2.hpc.coe,41393,0.5001,0,0.0,0.0,12288.0,136138439219,136368668941,139265588,139448948,3127583,0,0,0,0,0,0,0,0,0,0,0,0,677,79,3,2,0,0,0,0,0,0,0,0,0,idle
1778097387.5217195,g2.hpc.coe,41393,0.5001,0,0.0,0.0,12288.0,136138440015,136368669075,139265593,139448951,3127583,0,0,0,0,0,0,0,0,0,0,0,0,796,134,5,3,0,0,0,0,0,0,0,0,0,idle
1778097388.021846,g2.hpc.coe,41393,0.5001,0,0.0,0.0,12288.0,136138440777,136368669154,139265596,139448953,3127583,0,0,0,0,0,0,0,0,0,0,0,0,762,79,3,2,0,0,0,0,0,0,0,0,0,idle
1778097388.521969,g2.hpc.coe,41393,0.5001,0,0.0,0.0,12288.0,136138441581,136368669233,139265599,139448955,3127583,0,0,0,0,0,0,0,0,0,0,0,0,804,79,3,2,0,0,0,0,0,0,0,0,0,idle
1778097389.0220926,g2.hpc.coe,41393,0.5001,0,0.0,0.0,12288.0,136138442427,136368669312,139265602,139448957,3127583,0,0,0,0,0,0,0,0,0,0,0,0,846,79,3,2,0,0,0,0,0,0,0,0,0,idle
1778097389.522216,g2.hpc.coe,41393,0.5001,0,0.0,0.0,12288.0,136138443315,136368669391,139265605,139448959,3127583,0,0,0,0,0,0,0,0,0,0,0,0,888,79,3,2,0,0,0,0,0,0,0,0,0,idle
1778097390.0223389,g2.hpc.coe,41393,0.5001,0,0.0,0.0,12288.0,136138444245,136368669470,139265608,139448961,3127583,0,0,0,0,0,0,0,0,0,0,0,0,930,79,3,2,0,0,0,0,0,0,0,0,0,idle
1778097390.5224543,g2.hpc.coe,41393,0.5001,0,0.0,0.0,12288.0,136138445217,136368669549,139265611,139448963,3127583,0,0,0,0,0,0,0,0,0,0,0,0,972,79,3,2,0,0,0,0,0,0,0,0,0,idle
1778097391.022601,g2.hpc.coe,41393,0.5001,0,0.0,0.0,12288.0,136138446232,136368669628,139265614,139448965,3127583,0,0,0,0,0,0,0,0,0,0,0,0,1015,79,3,2,0,0,0,0,0,0,0,0,0,idle
1778097391.5227277,g2.hpc.coe,41393,0.5001,0,0.0,0.0,12288.0,136138447289,136368669707,139265617,139448967,3127583,0,0,0,0,0,0,0,0,0,0,0,0,1057,79,3,2,0,0,0,0,0,0,0,0,0,idle
1778097392.0229063,g2.hpc.coe,41393,0.5002,0,0.0,0.0,12288.0,136138449033,136368670233,139265636,139448977,3127583,0,0,0,0,0,0,0,0,0,0,0,0,1744,526,19,10,0,0,0,0,0,0,0,0,0,idle
1778097392.5230277,g2.hpc.coe,41393,0.5001,0,0.0,0.0,12288.0,136138450275,136368670367,139265642,139448980,3127583,0,0,0,0,0,0,0,0,0,0,0,0,1242,134,6,3,0,0,0,0,0,0,0,0,0,idle
1778097393.0231318,g2.hpc.coe,41393,0.5001,0,0.0,0.0,12288.0,136138450414,136368670424,139265644,139448981,3127583,0,0,0,0,0,0,0,0,0,0,0,0,139,57,2,1,0,0,0,0,0,0,0,0,0,idle
1778097393.5232635,g2.hpc.coe,41393,0.5001,0,0.0,0.0,12288.0,136138450596,136368670481,139265646,139448982,3127583,0,0,0,0,0,0,0,0,0,0,0,0,182,57,2,1,0,0,0,0,0,0,0,0,0,idle
1778097394.0233874,g2.hpc.coe,41393,0.5001,0,0.0,0.0,12288.0,136138450820,136368670538,139265648,139448983,3127583,0,0,0,0,0,0,0,0,0,0,0,0,224,57,2,1,0,0,0,0,0,0,0,0,0,idle
1778097394.523499,g2.hpc.coe,41393,0.5001,0,0.0,0.0,12288.0,136138451086,136368670595,139265650,139448984,3127583,0,0,0,0,0,0,0,0,0,0,0,0,266,57,2,1,0,0,0,0,0,0,0,0,0,idle
1778097395.023607,g2.hpc.coe,41393,0.5001,0,0.0,0.0,12288.0,136138451394,136368670652,139265652,139448985,3127583,0,0,0,0,0,0,0,0,0,0,0,0,308,57,2,1,0,0,0,0,0,0,0,0,0,idle
1778097395.5237312,g2.hpc.coe,41393,0.5001,0,0.0,0.0,12288.0,136138451744,136368670709,139265654,139448986,3127583,0,0,0,0,0,0,0,0,0,0,0,0,350,57,2,1,0,0,0,0,0,0,0,0,0,idle
1778097396.02385,g2.hpc.coe,41393,0.5001,0,0.0,0.0,12288.0,136138452136,136368670766,139265656,139448987,3127583,0,0,0,0,0,0,0,0,0,0,0,0,392,57,2,1,0,0,0,0,0,0,0,0,0,idle
1778097396.523956,g2.hpc.coe,41393,0.5001,0,0.0,0.0,12288.0,136138452570,136368670823,139265658,139448988,3127583,0,0,0,0,0,0,0,0,0,0,0,0,434,57,2,1,0,0,0,0,0,0,0,0,0,idle
1778097397.024059,g2.hpc.coe,41393,0.5001,0,0.0,0.0,12288.0,136138453046,136368670880,139265660,139448989,3127583,0,0,0,0,0,0,0,0,0,0,0,0,476,57,2,1,0,0,0,0,0,0,0,0,0,idle
1778097397.5241957,g2.hpc.coe,41393,0.5001,0,0.0,0.0,12288.0,136138453641,136368670992,139265664,139448991,3127583,0,0,0,0,0,0,0,0,0,0,0,0,595,112,4,2,0,0,0,0,0,0,0,0,0,idle
1778097398.0243256,g2.hpc.coe,41393,0.5001,0,0.0,0.0,12288.0,136138454224,136368671071,139265667,139448993,3127583,0,0,0,0,0,0,0,0,0,0,0,0,583,79,3,2,0,0,0,0,0,0,0,0,0,idle
1778097398.5244548,g2.hpc.coe,41393,0.5001,0,0.0,0.0,12288.0,136138454849,136368671150,139265670,139448995,3127583,0,0,0,0,0,0,0,0,0,0,0,0,625,79,3,2,0,0,0,0,0,0,0,0,0,idle
1778097399.02458,g2.hpc.coe,41393,0.5001,0,0.0,0.0,12288.0,136138455516,136368671229,139265673,139448997,3127583,0,0,0,0,0,0,0,0,0,0,0,0,667,79,3,2,0,0,0,0,0,0,0,0,0,idle
1778097399.524713,g2.hpc.coe,41393,0.5001,0,0.0,0.0,12288.0,136138456482,136368671563,139265681,139449004,3127583,0,0,0,0,0,0,0,0,0,0,0,0,966,334,8,7,0,0,0,0,0,0,0,0,0,idle
1778097400.0248406,g2.hpc.coe,41393,0.5001,0,0.0,0.0,12288.0,136138457255,136368671642,139265685,139449006,3127583,0,0,0,0,0,0,0,0,0,0,0,0,773,79,4,2,0,0,0,0,0,0,0,0,0,idle
1778097400.52497,g2.hpc.coe,41393,0.5001,0,0.0,0.0,12288.0,136138458048,136368671721,139265688,139449008,3127583,0,0,0,0,0,0,0,0,0,0,0,0,793,79,3,2,0,0,0,0,0,0,0,0,0,idle
1778097401.0250986,g2.hpc.coe,41393,0.5001,0,0.0,0.0,12288.0,136138458883,136368671800,139265691,139449010,3127583,0,0,0,0,0,0,0,0,0,0,0,0,835,79,3,2,0,0,0,0,0,0,0,0,0,idle
1778097401.5252016,g2.hpc.coe,41393,0.5001,0,0.0,0.0,12288.0,136138459760,136368671879,139265694,139449012,3127583,0,0,0,0,0,0,0,0,0,0,0,0,877,79,3,2,0,0,0,0,0,0,0,0,0,idle
1778097402.025324,g2.hpc.coe,41393,0.5001,0,0.0,0.0,12288.0,136138460680,136368671958,139265697,139449014,3127583,0,0,0,0,0,0,0,0,0,0,0,0,920,79,3,2,0,0,0,0,0,0,0,0,0,idle
1778097402.5254493,g2.hpc.coe,41393,0.5001,0,0.0,0.0,12288.0,136138461642,136368672037,139265700,139449016,3127583,0,0,0,0,0,0,0,0,0,0,0,0,962,79,3,2,0,0,0,0,0,0,0,0,0,idle
1778097403.0255718,g2.hpc.coe,41393,0.5001,0,0.0,0.0,12288.0,136138462723,136368672171,139265705,139449019,3127583,0,0,0,0,0,0,0,0,0,0,0,0,1081,134,5,3,0,0,0,0,0,0,0,0,0,idle
1778097403.5256765,g2.hpc.coe,41393,0.5001,0,0.0,0.0,12288.0,136138463770,136368672250,139265708,139449021,3127583,0,0,0,0,0,0,0,0,0,0,0,0,1047,79,3,2,0,0,0,0,0,0,0,0,0,idle
1778097404.0258021,g2.hpc.coe,41393,0.5001,0,0.0,0.0,12288.0,136138464881,136368672329,139265712,139449023,3127583,0,0,0,0,0,0,0,0,0,0,0,0,1111,79,4,2,0,0,0,0,0,0,0,0,0,idle
1778097404.5259326,g2.hpc.coe,41393,0.5001,0,0.0,0.0,12288.0,136138466035,136368672408,139265716,139449025,3127583,0,0,0,0,0,0,0,0,0,0,0,0,1154,79,4,2,0,0,0,0,0,0,0,0,0,idle
1778097405.0260553,g2.hpc.coe,41393,0.5001,0,0.0,0.0,12288.0,136138466163,136368672465,139265718,139449026,3127583,0,0,0,0,0,0,0,0,0,0,0,0,128,57,2,1,0,0,0,0,0,0,0,0,0,idle
1778097405.5261865,g2.hpc.coe,41393,0.5001,0,0.0,0.0,12288.0,136138466333,136368672522,139265720,139449027,3127583,0,0,0,0,0,0,0,0,0,0,0,0,170,57,2,1,0,0,0,0,0,0,0,0,0,idle
1778097406.0263145,g2.hpc.coe,41393,0.5001,0,0.0,0.0,12288.0,136138466546,136368672579,139265722,139449028,3127583,0,0,0,0,0,0,0,0,0,0,0,0,213,57,2,1,0,0,0,0,0,0,0,0,0,idle
1778097406.5264463,g2.hpc.coe,41393,0.5001,0,0.0,0.0,12288.0,136138466801,136368672636,139265724,139449029,3127583,0,0,0,0,0,0,0,0,0,0,0,0,255,57,2,1,0,0,0,0,0,0,0,0,0,idle
1778097407.0265877,g2.hpc.coe,41393,0.5001,0,0.0,0.0,12288.0,136138467721,136368673140,139265741,139449038,3127583,0,0,0,0,0,0,0,0,0,0,0,0,920,504,17,9,0,0,0,0,0,0,0,0,0,idle
1778097407.5267105,g2.hpc.coe,41393,0.5001,0,0.0,0.0,12288.0,136138468061,136368673197,139265743,139449039,3127583,0,0,0,0,0,0,0,0,0,0,0,0,340,57,2,1,0,0,0,0,0,0,0,0,0,idle
1778097408.0268393,g2.hpc.coe,41393,0.5001,0,0.0,0.0,12288.0,136138468520,136368673309,139265747,139449041,3127583,0,0,0,0,0,0,0,0,0,0,0,0,459,112,4,2,0,0,0,0,0,0,0,0,0,idle
1778097408.5269434,g2.hpc.coe,41393,0.5001,0,0.0,0.0,12288.0,136138468945,136368673366,139265749,139449042,3127583,0,0,0,0,0,0,0,0,0,0,0,0,425,57,2,1,0,0,0,0,0,0,0,0,0,idle
1778097409.02707,g2.hpc.coe,41393,0.5001,0,0.0,0.0,12288.0,136138469412,136368673423,139265751,139449043,3127583,0,0,0,0,0,0,0,0,0,0,0,0,467,57,2,1,0,0,0,0,0,0,0,0,0,idle
1778097409.5271897,g2.hpc.coe,41393,0.5001,0,0.0,0.0,12288.0,136138469921,136368673480,139265753,139449044,3127583,0,0,0,0,0,0,0,0,0,0,0,0,509,57,2,1,0,0,0,0,0,0,0,0,0,idle
1778097410.0273051,g2.hpc.coe,41393,0.5001,0,0.0,0.0,12288.0,136138470494,136368673559,139265756,139449046,3127583,0,0,0,0,0,0,0,0,0,0,0,0,573,79,3,2,0,0,0,0,0,0,0,0,0,idle
1778097410.5274353,g2.hpc.coe,41393,0.5001,0,0.0,0.0,12288.0,136138471109,136368673638,139265759,139449048,3127583,0,0,0,0,0,0,0,0,0,0,0,0,615,79,3,2,0,0,0,0,0,0,0,0,0,idle
1778097411.02755,g2.hpc.coe,41393,0.5001,0,0.0,0.0,12288.0,136138471766,136368673717,139265762,139449050,3127583,0,0,0,0,0,0,0,0,0,0,0,0,657,79,3,2,0,0,0,0,0,0,0,0,0,idle
1778097411.527674,g2.hpc.coe,41393,0.5001,0,0.0,0.0,12288.0,136138472465,136368673796,139265765,139449052,3127583,0,0,0,0,0,0,0,0,0,0,0,0,699,79,3,2,0,0,0,0,0,0,0,0,0,idle
1778097412.0277998,g2.hpc.coe,41393,0.5001,0,0.0,0.0,12288.0,136138473206,136368673875,139265768,139449054,3127583,0,0,0,0,0,0,0,0,0,0,0,0,741,79,3,2,0,0,0,0,0,0,0,0,0,idle
1778097412.5279295,g2.hpc.coe,41393,0.5001,0,0.0,0.0,12288.0,136138473989,136368673954,139265771,139449056,3127583,0,0,0,0,0,0,0,0,0,0,0,0,783,79,3,2,0,0,0,0,0,0,0,0,0,idle
1778097413.0280576,g2.hpc.coe,41393,0.5001,0,0.0,0.0,12288.0,136138474892,136368674088,139265776,139449059,3127583,0,0,0,0,0,0,0,0,0,0,0,0,903,134,5,3,0,0,0,0,0,0,0,0,0,idle
1778097413.5281615,g2.hpc.coe,41393,0.5001,0,0.0,0.0,12288.0,136138475760,136368674167,139265779,139449061,3127583,0,0,0,0,0,0,0,0,0,0,0,0,868,79,3,2,0,0,0,0,0,0,0,0,0,idle
1778097414.0282924,g2.hpc.coe,41393,0.5001,0,0.0,0.0,12288.0,136138476670,136368674246,139265782,139449063,3127583,0,0,0,0,0,0,0,0,0,0,0,0,910,79,3,2,0,0,0,0,0,0,0,0,0,idle
1778097414.5284245,g2.hpc.coe,41393,0.5001,0,0.0,0.0,12288.0,136138477623,136368674325,139265785,139449065,3127583,0,0,0,0,0,0,0,0,0,0,0,0,953,79,3,2,0,0,0,0,0,0,0,0,0,idle
1778097415.0285544,g2.hpc.coe,41393,0.5001,0,0.0,0.0,12288.0,136138478618,136368674404,139265788,139449067,3127583,0,0,0,0,0,0,0,0,0,0,0,0,995,79,3,2,0,0,0,0,0,0,0,0,0,idle
1778097415.5286782,g2.hpc.coe,41393,0.5001,0,0.0,0.0,12288.0,136138479655,136368674483,139265791,139449069,3127583,0,0,0,0,0,0,0,0,0,0,0,0,1037,79,3,2,0,0,0,0,0,0,0,0,0,idle
1778097416.028811,g2.hpc.coe,41393,0.5001,0,0.0,0.0,12288.0,136138480757,136368674562,139265795,139449071,3127583,0,0,0,0,0,0,0,0,0,0,0,0,1102,79,4,2,0,0,0,0,0,0,0,0,0,idle
1778097416.528937,g2.hpc.coe,41393,0.5001,0,0.0,0.0,12288.0,136138481901,136368674641,139265799,139449073,3127583,0,0,0,0,0,0,0,0,0,0,0,0,1144,79,4,2,0,0,0,0,0,0,0,0,0,idle
1778097417.0290601,g2.hpc.coe,41393,0.5001,0,0.0,0.0,12288.0,136138483087,136368674720,139265803,139449075,3127583,0,0,0,0,0,0,0,0,0,0,0,0,1186,79,4,2,0,0,0,0,0,0,0,0,0,idle
1778097417.5291672,g2.hpc.coe,41393,0.5001,0,0.0,0.0,12288.0,136138483248,136368674777,139265805,139449076,3127583,0,0,0,0,0,0,0,0,0,0,0,0,161,57,2,1,0,0,0,0,0,0,0,0,0,idle
1778097418.0292907,g2.hpc.coe,41393,0.5001,0,0.0,0.0,12288.0,136138483528,136368674889,139265809,139449078,3127583,0,0,0,0,0,0,0,0,0,0,0,0,280,112,4,2,0,0,0,0,0,0,0,0,0,idle
1778097418.5294032,g2.hpc.coe,41393,0.5001,0,0.0,0.0,12288.0,136138483773,136368674946,139265811,139449079,3127583,0,0,0,0,0,0,0,0,0,0,0,0,245,57,2,1,0,0,0,0,0,0,0,0,0,idle
1778097419.0295358,g2.hpc.coe,41393,0.5001,0,0.0,0.0,12288.0,136138484061,136368675003,139265813,139449080,3127583,0,0,0,0,0,0,0,0,0,0,0,0,288,57,2,1,0,0,0,0,0,0,0,0,0,idle
