timestamp,node_id,job_id,polling_interval_actual,gpu_index,gpu_util_pct,gpu_mem_used_mb,gpu_mem_total_mb,ib_port_xmit_data,ib_port_rcv_data,ib_port_xmit_packets,ib_port_rcv_packets,ib_port_xmit_wait,ib_port_xmit_discards,ib_excessive_buffer_overrun_errors,ib_link_downed,ib_link_error_recovery,ib_symbol_error,ib_local_link_integrity_errors,ib_port_rcv_remote_physical_errors,ib_port_rcv_errors,ib_sq_num_rnr,ib_sq_num_to,ib_rq_num_oos,ib_sq_num_oos,ib_port_xmit_data_delta,ib_port_rcv_data_delta,ib_port_xmit_packets_delta,ib_port_rcv_packets_delta,ib_port_xmit_wait_delta,ib_port_xmit_discards_delta,ib_excessive_buffer_overrun_errors_delta,ib_symbol_error_delta,ib_port_rcv_errors_delta,ib_sq_num_rnr_delta,ib_sq_num_to_delta,ib_rq_num_oos_delta,ib_sq_num_oos_delta
1779256722.3056302,g11.hpc.coe,43337,,0,0.0,0.0,12288.0,9111162948,9714428593,10727056,11556616,793744,0,0,0,0,0,0,0,0,0,0,0,0,,,,,,,,,,,,,
1779256722.8057413,g11.hpc.coe,43337,0.5001,0,0.0,0.0,12288.0,9111171726,9714436882,10727222,11556775,793744,0,0,0,0,0,0,0,0,0,0,0,0,8778,8289,166,159,0,0,0,0,0,0,0,0,0
1779256723.3058534,g11.hpc.coe,43337,0.5001,0,0.0,0.0,12288.0,9111254530,9714518476,10728802,11558356,793744,0,0,0,0,0,0,0,0,0,0,0,0,82804,81594,1580,1581,0,0,0,0,0,0,0,0,0
1779256723.8059578,g11.hpc.coe,43337,0.5001,0,0.0,0.0,12288.0,9111328764,9714591290,10730213,11559761,793744,0,0,0,0,0,0,0,0,0,0,0,0,74234,72814,1411,1405,0,0,0,0,0,0,0,0,0
1779256724.306087,g11.hpc.coe,43337,0.5001,0,0.0,0.0,12288.0,9111366961,9714628567,10730939,11560478,793744,0,0,0,0,0,0,0,0,0,0,0,0,38197,37277,726,717,0,0,0,0,0,0,0,0,0
1779256724.8061988,g11.hpc.coe,43337,0.5001,0,0.0,0.0,12288.0,9111367440,9714628624,10730941,11560479,793744,0,0,0,0,0,0,0,0,0,0,0,0,479,57,2,1,0,0,0,0,0,0,0,0,0
1779256725.3063092,g11.hpc.coe,43337,0.5001,0,0.0,0.0,12288.0,9111367960,9714628681,10730943,11560480,793744,0,0,0,0,0,0,0,0,0,0,0,0,520,57,2,1,0,0,0,0,0,0,0,0,0
1779256725.8064516,g11.hpc.coe,43337,0.5001,0,3.0,279.0,12288.0,9111369021,9714629276,10730956,11560490,793744,0,0,0,0,0,0,0,0,0,0,0,0,1061,595,13,10,0,0,0,0,0,0,0,0,0
1779256726.3065596,g11.hpc.coe,43337,0.5001,0,13.0,419.0,12288.0,9111422226,9720340717,10732118,11567495,793744,0,0,0,0,0,0,0,0,0,0,0,0,53205,5711441,1162,7005,0,0,0,0,0,0,0,0,0
1779256726.8066642,g11.hpc.coe,43337,0.5001,0,0.0,419.0,12288.0,9111511364,9720428005,10733810,11569183,793744,0,0,0,0,0,0,0,0,0,0,0,0,89138,87288,1692,1688,0,0,0,0,0,0,0,0,0
1779256727.3067753,g11.hpc.coe,43337,0.5001,0,0.0,419.0,12288.0,9111567227,9720482450,10734869,11570237,793744,0,0,0,0,0,0,0,0,0,0,0,0,55863,54445,1059,1054,0,0,0,0,0,0,0,0,0
1779256727.8068786,g11.hpc.coe,43337,0.5001,0,100.0,473.0,12288.0,9111578791,9720500668,10735082,11570456,793744,0,0,0,0,0,0,0,0,0,0,0,0,11564,18218,213,219,0,0,0,0,0,0,0,0,0
1779256728.3069842,g11.hpc.coe,43337,0.5001,0,99.0,2035.0,12288.0,9118519076,9727871385,10742030,11578194,795485,0,0,0,0,0,0,0,0,0,0,0,0,6940285,7370717,6948,7738,1741,0,0,0,0,0,0,0,0
1779256728.807077,g11.hpc.coe,43337,0.5001,0,100.0,2035.0,12288.0,9118519946,9727871464,10742034,11578196,795485,0,0,0,0,0,0,0,0,0,0,0,0,870,79,4,2,0,0,0,0,0,0,0,0,0
1779256729.3071713,g11.hpc.coe,43337,0.5001,0,100.0,2035.0,12288.0,9118520836,9727871543,10742037,11578198,795485,0,0,0,0,0,0,0,0,0,0,0,0,890,79,3,2,0,0,0,0,0,0,0,0,0
1779256729.8072622,g11.hpc.coe,43337,0.5001,0,100.0,2035.0,12288.0,9118521768,9727871622,10742040,11578200,795485,0,0,0,0,0,0,0,0,0,0,0,0,932,79,3,2,0,0,0,0,0,0,0,0,0
1779256730.3073552,g11.hpc.coe,43337,0.5001,0,100.0,2035.0,12288.0,9118522742,9727871701,10742043,11578202,795485,0,0,0,0,0,0,0,0,0,0,0,0,974,79,3,2,0,0,0,0,0,0,0,0,0
1779256730.8074472,g11.hpc.coe,43337,0.5001,0,100.0,2035.0,12288.0,9118523758,9727871780,10742046,11578204,795485,0,0,0,0,0,0,0,0,0,0,0,0,1016,79,3,2,0,0,0,0,0,0,0,0,0
1779256731.307542,g11.hpc.coe,43337,0.5001,0,100.0,2035.0,12288.0,9118524862,9727871905,10742051,11578208,795485,0,0,0,0,0,0,0,0,0,0,0,0,1104,125,5,4,0,0,0,0,0,0,0,0,0
1779256731.8076336,g11.hpc.coe,43337,0.5001,0,100.0,2035.0,12288.0,9118525984,9727871984,10742055,11578210,795485,0,0,0,0,0,0,0,0,0,0,0,0,1122,79,4,2,0,0,0,0,0,0,0,0,0
1779256732.3077302,g11.hpc.coe,43337,0.5001,0,98.0,2035.0,12288.0,9133097270,9742464439,10756785,11592954,795490,0,0,0,0,0,0,0,0,0,0,0,0,14571286,14592455,14730,14744,5,0,0,0,0,0,0,0,0
1779256732.8078218,g11.hpc.coe,43337,0.5001,0,100.0,2035.0,12288.0,9153226908,9762608960,10776968,11613149,796633,0,0,0,0,0,0,0,0,0,0,0,0,20129638,20144521,20183,20195,1143,0,0,0,0,0,0,0,0
1779256733.307914,g11.hpc.coe,43337,0.5001,0,100.0,2035.0,12288.0,9153227099,9762609017,10776970,11613150,796633,0,0,0,0,0,0,0,0,0,0,0,0,191,57,2,1,0,0,0,0,0,0,0,0,0
1779256733.8080082,g11.hpc.coe,43337,0.5001,0,100.0,2035.0,12288.0,9153227331,9762609074,10776972,11613151,796633,0,0,0,0,0,0,0,0,0,0,0,0,232,57,2,1,0,0,0,0,0,0,0,0,0
1779256734.3081,g11.hpc.coe,43337,0.5001,0,100.0,2035.0,12288.0,9153227605,9762609131,10776974,11613152,796633,0,0,0,0,0,0,0,0,0,0,0,0,274,57,2,1,0,0,0,0,0,0,0,0,0
1779256734.8081923,g11.hpc.coe,43337,0.5001,0,100.0,2035.0,12288.0,9153227921,9762609188,10776976,11613153,796633,0,0,0,0,0,0,0,0,0,0,0,0,316,57,2,1,0,0,0,0,0,0,0,0,0
1779256735.3082829,g11.hpc.coe,43337,0.5001,0,100.0,2035.0,12288.0,9153228279,9762609245,10776978,11613154,796633,0,0,0,0,0,0,0,0,0,0,0,0,358,57,2,1,0,0,0,0,0,0,0,0,0
1779256735.8083777,g11.hpc.coe,43337,0.5001,0,100.0,2035.0,12288.0,9153228679,9762609302,10776980,11613155,796633,0,0,0,0,0,0,0,0,0,0,0,0,400,57,2,1,0,0,0,0,0,0,0,0,0
1779256736.3084686,g11.hpc.coe,43337,0.5001,0,100.0,2035.0,12288.0,9153229121,9762609359,10776982,11613156,796633,0,0,0,0,0,0,0,0,0,0,0,0,442,57,2,1,0,0,0,0,0,0,0,0,0
1779256736.8085597,g11.hpc.coe,43337,0.5001,0,99.0,2035.0,12288.0,9177506579,9787670612,10801924,11638822,796658,0,0,0,0,0,0,0,0,0,0,0,0,24277458,25061253,24942,25666,25,0,0,0,0,0,0,0,0
1779256737.3086495,g11.hpc.coe,43337,0.5001,0,100.0,2035.0,12288.0,9187929420,9797346142,10811871,11648085,796662,0,0,0,0,0,0,0,0,0,0,0,0,10422841,9675530,9947,9263,4,0,0,0,0,0,0,0,0
1779256737.8087456,g11.hpc.coe,43337,0.5001,0,100.0,2035.0,12288.0,9187930718,9797346723,10811891,11648096,796662,0,0,0,0,0,0,0,0,0,0,0,0,1298,581,20,11,0,0,0,0,0,0,0,0,0
1779256738.3088377,g11.hpc.coe,43337,0.5001,0,100.0,2035.0,12288.0,9187931359,9797346802,10811894,11648098,796662,0,0,0,0,0,0,0,0,0,0,0,0,641,79,3,2,0,0,0,0,0,0,0,0,0
1779256738.8089292,g11.hpc.coe,43337,0.5001,0,100.0,2035.0,12288.0,9187932042,9797346881,10811897,11648100,796662,0,0,0,0,0,0,0,0,0,0,0,0,683,79,3,2,0,0,0,0,0,0,0,0,0
1779256739.3090231,g11.hpc.coe,43337,0.5001,0,100.0,2035.0,12288.0,9187932767,9797346960,10811900,11648102,796662,0,0,0,0,0,0,0,0,0,0,0,0,725,79,3,2,0,0,0,0,0,0,0,0,0
1779256739.8091137,g11.hpc.coe,43337,0.5001,0,100.0,2035.0,12288.0,9187933534,9797347039,10811903,11648104,796662,0,0,0,0,0,0,0,0,0,0,0,0,767,79,3,2,0,0,0,0,0,0,0,0,0
1779256740.3092036,g11.hpc.coe,43337,0.5001,0,100.0,2035.0,12288.0,9187934343,9797347118,10811906,11648106,796662,0,0,0,0,0,0,0,0,0,0,0,0,809,79,3,2,0,0,0,0,0,0,0,0,0
1779256740.8092968,g11.hpc.coe,43337,0.5001,0,100.0,2035.0,12288.0,9187935194,9797347197,10811909,11648108,796662,0,0,0,0,0,0,0,0,0,0,0,0,851,79,3,2,0,0,0,0,0,0,0,0,0
1779256741.3093874,g11.hpc.coe,43337,0.5001,0,100.0,2035.0,12288.0,9222635344,9832084008,10846793,11683046,796699,0,0,0,0,0,0,0,0,0,0,0,0,34700150,34736811,34884,34938,37,0,0,0,0,0,0,0,0
1779256741.809478,g11.hpc.coe,43337,0.5001,0,100.0,2035.0,12288.0,9222636284,9832084087,10846796,11683048,796699,0,0,0,0,0,0,0,0,0,0,0,0,940,79,3,2,0,0,0,0,0,0,0,0,0
1779256742.3095691,g11.hpc.coe,43337,0.5001,0,100.0,2035.0,12288.0,9222637266,9832084166,10846799,11683050,796699,0,0,0,0,0,0,0,0,0,0,0,0,982,79,3,2,0,0,0,0,0,0,0,0,0
1779256742.8096616,g11.hpc.coe,43337,0.5001,0,100.0,2035.0,12288.0,9222638345,9832084300,10846803,11683053,796699,0,0,0,0,0,0,0,0,0,0,0,0,1079,134,4,3,0,0,0,0,0,0,0,0,0
1779256743.309755,g11.hpc.coe,43337,0.5001,0,100.0,2035.0,12288.0,9222639456,9832084379,10846808,11683055,796699,0,0,0,0,0,0,0,0,0,0,0,0,1111,79,5,2,0,0,0,0,0,0,0,0,0
1779256743.8098483,g11.hpc.coe,43337,0.5001,0,100.0,2035.0,12288.0,9222640587,9832084458,10846812,11683057,796699,0,0,0,0,0,0,0,0,0,0,0,0,1131,79,4,2,0,0,0,0,0,0,0,0,0
1779256744.3099403,g11.hpc.coe,43337,0.5001,0,100.0,2035.0,12288.0,9222641760,9832084537,10846816,11683059,796699,0,0,0,0,0,0,0,0,0,0,0,0,1173,79,4,2,0,0,0,0,0,0,0,0,0
1779256744.8100324,g11.hpc.coe,43337,0.5001,0,100.0,2035.0,12288.0,9222641907,9832084594,10846818,11683060,796699,0,0,0,0,0,0,0,0,0,0,0,0,147,57,2,1,0,0,0,0,0,0,0,0,0
1779256745.310123,g11.hpc.coe,43337,0.5001,0,100.0,2035.0,12288.0,9251091698,9860571615,10875483,11711771,798033,0,0,0,0,0,0,0,0,0,0,0,0,28449791,28487021,28665,28711,1334,0,0,0,0,0,0,0,0
1779256745.8102148,g11.hpc.coe,43337,0.5001,0,100.0,2035.0,12288.0,9257341610,9866821419,10881706,11717995,800852,0,0,0,0,0,0,0,0,0,0,0,0,6249912,6249804,6223,6224,2819,0,0,0,0,0,0,0,0
1779256746.310307,g11.hpc.coe,43337,0.5001,0,100.0,2035.0,12288.0,9257341893,9866821476,10881708,11717996,800852,0,0,0,0,0,0,0,0,0,0,0,0,283,57,2,1,0,0,0,0,0,0,0,0,0
1779256746.8104007,g11.hpc.coe,43337,0.5001,0,100.0,2035.0,12288.0,9257342218,9866821533,10881710,11717997,800852,0,0,0,0,0,0,0,0,0,0,0,0,325,57,2,1,0,0,0,0,0,0,0,0,0
1779256747.3104932,g11.hpc.coe,43337,0.5001,0,100.0,2035.0,12288.0,9257342585,9866821590,10881712,11717998,800852,0,0,0,0,0,0,0,0,0,0,0,0,367,57,2,1,0,0,0,0,0,0,0,0,0
1779256747.8105857,g11.hpc.coe,43337,0.5001,0,100.0,2035.0,12288.0,9257342994,9866821647,10881714,11717999,800852,0,0,0,0,0,0,0,0,0,0,0,0,409,57,2,1,0,0,0,0,0,0,0,0,0
1779256748.3106835,g11.hpc.coe,43337,0.5001,0,100.0,2035.0,12288.0,9257343522,9866821759,10881718,11718001,800852,0,0,0,0,0,0,0,0,0,0,0,0,528,112,4,2,0,0,0,0,0,0,0,0,0
1779256748.81078,g11.hpc.coe,43337,0.5001,0,100.0,2035.0,12288.0,9257344015,9866821816,10881720,11718002,800852,0,0,0,0,0,0,0,0,0,0,0,0,493,57,2,1,0,0,0,0,0,0,0,0,0
1779256749.3108714,g11.hpc.coe,43337,0.5001,0,100.0,2035.0,12288.0,9285104065,9894618800,10909629,11746056,800883,0,0,0,0,0,0,0,0,0,0,0,0,27760050,27796984,27909,28054,31,0,0,0,0,0,0,0,0
1779256749.8109632,g11.hpc.coe,43337,0.5001,0,100.0,2035.0,12288.0,9292044402,9901558691,10916605,11752942,800888,0,0,0,0,0,0,0,0,0,0,0,0,6940337,6939891,6976,6886,5,0,0,0,0,0,0,0,0
1779256750.3110533,g11.hpc.coe,43337,0.5001,0,100.0,2035.0,12288.0,9292045051,9901558770,10916608,11752944,800888,0,0,0,0,0,0,0,0,0,0,0,0,649,79,3,2,0,0,0,0,0,0,0,0,0
1779256750.8111532,g11.hpc.coe,43337,0.5001,0,100.0,2035.0,12288.0,9292045742,9901558849,10916611,11752946,800888,0,0,0,0,0,0,0,0,0,0,0,0,691,79,3,2,0,0,0,0,0,0,0,0,0
1779256751.3112445,g11.hpc.coe,43337,0.5001,0,100.0,2035.0,12288.0,9292046475,9901558928,10916614,11752948,800888,0,0,0,0,0,0,0,0,0,0,0,0,733,79,3,2,0,0,0,0,0,0,0,0,0
1779256751.8113372,g11.hpc.coe,43337,0.5001,0,100.0,2035.0,12288.0,9292047250,9901559007,10916617,11752950,800888,0,0,0,0,0,0,0,0,0,0,0,0,775,79,3,2,0,0,0,0,0,0,0,0,0
1779256752.31143,g11.hpc.coe,43337,0.5001,0,100.0,2035.0,12288.0,9292048067,9901559086,10916620,11752952,800888,0,0,0,0,0,0,0,0,0,0,0,0,817,79,3,2,0,0,0,0,0,0,0,0,0
1779256752.8115208,g11.hpc.coe,43337,0.5001,0,100.0,2035.0,12288.0,9292049505,9901559612,10916636,11752962,800888,0,0,0,0,0,0,0,0,0,0,0,0,1438,526,16,10,0,0,0,0,0,0,0,0,0
1779256753.3116286,g11.hpc.coe,43337,0.5001,0,100.0,2035.0,12288.0,9313560300,9923099386,10938335,11774691,801187,0,0,0,0,0,0,0,0,0,0,0,0,21510795,21539774,21699,21729,299,0,0,0,0,0,0,0,0
1779256753.8117201,g11.hpc.coe,43337,0.5001,0,100.0,2035.0,12288.0,9326750803,9936296529,10951539,11787899,801244,0,0,0,0,0,0,0,0,0,0,0,0,13190503,13197143,13204,13208,57,0,0,0,0,0,0,0,0
1779256754.3118083,g11.hpc.coe,43337,0.5001,0,100.0,2035.0,12288.0,9326751799,9936296608,10951542,11787901,801244,0,0,0,0,0,0,0,0,0,0,0,0,996,79,3,2,0,0,0,0,0,0,0,0,0
1779256754.8118963,g11.hpc.coe,43337,0.5001,0,100.0,2035.0,12288.0,9326752837,9936296687,10951545,11787903,801244,0,0,0,0,0,0,0,0,0,0,0,0,1038,79,3,2,0,0,0,0,0,0,0,0,0
1779256755.3119843,g11.hpc.coe,43337,0.5001,0,100.0,2035.0,12288.0,9326753939,9936296766,10951549,11787905,801244,0,0,0,0,0,0,0,0,0,0,0,0,1102,79,4,2,0,0,0,0,0,0,0,0,0
1779256755.8120744,g11.hpc.coe,43337,0.5001,0,100.0,2035.0,12288.0,9326755083,9936296845,10951553,11787907,801244,0,0,0,0,0,0,0,0,0,0,0,0,1144,79,4,2,0,0,0,0,0,0,0,0,0
1779256756.3121614,g11.hpc.coe,43337,0.5001,0,100.0,2035.0,12288.0,9326756270,9936296924,10951557,11787909,801244,0,0,0,0,0,0,0,0,0,0,0,0,1187,79,4,2,0,0,0,0,0,0,0,0,0
1779256756.8122504,g11.hpc.coe,43337,0.5001,0,100.0,2035.0,12288.0,9326756431,9936296981,10951559,11787910,801244,0,0,0,0,0,0,0,0,0,0,0,0,161,57,2,1,0,0,0,0,0,0,0,0,0
1779256757.312341,g11.hpc.coe,43337,0.5001,0,100.0,2035.0,12288.0,9348266407,9957836678,10973251,11809637,801259,0,0,0,0,0,0,0,0,0,0,0,0,21509976,21539697,21692,21727,15,0,0,0,0,0,0,0,0
1779256757.8124325,g11.hpc.coe,43337,0.5001,0,100.0,2035.0,12288.0,9361456204,9971033841,10986453,11822850,801287,0,0,0,0,0,0,0,0,0,0,0,0,13189797,13197163,13202,13213,28,0,0,0,0,0,0,0,0
1779256758.312532,g11.hpc.coe,43337,0.5001,0,100.0,2035.0,12288.0,9361456578,9971033953,10986457,11822852,801287,0,0,0,0,0,0,0,0,0,0,0,0,374,112,4,2,0,0,0,0,0,0,0,0,0
1779256758.8126214,g11.hpc.coe,43337,0.5001,0,100.0,2035.0,12288.0,9361456917,9971034010,10986459,11822853,801287,0,0,0,0,0,0,0,0,0,0,0,0,339,57,2,1,0,0,0,0,0,0,0,0,0
1779256759.312711,g11.hpc.coe,43337,0.5001,0,100.0,2035.0,12288.0,9361457298,9971034067,10986461,11822854,801287,0,0,0,0,0,0,0,0,0,0,0,0,381,57,2,1,0,0,0,0,0,0,0,0,0
1779256759.8127992,g11.hpc.coe,43337,0.5001,0,100.0,2035.0,12288.0,9361457720,9971034124,10986463,11822855,801287,0,0,0,0,0,0,0,0,0,0,0,0,422,57,2,1,0,0,0,0,0,0,0,0,0
1779256760.312888,g11.hpc.coe,43337,0.5001,0,100.0,2035.0,12288.0,9361458184,9971034181,10986465,11822856,801287,0,0,0,0,0,0,0,0,0,0,0,0,464,57,2,1,0,0,0,0,0,0,0,0,0
1779256760.8129785,g11.hpc.coe,43337,0.5001,0,100.0,2035.0,12288.0,9361458690,9971034238,10986467,11822857,801287,0,0,0,0,0,0,0,0,0,0,0,0,506,57,2,1,0,0,0,0,0,0,0,0,0
1779256761.31307,g11.hpc.coe,43337,0.5001,0,100.0,2035.0,12288.0,9376029176,9985626626,11001183,11837600,801452,0,0,0,0,0,0,0,0,0,0,0,0,14570486,14592388,14716,14743,165,0,0,0,0,0,0,0,0
1779256761.8131657,g11.hpc.coe,43337,0.5001,0,100.0,2035.0,12288.0,9396159204,10005771121,11021364,11857796,804953,0,0,0,0,0,0,0,0,0,0,0,0,20130028,20144495,20181,20196,3501,0,0,0,0,0,0,0,0
1779256762.3132591,g11.hpc.coe,43337,0.5001,0,100.0,2035.0,12288.0,9396159869,10005771200,11021367,11857798,804953,0,0,0,0,0,0,0,0,0,0,0,0,665,79,3,2,0,0,0,0,0,0,0,0,0
1779256762.8133526,g11.hpc.coe,43337,0.5001,0,100.0,2035.0,12288.0,9396160576,10005771279,11021370,11857800,804953,0,0,0,0,0,0,0,0,0,0,0,0,707,79,3,2,0,0,0,0,0,0,0,0,0
1779256763.3134427,g11.hpc.coe,43337,0.5001,0,100.0,2035.0,12288.0,9396161402,10005771413,11021375,11857803,804953,0,0,0,0,0,0,0,0,0,0,0,0,826,134,5,3,0,0,0,0,0,0,0,0,0
1779256763.8135316,g11.hpc.coe,43337,0.5001,0,100.0,2035.0,12288.0,9396162194,10005771492,11021378,11857805,804953,0,0,0,0,0,0,0,0,0,0,0,0,792,79,3,2,0,0,0,0,0,0,0,0,0
1779256764.3136191,g11.hpc.coe,43337,0.5001,0,100.0,2035.0,12288.0,9396163028,10005771571,11021381,11857807,804953,0,0,0,0,0,0,0,0,0,0,0,0,834,79,3,2,0,0,0,0,0,0,0,0,0
1779256764.813708,g11.hpc.coe,43337,0.5001,0,100.0,2035.0,12288.0,9396163904,10005771650,11021384,11857809,804953,0,0,0,0,0,0,0,0,0,0,0,0,876,79,3,2,0,0,0,0,0,0,0,0,0
1779256765.3137991,g11.hpc.coe,43337,0.5001,0,100.0,2035.0,12288.0,9410044666,10019673973,11035346,11871799,804960,0,0,0,0,0,0,0,0,0,0,0,0,13880762,13902323,13962,13990,7,0,0,0,0,0,0,0,0
1779256765.8138871,g11.hpc.coe,43337,0.5001,0,100.0,2035.0,12288.0,9430865009,10040508505,11056266,11892744,804980,0,0,0,0,0,0,0,0,0,0,0,0,20820343,20834532,20920,20945,20,0,0,0,0,0,0,0,0
1779256766.3139765,g11.hpc.coe,43337,0.5001,0,100.0,2035.0,12288.0,9430866021,10040508584,11056269,11892746,804980,0,0,0,0,0,0,0,0,0,0,0,0,1012,79,3,2,0,0,0,0,0,0,0,0,0
1779256766.814064,g11.hpc.coe,43337,0.5001,0,100.0,2035.0,12288.0,9430867076,10040508663,11056272,11892748,804980,0,0,0,0,0,0,0,0,0,0,0,0,1055,79,3,2,0,0,0,0,0,0,0,0,0
1779256767.314153,g11.hpc.coe,43337,0.5001,0,100.0,2035.0,12288.0,9430868195,10040508742,11056276,11892750,804980,0,0,0,0,0,0,0,0,0,0,0,0,1119,79,4,2,0,0,0,0,0,0,0,0,0
1779256767.814244,g11.hpc.coe,43337,0.5001,0,100.0,2035.0,12288.0,9430869935,10040509268,11056293,11892760,804980,0,0,0,0,0,0,0,0,0,0,0,0,1740,526,17,10,0,0,0,0,0,0,0,0,0
1779256768.3143342,g11.hpc.coe,43337,0.5001,0,100.0,2035.0,12288.0,9430870093,10040509325,11056296,11892761,804980,0,0,0,0,0,0,0,0,0,0,0,0,158,57,3,1,0,0,0,0,0,0,0,0,0
1779256768.8144221,g11.hpc.coe,43337,0.5001,0,100.0,2035.0,12288.0,9430870349,10040509437,11056300,11892763,804980,0,0,0,0,0,0,0,0,0,0,0,0,256,112,4,2,0,0,0,0,0,0,0,0,0
1779256769.3145118,g11.hpc.coe,43337,0.5001,0,100.0,2035.0,12288.0,9438500629,10048154437,11064038,11900515,805846,0,0,0,0,0,0,0,0,0,0,0,0,7630280,7645000,7738,7752,866,0,0,0,0,0,0,0,0
1779256769.8145993,g11.hpc.coe,43337,0.5001,0,100.0,2035.0,12288.0,9465570137,10075246262,11091191,11927698,811256,0,0,0,0,0,0,0,0,0,0,0,0,27069508,27091825,27153,27183,5410,0,0,0,0,0,0,0,0
1779256770.3146899,g11.hpc.coe,43337,0.5001,0,100.0,2035.0,12288.0,9465570452,10075246319,11091193,11927699,811256,0,0,0,0,0,0,0,0,0,0,0,0,315,57,2,1,0,0,0,0,0,0,0,0,0
1779256770.814778,g11.hpc.coe,43337,0.5001,0,100.0,2035.0,12288.0,9465570810,10075246376,11091195,11927700,811256,0,0,0,0,0,0,0,0,0,0,0,0,358,57,2,1,0,0,0,0,0,0,0,0,0
1779256771.3148675,g11.hpc.coe,43337,0.5001,0,100.0,2035.0,12288.0,9465571210,10075246433,11091197,11927701,811256,0,0,0,0,0,0,0,0,0,0,0,0,400,57,2,1,0,0,0,0,0,0,0,0,0
1779256771.8149552,g11.hpc.coe,43337,0.5001,0,100.0,2035.0,12288.0,9465571652,10075246490,11091199,11927702,811256,0,0,0,0,0,0,0,0,0,0,0,0,442,57,2,1,0,0,0,0,0,0,0,0,0
1779256772.3150442,g11.hpc.coe,43337,0.5001,0,100.0,2035.0,12288.0,9465572136,10075246547,11091201,11927703,811256,0,0,0,0,0,0,0,0,0,0,0,0,484,57,2,1,0,0,0,0,0,0,0,0,0
1779256772.815134,g11.hpc.coe,43337,0.5001,0,100.0,2035.0,12288.0,9465572662,10075246604,11091203,11927704,811256,0,0,0,0,0,0,0,0,0,0,0,0,526,57,2,1,0,0,0,0,0,0,0,0,0
1779256773.315223,g11.hpc.coe,43337,0.5001,0,100.0,2035.0,12288.0,9473203304,10082891612,11098941,11935455,811810,0,0,0,0,0,0,0,0,0,0,0,0,7630642,7645008,7738,7751,554,0,0,0,0,0,0,0,0
1779256773.8153117,g11.hpc.coe,43337,0.5001,0,100.0,2035.0,12288.0,9500273286,10109983437,11126101,11962629,812012,0,0,0,0,0,0,0,0,0,0,0,0,27069982,27091825,27160,27174,202,0,0,0,0,0,0,0,0
1779256774.3154023,g11.hpc.coe,43337,0.5001,0,100.0,2035.0,12288.0,9500273970,10109983516,11126104,11962631,812012,0,0,0,0,0,0,0,0,0,0,0,0,684,79,3,2,0,0,0,0,0,0,0,0,0
1779256774.8154936,g11.hpc.coe,43337,0.5001,0,100.0,2035.0,12288.0,9500274696,10109983595,11126107,11962633,812012,0,0,0,0,0,0,0,0,0,0,0,0,726,79,3,2,0,0,0,0,0,0,0,0,0
1779256775.3155823,g11.hpc.coe,43337,0.5001,0,100.0,2035.0,12288.0,9500275465,10109983674,11126110,11962635,812012,0,0,0,0,0,0,0,0,0,0,0,0,769,79,3,2,0,0,0,0,0,0,0,0,0
1779256775.8156729,g11.hpc.coe,43337,0.5001,0,100.0,2035.0,12288.0,9500276276,10109983753,11126113,11962637,812012,0,0,0,0,0,0,0,0,0,0,0,0,811,79,3,2,0,0,0,0,0,0,0,0,0
1779256776.31576,g11.hpc.coe,43337,0.5001,0,100.0,2035.0,12288.0,9500277129,10109983832,11126116,11962639,812012,0,0,0,0,0,0,0,0,0,0,0,0,853,79,3,2,0,0,0,0,0,0,0,0,0
1779256776.8158476,g11.hpc.coe,43337,0.5001,0,100.0,2035.0,12288.0,9500278024,10109983911,11126119,11962641,812012,0,0,0,0,0,0,0,0,0,0,0,0,895,79,3,2,0,0,0,0,0,0,0,0,0
1779256777.315938,g11.hpc.coe,43337,0.5001,0,100.0,2035.0,12288.0,9502646296,10112693972,11129105,11965747,812013,0,0,0,0,0,0,0,0,0,0,0,0,2368272,2710061,2986,3106,1,0,0,0,0,0,0,0,0
1779256777.8160274,g11.hpc.coe,43337,0.5001,0,100.0,2035.0,12288.0,9534979292,10144720773,11161019,11997577,812041,0,0,0,0,0,0,0,0,0,0,0,0,32332996,32026801,31914,31830,28,0,0,0,0,0,0,0,0
1779256778.3161178,g11.hpc.coe,43337,0.5001,0,100.0,2035.0,12288.0,9534980322,10144720852,11161022,11997579,812041,0,0,0,0,0,0,0,0,0,0,0,0,1030,79,3,2,0,0,0,0,0,0,0,0,0
1779256778.8162074,g11.hpc.coe,43337,0.5001,0,100.0,2035.0,12288.0,9534981494,10144720986,11161028,11997582,812041,0,0,0,0,0,0,0,0,0,0,0,0,1172,134,6,3,0,0,0,0,0,0,0,0,0
1779256779.3162978,g11.hpc.coe,43337,0.5001,0,100.0,2035.0,12288.0,9534982631,10144721065,11161032,11997584,812041,0,0,0,0,0,0,0,0,0,0,0,0,1137,79,4,2,0,0,0,0,0,0,0,0,0
1779256779.8163853,g11.hpc.coe,43337,0.5001,0,100.0,2035.0,12288.0,9534983811,10144721144,11161036,11997586,812041,0,0,0,0,0,0,0,0,0,0,0,0,1180,79,4,2,0,0,0,0,0,0,0,0,0
1779256780.3164852,g11.hpc.coe,43337,0.5001,0,100.0,2035.0,12288.0,9534983965,10144721201,11161038,11997587,812041,0,0,0,0,0,0,0,0,0,0,0,0,154,57,2,1,0,0,0,0,0,0,0,0,0
1779256780.8165777,g11.hpc.coe,43337,0.5001,0,100.0,2035.0,12288.0,9534984162,10144721258,11161040,11997588,812041,0,0,0,0,0,0,0,0,0,0,0,0,197,57,2,1,0,0,0,0,0,0,0,0,0
1779256781.3166687,g11.hpc.coe,43337,0.5001,0,100.0,2035.0,12288.0,9535674582,10145418899,11161798,11998351,812041,0,0,0,0,0,0,0,0,0,0,0,0,690420,697641,758,763,0,0,0,0,0,0,0,0,0
1779256781.816759,g11.hpc.coe,43337,0.5001,0,100.0,2035.0,12288.0,9569683935,10179458090,11195924,12032524,812116,0,0,0,0,0,0,0,0,0,0,0,0,34009353,34039191,34126,34173,75,0,0,0,0,0,0,0,0
1779256782.316849,g11.hpc.coe,43337,0.5001,0,100.0,2035.0,12288.0,9569684523,10179458402,11195931,12032530,812116,0,0,0,0,0,0,0,0,0,0,0,0,588,312,7,6,0,0,0,0,0,0,0,0,0
1779256782.8169386,g11.hpc.coe,43337,0.5001,0,100.0,2035.0,12288.0,9569685541,10179458906,11195949,12032539,812116,0,0,0,0,0,0,0,0,0,0,0,0,1018,504,18,9,0,0,0,0,0,0,0,0,0
1779256783.3170283,g11.hpc.coe,43337,0.5001,0,100.0,2035.0,12288.0,9569685957,10179458963,11195951,12032540,812116,0,0,0,0,0,0,0,0,0,0,0,0,416,57,2,1,0,0,0,0,0,0,0,0,0
1779256783.8171175,g11.hpc.coe,43337,0.5001,0,100.0,2035.0,12288.0,9569686492,10179459075,11195955,12032542,812116,0,0,0,0,0,0,0,0,0,0,0,0,535,112,4,2,0,0,0,0,0,0,0,0,0
1779256784.3172078,g11.hpc.coe,43337,0.5001,0,100.0,2035.0,12288.0,9569686993,10179459132,11195957,12032543,812116,0,0,0,0,0,0,0,0,0,0,0,0,501,57,2,1,0,0,0,0,0,0,0,0,0
1779256784.8172994,g11.hpc.coe,43337,0.5001,0,100.0,2035.0,12288.0,9569687558,10179459211,11195960,12032545,812116,0,0,0,0,0,0,0,0,0,0,0,0,565,79,3,2,0,0,0,0,0,0,0,0,0
1779256785.3173885,g11.hpc.coe,43337,0.5001,0,100.0,2035.0,12288.0,9569688165,10179459290,11195963,12032547,812116,0,0,0,0,0,0,0,0,0,0,0,0,607,79,3,2,0,0,0,0,0,0,0,0,0
1779256785.8174794,g11.hpc.coe,43337,0.5001,0,100.0,2035.0,12288.0,9604388065,10214196101,11230846,12067485,812154,0,0,0,0,0,0,0,0,0,0,0,0,34699900,34736811,34883,34938,38,0,0,0,0,0,0,0,0
1779256786.317572,g11.hpc.coe,43337,0.5001,0,100.0,2035.0,12288.0,9604388762,10214196180,11230849,12067487,812154,0,0,0,0,0,0,0,0,0,0,0,0,697,79,3,2,0,0,0,0,0,0,0,0,0
1779256786.8176599,g11.hpc.coe,43337,0.5001,0,100.0,2035.0,12288.0,9604389501,10214196259,11230852,12067489,812154,0,0,0,0,0,0,0,0,0,0,0,0,739,79,3,2,0,0,0,0,0,0,0,0,0
1779256787.3177476,g11.hpc.coe,43337,0.5001,0,100.0,2035.0,12288.0,9604390282,10214196338,11230855,12067491,812154,0,0,0,0,0,0,0,0,0,0,0,0,781,79,3,2,0,0,0,0,0,0,0,0,0
1779256787.8178363,g11.hpc.coe,43337,0.5001,0,100.0,2035.0,12288.0,9604391105,10214196417,11230858,12067493,812154,0,0,0,0,0,0,0,0,0,0,0,0,823,79,3,2,0,0,0,0,0,0,0,0,0
1779256788.317926,g11.hpc.coe,43337,0.5001,0,100.0,2035.0,12288.0,9604391971,10214196496,11230861,12067495,812154,0,0,0,0,0,0,0,0,0,0,0,0,866,79,3,2,0,0,0,0,0,0,0,0,0
1779256788.8180141,g11.hpc.coe,43337,0.5001,0,100.0,2035.0,12288.0,9604392879,10214196575,11230864,12067497,812154,0,0,0,0,0,0,0,0,0,0,0,0,908,79,3,2,0,0,0,0,0,0,0,0,0
1779256789.3181033,g11.hpc.coe,43337,0.5001,0,100.0,2035.0,12288.0,9604393906,10214196709,11230869,12067500,812154,0,0,0,0,0,0,0,0,0,0,0,0,1027,134,5,3,0,0,0,0,0,0,0,0,0
1779256789.8181925,g11.hpc.coe,43337,0.5001,0,100.0,2035.0,12288.0,9632844536,10242683731,11259540,12096209,812188,0,0,0,0,0,0,0,0,0,0,0,0,28450630,28487022,28671,28709,34,0,0,0,0,0,0,0,0
1779256790.318282,g11.hpc.coe,43337,0.5001,0,100.0,2035.0,12288.0,9639095259,10248933564,11265765,12102435,812652,0,0,0,0,0,0,0,0,0,0,0,0,6250723,6249833,6225,6226,464,0,0,0,0,0,0,0,0
1779256790.8183734,g11.hpc.coe,43337,0.5001,0,100.0,2035.0,12288.0,9639096367,10248933643,11265769,12102437,812652,0,0,0,0,0,0,0,0,0,0,0,0,1108,79,4,2,0,0,0,0,0,0,0,0,0
1779256791.3184624,g11.hpc.coe,43337,0.5001,0,100.0,2035.0,12288.0,9639097518,10248933722,11265773,12102439,812652,0,0,0,0,0,0,0,0,0,0,0,0,1151,79,4,2,0,0,0,0,0,0,0,0,0
1779256791.818551,g11.hpc.coe,43337,0.5001,0,100.0,2035.0,12288.0,9639097643,10248933779,11265775,12102440,812652,0,0,0,0,0,0,0,0,0,0,0,0,125,57,2,1,0,0,0,0,0,0,0,0,0
1779256792.3186402,g11.hpc.coe,43337,0.5001,0,100.0,2035.0,12288.0,9639097810,10248933836,11265777,12102441,812652,0,0,0,0,0,0,0,0,0,0,0,0,167,57,2,1,0,0,0,0,0,0,0,0,0
1779256792.8187327,g11.hpc.coe,43337,0.5001,0,100.0,2035.0,12288.0,9639098019,10248933893,11265779,12102442,812652,0,0,0,0,0,0,0,0,0,0,0,0,209,57,2,1,0,0,0,0,0,0,0,0,0
1779256793.3188226,g11.hpc.coe,43337,0.5001,0,100.0,2035.0,12288.0,9639098271,10248933950,11265781,12102443,812652,0,0,0,0,0,0,0,0,0,0,0,0,252,57,2,1,0,0,0,0,0,0,0,0,0
1779256793.8189163,g11.hpc.coe,43337,0.5001,0,100.0,2035.0,12288.0,9667548195,10277420978,11294450,12131155,812774,0,0,0,0,0,0,0,0,0,0,0,0,28449924,28487028,28669,28712,122,0,0,0,0,0,0,0,0
1779256794.3190062,g11.hpc.coe,43337,0.5001,0,100.0,2035.0,12288.0,9673798303,10283670823,11300677,12137378,812782,0,0,0,0,0,0,0,0,0,0,0,0,6250108,6249845,6227,6223,8,0,0,0,0,0,0,0,0
1779256794.8190932,g11.hpc.coe,43337,0.5001,0,100.0,2035.0,12288.0,9673798690,10283670880,11300679,12137379,812782,0,0,0,0,0,0,0,0,0,0,0,0,387,57,2,1,0,0,0,0,0,0,0,0,0
1779256795.3191812,g11.hpc.coe,43337,0.5001,0,100.0,2035.0,12288.0,9673799120,10283670937,11300681,12137380,812782,0,0,0,0,0,0,0,0,0,0,0,0,430,57,2,1,0,0,0,0,0,0,0,0,0
1779256795.8192708,g11.hpc.coe,43337,0.5001,0,100.0,2035.0,12288.0,9673799592,10283670994,11300683,12137381,812782,0,0,0,0,0,0,0,0,0,0,0,0,472,57,2,1,0,0,0,0,0,0,0,0,0
1779256796.3193607,g11.hpc.coe,43337,0.5001,0,100.0,2035.0,12288.0,9673800106,10283671051,11300685,12137382,812782,0,0,0,0,0,0,0,0,0,0,0,0,514,57,2,1,0,0,0,0,0,0,0,0,0
1779256796.8194492,g11.hpc.coe,43337,0.5001,0,100.0,2035.0,12288.0,9673800684,10283671130,11300688,12137384,812782,0,0,0,0,0,0,0,0,0,0,0,0,578,79,3,2,0,0,0,0,0,0,0,0,0
1779256797.3195388,g11.hpc.coe,43337,0.5001,0,100.0,2035.0,12288.0,9673801305,10283671209,11300691,12137386,812782,0,0,0,0,0,0,0,0,0,0,0,0,621,79,3,2,0,0,0,0,0,0,0,0,0
1779256797.8196318,g11.hpc.coe,43337,0.5001,0,100.0,2035.0,12288.0,9696695863,10306767961,11324252,12160988,812804,0,0,0,0,0,0,0,0,0,0,0,0,22894558,23096752,23561,23602,22,0,0,0,0,0,0,0,0
1779256798.3197248,g11.hpc.coe,43337,0.5001,0,100.0,2035.0,12288.0,9708502607,10318408539,11335600,12172333,812813,0,0,0,0,0,0,0,0,0,0,0,0,11806744,11640578,11348,11345,9,0,0,0,0,0,0,0,0
1779256798.819814,g11.hpc.coe,43337,0.5001,0,100.0,2035.0,12288.0,9708503364,10318408618,11335603,12172335,812813,0,0,0,0,0,0,0,0,0,0,0,0,757,79,3,2,0,0,0,0,0,0,0,0,0
1779256799.3199031,g11.hpc.coe,43337,0.5001,0,100.0,2035.0,12288.0,9708504240,10318408752,11335608,12172338,812813,0,0,0,0,0,0,0,0,0,0,0,0,876,134,5,3,0,0,0,0,0,0,0,0,0
1779256799.819993,g11.hpc.coe,43337,0.5001,0,100.0,2035.0,12288.0,9708505082,10318408831,11335611,12172340,812813,0,0,0,0,0,0,0,0,0,0,0,0,842,79,3,2,0,0,0,0,0,0,0,0,0
1779256800.320082,g11.hpc.coe,43337,0.5001,0,100.0,2035.0,12288.0,9708505966,10318408910,11335614,12172342,812813,0,0,0,0,0,0,0,0,0,0,0,0,884,79,3,2,0,0,0,0,0,0,0,0,0
1779256800.820171,g11.hpc.coe,43337,0.5001,0,100.0,2035.0,12288.0,9708506892,10318408989,11335617,12172344,812813,0,0,0,0,0,0,0,0,0,0,0,0,926,79,3,2,0,0,0,0,0,0,0,0,0
1779256801.3202589,g11.hpc.coe,43337,0.5001,0,100.0,2035.0,12288.0,9708507860,10318409068,11335620,12172346,812813,0,0,0,0,0,0,0,0,0,0,0,0,968,79,3,2,0,0,0,0,0,0,0,0,0
1779256801.820371,g11.hpc.coe,43337,0.5001,0,100.0,2035.0,12288.0,9730021768,10340056406,11357379,12194301,819570,0,0,0,0,0,0,0,0,0,0,0,0,21513908,21647338,21759,21955,6757,0,0,0,0,0,0,0,0
1779256802.3204637,g11.hpc.coe,43337,0.5001,0,100.0,2035.0,12288.0,9743212431,10353253570,11370584,12207512,832064,0,0,0,0,0,0,0,0,0,0,0,0,13190663,13197164,13205,13211,12494,0,0,0,0,0,0,0,0
1779256802.8205557,g11.hpc.coe,43337,0.5001,0,100.0,2035.0,12288.0,9743213558,10353253649,11370588,12207514,832064,0,0,0,0,0,0,0,0,0,0,0,0,1127,79,4,2,0,0,0,0,0,0,0,0,0
1779256803.320647,g11.hpc.coe,43337,0.5001,0,100.0,2035.0,12288.0,9743214728,10353253728,11370592,12207516,832064,0,0,0,0,0,0,0,0,0,0,0,0,1170,79,4,2,0,0,0,0,0,0,0,0,0
1779256803.8207388,g11.hpc.coe,43337,0.5001,0,100.0,2035.0,12288.0,9743214872,10353253785,11370594,12207517,832064,0,0,0,0,0,0,0,0,0,0,0,0,144,57,2,1,0,0,0,0,0,0,0,0,0
1779256804.3208308,g11.hpc.coe,43337,0.5001,0,100.0,2035.0,12288.0,9743215135,10353253897,11370598,12207519,832064,0,0,0,0,0,0,0,0,0,0,0,0,263,112,4,2,0,0,0,0,0,0,0,0,0
1779256804.820922,g11.hpc.coe,43337,0.5001,0,100.0,2035.0,12288.0,9743215364,10353253954,11370600,12207520,832064,0,0,0,0,0,0,0,0,0,0,0,0,229,57,2,1,0,0,0,0,0,0,0,0,0
1779256805.3210125,g11.hpc.coe,43337,0.5001,0,100.0,2035.0,12288.0,9743215635,10353254011,11370602,12207521,832064,0,0,0,0,0,0,0,0,0,0,0,0,271,57,2,1,0,0,0,0,0,0,0,0,0
1779256805.8211064,g11.hpc.coe,43337,0.5001,0,100.0,2035.0,12288.0,9764035561,10374103622,11391549,12228492,832079,0,0,0,0,0,0,0,0,0,0,0,0,20819926,20849611,20947,20971,15,0,0,0,0,0,0,0,0
1779256806.3211994,g11.hpc.coe,43337,0.5001,0,100.0,2035.0,12288.0,9777915628,10387990794,11405496,12242450,832165,0,0,0,0,0,0,0,0,0,0,0,0,13880067,13887172,13947,13958,86,0,0,0,0,0,0,0,0
1779256806.8212905,g11.hpc.coe,43337,0.5001,0,100.0,2035.0,12288.0,9777916036,10387990851,11405498,12242451,832165,0,0,0,0,0,0,0,0,0,0,0,0,408,57,2,1,0,0,0,0,0,0,0,0,0
1779256807.3213823,g11.hpc.coe,43337,0.5001,0,100.0,2035.0,12288.0,9777916486,10387990908,11405500,12242452,832165,0,0,0,0,0,0,0,0,0,0,0,0,450,57,2,1,0,0,0,0,0,0,0,0,0
1779256807.821473,g11.hpc.coe,43337,0.5001,0,100.0,2035.0,12288.0,9777916978,10387990965,11405502,12242453,832165,0,0,0,0,0,0,0,0,0,0,0,0,492,57,2,1,0,0,0,0,0,0,0,0,0
1779256808.3215652,g11.hpc.coe,43337,0.5001,0,100.0,2035.0,12288.0,9777917512,10387991022,11405504,12242454,832165,0,0,0,0,0,0,0,0,0,0,0,0,534,57,2,1,0,0,0,0,0,0,0,0,0
1779256808.8216588,g11.hpc.coe,43337,0.5001,0,100.0,2035.0,12288.0,9777918110,10387991101,11405507,12242456,832165,0,0,0,0,0,0,0,0,0,0,0,0,598,79,3,2,0,0,0,0,0,0,0,0,0
1779256809.3217523,g11.hpc.coe,43337,0.5001,0,100.0,2035.0,12288.0,9777918751,10387991180,11405510,12242458,832165,0,0,0,0,0,0,0,0,0,0,0,0,641,79,3,2,0,0,0,0,0,0,0,0,0
1779256809.821846,g11.hpc.coe,43337,0.5001,0,100.0,2035.0,12288.0,9792489370,10402583567,11420222,12257194,832182,0,0,0,0,0,0,0,0,0,0,0,0,14570619,14592387,14712,14736,17,0,0,0,0,0,0,0,0
1779256810.321939,g11.hpc.coe,43337,0.5001,0,100.0,2035.0,12288.0,9812619546,10422728076,11440408,12277392,832203,0,0,0,0,0,0,0,0,0,0,0,0,20130176,20144509,20186,20198,21,0,0,0,0,0,0,0,0
1779256810.8220432,g11.hpc.coe,43337,0.5001,0,100.0,2035.0,12288.0,9812620323,10422728155,11440411,12277394,832203,0,0,0,0,0,0,0,0,0,0,0,0,777,79,3,2,0,0,0,0,0,0,0,0,0
1779256811.322133,g11.hpc.coe,43337,0.5001,0,100.0,2035.0,12288.0,9812621142,10422728234,11440414,12277396,832203,0,0,0,0,0,0,0,0,0,0,0,0,819,79,3,2,0,0,0,0,0,0,0,0,0
1779256811.8222241,g11.hpc.coe,43337,0.5001,0,100.0,2035.0,12288.0,9812622003,10422728313,11440417,12277398,832203,0,0,0,0,0,0,0,0,0,0,0,0,861,79,3,2,0,0,0,0,0,0,0,0,0
1779256812.322313,g11.hpc.coe,43337,0.5001,0,100.0,2035.0,12288.0,9812622906,10422728392,11440420,12277400,832203,0,0,0,0,0,0,0,0,0,0,0,0,903,79,3,2,0,0,0,0,0,0,0,0,0
1779256812.822405,g11.hpc.coe,43337,0.5001,0,100.0,2035.0,12288.0,9812624452,10422728918,11440437,12277410,832203,0,0,0,0,0,0,0,0,0,0,0,0,1546,526,17,10,0,0,0,0,0,0,0,0,0
1779256813.322498,g11.hpc.coe,43337,0.5001,0,100.0,2035.0,12288.0,9812625440,10422728997,11440440,12277412,832203,0,0,0,0,0,0,0,0,0,0,0,0,988,79,3,2,0,0,0,0,0,0,0,0,0
1779256813.8225863,g11.hpc.coe,43337,0.5001,0,100.0,2035.0,12288.0,9812626470,10422729076,11440443,12277414,832203,0,0,0,0,0,0,0,0,0,0,0,0,1030,79,3,2,0,0,0,0,0,0,0,0,0
1779256814.322681,g11.hpc.coe,43337,0.5001,0,100.0,2035.0,12288.0,9834137331,10444268746,11462136,12299135,832219,0,0,0,0,0,0,0,0,0,0,0,0,21510861,21539670,21693,21721,16,0,0,0,0,0,0,0,0
1779256814.822773,g11.hpc.coe,43337,0.5001,0,100.0,2035.0,12288.0,9847328090,10457465972,11475341,12312348,832494,0,0,0,0,0,0,0,0,0,0,0,0,13190759,13197226,13205,13213,275,0,0,0,0,0,0,0,0
1779256815.3228652,g11.hpc.coe,43337,0.5001,0,100.0,2035.0,12288.0,9847329279,10457466051,11475345,12312350,832494,0,0,0,0,0,0,0,0,0,0,0,0,1189,79,4,2,0,0,0,0,0,0,0,0,0
1779256815.8229525,g11.hpc.coe,43337,0.5001,0,100.0,2035.0,12288.0,9847329443,10457466108,11475347,12312351,832494,0,0,0,0,0,0,0,0,0,0,0,0,164,57,2,1,0,0,0,0,0,0,0,0,0
1779256816.3230436,g11.hpc.coe,43337,0.5001,0,100.0,2035.0,12288.0,9847329649,10457466165,11475349,12312352,832494,0,0,0,0,0,0,0,0,0,0,0,0,206,57,2,1,0,0,0,0,0,0,0,0,0
1779256816.8231313,g11.hpc.coe,43337,0.5001,0,100.0,2035.0,12288.0,9847329897,10457466222,11475351,12312353,832494,0,0,0,0,0,0,0,0,0,0,0,0,248,57,2,1,0,0,0,0,0,0,0,0,0
1779256817.3232207,g11.hpc.coe,43337,0.5001,0,100.0,2035.0,12288.0,9847330187,10457466279,11475353,12312354,832494,0,0,0,0,0,0,0,0,0,0,0,0,290,57,2,1,0,0,0,0,0,0,0,0,0
1779256817.8233082,g11.hpc.coe,43337,0.5001,0,100.0,2035.0,12288.0,9847330520,10457466336,11475355,12312355,832494,0,0,0,0,0,0,0,0,0,0,0,0,333,57,2,1,0,0,0,0,0,0,0,0,0
1779256818.3234007,g11.hpc.coe,43337,0.5001,0,100.0,2035.0,12288.0,9868840696,10479005970,11497051,12334073,832511,0,0,0,0,0,0,0,0,0,0,0,0,21510176,21539634,21696,21718,17,0,0,0,0,0,0,0,0
1779256818.823489,g11.hpc.coe,43337,0.5001,0,100.0,2035.0,12288.0,9882030686,10492203154,11510256,12347289,832522,0,0,0,0,0,0,0,0,0,0,0,0,13189990,13197184,13205,13216,11,0,0,0,0,0,0,0,0
1779256819.323578,g11.hpc.coe,43337,0.5001,0,100.0,2035.0,12288.0,9882031155,10492203211,11510258,12347290,832522,0,0,0,0,0,0,0,0,0,0,0,0,469,57,2,1,0,0,0,0,0,0,0,0,0
1779256819.8236692,g11.hpc.coe,43337,0.5001,0,100.0,2035.0,12288.0,9882031743,10492203323,11510262,12347292,832522,0,0,0,0,0,0,0,0,0,0,0,0,588,112,4,2,0,0,0,0,0,0,0,0,0
1779256820.323761,g11.hpc.coe,43337,0.5001,0,100.0,2035.0,12288.0,9882032319,10492203402,11510265,12347294,832522,0,0,0,0,0,0,0,0,0,0,0,0,576,79,3,2,0,0,0,0,0,0,0,0,0
1779256820.8238246,g11.hpc.coe,43337,0.5001,0,100.0,2035.0,12288.0,9882032937,10492203481,11510268,12347296,832522,0,0,0,0,0,0,0,0,0,0,0,0,618,79,3,2,0,0,0,0,0,0,0,0,0
1779256821.3239188,g11.hpc.coe,43337,0.5001,0,100.0,2035.0,12288.0,9882033597,10492203560,11510271,12347298,832522,0,0,0,0,0,0,0,0,0,0,0,0,660,79,3,2,0,0,0,0,0,0,0,0,0
1779256821.8240068,g11.hpc.coe,43337,0.5001,0,100.0,2035.0,12288.0,9882034299,10492203639,11510274,12347300,832522,0,0,0,0,0,0,0,0,0,0,0,0,702,79,3,2,0,0,0,0,0,0,0,0,0
1779256822.324096,g11.hpc.coe,43337,0.5001,0,100.0,2035.0,12288.0,9902854800,10513053342,11531221,12368282,832541,0,0,0,0,0,0,0,0,0,0,0,0,20820501,20849703,20947,20982,19,0,0,0,0,0,0,0,0
1779256822.8241851,g11.hpc.coe,43337,0.5001,0,100.0,2035.0,12288.0,9916735315,10526940694,11545174,12382244,833010,0,0,0,0,0,0,0,0,0,0,0,0,13880515,13887352,13953,13962,469,0,0,0,0,0,0,0,0
1779256823.3242764,g11.hpc.coe,43337,0.5001,0,100.0,2035.0,12288.0,9916736154,10526940773,11545177,12382246,833010,0,0,0,0,0,0,0,0,0,0,0,0,839,79,3,2,0,0,0,0,0,0,0,0,0
1779256823.8243659,g11.hpc.coe,43337,0.5001,0,100.0,2035.0,12288.0,9916737035,10526940852,11545180,12382248,833010,0,0,0,0,0,0,0,0,0,0,0,0,881,79,3,2,0,0,0,0,0,0,0,0,0
1779256824.324453,g11.hpc.coe,43337,0.5001,0,100.0,2035.0,12288.0,9916737958,10526940931,11545183,12382250,833010,0,0,0,0,0,0,0,0,0,0,0,0,923,79,3,2,0,0,0,0,0,0,0,0,0
1779256824.8245409,g11.hpc.coe,43337,0.5001,0,100.0,2035.0,12288.0,9916739000,10526941065,11545188,12382253,833010,0,0,0,0,0,0,0,0,0,0,0,0,1042,134,5,3,0,0,0,0,0,0,0,0,0
1779256825.3246312,g11.hpc.coe,43337,0.5001,0,100.0,2035.0,12288.0,9916740008,10526941144,11545191,12382255,833010,0,0,0,0,0,0,0,0,0,0,0,0,1008,79,3,2,0,0,0,0,0,0,0,0,0
1779256825.8247247,g11.hpc.coe,43337,0.5001,0,100.0,2035.0,12288.0,9916741059,10526941223,11545194,12382257,833010,0,0,0,0,0,0,0,0,0,0,0,0,1051,79,3,2,0,0,0,0,0,0,0,0,0
1779256826.32482,g11.hpc.coe,43337,0.5001,0,100.0,2035.0,12288.0,9931312062,10541533576,11559907,12396995,833026,0,0,0,0,0,0,0,0,0,0,0,0,14571003,14592353,14713,14738,16,0,0,0,0,0,0,0,0
1779256826.8249137,g11.hpc.coe,43337,0.5001,0,100.0,2035.0,12288.0,9951442614,10561678099,11580086,12417195,833048,0,0,0,0,0,0,0,0,0,0,0,0,20130552,20144523,20179,20200,22,0,0,0,0,0,0,0,0
1779256827.3250055,g11.hpc.coe,43337,0.5001,0,100.0,2035.0,12288.0,9951442755,10561678156,11580088,12417196,833048,0,0,0,0,0,0,0,0,0,0,0,0,141,57,2,1,0,0,0,0,0,0,0,0,0
1779256827.8250966,g11.hpc.coe,43337,0.5001,0,100.0,2035.0,12288.0,9951443539,10561678660,11580104,12417205,833048,0,0,0,0,0,0,0,0,0,0,0,0,784,504,16,9,0,0,0,0,0,0,0,0,0
1779256828.325188,g11.hpc.coe,43337,0.5001,0,100.0,2035.0,12288.0,9951443765,10561678717,11580106,12417206,833048,0,0,0,0,0,0,0,0,0,0,0,0,226,57,2,1,0,0,0,0,0,0,0,0,0
1779256828.8252802,g11.hpc.coe,43337,0.5001,0,100.0,2035.0,12288.0,9951444172,10561678954,11580111,12417211,833048,0,0,0,0,0,0,0,0,0,0,0,0,407,237,5,5,0,0,0,0,0,0,0,0,0
1779256829.3253736,g11.hpc.coe,43337,0.5001,0,100.0,2035.0,12288.0,9951445805,10561679893,11580140,12417226,833048,0,0,0,0,0,0,0,0,0,0,0,0,1633,939,29,15,0,0,0,0,0,0,0,0,0
1779256829.8254645,g11.hpc.coe,43337,0.5001,0,100.0,2035.0,12288.0,9951446159,10561679950,11580142,12417227,833048,0,0,0,0,0,0,0,0,0,0,0,0,354,57,2,1,0,0,0,0,0,0,0,0,0
1779256830.3255575,g11.hpc.coe,43337,0.5001,0,100.0,2035.0,12288.0,9964886187,10575574405,11594090,12431194,833061,0,0,0,0,0,0,0,0,0,0,0,0,13440028,13894455,13948,13967,13,0,0,0,0,0,0,0,0
1779256830.8256516,g11.hpc.coe,43337,0.5001,0,100.0,2035.0,12288.0,9986146283,10596416761,11615031,12452160,833305,0,0,0,0,0,0,0,0,0,0,0,0,21260096,20842356,20941,20966,244,0,0,0,0,0,0,0,0
1779256831.3257458,g11.hpc.coe,43337,0.5001,0,100.0,2035.0,12288.0,9986146774,10596416818,11615033,12452161,833305,0,0,0,0,0,0,0,0,0,0,0,0,491,57,2,1,0,0,0,0,0,0,0,0,0
1779256831.8258386,g11.hpc.coe,43337,0.5001,0,100.0,2035.0,12288.0,9986147307,10596416875,11615035,12452162,833305,0,0,0,0,0,0,0,0,0,0,0,0,533,57,2,1,0,0,0,0,0,0,0,0,0
1779256832.3259306,g11.hpc.coe,43337,0.5001,0,100.0,2035.0,12288.0,9986147904,10596416954,11615038,12452164,833305,0,0,0,0,0,0,0,0,0,0,0,0,597,79,3,2,0,0,0,0,0,0,0,0,0
1779256832.82602,g11.hpc.coe,43337,0.5001,0,100.0,2035.0,12288.0,9986148544,10596417033,11615041,12452166,833305,0,0,0,0,0,0,0,0,0,0,0,0,640,79,3,2,0,0,0,0,0,0,0,0,0
1779256833.32611,g11.hpc.coe,43337,0.5001,0,100.0,2035.0,12288.0,9986149225,10596417112,11615044,12452168,833305,0,0,0,0,0,0,0,0,0,0,0,0,681,79,3,2,0,0,0,0,0,0,0,0,0
1779256833.8262024,g11.hpc.coe,43337,0.5001,0,100.0,2035.0,12288.0,9986149948,10596417191,11615047,12452170,833305,0,0,0,0,0,0,0,0,0,0,0,0,723,79,3,2,0,0,0,0,0,0,0,0,0
1779256834.326295,g11.hpc.coe,43337,0.5001,0,100.0,2035.0,12288.0,9993780765,10604062185,11622785,12459919,833310,0,0,0,0,0,0,0,0,0,0,0,0,7630817,7644994,7738,7749,5,0,0,0,0,0,0,0,0
1779256834.8263886,g11.hpc.coe,43337,0.5001,0,100.0,2035.0,12288.0,10020851012,10631154120,11649948,12487096,833360,0,0,0,0,0,0,0,0,0,0,0,0,27070247,27091935,27163,27177,50,0,0,0,0,0,0,0,0
1779256835.3264802,g11.hpc.coe,43337,0.5001,0,100.0,2035.0,12288.0,10020851948,10631154254,11649953,12487099,833360,0,0,0,0,0,0,0,0,0,0,0,0,936,134,5,3,0,0,0,0,0,0,0,0,0
1779256835.8265703,g11.hpc.coe,43337,0.5001,0,100.0,2035.0,12288.0,10020852849,10631154333,11649956,12487101,833360,0,0,0,0,0,0,0,0,0,0,0,0,901,79,3,2,0,0,0,0,0,0,0,0,0
1779256836.3266604,g11.hpc.coe,43337,0.5001,0,100.0,2035.0,12288.0,10020853793,10631154412,11649959,12487103,833360,0,0,0,0,0,0,0,0,0,0,0,0,944,79,3,2,0,0,0,0,0,0,0,0,0
1779256836.8267512,g11.hpc.coe,43337,0.5001,0,100.0,2035.0,12288.0,10020854779,10631154491,11649962,12487105,833360,0,0,0,0,0,0,0,0,0,0,0,0,986,79,3,2,0,0,0,0,0,0,0,0,0
1779256837.3268452,g11.hpc.coe,43337,0.5001,0,100.0,2035.0,12288.0,10020855808,10631154570,11649965,12487107,833360,0,0,0,0,0,0,0,0,0,0,0,0,1029,79,3,2,0,0,0,0,0,0,0,0,0
1779256837.8269358,g11.hpc.coe,43337,0.5001,0,100.0,2035.0,12288.0,10020856902,10631154649,11649969,12487109,833360,0,0,0,0,0,0,0,0,0,0,0,0,1094,79,4,2,0,0,0,0,0,0,0,0,0
1779256838.3270261,g11.hpc.coe,43337,0.5001,0,100.0,2035.0,12288.0,10027798046,10638109620,11656958,12494111,833367,0,0,0,0,0,0,0,0,0,0,0,0,6941144,6954971,6989,7002,7,0,0,0,0,0,0,0,0
1779256838.8271177,g11.hpc.coe,43337,0.5001,0,100.0,2035.0,12288.0,10055558541,10665891518,11684867,12522046,833982,0,0,0,0,0,0,0,0,0,0,0,0,27760495,27781898,27909,27935,615,0,0,0,0,0,0,0,0
1779256839.3272083,g11.hpc.coe,43337,0.5001,0,100.0,2035.0,12288.0,10055558703,10665891575,11684869,12522047,833982,0,0,0,0,0,0,0,0,0,0,0,0,162,57,2,1,0,0,0,0,0,0,0,0,0
1779256839.827299,g11.hpc.coe,43337,0.5001,0,100.0,2035.0,12288.0,10055558908,10665891632,11684871,12522048,833982,0,0,0,0,0,0,0,0,0,0,0,0,205,57,2,1,0,0,0,0,0,0,0,0,0
1779256840.3273907,g11.hpc.coe,43337,0.5001,0,100.0,2035.0,12288.0,10055559232,10665891744,11684875,12522050,833982,0,0,0,0,0,0,0,0,0,0,0,0,324,112,4,2,0,0,0,0,0,0,0,0,0
1779256840.8274884,g11.hpc.coe,43337,0.5001,0,100.0,2035.0,12288.0,10055559522,10665891801,11684877,12522051,833982,0,0,0,0,0,0,0,0,0,0,0,0,290,57,2,1,0,0,0,0,0,0,0,0,0
1779256841.3275795,g11.hpc.coe,43337,0.5001,0,100.0,2035.0,12288.0,10055559854,10665891858,11684879,12522052,833982,0,0,0,0,0,0,0,0,0,0,0,0,332,57,2,1,0,0,0,0,0,0,0,0,0
1779256841.827672,g11.hpc.coe,43337,0.5001,0,100.0,2035.0,12288.0,10055560229,10665891915,11684881,12522053,833982,0,0,0,0,0,0,0,0,0,0,0,0,375,57,2,1,0,0,0,0,0,0,0,0,0
1779256842.3277626,g11.hpc.coe,43337,0.5001,0,100.0,2035.0,12288.0,10056251091,10666589797,11685645,12522819,833982,0,0,0,0,0,0,0,0,0,0,0,0,690862,697882,764,766,0,0,0,0,0,0,0,0,0
1779256842.827854,g11.hpc.coe,43337,0.5001,0,100.0,2035.0,12288.0,10090261223,10700629415,11719785,12556995,834018,0,0,0,0,0,0,0,0,0,0,0,0,34010132,34039618,34140,34176,36,0,0,0,0,0,0,0,0
1779256843.3279457,g11.hpc.coe,43337,0.5001,0,100.0,2035.0,12288.0,10090261733,10700629472,11719787,12556996,834018,0,0,0,0,0,0,0,0,0,0,0,0,510,57,2,1,0,0,0,0,0,0,0,0,0
1779256843.8280406,g11.hpc.coe,43337,0.5001,0,100.0,2035.0,12288.0,10090262307,10700629551,11719790,12556998,834018,0,0,0,0,0,0,0,0,0,0,0,0,574,79,3,2,0,0,0,0,0,0,0,0,0
1779256844.3281305,g11.hpc.coe,43337,0.5001,0,100.0,2035.0,12288.0,10090262924,10700629630,11719793,12557000,834018,0,0,0,0,0,0,0,0,0,0,0,0,617,79,3,2,0,0,0,0,0,0,0,0,0
1779256844.8282197,g11.hpc.coe,43337,0.5001,0,100.0,2035.0,12288.0,10090263583,10700629709,11719796,12557002,834018,0,0,0,0,0,0,0,0,0,0,0,0,659,79,3,2,0,0,0,0,0,0,0,0,0
1779256845.328311,g11.hpc.coe,43337,0.5001,0,100.0,2035.0,12288.0,10090264362,10700629843,11719801,12557005,834018,0,0,0,0,0,0,0,0,0,0,0,0,779,134,5,3,0,0,0,0,0,0,0,0,0
1779256845.8284001,g11.hpc.coe,43337,0.5001,0,100.0,2035.0,12288.0,10090265106,10700629922,11719804,12557007,834018,0,0,0,0,0,0,0,0,0,0,0,0,744,79,3,2,0,0,0,0,0,0,0,0,0
1779256846.3284898,g11.hpc.coe,43337,0.5001,0,100.0,2035.0,12288.0,10090266044,10700637562,11719815,12557024,834018,0,0,0,0,0,0,0,0,0,0,0,0,938,7640,11,17,0,0,0,0,0,0,0,0,0
1779256846.828583,g11.hpc.coe,43337,0.5001,0,100.0,2035.0,12288.0,10124965987,10735366798,11754692,12591945,834337,0,0,0,0,0,0,0,0,0,0,0,0,34699943,34729236,34877,34921,319,0,0,0,0,0,0,0,0
1779256847.328672,g11.hpc.coe,43337,0.5001,0,100.0,2035.0,12288.0,10124966865,10735366877,11754695,12591947,834337,0,0,0,0,0,0,0,0,0,0,0,0,878,79,3,2,0,0,0,0,0,0,0,0,0
1779256847.828764,g11.hpc.coe,43337,0.5001,0,100.0,2035.0,12288.0,10124967785,10735366956,11754698,12591949,834337,0,0,0,0,0,0,0,0,0,0,0,0,920,79,3,2,0,0,0,0,0,0,0,0,0
1779256848.3288548,g11.hpc.coe,43337,0.5001,0,100.0,2035.0,12288.0,10124968747,10735367035,11754701,12591951,834337,0,0,0,0,0,0,0,0,0,0,0,0,962,79,3,2,0,0,0,0,0,0,0,0,0
1779256848.8289454,g11.hpc.coe,43337,0.5001,0,100.0,2035.0,12288.0,10124969752,10735367114,11754704,12591953,834337,0,0,0,0,0,0,0,0,0,0,0,0,1005,79,3,2,0,0,0,0,0,0,0,0,0
1779256849.3290353,g11.hpc.coe,43337,0.5001,0,100.0,2035.0,12288.0,10124970799,10735367193,11754707,12591955,834337,0,0,0,0,0,0,0,0,0,0,0,0,1047,79,3,2,0,0,0,0,0,0,0,0,0
1779256849.829126,g11.hpc.coe,43337,0.5001,0,100.0,2035.0,12288.0,10124971911,10735367272,11754711,12591957,834337,0,0,0,0,0,0,0,0,0,0,0,0,1112,79,4,2,0,0,0,0,0,0,0,0,0
1779256850.3292139,g11.hpc.coe,43337,0.5001,0,100.0,2035.0,12288.0,10124973121,10735367406,11754716,12591960,834337,0,0,0,0,0,0,0,0,0,0,0,0,1210,134,5,3,0,0,0,0,0,0,0,0,0
1779256850.829302,g11.hpc.coe,43337,0.5001,0,100.0,2035.0,12288.0,10157573499,10767816683,11787542,12624909,834371,0,0,0,0,0,0,0,0,0,0,0,0,32600378,32449277,32826,32949,34,0,0,0,0,0,0,0,0
1779256851.329392,g11.hpc.coe,43337,0.5001,0,100.0,2035.0,12288.0,10159672679,10770104231,11789598,12626895,834372,0,0,0,0,0,0,0,0,0,0,0,0,2099180,2287548,2056,1986,1,0,0,0,0,0,0,0,0
1779256851.8294814,g11.hpc.coe,43337,0.5001,0,100.0,2035.0,12288.0,10159672902,10770104288,11789600,12626896,834372,0,0,0,0,0,0,0,0,0,0,0,0,223,57,2,1,0,0,0,0,0,0,0,0,0
1779256852.329585,g11.hpc.coe,43337,0.5001,0,100.0,2035.0,12288.0,10159673167,10770104345,11789602,12626897,834372,0,0,0,0,0,0,0,0,0,0,0,0,265,57,2,1,0,0,0,0,0,0,0,0,0
1779256852.829676,g11.hpc.coe,43337,0.5001,0,100.0,2035.0,12288.0,10159673475,10770104402,11789604,12626898,834372,0,0,0,0,0,0,0,0,0,0,0,0,308,57,2,1,0,0,0,0,0,0,0,0,0
1779256853.3297648,g11.hpc.coe,43337,0.5001,0,100.0,2035.0,12288.0,10159673825,10770104459,11789606,12626899,834372,0,0,0,0,0,0,0,0,0,0,0,0,350,57,2,1,0,0,0,0,0,0,0,0,0
1779256853.8298569,g11.hpc.coe,43337,0.5001,0,100.0,2035.0,12288.0,10159674217,10770104516,11789608,12626900,834372,0,0,0,0,0,0,0,0,0,0,0,0,392,57,2,1,0,0,0,0,0,0,0,0,0
1779256854.3299496,g11.hpc.coe,43337,0.5001,0,100.0,2035.0,12288.0,10159674652,10770104573,11789610,12626901,834372,0,0,0,0,0,0,0,0,0,0,0,0,435,57,2,1,0,0,0,0,0,0,0,0,0
1779256854.8300414,g11.hpc.coe,43337,0.5001,0,100.0,2035.0,12288.0,10188124689,10798591566,11818269,12655608,834403,0,0,0,0,0,0,0,0,0,0,0,0,28450037,28486993,28659,28707,31,0,0,0,0,0,0,0,0
1779256855.330133,g11.hpc.coe,43337,0.5001,0,100.0,2035.0,12288.0,10194374918,10804841370,11824496,12661832,834505,0,0,0,0,0,0,0,0,0,0,0,0,6250229,6249804,6227,6224,102,0,0,0,0,0,0,0,0
1779256855.8302257,g11.hpc.coe,43337,0.5001,0,100.0,2035.0,12288.0,10194375588,10804841504,11824501,12661835,834505,0,0,0,0,0,0,0,0,0,0,0,0,670,134,5,3,0,0,0,0,0,0,0,0,0
1779256856.3303134,g11.hpc.coe,43337,0.5001,0,100.0,2035.0,12288.0,10194376224,10804841583,11824504,12661837,834505,0,0,0,0,0,0,0,0,0,0,0,0,636,79,3,2,0,0,0,0,0,0,0,0,0
1779256856.830403,g11.hpc.coe,43337,0.5001,0,100.0,2035.0,12288.0,10194376903,10804841662,11824507,12661839,834505,0,0,0,0,0,0,0,0,0,0,0,0,679,79,3,2,0,0,0,0,0,0,0,0,0
1779256857.3304915,g11.hpc.coe,43337,0.5001,0,100.0,2035.0,12288.0,10194377624,10804841741,11824510,12661841,834505,0,0,0,0,0,0,0,0,0,0,0,0,721,79,3,2,0,0,0,0,0,0,0,0,0
1779256857.8305838,g11.hpc.coe,43337,0.5001,0,100.0,2035.0,12288.0,10194378988,10804842267,11824527,12661851,834505,0,0,0,0,0,0,0,0,0,0,0,0,1364,526,17,10,0,0,0,0,0,0,0,0,0
1779256858.3306735,g11.hpc.coe,43337,0.5001,0,100.0,2035.0,12288.0,10194379795,10804842346,11824530,12661853,834505,0,0,0,0,0,0,0,0,0,0,0,0,807,79,3,2,0,0,0,0,0,0,0,0,0
1779256858.8307645,g11.hpc.coe,43337,0.5001,0,100.0,2035.0,12288.0,10222140209,10832639366,11852447,12689818,834534,0,0,0,0,0,0,0,0,0,0,0,0,27760414,27797020,27917,27965,29,0,0,0,0,0,0,0,0
1779256859.3308585,g11.hpc.coe,43337,0.5001,0,100.0,2035.0,12288.0,10229080805,10839579215,11859418,12696790,834815,0,0,0,0,0,0,0,0,0,0,0,0,6940596,6939849,6971,6972,281,0,0,0,0,0,0,0,0
1779256859.830948,g11.hpc.coe,43337,0.5001,0,100.0,2035.0,12288.0,10229081749,10839579294,11859421,12696792,834815,0,0,0,0,0,0,0,0,0,0,0,0,944,79,3,2,0,0,0,0,0,0,0,0,0
1779256860.3310406,g11.hpc.coe,43337,0.5001,0,100.0,2035.0,12288.0,10229082735,10839579373,11859424,12696794,834815,0,0,0,0,0,0,0,0,0,0,0,0,986,79,3,2,0,0,0,0,0,0,0,0,0
1779256860.831132,g11.hpc.coe,43337,0.5001,0,100.0,2035.0,12288.0,10229083840,10839579507,11859429,12696797,834815,0,0,0,0,0,0,0,0,0,0,0,0,1105,134,5,3,0,0,0,0,0,0,0,0,0
1779256861.3312228,g11.hpc.coe,43337,0.5001,0,100.0,2035.0,12288.0,10229084933,10839579586,11859433,12696799,834815,0,0,0,0,0,0,0,0,0,0,0,0,1093,79,4,2,0,0,0,0,0,0,0,0,0
1779256861.8313107,g11.hpc.coe,43337,0.5001,0,100.0,2035.0,12288.0,10229086069,10839579665,11859437,12696801,834815,0,0,0,0,0,0,0,0,0,0,0,0,1136,79,4,2,0,0,0,0,0,0,0,0,0
1779256862.3314047,g11.hpc.coe,43337,0.5001,0,100.0,2035.0,12288.0,10229087248,10839579744,11859441,12696803,834815,0,0,0,0,0,0,0,0,0,0,0,0,1179,79,4,2,0,0,0,0,0,0,0,0,0
1779256862.831496,g11.hpc.coe,43337,0.5001,0,100.0,2035.0,12288.0,10250597125,10861119406,11881126,12718525,834838,0,0,0,0,0,0,0,0,0,0,0,0,21509877,21539662,21685,21722,23,0,0,0,0,0,0,0,0
1779256863.3315864,g11.hpc.coe,43337,0.5001,0,100.0,2035.0,12288.0,10263786887,10874316562,11894330,12731737,835054,0,0,0,0,0,0,0,0,0,0,0,0,13189762,13197156,13204,13212,216,0,0,0,0,0,0,0,0
1779256863.8316739,g11.hpc.coe,43337,0.5001,0,100.0,2035.0,12288.0,10263787135,10874316619,11894332,12731738,835054,0,0,0,0,0,0,0,0,0,0,0,0,248,57,2,1,0,0,0,0,0,0,0,0,0
1779256864.331765,g11.hpc.coe,43337,0.5001,0,100.0,2035.0,12288.0,10263787426,10874316676,11894334,12731739,835054,0,0,0,0,0,0,0,0,0,0,0,0,291,57,2,1,0,0,0,0,0,0,0,0,0
1779256864.8318565,g11.hpc.coe,43337,0.5001,0,100.0,2035.0,12288.0,10263787759,10874316733,11894336,12731740,835054,0,0,0,0,0,0,0,0,0,0,0,0,333,57,2,1,0,0,0,0,0,0,0,0,0
1779256865.3319473,g11.hpc.coe,43337,0.5001,0,100.0,2035.0,12288.0,10263788135,10874316790,11894338,12731741,835054,0,0,0,0,0,0,0,0,0,0,0,0,376,57,2,1,0,0,0,0,0,0,0,0,0
1779256865.8320444,g11.hpc.coe,43337,0.5001,0,100.0,2035.0,12288.0,10263788630,10874316902,11894342,12731743,835054,0,0,0,0,0,0,0,0,0,0,0,0,495,112,4,2,0,0,0,0,0,0,0,0,0
1779256866.3321378,g11.hpc.coe,43337,0.5001,0,100.0,2035.0,12288.0,10263789091,10874316959,11894344,12731744,835054,0,0,0,0,0,0,0,0,0,0,0,0,461,57,2,1,0,0,0,0,0,0,0,0,0
1779256866.8322306,g11.hpc.coe,43337,0.5001,0,100.0,2035.0,12288.0,10284609302,10895166605,11915283,12752720,835069,0,0,0,0,0,0,0,0,0,0,0,0,20820211,20849646,20939,20976,15,0,0,0,0,0,0,0,0
1779256867.3323228,g11.hpc.coe,43337,0.5001,0,100.0,2035.0,12288.0,10298489438,10909053799,11929232,12766679,835671,0,0,0,0,0,0,0,0,0,0,0,0,13880136,13887194,13949,13959,602,0,0,0,0,0,0,0,0
1779256867.8324156,g11.hpc.coe,43337,0.5001,0,100.0,2035.0,12288.0,10298490059,10909053878,11929235,12766681,835671,0,0,0,0,0,0,0,0,0,0,0,0,621,79,3,2,0,0,0,0,0,0,0,0,0
1779256868.3325078,g11.hpc.coe,43337,0.5001,0,100.0,2035.0,12288.0,10298490722,10909053957,11929238,12766683,835671,0,0,0,0,0,0,0,0,0,0,0,0,663,79,3,2,0,0,0,0,0,0,0,0,0
1779256868.8325996,g11.hpc.coe,43337,0.5001,0,100.0,2035.0,12288.0,10298491428,10909054036,11929241,12766685,835671,0,0,0,0,0,0,0,0,0,0,0,0,706,79,3,2,0,0,0,0,0,0,0,0,0
1779256869.3326898,g11.hpc.coe,43337,0.5001,0,100.0,2035.0,12288.0,10298492176,10909054115,11929244,12766687,835671,0,0,0,0,0,0,0,0,0,0,0,0,748,79,3,2,0,0,0,0,0,0,0,0,0
1779256869.8327804,g11.hpc.coe,43337,0.5001,0,100.0,2035.0,12288.0,10298492967,10909054194,11929247,12766689,835671,0,0,0,0,0,0,0,0,0,0,0,0,791,79,3,2,0,0,0,0,0,0,0,0,0
1779256870.332871,g11.hpc.coe,43337,0.5001,0,100.0,2035.0,12288.0,10298493800,10909054273,11929250,12766691,835671,0,0,0,0,0,0,0,0,0,0,0,0,833,79,3,2,0,0,0,0,0,0,0,0,0
1779256870.8329766,g11.hpc.coe,43337,0.5001,0,100.0,2035.0,12288.0,10313064668,10923646709,11943968,12781434,835683,0,0,0,0,0,0,0,0,0,0,0,0,14570868,14592436,14718,14743,12,0,0,0,0,0,0,0,0
1779256871.3330674,g11.hpc.coe,43337,0.5001,0,100.0,2035.0,12288.0,10333194981,10943791190,11964146,12801628,840296,0,0,0,0,0,0,0,0,0,0,0,0,20130313,20144481,20178,20194,4613,0,0,0,0,0,0,0,0
1779256871.83316,g11.hpc.coe,43337,0.5001,0,100.0,2035.0,12288.0,10333195952,10943791269,11964149,12801630,840296,0,0,0,0,0,0,0,0,0,0,0,0,971,79,3,2,0,0,0,0,0,0,0,0,0
1779256872.3332503,g11.hpc.coe,43337,0.5001,0,100.0,2035.0,12288.0,10333196965,10943791348,11964152,12801632,840296,0,0,0,0,0,0,0,0,0,0,0,0,1013,79,3,2,0,0,0,0,0,0,0,0,0
1779256872.8333418,g11.hpc.coe,43337,0.5001,0,100.0,2035.0,12288.0,10333198622,10943791874,11964169,12801642,840296,0,0,0,0,0,0,0,0,0,0,0,0,1657,526,17,10,0,0,0,0,0,0,0,0,0
1779256873.3334336,g11.hpc.coe,43337,0.5001,0,100.0,2035.0,12288.0,10333199743,10943791953,11964173,12801644,840296,0,0,0,0,0,0,0,0,0,0,0,0,1121,79,4,2,0,0,0,0,0,0,0,0,0
1779256873.8335238,g11.hpc.coe,43337,0.5001,0,100.0,2035.0,12288.0,10333200907,10943792032,11964177,12801646,840296,0,0,0,0,0,0,0,0,0,0,0,0,1164,79,4,2,0,0,0,0,0,0,0,0,0
1779256874.3336132,g11.hpc.coe,43337,0.5001,0,100.0,2035.0,12288.0,10333201046,10943792089,11964179,12801647,840296,0,0,0,0,0,0,0,0,0,0,0,0,139,57,2,1,0,0,0,0,0,0,0,0,0
1779256874.8337014,g11.hpc.coe,43337,0.5001,0,100.0,2035.0,12288.0,10347081120,10957694390,11978147,12815636,840306,0,0,0,0,0,0,0,0,0,0,0,0,13880074,13902301,13968,13989,10,0,0,0,0,0,0,0,0
1779256875.333798,g11.hpc.coe,43337,0.5001,0,100.0,2035.0,12288.0,10367900748,10978528879,11999069,12836577,840522,0,0,0,0,0,0,0,0,0,0,0,0,20819628,20834489,20922,20941,216,0,0,0,0,0,0,0,0
1779256875.83389,g11.hpc.coe,43337,0.5001,0,100.0,2035.0,12288.0,10367901024,10978528936,11999071,12836578,840522,0,0,0,0,0,0,0,0,0,0,0,0,276,57,2,1,0,0,0,0,0,0,0,0,0
1779256876.3339777,g11.hpc.coe,43337,0.5001,0,100.0,2035.0,12288.0,10367901419,10978529048,11999075,12836580,840522,0,0,0,0,0,0,0,0,0,0,0,0,395,112,4,2,0,0,0,0,0,0,0,0,0
1779256876.834066,g11.hpc.coe,43337,0.5001,0,100.0,2035.0,12288.0,10367901780,10978529105,11999077,12836581,840522,0,0,0,0,0,0,0,0,0,0,0,0,361,57,2,1,0,0,0,0,0,0,0,0,0
1779256877.3341563,g11.hpc.coe,43337,0.5001,0,100.0,2035.0,12288.0,10367902183,10978529162,11999079,12836582,840522,0,0,0,0,0,0,0,0,0,0,0,0,403,57,2,1,0,0,0,0,0,0,0,0,0
1779256877.834247,g11.hpc.coe,43337,0.5001,0,100.0,2035.0,12288.0,10367902629,10978529219,11999081,12836583,840522,0,0,0,0,0,0,0,0,0,0,0,0,446,57,2,1,0,0,0,0,0,0,0,0,0
1779256878.334337,g11.hpc.coe,43337,0.5001,0,100.0,2035.0,12288.0,10367903117,10978529276,11999083,12836584,840522,0,0,0,0,0,0,0,0,0,0,0,0,488,57,2,1,0,0,0,0,0,0,0,0,0
1779256878.8344264,g11.hpc.coe,43337,0.5001,0,100.0,2035.0,12288.0,10375533706,10986174241,12006821,12844331,840535,0,0,0,0,0,0,0,0,0,0,0,0,7630589,7644965,7738,7747,13,0,0,0,0,0,0,0,0
1779256879.3345146,g11.hpc.coe,43337,0.5001,0,100.0,2035.0,12288.0,10402603517,11013266123,12033971,12871520,843978,0,0,0,0,0,0,0,0,0,0,0,0,27069811,27091882,27150,27189,3443,0,0,0,0,0,0,0,0
1779256879.834603,g11.hpc.coe,43337,0.5001,0,100.0,2035.0,12288.0,10402604164,11013266202,12033974,12871522,843978,0,0,0,0,0,0,0,0,0,0,0,0,647,79,3,2,0,0,0,0,0,0,0,0,0
1779256880.3346941,g11.hpc.coe,43337,0.5001,0,100.0,2035.0,12288.0,10402604853,11013266281,12033977,12871524,843978,0,0,0,0,0,0,0,0,0,0,0,0,689,79,3,2,0,0,0,0,0,0,0,0,0
1779256880.8347843,g11.hpc.coe,43337,0.5001,0,100.0,2035.0,12288.0,10402605584,11013266360,12033980,12871526,843978,0,0,0,0,0,0,0,0,0,0,0,0,731,79,3,2,0,0,0,0,0,0,0,0,0
1779256881.3348734,g11.hpc.coe,43337,0.5001,0,100.0,2035.0,12288.0,10402606435,11013266494,12033985,12871529,843978,0,0,0,0,0,0,0,0,0,0,0,0,851,134,5,3,0,0,0,0,0,0,0,0,0
1779256881.8349607,g11.hpc.coe,43337,0.5001,0,100.0,2035.0,12288.0,10402607252,11013266573,12033988,12871531,843978,0,0,0,0,0,0,0,0,0,0,0,0,817,79,3,2,0,0,0,0,0,0,0,0,0
1779256882.3350484,g11.hpc.coe,43337,0.5001,0,100.0,2035.0,12288.0,10402608111,11013266652,12033991,12871533,843978,0,0,0,0,0,0,0,0,0,0,0,0,859,79,3,2,0,0,0,0,0,0,0,0,0
1779256882.8351374,g11.hpc.coe,43337,0.5001,0,100.0,2035.0,12288.0,10409549035,11020221630,12040981,12878536,843984,0,0,0,0,0,0,0,0,0,0,0,0,6940924,6954978,6990,7003,6,0,0,0,0,0,0,0,0
1779256883.3352284,g11.hpc.coe,43337,0.5001,0,100.0,2035.0,12288.0,10437309267,11048003472,12068885,12906463,845170,0,0,0,0,0,0,0,0,0,0,0,0,27760232,27781842,27904,27927,1186,0,0,0,0,0,0,0,0
1779256883.8353179,g11.hpc.coe,43337,0.5001,0,100.0,2035.0,12288.0,10437310263,11048003551,12068888,12906465,845170,0,0,0,0,0,0,0,0,0,0,0,0,996,79,3,2,0,0,0,0,0,0,0,0,0
1779256884.3354068,g11.hpc.coe,43337,0.5001,0,100.0,2035.0,12288.0,10437311301,11048003630,12068891,12906467,845170,0,0,0,0,0,0,0,0,0,0,0,0,1038,79,3,2,0,0,0,0,0,0,0,0,0
1779256884.8354964,g11.hpc.coe,43337,0.5001,0,100.0,2035.0,12288.0,10437312404,11048003709,12068895,12906469,845170,0,0,0,0,0,0,0,0,0,0,0,0,1103,79,4,2,0,0,0,0,0,0,0,0,0
1779256885.3355854,g11.hpc.coe,43337,0.5001,0,100.0,2035.0,12288.0,10437313550,11048003788,12068899,12906471,845170,0,0,0,0,0,0,0,0,0,0,0,0,1146,79,4,2,0,0,0,0,0,0,0,0,0
1779256885.8356736,g11.hpc.coe,43337,0.5001,0,100.0,2035.0,12288.0,10437314739,11048003867,12068903,12906473,845170,0,0,0,0,0,0,0,0,0,0,0,0,1189,79,4,2,0,0,0,0,0,0,0,0,0
1779256886.335764,g11.hpc.coe,43337,0.5001,0,100.0,2035.0,12288.0,10437314979,11048003979,12068907,12906475,845170,0,0,0,0,0,0,0,0,0,0,0,0,240,112,4,2,0,0,0,0,0,0,0,0,0
1779256886.8358536,g11.hpc.coe,43337,0.5001,0,100.0,2035.0,12288.0,10438005380,11048701634,12069667,12907240,845172,0,0,0,0,0,0,0,0,0,0,0,0,690401,697655,760,765,2,0,0,0,0,0,0,0,0
1779256887.3359451,g11.hpc.coe,43337,0.5001,0,100.0,2035.0,12288.0,10472014742,11082740804,12103799,12941410,846678,0,0,0,0,0,0,0,0,0,0,0,0,34009362,34039170,34132,34170,1506,0,0,0,0,0,0,0,0
1779256887.8360357,g11.hpc.coe,43337,0.5001,0,100.0,2035.0,12288.0,10472015642,11082741308,12103815,12941419,846678,0,0,0,0,0,0,0,0,0,0,0,0,900,504,16,9,0,0,0,0,0,0,0,0,0
1779256888.336125,g11.hpc.coe,43337,0.5001,0,100.0,2035.0,12288.0,10472015984,11082741365,12103817,12941420,846678,0,0,0,0,0,0,0,0,0,0,0,0,342,57,2,1,0,0,0,0,0,0,0,0,0
1779256888.8362124,g11.hpc.coe,43337,0.5001,0,100.0,2035.0,12288.0,10472016368,11082741422,12103819,12941421,846678,0,0,0,0,0,0,0,0,0,0,0,0,384,57,2,1,0,0,0,0,0,0,0,0,0
1779256889.3363008,g11.hpc.coe,43337,0.5001,0,100.0,2035.0,12288.0,10472016795,11082741479,12103821,12941422,846678,0,0,0,0,0,0,0,0,0,0,0,0,427,57,2,1,0,0,0,0,0,0,0,0,0
1779256889.836389,g11.hpc.coe,43337,0.5001,0,100.0,2035.0,12288.0,10472017264,11082741536,12103823,12941423,846678,0,0,0,0,0,0,0,0,0,0,0,0,469,57,2,1,0,0,0,0,0,0,0,0,0
1779256890.3364775,g11.hpc.coe,43337,0.5001,0,100.0,2035.0,12288.0,10472017776,11082741593,12103825,12941424,846678,0,0,0,0,0,0,0,0,0,0,0,0,512,57,2,1,0,0,0,0,0,0,0,0,0
1779256890.8365693,g11.hpc.coe,43337,0.5001,0,100.0,2035.0,12288.0,10472018503,11082749233,12103836,12941441,846678,0,0,0,0,0,0,0,0,0,0,0,0,727,7640,11,17,0,0,0,0,0,0,0,0,0
1779256891.3366582,g11.hpc.coe,43337,0.5001,0,100.0,2035.0,12288.0,10506718334,11117478454,12138718,12976353,846736,0,0,0,0,0,0,0,0,0,0,0,0,34699831,34729221,34882,34912,58,0,0,0,0,0,0,0,0
1779256891.836752,g11.hpc.coe,43337,0.5001,0,100.0,2035.0,12288.0,10506719001,11117478533,12138721,12976355,846736,0,0,0,0,0,0,0,0,0,0,0,0,667,79,3,2,0,0,0,0,0,0,0,0,0
1779256892.3368402,g11.hpc.coe,43337,0.5001,0,100.0,2035.0,12288.0,10506719710,11117478612,12138724,12976357,846736,0,0,0,0,0,0,0,0,0,0,0,0,709,79,3,2,0,0,0,0,0,0,0,0,0
1779256892.8369284,g11.hpc.coe,43337,0.5001,0,100.0,2035.0,12288.0,10506720462,11117478691,12138727,12976359,846736,0,0,0,0,0,0,0,0,0,0,0,0,752,79,3,2,0,0,0,0,0,0,0,0,0
1779256893.3370173,g11.hpc.coe,43337,0.5001,0,100.0,2035.0,12288.0,10506721256,11117478770,12138730,12976361,846736,0,0,0,0,0,0,0,0,0,0,0,0,794,79,3,2,0,0,0,0,0,0,0,0,0
1779256893.8371072,g11.hpc.coe,43337,0.5001,0,100.0,2035.0,12288.0,10506722093,11117478849,12138733,12976363,846736,0,0,0,0,0,0,0,0,0,0,0,0,837,79,3,2,0,0,0,0,0,0,0,0,0
1779256894.3371975,g11.hpc.coe,43337,0.5001,0,100.0,2035.0,12288.0,10506722972,11117478928,12138736,12976365,846736,0,0,0,0,0,0,0,0,0,0,0,0,879,79,3,2,0,0,0,0,0,0,0,0,0
1779256894.837285,g11.hpc.coe,43337,0.5001,0,100.0,2035.0,12288.0,10506723894,11117479007,12138739,12976367,846736,0,0,0,0,0,0,0,0,0,0,0,0,922,79,3,2,0,0,0,0,0,0,0,0,0
1779256895.3373754,g11.hpc.coe,43337,0.5001,0,100.0,2035.0,12288.0,10514354903,11125124008,12146476,12984117,846747,0,0,0,0,0,0,0,0,0,0,0,0,7631009,7645001,7737,7750,11,0,0,0,0,0,0,0,0
1779256895.8374636,g11.hpc.coe,43337,0.5001,0,100.0,2035.0,12288.0,10541425210,11152215862,12173638,13011302,847256,0,0,0,0,0,0,0,0,0,0,0,0,27070307,27091854,27162,27185,509,0,0,0,0,0,0,0,0
1779256896.3375518,g11.hpc.coe,43337,0.5001,0,100.0,2035.0,12288.0,10541426268,11152215941,12173641,13011304,847256,0,0,0,0,0,0,0,0,0,0,0,0,1058,79,3,2,0,0,0,0,0,0,0,0,0
1779256896.8376408,g11.hpc.coe,43337,0.5001,0,100.0,2035.0,12288.0,10541427468,11152216075,12173647,13011307,847256,0,0,0,0,0,0,0,0,0,0,0,0,1200,134,6,3,0,0,0,0,0,0,0,0,0
1779256897.337731,g11.hpc.coe,43337,0.5001,0,100.0,2035.0,12288.0,10541428634,11152216154,12173651,13011309,847256,0,0,0,0,0,0,0,0,0,0,0,0,1166,79,4,2,0,0,0,0,0,0,0,0,0
1779256897.8378196,g11.hpc.coe,43337,0.5001,0,100.0,2035.0,12288.0,10541428775,11152216211,12173653,13011310,847256,0,0,0,0,0,0,0,0,0,0,0,0,141,57,2,1,0,0,0,0,0,0,0,0,0
1779256898.3379068,g11.hpc.coe,43337,0.5001,0,100.0,2035.0,12288.0,10541428958,11152216268,12173655,13011311,847256,0,0,0,0,0,0,0,0,0,0,0,0,183,57,2,1,0,0,0,0,0,0,0,0,0
1779256898.8379946,g11.hpc.coe,43337,0.5001,0,100.0,2035.0,12288.0,10541429184,11152216325,12173657,13011312,847256,0,0,0,0,0,0,0,0,0,0,0,0,226,57,2,1,0,0,0,0,0,0,0,0,0
1779256899.3380885,g11.hpc.coe,43337,0.5001,0,100.0,2035.0,12288.0,10548369481,11159171302,12180647,13018317,847264,0,0,0,0,0,0,0,0,0,0,0,0,6940297,6954977,6990,7005,8,0,0,0,0,0,0,0,0
1779256899.8381758,g11.hpc.coe,43337,0.5001,0,100.0,2035.0,12288.0,10576129051,11186953143,12208546,13046246,847288,0,0,0,0,0,0,0,0,0,0,0,0,27759570,27781841,27899,27929,24,0,0,0,0,0,0,0,0
1779256900.3382635,g11.hpc.coe,43337,0.5001,0,100.0,2035.0,12288.0,10576129413,11186953200,12208548,13046247,847288,0,0,0,0,0,0,0,0,0,0,0,0,362,57,2,1,0,0,0,0,0,0,0,0,0
1779256900.8383627,g11.hpc.coe,43337,0.5001,0,100.0,2035.0,12288.0,10576129817,11186953257,12208550,13046248,847288,0,0,0,0,0,0,0,0,0,0,0,0,404,57,2,1,0,0,0,0,0,0,0,0,0
1779256901.3384523,g11.hpc.coe,43337,0.5001,0,100.0,2035.0,12288.0,10576130264,11186953314,12208552,13046249,847288,0,0,0,0,0,0,0,0,0,0,0,0,447,57,2,1,0,0,0,0,0,0,0,0,0
1779256901.8385396,g11.hpc.coe,43337,0.5001,0,100.0,2035.0,12288.0,10576130830,11186953426,12208556,13046251,847288,0,0,0,0,0,0,0,0,0,0,0,0,566,112,4,2,0,0,0,0,0,0,0,0,0
1779256902.3386276,g11.hpc.coe,43337,0.5001,0,100.0,2035.0,12288.0,10576131619,11186953738,12208563,13046257,847288,0,0,0,0,0,0,0,0,0,0,0,0,789,312,7,6,0,0,0,0,0,0,0,0,0
1779256902.8387196,g11.hpc.coe,43337,0.5001,0,100.0,2035.0,12288.0,10576132839,11186954264,12208581,13046267,847288,0,0,0,0,0,0,0,0,0,0,0,0,1220,526,18,10,0,0,0,0,0,0,0,0,0
1779256903.3388088,g11.hpc.coe,43337,0.5001,0,100.0,2035.0,12288.0,10576823660,11187651941,12209340,13047033,847289,0,0,0,0,0,0,0,0,0,0,0,0,690821,697677,759,766,1,0,0,0,0,0,0,0,0
1779256903.8389025,g11.hpc.coe,43337,0.5001,0,100.0,2035.0,12288.0,10610833478,11221691098,12243476,13081199,848779,0,0,0,0,0,0,0,0,0,0,0,0,34009818,34039157,34136,34166,1490,0,0,0,0,0,0,0,0
1779256904.3389919,g11.hpc.coe,43337,0.5001,0,100.0,2035.0,12288.0,10610834212,11221691177,12243479,13081201,848779,0,0,0,0,0,0,0,0,0,0,0,0,734,79,3,2,0,0,0,0,0,0,0,0,0
1779256904.8390794,g11.hpc.coe,43337,0.5001,0,100.0,2035.0,12288.0,10610834988,11221691256,12243482,13081203,848779,0,0,0,0,0,0,0,0,0,0,0,0,776,79,3,2,0,0,0,0,0,0,0,0,0
1779256905.3391716,g11.hpc.coe,43337,0.5001,0,100.0,2035.0,12288.0,10610835807,11221691335,12243485,13081205,848779,0,0,0,0,0,0,0,0,0,0,0,0,819,79,3,2,0,0,0,0,0,0,0,0,0
1779256905.8392613,g11.hpc.coe,43337,0.5001,0,100.0,2035.0,12288.0,10610836668,11221691414,12243488,13081207,848779,0,0,0,0,0,0,0,0,0,0,0,0,861,79,3,2,0,0,0,0,0,0,0,0,0
1779256906.3393521,g11.hpc.coe,43337,0.5001,0,100.0,2035.0,12288.0,10610837572,11221691493,12243491,13081209,848779,0,0,0,0,0,0,0,0,0,0,0,0,904,79,3,2,0,0,0,0,0,0,0,0,0
1779256906.8394396,g11.hpc.coe,43337,0.5001,0,100.0,2035.0,12288.0,10610838595,11221691627,12243496,13081212,848779,0,0,0,0,0,0,0,0,0,0,0,0,1023,134,5,3,0,0,0,0,0,0,0,0,0
1779256907.3395295,g11.hpc.coe,43337,0.5001,0,100.0,2035.0,12288.0,10610839735,11221699267,12243507,13081229,848779,0,0,0,0,0,0,0,0,0,0,0,0,1140,7640,11,17,0,0,0,0,0,0,0,0,0
1779256907.8396175,g11.hpc.coe,43337,0.5001,0,100.0,2035.0,12288.0,10645539951,11256428454,12278394,13116143,849063,0,0,0,0,0,0,0,0,0,0,0,0,34700216,34729187,34887,34914,284,0,0,0,0,0,0,0,0
1779256908.3397067,g11.hpc.coe,43337,0.5001,0,100.0,2035.0,12288.0,10645541054,11256428533,12278398,13116145,849063,0,0,0,0,0,0,0,0,0,0,0,0,1103,79,4,2,0,0,0,0,0,0,0,0,0
1779256908.8397963,g11.hpc.coe,43337,0.5001,0,100.0,2035.0,12288.0,10645542199,11256428612,12278402,13116147,849063,0,0,0,0,0,0,0,0,0,0,0,0,1145,79,4,2,0,0,0,0,0,0,0,0,0
1779256909.3398857,g11.hpc.coe,43337,0.5001,0,100.0,2035.0,12288.0,10645543387,11256428691,12278406,13116149,849063,0,0,0,0,0,0,0,0,0,0,0,0,1188,79,4,2,0,0,0,0,0,0,0,0,0
1779256909.8399916,g11.hpc.coe,43337,0.5001,0,100.0,2035.0,12288.0,10645543550,11256428748,12278408,13116150,849063,0,0,0,0,0,0,0,0,0,0,0,0,163,57,2,1,0,0,0,0,0,0,0,0,0
1779256910.3400805,g11.hpc.coe,43337,0.5001,0,100.0,2035.0,12288.0,10645543755,11256428805,12278410,13116151,849063,0,0,0,0,0,0,0,0,0,0,0,0,205,57,2,1,0,0,0,0,0,0,0,0,0
1779256910.8401692,g11.hpc.coe,43337,0.5001,0,100.0,2035.0,12288.0,10645544003,11256428862,12278412,13116152,849063,0,0,0,0,0,0,0,0,0,0,0,0,248,57,2,1,0,0,0,0,0,0,0,0,0
1779256911.34026,g11.hpc.coe,43337,0.5001,0,100.0,2035.0,12288.0,10645544293,11256428919,12278414,13116153,849063,0,0,0,0,0,0,0,0,0,0,0,0,290,57,2,1,0,0,0,0,0,0,0,0,0
1779256911.8403504,g11.hpc.coe,43337,0.5001,0,100.0,2035.0,12288.0,10680243966,11291165735,12313300,13151087,851761,0,0,0,0,0,0,0,0,0,0,0,0,34699673,34736816,34886,34934,2698,0,0,0,0,0,0,0,0
1779256912.340442,g11.hpc.coe,43337,0.5001,0,100.0,2035.0,12288.0,10680244346,11291165792,12313302,13151088,851761,0,0,0,0,0,0,0,0,0,0,0,0,380,57,2,1,0,0,0,0,0,0,0,0,0
1779256912.8405306,g11.hpc.coe,43337,0.5001,0,100.0,2035.0,12288.0,10680244769,11291165849,12313304,13151089,851761,0,0,0,0,0,0,0,0,0,0,0,0,423,57,2,1,0,0,0,0,0,0,0,0,0
1779256913.3406196,g11.hpc.coe,43337,0.5001,0,100.0,2035.0,12288.0,10680245234,11291165906,12313306,13151090,851761,0,0,0,0,0,0,0,0,0,0,0,0,465,57,2,1,0,0,0,0,0,0,0,0,0
1779256913.8407083,g11.hpc.coe,43337,0.5001,0,100.0,2035.0,12288.0,10680245742,11291165963,12313308,13151091,851761,0,0,0,0,0,0,0,0,0,0,0,0,508,57,2,1,0,0,0,0,0,0,0,0,0
1779256914.3407986,g11.hpc.coe,43337,0.5001,0,100.0,2035.0,12288.0,10680246314,11291166042,12313311,13151093,851761,0,0,0,0,0,0,0,0,0,0,0,0,572,79,3,2,0,0,0,0,0,0,0,0,0
1779256914.8408866,g11.hpc.coe,43337,0.5001,0,100.0,2035.0,12288.0,10680246929,11291166121,12313314,13151095,851761,0,0,0,0,0,0,0,0,0,0,0,0,615,79,3,2,0,0,0,0,0,0,0,0,0
1779256915.340977,g11.hpc.coe,43337,0.5001,0,100.0,2035.0,12288.0,10680247586,11291166200,12313317,13151097,851761,0,0,0,0,0,0,0,0,0,0,0,0,657,79,3,2,0,0,0,0,0,0,0,0,0
1779256915.8410752,g11.hpc.coe,43337,0.5001,0,100.0,2035.0,12288.0,10708697971,11319653278,12341995,13179814,851791,0,0,0,0,0,0,0,0,0,0,0,0,28450385,28487078,28678,28717,30,0,0,0,0,0,0,0,0
1779256916.3411684,g11.hpc.coe,43337,0.5001,0,100.0,2035.0,12288.0,10714948387,11325903097,12348218,13186038,851951,0,0,0,0,0,0,0,0,0,0,0,0,6250416,6249819,6223,6224,160,0,0,0,0,0,0,0,0
1779256916.8412602,g11.hpc.coe,43337,0.5001,0,100.0,2035.0,12288.0,10714949181,11325903176,12348221,13186040,851951,0,0,0,0,0,0,0,0,0,0,0,0,794,79,3,2,0,0,0,0,0,0,0,0,0
1779256917.3413515,g11.hpc.coe,43337,0.5001,0,100.0,2035.0,12288.0,10714950072,11325903310,12348225,13186043,851951,0,0,0,0,0,0,0,0,0,0,0,0,891,134,4,3,0,0,0,0,0,0,0,0,0
1779256917.8414435,g11.hpc.coe,43337,0.5001,0,100.0,2035.0,12288.0,10714951552,11325903836,12348242,13186053,851951,0,0,0,0,0,0,0,0,0,0,0,0,1480,526,17,10,0,0,0,0,0,0,0,0,0
1779256918.341537,g11.hpc.coe,43337,0.5001,0,100.0,2035.0,12288.0,10714952474,11325903915,12348245,13186055,851951,0,0,0,0,0,0,0,0,0,0,0,0,922,79,3,2,0,0,0,0,0,0,0,0,0
1779256918.841627,g11.hpc.coe,43337,0.5001,0,100.0,2035.0,12288.0,10714953439,11325903994,12348248,13186057,851951,0,0,0,0,0,0,0,0,0,0,0,0,965,79,3,2,0,0,0,0,0,0,0,0,0
1779256919.3417192,g11.hpc.coe,43337,0.5001,0,100.0,2035.0,12288.0,10714954446,11325904073,12348251,13186059,851951,0,0,0,0,0,0,0,0,0,0,0,0,1007,79,3,2,0,0,0,0,0,0,0,0,0
1779256919.8418128,g11.hpc.coe,43337,0.5001,0,100.0,2035.0,12288.0,10742715040,11353701065,12376165,13214020,853591,0,0,0,0,0,0,0,0,0,0,0,0,27760594,27796992,27914,27961,1640,0,0,0,0,0,0,0,0
1779256920.3419073,g11.hpc.coe,43337,0.5001,0,100.0,2035.0,12288.0,10749655859,11360640928,12383137,13220994,853602,0,0,0,0,0,0,0,0,0,0,0,0,6940819,6939863,6972,6974,11,0,0,0,0,0,0,0,0
1779256920.8419988,g11.hpc.coe,43337,0.5001,0,100.0,2035.0,12288.0,10749657025,11360641007,12383141,13220996,853602,0,0,0,0,0,0,0,0,0,0,0,0,1166,79,4,2,0,0,0,0,0,0,0,0,0
1779256921.3420892,g11.hpc.coe,43337,0.5001,0,100.0,2035.0,12288.0,10749657166,11360641064,12383143,13220997,853602,0,0,0,0,0,0,0,0,0,0,0,0,141,57,2,1,0,0,0,0,0,0,0,0,0
1779256921.8421805,g11.hpc.coe,43337,0.5001,0,100.0,2035.0,12288.0,10749657349,11360641121,12383145,13220998,853602,0,0,0,0,0,0,0,0,0,0,0,0,183,57,2,1,0,0,0,0,0,0,0,0,0
1779256922.342272,g11.hpc.coe,43337,0.5001,0,100.0,2035.0,12288.0,10749657652,11360641233,12383149,13221000,853602,0,0,0,0,0,0,0,0,0,0,0,0,303,112,4,2,0,0,0,0,0,0,0,0,0
1779256922.8423634,g11.hpc.coe,43337,0.5001,0,100.0,2035.0,12288.0,10749657920,11360641290,12383151,13221001,853602,0,0,0,0,0,0,0,0,0,0,0,0,268,57,2,1,0,0,0,0,0,0,0,0,0
1779256923.3424559,g11.hpc.coe,43337,0.5001,0,100.0,2035.0,12288.0,10749658231,11360641347,12383153,13221002,853602,0,0,0,0,0,0,0,0,0,0,0,0,311,57,2,1,0,0,0,0,0,0,0,0,0
1779256923.842547,g11.hpc.coe,43337,0.5001,0,100.0,2035.0,12288.0,10771168343,11382181009,12404843,13242724,853621,0,0,0,0,0,0,0,0,0,0,0,0,21510112,21539662,21690,21722,19,0,0,0,0,0,0,0,0
1779256924.3426394,g11.hpc.coe,43337,0.5001,0,100.0,2035.0,12288.0,10784358270,11395378172,12418042,13255937,855153,0,0,0,0,0,0,0,0,0,0,0,0,13189927,13197163,13199,13213,1532,0,0,0,0,0,0,0,0
1779256924.8427296,g11.hpc.coe,43337,0.5001,0,100.0,2035.0,12288.0,10784358719,11395378229,12418044,13255938,855153,0,0,0,0,0,0,0,0,0,0,0,0,449,57,2,1,0,0,0,0,0,0,0,0,0
1779256925.34282,g11.hpc.coe,43337,0.5001,0,100.0,2035.0,12288.0,10784359210,11395378286,12418046,13255939,855153,0,0,0,0,0,0,0,0,0,0,0,0,491,57,2,1,0,0,0,0,0,0,0,0,0
1779256925.842911,g11.hpc.coe,43337,0.5001,0,100.0,2035.0,12288.0,10784359743,11395378343,12418048,13255940,855153,0,0,0,0,0,0,0,0,0,0,0,0,533,57,2,1,0,0,0,0,0,0,0,0,0
1779256926.3430045,g11.hpc.coe,43337,0.5001,0,100.0,2035.0,12288.0,10784360340,11395378422,12418051,13255942,855153,0,0,0,0,0,0,0,0,0,0,0,0,597,79,3,2,0,0,0,0,0,0,0,0,0
1779256926.8430958,g11.hpc.coe,43337,0.5001,0,100.0,2035.0,12288.0,10784360980,11395378501,12418054,13255944,855153,0,0,0,0,0,0,0,0,0,0,0,0,640,79,3,2,0,0,0,0,0,0,0,0,0
1779256927.3431866,g11.hpc.coe,43337,0.5001,0,100.0,2035.0,12288.0,10784361739,11395378635,12418059,13255947,855153,0,0,0,0,0,0,0,0,0,0,0,0,759,134,5,3,0,0,0,0,0,0,0,0,0
1779256927.843277,g11.hpc.coe,43337,0.5001,0,100.0,2035.0,12288.0,10805182235,11416228275,12439008,13276920,855173,0,0,0,0,0,0,0,0,0,0,0,0,20820496,20849640,20949,20973,20,0,0,0,0,0,0,0,0
1779256928.3433673,g11.hpc.coe,43337,0.5001,0,100.0,2035.0,12288.0,10819062570,11430115448,12452957,13290876,855816,0,0,0,0,0,0,0,0,0,0,0,0,13880335,13887173,13949,13956,643,0,0,0,0,0,0,0,0
1779256928.84346,g11.hpc.coe,43337,0.5001,0,100.0,2035.0,12288.0,10819063390,11430115527,12452960,13290878,855816,0,0,0,0,0,0,0,0,0,0,0,0,820,79,3,2,0,0,0,0,0,0,0,0,0
1779256929.3435516,g11.hpc.coe,43337,0.5001,0,100.0,2035.0,12288.0,10819064252,11430115606,12452963,13290880,855816,0,0,0,0,0,0,0,0,0,0,0,0,862,79,3,2,0,0,0,0,0,0,0,0,0
1779256929.8436463,g11.hpc.coe,43337,0.5001,0,100.0,2035.0,12288.0,10819065157,11430115685,12452966,13290882,855816,0,0,0,0,0,0,0,0,0,0,0,0,905,79,3,2,0,0,0,0,0,0,0,0,0
1779256930.3437386,g11.hpc.coe,43337,0.5001,0,100.0,2035.0,12288.0,10819066104,11430115764,12452969,13290884,855816,0,0,0,0,0,0,0,0,0,0,0,0,947,79,3,2,0,0,0,0,0,0,0,0,0
1779256930.8438675,g11.hpc.coe,43337,0.5001,0,100.0,2035.0,12288.0,10819067094,11430115843,12452972,13290886,855816,0,0,0,0,0,0,0,0,0,0,0,0,990,79,3,2,0,0,0,0,0,0,0,0,0
1779256931.3439605,g11.hpc.coe,43337,0.5001,0,100.0,2035.0,12288.0,10819068126,11430115922,12452975,13290888,855816,0,0,0,0,0,0,0,0,0,0,0,0,1032,79,3,2,0,0,0,0,0,0,0,0,0
1779256931.8440554,g11.hpc.coe,43337,0.5001,0,100.0,2035.0,12288.0,10833639090,11444708282,12467685,13305627,855827,0,0,0,0,0,0,0,0,0,0,0,0,14570964,14592360,14710,14739,11,0,0,0,0,0,0,0,0
1779256932.3441467,g11.hpc.coe,43337,0.5001,0,100.0,2035.0,12288.0,10853769673,11464852853,12487862,13325827,857258,0,0,0,0,0,0,0,0,0,0,0,0,20130583,20144571,20177,20200,1431,0,0,0,0,0,0,0,0
1779256932.844239,g11.hpc.coe,43337,0.5001,0,100.0,2035.0,12288.0,10853771466,11464853379,12487880,13325837,857258,0,0,0,0,0,0,0,0,0,0,0,0,1793,526,18,10,0,0,0,0,0,0,0,0,0
1779256933.3443284,g11.hpc.coe,43337,0.5001,0,100.0,2035.0,12288.0,10853771634,11464853436,12487882,13325838,857258,0,0,0,0,0,0,0,0,0,0,0,0,168,57,2,1,0,0,0,0,0,0,0,0,0
1779256933.844419,g11.hpc.coe,43337,0.5001,0,100.0,2035.0,12288.0,10853771844,11464853493,12487884,13325839,857258,0,0,0,0,0,0,0,0,0,0,0,0,210,57,2,1,0,0,0,0,0,0,0,0,0
1779256934.3445113,g11.hpc.coe,43337,0.5001,0,100.0,2035.0,12288.0,10853772096,11464853550,12487886,13325840,857258,0,0,0,0,0,0,0,0,0,0,0,0,252,57,2,1,0,0,0,0,0,0,0,0,0
1779256934.8446023,g11.hpc.coe,43337,0.5001,0,100.0,2035.0,12288.0,10853772391,11464853607,12487888,13325841,857258,0,0,0,0,0,0,0,0,0,0,0,0,295,57,2,1,0,0,0,0,0,0,0,0,0
1779256935.344693,g11.hpc.coe,43337,0.5001,0,100.0,2035.0,12288.0,10853772728,11464853664,12487890,13325842,857258,0,0,0,0,0,0,0,0,0,0,0,0,337,57,2,1,0,0,0,0,0,0,0,0,0
1779256935.8447838,g11.hpc.coe,43337,0.5001,0,100.0,2035.0,12288.0,10867653022,11478756007,12501861,13339837,857271,0,0,0,0,0,0,0,0,0,0,0,0,13880294,13902343,13971,13995,13,0,0,0,0,0,0,0,0
1779256936.3448741,g11.hpc.coe,43337,0.5001,0,100.0,2035.0,12288.0,10888472890,11499590538,12522789,13360784,857438,0,0,0,0,0,0,0,0,0,0,0,0,20819868,20834531,20928,20947,167,0,0,0,0,0,0,0,0
1779256936.8449664,g11.hpc.coe,43337,0.5001,0,100.0,2035.0,12288.0,10888473365,11499590595,12522791,13360785,857438,0,0,0,0,0,0,0,0,0,0,0,0,475,57,2,1,0,0,0,0,0,0,0,0,0
1779256937.3450644,g11.hpc.coe,43337,0.5001,0,100.0,2035.0,12288.0,10888473882,11499590652,12522793,13360786,857438,0,0,0,0,0,0,0,0,0,0,0,0,517,57,2,1,0,0,0,0,0,0,0,0,0
1779256937.8451777,g11.hpc.coe,43337,0.5001,0,100.0,2035.0,12288.0,10888474464,11499590731,12522796,13360788,857438,0,0,0,0,0,0,0,0,0,0,0,0,582,79,3,2,0,0,0,0,0,0,0,0,0
1779256938.3452706,g11.hpc.coe,43337,0.5001,0,100.0,2035.0,12288.0,10888475088,11499590810,12522799,13360790,857438,0,0,0,0,0,0,0,0,0,0,0,0,624,79,3,2,0,0,0,0,0,0,0,0,0
1779256938.8453627,g11.hpc.coe,43337,0.5001,0,100.0,2035.0,12288.0,10888475755,11499590889,12522802,13360792,857438,0,0,0,0,0,0,0,0,0,0,0,0,667,79,3,2,0,0,0,0,0,0,0,0,0
1779256939.3454535,g11.hpc.coe,43337,0.5001,0,100.0,2035.0,12288.0,10888476464,11499590968,12522805,13360794,857438,0,0,0,0,0,0,0,0,0,0,0,0,709,79,3,2,0,0,0,0,0,0,0,0,0
1779256939.8455443,g11.hpc.coe,43337,0.5001,0,100.0,2035.0,12288.0,10896107268,11507235941,12530543,13368540,857445,0,0,0,0,0,0,0,0,0,0,0,0,7630804,7644973,7738,7746,7,0,0,0,0,0,0,0,0
1779256940.3456345,g11.hpc.coe,43337,0.5001,0,100.0,2035.0,12288.0,10923177362,11534327774,12557705,13395722,860883,0,0,0,0,0,0,0,0,0,0,0,0,27070094,27091833,27162,27182,3438,0,0,0,0,0,0,0,0
1779256940.8457253,g11.hpc.coe,43337,0.5001,0,100.0,2035.0,12288.0,10923178208,11534327853,12557708,13395724,860883,0,0,0,0,0,0,0,0,0,0,0,0,846,79,3,2,0,0,0,0,0,0,0,0,0
1779256941.3458157,g11.hpc.coe,43337,0.5001,0,100.0,2035.0,12288.0,10923179097,11534327932,12557711,13395726,860883,0,0,0,0,0,0,0,0,0,0,0,0,889,79,3,2,0,0,0,0,0,0,0,0,0
1779256941.8459082,g11.hpc.coe,43337,0.5001,0,100.0,2035.0,12288.0,10923180028,11534328011,12557714,13395728,860883,0,0,0,0,0,0,0,0,0,0,0,0,931,79,3,2,0,0,0,0,0,0,0,0,0
1779256942.3460023,g11.hpc.coe,43337,0.5001,0,100.0,2035.0,12288.0,10923181002,11534328090,12557717,13395730,860883,0,0,0,0,0,0,0,0,0,0,0,0,974,79,3,2,0,0,0,0,0,0,0,0,0
1779256942.8460975,g11.hpc.coe,43337,0.5001,0,100.0,2035.0,12288.0,10923182095,11534328224,12557722,13395733,860883,0,0,0,0,0,0,0,0,0,0,0,0,1093,134,5,3,0,0,0,0,0,0,0,0,0
1779256943.3461897,g11.hpc.coe,43337,0.5001,0,100.0,2035.0,12288.0,10923183154,11534328303,12557725,13395735,860883,0,0,0,0,0,0,0,0,0,0,0,0,1059,79,3,2,0,0,0,0,0,0,0,0,0
1779256943.8462803,g11.hpc.coe,43337,0.5001,0,100.0,2035.0,12288.0,10930707847,11541973297,12565458,13403484,860891,0,0,0,0,0,0,0,0,0,0,0,0,7524693,7644994,7733,7749,8,0,0,0,0,0,0,0,0
1779256944.3463733,g11.hpc.coe,43337,0.5001,0,100.0,2035.0,12288.0,10957884768,11569065158,12592623,13430670,860917,0,0,0,0,0,0,0,0,0,0,0,0,27176921,27091861,27165,27186,26,0,0,0,0,0,0,0,0
1779256944.8464658,g11.hpc.coe,43337,0.5001,0,100.0,2035.0,12288.0,10957884918,11569065215,12592625,13430671,860917,0,0,0,0,0,0,0,0,0,0,0,0,150,57,2,1,0,0,0,0,0,0,0,0,0
1779256945.346558,g11.hpc.coe,43337,0.5001,0,100.0,2035.0,12288.0,10957885110,11569065272,12592627,13430672,860917,0,0,0,0,0,0,0,0,0,0,0,0,192,57,2,1,0,0,0,0,0,0,0,0,0
1779256945.8466547,g11.hpc.coe,43337,0.5001,0,100.0,2035.0,12288.0,10957885344,11569065329,12592629,13430673,860917,0,0,0,0,0,0,0,0,0,0,0,0,234,57,2,1,0,0,0,0,0,0,0,0,0
1779256946.3467464,g11.hpc.coe,43337,0.5001,0,100.0,2035.0,12288.0,10957885621,11569065386,12592631,13430674,860917,0,0,0,0,0,0,0,0,0,0,0,0,277,57,2,1,0,0,0,0,0,0,0,0,0
1779256946.8468406,g11.hpc.coe,43337,0.5001,0,100.0,2035.0,12288.0,10957885940,11569065443,12592633,13430675,860917,0,0,0,0,0,0,0,0,0,0,0,0,319,57,2,1,0,0,0,0,0,0,0,0,0
1779256947.3469315,g11.hpc.coe,43337,0.5001,0,100.0,2035.0,12288.0,10957886302,11569065500,12592635,13430676,860917,0,0,0,0,0,0,0,0,0,0,0,0,362,57,2,1,0,0,0,0,0,0,0,0,0
1779256947.8470216,g11.hpc.coe,43337,0.5001,0,100.0,2035.0,12288.0,10958577558,11569763643,12593408,13431448,860917,0,0,0,0,0,0,0,0,0,0,0,0,691256,698143,773,772,0,0,0,0,0,0,0,0,0
1779256948.3471162,g11.hpc.coe,43337,0.5001,0,100.0,2035.0,12288.0,10992587077,11603802757,12627534,13465610,860941,0,0,0,0,0,0,0,0,0,0,0,0,34009519,34039114,34126,34162,24,0,0,0,0,0,0,0,0
1779256948.8472083,g11.hpc.coe,43337,0.5001,0,100.0,2035.0,12288.0,10992587574,11603802814,12627536,13465611,860941,0,0,0,0,0,0,0,0,0,0,0,0,497,57,2,1,0,0,0,0,0,0,0,0,0
1779256949.3473015,g11.hpc.coe,43337,0.5001,0,100.0,2035.0,12288.0,10992588114,11603802871,12627538,13465612,860941,0,0,0,0,0,0,0,0,0,0,0,0,540,57,2,1,0,0,0,0,0,0,0,0,0
1779256949.847392,g11.hpc.coe,43337,0.5001,0,100.0,2035.0,12288.0,10992588718,11603802950,12627541,13465614,860941,0,0,0,0,0,0,0,0,0,0,0,0,604,79,3,2,0,0,0,0,0,0,0,0,0
1779256950.3474839,g11.hpc.coe,43337,0.5001,0,100.0,2035.0,12288.0,10992589364,11603803029,12627544,13465616,860941,0,0,0,0,0,0,0,0,0,0,0,0,646,79,3,2,0,0,0,0,0,0,0,0,0
1779256950.8475742,g11.hpc.coe,43337,0.5001,0,100.0,2035.0,12288.0,10992590053,11603803108,12627547,13465618,860941,0,0,0,0,0,0,0,0,0,0,0,0,689,79,3,2,0,0,0,0,0,0,0,0,0
1779256951.3476694,g11.hpc.coe,43337,0.5001,0,100.0,2035.0,12288.0,10992590784,11603803187,12627550,13465620,860941,0,0,0,0,0,0,0,0,0,0,0,0,731,79,3,2,0,0,0,0,0,0,0,0,0
1779256951.8477602,g11.hpc.coe,43337,0.5001,0,100.0,2035.0,12288.0,10993281503,11604500836,12628311,13466382,860941,0,0,0,0,0,0,0,0,0,0,0,0,690719,697649,761,762,0,0,0,0,0,0,0,0,0
1779256952.3478522,g11.hpc.coe,43337,0.5001,0,100.0,2035.0,12288.0,11027291725,11638540035,12662450,13500554,861131,0,0,0,0,0,0,0,0,0,0,0,0,34010222,34039199,34139,34172,190,0,0,0,0,0,0,0,0
1779256952.8479445,g11.hpc.coe,43337,0.5001,0,100.0,2035.0,12288.0,11027292669,11638540169,12662455,13500557,861131,0,0,0,0,0,0,0,0,0,0,0,0,944,134,5,3,0,0,0,0,0,0,0,0,0
1779256953.3480363,g11.hpc.coe,43337,0.5001,0,100.0,2035.0,12288.0,11027293579,11638540248,12662458,13500559,861131,0,0,0,0,0,0,0,0,0,0,0,0,910,79,3,2,0,0,0,0,0,0,0,0,0
1779256953.8481307,g11.hpc.coe,43337,0.5001,0,100.0,2035.0,12288.0,11027294531,11638540327,12662461,13500561,861131,0,0,0,0,0,0,0,0,0,0,0,0,952,79,3,2,0,0,0,0,0,0,0,0,0
1779256954.3482208,g11.hpc.coe,43337,0.5001,0,100.0,2035.0,12288.0,11027295526,11638540406,12662464,13500563,861131,0,0,0,0,0,0,0,0,0,0,0,0,995,79,3,2,0,0,0,0,0,0,0,0,0
1779256954.8483136,g11.hpc.coe,43337,0.5001,0,100.0,2035.0,12288.0,11027296563,11638540485,12662467,13500565,861131,0,0,0,0,0,0,0,0,0,0,0,0,1037,79,3,2,0,0,0,0,0,0,0,0,0
1779256955.348403,g11.hpc.coe,43337,0.5001,0,100.0,2035.0,12288.0,11027297665,11638540564,12662471,13500567,861131,0,0,0,0,0,0,0,0,0,0,0,0,1102,79,4,2,0,0,0,0,0,0,0,0,0
1779256955.848495,g11.hpc.coe,43337,0.5001,0,100.0,2035.0,12288.0,11027298809,11638540643,12662475,13500569,861131,0,0,0,0,0,0,0,0,0,0,0,0,1144,79,4,2,0,0,0,0,0,0,0,0,0
1779256956.3485854,g11.hpc.coe,43337,0.5001,0,100.0,2035.0,12288.0,11061999281,11673277412,12697364,13535501,861153,0,0,0,0,0,0,0,0,0,0,0,0,34700472,34736769,34889,34932,22,0,0,0,0,0,0,0,0
1779256956.848675,g11.hpc.coe,43337,0.5001,0,100.0,2035.0,12288.0,11061999447,11673277469,12697366,13535502,861153,0,0,0,0,0,0,0,0,0,0,0,0,166,57,2,1,0,0,0,0,0,0,0,0,0
1779256957.348768,g11.hpc.coe,43337,0.5001,0,100.0,2035.0,12288.0,11061999656,11673277526,12697368,13535503,861153,0,0,0,0,0,0,0,0,0,0,0,0,209,57,2,1,0,0,0,0,0,0,0,0,0
1779256957.8488555,g11.hpc.coe,43337,0.5001,0,100.0,2035.0,12288.0,11061999962,11673277638,12697371,13535505,861153,0,0,0,0,0,0,0,0,0,0,0,0,306,112,3,2,0,0,0,0,0,0,0,0,0
1779256958.348945,g11.hpc.coe,43337,0.5001,0,100.0,2035.0,12288.0,11062000278,11673277695,12697374,13535506,861153,0,0,0,0,0,0,0,0,0,0,0,0,316,57,3,1,0,0,0,0,0,0,0,0,0
1779256958.8490338,g11.hpc.coe,43337,0.5001,0,100.0,2035.0,12288.0,11062000614,11673277752,12697376,13535507,861153,0,0,0,0,0,0,0,0,0,0,0,0,336,57,2,1,0,0,0,0,0,0,0,0,0
1779256959.3491225,g11.hpc.coe,43337,0.5001,0,100.0,2035.0,12288.0,11062000992,11673277809,12697378,13535508,861153,0,0,0,0,0,0,0,0,0,0,0,0,378,57,2,1,0,0,0,0,0,0,0,0,0
1779256959.8492095,g11.hpc.coe,43337,0.5001,0,100.0,2035.0,12288.0,11062001413,11673277866,12697380,13535509,861153,0,0,0,0,0,0,0,0,0,0,0,0,421,57,2,1,0,0,0,0,0,0,0,0,0
1779256960.3493006,g11.hpc.coe,43337,0.5001,0,100.0,2035.0,12288.0,11090451520,11701764887,12726051,13564220,861184,0,0,0,0,0,0,0,0,0,0,0,0,28450107,28487021,28671,28711,31,0,0,0,0,0,0,0,0
1779256960.849397,g11.hpc.coe,43337,0.5001,0,100.0,2035.0,12288.0,11096701728,11708014691,12732277,13570444,861629,0,0,0,0,0,0,0,0,0,0,0,0,6250208,6249804,6226,6224,445,0,0,0,0,0,0,0,0
1779256961.3494864,g11.hpc.coe,43337,0.5001,0,100.0,2035.0,12288.0,11096702307,11708014770,12732280,13570446,861629,0,0,0,0,0,0,0,0,0,0,0,0,579,79,3,2,0,0,0,0,0,0,0,0,0
1779256961.8495758,g11.hpc.coe,43337,0.5001,0,100.0,2035.0,12288.0,11096702929,11708014849,12732283,13570448,861629,0,0,0,0,0,0,0,0,0,0,0,0,622,79,3,2,0,0,0,0,0,0,0,0,0
1779256962.349665,g11.hpc.coe,43337,0.5001,0,100.0,2035.0,12288.0,11096703850,11708015183,12732291,13570455,861629,0,0,0,0,0,0,0,0,0,0,0,0,921,334,8,7,0,0,0,0,0,0,0,0,0
1779256962.8497558,g11.hpc.coe,43337,0.5001,0,100.0,2035.0,12288.0,11096705180,11708015709,12732309,13570465,861629,0,0,0,0,0,0,0,0,0,0,0,0,1330,526,18,10,0,0,0,0,0,0,0,0,0
1779256963.3498478,g11.hpc.coe,43337,0.5001,0,100.0,2035.0,12288.0,11096706007,11708015843,12732314,13570468,861629,0,0,0,0,0,0,0,0,0,0,0,0,827,134,5,3,0,0,0,0,0,0,0,0,0
1779256963.8499389,g11.hpc.coe,43337,0.5001,0,100.0,2035.0,12288.0,11096706800,11708015922,12732317,13570470,861629,0,0,0,0,0,0,0,0,0,0,0,0,793,79,3,2,0,0,0,0,0,0,0,0,0
1779256964.350028,g11.hpc.coe,43337,0.5001,0,100.0,2035.0,12288.0,11124467173,11735812900,12760230,13598429,861655,0,0,0,0,0,0,0,0,0,0,0,0,27760373,27796978,27913,27959,26,0,0,0,0,0,0,0,0
1779256964.8501163,g11.hpc.coe,43337,0.5001,0,100.0,2035.0,12288.0,11131407706,11742752770,12767194,13605404,861661,0,0,0,0,0,0,0,0,0,0,0,0,6940533,6939870,6964,6975,6,0,0,0,0,0,0,0,0
1779256965.3502107,g11.hpc.coe,43337,0.5001,0,100.0,2035.0,12288.0,11131408635,11742752849,12767197,13605406,861661,0,0,0,0,0,0,0,0,0,0,0,0,929,79,3,2,0,0,0,0,0,0,0,0,0
1779256965.8503046,g11.hpc.coe,43337,0.5001,0,100.0,2035.0,12288.0,11131409607,11742752928,12767200,13605408,861661,0,0,0,0,0,0,0,0,0,0,0,0,972,79,3,2,0,0,0,0,0,0,0,0,0
1779256966.350393,g11.hpc.coe,43337,0.5001,0,100.0,2035.0,12288.0,11131410621,11742753007,12767203,13605410,861661,0,0,0,0,0,0,0,0,0,0,0,0,1014,79,3,2,0,0,0,0,0,0,0,0,0
1779256966.850481,g11.hpc.coe,43337,0.5001,0,100.0,2035.0,12288.0,11131411678,11742753086,12767206,13605412,861661,0,0,0,0,0,0,0,0,0,0,0,0,1057,79,3,2,0,0,0,0,0,0,0,0,0
1779256967.3505697,g11.hpc.coe,43337,0.5001,0,100.0,2035.0,12288.0,11131412799,11742753165,12767210,13605414,861661,0,0,0,0,0,0,0,0,0,0,0,0,1121,79,4,2,0,0,0,0,0,0,0,0,0
1779256967.8506572,g11.hpc.coe,43337,0.5001,0,100.0,2035.0,12288.0,11131413963,11742753244,12767214,13605416,861661,0,0,0,0,0,0,0,0,0,0,0,0,1164,79,4,2,0,0,0,0,0,0,0,0,0
1779256968.3507466,g11.hpc.coe,43337,0.5001,0,100.0,2035.0,12288.0,11152923903,11764292926,12788901,13627134,861679,0,0,0,0,0,0,0,0,0,0,0,0,21509940,21539682,21687,21718,18,0,0,0,0,0,0,0,0
1779256968.8508377,g11.hpc.coe,43337,0.5001,0,100.0,2035.0,12288.0,11166113650,11777490082,12802105,13640346,862519,0,0,0,0,0,0,0,0,0,0,0,0,13189747,13197156,13204,13212,840,0,0,0,0,0,0,0,0
1779256969.3509278,g11.hpc.coe,43337,0.5001,0,100.0,2035.0,12288.0,11166113884,11777490139,12802107,13640347,862519,0,0,0,0,0,0,0,0,0,0,0,0,234,57,2,1,0,0,0,0,0,0,0,0,0
1779256969.8510172,g11.hpc.coe,43337,0.5001,0,100.0,2035.0,12288.0,11166114160,11777490196,12802109,13640348,862519,0,0,0,0,0,0,0,0,0,0,0,0,276,57,2,1,0,0,0,0,0,0,0,0,0
1779256970.351105,g11.hpc.coe,43337,0.5001,0,100.0,2035.0,12288.0,11166114479,11777490253,12802111,13640349,862519,0,0,0,0,0,0,0,0,0,0,0,0,319,57,2,1,0,0,0,0,0,0,0,0,0
1779256970.8511934,g11.hpc.coe,43337,0.5001,0,100.0,2035.0,12288.0,11166114840,11777490310,12802113,13640350,862519,0,0,0,0,0,0,0,0,0,0,0,0,361,57,2,1,0,0,0,0,0,0,0,0,0
1779256971.3512826,g11.hpc.coe,43337,0.5001,0,100.0,2035.0,12288.0,11166115244,11777490367,12802115,13640351,862519,0,0,0,0,0,0,0,0,0,0,0,0,404,57,2,1,0,0,0,0,0,0,0,0,0
1779256971.851374,g11.hpc.coe,43337,0.5001,0,100.0,2035.0,12288.0,11166115690,11777490424,12802117,13640352,862519,0,0,0,0,0,0,0,0,0,0,0,0,446,57,2,1,0,0,0,0,0,0,0,0,0
1779256972.3514628,g11.hpc.coe,43337,0.5001,0,100.0,2035.0,12288.0,11187625930,11799030023,12823806,13662065,862540,0,0,0,0,0,0,0,0,0,0,0,0,21510240,21539599,21689,21713,21,0,0,0,0,0,0,0,0
1779256972.8515544,g11.hpc.coe,43337,0.5001,0,100.0,2035.0,12288.0,11200815999,11812227193,12837006,13675279,862553,0,0,0,0,0,0,0,0,0,0,0,0,13190069,13197170,13200,13214,13,0,0,0,0,0,0,0,0
1779256973.3516424,g11.hpc.coe,43337,0.5001,0,100.0,2035.0,12288.0,11200816681,11812227327,12837011,13675282,862553,0,0,0,0,0,0,0,0,0,0,0,0,682,134,5,3,0,0,0,0,0,0,0,0,0
1779256973.8517323,g11.hpc.coe,43337,0.5001,0,100.0,2035.0,12288.0,11200817329,11812227406,12837014,13675284,862553,0,0,0,0,0,0,0,0,0,0,0,0,648,79,3,2,0,0,0,0,0,0,0,0,0
1779256974.3518217,g11.hpc.coe,43337,0.5001,0,100.0,2035.0,12288.0,11200818020,11812227485,12837017,13675286,862553,0,0,0,0,0,0,0,0,0,0,0,0,691,79,3,2,0,0,0,0,0,0,0,0,0
1779256974.85191,g11.hpc.coe,43337,0.5001,0,100.0,2035.0,12288.0,11200818753,11812227564,12837020,13675288,862553,0,0,0,0,0,0,0,0,0,0,0,0,733,79,3,2,0,0,0,0,0,0,0,0,0
1779256975.351999,g11.hpc.coe,43337,0.5001,0,100.0,2035.0,12288.0,11200819528,11812227643,12837023,13675290,862553,0,0,0,0,0,0,0,0,0,0,0,0,775,79,3,2,0,0,0,0,0,0,0,0,0
1779256975.8521154,g11.hpc.coe,43337,0.5001,0,100.0,2035.0,12288.0,11200820345,11812227722,12837026,13675292,862553,0,0,0,0,0,0,0,0,0,0,0,0,817,79,3,2,0,0,0,0,0,0,0,0,0
1779256976.352203,g11.hpc.coe,43337,0.5001,0,100.0,2035.0,12288.0,11200821205,11812227801,12837029,13675294,862553,0,0,0,0,0,0,0,0,0,0,0,0,860,79,3,2,0,0,0,0,0,0,0,0,0
1779256976.852295,g11.hpc.coe,43337,0.5001,0,100.0,2035.0,12288.0,11229271765,11840714844,12865703,13704006,862596,0,0,0,0,0,0,0,0,0,0,0,0,28450560,28487043,28674,28712,43,0,0,0,0,0,0,0,0
1779256977.352372,g11.hpc.coe,43337,0.5001,0,100.0,2035.0,12288.0,11235522404,11846964649,12871929,13710228,864498,0,0,0,0,0,0,0,0,0,0,0,0,6250639,6249805,6226,6222,1902,0,0,0,0,0,0,0,0
1779256977.8524592,g11.hpc.coe,43337,0.5001,0,100.0,2035.0,12288.0,11235524001,11846965175,12871946,13710238,864498,0,0,0,0,0,0,0,0,0,0,0,0,1597,526,17,10,0,0,0,0,0,0,0,0,0
1779256978.3525474,g11.hpc.coe,43337,0.5001,0,100.0,2035.0,12288.0,11235525118,11846965309,12871951,13710241,864498,0,0,0,0,0,0,0,0,0,0,0,0,1117,134,5,3,0,0,0,0,0,0,0,0,0
1779256978.852641,g11.hpc.coe,43337,0.5001,0,100.0,2035.0,12288.0,11235526223,11846965388,12871955,13710243,864498,0,0,0,0,0,0,0,0,0,0,0,0,1105,79,4,2,0,0,0,0,0,0,0,0,0
1779256979.35273,g11.hpc.coe,43337,0.5001,0,100.0,2035.0,12288.0,11235527370,11846965467,12871959,13710245,864498,0,0,0,0,0,0,0,0,0,0,0,0,1147,79,4,2,0,0,0,0,0,0,0,0,0
1779256979.8528194,g11.hpc.coe,43337,0.5001,0,100.0,2035.0,12288.0,11235528559,11846965546,12871963,13710247,864498,0,0,0,0,0,0,0,0,0,0,0,0,1189,79,4,2,0,0,0,0,0,0,0,0,0
1779256980.3529084,g11.hpc.coe,43337,0.5001,0,100.0,2035.0,12288.0,11235528723,11846965603,12871965,13710248,864498,0,0,0,0,0,0,0,0,0,0,0,0,164,57,2,1,0,0,0,0,0,0,0,0,0
1779256980.852996,g11.hpc.coe,43337,0.5001,0,100.0,2035.0,12288.0,11263288516,11874762573,12899884,13738208,864522,0,0,0,0,0,0,0,0,0,0,0,0,27759793,27796970,27919,27960,24,0,0,0,0,0,0,0,0
1779256981.353058,g11.hpc.coe,43337,0.5001,0,100.0,2035.0,12288.0,11270228483,11881702400,12906856,13745179,864528,0,0,0,0,0,0,0,0,0,0,0,0,6939967,6939827,6972,6971,6,0,0,0,0,0,0,0,0
1779256981.853147,g11.hpc.coe,43337,0.5001,0,100.0,2035.0,12288.0,11270228783,11881702457,12906858,13745180,864528,0,0,0,0,0,0,0,0,0,0,0,0,300,57,2,1,0,0,0,0,0,0,0,0,0
1779256982.3532348,g11.hpc.coe,43337,0.5001,0,100.0,2035.0,12288.0,11270229125,11881702514,12906860,13745181,864528,0,0,0,0,0,0,0,0,0,0,0,0,342,57,2,1,0,0,0,0,0,0,0,0,0
1779256982.8533282,g11.hpc.coe,43337,0.5001,0,100.0,2035.0,12288.0,11270229510,11881702571,12906862,13745182,864528,0,0,0,0,0,0,0,0,0,0,0,0,385,57,2,1,0,0,0,0,0,0,0,0,0
1779256983.3534174,g11.hpc.coe,43337,0.5001,0,100.0,2035.0,12288.0,11270229937,11881702628,12906864,13745183,864528,0,0,0,0,0,0,0,0,0,0,0,0,427,57,2,1,0,0,0,0,0,0,0,0,0
1779256983.8535051,g11.hpc.coe,43337,0.5001,0,100.0,2035.0,12288.0,11270230484,11881702740,12906868,13745185,864528,0,0,0,0,0,0,0,0,0,0,0,0,547,112,4,2,0,0,0,0,0,0,0,0,0
1779256984.3535943,g11.hpc.coe,43337,0.5001,0,100.0,2035.0,12288.0,11270230996,11881702797,12906870,13745186,864528,0,0,0,0,0,0,0,0,0,0,0,0,512,57,2,1,0,0,0,0,0,0,0,0,0
1779256984.8536847,g11.hpc.coe,43337,0.5001,0,100.0,2035.0,12288.0,11291741297,11903242439,12928556,13766903,865048,0,0,0,0,0,0,0,0,0,0,0,0,21510301,21539642,21686,21717,520,0,0,0,0,0,0,0,0
1779256985.3537774,g11.hpc.coe,43337,0.5001,0,100.0,2035.0,12288.0,11304931434,11916439638,12941754,13780119,868103,0,0,0,0,0,0,0,0,0,0,0,0,13190137,13197199,13198,13216,3055,0,0,0,0,0,0,0,0
1779256985.8538656,g11.hpc.coe,43337,0.5001,0,100.0,2035.0,12288.0,11304932107,11916439717,12941757,13780121,868103,0,0,0,0,0,0,0,0,0,0,0,0,673,79,3,2,0,0,0,0,0,0,0,0,0
1779256986.353954,g11.hpc.coe,43337,0.5001,0,100.0,2035.0,12288.0,11304932822,11916439796,12941760,13780123,868103,0,0,0,0,0,0,0,0,0,0,0,0,715,79,3,2,0,0,0,0,0,0,0,0,0
1779256986.8540435,g11.hpc.coe,43337,0.5001,0,100.0,2035.0,12288.0,11304933579,11916439875,12941763,13780125,868103,0,0,0,0,0,0,0,0,0,0,0,0,757,79,3,2,0,0,0,0,0,0,0,0,0
1779256987.3541336,g11.hpc.coe,43337,0.5001,0,100.0,2035.0,12288.0,11304934379,11916439954,12941766,13780127,868103,0,0,0,0,0,0,0,0,0,0,0,0,800,79,3,2,0,0,0,0,0,0,0,0,0
1779256987.8542242,g11.hpc.coe,43337,0.5001,0,100.0,2035.0,12288.0,11304935221,11916440033,12941769,13780129,868103,0,0,0,0,0,0,0,0,0,0,0,0,842,79,3,2,0,0,0,0,0,0,0,0,0
1779256988.354316,g11.hpc.coe,43337,0.5001,0,100.0,2035.0,12288.0,11304936106,11916440112,12941772,13780131,868103,0,0,0,0,0,0,0,0,0,0,0,0,885,79,3,2,0,0,0,0,0,0,0,0,0
1779256988.854405,g11.hpc.coe,43337,0.5001,0,100.0,2035.0,12288.0,11325756825,11937289814,12962715,13801106,868220,0,0,0,0,0,0,0,0,0,0,0,0,20820719,20849702,20943,20975,117,0,0,0,0,0,0,0,0
1779256989.3544958,g11.hpc.coe,43337,0.5001,0,100.0,2035.0,12288.0,11339637363,11951177008,12976664,13815065,868238,0,0,0,0,0,0,0,0,0,0,0,0,13880538,13887194,13949,13959,18,0,0,0,0,0,0,0,0
1779256989.854585,g11.hpc.coe,43337,0.5001,0,100.0,2035.0,12288.0,11339638385,11951177087,12976667,13815067,868238,0,0,0,0,0,0,0,0,0,0,0,0,1022,79,3,2,0,0,0,0,0,0,0,0,0
1779256990.3546762,g11.hpc.coe,43337,0.5001,0,100.0,2035.0,12288.0,11339639472,11951177166,12976671,13815069,868238,0,0,0,0,0,0,0,0,0,0,0,0,1087,79,4,2,0,0,0,0,0,0,0,0,0
1779256990.8547673,g11.hpc.coe,43337,0.5001,0,100.0,2035.0,12288.0,11339640601,11951177245,12976675,13815071,868238,0,0,0,0,0,0,0,0,0,0,0,0,1129,79,4,2,0,0,0,0,0,0,0,0,0
1779256991.354854,g11.hpc.coe,43337,0.5001,0,100.0,2035.0,12288.0,11339641773,11951177324,12976679,13815073,868238,0,0,0,0,0,0,0,0,0,0,0,0,1172,79,4,2,0,0,0,0,0,0,0,0,0
1779256991.8549438,g11.hpc.coe,43337,0.5001,0,100.0,2035.0,12288.0,11339641920,11951177381,12976681,13815074,868238,0,0,0,0,0,0,0,0,0,0,0,0,147,57,2,1,0,0,0,0,0,0,0,0,0
1779256992.3550308,g11.hpc.coe,43337,0.5001,0,100.0,2035.0,12288.0,11339642109,11951177438,12976683,13815075,868238,0,0,0,0,0,0,0,0,0,0,0,0,189,57,2,1,0,0,0,0,0,0,0,0,0
1779256992.8551214,g11.hpc.coe,43337,0.5001,0,100.0,2035.0,12288.0,11354212865,11965770223,12991413,13829821,868404,0,0,0,0,0,0,0,0,0,0,0,0,14570756,14592785,14730,14746,166,0,0,0,0,0,0,0,0
1779256993.3552203,g11.hpc.coe,43337,0.5001,0,100.0,2035.0,12288.0,11374342562,11985914710,13011594,13850018,868924,0,0,0,0,0,0,0,0,0,0,0,0,20129697,20144487,20181,20197,520,0,0,0,0,0,0,0,0
1779256993.8553085,g11.hpc.coe,43337,0.5001,0,100.0,2035.0,12288.0,11374342966,11985914822,13011598,13850020,868924,0,0,0,0,0,0,0,0,0,0,0,0,404,112,4,2,0,0,0,0,0,0,0,0,0
1779256994.3553972,g11.hpc.coe,43337,0.5001,0,100.0,2035.0,12288.0,11374343336,11985914879,13011600,13850021,868924,0,0,0,0,0,0,0,0,0,0,0,0,370,57,2,1,0,0,0,0,0,0,0,0,0
1779256994.8554854,g11.hpc.coe,43337,0.5001,0,100.0,2035.0,12288.0,11374343748,11985914936,13011602,13850022,868924,0,0,0,0,0,0,0,0,0,0,0,0,412,57,2,1,0,0,0,0,0,0,0,0,0
1779256995.3555732,g11.hpc.coe,43337,0.5001,0,100.0,2035.0,12288.0,11374344203,11985914993,13011604,13850023,868924,0,0,0,0,0,0,0,0,0,0,0,0,455,57,2,1,0,0,0,0,0,0,0,0,0
1779256995.8556602,g11.hpc.coe,43337,0.5001,0,100.0,2035.0,12288.0,11374344700,11985915050,13011606,13850024,868924,0,0,0,0,0,0,0,0,0,0,0,0,497,57,2,1,0,0,0,0,0,0,0,0,0
1779256996.3557503,g11.hpc.coe,43337,0.5001,0,100.0,2035.0,12288.0,11374345240,11985915107,13011608,13850025,868924,0,0,0,0,0,0,0,0,0,0,0,0,540,57,2,1,0,0,0,0,0,0,0,0,0
1779256996.8558373,g11.hpc.coe,43337,0.5001,0,100.0,2035.0,12288.0,11388915781,12000507481,13026327,13864766,868948,0,0,0,0,0,0,0,0,0,0,0,0,14570541,14592374,14719,14741,24,0,0,0,0,0,0,0,0
1779256997.3559325,g11.hpc.coe,43337,0.5001,0,100.0,2035.0,12288.0,11409045851,12020651997,13046509,13884965,868967,0,0,0,0,0,0,0,0,0,0,0,0,20130070,20144516,20182,20199,19,0,0,0,0,0,0,0,0
1779256997.8560228,g11.hpc.coe,43337,0.5001,0,100.0,2035.0,12288.0,11409046550,12020652076,13046512,13884967,868967,0,0,0,0,0,0,0,0,0,0,0,0,699,79,3,2,0,0,0,0,0,0,0,0,0
1779256998.3561125,g11.hpc.coe,43337,0.5001,0,100.0,2035.0,12288.0,11409047292,12020652155,13046515,13884969,868967,0,0,0,0,0,0,0,0,0,0,0,0,742,79,3,2,0,0,0,0,0,0,0,0,0
1779256998.8562021,g11.hpc.coe,43337,0.5001,0,100.0,2035.0,12288.0,11409048153,12020652289,13046520,13884972,868967,0,0,0,0,0,0,0,0,0,0,0,0,861,134,5,3,0,0,0,0,0,0,0,0,0
1779256999.3562915,g11.hpc.coe,43337,0.5001,0,100.0,2035.0,12288.0,11409048980,12020652368,13046523,13884974,868967,0,0,0,0,0,0,0,0,0,0,0,0,827,79,3,2,0,0,0,0,0,0,0,0,0
1779256999.8563833,g11.hpc.coe,43337,0.5001,0,100.0,2035.0,12288.0,11409049850,12020652447,13046526,13884976,868967,0,0,0,0,0,0,0,0,0,0,0,0,870,79,3,2,0,0,0,0,0,0,0,0,0
1779257000.3564727,g11.hpc.coe,43337,0.5001,0,100.0,2035.0,12288.0,11409050762,12020652526,13046529,13884978,868967,0,0,0,0,0,0,0,0,0,0,0,0,912,79,3,2,0,0,0,0,0,0,0,0,0
1779257000.8565638,g11.hpc.coe,43337,0.5001,0,100.0,2035.0,12288.0,11417719118,12029363830,13055791,13894095,868975,0,0,0,0,0,0,0,0,0,0,0,0,8668356,8711304,9262,9117,8,0,0,0,0,0,0,0,0
1779257001.3566563,g11.hpc.coe,43337,0.5001,0,100.0,2035.0,12288.0,11443752066,12055389367,13081429,13919911,869004,0,0,0,0,0,0,0,0,0,0,0,0,26032948,26025537,25638,25816,29,0,0,0,0,0,0,0,0
1779257001.8567436,g11.hpc.coe,43337,0.5001,0,100.0,2035.0,12288.0,11443753114,12055389446,13081432,13919913,869004,0,0,0,0,0,0,0,0,0,0,0,0,1048,79,3,2,0,0,0,0,0,0,0,0,0
1779257002.3568356,g11.hpc.coe,43337,0.5001,0,100.0,2035.0,12288.0,11443754227,12055389525,13081436,13919915,869004,0,0,0,0,0,0,0,0,0,0,0,0,1113,79,4,2,0,0,0,0,0,0,0,0,0
1779257002.8569238,g11.hpc.coe,43337,0.5001,0,100.0,2035.0,12288.0,11443755383,12055389604,13081440,13919917,869004,0,0,0,0,0,0,0,0,0,0,0,0,1156,79,4,2,0,0,0,0,0,0,0,0,0
1779257003.3570137,g11.hpc.coe,43337,0.5001,0,100.0,2035.0,12288.0,11443755514,12055389661,13081442,13919918,869004,0,0,0,0,0,0,0,0,0,0,0,0,131,57,2,1,0,0,0,0,0,0,0,0,0
1779257003.8571026,g11.hpc.coe,43337,0.5001,0,100.0,2035.0,12288.0,11443755687,12055389718,13081444,13919919,869004,0,0,0,0,0,0,0,0,0,0,0,0,173,57,2,1,0,0,0,0,0,0,0,0,0
1779257004.3571944,g11.hpc.coe,43337,0.5001,0,100.0,2035.0,12288.0,11443755980,12055389830,13081448,13919921,869004,0,0,0,0,0,0,0,0,0,0,0,0,293,112,4,2,0,0,0,0,0,0,0,0,0
1779257004.8572845,g11.hpc.coe,43337,0.5001,0,100.0,2035.0,12288.0,11451386262,12063034788,13089181,13927667,869010,0,0,0,0,0,0,0,0,0,0,0,0,7630282,7644958,7733,7746,6,0,0,0,0,0,0,0,0
1779257005.3573742,g11.hpc.coe,43337,0.5001,0,100.0,2035.0,12288.0,11478455814,12090126613,13116335,13954850,869028,0,0,0,0,0,0,0,0,0,0,0,0,27069552,27091825,27154,27183,18,0,0,0,0,0,0,0,0
1779257005.857468,g11.hpc.coe,43337,0.5001,0,100.0,2035.0,12288.0,11478456166,12090126670,13116337,13954851,869028,0,0,0,0,0,0,0,0,0,0,0,0,352,57,2,1,0,0,0,0,0,0,0,0,0
1779257006.3575563,g11.hpc.coe,43337,0.5001,0,100.0,2035.0,12288.0,11478456560,12090126727,13116339,13954852,869028,0,0,0,0,0,0,0,0,0,0,0,0,394,57,2,1,0,0,0,0,0,0,0,0,0
1779257006.8576443,g11.hpc.coe,43337,0.5001,0,100.0,2035.0,12288.0,11478456997,12090126784,13116341,13954853,869028,0,0,0,0,0,0,0,0,0,0,0,0,437,57,2,1,0,0,0,0,0,0,0,0,0
1779257007.3577347,g11.hpc.coe,43337,0.5001,0,100.0,2035.0,12288.0,11478457476,12090126841,13116343,13954854,869028,0,0,0,0,0,0,0,0,0,0,0,0,479,57,2,1,0,0,0,0,0,0,0,0,0
1779257007.857831,g11.hpc.coe,43337,0.5001,0,100.0,2035.0,12288.0,11478458599,12090127345,13116359,13954863,869028,0,0,0,0,0,0,0,0,0,0,0,0,1123,504,16,9,0,0,0,0,0,0,0,0,0
1779257008.3579204,g11.hpc.coe,43337,0.5001,0,100.0,2035.0,12288.0,11478459186,12090127424,13116362,13954865,869028,0,0,0,0,0,0,0,0,0,0,0,0,587,79,3,2,0,0,0,0,0,0,0,0,0
1779257008.8580124,g11.hpc.coe,43337,0.5001,0,100.0,2035.0,12288.0,11485399837,12097082416,13123352,13961870,869032,0,0,0,0,0,0,0,0,0,0,0,0,6940651,6954992,6990,7005,4,0,0,0,0,0,0,0,0
1779257009.3581038,g11.hpc.coe,43337,0.5001,0,100.0,2035.0,12288.0,11513159867,12124864320,13151257,13989799,869751,0,0,0,0,0,0,0,0,0,0,0,0,27760030,27781904,27905,27929,719,0,0,0,0,0,0,0,0
1779257009.858191,g11.hpc.coe,43337,0.5001,0,100.0,2035.0,12288.0,11513160590,12124864399,13151260,13989801,869751,0,0,0,0,0,0,0,0,0,0,0,0,723,79,3,2,0,0,0,0,0,0,0,0,0
1779257010.3582811,g11.hpc.coe,43337,0.5001,0,100.0,2035.0,12288.0,11513161356,12124864478,13151263,13989803,869751,0,0,0,0,0,0,0,0,0,0,0,0,766,79,3,2,0,0,0,0,0,0,0,0,0
1779257010.858369,g11.hpc.coe,43337,0.5001,0,100.0,2035.0,12288.0,11513162164,12124864557,13151266,13989805,869751,0,0,0,0,0,0,0,0,0,0,0,0,808,79,3,2,0,0,0,0,0,0,0,0,0
1779257011.3584592,g11.hpc.coe,43337,0.5001,0,100.0,2035.0,12288.0,11513163014,12124864636,13151269,13989807,869751,0,0,0,0,0,0,0,0,0,0,0,0,850,79,3,2,0,0,0,0,0,0,0,0,0
1779257011.858548,g11.hpc.coe,43337,0.5001,0,100.0,2035.0,12288.0,11513163907,12124864715,13151272,13989809,869751,0,0,0,0,0,0,0,0,0,0,0,0,893,79,3,2,0,0,0,0,0,0,0,0,0
1779257012.3586352,g11.hpc.coe,43337,0.5001,0,100.0,2035.0,12288.0,11513164842,12124864794,13151275,13989811,869751,0,0,0,0,0,0,0,0,0,0,0,0,935,79,3,2,0,0,0,0,0,0,0,0,0
1779257012.8587244,g11.hpc.coe,43337,0.5001,0,100.0,2035.0,12288.0,11513855994,12125562464,13152033,13990576,869753,0,0,0,0,0,0,0,0,0,0,0,0,691152,697670,758,765,2,0,0,0,0,0,0,0,0
1779257013.3588288,g11.hpc.coe,43337,0.5001,0,100.0,2035.0,12288.0,11547866142,12159601621,13186168,14024742,871253,0,0,0,0,0,0,0,0,0,0,0,0,34010148,34039157,34135,34166,1500,0,0,0,0,0,0,0,0
1779257013.8589175,g11.hpc.coe,43337,0.5001,0,100.0,2035.0,12288.0,11547867235,12159601700,13186172,14024744,871253,0,0,0,0,0,0,0,0,0,0,0,0,1093,79,4,2,0,0,0,0,0,0,0,0,0
1779257014.3590064,g11.hpc.coe,43337,0.5001,0,100.0,2035.0,12288.0,11547868448,12159601834,13186178,14024747,871253,0,0,0,0,0,0,0,0,0,0,0,0,1213,134,6,3,0,0,0,0,0,0,0,0,0
1779257014.8590965,g11.hpc.coe,43337,0.5001,0,100.0,2035.0,12288.0,11547869627,12159601913,13186182,14024749,871253,0,0,0,0,0,0,0,0,0,0,0,0,1179,79,4,2,0,0,0,0,0,0,0,0,0
1779257015.3591857,g11.hpc.coe,43337,0.5001,0,100.0,2035.0,12288.0,11547869780,12159601970,13186184,14024750,871253,0,0,0,0,0,0,0,0,0,0,0,0,153,57,2,1,0,0,0,0,0,0,0,0,0
1779257015.8592756,g11.hpc.coe,43337,0.5001,0,100.0,2035.0,12288.0,11547869976,12159602027,13186186,14024751,871253,0,0,0,0,0,0,0,0,0,0,0,0,196,57,2,1,0,0,0,0,0,0,0,0,0
1779257016.3593647,g11.hpc.coe,43337,0.5001,0,100.0,2035.0,12288.0,11547870214,12159602084,13186188,14024752,871253,0,0,0,0,0,0,0,0,0,0,0,0,238,57,2,1,0,0,0,0,0,0,0,0,0
1779257016.859453,g11.hpc.coe,43337,0.5001,0,100.0,2035.0,12288.0,11547870646,12159609702,13186198,14024768,871253,0,0,0,0,0,0,0,0,0,0,0,0,432,7618,10,16,0,0,0,0,0,0,0,0,0
1779257017.359544,g11.hpc.coe,43337,0.5001,0,100.0,2035.0,12288.0,11582570132,12194338839,13221081,14059677,871540,0,0,0,0,0,0,0,0,0,0,0,0,34699486,34729137,34883,34909,287,0,0,0,0,0,0,0,0
1779257017.8596334,g11.hpc.coe,43337,0.5001,0,100.0,2035.0,12288.0,11582570504,12194338896,13221083,14059678,871540,0,0,0,0,0,0,0,0,0,0,0,0,372,57,2,1,0,0,0,0,0,0,0,0,0
1779257018.359725,g11.hpc.coe,43337,0.5001,0,100.0,2035.0,12288.0,11582570918,12194338953,13221085,14059679,871540,0,0,0,0,0,0,0,0,0,0,0,0,414,57,2,1,0,0,0,0,0,0,0,0,0
1779257018.8598325,g11.hpc.coe,43337,0.5001,0,100.0,2035.0,12288.0,11582571374,12194339010,13221087,14059680,871540,0,0,0,0,0,0,0,0,0,0,0,0,456,57,2,1,0,0,0,0,0,0,0,0,0
1779257019.359922,g11.hpc.coe,43337,0.5001,0,100.0,2035.0,12288.0,11582571950,12194339122,13221091,14059682,871540,0,0,0,0,0,0,0,0,0,0,0,0,576,112,4,2,0,0,0,0,0,0,0,0,0
1779257019.860009,g11.hpc.coe,43337,0.5001,0,100.0,2035.0,12288.0,11582572491,12194339179,13221093,14059683,871540,0,0,0,0,0,0,0,0,0,0,0,0,541,57,2,1,0,0,0,0,0,0,0,0,0
1779257020.3600986,g11.hpc.coe,43337,0.5001,0,100.0,2035.0,12288.0,11582573097,12194339258,13221096,14059685,871540,0,0,0,0,0,0,0,0,0,0,0,0,606,79,3,2,0,0,0,0,0,0,0,0,0
1779257020.8601904,g11.hpc.coe,43337,0.5001,0,100.0,2035.0,12288.0,11582573745,12194339337,13221099,14059687,871540,0,0,0,0,0,0,0,0,0,0,0,0,648,79,3,2,0,0,0,0,0,0,0,0,0
1779257021.3602788,g11.hpc.coe,43337,0.5001,0,100.0,2035.0,12288.0,11615128417,12226972997,13253944,14092716,871650,0,0,0,0,0,0,0,0,0,0,0,0,32554672,32633660,32845,33029,110,0,0,0,0,0,0,0,0
1779257021.860366,g11.hpc.coe,43337,0.5001,0,100.0,2035.0,12288.0,11617274515,12229076136,13255998,14094614,871652,0,0,0,0,0,0,0,0,0,0,0,0,2146098,2103139,2054,1898,2,0,0,0,0,0,0,0,0
1779257022.360456,g11.hpc.coe,43337,0.5001,0,100.0,2035.0,12288.0,11617275556,12229076470,13256006,14094621,871652,0,0,0,0,0,0,0,0,0,0,0,0,1041,334,8,7,0,0,0,0,0,0,0,0,0
1779257022.8605473,g11.hpc.coe,43337,0.5001,0,100.0,2035.0,12288.0,11617277006,12229076996,13256024,14094631,871652,0,0,0,0,0,0,0,0,0,0,0,0,1450,526,18,10,0,0,0,0,0,0,0,0,0
1779257023.3606381,g11.hpc.coe,43337,0.5001,0,100.0,2035.0,12288.0,11617277877,12229077075,13256027,14094633,871652,0,0,0,0,0,0,0,0,0,0,0,0,871,79,3,2,0,0,0,0,0,0,0,0,0
1779257023.8607266,g11.hpc.coe,43337,0.5001,0,100.0,2035.0,12288.0,11617278790,12229077154,13256030,14094635,871652,0,0,0,0,0,0,0,0,0,0,0,0,913,79,3,2,0,0,0,0,0,0,0,0,0
1779257024.3608153,g11.hpc.coe,43337,0.5001,0,100.0,2035.0,12288.0,11617279746,12229077233,13256033,14094637,871652,0,0,0,0,0,0,0,0,0,0,0,0,956,79,3,2,0,0,0,0,0,0,0,0,0
1779257024.8609045,g11.hpc.coe,43337,0.5001,0,100.0,2035.0,12288.0,11617280799,12229077367,13256037,14094640,871652,0,0,0,0,0,0,0,0,0,0,0,0,1053,134,4,3,0,0,0,0,0,0,0,0,0
1779257025.3609948,g11.hpc.coe,43337,0.5001,0,100.0,2035.0,12288.0,11645731470,12257564361,13284707,14123345,871680,0,0,0,0,0,0,0,0,0,0,0,0,28450671,28486994,28670,28705,28,0,0,0,0,0,0,0,0
1779257025.8610837,g11.hpc.coe,43337,0.5001,0,100.0,2035.0,12288.0,11651982243,12263814201,13290930,14129572,871760,0,0,0,0,0,0,0,0,0,0,0,0,6250773,6249840,6223,6227,80,0,0,0,0,0,0,0,0
1779257026.3611727,g11.hpc.coe,43337,0.5001,0,100.0,2035.0,12288.0,11651983400,12263814280,13290934,14129574,871760,0,0,0,0,0,0,0,0,0,0,0,0,1157,79,4,2,0,0,0,0,0,0,0,0,0
1779257026.8612623,g11.hpc.coe,43337,0.5001,0,100.0,2035.0,12288.0,11651983532,12263814337,13290936,14129575,871760,0,0,0,0,0,0,0,0,0,0,0,0,132,57,2,1,0,0,0,0,0,0,0,0,0
1779257027.3613513,g11.hpc.coe,43337,0.5001,0,100.0,2035.0,12288.0,11651983706,12263814394,13290938,14129576,871760,0,0,0,0,0,0,0,0,0,0,0,0,174,57,2,1,0,0,0,0,0,0,0,0,0
1779257027.8614404,g11.hpc.coe,43337,0.5001,0,100.0,2035.0,12288.0,11651983923,12263814451,13290940,14129577,871760,0,0,0,0,0,0,0,0,0,0,0,0,217,57,2,1,0,0,0,0,0,0,0,0,0
1779257028.3615282,g11.hpc.coe,43337,0.5001,0,100.0,2035.0,12288.0,11651984182,12263814508,13290942,14129578,871760,0,0,0,0,0,0,0,0,0,0,0,0,259,57,2,1,0,0,0,0,0,0,0,0,0
1779257028.8616178,g11.hpc.coe,43337,0.5001,0,100.0,2035.0,12288.0,11651984484,12263814565,13290944,14129579,871760,0,0,0,0,0,0,0,0,0,0,0,0,302,57,2,1,0,0,0,0,0,0,0,0,0
1779257029.3617105,g11.hpc.coe,43337,0.5001,0,100.0,2035.0,12288.0,11679744344,12291611320,13318853,14157538,871787,0,0,0,0,0,0,0,0,0,0,0,0,27759860,27796755,27909,27959,27,0,0,0,0,0,0,0,0
1779257029.8617988,g11.hpc.coe,43337,0.5001,0,100.0,2035.0,12288.0,11686684568,12298551424,13325833,14164512,871792,0,0,0,0,0,0,0,0,0,0,0,0,6940224,6940104,6980,6974,5,0,0,0,0,0,0,0,0
1779257030.3618882,g11.hpc.coe,43337,0.5001,0,100.0,2035.0,12288.0,11686685006,12298551481,13325835,14164513,871792,0,0,0,0,0,0,0,0,0,0,0,0,438,57,2,1,0,0,0,0,0,0,0,0,0
1779257030.8619757,g11.hpc.coe,43337,0.5001,0,100.0,2035.0,12288.0,11686685487,12298551538,13325837,14164514,871792,0,0,0,0,0,0,0,0,0,0,0,0,481,57,2,1,0,0,0,0,0,0,0,0,0
1779257031.3620663,g11.hpc.coe,43337,0.5001,0,100.0,2035.0,12288.0,11686686010,12298551595,13325839,14164515,871792,0,0,0,0,0,0,0,0,0,0,0,0,523,57,2,1,0,0,0,0,0,0,0,0,0
1779257031.8621576,g11.hpc.coe,43337,0.5001,0,100.0,2035.0,12288.0,11686686598,12298551674,13325842,14164517,871792,0,0,0,0,0,0,0,0,0,0,0,0,588,79,3,2,0,0,0,0,0,0,0,0,0
1779257032.3622472,g11.hpc.coe,43337,0.5001,0,100.0,2035.0,12288.0,11686687228,12298551753,13325845,14164519,871792,0,0,0,0,0,0,0,0,0,0,0,0,630,79,3,2,0,0,0,0,0,0,0,0,0
1779257032.8623374,g11.hpc.coe,43337,0.5001,0,100.0,2035.0,12288.0,11686687901,12298551832,13325848,14164521,871792,0,0,0,0,0,0,0,0,0,0,0,0,673,79,3,2,0,0,0,0,0,0,0,0,0
1779257033.3624284,g11.hpc.coe,43337,0.5001,0,100.0,2035.0,12288.0,11708198410,12320091551,13347544,14186249,871860,0,0,0,0,0,0,0,0,0,0,0,0,21510509,21539719,21696,21728,68,0,0,0,0,0,0,0,0
1779257033.8625178,g11.hpc.coe,43337,0.5001,0,100.0,2035.0,12288.0,11721388734,12333288729,13360749,14199462,872397,0,0,0,0,0,0,0,0,0,0,0,0,13190324,13197178,13205,13213,537,0,0,0,0,0,0,0,0
1779257034.3626056,g11.hpc.coe,43337,0.5001,0,100.0,2035.0,12288.0,11721389544,12333288808,13360752,14199464,872397,0,0,0,0,0,0,0,0,0,0,0,0,810,79,3,2,0,0,0,0,0,0,0,0,0
1779257034.862696,g11.hpc.coe,43337,0.5001,0,100.0,2035.0,12288.0,11721390474,12333288942,13360757,14199467,872397,0,0,0,0,0,0,0,0,0,0,0,0,930,134,5,3,0,0,0,0,0,0,0,0,0
1779257035.3627932,g11.hpc.coe,43337,0.5001,0,100.0,2035.0,12288.0,11721391369,12333289021,13360760,14199469,872397,0,0,0,0,0,0,0,0,0,0,0,0,895,79,3,2,0,0,0,0,0,0,0,0,0
1779257035.8628829,g11.hpc.coe,43337,0.5001,0,100.0,2035.0,12288.0,11721392307,12333289100,13360763,14199471,872397,0,0,0,0,0,0,0,0,0,0,0,0,938,79,3,2,0,0,0,0,0,0,0,0,0
1779257036.3629708,g11.hpc.coe,43337,0.5001,0,100.0,2035.0,12288.0,11721393287,12333289179,13360766,14199473,872397,0,0,0,0,0,0,0,0,0,0,0,0,980,79,3,2,0,0,0,0,0,0,0,0,0
1779257036.8630593,g11.hpc.coe,43337,0.5001,0,100.0,2035.0,12288.0,11721394310,12333289258,13360769,14199475,872397,0,0,0,0,0,0,0,0,0,0,0,0,1023,79,3,2,0,0,0,0,0,0,0,0,0
1779257037.3631485,g11.hpc.coe,43337,0.5001,0,100.0,2035.0,12288.0,11742215120,12354138863,13381712,14220443,872413,0,0,0,0,0,0,0,0,0,0,0,0,20820810,20849605,20943,20968,16,0,0,0,0,0,0,0,0
1779257037.86324,g11.hpc.coe,43337,0.5001,0,100.0,2035.0,12288.0,11756096419,12368026483,13395676,14234407,872506,0,0,0,0,0,0,0,0,0,0,0,0,13881299,13887620,13964,13964,93,0,0,0,0,0,0,0,0
1779257038.363329,g11.hpc.coe,43337,0.5001,0,100.0,2035.0,12288.0,11756097601,12368026562,13395680,14234409,872507,0,0,0,0,0,0,0,0,0,0,0,0,1182,79,4,2,1,0,0,0,0,0,0,0,0
1779257038.8634176,g11.hpc.coe,43337,0.5001,0,100.0,2035.0,12288.0,11756097758,12368026619,13395682,14234410,872507,0,0,0,0,0,0,0,0,0,0,0,0,157,57,2,1,0,0,0,0,0,0,0,0,0
1779257039.3635087,g11.hpc.coe,43337,0.5001,0,100.0,2035.0,12288.0,11756097957,12368026676,13395684,14234411,872507,0,0,0,0,0,0,0,0,0,0,0,0,199,57,2,1,0,0,0,0,0,0,0,0,0
1779257039.8635974,g11.hpc.coe,43337,0.5001,0,100.0,2035.0,12288.0,11756098276,12368026788,13395688,14234413,872507,0,0,0,0,0,0,0,0,0,0,0,0,319,112,4,2,0,0,0,0,0,0,0,0,0
1779257040.3636885,g11.hpc.coe,43337,0.5001,0,100.0,2035.0,12288.0,11756098560,12368026845,13395690,14234414,872507,0,0,0,0,0,0,0,0,0,0,0,0,284,57,2,1,0,0,0,0,0,0,0,0,0
1779257040.8637764,g11.hpc.coe,43337,0.5001,0,100.0,2035.0,12288.0,11756098887,12368026902,13395692,14234415,872507,0,0,0,0,0,0,0,0,0,0,0,0,327,57,2,1,0,0,0,0,0,0,0,0,0
1779257041.363869,g11.hpc.coe,43337,0.5001,0,100.0,2035.0,12288.0,11770669172,12382619177,13410407,14249144,872518,0,0,0,0,0,0,0,0,0,0,0,0,14570285,14592275,14715,14729,11,0,0,0,0,0,0,0,0
1779257041.8639565,g11.hpc.coe,43337,0.5001,0,100.0,2035.0,12288.0,11790798965,12402763678,13430582,14269343,872605,0,0,0,0,0,0,0,0,0,0,0,0,20129793,20144501,20175,20199,87,0,0,0,0,0,0,0,0
1779257042.364016,g11.hpc.coe,43337,0.5001,0,100.0,2035.0,12288.0,11790799429,12402763735,13430584,14269344,872605,0,0,0,0,0,0,0,0,0,0,0,0,464,57,2,1,0,0,0,0,0,0,0,0,0
1779257042.864104,g11.hpc.coe,43337,0.5001,0,100.0,2035.0,12288.0,11790799935,12402763792,13430586,14269345,872605,0,0,0,0,0,0,0,0,0,0,0,0,506,57,2,1,0,0,0,0,0,0,0,0,0
1779257043.3641932,g11.hpc.coe,43337,0.5001,0,100.0,2035.0,12288.0,11790800506,12402763871,13430589,14269347,872605,0,0,0,0,0,0,0,0,0,0,0,0,571,79,3,2,0,0,0,0,0,0,0,0,0
1779257043.8642838,g11.hpc.coe,43337,0.5001,0,100.0,2035.0,12288.0,11790801119,12402763950,13430592,14269349,872605,0,0,0,0,0,0,0,0,0,0,0,0,613,79,3,2,0,0,0,0,0,0,0,0,0
1779257044.364371,g11.hpc.coe,43337,0.5001,0,100.0,2035.0,12288.0,11790801775,12402764029,13430595,14269351,872605,0,0,0,0,0,0,0,0,0,0,0,0,656,79,3,2,0,0,0,0,0,0,0,0,0
1779257044.8644624,g11.hpc.coe,43337,0.5001,0,100.0,2035.0,12288.0,11790802473,12402764108,13430598,14269353,872605,0,0,0,0,0,0,0,0,0,0,0,0,698,79,3,2,0,0,0,0,0,0,0,0,0
1779257045.3645542,g11.hpc.coe,43337,0.5001,0,100.0,2035.0,12288.0,11804683092,12416666431,13444565,14283343,872613,0,0,0,0,0,0,0,0,0,0,0,0,13880619,13902323,13967,13990,8,0,0,0,0,0,0,0,0
1779257045.8646414,g11.hpc.coe,43337,0.5001,0,100.0,2035.0,12288.0,11825503279,12437501012,13465488,14304295,872632,0,0,0,0,0,0,0,0,0,0,0,0,20820187,20834581,20923,20952,19,0,0,0,0,0,0,0,0
1779257046.3647325,g11.hpc.coe,43337,0.5001,0,100.0,2035.0,12288.0,11825504114,12437501091,13465491,14304297,872632,0,0,0,0,0,0,0,0,0,0,0,0,835,79,3,2,0,0,0,0,0,0,0,0,0
1779257046.8648217,g11.hpc.coe,43337,0.5001,0,100.0,2035.0,12288.0,11825504992,12437501170,13465494,14304299,872632,0,0,0,0,0,0,0,0,0,0,0,0,878,79,3,2,0,0,0,0,0,0,0,0,0
1779257047.3649108,g11.hpc.coe,43337,0.5001,0,100.0,2035.0,12288.0,11825505912,12437501249,13465497,14304301,872632,0,0,0,0,0,0,0,0,0,0,0,0,920,79,3,2,0,0,0,0,0,0,0,0,0
1779257047.8650017,g11.hpc.coe,43337,0.5001,0,100.0,2035.0,12288.0,11825506875,12437501328,13465500,14304303,872632,0,0,0,0,0,0,0,0,0,0,0,0,963,79,3,2,0,0,0,0,0,0,0,0,0
1779257048.3650925,g11.hpc.coe,43337,0.5001,0,100.0,2035.0,12288.0,11825507880,12437501407,13465503,14304305,872632,0,0,0,0,0,0,0,0,0,0,0,0,1005,79,3,2,0,0,0,0,0,0,0,0,0
1779257048.8651812,g11.hpc.coe,43337,0.5001,0,100.0,2035.0,12288.0,11825508928,12437501486,13465506,14304307,872632,0,0,0,0,0,0,0,0,0,0,0,0,1048,79,3,2,0,0,0,0,0,0,0,0,0
1779257049.3652732,g11.hpc.coe,43337,0.5001,0,100.0,2035.0,12288.0,11833140107,12445146445,13473247,14312051,872643,0,0,0,0,0,0,0,0,0,0,0,0,7631179,7644959,7741,7744,11,0,0,0,0,0,0,0,0
1779257049.865373,g11.hpc.coe,43337,0.5001,0,100.0,2035.0,12288.0,11860210520,12472238292,13500404,14339235,874424,0,0,0,0,0,0,0,0,0,0,0,0,27070413,27091847,27157,27184,1781,0,0,0,0,0,0,0,0
1779257050.3654656,g11.hpc.coe,43337,0.5001,0,100.0,2035.0,12288.0,11860210736,12472238404,13500408,14339237,874424,0,0,0,0,0,0,0,0,0,0,0,0,216,112,4,2,0,0,0,0,0,0,0,0,0
1779257050.8655543,g11.hpc.coe,43337,0.5001,0,100.0,2035.0,12288.0,11860210918,12472238461,13500410,14339238,874424,0,0,0,0,0,0,0,0,0,0,0,0,182,57,2,1,0,0,0,0,0,0,0,0,0
1779257051.365643,g11.hpc.coe,43337,0.5001,0,100.0,2035.0,12288.0,11860211142,12472238518,13500412,14339239,874424,0,0,0,0,0,0,0,0,0,0,0,0,224,57,2,1,0,0,0,0,0,0,0,0,0
1779257051.8657346,g11.hpc.coe,43337,0.5001,0,100.0,2035.0,12288.0,11860211408,12472238575,13500414,14339240,874424,0,0,0,0,0,0,0,0,0,0,0,0,266,57,2,1,0,0,0,0,0,0,0,0,0
1779257052.3658228,g11.hpc.coe,43337,0.5001,0,100.0,2035.0,12288.0,11860211717,12472238632,13500416,14339241,874424,0,0,0,0,0,0,0,0,0,0,0,0,309,57,2,1,0,0,0,0,0,0,0,0,0
1779257052.8659132,g11.hpc.coe,43337,0.5001,0,100.0,2035.0,12288.0,11860212669,12472239136,13500432,14339250,874424,0,0,0,0,0,0,0,0,0,0,0,0,952,504,16,9,0,0,0,0,0,0,0,0,0
1779257053.3660035,g11.hpc.coe,43337,0.5001,0,100.0,2035.0,12288.0,11867843101,12479884115,13508167,14346999,874433,0,0,0,0,0,0,0,0,0,0,0,0,7630432,7644979,7735,7749,9,0,0,0,0,0,0,0,0
1779257053.866092,g11.hpc.coe,43337,0.5001,0,100.0,2035.0,12288.0,11894912831,12506975919,13535327,14374179,874451,0,0,0,0,0,0,0,0,0,0,0,0,27069730,27091804,27160,27180,18,0,0,0,0,0,0,0,0
1779257054.3661819,g11.hpc.coe,43337,0.5001,0,100.0,2035.0,12288.0,11894913319,12506975976,13535329,14374180,874451,0,0,0,0,0,0,0,0,0,0,0,0,488,57,2,1,0,0,0,0,0,0,0,0,0
1779257054.8662736,g11.hpc.coe,43337,0.5001,0,100.0,2035.0,12288.0,11894913849,12506976033,13535331,14374181,874451,0,0,0,0,0,0,0,0,0,0,0,0,530,57,2,1,0,0,0,0,0,0,0,0,0
1779257055.3663657,g11.hpc.coe,43337,0.5001,0,100.0,2035.0,12288.0,11894914521,12506976167,13535336,14374184,874451,0,0,0,0,0,0,0,0,0,0,0,0,672,134,5,3,0,0,0,0,0,0,0,0,0
1779257055.8664544,g11.hpc.coe,43337,0.5001,0,100.0,2035.0,12288.0,11894915159,12506976246,13535339,14374186,874451,0,0,0,0,0,0,0,0,0,0,0,0,638,79,3,2,0,0,0,0,0,0,0,0,0
1779257056.3665464,g11.hpc.coe,43337,0.5001,0,100.0,2035.0,12288.0,11894915839,12506976325,13535342,14374188,874451,0,0,0,0,0,0,0,0,0,0,0,0,680,79,3,2,0,0,0,0,0,0,0,0,0
1779257056.8666358,g11.hpc.coe,43337,0.5001,0,100.0,2035.0,12288.0,11894916562,12506976404,13535345,14374190,874451,0,0,0,0,0,0,0,0,0,0,0,0,723,79,3,2,0,0,0,0,0,0,0,0,0
1779257057.366724,g11.hpc.coe,43337,0.5001,0,100.0,2035.0,12288.0,11894917327,12506976483,13535348,14374192,874451,0,0,0,0,0,0,0,0,0,0,0,0,765,79,3,2,0,0,0,0,0,0,0,0,0
1779257057.8668134,g11.hpc.coe,43337,0.5001,0,100.0,2035.0,12288.0,11909488022,12521568871,13550060,14388935,874462,0,0,0,0,0,0,0,0,0,0,0,0,14570695,14592388,14712,14743,11,0,0,0,0,0,0,0,0
1779257058.366908,g11.hpc.coe,43337,0.5001,0,100.0,2035.0,12288.0,11929618281,12541713401,13570240,14409136,874658,0,0,0,0,0,0,0,0,0,0,0,0,20130259,20144530,20180,20201,196,0,0,0,0,0,0,0,0
1779257058.8669968,g11.hpc.coe,43337,0.5001,0,100.0,2035.0,12288.0,11929619183,12541713480,13570243,14409138,874658,0,0,0,0,0,0,0,0,0,0,0,0,902,79,3,2,0,0,0,0,0,0,0,0,0
1779257059.3670845,g11.hpc.coe,43337,0.5001,0,100.0,2035.0,12288.0,11929620128,12541713559,13570246,14409140,874658,0,0,0,0,0,0,0,0,0,0,0,0,945,79,3,2,0,0,0,0,0,0,0,0,0
1779257059.8671718,g11.hpc.coe,43337,0.5001,0,100.0,2035.0,12288.0,11929621115,12541713638,13570249,14409142,874658,0,0,0,0,0,0,0,0,0,0,0,0,987,79,3,2,0,0,0,0,0,0,0,0,0
1779257060.367262,g11.hpc.coe,43337,0.5001,0,100.0,2035.0,12288.0,11929622222,12541713772,13570254,14409145,874658,0,0,0,0,0,0,0,0,0,0,0,0,1107,134,5,3,0,0,0,0,0,0,0,0,0
1779257060.867351,g11.hpc.coe,43337,0.5001,0,100.0,2035.0,12288.0,11929623317,12541713851,13570258,14409147,874658,0,0,0,0,0,0,0,0,0,0,0,0,1095,79,4,2,0,0,0,0,0,0,0,0,0
1779257061.3674426,g11.hpc.coe,43337,0.5001,0,100.0,2035.0,12288.0,11929624454,12541713930,13570262,14409149,874658,0,0,0,0,0,0,0,0,0,0,0,0,1137,79,4,2,0,0,0,0,0,0,0,0,0
1779257061.8675306,g11.hpc.coe,43337,0.5001,0,100.0,2035.0,12288.0,11943505520,12555616239,13584231,14423137,874676,0,0,0,0,0,0,0,0,0,0,0,0,13881066,13902309,13969,13988,18,0,0,0,0,0,0,0,0
1779257062.3676198,g11.hpc.coe,43337,0.5001,0,100.0,2035.0,12288.0,11964325155,12576450686,13605164,14444072,874690,0,0,0,0,0,0,0,0,0,0,0,0,20819635,20834447,20933,20935,14,0,0,0,0,0,0,0,0
1779257062.867709,g11.hpc.coe,43337,0.5001,0,100.0,2035.0,12288.0,11964325362,12576450743,13605166,14444073,874690,0,0,0,0,0,0,0,0,0,0,0,0,207,57,2,1,0,0,0,0,0,0,0,0,0
1779257063.3677986,g11.hpc.coe,43337,0.5001,0,100.0,2035.0,12288.0,11964325611,12576450800,13605168,14444074,874690,0,0,0,0,0,0,0,0,0,0,0,0,249,57,2,1,0,0,0,0,0,0,0,0,0
1779257063.8678873,g11.hpc.coe,43337,0.5001,0,100.0,2035.0,12288.0,11964325903,12576450857,13605170,14444075,874690,0,0,0,0,0,0,0,0,0,0,0,0,292,57,2,1,0,0,0,0,0,0,0,0,0
1779257064.367977,g11.hpc.coe,43337,0.5001,0,100.0,2035.0,12288.0,11964326237,12576450914,13605172,14444076,874690,0,0,0,0,0,0,0,0,0,0,0,0,334,57,2,1,0,0,0,0,0,0,0,0,0
1779257064.868065,g11.hpc.coe,43337,0.5001,0,100.0,2035.0,12288.0,11964326613,12576450971,13605174,14444077,874690,0,0,0,0,0,0,0,0,0,0,0,0,376,57,2,1,0,0,0,0,0,0,0,0,0
1779257065.3681562,g11.hpc.coe,43337,0.5001,0,100.0,2035.0,12288.0,11964327087,12576451083,13605177,14444079,874690,0,0,0,0,0,0,0,0,0,0,0,0,474,112,3,2,0,0,0,0,0,0,0,0,0
1779257065.8682494,g11.hpc.coe,43337,0.5001,0,100.0,2035.0,12288.0,11971957622,12584096090,13612915,14451832,874696,0,0,0,0,0,0,0,0,0,0,0,0,7630535,7645007,7738,7753,6,0,0,0,0,0,0,0,0
1779257066.3683417,g11.hpc.coe,43337,0.5001,0,100.0,2035.0,12288.0,11999027370,12611187901,13640068,14479013,877065,0,0,0,0,0,0,0,0,0,0,0,0,27069748,27091811,27153,27181,2369,0,0,0,0,0,0,0,0
1779257066.8684347,g11.hpc.coe,43337,0.5001,0,100.0,2035.0,12288.0,11999027948,12611187980,13640071,14479015,877065,0,0,0,0,0,0,0,0,0,0,0,0,578,79,3,2,0,0,0,0,0,0,0,0,0
1779257067.3685255,g11.hpc.coe,43337,0.5001,0,100.0,2035.0,12288.0,11999028568,12611188059,13640074,14479017,877065,0,0,0,0,0,0,0,0,0,0,0,0,620,79,3,2,0,0,0,0,0,0,0,0,0
1779257067.868613,g11.hpc.coe,43337,0.5001,0,100.0,2035.0,12288.0,11999029832,12611188585,13640091,14479027,877065,0,0,0,0,0,0,0,0,0,0,0,0,1264,526,17,10,0,0,0,0,0,0,0,0,0
1779257068.3687022,g11.hpc.coe,43337,0.5001,0,100.0,2035.0,12288.0,11999030538,12611188664,13640094,14479029,877065,0,0,0,0,0,0,0,0,0,0,0,0,706,79,3,2,0,0,0,0,0,0,0,0,0
1779257068.8687975,g11.hpc.coe,43337,0.5001,0,100.0,2035.0,12288.0,11999031286,12611188743,13640097,14479031,877065,0,0,0,0,0,0,0,0,0,0,0,0,748,79,3,2,0,0,0,0,0,0,0,0,0
1779257069.3688877,g11.hpc.coe,43337,0.5001,0,100.0,2035.0,12288.0,11999032077,12611188822,13640100,14479033,877065,0,0,0,0,0,0,0,0,0,0,0,0,791,79,3,2,0,0,0,0,0,0,0,0,0
1779257069.8689828,g11.hpc.coe,43337,0.5001,0,100.0,2035.0,12288.0,12005972897,12618143814,13647085,14486038,877070,0,0,0,0,0,0,0,0,0,0,0,0,6940820,6954992,6985,7005,5,0,0,0,0,0,0,0,0
1779257070.3690736,g11.hpc.coe,43337,0.5001,0,100.0,2035.0,12288.0,12033733068,12645925726,13674990,14513975,877100,0,0,0,0,0,0,0,0,0,0,0,0,27760171,27781912,27905,27937,30,0,0,0,0,0,0,0,0
1779257070.869168,g11.hpc.coe,43337,0.5001,0,100.0,2035.0,12288.0,12033734072,12645925860,13674995,14513978,877100,0,0,0,0,0,0,0,0,0,0,0,0,1004,134,5,3,0,0,0,0,0,0,0,0,0
1779257071.369261,g11.hpc.coe,43337,0.5001,0,100.0,2035.0,12288.0,12033735042,12645925939,13674998,14513980,877100,0,0,0,0,0,0,0,0,0,0,0,0,970,79,3,2,0,0,0,0,0,0,0,0,0
1779257071.8693528,g11.hpc.coe,43337,0.5001,0,100.0,2035.0,12288.0,12033736054,12645926018,13675001,14513982,877100,0,0,0,0,0,0,0,0,0,0,0,0,1012,79,3,2,0,0,0,0,0,0,0,0,0
1779257072.3694441,g11.hpc.coe,43337,0.5001,0,100.0,2035.0,12288.0,12033737109,12645926097,13675004,14513984,877100,0,0,0,0,0,0,0,0,0,0,0,0,1055,79,3,2,0,0,0,0,0,0,0,0,0
1779257072.8695343,g11.hpc.coe,43337,0.5001,0,100.0,2035.0,12288.0,12033738229,12645926176,13675008,14513986,877100,0,0,0,0,0,0,0,0,0,0,0,0,1120,79,4,2,0,0,0,0,0,0,0,0,0
1779257073.3696241,g11.hpc.coe,43337,0.5001,0,100.0,2035.0,12288.0,12033739391,12645926255,13675012,14513988,877100,0,0,0,0,0,0,0,0,0,0,0,0,1162,79,4,2,0,0,0,0,0,0,0,0,0
1779257073.8697147,g11.hpc.coe,43337,0.5001,0,100.0,2035.0,12288.0,12034429709,12646623896,13675770,14514751,877101,0,0,0,0,0,0,0,0,0,0,0,0,690318,697641,758,763,1,0,0,0,0,0,0,0,0
1779257074.3698053,g11.hpc.coe,43337,0.5001,0,100.0,2035.0,12288.0,12068439030,12680663073,13709906,14548922,877558,0,0,0,0,0,0,0,0,0,0,0,0,34009321,34039177,34136,34171,457,0,0,0,0,0,0,0,0
1779257074.8698978,g11.hpc.coe,43337,0.5001,0,100.0,2035.0,12288.0,12068439260,12680663130,13709908,14548923,877558,0,0,0,0,0,0,0,0,0,0,0,0,230,57,2,1,0,0,0,0,0,0,0,0,0
1779257075.3699923,g11.hpc.coe,43337,0.5001,0,100.0,2035.0,12288.0,12068439533,12680663187,13709910,14548924,877558,0,0,0,0,0,0,0,0,0,0,0,0,273,57,2,1,0,0,0,0,0,0,0,0,0
1779257075.8700864,g11.hpc.coe,43337,0.5001,0,100.0,2035.0,12288.0,12068439925,12680663299,13709914,14548926,877558,0,0,0,0,0,0,0,0,0,0,0,0,392,112,4,2,0,0,0,0,0,0,0,0,0
1779257076.3701785,g11.hpc.coe,43337,0.5001,0,100.0,2035.0,12288.0,12068440283,12680663356,13709916,14548927,877558,0,0,0,0,0,0,0,0,0,0,0,0,358,57,2,1,0,0,0,0,0,0,0,0,0
1779257076.8702693,g11.hpc.coe,43337,0.5001,0,100.0,2035.0,12288.0,12068440683,12680663413,13709918,14548928,877558,0,0,0,0,0,0,0,0,0,0,0,0,400,57,2,1,0,0,0,0,0,0,0,0,0
1779257077.3703835,g11.hpc.coe,43337,0.5001,0,100.0,2035.0,12288.0,12068441126,12680663470,13709920,14548929,877558,0,0,0,0,0,0,0,0,0,0,0,0,443,57,2,1,0,0,0,0,0,0,0,0,0
1779257077.8704762,g11.hpc.coe,43337,0.5001,0,100.0,2035.0,12288.0,12068441762,12680671088,13709930,14548945,877558,0,0,0,0,0,0,0,0,0,0,0,0,636,7618,10,16,0,0,0,0,0,0,0,0,0
1779257078.3705664,g11.hpc.coe,43337,0.5001,0,100.0,2035.0,12288.0,12103141432,12715400316,13744810,14583867,878391,0,0,0,0,0,0,0,0,0,0,0,0,34699670,34729228,34880,34922,833,0,0,0,0,0,0,0,0
1779257078.8706572,g11.hpc.coe,43337,0.5001,0,100.0,2035.0,12288.0,12103142031,12715400395,13744813,14583869,878391,0,0,0,0,0,0,0,0,0,0,0,0,599,79,3,2,0,0,0,0,0,0,0,0,0
1779257079.3707495,g11.hpc.coe,43337,0.5001,0,100.0,2035.0,12288.0,12103142672,12715400474,13744816,14583871,878391,0,0,0,0,0,0,0,0,0,0,0,0,641,79,3,2,0,0,0,0,0,0,0,0,0
1779257079.8708425,g11.hpc.coe,43337,0.5001,0,100.0,2035.0,12288.0,12103143356,12715400553,13744819,14583873,878391,0,0,0,0,0,0,0,0,0,0,0,0,684,79,3,2,0,0,0,0,0,0,0,0,0
1779257080.3709328,g11.hpc.coe,43337,0.5001,0,100.0,2035.0,12288.0,12103144082,12715400632,13744822,14583875,878391,0,0,0,0,0,0,0,0,0,0,0,0,726,79,3,2,0,0,0,0,0,0,0,0,0
1779257080.8710303,g11.hpc.coe,43337,0.5001,0,100.0,2035.0,12288.0,12103144928,12715400766,13744827,14583878,878391,0,0,0,0,0,0,0,0,0,0,0,0,846,134,5,3,0,0,0,0,0,0,0,0,0
1779257081.371095,g11.hpc.coe,43337,0.5001,0,100.0,2035.0,12288.0,12103145739,12715400845,13744830,14583880,878391,0,0,0,0,0,0,0,0,0,0,0,0,811,79,3,2,0,0,0,0,0,0,0,0,0
1779257081.8711884,g11.hpc.coe,43337,0.5001,0,100.0,2035.0,12288.0,12103146593,12715400924,13744833,14583882,878391,0,0,0,0,0,0,0,0,0,0,0,0,854,79,3,2,0,0,0,0,0,0,0,0,0
1779257082.3712826,g11.hpc.coe,43337,0.5001,0,100.0,2035.0,12288.0,12137846774,12750137735,13779721,14618820,878438,0,0,0,0,0,0,0,0,0,0,0,0,34700181,34736811,34888,34938,47,0,0,0,0,0,0,0,0
1779257082.871375,g11.hpc.coe,43337,0.5001,0,100.0,2035.0,12288.0,12137848576,12750138516,13779743,14618835,878438,0,0,0,0,0,0,0,0,0,0,0,0,1802,781,22,15,0,0,0,0,0,0,0,0,0
1779257083.3714666,g11.hpc.coe,43337,0.5001,0,100.0,2035.0,12288.0,12137849585,12750138595,13779747,14618837,878438,0,0,0,0,0,0,0,0,0,0,0,0,1009,79,4,2,0,0,0,0,0,0,0,0,0
1779257083.8715594,g11.hpc.coe,43337,0.5001,0,100.0,2035.0,12288.0,12137850615,12750138674,13779750,14618839,878438,0,0,0,0,0,0,0,0,0,0,0,0,1030,79,3,2,0,0,0,0,0,0,0,0,0
1779257084.3716526,g11.hpc.coe,43337,0.5001,0,100.0,2035.0,12288.0,12137851709,12750138753,13779754,14618841,878438,0,0,0,0,0,0,0,0,0,0,0,0,1094,79,4,2,0,0,0,0,0,0,0,0,0
1779257084.8717487,g11.hpc.coe,43337,0.5001,0,100.0,2035.0,12288.0,12137852846,12750138832,13779758,14618843,878438,0,0,0,0,0,0,0,0,0,0,0,0,1137,79,4,2,0,0,0,0,0,0,0,0,0
1779257085.371842,g11.hpc.coe,43337,0.5001,0,100.0,2035.0,12288.0,12137854026,12750138911,13779762,14618845,878438,0,0,0,0,0,0,0,0,0,0,0,0,1180,79,4,2,0,0,0,0,0,0,0,0,0
1779257085.8719337,g11.hpc.coe,43337,0.5001,0,100.0,2035.0,12288.0,12137854257,12750139023,13779766,14618847,878438,0,0,0,0,0,0,0,0,0,0,0,0,231,112,4,2,0,0,0,0,0,0,0,0,0
1779257086.3720284,g11.hpc.coe,43337,0.5001,0,100.0,2035.0,12288.0,12166304119,12778626030,13808440,14647556,878472,0,0,0,0,0,0,0,0,0,0,0,0,28449862,28487007,28674,28709,34,0,0,0,0,0,0,0,0
1779257086.8721201,g11.hpc.coe,43337,0.5001,0,100.0,2035.0,12288.0,12172554061,12784875827,13814666,14653779,879812,0,0,0,0,0,0,0,0,0,0,0,0,6249942,6249797,6226,6223,1340,0,0,0,0,0,0,0,0
1779257087.3722112,g11.hpc.coe,43337,0.5001,0,100.0,2035.0,12288.0,12172554353,12784875884,13814668,14653780,879812,0,0,0,0,0,0,0,0,0,0,0,0,292,57,2,1,0,0,0,0,0,0,0,0,0
1779257087.872304,g11.hpc.coe,43337,0.5001,0,100.0,2035.0,12288.0,12172554687,12784875941,13814670,14653781,879812,0,0,0,0,0,0,0,0,0,0,0,0,334,57,2,1,0,0,0,0,0,0,0,0,0
1779257088.3723977,g11.hpc.coe,43337,0.5001,0,100.0,2035.0,12288.0,12172555063,12784875998,13814672,14653782,879812,0,0,0,0,0,0,0,0,0,0,0,0,376,57,2,1,0,0,0,0,0,0,0,0,0
1779257088.872489,g11.hpc.coe,43337,0.5001,0,100.0,2035.0,12288.0,12172555482,12784876055,13814674,14653783,879812,0,0,0,0,0,0,0,0,0,0,0,0,419,57,2,1,0,0,0,0,0,0,0,0,0
1779257089.3725522,g11.hpc.coe,43337,0.5001,0,100.0,2035.0,12288.0,12172555943,12784876112,13814676,14653784,879812,0,0,0,0,0,0,0,0,0,0,0,0,461,57,2,1,0,0,0,0,0,0,0,0,0
1779257089.8726442,g11.hpc.coe,43337,0.5001,0,100.0,2035.0,12288.0,12172556447,12784876169,13814678,14653785,879812,0,0,0,0,0,0,0,0,0,0,0,0,504,57,2,1,0,0,0,0,0,0,0,0,0
1779257090.372738,g11.hpc.coe,43337,0.5001,0,100.0,2035.0,12288.0,12200316580,12812673147,13842595,14681744,879841,0,0,0,0,0,0,0,0,0,0,0,0,27760133,27796978,27917,27959,29,0,0,0,0,0,0,0,0
1779257090.8728287,g11.hpc.coe,43337,0.5001,0,100.0,2035.0,12288.0,12207256936,12819613017,13849572,14688719,879850,0,0,0,0,0,0,0,0,0,0,0,0,6940356,6939870,6977,6975,9,0,0,0,0,0,0,0,0
1779257091.37292,g11.hpc.coe,43337,0.5001,0,100.0,2035.0,12288.0,12207257675,12819613151,13849577,14688722,879850,0,0,0,0,0,0,0,0,0,0,0,0,739,134,5,3,0,0,0,0,0,0,0,0,0
1779257091.873014,g11.hpc.coe,43337,0.5001,0,100.0,2035.0,12288.0,12207258379,12819613230,13849580,14688724,879850,0,0,0,0,0,0,0,0,0,0,0,0,704,79,3,2,0,0,0,0,0,0,0,0,0
1779257092.37311,g11.hpc.coe,43337,0.5001,0,100.0,2035.0,12288.0,12207259125,12819613309,13849583,14688726,879850,0,0,0,0,0,0,0,0,0,0,0,0,746,79,3,2,0,0,0,0,0,0,0,0,0
1779257092.8732016,g11.hpc.coe,43337,0.5001,0,100.0,2035.0,12288.0,12207259913,12819613388,13849586,14688728,879850,0,0,0,0,0,0,0,0,0,0,0,0,788,79,3,2,0,0,0,0,0,0,0,0,0
1779257093.373266,g11.hpc.coe,43337,0.5001,0,100.0,2035.0,12288.0,12207260744,12819613467,13849589,14688730,879850,0,0,0,0,0,0,0,0,0,0,0,0,831,79,3,2,0,0,0,0,0,0,0,0,0
1779257093.8733609,g11.hpc.coe,43337,0.5001,0,100.0,2035.0,12288.0,12207261617,12819613546,13849592,14688732,879850,0,0,0,0,0,0,0,0,0,0,0,0,873,79,3,2,0,0,0,0,0,0,0,0,0
1779257094.3734522,g11.hpc.coe,43337,0.5001,0,100.0,2035.0,12288.0,12228772235,12841153195,13871275,14710450,879874,0,0,0,0,0,0,0,0,0,0,0,0,21510618,21539649,21683,21718,24,0,0,0,0,0,0,0,0
1779257094.873545,g11.hpc.coe,43337,0.5001,0,100.0,2035.0,12288.0,12241962745,12854350352,13884478,14723660,880239,0,0,0,0,0,0,0,0,0,0,0,0,13190510,13197157,13203,13210,365,0,0,0,0,0,0,0,0
1779257095.373639,g11.hpc.coe,43337,0.5001,0,100.0,2035.0,12288.0,12241963755,12854350431,13884481,14723662,880239,0,0,0,0,0,0,0,0,0,0,0,0,1010,79,3,2,0,0,0,0,0,0,0,0,0
1779257095.8737373,g11.hpc.coe,43337,0.5001,0,100.0,2035.0,12288.0,12241964808,12854350510,13884484,14723664,880239,0,0,0,0,0,0,0,0,0,0,0,0,1053,79,3,2,0,0,0,0,0,0,0,0,0
1779257096.3738303,g11.hpc.coe,43337,0.5001,0,100.0,2035.0,12288.0,12241966003,12854350644,13884490,14723667,880239,0,0,0,0,0,0,0,0,0,0,0,0,1195,134,6,3,0,0,0,0,0,0,0,0,0
1779257096.8739223,g11.hpc.coe,43337,0.5001,0,100.0,2035.0,12288.0,12241967164,12854350723,13884494,14723669,880239,0,0,0,0,0,0,0,0,0,0,0,0,1161,79,4,2,0,0,0,0,0,0,0,0,0
1779257097.3740203,g11.hpc.coe,43337,0.5001,0,100.0,2035.0,12288.0,12241967299,12854350780,13884496,14723670,880239,0,0,0,0,0,0,0,0,0,0,0,0,135,57,2,1,0,0,0,0,0,0,0,0,0
1779257097.8741152,g11.hpc.coe,43337,0.5001,0,100.0,2035.0,12288.0,12241968078,12854351284,13884512,14723679,880239,0,0,0,0,0,0,0,0,0,0,0,0,779,504,16,9,0,0,0,0,0,0,0,0,0
1779257098.3742104,g11.hpc.coe,43337,0.5001,0,100.0,2035.0,12288.0,12262788021,12875200909,13905453,14744652,880254,0,0,0,0,0,0,0,0,0,0,0,0,20819943,20849625,20941,20973,15,0,0,0,0,0,0,0,0
1779257098.8743045,g11.hpc.coe,43337,0.5001,0,100.0,2035.0,12288.0,12276667908,12889088053,13919409,14758606,880263,0,0,0,0,0,0,0,0,0,0,0,0,13879887,13887144,13956,13954,9,0,0,0,0,0,0,0,0
1779257099.3743954,g11.hpc.coe,43337,0.5001,0,100.0,2035.0,12288.0,12276668224,12889088110,13919411,14758607,880263,0,0,0,0,0,0,0,0,0,0,0,0,316,57,2,1,0,0,0,0,0,0,0,0,0
1779257099.874487,g11.hpc.coe,43337,0.5001,0,100.0,2035.0,12288.0,12276668582,12889088167,13919413,14758608,880263,0,0,0,0,0,0,0,0,0,0,0,0,358,57,2,1,0,0,0,0,0,0,0,0,0
1779257100.3745794,g11.hpc.coe,43337,0.5001,0,100.0,2035.0,12288.0,12276668982,12889088224,13919415,14758609,880263,0,0,0,0,0,0,0,0,0,0,0,0,400,57,2,1,0,0,0,0,0,0,0,0,0
1779257100.8746734,g11.hpc.coe,43337,0.5001,0,100.0,2035.0,12288.0,12276669425,12889088281,13919417,14758610,880263,0,0,0,0,0,0,0,0,0,0,0,0,443,57,2,1,0,0,0,0,0,0,0,0,0
1779257101.3747659,g11.hpc.coe,43337,0.5001,0,100.0,2035.0,12288.0,12276669987,12889088393,13919421,14758612,880263,0,0,0,0,0,0,0,0,0,0,0,0,562,112,4,2,0,0,0,0,0,0,0,0,0
1779257101.8748581,g11.hpc.coe,43337,0.5001,0,100.0,2035.0,12288.0,12276670515,12889088450,13919423,14758613,880263,0,0,0,0,0,0,0,0,0,0,0,0,528,57,2,1,0,0,0,0,0,0,0,0,0
1779257102.374949,g11.hpc.coe,43337,0.5001,0,100.0,2035.0,12288.0,12291241010,12903680796,13934137,14773350,880279,0,0,0,0,0,0,0,0,0,0,0,0,14570495,14592346,14714,14737,16,0,0,0,0,0,0,0,0
1779257102.8750408,g11.hpc.coe,43337,0.5001,0,100.0,2035.0,12288.0,12311371033,12923825298,13954314,14793547,882034,0,0,0,0,0,0,0,0,0,0,0,0,20130023,20144502,20177,20197,1755,0,0,0,0,0,0,0,0
1779257103.3751338,g11.hpc.coe,43337,0.5001,0,100.0,2035.0,12288.0,12311371721,12923825377,13954317,14793549,882034,0,0,0,0,0,0,0,0,0,0,0,0,688,79,3,2,0,0,0,0,0,0,0,0,0
1779257103.875225,g11.hpc.coe,43337,0.5001,0,100.0,2035.0,12288.0,12311372451,12923825456,13954320,14793551,882034,0,0,0,0,0,0,0,0,0,0,0,0,730,79,3,2,0,0,0,0,0,0,0,0,0
1779257104.3753166,g11.hpc.coe,43337,0.5001,0,100.0,2035.0,12288.0,12311373224,12923825535,13954323,14793553,882034,0,0,0,0,0,0,0,0,0,0,0,0,773,79,3,2,0,0,0,0,0,0,0,0,0
1779257104.8754094,g11.hpc.coe,43337,0.5001,0,100.0,2035.0,12288.0,12311374039,12923825614,13954326,14793555,882034,0,0,0,0,0,0,0,0,0,0,0,0,815,79,3,2,0,0,0,0,0,0,0,0,0
1779257105.3755016,g11.hpc.coe,43337,0.5001,0,100.0,2035.0,12288.0,12311374897,12923825693,13954329,14793557,882034,0,0,0,0,0,0,0,0,0,0,0,0,858,79,3,2,0,0,0,0,0,0,0,0,0
1779257105.8755934,g11.hpc.coe,43337,0.5001,0,100.0,2035.0,12288.0,12311375797,12923825772,13954332,14793559,882034,0,0,0,0,0,0,0,0,0,0,0,0,900,79,3,2,0,0,0,0,0,0,0,0,0
1779257106.3756845,g11.hpc.coe,43337,0.5001,0,100.0,2035.0,12288.0,12325256675,12937728129,13968298,14807547,882051,0,0,0,0,0,0,0,0,0,0,0,0,13880878,13902357,13966,13988,17,0,0,0,0,0,0,0,0
1779257106.875776,g11.hpc.coe,43337,0.5001,0,100.0,2035.0,12288.0,12346077099,12958562710,13989226,14828499,882065,0,0,0,0,0,0,0,0,0,0,0,0,20820424,20834581,20928,20952,14,0,0,0,0,0,0,0,0
1779257107.375868,g11.hpc.coe,43337,0.5001,0,100.0,2035.0,12288.0,12346078136,12958562789,13989229,14828501,882065,0,0,0,0,0,0,0,0,0,0,0,0,1037,79,3,2,0,0,0,0,0,0,0,0,0
1779257107.8759594,g11.hpc.coe,43337,0.5001,0,100.0,2035.0,12288.0,12346079238,12958562868,13989233,14828503,882065,0,0,0,0,0,0,0,0,0,0,0,0,1102,79,4,2,0,0,0,0,0,0,0,0,0
1779257108.3760517,g11.hpc.coe,43337,0.5001,0,100.0,2035.0,12288.0,12346080383,12958562947,13989237,14828505,882065,0,0,0,0,0,0,0,0,0,0,0,0,1145,79,4,2,0,0,0,0,0,0,0,0,0
1779257108.8761456,g11.hpc.coe,43337,0.5001,0,100.0,2035.0,12288.0,12346081570,12958563026,13989241,14828507,882065,0,0,0,0,0,0,0,0,0,0,0,0,1187,79,4,2,0,0,0,0,0,0,0,0,0
1779257109.37624,g11.hpc.coe,43337,0.5001,0,100.0,2035.0,12288.0,12346081732,12958563083,13989243,14828508,882065,0,0,0,0,0,0,0,0,0,0,0,0,162,57,2,1,0,0,0,0,0,0,0,0,0
1779257109.8763337,g11.hpc.coe,43337,0.5001,0,100.0,2035.0,12288.0,12346081936,12958563140,13989245,14828509,882065,0,0,0,0,0,0,0,0,0,0,0,0,204,57,2,1,0,0,0,0,0,0,0,0,0
1779257110.3764255,g11.hpc.coe,43337,0.5001,0,100.0,2035.0,12288.0,12353712193,12966208112,13996976,14836257,882071,0,0,0,0,0,0,0,0,0,0,0,0,7630257,7644972,7731,7748,6,0,0,0,0,0,0,0,0
1779257110.8765209,g11.hpc.coe,43337,0.5001,0,100.0,2035.0,12288.0,12380781754,12993299923,14024133,14863438,882527,0,0,0,0,0,0,0,0,0,0,0,0,27069561,27091811,27157,27181,456,0,0,0,0,0,0,0,0
1779257111.3766148,g11.hpc.coe,43337,0.5001,0,100.0,2035.0,12288.0,12380782095,12993299980,14024135,14863439,882527,0,0,0,0,0,0,0,0,0,0,0,0,341,57,2,1,0,0,0,0,0,0,0,0,0
1779257111.876706,g11.hpc.coe,43337,0.5001,0,100.0,2035.0,12288.0,12380782555,12993300092,14024139,14863441,882527,0,0,0,0,0,0,0,0,0,0,0,0,460,112,4,2,0,0,0,0,0,0,0,0,0
1779257112.3768032,g11.hpc.coe,43337,0.5001,0,100.0,2035.0,12288.0,12380782981,12993300149,14024141,14863442,882527,0,0,0,0,0,0,0,0,0,0,0,0,426,57,2,1,0,0,0,0,0,0,0,0,0
1779257112.876894,g11.hpc.coe,43337,0.5001,0,100.0,2035.0,12288.0,12380784050,12993300653,14024157,14863451,882527,0,0,0,0,0,0,0,0,0,0,0,0,1069,504,16,9,0,0,0,0,0,0,0,0,0
1779257113.376985,g11.hpc.coe,43337,0.5001,0,100.0,2035.0,12288.0,12380784561,12993300710,14024159,14863452,882527,0,0,0,0,0,0,0,0,0,0,0,0,511,57,2,1,0,0,0,0,0,0,0,0,0
1779257113.8770795,g11.hpc.coe,43337,0.5001,0,100.0,2035.0,12288.0,12380785136,12993300789,14024162,14863454,882527,0,0,0,0,0,0,0,0,0,0,0,0,575,79,3,2,0,0,0,0,0,0,0,0,0
1779257114.3771749,g11.hpc.coe,43337,0.5001,0,100.0,2035.0,12288.0,12387725790,13000255767,14031154,14870629,882532,0,0,0,0,0,0,0,0,0,0,0,0,6940654,6954978,6992,7175,5,0,0,0,0,0,0,0,0
1779257114.8772662,g11.hpc.coe,43337,0.5001,0,100.0,2035.0,12288.0,12415485731,13028037651,14059057,14898390,885517,0,0,0,0,0,0,0,0,0,0,0,0,27759941,27781884,27903,27761,2985,0,0,0,0,0,0,0,0
1779257115.3773587,g11.hpc.coe,43337,0.5001,0,100.0,2035.0,12288.0,12415486443,13028037730,14059060,14898392,885517,0,0,0,0,0,0,0,0,0,0,0,0,712,79,3,2,0,0,0,0,0,0,0,0,0
1779257115.8774498,g11.hpc.coe,43337,0.5001,0,100.0,2035.0,12288.0,12415487198,13028037809,14059063,14898394,885517,0,0,0,0,0,0,0,0,0,0,0,0,755,79,3,2,0,0,0,0,0,0,0,0,0
1779257116.3775413,g11.hpc.coe,43337,0.5001,0,100.0,2035.0,12288.0,12415487995,13028037888,14059066,14898396,885517,0,0,0,0,0,0,0,0,0,0,0,0,797,79,3,2,0,0,0,0,0,0,0,0,0
1779257116.8776317,g11.hpc.coe,43337,0.5001,0,100.0,2035.0,12288.0,12415488912,13028038022,14059071,14898399,885517,0,0,0,0,0,0,0,0,0,0,0,0,917,134,5,3,0,0,0,0,0,0,0,0,0
1779257117.3777232,g11.hpc.coe,43337,0.5001,0,100.0,2035.0,12288.0,12415489794,13028038101,14059074,14898401,885517,0,0,0,0,0,0,0,0,0,0,0,0,882,79,3,2,0,0,0,0,0,0,0,0,0
1779257117.8778148,g11.hpc.coe,43337,0.5001,0,100.0,2035.0,12288.0,12415490719,13028038180,14059077,14898403,885517,0,0,0,0,0,0,0,0,0,0,0,0,925,79,3,2,0,0,0,0,0,0,0,0,0
1779257118.3779073,g11.hpc.coe,43337,0.5001,0,100.0,2035.0,12288.0,12416181867,13028735850,14059836,14899168,885517,0,0,0,0,0,0,0,0,0,0,0,0,691148,697670,759,765,0,0,0,0,0,0,0,0,0
1779257118.8779995,g11.hpc.coe,43337,0.5001,0,100.0,2035.0,12288.0,12450192005,13062775035,14093971,14933338,886367,0,0,0,0,0,0,0,0,0,0,0,0,34010138,34039185,34135,34170,850,0,0,0,0,0,0,0,0
1779257119.3780937,g11.hpc.coe,43337,0.5001,0,100.0,2035.0,12288.0,12450193065,13062775114,14093974,14933340,886367,0,0,0,0,0,0,0,0,0,0,0,0,1060,79,3,2,0,0,0,0,0,0,0,0,0
1779257119.8781836,g11.hpc.coe,43337,0.5001,0,100.0,2035.0,12288.0,12450194190,13062775193,14093978,14933342,886367,0,0,0,0,0,0,0,0,0,0,0,0,1125,79,4,2,0,0,0,0,0,0,0,0,0
1779257120.3782783,g11.hpc.coe,43337,0.5001,0,100.0,2035.0,12288.0,12450195358,13062775272,14093982,14933344,886367,0,0,0,0,0,0,0,0,0,0,0,0,1168,79,4,2,0,0,0,0,0,0,0,0,0
1779257120.878372,g11.hpc.coe,43337,0.5001,0,100.0,2035.0,12288.0,12450195501,13062775329,14093984,14933345,886367,0,0,0,0,0,0,0,0,0,0,0,0,143,57,2,1,0,0,0,0,0,0,0,0,0
1779257121.3784635,g11.hpc.coe,43337,0.5001,0,100.0,2035.0,12288.0,12450195686,13062775386,14093986,14933346,886367,0,0,0,0,0,0,0,0,0,0,0,0,185,57,2,1,0,0,0,0,0,0,0,0,0
1779257121.878554,g11.hpc.coe,43337,0.5001,0,100.0,2035.0,12288.0,12450195990,13062775498,14093990,14933348,886367,0,0,0,0,0,0,0,0,0,0,0,0,304,112,4,2,0,0,0,0,0,0,0,0,0
1779257122.3786466,g11.hpc.coe,43337,0.5001,0,100.0,2035.0,12288.0,12450886434,13063473139,14094747,14934111,886367,0,0,0,0,0,0,0,0,0,0,0,0,690444,697641,757,763,0,0,0,0,0,0,0,0,0
1779257122.8787386,g11.hpc.coe,43337,0.5001,0,100.0,2035.0,12288.0,12484895902,13097512260,14128885,14968274,886396,0,0,0,0,0,0,0,0,0,0,0,0,34009468,34039121,34138,34163,29,0,0,0,0,0,0,0,0
1779257123.3788297,g11.hpc.coe,43337,0.5001,0,100.0,2035.0,12288.0,12484896265,13097512317,14128887,14968275,886396,0,0,0,0,0,0,0,0,0,0,0,0,363,57,2,1,0,0,0,0,0,0,0,0,0
1779257123.8789208,g11.hpc.coe,43337,0.5001,0,100.0,2035.0,12288.0,12484896670,13097512374,14128889,14968276,886396,0,0,0,0,0,0,0,0,0,0,0,0,405,57,2,1,0,0,0,0,0,0,0,0,0
1779257124.3790116,g11.hpc.coe,43337,0.5001,0,100.0,2035.0,12288.0,12484897118,13097512431,14128891,14968277,886396,0,0,0,0,0,0,0,0,0,0,0,0,448,57,2,1,0,0,0,0,0,0,0,0,0
1779257124.8791025,g11.hpc.coe,43337,0.5001,0,100.0,2035.0,12288.0,12484897608,13097512488,14128893,14968278,886396,0,0,0,0,0,0,0,0,0,0,0,0,490,57,2,1,0,0,0,0,0,0,0,0,0
1779257125.3791938,g11.hpc.coe,43337,0.5001,0,100.0,2035.0,12288.0,12484898141,13097512545,14128895,14968279,886396,0,0,0,0,0,0,0,0,0,0,0,0,533,57,2,1,0,0,0,0,0,0,0,0,0
1779257125.8792903,g11.hpc.coe,43337,0.5001,0,100.0,2035.0,12288.0,12484898738,13097512624,14128898,14968281,886396,0,0,0,0,0,0,0,0,0,0,0,0,597,79,3,2,0,0,0,0,0,0,0,0,0
1779257126.3793817,g11.hpc.coe,43337,0.5001,0,100.0,2035.0,12288.0,12484899378,13097512703,14128901,14968283,886396,0,0,0,0,0,0,0,0,0,0,0,0,640,79,3,2,0,0,0,0,0,0,0,0,0
1779257126.8794727,g11.hpc.coe,43337,0.5001,0,100.0,2035.0,12288.0,12519599429,13132249520,14163792,15003215,886431,0,0,0,0,0,0,0,0,0,0,0,0,34700051,34736817,34891,34932,35,0,0,0,0,0,0,0,0
1779257127.379563,g11.hpc.coe,43337,0.5001,0,100.0,2035.0,12288.0,12519600159,13132249599,14163795,15003217,886431,0,0,0,0,0,0,0,0,0,0,0,0,730,79,3,2,0,0,0,0,0,0,0,0,0
1779257127.8796544,g11.hpc.coe,43337,0.5001,0,100.0,2035.0,12288.0,12519601532,13132250125,14163812,15003227,886431,0,0,0,0,0,0,0,0,0,0,0,0,1373,526,17,10,0,0,0,0,0,0,0,0,0
1779257128.3797443,g11.hpc.coe,43337,0.5001,0,100.0,2035.0,12288.0,12519602347,13132250204,14163815,15003229,886431,0,0,0,0,0,0,0,0,0,0,0,0,815,79,3,2,0,0,0,0,0,0,0,0,0
1779257128.8798358,g11.hpc.coe,43337,0.5001,0,100.0,2035.0,12288.0,12519603205,13132250283,14163818,15003231,886431,0,0,0,0,0,0,0,0,0,0,0,0,858,79,3,2,0,0,0,0,0,0,0,0,0
1779257129.3799288,g11.hpc.coe,43337,0.5001,0,100.0,2035.0,12288.0,12519604105,13132250362,14163821,15003233,886431,0,0,0,0,0,0,0,0,0,0,0,0,900,79,3,2,0,0,0,0,0,0,0,0,0
1779257129.8800194,g11.hpc.coe,43337,0.5001,0,100.0,2035.0,12288.0,12519605048,13132250441,14163824,15003235,886431,0,0,0,0,0,0,0,0,0,0,0,0,943,79,3,2,0,0,0,0,0,0,0,0,0
1779257130.3801131,g11.hpc.coe,43337,0.5001,0,100.0,2035.0,12288.0,12519606033,13132250520,14163827,15003237,886431,0,0,0,0,0,0,0,0,0,0,0,0,985,79,3,2,0,0,0,0,0,0,0,0,0
1779257130.8802054,g11.hpc.coe,43337,0.5001,0,100.0,2035.0,12288.0,12548056705,13160737584,14192499,15031952,886455,0,0,0,0,0,0,0,0,0,0,0,0,28450672,28487064,28672,28715,24,0,0,0,0,0,0,0,0
1779257131.3802986,g11.hpc.coe,43337,0.5001,0,100.0,2035.0,12288.0,12554307478,13166987410,14198724,15038177,889218,0,0,0,0,0,0,0,0,0,0,0,0,6250773,6249826,6225,6225,2763,0,0,0,0,0,0,0,0
1779257131.8803895,g11.hpc.coe,43337,0.5001,0,100.0,2035.0,12288.0,12554308622,13166987489,14198728,15038179,889218,0,0,0,0,0,0,0,0,0,0,0,0,1144,79,4,2,0,0,0,0,0,0,0,0,0
1779257132.3804805,g11.hpc.coe,43337,0.5001,0,100.0,2035.0,12288.0,12554309864,13166987623,14198733,15038182,889218,0,0,0,0,0,0,0,0,0,0,0,0,1242,134,5,3,0,0,0,0,0,0,0,0,0
1779257132.880571,g11.hpc.coe,43337,0.5001,0,100.0,2035.0,12288.0,12554310026,13166987680,14198735,15038183,889218,0,0,0,0,0,0,0,0,0,0,0,0,162,57,2,1,0,0,0,0,0,0,0,0,0
1779257133.3806617,g11.hpc.coe,43337,0.5001,0,100.0,2035.0,12288.0,12554310230,13166987737,14198737,15038184,889218,0,0,0,0,0,0,0,0,0,0,0,0,204,57,2,1,0,0,0,0,0,0,0,0,0
1779257133.880753,g11.hpc.coe,43337,0.5001,0,100.0,2035.0,12288.0,12554310477,13166987794,14198739,15038185,889218,0,0,0,0,0,0,0,0,0,0,0,0,247,57,2,1,0,0,0,0,0,0,0,0,0
1779257134.3808458,g11.hpc.coe,43337,0.5001,0,100.0,2035.0,12288.0,12554310766,13166987851,14198741,15038186,889218,0,0,0,0,0,0,0,0,0,0,0,0,289,57,2,1,0,0,0,0,0,0,0,0,0
1779257134.8809369,g11.hpc.coe,43337,0.5001,0,100.0,2035.0,12288.0,12582760728,13195474837,14227410,15066892,889244,0,0,0,0,0,0,0,0,0,0,0,0,28449962,28486986,28669,28706,26,0,0,0,0,0,0,0,0
1779257135.3810282,g11.hpc.coe,43337,0.5001,0,100.0,2035.0,12288.0,12589010797,13201724634,14233635,15073115,890946,0,0,0,0,0,0,0,0,0,0,0,0,6250069,6249797,6225,6223,1702,0,0,0,0,0,0,0,0
1779257135.8811188,g11.hpc.coe,43337,0.5001,0,100.0,2035.0,12288.0,12589011223,13201724691,14233637,15073116,890946,0,0,0,0,0,0,0,0,0,0,0,0,426,57,2,1,0,0,0,0,0,0,0,0,0
1779257136.381212,g11.hpc.coe,43337,0.5001,0,100.0,2035.0,12288.0,12589011692,13201724748,14233639,15073117,890946,0,0,0,0,0,0,0,0,0,0,0,0,469,57,2,1,0,0,0,0,0,0,0,0,0
1779257136.8813038,g11.hpc.coe,43337,0.5001,0,100.0,2035.0,12288.0,12589012203,13201724805,14233641,15073118,890946,0,0,0,0,0,0,0,0,0,0,0,0,511,57,2,1,0,0,0,0,0,0,0,0,0
1779257137.3813992,g11.hpc.coe,43337,0.5001,0,100.0,2035.0,12288.0,12589012855,13201724939,14233646,15073121,890946,0,0,0,0,0,0,0,0,0,0,0,0,652,134,5,3,0,0,0,0,0,0,0,0,0
1779257137.8814898,g11.hpc.coe,43337,0.5001,0,100.0,2035.0,12288.0,12589013473,13201725018,14233649,15073123,890946,0,0,0,0,0,0,0,0,0,0,0,0,618,79,3,2,0,0,0,0,0,0,0,0,0
1779257138.3815985,g11.hpc.coe,43337,0.5001,0,100.0,2035.0,12288.0,12589014134,13201725097,14233652,15073125,890946,0,0,0,0,0,0,0,0,0,0,0,0,661,79,3,2,0,0,0,0,0,0,0,0,0
1779257138.8816893,g11.hpc.coe,43337,0.5001,0,100.0,2035.0,12288.0,12589014988,13201732737,14233663,15073142,890946,0,0,0,0,0,0,0,0,0,0,0,0,854,7640,11,17,0,0,0,0,0,0,0,0,0
1779257139.3817823,g11.hpc.coe,43337,0.5001,0,100.0,2035.0,12288.0,12623714841,13236461931,14268539,15108057,890998,0,0,0,0,0,0,0,0,0,0,0,0,34699853,34729194,34876,34915,52,0,0,0,0,0,0,0,0
1779257139.8818777,g11.hpc.coe,43337,0.5001,0,100.0,2035.0,12288.0,12623715635,13236462010,14268542,15108059,890998,0,0,0,0,0,0,0,0,0,0,0,0,794,79,3,2,0,0,0,0,0,0,0,0,0
1779257140.3819706,g11.hpc.coe,43337,0.5001,0,100.0,2035.0,12288.0,12623716472,13236462089,14268545,15108061,890998,0,0,0,0,0,0,0,0,0,0,0,0,837,79,3,2,0,0,0,0,0,0,0,0,0
1779257140.8820715,g11.hpc.coe,43337,0.5001,0,100.0,2035.0,12288.0,12623717351,13236462168,14268548,15108063,890998,0,0,0,0,0,0,0,0,0,0,0,0,879,79,3,2,0,0,0,0,0,0,0,0,0
1779257141.3821664,g11.hpc.coe,43337,0.5001,0,100.0,2035.0,12288.0,12623718273,13236462247,14268551,15108065,890998,0,0,0,0,0,0,0,0,0,0,0,0,922,79,3,2,0,0,0,0,0,0,0,0,0
1779257141.8822591,g11.hpc.coe,43337,0.5001,0,100.0,2035.0,12288.0,12623719237,13236462326,14268554,15108067,890998,0,0,0,0,0,0,0,0,0,0,0,0,964,79,3,2,0,0,0,0,0,0,0,0,0
1779257142.3823512,g11.hpc.coe,43337,0.5001,0,100.0,2035.0,12288.0,12623720321,13236462460,14268559,15108070,890998,0,0,0,0,0,0,0,0,0,0,0,0,1084,134,5,3,0,0,0,0,0,0,0,0,0
1779257142.8824418,g11.hpc.coe,43337,0.5001,0,100.0,2035.0,12288.0,12623722229,13236463241,14268581,15108085,890998,0,0,0,0,0,0,0,0,0,0,0,0,1908,781,22,15,0,0,0,0,0,0,0,0,0
1779257143.3825378,g11.hpc.coe,43337,0.5001,0,100.0,2035.0,12288.0,12658422707,13271200066,14303479,15143025,891030,0,0,0,0,0,0,0,0,0,0,0,0,34700478,34736825,34898,34940,32,0,0,0,0,0,0,0,0
1779257143.88264,g11.hpc.coe,43337,0.5001,0,100.0,2035.0,12288.0,12658423870,13271200145,14303483,15143027,891030,0,0,0,0,0,0,0,0,0,0,0,0,1163,79,4,2,0,0,0,0,0,0,0,0,0
1779257144.3827326,g11.hpc.coe,43337,0.5001,0,100.0,2035.0,12288.0,12658424007,13271200202,14303485,15143028,891030,0,0,0,0,0,0,0,0,0,0,0,0,137,57,2,1,0,0,0,0,0,0,0,0,0
1779257144.8828268,g11.hpc.coe,43337,0.5001,0,100.0,2035.0,12288.0,12658424186,13271200259,14303487,15143029,891030,0,0,0,0,0,0,0,0,0,0,0,0,179,57,2,1,0,0,0,0,0,0,0,0,0
1779257145.3829215,g11.hpc.coe,43337,0.5001,0,100.0,2035.0,12288.0,12658424408,13271200316,14303489,15143030,891030,0,0,0,0,0,0,0,0,0,0,0,0,222,57,2,1,0,0,0,0,0,0,0,0,0
1779257145.8830123,g11.hpc.coe,43337,0.5001,0,100.0,2035.0,12288.0,12658424672,13271200373,14303491,15143031,891030,0,0,0,0,0,0,0,0,0,0,0,0,264,57,2,1,0,0,0,0,0,0,0,0,0
1779257146.3831055,g11.hpc.coe,43337,0.5001,0,100.0,2035.0,12288.0,12658424979,13271200430,14303493,15143032,891030,0,0,0,0,0,0,0,0,0,0,0,0,307,57,2,1,0,0,0,0,0,0,0,0,0
1779257146.8831992,g11.hpc.coe,43337,0.5001,0,100.0,2035.0,12288.0,12658425328,13271200487,14303495,15143033,891030,0,0,0,0,0,0,0,0,0,0,0,0,349,57,2,1,0,0,0,0,0,0,0,0,0
1779257147.3832924,g11.hpc.coe,43337,0.5001,0,100.0,2035.0,12288.0,12686875357,13299687521,14332156,15171739,891062,0,0,0,0,0,0,0,0,0,0,0,0,28450029,28487034,28661,28706,32,0,0,0,0,0,0,0,0
1779257147.8833835,g11.hpc.coe,43337,0.5001,0,100.0,2035.0,12288.0,12693125486,13305937318,14338381,15177962,891459,0,0,0,0,0,0,0,0,0,0,0,0,6250129,6249797,6225,6223,397,0,0,0,0,0,0,0,0
1779257148.3834789,g11.hpc.coe,43337,0.5001,0,100.0,2035.0,12288.0,12693125972,13305937375,14338383,15177963,891459,0,0,0,0,0,0,0,0,0,0,0,0,486,57,2,1,0,0,0,0,0,0,0,0,0
1779257148.8835697,g11.hpc.coe,43337,0.5001,0,100.0,2035.0,12288.0,12693126501,13305937432,14338385,15177964,891459,0,0,0,0,0,0,0,0,0,0,0,0,529,57,2,1,0,0,0,0,0,0,0,0,0
1779257149.3836641,g11.hpc.coe,43337,0.5001,0,100.0,2035.0,12288.0,12693127094,13305937511,14338388,15177966,891459,0,0,0,0,0,0,0,0,0,0,0,0,593,79,3,2,0,0,0,0,0,0,0,0,0
1779257149.8837566,g11.hpc.coe,43337,0.5001,0,100.0,2035.0,12288.0,12693127730,13305937590,14338391,15177968,891459,0,0,0,0,0,0,0,0,0,0,0,0,636,79,3,2,0,0,0,0,0,0,0,0,0
1779257150.3838475,g11.hpc.coe,43337,0.5001,0,100.0,2035.0,12288.0,12693128408,13305937669,14338394,15177970,891459,0,0,0,0,0,0,0,0,0,0,0,0,678,79,3,2,0,0,0,0,0,0,0,0,0
1779257150.8839405,g11.hpc.coe,43337,0.5001,0,100.0,2035.0,12288.0,12693129129,13305937748,14338397,15177972,891459,0,0,0,0,0,0,0,0,0,0,0,0,721,79,3,2,0,0,0,0,0,0,0,0,0
1779257151.384036,g11.hpc.coe,43337,0.5001,0,100.0,2035.0,12288.0,12720889520,13333734754,14366323,15205935,891483,0,0,0,0,0,0,0,0,0,0,0,0,27760391,27797006,27926,27963,24,0,0,0,0,0,0,0,0
1779257151.884127,g11.hpc.coe,43337,0.5001,0,100.0,2035.0,12288.0,12727830029,13340674596,14373294,15212906,892167,0,0,0,0,0,0,0,0,0,0,0,0,6940509,6939842,6971,6971,684,0,0,0,0,0,0,0,0
1779257152.384219,g11.hpc.coe,43337,0.5001,0,100.0,2035.0,12288.0,12727830886,13340674675,14373297,15212908,892167,0,0,0,0,0,0,0,0,0,0,0,0,857,79,3,2,0,0,0,0,0,0,0,0,0
1779257152.8843122,g11.hpc.coe,43337,0.5001,0,100.0,2035.0,12288.0,12727831785,13340674754,14373300,15212910,892167,0,0,0,0,0,0,0,0,0,0,0,0,899,79,3,2,0,0,0,0,0,0,0,0,0
1779257153.3844037,g11.hpc.coe,43337,0.5001,0,100.0,2035.0,12288.0,12727832727,13340674833,14373303,15212912,892167,0,0,0,0,0,0,0,0,0,0,0,0,942,79,3,2,0,0,0,0,0,0,0,0,0
1779257153.9845967,g11.hpc.coe,43337,0.6002,0,100.0,2035.0,12288.0,12727833689,13340674912,14373305,15212914,892167,0,0,0,0,0,0,0,0,0,0,0,0,962,79,2,2,0,0,0,0,0,0,0,0,0
1779257154.4846902,g11.hpc.coe,43337,0.5001,0,100.0,2035.0,12288.0,12727834738,13340674991,14373309,15212916,892167,0,0,0,0,0,0,0,0,0,0,0,0,1049,79,4,2,0,0,0,0,0,0,0,0,0
1779257154.9847817,g11.hpc.coe,43337,0.5001,0,100.0,2035.0,12288.0,12727835829,13340675070,14373313,15212918,892167,0,0,0,0,0,0,0,0,0,0,0,0,1091,79,4,2,0,0,0,0,0,0,0,0,0
1779257155.4848752,g11.hpc.coe,43337,0.5001,0,100.0,2035.0,12288.0,12762536304,13375411860,14408210,15247853,895113,0,0,0,0,0,0,0,0,0,0,0,0,34700475,34736790,34897,34935,2946,0,0,0,0,0,0,0,0
1779257155.9849741,g11.hpc.coe,43337,0.5001,0,100.0,2035.0,12288.0,12762537486,13375411939,14408214,15247855,895113,0,0,0,0,0,0,0,0,0,0,0,0,1182,79,4,2,0,0,0,0,0,0,0,0,0
1779257156.4850662,g11.hpc.coe,43337,0.5001,0,100.0,2035.0,12288.0,12762537643,13375411996,14408216,15247856,895113,0,0,0,0,0,0,0,0,0,0,0,0,157,57,2,1,0,0,0,0,0,0,0,0,0
1779257156.9851582,g11.hpc.coe,43337,0.5001,0,100.0,2035.0,12288.0,12762537842,13375412053,14408218,15247857,895113,0,0,0,0,0,0,0,0,0,0,0,0,199,57,2,1,0,0,0,0,0,0,0,0,0
1779257157.4852529,g11.hpc.coe,43337,0.5001,0,100.0,2035.0,12288.0,12762538084,13375412110,14408220,15247858,895113,0,0,0,0,0,0,0,0,0,0,0,0,242,57,2,1,0,0,0,0,0,0,0,0,0
1779257157.9853466,g11.hpc.coe,43337,0.5001,0,100.0,2035.0,12288.0,12762539024,13375412669,14408237,15247868,895113,0,0,0,0,0,0,0,0,0,0,0,0,940,559,17,10,0,0,0,0,0,0,0,0,0
1779257158.4854374,g11.hpc.coe,43337,0.5001,0,100.0,2035.0,12288.0,12762539352,13375412726,14408239,15247869,895113,0,0,0,0,0,0,0,0,0,0,0,0,328,57,2,1,0,0,0,0,0,0,0,0,0
1779257158.9855306,g11.hpc.coe,43337,0.5001,0,100.0,2035.0,12288.0,12762539722,13375412783,14408241,15247870,895113,0,0,0,0,0,0,0,0,0,0,0,0,370,57,2,1,0,0,0,0,0,0,0,0,0
1779257159.4856243,g11.hpc.coe,43337,0.5001,0,100.0,2035.0,12288.0,12790989723,13403899741,14436904,15276572,895137,0,0,0,0,0,0,0,0,0,0,0,0,28450001,28486958,28663,28702,24,0,0,0,0,0,0,0,0
1779257159.9857175,g11.hpc.coe,43337,0.5001,0,100.0,2035.0,12288.0,12797239852,13410149545,14443126,15282796,898560,0,0,0,0,0,0,0,0,0,0,0,0,6250129,6249804,6222,6224,3423,0,0,0,0,0,0,0,0
1779257160.4858098,g11.hpc.coe,43337,0.5001,0,100.0,2035.0,12288.0,12797240359,13410149602,14443128,15282797,898560,0,0,0,0,0,0,0,0,0,0,0,0,507,57,2,1,0,0,0,0,0,0,0,0,0
1779257160.9858992,g11.hpc.coe,43337,0.5001,0,100.0,2035.0,12288.0,12797240931,13410149681,14443131,15282799,898560,0,0,0,0,0,0,0,0,0,0,0,0,572,79,3,2,0,0,0,0,0,0,0,0,0
1779257161.4859912,g11.hpc.coe,43337,0.5001,0,100.0,2035.0,12288.0,12797241545,13410149760,14443134,15282801,898560,0,0,0,0,0,0,0,0,0,0,0,0,614,79,3,2,0,0,0,0,0,0,0,0,0
1779257161.9860883,g11.hpc.coe,43337,0.5001,0,100.0,2035.0,12288.0,12797242202,13410149839,14443137,15282803,898560,0,0,0,0,0,0,0,0,0,0,0,0,657,79,3,2,0,0,0,0,0,0,0,0,0
1779257162.4861784,g11.hpc.coe,43337,0.5001,0,100.0,2035.0,12288.0,12797242901,13410149918,14443140,15282805,898560,0,0,0,0,0,0,0,0,0,0,0,0,699,79,3,2,0,0,0,0,0,0,0,0,0
1779257162.986269,g11.hpc.coe,43337,0.5001,0,100.0,2035.0,12288.0,12797243720,13410150052,14443145,15282808,898560,0,0,0,0,0,0,0,0,0,0,0,0,819,134,5,3,0,0,0,0,0,0,0,0,0
1779257163.4863608,g11.hpc.coe,43337,0.5001,0,100.0,2035.0,12288.0,12825004125,13437947044,14471070,15310769,898995,0,0,0,0,0,0,0,0,0,0,0,0,27760405,27796992,27925,27961,435,0,0,0,0,0,0,0,0
1779257163.9864528,g11.hpc.coe,43337,0.5001,0,100.0,2035.0,12288.0,12831944663,13444886921,14478042,15317745,899002,0,0,0,0,0,0,0,0,0,0,0,0,6940538,6939877,6972,6976,7,0,0,0,0,0,0,0,0
1779257164.486545,g11.hpc.coe,43337,0.5001,0,100.0,2035.0,12288.0,12831945541,13444887000,14478045,15317747,899002,0,0,0,0,0,0,0,0,0,0,0,0,878,79,3,2,0,0,0,0,0,0,0,0,0
1779257164.9866354,g11.hpc.coe,43337,0.5001,0,100.0,2035.0,12288.0,12831946461,13444887079,14478048,15317749,899002,0,0,0,0,0,0,0,0,0,0,0,0,920,79,3,2,0,0,0,0,0,0,0,0,0
1779257165.4867268,g11.hpc.coe,43337,0.5001,0,100.0,2035.0,12288.0,12831947424,13444887158,14478051,15317751,899002,0,0,0,0,0,0,0,0,0,0,0,0,963,79,3,2,0,0,0,0,0,0,0,0,0
1779257165.9868186,g11.hpc.coe,43337,0.5001,0,100.0,2035.0,12288.0,12831948429,13444887237,14478054,15317753,899002,0,0,0,0,0,0,0,0,0,0,0,0,1005,79,3,2,0,0,0,0,0,0,0,0,0
1779257166.4869108,g11.hpc.coe,43337,0.5001,0,100.0,2035.0,12288.0,12831949477,13444887316,14478057,15317755,899002,0,0,0,0,0,0,0,0,0,0,0,0,1048,79,3,2,0,0,0,0,0,0,0,0,0
1779257166.9870057,g11.hpc.coe,43337,0.5001,0,100.0,2035.0,12288.0,12831950590,13444887395,14478061,15317757,899002,0,0,0,0,0,0,0,0,0,0,0,0,1113,79,4,2,0,0,0,0,0,0,0,0,0
1779257167.4871008,g11.hpc.coe,43337,0.5001,0,100.0,2035.0,12288.0,12853461498,13466427107,14499752,15339484,899031,0,0,0,0,0,0,0,0,0,0,0,0,21510908,21539712,21691,21727,29,0,0,0,0,0,0,0,0
1779257167.9871967,g11.hpc.coe,43337,0.5001,0,100.0,2035.0,12288.0,12866651250,13479624276,14512955,15352691,899047,0,0,0,0,0,0,0,0,0,0,0,0,13189752,13197169,13203,13207,16,0,0,0,0,0,0,0,0
1779257168.4872885,g11.hpc.coe,43337,0.5001,0,100.0,2035.0,12288.0,12866651433,13479624333,14512957,15352692,899047,0,0,0,0,0,0,0,0,0,0,0,0,183,57,2,1,0,0,0,0,0,0,0,0,0
1779257168.9873807,g11.hpc.coe,43337,0.5001,0,100.0,2035.0,12288.0,12866651658,13479624390,14512959,15352693,899047,0,0,0,0,0,0,0,0,0,0,0,0,225,57,2,1,0,0,0,0,0,0,0,0,0
1779257169.4874718,g11.hpc.coe,43337,0.5001,0,100.0,2035.0,12288.0,12866651926,13479624447,14512961,15352694,899047,0,0,0,0,0,0,0,0,0,0,0,0,268,57,2,1,0,0,0,0,0,0,0,0,0
1779257169.987566,g11.hpc.coe,43337,0.5001,0,100.0,2035.0,12288.0,12866652236,13479624504,14512963,15352695,899047,0,0,0,0,0,0,0,0,0,0,0,0,310,57,2,1,0,0,0,0,0,0,0,0,0
1779257170.4876606,g11.hpc.coe,43337,0.5001,0,100.0,2035.0,12288.0,12866652588,13479624561,14512965,15352696,899047,0,0,0,0,0,0,0,0,0,0,0,0,352,57,2,1,0,0,0,0,0,0,0,0,0
1779257170.987758,g11.hpc.coe,43337,0.5001,0,100.0,2035.0,12288.0,12866652983,13479624618,14512967,15352697,899047,0,0,0,0,0,0,0,0,0,0,0,0,395,57,2,1,0,0,0,0,0,0,0,0,0
1779257171.4878504,g11.hpc.coe,43337,0.5001,0,100.0,2035.0,12288.0,12887473142,13500474299,14533908,15373678,899069,0,0,0,0,0,0,0,0,0,0,0,0,20820159,20849681,20941,20981,22,0,0,0,0,0,0,0,0
1779257171.9879425,g11.hpc.coe,43337,0.5001,0,100.0,2035.0,12288.0,12901353204,13514361471,14547858,15387636,900061,0,0,0,0,0,0,0,0,0,0,0,0,13880062,13887172,13950,13958,992,0,0,0,0,0,0,0,0
1779257172.4880357,g11.hpc.coe,43337,0.5001,0,100.0,2035.0,12288.0,12901353736,13514361528,14547860,15387637,900061,0,0,0,0,0,0,0,0,0,0,0,0,532,57,2,1,0,0,0,0,0,0,0,0,0
1779257172.9881296,g11.hpc.coe,43337,0.5001,0,100.0,2035.0,12288.0,12901355011,13514362109,14547879,15387648,900061,0,0,0,0,0,0,0,0,0,0,0,0,1275,581,19,11,0,0,0,0,0,0,0,0,0
1779257173.4882228,g11.hpc.coe,43337,0.5001,0,100.0,2035.0,12288.0,12901355651,13514362188,14547882,15387650,900061,0,0,0,0,0,0,0,0,0,0,0,0,640,79,3,2,0,0,0,0,0,0,0,0,0
1779257173.9883146,g11.hpc.coe,43337,0.5001,0,100.0,2035.0,12288.0,12901356334,13514362267,14547885,15387652,900061,0,0,0,0,0,0,0,0,0,0,0,0,683,79,3,2,0,0,0,0,0,0,0,0,0
1779257174.488412,g11.hpc.coe,43337,0.5001,0,100.0,2035.0,12288.0,12901357059,13514362346,14547888,15387654,900061,0,0,0,0,0,0,0,0,0,0,0,0,725,79,3,2,0,0,0,0,0,0,0,0,0
1779257174.9885042,g11.hpc.coe,43337,0.5001,0,100.0,2035.0,12288.0,12901357827,13514362425,14547891,15387656,900061,0,0,0,0,0,0,0,0,0,0,0,0,768,79,3,2,0,0,0,0,0,0,0,0,0
1779257175.4886005,g11.hpc.coe,43337,0.5001,0,100.0,2035.0,12288.0,12915928511,13528954750,14562601,15402390,900076,0,0,0,0,0,0,0,0,0,0,0,0,14570684,14592325,14710,14734,15,0,0,0,0,0,0,0,0
1779257175.9886944,g11.hpc.coe,43337,0.5001,0,100.0,2035.0,12288.0,12936058787,13549099245,14582783,15422586,900128,0,0,0,0,0,0,0,0,0,0,0,0,20130276,20144495,20182,20196,52,0,0,0,0,0,0,0,0
1779257176.4887853,g11.hpc.coe,43337,0.5001,0,100.0,2035.0,12288.0,12936059692,13549099324,14582786,15422588,900128,0,0,0,0,0,0,0,0,0,0,0,0,905,79,3,2,0,0,0,0,0,0,0,0,0
1779257176.9888759,g11.hpc.coe,43337,0.5001,0,100.0,2035.0,12288.0,12936060640,13549099403,14582789,15422590,900128,0,0,0,0,0,0,0,0,0,0,0,0,948,79,3,2,0,0,0,0,0,0,0,0,0
1779257177.4889684,g11.hpc.coe,43337,0.5001,0,100.0,2035.0,12288.0,12936061630,13549099482,14582792,15422592,900128,0,0,0,0,0,0,0,0,0,0,0,0,990,79,3,2,0,0,0,0,0,0,0,0,0
1779257177.9890652,g11.hpc.coe,43337,0.5001,0,100.0,2035.0,12288.0,12936062718,13549099616,14582796,15422595,900128,0,0,0,0,0,0,0,0,0,0,0,0,1088,134,4,3,0,0,0,0,0,0,0,0,0
1779257178.4891574,g11.hpc.coe,43337,0.5001,0,100.0,2035.0,12288.0,12936063838,13549099695,14582801,15422597,900128,0,0,0,0,0,0,0,0,0,0,0,0,1120,79,5,2,0,0,0,0,0,0,0,0,0
1779257178.989249,g11.hpc.coe,43337,0.5001,0,100.0,2035.0,12288.0,12936064978,13549099774,14582805,15422599,900128,0,0,0,0,0,0,0,0,0,0,0,0,1140,79,4,2,0,0,0,0,0,0,0,0,0
1779257179.4893577,g11.hpc.coe,43337,0.5001,0,100.0,2035.0,12288.0,12949946012,13563002076,14596769,15436586,900143,0,0,0,0,0,0,0,0,0,0,0,0,13881034,13902302,13964,13987,15,0,0,0,0,0,0,0,0
1779257179.9894485,g11.hpc.coe,43337,0.5001,0,100.0,2035.0,12288.0,12970765629,13583836628,14617699,15457536,900840,0,0,0,0,0,0,0,0,0,0,0,0,20819617,20834552,20930,20950,697,0,0,0,0,0,0,0,0
1779257180.48954,g11.hpc.coe,43337,0.5001,0,100.0,2035.0,12288.0,12970765839,13583836685,14617701,15457537,900840,0,0,0,0,0,0,0,0,0,0,0,0,210,57,2,1,0,0,0,0,0,0,0,0,0
1779257180.9896317,g11.hpc.coe,43337,0.5001,0,100.0,2035.0,12288.0,12970766091,13583836742,14617703,15457538,900840,0,0,0,0,0,0,0,0,0,0,0,0,252,57,2,1,0,0,0,0,0,0,0,0,0
1779257181.489726,g11.hpc.coe,43337,0.5001,0,100.0,2035.0,12288.0,12970766386,13583836799,14617705,15457539,900840,0,0,0,0,0,0,0,0,0,0,0,0,295,57,2,1,0,0,0,0,0,0,0,0,0
1779257181.9898188,g11.hpc.coe,43337,0.5001,0,100.0,2035.0,12288.0,12970766723,13583836856,14617707,15457540,900840,0,0,0,0,0,0,0,0,0,0,0,0,337,57,2,1,0,0,0,0,0,0,0,0,0
1779257182.489911,g11.hpc.coe,43337,0.5001,0,100.0,2035.0,12288.0,12970767102,13583836913,14617709,15457541,900840,0,0,0,0,0,0,0,0,0,0,0,0,379,57,2,1,0,0,0,0,0,0,0,0,0
1779257182.9900043,g11.hpc.coe,43337,0.5001,0,100.0,2035.0,12288.0,12970767524,13583836970,14617711,15457542,900840,0,0,0,0,0,0,0,0,0,0,0,0,422,57,2,1,0,0,0,0,0,0,0,0,0
1779257183.4900951,g11.hpc.coe,43337,0.5001,0,100.0,2035.0,12288.0,12978398103,13591481997,14625448,15465291,900847,0,0,0,0,0,0,0,0,0,0,0,0,7630579,7645027,7737,7749,7,0,0,0,0,0,0,0,0
1779257183.990188,g11.hpc.coe,43337,0.5001,0,100.0,2035.0,12288.0,13005467909,13618573843,14652609,15492477,900923,0,0,0,0,0,0,0,0,0,0,0,0,27069806,27091846,27161,27186,76,0,0,0,0,0,0,0,0
1779257184.4902797,g11.hpc.coe,43337,0.5001,0,100.0,2035.0,12288.0,13005468489,13618573922,14652612,15492479,900923,0,0,0,0,0,0,0,0,0,0,0,0,580,79,3,2,0,0,0,0,0,0,0,0,0
1779257184.9903715,g11.hpc.coe,43337,0.5001,0,100.0,2035.0,12288.0,13005469111,13618574001,14652615,15492481,900923,0,0,0,0,0,0,0,0,0,0,0,0,622,79,3,2,0,0,0,0,0,0,0,0,0
1779257185.4904668,g11.hpc.coe,43337,0.5001,0,100.0,2035.0,12288.0,13005469776,13618574080,14652618,15492483,900923,0,0,0,0,0,0,0,0,0,0,0,0,665,79,3,2,0,0,0,0,0,0,0,0,0
1779257185.9905586,g11.hpc.coe,43337,0.5001,0,100.0,2035.0,12288.0,13005470483,13618574159,14652621,15492485,900923,0,0,0,0,0,0,0,0,0,0,0,0,707,79,3,2,0,0,0,0,0,0,0,0,0
1779257186.490649,g11.hpc.coe,43337,0.5001,0,100.0,2035.0,12288.0,13005471233,13618574238,14652624,15492487,900923,0,0,0,0,0,0,0,0,0,0,0,0,750,79,3,2,0,0,0,0,0,0,0,0,0
1779257186.9907424,g11.hpc.coe,43337,0.5001,0,100.0,2035.0,12288.0,13005472025,13618574317,14652627,15492489,900923,0,0,0,0,0,0,0,0,0,0,0,0,792,79,3,2,0,0,0,0,0,0,0,0,0
1779257187.4908345,g11.hpc.coe,43337,0.5001,0,100.0,2035.0,12288.0,13012412902,13625529281,14659620,15499490,900927,0,0,0,0,0,0,0,0,0,0,0,0,6940877,6954964,6993,7001,4,0,0,0,0,0,0,0,0
1779257187.990925,g11.hpc.coe,43337,0.5001,0,100.0,2035.0,12288.0,13040173689,13653311556,14687541,15527423,901158,0,0,0,0,0,0,0,0,0,0,0,0,27760787,27782275,27921,27933,231,0,0,0,0,0,0,0,0
1779257188.4910185,g11.hpc.coe,43337,0.5001,0,100.0,2035.0,12288.0,13040174694,13653311690,14687546,15527426,901158,0,0,0,0,0,0,0,0,0,0,0,0,1005,134,5,3,0,0,0,0,0,0,0,0,0
1779257188.9911098,g11.hpc.coe,43337,0.5001,0,100.0,2035.0,12288.0,13040175665,13653311769,14687549,15527428,901158,0,0,0,0,0,0,0,0,0,0,0,0,971,79,3,2,0,0,0,0,0,0,0,0,0
1779257189.4912035,g11.hpc.coe,43337,0.5001,0,100.0,2035.0,12288.0,13040176679,13653311848,14687552,15527430,901158,0,0,0,0,0,0,0,0,0,0,0,0,1014,79,3,2,0,0,0,0,0,0,0,0,0
1779257189.9912949,g11.hpc.coe,43337,0.5001,0,100.0,2035.0,12288.0,13040177735,13653311927,14687555,15527432,901158,0,0,0,0,0,0,0,0,0,0,0,0,1056,79,3,2,0,0,0,0,0,0,0,0,0
1779257190.4913864,g11.hpc.coe,43337,0.5001,0,100.0,2035.0,12288.0,13040178856,13653312006,14687559,15527434,901158,0,0,0,0,0,0,0,0,0,0,0,0,1121,79,4,2,0,0,0,0,0,0,0,0,0
1779257190.9914784,g11.hpc.coe,43337,0.5001,0,100.0,2035.0,12288.0,13040180020,13653312085,14687563,15527436,901158,0,0,0,0,0,0,0,0,0,0,0,0,1164,79,4,2,0,0,0,0,0,0,0,0,0
1779257191.4915707,g11.hpc.coe,43337,0.5001,0,100.0,2035.0,12288.0,13040870333,13654009726,14688320,15528199,901158,0,0,0,0,0,0,0,0,0,0,0,0,690313,697641,757,763,0,0,0,0,0,0,0,0,0
1779257191.9916625,g11.hpc.coe,43337,0.5001,0,100.0,2035.0,12288.0,13074879670,13688048917,14722458,15562372,901224,0,0,0,0,0,0,0,0,0,0,0,0,34009337,34039191,34138,34173,66,0,0,0,0,0,0,0,0
1779257192.4917545,g11.hpc.coe,43337,0.5001,0,100.0,2035.0,12288.0,13074879901,13688048974,14722460,15562373,901224,0,0,0,0,0,0,0,0,0,0,0,0,231,57,2,1,0,0,0,0,0,0,0,0,0
1779257192.991848,g11.hpc.coe,43337,0.5001,0,100.0,2035.0,12288.0,13074880175,13688049031,14722462,15562374,901224,0,0,0,0,0,0,0,0,0,0,0,0,274,57,2,1,0,0,0,0,0,0,0,0,0
1779257193.4919395,g11.hpc.coe,43337,0.5001,0,100.0,2035.0,12288.0,13074880568,13688049143,14722466,15562376,901224,0,0,0,0,0,0,0,0,0,0,0,0,393,112,4,2,0,0,0,0,0,0,0,0,0
1779257193.9920304,g11.hpc.coe,43337,0.5001,0,100.0,2035.0,12288.0,13074880927,13688049200,14722468,15562377,901224,0,0,0,0,0,0,0,0,0,0,0,0,359,57,2,1,0,0,0,0,0,0,0,0,0
1779257194.492121,g11.hpc.coe,43337,0.5001,0,100.0,2035.0,12288.0,13074881328,13688049257,14722470,15562378,901224,0,0,0,0,0,0,0,0,0,0,0,0,401,57,2,1,0,0,0,0,0,0,0,0,0
1779257194.992213,g11.hpc.coe,43337,0.5001,0,100.0,2035.0,12288.0,13074881772,13688049314,14722472,15562379,901224,0,0,0,0,0,0,0,0,0,0,0,0,444,57,2,1,0,0,0,0,0,0,0,0,0
1779257195.4923038,g11.hpc.coe,43337,0.5001,0,100.0,2035.0,12288.0,13074882409,13688056932,14722601,15562407,901224,0,0,0,0,0,0,0,0,0,0,0,0,637,7618,129,28,0,0,0,0,0,0,0,0,0
1779257195.9923973,g11.hpc.coe,43337,0.5001,0,100.0,2035.0,12288.0,13109582066,13722786188,14757360,15597321,901345,0,0,0,0,0,0,0,0,0,0,0,0,34699657,34729256,34759,34914,121,0,0,0,0,0,0,0,0
1779257196.49249,g11.hpc.coe,43337,0.5001,0,100.0,2035.0,12288.0,13109582665,13722786267,14757363,15597323,901345,0,0,0,0,0,0,0,0,0,0,0,0,599,79,3,2,0,0,0,0,0,0,0,0,0
1779257196.9925823,g11.hpc.coe,43337,0.5001,0,100.0,2035.0,12288.0,13109583306,13722786346,14757366,15597325,901345,0,0,0,0,0,0,0,0,0,0,0,0,641,79,3,2,0,0,0,0,0,0,0,0,0
1779257197.492674,g11.hpc.coe,43337,0.5001,0,100.0,2035.0,12288.0,13109583990,13722786425,14757369,15597327,901345,0,0,0,0,0,0,0,0,0,0,0,0,684,79,3,2,0,0,0,0,0,0,0,0,0
1779257197.9927664,g11.hpc.coe,43337,0.5001,0,100.0,2035.0,12288.0,13109584716,13722786504,14757372,15597329,901345,0,0,0,0,0,0,0,0,0,0,0,0,726,79,3,2,0,0,0,0,0,0,0,0,0
1779257198.4928575,g11.hpc.coe,43337,0.5001,0,100.0,2035.0,12288.0,13109585540,13722786638,14757376,15597332,901345,0,0,0,0,0,0,0,0,0,0,0,0,824,134,4,3,0,0,0,0,0,0,0,0,0
1779257198.9929495,g11.hpc.coe,43337,0.5001,0,100.0,2035.0,12288.0,13109586373,13722786717,14757380,15597334,901345,0,0,0,0,0,0,0,0,0,0,0,0,833,79,4,2,0,0,0,0,0,0,0,0,0
1779257199.4930406,g11.hpc.coe,43337,0.5001,0,100.0,2035.0,12288.0,13109587227,13722786796,14757383,15597336,901345,0,0,0,0,0,0,0,0,0,0,0,0,854,79,3,2,0,0,0,0,0,0,0,0,0
1779257199.9931333,g11.hpc.coe,43337,0.5001,0,100.0,2035.0,12288.0,13144287415,13757523551,14792272,15632266,901384,0,0,0,0,0,0,0,0,0,0,0,0,34700188,34736755,34889,34930,39,0,0,0,0,0,0,0,0
1779257200.4932272,g11.hpc.coe,43337,0.5001,0,100.0,2035.0,12288.0,13144288359,13757523630,14792275,15632268,901384,0,0,0,0,0,0,0,0,0,0,0,0,944,79,3,2,0,0,0,0,0,0,0,0,0
1779257200.9933233,g11.hpc.coe,43337,0.5001,0,100.0,2035.0,12288.0,13144289345,13757523709,14792278,15632270,901384,0,0,0,0,0,0,0,0,0,0,0,0,986,79,3,2,0,0,0,0,0,0,0,0,0
1779257201.493415,g11.hpc.coe,43337,0.5001,0,100.0,2035.0,12288.0,13144290374,13757523788,14792281,15632272,901384,0,0,0,0,0,0,0,0,0,0,0,0,1029,79,3,2,0,0,0,0,0,0,0,0,0
1779257201.9935095,g11.hpc.coe,43337,0.5001,0,100.0,2035.0,12288.0,13144291467,13757523867,14792285,15632274,901384,0,0,0,0,0,0,0,0,0,0,0,0,1093,79,4,2,0,0,0,0,0,0,0,0,0
1779257202.4936006,g11.hpc.coe,43337,0.5001,0,100.0,2035.0,12288.0,13144292603,13757523946,14792289,15632276,901384,0,0,0,0,0,0,0,0,0,0,0,0,1136,79,4,2,0,0,0,0,0,0,0,0,0
1779257202.993692,g11.hpc.coe,43337,0.5001,0,100.0,2035.0,12288.0,13144294640,13757524727,14792312,15632291,901384,0,0,0,0,0,0,0,0,0,0,0,0,2037,781,23,15,0,0,0,0,0,0,0,0,0
1779257203.4937832,g11.hpc.coe,43337,0.5001,0,100.0,2035.0,12288.0,13144294816,13757524784,14792315,15632292,901384,0,0,0,0,0,0,0,0,0,0,0,0,176,57,3,1,0,0,0,0,0,0,0,0,0
1779257203.9938772,g11.hpc.coe,43337,0.5001,0,100.0,2035.0,12288.0,13172744706,13786011804,14820984,15660996,901533,0,0,0,0,0,0,0,0,0,0,0,0,28449890,28487020,28669,28704,149,0,0,0,0,0,0,0,0
1779257204.493969,g11.hpc.coe,43337,0.5001,0,100.0,2035.0,12288.0,13178994647,13792261601,14827210,15667219,901669,0,0,0,0,0,0,0,0,0,0,0,0,6249941,6249797,6226,6223,136,0,0,0,0,0,0,0,0
1779257204.9940622,g11.hpc.coe,43337,0.5001,0,100.0,2035.0,12288.0,13178994938,13792261658,14827212,15667220,901669,0,0,0,0,0,0,0,0,0,0,0,0,291,57,2,1,0,0,0,0,0,0,0,0,0
1779257205.4941554,g11.hpc.coe,43337,0.5001,0,100.0,2035.0,12288.0,13178995271,13792261715,14827214,15667221,901669,0,0,0,0,0,0,0,0,0,0,0,0,333,57,2,1,0,0,0,0,0,0,0,0,0
1779257205.9942474,g11.hpc.coe,43337,0.5001,0,100.0,2035.0,12288.0,13178995647,13792261772,14827216,15667222,901669,0,0,0,0,0,0,0,0,0,0,0,0,376,57,2,1,0,0,0,0,0,0,0,0,0
1779257206.49434,g11.hpc.coe,43337,0.5001,0,100.0,2035.0,12288.0,13178996065,13792261829,14827218,15667223,901669,0,0,0,0,0,0,0,0,0,0,0,0,418,57,2,1,0,0,0,0,0,0,0,0,0
1779257206.9944308,g11.hpc.coe,43337,0.5001,0,100.0,2035.0,12288.0,13178996525,13792261886,14827220,15667224,901669,0,0,0,0,0,0,0,0,0,0,0,0,460,57,2,1,0,0,0,0,0,0,0,0,0
1779257207.494523,g11.hpc.coe,43337,0.5001,0,100.0,2035.0,12288.0,13178997028,13792261943,14827222,15667225,901669,0,0,0,0,0,0,0,0,0,0,0,0,503,57,2,1,0,0,0,0,0,0,0,0,0
1779257207.9946156,g11.hpc.coe,43337,0.5001,0,100.0,2035.0,12288.0,13206757174,13820058963,14855141,15695190,901694,0,0,0,0,0,0,0,0,0,0,0,0,27760146,27797020,27919,27965,25,0,0,0,0,0,0,0,0
1779257208.4947064,g11.hpc.coe,43337,0.5001,0,100.0,2035.0,12288.0,13213697467,13826998819,14862109,15702163,902690,0,0,0,0,0,0,0,0,0,0,0,0,6940293,6939856,6968,6973,996,0,0,0,0,0,0,0,0
1779257208.9947984,g11.hpc.coe,43337,0.5001,0,100.0,2035.0,12288.0,13213698205,13826998953,14862114,15702166,902690,0,0,0,0,0,0,0,0,0,0,0,0,738,134,5,3,0,0,0,0,0,0,0,0,0
1779257209.4948936,g11.hpc.coe,43337,0.5001,0,100.0,2035.0,12288.0,13213698909,13826999032,14862117,15702168,902690,0,0,0,0,0,0,0,0,0,0,0,0,704,79,3,2,0,0,0,0,0,0,0,0,0
1779257209.9949834,g11.hpc.coe,43337,0.5001,0,100.0,2035.0,12288.0,13213699656,13826999111,14862120,15702170,902690,0,0,0,0,0,0,0,0,0,0,0,0,747,79,3,2,0,0,0,0,0,0,0,0,0
1779257210.4950776,g11.hpc.coe,43337,0.5001,0,100.0,2035.0,12288.0,13213700445,13826999190,14862123,15702172,902690,0,0,0,0,0,0,0,0,0,0,0,0,789,79,3,2,0,0,0,0,0,0,0,0,0
1779257210.9951684,g11.hpc.coe,43337,0.5001,0,100.0,2035.0,12288.0,13213701277,13826999269,14862126,15702174,902690,0,0,0,0,0,0,0,0,0,0,0,0,832,79,3,2,0,0,0,0,0,0,0,0,0
1779257211.4952617,g11.hpc.coe,43337,0.5001,0,100.0,2035.0,12288.0,13213702151,13826999348,14862129,15702176,902690,0,0,0,0,0,0,0,0,0,0,0,0,874,79,3,2,0,0,0,0,0,0,0,0,0
1779257211.9953525,g11.hpc.coe,43337,0.5001,0,100.0,2035.0,12288.0,13235212841,13848539032,14883822,15723899,902702,0,0,0,0,0,0,0,0,0,0,0,0,21510690,21539684,21693,21723,12,0,0,0,0,0,0,0,0
1779257212.495444,g11.hpc.coe,43337,0.5001,0,100.0,2035.0,12288.0,13248403345,13861736217,14897024,15737113,903025,0,0,0,0,0,0,0,0,0,0,0,0,13190504,13197185,13202,13214,323,0,0,0,0,0,0,0,0
1779257212.9955354,g11.hpc.coe,43337,0.5001,0,100.0,2035.0,12288.0,13248404357,13861736296,14897027,15737115,903025,0,0,0,0,0,0,0,0,0,0,0,0,1012,79,3,2,0,0,0,0,0,0,0,0,0
1779257213.4956288,g11.hpc.coe,43337,0.5001,0,100.0,2035.0,12288.0,13248405411,13861736375,14897030,15737117,903025,0,0,0,0,0,0,0,0,0,0,0,0,1054,79,3,2,0,0,0,0,0,0,0,0,0
1779257213.995721,g11.hpc.coe,43337,0.5001,0,100.0,2035.0,12288.0,13248406607,13861736509,14897036,15737120,903025,0,0,0,0,0,0,0,0,0,0,0,0,1196,134,6,3,0,0,0,0,0,0,0,0,0
1779257214.4958134,g11.hpc.coe,43337,0.5001,0,100.0,2035.0,12288.0,13248407769,13861736588,14897040,15737122,903025,0,0,0,0,0,0,0,0,0,0,0,0,1162,79,4,2,0,0,0,0,0,0,0,0,0
1779257214.9959073,g11.hpc.coe,43337,0.5001,0,100.0,2035.0,12288.0,13248407906,13861736645,14897042,15737123,903025,0,0,0,0,0,0,0,0,0,0,0,0,137,57,2,1,0,0,0,0,0,0,0,0,0
1779257215.495998,g11.hpc.coe,43337,0.5001,0,100.0,2035.0,12288.0,13248408085,13861736702,14897044,15737124,903025,0,0,0,0,0,0,0,0,0,0,0,0,179,57,2,1,0,0,0,0,0,0,0,0,0
1779257215.9960947,g11.hpc.coe,43337,0.5001,0,100.0,2035.0,12288.0,13269918079,13883276315,14918736,15758839,903826,0,0,0,0,0,0,0,0,0,0,0,0,21509994,21539613,21692,21715,801,0,0,0,0,0,0,0,0
1779257216.4961867,g11.hpc.coe,43337,0.5001,0,100.0,2035.0,12288.0,13283107874,13896473485,14931935,15772053,903838,0,0,0,0,0,0,0,0,0,0,0,0,13189795,13197170,13199,13214,12,0,0,0,0,0,0,0,0
1779257216.9962795,g11.hpc.coe,43337,0.5001,0,100.0,2035.0,12288.0,13283108191,13896473542,14931937,15772054,903838,0,0,0,0,0,0,0,0,0,0,0,0,317,57,2,1,0,0,0,0,0,0,0,0,0
1779257217.4963725,g11.hpc.coe,43337,0.5001,0,100.0,2035.0,12288.0,13283108550,13896473599,14931939,15772055,903838,0,0,0,0,0,0,0,0,0,0,0,0,359,57,2,1,0,0,0,0,0,0,0,0,0
1779257217.9964645,g11.hpc.coe,43337,0.5001,0,100.0,2035.0,12288.0,13283109553,13896474103,14931955,15772064,903838,0,0,0,0,0,0,0,0,0,0,0,0,1003,504,16,9,0,0,0,0,0,0,0,0,0
1779257218.4965572,g11.hpc.coe,43337,0.5001,0,100.0,2035.0,12288.0,13283109998,13896474160,14931957,15772065,903838,0,0,0,0,0,0,0,0,0,0,0,0,445,57,2,1,0,0,0,0,0,0,0,0,0
1779257218.9966495,g11.hpc.coe,43337,0.5001,0,100.0,2035.0,12288.0,13283110562,13896474272,14931961,15772067,903838,0,0,0,0,0,0,0,0,0,0,0,0,564,112,4,2,0,0,0,0,0,0,0,0,0
1779257219.49674,g11.hpc.coe,43337,0.5001,0,100.0,2035.0,12288.0,13283111092,13896474329,14931963,15772068,903838,0,0,0,0,0,0,0,0,0,0,0,0,530,57,2,1,0,0,0,0,0,0,0,0,0
1779257219.9968348,g11.hpc.coe,43337,0.5001,0,100.0,2035.0,12288.0,13283111686,13896474408,14931966,15772070,903838,0,0,0,0,0,0,0,0,0,0,0,0,594,79,3,2,0,0,0,0,0,0,0,0,0
1779257220.4969282,g11.hpc.coe,43337,0.5001,0,100.0,2035.0,12288.0,13311561939,13924961416,14960634,15800777,903863,0,0,0,0,0,0,0,0,0,0,0,0,28450253,28487008,28668,28707,25,0,0,0,0,0,0,0,0
1779257220.9970214,g11.hpc.coe,43337,0.5001,0,100.0,2035.0,12288.0,13317812320,13931211270,14966861,15807006,903929,0,0,0,0,0,0,0,0,0,0,0,0,6250381,6249854,6227,6229,66,0,0,0,0,0,0,0,0
1779257221.4971144,g11.hpc.coe,43337,0.5001,0,100.0,2035.0,12288.0,13317813051,13931211349,14966864,15807008,903929,0,0,0,0,0,0,0,0,0,0,0,0,731,79,3,2,0,0,0,0,0,0,0,0,0
1779257221.9972053,g11.hpc.coe,43337,0.5001,0,100.0,2035.0,12288.0,13317813824,13931211428,14966867,15807010,903929,0,0,0,0,0,0,0,0,0,0,0,0,773,79,3,2,0,0,0,0,0,0,0,0,0
1779257222.497296,g11.hpc.coe,43337,0.5001,0,100.0,2035.0,12288.0,13317814640,13931211507,14966870,15807012,903929,0,0,0,0,0,0,0,0,0,0,0,0,816,79,3,2,0,0,0,0,0,0,0,0,0
1779257222.9973886,g11.hpc.coe,43337,0.5001,0,100.0,2035.0,12288.0,13317815498,13931211586,14966873,15807014,903929,0,0,0,0,0,0,0,0,0,0,0,0,858,79,3,2,0,0,0,0,0,0,0,0,0
1779257223.497483,g11.hpc.coe,43337,0.5001,0,100.0,2035.0,12288.0,13317816398,13931211665,14966876,15807016,903929,0,0,0,0,0,0,0,0,0,0,0,0,900,79,3,2,0,0,0,0,0,0,0,0,0
1779257223.9975731,g11.hpc.coe,43337,0.5001,0,100.0,2035.0,12288.0,13317817341,13931211744,14966879,15807018,903929,0,0,0,0,0,0,0,0,0,0,0,0,943,79,3,2,0,0,0,0,0,0,0,0,0
1779257224.4976647,g11.hpc.coe,43337,0.5001,0,100.0,2035.0,12288.0,13345577968,13959008791,14994798,15834980,903959,0,0,0,0,0,0,0,0,0,0,0,0,27760627,27797047,27919,27962,30,0,0,0,0,0,0,0,0
1779257224.9977543,g11.hpc.coe,43337,0.5001,0,100.0,2035.0,12288.0,13352518714,13965948654,15001771,15841954,903972,0,0,0,0,0,0,0,0,0,0,0,0,6940746,6939863,6973,6974,13,0,0,0,0,0,0,0,0
1779257225.4978454,g11.hpc.coe,43337,0.5001,0,100.0,2035.0,12288.0,13352519815,13965948733,15001775,15841956,903972,0,0,0,0,0,0,0,0,0,0,0,0,1101,79,4,2,0,0,0,0,0,0,0,0,0
1779257225.9979393,g11.hpc.coe,43337,0.5001,0,100.0,2035.0,12288.0,13352520959,13965948812,15001779,15841958,903972,0,0,0,0,0,0,0,0,0,0,0,0,1144,79,4,2,0,0,0,0,0,0,0,0,0
1779257226.498031,g11.hpc.coe,43337,0.5001,0,100.0,2035.0,12288.0,13352522146,13965948891,15001783,15841960,903972,0,0,0,0,0,0,0,0,0,0,0,0,1187,79,4,2,0,0,0,0,0,0,0,0,0
1779257226.9981246,g11.hpc.coe,43337,0.5001,0,100.0,2035.0,12288.0,13352522307,13965948948,15001785,15841961,903972,0,0,0,0,0,0,0,0,0,0,0,0,161,57,2,1,0,0,0,0,0,0,0,0,0
1779257227.4982154,g11.hpc.coe,43337,0.5001,0,100.0,2035.0,12288.0,13352522511,13965949005,15001787,15841962,903972,0,0,0,0,0,0,0,0,0,0,0,0,204,57,2,1,0,0,0,0,0,0,0,0,0
1779257227.9983082,g11.hpc.coe,43337,0.5001,0,100.0,2035.0,12288.0,13352522757,13965949062,15001789,15841963,903972,0,0,0,0,0,0,0,0,0,0,0,0,246,57,2,1,0,0,0,0,0,0,0,0,0
1779257228.4984,g11.hpc.coe,43337,0.5001,0,100.0,2035.0,12288.0,13374032770,13987488682,15023474,15863679,903996,0,0,0,0,0,0,0,0,0,0,0,0,21510013,21539620,21685,21716,24,0,0,0,0,0,0,0,0
1779257228.9984908,g11.hpc.coe,43337,0.5001,0,100.0,2035.0,12288.0,13387222666,14000685803,15036678,15876886,905773,0,0,0,0,0,0,0,0,0,0,0,0,13189896,13197121,13204,13207,1777,0,0,0,0,0,0,0,0
1779257229.4985836,g11.hpc.coe,43337,0.5001,0,100.0,2035.0,12288.0,13387223126,14000685915,15036682,15876888,905773,0,0,0,0,0,0,0,0,0,0,0,0,460,112,4,2,0,0,0,0,0,0,0,0,0
1779257229.9986753,g11.hpc.coe,43337,0.5001,0,100.0,2035.0,12288.0,13387223552,14000685972,15036684,15876889,905773,0,0,0,0,0,0,0,0,0,0,0,0,426,57,2,1,0,0,0,0,0,0,0,0,0
1779257230.498769,g11.hpc.coe,43337,0.5001,0,100.0,2035.0,12288.0,13387224021,14000686029,15036686,15876890,905773,0,0,0,0,0,0,0,0,0,0,0,0,469,57,2,1,0,0,0,0,0,0,0,0,0
1779257230.9988604,g11.hpc.coe,43337,0.5001,0,100.0,2035.0,12288.0,13387224532,14000686086,15036688,15876891,905773,0,0,0,0,0,0,0,0,0,0,0,0,511,57,2,1,0,0,0,0,0,0,0,0,0
1779257231.4989552,g11.hpc.coe,43337,0.5001,0,100.0,2035.0,12288.0,13387225107,14000686165,15036691,15876893,905773,0,0,0,0,0,0,0,0,0,0,0,0,575,79,3,2,0,0,0,0,0,0,0,0,0
1779257231.9990456,g11.hpc.coe,43337,0.5001,0,100.0,2035.0,12288.0,13387225725,14000686244,15036694,15876895,905773,0,0,0,0,0,0,0,0,0,0,0,0,618,79,3,2,0,0,0,0,0,0,0,0,0
1779257232.4991379,g11.hpc.coe,43337,0.5001,0,100.0,2035.0,12288.0,13408046142,14021535891,15057641,15897869,905791,0,0,0,0,0,0,0,0,0,0,0,0,20820417,20849647,20947,20974,18,0,0,0,0,0,0,0,0
1779257232.9992306,g11.hpc.coe,43337,0.5001,0,100.0,2035.0,12288.0,13421927035,14035423560,15071607,15911840,905803,0,0,0,0,0,0,0,0,0,0,0,0,13880893,13887669,13966,13971,12,0,0,0,0,0,0,0,0
1779257233.4993222,g11.hpc.coe,43337,0.5001,0,100.0,2035.0,12288.0,13421927790,14035423639,15071610,15911842,905803,0,0,0,0,0,0,0,0,0,0,0,0,755,79,3,2,0,0,0,0,0,0,0,0,0
1779257233.9994156,g11.hpc.coe,43337,0.5001,0,100.0,2035.0,12288.0,13421928588,14035423718,15071613,15911844,905803,0,0,0,0,0,0,0,0,0,0,0,0,798,79,3,2,0,0,0,0,0,0,0,0,0
1779257234.4995058,g11.hpc.coe,43337,0.5001,0,100.0,2035.0,12288.0,13421929505,14035423852,15071618,15911847,905803,0,0,0,0,0,0,0,0,0,0,0,0,917,134,5,3,0,0,0,0,0,0,0,0,0
1779257234.9995978,g11.hpc.coe,43337,0.5001,0,100.0,2035.0,12288.0,13421930388,14035423931,15071621,15911849,905803,0,0,0,0,0,0,0,0,0,0,0,0,883,79,3,2,0,0,0,0,0,0,0,0,0
1779257235.499689,g11.hpc.coe,43337,0.5001,0,100.0,2035.0,12288.0,13421931314,14035424010,15071624,15911851,905803,0,0,0,0,0,0,0,0,0,0,0,0,926,79,3,2,0,0,0,0,0,0,0,0,0
1779257235.9997792,g11.hpc.coe,43337,0.5001,0,100.0,2035.0,12288.0,13421932282,14035424089,15071627,15911853,905803,0,0,0,0,0,0,0,0,0,0,0,0,968,79,3,2,0,0,0,0,0,0,0,0,0
1779257236.4998696,g11.hpc.coe,43337,0.5001,0,100.0,2035.0,12288.0,13436503201,14050016470,15086342,15926595,905817,0,0,0,0,0,0,0,0,0,0,0,0,14570919,14592381,14715,14742,14,0,0,0,0,0,0,0,0
1779257236.9999633,g11.hpc.coe,43337,0.5001,0,100.0,2035.0,12288.0,13456633656,14070160986,15106521,15946794,906631,0,0,0,0,0,0,0,0,0,0,0,0,20130455,20144516,20179,20199,814,0,0,0,0,0,0,0,0
1779257237.5000563,g11.hpc.coe,43337,0.5001,0,100.0,2035.0,12288.0,13456634784,14070161065,15106525,15946796,906631,0,0,0,0,0,0,0,0,0,0,0,0,1128,79,4,2,0,0,0,0,0,0,0,0,0
1779257238.0001507,g11.hpc.coe,43337,0.5001,0,100.0,2035.0,12288.0,13456635954,14070161144,15106529,15946798,906631,0,0,0,0,0,0,0,0,0,0,0,0,1170,79,4,2,0,0,0,0,0,0,0,0,0
1779257238.5002422,g11.hpc.coe,43337,0.5001,0,100.0,2035.0,12288.0,13456636099,14070161201,15106531,15946799,906631,0,0,0,0,0,0,0,0,0,0,0,0,145,57,2,1,0,0,0,0,0,0,0,0,0
1779257239.0003521,g11.hpc.coe,43337,0.5001,0,100.0,2035.0,12288.0,13456636287,14070161258,15106533,15946800,906631,0,0,0,0,0,0,0,0,0,0,0,0,188,57,2,1,0,0,0,0,0,0,0,0,0
1779257239.5004444,g11.hpc.coe,43337,0.5001,0,100.0,2035.0,12288.0,13456636594,14070161370,15106537,15946802,906631,0,0,0,0,0,0,0,0,0,0,0,0,307,112,4,2,0,0,0,0,0,0,0,0,0
1779257240.0005355,g11.hpc.coe,43337,0.5001,0,100.0,2035.0,12288.0,13456636867,14070161427,15106539,15946803,906631,0,0,0,0,0,0,0,0,0,0,0,0,273,57,2,1,0,0,0,0,0,0,0,0,0
1779257240.500628,g11.hpc.coe,43337,0.5001,0,100.0,2035.0,12288.0,13471207098,14084753730,15121254,15961536,906642,0,0,0,0,0,0,0,0,0,0,0,0,14570231,14592303,14715,14733,11,0,0,0,0,0,0,0,0
1779257241.0007217,g11.hpc.coe,43337,0.5001,0,100.0,2035.0,12288.0,13491336872,14104898196,15141434,15981730,906661,0,0,0,0,0,0,0,0,0,0,0,0,20129774,20144466,20180,20194,19,0,0,0,0,0,0,0,0
1779257241.5008147,g11.hpc.coe,43337,0.5001,0,100.0,2035.0,12288.0,13491337282,14104898253,15141436,15981731,906661,0,0,0,0,0,0,0,0,0,0,0,0,410,57,2,1,0,0,0,0,0,0,0,0,0
1779257242.0009055,g11.hpc.coe,43337,0.5001,0,100.0,2035.0,12288.0,13491337735,14104898310,15141438,15981732,906661,0,0,0,0,0,0,0,0,0,0,0,0,453,57,2,1,0,0,0,0,0,0,0,0,0
1779257242.501,g11.hpc.coe,43337,0.5001,0,100.0,2035.0,12288.0,13491338230,14104898367,15141440,15981733,906661,0,0,0,0,0,0,0,0,0,0,0,0,495,57,2,1,0,0,0,0,0,0,0,0,0
1779257243.0010924,g11.hpc.coe,43337,0.5001,0,100.0,2035.0,12288.0,13491338767,14104898424,15141442,15981734,906661,0,0,0,0,0,0,0,0,0,0,0,0,537,57,2,1,0,0,0,0,0,0,0,0,0
1779257243.5011883,g11.hpc.coe,43337,0.5001,0,100.0,2035.0,12288.0,13491339368,14104898503,15141445,15981736,906661,0,0,0,0,0,0,0,0,0,0,0,0,601,79,3,2,0,0,0,0,0,0,0,0,0
1779257244.001281,g11.hpc.coe,43337,0.5001,0,100.0,2035.0,12288.0,13491340012,14104898582,15141448,15981738,906661,0,0,0,0,0,0,0,0,0,0,0,0,644,79,3,2,0,0,0,0,0,0,0,0,0
1779257244.5013745,g11.hpc.coe,43337,0.5001,0,100.0,2035.0,12288.0,13498970757,14112543562,15149187,15989485,906668,0,0,0,0,0,0,0,0,0,0,0,0,7630745,7644980,7739,7747,7,0,0,0,0,0,0,0,0
1779257245.0014663,g11.hpc.coe,43337,0.5001,0,100.0,2035.0,12288.0,13526040799,14139635478,15176342,16016672,908350,0,0,0,0,0,0,0,0,0,0,0,0,27070042,27091916,27155,27187,1682,0,0,0,0,0,0,0,0
1779257245.5015597,g11.hpc.coe,43337,0.5001,0,100.0,2035.0,12288.0,13526041579,14139635557,15176345,16016674,908350,0,0,0,0,0,0,0,0,0,0,0,0,780,79,3,2,0,0,0,0,0,0,0,0,0
1779257246.0016499,g11.hpc.coe,43337,0.5001,0,100.0,2035.0,12288.0,13526042402,14139635636,15176348,16016676,908350,0,0,0,0,0,0,0,0,0,0,0,0,823,79,3,2,0,0,0,0,0,0,0,0,0
1779257246.5017416,g11.hpc.coe,43337,0.5001,0,100.0,2035.0,12288.0,13526043267,14139635715,15176351,16016678,908350,0,0,0,0,0,0,0,0,0,0,0,0,865,79,3,2,0,0,0,0,0,0,0,0,0
1779257247.0018349,g11.hpc.coe,43337,0.5001,0,100.0,2035.0,12288.0,13526044175,14139635794,15176354,16016680,908350,0,0,0,0,0,0,0,0,0,0,0,0,908,79,3,2,0,0,0,0,0,0,0,0,0
1779257247.5019271,g11.hpc.coe,43337,0.5001,0,100.0,2035.0,12288.0,13526045125,14139635873,15176357,16016682,908350,0,0,0,0,0,0,0,0,0,0,0,0,950,79,3,2,0,0,0,0,0,0,0,0,0
1779257248.0020196,g11.hpc.coe,43337,0.5001,0,100.0,2035.0,12288.0,13526046719,14139636399,15176374,16016692,908350,0,0,0,0,0,0,0,0,0,0,0,0,1594,526,17,10,0,0,0,0,0,0,0,0,0
1779257248.5021179,g11.hpc.coe,43337,0.5001,0,100.0,2035.0,12288.0,13533677779,14147281393,15184108,16024441,908377,0,0,0,0,0,0,0,0,0,0,0,0,7631060,7644994,7734,7749,27,0,0,0,0,0,0,0,0
1779257249.0022109,g11.hpc.coe,43337,0.5001,0,100.0,2035.0,12288.0,13560748159,14174373268,15211268,16051629,908399,0,0,0,0,0,0,0,0,0,0,0,0,27070380,27091875,27160,27188,22,0,0,0,0,0,0,0,0
1779257249.5023026,g11.hpc.coe,43337,0.5001,0,100.0,2035.0,12288.0,13560749311,14174373347,15211272,16051631,908399,0,0,0,0,0,0,0,0,0,0,0,0,1152,79,4,2,0,0,0,0,0,0,0,0,0
1779257250.0023959,g11.hpc.coe,43337,0.5001,0,100.0,2035.0,12288.0,13560749515,14174373459,15211276,16051633,908399,0,0,0,0,0,0,0,0,0,0,0,0,204,112,4,2,0,0,0,0,0,0,0,0,0
1779257250.502488,g11.hpc.coe,43337,0.5001,0,100.0,2035.0,12288.0,13560749685,14174373516,15211278,16051634,908399,0,0,0,0,0,0,0,0,0,0,0,0,170,57,2,1,0,0,0,0,0,0,0,0,0
1779257251.002579,g11.hpc.coe,43337,0.5001,0,100.0,2035.0,12288.0,13560749897,14174373573,15211280,16051635,908399,0,0,0,0,0,0,0,0,0,0,0,0,212,57,2,1,0,0,0,0,0,0,0,0,0
1779257251.502672,g11.hpc.coe,43337,0.5001,0,100.0,2035.0,12288.0,13560750151,14174373630,15211282,16051636,908399,0,0,0,0,0,0,0,0,0,0,0,0,254,57,2,1,0,0,0,0,0,0,0,0,0
1779257252.002764,g11.hpc.coe,43337,0.5001,0,100.0,2035.0,12288.0,13560750447,14174373687,15211284,16051637,908399,0,0,0,0,0,0,0,0,0,0,0,0,296,57,2,1,0,0,0,0,0,0,0,0,0
1779257252.5028543,g11.hpc.coe,43337,0.5001,0,100.0,2035.0,12288.0,13566382167,14180573301,15217478,16058216,909304,0,0,0,0,0,0,0,0,0,0,0,0,5631720,6199614,6194,6579,905,0,0,0,0,0,0,0,0
1779257253.0029707,g11.hpc.coe,43337,0.5001,0,100.0,2035.0,12288.0,13595450449,14209110498,15246172,16086570,909956,0,0,0,0,0,0,0,0,0,0,0,0,29068282,28537197,28694,28354,652,0,0,0,0,0,0,0,0
1779257253.5030646,g11.hpc.coe,43337,0.5001,0,100.0,2035.0,12288.0,13595450882,14209110555,15246174,16086571,909956,0,0,0,0,0,0,0,0,0,0,0,0,433,57,2,1,0,0,0,0,0,0,0,0,0
1779257254.0031564,g11.hpc.coe,43337,0.5001,0,100.0,2035.0,12288.0,13595451358,14209110612,15246176,16086572,909956,0,0,0,0,0,0,0,0,0,0,0,0,476,57,2,1,0,0,0,0,0,0,0,0,0
1779257254.5032465,g11.hpc.coe,43337,0.5001,0,100.0,2035.0,12288.0,13595451876,14209110669,15246178,16086573,909956,0,0,0,0,0,0,0,0,0,0,0,0,518,57,2,1,0,0,0,0,0,0,0,0,0
1779257255.003338,g11.hpc.coe,43337,0.5001,0,100.0,2035.0,12288.0,13595452536,14209110803,15246183,16086576,909956,0,0,0,0,0,0,0,0,0,0,0,0,660,134,5,3,0,0,0,0,0,0,0,0,0
1779257255.5034297,g11.hpc.coe,43337,0.5001,0,100.0,2035.0,12288.0,13595453161,14209110882,15246186,16086578,909956,0,0,0,0,0,0,0,0,0,0,0,0,625,79,3,2,0,0,0,0,0,0,0,0,0
1779257256.0035198,g11.hpc.coe,43337,0.5001,0,100.0,2035.0,12288.0,13595453829,14209110961,15246189,16086580,909956,0,0,0,0,0,0,0,0,0,0,0,0,668,79,3,2,0,0,0,0,0,0,0,0,0
1779257256.5036125,g11.hpc.coe,43337,0.5001,0,100.0,2035.0,12288.0,13596144734,14209808645,15246950,16087347,909956,0,0,0,0,0,0,0,0,0,0,0,0,690905,697684,761,767,0,0,0,0,0,0,0,0,0
1779257257.0037038,g11.hpc.coe,43337,0.5001,0,100.0,2035.0,12288.0,13630154621,14243847844,15281086,16121519,911336,0,0,0,0,0,0,0,0,0,0,0,0,34009887,34039199,34136,34172,1380,0,0,0,0,0,0,0,0
1779257257.5037954,g11.hpc.coe,43337,0.5001,0,100.0,2035.0,12288.0,13630155424,14243847923,15281089,16121521,911336,0,0,0,0,0,0,0,0,0,0,0,0,803,79,3,2,0,0,0,0,0,0,0,0,0
1779257258.0038881,g11.hpc.coe,43337,0.5001,0,100.0,2035.0,12288.0,13630156270,14243848002,15281092,16121523,911336,0,0,0,0,0,0,0,0,0,0,0,0,846,79,3,2,0,0,0,0,0,0,0,0,0
1779257258.5039787,g11.hpc.coe,43337,0.5001,0,100.0,2035.0,12288.0,13630157158,14243848081,15281095,16121525,911336,0,0,0,0,0,0,0,0,0,0,0,0,888,79,3,2,0,0,0,0,0,0,0,0,0
1779257259.0040686,g11.hpc.coe,43337,0.5001,0,100.0,2035.0,12288.0,13630158089,14243848160,15281098,16121527,911336,0,0,0,0,0,0,0,0,0,0,0,0,931,79,3,2,0,0,0,0,0,0,0,0,0
1779257259.5041604,g11.hpc.coe,43337,0.5001,0,100.0,2035.0,12288.0,13630159062,14243848239,15281101,16121529,911336,0,0,0,0,0,0,0,0,0,0,0,0,973,79,3,2,0,0,0,0,0,0,0,0,0
1779257260.0042539,g11.hpc.coe,43337,0.5001,0,100.0,2035.0,12288.0,13630160155,14243848373,15281106,16121532,911336,0,0,0,0,0,0,0,0,0,0,0,0,1093,134,5,3,0,0,0,0,0,0,0,0,0
1779257260.5043466,g11.hpc.coe,43337,0.5001,0,100.0,2035.0,12288.0,13630161365,14243856013,15281117,16121549,911336,0,0,0,0,0,0,0,0,0,0,0,0,1210,7640,11,17,0,0,0,0,0,0,0,0,0
1779257261.0044372,g11.hpc.coe,43337,0.5001,0,100.0,2035.0,12288.0,13664861596,14278585249,15315994,16156470,911367,0,0,0,0,0,0,0,0,0,0,0,0,34700231,34729236,34877,34921,31,0,0,0,0,0,0,0,0
1779257261.5045283,g11.hpc.coe,43337,0.5001,0,100.0,2035.0,12288.0,13664862768,14278585328,15315998,16156472,911367,0,0,0,0,0,0,0,0,0,0,0,0,1172,79,4,2,0,0,0,0,0,0,0,0,0
1779257262.0046232,g11.hpc.coe,43337,0.5001,0,100.0,2035.0,12288.0,13664862915,14278585385,15316000,16156473,911367,0,0,0,0,0,0,0,0,0,0,0,0,147,57,2,1,0,0,0,0,0,0,0,0,0
1779257262.5047143,g11.hpc.coe,43337,0.5001,0,100.0,2035.0,12288.0,13664863104,14278585442,15316002,16156474,911367,0,0,0,0,0,0,0,0,0,0,0,0,189,57,2,1,0,0,0,0,0,0,0,0,0
1779257263.0048068,g11.hpc.coe,43337,0.5001,0,100.0,2035.0,12288.0,13664864194,14278586201,15316023,16156488,911367,0,0,0,0,0,0,0,0,0,0,0,0,1090,759,21,14,0,0,0,0,0,0,0,0,0
1779257263.5049005,g11.hpc.coe,43337,0.5001,0,100.0,2035.0,12288.0,13664864491,14278586258,15316026,16156489,911367,0,0,0,0,0,0,0,0,0,0,0,0,297,57,3,1,0,0,0,0,0,0,0,0,0
1779257264.0049927,g11.hpc.coe,43337,0.5001,0,100.0,2035.0,12288.0,13664864809,14278586315,15316028,16156490,911367,0,0,0,0,0,0,0,0,0,0,0,0,318,57,2,1,0,0,0,0,0,0,0,0,0
1779257264.505083,g11.hpc.coe,43337,0.5001,0,100.0,2035.0,12288.0,13664865169,14278586372,15316030,16156491,911367,0,0,0,0,0,0,0,0,0,0,0,0,360,57,2,1,0,0,0,0,0,0,0,0,0
1779257265.005176,g11.hpc.coe,43337,0.5001,0,100.0,2035.0,12288.0,13693835381,14308117910,15345725,16186584,911476,0,0,0,0,0,0,0,0,0,0,0,0,28970212,29531538,29695,30093,109,0,0,0,0,0,0,0,0
1779257265.50527,g11.hpc.coe,43337,0.5001,0,100.0,2035.0,12288.0,13699565390,14313323217,15350924,16191422,913176,0,0,0,0,0,0,0,0,0,0,0,0,5730009,5205307,5199,4838,1700,0,0,0,0,0,0,0,0
1779257266.005362,g11.hpc.coe,43337,0.5001,0,100.0,2035.0,12288.0,13699565887,14313323274,15350926,16191423,913176,0,0,0,0,0,0,0,0,0,0,0,0,497,57,2,1,0,0,0,0,0,0,0,0,0
1779257266.5054545,g11.hpc.coe,43337,0.5001,0,100.0,2035.0,12288.0,13699566426,14313323331,15350928,16191424,913176,0,0,0,0,0,0,0,0,0,0,0,0,539,57,2,1,0,0,0,0,0,0,0,0,0
1779257267.005546,g11.hpc.coe,43337,0.5001,0,100.0,2035.0,12288.0,13699567029,14313323410,15350931,16191426,913176,0,0,0,0,0,0,0,0,0,0,0,0,603,79,3,2,0,0,0,0,0,0,0,0,0
1779257267.5056393,g11.hpc.coe,43337,0.5001,0,100.0,2035.0,12288.0,13699567675,14313323489,15350934,16191428,913176,0,0,0,0,0,0,0,0,0,0,0,0,646,79,3,2,0,0,0,0,0,0,0,0,0
1779257268.0057297,g11.hpc.coe,43337,0.5001,0,100.0,2035.0,12288.0,13699568363,14313323568,15350937,16191430,913176,0,0,0,0,0,0,0,0,0,0,0,0,688,79,3,2,0,0,0,0,0,0,0,0,0
1779257268.5058203,g11.hpc.coe,43337,0.5001,0,100.0,2035.0,12288.0,13699569094,14313323647,15350940,16191432,913176,0,0,0,0,0,0,0,0,0,0,0,0,731,79,3,2,0,0,0,0,0,0,0,0,0
1779257269.005912,g11.hpc.coe,43337,0.5001,0,100.0,2035.0,12288.0,13728019504,14341810634,15379611,16220136,914171,0,0,0,0,0,0,0,0,0,0,0,0,28450410,28486987,28671,28704,995,0,0,0,0,0,0,0,0
1779257269.5060048,g11.hpc.coe,43337,0.5001,0,100.0,2035.0,12288.0,13734270008,14348060446,15385836,16226359,914179,0,0,0,0,0,0,0,0,0,0,0,0,6250504,6249812,6225,6223,8,0,0,0,0,0,0,0,0
1779257270.0060995,g11.hpc.coe,43337,0.5001,0,100.0,2035.0,12288.0,13734270875,14348060525,15385839,16226361,914179,0,0,0,0,0,0,0,0,0,0,0,0,867,79,3,2,0,0,0,0,0,0,0,0,0
1779257270.50619,g11.hpc.coe,43337,0.5001,0,100.0,2035.0,12288.0,13734271861,14348060659,15385844,16226364,914179,0,0,0,0,0,0,0,0,0,0,0,0,986,134,5,3,0,0,0,0,0,0,0,0,0
1779257271.0062811,g11.hpc.coe,43337,0.5001,0,100.0,2035.0,12288.0,13734272813,14348060738,15385847,16226366,914179,0,0,0,0,0,0,0,0,0,0,0,0,952,79,3,2,0,0,0,0,0,0,0,0,0
1779257271.506374,g11.hpc.coe,43337,0.5001,0,100.0,2035.0,12288.0,13734273807,14348060817,15385850,16226368,914179,0,0,0,0,0,0,0,0,0,0,0,0,994,79,3,2,0,0,0,0,0,0,0,0,0
1779257272.0064657,g11.hpc.coe,43337,0.5001,0,100.0,2035.0,12288.0,13734274843,14348060896,15385853,16226370,914179,0,0,0,0,0,0,0,0,0,0,0,0,1036,79,3,2,0,0,0,0,0,0,0,0,0
1779257272.5065567,g11.hpc.coe,43337,0.5001,0,100.0,2035.0,12288.0,13734275944,14348060975,15385857,16226372,914179,0,0,0,0,0,0,0,0,0,0,0,0,1101,79,4,2,0,0,0,0,0,0,0,0,0
1779257273.0066504,g11.hpc.coe,43337,0.5001,0,100.0,2035.0,12288.0,13762036523,14375850142,15413770,16254302,918432,0,0,0,0,0,0,0,0,0,0,0,0,27760579,27789167,27913,27930,4253,0,0,0,0,0,0,0,0
1779257273.5067432,g11.hpc.coe,43337,0.5001,0,100.0,2035.0,12288.0,13768977628,14382797746,15420759,16261295,918437,0,0,0,0,0,0,0,0,0,0,0,0,6941105,6947604,6989,6993,5,0,0,0,0,0,0,0,0
1779257274.006834,g11.hpc.coe,43337,0.5001,0,100.0,2035.0,12288.0,13768977798,14382797803,15420761,16261296,918437,0,0,0,0,0,0,0,0,0,0,0,0,170,57,2,1,0,0,0,0,0,0,0,0,0
1779257274.5069246,g11.hpc.coe,43337,0.5001,0,100.0,2035.0,12288.0,13768978010,14382797860,15420763,16261297,918437,0,0,0,0,0,0,0,0,0,0,0,0,212,57,2,1,0,0,0,0,0,0,0,0,0
1779257275.0070171,g11.hpc.coe,43337,0.5001,0,100.0,2035.0,12288.0,13768978265,14382797917,15420765,16261298,918437,0,0,0,0,0,0,0,0,0,0,0,0,255,57,2,1,0,0,0,0,0,0,0,0,0
1779257275.5071084,g11.hpc.coe,43337,0.5001,0,100.0,2035.0,12288.0,13768978639,14382798029,15420769,16261300,918437,0,0,0,0,0,0,0,0,0,0,0,0,374,112,4,2,0,0,0,0,0,0,0,0,0
1779257276.0072048,g11.hpc.coe,43337,0.5001,0,100.0,2035.0,12288.0,13768978979,14382798086,15420771,16261301,918437,0,0,0,0,0,0,0,0,0,0,0,0,340,57,2,1,0,0,0,0,0,0,0,0,0
1779257276.5073004,g11.hpc.coe,43337,0.5001,0,100.0,2035.0,12288.0,13768979362,14382798143,15420773,16261302,918437,0,0,0,0,0,0,0,0,0,0,0,0,383,57,2,1,0,0,0,0,0,0,0,0,0
1779257277.0073934,g11.hpc.coe,43337,0.5001,0,100.0,2035.0,12288.0,13790489560,14404337826,15442465,16283027,918457,0,0,0,0,0,0,0,0,0,0,0,0,21510198,21539683,21692,21725,20,0,0,0,0,0,0,0,0
1779257277.5074854,g11.hpc.coe,43337,0.5001,0,100.0,2035.0,12288.0,13803679587,14417534996,15455668,16296241,918471,0,0,0,0,0,0,0,0,0,0,0,0,13190027,13197170,13203,13214,14,0,0,0,0,0,0,0,0
1779257278.007578,g11.hpc.coe,43337,0.5001,0,100.0,2035.0,12288.0,13803680708,14417535500,15455684,16296250,918471,0,0,0,0,0,0,0,0,0,0,0,0,1121,504,16,9,0,0,0,0,0,0,0,0,0
1779257278.5076685,g11.hpc.coe,43337,0.5001,0,100.0,2035.0,12288.0,13803681293,14417535579,15455687,16296252,918471,0,0,0,0,0,0,0,0,0,0,0,0,585,79,3,2,0,0,0,0,0,0,0,0,0
1779257279.0077598,g11.hpc.coe,43337,0.5001,0,100.0,2035.0,12288.0,13803681921,14417535658,15455690,16296254,918471,0,0,0,0,0,0,0,0,0,0,0,0,628,79,3,2,0,0,0,0,0,0,0,0,0
1779257279.50785,g11.hpc.coe,43337,0.5001,0,100.0,2035.0,12288.0,13803682591,14417535737,15455693,16296256,918471,0,0,0,0,0,0,0,0,0,0,0,0,670,79,3,2,0,0,0,0,0,0,0,0,0
1779257280.007942,g11.hpc.coe,43337,0.5001,0,100.0,2035.0,12288.0,13803683303,14417535816,15455696,16296258,918471,0,0,0,0,0,0,0,0,0,0,0,0,712,79,3,2,0,0,0,0,0,0,0,0,0
1779257280.5080342,g11.hpc.coe,43337,0.5001,0,100.0,2035.0,12288.0,13803684134,14417535950,15455701,16296261,918471,0,0,0,0,0,0,0,0,0,0,0,0,831,134,5,3,0,0,0,0,0,0,0,0,0
1779257281.0081248,g11.hpc.coe,43337,0.5001,0,100.0,2035.0,12288.0,13823521701,14437996180,15476193,16317203,919765,0,0,0,0,0,0,0,0,0,0,0,0,19837567,20460230,20492,20942,1294,0,0,0,0,0,0,0,0
1779257281.50822,g11.hpc.coe,43337,0.5001,0,100.0,2035.0,12288.0,13838385047,14452272847,15490590,16331202,919799,0,0,0,0,0,0,0,0,0,0,0,0,14863346,14276667,14397,13999,34,0,0,0,0,0,0,0,0
1779257282.0083117,g11.hpc.coe,43337,0.5001,0,100.0,2035.0,12288.0,13838385939,14452272926,15490593,16331204,919799,0,0,0,0,0,0,0,0,0,0,0,0,892,79,3,2,0,0,0,0,0,0,0,0,0
1779257282.5084074,g11.hpc.coe,43337,0.5001,0,100.0,2035.0,12288.0,13838386874,14452273005,15490596,16331206,919799,0,0,0,0,0,0,0,0,0,0,0,0,935,79,3,2,0,0,0,0,0,0,0,0,0
1779257283.008501,g11.hpc.coe,43337,0.5001,0,100.0,2035.0,12288.0,13838387851,14452273084,15490599,16331208,919799,0,0,0,0,0,0,0,0,0,0,0,0,977,79,3,2,0,0,0,0,0,0,0,0,0
1779257283.5085952,g11.hpc.coe,43337,0.5001,0,100.0,2035.0,12288.0,13838388870,14452273163,15490602,16331210,919799,0,0,0,0,0,0,0,0,0,0,0,0,1019,79,3,2,0,0,0,0,0,0,0,0,0
1779257284.008687,g11.hpc.coe,43337,0.5001,0,100.0,2035.0,12288.0,13838389932,14452273242,15490605,16331212,919799,0,0,0,0,0,0,0,0,0,0,0,0,1062,79,3,2,0,0,0,0,0,0,0,0,0
1779257284.5087786,g11.hpc.coe,43337,0.5001,0,100.0,2035.0,12288.0,13838391059,14452273321,15490609,16331214,919799,0,0,0,0,0,0,0,0,0,0,0,0,1127,79,4,2,0,0,0,0,0,0,0,0,0
1779257285.0088706,g11.hpc.coe,43337,0.5001,0,100.0,2035.0,12288.0,13852962130,14466865667,15505324,16345951,919808,0,0,0,0,0,0,0,0,0,0,0,0,14571071,14592346,14715,14737,9,0,0,0,0,0,0,0,0
1779257285.5089684,g11.hpc.coe,43337,0.5001,0,100.0,2035.0,12288.0,13873091724,14487010230,15525502,16366152,919822,0,0,0,0,0,0,0,0,0,0,0,0,20129594,20144563,20178,20201,14,0,0,0,0,0,0,0,0
1779257286.009063,g11.hpc.coe,43337,0.5001,0,100.0,2035.0,12288.0,13873091942,14487010287,15525505,16366153,919822,0,0,0,0,0,0,0,0,0,0,0,0,218,57,3,1,0,0,0,0,0,0,0,0,0
1779257286.509158,g11.hpc.coe,43337,0.5001,0,100.0,2035.0,12288.0,13873092180,14487010344,15525507,16366154,919822,0,0,0,0,0,0,0,0,0,0,0,0,238,57,2,1,0,0,0,0,0,0,0,0,0
1779257287.009248,g11.hpc.coe,43337,0.5001,0,100.0,2035.0,12288.0,13873092461,14487010401,15525509,16366155,919822,0,0,0,0,0,0,0,0,0,0,0,0,281,57,2,1,0,0,0,0,0,0,0,0,0
1779257287.5093408,g11.hpc.coe,43337,0.5001,0,100.0,2035.0,12288.0,13873092784,14487010458,15525511,16366156,919822,0,0,0,0,0,0,0,0,0,0,0,0,323,57,2,1,0,0,0,0,0,0,0,0,0
1779257288.0094347,g11.hpc.coe,43337,0.5001,0,100.0,2035.0,12288.0,13873093149,14487010515,15525513,16366157,919822,0,0,0,0,0,0,0,0,0,0,0,0,365,57,2,1,0,0,0,0,0,0,0,0,0
1779257288.509527,g11.hpc.coe,43337,0.5001,0,100.0,2035.0,12288.0,13873093557,14487010572,15525515,16366158,919822,0,0,0,0,0,0,0,0,0,0,0,0,408,57,2,1,0,0,0,0,0,0,0,0,0
1779257289.009617,g11.hpc.coe,43337,0.5001,0,100.0,2035.0,12288.0,13886973872,14500912859,15539479,16380145,921246,0,0,0,0,0,0,0,0,0,0,0,0,13880315,13902287,13964,13987,1424,0,0,0,0,0,0,0,0
1779257289.509711,g11.hpc.coe,43337,0.5001,0,100.0,2035.0,12288.0,13907793755,14521747432,15560399,16401098,923212,0,0,0,0,0,0,0,0,0,0,0,0,20819883,20834573,20920,20953,1966,0,0,0,0,0,0,0,0
1779257290.0098016,g11.hpc.coe,43337,0.5001,0,100.0,2035.0,12288.0,13907794323,14521747511,15560402,16401100,923212,0,0,0,0,0,0,0,0,0,0,0,0,568,79,3,2,0,0,0,0,0,0,0,0,0
1779257290.5098915,g11.hpc.coe,43337,0.5001,0,100.0,2035.0,12288.0,13907794933,14521747590,15560405,16401102,923212,0,0,0,0,0,0,0,0,0,0,0,0,610,79,3,2,0,0,0,0,0,0,0,0,0
1779257291.0099819,g11.hpc.coe,43337,0.5001,0,100.0,2035.0,12288.0,13907795663,14521747724,15560410,16401105,923212,0,0,0,0,0,0,0,0,0,0,0,0,730,134,5,3,0,0,0,0,0,0,0,0,0
1779257291.5100744,g11.hpc.coe,43337,0.5001,0,100.0,2035.0,12288.0,13907796358,14521747803,15560413,16401107,923212,0,0,0,0,0,0,0,0,0,0,0,0,695,79,3,2,0,0,0,0,0,0,0,0,0
1779257292.0101657,g11.hpc.coe,43337,0.5001,0,100.0,2035.0,12288.0,13907797096,14521747882,15560416,16401109,923212,0,0,0,0,0,0,0,0,0,0,0,0,738,79,3,2,0,0,0,0,0,0,0,0,0
1779257292.5102584,g11.hpc.coe,43337,0.5001,0,100.0,2035.0,12288.0,13907797876,14521747961,15560419,16401111,923212,0,0,0,0,0,0,0,0,0,0,0,0,780,79,3,2,0,0,0,0,0,0,0,0,0
1779257293.010349,g11.hpc.coe,43337,0.5001,0,100.0,2035.0,12288.0,13915429352,14529393423,15568171,16408871,923220,0,0,0,0,0,0,0,0,0,0,0,0,7631476,7645462,7752,7760,8,0,0,0,0,0,0,0,0
1779257293.5104434,g11.hpc.coe,43337,0.5001,0,100.0,2035.0,12288.0,13942499496,14556485186,15595330,16436043,923242,0,0,0,0,0,0,0,0,0,0,0,0,27070144,27091763,27159,27172,22,0,0,0,0,0,0,0,0
1779257294.0105348,g11.hpc.coe,43337,0.5001,0,100.0,2035.0,12288.0,13942500412,14556485265,15595333,16436045,923242,0,0,0,0,0,0,0,0,0,0,0,0,916,79,3,2,0,0,0,0,0,0,0,0,0
1779257294.5106287,g11.hpc.coe,43337,0.5001,0,100.0,2035.0,12288.0,13942501371,14556485344,15595336,16436047,923242,0,0,0,0,0,0,0,0,0,0,0,0,959,79,3,2,0,0,0,0,0,0,0,0,0
1779257295.010719,g11.hpc.coe,43337,0.5001,0,100.0,2035.0,12288.0,13942502372,14556485423,15595339,16436049,923242,0,0,0,0,0,0,0,0,0,0,0,0,1001,79,3,2,0,0,0,0,0,0,0,0,0
1779257295.5108097,g11.hpc.coe,43337,0.5001,0,100.0,2035.0,12288.0,13942503416,14556485502,15595342,16436051,923242,0,0,0,0,0,0,0,0,0,0,0,0,1044,79,3,2,0,0,0,0,0,0,0,0,0
1779257296.0109015,g11.hpc.coe,43337,0.5001,0,100.0,2035.0,12288.0,13942504602,14556485636,15595348,16436054,923242,0,0,0,0,0,0,0,0,0,0,0,0,1186,134,6,3,0,0,0,0,0,0,0,0,0
1779257296.5109925,g11.hpc.coe,43337,0.5001,0,100.0,2035.0,12288.0,13942505754,14556485715,15595352,16436056,923242,0,0,0,0,0,0,0,0,0,0,0,0,1152,79,4,2,0,0,0,0,0,0,0,0,0
1779257297.0110838,g11.hpc.coe,43337,0.5001,0,100.0,2035.0,12288.0,13949445895,14563440671,15602340,16443058,923248,0,0,0,0,0,0,0,0,0,0,0,0,6940141,6954956,6988,7002,6,0,0,0,0,0,0,0,0
1779257297.511176,g11.hpc.coe,43337,0.5001,0,100.0,2035.0,12288.0,13977205394,14591222470,15630249,16470981,923277,0,0,0,0,0,0,0,0,0,0,0,0,27759499,27781799,27909,27923,29,0,0,0,0,0,0,0,0
1779257298.01127,g11.hpc.coe,43337,0.5001,0,100.0,2035.0,12288.0,13977205614,14591222527,15630251,16470982,923277,0,0,0,0,0,0,0,0,0,0,0,0,220,57,2,1,0,0,0,0,0,0,0,0,0
1779257298.511363,g11.hpc.coe,43337,0.5001,0,100.0,2035.0,12288.0,13977205876,14591222584,15630253,16470983,923277,0,0,0,0,0,0,0,0,0,0,0,0,262,57,2,1,0,0,0,0,0,0,0,0,0
1779257299.0114546,g11.hpc.coe,43337,0.5001,0,100.0,2035.0,12288.0,13977206180,14591222641,15630255,16470984,923277,0,0,0,0,0,0,0,0,0,0,0,0,304,57,2,1,0,0,0,0,0,0,0,0,0
1779257299.5115442,g11.hpc.coe,43337,0.5001,0,100.0,2035.0,12288.0,13977206527,14591222698,15630257,16470985,923277,0,0,0,0,0,0,0,0,0,0,0,0,347,57,2,1,0,0,0,0,0,0,0,0,0
1779257300.011636,g11.hpc.coe,43337,0.5001,0,100.0,2035.0,12288.0,13977206916,14591222755,15630259,16470986,923277,0,0,0,0,0,0,0,0,0,0,0,0,389,57,2,1,0,0,0,0,0,0,0,0,0
1779257300.5117278,g11.hpc.coe,43337,0.5001,0,100.0,2035.0,12288.0,13977207347,14591222812,15630261,16470987,923277,0,0,0,0,0,0,0,0,0,0,0,0,431,57,2,1,0,0,0,0,0,0,0,0,0
1779257301.0118227,g11.hpc.coe,43337,0.5001,0,100.0,2035.0,12288.0,13977207898,14591222924,15630265,16470989,923277,0,0,0,0,0,0,0,0,0,0,0,0,551,112,4,2,0,0,0,0,0,0,0,0,0
1779257301.511913,g11.hpc.coe,43337,0.5001,0,100.0,2035.0,12288.0,13991778317,14605815290,15644978,16485731,923284,0,0,0,0,0,0,0,0,0,0,0,0,14570419,14592366,14713,14742,7,0,0,0,0,0,0,0,0
1779257302.0120046,g11.hpc.coe,43337,0.5001,0,100.0,2035.0,12288.0,14011908307,14625959771,15665158,16505925,923298,0,0,0,0,0,0,0,0,0,0,0,0,20129990,20144481,20180,20194,14,0,0,0,0,0,0,0,0
1779257302.5120955,g11.hpc.coe,43337,0.5001,0,100.0,2035.0,12288.0,14011908940,14625959850,15665161,16505927,923298,0,0,0,0,0,0,0,0,0,0,0,0,633,79,3,2,0,0,0,0,0,0,0,0,0
1779257303.0121863,g11.hpc.coe,43337,0.5001,0,100.0,2035.0,12288.0,14011909616,14625959929,15665164,16505929,923298,0,0,0,0,0,0,0,0,0,0,0,0,676,79,3,2,0,0,0,0,0,0,0,0,0
1779257303.5122766,g11.hpc.coe,43337,0.5001,0,100.0,2035.0,12288.0,14011910334,14625960008,15665167,16505931,923298,0,0,0,0,0,0,0,0,0,0,0,0,718,79,3,2,0,0,0,0,0,0,0,0,0
1779257304.01237,g11.hpc.coe,43337,0.5001,0,100.0,2035.0,12288.0,14011911095,14625960087,15665170,16505933,923298,0,0,0,0,0,0,0,0,0,0,0,0,761,79,3,2,0,0,0,0,0,0,0,0,0
1779257304.5124626,g11.hpc.coe,43337,0.5001,0,100.0,2035.0,12288.0,14011911898,14625960166,15665173,16505935,923298,0,0,0,0,0,0,0,0,0,0,0,0,803,79,3,2,0,0,0,0,0,0,0,0,0
1779257305.0125546,g11.hpc.coe,43337,0.5001,0,100.0,2035.0,12288.0,14011912743,14625960245,15665176,16505937,923298,0,0,0,0,0,0,0,0,0,0,0,0,845,79,3,2,0,0,0,0,0,0,0,0,0
1779257305.51265,g11.hpc.coe,43337,0.5001,0,100.0,2035.0,12288.0,14025793496,14639862540,15679141,16519923,926420,0,0,0,0,0,0,0,0,0,0,0,0,13880753,13902295,13965,13986,3122,0,0,0,0,0,0,0,0
1779257306.0127482,g11.hpc.coe,43337,0.5001,0,100.0,2035.0,12288.0,14046613899,14660697127,15700067,16540869,926434,0,0,0,0,0,0,0,0,0,0,0,0,20820403,20834587,20926,20946,14,0,0,0,0,0,0,0,0
1779257306.5128403,g11.hpc.coe,43337,0.5001,0,100.0,2035.0,12288.0,14046614904,14660697206,15700071,16540871,926434,0,0,0,0,0,0,0,0,0,0,0,0,1005,79,4,2,0,0,0,0,0,0,0,0,0
1779257307.012932,g11.hpc.coe,43337,0.5001,0,100.0,2035.0,12288.0,14046615929,14660697285,15700074,16540873,926434,0,0,0,0,0,0,0,0,0,0,0,0,1025,79,3,2,0,0,0,0,0,0,0,0,0
1779257307.5130227,g11.hpc.coe,43337,0.5001,0,100.0,2035.0,12288.0,14046617019,14660697364,15700078,16540875,926434,0,0,0,0,0,0,0,0,0,0,0,0,1090,79,4,2,0,0,0,0,0,0,0,0,0
1779257308.013116,g11.hpc.coe,43337,0.5001,0,100.0,2035.0,12288.0,14046618753,14660697890,15700096,16540885,926434,0,0,0,0,0,0,0,0,0,0,0,0,1734,526,18,10,0,0,0,0,0,0,0,0,0
1779257308.5132103,g11.hpc.coe,43337,0.5001,0,100.0,2035.0,12288.0,14046619929,14660697969,15700100,16540887,926434,0,0,0,0,0,0,0,0,0,0,0,0,1176,79,4,2,0,0,0,0,0,0,0,0,0
1779257309.0133026,g11.hpc.coe,43337,0.5001,0,100.0,2035.0,12288.0,14046620080,14660698026,15700102,16540888,926434,0,0,0,0,0,0,0,0,0,0,0,0,151,57,2,1,0,0,0,0,0,0,0,0,0
1779257309.5133972,g11.hpc.coe,43337,0.5001,0,100.0,2035.0,12288.0,14054250325,14668342991,15707839,16548635,926440,0,0,0,0,0,0,0,0,0,0,0,0,7630245,7644965,7737,7747,6,0,0,0,0,0,0,0,0
1779257310.0134892,g11.hpc.coe,43337,0.5001,0,100.0,2035.0,12288.0,14081319825,14695434830,15734995,16575820,927604,0,0,0,0,0,0,0,0,0,0,0,0,27069500,27091839,27156,27185,1164,0,0,0,0,0,0,0,0
1779257310.5135834,g11.hpc.coe,43337,0.5001,0,100.0,2035.0,12288.0,14081320112,14695434887,15734997,16575821,927604,0,0,0,0,0,0,0,0,0,0,0,0,287,57,2,1,0,0,0,0,0,0,0,0,0
1779257311.0136743,g11.hpc.coe,43337,0.5001,0,100.0,2035.0,12288.0,14081320442,14695434944,15734999,16575822,927604,0,0,0,0,0,0,0,0,0,0,0,0,330,57,2,1,0,0,0,0,0,0,0,0,0
1779257311.5137625,g11.hpc.coe,43337,0.5001,0,100.0,2035.0,12288.0,14081320891,14695435056,15735003,16575824,927604,0,0,0,0,0,0,0,0,0,0,0,0,449,112,4,2,0,0,0,0,0,0,0,0,0
1779257312.0138514,g11.hpc.coe,43337,0.5001,0,100.0,2035.0,12288.0,14081321306,14695435113,15735005,16575825,927604,0,0,0,0,0,0,0,0,0,0,0,0,415,57,2,1,0,0,0,0,0,0,0,0,0
1779257312.5139408,g11.hpc.coe,43337,0.5001,0,100.0,2035.0,12288.0,14081321764,14695435170,15735007,16575826,927604,0,0,0,0,0,0,0,0,0,0,0,0,458,57,2,1,0,0,0,0,0,0,0,0,0
1779257313.014031,g11.hpc.coe,43337,0.5001,0,100.0,2035.0,12288.0,14081322264,14695435227,15735009,16575827,927604,0,0,0,0,0,0,0,0,0,0,0,0,500,57,2,1,0,0,0,0,0,0,0,0,0
1779257313.5141237,g11.hpc.coe,43337,0.5001,0,100.0,2035.0,12288.0,14088262835,14702390169,15741999,16582827,928326,0,0,0,0,0,0,0,0,0,0,0,0,6940571,6954942,6990,7000,722,0,0,0,0,0,0,0,0
1779257314.0142138,g11.hpc.coe,43337,0.5001,0,100.0,2035.0,12288.0,14116022758,14730171969,15769907,16610748,928353,0,0,0,0,0,0,0,0,0,0,0,0,27759923,27781800,27908,27921,27,0,0,0,0,0,0,0,0
1779257314.514302,g11.hpc.coe,43337,0.5001,0,100.0,2035.0,12288.0,14116023417,14730172048,15769910,16610750,928353,0,0,0,0,0,0,0,0,0,0,0,0,659,79,3,2,0,0,0,0,0,0,0,0,0
1779257315.0143898,g11.hpc.coe,43337,0.5001,0,100.0,2035.0,12288.0,14116024118,14730172127,15769913,16610752,928353,0,0,0,0,0,0,0,0,0,0,0,0,701,79,3,2,0,0,0,0,0,0,0,0,0
1779257315.5144763,g11.hpc.coe,43337,0.5001,0,100.0,2035.0,12288.0,14116024861,14730172206,15769916,16610754,928353,0,0,0,0,0,0,0,0,0,0,0,0,743,79,3,2,0,0,0,0,0,0,0,0,0
1779257316.0145664,g11.hpc.coe,43337,0.5001,0,100.0,2035.0,12288.0,14116025647,14730172285,15769919,16610756,928353,0,0,0,0,0,0,0,0,0,0,0,0,786,79,3,2,0,0,0,0,0,0,0,0,0
1779257316.5146534,g11.hpc.coe,43337,0.5001,0,100.0,2035.0,12288.0,14116026552,14730172419,15769924,16610759,928353,0,0,0,0,0,0,0,0,0,0,0,0,905,134,5,3,0,0,0,0,0,0,0,0,0
1779257317.0147412,g11.hpc.coe,43337,0.5001,0,100.0,2035.0,12288.0,14116027423,14730172498,15769927,16610761,928353,0,0,0,0,0,0,0,0,0,0,0,0,871,79,3,2,0,0,0,0,0,0,0,0,0
1779257317.5148485,g11.hpc.coe,43337,0.5001,0,100.0,2035.0,12288.0,14116718511,14730870168,15770685,16611526,928354,0,0,0,0,0,0,0,0,0,0,0,0,691088,697670,758,765,1,0,0,0,0,0,0,0,0
1779257318.014936,g11.hpc.coe,43337,0.5001,0,100.0,2035.0,12288.0,14150728532,14764909374,15804811,16645699,929156,0,0,0,0,0,0,0,0,0,0,0,0,34010021,34039206,34126,34173,802,0,0,0,0,0,0,0,0
1779257318.5150273,g11.hpc.coe,43337,0.5001,0,100.0,2035.0,12288.0,14150729538,14764909453,15804814,16645701,929156,0,0,0,0,0,0,0,0,0,0,0,0,1006,79,3,2,0,0,0,0,0,0,0,0,0
1779257319.015122,g11.hpc.coe,43337,0.5001,0,100.0,2035.0,12288.0,14150730587,14764909532,15804817,16645703,929156,0,0,0,0,0,0,0,0,0,0,0,0,1049,79,3,2,0,0,0,0,0,0,0,0,0
1779257319.5152118,g11.hpc.coe,43337,0.5001,0,100.0,2035.0,12288.0,14150731701,14764909611,15804821,16645705,929156,0,0,0,0,0,0,0,0,0,0,0,0,1114,79,4,2,0,0,0,0,0,0,0,0,0
1779257320.0152986,g11.hpc.coe,43337,0.5001,0,100.0,2035.0,12288.0,14150732857,14764909690,15804825,16645707,929156,0,0,0,0,0,0,0,0,0,0,0,0,1156,79,4,2,0,0,0,0,0,0,0,0,0
1779257320.5153887,g11.hpc.coe,43337,0.5001,0,100.0,2035.0,12288.0,14150732988,14764909747,15804827,16645708,929156,0,0,0,0,0,0,0,0,0,0,0,0,131,57,2,1,0,0,0,0,0,0,0,0,0
1779257321.0154772,g11.hpc.coe,43337,0.5001,0,100.0,2035.0,12288.0,14150733162,14764909804,15804829,16645709,929156,0,0,0,0,0,0,0,0,0,0,0,0,174,57,2,1,0,0,0,0,0,0,0,0,0
1779257321.51557,g11.hpc.coe,43337,0.5001,0,100.0,2035.0,12288.0,14150733606,14764917477,15804841,16645726,929156,0,0,0,0,0,0,0,0,0,0,0,0,444,7673,12,17,0,0,0,0,0,0,0,0,0
1779257322.0156581,g11.hpc.coe,43337,0.5001,0,100.0,2035.0,12288.0,14185433013,14799646677,15839722,16680644,929191,0,0,0,0,0,0,0,0,0,0,0,0,34699407,34729200,34881,34918,35,0,0,0,0,0,0,0,0
1779257322.5157466,g11.hpc.coe,43337,0.5001,0,100.0,2035.0,12288.0,14185433320,14799646734,15839724,16680645,929191,0,0,0,0,0,0,0,0,0,0,0,0,307,57,2,1,0,0,0,0,0,0,0,0,0
1779257323.0158377,g11.hpc.coe,43337,0.5001,0,100.0,2035.0,12288.0,14185434527,14799647493,15839745,16680659,929191,0,0,0,0,0,0,0,0,0,0,0,0,1207,759,21,14,0,0,0,0,0,0,0,0,0
1779257323.5159254,g11.hpc.coe,43337,0.5001,0,100.0,2035.0,12288.0,14185434942,14799647550,15839748,16680660,929191,0,0,0,0,0,0,0,0,0,0,0,0,415,57,3,1,0,0,0,0,0,0,0,0,0
1779257324.0160143,g11.hpc.coe,43337,0.5001,0,100.0,2035.0,12288.0,14185435377,14799647607,15839750,16680661,929191,0,0,0,0,0,0,0,0,0,0,0,0,435,57,2,1,0,0,0,0,0,0,0,0,0
1779257324.516125,g11.hpc.coe,43337,0.5001,0,100.0,2035.0,12288.0,14185435855,14799647664,15839752,16680662,929191,0,0,0,0,0,0,0,0,0,0,0,0,478,57,2,1,0,0,0,0,0,0,0,0,0
1779257325.016217,g11.hpc.coe,43337,0.5001,0,100.0,2035.0,12288.0,14185436375,14799647721,15839754,16680663,929191,0,0,0,0,0,0,0,0,0,0,0,0,520,57,2,1,0,0,0,0,0,0,0,0,0
1779257325.5163052,g11.hpc.coe,43337,0.5001,0,100.0,2035.0,12288.0,14185436959,14799647800,15839757,16680665,929191,0,0,0,0,0,0,0,0,0,0,0,0,584,79,3,2,0,0,0,0,0,0,0,0,0
1779257326.016393,g11.hpc.coe,43337,0.5001,0,100.0,2035.0,12288.0,14220136892,14834384597,15874648,16715601,929822,0,0,0,0,0,0,0,0,0,0,0,0,34699933,34736797,34891,34936,631,0,0,0,0,0,0,0,0
1779257326.5164819,g11.hpc.coe,43337,0.5001,0,100.0,2035.0,12288.0,14220137643,14834384731,15874653,16715604,929822,0,0,0,0,0,0,0,0,0,0,0,0,751,134,5,3,0,0,0,0,0,0,0,0,0
1779257327.016572,g11.hpc.coe,43337,0.5001,0,100.0,2035.0,12288.0,14220138360,14834384810,15874656,16715606,929822,0,0,0,0,0,0,0,0,0,0,0,0,717,79,3,2,0,0,0,0,0,0,0,0,0
1779257327.5166614,g11.hpc.coe,43337,0.5001,0,100.0,2035.0,12288.0,14220139119,14834384889,15874659,16715608,929822,0,0,0,0,0,0,0,0,0,0,0,0,759,79,3,2,0,0,0,0,0,0,0,0,0
1779257328.0167506,g11.hpc.coe,43337,0.5001,0,100.0,2035.0,12288.0,14220139921,14834384968,15874662,16715610,929822,0,0,0,0,0,0,0,0,0,0,0,0,802,79,3,2,0,0,0,0,0,0,0,0,0
1779257328.5168376,g11.hpc.coe,43337,0.5001,0,100.0,2035.0,12288.0,14220140765,14834385047,15874665,16715612,929822,0,0,0,0,0,0,0,0,0,0,0,0,844,79,3,2,0,0,0,0,0,0,0,0,0
1779257329.016925,g11.hpc.coe,43337,0.5001,0,100.0,2035.0,12288.0,14220141652,14834385126,15874668,16715614,929822,0,0,0,0,0,0,0,0,0,0,0,0,887,79,3,2,0,0,0,0,0,0,0,0,0
1779257329.5170152,g11.hpc.coe,43337,0.5001,0,100.0,2035.0,12288.0,14220142581,14834385205,15874671,16715616,929822,0,0,0,0,0,0,0,0,0,0,0,0,929,79,3,2,0,0,0,0,0,0,0,0,0
1779257330.0171044,g11.hpc.coe,43337,0.5001,0,100.0,2035.0,12288.0,14248593189,14862872241,15903342,16744327,929840,0,0,0,0,0,0,0,0,0,0,0,0,28450608,28487036,28671,28711,18,0,0,0,0,0,0,0,0
1779257330.517195,g11.hpc.coe,43337,0.5001,0,100.0,2035.0,12288.0,14254843898,14869122081,15909568,16750554,929846,0,0,0,0,0,0,0,0,0,0,0,0,6250709,6249840,6226,6227,6,0,0,0,0,0,0,0,0
1779257331.0172834,g11.hpc.coe,43337,0.5001,0,100.0,2035.0,12288.0,14254844985,14869122160,15909572,16750556,929846,0,0,0,0,0,0,0,0,0,0,0,0,1087,79,4,2,0,0,0,0,0,0,0,0,0
1779257331.5173726,g11.hpc.coe,43337,0.5001,0,100.0,2035.0,12288.0,14254846115,14869122239,15909576,16750558,929846,0,0,0,0,0,0,0,0,0,0,0,0,1130,79,4,2,0,0,0,0,0,0,0,0,0
1779257332.017464,g11.hpc.coe,43337,0.5001,0,100.0,2035.0,12288.0,14254847364,14869122373,15909582,16750561,929846,0,0,0,0,0,0,0,0,0,0,0,0,1249,134,6,3,0,0,0,0,0,0,0,0,0
1779257332.5175512,g11.hpc.coe,43337,0.5001,0,100.0,2035.0,12288.0,14254847511,14869122430,15909584,16750562,929846,0,0,0,0,0,0,0,0,0,0,0,0,147,57,2,1,0,0,0,0,0,0,0,0,0
1779257333.0176404,g11.hpc.coe,43337,0.5001,0,100.0,2035.0,12288.0,14254847701,14869122487,15909586,16750563,929846,0,0,0,0,0,0,0,0,0,0,0,0,190,57,2,1,0,0,0,0,0,0,0,0,0
1779257333.5177288,g11.hpc.coe,43337,0.5001,0,100.0,2035.0,12288.0,14254847933,14869122544,15909588,16750564,929846,0,0,0,0,0,0,0,0,0,0,0,0,232,57,2,1,0,0,0,0,0,0,0,0,0
1779257334.0178165,g11.hpc.coe,43337,0.5001,0,100.0,2035.0,12288.0,14282607787,14896919542,15937506,16778528,929873,0,0,0,0,0,0,0,0,0,0,0,0,27759854,27796998,27918,27964,27,0,0,0,0,0,0,0,0
1779257334.5179036,g11.hpc.coe,43337,0.5001,0,100.0,2035.0,12288.0,14289547822,14903859369,15944478,16785499,930057,0,0,0,0,0,0,0,0,0,0,0,0,6940035,6939827,6972,6971,184,0,0,0,0,0,0,0,0
1779257335.0179973,g11.hpc.coe,43337,0.5001,0,100.0,2035.0,12288.0,14289548191,14903859426,15944480,16785500,930057,0,0,0,0,0,0,0,0,0,0,0,0,369,57,2,1,0,0,0,0,0,0,0,0,0
1779257335.5180879,g11.hpc.coe,43337,0.5001,0,100.0,2035.0,12288.0,14289548602,14903859483,15944482,16785501,930057,0,0,0,0,0,0,0,0,0,0,0,0,411,57,2,1,0,0,0,0,0,0,0,0,0
1779257336.0181775,g11.hpc.coe,43337,0.5001,0,100.0,2035.0,12288.0,14289549056,14903859540,15944484,16785502,930057,0,0,0,0,0,0,0,0,0,0,0,0,454,57,2,1,0,0,0,0,0,0,0,0,0
1779257336.5182662,g11.hpc.coe,43337,0.5001,0,100.0,2035.0,12288.0,14289549552,14903859597,15944486,16785503,930057,0,0,0,0,0,0,0,0,0,0,0,0,496,57,2,1,0,0,0,0,0,0,0,0,0
1779257337.0183547,g11.hpc.coe,43337,0.5001,0,100.0,2035.0,12288.0,14289550168,14903859709,15944490,16785505,930057,0,0,0,0,0,0,0,0,0,0,0,0,616,112,4,2,0,0,0,0,0,0,0,0,0
1779257337.5184538,g11.hpc.coe,43337,0.5001,0,100.0,2035.0,12288.0,14289550772,14903859788,15944493,16785507,930057,0,0,0,0,0,0,0,0,0,0,0,0,604,79,3,2,0,0,0,0,0,0,0,0,0
1779257338.018552,g11.hpc.coe,43337,0.5001,0,100.0,2035.0,12288.0,14311061792,14925399891,15966200,16807234,930075,0,0,0,0,0,0,0,0,0,0,0,0,21511020,21540103,21707,21727,18,0,0,0,0,0,0,0,0
1779257338.5186446,g11.hpc.coe,43337,0.5001,0,100.0,2035.0,12288.0,14324252081,14938597041,15979410,16820443,930689,0,0,0,0,0,0,0,0,0,0,0,0,13190289,13197150,13210,13209,614,0,0,0,0,0,0,0,0
1779257339.0187356,g11.hpc.coe,43337,0.5001,0,100.0,2035.0,12288.0,14324252822,14938597120,15979413,16820445,930689,0,0,0,0,0,0,0,0,0,0,0,0,741,79,3,2,0,0,0,0,0,0,0,0,0
1779257339.5188253,g11.hpc.coe,43337,0.5001,0,100.0,2035.0,12288.0,14324253606,14938597199,15979416,16820447,930689,0,0,0,0,0,0,0,0,0,0,0,0,784,79,3,2,0,0,0,0,0,0,0,0,0
1779257340.0189142,g11.hpc.coe,43337,0.5001,0,100.0,2035.0,12288.0,14324254432,14938597278,15979419,16820449,930689,0,0,0,0,0,0,0,0,0,0,0,0,826,79,3,2,0,0,0,0,0,0,0,0,0
1779257340.5190036,g11.hpc.coe,43337,0.5001,0,100.0,2035.0,12288.0,14324255301,14938597357,15979422,16820451,930689,0,0,0,0,0,0,0,0,0,0,0,0,869,79,3,2,0,0,0,0,0,0,0,0,0
1779257341.0190923,g11.hpc.coe,43337,0.5001,0,100.0,2035.0,12288.0,14324256212,14938597436,15979425,16820453,930689,0,0,0,0,0,0,0,0,0,0,0,0,911,79,3,2,0,0,0,0,0,0,0,0,0
1779257341.5191805,g11.hpc.coe,43337,0.5001,0,100.0,2035.0,12288.0,14324257166,14938597515,15979428,16820455,930689,0,0,0,0,0,0,0,0,0,0,0,0,954,79,3,2,0,0,0,0,0,0,0,0,0
1779257342.0192719,g11.hpc.coe,43337,0.5001,0,100.0,2035.0,12288.0,14345077961,14959447224,16000372,16841431,930706,0,0,0,0,0,0,0,0,0,0,0,0,20820795,20849709,20944,20976,17,0,0,0,0,0,0,0,0
1779257342.5193596,g11.hpc.coe,43337,0.5001,0,100.0,2035.0,12288.0,14358958575,14973334390,16014322,16855386,930723,0,0,0,0,0,0,0,0,0,0,0,0,13880614,13887166,13950,13955,17,0,0,0,0,0,0,0,0
1779257343.0194473,g11.hpc.coe,43337,0.5001,0,100.0,2035.0,12288.0,14358959688,14973334469,16014326,16855388,930723,0,0,0,0,0,0,0,0,0,0,0,0,1113,79,4,2,0,0,0,0,0,0,0,0,0
1779257343.519536,g11.hpc.coe,43337,0.5001,0,100.0,2035.0,12288.0,14358960844,14973334548,16014330,16855390,930723,0,0,0,0,0,0,0,0,0,0,0,0,1156,79,4,2,0,0,0,0,0,0,0,0,0
1779257344.0196235,g11.hpc.coe,43337,0.5001,0,100.0,2035.0,12288.0,14358960974,14973334605,16014332,16855391,930723,0,0,0,0,0,0,0,0,0,0,0,0,130,57,2,1,0,0,0,0,0,0,0,0,0
1779257344.5197117,g11.hpc.coe,43337,0.5001,0,100.0,2035.0,12288.0,14358961147,14973334662,16014334,16855392,930723,0,0,0,0,0,0,0,0,0,0,0,0,173,57,2,1,0,0,0,0,0,0,0,0,0
1779257345.0197985,g11.hpc.coe,43337,0.5001,0,100.0,2035.0,12288.0,14358961362,14973334719,16014336,16855393,930723,0,0,0,0,0,0,0,0,0,0,0,0,215,57,2,1,0,0,0,0,0,0,0,0,0
1779257345.5198874,g11.hpc.coe,43337,0.5001,0,100.0,2035.0,12288.0,14358961620,14973334776,16014338,16855394,930723,0,0,0,0,0,0,0,0,0,0,0,0,258,57,2,1,0,0,0,0,0,0,0,0,0
1779257346.0199761,g11.hpc.coe,43337,0.5001,0,100.0,2035.0,12288.0,14373531829,14987927128,16029052,16870134,930734,0,0,0,0,0,0,0,0,0,0,0,0,14570209,14592352,14714,14740,11,0,0,0,0,0,0,0,0
1779257346.5200653,g11.hpc.coe,43337,0.5001,0,100.0,2035.0,12288.0,14393661581,15008071615,16049231,16890331,931340,0,0,0,0,0,0,0,0,0,0,0,0,20129752,20144487,20179,20197,606,0,0,0,0,0,0,0,0
1779257347.0201535,g11.hpc.coe,43337,0.5001,0,100.0,2035.0,12288.0,14393662054,15008071727,16049235,16890333,931340,0,0,0,0,0,0,0,0,0,0,0,0,473,112,4,2,0,0,0,0,0,0,0,0,0
1779257347.5202417,g11.hpc.coe,43337,0.5001,0,100.0,2035.0,12288.0,14393662492,15008071784,16049237,16890334,931340,0,0,0,0,0,0,0,0,0,0,0,0,438,57,2,1,0,0,0,0,0,0,0,0,0
1779257348.0203328,g11.hpc.coe,43337,0.5001,0,100.0,2035.0,12288.0,14393662973,15008071841,16049239,16890335,931340,0,0,0,0,0,0,0,0,0,0,0,0,481,57,2,1,0,0,0,0,0,0,0,0,0
1779257348.5204234,g11.hpc.coe,43337,0.5001,0,100.0,2035.0,12288.0,14393663496,15008071898,16049241,16890336,931340,0,0,0,0,0,0,0,0,0,0,0,0,523,57,2,1,0,0,0,0,0,0,0,0,0
1779257349.0205133,g11.hpc.coe,43337,0.5001,0,100.0,2035.0,12288.0,14393664084,15008071977,16049244,16890338,931340,0,0,0,0,0,0,0,0,0,0,0,0,588,79,3,2,0,0,0,0,0,0,0,0,0
1779257349.5206008,g11.hpc.coe,43337,0.5001,0,100.0,2035.0,12288.0,14393664714,15008072056,16049247,16890340,931340,0,0,0,0,0,0,0,0,0,0,0,0,630,79,3,2,0,0,0,0,0,0,0,0,0
1779257350.0206928,g11.hpc.coe,43337,0.5001,0,100.0,2035.0,12288.0,14407545259,15021974379,16063213,16904330,931408,0,0,0,0,0,0,0,0,0,0,0,0,13880545,13902323,13966,13990,68,0,0,0,0,0,0,0,0
1779257350.520782,g11.hpc.coe,43337,0.5001,0,100.0,2035.0,12288.0,14428365427,15042808911,16084143,16925275,931654,0,0,0,0,0,0,0,0,0,0,0,0,20820168,20834532,20930,20945,246,0,0,0,0,0,0,0,0
1779257351.0208697,g11.hpc.coe,43337,0.5001,0,100.0,2035.0,12288.0,14428366195,15042808990,16084146,16925277,931654,0,0,0,0,0,0,0,0,0,0,0,0,768,79,3,2,0,0,0,0,0,0,0,0,0
1779257351.5209591,g11.hpc.coe,43337,0.5001,0,100.0,2035.0,12288.0,14428367005,15042809069,16084149,16925279,931654,0,0,0,0,0,0,0,0,0,0,0,0,810,79,3,2,0,0,0,0,0,0,0,0,0
1779257352.0210497,g11.hpc.coe,43337,0.5001,0,100.0,2035.0,12288.0,14428367858,15042809148,16084152,16925281,931654,0,0,0,0,0,0,0,0,0,0,0,0,853,79,3,2,0,0,0,0,0,0,0,0,0
1779257352.5211377,g11.hpc.coe,43337,0.5001,0,100.0,2035.0,12288.0,14428368830,15042809282,16084157,16925284,931654,0,0,0,0,0,0,0,0,0,0,0,0,972,134,5,3,0,0,0,0,0,0,0,0,0
1779257353.0212264,g11.hpc.coe,43337,0.5001,0,100.0,2035.0,12288.0,14428370369,15042809808,16084174,16925294,931654,0,0,0,0,0,0,0,0,0,0,0,0,1539,526,17,10,0,0,0,0,0,0,0,0,0
1779257353.521317,g11.hpc.coe,43337,0.5001,0,100.0,2035.0,12288.0,14428371351,15042809887,16084177,16925296,931654,0,0,0,0,0,0,0,0,0,0,0,0,982,79,3,2,0,0,0,0,0,0,0,0,0
1779257354.021405,g11.hpc.coe,43337,0.5001,0,100.0,2035.0,12288.0,14436002427,15050454916,16091915,16933050,931661,0,0,0,0,0,0,0,0,0,0,0,0,7631076,7645029,7738,7754,7,0,0,0,0,0,0,0,0
1779257354.5214925,g11.hpc.coe,43337,0.5001,0,100.0,2035.0,12288.0,14463072787,15077546791,16119074,16960238,931891,0,0,0,0,0,0,0,0,0,0,0,0,27070360,27091875,27159,27188,230,0,0,0,0,0,0,0,0
1779257355.0215833,g11.hpc.coe,43337,0.5001,0,100.0,2035.0,12288.0,14463073927,15077546870,16119078,16960240,931891,0,0,0,0,0,0,0,0,0,0,0,0,1140,79,4,2,0,0,0,0,0,0,0,0,0
1779257355.521672,g11.hpc.coe,43337,0.5001,0,100.0,2035.0,12288.0,14463075109,15077546949,16119082,16960242,931891,0,0,0,0,0,0,0,0,0,0,0,0,1182,79,4,2,0,0,0,0,0,0,0,0,0
1779257356.0217628,g11.hpc.coe,43337,0.5001,0,100.0,2035.0,12288.0,14463075266,15077547006,16119084,16960243,931891,0,0,0,0,0,0,0,0,0,0,0,0,157,57,2,1,0,0,0,0,0,0,0,0,0
1779257356.5218532,g11.hpc.coe,43337,0.5001,0,100.0,2035.0,12288.0,14463075465,15077547063,16119086,16960244,931891,0,0,0,0,0,0,0,0,0,0,0,0,199,57,2,1,0,0,0,0,0,0,0,0,0
1779257357.0219429,g11.hpc.coe,43337,0.5001,0,100.0,2035.0,12288.0,14463075707,15077547120,16119088,16960245,931891,0,0,0,0,0,0,0,0,0,0,0,0,242,57,2,1,0,0,0,0,0,0,0,0,0
1779257357.5220315,g11.hpc.coe,43337,0.5001,0,100.0,2035.0,12288.0,14463076068,15077547232,16119092,16960247,931891,0,0,0,0,0,0,0,0,0,0,0,0,361,112,4,2,0,0,0,0,0,0,0,0,0
1779257358.0221224,g11.hpc.coe,43337,0.5001,0,100.0,2035.0,12288.0,14470571124,15085192225,16126825,16967998,931894,0,0,0,0,0,0,0,0,0,0,0,0,7495056,7644993,7733,7751,3,0,0,0,0,0,0,0,0
1779257358.5222096,g11.hpc.coe,43337,0.5001,0,100.0,2035.0,12288.0,14497776102,15112284043,16153988,16995180,932048,0,0,0,0,0,0,0,0,0,0,0,0,27204978,27091818,27163,27182,154,0,0,0,0,0,0,0,0
1779257359.022298,g11.hpc.coe,43337,0.5001,0,100.0,2035.0,12288.0,14497776523,15112284100,16153990,16995181,932048,0,0,0,0,0,0,0,0,0,0,0,0,421,57,2,1,0,0,0,0,0,0,0,0,0
1779257359.5223877,g11.hpc.coe,43337,0.5001,0,100.0,2035.0,12288.0,14497776986,15112284157,16153992,16995182,932048,0,0,0,0,0,0,0,0,0,0,0,0,463,57,2,1,0,0,0,0,0,0,0,0,0
1779257360.022477,g11.hpc.coe,43337,0.5001,0,100.0,2035.0,12288.0,14497777492,15112284214,16153994,16995183,932048,0,0,0,0,0,0,0,0,0,0,0,0,506,57,2,1,0,0,0,0,0,0,0,0,0
1779257360.5225651,g11.hpc.coe,43337,0.5001,0,100.0,2035.0,12288.0,14497778062,15112284293,16153997,16995185,932048,0,0,0,0,0,0,0,0,0,0,0,0,570,79,3,2,0,0,0,0,0,0,0,0,0
1779257361.0226536,g11.hpc.coe,43337,0.5001,0,100.0,2035.0,12288.0,14497778675,15112284372,16154000,16995187,932048,0,0,0,0,0,0,0,0,0,0,0,0,613,79,3,2,0,0,0,0,0,0,0,0,0
1779257361.5227447,g11.hpc.coe,43337,0.5001,0,100.0,2035.0,12288.0,14497779330,15112284451,16154003,16995189,932048,0,0,0,0,0,0,0,0,0,0,0,0,655,79,3,2,0,0,0,0,0,0,0,0,0
1779257362.022843,g11.hpc.coe,43337,0.5001,0,100.0,2035.0,12288.0,14498470195,15112982121,16154760,16995954,932049,0,0,0,0,0,0,0,0,0,0,0,0,690865,697670,757,765,1,0,0,0,0,0,0,0,0
1779257362.522931,g11.hpc.coe,43337,0.5001,0,100.0,2035.0,12288.0,14532480154,15147021389,16188899,17030129,933455,0,0,0,0,0,0,0,0,0,0,0,0,34009959,34039268,34139,34175,1406,0,0,0,0,0,0,0,0
1779257363.023022,g11.hpc.coe,43337,0.5001,0,100.0,2035.0,12288.0,14532480944,15147021468,16188902,17030131,933455,0,0,0,0,0,0,0,0,0,0,0,0,790,79,3,2,0,0,0,0,0,0,0,0,0
1779257363.5231097,g11.hpc.coe,43337,0.5001,0,100.0,2035.0,12288.0,14532481777,15147021547,16188905,17030133,933455,0,0,0,0,0,0,0,0,0,0,0,0,833,79,3,2,0,0,0,0,0,0,0,0,0
1779257364.0231972,g11.hpc.coe,43337,0.5001,0,100.0,2035.0,12288.0,14532482652,15147021626,16188908,17030135,933455,0,0,0,0,0,0,0,0,0,0,0,0,875,79,3,2,0,0,0,0,0,0,0,0,0
1779257364.5232844,g11.hpc.coe,43337,0.5001,0,100.0,2035.0,12288.0,14532483570,15147021705,16188911,17030137,933455,0,0,0,0,0,0,0,0,0,0,0,0,918,79,3,2,0,0,0,0,0,0,0,0,0
1779257365.023372,g11.hpc.coe,43337,0.5001,0,100.0,2035.0,12288.0,14532484530,15147021784,16188914,17030139,933455,0,0,0,0,0,0,0,0,0,0,0,0,960,79,3,2,0,0,0,0,0,0,0,0,0
1779257365.523462,g11.hpc.coe,43337,0.5001,0,100.0,2035.0,12288.0,14532485532,15147021863,16188917,17030141,933455,0,0,0,0,0,0,0,0,0,0,0,0,1002,79,3,2,0,0,0,0,0,0,0,0,0
1779257366.023556,g11.hpc.coe,43337,0.5001,0,100.0,2035.0,12288.0,14533176765,15147719547,16189677,17030908,933457,0,0,0,0,0,0,0,0,0,0,0,0,691233,697684,760,767,2,0,0,0,0,0,0,0,0
1779257366.523646,g11.hpc.coe,43337,0.5001,0,100.0,2035.0,12288.0,14567187002,15181758753,16223813,17065081,933488,0,0,0,0,0,0,0,0,0,0,0,0,34010237,34039206,34136,34173,31,0,0,0,0,0,0,0,0
1779257367.0237346,g11.hpc.coe,43337,0.5001,0,100.0,2035.0,12288.0,14567188161,15181758832,16223817,17065083,933488,0,0,0,0,0,0,0,0,0,0,0,0,1159,79,4,2,0,0,0,0,0,0,0,0,0
1779257367.5238242,g11.hpc.coe,43337,0.5001,0,100.0,2035.0,12288.0,14567188372,15181758944,16223821,17065085,933488,0,0,0,0,0,0,0,0,0,0,0,0,211,112,4,2,0,0,0,0,0,0,0,0,0
1779257368.0239124,g11.hpc.coe,43337,0.5001,0,100.0,2035.0,12288.0,14567189150,15181759448,16223837,17065094,933488,0,0,0,0,0,0,0,0,0,0,0,0,778,504,16,9,0,0,0,0,0,0,0,0,0
1779257368.524001,g11.hpc.coe,43337,0.5001,0,100.0,2035.0,12288.0,14567189370,15181759505,16223839,17065095,933488,0,0,0,0,0,0,0,0,0,0,0,0,220,57,2,1,0,0,0,0,0,0,0,0,0
1779257369.0240922,g11.hpc.coe,43337,0.5001,0,100.0,2035.0,12288.0,14567189632,15181759562,16223841,17065096,933488,0,0,0,0,0,0,0,0,0,0,0,0,262,57,2,1,0,0,0,0,0,0,0,0,0
1779257369.5241807,g11.hpc.coe,43337,0.5001,0,100.0,2035.0,12288.0,14567189936,15181759619,16223843,17065097,933488,0,0,0,0,0,0,0,0,0,0,0,0,304,57,2,1,0,0,0,0,0,0,0,0,0
1779257370.0242696,g11.hpc.coe,43337,0.5001,0,100.0,2035.0,12288.0,14567190283,15181759676,16223845,17065098,933488,0,0,0,0,0,0,0,0,0,0,0,0,347,57,2,1,0,0,0,0,0,0,0,0,0
1779257370.5243597,g11.hpc.coe,43337,0.5001,0,100.0,2035.0,12288.0,14601889985,15216496409,16258736,17100027,933527,0,0,0,0,0,0,0,0,0,0,0,0,34699702,34736733,34891,34929,39,0,0,0,0,0,0,0,0
1779257371.0244517,g11.hpc.coe,43337,0.5001,0,100.0,2035.0,12288.0,14601890422,15216496466,16258738,17100028,933527,0,0,0,0,0,0,0,0,0,0,0,0,437,57,2,1,0,0,0,0,0,0,0,0,0
1779257371.5245433,g11.hpc.coe,43337,0.5001,0,100.0,2035.0,12288.0,14601890901,15216496523,16258740,17100029,933527,0,0,0,0,0,0,0,0,0,0,0,0,479,57,2,1,0,0,0,0,0,0,0,0,0
1779257372.0246344,g11.hpc.coe,43337,0.5001,0,100.0,2035.0,12288.0,14601891423,15216496580,16258742,17100030,933527,0,0,0,0,0,0,0,0,0,0,0,0,522,57,2,1,0,0,0,0,0,0,0,0,0
1779257372.5247235,g11.hpc.coe,43337,0.5001,0,100.0,2035.0,12288.0,14601892009,15216496659,16258745,17100032,933527,0,0,0,0,0,0,0,0,0,0,0,0,586,79,3,2,0,0,0,0,0,0,0,0,0
1779257373.0248134,g11.hpc.coe,43337,0.5001,0,100.0,2035.0,12288.0,14601892693,15216496793,16258749,17100035,933527,0,0,0,0,0,0,0,0,0,0,0,0,684,134,4,3,0,0,0,0,0,0,0,0,0
1779257373.5249014,g11.hpc.coe,43337,0.5001,0,100.0,2035.0,12288.0,14601893365,15216496872,16258752,17100037,933527,0,0,0,0,0,0,0,0,0,0,0,0,672,79,3,2,0,0,0,0,0,0,0,0,0
1779257374.0249908,g11.hpc.coe,43337,0.5001,0,100.0,2035.0,12288.0,14601894079,15216496951,16258755,17100039,933527,0,0,0,0,0,0,0,0,0,0,0,0,714,79,3,2,0,0,0,0,0,0,0,0,0
1779257374.5250852,g11.hpc.coe,43337,0.5001,0,100.0,2035.0,12288.0,14630344438,15244983952,16287421,17128745,934589,0,0,0,0,0,0,0,0,0,0,0,0,28450359,28487001,28666,28706,1062,0,0,0,0,0,0,0,0
1779257375.0251763,g11.hpc.coe,43337,0.5001,0,100.0,2035.0,12288.0,14636594940,15251233778,16293648,17134970,934593,0,0,0,0,0,0,0,0,0,0,0,0,6250502,6249826,6227,6225,4,0,0,0,0,0,0,0,0
1779257375.5252664,g11.hpc.coe,43337,0.5001,0,100.0,2035.0,12288.0,14636595791,15251233857,16293651,17134972,934593,0,0,0,0,0,0,0,0,0,0,0,0,851,79,3,2,0,0,0,0,0,0,0,0,0
1779257376.025359,g11.hpc.coe,43337,0.5001,0,100.0,2035.0,12288.0,14636596684,15251233936,16293654,17134974,934593,0,0,0,0,0,0,0,0,0,0,0,0,893,79,3,2,0,0,0,0,0,0,0,0,0
1779257376.5254521,g11.hpc.coe,43337,0.5001,0,100.0,2035.0,12288.0,14636597620,15251234015,16293657,17134976,934593,0,0,0,0,0,0,0,0,0,0,0,0,936,79,3,2,0,0,0,0,0,0,0,0,0
1779257377.0255427,g11.hpc.coe,43337,0.5001,0,100.0,2035.0,12288.0,14636598598,15251234094,16293660,17134978,934593,0,0,0,0,0,0,0,0,0,0,0,0,978,79,3,2,0,0,0,0,0,0,0,0,0
1779257377.5256383,g11.hpc.coe,43337,0.5001,0,100.0,2035.0,12288.0,14636599619,15251234173,16293663,17134980,934593,0,0,0,0,0,0,0,0,0,0,0,0,1021,79,3,2,0,0,0,0,0,0,0,0,0
1779257378.02573,g11.hpc.coe,43337,0.5001,0,100.0,2035.0,12288.0,14636600781,15251234307,16293669,17134983,934593,0,0,0,0,0,0,0,0,0,0,0,0,1162,134,6,3,0,0,0,0,0,0,0,0,0
1779257378.5258226,g11.hpc.coe,43337,0.5001,0,100.0,2035.0,12288.0,14665051420,15279721364,16322323,17163697,935283,0,0,0,0,0,0,0,0,0,0,0,0,28450639,28487057,28654,28714,690,0,0,0,0,0,0,0,0
1779257379.025915,g11.hpc.coe,43337,0.5001,0,100.0,2035.0,12288.0,14671302286,15285971211,16328550,17169925,935290,0,0,0,0,0,0,0,0,0,0,0,0,6250866,6249847,6227,6228,7,0,0,0,0,0,0,0,0
1779257379.5260074,g11.hpc.coe,43337,0.5001,0,100.0,2035.0,12288.0,14671302440,15285971268,16328552,17169926,935290,0,0,0,0,0,0,0,0,0,0,0,0,154,57,2,1,0,0,0,0,0,0,0,0,0
1779257380.0260997,g11.hpc.coe,43337,0.5001,0,100.0,2035.0,12288.0,14671302636,15285971325,16328554,17169927,935290,0,0,0,0,0,0,0,0,0,0,0,0,196,57,2,1,0,0,0,0,0,0,0,0,0
1779257380.52619,g11.hpc.coe,43337,0.5001,0,100.0,2035.0,12288.0,14671302875,15285971382,16328556,17169928,935290,0,0,0,0,0,0,0,0,0,0,0,0,239,57,2,1,0,0,0,0,0,0,0,0,0
1779257381.026288,g11.hpc.coe,43337,0.5001,0,100.0,2035.0,12288.0,14671303156,15285971439,16328558,17169929,935290,0,0,0,0,0,0,0,0,0,0,0,0,281,57,2,1,0,0,0,0,0,0,0,0,0
1779257381.5263805,g11.hpc.coe,43337,0.5001,0,100.0,2035.0,12288.0,14671303479,15285971496,16328560,17169930,935290,0,0,0,0,0,0,0,0,0,0,0,0,323,57,2,1,0,0,0,0,0,0,0,0,0
1779257382.0264704,g11.hpc.coe,43337,0.5001,0,100.0,2035.0,12288.0,14671303844,15285971553,16328562,17169931,935290,0,0,0,0,0,0,0,0,0,0,0,0,365,57,2,1,0,0,0,0,0,0,0,0,0
1779257382.5265615,g11.hpc.coe,43337,0.5001,0,100.0,2035.0,12288.0,14671304403,15285979171,16328572,17169947,935290,0,0,0,0,0,0,0,0,0,0,0,0,559,7618,10,16,0,0,0,0,0,0,0,0,0
1779257383.0266545,g11.hpc.coe,43337,0.5001,0,100.0,2035.0,12288.0,14706004866,15320709142,16363466,17204881,935428,0,0,0,0,0,0,0,0,0,0,0,0,34700463,34729971,34894,34934,138,0,0,0,0,0,0,0,0
1779257383.5267472,g11.hpc.coe,43337,0.5001,0,100.0,2035.0,12288.0,14706005387,15320709199,16363469,17204882,935428,0,0,0,0,0,0,0,0,0,0,0,0,521,57,3,1,0,0,0,0,0,0,0,0,0
1779257384.0268388,g11.hpc.coe,43337,0.5001,0,100.0,2035.0,12288.0,14706005929,15320709256,16363471,17204883,935428,0,0,0,0,0,0,0,0,0,0,0,0,542,57,2,1,0,0,0,0,0,0,0,0,0
1779257384.5269315,g11.hpc.coe,43337,0.5001,0,100.0,2035.0,12288.0,14706006535,15320709335,16363474,17204885,935428,0,0,0,0,0,0,0,0,0,0,0,0,606,79,3,2,0,0,0,0,0,0,0,0,0
1779257385.0270243,g11.hpc.coe,43337,0.5001,0,100.0,2035.0,12288.0,14706007184,15320709414,16363477,17204887,935428,0,0,0,0,0,0,0,0,0,0,0,0,649,79,3,2,0,0,0,0,0,0,0,0,0
1779257385.5271163,g11.hpc.coe,43337,0.5001,0,100.0,2035.0,12288.0,14706007875,15320709493,16363480,17204889,935428,0,0,0,0,0,0,0,0,0,0,0,0,691,79,3,2,0,0,0,0,0,0,0,0,0
1779257386.0272064,g11.hpc.coe,43337,0.5001,0,100.0,2035.0,12288.0,14706008609,15320709572,16363483,17204891,935428,0,0,0,0,0,0,0,0,0,0,0,0,734,79,3,2,0,0,0,0,0,0,0,0,0
1779257386.5272973,g11.hpc.coe,43337,0.5001,0,100.0,2035.0,12288.0,14706009385,15320709651,16363486,17204893,935428,0,0,0,0,0,0,0,0,0,0,0,0,776,79,3,2,0,0,0,0,0,0,0,0,0
1779257387.0273895,g11.hpc.coe,43337,0.5001,0,100.0,2035.0,12288.0,14740709531,15355446399,16398380,17239822,935454,0,0,0,0,0,0,0,0,0,0,0,0,34700146,34736748,34894,34929,26,0,0,0,0,0,0,0,0
1779257387.5274847,g11.hpc.coe,43337,0.5001,0,100.0,2035.0,12288.0,14740710397,15355446478,16398383,17239824,935454,0,0,0,0,0,0,0,0,0,0,0,0,866,79,3,2,0,0,0,0,0,0,0,0,0
1779257388.0275767,g11.hpc.coe,43337,0.5001,0,100.0,2035.0,12288.0,14740711383,15355446612,16398388,17239827,935454,0,0,0,0,0,0,0,0,0,0,0,0,986,134,5,3,0,0,0,0,0,0,0,0,0
1779257388.5276673,g11.hpc.coe,43337,0.5001,0,100.0,2035.0,12288.0,14740712334,15355446691,16398391,17239829,935454,0,0,0,0,0,0,0,0,0,0,0,0,951,79,3,2,0,0,0,0,0,0,0,0,0
1779257389.0277615,g11.hpc.coe,43337,0.5001,0,100.0,2035.0,12288.0,14740713328,15355446770,16398394,17239831,935454,0,0,0,0,0,0,0,0,0,0,0,0,994,79,3,2,0,0,0,0,0,0,0,0,0
1779257389.5278544,g11.hpc.coe,43337,0.5001,0,100.0,2035.0,12288.0,14740714364,15355446849,16398397,17239833,935454,0,0,0,0,0,0,0,0,0,0,0,0,1036,79,3,2,0,0,0,0,0,0,0,0,0
1779257390.0279477,g11.hpc.coe,43337,0.5001,0,100.0,2035.0,12288.0,14740715465,15355446928,16398401,17239835,935454,0,0,0,0,0,0,0,0,0,0,0,0,1101,79,4,2,0,0,0,0,0,0,0,0,0
1779257390.528039,g11.hpc.coe,43337,0.5001,0,100.0,2035.0,12288.0,14740716609,15355447007,16398405,17239837,935456,0,0,0,0,0,0,0,0,0,0,0,0,1144,79,4,2,2,0,0,0,0,0,0,0,0
1779257391.0281317,g11.hpc.coe,43337,0.5001,0,100.0,2035.0,12288.0,14769167411,15383934001,16427074,17268542,935480,0,0,0,0,0,0,0,0,0,0,0,0,28450802,28486994,28669,28705,24,0,0,0,0,0,0,0,0
1779257391.5282242,g11.hpc.coe,43337,0.5001,0,100.0,2035.0,12288.0,14775417239,15390183798,16433295,17274765,935488,0,0,0,0,0,0,0,0,0,0,0,0,6249828,6249797,6221,6223,8,0,0,0,0,0,0,0,0
1779257392.0283191,g11.hpc.coe,43337,0.5001,0,100.0,2035.0,12288.0,14775417451,15390183855,16433297,17274766,935488,0,0,0,0,0,0,0,0,0,0,0,0,212,57,2,1,0,0,0,0,0,0,0,0,0
1779257392.5284126,g11.hpc.coe,43337,0.5001,0,100.0,2035.0,12288.0,14775417706,15390183912,16433299,17274767,935488,0,0,0,0,0,0,0,0,0,0,0,0,255,57,2,1,0,0,0,0,0,0,0,0,0
1779257393.0285108,g11.hpc.coe,43337,0.5001,0,100.0,2035.0,12288.0,14775418058,15390184024,16433302,17274769,935488,0,0,0,0,0,0,0,0,0,0,0,0,352,112,3,2,0,0,0,0,0,0,0,0,0
1779257393.5286033,g11.hpc.coe,43337,0.5001,0,100.0,2035.0,12288.0,14775418420,15390184081,16433305,17274770,935488,0,0,0,0,0,0,0,0,0,0,0,0,362,57,3,1,0,0,0,0,0,0,0,0,0
1779257394.028695,g11.hpc.coe,43337,0.5001,0,100.0,2035.0,12288.0,14775418802,15390184138,16433307,17274771,935488,0,0,0,0,0,0,0,0,0,0,0,0,382,57,2,1,0,0,0,0,0,0,0,0,0
1779257394.5287948,g11.hpc.coe,43337,0.5001,0,100.0,2035.0,12288.0,14775419227,15390184195,16433309,17274772,935488,0,0,0,0,0,0,0,0,0,0,0,0,425,57,2,1,0,0,0,0,0,0,0,0,0
1779257395.0288868,g11.hpc.coe,43337,0.5001,0,100.0,2035.0,12288.0,14803869074,15418671223,16461976,17303484,935832,0,0,0,0,0,0,0,0,0,0,0,0,28449847,28487028,28667,28712,344,0,0,0,0,0,0,0,0
1779257395.5289817,g11.hpc.coe,43337,0.5001,0,100.0,2035.0,12288.0,14810119494,15424921006,16468198,17309705,935839,0,0,0,0,0,0,0,0,0,0,0,0,6250420,6249783,6222,6221,7,0,0,0,0,0,0,0,0
1779257396.0290754,g11.hpc.coe,43337,0.5001,0,100.0,2035.0,12288.0,14810120077,15424921085,16468201,17309707,935839,0,0,0,0,0,0,0,0,0,0,0,0,583,79,3,2,0,0,0,0,0,0,0,0,0
1779257396.5291703,g11.hpc.coe,43337,0.5001,0,100.0,2035.0,12288.0,14810120703,15424921164,16468204,17309709,935839,0,0,0,0,0,0,0,0,0,0,0,0,626,79,3,2,0,0,0,0,0,0,0,0,0
1779257397.0292606,g11.hpc.coe,43337,0.5001,0,100.0,2035.0,12288.0,14810121371,15424921243,16468207,17309711,935839,0,0,0,0,0,0,0,0,0,0,0,0,668,79,3,2,0,0,0,0,0,0,0,0,0
1779257397.5293515,g11.hpc.coe,43337,0.5001,0,100.0,2035.0,12288.0,14810122082,15424921322,16468210,17309713,935839,0,0,0,0,0,0,0,0,0,0,0,0,711,79,3,2,0,0,0,0,0,0,0,0,0
1779257398.0294437,g11.hpc.coe,43337,0.5001,0,100.0,2035.0,12288.0,14810123436,15424921848,16468227,17309723,935839,0,0,0,0,0,0,0,0,0,0,0,0,1354,526,17,10,0,0,0,0,0,0,0,0,0
1779257398.5295336,g11.hpc.coe,43337,0.5001,0,100.0,2035.0,12288.0,14810124310,15424921982,16468232,17309726,935839,0,0,0,0,0,0,0,0,0,0,0,0,874,134,5,3,0,0,0,0,0,0,0,0,0
1779257399.0296268,g11.hpc.coe,43337,0.5001,0,100.0,2035.0,12288.0,14831634908,15446461687,16489923,17331452,935865,0,0,0,0,0,0,0,0,0,0,0,0,21510598,21539705,21691,21726,26,0,0,0,0,0,0,0,0
1779257399.5297194,g11.hpc.coe,43337,0.5001,0,100.0,2035.0,12288.0,14844825321,15459658872,16503123,17344666,935983,0,0,0,0,0,0,0,0,0,0,0,0,13190413,13197185,13200,13214,118,0,0,0,0,0,0,0,0
1779257400.0298126,g11.hpc.coe,43337,0.5001,0,100.0,2035.0,12288.0,14844826256,15459658951,16503126,17344668,935983,0,0,0,0,0,0,0,0,0,0,0,0,935,79,3,2,0,0,0,0,0,0,0,0,0
1779257400.529906,g11.hpc.coe,43337,0.5001,0,100.0,2035.0,12288.0,14844827233,15459659030,16503129,17344670,935983,0,0,0,0,0,0,0,0,0,0,0,0,977,79,3,2,0,0,0,0,0,0,0,0,0
1779257401.029996,g11.hpc.coe,43337,0.5001,0,100.0,2035.0,12288.0,14844828252,15459659109,16503132,17344672,935983,0,0,0,0,0,0,0,0,0,0,0,0,1019,79,3,2,0,0,0,0,0,0,0,0,0
1779257401.5300875,g11.hpc.coe,43337,0.5001,0,100.0,2035.0,12288.0,14844829314,15459659188,16503135,17344674,935983,0,0,0,0,0,0,0,0,0,0,0,0,1062,79,3,2,0,0,0,0,0,0,0,0,0
1779257402.0301797,g11.hpc.coe,43337,0.5001,0,100.0,2035.0,12288.0,14844830441,15459659267,16503139,17344676,935983,0,0,0,0,0,0,0,0,0,0,0,0,1127,79,4,2,0,0,0,0,0,0,0,0,0
1779257402.53027,g11.hpc.coe,43337,0.5001,0,100.0,2035.0,12288.0,14844831610,15459659346,16503143,17344678,935983,0,0,0,0,0,0,0,0,0,0,0,0,1169,79,4,2,0,0,0,0,0,0,0,0,0
1779257403.0303612,g11.hpc.coe,43337,0.5001,0,100.0,2035.0,12288.0,14866341471,15481198959,16524827,17366393,936019,0,0,0,0,0,0,0,0,0,0,0,0,21509861,21539613,21684,21715,36,0,0,0,0,0,0,0,0
1779257403.5304518,g11.hpc.coe,43337,0.5001,0,100.0,2035.0,12288.0,14879531279,15494396121,16538030,17379599,936027,0,0,0,0,0,0,0,0,0,0,0,0,13189808,13197162,13203,13206,8,0,0,0,0,0,0,0,0
1779257404.0305424,g11.hpc.coe,43337,0.5001,0,100.0,2035.0,12288.0,14879531517,15494396178,16538032,17379600,936027,0,0,0,0,0,0,0,0,0,0,0,0,238,57,2,1,0,0,0,0,0,0,0,0,0
1779257404.530633,g11.hpc.coe,43337,0.5001,0,100.0,2035.0,12288.0,14879531798,15494396235,16538034,17379601,936027,0,0,0,0,0,0,0,0,0,0,0,0,281,57,2,1,0,0,0,0,0,0,0,0,0
1779257405.030725,g11.hpc.coe,43337,0.5001,0,100.0,2035.0,12288.0,14879532121,15494396292,16538036,17379602,936027,0,0,0,0,0,0,0,0,0,0,0,0,323,57,2,1,0,0,0,0,0,0,0,0,0
1779257405.5308173,g11.hpc.coe,43337,0.5001,0,100.0,2035.0,12288.0,14879532486,15494396349,16538038,17379603,936027,0,0,0,0,0,0,0,0,0,0,0,0,365,57,2,1,0,0,0,0,0,0,0,0,0
1779257406.03091,g11.hpc.coe,43337,0.5001,0,100.0,2035.0,12288.0,14879532894,15494396406,16538040,17379604,936027,0,0,0,0,0,0,0,0,0,0,0,0,408,57,2,1,0,0,0,0,0,0,0,0,0
1779257406.5310025,g11.hpc.coe,43337,0.5001,0,100.0,2035.0,12288.0,14879533344,15494396463,16538042,17379605,936027,0,0,0,0,0,0,0,0,0,0,0,0,450,57,2,1,0,0,0,0,0,0,0,0,0
1779257407.031098,g11.hpc.coe,43337,0.5001,0,100.0,2035.0,12288.0,14900353579,15515246074,16558986,17400576,937315,0,0,0,0,0,0,0,0,0,0,0,0,20820235,20849611,20944,20971,1288,0,0,0,0,0,0,0,0
1779257407.53119,g11.hpc.coe,43337,0.5001,0,100.0,2035.0,12288.0,14914233689,15529133225,16572935,17414531,937326,0,0,0,0,0,0,0,0,0,0,0,0,13880110,13887151,13949,13955,11,0,0,0,0,0,0,0,0
1779257408.031285,g11.hpc.coe,43337,0.5001,0,100.0,2035.0,12288.0,14914234298,15529133304,16572938,17414533,937326,0,0,0,0,0,0,0,0,0,0,0,0,609,79,3,2,0,0,0,0,0,0,0,0,0
1779257408.5313773,g11.hpc.coe,43337,0.5001,0,100.0,2035.0,12288.0,14914235026,15529133438,16572943,17414536,937326,0,0,0,0,0,0,0,0,0,0,0,0,728,134,5,3,0,0,0,0,0,0,0,0,0
1779257409.0314698,g11.hpc.coe,43337,0.5001,0,100.0,2035.0,12288.0,14914235720,15529133517,16572946,17414538,937326,0,0,0,0,0,0,0,0,0,0,0,0,694,79,3,2,0,0,0,0,0,0,0,0,0
1779257409.531562,g11.hpc.coe,43337,0.5001,0,100.0,2035.0,12288.0,14914236457,15529133596,16572949,17414540,937326,0,0,0,0,0,0,0,0,0,0,0,0,737,79,3,2,0,0,0,0,0,0,0,0,0
1779257410.0316567,g11.hpc.coe,43337,0.5001,0,100.0,2035.0,12288.0,14914237236,15529133675,16572952,17414542,937326,0,0,0,0,0,0,0,0,0,0,0,0,779,79,3,2,0,0,0,0,0,0,0,0,0
1779257410.5317473,g11.hpc.coe,43337,0.5001,0,100.0,2035.0,12288.0,14914238057,15529133754,16572955,17414544,937326,0,0,0,0,0,0,0,0,0,0,0,0,821,79,3,2,0,0,0,0,0,0,0,0,0
1779257411.0318444,g11.hpc.coe,43337,0.5001,0,100.0,2035.0,12288.0,14928808816,15543726100,16587668,17429281,937338,0,0,0,0,0,0,0,0,0,0,0,0,14570759,14592346,14713,14737,12,0,0,0,0,0,0,0,0
1779257411.531938,g11.hpc.coe,43337,0.5001,0,100.0,2035.0,12288.0,14948939131,15563870609,16607848,17449479,937358,0,0,0,0,0,0,0,0,0,0,0,0,20130315,20144509,20180,20198,20,0,0,0,0,0,0,0,0
1779257412.0320294,g11.hpc.coe,43337,0.5001,0,100.0,2035.0,12288.0,14948940090,15563870688,16607851,17449481,937358,0,0,0,0,0,0,0,0,0,0,0,0,959,79,3,2,0,0,0,0,0,0,0,0,0
1779257412.5321233,g11.hpc.coe,43337,0.5001,0,100.0,2035.0,12288.0,14948941091,15563870767,16607854,17449483,937358,0,0,0,0,0,0,0,0,0,0,0,0,1001,79,3,2,0,0,0,0,0,0,0,0,0
1779257413.0322158,g11.hpc.coe,43337,0.5001,0,100.0,2035.0,12288.0,14948942736,15563871293,16607871,17449493,937358,0,0,0,0,0,0,0,0,0,0,0,0,1645,526,17,10,0,0,0,0,0,0,0,0,0
1779257413.5323074,g11.hpc.coe,43337,0.5001,0,100.0,2035.0,12288.0,14948943900,15563871427,16607876,17449496,937358,0,0,0,0,0,0,0,0,0,0,0,0,1164,134,5,3,0,0,0,0,0,0,0,0,0
1779257414.0323977,g11.hpc.coe,43337,0.5001,0,100.0,2035.0,12288.0,14948945074,15563871506,16607881,17449498,937358,0,0,0,0,0,0,0,0,0,0,0,0,1174,79,5,2,0,0,0,0,0,0,0,0,0
1779257414.532491,g11.hpc.coe,43337,0.5001,0,100.0,2035.0,12288.0,14948945201,15563871563,16607883,17449499,937358,0,0,0,0,0,0,0,0,0,0,0,0,127,57,2,1,0,0,0,0,0,0,0,0,0
1779257415.032583,g11.hpc.coe,43337,0.5001,0,100.0,2035.0,12288.0,14962825235,15577773878,16621847,17463490,938686,0,0,0,0,0,0,0,0,0,0,0,0,13880034,13902315,13964,13991,1328,0,0,0,0,0,0,0,0
1779257415.5326738,g11.hpc.coe,43337,0.5001,0,100.0,2035.0,12288.0,14983644921,15598608381,16642779,17484433,938704,0,0,0,0,0,0,0,0,0,0,0,0,20819686,20834503,20932,20943,18,0,0,0,0,0,0,0,0
1779257416.0327654,g11.hpc.coe,43337,0.5001,0,100.0,2035.0,12288.0,14983645186,15598608438,16642781,17484434,938704,0,0,0,0,0,0,0,0,0,0,0,0,265,57,2,1,0,0,0,0,0,0,0,0,0
1779257416.5328553,g11.hpc.coe,43337,0.5001,0,100.0,2035.0,12288.0,14983645493,15598608495,16642783,17484435,938704,0,0,0,0,0,0,0,0,0,0,0,0,307,57,2,1,0,0,0,0,0,0,0,0,0
1779257417.0329459,g11.hpc.coe,43337,0.5001,0,100.0,2035.0,12288.0,14983645843,15598608552,16642785,17484436,938704,0,0,0,0,0,0,0,0,0,0,0,0,350,57,2,1,0,0,0,0,0,0,0,0,0
1779257417.5330381,g11.hpc.coe,43337,0.5001,0,100.0,2035.0,12288.0,14983646235,15598608609,16642787,17484437,938704,0,0,0,0,0,0,0,0,0,0,0,0,392,57,2,1,0,0,0,0,0,0,0,0,0
1779257418.0331323,g11.hpc.coe,43337,0.5001,0,100.0,2035.0,12288.0,14983646670,15598608666,16642789,17484438,938704,0,0,0,0,0,0,0,0,0,0,0,0,435,57,2,1,0,0,0,0,0,0,0,0,0
1779257418.5332265,g11.hpc.coe,43337,0.5001,0,100.0,2035.0,12288.0,14983647147,15598608723,16642791,17484439,938704,0,0,0,0,0,0,0,0,0,0,0,0,477,57,2,1,0,0,0,0,0,0,0,0,0
1779257419.03332,g11.hpc.coe,43337,0.5001,0,100.0,2035.0,12288.0,14991277803,15606253757,16650531,17492189,938711,0,0,0,0,0,0,0,0,0,0,0,0,7630656,7645034,7740,7750,7,0,0,0,0,0,0,0,0
1779257419.5334148,g11.hpc.coe,43337,0.5001,0,100.0,2035.0,12288.0,15018347679,15633345597,16677692,17519372,939431,0,0,0,0,0,0,0,0,0,0,0,0,27069876,27091840,27161,27183,720,0,0,0,0,0,0,0,0
1779257420.0335062,g11.hpc.coe,43337,0.5001,0,100.0,2035.0,12288.0,15018348314,15633345676,16677695,17519374,939431,0,0,0,0,0,0,0,0,0,0,0,0,635,79,3,2,0,0,0,0,0,0,0,0,0
1779257420.5335972,g11.hpc.coe,43337,0.5001,0,100.0,2035.0,12288.0,15018348992,15633345755,16677698,17519376,939431,0,0,0,0,0,0,0,0,0,0,0,0,678,79,3,2,0,0,0,0,0,0,0,0,0
1779257421.0336912,g11.hpc.coe,43337,0.5001,0,100.0,2035.0,12288.0,15018349712,15633345834,16677701,17519378,939431,0,0,0,0,0,0,0,0,0,0,0,0,720,79,3,2,0,0,0,0,0,0,0,0,0
1779257421.5337844,g11.hpc.coe,43337,0.5001,0,100.0,2035.0,12288.0,15018350475,15633345913,16677704,17519380,939431,0,0,0,0,0,0,0,0,0,0,0,0,763,79,3,2,0,0,0,0,0,0,0,0,0
1779257422.0338745,g11.hpc.coe,43337,0.5001,0,100.0,2035.0,12288.0,15018351280,15633345992,16677707,17519382,939431,0,0,0,0,0,0,0,0,0,0,0,0,805,79,3,2,0,0,0,0,0,0,0,0,0
1779257422.5339665,g11.hpc.coe,43337,0.5001,0,100.0,2035.0,12288.0,15018352128,15633346071,16677710,17519384,939431,0,0,0,0,0,0,0,0,0,0,0,0,848,79,3,2,0,0,0,0,0,0,0,0,0
1779257423.0340576,g11.hpc.coe,43337,0.5001,0,100.0,2035.0,12288.0,15025293012,15640301063,16684696,17526389,939433,0,0,0,0,0,0,0,0,0,0,0,0,6940884,6954992,6986,7005,2,0,0,0,0,0,0,0,0
1779257423.53415,g11.hpc.coe,43337,0.5001,0,100.0,2035.0,12288.0,15053053274,15668082933,16712606,17554320,939468,0,0,0,0,0,0,0,0,0,0,0,0,27760262,27781870,27910,27931,35,0,0,0,0,0,0,0,0
1779257424.0342426,g11.hpc.coe,43337,0.5001,0,100.0,2035.0,12288.0,15053054334,15668083067,16712611,17554323,939468,0,0,0,0,0,0,0,0,0,0,0,0,1060,134,5,3,0,0,0,0,0,0,0,0,0
1779257424.534335,g11.hpc.coe,43337,0.5001,0,100.0,2035.0,12288.0,15053055360,15668083146,16712614,17554325,939468,0,0,0,0,0,0,0,0,0,0,0,0,1026,79,3,2,0,0,0,0,0,0,0,0,0
1779257425.034429,g11.hpc.coe,43337,0.5001,0,100.0,2035.0,12288.0,15053056451,15668083225,16712618,17554327,939468,0,0,0,0,0,0,0,0,0,0,0,0,1091,79,4,2,0,0,0,0,0,0,0,0,0
1779257425.534522,g11.hpc.coe,43337,0.5001,0,100.0,2035.0,12288.0,15053057584,15668083304,16712622,17554329,939468,0,0,0,0,0,0,0,0,0,0,0,0,1133,79,4,2,0,0,0,0,0,0,0,0,0
1779257426.0346174,g11.hpc.coe,43337,0.5001,0,100.0,2035.0,12288.0,15053058760,15668083383,16712626,17554331,939468,0,0,0,0,0,0,0,0,0,0,0,0,1176,79,4,2,0,0,0,0,0,0,0,0,0
1779257426.5347083,g11.hpc.coe,43337,0.5001,0,100.0,2035.0,12288.0,15053058911,15668083440,16712628,17554332,939468,0,0,0,0,0,0,0,0,0,0,0,0,151,57,2,1,0,0,0,0,0,0,0,0,0
1779257427.0348,g11.hpc.coe,43337,0.5001,0,100.0,2035.0,12288.0,15053749285,15668781088,16713386,17555096,939468,0,0,0,0,0,0,0,0,0,0,0,0,690374,697648,758,764,0,0,0,0,0,0,0,0,0
1779257427.5348926,g11.hpc.coe,43337,0.5001,0,100.0,2035.0,12288.0,15087758599,15702820293,16747513,17589271,940477,0,0,0,0,0,0,0,0,0,0,0,0,34009314,34039205,34127,34175,1009,0,0,0,0,0,0,0,0
1779257428.0349836,g11.hpc.coe,43337,0.5001,0,100.0,2035.0,12288.0,15087759486,15702820797,16747529,17589280,940477,0,0,0,0,0,0,0,0,0,0,0,0,887,504,16,9,0,0,0,0,0,0,0,0,0
1779257428.535074,g11.hpc.coe,43337,0.5001,0,100.0,2035.0,12288.0,15087759815,15702820854,16747531,17589281,940477,0,0,0,0,0,0,0,0,0,0,0,0,329,57,2,1,0,0,0,0,0,0,0,0,0
1779257429.035165,g11.hpc.coe,43337,0.5001,0,100.0,2035.0,12288.0,15087760263,15702820966,16747535,17589283,940477,0,0,0,0,0,0,0,0,0,0,0,0,448,112,4,2,0,0,0,0,0,0,0,0,0
1779257429.535258,g11.hpc.coe,43337,0.5001,0,100.0,2035.0,12288.0,15087760676,15702821023,16747537,17589284,940477,0,0,0,0,0,0,0,0,0,0,0,0,413,57,2,1,0,0,0,0,0,0,0,0,0
1779257430.0353515,g11.hpc.coe,43337,0.5001,0,100.0,2035.0,12288.0,15087761132,15702821080,16747539,17589285,940477,0,0,0,0,0,0,0,0,0,0,0,0,456,57,2,1,0,0,0,0,0,0,0,0,0
1779257430.5354455,g11.hpc.coe,43337,0.5001,0,100.0,2035.0,12288.0,15087761630,15702821137,16747541,17589286,940477,0,0,0,0,0,0,0,0,0,0,0,0,498,57,2,1,0,0,0,0,0,0,0,0,0
1779257431.0355377,g11.hpc.coe,43337,0.5001,0,100.0,2035.0,12288.0,15087762322,15702828755,16747551,17589302,940477,0,0,0,0,0,0,0,0,0,0,0,0,692,7618,10,16,0,0,0,0,0,0,0,0,0
1779257431.5356297,g11.hpc.coe,43337,0.5001,0,100.0,2035.0,12288.0,15122462055,15737557942,16782430,17624216,941094,0,0,0,0,0,0,0,0,0,0,0,0,34699733,34729187,34879,34914,617,0,0,0,0,0,0,0,0
1779257432.0357254,g11.hpc.coe,43337,0.5001,0,100.0,2035.0,12288.0,15122462709,15737558021,16782433,17624218,941094,0,0,0,0,0,0,0,0,0,0,0,0,654,79,3,2,0,0,0,0,0,0,0,0,0
1779257432.5358186,g11.hpc.coe,43337,0.5001,0,100.0,2035.0,12288.0,15122463405,15737558100,16782436,17624220,941094,0,0,0,0,0,0,0,0,0,0,0,0,696,79,3,2,0,0,0,0,0,0,0,0,0
1779257433.0359097,g11.hpc.coe,43337,0.5001,0,100.0,2035.0,12288.0,15122464144,15737558179,16782439,17624222,941094,0,0,0,0,0,0,0,0,0,0,0,0,739,79,3,2,0,0,0,0,0,0,0,0,0
1779257433.5360007,g11.hpc.coe,43337,0.5001,0,100.0,2035.0,12288.0,15122464925,15737558258,16782442,17624224,941094,0,0,0,0,0,0,0,0,0,0,0,0,781,79,3,2,0,0,0,0,0,0,0,0,0
1779257434.0360906,g11.hpc.coe,43337,0.5001,0,100.0,2035.0,12288.0,15122465826,15737558392,16782447,17624227,941094,0,0,0,0,0,0,0,0,0,0,0,0,901,134,5,3,0,0,0,0,0,0,0,0,0
1779257434.5361812,g11.hpc.coe,43337,0.5001,0,100.0,2035.0,12288.0,15122466693,15737558471,16782450,17624229,941094,0,0,0,0,0,0,0,0,0,0,0,0,867,79,3,2,0,0,0,0,0,0,0,0,0
1779257435.0362723,g11.hpc.coe,43337,0.5001,0,100.0,2035.0,12288.0,15122467602,15737558550,16782453,17624231,941094,0,0,0,0,0,0,0,0,0,0,0,0,909,79,3,2,0,0,0,0,0,0,0,0,0
1779257435.5363688,g11.hpc.coe,43337,0.5001,0,100.0,2035.0,12288.0,15157167832,15772295389,16817340,17659173,941140,0,0,0,0,0,0,0,0,0,0,0,0,34700230,34736839,34887,34942,46,0,0,0,0,0,0,0,0
1779257436.0364623,g11.hpc.coe,43337,0.5001,0,100.0,2035.0,12288.0,15157168831,15772295468,16817343,17659175,941140,0,0,0,0,0,0,0,0,0,0,0,0,999,79,3,2,0,0,0,0,0,0,0,0,0
1779257436.5365536,g11.hpc.coe,43337,0.5001,0,100.0,2035.0,12288.0,15157169873,15772295547,16817346,17659177,941140,0,0,0,0,0,0,0,0,0,0,0,0,1042,79,3,2,0,0,0,0,0,0,0,0,0
1779257437.0366461,g11.hpc.coe,43337,0.5001,0,100.0,2035.0,12288.0,15157170979,15772295626,16817350,17659179,941140,0,0,0,0,0,0,0,0,0,0,0,0,1106,79,4,2,0,0,0,0,0,0,0,0,0
1779257437.5367377,g11.hpc.coe,43337,0.5001,0,100.0,2035.0,12288.0,15157172128,15772295705,16817354,17659181,941140,0,0,0,0,0,0,0,0,0,0,0,0,1149,79,4,2,0,0,0,0,0,0,0,0,0
1779257438.0368319,g11.hpc.coe,43337,0.5001,0,100.0,2035.0,12288.0,15157172252,15772295762,16817356,17659182,941140,0,0,0,0,0,0,0,0,0,0,0,0,124,57,2,1,0,0,0,0,0,0,0,0,0
1779257438.536926,g11.hpc.coe,43337,0.5001,0,100.0,2035.0,12288.0,15157172418,15772295819,16817358,17659183,941140,0,0,0,0,0,0,0,0,0,0,0,0,166,57,2,1,0,0,0,0,0,0,0,0,0
1779257439.0370183,g11.hpc.coe,43337,0.5001,0,100.0,2035.0,12288.0,15157172627,15772295876,16817360,17659184,941140,0,0,0,0,0,0,0,0,0,0,0,0,209,57,2,1,0,0,0,0,0,0,0,0,0
1779257439.53711,g11.hpc.coe,43337,0.5001,0,100.0,2035.0,12288.0,15185622564,15800782938,16846028,17687894,941175,0,0,0,0,0,0,0,0,0,0,0,0,28449937,28487062,28668,28710,35,0,0,0,0,0,0,0,0
1779257440.0372014,g11.hpc.coe,43337,0.5001,0,100.0,2035.0,12288.0,15191872538,15807032756,16852251,17694120,942702,0,0,0,0,0,0,0,0,0,0,0,0,6249974,6249818,6223,6226,1527,0,0,0,0,0,0,0,0
1779257440.5372956,g11.hpc.coe,43337,0.5001,0,100.0,2035.0,12288.0,15191872883,15807032813,16852253,17694121,942702,0,0,0,0,0,0,0,0,0,0,0,0,345,57,2,1,0,0,0,0,0,0,0,0,0
1779257441.037391,g11.hpc.coe,43337,0.5001,0,100.0,2035.0,12288.0,15191873271,15807032870,16852255,17694122,942702,0,0,0,0,0,0,0,0,0,0,0,0,388,57,2,1,0,0,0,0,0,0,0,0,0
1779257441.5374856,g11.hpc.coe,43337,0.5001,0,100.0,2035.0,12288.0,15191873701,15807032927,16852257,17694123,942702,0,0,0,0,0,0,0,0,0,0,0,0,430,57,2,1,0,0,0,0,0,0,0,0,0
1779257442.0375779,g11.hpc.coe,43337,0.5001,0,100.0,2035.0,12288.0,15191874173,15807032984,16852259,17694124,942702,0,0,0,0,0,0,0,0,0,0,0,0,472,57,2,1,0,0,0,0,0,0,0,0,0
1779257442.537673,g11.hpc.coe,43337,0.5001,0,100.0,2035.0,12288.0,15191874688,15807033041,16852261,17694125,942702,0,0,0,0,0,0,0,0,0,0,0,0,515,57,2,1,0,0,0,0,0,0,0,0,0
1779257443.037766,g11.hpc.coe,43337,0.5001,0,100.0,2035.0,12288.0,15191876125,15807033822,16852283,17694140,942702,0,0,0,0,0,0,0,0,0,0,0,0,1437,781,22,15,0,0,0,0,0,0,0,0,0
1779257443.5378578,g11.hpc.coe,43337,0.5001,0,100.0,2035.0,12288.0,15219636439,15834830828,16880216,17722103,942733,0,0,0,0,0,0,0,0,0,0,0,0,27760314,27797006,27933,27963,31,0,0,0,0,0,0,0,0
1779257444.0379508,g11.hpc.coe,43337,0.5001,0,100.0,2035.0,12288.0,15226576829,15841770677,16887190,17729075,943906,0,0,0,0,0,0,0,0,0,0,0,0,6940390,6939849,6974,6972,1173,0,0,0,0,0,0,0,0
1779257444.5380423,g11.hpc.coe,43337,0.5001,0,100.0,2035.0,12288.0,15226577623,15841770811,16887195,17729078,943906,0,0,0,0,0,0,0,0,0,0,0,0,794,134,5,3,0,0,0,0,0,0,0,0,0
1779257445.0381343,g11.hpc.coe,43337,0.5001,0,100.0,2035.0,12288.0,15226578383,15841770890,16887198,17729080,943906,0,0,0,0,0,0,0,0,0,0,0,0,760,79,3,2,0,0,0,0,0,0,0,0,0
1779257445.5382318,g11.hpc.coe,43337,0.5001,0,100.0,2035.0,12288.0,15226579185,15841770969,16887201,17729082,943906,0,0,0,0,0,0,0,0,0,0,0,0,802,79,3,2,0,0,0,0,0,0,0,0,0
1779257446.0383253,g11.hpc.coe,43337,0.5001,0,100.0,2035.0,12288.0,15226580030,15841771048,16887204,17729084,943906,0,0,0,0,0,0,0,0,0,0,0,0,845,79,3,2,0,0,0,0,0,0,0,0,0
1779257446.5384185,g11.hpc.coe,43337,0.5001,0,100.0,2035.0,12288.0,15226580917,15841771127,16887207,17729086,943906,0,0,0,0,0,0,0,0,0,0,0,0,887,79,3,2,0,0,0,0,0,0,0,0,0
1779257447.0385094,g11.hpc.coe,43337,0.5001,0,100.0,2035.0,12288.0,15226581847,15841771206,16887210,17729088,943906,0,0,0,0,0,0,0,0,0,0,0,0,930,79,3,2,0,0,0,0,0,0,0,0,0
1779257447.5386012,g11.hpc.coe,43337,0.5001,0,100.0,2035.0,12288.0,15248092536,15863310897,16908895,17750812,943930,0,0,0,0,0,0,0,0,0,0,0,0,21510689,21539691,21685,21724,24,0,0,0,0,0,0,0,0
1779257448.0386915,g11.hpc.coe,43337,0.5001,0,100.0,2035.0,12288.0,15261283131,15876508075,16922102,17764025,947185,0,0,0,0,0,0,0,0,0,0,0,0,13190595,13197178,13207,13213,3255,0,0,0,0,0,0,0,0
1779257448.5387821,g11.hpc.coe,43337,0.5001,0,100.0,2035.0,12288.0,15261284221,15876508154,16922106,17764027,947185,0,0,0,0,0,0,0,0,0,0,0,0,1090,79,4,2,0,0,0,0,0,0,0,0,0
1779257449.0388734,g11.hpc.coe,43337,0.5001,0,100.0,2035.0,12288.0,15261285353,15876508233,16922110,17764029,947185,0,0,0,0,0,0,0,0,0,0,0,0,1132,79,4,2,0,0,0,0,0,0,0,0,0
1779257449.5389664,g11.hpc.coe,43337,0.5001,0,100.0,2035.0,12288.0,15261286605,15876508367,16922116,17764032,947185,0,0,0,0,0,0,0,0,0,0,0,0,1252,134,6,3,0,0,0,0,0,0,0,0,0
1779257450.0390568,g11.hpc.coe,43337,0.5001,0,100.0,2035.0,12288.0,15261286755,15876508424,16922118,17764033,947185,0,0,0,0,0,0,0,0,0,0,0,0,150,57,2,1,0,0,0,0,0,0,0,0,0
1779257450.5391476,g11.hpc.coe,43337,0.5001,0,100.0,2035.0,12288.0,15261286948,15876508481,16922120,17764034,947185,0,0,0,0,0,0,0,0,0,0,0,0,193,57,2,1,0,0,0,0,0,0,0,0,0
1779257451.0392425,g11.hpc.coe,43337,0.5001,0,100.0,2035.0,12288.0,15261287183,15876508538,16922122,17764035,947185,0,0,0,0,0,0,0,0,0,0,0,0,235,57,2,1,0,0,0,0,0,0,0,0,0
1779257451.539333,g11.hpc.coe,43337,0.5001,0,100.0,2035.0,12288.0,15282797199,15898048228,16943809,17785761,947206,0,0,0,0,0,0,0,0,0,0,0,0,21510016,21539690,21687,21726,21,0,0,0,0,0,0,0,0
1779257452.0394247,g11.hpc.coe,43337,0.5001,0,100.0,2035.0,12288.0,15295987078,15911245391,16957012,17798974,947213,0,0,0,0,0,0,0,0,0,0,0,0,13189879,13197163,13203,13213,7,0,0,0,0,0,0,0,0
1779257452.539517,g11.hpc.coe,43337,0.5001,0,100.0,2035.0,12288.0,15295987450,15911245448,16957014,17798975,947213,0,0,0,0,0,0,0,0,0,0,0,0,372,57,2,1,0,0,0,0,0,0,0,0,0
1779257453.0396094,g11.hpc.coe,43337,0.5001,0,100.0,2035.0,12288.0,15295987864,15911245505,16957016,17798976,947213,0,0,0,0,0,0,0,0,0,0,0,0,414,57,2,1,0,0,0,0,0,0,0,0,0
1779257453.5397031,g11.hpc.coe,43337,0.5001,0,100.0,2035.0,12288.0,15295988321,15911245562,16957018,17798977,947213,0,0,0,0,0,0,0,0,0,0,0,0,457,57,2,1,0,0,0,0,0,0,0,0,0
1779257454.039795,g11.hpc.coe,43337,0.5001,0,100.0,2035.0,12288.0,15295988820,15911245619,16957020,17798978,947213,0,0,0,0,0,0,0,0,0,0,0,0,499,57,2,1,0,0,0,0,0,0,0,0,0
1779257454.5398858,g11.hpc.coe,43337,0.5001,0,100.0,2035.0,12288.0,15295989439,15911245731,16957024,17798980,947213,0,0,0,0,0,0,0,0,0,0,0,0,619,112,4,2,0,0,0,0,0,0,0,0,0
1779257455.0399764,g11.hpc.coe,43337,0.5001,0,100.0,2035.0,12288.0,15295990045,15911245810,16957027,17798982,947213,0,0,0,0,0,0,0,0,0,0,0,0,606,79,3,2,0,0,0,0,0,0,0,0,0
1779257455.5400689,g11.hpc.coe,43337,0.5001,0,100.0,2035.0,12288.0,15315459538,15931325708,16977173,17819483,950708,0,0,0,0,0,0,0,0,0,0,0,0,19469493,20079898,20146,20501,3495,0,0,0,0,0,0,0,0
1779257456.0401618,g11.hpc.coe,43337,0.5001,0,100.0,2035.0,12288.0,15330690697,15945982672,16991921,17833918,950778,0,0,0,0,0,0,0,0,0,0,0,0,15231159,14656964,14748,14435,70,0,0,0,0,0,0,0,0
1779257456.540253,g11.hpc.coe,43337,0.5001,0,100.0,2035.0,12288.0,15330691441,15945982751,16991924,17833920,950778,0,0,0,0,0,0,0,0,0,0,0,0,744,79,3,2,0,0,0,0,0,0,0,0,0
1779257457.0403447,g11.hpc.coe,43337,0.5001,0,100.0,2035.0,12288.0,15330692228,15945982830,16991927,17833922,950778,0,0,0,0,0,0,0,0,0,0,0,0,787,79,3,2,0,0,0,0,0,0,0,0,0
1779257457.540438,g11.hpc.coe,43337,0.5001,0,100.0,2035.0,12288.0,15330693057,15945982909,16991930,17833924,950778,0,0,0,0,0,0,0,0,0,0,0,0,829,79,3,2,0,0,0,0,0,0,0,0,0
1779257458.0405297,g11.hpc.coe,43337,0.5001,0,100.0,2035.0,12288.0,15330694529,15945983435,16991947,17833934,950778,0,0,0,0,0,0,0,0,0,0,0,0,1472,526,17,10,0,0,0,0,0,0,0,0,0
1779257458.5406218,g11.hpc.coe,43337,0.5001,0,100.0,2035.0,12288.0,15330695444,15945983514,16991950,17833936,950778,0,0,0,0,0,0,0,0,0,0,0,0,915,79,3,2,0,0,0,0,0,0,0,0,0
1779257459.0407147,g11.hpc.coe,43337,0.5001,0,100.0,2035.0,12288.0,15330696401,15945983593,16991953,17833938,950778,0,0,0,0,0,0,0,0,0,0,0,0,957,79,3,2,0,0,0,0,0,0,0,0,0
1779257459.540805,g11.hpc.coe,43337,0.5001,0,100.0,2035.0,12288.0,15345267303,15960575939,17006667,17848675,951268,0,0,0,0,0,0,0,0,0,0,0,0,14570902,14592346,14714,14737,490,0,0,0,0,0,0,0,0
1779257460.0408957,g11.hpc.coe,43337,0.5001,0,100.0,2035.0,12288.0,15365397824,15980720517,17026848,17868876,953073,0,0,0,0,0,0,0,0,0,0,0,0,20130521,20144578,20181,20201,1805,0,0,0,0,0,0,0,0
1779257460.5409865,g11.hpc.coe,43337,0.5001,0,100.0,2035.0,12288.0,15365398941,15980720596,17026852,17868878,953073,0,0,0,0,0,0,0,0,0,0,0,0,1117,79,4,2,0,0,0,0,0,0,0,0,0
1779257461.0410776,g11.hpc.coe,43337,0.5001,0,100.0,2035.0,12288.0,15365400101,15980720675,17026856,17868880,953073,0,0,0,0,0,0,0,0,0,0,0,0,1160,79,4,2,0,0,0,0,0,0,0,0,0
1779257461.5411694,g11.hpc.coe,43337,0.5001,0,100.0,2035.0,12288.0,15365400236,15980720732,17026858,17868881,953073,0,0,0,0,0,0,0,0,0,0,0,0,135,57,2,1,0,0,0,0,0,0,0,0,0
1779257462.0412607,g11.hpc.coe,43337,0.5001,0,100.0,2035.0,12288.0,15365400413,15980720789,17026860,17868882,953073,0,0,0,0,0,0,0,0,0,0,0,0,177,57,2,1,0,0,0,0,0,0,0,0,0
1779257462.5413532,g11.hpc.coe,43337,0.5001,0,100.0,2035.0,12288.0,15365400633,15980720846,17026862,17868883,953073,0,0,0,0,0,0,0,0,0,0,0,0,220,57,2,1,0,0,0,0,0,0,0,0,0
1779257463.0414445,g11.hpc.coe,43337,0.5001,0,100.0,2035.0,12288.0,15365400895,15980720903,17026864,17868884,953073,0,0,0,0,0,0,0,0,0,0,0,0,262,57,2,1,0,0,0,0,0,0,0,0,0
1779257463.541536,g11.hpc.coe,43337,0.5001,0,100.0,2035.0,12288.0,15365401200,15980720960,17026866,17868885,953073,0,0,0,0,0,0,0,0,0,0,0,0,305,57,2,1,0,0,0,0,0,0,0,0,0
1779257464.0416257,g11.hpc.coe,43337,0.5001,0,100.0,2035.0,12288.0,15386911292,16002260622,17048554,17890607,953088,0,0,0,0,0,0,0,0,0,0,0,0,21510092,21539662,21688,21722,15,0,0,0,0,0,0,0,0
1779257464.5417194,g11.hpc.coe,43337,0.5001,0,100.0,2035.0,12288.0,15400101262,16015457778,17061760,17903819,953718,0,0,0,0,0,0,0,0,0,0,0,0,13189970,13197156,13206,13212,630,0,0,0,0,0,0,0,0
1779257465.0418093,g11.hpc.coe,43337,0.5001,0,100.0,2035.0,12288.0,15400101781,16015457890,17061764,17903821,953718,0,0,0,0,0,0,0,0,0,0,0,0,519,112,4,2,0,0,0,0,0,0,0,0,0
1779257465.5419018,g11.hpc.coe,43337,0.5001,0,100.0,2035.0,12288.0,15400102266,16015457947,17061766,17903822,953718,0,0,0,0,0,0,0,0,0,0,0,0,485,57,2,1,0,0,0,0,0,0,0,0,0
1779257466.0419967,g11.hpc.coe,43337,0.5001,0,100.0,2035.0,12288.0,15400102794,16015458004,17061768,17903823,953718,0,0,0,0,0,0,0,0,0,0,0,0,528,57,2,1,0,0,0,0,0,0,0,0,0
1779257466.5420868,g11.hpc.coe,43337,0.5001,0,100.0,2035.0,12288.0,15400103386,16015458083,17061771,17903825,953718,0,0,0,0,0,0,0,0,0,0,0,0,592,79,3,2,0,0,0,0,0,0,0,0,0
1779257467.0421789,g11.hpc.coe,43337,0.5001,0,100.0,2035.0,12288.0,15400104021,16015458162,17061774,17903827,953718,0,0,0,0,0,0,0,0,0,0,0,0,635,79,3,2,0,0,0,0,0,0,0,0,0
1779257467.5422692,g11.hpc.coe,43337,0.5001,0,100.0,2035.0,12288.0,15400104698,16015458241,17061777,17903829,953718,0,0,0,0,0,0,0,0,0,0,0,0,677,79,3,2,0,0,0,0,0,0,0,0,0
1779257468.042361,g11.hpc.coe,43337,0.5001,0,100.0,2035.0,12288.0,15420925126,16036307937,17082717,17924810,953734,0,0,0,0,0,0,0,0,0,0,0,0,20820428,20849696,20940,20981,16,0,0,0,0,0,0,0,0
1779257468.5424545,g11.hpc.coe,43337,0.5001,0,100.0,2035.0,12288.0,15434805470,16050195117,17096668,17938767,953841,0,0,0,0,0,0,0,0,0,0,0,0,13880344,13887180,13951,13957,107,0,0,0,0,0,0,0,0
1779257469.0425498,g11.hpc.coe,43337,0.5001,0,100.0,2035.0,12288.0,15434806285,16050195196,17096671,17938769,953841,0,0,0,0,0,0,0,0,0,0,0,0,815,79,3,2,0,0,0,0,0,0,0,0,0
1779257469.5426452,g11.hpc.coe,43337,0.5001,0,100.0,2035.0,12288.0,15434807142,16050195275,17096674,17938771,953841,0,0,0,0,0,0,0,0,0,0,0,0,857,79,3,2,0,0,0,0,0,0,0,0,0
1779257470.0427406,g11.hpc.coe,43337,0.5001,0,100.0,2035.0,12288.0,15434808119,16050195409,17096679,17938774,953841,0,0,0,0,0,0,0,0,0,0,0,0,977,134,5,3,0,0,0,0,0,0,0,0,0
1779257470.5428317,g11.hpc.coe,43337,0.5001,0,100.0,2035.0,12288.0,15434809061,16050195488,17096682,17938776,953841,0,0,0,0,0,0,0,0,0,0,0,0,942,79,3,2,0,0,0,0,0,0,0,0,0
1779257471.042925,g11.hpc.coe,43337,0.5001,0,100.0,2035.0,12288.0,15434810046,16050195567,17096685,17938778,953841,0,0,0,0,0,0,0,0,0,0,0,0,985,79,3,2,0,0,0,0,0,0,0,0,0
1779257471.5430193,g11.hpc.coe,43337,0.5001,0,100.0,2035.0,12288.0,15434811073,16050195646,17096688,17938780,953841,0,0,0,0,0,0,0,0,0,0,0,0,1027,79,3,2,0,0,0,0,0,0,0,0,0
1779257472.0431097,g11.hpc.coe,43337,0.5001,0,100.0,2035.0,12288.0,15453601824,16069007843,17115576,17957850,955264,0,0,0,0,0,0,0,0,0,0,0,0,18790751,18812197,18888,19070,1423,0,0,0,0,0,0,0,0
1779257472.5432003,g11.hpc.coe,43337,0.5001,0,100.0,2035.0,12288.0,15469512639,16084932508,17131588,17973716,955551,0,0,0,0,0,0,0,0,0,0,0,0,15910815,15924665,16012,15866,287,0,0,0,0,0,0,0,0
1779257473.0432909,g11.hpc.coe,43337,0.5001,0,100.0,2035.0,12288.0,15469514428,16084933034,17131606,17973726,955551,0,0,0,0,0,0,0,0,0,0,0,0,1789,526,18,10,0,0,0,0,0,0,0,0,0
1779257473.5433862,g11.hpc.coe,43337,0.5001,0,100.0,2035.0,12288.0,15469514591,16084933091,17131608,17973727,955551,0,0,0,0,0,0,0,0,0,0,0,0,163,57,2,1,0,0,0,0,0,0,0,0,0
1779257474.0434792,g11.hpc.coe,43337,0.5001,0,100.0,2035.0,12288.0,15469514797,16084933148,17131610,17973728,955551,0,0,0,0,0,0,0,0,0,0,0,0,206,57,2,1,0,0,0,0,0,0,0,0,0
1779257474.543572,g11.hpc.coe,43337,0.5001,0,100.0,2035.0,12288.0,15469515045,16084933205,17131612,17973729,955551,0,0,0,0,0,0,0,0,0,0,0,0,248,57,2,1,0,0,0,0,0,0,0,0,0
1779257475.0436645,g11.hpc.coe,43337,0.5001,0,100.0,2035.0,12288.0,15469515412,16084933317,17131616,17973731,955551,0,0,0,0,0,0,0,0,0,0,0,0,367,112,4,2,0,0,0,0,0,0,0,0,0
1779257475.5437555,g11.hpc.coe,43337,0.5001,0,100.0,2035.0,12288.0,15469515745,16084933374,17131618,17973732,955551,0,0,0,0,0,0,0,0,0,0,0,0,333,57,2,1,0,0,0,0,0,0,0,0,0
1779257476.0438461,g11.hpc.coe,43337,0.5001,0,100.0,2035.0,12288.0,15484086030,16099525705,17146332,17988469,955566,0,0,0,0,0,0,0,0,0,0,0,0,14570285,14592331,14714,14737,15,0,0,0,0,0,0,0,0
1779257476.5439382,g11.hpc.coe,43337,0.5001,0,100.0,2035.0,12288.0,15504215836,16119670185,17166508,18008665,955582,0,0,0,0,0,0,0,0,0,0,0,0,20129806,20144480,20176,20196,16,0,0,0,0,0,0,0,0
1779257477.0440295,g11.hpc.coe,43337,0.5001,0,100.0,2035.0,12288.0,15504216307,16119670242,17166510,18008666,955582,0,0,0,0,0,0,0,0,0,0,0,0,471,57,2,1,0,0,0,0,0,0,0,0,0
1779257477.544124,g11.hpc.coe,43337,0.5001,0,100.0,2035.0,12288.0,15504216820,16119670299,17166512,18008667,955582,0,0,0,0,0,0,0,0,0,0,0,0,513,57,2,1,0,0,0,0,0,0,0,0,0
1779257478.0442138,g11.hpc.coe,43337,0.5001,0,100.0,2035.0,12288.0,15504217397,16119670378,17166515,18008669,955582,0,0,0,0,0,0,0,0,0,0,0,0,577,79,3,2,0,0,0,0,0,0,0,0,0
1779257478.5443048,g11.hpc.coe,43337,0.5001,0,100.0,2035.0,12288.0,15504218017,16119670457,17166518,18008671,955582,0,0,0,0,0,0,0,0,0,0,0,0,620,79,3,2,0,0,0,0,0,0,0,0,0
1779257479.0443952,g11.hpc.coe,43337,0.5001,0,100.0,2035.0,12288.0,15504218679,16119670536,17166521,18008673,955582,0,0,0,0,0,0,0,0,0,0,0,0,662,79,3,2,0,0,0,0,0,0,0,0,0
1779257479.5444896,g11.hpc.coe,43337,0.5001,0,100.0,2035.0,12288.0,15504219384,16119670615,17166524,18008675,955582,0,0,0,0,0,0,0,0,0,0,0,0,705,79,3,2,0,0,0,0,0,0,0,0,0
1779257480.0445805,g11.hpc.coe,43337,0.5001,0,100.0,2035.0,12288.0,15518100038,16133572952,17180495,18022667,960080,0,0,0,0,0,0,0,0,0,0,0,0,13880654,13902337,13971,13992,4498,0,0,0,0,0,0,0,0
1779257480.5446734,g11.hpc.coe,43337,0.5001,0,100.0,2035.0,12288.0,15538920336,16154407553,17201426,18043615,960099,0,0,0,0,0,0,0,0,0,0,0,0,20820298,20834601,20931,20948,19,0,0,0,0,0,0,0,0
1779257481.0447664,g11.hpc.coe,43337,0.5001,0,100.0,2035.0,12288.0,15538921179,16154407632,17201429,18043617,960099,0,0,0,0,0,0,0,0,0,0,0,0,843,79,3,2,0,0,0,0,0,0,0,0,0
1779257481.5448594,g11.hpc.coe,43337,0.5001,0,100.0,2035.0,12288.0,15538922064,16154407711,17201432,18043619,960099,0,0,0,0,0,0,0,0,0,0,0,0,885,79,3,2,0,0,0,0,0,0,0,0,0
1779257482.0449526,g11.hpc.coe,43337,0.5001,0,100.0,2035.0,12288.0,15538922992,16154407790,17201435,18043621,960099,0,0,0,0,0,0,0,0,0,0,0,0,928,79,3,2,0,0,0,0,0,0,0,0,0
1779257482.545043,g11.hpc.coe,43337,0.5001,0,100.0,2035.0,12288.0,15538923962,16154407869,17201438,18043623,960099,0,0,0,0,0,0,0,0,0,0,0,0,970,79,3,2,0,0,0,0,0,0,0,0,0
1779257483.0451376,g11.hpc.coe,43337,0.5001,0,100.0,2035.0,12288.0,15538924975,16154407948,17201441,18043625,960099,0,0,0,0,0,0,0,0,0,0,0,0,1013,79,3,2,0,0,0,0,0,0,0,0,0
1779257483.5452287,g11.hpc.coe,43337,0.5001,0,100.0,2035.0,12288.0,15538926030,16154408027,17201444,18043627,960099,0,0,0,0,0,0,0,0,0,0,0,0,1055,79,3,2,0,0,0,0,0,0,0,0,0
1779257484.045321,g11.hpc.coe,43337,0.5001,0,100.0,2035.0,12288.0,15546557167,16162053035,17209178,18051378,960106,0,0,0,0,0,0,0,0,0,0,0,0,7631137,7645008,7734,7751,7,0,0,0,0,0,0,0,0
1779257484.545412,g11.hpc.coe,43337,0.5001,0,100.0,2035.0,12288.0,15573627622,16189144840,17236340,18078556,960130,0,0,0,0,0,0,0,0,0,0,0,0,27070455,27091805,27162,27178,24,0,0,0,0,0,0,0,0
1779257485.045506,g11.hpc.coe,43337,0.5001,0,100.0,2035.0,12288.0,15573627767,16189144897,17236342,18078557,960130,0,0,0,0,0,0,0,0,0,0,0,0,145,57,2,1,0,0,0,0,0,0,0,0,0
1779257485.545616,g11.hpc.coe,43337,0.5001,0,100.0,2035.0,12288.0,15573628032,16189145009,17236346,18078559,960130,0,0,0,0,0,0,0,0,0,0,0,0,265,112,4,2,0,0,0,0,0,0,0,0,0
1779257486.0457125,g11.hpc.coe,43337,0.5001,0,100.0,2035.0,12288.0,15573628262,16189145066,17236348,18078560,960130,0,0,0,0,0,0,0,0,0,0,0,0,230,57,2,1,0,0,0,0,0,0,0,0,0
1779257486.545807,g11.hpc.coe,43337,0.5001,0,100.0,2035.0,12288.0,15573628535,16189145123,17236350,18078561,960130,0,0,0,0,0,0,0,0,0,0,0,0,273,57,2,1,0,0,0,0,0,0,0,0,0
1779257487.0458977,g11.hpc.coe,43337,0.5001,0,100.0,2035.0,12288.0,15573628850,16189145180,17236352,18078562,960130,0,0,0,0,0,0,0,0,0,0,0,0,315,57,2,1,0,0,0,0,0,0,0,0,0
1779257487.5459902,g11.hpc.coe,43337,0.5001,0,100.0,2035.0,12288.0,15573629207,16189145237,17236354,18078563,960130,0,0,0,0,0,0,0,0,0,0,0,0,357,57,2,1,0,0,0,0,0,0,0,0,0
1779257488.0460832,g11.hpc.coe,43337,0.5001,0,100.0,2035.0,12288.0,15580570237,16196100654,17243358,18085575,960133,0,0,0,0,0,0,0,0,0,0,0,0,6941030,6955417,7004,7012,3,0,0,0,0,0,0,0,0
1779257488.5461748,g11.hpc.coe,43337,0.5001,0,100.0,2035.0,12288.0,15608329967,16223882537,17271261,18113510,960327,0,0,0,0,0,0,0,0,0,0,0,0,27759730,27781883,27903,27935,194,0,0,0,0,0,0,0,0
1779257489.0462675,g11.hpc.coe,43337,0.5001,0,100.0,2035.0,12288.0,15608330461,16223882594,17271263,18113511,960327,0,0,0,0,0,0,0,0,0,0,0,0,494,57,2,1,0,0,0,0,0,0,0,0,0
1779257489.5463598,g11.hpc.coe,43337,0.5001,0,100.0,2035.0,12288.0,15608330997,16223882651,17271265,18113512,960327,0,0,0,0,0,0,0,0,0,0,0,0,536,57,2,1,0,0,0,0,0,0,0,0,0
1779257490.0464501,g11.hpc.coe,43337,0.5001,0,100.0,2035.0,12288.0,15608331598,16223882730,17271268,18113514,960327,0,0,0,0,0,0,0,0,0,0,0,0,601,79,3,2,0,0,0,0,0,0,0,0,0
1779257490.5465415,g11.hpc.coe,43337,0.5001,0,100.0,2035.0,12288.0,15608332318,16223882864,17271273,18113517,960327,0,0,0,0,0,0,0,0,0,0,0,0,720,134,5,3,0,0,0,0,0,0,0,0,0
1779257491.0466323,g11.hpc.coe,43337,0.5001,0,100.0,2035.0,12288.0,15608333004,16223882943,17271276,18113519,960327,0,0,0,0,0,0,0,0,0,0,0,0,686,79,3,2,0,0,0,0,0,0,0,0,0
1779257491.5467265,g11.hpc.coe,43337,0.5001,0,100.0,2035.0,12288.0,15608333733,16223883022,17271279,18113521,960327,0,0,0,0,0,0,0,0,0,0,0,0,729,79,3,2,0,0,0,0,0,0,0,0,0
1779257492.0468173,g11.hpc.coe,43337,0.5001,0,100.0,2035.0,12288.0,15609024692,16224580685,17272039,18114285,960328,0,0,0,0,0,0,0,0,0,0,0,0,690959,697663,760,764,1,0,0,0,0,0,0,0,0
1779257492.5469089,g11.hpc.coe,43337,0.5001,0,100.0,2035.0,12288.0,15643034654,16258619856,17306177,18148453,962931,0,0,0,0,0,0,0,0,0,0,0,0,34009962,34039171,34138,34168,2603,0,0,0,0,0,0,0,0
1779257493.0470004,g11.hpc.coe,43337,0.5001,0,100.0,2035.0,12288.0,15643035518,16258619935,17306180,18148455,962931,0,0,0,0,0,0,0,0,0,0,0,0,864,79,3,2,0,0,0,0,0,0,0,0,0
1779257493.547093,g11.hpc.coe,43337,0.5001,0,100.0,2035.0,12288.0,15643036425,16258620014,17306183,18148457,962931,0,0,0,0,0,0,0,0,0,0,0,0,907,79,3,2,0,0,0,0,0,0,0,0,0
1779257494.0471857,g11.hpc.coe,43337,0.5001,0,100.0,2035.0,12288.0,15643037374,16258620093,17306186,18148459,962931,0,0,0,0,0,0,0,0,0,0,0,0,949,79,3,2,0,0,0,0,0,0,0,0,0
1779257494.5472765,g11.hpc.coe,43337,0.5001,0,100.0,2035.0,12288.0,15643038366,16258620172,17306189,18148461,962931,0,0,0,0,0,0,0,0,0,0,0,0,992,79,3,2,0,0,0,0,0,0,0,0,0
1779257495.04737,g11.hpc.coe,43337,0.5001,0,100.0,2035.0,12288.0,15643039400,16258620251,17306192,18148463,962931,0,0,0,0,0,0,0,0,0,0,0,0,1034,79,3,2,0,0,0,0,0,0,0,0,0
1779257495.547477,g11.hpc.coe,43337,0.5001,0,100.0,2035.0,12288.0,15643040575,16258620385,17306198,18148466,962931,0,0,0,0,0,0,0,0,0,0,0,0,1175,134,6,3,0,0,0,0,0,0,0,0,0
1779257496.0475688,g11.hpc.coe,43337,0.5001,0,100.0,2035.0,12288.0,15643041867,16258628025,17306210,18148483,962931,0,0,0,0,0,0,0,0,0,0,0,0,1292,7640,12,17,0,0,0,0,0,0,0,0,0
1779257496.547662,g11.hpc.coe,43337,0.5001,0,100.0,2035.0,12288.0,15677742270,16293357261,17341103,18183404,962956,0,0,0,0,0,0,0,0,0,0,0,0,34700403,34729236,34893,34921,25,0,0,0,0,0,0,0,0
1779257497.047754,g11.hpc.coe,43337,0.5001,0,100.0,2035.0,12288.0,15677742434,16293357318,17341105,18183405,962956,0,0,0,0,0,0,0,0,0,0,0,0,164,57,2,1,0,0,0,0,0,0,0,0,0
1779257497.5478451,g11.hpc.coe,43337,0.5001,0,100.0,2035.0,12288.0,15677742640,16293357375,17341107,18183406,962956,0,0,0,0,0,0,0,0,0,0,0,0,206,57,2,1,0,0,0,0,0,0,0,0,0
1779257498.047939,g11.hpc.coe,43337,0.5001,0,100.0,2035.0,12288.0,15677742889,16293357432,17341109,18183407,962956,0,0,0,0,0,0,0,0,0,0,0,0,249,57,2,1,0,0,0,0,0,0,0,0,0
1779257498.5480316,g11.hpc.coe,43337,0.5001,0,100.0,2035.0,12288.0,15677743180,16293357489,17341111,18183408,962956,0,0,0,0,0,0,0,0,0,0,0,0,291,57,2,1,0,0,0,0,0,0,0,0,0
1779257499.0481253,g11.hpc.coe,43337,0.5001,0,100.0,2035.0,12288.0,15677743514,16293357546,17341113,18183409,962956,0,0,0,0,0,0,0,0,0,0,0,0,334,57,2,1,0,0,0,0,0,0,0,0,0
1779257499.5482175,g11.hpc.coe,43337,0.5001,0,100.0,2035.0,12288.0,15677743890,16293357603,17341115,18183410,962956,0,0,0,0,0,0,0,0,0,0,0,0,376,57,2,1,0,0,0,0,0,0,0,0,0
1779257500.048308,g11.hpc.coe,43337,0.5001,0,100.0,2035.0,12288.0,15677744309,16293357660,17341117,18183411,962956,0,0,0,0,0,0,0,0,0,0,0,0,419,57,2,1,0,0,0,0,0,0,0,0,0
1779257500.5484273,g11.hpc.coe,43337,0.5001,0,100.0,2035.0,12288.0,15712444159,16328094497,17376012,18218348,963171,0,0,0,0,0,0,0,0,0,0,0,0,34699850,34736837,34895,34937,215,0,0,0,0,0,0,0,0
1779257501.0485187,g11.hpc.coe,43337,0.5001,0,100.0,2035.0,12288.0,15712444690,16328094554,17376015,18218349,963171,0,0,0,0,0,0,0,0,0,0,0,0,531,57,3,1,0,0,0,0,0,0,0,0,0
1779257501.5486112,g11.hpc.coe,43337,0.5001,0,100.0,2035.0,12288.0,15712445263,16328094633,17376018,18218351,963171,0,0,0,0,0,0,0,0,0,0,0,0,573,79,3,2,0,0,0,0,0,0,0,0,0
1779257502.0487034,g11.hpc.coe,43337,0.5001,0,100.0,2035.0,12288.0,15712445879,16328094712,17376021,18218353,963171,0,0,0,0,0,0,0,0,0,0,0,0,616,79,3,2,0,0,0,0,0,0,0,0,0
1779257502.548795,g11.hpc.coe,43337,0.5001,0,100.0,2035.0,12288.0,15712446537,16328094791,17376024,18218355,963171,0,0,0,0,0,0,0,0,0,0,0,0,658,79,3,2,0,0,0,0,0,0,0,0,0
1779257503.0488865,g11.hpc.coe,43337,0.5001,0,100.0,2035.0,12288.0,15712448095,16328095572,17376046,18218370,963171,0,0,0,0,0,0,0,0,0,0,0,0,1558,781,22,15,0,0,0,0,0,0,0,0,0
1779257503.548979,g11.hpc.coe,43337,0.5001,0,100.0,2035.0,12288.0,15712448861,16328095651,17376050,18218372,963171,0,0,0,0,0,0,0,0,0,0,0,0,766,79,4,2,0,0,0,0,0,0,0,0,0
1779257504.0490713,g11.hpc.coe,43337,0.5001,0,100.0,2035.0,12288.0,15712449647,16328095730,17376053,18218374,963171,0,0,0,0,0,0,0,0,0,0,0,0,786,79,3,2,0,0,0,0,0,0,0,0,0
1779257504.549164,g11.hpc.coe,43337,0.5001,0,100.0,2035.0,12288.0,15740900064,16356582703,17404717,18247076,963190,0,0,0,0,0,0,0,0,0,0,0,0,28450417,28486973,28664,28702,19,0,0,0,0,0,0,0,0
1779257505.0492568,g11.hpc.coe,43337,0.5001,0,100.0,2035.0,12288.0,15747150623,16362832529,17410942,18253301,965008,0,0,0,0,0,0,0,0,0,0,0,0,6250559,6249826,6225,6225,1818,0,0,0,0,0,0,0,0
1779257505.549352,g11.hpc.coe,43337,0.5001,0,100.0,2035.0,12288.0,15747151546,16362832608,17410945,18253303,965008,0,0,0,0,0,0,0,0,0,0,0,0,923,79,3,2,0,0,0,0,0,0,0,0,0
1779257506.0494425,g11.hpc.coe,43337,0.5001,0,100.0,2035.0,12288.0,15747152588,16362832742,17410950,18253306,965008,0,0,0,0,0,0,0,0,0,0,0,0,1042,134,5,3,0,0,0,0,0,0,0,0,0
1779257506.549538,g11.hpc.coe,43337,0.5001,0,100.0,2035.0,12288.0,15747153596,16362832821,17410953,18253308,965008,0,0,0,0,0,0,0,0,0,0,0,0,1008,79,3,2,0,0,0,0,0,0,0,0,0
1779257507.0496309,g11.hpc.coe,43337,0.5001,0,100.0,2035.0,12288.0,15747154647,16362832900,17410956,18253310,965008,0,0,0,0,0,0,0,0,0,0,0,0,1051,79,3,2,0,0,0,0,0,0,0,0,0
1779257507.5497248,g11.hpc.coe,43337,0.5001,0,100.0,2035.0,12288.0,15747155762,16362832979,17410960,18253312,965008,0,0,0,0,0,0,0,0,0,0,0,0,1115,79,4,2,0,0,0,0,0,0,0,0,0
1779257508.0498161,g11.hpc.coe,43337,0.5001,0,100.0,2035.0,12288.0,15747156920,16362833058,17410964,18253314,965008,0,0,0,0,0,0,0,0,0,0,0,0,1158,79,4,2,0,0,0,0,0,0,0,0,0
1779257508.5499098,g11.hpc.coe,43337,0.5001,0,100.0,2035.0,12288.0,15774916653,16390630028,17438885,18281274,965039,0,0,0,0,0,0,0,0,0,0,0,0,27759733,27796970,27921,27960,31,0,0,0,0,0,0,0,0
1779257509.0500026,g11.hpc.coe,43337,0.5001,0,100.0,2035.0,12288.0,15781856525,16397569848,17445854,18288244,965059,0,0,0,0,0,0,0,0,0,0,0,0,6939872,6939820,6969,6970,20,0,0,0,0,0,0,0,0
1779257509.550094,g11.hpc.coe,43337,0.5001,0,100.0,2035.0,12288.0,15781856752,16397569905,17445856,18288245,965059,0,0,0,0,0,0,0,0,0,0,0,0,227,57,2,1,0,0,0,0,0,0,0,0,0
1779257510.0501862,g11.hpc.coe,43337,0.5001,0,100.0,2035.0,12288.0,15781857021,16397569962,17445858,18288246,965059,0,0,0,0,0,0,0,0,0,0,0,0,269,57,2,1,0,0,0,0,0,0,0,0,0
1779257510.5502765,g11.hpc.coe,43337,0.5001,0,100.0,2035.0,12288.0,15781857333,16397570019,17445860,18288247,965059,0,0,0,0,0,0,0,0,0,0,0,0,312,57,2,1,0,0,0,0,0,0,0,0,0
1779257511.0503685,g11.hpc.coe,43337,0.5001,0,100.0,2035.0,12288.0,15781857764,16397570131,17445864,18288249,965059,0,0,0,0,0,0,0,0,0,0,0,0,431,112,4,2,0,0,0,0,0,0,0,0,0
1779257511.5504594,g11.hpc.coe,43337,0.5001,0,100.0,2035.0,12288.0,15781858161,16397570188,17445866,18288250,965059,0,0,0,0,0,0,0,0,0,0,0,0,397,57,2,1,0,0,0,0,0,0,0,0,0
1779257512.0505514,g11.hpc.coe,43337,0.5001,0,100.0,2035.0,12288.0,15781858600,16397570245,17445868,18288251,965059,0,0,0,0,0,0,0,0,0,0,0,0,439,57,2,1,0,0,0,0,0,0,0,0,0
1779257512.5506446,g11.hpc.coe,43337,0.5001,0,100.0,2035.0,12288.0,15804935727,16421520060,17470169,18312795,967668,0,0,0,0,0,0,0,0,0,0,0,0,23077127,23949815,24301,24544,2609,0,0,0,0,0,0,0,0
1779257513.0507355,g11.hpc.coe,43337,0.5001,0,100.0,2035.0,12288.0,15816558890,16432307000,17480756,18323176,968160,0,0,0,0,0,0,0,0,0,0,0,0,11623163,10786940,10587,10381,492,0,0,0,0,0,0,0,0
1779257513.5508301,g11.hpc.coe,43337,0.5001,0,100.0,2035.0,12288.0,15816559490,16432307079,17480759,18323178,968160,0,0,0,0,0,0,0,0,0,0,0,0,600,79,3,2,0,0,0,0,0,0,0,0,0
1779257514.050925,g11.hpc.coe,43337,0.5001,0,100.0,2035.0,12288.0,15816560132,16432307158,17480762,18323180,968160,0,0,0,0,0,0,0,0,0,0,0,0,642,79,3,2,0,0,0,0,0,0,0,0,0
1779257514.5510194,g11.hpc.coe,43337,0.5001,0,100.0,2035.0,12288.0,15816560816,16432307237,17480765,18323182,968160,0,0,0,0,0,0,0,0,0,0,0,0,684,79,3,2,0,0,0,0,0,0,0,0,0
1779257515.0511096,g11.hpc.coe,43337,0.5001,0,100.0,2035.0,12288.0,15816561543,16432307316,17480768,18323184,968160,0,0,0,0,0,0,0,0,0,0,0,0,727,79,3,2,0,0,0,0,0,0,0,0,0
1779257515.5512002,g11.hpc.coe,43337,0.5001,0,100.0,2035.0,12288.0,15816562312,16432307395,17480771,18323186,968160,0,0,0,0,0,0,0,0,0,0,0,0,769,79,3,2,0,0,0,0,0,0,0,0,0
1779257516.0512934,g11.hpc.coe,43337,0.5001,0,100.0,2035.0,12288.0,15816563201,16432307529,17480776,18323189,968160,0,0,0,0,0,0,0,0,0,0,0,0,889,134,5,3,0,0,0,0,0,0,0,0,0
1779257516.5513864,g11.hpc.coe,43337,0.5001,0,100.0,2035.0,12288.0,15837600277,16453693285,17502402,18344907,968182,0,0,0,0,0,0,0,0,0,0,0,0,21037076,21385756,21626,21718,22,0,0,0,0,0,0,0,0
1779257517.0514796,g11.hpc.coe,43337,0.5001,0,100.0,2035.0,12288.0,15851264257,16467044314,17515669,18358114,968190,0,0,0,0,0,0,0,0,0,0,0,0,13663980,13351029,13267,13207,8,0,0,0,0,0,0,0,0
1779257517.5515704,g11.hpc.coe,43337,0.5001,0,100.0,2035.0,12288.0,15851265206,16467044393,17515672,18358116,968190,0,0,0,0,0,0,0,0,0,0,0,0,949,79,3,2,0,0,0,0,0,0,0,0,0
1779257518.051661,g11.hpc.coe,43337,0.5001,0,100.0,2035.0,12288.0,15851266799,16467044919,17515689,18358126,968190,0,0,0,0,0,0,0,0,0,0,0,0,1593,526,17,10,0,0,0,0,0,0,0,0,0
1779257518.5517552,g11.hpc.coe,43337,0.5001,0,100.0,2035.0,12288.0,15851267834,16467044998,17515692,18358128,968190,0,0,0,0,0,0,0,0,0,0,0,0,1035,79,3,2,0,0,0,0,0,0,0,0,0
1779257519.0518534,g11.hpc.coe,43337,0.5001,0,100.0,2035.0,12288.0,15851268934,16467045077,17515696,18358130,968190,0,0,0,0,0,0,0,0,0,0,0,0,1100,79,4,2,0,0,0,0,0,0,0,0,0
1779257519.5519476,g11.hpc.coe,43337,0.5001,0,100.0,2035.0,12288.0,15851270077,16467045156,17515700,18358132,968190,0,0,0,0,0,0,0,0,0,0,0,0,1143,79,4,2,0,0,0,0,0,0,0,0,0
1779257520.0520391,g11.hpc.coe,43337,0.5001,0,100.0,2035.0,12288.0,15851271262,16467045235,17515704,18358134,968190,0,0,0,0,0,0,0,0,0,0,0,0,1185,79,4,2,0,0,0,0,0,0,0,0,0
1779257520.5521336,g11.hpc.coe,43337,0.5001,0,100.0,2035.0,12288.0,15872091172,16487894860,17536649,18379107,970494,0,0,0,0,0,0,0,0,0,0,0,0,20819910,20849625,20945,20973,2304,0,0,0,0,0,0,0,0
1779257521.0522249,g11.hpc.coe,43337,0.5001,0,100.0,2035.0,12288.0,15885970998,16501782101,17550598,18393068,970506,0,0,0,0,0,0,0,0,0,0,0,0,13879826,13887241,13949,13961,12,0,0,0,0,0,0,0,0
1779257521.5523195,g11.hpc.coe,43337,0.5001,0,100.0,2035.0,12288.0,15885971276,16501782158,17550601,18393069,970506,0,0,0,0,0,0,0,0,0,0,0,0,278,57,3,1,0,0,0,0,0,0,0,0,0
1779257522.052411,g11.hpc.coe,43337,0.5001,0,100.0,2035.0,12288.0,15885971574,16501782215,17550603,18393070,970506,0,0,0,0,0,0,0,0,0,0,0,0,298,57,2,1,0,0,0,0,0,0,0,0,0
1779257522.552502,g11.hpc.coe,43337,0.5001,0,100.0,2035.0,12288.0,15885971914,16501782272,17550605,18393071,970506,0,0,0,0,0,0,0,0,0,0,0,0,340,57,2,1,0,0,0,0,0,0,0,0,0
1779257523.0525935,g11.hpc.coe,43337,0.5001,0,100.0,2035.0,12288.0,15885972297,16501782329,17550607,18393072,970506,0,0,0,0,0,0,0,0,0,0,0,0,383,57,2,1,0,0,0,0,0,0,0,0,0
1779257523.552687,g11.hpc.coe,43337,0.5001,0,100.0,2035.0,12288.0,15885972722,16501782386,17550609,18393073,970506,0,0,0,0,0,0,0,0,0,0,0,0,425,57,2,1,0,0,0,0,0,0,0,0,0
1779257524.0527775,g11.hpc.coe,43337,0.5001,0,100.0,2035.0,12288.0,15885973189,16501782443,17550611,18393074,970506,0,0,0,0,0,0,0,0,0,0,0,0,467,57,2,1,0,0,0,0,0,0,0,0,0
1779257524.5528698,g11.hpc.coe,43337,0.5001,0,100.0,2035.0,12288.0,15900543643,16516374767,17565330,18407810,970526,0,0,0,0,0,0,0,0,0,0,0,0,14570454,14592324,14719,14736,20,0,0,0,0,0,0,0,0
1779257525.0529628,g11.hpc.coe,43337,0.5001,0,100.0,2035.0,12288.0,15920673591,16536519283,17585505,18428009,970540,0,0,0,0,0,0,0,0,0,0,0,0,20129948,20144516,20175,20199,14,0,0,0,0,0,0,0,0
1779257525.5530536,g11.hpc.coe,43337,0.5001,0,100.0,2035.0,12288.0,15920674218,16536519362,17585508,18428011,970540,0,0,0,0,0,0,0,0,0,0,0,0,627,79,3,2,0,0,0,0,0,0,0,0,0
1779257526.0531454,g11.hpc.coe,43337,0.5001,0,100.0,2035.0,12288.0,15920674887,16536519441,17585511,18428013,970540,0,0,0,0,0,0,0,0,0,0,0,0,669,79,3,2,0,0,0,0,0,0,0,0,0
1779257526.5532372,g11.hpc.coe,43337,0.5001,0,100.0,2035.0,12288.0,15920675676,16536519575,17585516,18428016,970540,0,0,0,0,0,0,0,0,0,0,0,0,789,134,5,3,0,0,0,0,0,0,0,0,0
1779257527.0533292,g11.hpc.coe,43337,0.5001,0,100.0,2035.0,12288.0,15920676431,16536519654,17585519,18428018,970540,0,0,0,0,0,0,0,0,0,0,0,0,755,79,3,2,0,0,0,0,0,0,0,0,0
1779257527.5534217,g11.hpc.coe,43337,0.5001,0,100.0,2035.0,12288.0,15920677228,16536519733,17585522,18428020,970540,0,0,0,0,0,0,0,0,0,0,0,0,797,79,3,2,0,0,0,0,0,0,0,0,0
1779257528.0535157,g11.hpc.coe,43337,0.5001,0,100.0,2035.0,12288.0,15920678068,16536519812,17585525,18428022,970540,0,0,0,0,0,0,0,0,0,0,0,0,840,79,3,2,0,0,0,0,0,0,0,0,0
1779257528.553608,g11.hpc.coe,43337,0.5001,0,100.0,2035.0,12288.0,15934558801,16550422156,17599488,18442015,973466,0,0,0,0,0,0,0,0,0,0,0,0,13880733,13902344,13963,13993,2926,0,0,0,0,0,0,0,0
1779257529.053699,g11.hpc.coe,43337,0.5001,0,100.0,2035.0,12288.0,15955379165,16571256709,17620416,18462963,973490,0,0,0,0,0,0,0,0,0,0,0,0,20820364,20834553,20928,20948,24,0,0,0,0,0,0,0,0
1779257529.5537987,g11.hpc.coe,43337,0.5001,0,100.0,2035.0,12288.0,15955380142,16571256788,17620419,18462965,973490,0,0,0,0,0,0,0,0,0,0,0,0,977,79,3,2,0,0,0,0,0,0,0,0,0
1779257530.053893,g11.hpc.coe,43337,0.5001,0,100.0,2035.0,12288.0,15955381162,16571256867,17620422,18462967,973490,0,0,0,0,0,0,0,0,0,0,0,0,1020,79,3,2,0,0,0,0,0,0,0,0,0
1779257530.553987,g11.hpc.coe,43337,0.5001,0,100.0,2035.0,12288.0,15955382224,16571256946,17620425,18462969,973490,0,0,0,0,0,0,0,0,0,0,0,0,1062,79,3,2,0,0,0,0,0,0,0,0,0
1779257531.054081,g11.hpc.coe,43337,0.5001,0,100.0,2035.0,12288.0,15955383351,16571257025,17620429,18462971,973490,0,0,0,0,0,0,0,0,0,0,0,0,1127,79,4,2,0,0,0,0,0,0,0,0,0
1779257531.5541742,g11.hpc.coe,43337,0.5001,0,100.0,2035.0,12288.0,15955384597,16571257159,17620435,18462974,973490,0,0,0,0,0,0,0,0,0,0,0,0,1246,134,6,3,0,0,0,0,0,0,0,0,0
1779257532.0542705,g11.hpc.coe,43337,0.5001,0,100.0,2035.0,12288.0,15955384741,16571257216,17620437,18462975,973490,0,0,0,0,0,0,0,0,0,0,0,0,144,57,2,1,0,0,0,0,0,0,0,0,0
1779257532.5543616,g11.hpc.coe,43337,0.5001,0,100.0,2035.0,12288.0,15963014945,16578902188,17628169,18470723,973492,0,0,0,0,0,0,0,0,0,0,0,0,7630204,7644972,7732,7748,2,0,0,0,0,0,0,0,0
1779257533.0544548,g11.hpc.coe,43337,0.5001,0,100.0,2035.0,12288.0,15990085033,16605994425,17655338,18497909,975298,0,0,0,0,0,0,0,0,0,0,0,0,27070088,27092237,27169,27186,1806,0,0,0,0,0,0,0,0
1779257533.5545478,g11.hpc.coe,43337,0.5001,0,100.0,2035.0,12288.0,15990085314,16605994482,17655340,18497910,975298,0,0,0,0,0,0,0,0,0,0,0,0,281,57,2,1,0,0,0,0,0,0,0,0,0
1779257534.0546389,g11.hpc.coe,43337,0.5001,0,100.0,2035.0,12288.0,15990085637,16605994539,17655342,18497911,975298,0,0,0,0,0,0,0,0,0,0,0,0,323,57,2,1,0,0,0,0,0,0,0,0,0
1779257534.554731,g11.hpc.coe,43337,0.5001,0,100.0,2035.0,12288.0,15990086003,16605994596,17655344,18497912,975298,0,0,0,0,0,0,0,0,0,0,0,0,366,57,2,1,0,0,0,0,0,0,0,0,0
1779257535.054826,g11.hpc.coe,43337,0.5001,0,100.0,2035.0,12288.0,15990086411,16605994653,17655346,18497913,975298,0,0,0,0,0,0,0,0,0,0,0,0,408,57,2,1,0,0,0,0,0,0,0,0,0
1779257535.554918,g11.hpc.coe,43337,0.5001,0,100.0,2035.0,12288.0,15990086861,16605994710,17655348,18497914,975298,0,0,0,0,0,0,0,0,0,0,0,0,450,57,2,1,0,0,0,0,0,0,0,0,0
1779257536.0550106,g11.hpc.coe,43337,0.5001,0,100.0,2035.0,12288.0,15990087354,16605994767,17655350,18497915,975298,0,0,0,0,0,0,0,0,0,0,0,0,493,57,2,1,0,0,0,0,0,0,0,0,0
1779257536.5551035,g11.hpc.coe,43337,0.5001,0,100.0,2035.0,12288.0,15997027974,16612949764,17662339,18504916,975397,0,0,0,0,0,0,0,0,0,0,0,0,6940620,6954997,6989,7001,99,0,0,0,0,0,0,0,0
1779257537.0551944,g11.hpc.coe,43337,0.5001,0,100.0,2035.0,12288.0,16024787897,16640731634,17690248,18532847,975436,0,0,0,0,0,0,0,0,0,0,0,0,27759923,27781870,27909,27931,39,0,0,0,0,0,0,0,0
1779257537.5552886,g11.hpc.coe,43337,0.5001,0,100.0,2035.0,12288.0,16024788548,16640731713,17690251,18532849,975436,0,0,0,0,0,0,0,0,0,0,0,0,651,79,3,2,0,0,0,0,0,0,0,0,0
1779257538.0553806,g11.hpc.coe,43337,0.5001,0,100.0,2035.0,12288.0,16024789242,16640731792,17690254,18532851,975436,0,0,0,0,0,0,0,0,0,0,0,0,694,79,3,2,0,0,0,0,0,0,0,0,0
1779257538.555475,g11.hpc.coe,43337,0.5001,0,100.0,2035.0,12288.0,16024789978,16640731871,17690257,18532853,975436,0,0,0,0,0,0,0,0,0,0,0,0,736,79,3,2,0,0,0,0,0,0,0,0,0
1779257539.055567,g11.hpc.coe,43337,0.5001,0,100.0,2035.0,12288.0,16024790756,16640731950,17690260,18532855,975436,0,0,0,0,0,0,0,0,0,0,0,0,778,79,3,2,0,0,0,0,0,0,0,0,0
1779257539.5556624,g11.hpc.coe,43337,0.5001,0,100.0,2035.0,12288.0,16024791577,16640732029,17690263,18532857,975436,0,0,0,0,0,0,0,0,0,0,0,0,821,79,3,2,0,0,0,0,0,0,0,0,0
1779257540.0557537,g11.hpc.coe,43337,0.5001,0,100.0,2035.0,12288.0,16024792440,16640732108,17690266,18532859,975436,0,0,0,0,0,0,0,0,0,0,0,0,863,79,3,2,0,0,0,0,0,0,0,0,0
1779257540.5558465,g11.hpc.coe,43337,0.5001,0,100.0,2035.0,12288.0,16025483527,16641429771,17691025,18533623,975437,0,0,0,0,0,0,0,0,0,0,0,0,691087,697663,759,764,1,0,0,0,0,0,0,0,0
1779257541.0559375,g11.hpc.coe,43337,0.5001,0,100.0,2035.0,12288.0,16059493596,16675468956,17725159,18567793,975830,0,0,0,0,0,0,0,0,0,0,0,0,34010069,34039185,34134,34170,393,0,0,0,0,0,0,0,0
1779257541.5560305,g11.hpc.coe,43337,0.5001,0,100.0,2035.0,12288.0,16059494672,16675469090,17725164,18567796,975830,0,0,0,0,0,0,0,0,0,0,0,0,1076,134,5,3,0,0,0,0,0,0,0,0,0
1779257542.0561216,g11.hpc.coe,43337,0.5001,0,100.0,2035.0,12288.0,16059495714,16675469169,17725167,18567798,975830,0,0,0,0,0,0,0,0,0,0,0,0,1042,79,3,2,0,0,0,0,0,0,0,0,0
1779257542.5562143,g11.hpc.coe,43337,0.5001,0,100.0,2035.0,12288.0,16059496820,16675469248,17725171,18567800,975830,0,0,0,0,0,0,0,0,0,0,0,0,1106,79,4,2,0,0,0,0,0,0,0,0,0
1779257543.0563052,g11.hpc.coe,43337,0.5001,0,100.0,2035.0,12288.0,16059497969,16675469327,17725175,18567802,975830,0,0,0,0,0,0,0,0,0,0,0,0,1149,79,4,2,0,0,0,0,0,0,0,0,0
1779257543.5563984,g11.hpc.coe,43337,0.5001,0,100.0,2035.0,12288.0,16059498093,16675469384,17725177,18567803,975830,0,0,0,0,0,0,0,0,0,0,0,0,124,57,2,1,0,0,0,0,0,0,0,0,0
1779257544.056492,g11.hpc.coe,43337,0.5001,0,100.0,2035.0,12288.0,16059498259,16675469441,17725179,18567804,975830,0,0,0,0,0,0,0,0,0,0,0,0,166,57,2,1,0,0,0,0,0,0,0,0,0
1779257544.556583,g11.hpc.coe,43337,0.5001,0,100.0,2035.0,12288.0,16059498468,16675469498,17725181,18567805,975830,0,0,0,0,0,0,0,0,0,0,0,0,209,57,2,1,0,0,0,0,0,0,0,0,0
1779257545.056679,g11.hpc.coe,43337,0.5001,0,100.0,2035.0,12288.0,16073378605,16689371813,17739148,18581796,977072,0,0,0,0,0,0,0,0,0,0,0,0,13880137,13902315,13967,13991,1242,0,0,0,0,0,0,0,0
1779257545.556771,g11.hpc.coe,43337,0.5001,0,100.0,2035.0,12288.0,16094198359,16710206316,17760078,18602739,977090,0,0,0,0,0,0,0,0,0,0,0,0,20819754,20834503,20930,20943,18,0,0,0,0,0,0,0,0
1779257546.0568666,g11.hpc.coe,43337,0.5001,0,100.0,2035.0,12288.0,16094198705,16710206373,17760080,18602740,977090,0,0,0,0,0,0,0,0,0,0,0,0,346,57,2,1,0,0,0,0,0,0,0,0,0
1779257546.5569549,g11.hpc.coe,43337,0.5001,0,100.0,2035.0,12288.0,16094199093,16710206430,17760082,18602741,977090,0,0,0,0,0,0,0,0,0,0,0,0,388,57,2,1,0,0,0,0,0,0,0,0,0
1779257547.057044,g11.hpc.coe,43337,0.5001,0,100.0,2035.0,12288.0,16094199601,16710206542,17760086,18602743,977090,0,0,0,0,0,0,0,0,0,0,0,0,508,112,4,2,0,0,0,0,0,0,0,0,0
1779257547.557132,g11.hpc.coe,43337,0.5001,0,100.0,2035.0,12288.0,16094200074,16710206599,17760088,18602744,977090,0,0,0,0,0,0,0,0,0,0,0,0,473,57,2,1,0,0,0,0,0,0,0,0,0
1779257548.057221,g11.hpc.coe,43337,0.5001,0,100.0,2035.0,12288.0,16094201191,16710207103,17760104,18602753,977090,0,0,0,0,0,0,0,0,0,0,0,0,1117,504,16,9,0,0,0,0,0,0,0,0,0
1779257548.5573106,g11.hpc.coe,43337,0.5001,0,100.0,2035.0,12288.0,16094201772,16710207182,17760107,18602755,977090,0,0,0,0,0,0,0,0,0,0,0,0,581,79,3,2,0,0,0,0,0,0,0,0,0
1779257549.057399,g11.hpc.coe,43337,0.5001,0,100.0,2035.0,12288.0,16101832419,16717852134,17767841,18610498,977104,0,0,0,0,0,0,0,0,0,0,0,0,7630647,7644952,7734,7743,14,0,0,0,0,0,0,0,0
1779257549.557488,g11.hpc.coe,43337,0.5001,0,100.0,2035.0,12288.0,16128902363,16744943974,17795000,18637681,980232,0,0,0,0,0,0,0,0,0,0,0,0,27069944,27091840,27159,27183,3128,0,0,0,0,0,0,0,0
1779257550.0575783,g11.hpc.coe,43337,0.5001,0,100.0,2035.0,12288.0,16128903080,16744944053,17795003,18637683,980232,0,0,0,0,0,0,0,0,0,0,0,0,717,79,3,2,0,0,0,0,0,0,0,0,0
1779257550.5576696,g11.hpc.coe,43337,0.5001,0,100.0,2035.0,12288.0,16128903840,16744944132,17795006,18637685,980232,0,0,0,0,0,0,0,0,0,0,0,0,760,79,3,2,0,0,0,0,0,0,0,0,0
1779257551.0577576,g11.hpc.coe,43337,0.5001,0,100.0,2035.0,12288.0,16128904642,16744944211,17795009,18637687,980232,0,0,0,0,0,0,0,0,0,0,0,0,802,79,3,2,0,0,0,0,0,0,0,0,0
1779257551.5578475,g11.hpc.coe,43337,0.5001,0,100.0,2035.0,12288.0,16128905487,16744944290,17795012,18637689,980232,0,0,0,0,0,0,0,0,0,0,0,0,845,79,3,2,0,0,0,0,0,0,0,0,0
1779257552.057938,g11.hpc.coe,43337,0.5001,0,100.0,2035.0,12288.0,16128906451,16744944424,17795017,18637692,980232,0,0,0,0,0,0,0,0,0,0,0,0,964,134,5,3,0,0,0,0,0,0,0,0,0
1779257552.5580275,g11.hpc.coe,43337,0.5001,0,100.0,2035.0,12288.0,16128907381,16744944503,17795020,18637694,980232,0,0,0,0,0,0,0,0,0,0,0,0,930,79,3,2,0,0,0,0,0,0,0,0,0
1779257553.058118,g11.hpc.coe,43337,0.5001,0,100.0,2035.0,12288.0,16135848347,16751899460,17802006,18644694,980237,0,0,0,0,0,0,0,0,0,0,0,0,6940966,6954957,6986,7000,5,0,0,0,0,0,0,0,0
1779257553.5582066,g11.hpc.coe,43337,0.5001,0,100.0,2035.0,12288.0,16163608642,16779681316,17829909,18672623,980266,0,0,0,0,0,0,0,0,0,0,0,0,27760295,27781856,27903,27929,29,0,0,0,0,0,0,0,0
1779257554.058295,g11.hpc.coe,43337,0.5001,0,100.0,2035.0,12288.0,16163609730,16779681395,17829913,18672625,980266,0,0,0,0,0,0,0,0,0,0,0,0,1088,79,4,2,0,0,0,0,0,0,0,0,0
1779257554.5583837,g11.hpc.coe,43337,0.5001,0,100.0,2035.0,12288.0,16163610860,16779681474,17829917,18672627,980266,0,0,0,0,0,0,0,0,0,0,0,0,1130,79,4,2,0,0,0,0,0,0,0,0,0
1779257555.058471,g11.hpc.coe,43337,0.5001,0,100.0,2035.0,12288.0,16163612033,16779681553,17829921,18672629,980266,0,0,0,0,0,0,0,0,0,0,0,0,1173,79,4,2,0,0,0,0,0,0,0,0,0
1779257555.5585587,g11.hpc.coe,43337,0.5001,0,100.0,2035.0,12288.0,16163612180,16779681610,17829923,18672630,980266,0,0,0,0,0,0,0,0,0,0,0,0,147,57,2,1,0,0,0,0,0,0,0,0,0
1779257556.0586486,g11.hpc.coe,43337,0.5001,0,100.0,2035.0,12288.0,16163612370,16779681667,17829925,18672631,980266,0,0,0,0,0,0,0,0,0,0,0,0,190,57,2,1,0,0,0,0,0,0,0,0,0
1779257556.5587368,g11.hpc.coe,43337,0.5001,0,100.0,2035.0,12288.0,16163612602,16779681724,17829927,18672632,980266,0,0,0,0,0,0,0,0,0,0,0,0,232,57,2,1,0,0,0,0,0,0,0,0,0
1779257557.0588264,g11.hpc.coe,43337,0.5001,0,100.0,2035.0,12288.0,16164303121,16780379413,17830685,18673395,980266,0,0,0,0,0,0,0,0,0,0,0,0,690519,697689,758,763,0,0,0,0,0,0,0,0,0
1779257557.558914,g11.hpc.coe,43337,0.5001,0,100.0,2035.0,12288.0,16198312538,16814418625,17864815,18707571,982905,0,0,0,0,0,0,0,0,0,0,0,0,34009417,34039212,34130,34176,2639,0,0,0,0,0,0,0,0
1779257558.0590026,g11.hpc.coe,43337,0.5001,0,100.0,2035.0,12288.0,16198312906,16814418682,17864817,18707572,982905,0,0,0,0,0,0,0,0,0,0,0,0,368,57,2,1,0,0,0,0,0,0,0,0,0
1779257558.5590923,g11.hpc.coe,43337,0.5001,0,100.0,2035.0,12288.0,16198313316,16814418739,17864819,18707573,982905,0,0,0,0,0,0,0,0,0,0,0,0,410,57,2,1,0,0,0,0,0,0,0,0,0
1779257559.0591803,g11.hpc.coe,43337,0.5001,0,100.0,2035.0,12288.0,16198313769,16814418796,17864821,18707574,982905,0,0,0,0,0,0,0,0,0,0,0,0,453,57,2,1,0,0,0,0,0,0,0,0,0
1779257559.5592709,g11.hpc.coe,43337,0.5001,0,100.0,2035.0,12288.0,16198314264,16814418853,17864823,18707575,982905,0,0,0,0,0,0,0,0,0,0,0,0,495,57,2,1,0,0,0,0,0,0,0,0,0
1779257560.059358,g11.hpc.coe,43337,0.5001,0,100.0,2035.0,12288.0,16198314802,16814418910,17864825,18707576,982905,0,0,0,0,0,0,0,0,0,0,0,0,538,57,2,1,0,0,0,0,0,0,0,0,0
1779257560.55945,g11.hpc.coe,43337,0.5001,0,100.0,2035.0,12288.0,16198315404,16814418989,17864828,18707578,982905,0,0,0,0,0,0,0,0,0,0,0,0,602,79,3,2,0,0,0,0,0,0,0,0,0
1779257561.059552,g11.hpc.coe,43337,0.5001,0,100.0,2035.0,12288.0,16198489327,16814513339,17865111,18707799,982905,0,0,0,0,0,0,0,0,0,0,0,0,173923,94350,283,221,0,0,0,0,0,0,0,0,0
1779257561.559642,g11.hpc.coe,43337,0.5001,0,100.0,2035.0,12288.0,16233016064,16849155844,17899725,18742513,983052,0,0,0,0,0,0,0,0,0,0,0,0,34526737,34642505,34614,34714,147,0,0,0,0,0,0,0,0
1779257562.0597303,g11.hpc.coe,43337,0.5001,0,100.0,2035.0,12288.0,16233016877,16849155978,17899730,18742516,983052,0,0,0,0,0,0,0,0,0,0,0,0,813,134,5,3,0,0,0,0,0,0,0,0,0
1779257562.5598216,g11.hpc.coe,43337,0.5001,0,100.0,2035.0,12288.0,16233017656,16849156057,17899733,18742518,983052,0,0,0,0,0,0,0,0,0,0,0,0,779,79,3,2,0,0,0,0,0,0,0,0,0
1779257563.0599122,g11.hpc.coe,43337,0.5001,0,100.0,2035.0,12288.0,16233019336,16849156838,17899755,18742533,983052,0,0,0,0,0,0,0,0,0,0,0,0,1680,781,22,15,0,0,0,0,0,0,0,0,0
1779257563.560004,g11.hpc.coe,43337,0.5001,0,100.0,2035.0,12288.0,16233020223,16849156917,17899759,18742535,983052,0,0,0,0,0,0,0,0,0,0,0,0,887,79,4,2,0,0,0,0,0,0,0,0,0
1779257564.060093,g11.hpc.coe,43337,0.5001,0,100.0,2035.0,12288.0,16233021130,16849156996,17899762,18742537,983052,0,0,0,0,0,0,0,0,0,0,0,0,907,79,3,2,0,0,0,0,0,0,0,0,0
1779257564.5601795,g11.hpc.coe,43337,0.5001,0,100.0,2035.0,12288.0,16233022080,16849157075,17899765,18742539,983052,0,0,0,0,0,0,0,0,0,0,0,0,950,79,3,2,0,0,0,0,0,0,0,0,0
1779257565.060267,g11.hpc.coe,43337,0.5001,0,100.0,2035.0,12288.0,16233023072,16849157154,17899768,18742541,983052,0,0,0,0,0,0,0,0,0,0,0,0,992,79,3,2,0,0,0,0,0,0,0,0,0
1779257565.56036,g11.hpc.coe,43337,0.5001,0,100.0,2035.0,12288.0,16267723377,16883893909,17934654,18777471,983081,0,0,0,0,0,0,0,0,0,0,0,0,34700305,34736755,34886,34930,29,0,0,0,0,0,0,0,0
1779257566.0604513,g11.hpc.coe,43337,0.5001,0,100.0,2035.0,12288.0,16267724480,16883893988,17934658,18777473,983081,0,0,0,0,0,0,0,0,0,0,0,0,1103,79,4,2,0,0,0,0,0,0,0,0,0
1779257566.560542,g11.hpc.coe,43337,0.5001,0,100.0,2035.0,12288.0,16267725626,16883894067,17934662,18777475,983081,0,0,0,0,0,0,0,0,0,0,0,0,1146,79,4,2,0,0,0,0,0,0,0,0,0
1779257567.0606332,g11.hpc.coe,43337,0.5001,0,100.0,2035.0,12288.0,16267726815,16883894146,17934666,18777477,983081,0,0,0,0,0,0,0,0,0,0,0,0,1189,79,4,2,0,0,0,0,0,0,0,0,0
1779257567.5607204,g11.hpc.coe,43337,0.5001,0,100.0,2035.0,12288.0,16267727055,16883894258,17934670,18777479,983081,0,0,0,0,0,0,0,0,0,0,0,0,240,112,4,2,0,0,0,0,0,0,0,0,0
1779257568.0608084,g11.hpc.coe,43337,0.5001,0,100.0,2035.0,12288.0,16267727261,16883894315,17934672,18777480,983081,0,0,0,0,0,0,0,0,0,0,0,0,206,57,2,1,0,0,0,0,0,0,0,0,0
1779257568.5609024,g11.hpc.coe,43337,0.5001,0,100.0,2035.0,12288.0,16267727510,16883894372,17934674,18777481,983081,0,0,0,0,0,0,0,0,0,0,0,0,249,57,2,1,0,0,0,0,0,0,0,0,0
1779257569.0609965,g11.hpc.coe,43337,0.5001,0,100.0,2035.0,12288.0,16267727801,16883894429,17934676,18777482,983081,0,0,0,0,0,0,0,0,0,0,0,0,291,57,2,1,0,0,0,0,0,0,0,0,0
1779257569.5610864,g11.hpc.coe,43337,0.5001,0,100.0,2035.0,12288.0,16296177772,16912381436,17963346,18806191,983107,0,0,0,0,0,0,0,0,0,0,0,0,28449971,28487007,28670,28709,26,0,0,0,0,0,0,0,0
1779257570.0611768,g11.hpc.coe,43337,0.5001,0,100.0,2035.0,12288.0,16302427836,16918631247,17969570,18812416,984357,0,0,0,0,0,0,0,0,0,0,0,0,6250064,6249811,6224,6225,1250,0,0,0,0,0,0,0,0
1779257570.561266,g11.hpc.coe,43337,0.5001,0,100.0,2035.0,12288.0,16302428264,16918631304,17969572,18812417,984357,0,0,0,0,0,0,0,0,0,0,0,0,428,57,2,1,0,0,0,0,0,0,0,0,0
1779257571.0613556,g11.hpc.coe,43337,0.5001,0,100.0,2035.0,12288.0,16302428734,16918631361,17969574,18812418,984357,0,0,0,0,0,0,0,0,0,0,0,0,470,57,2,1,0,0,0,0,0,0,0,0,0
1779257571.5614438,g11.hpc.coe,43337,0.5001,0,100.0,2035.0,12288.0,16302429247,16918631418,17969576,18812419,984357,0,0,0,0,0,0,0,0,0,0,0,0,513,57,2,1,0,0,0,0,0,0,0,0,0
1779257572.061537,g11.hpc.coe,43337,0.5001,0,100.0,2035.0,12288.0,16302429824,16918631497,17969579,18812421,984357,0,0,0,0,0,0,0,0,0,0,0,0,577,79,3,2,0,0,0,0,0,0,0,0,0
1779257572.561626,g11.hpc.coe,43337,0.5001,0,100.0,2035.0,12288.0,16302430521,16918631631,17969584,18812424,984357,0,0,0,0,0,0,0,0,0,0,0,0,697,134,5,3,0,0,0,0,0,0,0,0,0
1779257573.0617187,g11.hpc.coe,43337,0.5001,0,100.0,2035.0,12288.0,16302431183,16918631710,17969587,18812426,984357,0,0,0,0,0,0,0,0,0,0,0,0,662,79,3,2,0,0,0,0,0,0,0,0,0
1779257573.5618114,g11.hpc.coe,43337,0.5001,0,100.0,2035.0,12288.0,16330191495,16946428779,17997510,18840398,984386,0,0,0,0,0,0,0,0,0,0,0,0,27760312,27797069,27923,27972,29,0,0,0,0,0,0,0,0
1779257574.0618987,g11.hpc.coe,43337,0.5001,0,100.0,2035.0,12288.0,16337131897,16953368593,18004474,18847365,984393,0,0,0,0,0,0,0,0,0,0,0,0,6940402,6939814,6964,6967,7,0,0,0,0,0,0,0,0
1779257574.5619886,g11.hpc.coe,43337,0.5001,0,100.0,2035.0,12288.0,16337132695,16953368672,18004477,18847367,984393,0,0,0,0,0,0,0,0,0,0,0,0,798,79,3,2,0,0,0,0,0,0,0,0,0
1779257575.0620785,g11.hpc.coe,43337,0.5001,0,100.0,2035.0,12288.0,16337133536,16953368751,18004480,18847369,984393,0,0,0,0,0,0,0,0,0,0,0,0,841,79,3,2,0,0,0,0,0,0,0,0,0
1779257575.5621681,g11.hpc.coe,43337,0.5001,0,100.0,2035.0,12288.0,16337134419,16953368830,18004483,18847371,984393,0,0,0,0,0,0,0,0,0,0,0,0,883,79,3,2,0,0,0,0,0,0,0,0,0
1779257576.06226,g11.hpc.coe,43337,0.5001,0,100.0,2035.0,12288.0,16337135345,16953368909,18004486,18847373,984393,0,0,0,0,0,0,0,0,0,0,0,0,926,79,3,2,0,0,0,0,0,0,0,0,0
1779257576.562349,g11.hpc.coe,43337,0.5001,0,100.0,2035.0,12288.0,16337136313,16953368988,18004489,18847375,984393,0,0,0,0,0,0,0,0,0,0,0,0,968,79,3,2,0,0,0,0,0,0,0,0,0
1779257577.0624366,g11.hpc.coe,43337,0.5001,0,100.0,2035.0,12288.0,16337137323,16953369067,18004492,18847377,984393,0,0,0,0,0,0,0,0,0,0,0,0,1010,79,3,2,0,0,0,0,0,0,0,0,0
1779257577.5625265,g11.hpc.coe,43337,0.5001,0,100.0,2035.0,12288.0,16358648177,16974908806,18026180,18869101,985546,0,0,0,0,0,0,0,0,0,0,0,0,21510854,21539739,21688,21724,1153,0,0,0,0,0,0,0,0
1779257578.062616,g11.hpc.coe,43337,0.5001,0,100.0,2035.0,12288.0,16371839455,16988106410,18039399,18882319,987356,0,0,0,0,0,0,0,0,0,0,0,0,13191278,13197604,13219,13218,1810,0,0,0,0,0,0,0,0
1779257578.5627048,g11.hpc.coe,43337,0.5001,0,100.0,2035.0,12288.0,16371840626,16988106489,18039403,18882321,987358,0,0,0,0,0,0,0,0,0,0,0,0,1171,79,4,2,2,0,0,0,0,0,0,0,0
1779257579.0627985,g11.hpc.coe,43337,0.5001,0,100.0,2035.0,12288.0,16371840771,16988106546,18039405,18882322,987358,0,0,0,0,0,0,0,0,0,0,0,0,145,57,2,1,0,0,0,0,0,0,0,0,0
1779257579.562887,g11.hpc.coe,43337,0.5001,0,100.0,2035.0,12288.0,16371840959,16988106603,18039407,18882323,987358,0,0,0,0,0,0,0,0,0,0,0,0,188,57,2,1,0,0,0,0,0,0,0,0,0
1779257580.0629752,g11.hpc.coe,43337,0.5001,0,100.0,2035.0,12288.0,16371841189,16988106660,18039409,18882324,987358,0,0,0,0,0,0,0,0,0,0,0,0,230,57,2,1,0,0,0,0,0,0,0,0,0
1779257580.5630627,g11.hpc.coe,43337,0.5001,0,100.0,2035.0,12288.0,16371841462,16988106717,18039411,18882325,987358,0,0,0,0,0,0,0,0,0,0,0,0,273,57,2,1,0,0,0,0,0,0,0,0,0
1779257581.0631523,g11.hpc.coe,43337,0.5001,0,100.0,2035.0,12288.0,16371841777,16988106774,18039413,18882326,987358,0,0,0,0,0,0,0,0,0,0,0,0,315,57,2,1,0,0,0,0,0,0,0,0,0
1779257581.5632415,g11.hpc.coe,43337,0.5001,0,100.0,2035.0,12288.0,16393351908,17009646464,18061105,18904052,987379,0,0,0,0,0,0,0,0,0,0,0,0,21510131,21539690,21692,21726,21,0,0,0,0,0,0,0,0
1779257582.063332,g11.hpc.coe,43337,0.5001,0,100.0,2035.0,12288.0,16406541895,17022843585,18074312,18917259,987390,0,0,0,0,0,0,0,0,0,0,0,0,13189987,13197121,13207,13207,11,0,0,0,0,0,0,0,0
1779257582.5634208,g11.hpc.coe,43337,0.5001,0,100.0,2035.0,12288.0,16406542424,17022843697,18074316,18917261,987390,0,0,0,0,0,0,0,0,0,0,0,0,529,112,4,2,0,0,0,0,0,0,0,0,0
1779257583.063511,g11.hpc.coe,43337,0.5001,0,100.0,2035.0,12288.0,16406542919,17022843754,18074318,18917262,987390,0,0,0,0,0,0,0,0,0,0,0,0,495,57,2,1,0,0,0,0,0,0,0,0,0
1779257583.5635996,g11.hpc.coe,43337,0.5001,0,100.0,2035.0,12288.0,16406543456,17022843811,18074320,18917263,987390,0,0,0,0,0,0,0,0,0,0,0,0,537,57,2,1,0,0,0,0,0,0,0,0,0
1779257584.0636902,g11.hpc.coe,43337,0.5001,0,100.0,2035.0,12288.0,16406544058,17022843890,18074323,18917265,987390,0,0,0,0,0,0,0,0,0,0,0,0,602,79,3,2,0,0,0,0,0,0,0,0,0
1779257584.5637774,g11.hpc.coe,43337,0.5001,0,100.0,2035.0,12288.0,16406544702,17022843969,18074326,18917267,987390,0,0,0,0,0,0,0,0,0,0,0,0,644,79,3,2,0,0,0,0,0,0,0,0,0
1779257585.0638661,g11.hpc.coe,43337,0.5001,0,100.0,2035.0,12288.0,16406545389,17022844048,18074329,18917269,987390,0,0,0,0,0,0,0,0,0,0,0,0,687,79,3,2,0,0,0,0,0,0,0,0,0
1779257585.5639608,g11.hpc.coe,43337,0.5001,0,100.0,2035.0,12288.0,16427365924,17043693681,18095283,18938241,987412,0,0,0,0,0,0,0,0,0,0,0,0,20820535,20849633,20954,20972,22,0,0,0,0,0,0,0,0
1779257586.06405,g11.hpc.coe,43337,0.5001,0,100.0,2035.0,12288.0,16441246264,17057580868,18109232,18952199,987427,0,0,0,0,0,0,0,0,0,0,0,0,13880340,13887187,13949,13958,15,0,0,0,0,0,0,0,0
1779257586.5641434,g11.hpc.coe,43337,0.5001,0,100.0,2035.0,12288.0,16441247088,17057580947,18109235,18952201,987427,0,0,0,0,0,0,0,0,0,0,0,0,824,79,3,2,0,0,0,0,0,0,0,0,0
1779257587.064232,g11.hpc.coe,43337,0.5001,0,100.0,2035.0,12288.0,16441247954,17057581026,18109238,18952203,987427,0,0,0,0,0,0,0,0,0,0,0,0,866,79,3,2,0,0,0,0,0,0,0,0,0
1779257587.5643194,g11.hpc.coe,43337,0.5001,0,100.0,2035.0,12288.0,16441248863,17057581105,18109241,18952205,987427,0,0,0,0,0,0,0,0,0,0,0,0,909,79,3,2,0,0,0,0,0,0,0,0,0
1779257588.064407,g11.hpc.coe,43337,0.5001,0,100.0,2035.0,12288.0,16441249869,17057581239,18109245,18952208,987427,0,0,0,0,0,0,0,0,0,0,0,0,1006,134,4,3,0,0,0,0,0,0,0,0,0
1779257588.5644948,g11.hpc.coe,43337,0.5001,0,100.0,2035.0,12288.0,16441250863,17057581318,18109248,18952210,987427,0,0,0,0,0,0,0,0,0,0,0,0,994,79,3,2,0,0,0,0,0,0,0,0,0
1779257589.0645835,g11.hpc.coe,43337,0.5001,0,100.0,2035.0,12288.0,16441251899,17057581397,18109251,18952212,987427,0,0,0,0,0,0,0,0,0,0,0,0,1036,79,3,2,0,0,0,0,0,0,0,0,0
1779257589.5646713,g11.hpc.coe,43337,0.5001,0,100.0,2035.0,12288.0,16455822902,17072173708,18123966,18966944,987435,0,0,0,0,0,0,0,0,0,0,0,0,14571003,14592311,14715,14732,8,0,0,0,0,0,0,0,0
1779257590.0647595,g11.hpc.coe,43337,0.5001,0,100.0,2035.0,12288.0,16475953475,17092318252,18144150,18987147,987449,0,0,0,0,0,0,0,0,0,0,0,0,20130573,20144544,20184,20203,14,0,0,0,0,0,0,0,0
1779257590.5648477,g11.hpc.coe,43337,0.5001,0,100.0,2035.0,12288.0,16475953603,17092318309,18144152,18987148,987449,0,0,0,0,0,0,0,0,0,0,0,0,128,57,2,1,0,0,0,0,0,0,0,0,0
1779257591.0649393,g11.hpc.coe,43337,0.5001,0,100.0,2035.0,12288.0,16475953773,17092318366,18144154,18987149,987449,0,0,0,0,0,0,0,0,0,0,0,0,170,57,2,1,0,0,0,0,0,0,0,0,0
1779257591.5650296,g11.hpc.coe,43337,0.5001,0,100.0,2035.0,12288.0,16475953986,17092318423,18144156,18987150,987449,0,0,0,0,0,0,0,0,0,0,0,0,213,57,2,1,0,0,0,0,0,0,0,0,0
1779257592.0651171,g11.hpc.coe,43337,0.5001,0,100.0,2035.0,12288.0,16475954241,17092318480,18144158,18987151,987449,0,0,0,0,0,0,0,0,0,0,0,0,255,57,2,1,0,0,0,0,0,0,0,0,0
1779257592.565207,g11.hpc.coe,43337,0.5001,0,100.0,2035.0,12288.0,16475954539,17092318537,18144160,18987152,987449,0,0,0,0,0,0,0,0,0,0,0,0,298,57,2,1,0,0,0,0,0,0,0,0,0
1779257593.0652978,g11.hpc.coe,43337,0.5001,0,100.0,2035.0,12288.0,16475955557,17092319096,18144178,18987162,987449,0,0,0,0,0,0,0,0,0,0,0,0,1018,559,18,10,0,0,0,0,0,0,0,0,0
1779257593.5653894,g11.hpc.coe,43337,0.5001,0,100.0,2035.0,12288.0,16489835792,17106221418,18158140,19001154,992136,0,0,0,0,0,0,0,0,0,0,0,0,13880235,13902322,13962,13992,4687,0,0,0,0,0,0,0,0
1779257594.0654802,g11.hpc.coe,43337,0.5001,0,100.0,2035.0,12288.0,16510655644,17127055928,18179065,19022098,992267,0,0,0,0,0,0,0,0,0,0,0,0,20819852,20834510,20925,20944,131,0,0,0,0,0,0,0,0
1779257594.5655692,g11.hpc.coe,43337,0.5001,0,100.0,2035.0,12288.0,16510656123,17127055985,18179067,19022099,992267,0,0,0,0,0,0,0,0,0,0,0,0,479,57,2,1,0,0,0,0,0,0,0,0,0
1779257595.0656564,g11.hpc.coe,43337,0.5001,0,100.0,2035.0,12288.0,16510656645,17127056042,18179069,19022100,992267,0,0,0,0,0,0,0,0,0,0,0,0,522,57,2,1,0,0,0,0,0,0,0,0,0
1779257595.5657454,g11.hpc.coe,43337,0.5001,0,100.0,2035.0,12288.0,16510657231,17127056121,18179072,19022102,992267,0,0,0,0,0,0,0,0,0,0,0,0,586,79,3,2,0,0,0,0,0,0,0,0,0
1779257596.065834,g11.hpc.coe,43337,0.5001,0,100.0,2035.0,12288.0,16510657860,17127056200,18179075,19022104,992267,0,0,0,0,0,0,0,0,0,0,0,0,629,79,3,2,0,0,0,0,0,0,0,0,0
1779257596.5659218,g11.hpc.coe,43337,0.5001,0,100.0,2035.0,12288.0,16510658531,17127056279,18179078,19022106,992267,0,0,0,0,0,0,0,0,0,0,0,0,671,79,3,2,0,0,0,0,0,0,0,0,0
1779257597.066012,g11.hpc.coe,43337,0.5001,0,100.0,2035.0,12288.0,16510659245,17127056358,18179081,19022108,992267,0,0,0,0,0,0,0,0,0,0,0,0,714,79,3,2,0,0,0,0,0,0,0,0,0
1779257597.5661025,g11.hpc.coe,43337,0.5001,0,100.0,2035.0,12288.0,16518290053,17134701352,18186819,19029857,992276,0,0,0,0,0,0,0,0,0,0,0,0,7630808,7644994,7738,7749,9,0,0,0,0,0,0,0,0
1779257598.0661895,g11.hpc.coe,43337,0.5001,0,100.0,2035.0,12288.0,16545360179,17161793233,18213976,19057039,992982,0,0,0,0,0,0,0,0,0,0,0,0,27070126,27091881,27157,27182,706,0,0,0,0,0,0,0,0
1779257598.5662782,g11.hpc.coe,43337,0.5001,0,100.0,2035.0,12288.0,16545361029,17161793312,18213979,19057041,992982,0,0,0,0,0,0,0,0,0,0,0,0,850,79,3,2,0,0,0,0,0,0,0,0,0
1779257599.0663662,g11.hpc.coe,43337,0.5001,0,100.0,2035.0,12288.0,16545361921,17161793391,18213982,19057043,992982,0,0,0,0,0,0,0,0,0,0,0,0,892,79,3,2,0,0,0,0,0,0,0,0,0
1779257599.5664527,g11.hpc.coe,43337,0.5001,0,100.0,2035.0,12288.0,16545362856,17161793470,18213985,19057045,992982,0,0,0,0,0,0,0,0,0,0,0,0,935,79,3,2,0,0,0,0,0,0,0,0,0
1779257600.0665429,g11.hpc.coe,43337,0.5001,0,100.0,2035.0,12288.0,16545363833,17161793549,18213988,19057047,992982,0,0,0,0,0,0,0,0,0,0,0,0,977,79,3,2,0,0,0,0,0,0,0,0,0
1779257600.5666294,g11.hpc.coe,43337,0.5001,0,100.0,2035.0,12288.0,16545364853,17161793628,18213991,19057049,992982,0,0,0,0,0,0,0,0,0,0,0,0,1020,79,3,2,0,0,0,0,0,0,0,0,0
1779257601.066718,g11.hpc.coe,43337,0.5001,0,100.0,2035.0,12288.0,16545365938,17161793707,18213995,19057051,992982,0,0,0,0,0,0,0,0,0,0,0,0,1085,79,4,2,0,0,0,0,0,0,0,0,0
1779257601.5668082,g11.hpc.coe,43337,0.5001,0,100.0,2035.0,12288.0,16552307080,17168748692,18220985,19064055,992988,0,0,0,0,0,0,0,0,0,0,0,0,6941142,6954985,6990,7004,6,0,0,0,0,0,0,0,0
1779257602.066897,g11.hpc.coe,43337,0.5001,0,100.0,2035.0,12288.0,16580067544,17196530562,18248891,19091986,993394,0,0,0,0,0,0,0,0,0,0,0,0,27760464,27781870,27906,27931,406,0,0,0,0,0,0,0,0
1779257602.5669842,g11.hpc.coe,43337,0.5001,0,100.0,2035.0,12288.0,16580067697,17196530619,18248893,19091987,993394,0,0,0,0,0,0,0,0,0,0,0,0,153,57,2,1,0,0,0,0,0,0,0,0,0
1779257603.0670712,g11.hpc.coe,43337,0.5001,0,100.0,2035.0,12288.0,16580067969,17196530731,18248897,19091989,993394,0,0,0,0,0,0,0,0,0,0,0,0,272,112,4,2,0,0,0,0,0,0,0,0,0
1779257603.56716,g11.hpc.coe,43337,0.5001,0,100.0,2035.0,12288.0,16580068207,17196530788,18248899,19091990,993394,0,0,0,0,0,0,0,0,0,0,0,0,238,57,2,1,0,0,0,0,0,0,0,0,0
1779257604.067249,g11.hpc.coe,43337,0.5001,0,100.0,2035.0,12288.0,16580068487,17196530845,18248901,19091991,993394,0,0,0,0,0,0,0,0,0,0,0,0,280,57,2,1,0,0,0,0,0,0,0,0,0
1779257604.5673356,g11.hpc.coe,43337,0.5001,0,100.0,2035.0,12288.0,16580068809,17196530902,18248903,19091992,993394,0,0,0,0,0,0,0,0,0,0,0,0,322,57,2,1,0,0,0,0,0,0,0,0,0
1779257605.067426,g11.hpc.coe,43337,0.5001,0,100.0,2035.0,12288.0,16580069174,17196530959,18248905,19091993,993394,0,0,0,0,0,0,0,0,0,0,0,0,365,57,2,1,0,0,0,0,0,0,0,0,0
1779257605.5675142,g11.hpc.coe,43337,0.5001,0,100.0,2035.0,12288.0,16580759762,17197228600,18249663,19092756,993395,0,0,0,0,0,0,0,0,0,0,0,0,690588,697641,758,763,1,0,0,0,0,0,0,0,0
1779257606.0676076,g11.hpc.coe,43337,0.5001,0,100.0,2035.0,12288.0,16614769325,17231267714,18283795,19126918,993424,0,0,0,0,0,0,0,0,0,0,0,0,34009563,34039114,34132,34162,29,0,0,0,0,0,0,0,0
1779257606.5676982,g11.hpc.coe,43337,0.5001,0,100.0,2035.0,12288.0,16614769825,17231267771,18283797,19126919,993424,0,0,0,0,0,0,0,0,0,0,0,0,500,57,2,1,0,0,0,0,0,0,0,0,0
1779257607.0677853,g11.hpc.coe,43337,0.5001,0,100.0,2035.0,12288.0,16614770367,17231267828,18283799,19126920,993424,0,0,0,0,0,0,0,0,0,0,0,0,542,57,2,1,0,0,0,0,0,0,0,0,0
1779257607.5678751,g11.hpc.coe,43337,0.5001,0,100.0,2035.0,12288.0,16614770974,17231267907,18283802,19126922,993424,0,0,0,0,0,0,0,0,0,0,0,0,607,79,3,2,0,0,0,0,0,0,0,0,0
1779257608.0679724,g11.hpc.coe,43337,0.5001,0,100.0,2035.0,12288.0,16614772279,17231268488,18283820,19126933,993424,0,0,0,0,0,0,0,0,0,0,0,0,1305,581,18,11,0,0,0,0,0,0,0,0,0
1779257608.5680666,g11.hpc.coe,43337,0.5001,0,100.0,2035.0,12288.0,16614772994,17231268567,18283824,19126935,993424,0,0,0,0,0,0,0,0,0,0,0,0,715,79,4,2,0,0,0,0,0,0,0,0,0
1779257609.0681605,g11.hpc.coe,43337,0.5001,0,100.0,2035.0,12288.0,16614773729,17231268646,18283827,19126937,993424,0,0,0,0,0,0,0,0,0,0,0,0,735,79,3,2,0,0,0,0,0,0,0,0,0
1779257609.5682535,g11.hpc.coe,43337,0.5001,0,100.0,2035.0,12288.0,16614774658,17231276286,18283838,19126954,993424,0,0,0,0,0,0,0,0,0,0,0,0,929,7640,11,17,0,0,0,0,0,0,0,0,0
1779257610.068346,g11.hpc.coe,43337,0.5001,0,100.0,2035.0,12288.0,16649474697,17266005459,18318730,19161866,994101,0,0,0,0,0,0,0,0,0,0,0,0,34700039,34729173,34892,34912,677,0,0,0,0,0,0,0,0
1779257610.5684395,g11.hpc.coe,43337,0.5001,0,100.0,2035.0,12288.0,16649475566,17266005538,18318733,19161868,994101,0,0,0,0,0,0,0,0,0,0,0,0,869,79,3,2,0,0,0,0,0,0,0,0,0
1779257611.068532,g11.hpc.coe,43337,0.5001,0,100.0,2035.0,12288.0,16649476477,17266005617,18318736,19161870,994101,0,0,0,0,0,0,0,0,0,0,0,0,911,79,3,2,0,0,0,0,0,0,0,0,0
1779257611.568622,g11.hpc.coe,43337,0.5001,0,100.0,2035.0,12288.0,16649477431,17266005696,18318739,19161872,994101,0,0,0,0,0,0,0,0,0,0,0,0,954,79,3,2,0,0,0,0,0,0,0,0,0
1779257612.0687125,g11.hpc.coe,43337,0.5001,0,100.0,2035.0,12288.0,16649478427,17266005775,18318742,19161874,994101,0,0,0,0,0,0,0,0,0,0,0,0,996,79,3,2,0,0,0,0,0,0,0,0,0
1779257612.5688035,g11.hpc.coe,43337,0.5001,0,100.0,2035.0,12288.0,16649479465,17266005854,18318745,19161876,994101,0,0,0,0,0,0,0,0,0,0,0,0,1038,79,3,2,0,0,0,0,0,0,0,0,0
1779257613.0688953,g11.hpc.coe,43337,0.5001,0,100.0,2035.0,12288.0,16649480568,17266005933,18318749,19161878,994101,0,0,0,0,0,0,0,0,0,0,0,0,1103,79,4,2,0,0,0,0,0,0,0,0,0
1779257613.568989,g11.hpc.coe,43337,0.5001,0,100.0,2035.0,12288.0,16649481791,17266006067,18318755,19161881,994101,0,0,0,0,0,0,0,0,0,0,0,0,1223,134,6,3,0,0,0,0,0,0,0,0,0
1779257614.0690832,g11.hpc.coe,43337,0.5001,0,100.0,2035.0,12288.0,16684182202,17300742864,18353635,19196817,994134,0,0,0,0,0,0,0,0,0,0,0,0,34700411,34736797,34880,34936,33,0,0,0,0,0,0,0,0
1779257614.5691738,g11.hpc.coe,43337,0.5001,0,100.0,2035.0,12288.0,16684182370,17300742921,18353637,19196818,994134,0,0,0,0,0,0,0,0,0,0,0,0,168,57,2,1,0,0,0,0,0,0,0,0,0
1779257615.0692656,g11.hpc.coe,43337,0.5001,0,100.0,2035.0,12288.0,16684182581,17300742978,18353639,19196819,994134,0,0,0,0,0,0,0,0,0,0,0,0,211,57,2,1,0,0,0,0,0,0,0,0,0
1779257615.569364,g11.hpc.coe,43337,0.5001,0,100.0,2035.0,12288.0,16684182834,17300743035,18353641,19196820,994134,0,0,0,0,0,0,0,0,0,0,0,0,253,57,2,1,0,0,0,0,0,0,0,0,0
1779257616.0694563,g11.hpc.coe,43337,0.5001,0,100.0,2035.0,12288.0,16684183129,17300743092,18353643,19196821,994134,0,0,0,0,0,0,0,0,0,0,0,0,295,57,2,1,0,0,0,0,0,0,0,0,0
1779257616.5695496,g11.hpc.coe,43337,0.5001,0,100.0,2035.0,12288.0,16684183467,17300743149,18353645,19196822,994134,0,0,0,0,0,0,0,0,0,0,0,0,338,57,2,1,0,0,0,0,0,0,0,0,0
1779257617.0696454,g11.hpc.coe,43337,0.5001,0,100.0,2035.0,12288.0,16684183847,17300743206,18353647,19196823,994134,0,0,0,0,0,0,0,0,0,0,0,0,380,57,2,1,0,0,0,0,0,0,0,0,0
1779257617.5697393,g11.hpc.coe,43337,0.5001,0,100.0,2035.0,12288.0,16684184270,17300743263,18353649,19196824,994134,0,0,0,0,0,0,0,0,0,0,0,0,423,57,2,1,0,0,0,0,0,0,0,0,0
1779257618.0698297,g11.hpc.coe,43337,0.5001,0,100.0,2035.0,12288.0,16712634365,17329230270,18382318,19225533,994160,0,0,0,0,0,0,0,0,0,0,0,0,28450095,28487007,28669,28709,26,0,0,0,0,0,0,0,0
1779257618.5699232,g11.hpc.coe,43337,0.5001,0,100.0,2035.0,12288.0,16718884645,17335480129,18388545,19231758,995923,0,0,0,0,0,0,0,0,0,0,0,0,6250280,6249859,6227,6225,1763,0,0,0,0,0,0,0,0
1779257619.070016,g11.hpc.coe,43337,0.5001,0,100.0,2035.0,12288.0,16718885227,17335480208,18388548,19231760,995923,0,0,0,0,0,0,0,0,0,0,0,0,582,79,3,2,0,0,0,0,0,0,0,0,0
1779257619.570106,g11.hpc.coe,43337,0.5001,0,100.0,2035.0,12288.0,16718885851,17335480287,18388551,19231762,995923,0,0,0,0,0,0,0,0,0,0,0,0,624,79,3,2,0,0,0,0,0,0,0,0,0
1779257620.070199,g11.hpc.coe,43337,0.5001,0,100.0,2035.0,12288.0,16718886517,17335480366,18388554,19231764,995923,0,0,0,0,0,0,0,0,0,0,0,0,666,79,3,2,0,0,0,0,0,0,0,0,0
1779257620.5702908,g11.hpc.coe,43337,0.5001,0,100.0,2035.0,12288.0,16718887226,17335480445,18388557,19231766,995923,0,0,0,0,0,0,0,0,0,0,0,0,709,79,3,2,0,0,0,0,0,0,0,0,0
1779257621.0703847,g11.hpc.coe,43337,0.5001,0,100.0,2035.0,12288.0,16718887977,17335480524,18388560,19231768,995923,0,0,0,0,0,0,0,0,0,0,0,0,751,79,3,2,0,0,0,0,0,0,0,0,0
1779257621.5704772,g11.hpc.coe,43337,0.5001,0,100.0,2035.0,12288.0,16718888771,17335480603,18388563,19231770,995923,0,0,0,0,0,0,0,0,0,0,0,0,794,79,3,2,0,0,0,0,0,0,0,0,0
1779257622.0705912,g11.hpc.coe,43337,0.5001,0,100.0,2035.0,12288.0,16747339230,17363967632,18417232,19260480,995949,0,0,0,0,0,0,0,0,0,0,0,0,28450459,28487029,28669,28710,26,0,0,0,0,0,0,0,0
1779257622.570686,g11.hpc.coe,43337,0.5001,0,100.0,2035.0,12288.0,16753589790,17370217465,18423456,19266706,995952,0,0,0,0,0,0,0,0,0,0,0,0,6250560,6249833,6224,6226,3,0,0,0,0,0,0,0,0
1779257623.0707762,g11.hpc.coe,43337,0.5001,0,100.0,2035.0,12288.0,16753591578,17370218246,18423478,19266721,995952,0,0,0,0,0,0,0,0,0,0,0,0,1788,781,22,15,0,0,0,0,0,0,0,0,0
1779257623.5708673,g11.hpc.coe,43337,0.5001,0,100.0,2035.0,12288.0,16753592650,17370218380,18423484,19266724,995952,0,0,0,0,0,0,0,0,0,0,0,0,1072,134,6,3,0,0,0,0,0,0,0,0,0
1779257624.0709639,g11.hpc.coe,43337,0.5001,0,100.0,2035.0,12288.0,16753593666,17370218459,18423487,19266726,995952,0,0,0,0,0,0,0,0,0,0,0,0,1016,79,3,2,0,0,0,0,0,0,0,0,0
1779257624.5710537,g11.hpc.coe,43337,0.5001,0,100.0,2035.0,12288.0,16753594725,17370218538,18423490,19266728,995952,0,0,0,0,0,0,0,0,0,0,0,0,1059,79,3,2,0,0,0,0,0,0,0,0,0
1779257625.0711448,g11.hpc.coe,43337,0.5001,0,100.0,2035.0,12288.0,16753595849,17370218617,18423494,19266730,995952,0,0,0,0,0,0,0,0,0,0,0,0,1124,79,4,2,0,0,0,0,0,0,0,0,0
1779257625.5712357,g11.hpc.coe,43337,0.5001,0,100.0,2035.0,12288.0,16753597015,17370218696,18423498,19266732,995952,0,0,0,0,0,0,0,0,0,0,0,0,1166,79,4,2,0,0,0,0,0,0,0,0,0
1779257626.071326,g11.hpc.coe,43337,0.5001,0,100.0,2035.0,12288.0,16753597307,17370226314,18423508,19266748,995952,0,0,0,0,0,0,0,0,0,0,0,0,292,7618,10,16,0,0,0,0,0,0,0,0,0
1779257626.5714183,g11.hpc.coe,43337,0.5001,0,100.0,2035.0,12288.0,16788296660,17404955514,18458392,19301666,995994,0,0,0,0,0,0,0,0,0,0,0,0,34699353,34729200,34884,34918,42,0,0,0,0,0,0,0,0
1779257627.0715098,g11.hpc.coe,43337,0.5001,0,100.0,2035.0,12288.0,16788296892,17404955571,18458394,19301667,995994,0,0,0,0,0,0,0,0,0,0,0,0,232,57,2,1,0,0,0,0,0,0,0,0,0
1779257627.5716019,g11.hpc.coe,43337,0.5001,0,100.0,2035.0,12288.0,16788297166,17404955628,18458396,19301668,995994,0,0,0,0,0,0,0,0,0,0,0,0,274,57,2,1,0,0,0,0,0,0,0,0,0
1779257628.0716944,g11.hpc.coe,43337,0.5001,0,100.0,2035.0,12288.0,16788297483,17404955685,18458398,19301669,995994,0,0,0,0,0,0,0,0,0,0,0,0,317,57,2,1,0,0,0,0,0,0,0,0,0
1779257628.5717852,g11.hpc.coe,43337,0.5001,0,100.0,2035.0,12288.0,16788297897,17404955797,18458401,19301671,995994,0,0,0,0,0,0,0,0,0,0,0,0,414,112,3,2,0,0,0,0,0,0,0,0,0
1779257629.0718753,g11.hpc.coe,43337,0.5001,0,100.0,2035.0,12288.0,16788298321,17404955854,18458404,19301672,995994,0,0,0,0,0,0,0,0,0,0,0,0,424,57,3,1,0,0,0,0,0,0,0,0,0
1779257629.5719757,g11.hpc.coe,43337,0.5001,0,100.0,2035.0,12288.0,16788298766,17404955911,18458406,19301673,995994,0,0,0,0,0,0,0,0,0,0,0,0,445,57,2,1,0,0,0,0,0,0,0,0,0
1779257630.0720673,g11.hpc.coe,43337,0.5001,0,100.0,2035.0,12288.0,16788299253,17404955968,18458408,19301674,995994,0,0,0,0,0,0,0,0,0,0,0,0,487,57,2,1,0,0,0,0,0,0,0,0,0
1779257630.5721748,g11.hpc.coe,43337,0.5001,0,100.0,2035.0,12288.0,16822999089,17439692757,18493298,19336611,996021,0,0,0,0,0,0,0,0,0,0,0,0,34699836,34736789,34890,34937,27,0,0,0,0,0,0,0,0
1779257631.0722697,g11.hpc.coe,43337,0.5001,0,100.0,2035.0,12288.0,16822999688,17439692836,18493301,19336613,996021,0,0,0,0,0,0,0,0,0,0,0,0,599,79,3,2,0,0,0,0,0,0,0,0,0
1779257631.5723615,g11.hpc.coe,43337,0.5001,0,100.0,2035.0,12288.0,16823000330,17439692915,18493304,19336615,996021,0,0,0,0,0,0,0,0,0,0,0,0,642,79,3,2,0,0,0,0,0,0,0,0,0
1779257632.0724547,g11.hpc.coe,43337,0.5001,0,100.0,2035.0,12288.0,16823001014,17439692994,18493307,19336617,996021,0,0,0,0,0,0,0,0,0,0,0,0,684,79,3,2,0,0,0,0,0,0,0,0,0
1779257632.572545,g11.hpc.coe,43337,0.5001,0,100.0,2035.0,12288.0,16823001741,17439693073,18493310,19336619,996021,0,0,0,0,0,0,0,0,0,0,0,0,727,79,3,2,0,0,0,0,0,0,0,0,0
1779257633.0726376,g11.hpc.coe,43337,0.5001,0,100.0,2035.0,12288.0,16823002510,17439693152,18493313,19336621,996021,0,0,0,0,0,0,0,0,0,0,0,0,769,79,3,2,0,0,0,0,0,0,0,0,0
1779257633.572731,g11.hpc.coe,43337,0.5001,0,100.0,2035.0,12288.0,16823003321,17439693231,18493316,19336623,996021,0,0,0,0,0,0,0,0,0,0,0,0,811,79,3,2,0,0,0,0,0,0,0,0,0
1779257634.0728223,g11.hpc.coe,43337,0.5001,0,100.0,2035.0,12288.0,16823004252,17439693365,18493321,19336626,996021,0,0,0,0,0,0,0,0,0,0,0,0,931,134,5,3,0,0,0,0,0,0,0,0,0
1779257634.5729148,g11.hpc.coe,43337,0.5001,0,100.0,2035.0,12288.0,16851454806,17468180380,18521995,19365334,996053,0,0,0,0,0,0,0,0,0,0,0,0,28450554,28487015,28674,28708,32,0,0,0,0,0,0,0,0
1779257635.0730078,g11.hpc.coe,43337,0.5001,0,100.0,2035.0,12288.0,16857705440,17474430206,18528221,19371559,998933,0,0,0,0,0,0,0,0,0,0,0,0,6250634,6249826,6226,6225,2880,0,0,0,0,0,0,0,0
1779257635.5731003,g11.hpc.coe,43337,0.5001,0,100.0,2035.0,12288.0,16857706431,17474430285,18528224,19371561,998933,0,0,0,0,0,0,0,0,0,0,0,0,991,79,3,2,0,0,0,0,0,0,0,0,0
1779257636.0731938,g11.hpc.coe,43337,0.5001,0,100.0,2035.0,12288.0,16857707464,17474430364,18528227,19371563,998933,0,0,0,0,0,0,0,0,0,0,0,0,1033,79,3,2,0,0,0,0,0,0,0,0,0
1779257636.5732868,g11.hpc.coe,43337,0.5001,0,100.0,2035.0,12288.0,16857708562,17474430443,18528231,19371565,998933,0,0,0,0,0,0,0,0,0,0,0,0,1098,79,4,2,0,0,0,0,0,0,0,0,0
1779257637.0733767,g11.hpc.coe,43337,0.5001,0,100.0,2035.0,12288.0,16857709703,17474430522,18528235,19371567,998933,0,0,0,0,0,0,0,0,0,0,0,0,1141,79,4,2,0,0,0,0,0,0,0,0,0
1779257637.5734684,g11.hpc.coe,43337,0.5001,0,100.0,2035.0,12288.0,16857710887,17474430601,18528239,19371569,998933,0,0,0,0,0,0,0,0,0,0,0,0,1184,79,4,2,0,0,0,0,0,0,0,0,0
1779257638.0735614,g11.hpc.coe,43337,0.5001,0,100.0,2035.0,12288.0,16857711646,17474431105,18528255,19371578,998933,0,0,0,0,0,0,0,0,0,0,0,0,759,504,16,9,0,0,0,0,0,0,0,0,0
1779257638.573656,g11.hpc.coe,43337,0.5001,0,100.0,2035.0,12288.0,16886161484,17502918126,18556925,19400289,999158,0,0,0,0,0,0,0,0,0,0,0,0,28449838,28487021,28670,28711,225,0,0,0,0,0,0,0,0
1779257639.0737498,g11.hpc.coe,43337,0.5001,0,100.0,2035.0,12288.0,16892411507,17509167985,18563153,19406514,999165,0,0,0,0,0,0,0,0,0,0,0,0,6250023,6249859,6228,6225,7,0,0,0,0,0,0,0,0
1779257639.5738423,g11.hpc.coe,43337,0.5001,0,100.0,2035.0,12288.0,16892411802,17509168042,18563155,19406515,999165,0,0,0,0,0,0,0,0,0,0,0,0,295,57,2,1,0,0,0,0,0,0,0,0,0
1779257640.0739353,g11.hpc.coe,43337,0.5001,0,100.0,2035.0,12288.0,16892412140,17509168099,18563157,19406516,999165,0,0,0,0,0,0,0,0,0,0,0,0,338,57,2,1,0,0,0,0,0,0,0,0,0
1779257640.5740273,g11.hpc.coe,43337,0.5001,0,100.0,2035.0,12288.0,16892412520,17509168156,18563159,19406517,999165,0,0,0,0,0,0,0,0,0,0,0,0,380,57,2,1,0,0,0,0,0,0,0,0,0
1779257641.0741189,g11.hpc.coe,43337,0.5001,0,100.0,2035.0,12288.0,16892412943,17509168213,18563161,19406518,999165,0,0,0,0,0,0,0,0,0,0,0,0,423,57,2,1,0,0,0,0,0,0,0,0,0
1779257641.5742111,g11.hpc.coe,43337,0.5001,0,100.0,2035.0,12288.0,16892413408,17509168270,18563163,19406519,999165,0,0,0,0,0,0,0,0,0,0,0,0,465,57,2,1,0,0,0,0,0,0,0,0,0
1779257642.074304,g11.hpc.coe,43337,0.5001,0,100.0,2035.0,12288.0,16892413916,17509168327,18563165,19406520,999165,0,0,0,0,0,0,0,0,0,0,0,0,508,57,2,1,0,0,0,0,0,0,0,0,0
1779257642.5743964,g11.hpc.coe,43337,0.5001,0,100.0,2035.0,12288.0,16913924247,17530708004,18584856,19428242,999182,0,0,0,0,0,0,0,0,0,0,0,0,21510331,21539677,21691,21722,17,0,0,0,0,0,0,0,0
1779257643.074489,g11.hpc.coe,43337,0.5001,0,100.0,2035.0,12288.0,16927114413,17543905161,18598059,19441452,999277,0,0,0,0,0,0,0,0,0,0,0,0,13190166,13197157,13203,13210,95,0,0,0,0,0,0,0,0
1779257643.5745826,g11.hpc.coe,43337,0.5001,0,100.0,2035.0,12288.0,16927115080,17543905240,18598062,19441454,999277,0,0,0,0,0,0,0,0,0,0,0,0,667,79,3,2,0,0,0,0,0,0,0,0,0
1779257644.0746758,g11.hpc.coe,43337,0.5001,0,100.0,2035.0,12288.0,16927115866,17543905374,18598067,19441457,999277,0,0,0,0,0,0,0,0,0,0,0,0,786,134,5,3,0,0,0,0,0,0,0,0,0
1779257644.5747683,g11.hpc.coe,43337,0.5001,0,100.0,2035.0,12288.0,16927116618,17543905453,18598070,19441459,999277,0,0,0,0,0,0,0,0,0,0,0,0,752,79,3,2,0,0,0,0,0,0,0,0,0
1779257645.074862,g11.hpc.coe,43337,0.5001,0,100.0,2035.0,12288.0,16927117412,17543905532,18598073,19441461,999277,0,0,0,0,0,0,0,0,0,0,0,0,794,79,3,2,0,0,0,0,0,0,0,0,0
1779257645.5749557,g11.hpc.coe,43337,0.5001,0,100.0,2035.0,12288.0,16927118249,17543905611,18598076,19441463,999277,0,0,0,0,0,0,0,0,0,0,0,0,837,79,3,2,0,0,0,0,0,0,0,0,0
1779257646.0750463,g11.hpc.coe,43337,0.5001,0,100.0,2035.0,12288.0,16927119128,17543905690,18598079,19441465,999277,0,0,0,0,0,0,0,0,0,0,0,0,879,79,3,2,0,0,0,0,0,0,0,0,0
1779257646.5751379,g11.hpc.coe,43337,0.5001,0,100.0,2035.0,12288.0,16948629837,17565445395,18619774,19463191,999293,0,0,0,0,0,0,0,0,0,0,0,0,21510709,21539705,21695,21726,16,0,0,0,0,0,0,0,0
1779257647.0752296,g11.hpc.coe,43337,0.5001,0,100.0,2035.0,12288.0,16961820353,17578642566,18632977,19476403,999308,0,0,0,0,0,0,0,0,0,0,0,0,13190516,13197171,13203,13212,15,0,0,0,0,0,0,0,0
1779257647.575324,g11.hpc.coe,43337,0.5001,0,100.0,2035.0,12288.0,16961821370,17578642645,18632980,19476405,999308,0,0,0,0,0,0,0,0,0,0,0,0,1017,79,3,2,0,0,0,0,0,0,0,0,0
1779257648.075418,g11.hpc.coe,43337,0.5001,0,100.0,2035.0,12288.0,16961822429,17578642724,18632983,19476407,999308,0,0,0,0,0,0,0,0,0,0,0,0,1059,79,3,2,0,0,0,0,0,0,0,0,0
1779257648.5755088,g11.hpc.coe,43337,0.5001,0,100.0,2035.0,12288.0,16961823553,17578642803,18632987,19476409,999308,0,0,0,0,0,0,0,0,0,0,0,0,1124,79,4,2,0,0,0,0,0,0,0,0,0
1779257649.0756035,g11.hpc.coe,43337,0.5001,0,100.0,2035.0,12288.0,16961824796,17578642937,18632993,19476412,999308,0,0,0,0,0,0,0,0,0,0,0,0,1243,134,6,3,0,0,0,0,0,0,0,0,0
1779257649.5756943,g11.hpc.coe,43337,0.5001,0,100.0,2035.0,12288.0,16961824937,17578642994,18632995,19476413,999308,0,0,0,0,0,0,0,0,0,0,0,0,141,57,2,1,0,0,0,0,0,0,0,0,0
1779257650.0757935,g11.hpc.coe,43337,0.5001,0,100.0,2035.0,12288.0,16961825121,17578643051,18632997,19476414,999308,0,0,0,0,0,0,0,0,0,0,0,0,184,57,2,1,0,0,0,0,0,0,0,0,0
1779257650.5758874,g11.hpc.coe,43337,0.5001,0,100.0,2035.0,12288.0,16976716624,17593647404,18648476,19491883,1001174,0,0,0,0,0,0,0,0,0,0,0,0,14891503,15004353,15479,15469,1866,0,0,0,0,0,0,0,0
1779257651.0759907,g11.hpc.coe,43337,0.5001,0,100.0,2035.0,12288.0,16996524935,17613379841,18667890,19511344,1004948,0,0,0,0,0,0,0,0,0,0,0,0,19808311,19732437,19414,19461,3774,0,0,0,0,0,0,0,0
1779257651.5760844,g11.hpc.coe,43337,0.5001,0,100.0,2035.0,12288.0,16996525258,17613379898,18667892,19511345,1004948,0,0,0,0,0,0,0,0,0,0,0,0,323,57,2,1,0,0,0,0,0,0,0,0,0
1779257652.0761642,g11.hpc.coe,43337,0.5001,0,100.0,2035.0,12288.0,16996525624,17613379955,18667894,19511346,1004948,0,0,0,0,0,0,0,0,0,0,0,0,366,57,2,1,0,0,0,0,0,0,0,0,0
1779257652.5762558,g11.hpc.coe,43337,0.5001,0,100.0,2035.0,12288.0,16996526032,17613380012,18667896,19511347,1004948,0,0,0,0,0,0,0,0,0,0,0,0,408,57,2,1,0,0,0,0,0,0,0,0,0
1779257653.07635,g11.hpc.coe,43337,0.5001,0,100.0,2035.0,12288.0,16996527084,17613380516,18667912,19511356,1004948,0,0,0,0,0,0,0,0,0,0,0,0,1052,504,16,9,0,0,0,0,0,0,0,0,0
1779257653.5764408,g11.hpc.coe,43337,0.5001,0,100.0,2035.0,12288.0,16996527578,17613380573,18667914,19511357,1004948,0,0,0,0,0,0,0,0,0,0,0,0,494,57,2,1,0,0,0,0,0,0,0,0,0
1779257654.0765316,g11.hpc.coe,43337,0.5001,0,100.0,2035.0,12288.0,16996528115,17613380630,18667916,19511358,1004948,0,0,0,0,0,0,0,0,0,0,0,0,537,57,2,1,0,0,0,0,0,0,0,0,0
1779257654.576625,g11.hpc.coe,43337,0.5001,0,100.0,2035.0,12288.0,17011098668,17627973031,18682628,19526096,1005855,0,0,0,0,0,0,0,0,0,0,0,0,14570553,14592401,14712,14738,907,0,0,0,0,0,0,0,0
1779257655.0767157,g11.hpc.coe,43337,0.5001,0,100.0,2035.0,12288.0,17031228735,17648117561,18702810,19546297,1006439,0,0,0,0,0,0,0,0,0,0,0,0,20130067,20144530,20182,20201,584,0,0,0,0,0,0,0,0
1779257655.5768077,g11.hpc.coe,43337,0.5001,0,100.0,2035.0,12288.0,17031229432,17648117640,18702813,19546299,1006439,0,0,0,0,0,0,0,0,0,0,0,0,697,79,3,2,0,0,0,0,0,0,0,0,0
1779257656.0769007,g11.hpc.coe,43337,0.5001,0,100.0,2035.0,12288.0,17031230172,17648117719,18702816,19546301,1006439,0,0,0,0,0,0,0,0,0,0,0,0,740,79,3,2,0,0,0,0,0,0,0,0,0
1779257656.5769932,g11.hpc.coe,43337,0.5001,0,100.0,2035.0,12288.0,17031230955,17648117798,18702819,19546303,1006439,0,0,0,0,0,0,0,0,0,0,0,0,783,79,3,2,0,0,0,0,0,0,0,0,0
1779257657.0770848,g11.hpc.coe,43337,0.5001,0,100.0,2035.0,12288.0,17031231781,17648117877,18702822,19546305,1006439,0,0,0,0,0,0,0,0,0,0,0,0,826,79,3,2,0,0,0,0,0,0,0,0,0
1779257657.5771756,g11.hpc.coe,43337,0.5001,0,100.0,2035.0,12288.0,17031232649,17648117956,18702825,19546307,1006439,0,0,0,0,0,0,0,0,0,0,0,0,868,79,3,2,0,0,0,0,0,0,0,0,0
1779257658.0772696,g11.hpc.coe,43337,0.5001,0,100.0,2035.0,12288.0,17031233560,17648118035,18702828,19546309,1006439,0,0,0,0,0,0,0,0,0,0,0,0,911,79,3,2,0,0,0,0,0,0,0,0,0
1779257658.5773637,g11.hpc.coe,43337,0.5001,0,100.0,2035.0,12288.0,17045114249,17662012790,18716788,19560298,1008221,0,0,0,0,0,0,0,0,0,0,0,0,13880689,13894755,13960,13989,1782,0,0,0,0,0,0,0,0
1779257659.0774553,g11.hpc.coe,43337,0.5001,0,100.0,2035.0,12288.0,17065934815,17682854862,18737721,19581240,1008237,0,0,0,0,0,0,0,0,0,0,0,0,20820566,20842072,20933,20942,16,0,0,0,0,0,0,0,0
1779257659.5775473,g11.hpc.coe,43337,0.5001,0,100.0,2035.0,12288.0,17065935942,17682854996,18737726,19581243,1008237,0,0,0,0,0,0,0,0,0,0,0,0,1127,134,5,3,0,0,0,0,0,0,0,0,0
1779257660.077641,g11.hpc.coe,43337,0.5001,0,100.0,2035.0,12288.0,17065937057,17682855075,18737730,19581245,1008237,0,0,0,0,0,0,0,0,0,0,0,0,1115,79,4,2,0,0,0,0,0,0,0,0,0
1779257660.5777311,g11.hpc.coe,43337,0.5001,0,100.0,2035.0,12288.0,17065938215,17682855154,18737734,19581247,1008237,0,0,0,0,0,0,0,0,0,0,0,0,1158,79,4,2,0,0,0,0,0,0,0,0,0
1779257661.0778222,g11.hpc.coe,43337,0.5001,0,100.0,2035.0,12288.0,17065938348,17682855211,18737736,19581248,1008237,0,0,0,0,0,0,0,0,0,0,0,0,133,57,2,1,0,0,0,0,0,0,0,0,0
1779257661.5779178,g11.hpc.coe,43337,0.5001,0,100.0,2035.0,12288.0,17065938524,17682855268,18737738,19581249,1008237,0,0,0,0,0,0,0,0,0,0,0,0,176,57,2,1,0,0,0,0,0,0,0,0,0
1779257662.0780141,g11.hpc.coe,43337,0.5001,0,100.0,2035.0,12288.0,17065938742,17682855325,18737740,19581250,1008237,0,0,0,0,0,0,0,0,0,0,0,0,218,57,2,1,0,0,0,0,0,0,0,0,0
1779257662.5781045,g11.hpc.coe,43337,0.5001,0,100.0,2035.0,12288.0,17073569048,17690500325,18745476,19589002,1008243,0,0,0,0,0,0,0,0,0,0,0,0,7630306,7645000,7736,7752,6,0,0,0,0,0,0,0,0
1779257663.0781963,g11.hpc.coe,43337,0.5001,0,100.0,2035.0,12288.0,17100638589,17717592094,18772628,19616177,1008412,0,0,0,0,0,0,0,0,0,0,0,0,27069541,27091769,27152,27175,169,0,0,0,0,0,0,0,0
1779257663.5782878,g11.hpc.coe,43337,0.5001,0,100.0,2035.0,12288.0,17100638945,17717592151,18772630,19616178,1008412,0,0,0,0,0,0,0,0,0,0,0,0,356,57,2,1,0,0,0,0,0,0,0,0,0
1779257664.0783777,g11.hpc.coe,43337,0.5001,0,100.0,2035.0,12288.0,17100639343,17717592208,18772632,19616179,1008412,0,0,0,0,0,0,0,0,0,0,0,0,398,57,2,1,0,0,0,0,0,0,0,0,0
1779257664.5784717,g11.hpc.coe,43337,0.5001,0,100.0,2035.0,12288.0,17100639861,17717592320,18772636,19616181,1008412,0,0,0,0,0,0,0,0,0,0,0,0,518,112,4,2,0,0,0,0,0,0,0,0,0
1779257665.0785637,g11.hpc.coe,43337,0.5001,0,100.0,2035.0,12288.0,17100640345,17717592377,18772638,19616182,1008412,0,0,0,0,0,0,0,0,0,0,0,0,484,57,2,1,0,0,0,0,0,0,0,0,0
1779257665.5786562,g11.hpc.coe,43337,0.5001,0,100.0,2035.0,12288.0,17100640872,17717592434,18772640,19616183,1008412,0,0,0,0,0,0,0,0,0,0,0,0,527,57,2,1,0,0,0,0,0,0,0,0,0
1779257666.0787494,g11.hpc.coe,43337,0.5001,0,100.0,2035.0,12288.0,17100641464,17717592513,18772643,19616185,1008412,0,0,0,0,0,0,0,0,0,0,0,0,592,79,3,2,0,0,0,0,0,0,0,0,0
1779257666.578842,g11.hpc.coe,43337,0.5001,0,100.0,2035.0,12288.0,17107582120,17724547484,18779633,19623187,1009288,0,0,0,0,0,0,0,0,0,0,0,0,6940656,6954971,6990,7002,876,0,0,0,0,0,0,0,0
1779257667.0789368,g11.hpc.coe,43337,0.5001,0,100.0,2035.0,12288.0,17135342120,17752329410,18807542,19651126,1009324,0,0,0,0,0,0,0,0,0,0,0,0,27760000,27781926,27909,27939,36,0,0,0,0,0,0,0,0
1779257667.5790293,g11.hpc.coe,43337,0.5001,0,100.0,2035.0,12288.0,17135342849,17752329489,18807545,19651128,1009324,0,0,0,0,0,0,0,0,0,0,0,0,729,79,3,2,0,0,0,0,0,0,0,0,0
1779257668.0791247,g11.hpc.coe,43337,0.5001,0,100.0,2035.0,12288.0,17135344222,17752330015,18807562,19651138,1009324,0,0,0,0,0,0,0,0,0,0,0,0,1373,526,17,10,0,0,0,0,0,0,0,0,0
1779257668.5792155,g11.hpc.coe,43337,0.5001,0,100.0,2035.0,12288.0,17135345037,17752330094,18807565,19651140,1009324,0,0,0,0,0,0,0,0,0,0,0,0,815,79,3,2,0,0,0,0,0,0,0,0,0
1779257669.0793076,g11.hpc.coe,43337,0.5001,0,100.0,2035.0,12288.0,17135345895,17752330173,18807568,19651142,1009324,0,0,0,0,0,0,0,0,0,0,0,0,858,79,3,2,0,0,0,0,0,0,0,0,0
1779257669.5794003,g11.hpc.coe,43337,0.5001,0,100.0,2035.0,12288.0,17135346873,17752330307,18807573,19651145,1009324,0,0,0,0,0,0,0,0,0,0,0,0,978,134,5,3,0,0,0,0,0,0,0,0,0
1779257670.079495,g11.hpc.coe,43337,0.5001,0,100.0,2035.0,12288.0,17135347817,17752330386,18807576,19651147,1009324,0,0,0,0,0,0,0,0,0,0,0,0,944,79,3,2,0,0,0,0,0,0,0,0,0
1779257670.5795853,g11.hpc.coe,43337,0.5001,0,100.0,2035.0,12288.0,17136038977,17753028063,18808334,19651913,1009327,0,0,0,0,0,0,0,0,0,0,0,0,691160,697677,758,766,3,0,0,0,0,0,0,0,0
1779257671.079677,g11.hpc.coe,43337,0.5001,0,100.0,2035.0,12288.0,17170049134,17787067255,18842469,19686084,1009793,0,0,0,0,0,0,0,0,0,0,0,0,34010157,34039192,34135,34171,466,0,0,0,0,0,0,0,0
1779257671.5797691,g11.hpc.coe,43337,0.5001,0,100.0,2035.0,12288.0,17170050236,17787067334,18842473,19686086,1009793,0,0,0,0,0,0,0,0,0,0,0,0,1102,79,4,2,0,0,0,0,0,0,0,0,0
1779257672.0798614,g11.hpc.coe,43337,0.5001,0,100.0,2035.0,12288.0,17170051381,17787067413,18842477,19686088,1009793,0,0,0,0,0,0,0,0,0,0,0,0,1145,79,4,2,0,0,0,0,0,0,0,0,0
1779257672.5799513,g11.hpc.coe,43337,0.5001,0,100.0,2035.0,12288.0,17170052569,17787067492,18842481,19686090,1009793,0,0,0,0,0,0,0,0,0,0,0,0,1188,79,4,2,0,0,0,0,0,0,0,0,0
1779257673.0800436,g11.hpc.coe,43337,0.5001,0,100.0,2035.0,12288.0,17170052732,17787067549,18842483,19686091,1009793,0,0,0,0,0,0,0,0,0,0,0,0,163,57,2,1,0,0,0,0,0,0,0,0,0
1779257673.5801368,g11.hpc.coe,43337,0.5001,0,100.0,2035.0,12288.0,17170052937,17787067606,18842485,19686092,1009793,0,0,0,0,0,0,0,0,0,0,0,0,205,57,2,1,0,0,0,0,0,0,0,0,0
1779257674.080232,g11.hpc.coe,43337,0.5001,0,100.0,2035.0,12288.0,17170053185,17787067663,18842487,19686093,1009793,0,0,0,0,0,0,0,0,0,0,0,0,248,57,2,1,0,0,0,0,0,0,0,0,0
1779257674.5803282,g11.hpc.coe,43337,0.5001,0,100.0,2035.0,12288.0,17170053627,17787075281,18842497,19686109,1009793,0,0,0,0,0,0,0,0,0,0,0,0,442,7618,10,16,0,0,0,0,0,0,0,0,0
1779257675.080423,g11.hpc.coe,43337,0.5001,0,100.0,2035.0,12288.0,17204753235,17821804522,18877387,19721026,1009846,0,0,0,0,0,0,0,0,0,0,0,0,34699608,34729241,34890,34917,53,0,0,0,0,0,0,0,0
1779257675.5805159,g11.hpc.coe,43337,0.5001,0,100.0,2035.0,12288.0,17204753617,17821804579,18877389,19721027,1009846,0,0,0,0,0,0,0,0,0,0,0,0,382,57,2,1,0,0,0,0,0,0,0,0,0
1779257676.0806057,g11.hpc.coe,43337,0.5001,0,100.0,2035.0,12288.0,17204754042,17821804636,18877391,19721028,1009846,0,0,0,0,0,0,0,0,0,0,0,0,425,57,2,1,0,0,0,0,0,0,0,0,0
1779257676.5806973,g11.hpc.coe,43337,0.5001,0,100.0,2035.0,12288.0,17204754509,17821804693,18877393,19721029,1009846,0,0,0,0,0,0,0,0,0,0,0,0,467,57,2,1,0,0,0,0,0,0,0,0,0
1779257677.080803,g11.hpc.coe,43337,0.5001,0,100.0,2035.0,12288.0,17204755019,17821804750,18877395,19721030,1009846,0,0,0,0,0,0,0,0,0,0,0,0,510,57,2,1,0,0,0,0,0,0,0,0,0
1779257677.5808978,g11.hpc.coe,43337,0.5001,0,100.0,2035.0,12288.0,17204755594,17821804829,18877398,19721032,1009846,0,0,0,0,0,0,0,0,0,0,0,0,575,79,3,2,0,0,0,0,0,0,0,0,0
1779257678.080991,g11.hpc.coe,43337,0.5001,0,100.0,2035.0,12288.0,17204756211,17821804908,18877401,19721034,1009846,0,0,0,0,0,0,0,0,0,0,0,0,617,79,3,2,0,0,0,0,0,0,0,0,0
1779257678.5810833,g11.hpc.coe,43337,0.5001,0,100.0,2035.0,12288.0,17204756871,17821804987,18877404,19721036,1009846,0,0,0,0,0,0,0,0,0,0,0,0,660,79,3,2,0,0,0,0,0,0,0,0,0
1779257679.0811749,g11.hpc.coe,43337,0.5001,0,100.0,2035.0,12288.0,17239456887,17856541798,18912296,19755974,1009871,0,0,0,0,0,0,0,0,0,0,0,0,34700016,34736811,34892,34938,25,0,0,0,0,0,0,0,0
1779257679.581267,g11.hpc.coe,43337,0.5001,0,100.0,2035.0,12288.0,17239457637,17856541877,18912299,19755976,1009871,0,0,0,0,0,0,0,0,0,0,0,0,750,79,3,2,0,0,0,0,0,0,0,0,0
1779257680.08136,g11.hpc.coe,43337,0.5001,0,100.0,2035.0,12288.0,17239458507,17856542011,18912304,19755979,1009871,0,0,0,0,0,0,0,0,0,0,0,0,870,134,5,3,0,0,0,0,0,0,0,0,0
1779257680.5814524,g11.hpc.coe,43337,0.5001,0,100.0,2035.0,12288.0,17239459342,17856542090,18912307,19755981,1009871,0,0,0,0,0,0,0,0,0,0,0,0,835,79,3,2,0,0,0,0,0,0,0,0,0
1779257681.0815449,g11.hpc.coe,43337,0.5001,0,100.0,2035.0,12288.0,17239460220,17856542169,18912310,19755983,1009871,0,0,0,0,0,0,0,0,0,0,0,0,878,79,3,2,0,0,0,0,0,0,0,0,0
1779257681.5816362,g11.hpc.coe,43337,0.5001,0,100.0,2035.0,12288.0,17239461141,17856542248,18912313,19755985,1009871,0,0,0,0,0,0,0,0,0,0,0,0,921,79,3,2,0,0,0,0,0,0,0,0,0
1779257682.081728,g11.hpc.coe,43337,0.5001,0,100.0,2035.0,12288.0,17239462105,17856542327,18912316,19755987,1009871,0,0,0,0,0,0,0,0,0,0,0,0,964,79,3,2,0,0,0,0,0,0,0,0,0
1779257682.5818186,g11.hpc.coe,43337,0.5001,0,100.0,2035.0,12288.0,17239463111,17856542406,18912319,19755989,1009871,0,0,0,0,0,0,0,0,0,0,0,0,1006,79,3,2,0,0,0,0,0,0,0,0,0
1779257683.0819113,g11.hpc.coe,43337,0.5001,0,100.0,2035.0,12288.0,17267914662,17885030144,18941010,19784713,1009895,0,0,0,0,0,0,0,0,0,0,0,0,28451551,28487738,28691,28724,24,0,0,0,0,0,0,0,0
1779257683.5820034,g11.hpc.coe,43337,0.5001,0,100.0,2035.0,12288.0,17274165479,17891279998,18947236,19790942,1010103,0,0,0,0,0,0,0,0,0,0,0,0,6250817,6249854,6226,6229,208,0,0,0,0,0,0,0,0
1779257684.082093,g11.hpc.coe,43337,0.5001,0,100.0,2035.0,12288.0,17274166645,17891280077,18947240,19790944,1010103,0,0,0,0,0,0,0,0,0,0,0,0,1166,79,4,2,0,0,0,0,0,0,0,0,0
1779257684.582185,g11.hpc.coe,43337,0.5001,0,100.0,2035.0,12288.0,17274166786,17891280134,18947242,19790945,1010103,0,0,0,0,0,0,0,0,0,0,0,0,141,57,2,1,0,0,0,0,0,0,0,0,0
1779257685.082276,g11.hpc.coe,43337,0.5001,0,100.0,2035.0,12288.0,17274167046,17891280246,18947246,19790947,1010103,0,0,0,0,0,0,0,0,0,0,0,0,260,112,4,2,0,0,0,0,0,0,0,0,0
1779257685.5823667,g11.hpc.coe,43337,0.5001,0,100.0,2035.0,12288.0,17274167272,17891280303,18947248,19790948,1010103,0,0,0,0,0,0,0,0,0,0,0,0,226,57,2,1,0,0,0,0,0,0,0,0,0
1779257686.082461,g11.hpc.coe,43337,0.5001,0,100.0,2035.0,12288.0,17274167541,17891280360,18947250,19790949,1010103,0,0,0,0,0,0,0,0,0,0,0,0,269,57,2,1,0,0,0,0,0,0,0,0,0
1779257686.5825539,g11.hpc.coe,43337,0.5001,0,100.0,2035.0,12288.0,17274167852,17891280417,18947252,19790950,1010103,0,0,0,0,0,0,0,0,0,0,0,0,311,57,2,1,0,0,0,0,0,0,0,0,0
1779257687.0826445,g11.hpc.coe,43337,0.5001,0,100.0,2035.0,12288.0,17301927848,17919077450,18975179,19818919,1010133,0,0,0,0,0,0,0,0,0,0,0,0,27759996,27797033,27927,27969,30,0,0,0,0,0,0,0,0
1779257687.582737,g11.hpc.coe,43337,0.5001,0,100.0,2035.0,12288.0,17308867963,17926017263,18982151,19825888,1010644,0,0,0,0,0,0,0,0,0,0,0,0,6940115,6939813,6972,6969,511,0,0,0,0,0,0,0,0
1779257688.0828295,g11.hpc.coe,43337,0.5001,0,100.0,2035.0,12288.0,17308868411,17926017320,18982153,19825889,1010644,0,0,0,0,0,0,0,0,0,0,0,0,448,57,2,1,0,0,0,0,0,0,0,0,0
1779257688.5829208,g11.hpc.coe,43337,0.5001,0,100.0,2035.0,12288.0,17308868902,17926017377,18982155,19825890,1010644,0,0,0,0,0,0,0,0,0,0,0,0,491,57,2,1,0,0,0,0,0,0,0,0,0
1779257689.0830123,g11.hpc.coe,43337,0.5001,0,100.0,2035.0,12288.0,17308869436,17926017434,18982157,19825891,1010644,0,0,0,0,0,0,0,0,0,0,0,0,534,57,2,1,0,0,0,0,0,0,0,0,0
1779257689.5831032,g11.hpc.coe,43337,0.5001,0,100.0,2035.0,12288.0,17308870035,17926017513,18982160,19825893,1010644,0,0,0,0,0,0,0,0,0,0,0,0,599,79,3,2,0,0,0,0,0,0,0,0,0
1779257690.083195,g11.hpc.coe,43337,0.5001,0,100.0,2035.0,12288.0,17308870753,17926017647,18982165,19825896,1010644,0,0,0,0,0,0,0,0,0,0,0,0,718,134,5,3,0,0,0,0,0,0,0,0,0
1779257690.583287,g11.hpc.coe,43337,0.5001,0,100.0,2035.0,12288.0,17308871437,17926017726,18982168,19825898,1010644,0,0,0,0,0,0,0,0,0,0,0,0,684,79,3,2,0,0,0,0,0,0,0,0,0
1779257691.0833778,g11.hpc.coe,43337,0.5001,0,100.0,2035.0,12288.0,17330381923,17947557452,19003859,19847627,1010671,0,0,0,0,0,0,0,0,0,0,0,0,21510486,21539726,21691,21729,27,0,0,0,0,0,0,0,0
1779257691.5834715,g11.hpc.coe,43337,0.5001,0,100.0,2035.0,12288.0,17343572202,17960754637,19017056,19860841,1011698,0,0,0,0,0,0,0,0,0,0,0,0,13190279,13197185,13197,13214,1027,0,0,0,0,0,0,0,0
1779257692.0835783,g11.hpc.coe,43337,0.5001,0,100.0,2035.0,12288.0,17343573025,17960754716,19017059,19860843,1011698,0,0,0,0,0,0,0,0,0,0,0,0,823,79,3,2,0,0,0,0,0,0,0,0,0
1779257692.5836725,g11.hpc.coe,43337,0.5001,0,100.0,2035.0,12288.0,17343573890,17960754795,19017062,19860845,1011698,0,0,0,0,0,0,0,0,0,0,0,0,865,79,3,2,0,0,0,0,0,0,0,0,0
1779257693.0837657,g11.hpc.coe,43337,0.5001,0,100.0,2035.0,12288.0,17343574798,17960754874,19017065,19860847,1011698,0,0,0,0,0,0,0,0,0,0,0,0,908,79,3,2,0,0,0,0,0,0,0,0,0
1779257693.583859,g11.hpc.coe,43337,0.5001,0,100.0,2035.0,12288.0,17343575749,17960754953,19017068,19860849,1011698,0,0,0,0,0,0,0,0,0,0,0,0,951,79,3,2,0,0,0,0,0,0,0,0,0
1779257694.0839496,g11.hpc.coe,43337,0.5001,0,100.0,2035.0,12288.0,17343576742,17960755032,19017071,19860851,1011698,0,0,0,0,0,0,0,0,0,0,0,0,993,79,3,2,0,0,0,0,0,0,0,0,0
1779257694.5840409,g11.hpc.coe,43337,0.5001,0,100.0,2035.0,12288.0,17343577778,17960755111,19017074,19860853,1011698,0,0,0,0,0,0,0,0,0,0,0,0,1036,79,3,2,0,0,0,0,0,0,0,0,0
1779257695.084136,g11.hpc.coe,43337,0.5001,0,100.0,2035.0,12288.0,17365088694,17982294830,19038774,19882581,1011717,0,0,0,0,0,0,0,0,0,0,0,0,21510916,21539719,21700,21728,19,0,0,0,0,0,0,0,0
1779257695.5842292,g11.hpc.coe,43337,0.5001,0,100.0,2035.0,12288.0,17378279459,17995492077,19051981,19895797,1011723,0,0,0,0,0,0,0,0,0,0,0,0,13190765,13197247,13207,13216,6,0,0,0,0,0,0,0,0
1779257696.084326,g11.hpc.coe,43337,0.5001,0,100.0,2035.0,12288.0,17378279587,17995492134,19051983,19895798,1011723,0,0,0,0,0,0,0,0,0,0,0,0,128,57,2,1,0,0,0,0,0,0,0,0,0
1779257696.5844185,g11.hpc.coe,43337,0.5001,0,100.0,2035.0,12288.0,17378279758,17995492191,19051985,19895799,1011723,0,0,0,0,0,0,0,0,0,0,0,0,171,57,2,1,0,0,0,0,0,0,0,0,0
1779257697.0845115,g11.hpc.coe,43337,0.5001,0,100.0,2035.0,12288.0,17378279971,17995492248,19051987,19895800,1011723,0,0,0,0,0,0,0,0,0,0,0,0,213,57,2,1,0,0,0,0,0,0,0,0,0
1779257697.5846038,g11.hpc.coe,43337,0.5001,0,100.0,2035.0,12288.0,17378280227,17995492305,19051989,19895801,1011723,0,0,0,0,0,0,0,0,0,0,0,0,256,57,2,1,0,0,0,0,0,0,0,0,0
1779257698.0846953,g11.hpc.coe,43337,0.5001,0,100.0,2035.0,12288.0,17378281127,17995492809,19052005,19895810,1011723,0,0,0,0,0,0,0,0,0,0,0,0,900,504,16,9,0,0,0,0,0,0,0,0,0
1779257698.5847938,g11.hpc.coe,43337,0.5001,0,100.0,2035.0,12288.0,17378281469,17995492866,19052007,19895811,1011723,0,0,0,0,0,0,0,0,0,0,0,0,342,57,2,1,0,0,0,0,0,0,0,0,0
1779257699.0848882,g11.hpc.coe,43337,0.5001,0,100.0,2035.0,12288.0,17392851791,18010085211,19066725,19910550,1011727,0,0,0,0,0,0,0,0,0,0,0,0,14570322,14592345,14718,14739,4,0,0,0,0,0,0,0,0
1779257699.5849802,g11.hpc.coe,43337,0.5001,0,100.0,2035.0,12288.0,17412981641,18030229684,19086906,19930745,1013811,0,0,0,0,0,0,0,0,0,0,0,0,20129850,20144473,20181,20195,2084,0,0,0,0,0,0,0,0
1779257700.085074,g11.hpc.coe,43337,0.5001,0,100.0,2035.0,12288.0,17412982122,18030229741,19086908,19930746,1013811,0,0,0,0,0,0,0,0,0,0,0,0,481,57,2,1,0,0,0,0,0,0,0,0,0
1779257700.5851688,g11.hpc.coe,43337,0.5001,0,100.0,2035.0,12288.0,17412982722,18030229853,19086912,19930748,1013811,0,0,0,0,0,0,0,0,0,0,0,0,600,112,4,2,0,0,0,0,0,0,0,0,0
1779257701.0852594,g11.hpc.coe,43337,0.5001,0,100.0,2035.0,12288.0,17412983310,18030229932,19086915,19930750,1013811,0,0,0,0,0,0,0,0,0,0,0,0,588,79,3,2,0,0,0,0,0,0,0,0,0
1779257701.585353,g11.hpc.coe,43337,0.5001,0,100.0,2035.0,12288.0,17412983941,18030230011,19086918,19930752,1013811,0,0,0,0,0,0,0,0,0,0,0,0,631,79,3,2,0,0,0,0,0,0,0,0,0
1779257702.0854497,g11.hpc.coe,43337,0.5001,0,100.0,2035.0,12288.0,17412986411,18030289173,19086966,19930883,1013811,0,0,0,0,0,0,0,0,0,0,0,0,2470,59162,48,131,0,0,0,0,0,0,0,0,0
1779257702.5855422,g11.hpc.coe,43337,0.5001,0,100.0,2035.0,12288.0,17412988619,18030337844,19086996,19930991,1013811,0,0,0,0,0,0,0,0,0,0,0,0,2208,48671,30,108,0,0,0,0,0,0,0,0,0
1779257703.085633,g11.hpc.coe,43337,0.5001,0,100.0,2035.0,12288.0,17427559283,18044930211,19101710,19945731,1013823,0,0,0,0,0,0,0,0,0,0,0,0,14570664,14592367,14714,14740,12,0,0,0,0,0,0,0,0
1779257703.5857282,g11.hpc.coe,43337,0.5001,0,100.0,2035.0,12288.0,17447689581,18065074685,19121902,19965924,1013842,0,0,0,0,0,0,0,0,0,0,0,0,20130298,20144474,20192,20193,19,0,0,0,0,0,0,0,0
1779257704.0858192,g11.hpc.coe,43337,0.5001,0,100.0,2035.0,12288.0,17447690439,18065074764,19121905,19965926,1013842,0,0,0,0,0,0,0,0,0,0,0,0,858,79,3,2,0,0,0,0,0,0,0,0,0
1779257704.585912,g11.hpc.coe,43337,0.5001,0,100.0,2035.0,12288.0,17447691339,18065074843,19121908,19965928,1013842,0,0,0,0,0,0,0,0,0,0,0,0,900,79,3,2,0,0,0,0,0,0,0,0,0
1779257705.0860033,g11.hpc.coe,43337,0.5001,0,100.0,2035.0,12288.0,17447692282,18065074922,19121911,19965930,1013842,0,0,0,0,0,0,0,0,0,0,0,0,943,79,3,2,0,0,0,0,0,0,0,0,0
1779257705.5860944,g11.hpc.coe,43337,0.5001,0,100.0,2035.0,12288.0,17447693345,18065075056,19121916,19965933,1013842,0,0,0,0,0,0,0,0,0,0,0,0,1063,134,5,3,0,0,0,0,0,0,0,0,0
1779257706.0861883,g11.hpc.coe,43337,0.5001,0,100.0,2035.0,12288.0,17447694374,18065075135,19121919,19965935,1013842,0,0,0,0,0,0,0,0,0,0,0,0,1029,79,3,2,0,0,0,0,0,0,0,0,0
1779257706.5862818,g11.hpc.coe,43337,0.5001,0,100.0,2035.0,12288.0,17447695468,18065075214,19121923,19965937,1013842,0,0,0,0,0,0,0,0,0,0,0,0,1094,79,4,2,0,0,0,0,0,0,0,0,0
1779257707.0863729,g11.hpc.coe,43337,0.5001,0,100.0,2035.0,12288.0,17447696605,18065075293,19121927,19965939,1013842,0,0,0,0,0,0,0,0,0,0,0,0,1137,79,4,2,0,0,0,0,0,0,0,0,0
1779257707.5864654,g11.hpc.coe,43337,0.5001,0,100.0,2035.0,12288.0,17469207572,18086614991,19143623,19987664,1013855,0,0,0,0,0,0,0,0,0,0,0,0,21510967,21539698,21696,21725,13,0,0,0,0,0,0,0,0
1779257708.0865576,g11.hpc.coe,43337,0.5001,0,100.0,2035.0,12288.0,17482397279,18099812154,19156825,20000877,1015436,0,0,0,0,0,0,0,0,0,0,0,0,13189707,13197163,13202,13213,1581,0,0,0,0,0,0,0,0
1779257708.5866494,g11.hpc.coe,43337,0.5001,0,100.0,2035.0,12288.0,17482397487,18099812211,19156827,20000878,1015436,0,0,0,0,0,0,0,0,0,0,0,0,208,57,2,1,0,0,0,0,0,0,0,0,0
1779257709.0867426,g11.hpc.coe,43337,0.5001,0,100.0,2035.0,12288.0,17482397738,18099812268,19156829,20000879,1015436,0,0,0,0,0,0,0,0,0,0,0,0,251,57,2,1,0,0,0,0,0,0,0,0,0
1779257709.5868337,g11.hpc.coe,43337,0.5001,0,100.0,2035.0,12288.0,17482398031,18099812325,19156831,20000880,1015436,0,0,0,0,0,0,0,0,0,0,0,0,293,57,2,1,0,0,0,0,0,0,0,0,0
1779257710.0869253,g11.hpc.coe,43337,0.5001,0,100.0,2035.0,12288.0,17482398367,18099812382,19156833,20000881,1015436,0,0,0,0,0,0,0,0,0,0,0,0,336,57,2,1,0,0,0,0,0,0,0,0,0
1779257710.5870185,g11.hpc.coe,43337,0.5001,0,100.0,2035.0,12288.0,17482398823,18099812494,19156837,20000883,1015436,0,0,0,0,0,0,0,0,0,0,0,0,456,112,4,2,0,0,0,0,0,0,0,0,0
1779257711.0871155,g11.hpc.coe,43337,0.5001,0,100.0,2035.0,12288.0,17482399245,18099812551,19156839,20000884,1015436,0,0,0,0,0,0,0,0,0,0,0,0,422,57,2,1,0,0,0,0,0,0,0,0,0
1779257711.58721,g11.hpc.coe,43337,0.5001,0,100.0,2035.0,12288.0,17503219460,18120662232,19177784,20021865,1015452,0,0,0,0,0,0,0,0,0,0,0,0,20820215,20849681,20945,20981,16,0,0,0,0,0,0,0,0
1779257712.087301,g11.hpc.coe,43337,0.5001,0,100.0,2035.0,12288.0,17517099556,18134549390,19191735,20035821,1015523,0,0,0,0,0,0,0,0,0,0,0,0,13880096,13887158,13951,13956,71,0,0,0,0,0,0,0,0
1779257712.5873928,g11.hpc.coe,43337,0.5001,0,100.0,2035.0,12288.0,17517100137,18134549469,19191738,20035823,1015523,0,0,0,0,0,0,0,0,0,0,0,0,581,79,3,2,0,0,0,0,0,0,0,0,0
1779257713.0874841,g11.hpc.coe,43337,0.5001,0,100.0,2035.0,12288.0,17517101362,18134549995,19191755,20035833,1015523,0,0,0,0,0,0,0,0,0,0,0,0,1225,526,17,10,0,0,0,0,0,0,0,0,0
1779257713.5875795,g11.hpc.coe,43337,0.5001,0,100.0,2035.0,12288.0,17517102030,18134550074,19191758,20035835,1015523,0,0,0,0,0,0,0,0,0,0,0,0,668,79,3,2,0,0,0,0,0,0,0,0,0
1779257714.0876718,g11.hpc.coe,43337,0.5001,0,100.0,2035.0,12288.0,17517102741,18134550153,19191761,20035837,1015523,0,0,0,0,0,0,0,0,0,0,0,0,711,79,3,2,0,0,0,0,0,0,0,0,0
1779257714.5877655,g11.hpc.coe,43337,0.5001,0,100.0,2035.0,12288.0,17517103494,18134550232,19191764,20035839,1015523,0,0,0,0,0,0,0,0,0,0,0,0,753,79,3,2,0,0,0,0,0,0,0,0,0
1779257715.0878596,g11.hpc.coe,43337,0.5001,0,100.0,2035.0,12288.0,17517104290,18134550311,19191767,20035841,1015523,0,0,0,0,0,0,0,0,0,0,0,0,796,79,3,2,0,0,0,0,0,0,0,0,0
1779257715.5879636,g11.hpc.coe,43337,0.5001,0,100.0,2035.0,12288.0,17531675079,18149142733,19206481,20050582,1015542,0,0,0,0,0,0,0,0,0,0,0,0,14570789,14592422,14714,14741,19,0,0,0,0,0,0,0,0
1779257716.0880573,g11.hpc.coe,43337,0.5001,0,100.0,2035.0,12288.0,17551805427,18169287284,19226667,20070786,1017612,0,0,0,0,0,0,0,0,0,0,0,0,20130348,20144551,20186,20204,2070,0,0,0,0,0,0,0,0
1779257716.5881474,g11.hpc.coe,43337,0.5001,0,100.0,2035.0,12288.0,17551806362,18169287363,19226670,20070788,1017612,0,0,0,0,0,0,0,0,0,0,0,0,935,79,3,2,0,0,0,0,0,0,0,0,0
1779257717.088239,g11.hpc.coe,43337,0.5001,0,100.0,2035.0,12288.0,17551807340,18169287442,19226673,20070790,1017612,0,0,0,0,0,0,0,0,0,0,0,0,978,79,3,2,0,0,0,0,0,0,0,0,0
1779257717.5883296,g11.hpc.coe,43337,0.5001,0,100.0,2035.0,12288.0,17551808360,18169287521,19226676,20070792,1017612,0,0,0,0,0,0,0,0,0,0,0,0,1020,79,3,2,0,0,0,0,0,0,0,0,0
1779257718.0884204,g11.hpc.coe,43337,0.5001,0,100.0,2035.0,12288.0,17551809445,18169287600,19226680,20070794,1017612,0,0,0,0,0,0,0,0,0,0,0,0,1085,79,4,2,0,0,0,0,0,0,0,0,0
1779257718.588512,g11.hpc.coe,43337,0.5001,0,100.0,2035.0,12288.0,17551810573,18169287679,19226684,20070796,1017612,0,0,0,0,0,0,0,0,0,0,0,0,1128,79,4,2,0,0,0,0,0,0,0,0,0
1779257719.0886028,g11.hpc.coe,43337,0.5001,0,100.0,2035.0,12288.0,17551811744,18169287758,19226688,20070798,1017612,0,0,0,0,0,0,0,0,0,0,0,0,1171,79,4,2,0,0,0,0,0,0,0,0,0
1779257719.5886984,g11.hpc.coe,43337,0.5001,0,100.0,2035.0,12288.0,17566381806,18183880047,19241403,20085529,1017629,0,0,0,0,0,0,0,0,0,0,0,0,14570062,14592289,14715,14731,17,0,0,0,0,0,0,0,0
1779257720.088799,g11.hpc.coe,43337,0.5001,0,100.0,2035.0,12288.0,17586511369,18204024541,19261577,20105727,1017647,0,0,0,0,0,0,0,0,0,0,0,0,20129563,20144494,20174,20198,18,0,0,0,0,0,0,0,0
1779257720.58889,g11.hpc.coe,43337,0.5001,0,100.0,2035.0,12288.0,17586511610,18204024598,19261579,20105728,1017647,0,0,0,0,0,0,0,0,0,0,0,0,241,57,2,1,0,0,0,0,0,0,0,0,0
1779257721.0889814,g11.hpc.coe,43337,0.5001,0,100.0,2035.0,12288.0,17586511970,18204024710,19261583,20105730,1017647,0,0,0,0,0,0,0,0,0,0,0,0,360,112,4,2,0,0,0,0,0,0,0,0,0
1779257721.5890768,g11.hpc.coe,43337,0.5001,0,100.0,2035.0,12288.0,17586512296,18204024767,19261585,20105731,1017647,0,0,0,0,0,0,0,0,0,0,0,0,326,57,2,1,0,0,0,0,0,0,0,0,0
1779257722.0891678,g11.hpc.coe,43337,0.5001,0,100.0,2035.0,12288.0,17586512665,18204024824,19261587,20105732,1017647,0,0,0,0,0,0,0,0,0,0,0,0,369,57,2,1,0,0,0,0,0,0,0,0,0
1779257722.5892606,g11.hpc.coe,43337,0.5001,0,100.0,2035.0,12288.0,17586513077,18204024881,19261589,20105733,1017647,0,0,0,0,0,0,0,0,0,0,0,0,412,57,2,1,0,0,0,0,0,0,0,0,0
1779257723.0893512,g11.hpc.coe,43337,0.5001,0,100.0,2035.0,12288.0,17586513532,18204024938,19261591,20105734,1017647,0,0,0,0,0,0,0,0,0,0,0,0,455,57,2,1,0,0,0,0,0,0,0,0,0
1779257723.5894446,g11.hpc.coe,43337,0.5001,0,100.0,2035.0,12288.0,17599775040,18217842605,19275546,20119703,1020904,0,0,0,0,0,0,0,0,0,0,0,0,13261508,13817667,13955,13969,3257,0,0,0,0,0,0,0,0
1779257724.0895445,g11.hpc.coe,43337,0.5001,0,100.0,2035.0,12288.0,17621213945,18238761708,19296490,20140659,1020922,0,0,0,0,0,0,0,0,0,0,0,0,21438905,20919103,20944,20956,18,0,0,0,0,0,0,0,0
1779257724.5896375,g11.hpc.coe,43337,0.5001,0,100.0,2035.0,12288.0,17621214560,18238761787,19296493,20140661,1020922,0,0,0,0,0,0,0,0,0,0,0,0,615,79,3,2,0,0,0,0,0,0,0,0,0
1779257725.089729,g11.hpc.coe,43337,0.5001,0,100.0,2035.0,12288.0,17621215218,18238761866,19296496,20140663,1020922,0,0,0,0,0,0,0,0,0,0,0,0,658,79,3,2,0,0,0,0,0,0,0,0,0
1779257725.5898209,g11.hpc.coe,43337,0.5001,0,100.0,2035.0,12288.0,17621215919,18238761945,19296499,20140665,1020922,0,0,0,0,0,0,0,0,0,0,0,0,701,79,3,2,0,0,0,0,0,0,0,0,0
1779257726.0899153,g11.hpc.coe,43337,0.5001,0,100.0,2035.0,12288.0,17621216739,18238762079,19296504,20140668,1020922,0,0,0,0,0,0,0,0,0,0,0,0,820,134,5,3,0,0,0,0,0,0,0,0,0
1779257726.5900095,g11.hpc.coe,43337,0.5001,0,100.0,2035.0,12288.0,17621217525,18238762158,19296507,20140670,1020922,0,0,0,0,0,0,0,0,0,0,0,0,786,79,3,2,0,0,0,0,0,0,0,0,0
1779257727.0901027,g11.hpc.coe,43337,0.5001,0,100.0,2035.0,12288.0,17621218354,18238762237,19296510,20140672,1020922,0,0,0,0,0,0,0,0,0,0,0,0,829,79,3,2,0,0,0,0,0,0,0,0,0
1779257727.5901947,g11.hpc.coe,43337,0.5001,0,100.0,2035.0,12288.0,17628849271,18246407252,19304247,20148424,1020930,0,0,0,0,0,0,0,0,0,0,0,0,7630917,7645015,7737,7752,8,0,0,0,0,0,0,0,0
1779257728.0902858,g11.hpc.coe,43337,0.5001,0,100.0,2035.0,12288.0,17655920022,18273499525,19331416,20175613,1020948,0,0,0,0,0,0,0,0,0,0,0,0,27070751,27092273,27169,27189,18,0,0,0,0,0,0,0,0
1779257728.5903802,g11.hpc.coe,43337,0.5001,0,100.0,2035.0,12288.0,17655920988,18273499604,19331419,20175615,1020948,0,0,0,0,0,0,0,0,0,0,0,0,966,79,3,2,0,0,0,0,0,0,0,0,0
1779257729.0904703,g11.hpc.coe,43337,0.5001,0,100.0,2035.0,12288.0,17655921997,18273499683,19331422,20175617,1020948,0,0,0,0,0,0,0,0,0,0,0,0,1009,79,3,2,0,0,0,0,0,0,0,0,0
1779257729.5905638,g11.hpc.coe,43337,0.5001,0,100.0,2035.0,12288.0,17655923049,18273499762,19331425,20175619,1020948,0,0,0,0,0,0,0,0,0,0,0,0,1052,79,3,2,0,0,0,0,0,0,0,0,0
1779257730.0906565,g11.hpc.coe,43337,0.5001,0,100.0,2035.0,12288.0,17655924166,18273499841,19331429,20175621,1020948,0,0,0,0,0,0,0,0,0,0,0,0,1117,79,4,2,0,0,0,0,0,0,0,0,0
1779257730.59075,g11.hpc.coe,43337,0.5001,0,100.0,2035.0,12288.0,17655925326,18273499920,19331433,20175623,1020948,0,0,0,0,0,0,0,0,0,0,0,0,1160,79,4,2,0,0,0,0,0,0,0,0,0
1779257731.0908418,g11.hpc.coe,43337,0.5001,0,100.0,2035.0,12288.0,17655925537,18273500032,19331437,20175625,1020948,0,0,0,0,0,0,0,0,0,0,0,0,211,112,4,2,0,0,0,0,0,0,0,0,0
1779257731.5909333,g11.hpc.coe,43337,0.5001,0,100.0,2035.0,12288.0,17662865736,18280454981,19338426,20182626,1024811,0,0,0,0,0,0,0,0,0,0,0,0,6940199,6954949,6989,7001,3863,0,0,0,0,0,0,0,0
1779257732.0910268,g11.hpc.coe,43337,0.5001,0,100.0,2035.0,12288.0,17690625266,18308236850,19366332,20210559,1024838,0,0,0,0,0,0,0,0,0,0,0,0,27759530,27781869,27906,27933,27,0,0,0,0,0,0,0,0
1779257732.5911222,g11.hpc.coe,43337,0.5001,0,100.0,2035.0,12288.0,17690625538,18308236907,19366334,20210560,1024838,0,0,0,0,0,0,0,0,0,0,0,0,272,57,2,1,0,0,0,0,0,0,0,0,0
1779257733.0912135,g11.hpc.coe,43337,0.5001,0,100.0,2035.0,12288.0,17690625853,18308236964,19366336,20210561,1024838,0,0,0,0,0,0,0,0,0,0,0,0,315,57,2,1,0,0,0,0,0,0,0,0,0
1779257733.5913062,g11.hpc.coe,43337,0.5001,0,100.0,2035.0,12288.0,17690626211,18308237021,19366338,20210562,1024838,0,0,0,0,0,0,0,0,0,0,0,0,358,57,2,1,0,0,0,0,0,0,0,0,0
1779257734.0913997,g11.hpc.coe,43337,0.5001,0,100.0,2035.0,12288.0,17690626612,18308237078,19366340,20210563,1024838,0,0,0,0,0,0,0,0,0,0,0,0,401,57,2,1,0,0,0,0,0,0,0,0,0
1779257734.5914927,g11.hpc.coe,43337,0.5001,0,100.0,2035.0,12288.0,17690627055,18308237135,19366342,20210564,1024838,0,0,0,0,0,0,0,0,0,0,0,0,443,57,2,1,0,0,0,0,0,0,0,0,0
1779257735.091586,g11.hpc.coe,43337,0.5001,0,100.0,2035.0,12288.0,17690627541,18308237192,19366344,20210565,1024838,0,0,0,0,0,0,0,0,0,0,0,0,486,57,2,1,0,0,0,0,0,0,0,0,0
1779257735.5916786,g11.hpc.coe,43337,0.5001,0,100.0,2035.0,12288.0,17691318230,18308934819,19367099,20211326,1024840,0,0,0,0,0,0,0,0,0,0,0,0,690689,697627,755,761,2,0,0,0,0,0,0,0,0
1779257736.0917695,g11.hpc.coe,43337,0.5001,0,100.0,2035.0,12288.0,17725328034,18342974073,19401239,20245499,1025186,0,0,0,0,0,0,0,0,0,0,0,0,34009804,34039254,34140,34173,346,0,0,0,0,0,0,0,0
1779257736.5918605,g11.hpc.coe,43337,0.5001,0,100.0,2035.0,12288.0,17725328700,18342974152,19401243,20245501,1025186,0,0,0,0,0,0,0,0,0,0,0,0,666,79,4,2,0,0,0,0,0,0,0,0,0
1779257737.0919597,g11.hpc.coe,43337,0.5001,0,100.0,2035.0,12288.0,17725329387,18342974231,19401246,20245503,1025186,0,0,0,0,0,0,0,0,0,0,0,0,687,79,3,2,0,0,0,0,0,0,0,0,0
1779257737.5920525,g11.hpc.coe,43337,0.5001,0,100.0,2035.0,12288.0,17725330117,18342974310,19401249,20245505,1025186,0,0,0,0,0,0,0,0,0,0,0,0,730,79,3,2,0,0,0,0,0,0,0,0,0
1779257738.0921435,g11.hpc.coe,43337,0.5001,0,100.0,2035.0,12288.0,17725330889,18342974389,19401252,20245507,1025186,0,0,0,0,0,0,0,0,0,0,0,0,772,79,3,2,0,0,0,0,0,0,0,0,0
1779257738.5922341,g11.hpc.coe,43337,0.5001,0,100.0,2035.0,12288.0,17725331704,18342974468,19401255,20245509,1025186,0,0,0,0,0,0,0,0,0,0,0,0,815,79,3,2,0,0,0,0,0,0,0,0,0
1779257739.0923245,g11.hpc.coe,43337,0.5001,0,100.0,2035.0,12288.0,17725332562,18342974547,19401258,20245511,1025186,0,0,0,0,0,0,0,0,0,0,0,0,858,79,3,2,0,0,0,0,0,0,0,0,0
1779257739.5924244,g11.hpc.coe,43337,0.5001,0,100.0,2035.0,12288.0,17725333614,18342982187,19401269,20245528,1025186,0,0,0,0,0,0,0,0,0,0,0,0,1052,7640,11,17,0,0,0,0,0,0,0,0,0
1779257740.0925193,g11.hpc.coe,43337,0.5001,0,100.0,2035.0,12288.0,17760033756,18377711437,19436158,20280451,1025267,0,0,0,0,0,0,0,0,0,0,0,0,34700142,34729250,34889,34923,81,0,0,0,0,0,0,0,0
1779257740.592614,g11.hpc.coe,43337,0.5001,0,100.0,2035.0,12288.0,17760034748,18377711516,19436161,20280453,1025267,0,0,0,0,0,0,0,0,0,0,0,0,992,79,3,2,0,0,0,0,0,0,0,0,0
1779257741.0927064,g11.hpc.coe,43337,0.5001,0,100.0,2035.0,12288.0,17760035783,18377711595,19436164,20280455,1025267,0,0,0,0,0,0,0,0,0,0,0,0,1035,79,3,2,0,0,0,0,0,0,0,0,0
1779257741.5927987,g11.hpc.coe,43337,0.5001,0,100.0,2035.0,12288.0,17760036960,18377711729,19436170,20280458,1025267,0,0,0,0,0,0,0,0,0,0,0,0,1177,134,6,3,0,0,0,0,0,0,0,0,0
1779257742.092889,g11.hpc.coe,43337,0.5001,0,100.0,2035.0,12288.0,17760038103,18377711808,19436174,20280460,1025267,0,0,0,0,0,0,0,0,0,0,0,0,1143,79,4,2,0,0,0,0,0,0,0,0,0
1779257742.5929804,g11.hpc.coe,43337,0.5001,0,100.0,2035.0,12288.0,17760039289,18377711887,19436178,20280462,1025267,0,0,0,0,0,0,0,0,0,0,0,0,1186,79,4,2,0,0,0,0,0,0,0,0,0
1779257743.0930722,g11.hpc.coe,43337,0.5001,0,100.0,2035.0,12288.0,17760040308,18377712646,19436199,20280476,1025267,0,0,0,0,0,0,0,0,0,0,0,0,1019,759,21,14,0,0,0,0,0,0,0,0,0
1779257743.5931668,g11.hpc.coe,43337,0.5001,0,100.0,2035.0,12288.0,17760040686,18377720264,19436210,20280492,1025267,0,0,0,0,0,0,0,0,0,0,0,0,378,7618,11,16,0,0,0,0,0,0,0,0,0
1779257744.0932615,g11.hpc.coe,43337,0.5001,0,100.0,2035.0,12288.0,17794740040,18412449450,19471085,20315408,1028553,0,0,0,0,0,0,0,0,0,0,0,0,34699354,34729186,34875,34916,3286,0,0,0,0,0,0,0,0
1779257744.5933561,g11.hpc.coe,43337,0.5001,0,100.0,2035.0,12288.0,17794740337,18412449507,19471087,20315409,1028553,0,0,0,0,0,0,0,0,0,0,0,0,297,57,2,1,0,0,0,0,0,0,0,0,0
1779257745.0934508,g11.hpc.coe,43337,0.5001,0,100.0,2035.0,12288.0,17794740676,18412449564,19471089,20315410,1028553,0,0,0,0,0,0,0,0,0,0,0,0,339,57,2,1,0,0,0,0,0,0,0,0,0
1779257745.5935435,g11.hpc.coe,43337,0.5001,0,100.0,2035.0,12288.0,17794741058,18412449621,19471091,20315411,1028553,0,0,0,0,0,0,0,0,0,0,0,0,382,57,2,1,0,0,0,0,0,0,0,0,0
1779257746.0936353,g11.hpc.coe,43337,0.5001,0,100.0,2035.0,12288.0,17794741483,18412449678,19471093,20315412,1028553,0,0,0,0,0,0,0,0,0,0,0,0,425,57,2,1,0,0,0,0,0,0,0,0,0
1779257746.593728,g11.hpc.coe,43337,0.5001,0,100.0,2035.0,12288.0,17794742028,18412449790,19471097,20315414,1028553,0,0,0,0,0,0,0,0,0,0,0,0,545,112,4,2,0,0,0,0,0,0,0,0,0
1779257747.0938208,g11.hpc.coe,43337,0.5001,0,100.0,2035.0,12288.0,17794742538,18412449847,19471099,20315415,1028553,0,0,0,0,0,0,0,0,0,0,0,0,510,57,2,1,0,0,0,0,0,0,0,0,0
1779257747.5939174,g11.hpc.coe,43337,0.5001,0,100.0,2035.0,12288.0,17794743113,18412449926,19471102,20315417,1028553,0,0,0,0,0,0,0,0,0,0,0,0,575,79,3,2,0,0,0,0,0,0,0,0,0
1779257748.0940082,g11.hpc.coe,43337,0.5001,0,100.0,2035.0,12288.0,17823193375,18440936983,19499774,20344131,1028578,0,0,0,0,0,0,0,0,0,0,0,0,28450262,28487057,28672,28714,25,0,0,0,0,0,0,0,0
1779257748.5940998,g11.hpc.coe,43337,0.5001,0,100.0,2035.0,12288.0,17829443717,18447186823,19505998,20350358,1028583,0,0,0,0,0,0,0,0,0,0,0,0,6250342,6249840,6224,6227,5,0,0,0,0,0,0,0,0
1779257749.0941916,g11.hpc.coe,43337,0.5001,0,100.0,2035.0,12288.0,17829444429,18447186902,19506001,20350360,1028583,0,0,0,0,0,0,0,0,0,0,0,0,712,79,3,2,0,0,0,0,0,0,0,0,0
1779257749.5942845,g11.hpc.coe,43337,0.5001,0,100.0,2035.0,12288.0,17829445184,18447186981,19506004,20350362,1028583,0,0,0,0,0,0,0,0,0,0,0,0,755,79,3,2,0,0,0,0,0,0,0,0,0
1779257750.094377,g11.hpc.coe,43337,0.5001,0,100.0,2035.0,12288.0,17829445982,18447187060,19506007,20350364,1028583,0,0,0,0,0,0,0,0,0,0,0,0,798,79,3,2,0,0,0,0,0,0,0,0,0
1779257750.5944715,g11.hpc.coe,43337,0.5001,0,100.0,2035.0,12288.0,17829446822,18447187139,19506010,20350366,1028583,0,0,0,0,0,0,0,0,0,0,0,0,840,79,3,2,0,0,0,0,0,0,0,0,0
1779257751.0945654,g11.hpc.coe,43337,0.5001,0,100.0,2035.0,12288.0,17829447705,18447187218,19506013,20350368,1028583,0,0,0,0,0,0,0,0,0,0,0,0,883,79,3,2,0,0,0,0,0,0,0,0,0
1779257751.5946558,g11.hpc.coe,43337,0.5001,0,100.0,2035.0,12288.0,17829448708,18447187352,19506018,20350371,1028583,0,0,0,0,0,0,0,0,0,0,0,0,1003,134,5,3,0,0,0,0,0,0,0,0,0
1779257752.094747,g11.hpc.coe,43337,0.5001,0,100.0,2035.0,12288.0,17857209298,18474984351,19533943,20378333,1028612,0,0,0,0,0,0,0,0,0,0,0,0,27760590,27796999,27925,27962,29,0,0,0,0,0,0,0,0
1779257752.5948393,g11.hpc.coe,43337,0.5001,0,100.0,2035.0,12288.0,17864150027,18481924221,19540916,20385308,1029169,0,0,0,0,0,0,0,0,0,0,0,0,6940729,6939870,6973,6975,557,0,0,0,0,0,0,0,0
1779257753.0949328,g11.hpc.coe,43337,0.5001,0,100.0,2035.0,12288.0,17864151112,18481924300,19540920,20385310,1029169,0,0,0,0,0,0,0,0,0,0,0,0,1085,79,4,2,0,0,0,0,0,0,0,0,0
1779257753.5950267,g11.hpc.coe,43337,0.5001,0,100.0,2035.0,12288.0,17864152240,18481924379,19540924,20385312,1029169,0,0,0,0,0,0,0,0,0,0,0,0,1128,79,4,2,0,0,0,0,0,0,0,0,0
1779257754.095118,g11.hpc.coe,43337,0.5001,0,100.0,2035.0,12288.0,17864153411,18481924458,19540928,20385314,1029169,0,0,0,0,0,0,0,0,0,0,0,0,1171,79,4,2,0,0,0,0,0,0,0,0,0
1779257754.59521,g11.hpc.coe,43337,0.5001,0,100.0,2035.0,12288.0,17864153557,18481924515,19540930,20385315,1029169,0,0,0,0,0,0,0,0,0,0,0,0,146,57,2,1,0,0,0,0,0,0,0,0,0
1779257755.095303,g11.hpc.coe,43337,0.5001,0,100.0,2035.0,12288.0,17864153745,18481924572,19540932,20385316,1029169,0,0,0,0,0,0,0,0,0,0,0,0,188,57,2,1,0,0,0,0,0,0,0,0,0
1779257755.5953968,g11.hpc.coe,43337,0.5001,0,100.0,2035.0,12288.0,17864153976,18481924629,19540934,20385317,1029169,0,0,0,0,0,0,0,0,0,0,0,0,231,57,2,1,0,0,0,0,0,0,0,0,0
1779257756.0954883,g11.hpc.coe,43337,0.5001,0,100.0,2035.0,12288.0,17886902353,18505047888,19564299,20408900,1029190,0,0,0,0,0,0,0,0,0,0,0,0,22748377,23123259,23365,23583,21,0,0,0,0,0,0,0,0
1779257756.5955834,g11.hpc.coe,43337,0.5001,0,100.0,2035.0,12288.0,17898854017,18516661530,19575837,20420256,1030168,0,0,0,0,0,0,0,0,0,0,0,0,11951664,11613642,11538,11356,978,0,0,0,0,0,0,0,0
1779257757.0956767,g11.hpc.coe,43337,0.5001,0,100.0,2035.0,12288.0,17898854386,18516661587,19575839,20420257,1030168,0,0,0,0,0,0,0,0,0,0,0,0,369,57,2,1,0,0,0,0,0,0,0,0,0
1779257757.5957687,g11.hpc.coe,43337,0.5001,0,100.0,2035.0,12288.0,17898854798,18516661644,19575841,20420258,1030168,0,0,0,0,0,0,0,0,0,0,0,0,412,57,2,1,0,0,0,0,0,0,0,0,0
1779257758.0958633,g11.hpc.coe,43337,0.5001,0,100.0,2035.0,12288.0,17898855854,18516662148,19575857,20420267,1030168,0,0,0,0,0,0,0,0,0,0,0,0,1056,504,16,9,0,0,0,0,0,0,0,0,0
1779257758.5959547,g11.hpc.coe,43337,0.5001,0,100.0,2035.0,12288.0,17898856352,18516662205,19575859,20420268,1030168,0,0,0,0,0,0,0,0,0,0,0,0,498,57,2,1,0,0,0,0,0,0,0,0,0
1779257759.0960448,g11.hpc.coe,43337,0.5001,0,100.0,2035.0,12288.0,17898856893,18516662262,19575861,20420269,1030168,0,0,0,0,0,0,0,0,0,0,0,0,541,57,2,1,0,0,0,0,0,0,0,0,0
1779257759.5961363,g11.hpc.coe,43337,0.5001,0,100.0,2035.0,12288.0,17898857499,18516662341,19575864,20420271,1030168,0,0,0,0,0,0,0,0,0,0,0,0,606,79,3,2,0,0,0,0,0,0,0,0,0
1779257760.0962272,g11.hpc.coe,43337,0.5001,0,100.0,2035.0,12288.0,17919677884,18537512030,19596808,20441251,1030179,0,0,0,0,0,0,0,0,0,0,0,0,20820385,20849689,20944,20980,11,0,0,0,0,0,0,0,0
1779257760.5963175,g11.hpc.coe,43337,0.5001,0,100.0,2035.0,12288.0,17933558199,18551399252,19610765,20455214,1030190,0,0,0,0,0,0,0,0,0,0,0,0,13880315,13887222,13957,13963,11,0,0,0,0,0,0,0,0
1779257761.0964088,g11.hpc.coe,43337,0.5001,0,100.0,2035.0,12288.0,17933558943,18551399331,19610768,20455216,1030190,0,0,0,0,0,0,0,0,0,0,0,0,744,79,3,2,0,0,0,0,0,0,0,0,0
1779257761.5965016,g11.hpc.coe,43337,0.5001,0,100.0,2035.0,12288.0,17933559730,18551399410,19610771,20455218,1030190,0,0,0,0,0,0,0,0,0,0,0,0,787,79,3,2,0,0,0,0,0,0,0,0,0
1779257762.0965998,g11.hpc.coe,43337,0.5001,0,100.0,2035.0,12288.0,17933560637,18551399544,19610776,20455221,1030190,0,0,0,0,0,0,0,0,0,0,0,0,907,134,5,3,0,0,0,0,0,0,0,0,0
1779257762.5966923,g11.hpc.coe,43337,0.5001,0,100.0,2035.0,12288.0,17933561510,18551399623,19610779,20455223,1030190,0,0,0,0,0,0,0,0,0,0,0,0,873,79,3,2,0,0,0,0,0,0,0,0,0
1779257763.0967832,g11.hpc.coe,43337,0.5001,0,100.0,2035.0,12288.0,17933562425,18551399702,19610782,20455225,1030190,0,0,0,0,0,0,0,0,0,0,0,0,915,79,3,2,0,0,0,0,0,0,0,0,0
1779257763.5968742,g11.hpc.coe,43337,0.5001,0,100.0,2035.0,12288.0,17933563383,18551399781,19610785,20455227,1030190,0,0,0,0,0,0,0,0,0,0,0,0,958,79,3,2,0,0,0,0,0,0,0,0,0
1779257764.0969656,g11.hpc.coe,43337,0.5001,0,100.0,2035.0,12288.0,17948134251,18565992078,19625494,20469957,1030202,0,0,0,0,0,0,0,0,0,0,0,0,14570868,14592297,14709,14730,12,0,0,0,0,0,0,0,0
1779257764.5970569,g11.hpc.coe,43337,0.5001,0,100.0,2035.0,12288.0,17968264704,18586136566,19645674,20490152,1031720,0,0,0,0,0,0,0,0,0,0,0,0,20130453,20144488,20180,20195,1518,0,0,0,0,0,0,0,0
1779257765.0971487,g11.hpc.coe,43337,0.5001,0,100.0,2035.0,12288.0,17968265823,18586136645,19645678,20490154,1031720,0,0,0,0,0,0,0,0,0,0,0,0,1119,79,4,2,0,0,0,0,0,0,0,0,0
1779257765.5972414,g11.hpc.coe,43337,0.5001,0,100.0,2035.0,12288.0,17968266985,18586136724,19645682,20490156,1031720,0,0,0,0,0,0,0,0,0,0,0,0,1162,79,4,2,0,0,0,0,0,0,0,0,0
1779257766.097333,g11.hpc.coe,43337,0.5001,0,100.0,2035.0,12288.0,17968267122,18586136781,19645684,20490157,1031720,0,0,0,0,0,0,0,0,0,0,0,0,137,57,2,1,0,0,0,0,0,0,0,0,0
1779257766.5974236,g11.hpc.coe,43337,0.5001,0,100.0,2035.0,12288.0,17968267301,18586136838,19645686,20490158,1031720,0,0,0,0,0,0,0,0,0,0,0,0,179,57,2,1,0,0,0,0,0,0,0,0,0
1779257767.097516,g11.hpc.coe,43337,0.5001,0,100.0,2035.0,12288.0,17968267600,18586136950,19645690,20490160,1031720,0,0,0,0,0,0,0,0,0,0,0,0,299,112,4,2,0,0,0,0,0,0,0,0,0
1779257767.5976098,g11.hpc.coe,43337,0.5001,0,100.0,2035.0,12288.0,17968267865,18586137007,19645692,20490161,1031720,0,0,0,0,0,0,0,0,0,0,0,0,265,57,2,1,0,0,0,0,0,0,0,0,0
1779257768.0977027,g11.hpc.coe,43337,0.5001,0,100.0,2035.0,12288.0,17982837828,18600729338,19660409,20504898,1032531,0,0,0,0,0,0,0,0,0,0,0,0,14569963,14592331,14717,14737,811,0,0,0,0,0,0,0,0
1779257768.5977938,g11.hpc.coe,43337,0.5001,0,100.0,2035.0,12288.0,18002967898,18620873818,19680593,20525094,1032545,0,0,0,0,0,0,0,0,0,0,0,0,20130070,20144480,20184,20196,14,0,0,0,0,0,0,0,0
1779257769.0978847,g11.hpc.coe,43337,0.5001,0,100.0,2035.0,12288.0,18002968652,18620874154,19680603,20525100,1032545,0,0,0,0,0,0,0,0,0,0,0,0,754,336,10,6,0,0,0,0,0,0,0,0,0
1779257769.5979755,g11.hpc.coe,43337,0.5001,0,100.0,2035.0,12288.0,18002969099,18620874211,19680605,20525101,1032545,0,0,0,0,0,0,0,0,0,0,0,0,447,57,2,1,0,0,0,0,0,0,0,0,0
1779257770.098068,g11.hpc.coe,43337,0.5001,0,100.0,2035.0,12288.0,18002969588,18620874268,19680607,20525102,1032545,0,0,0,0,0,0,0,0,0,0,0,0,489,57,2,1,0,0,0,0,0,0,0,0,0
1779257770.5981598,g11.hpc.coe,43337,0.5001,0,100.0,2035.0,12288.0,18002970120,18620874325,19680609,20525103,1032545,0,0,0,0,0,0,0,0,0,0,0,0,532,57,2,1,0,0,0,0,0,0,0,0,0
1779257771.098256,g11.hpc.coe,43337,0.5001,0,100.0,2035.0,12288.0,18002970717,18620874404,19680612,20525105,1032545,0,0,0,0,0,0,0,0,0,0,0,0,597,79,3,2,0,0,0,0,0,0,0,0,0
1779257771.5983474,g11.hpc.coe,43337,0.5001,0,100.0,2035.0,12288.0,18002971356,18620874483,19680615,20525107,1032545,0,0,0,0,0,0,0,0,0,0,0,0,639,79,3,2,0,0,0,0,0,0,0,0,0
1779257772.0984423,g11.hpc.coe,43337,0.5001,0,100.0,2035.0,12288.0,18010602160,18628519532,19688354,20532857,1032607,0,0,0,0,0,0,0,0,0,0,0,0,7630804,7645049,7739,7750,62,0,0,0,0,0,0,0,0
1779257772.598535,g11.hpc.coe,43337,0.5001,0,100.0,2035.0,12288.0,18037672143,18655611351,19715510,20560037,1034493,0,0,0,0,0,0,0,0,0,0,0,0,27069983,27091819,27156,27180,1886,0,0,0,0,0,0,0,0
1779257773.0986252,g11.hpc.coe,43337,0.5001,0,100.0,2035.0,12288.0,18037673543,18655611877,19715528,20560047,1034493,0,0,0,0,0,0,0,0,0,0,0,0,1400,526,18,10,0,0,0,0,0,0,0,0,0
1779257773.5987163,g11.hpc.coe,43337,0.5001,0,100.0,2035.0,12288.0,18037674363,18655611956,19715531,20560049,1034493,0,0,0,0,0,0,0,0,0,0,0,0,820,79,3,2,0,0,0,0,0,0,0,0,0
1779257774.0988066,g11.hpc.coe,43337,0.5001,0,100.0,2035.0,12288.0,18037675226,18655612035,19715534,20560051,1034493,0,0,0,0,0,0,0,0,0,0,0,0,863,79,3,2,0,0,0,0,0,0,0,0,0
1779257774.598897,g11.hpc.coe,43337,0.5001,0,100.0,2035.0,12288.0,18037676132,18655612114,19715537,20560053,1034493,0,0,0,0,0,0,0,0,0,0,0,0,906,79,3,2,0,0,0,0,0,0,0,0,0
1779257775.0989892,g11.hpc.coe,43337,0.5001,0,100.0,2035.0,12288.0,18037677080,18655612193,19715540,20560055,1034493,0,0,0,0,0,0,0,0,0,0,0,0,948,79,3,2,0,0,0,0,0,0,0,0,0
1779257775.5990813,g11.hpc.coe,43337,0.5001,0,100.0,2035.0,12288.0,18037678071,18655612272,19715543,20560057,1034493,0,0,0,0,0,0,0,0,0,0,0,0,991,79,3,2,0,0,0,0,0,0,0,0,0
1779257776.0991738,g11.hpc.coe,43337,0.5001,0,100.0,2035.0,12288.0,18045309136,18663257308,19723278,20567812,1034499,0,0,0,0,0,0,0,0,0,0,0,0,7631065,7645036,7735,7755,6,0,0,0,0,0,0,0,0
1779257776.5992658,g11.hpc.coe,43337,0.5001,0,100.0,2035.0,12288.0,18072379492,18690349162,19750435,20594997,1034526,0,0,0,0,0,0,0,0,0,0,0,0,27070356,27091854,27157,27185,27,0,0,0,0,0,0,0,0
1779257777.0993595,g11.hpc.coe,43337,0.5001,0,100.0,2035.0,12288.0,18072380719,18690349296,19750441,20595000,1034526,0,0,0,0,0,0,0,0,0,0,0,0,1227,134,6,3,0,0,0,0,0,0,0,0,0
1779257777.5994508,g11.hpc.coe,43337,0.5001,0,100.0,2035.0,12288.0,18072380844,18690349353,19750443,20595001,1034526,0,0,0,0,0,0,0,0,0,0,0,0,125,57,2,1,0,0,0,0,0,0,0,0,0
1779257778.0995448,g11.hpc.coe,43337,0.5001,0,100.0,2035.0,12288.0,18072381012,18690349410,19750445,20595002,1034526,0,0,0,0,0,0,0,0,0,0,0,0,168,57,2,1,0,0,0,0,0,0,0,0,0
1779257778.5996368,g11.hpc.coe,43337,0.5001,0,100.0,2035.0,12288.0,18072381223,18690349467,19750447,20595003,1034526,0,0,0,0,0,0,0,0,0,0,0,0,211,57,2,1,0,0,0,0,0,0,0,0,0
1779257779.0997372,g11.hpc.coe,43337,0.5001,0,100.0,2035.0,12288.0,18072381477,18690349524,19750449,20595004,1034526,0,0,0,0,0,0,0,0,0,0,0,0,254,57,2,1,0,0,0,0,0,0,0,0,0
1779257779.5998313,g11.hpc.coe,43337,0.5001,0,100.0,2035.0,12288.0,18072381773,18690349581,19750451,20595005,1034526,0,0,0,0,0,0,0,0,0,0,0,0,296,57,2,1,0,0,0,0,0,0,0,0,0
1779257780.0999324,g11.hpc.coe,43337,0.5001,0,100.0,2035.0,12288.0,18079322148,18697304537,19757442,20602007,1035631,0,0,0,0,0,0,0,0,0,0,0,0,6940375,6954956,6991,7002,1105,0,0,0,0,0,0,0,0
1779257780.600025,g11.hpc.coe,43337,0.5001,0,100.0,2035.0,12288.0,18107081727,18725086406,19785332,20629940,1035655,0,0,0,0,0,0,0,0,0,0,0,0,27759579,27781869,27890,27933,24,0,0,0,0,0,0,0,0
1779257781.1001155,g11.hpc.coe,43337,0.5001,0,100.0,2035.0,12288.0,18107082161,18725086463,19785334,20629941,1035655,0,0,0,0,0,0,0,0,0,0,0,0,434,57,2,1,0,0,0,0,0,0,0,0,0
1779257781.6002064,g11.hpc.coe,43337,0.5001,0,100.0,2035.0,12288.0,18107082638,18725086520,19785336,20629942,1035655,0,0,0,0,0,0,0,0,0,0,0,0,477,57,2,1,0,0,0,0,0,0,0,0,0
1779257782.1002967,g11.hpc.coe,43337,0.5001,0,100.0,2035.0,12288.0,18107083157,18725086577,19785338,20629943,1035655,0,0,0,0,0,0,0,0,0,0,0,0,519,57,2,1,0,0,0,0,0,0,0,0,0
1779257782.6003919,g11.hpc.coe,43337,0.5001,0,100.0,2035.0,12288.0,18107083818,18725086711,19785343,20629946,1035655,0,0,0,0,0,0,0,0,0,0,0,0,661,134,5,3,0,0,0,0,0,0,0,0,0
1779257783.100486,g11.hpc.coe,43337,0.5001,0,100.0,2035.0,12288.0,18107084445,18725086790,19785346,20629948,1035655,0,0,0,0,0,0,0,0,0,0,0,0,627,79,3,2,0,0,0,0,0,0,0,0,0
1779257783.6005762,g11.hpc.coe,43337,0.5001,0,100.0,2035.0,12288.0,18107085115,18725086869,19785349,20629950,1035655,0,0,0,0,0,0,0,0,0,0,0,0,670,79,3,2,0,0,0,0,0,0,0,0,0
1779257784.1006682,g11.hpc.coe,43337,0.5001,0,100.0,2035.0,12288.0,18107776015,18725784539,19786109,20630715,1035658,0,0,0,0,0,0,0,0,0,0,0,0,690900,697670,760,765,3,0,0,0,0,0,0,0,0
1779257784.6007605,g11.hpc.coe,43337,0.5001,0,100.0,2035.0,12288.0,18141785863,18759823759,19820239,20664890,1035819,0,0,0,0,0,0,0,0,0,0,0,0,34009848,34039220,34130,34175,161,0,0,0,0,0,0,0,0
1779257785.1008518,g11.hpc.coe,43337,0.5001,0,100.0,2035.0,12288.0,18141786669,18759823838,19820242,20664892,1035819,0,0,0,0,0,0,0,0,0,0,0,0,806,79,3,2,0,0,0,0,0,0,0,0,0
1779257785.6009421,g11.hpc.coe,43337,0.5001,0,100.0,2035.0,12288.0,18141787518,18759823917,19820245,20664894,1035819,0,0,0,0,0,0,0,0,0,0,0,0,849,79,3,2,0,0,0,0,0,0,0,0,0
1779257786.101032,g11.hpc.coe,43337,0.5001,0,100.0,2035.0,12288.0,18141788409,18759823996,19820248,20664896,1035819,0,0,0,0,0,0,0,0,0,0,0,0,891,79,3,2,0,0,0,0,0,0,0,0,0
1779257786.6011226,g11.hpc.coe,43337,0.5001,0,100.0,2035.0,12288.0,18141789343,18759824075,19820251,20664898,1035819,0,0,0,0,0,0,0,0,0,0,0,0,934,79,3,2,0,0,0,0,0,0,0,0,0
1779257787.1012151,g11.hpc.coe,43337,0.5001,0,100.0,2035.0,12288.0,18141790320,18759824154,19820254,20664900,1035819,0,0,0,0,0,0,0,0,0,0,0,0,977,79,3,2,0,0,0,0,0,0,0,0,0
1779257787.6013086,g11.hpc.coe,43337,0.5001,0,100.0,2035.0,12288.0,18141791416,18759824288,19820259,20664903,1035819,0,0,0,0,0,0,0,0,0,0,0,0,1096,134,5,3,0,0,0,0,0,0,0,0,0
1779257788.1013982,g11.hpc.coe,43337,0.5001,0,100.0,2035.0,12288.0,18141793124,18759824814,19820278,20664913,1035819,0,0,0,0,0,0,0,0,0,0,0,0,1708,526,19,10,0,0,0,0,0,0,0,0,0
1779257788.6014888,g11.hpc.coe,43337,0.5001,0,100.0,2035.0,12288.0,18149424283,18767469794,19828014,20672660,1035827,0,0,0,0,0,0,0,0,0,0,0,0,7631159,7644980,7736,7747,8,0,0,0,0,0,0,0,0
1779257789.101577,g11.hpc.coe,43337,0.5001,0,100.0,2035.0,12288.0,18176494705,18794561634,19855170,20699843,1039181,0,0,0,0,0,0,0,0,0,0,0,0,27070422,27091840,27156,27183,3354,0,0,0,0,0,0,0,0
1779257789.601664,g11.hpc.coe,43337,0.5001,0,100.0,2035.0,12288.0,18176494860,18794561691,19855172,20699844,1039181,0,0,0,0,0,0,0,0,0,0,0,0,155,57,2,1,0,0,0,0,0,0,0,0,0
1779257790.1017542,g11.hpc.coe,43337,0.5001,0,100.0,2035.0,12288.0,18176495057,18794561748,19855174,20699845,1039181,0,0,0,0,0,0,0,0,0,0,0,0,197,57,2,1,0,0,0,0,0,0,0,0,0
1779257790.6018436,g11.hpc.coe,43337,0.5001,0,100.0,2035.0,12288.0,18176495297,18794561805,19855176,20699846,1039181,0,0,0,0,0,0,0,0,0,0,0,0,240,57,2,1,0,0,0,0,0,0,0,0,0
1779257791.1019304,g11.hpc.coe,43337,0.5001,0,100.0,2035.0,12288.0,18176495580,18794561862,19855178,20699847,1039181,0,0,0,0,0,0,0,0,0,0,0,0,283,57,2,1,0,0,0,0,0,0,0,0,0
1779257791.6020212,g11.hpc.coe,43337,0.5001,0,100.0,2035.0,12288.0,18176495906,18794561919,19855180,20699848,1039181,0,0,0,0,0,0,0,0,0,0,0,0,326,57,2,1,0,0,0,0,0,0,0,0,0
1779257792.1021092,g11.hpc.coe,43337,0.5001,0,100.0,2035.0,12288.0,18176496274,18794561976,19855182,20699849,1039181,0,0,0,0,0,0,0,0,0,0,0,0,368,57,2,1,0,0,0,0,0,0,0,0,0
1779257792.6021981,g11.hpc.coe,43337,0.5001,0,100.0,2035.0,12288.0,18184126793,18802207024,19862918,20707601,1039411,0,0,0,0,0,0,0,0,0,0,0,0,7630519,7645048,7736,7752,230,0,0,0,0,0,0,0,0
1779257793.102289,g11.hpc.coe,43337,0.5001,0,100.0,2035.0,12288.0,18211196519,18829298877,19890075,20734788,1039431,0,0,0,0,0,0,0,0,0,0,0,0,27069726,27091853,27157,27187,20,0,0,0,0,0,0,0,0
1779257793.602381,g11.hpc.coe,43337,0.5001,0,100.0,2035.0,12288.0,18211197025,18829298934,19890077,20734789,1039431,0,0,0,0,0,0,0,0,0,0,0,0,506,57,2,1,0,0,0,0,0,0,0,0,0
1779257794.102468,g11.hpc.coe,43337,0.5001,0,100.0,2035.0,12288.0,18211197595,18829299013,19890080,20734791,1039431,0,0,0,0,0,0,0,0,0,0,0,0,570,79,3,2,0,0,0,0,0,0,0,0,0
1779257794.6025574,g11.hpc.coe,43337,0.5001,0,100.0,2035.0,12288.0,18211198208,18829299092,19890083,20734793,1039431,0,0,0,0,0,0,0,0,0,0,0,0,613,79,3,2,0,0,0,0,0,0,0,0,0
1779257795.1026504,g11.hpc.coe,43337,0.5001,0,100.0,2035.0,12288.0,18211198863,18829299171,19890086,20734795,1039431,0,0,0,0,0,0,0,0,0,0,0,0,655,79,3,2,0,0,0,0,0,0,0,0,0
1779257795.6027412,g11.hpc.coe,43337,0.5001,0,100.0,2035.0,12288.0,18211199561,18829299250,19890089,20734797,1039431,0,0,0,0,0,0,0,0,0,0,0,0,698,79,3,2,0,0,0,0,0,0,0,0,0
1779257796.1028287,g11.hpc.coe,43337,0.5001,0,100.0,2035.0,12288.0,18211200302,18829299329,19890092,20734799,1039431,0,0,0,0,0,0,0,0,0,0,0,0,741,79,3,2,0,0,0,0,0,0,0,0,0
1779257796.6029167,g11.hpc.coe,43337,0.5001,0,100.0,2035.0,12288.0,18218141094,18836254328,19897080,20741805,1041213,0,0,0,0,0,0,0,0,0,0,0,0,6940792,6954999,6988,7006,1782,0,0,0,0,0,0,0,0
1779257797.103006,g11.hpc.coe,43337,0.5001,0,100.0,2035.0,12288.0,18245901251,18864036205,19924990,20769737,1041244,0,0,0,0,0,0,0,0,0,0,0,0,27760157,27781877,27910,27932,31,0,0,0,0,0,0,0,0
1779257797.603093,g11.hpc.coe,43337,0.5001,0,100.0,2035.0,12288.0,18245902206,18864036339,19924995,20769740,1041244,0,0,0,0,0,0,0,0,0,0,0,0,955,134,5,3,0,0,0,0,0,0,0,0,0
1779257798.1031833,g11.hpc.coe,43337,0.5001,0,100.0,2035.0,12288.0,18245903127,18864036418,19924998,20769742,1041244,0,0,0,0,0,0,0,0,0,0,0,0,921,79,3,2,0,0,0,0,0,0,0,0,0
1779257798.6032717,g11.hpc.coe,43337,0.5001,0,100.0,2035.0,12288.0,18245904091,18864036497,19925001,20769744,1041244,0,0,0,0,0,0,0,0,0,0,0,0,964,79,3,2,0,0,0,0,0,0,0,0,0
1779257799.103362,g11.hpc.coe,43337,0.5001,0,100.0,2035.0,12288.0,18245905098,18864036576,19925004,20769746,1041244,0,0,0,0,0,0,0,0,0,0,0,0,1007,79,3,2,0,0,0,0,0,0,0,0,0
1779257799.6034508,g11.hpc.coe,43337,0.5001,0,100.0,2035.0,12288.0,18245906147,18864036655,19925007,20769748,1041244,0,0,0,0,0,0,0,0,0,0,0,0,1049,79,3,2,0,0,0,0,0,0,0,0,0
1779257800.1035397,g11.hpc.coe,43337,0.5001,0,100.0,2035.0,12288.0,18245907261,18864036734,19925011,20769750,1041244,0,0,0,0,0,0,0,0,0,0,0,0,1114,79,4,2,0,0,0,0,0,0,0,0,0
1779257800.6036294,g11.hpc.coe,43337,0.5001,0,100.0,2035.0,12288.0,18246598599,18864734397,19925771,20770514,1041244,0,0,0,0,0,0,0,0,0,0,0,0,691338,697663,760,764,0,0,0,0,0,0,0,0,0
1779257801.1037252,g11.hpc.coe,43337,0.5001,0,100.0,2035.0,12288.0,18280607831,18898773560,19959901,20804683,1042523,0,0,0,0,0,0,0,0,0,0,0,0,34009232,34039163,34130,34169,1279,0,0,0,0,0,0,0,0
1779257801.6038175,g11.hpc.coe,43337,0.5001,0,100.0,2035.0,12288.0,18280608014,18898773617,19959903,20804684,1042523,0,0,0,0,0,0,0,0,0,0,0,0,183,57,2,1,0,0,0,0,0,0,0,0,0
1779257802.1039085,g11.hpc.coe,43337,0.5001,0,100.0,2035.0,12288.0,18280608240,18898773674,19959905,20804685,1042523,0,0,0,0,0,0,0,0,0,0,0,0,226,57,2,1,0,0,0,0,0,0,0,0,0
1779257802.6040034,g11.hpc.coe,43337,0.5001,0,100.0,2035.0,12288.0,18280608509,18898773731,19959907,20804686,1042523,0,0,0,0,0,0,0,0,0,0,0,0,269,57,2,1,0,0,0,0,0,0,0,0,0
1779257803.1040926,g11.hpc.coe,43337,0.5001,0,100.0,2035.0,12288.0,18280609777,18898774545,19959931,20804701,1042523,0,0,0,0,0,0,0,0,0,0,0,0,1268,814,24,15,0,0,0,0,0,0,0,0,0
1779257803.6041818,g11.hpc.coe,43337,0.5001,0,100.0,2035.0,12288.0,18280610154,18898774602,19959934,20804702,1042523,0,0,0,0,0,0,0,0,0,0,0,0,377,57,3,1,0,0,0,0,0,0,0,0,0
1779257804.10427,g11.hpc.coe,43337,0.5001,0,100.0,2035.0,12288.0,18280610552,18898774659,19959936,20804703,1042523,0,0,0,0,0,0,0,0,0,0,0,0,398,57,2,1,0,0,0,0,0,0,0,0,0
1779257804.6043594,g11.hpc.coe,43337,0.5001,0,100.0,2035.0,12288.0,18280611143,18898782277,19959946,20804719,1042523,0,0,0,0,0,0,0,0,0,0,0,0,591,7618,10,16,0,0,0,0,0,0,0,0,0
1779257805.1044493,g11.hpc.coe,43337,0.5001,0,100.0,2035.0,12288.0,18315310838,18933511463,19994836,20839635,1042837,0,0,0,0,0,0,0,0,0,0,0,0,34699695,34729186,34890,34916,314,0,0,0,0,0,0,0,0
1779257805.604538,g11.hpc.coe,43337,0.5001,0,100.0,2035.0,12288.0,18315311370,18933511520,19994838,20839636,1042837,0,0,0,0,0,0,0,0,0,0,0,0,532,57,2,1,0,0,0,0,0,0,0,0,0
1779257806.1046271,g11.hpc.coe,43337,0.5001,0,100.0,2035.0,12288.0,18315311966,18933511599,19994841,20839638,1042837,0,0,0,0,0,0,0,0,0,0,0,0,596,79,3,2,0,0,0,0,0,0,0,0,0
1779257806.6047184,g11.hpc.coe,43337,0.5001,0,100.0,2035.0,12288.0,18315312605,18933511678,19994844,20839640,1042837,0,0,0,0,0,0,0,0,0,0,0,0,639,79,3,2,0,0,0,0,0,0,0,0,0
1779257807.1048071,g11.hpc.coe,43337,0.5001,0,100.0,2035.0,12288.0,18315313287,18933511757,19994847,20839642,1042837,0,0,0,0,0,0,0,0,0,0,0,0,682,79,3,2,0,0,0,0,0,0,0,0,0
1779257807.604897,g11.hpc.coe,43337,0.5001,0,100.0,2035.0,12288.0,18315314012,18933511836,19994850,20839644,1042837,0,0,0,0,0,0,0,0,0,0,0,0,725,79,3,2,0,0,0,0,0,0,0,0,0
1779257808.1049857,g11.hpc.coe,43337,0.5001,0,100.0,2035.0,12288.0,18315314856,18933511970,19994855,20839647,1042837,0,0,0,0,0,0,0,0,0,0,0,0,844,134,5,3,0,0,0,0,0,0,0,0,0
1779257808.6050725,g11.hpc.coe,43337,0.5001,0,100.0,2035.0,12288.0,18315315666,18933512049,19994858,20839649,1042837,0,0,0,0,0,0,0,0,0,0,0,0,810,79,3,2,0,0,0,0,0,0,0,0,0
1779257809.1051602,g11.hpc.coe,43337,0.5001,0,100.0,2035.0,12288.0,18350015839,18968248811,20029751,20874580,1043992,0,0,0,0,0,0,0,0,0,0,0,0,34700173,34736762,34893,34931,1155,0,0,0,0,0,0,0,0
1779257809.6052477,g11.hpc.coe,43337,0.5001,0,100.0,2035.0,12288.0,18350016740,18968248890,20029754,20874582,1043992,0,0,0,0,0,0,0,0,0,0,0,0,901,79,3,2,0,0,0,0,0,0,0,0,0
1779257810.1053374,g11.hpc.coe,43337,0.5001,0,100.0,2035.0,12288.0,18350017684,18968248969,20029757,20874584,1043992,0,0,0,0,0,0,0,0,0,0,0,0,944,79,3,2,0,0,0,0,0,0,0,0,0
1779257810.605424,g11.hpc.coe,43337,0.5001,0,100.0,2035.0,12288.0,18350018671,18968249048,20029760,20874586,1043992,0,0,0,0,0,0,0,0,0,0,0,0,987,79,3,2,0,0,0,0,0,0,0,0,0
1779257811.105515,g11.hpc.coe,43337,0.5001,0,100.0,2035.0,12288.0,18350019700,18968249127,20029763,20874588,1043992,0,0,0,0,0,0,0,0,0,0,0,0,1029,79,3,2,0,0,0,0,0,0,0,0,0
1779257811.6056058,g11.hpc.coe,43337,0.5001,0,100.0,2035.0,12288.0,18350020794,18968249206,20029767,20874590,1043992,0,0,0,0,0,0,0,0,0,0,0,0,1094,79,4,2,0,0,0,0,0,0,0,0,0
1779257812.1056929,g11.hpc.coe,43337,0.5001,0,100.0,2035.0,12288.0,18350021931,18968249285,20029771,20874592,1043992,0,0,0,0,0,0,0,0,0,0,0,0,1137,79,4,2,0,0,0,0,0,0,0,0,0
1779257812.605782,g11.hpc.coe,43337,0.5001,0,100.0,2035.0,12288.0,18350023111,18968249364,20029775,20874594,1043992,0,0,0,0,0,0,0,0,0,0,0,0,1180,79,4,2,0,0,0,0,0,0,0,0,0
1779257813.1058705,g11.hpc.coe,43337,0.5001,0,100.0,2035.0,12288.0,18378472994,18996736461,20058449,20903309,1046723,0,0,0,0,0,0,0,0,0,0,0,0,28449883,28487097,28674,28715,2731,0,0,0,0,0,0,0,0
1779257813.6059592,g11.hpc.coe,43337,0.5001,0,100.0,2035.0,12288.0,18384722894,19002986272,20064675,20909534,1046730,0,0,0,0,0,0,0,0,0,0,0,0,6249900,6249811,6226,6225,7,0,0,0,0,0,0,0,0
1779257814.1060474,g11.hpc.coe,43337,0.5001,0,100.0,2035.0,12288.0,18384723143,19002986329,20064677,20909535,1046730,0,0,0,0,0,0,0,0,0,0,0,0,249,57,2,1,0,0,0,0,0,0,0,0,0
1779257814.6061358,g11.hpc.coe,43337,0.5001,0,100.0,2035.0,12288.0,18384723435,19002986386,20064679,20909536,1046730,0,0,0,0,0,0,0,0,0,0,0,0,292,57,2,1,0,0,0,0,0,0,0,0,0
1779257815.1062243,g11.hpc.coe,43337,0.5001,0,100.0,2035.0,12288.0,18384723770,19002986443,20064681,20909537,1046730,0,0,0,0,0,0,0,0,0,0,0,0,335,57,2,1,0,0,0,0,0,0,0,0,0
1779257815.6063132,g11.hpc.coe,43337,0.5001,0,100.0,2035.0,12288.0,18384724148,19002986500,20064683,20909538,1046730,0,0,0,0,0,0,0,0,0,0,0,0,378,57,2,1,0,0,0,0,0,0,0,0,0
1779257816.1064007,g11.hpc.coe,43337,0.5001,0,100.0,2035.0,12288.0,18384724568,19002986557,20064685,20909539,1046730,0,0,0,0,0,0,0,0,0,0,0,0,420,57,2,1,0,0,0,0,0,0,0,0,0
1779257816.6064901,g11.hpc.coe,43337,0.5001,0,100.0,2035.0,12288.0,18384725031,19002986614,20064687,20909540,1046730,0,0,0,0,0,0,0,0,0,0,0,0,463,57,2,1,0,0,0,0,0,0,0,0,0
1779257817.106581,g11.hpc.coe,43337,0.5001,0,100.0,2035.0,12288.0,18412485158,19030783612,20092611,20937504,1046752,0,0,0,0,0,0,0,0,0,0,0,0,27760127,27796998,27924,27964,22,0,0,0,0,0,0,0,0
1779257817.6066732,g11.hpc.coe,43337,0.5001,0,100.0,2035.0,12288.0,18419425446,19037723482,20099584,20944479,1046756,0,0,0,0,0,0,0,0,0,0,0,0,6940288,6939870,6973,6975,4,0,0,0,0,0,0,0,0
1779257818.1067626,g11.hpc.coe,43337,0.5001,0,100.0,2035.0,12288.0,18419426768,19037724063,20099604,20944490,1046756,0,0,0,0,0,0,0,0,0,0,0,0,1322,581,20,11,0,0,0,0,0,0,0,0,0
1779257818.6068523,g11.hpc.coe,43337,0.5001,0,100.0,2035.0,12288.0,18419427434,19037724142,20099607,20944492,1046756,0,0,0,0,0,0,0,0,0,0,0,0,666,79,3,2,0,0,0,0,0,0,0,0,0
1779257819.1069417,g11.hpc.coe,43337,0.5001,0,100.0,2035.0,12288.0,18419428142,19037724221,20099610,20944494,1046756,0,0,0,0,0,0,0,0,0,0,0,0,708,79,3,2,0,0,0,0,0,0,0,0,0
1779257819.6070287,g11.hpc.coe,43337,0.5001,0,100.0,2035.0,12288.0,18419428893,19037724300,20099613,20944496,1046756,0,0,0,0,0,0,0,0,0,0,0,0,751,79,3,2,0,0,0,0,0,0,0,0,0
1779257820.107117,g11.hpc.coe,43337,0.5001,0,100.0,2035.0,12288.0,18419429687,19037724379,20099616,20944498,1046756,0,0,0,0,0,0,0,0,0,0,0,0,794,79,3,2,0,0,0,0,0,0,0,0,0
1779257820.6072035,g11.hpc.coe,43337,0.5001,0,100.0,2035.0,12288.0,18419430523,19037724458,20099619,20944500,1046756,0,0,0,0,0,0,0,0,0,0,0,0,836,79,3,2,0,0,0,0,0,0,0,0,0
1779257821.1072934,g11.hpc.coe,43337,0.5001,0,100.0,2035.0,12288.0,18440941133,19059264135,20121306,20966222,1046782,0,0,0,0,0,0,0,0,0,0,0,0,21510610,21539677,21687,21722,26,0,0,0,0,0,0,0,0
1779257821.6073825,g11.hpc.coe,43337,0.5001,0,100.0,2035.0,12288.0,18454131628,19072461299,20134512,20979433,1046799,0,0,0,0,0,0,0,0,0,0,0,0,13190495,13197164,13206,13211,17,0,0,0,0,0,0,0,0
1779257822.1074698,g11.hpc.coe,43337,0.5001,0,100.0,2035.0,12288.0,18454132603,19072461378,20134515,20979435,1046799,0,0,0,0,0,0,0,0,0,0,0,0,975,79,3,2,0,0,0,0,0,0,0,0,0
1779257822.607562,g11.hpc.coe,43337,0.5001,0,100.0,2035.0,12288.0,18454133620,19072461457,20134518,20979437,1046799,0,0,0,0,0,0,0,0,0,0,0,0,1017,79,3,2,0,0,0,0,0,0,0,0,0
1779257823.107652,g11.hpc.coe,43337,0.5001,0,100.0,2035.0,12288.0,18454134735,19072461591,20134522,20979440,1046799,0,0,0,0,0,0,0,0,0,0,0,0,1115,134,4,3,0,0,0,0,0,0,0,0,0
1779257823.6077394,g11.hpc.coe,43337,0.5001,0,100.0,2035.0,12288.0,18454135882,19072461670,20134527,20979442,1046799,0,0,0,0,0,0,0,0,0,0,0,0,1147,79,5,2,0,0,0,0,0,0,0,0,0
1779257824.1078317,g11.hpc.coe,43337,0.5001,0,100.0,2035.0,12288.0,18454137050,19072461749,20134531,20979444,1046799,0,0,0,0,0,0,0,0,0,0,0,0,1168,79,4,2,0,0,0,0,0,0,0,0,0
1779257824.6079214,g11.hpc.coe,43337,0.5001,0,100.0,2035.0,12288.0,18454137193,19072461806,20134533,20979445,1046799,0,0,0,0,0,0,0,0,0,0,0,0,143,57,2,1,0,0,0,0,0,0,0,0,0
1779257825.1080103,g11.hpc.coe,43337,0.5001,0,100.0,2035.0,12288.0,18474957129,19093311466,20155478,21000423,1046813,0,0,0,0,0,0,0,0,0,0,0,0,20819936,20849660,20945,20978,14,0,0,0,0,0,0,0,0
1779257825.608099,g11.hpc.coe,43337,0.5001,0,100.0,2035.0,12288.0,18488836940,19107198638,20169428,21014381,1047151,0,0,0,0,0,0,0,0,0,0,0,0,13879811,13887172,13950,13958,338,0,0,0,0,0,0,0,0
1779257826.108187,g11.hpc.coe,43337,0.5001,0,100.0,2035.0,12288.0,18488837221,19107198695,20169430,21014382,1047151,0,0,0,0,0,0,0,0,0,0,0,0,281,57,2,1,0,0,0,0,0,0,0,0,0
1779257826.608276,g11.hpc.coe,43337,0.5001,0,100.0,2035.0,12288.0,18488837545,19107198752,20169432,21014383,1047151,0,0,0,0,0,0,0,0,0,0,0,0,324,57,2,1,0,0,0,0,0,0,0,0,0
1779257827.1083665,g11.hpc.coe,43337,0.5001,0,100.0,2035.0,12288.0,18488837911,19107198809,20169434,21014384,1047151,0,0,0,0,0,0,0,0,0,0,0,0,366,57,2,1,0,0,0,0,0,0,0,0,0
1779257827.6084547,g11.hpc.coe,43337,0.5001,0,100.0,2035.0,12288.0,18488838320,19107198866,20169436,21014385,1047151,0,0,0,0,0,0,0,0,0,0,0,0,409,57,2,1,0,0,0,0,0,0,0,0,0
1779257828.1085455,g11.hpc.coe,43337,0.5001,0,100.0,2035.0,12288.0,18488838772,19107198923,20169438,21014386,1047151,0,0,0,0,0,0,0,0,0,0,0,0,452,57,2,1,0,0,0,0,0,0,0,0,0
1779257828.6086352,g11.hpc.coe,43337,0.5001,0,100.0,2035.0,12288.0,18488839344,19107199035,20169442,21014388,1047151,0,0,0,0,0,0,0,0,0,0,0,0,572,112,4,2,0,0,0,0,0,0,0,0,0
1779257829.108727,g11.hpc.coe,43337,0.5001,0,100.0,2035.0,12288.0,18503409791,19121791352,20184156,21029123,1047169,0,0,0,0,0,0,0,0,0,0,0,0,14570447,14592317,14714,14735,18,0,0,0,0,0,0,0,0
1779257829.6088197,g11.hpc.coe,43337,0.5001,0,100.0,2035.0,12288.0,18523539802,19141935861,20204336,21049321,1048523,0,0,0,0,0,0,0,0,0,0,0,0,20130011,20144509,20180,20198,1354,0,0,0,0,0,0,0,0
1779257830.1089141,g11.hpc.coe,43337,0.5001,0,100.0,2035.0,12288.0,18523540457,19141935940,20204339,21049323,1048523,0,0,0,0,0,0,0,0,0,0,0,0,655,79,3,2,0,0,0,0,0,0,0,0,0
1779257830.6090028,g11.hpc.coe,43337,0.5001,0,100.0,2035.0,12288.0,18523541155,19141936019,20204342,21049325,1048523,0,0,0,0,0,0,0,0,0,0,0,0,698,79,3,2,0,0,0,0,0,0,0,0,0
1779257831.1090999,g11.hpc.coe,43337,0.5001,0,100.0,2035.0,12288.0,18523541896,19141936098,20204345,21049327,1048523,0,0,0,0,0,0,0,0,0,0,0,0,741,79,3,2,0,0,0,0,0,0,0,0,0
1779257831.6091893,g11.hpc.coe,43337,0.5001,0,100.0,2035.0,12288.0,18523542680,19141936177,20204348,21049329,1048523,0,0,0,0,0,0,0,0,0,0,0,0,784,79,3,2,0,0,0,0,0,0,0,0,0
1779257832.109278,g11.hpc.coe,43337,0.5001,0,100.0,2035.0,12288.0,18523543506,19141936256,20204351,21049331,1048523,0,0,0,0,0,0,0,0,0,0,0,0,826,79,3,2,0,0,0,0,0,0,0,0,0
1779257832.6093647,g11.hpc.coe,43337,0.5001,0,100.0,2035.0,12288.0,18523544375,19141936335,20204354,21049333,1048523,0,0,0,0,0,0,0,0,0,0,0,0,869,79,3,2,0,0,0,0,0,0,0,0,0
1779257833.1094546,g11.hpc.coe,43337,0.5001,0,100.0,2035.0,12288.0,18538115805,19156529128,20219082,21064078,1048539,0,0,0,0,0,0,0,0,0,0,0,0,14571430,14592793,14728,14745,16,0,0,0,0,0,0,0,0
1779257833.609544,g11.hpc.coe,43337,0.5001,0,100.0,2035.0,12288.0,18558246252,19176673657,20239265,21084272,1048556,0,0,0,0,0,0,0,0,0,0,0,0,20130447,20144529,20183,20194,17,0,0,0,0,0,0,0,0
1779257834.109635,g11.hpc.coe,43337,0.5001,0,100.0,2035.0,12288.0,18558247259,19176673736,20239268,21084274,1048556,0,0,0,0,0,0,0,0,0,0,0,0,1007,79,3,2,0,0,0,0,0,0,0,0,0
1779257834.6097229,g11.hpc.coe,43337,0.5001,0,100.0,2035.0,12288.0,18558248309,19176673815,20239271,21084276,1048556,0,0,0,0,0,0,0,0,0,0,0,0,1050,79,3,2,0,0,0,0,0,0,0,0,0
1779257835.1098123,g11.hpc.coe,43337,0.5001,0,100.0,2035.0,12288.0,18558249424,19176673894,20239275,21084278,1048556,0,0,0,0,0,0,0,0,0,0,0,0,1115,79,4,2,0,0,0,0,0,0,0,0,0
1779257835.609901,g11.hpc.coe,43337,0.5001,0,100.0,2035.0,12288.0,18558250582,19176673973,20239279,21084280,1048556,0,0,0,0,0,0,0,0,0,0,0,0,1158,79,4,2,0,0,0,0,0,0,0,0,0
1779257836.1099927,g11.hpc.coe,43337,0.5001,0,100.0,2035.0,12288.0,18558250714,19176674030,20239281,21084281,1048556,0,0,0,0,0,0,0,0,0,0,0,0,132,57,2,1,0,0,0,0,0,0,0,0,0
1779257836.610082,g11.hpc.coe,43337,0.5001,0,100.0,2035.0,12288.0,18558250889,19176674087,20239283,21084282,1048556,0,0,0,0,0,0,0,0,0,0,0,0,175,57,2,1,0,0,0,0,0,0,0,0,0
1779257837.11017,g11.hpc.coe,43337,0.5001,0,100.0,2035.0,12288.0,18565881145,19184319073,20247018,21092032,1048564,0,0,0,0,0,0,0,0,0,0,0,0,7630256,7644986,7735,7750,8,0,0,0,0,0,0,0,0
1779257837.6102579,g11.hpc.coe,43337,0.5001,0,100.0,2035.0,12288.0,18592950691,19211410905,20274177,21119216,1051994,0,0,0,0,0,0,0,0,0,0,0,0,27069546,27091832,27159,27184,3430,0,0,0,0,0,0,0,0
1779257838.1103463,g11.hpc.coe,43337,0.5001,0,100.0,2035.0,12288.0,18592951003,19211410962,20274179,21119217,1051994,0,0,0,0,0,0,0,0,0,0,0,0,312,57,2,1,0,0,0,0,0,0,0,0,0
1779257838.6104345,g11.hpc.coe,43337,0.5001,0,100.0,2035.0,12288.0,18592951435,19211411074,20274183,21119219,1051994,0,0,0,0,0,0,0,0,0,0,0,0,432,112,4,2,0,0,0,0,0,0,0,0,0
1779257839.1105275,g11.hpc.coe,43337,0.5001,0,100.0,2035.0,12288.0,18592951833,19211411131,20274185,21119220,1051994,0,0,0,0,0,0,0,0,0,0,0,0,398,57,2,1,0,0,0,0,0,0,0,0,0
1779257839.6106153,g11.hpc.coe,43337,0.5001,0,100.0,2035.0,12288.0,18592952273,19211411188,20274187,21119221,1051994,0,0,0,0,0,0,0,0,0,0,0,0,440,57,2,1,0,0,0,0,0,0,0,0,0
1779257840.1107056,g11.hpc.coe,43337,0.5001,0,100.0,2035.0,12288.0,18592952756,19211411245,20274189,21119222,1051994,0,0,0,0,0,0,0,0,0,0,0,0,483,57,2,1,0,0,0,0,0,0,0,0,0
1779257840.610795,g11.hpc.coe,43337,0.5001,0,100.0,2035.0,12288.0,18592953282,19211411302,20274191,21119223,1051994,0,0,0,0,0,0,0,0,0,0,0,0,526,57,2,1,0,0,0,0,0,0,0,0,0
1779257841.110886,g11.hpc.coe,43337,0.5001,0,100.0,2035.0,12288.0,18600583889,19219056296,20281924,21126972,1052005,0,0,0,0,0,0,0,0,0,0,0,0,7630607,7644994,7733,7749,11,0,0,0,0,0,0,0,0
1779257841.6109736,g11.hpc.coe,43337,0.5001,0,100.0,2035.0,12288.0,18627653815,19246148199,20309085,21154164,1052060,0,0,0,0,0,0,0,0,0,0,0,0,27069926,27091903,27161,27192,55,0,0,0,0,0,0,0,0
1779257842.1110625,g11.hpc.coe,43337,0.5001,0,100.0,2035.0,12288.0,18627654500,19246148278,20309088,21154166,1052060,0,0,0,0,0,0,0,0,0,0,0,0,685,79,3,2,0,0,0,0,0,0,0,0,0
1779257842.61115,g11.hpc.coe,43337,0.5001,0,100.0,2035.0,12288.0,18627655227,19246148357,20309091,21154168,1052060,0,0,0,0,0,0,0,0,0,0,0,0,727,79,3,2,0,0,0,0,0,0,0,0,0
1779257843.1112387,g11.hpc.coe,43337,0.5001,0,100.0,2035.0,12288.0,18627655997,19246148436,20309094,21154170,1052060,0,0,0,0,0,0,0,0,0,0,0,0,770,79,3,2,0,0,0,0,0,0,0,0,0
1779257843.6113257,g11.hpc.coe,43337,0.5001,0,100.0,2035.0,12288.0,18627656864,19246148570,20309098,21154173,1052060,0,0,0,0,0,0,0,0,0,0,0,0,867,134,4,3,0,0,0,0,0,0,0,0,0
1779257844.1114144,g11.hpc.coe,43337,0.5001,0,100.0,2035.0,12288.0,18627657741,19246148649,20309102,21154175,1052060,0,0,0,0,0,0,0,0,0,0,0,0,877,79,4,2,0,0,0,0,0,0,0,0,0
1779257844.611503,g11.hpc.coe,43337,0.5001,0,100.0,2035.0,12288.0,18627658639,19246148728,20309105,21154177,1052060,0,0,0,0,0,0,0,0,0,0,0,0,898,79,3,2,0,0,0,0,0,0,0,0,0
1779257845.1115923,g11.hpc.coe,43337,0.5001,0,100.0,2035.0,12288.0,18632612925,19251635246,20314546,21160027,1054739,0,0,0,0,0,0,0,0,0,0,0,0,4954286,5486518,5441,5850,2679,0,0,0,0,0,0,0,0
1779257845.6116862,g11.hpc.coe,43337,0.5001,0,100.0,2035.0,12288.0,18662359895,19280885618,20344002,21189117,1054765,0,0,0,0,0,0,0,0,0,0,0,0,29746970,29250372,29456,29090,26,0,0,0,0,0,0,0,0
1779257846.111777,g11.hpc.coe,43337,0.5001,0,100.0,2035.0,12288.0,18662360931,19280885697,20344005,21189119,1054765,0,0,0,0,0,0,0,0,0,0,0,0,1036,79,3,2,0,0,0,0,0,0,0,0,0
1779257846.6118653,g11.hpc.coe,43337,0.5001,0,100.0,2035.0,12288.0,18662362031,19280885776,20344009,21189121,1054765,0,0,0,0,0,0,0,0,0,0,0,0,1100,79,4,2,0,0,0,0,0,0,0,0,0
1779257847.1119533,g11.hpc.coe,43337,0.5001,0,100.0,2035.0,12288.0,18662363174,19280885855,20344013,21189123,1054765,0,0,0,0,0,0,0,0,0,0,0,0,1143,79,4,2,0,0,0,0,0,0,0,0,0
1779257847.6120434,g11.hpc.coe,43337,0.5001,0,100.0,2035.0,12288.0,18662364360,19280885934,20344017,21189125,1054765,0,0,0,0,0,0,0,0,0,0,0,0,1186,79,4,2,0,0,0,0,0,0,0,0,0
1779257848.1121328,g11.hpc.coe,43337,0.5001,0,100.0,2035.0,12288.0,18662365144,19280886438,20344034,21189134,1054765,0,0,0,0,0,0,0,0,0,0,0,0,784,504,17,9,0,0,0,0,0,0,0,0,0
1779257848.612222,g11.hpc.coe,43337,0.5001,0,100.0,2035.0,12288.0,18662365349,19280886495,20344036,21189135,1054765,0,0,0,0,0,0,0,0,0,0,0,0,205,57,2,1,0,0,0,0,0,0,0,0,0
1779257849.1123102,g11.hpc.coe,43337,0.5001,0,100.0,2035.0,12288.0,18663055906,19281584293,20344796,21189904,1054765,0,0,0,0,0,0,0,0,0,0,0,0,690557,697798,760,769,0,0,0,0,0,0,0,0,0
1779257849.6123986,g11.hpc.coe,43337,0.5001,0,100.0,2035.0,12288.0,18697065317,19315623449,20378929,21224072,1056254,0,0,0,0,0,0,0,0,0,0,0,0,34009411,34039156,34133,34168,1489,0,0,0,0,0,0,0,0
1779257850.1124873,g11.hpc.coe,43337,0.5001,0,100.0,2035.0,12288.0,18697065658,19315623506,20378931,21224073,1056254,0,0,0,0,0,0,0,0,0,0,0,0,341,57,2,1,0,0,0,0,0,0,0,0,0
1779257850.612576,g11.hpc.coe,43337,0.5001,0,100.0,2035.0,12288.0,18697066042,19315623563,20378933,21224074,1056254,0,0,0,0,0,0,0,0,0,0,0,0,384,57,2,1,0,0,0,0,0,0,0,0,0
1779257851.112667,g11.hpc.coe,43337,0.5001,0,100.0,2035.0,12288.0,18697066468,19315623620,20378935,21224075,1056254,0,0,0,0,0,0,0,0,0,0,0,0,426,57,2,1,0,0,0,0,0,0,0,0,0
1779257851.6127574,g11.hpc.coe,43337,0.5001,0,100.0,2035.0,12288.0,18697066937,19315623677,20378937,21224076,1056254,0,0,0,0,0,0,0,0,0,0,0,0,469,57,2,1,0,0,0,0,0,0,0,0,0
1779257852.1128473,g11.hpc.coe,43337,0.5001,0,100.0,2035.0,12288.0,18697067448,19315623734,20378939,21224077,1056254,0,0,0,0,0,0,0,0,0,0,0,0,511,57,2,1,0,0,0,0,0,0,0,0,0
1779257852.6129365,g11.hpc.coe,43337,0.5001,0,100.0,2035.0,12288.0,18697068024,19315623813,20378942,21224079,1056254,0,0,0,0,0,0,0,0,0,0,0,0,576,79,3,2,0,0,0,0,0,0,0,0,0
1779257853.113023,g11.hpc.coe,43337,0.5001,0,100.0,2035.0,12288.0,18697068794,19315631453,20378953,21224096,1056254,0,0,0,0,0,0,0,0,0,0,0,0,770,7640,11,17,0,0,0,0,0,0,0,0,0
1779257853.6131163,g11.hpc.coe,43337,0.5001,0,100.0,2035.0,12288.0,18731768646,19350360654,20413841,21259012,1056539,0,0,0,0,0,0,0,0,0,0,0,0,34699852,34729201,34888,34916,285,0,0,0,0,0,0,0,0
1779257854.1132057,g11.hpc.coe,43337,0.5001,0,100.0,2035.0,12288.0,18731769433,19350360788,20413846,21259015,1056539,0,0,0,0,0,0,0,0,0,0,0,0,787,134,5,3,0,0,0,0,0,0,0,0,0
1779257854.6132946,g11.hpc.coe,43337,0.5001,0,100.0,2035.0,12288.0,18731770186,19350360867,20413849,21259017,1056539,0,0,0,0,0,0,0,0,0,0,0,0,753,79,3,2,0,0,0,0,0,0,0,0,0
1779257855.1133828,g11.hpc.coe,43337,0.5001,0,100.0,2035.0,12288.0,18731770982,19350360946,20413852,21259019,1056539,0,0,0,0,0,0,0,0,0,0,0,0,796,79,3,2,0,0,0,0,0,0,0,0,0
1779257855.6134715,g11.hpc.coe,43337,0.5001,0,100.0,2035.0,12288.0,18731771821,19350361025,20413855,21259021,1056539,0,0,0,0,0,0,0,0,0,0,0,0,839,79,3,2,0,0,0,0,0,0,0,0,0
1779257856.1135588,g11.hpc.coe,43337,0.5001,0,100.0,2035.0,12288.0,18731772703,19350361104,20413858,21259023,1056539,0,0,0,0,0,0,0,0,0,0,0,0,882,79,3,2,0,0,0,0,0,0,0,0,0
1779257856.6136453,g11.hpc.coe,43337,0.5001,0,100.0,2035.0,12288.0,18731773627,19350361183,20413861,21259025,1056539,0,0,0,0,0,0,0,0,0,0,0,0,924,79,3,2,0,0,0,0,0,0,0,0,0
1779257857.113733,g11.hpc.coe,43337,0.5001,0,100.0,2035.0,12288.0,18731774594,19350361262,20413864,21259027,1056539,0,0,0,0,0,0,0,0,0,0,0,0,967,79,3,2,0,0,0,0,0,0,0,0,0
1779257857.6138246,g11.hpc.coe,43337,0.5001,0,100.0,2035.0,12288.0,18766474917,19385097975,20448756,21293951,1056566,0,0,0,0,0,0,0,0,0,0,0,0,34700323,34736713,34892,34924,27,0,0,0,0,0,0,0,0
1779257858.1139116,g11.hpc.coe,43337,0.5001,0,100.0,2035.0,12288.0,18766475974,19385098054,20448759,21293953,1056566,0,0,0,0,0,0,0,0,0,0,0,0,1057,79,3,2,0,0,0,0,0,0,0,0,0
1779257858.6140003,g11.hpc.coe,43337,0.5001,0,100.0,2035.0,12288.0,18766477096,19385098133,20448763,21293955,1056566,0,0,0,0,0,0,0,0,0,0,0,0,1122,79,4,2,0,0,0,0,0,0,0,0,0
1779257859.1140873,g11.hpc.coe,43337,0.5001,0,100.0,2035.0,12288.0,18766478338,19385098267,20448769,21293958,1056566,0,0,0,0,0,0,0,0,0,0,0,0,1242,134,6,3,0,0,0,0,0,0,0,0,0
1779257859.614175,g11.hpc.coe,43337,0.5001,0,100.0,2035.0,12288.0,18766478479,19385098324,20448771,21293959,1056566,0,0,0,0,0,0,0,0,0,0,0,0,141,57,2,1,0,0,0,0,0,0,0,0,0
1779257860.1142652,g11.hpc.coe,43337,0.5001,0,100.0,2035.0,12288.0,18766478662,19385098381,20448773,21293960,1056566,0,0,0,0,0,0,0,0,0,0,0,0,183,57,2,1,0,0,0,0,0,0,0,0,0
1779257860.6143522,g11.hpc.coe,43337,0.5001,0,100.0,2035.0,12288.0,18766478888,19385098438,20448775,21293961,1056566,0,0,0,0,0,0,0,0,0,0,0,0,226,57,2,1,0,0,0,0,0,0,0,0,0
1779257861.1144407,g11.hpc.coe,43337,0.5001,0,100.0,2035.0,12288.0,18766479157,19385098495,20448777,21293962,1056566,0,0,0,0,0,0,0,0,0,0,0,0,269,57,2,1,0,0,0,0,0,0,0,0,0
1779257861.61453,g11.hpc.coe,43337,0.5001,0,100.0,2035.0,12288.0,18794929140,19413585481,20477452,21322668,1057841,0,0,0,0,0,0,0,0,0,0,0,0,28449983,28486986,28675,28706,1275,0,0,0,0,0,0,0,0
1779257862.1146202,g11.hpc.coe,43337,0.5001,0,100.0,2035.0,12288.0,18801179182,19419835299,20483676,21328894,1057847,0,0,0,0,0,0,0,0,0,0,0,0,6250042,6249818,6224,6226,6,0,0,0,0,0,0,0,0
1779257862.6147084,g11.hpc.coe,43337,0.5001,0,100.0,2035.0,12288.0,18801179588,19419835356,20483678,21328895,1057847,0,0,0,0,0,0,0,0,0,0,0,0,406,57,2,1,0,0,0,0,0,0,0,0,0
1779257863.1148005,g11.hpc.coe,43337,0.5001,0,100.0,2035.0,12288.0,18801180894,19419836137,20483699,21328910,1057847,0,0,0,0,0,0,0,0,0,0,0,0,1306,781,21,15,0,0,0,0,0,0,0,0,0
1779257863.6148884,g11.hpc.coe,43337,0.5001,0,100.0,2035.0,12288.0,18801181408,19419836194,20483702,21328911,1057847,0,0,0,0,0,0,0,0,0,0,0,0,514,57,3,1,0,0,0,0,0,0,0,0,0
1779257864.1149774,g11.hpc.coe,43337,0.5001,0,100.0,2035.0,12288.0,18801182020,19419836306,20483706,21328913,1057847,0,0,0,0,0,0,0,0,0,0,0,0,612,112,4,2,0,0,0,0,0,0,0,0,0
1779257864.6150641,g11.hpc.coe,43337,0.5001,0,100.0,2035.0,12288.0,18801182620,19419836385,20483709,21328915,1057847,0,0,0,0,0,0,0,0,0,0,0,0,600,79,3,2,0,0,0,0,0,0,0,0,0
1779257865.115153,g11.hpc.coe,43337,0.5001,0,100.0,2035.0,12288.0,18801183263,19419836464,20483712,21328917,1057847,0,0,0,0,0,0,0,0,0,0,0,0,643,79,3,2,0,0,0,0,0,0,0,0,0
1779257865.6152432,g11.hpc.coe,43337,0.5001,0,100.0,2035.0,12288.0,18828943569,19447633449,20511637,21356877,1057871,0,0,0,0,0,0,0,0,0,0,0,0,27760306,27796985,27925,27960,24,0,0,0,0,0,0,0,0
1779257866.1153402,g11.hpc.coe,43337,0.5001,0,100.0,2035.0,12288.0,18835884001,19454573298,20518608,21363849,1058743,0,0,0,0,0,0,0,0,0,0,0,0,6940432,6939849,6971,6972,872,0,0,0,0,0,0,0,0
1779257866.6154287,g11.hpc.coe,43337,0.5001,0,100.0,2035.0,12288.0,18835884781,19454573377,20518611,21363851,1058743,0,0,0,0,0,0,0,0,0,0,0,0,780,79,3,2,0,0,0,0,0,0,0,0,0
1779257867.1155205,g11.hpc.coe,43337,0.5001,0,100.0,2035.0,12288.0,18835885604,19454573456,20518614,21363853,1058743,0,0,0,0,0,0,0,0,0,0,0,0,823,79,3,2,0,0,0,0,0,0,0,0,0
1779257867.6156087,g11.hpc.coe,43337,0.5001,0,100.0,2035.0,12288.0,18835886469,19454573535,20518617,21363855,1058743,0,0,0,0,0,0,0,0,0,0,0,0,865,79,3,2,0,0,0,0,0,0,0,0,0
1779257868.115697,g11.hpc.coe,43337,0.5001,0,100.0,2035.0,12288.0,18835887377,19454573614,20518620,21363857,1058743,0,0,0,0,0,0,0,0,0,0,0,0,908,79,3,2,0,0,0,0,0,0,0,0,0
1779257868.615785,g11.hpc.coe,43337,0.5001,0,100.0,2035.0,12288.0,18835888328,19454573693,20518623,21363859,1058743,0,0,0,0,0,0,0,0,0,0,0,0,951,79,3,2,0,0,0,0,0,0,0,0,0
1779257869.1158814,g11.hpc.coe,43337,0.5001,0,100.0,2035.0,12288.0,18835889321,19454573772,20518626,21363861,1058743,0,0,0,0,0,0,0,0,0,0,0,0,993,79,3,2,0,0,0,0,0,0,0,0,0
1779257869.61597,g11.hpc.coe,43337,0.5001,0,100.0,2035.0,12288.0,18835890585,19454581467,20518639,21363879,1058743,0,0,0,0,0,0,0,0,0,0,0,0,1264,7695,13,18,0,0,0,0,0,0,0,0,0
1779257870.1160638,g11.hpc.coe,43337,0.5001,0,100.0,2035.0,12288.0,18870590792,19489310682,20553516,21398797,1059239,0,0,0,0,0,0,0,0,0,0,0,0,34700207,34729215,34877,34918,496,0,0,0,0,0,0,0,0
1779257870.6161544,g11.hpc.coe,43337,0.5001,0,100.0,2035.0,12288.0,18870591941,19489310761,20553520,21398799,1059239,0,0,0,0,0,0,0,0,0,0,0,0,1149,79,4,2,0,0,0,0,0,0,0,0,0
1779257871.1162431,g11.hpc.coe,43337,0.5001,0,100.0,2035.0,12288.0,18870592065,19489310818,20553522,21398800,1059239,0,0,0,0,0,0,0,0,0,0,0,0,124,57,2,1,0,0,0,0,0,0,0,0,0
1779257871.6163294,g11.hpc.coe,43337,0.5001,0,100.0,2035.0,12288.0,18870592232,19489310875,20553524,21398801,1059239,0,0,0,0,0,0,0,0,0,0,0,0,167,57,2,1,0,0,0,0,0,0,0,0,0
1779257872.1164193,g11.hpc.coe,43337,0.5001,0,100.0,2035.0,12288.0,18870592442,19489310932,20553526,21398802,1059239,0,0,0,0,0,0,0,0,0,0,0,0,210,57,2,1,0,0,0,0,0,0,0,0,0
1779257872.6165082,g11.hpc.coe,43337,0.5001,0,100.0,2035.0,12288.0,18870592695,19489310989,20553528,21398803,1059239,0,0,0,0,0,0,0,0,0,0,0,0,253,57,2,1,0,0,0,0,0,0,0,0,0
1779257873.1165967,g11.hpc.coe,43337,0.5001,0,100.0,2035.0,12288.0,18870592990,19489311046,20553530,21398804,1059239,0,0,0,0,0,0,0,0,0,0,0,0,295,57,2,1,0,0,0,0,0,0,0,0,0
1779257873.6166873,g11.hpc.coe,43337,0.5001,0,100.0,2035.0,12288.0,18870593328,19489311103,20553532,21398805,1059239,0,0,0,0,0,0,0,0,0,0,0,0,338,57,2,1,0,0,0,0,0,0,0,0,0
1779257874.1167786,g11.hpc.coe,43337,0.5001,0,100.0,2035.0,12288.0,18905293050,19524047850,20588427,21433736,1060881,0,0,0,0,0,0,0,0,0,0,0,0,34699722,34736747,34895,34931,1642,0,0,0,0,0,0,0,0
1779257874.616868,g11.hpc.coe,43337,0.5001,0,100.0,2035.0,12288.0,18905293556,19524047962,20588431,21433738,1060881,0,0,0,0,0,0,0,0,0,0,0,0,506,112,4,2,0,0,0,0,0,0,0,0,0
1779257875.1169608,g11.hpc.coe,43337,0.5001,0,100.0,2035.0,12288.0,18905294028,19524048019,20588433,21433739,1060881,0,0,0,0,0,0,0,0,0,0,0,0,472,57,2,1,0,0,0,0,0,0,0,0,0
1779257875.6170483,g11.hpc.coe,43337,0.5001,0,100.0,2035.0,12288.0,18905294543,19524048076,20588435,21433740,1060881,0,0,0,0,0,0,0,0,0,0,0,0,515,57,2,1,0,0,0,0,0,0,0,0,0
1779257876.117138,g11.hpc.coe,43337,0.5001,0,100.0,2035.0,12288.0,18905295122,19524048155,20588438,21433742,1060881,0,0,0,0,0,0,0,0,0,0,0,0,579,79,3,2,0,0,0,0,0,0,0,0,0
1779257876.6172287,g11.hpc.coe,43337,0.5001,0,100.0,2035.0,12288.0,18905295744,19524048234,20588441,21433744,1060881,0,0,0,0,0,0,0,0,0,0,0,0,622,79,3,2,0,0,0,0,0,0,0,0,0
1779257877.1173174,g11.hpc.coe,43337,0.5001,0,100.0,2035.0,12288.0,18905296409,19524048313,20588444,21433746,1060881,0,0,0,0,0,0,0,0,0,0,0,0,665,79,3,2,0,0,0,0,0,0,0,0,0
1779257877.6174045,g11.hpc.coe,43337,0.5001,0,100.0,2035.0,12288.0,18905297116,19524048392,20588447,21433748,1060881,0,0,0,0,0,0,0,0,0,0,0,0,707,79,3,2,0,0,0,0,0,0,0,0,0
1779257878.1174955,g11.hpc.coe,43337,0.5001,0,100.0,2035.0,12288.0,18933748126,19552535826,20617133,21462460,1060907,0,0,0,0,0,0,0,0,0,0,0,0,28451010,28487434,28686,28712,26,0,0,0,0,0,0,0,0
1779257878.6175857,g11.hpc.coe,43337,0.5001,0,100.0,2035.0,12288.0,18939998586,19558785659,20623355,21468686,1060915,0,0,0,0,0,0,0,0,0,0,0,0,6250460,6249833,6222,6226,8,0,0,0,0,0,0,0,0
1779257879.1176746,g11.hpc.coe,43337,0.5001,0,100.0,2035.0,12288.0,18939999430,19558785738,20623358,21468688,1060915,0,0,0,0,0,0,0,0,0,0,0,0,844,79,3,2,0,0,0,0,0,0,0,0,0
1779257879.6177628,g11.hpc.coe,43337,0.5001,0,100.0,2035.0,12288.0,18940000394,19558785872,20623363,21468691,1060915,0,0,0,0,0,0,0,0,0,0,0,0,964,134,5,3,0,0,0,0,0,0,0,0,0
1779257880.117851,g11.hpc.coe,43337,0.5001,0,100.0,2035.0,12288.0,18940001324,19558785951,20623366,21468693,1060915,0,0,0,0,0,0,0,0,0,0,0,0,930,79,3,2,0,0,0,0,0,0,0,0,0
1779257880.617942,g11.hpc.coe,43337,0.5001,0,100.0,2035.0,12288.0,18940002297,19558786030,20623369,21468695,1060915,0,0,0,0,0,0,0,0,0,0,0,0,973,79,3,2,0,0,0,0,0,0,0,0,0
1779257881.118039,g11.hpc.coe,43337,0.5001,0,100.0,2035.0,12288.0,18940003312,19558786109,20623372,21468697,1060915,0,0,0,0,0,0,0,0,0,0,0,0,1015,79,3,2,0,0,0,0,0,0,0,0,0
1779257881.618129,g11.hpc.coe,43337,0.5001,0,100.0,2035.0,12288.0,18940004370,19558786188,20623375,21468699,1060915,0,0,0,0,0,0,0,0,0,0,0,0,1058,79,3,2,0,0,0,0,0,0,0,0,0
1779257882.1182187,g11.hpc.coe,43337,0.5001,0,100.0,2035.0,12288.0,18967765037,19586583229,20651290,21496667,1060935,0,0,0,0,0,0,0,0,0,0,0,0,27760667,27797041,27915,27968,20,0,0,0,0,0,0,0,0
1779257882.6183074,g11.hpc.coe,43337,0.5001,0,100.0,2035.0,12288.0,18974705899,19593523078,20658261,21503639,1060941,0,0,0,0,0,0,0,0,0,0,0,0,6940862,6939849,6971,6972,6,0,0,0,0,0,0,0,0
1779257883.118396,g11.hpc.coe,43337,0.5001,0,100.0,2035.0,12288.0,18974706048,19593523135,20658263,21503640,1060941,0,0,0,0,0,0,0,0,0,0,0,0,149,57,2,1,0,0,0,0,0,0,0,0,0
1779257883.618484,g11.hpc.coe,43337,0.5001,0,100.0,2035.0,12288.0,18974706239,19593523192,20658265,21503641,1060941,0,0,0,0,0,0,0,0,0,0,0,0,191,57,2,1,0,0,0,0,0,0,0,0,0
1779257884.118574,g11.hpc.coe,43337,0.5001,0,100.0,2035.0,12288.0,18974706473,19593523249,20658267,21503642,1060941,0,0,0,0,0,0,0,0,0,0,0,0,234,57,2,1,0,0,0,0,0,0,0,0,0
1779257884.6186607,g11.hpc.coe,43337,0.5001,0,100.0,2035.0,12288.0,18974706826,19593523361,20658271,21503644,1060941,0,0,0,0,0,0,0,0,0,0,0,0,353,112,4,2,0,0,0,0,0,0,0,0,0
1779257885.1187487,g11.hpc.coe,43337,0.5001,0,100.0,2035.0,12288.0,18974707145,19593523418,20658273,21503645,1060941,0,0,0,0,0,0,0,0,0,0,0,0,319,57,2,1,0,0,0,0,0,0,0,0,0
1779257885.6188376,g11.hpc.coe,43337,0.5001,0,100.0,2035.0,12288.0,18974707507,19593523475,20658275,21503646,1060941,0,0,0,0,0,0,0,0,0,0,0,0,362,57,2,1,0,0,0,0,0,0,0,0,0
1779257886.1189263,g11.hpc.coe,43337,0.5001,0,100.0,2035.0,12288.0,18996217678,19615063165,20679966,21525372,1060960,0,0,0,0,0,0,0,0,0,0,0,0,21510171,21539690,21691,21726,19,0,0,0,0,0,0,0,0
1779257886.6190162,g11.hpc.coe,43337,0.5001,0,100.0,2035.0,12288.0,19009407671,19628260321,20693167,21538584,1062361,0,0,0,0,0,0,0,0,0,0,0,0,13189993,13197156,13201,13212,1401,0,0,0,0,0,0,0,0
1779257887.1191049,g11.hpc.coe,43337,0.5001,0,100.0,2035.0,12288.0,19009408172,19628260378,20693169,21538585,1062361,0,0,0,0,0,0,0,0,0,0,0,0,501,57,2,1,0,0,0,0,0,0,0,0,0
1779257887.6191928,g11.hpc.coe,43337,0.5001,0,100.0,2035.0,12288.0,19009408738,19628260457,20693172,21538587,1062361,0,0,0,0,0,0,0,0,0,0,0,0,566,79,3,2,0,0,0,0,0,0,0,0,0
1779257888.119282,g11.hpc.coe,43337,0.5001,0,100.0,2035.0,12288.0,19009409346,19628260536,20693175,21538589,1062361,0,0,0,0,0,0,0,0,0,0,0,0,608,79,3,2,0,0,0,0,0,0,0,0,0
1779257888.619369,g11.hpc.coe,43337,0.5001,0,100.0,2035.0,12288.0,19009409997,19628260615,20693178,21538591,1062361,0,0,0,0,0,0,0,0,0,0,0,0,651,79,3,2,0,0,0,0,0,0,0,0,0
1779257889.1194558,g11.hpc.coe,43337,0.5001,0,100.0,2035.0,12288.0,19009410690,19628260694,20693181,21538593,1062361,0,0,0,0,0,0,0,0,0,0,0,0,693,79,3,2,0,0,0,0,0,0,0,0,0
1779257889.6195467,g11.hpc.coe,43337,0.5001,0,100.0,2035.0,12288.0,19009411426,19628260773,20693184,21538595,1062361,0,0,0,0,0,0,0,0,0,0,0,0,736,79,3,2,0,0,0,0,0,0,0,0,0
1779257890.1196342,g11.hpc.coe,43337,0.5001,0,100.0,2035.0,12288.0,19030232046,19649110517,20714134,21559576,1062380,0,0,0,0,0,0,0,0,0,0,0,0,20820620,20849744,20950,20981,19,0,0,0,0,0,0,0,0
1779257890.6197212,g11.hpc.coe,43337,0.5001,0,100.0,2035.0,12288.0,19044112457,19662997704,20728086,21573534,1062388,0,0,0,0,0,0,0,0,0,0,0,0,13880411,13887187,13952,13958,8,0,0,0,0,0,0,0,0
1779257891.1198142,g11.hpc.coe,43337,0.5001,0,100.0,2035.0,12288.0,19044113331,19662997783,20728089,21573536,1062388,0,0,0,0,0,0,0,0,0,0,0,0,874,79,3,2,0,0,0,0,0,0,0,0,0
1779257891.6199095,g11.hpc.coe,43337,0.5001,0,100.0,2035.0,12288.0,19044114248,19662997862,20728092,21573538,1062388,0,0,0,0,0,0,0,0,0,0,0,0,917,79,3,2,0,0,0,0,0,0,0,0,0
1779257892.1199977,g11.hpc.coe,43337,0.5001,0,100.0,2035.0,12288.0,19044115208,19662997941,20728095,21573540,1062388,0,0,0,0,0,0,0,0,0,0,0,0,960,79,3,2,0,0,0,0,0,0,0,0,0
1779257892.6200888,g11.hpc.coe,43337,0.5001,0,100.0,2035.0,12288.0,19044116210,19662998020,20728098,21573542,1062388,0,0,0,0,0,0,0,0,0,0,0,0,1002,79,3,2,0,0,0,0,0,0,0,0,0
1779257893.1201768,g11.hpc.coe,43337,0.5001,0,100.0,2035.0,12288.0,19044117878,19662998546,20728116,21573552,1062388,0,0,0,0,0,0,0,0,0,0,0,0,1668,526,18,10,0,0,0,0,0,0,0,0,0
1779257893.6202667,g11.hpc.coe,43337,0.5001,0,100.0,2035.0,12288.0,19044118989,19662998625,20728120,21573554,1062388,0,0,0,0,0,0,0,0,0,0,0,0,1111,79,4,2,0,0,0,0,0,0,0,0,0
1779257894.120356,g11.hpc.coe,43337,0.5001,0,100.0,2035.0,12288.0,19058690080,19677590971,20742840,21588291,1062399,0,0,0,0,0,0,0,0,0,0,0,0,14571091,14592346,14720,14737,11,0,0,0,0,0,0,0,0
1779257894.620443,g11.hpc.coe,43337,0.5001,0,100.0,2035.0,12288.0,19078819597,19697735493,20763016,21608493,1063365,0,0,0,0,0,0,0,0,0,0,0,0,20129517,20144522,20176,20202,966,0,0,0,0,0,0,0,0
1779257895.1205335,g11.hpc.coe,43337,0.5001,0,100.0,2035.0,12288.0,19078819855,19697735605,20763020,21608495,1063365,0,0,0,0,0,0,0,0,0,0,0,0,258,112,4,2,0,0,0,0,0,0,0,0,0
1779257895.6206217,g11.hpc.coe,43337,0.5001,0,100.0,2035.0,12288.0,19078820079,19697735662,20763022,21608496,1063365,0,0,0,0,0,0,0,0,0,0,0,0,224,57,2,1,0,0,0,0,0,0,0,0,0
1779257896.1207108,g11.hpc.coe,43337,0.5001,0,100.0,2035.0,12288.0,19078820346,19697735719,20763024,21608497,1063365,0,0,0,0,0,0,0,0,0,0,0,0,267,57,2,1,0,0,0,0,0,0,0,0,0
1779257896.6207988,g11.hpc.coe,43337,0.5001,0,100.0,2035.0,12288.0,19078820656,19697735776,20763026,21608498,1063365,0,0,0,0,0,0,0,0,0,0,0,0,310,57,2,1,0,0,0,0,0,0,0,0,0
1779257897.1208918,g11.hpc.coe,43337,0.5001,0,100.0,2035.0,12288.0,19078821009,19697735833,20763028,21608499,1063365,0,0,0,0,0,0,0,0,0,0,0,0,353,57,2,1,0,0,0,0,0,0,0,0,0
1779257897.6209807,g11.hpc.coe,43337,0.5001,0,100.0,2035.0,12288.0,19078821404,19697735890,20763030,21608500,1063365,0,0,0,0,0,0,0,0,0,0,0,0,395,57,2,1,0,0,0,0,0,0,0,0,0
1779257898.1210701,g11.hpc.coe,43337,0.5001,0,100.0,2035.0,12288.0,19093391716,19712328249,20777739,21623241,1063394,0,0,0,0,0,0,0,0,0,0,0,0,14570312,14592359,14709,14741,29,0,0,0,0,0,0,0,0
1779257898.6211638,g11.hpc.coe,43337,0.5001,0,100.0,2035.0,12288.0,19113521599,19732472771,20797917,21643443,1063421,0,0,0,0,0,0,0,0,0,0,0,0,20129883,20144522,20178,20202,27,0,0,0,0,0,0,0,0
1779257899.1212525,g11.hpc.coe,43337,0.5001,0,100.0,2035.0,12288.0,19113522133,19732472828,20797919,21643444,1063421,0,0,0,0,0,0,0,0,0,0,0,0,534,57,2,1,0,0,0,0,0,0,0,0,0
1779257899.6213415,g11.hpc.coe,43337,0.5001,0,100.0,2035.0,12288.0,19113522731,19732472907,20797922,21643446,1063421,0,0,0,0,0,0,0,0,0,0,0,0,598,79,3,2,0,0,0,0,0,0,0,0,0
1779257900.121437,g11.hpc.coe,43337,0.5001,0,100.0,2035.0,12288.0,19113523449,19732473041,20797927,21643449,1063421,0,0,0,0,0,0,0,0,0,0,0,0,718,134,5,3,0,0,0,0,0,0,0,0,0
1779257900.6215248,g11.hpc.coe,43337,0.5001,0,100.0,2035.0,12288.0,19113524133,19732473120,20797930,21643451,1063421,0,0,0,0,0,0,0,0,0,0,0,0,684,79,3,2,0,0,0,0,0,0,0,0,0
1779257901.1216125,g11.hpc.coe,43337,0.5001,0,100.0,2035.0,12288.0,19113524860,19732473199,20797933,21643453,1063421,0,0,0,0,0,0,0,0,0,0,0,0,727,79,3,2,0,0,0,0,0,0,0,0,0
1779257901.6217053,g11.hpc.coe,43337,0.5001,0,100.0,2035.0,12288.0,19113525629,19732473278,20797936,21643455,1063421,0,0,0,0,0,0,0,0,0,0,0,0,769,79,3,2,0,0,0,0,0,0,0,0,0
1779257902.1217935,g11.hpc.coe,43337,0.5001,0,100.0,2035.0,12288.0,19121605588,19740800774,20806698,21652219,1063547,0,0,0,0,0,0,0,0,0,0,0,0,8079959,8327496,8762,8764,126,0,0,0,0,0,0,0,0
1779257902.6218812,g11.hpc.coe,43337,0.5001,0,100.0,2035.0,12288.0,19148226606,19767210112,20832830,21678387,1066344,0,0,0,0,0,0,0,0,0,0,0,0,26621018,26409338,26132,26168,2797,0,0,0,0,0,0,0,0
1779257903.12197,g11.hpc.coe,43337,0.5001,0,100.0,2035.0,12288.0,19148227513,19767210191,20832833,21678389,1066344,0,0,0,0,0,0,0,0,0,0,0,0,907,79,3,2,0,0,0,0,0,0,0,0,0
1779257903.622062,g11.hpc.coe,43337,0.5001,0,100.0,2035.0,12288.0,19148228463,19767210270,20832836,21678391,1066344,0,0,0,0,0,0,0,0,0,0,0,0,950,79,3,2,0,0,0,0,0,0,0,0,0
1779257904.1221492,g11.hpc.coe,43337,0.5001,0,100.0,2035.0,12288.0,19148229455,19767210349,20832839,21678393,1066344,0,0,0,0,0,0,0,0,0,0,0,0,992,79,3,2,0,0,0,0,0,0,0,0,0
1779257904.6222377,g11.hpc.coe,43337,0.5001,0,100.0,2035.0,12288.0,19148230490,19767210428,20832842,21678395,1066344,0,0,0,0,0,0,0,0,0,0,0,0,1035,79,3,2,0,0,0,0,0,0,0,0,0
1779257905.1223252,g11.hpc.coe,43337,0.5001,0,100.0,2035.0,12288.0,19148231667,19767210562,20832848,21678398,1066344,0,0,0,0,0,0,0,0,0,0,0,0,1177,134,6,3,0,0,0,0,0,0,0,0,0
1779257905.6224136,g11.hpc.coe,43337,0.5001,0,100.0,2035.0,12288.0,19148232810,19767210641,20832852,21678400,1066344,0,0,0,0,0,0,0,0,0,0,0,0,1143,79,4,2,0,0,0,0,0,0,0,0,0
1779257906.122501,g11.hpc.coe,43337,0.5001,0,100.0,2035.0,12288.0,19155864069,19774855677,20840594,21686155,1066350,0,0,0,0,0,0,0,0,0,0,0,0,7631259,7645036,7742,7755,6,0,0,0,0,0,0,0,0
1779257906.6225889,g11.hpc.coe,43337,0.5001,0,100.0,2035.0,12288.0,19182933501,19801947488,20867751,21713336,1066673,0,0,0,0,0,0,0,0,0,0,0,0,27069432,27091811,27157,27181,323,0,0,0,0,0,0,0,0
1779257907.122677,g11.hpc.coe,43337,0.5001,0,100.0,2035.0,12288.0,19182933713,19801947545,20867753,21713337,1066673,0,0,0,0,0,0,0,0,0,0,0,0,212,57,2,1,0,0,0,0,0,0,0,0,0
1779257907.6227677,g11.hpc.coe,43337,0.5001,0,100.0,2035.0,12288.0,19182933968,19801947602,20867755,21713338,1066673,0,0,0,0,0,0,0,0,0,0,0,0,255,57,2,1,0,0,0,0,0,0,0,0,0
1779257908.1228642,g11.hpc.coe,43337,0.5001,0,100.0,2035.0,12288.0,19182934889,19801948106,20867772,21713347,1066673,0,0,0,0,0,0,0,0,0,0,0,0,921,504,17,9,0,0,0,0,0,0,0,0,0
1779257908.622954,g11.hpc.coe,43337,0.5001,0,100.0,2035.0,12288.0,19182935230,19801948163,20867774,21713348,1066673,0,0,0,0,0,0,0,0,0,0,0,0,341,57,2,1,0,0,0,0,0,0,0,0,0
1779257909.1230416,g11.hpc.coe,43337,0.5001,0,100.0,2035.0,12288.0,19182935613,19801948220,20867776,21713349,1066673,0,0,0,0,0,0,0,0,0,0,0,0,383,57,2,1,0,0,0,0,0,0,0,0,0
1779257909.623135,g11.hpc.coe,43337,0.5001,0,100.0,2035.0,12288.0,19182936039,19801948277,20867778,21713350,1066673,0,0,0,0,0,0,0,0,0,0,0,0,426,57,2,1,0,0,0,0,0,0,0,0,0
1779257910.123224,g11.hpc.coe,43337,0.5001,0,100.0,2035.0,12288.0,19189876516,19808903247,20874765,21720354,1069765,0,0,0,0,0,0,0,0,0,0,0,0,6940477,6954970,6987,7004,3092,0,0,0,0,0,0,0,0
1779257910.623315,g11.hpc.coe,43337,0.5001,0,100.0,2035.0,12288.0,19217636385,19836685164,20902671,21748287,1069794,0,0,0,0,0,0,0,0,0,0,0,0,27759869,27781917,27906,27933,29,0,0,0,0,0,0,0,0
1779257911.1234033,g11.hpc.coe,43337,0.5001,0,100.0,2035.0,12288.0,19217636970,19836685243,20902674,21748289,1069794,0,0,0,0,0,0,0,0,0,0,0,0,585,79,3,2,0,0,0,0,0,0,0,0,0
1779257911.6234899,g11.hpc.coe,43337,0.5001,0,100.0,2035.0,12288.0,19217637598,19836685322,20902677,21748291,1069794,0,0,0,0,0,0,0,0,0,0,0,0,628,79,3,2,0,0,0,0,0,0,0,0,0
1779257912.1235788,g11.hpc.coe,43337,0.5001,0,100.0,2035.0,12288.0,19217638269,19836685401,20902680,21748293,1069794,0,0,0,0,0,0,0,0,0,0,0,0,671,79,3,2,0,0,0,0,0,0,0,0,0
1779257912.6236668,g11.hpc.coe,43337,0.5001,0,100.0,2035.0,12288.0,19217638982,19836685480,20902683,21748295,1069794,0,0,0,0,0,0,0,0,0,0,0,0,713,79,3,2,0,0,0,0,0,0,0,0,0
1779257913.1237543,g11.hpc.coe,43337,0.5001,0,100.0,2035.0,12288.0,19217639738,19836685559,20902686,21748297,1069794,0,0,0,0,0,0,0,0,0,0,0,0,756,79,3,2,0,0,0,0,0,0,0,0,0
1779257913.623843,g11.hpc.coe,43337,0.5001,0,100.0,2035.0,12288.0,19217640537,19836685638,20902689,21748299,1069794,0,0,0,0,0,0,0,0,0,0,0,0,799,79,3,2,0,0,0,0,0,0,0,0,0
1779257914.1239312,g11.hpc.coe,43337,0.5001,0,100.0,2035.0,12288.0,19218331552,19837383301,20903447,21749063,1069794,0,0,0,0,0,0,0,0,0,0,0,0,691015,697663,758,764,0,0,0,0,0,0,0,0,0
1779257914.6240182,g11.hpc.coe,43337,0.5001,0,100.0,2035.0,12288.0,19252341578,19871422563,20937584,21783244,1069962,0,0,0,0,0,0,0,0,0,0,0,0,34010026,34039262,34137,34181,168,0,0,0,0,0,0,0,0
1779257915.12411,g11.hpc.coe,43337,0.5001,0,100.0,2035.0,12288.0,19252342513,19871422642,20937587,21783246,1069962,0,0,0,0,0,0,0,0,0,0,0,0,935,79,3,2,0,0,0,0,0,0,0,0,0
1779257915.6241996,g11.hpc.coe,43337,0.5001,0,100.0,2035.0,12288.0,19252343567,19871422776,20937592,21783249,1069962,0,0,0,0,0,0,0,0,0,0,0,0,1054,134,5,3,0,0,0,0,0,0,0,0,0
1779257916.1242902,g11.hpc.coe,43337,0.5001,0,100.0,2035.0,12288.0,19252344587,19871422855,20937595,21783251,1069962,0,0,0,0,0,0,0,0,0,0,0,0,1020,79,3,2,0,0,0,0,0,0,0,0,0
1779257916.6243768,g11.hpc.coe,43337,0.5001,0,100.0,2035.0,12288.0,19252345672,19871422934,20937599,21783253,1069962,0,0,0,0,0,0,0,0,0,0,0,0,1085,79,4,2,0,0,0,0,0,0,0,0,0
1779257917.1244655,g11.hpc.coe,43337,0.5001,0,100.0,2035.0,12288.0,19252346800,19871423013,20937603,21783255,1069962,0,0,0,0,0,0,0,0,0,0,0,0,1128,79,4,2,0,0,0,0,0,0,0,0,0
1779257917.624553,g11.hpc.coe,43337,0.5001,0,100.0,2035.0,12288.0,19252347971,19871423092,20937607,21783257,1069962,0,0,0,0,0,0,0,0,0,0,0,0,1171,79,4,2,0,0,0,0,0,0,0,0,0
1779257918.124642,g11.hpc.coe,43337,0.5001,0,100.0,2035.0,12288.0,19252348268,19871430710,20937617,21783273,1069962,0,0,0,0,0,0,0,0,0,0,0,0,297,7618,10,16,0,0,0,0,0,0,0,0,0
1779257918.624732,g11.hpc.coe,43337,0.5001,0,100.0,2035.0,12288.0,19287047613,19906159924,20972499,21818193,1069982,0,0,0,0,0,0,0,0,0,0,0,0,34699345,34729214,34882,34920,20,0,0,0,0,0,0,0,0
1779257919.1248236,g11.hpc.coe,43337,0.5001,0,100.0,2035.0,12288.0,19287047850,19906159981,20972501,21818194,1069982,0,0,0,0,0,0,0,0,0,0,0,0,237,57,2,1,0,0,0,0,0,0,0,0,0
1779257919.6249127,g11.hpc.coe,43337,0.5001,0,100.0,2035.0,12288.0,19287048130,19906160038,20972503,21818195,1069982,0,0,0,0,0,0,0,0,0,0,0,0,280,57,2,1,0,0,0,0,0,0,0,0,0
1779257920.1250014,g11.hpc.coe,43337,0.5001,0,100.0,2035.0,12288.0,19287048453,19906160095,20972505,21818196,1069982,0,0,0,0,0,0,0,0,0,0,0,0,323,57,2,1,0,0,0,0,0,0,0,0,0
1779257920.6250925,g11.hpc.coe,43337,0.5001,0,100.0,2035.0,12288.0,19287048895,19906160207,20972509,21818198,1069982,0,0,0,0,0,0,0,0,0,0,0,0,442,112,4,2,0,0,0,0,0,0,0,0,0
1779257921.1251853,g11.hpc.coe,43337,0.5001,0,100.0,2035.0,12288.0,19287049303,19906160264,20972511,21818199,1069982,0,0,0,0,0,0,0,0,0,0,0,0,408,57,2,1,0,0,0,0,0,0,0,0,0
1779257921.6252754,g11.hpc.coe,43337,0.5001,0,100.0,2035.0,12288.0,19287049754,19906160321,20972513,21818200,1069982,0,0,0,0,0,0,0,0,0,0,0,0,451,57,2,1,0,0,0,0,0,0,0,0,0
1779257922.1253657,g11.hpc.coe,43337,0.5001,0,100.0,2035.0,12288.0,19287050248,19906160378,20972515,21818201,1069982,0,0,0,0,0,0,0,0,0,0,0,0,494,57,2,1,0,0,0,0,0,0,0,0,0
1779257922.6254537,g11.hpc.coe,43337,0.5001,0,100.0,2035.0,12288.0,19321750112,19940897118,21007408,21853131,1071729,0,0,0,0,0,0,0,0,0,0,0,0,34699864,34736740,34893,34930,1747,0,0,0,0,0,0,0,0
1779257923.1255424,g11.hpc.coe,43337,0.5001,0,100.0,2035.0,12288.0,19321751599,19940897899,21007431,21853146,1071729,0,0,0,0,0,0,0,0,0,0,0,0,1487,781,23,15,0,0,0,0,0,0,0,0,0
1779257923.62563,g11.hpc.coe,43337,0.5001,0,100.0,2035.0,12288.0,19321752272,19940897978,21007435,21853148,1071729,0,0,0,0,0,0,0,0,0,0,0,0,673,79,4,2,0,0,0,0,0,0,0,0,0
1779257924.1257172,g11.hpc.coe,43337,0.5001,0,100.0,2035.0,12288.0,19321752965,19940898057,21007438,21853150,1071729,0,0,0,0,0,0,0,0,0,0,0,0,693,79,3,2,0,0,0,0,0,0,0,0,0
1779257924.6258054,g11.hpc.coe,43337,0.5001,0,100.0,2035.0,12288.0,19321753701,19940898136,21007441,21853152,1071729,0,0,0,0,0,0,0,0,0,0,0,0,736,79,3,2,0,0,0,0,0,0,0,0,0
1779257925.1258943,g11.hpc.coe,43337,0.5001,0,100.0,2035.0,12288.0,19321754479,19940898215,21007444,21853154,1071729,0,0,0,0,0,0,0,0,0,0,0,0,778,79,3,2,0,0,0,0,0,0,0,0,0
1779257925.625981,g11.hpc.coe,43337,0.5001,0,100.0,2035.0,12288.0,19321755377,19940898349,21007449,21853157,1071729,0,0,0,0,0,0,0,0,0,0,0,0,898,134,5,3,0,0,0,0,0,0,0,0,0
1779257926.1260698,g11.hpc.coe,43337,0.5001,0,100.0,2035.0,12288.0,19321756241,19940898428,21007452,21853159,1071729,0,0,0,0,0,0,0,0,0,0,0,0,864,79,3,2,0,0,0,0,0,0,0,0,0
1779257926.6261585,g11.hpc.coe,43337,0.5001,0,100.0,2035.0,12288.0,19350206764,19969385513,21036120,21881877,1071763,0,0,0,0,0,0,0,0,0,0,0,0,28450523,28487085,28668,28718,34,0,0,0,0,0,0,0,0
1779257927.1262476,g11.hpc.coe,43337,0.5001,0,100.0,2035.0,12288.0,19356457408,19975635325,21042346,21888100,1072251,0,0,0,0,0,0,0,0,0,0,0,0,6250644,6249812,6226,6223,488,0,0,0,0,0,0,0,0
1779257927.626336,g11.hpc.coe,43337,0.5001,0,100.0,2035.0,12288.0,19356458409,19975635404,21042349,21888102,1072251,0,0,0,0,0,0,0,0,0,0,0,0,1001,79,3,2,0,0,0,0,0,0,0,0,0
1779257928.1264255,g11.hpc.coe,43337,0.5001,0,100.0,2035.0,12288.0,19356459453,19975635483,21042352,21888104,1072251,0,0,0,0,0,0,0,0,0,0,0,0,1044,79,3,2,0,0,0,0,0,0,0,0,0
1779257928.6265154,g11.hpc.coe,43337,0.5001,0,100.0,2035.0,12288.0,19356460562,19975635562,21042356,21888106,1072251,0,0,0,0,0,0,0,0,0,0,0,0,1109,79,4,2,0,0,0,0,0,0,0,0,0
1779257929.1266053,g11.hpc.coe,43337,0.5001,0,100.0,2035.0,12288.0,19356461714,19975635641,21042360,21888108,1072251,0,0,0,0,0,0,0,0,0,0,0,0,1152,79,4,2,0,0,0,0,0,0,0,0,0
1779257929.6266928,g11.hpc.coe,43337,0.5001,0,100.0,2035.0,12288.0,19356461841,19975635698,21042362,21888109,1072251,0,0,0,0,0,0,0,0,0,0,0,0,127,57,2,1,0,0,0,0,0,0,0,0,0
1779257930.126782,g11.hpc.coe,43337,0.5001,0,100.0,2035.0,12288.0,19356462011,19975635755,21042364,21888110,1072251,0,0,0,0,0,0,0,0,0,0,0,0,170,57,2,1,0,0,0,0,0,0,0,0,0
1779257930.6268702,g11.hpc.coe,43337,0.5001,0,100.0,2035.0,12288.0,19384221844,20003432781,21070288,21916078,1074150,0,0,0,0,0,0,0,0,0,0,0,0,27759833,27797026,27924,27968,1899,0,0,0,0,0,0,0,0
1779257931.1269588,g11.hpc.coe,43337,0.5001,0,100.0,2035.0,12288.0,19391161832,20010372580,21077262,21923045,1075383,0,0,0,0,0,0,0,0,0,0,0,0,6939988,6939799,6974,6967,1233,0,0,0,0,0,0,0,0
1779257931.6270494,g11.hpc.coe,43337,0.5001,0,100.0,2035.0,12288.0,19391162140,20010372637,21077264,21923046,1075383,0,0,0,0,0,0,0,0,0,0,0,0,308,57,2,1,0,0,0,0,0,0,0,0,0
1779257932.127144,g11.hpc.coe,43337,0.5001,0,100.0,2035.0,12288.0,19391162491,20010372694,21077266,21923047,1075383,0,0,0,0,0,0,0,0,0,0,0,0,351,57,2,1,0,0,0,0,0,0,0,0,0
1779257932.6272373,g11.hpc.coe,43337,0.5001,0,100.0,2035.0,12288.0,19391162884,20010372751,21077268,21923048,1075383,0,0,0,0,0,0,0,0,0,0,0,0,393,57,2,1,0,0,0,0,0,0,0,0,0
1779257933.1273298,g11.hpc.coe,43337,0.5001,0,100.0,2035.0,12288.0,19391163320,20010372808,21077270,21923049,1075383,0,0,0,0,0,0,0,0,0,0,0,0,436,57,2,1,0,0,0,0,0,0,0,0,0
1779257933.6274252,g11.hpc.coe,43337,0.5001,0,100.0,2035.0,12288.0,19391163799,20010372865,21077272,21923050,1075383,0,0,0,0,0,0,0,0,0,0,0,0,479,57,2,1,0,0,0,0,0,0,0,0,0
1779257934.1275172,g11.hpc.coe,43337,0.5001,0,100.0,2035.0,12288.0,19391164320,20010372922,21077274,21923051,1075383,0,0,0,0,0,0,0,0,0,0,0,0,521,57,2,1,0,0,0,0,0,0,0,0,0
1779257934.6276116,g11.hpc.coe,43337,0.5001,0,100.0,2035.0,12288.0,19412674623,20031912634,21098959,21944778,1075407,0,0,0,0,0,0,0,0,0,0,0,0,21510303,21539712,21685,21727,24,0,0,0,0,0,0,0,0
1779257935.127721,g11.hpc.coe,43337,0.5001,0,100.0,2035.0,12288.0,19425864818,20045109826,21112164,21957993,1076602,0,0,0,0,0,0,0,0,0,0,0,0,13190195,13197192,13205,13215,1195,0,0,0,0,0,0,0,0
1779257935.6278138,g11.hpc.coe,43337,0.5001,0,100.0,2035.0,12288.0,19425865500,20045109905,21112167,21957995,1076602,0,0,0,0,0,0,0,0,0,0,0,0,682,79,3,2,0,0,0,0,0,0,0,0,0
1779257936.1279044,g11.hpc.coe,43337,0.5001,0,100.0,2035.0,12288.0,19425866302,20045110039,21112172,21957998,1076602,0,0,0,0,0,0,0,0,0,0,0,0,802,134,5,3,0,0,0,0,0,0,0,0,0
1779257936.6279998,g11.hpc.coe,43337,0.5001,0,100.0,2035.0,12288.0,19425867070,20045110118,21112175,21958000,1076602,0,0,0,0,0,0,0,0,0,0,0,0,768,79,3,2,0,0,0,0,0,0,0,0,0
1779257937.1280906,g11.hpc.coe,43337,0.5001,0,100.0,2035.0,12288.0,19425867880,20045110197,21112178,21958002,1076602,0,0,0,0,0,0,0,0,0,0,0,0,810,79,3,2,0,0,0,0,0,0,0,0,0
1779257937.6281812,g11.hpc.coe,43337,0.5001,0,100.0,2035.0,12288.0,19425868733,20045110276,21112181,21958004,1076602,0,0,0,0,0,0,0,0,0,0,0,0,853,79,3,2,0,0,0,0,0,0,0,0,0
1779257938.1282744,g11.hpc.coe,43337,0.5001,0,100.0,2035.0,12288.0,19425870252,20045110802,21112199,21958014,1076602,0,0,0,0,0,0,0,0,0,0,0,0,1519,526,18,10,0,0,0,0,0,0,0,0,0
1779257938.6283684,g11.hpc.coe,43337,0.5001,0,100.0,2035.0,12288.0,19446690907,20065960470,21133140,21978991,1076624,0,0,0,0,0,0,0,0,0,0,0,0,20820655,20849668,20941,20977,22,0,0,0,0,0,0,0,0
1779257939.128461,g11.hpc.coe,43337,0.5001,0,100.0,2035.0,12288.0,19460571450,20079847706,21147088,21992956,1076635,0,0,0,0,0,0,0,0,0,0,0,0,13880543,13887236,13948,13965,11,0,0,0,0,0,0,0,0
1779257939.6285543,g11.hpc.coe,43337,0.5001,0,100.0,2035.0,12288.0,19460572485,20079847785,21147091,21992958,1076635,0,0,0,0,0,0,0,0,0,0,0,0,1035,79,3,2,0,0,0,0,0,0,0,0,0
1779257940.128646,g11.hpc.coe,43337,0.5001,0,100.0,2035.0,12288.0,19460573585,20079847864,21147095,21992960,1076635,0,0,0,0,0,0,0,0,0,0,0,0,1100,79,4,2,0,0,0,0,0,0,0,0,0
1779257940.6287367,g11.hpc.coe,43337,0.5001,0,100.0,2035.0,12288.0,19460574728,20079847943,21147099,21992962,1076635,0,0,0,0,0,0,0,0,0,0,0,0,1143,79,4,2,0,0,0,0,0,0,0,0,0
1779257941.1288285,g11.hpc.coe,43337,0.5001,0,100.0,2035.0,12288.0,19460575991,20079848077,21147105,21992965,1076635,0,0,0,0,0,0,0,0,0,0,0,0,1263,134,6,3,0,0,0,0,0,0,0,0,0
1779257941.628921,g11.hpc.coe,43337,0.5001,0,100.0,2035.0,12288.0,19460576152,20079848134,21147107,21992966,1076635,0,0,0,0,0,0,0,0,0,0,0,0,161,57,2,1,0,0,0,0,0,0,0,0,0
1779257942.1290119,g11.hpc.coe,43337,0.5001,0,100.0,2035.0,12288.0,19460576355,20079848191,21147109,21992967,1076635,0,0,0,0,0,0,0,0,0,0,0,0,203,57,2,1,0,0,0,0,0,0,0,0,0
1779257942.6291065,g11.hpc.coe,43337,0.5001,0,100.0,2035.0,12288.0,19475146489,20094440550,21161820,22007708,1076649,0,0,0,0,0,0,0,0,0,0,0,0,14570134,14592359,14711,14741,14,0,0,0,0,0,0,0,0
1779257943.1291971,g11.hpc.coe,43337,0.5001,0,100.0,2035.0,12288.0,19495276145,20114585037,21181993,22027905,1078490,0,0,0,0,0,0,0,0,0,0,0,0,20129656,20144487,20173,20197,1841,0,0,0,0,0,0,0,0
1779257943.6292896,g11.hpc.coe,43337,0.5001,0,100.0,2035.0,12288.0,19495276487,20114585094,21181995,22027906,1078490,0,0,0,0,0,0,0,0,0,0,0,0,342,57,2,1,0,0,0,0,0,0,0,0,0
1779257944.1293812,g11.hpc.coe,43337,0.5001,0,100.0,2035.0,12288.0,19495276872,20114585151,21181997,22027907,1078490,0,0,0,0,0,0,0,0,0,0,0,0,385,57,2,1,0,0,0,0,0,0,0,0,0
1779257944.6294746,g11.hpc.coe,43337,0.5001,0,100.0,2035.0,12288.0,19495277300,20114585208,21181999,22027908,1078490,0,0,0,0,0,0,0,0,0,0,0,0,428,57,2,1,0,0,0,0,0,0,0,0,0
1779257945.1295655,g11.hpc.coe,43337,0.5001,0,100.0,2035.0,12288.0,19495277770,20114585265,21182001,22027909,1078490,0,0,0,0,0,0,0,0,0,0,0,0,470,57,2,1,0,0,0,0,0,0,0,0,0
1779257945.6296563,g11.hpc.coe,43337,0.5001,0,100.0,2035.0,12288.0,19495278283,20114585322,21182003,22027910,1078490,0,0,0,0,0,0,0,0,0,0,0,0,513,57,2,1,0,0,0,0,0,0,0,0,0
1779257946.1297479,g11.hpc.coe,43337,0.5001,0,100.0,2035.0,12288.0,19495278938,20114585456,21182008,22027913,1078490,0,0,0,0,0,0,0,0,0,0,0,0,655,134,5,3,0,0,0,0,0,0,0,0,0
1779257946.6298435,g11.hpc.coe,43337,0.5001,0,100.0,2035.0,12288.0,19509849461,20129177781,21196722,22042647,1078510,0,0,0,0,0,0,0,0,0,0,0,0,14570523,14592325,14714,14734,20,0,0,0,0,0,0,0,0
1779257947.1299374,g11.hpc.coe,43337,0.5001,0,100.0,2035.0,12288.0,19529979562,20149322269,21216906,22062842,1078798,0,0,0,0,0,0,0,0,0,0,0,0,20130101,20144488,20184,20195,288,0,0,0,0,0,0,0,0
1779257947.6300302,g11.hpc.coe,43337,0.5001,0,100.0,2035.0,12288.0,19529980279,20149322348,21216909,22062844,1078798,0,0,0,0,0,0,0,0,0,0,0,0,717,79,3,2,0,0,0,0,0,0,0,0,0
1779257948.130122,g11.hpc.coe,43337,0.5001,0,100.0,2035.0,12288.0,19529981038,20149322427,21216912,22062846,1078798,0,0,0,0,0,0,0,0,0,0,0,0,759,79,3,2,0,0,0,0,0,0,0,0,0
1779257948.6302147,g11.hpc.coe,43337,0.5001,0,100.0,2035.0,12288.0,19529981840,20149322506,21216915,22062848,1078798,0,0,0,0,0,0,0,0,0,0,0,0,802,79,3,2,0,0,0,0,0,0,0,0,0
1779257949.130305,g11.hpc.coe,43337,0.5001,0,100.0,2035.0,12288.0,19529982685,20149322585,21216918,22062850,1078798,0,0,0,0,0,0,0,0,0,0,0,0,845,79,3,2,0,0,0,0,0,0,0,0,0
1779257949.630399,g11.hpc.coe,43337,0.5001,0,100.0,2035.0,12288.0,19529983572,20149322664,21216921,22062852,1078798,0,0,0,0,0,0,0,0,0,0,0,0,887,79,3,2,0,0,0,0,0,0,0,0,0
1779257950.13049,g11.hpc.coe,43337,0.5001,0,100.0,2035.0,12288.0,19529984502,20149322743,21216924,22062854,1078798,0,0,0,0,0,0,0,0,0,0,0,0,930,79,3,2,0,0,0,0,0,0,0,0,0
1779257950.6305804,g11.hpc.coe,43337,0.5001,0,100.0,2035.0,12288.0,19529985474,20149322822,21216927,22062856,1078798,0,0,0,0,0,0,0,0,0,0,0,0,972,79,3,2,0,0,0,0,0,0,0,0,0
1779257951.130672,g11.hpc.coe,43337,0.5001,0,100.0,2035.0,12288.0,19551496240,20170862519,21238610,22084574,1078813,0,0,0,0,0,0,0,0,0,0,0,0,21510766,21539697,21683,21718,15,0,0,0,0,0,0,0,0
1779257951.630765,g11.hpc.coe,43337,0.5001,0,100.0,2035.0,12288.0,19564686864,20184059669,21251813,22097783,1080716,0,0,0,0,0,0,0,0,0,0,0,0,13190624,13197150,13203,13209,1903,0,0,0,0,0,0,0,0
1779257952.1308587,g11.hpc.coe,43337,0.5001,0,100.0,2035.0,12288.0,19564687996,20184059748,21251817,22097785,1080716,0,0,0,0,0,0,0,0,0,0,0,0,1132,79,4,2,0,0,0,0,0,0,0,0,0
1779257952.630951,g11.hpc.coe,43337,0.5001,0,100.0,2035.0,12288.0,19564689171,20184059827,21251821,22097787,1080716,0,0,0,0,0,0,0,0,0,0,0,0,1175,79,4,2,0,0,0,0,0,0,0,0,0
1779257953.1310458,g11.hpc.coe,43337,0.5001,0,100.0,2035.0,12288.0,19564689944,20184060331,21251838,22097796,1080716,0,0,0,0,0,0,0,0,0,0,0,0,773,504,17,9,0,0,0,0,0,0,0,0,0
1779257953.6311383,g11.hpc.coe,43337,0.5001,0,100.0,2035.0,12288.0,19564690137,20184060388,21251840,22097797,1080716,0,0,0,0,0,0,0,0,0,0,0,0,193,57,2,1,0,0,0,0,0,0,0,0,0
1779257954.1312308,g11.hpc.coe,43337,0.5001,0,100.0,2035.0,12288.0,19564690373,20184060445,21251842,22097798,1080716,0,0,0,0,0,0,0,0,0,0,0,0,236,57,2,1,0,0,0,0,0,0,0,0,0
1779257954.6313226,g11.hpc.coe,43337,0.5001,0,100.0,2035.0,12288.0,19564690652,20184060502,21251844,22097799,1080716,0,0,0,0,0,0,0,0,0,0,0,0,279,57,2,1,0,0,0,0,0,0,0,0,0
1779257955.1314137,g11.hpc.coe,43337,0.5001,0,100.0,2035.0,12288.0,19585510660,20204910127,21272780,22118772,1080737,0,0,0,0,0,0,0,0,0,0,0,0,20820008,20849625,20936,20973,21,0,0,0,0,0,0,0,0
1779257955.6315062,g11.hpc.coe,43337,0.5001,0,100.0,2035.0,12288.0,19599390585,20218797299,21286727,22132730,1080792,0,0,0,0,0,0,0,0,0,0,0,0,13879925,13887172,13947,13958,55,0,0,0,0,0,0,0,0
1779257956.131601,g11.hpc.coe,43337,0.5001,0,100.0,2035.0,12288.0,19599391002,20218797356,21286729,22132731,1080792,0,0,0,0,0,0,0,0,0,0,0,0,417,57,2,1,0,0,0,0,0,0,0,0,0
1779257956.6316943,g11.hpc.coe,43337,0.5001,0,100.0,2035.0,12288.0,19599391538,20218797468,21286733,22132733,1080792,0,0,0,0,0,0,0,0,0,0,0,0,536,112,4,2,0,0,0,0,0,0,0,0,0
1779257957.1317935,g11.hpc.coe,43337,0.5001,0,100.0,2035.0,12288.0,19599392040,20218797525,21286735,22132734,1080792,0,0,0,0,0,0,0,0,0,0,0,0,502,57,2,1,0,0,0,0,0,0,0,0,0
1779257957.6318874,g11.hpc.coe,43337,0.5001,0,100.0,2035.0,12288.0,19599392607,20218797604,21286738,22132736,1080792,0,0,0,0,0,0,0,0,0,0,0,0,567,79,3,2,0,0,0,0,0,0,0,0,0
1779257958.1319876,g11.hpc.coe,43337,0.5001,0,100.0,2035.0,12288.0,19599393217,20218797683,21286741,22132738,1080792,0,0,0,0,0,0,0,0,0,0,0,0,610,79,3,2,0,0,0,0,0,0,0,0,0
1779257958.6320803,g11.hpc.coe,43337,0.5001,0,100.0,2035.0,12288.0,19599393870,20218797762,21286744,22132740,1080792,0,0,0,0,0,0,0,0,0,0,0,0,653,79,3,2,0,0,0,0,0,0,0,0,0
1779257959.1321738,g11.hpc.coe,43337,0.5001,0,100.0,2035.0,12288.0,19613964495,20233390101,21301462,22147476,1080807,0,0,0,0,0,0,0,0,0,0,0,0,14570625,14592339,14718,14736,15,0,0,0,0,0,0,0,0
1779257959.6322656,g11.hpc.coe,43337,0.5001,0,100.0,2035.0,12288.0,19634094684,20253534624,21321648,22167676,1081234,0,0,0,0,0,0,0,0,0,0,0,0,20130189,20144523,20186,20200,427,0,0,0,0,0,0,0,0
1779257960.13236,g11.hpc.coe,43337,0.5001,0,100.0,2035.0,12288.0,19634095475,20253534703,21321651,22167678,1081234,0,0,0,0,0,0,0,0,0,0,0,0,791,79,3,2,0,0,0,0,0,0,0,0,0
1779257960.632452,g11.hpc.coe,43337,0.5001,0,100.0,2035.0,12288.0,19634096308,20253534782,21321654,22167680,1081234,0,0,0,0,0,0,0,0,0,0,0,0,833,79,3,2,0,0,0,0,0,0,0,0,0
1779257961.132553,g11.hpc.coe,43337,0.5001,0,100.0,2035.0,12288.0,19634097184,20253534861,21321657,22167682,1081234,0,0,0,0,0,0,0,0,0,0,0,0,876,79,3,2,0,0,0,0,0,0,0,0,0
1779257961.6326447,g11.hpc.coe,43337,0.5001,0,100.0,2035.0,12288.0,19634098179,20253534995,21321662,22167685,1081234,0,0,0,0,0,0,0,0,0,0,0,0,995,134,5,3,0,0,0,0,0,0,0,0,0
1779257962.1327374,g11.hpc.coe,43337,0.5001,0,100.0,2035.0,12288.0,19634099140,20253535074,21321665,22167687,1081234,0,0,0,0,0,0,0,0,0,0,0,0,961,79,3,2,0,0,0,0,0,0,0,0,0
1779257962.6328323,g11.hpc.coe,43337,0.5001,0,100.0,2035.0,12288.0,19634100144,20253535153,21321668,22167689,1081234,0,0,0,0,0,0,0,0,0,0,0,0,1004,79,3,2,0,0,0,0,0,0,0,0,0
1779257963.1329231,g11.hpc.coe,43337,0.5001,0,100.0,2035.0,12288.0,19647981035,20267437490,21335630,22181681,1081252,0,0,0,0,0,0,0,0,0,0,0,0,13880891,13902337,13962,13992,18,0,0,0,0,0,0,0,0
1779257963.6330156,g11.hpc.coe,43337,0.5001,0,100.0,2035.0,12288.0,19668801579,20288272001,21356558,22202623,1081268,0,0,0,0,0,0,0,0,0,0,0,0,20820544,20834511,20928,20942,16,0,0,0,0,0,0,0,0
1779257964.1331084,g11.hpc.coe,43337,0.5001,0,100.0,2035.0,12288.0,19668802744,20288272080,21356562,22202625,1081268,0,0,0,0,0,0,0,0,0,0,0,0,1165,79,4,2,0,0,0,0,0,0,0,0,0
1779257964.633201,g11.hpc.coe,43337,0.5001,0,100.0,2035.0,12288.0,19668802884,20288272137,21356564,22202626,1081268,0,0,0,0,0,0,0,0,0,0,0,0,140,57,2,1,0,0,0,0,0,0,0,0,0
1779257965.1332948,g11.hpc.coe,43337,0.5001,0,100.0,2035.0,12288.0,19668803066,20288272194,21356566,22202627,1081268,0,0,0,0,0,0,0,0,0,0,0,0,182,57,2,1,0,0,0,0,0,0,0,0,0
1779257965.6333876,g11.hpc.coe,43337,0.5001,0,100.0,2035.0,12288.0,19668803291,20288272251,21356568,22202628,1081268,0,0,0,0,0,0,0,0,0,0,0,0,225,57,2,1,0,0,0,0,0,0,0,0,0
1779257966.133484,g11.hpc.coe,43337,0.5001,0,100.0,2035.0,12288.0,19668803559,20288272308,21356570,22202629,1081268,0,0,0,0,0,0,0,0,0,0,0,0,268,57,2,1,0,0,0,0,0,0,0,0,0
1779257966.6335764,g11.hpc.coe,43337,0.5001,0,100.0,2035.0,12288.0,19668803946,20288272420,21356574,22202631,1081268,0,0,0,0,0,0,0,0,0,0,0,0,387,112,4,2,0,0,0,0,0,0,0,0,0
1779257967.1336672,g11.hpc.coe,43337,0.5001,0,100.0,2035.0,12288.0,19676434323,20295917406,21364307,22210381,1081272,0,0,0,0,0,0,0,0,0,0,0,0,7630377,7644986,7733,7750,4,0,0,0,0,0,0,0,0
1779257967.6337583,g11.hpc.coe,43337,0.5001,0,100.0,2035.0,12288.0,19703503949,20323009245,21391458,22237566,1081930,0,0,0,0,0,0,0,0,0,0,0,0,27069626,27091839,27151,27185,658,0,0,0,0,0,0,0,0
1779257968.1338491,g11.hpc.coe,43337,0.5001,0,100.0,2035.0,12288.0,19703505020,20323009749,21391475,22237575,1081930,0,0,0,0,0,0,0,0,0,0,0,0,1071,504,17,9,0,0,0,0,0,0,0,0,0
1779257968.6339428,g11.hpc.coe,43337,0.5001,0,100.0,2035.0,12288.0,19703505511,20323009806,21391477,22237576,1081930,0,0,0,0,0,0,0,0,0,0,0,0,491,57,2,1,0,0,0,0,0,0,0,0,0
1779257969.1340387,g11.hpc.coe,43337,0.5001,0,100.0,2035.0,12288.0,19703506045,20323009863,21391479,22237577,1081930,0,0,0,0,0,0,0,0,0,0,0,0,534,57,2,1,0,0,0,0,0,0,0,0,0
1779257969.6341298,g11.hpc.coe,43337,0.5001,0,100.0,2035.0,12288.0,19703506644,20323009942,21391482,22237579,1081930,0,0,0,0,0,0,0,0,0,0,0,0,599,79,3,2,0,0,0,0,0,0,0,0,0
1779257970.1342208,g11.hpc.coe,43337,0.5001,0,100.0,2035.0,12288.0,19703507285,20323010021,21391485,22237581,1081930,0,0,0,0,0,0,0,0,0,0,0,0,641,79,3,2,0,0,0,0,0,0,0,0,0
1779257970.6343112,g11.hpc.coe,43337,0.5001,0,100.0,2035.0,12288.0,19703507969,20323010100,21391488,22237583,1081930,0,0,0,0,0,0,0,0,0,0,0,0,684,79,3,2,0,0,0,0,0,0,0,0,0
1779257971.1344023,g11.hpc.coe,43337,0.5001,0,100.0,2035.0,12288.0,19711138706,20330655087,21399220,22245331,1081935,0,0,0,0,0,0,0,0,0,0,0,0,7630737,7644987,7732,7748,5,0,0,0,0,0,0,0,0
1779257971.634493,g11.hpc.coe,43337,0.5001,0,100.0,2035.0,12288.0,19738208803,20357746961,21426377,22272512,1081974,0,0,0,0,0,0,0,0,0,0,0,0,27070097,27091874,27157,27181,39,0,0,0,0,0,0,0,0
1779257972.1345859,g11.hpc.coe,43337,0.5001,0,100.0,2035.0,12288.0,19738209624,20357747040,21426380,22272514,1081974,0,0,0,0,0,0,0,0,0,0,0,0,821,79,3,2,0,0,0,0,0,0,0,0,0
1779257972.6346774,g11.hpc.coe,43337,0.5001,0,100.0,2035.0,12288.0,19738210488,20357747119,21426383,22272516,1081974,0,0,0,0,0,0,0,0,0,0,0,0,864,79,3,2,0,0,0,0,0,0,0,0,0
1779257973.13477,g11.hpc.coe,43337,0.5001,0,100.0,2035.0,12288.0,19738211394,20357747198,21426386,22272518,1081974,0,0,0,0,0,0,0,0,0,0,0,0,906,79,3,2,0,0,0,0,0,0,0,0,0
1779257973.6348627,g11.hpc.coe,43337,0.5001,0,100.0,2035.0,12288.0,19738212343,20357747277,21426389,22272520,1081974,0,0,0,0,0,0,0,0,0,0,0,0,949,79,3,2,0,0,0,0,0,0,0,0,0
1779257974.1349535,g11.hpc.coe,43337,0.5001,0,100.0,2035.0,12288.0,19738213334,20357747356,21426392,22272522,1081974,0,0,0,0,0,0,0,0,0,0,0,0,991,79,3,2,0,0,0,0,0,0,0,0,0
1779257974.6350474,g11.hpc.coe,43337,0.5001,0,100.0,2035.0,12288.0,19738214368,20357747435,21426395,22272524,1081974,0,0,0,0,0,0,0,0,0,0,0,0,1034,79,3,2,0,0,0,0,0,0,0,0,0
1779257975.135141,g11.hpc.coe,43337,0.5001,0,100.0,2035.0,12288.0,19745155482,20364702434,21433385,22279530,1084409,0,0,0,0,0,0,0,0,0,0,0,0,6941114,6954999,6990,7006,2435,0,0,0,0,0,0,0,0
1779257975.6352322,g11.hpc.coe,43337,0.5001,0,100.0,2035.0,12288.0,19772915947,20392484297,21461295,22307460,1084430,0,0,0,0,0,0,0,0,0,0,0,0,27760465,27781863,27910,27930,21,0,0,0,0,0,0,0,0
1779257976.1353247,g11.hpc.coe,43337,0.5001,0,100.0,2035.0,12288.0,19772917141,20392484376,21461299,22307462,1084430,0,0,0,0,0,0,0,0,0,0,0,0,1194,79,4,2,0,0,0,0,0,0,0,0,0
1779257976.6354167,g11.hpc.coe,43337,0.5001,0,100.0,2035.0,12288.0,19772917310,20392484433,21461301,22307463,1084430,0,0,0,0,0,0,0,0,0,0,0,0,169,57,2,1,0,0,0,0,0,0,0,0,0
1779257977.1355069,g11.hpc.coe,43337,0.5001,0,100.0,2035.0,12288.0,19772917599,20392484545,21461305,22307465,1084430,0,0,0,0,0,0,0,0,0,0,0,0,289,112,4,2,0,0,0,0,0,0,0,0,0
1779257977.6356018,g11.hpc.coe,43337,0.5001,0,100.0,2035.0,12288.0,19772917854,20392484602,21461307,22307466,1084430,0,0,0,0,0,0,0,0,0,0,0,0,255,57,2,1,0,0,0,0,0,0,0,0,0
1779257978.1356936,g11.hpc.coe,43337,0.5001,0,100.0,2035.0,12288.0,19772918151,20392484659,21461309,22307467,1084430,0,0,0,0,0,0,0,0,0,0,0,0,297,57,2,1,0,0,0,0,0,0,0,0,0
1779257978.635795,g11.hpc.coe,43337,0.5001,0,100.0,2035.0,12288.0,19772918491,20392484716,21461311,22307468,1084430,0,0,0,0,0,0,0,0,0,0,0,0,340,57,2,1,0,0,0,0,0,0,0,0,0
1779257979.1358933,g11.hpc.coe,43337,0.5001,0,100.0,2035.0,12288.0,19773609048,20393182378,21462068,22308234,1084430,0,0,0,0,0,0,0,0,0,0,0,0,690557,697662,757,766,0,0,0,0,0,0,0,0,0
1779257979.635989,g11.hpc.coe,43337,0.5001,0,100.0,2035.0,12288.0,19807618629,20427221520,21496206,22342400,1084459,0,0,0,0,0,0,0,0,0,0,0,0,34009581,34039142,34138,34166,29,0,0,0,0,0,0,0,0
1779257980.1360834,g11.hpc.coe,43337,0.5001,0,100.0,2035.0,12288.0,19807619105,20427221577,21496208,22342401,1084459,0,0,0,0,0,0,0,0,0,0,0,0,476,57,2,1,0,0,0,0,0,0,0,0,0
1779257980.6361759,g11.hpc.coe,43337,0.5001,0,100.0,2035.0,12288.0,19807619623,20427221634,21496210,22342402,1084459,0,0,0,0,0,0,0,0,0,0,0,0,518,57,2,1,0,0,0,0,0,0,0,0,0
1779257981.1362703,g11.hpc.coe,43337,0.5001,0,100.0,2035.0,12288.0,19807620206,20427221713,21496213,22342404,1084459,0,0,0,0,0,0,0,0,0,0,0,0,583,79,3,2,0,0,0,0,0,0,0,0,0
1779257981.636362,g11.hpc.coe,43337,0.5001,0,100.0,2035.0,12288.0,19807620832,20427221792,21496216,22342406,1084459,0,0,0,0,0,0,0,0,0,0,0,0,626,79,3,2,0,0,0,0,0,0,0,0,0
1779257982.1364543,g11.hpc.coe,43337,0.5001,0,100.0,2035.0,12288.0,19807621577,20427221926,21496221,22342409,1084459,0,0,0,0,0,0,0,0,0,0,0,0,745,134,5,3,0,0,0,0,0,0,0,0,0
1779257982.6365473,g11.hpc.coe,43337,0.5001,0,100.0,2035.0,12288.0,19807622288,20427222005,21496224,22342411,1084459,0,0,0,0,0,0,0,0,0,0,0,0,711,79,3,2,0,0,0,0,0,0,0,0,0
1779257983.1366396,g11.hpc.coe,43337,0.5001,0,100.0,2035.0,12288.0,19807624073,20427230347,21496255,22342441,1084459,0,0,0,0,0,0,0,0,0,0,0,0,1785,8342,31,30,0,0,0,0,0,0,0,0,0
1779257983.636737,g11.hpc.coe,43337,0.5001,0,100.0,2035.0,12288.0,19842324090,20461959597,21531145,22377364,1084495,0,0,0,0,0,0,0,0,0,0,0,0,34700017,34729250,34890,34923,36,0,0,0,0,0,0,0,0
1779257984.1368284,g11.hpc.coe,43337,0.5001,0,100.0,2035.0,12288.0,19842324936,20461959676,21531148,22377366,1084495,0,0,0,0,0,0,0,0,0,0,0,0,846,79,3,2,0,0,0,0,0,0,0,0,0
1779257984.63692,g11.hpc.coe,43337,0.5001,0,100.0,2035.0,12288.0,19842325824,20461959755,21531151,22377368,1084495,0,0,0,0,0,0,0,0,0,0,0,0,888,79,3,2,0,0,0,0,0,0,0,0,0
1779257985.1370118,g11.hpc.coe,43337,0.5001,0,100.0,2035.0,12288.0,19842326755,20461959834,21531154,22377370,1084495,0,0,0,0,0,0,0,0,0,0,0,0,931,79,3,2,0,0,0,0,0,0,0,0,0
1779257985.6371064,g11.hpc.coe,43337,0.5001,0,100.0,2035.0,12288.0,19842327728,20461959913,21531157,22377372,1084495,0,0,0,0,0,0,0,0,0,0,0,0,973,79,3,2,0,0,0,0,0,0,0,0,0
1779257986.1371987,g11.hpc.coe,43337,0.5001,0,100.0,2035.0,12288.0,19842328744,20461959992,21531160,22377374,1084495,0,0,0,0,0,0,0,0,0,0,0,0,1016,79,3,2,0,0,0,0,0,0,0,0,0
1779257986.6372912,g11.hpc.coe,43337,0.5001,0,100.0,2035.0,12288.0,19842329803,20461960071,21531163,22377376,1084495,0,0,0,0,0,0,0,0,0,0,0,0,1059,79,3,2,0,0,0,0,0,0,0,0,0
1779257987.1373832,g11.hpc.coe,43337,0.5001,0,100.0,2035.0,12288.0,19842331004,20461960205,21531169,22377379,1084495,0,0,0,0,0,0,0,0,0,0,0,0,1201,134,6,3,0,0,0,0,0,0,0,0,0
1779257987.6374757,g11.hpc.coe,43337,0.5001,0,100.0,2035.0,12288.0,19876474525,20496654144,21566019,22412294,1086588,0,0,0,0,0,0,0,0,0,0,0,0,34143521,34693939,34850,34915,2093,0,0,0,0,0,0,0,0
1779257988.1375673,g11.hpc.coe,43337,0.5001,0,100.0,2035.0,12288.0,19877031625,20496696968,21566063,22412303,1086588,0,0,0,0,0,0,0,0,0,0,0,0,557100,42824,44,9,0,0,0,0,0,0,0,0,0
1779257988.6376617,g11.hpc.coe,43337,0.5001,0,100.0,2035.0,12288.0,19877031817,20496697025,21566065,22412304,1086588,0,0,0,0,0,0,0,0,0,0,0,0,192,57,2,1,0,0,0,0,0,0,0,0,0
1779257989.1377523,g11.hpc.coe,43337,0.5001,0,100.0,2035.0,12288.0,19877032052,20496697082,21566067,22412305,1086588,0,0,0,0,0,0,0,0,0,0,0,0,235,57,2,1,0,0,0,0,0,0,0,0,0
1779257989.6378467,g11.hpc.coe,43337,0.5001,0,100.0,2035.0,12288.0,19877032330,20496697139,21566069,22412306,1086588,0,0,0,0,0,0,0,0,0,0,0,0,278,57,2,1,0,0,0,0,0,0,0,0,0
1779257990.1379392,g11.hpc.coe,43337,0.5001,0,100.0,2035.0,12288.0,19877032650,20496697196,21566071,22412307,1086588,0,0,0,0,0,0,0,0,0,0,0,0,320,57,2,1,0,0,0,0,0,0,0,0,0
1779257990.6380332,g11.hpc.coe,43337,0.5001,0,100.0,2035.0,12288.0,19877033013,20496697253,21566073,22412308,1086588,0,0,0,0,0,0,0,0,0,0,0,0,363,57,2,1,0,0,0,0,0,0,0,0,0
1779257991.1381261,g11.hpc.coe,43337,0.5001,0,100.0,2035.0,12288.0,19877033419,20496697310,21566075,22412309,1086588,0,0,0,0,0,0,0,0,0,0,0,0,406,57,2,1,0,0,0,0,0,0,0,0,0
1779257991.6382182,g11.hpc.coe,43337,0.5001,0,100.0,2035.0,12288.0,19905483533,20525184296,21594749,22441015,1086616,0,0,0,0,0,0,0,0,0,0,0,0,28450114,28486986,28674,28706,28,0,0,0,0,0,0,0,0
1779257992.1383097,g11.hpc.coe,43337,0.5001,0,100.0,2035.0,12288.0,19911733796,20531434162,21600976,22447241,1086644,0,0,0,0,0,0,0,0,0,0,0,0,6250263,6249866,6227,6226,28,0,0,0,0,0,0,0,0
1779257992.6384003,g11.hpc.coe,43337,0.5001,0,100.0,2035.0,12288.0,19911734361,20531434241,21600979,22447243,1086644,0,0,0,0,0,0,0,0,0,0,0,0,565,79,3,2,0,0,0,0,0,0,0,0,0
1779257993.1384928,g11.hpc.coe,43337,0.5001,0,100.0,2035.0,12288.0,19911734969,20531434320,21600982,22447245,1086644,0,0,0,0,0,0,0,0,0,0,0,0,608,79,3,2,0,0,0,0,0,0,0,0,0
1779257993.638584,g11.hpc.coe,43337,0.5001,0,100.0,2035.0,12288.0,19911735620,20531434399,21600985,22447247,1086644,0,0,0,0,0,0,0,0,0,0,0,0,651,79,3,2,0,0,0,0,0,0,0,0,0
1779257994.1386752,g11.hpc.coe,43337,0.5001,0,100.0,2035.0,12288.0,19911736313,20531434478,21600988,22447249,1086644,0,0,0,0,0,0,0,0,0,0,0,0,693,79,3,2,0,0,0,0,0,0,0,0,0
1779257994.6387687,g11.hpc.coe,43337,0.5001,0,100.0,2035.0,12288.0,19911737049,20531434557,21600991,22447251,1086644,0,0,0,0,0,0,0,0,0,0,0,0,736,79,3,2,0,0,0,0,0,0,0,0,0
1779257995.1388605,g11.hpc.coe,43337,0.5001,0,100.0,2035.0,12288.0,19911737828,20531434636,21600994,22447253,1086644,0,0,0,0,0,0,0,0,0,0,0,0,779,79,3,2,0,0,0,0,0,0,0,0,0
1779257995.638954,g11.hpc.coe,43337,0.5001,0,100.0,2035.0,12288.0,19939498249,20559231635,21628916,22475215,1087129,0,0,0,0,0,0,0,0,0,0,0,0,27760421,27796999,27922,27962,485,0,0,0,0,0,0,0,0
1779257996.139051,g11.hpc.coe,43337,0.5001,0,100.0,2035.0,12288.0,19946438824,20566171498,21635888,22482189,1087226,0,0,0,0,0,0,0,0,0,0,0,0,6940575,6939863,6972,6974,97,0,0,0,0,0,0,0,0
1779257996.639142,g11.hpc.coe,43337,0.5001,0,100.0,2035.0,12288.0,19946439740,20566171577,21635891,22482191,1087226,0,0,0,0,0,0,0,0,0,0,0,0,916,79,3,2,0,0,0,0,0,0,0,0,0
1779257997.1392324,g11.hpc.coe,43337,0.5001,0,100.0,2035.0,12288.0,19946440698,20566171656,21635894,22482193,1087226,0,0,0,0,0,0,0,0,0,0,0,0,958,79,3,2,0,0,0,0,0,0,0,0,0
1779257997.639327,g11.hpc.coe,43337,0.5001,0,100.0,2035.0,12288.0,19946441776,20566171790,21635899,22482196,1087226,0,0,0,0,0,0,0,0,0,0,0,0,1078,134,5,3,0,0,0,0,0,0,0,0,0
1779257998.1394188,g11.hpc.coe,43337,0.5001,0,100.0,2035.0,12288.0,19946443443,20566172316,21635917,22482206,1087226,0,0,0,0,0,0,0,0,0,0,0,0,1667,526,18,10,0,0,0,0,0,0,0,0,0
1779257998.63951,g11.hpc.coe,43337,0.5001,0,100.0,2035.0,12288.0,19946444553,20566172395,21635921,22482208,1087226,0,0,0,0,0,0,0,0,0,0,0,0,1110,79,4,2,0,0,0,0,0,0,0,0,0
1779257999.1396008,g11.hpc.coe,43337,0.5001,0,100.0,2035.0,12288.0,19946445705,20566172474,21635925,22482210,1087226,0,0,0,0,0,0,0,0,0,0,0,0,1152,79,4,2,0,0,0,0,0,0,0,0,0
1779257999.6396918,g11.hpc.coe,43337,0.5001,0,100.0,2035.0,12288.0,19967955584,20587712122,21657614,22503930,1087474,0,0,0,0,0,0,0,0,0,0,0,0,21509879,21539648,21689,21720,248,0,0,0,0,0,0,0,0
1779258000.139784,g11.hpc.coe,43337,0.5001,0,100.0,2035.0,12288.0,19981145299,20600909264,21670815,22517140,1089131,0,0,0,0,0,0,0,0,0,0,0,0,13189715,13197142,13201,13210,1657,0,0,0,0,0,0,0,0
1779258000.6398766,g11.hpc.coe,43337,0.5001,0,100.0,2035.0,12288.0,19981145522,20600909321,21670817,22517141,1089131,0,0,0,0,0,0,0,0,0,0,0,0,223,57,2,1,0,0,0,0,0,0,0,0,0
1779258001.1399693,g11.hpc.coe,43337,0.5001,0,100.0,2035.0,12288.0,19981145788,20600909378,21670819,22517142,1089131,0,0,0,0,0,0,0,0,0,0,0,0,266,57,2,1,0,0,0,0,0,0,0,0,0
1779258001.640064,g11.hpc.coe,43337,0.5001,0,100.0,2035.0,12288.0,19981146097,20600909435,21670821,22517143,1089131,0,0,0,0,0,0,0,0,0,0,0,0,309,57,2,1,0,0,0,0,0,0,0,0,0
1779258002.1401565,g11.hpc.coe,43337,0.5001,0,100.0,2035.0,12288.0,19981146448,20600909514,21670823,22517145,1089131,0,0,0,0,0,0,0,0,0,0,0,0,351,79,2,2,0,0,0,0,0,0,0,0,0
1779258002.6402519,g11.hpc.coe,43337,0.5001,0,100.0,2035.0,12288.0,19981146919,20600909648,21670827,22517148,1089131,0,0,0,0,0,0,0,0,0,0,0,0,471,134,4,3,0,0,0,0,0,0,0,0,0
1779258003.1403437,g11.hpc.coe,43337,0.5001,0,100.0,2035.0,12288.0,19981147356,20600909705,21670829,22517149,1089131,0,0,0,0,0,0,0,0,0,0,0,0,437,57,2,1,0,0,0,0,0,0,0,0,0
1779258003.6404343,g11.hpc.coe,43337,0.5001,0,100.0,2035.0,12288.0,20001967544,20621759372,21691768,22538128,1089149,0,0,0,0,0,0,0,0,0,0,0,0,20820188,20849667,20939,20979,18,0,0,0,0,0,0,0,0
1779258004.1405268,g11.hpc.coe,43337,0.5001,0,100.0,2035.0,12288.0,20015847648,20635646565,21705718,22552089,1089448,0,0,0,0,0,0,0,0,0,0,0,0,13880104,13887193,13950,13961,299,0,0,0,0,0,0,0,0
1779258004.64062,g11.hpc.coe,43337,0.5001,0,100.0,2035.0,12288.0,20015848245,20635646644,21705721,22552091,1089448,0,0,0,0,0,0,0,0,0,0,0,0,597,79,3,2,0,0,0,0,0,0,0,0,0
1779258005.1407125,g11.hpc.coe,43337,0.5001,0,100.0,2035.0,12288.0,20015848885,20635646723,21705724,22552093,1089448,0,0,0,0,0,0,0,0,0,0,0,0,640,79,3,2,0,0,0,0,0,0,0,0,0
1779258005.6408067,g11.hpc.coe,43337,0.5001,0,100.0,2035.0,12288.0,20015849567,20635646802,21705727,22552095,1089448,0,0,0,0,0,0,0,0,0,0,0,0,682,79,3,2,0,0,0,0,0,0,0,0,0
1779258006.1408987,g11.hpc.coe,43337,0.5001,0,100.0,2035.0,12288.0,20015850292,20635646881,21705730,22552097,1089448,0,0,0,0,0,0,0,0,0,0,0,0,725,79,3,2,0,0,0,0,0,0,0,0,0
1779258006.640992,g11.hpc.coe,43337,0.5001,0,100.0,2035.0,12288.0,20015851060,20635646960,21705733,22552099,1089448,0,0,0,0,0,0,0,0,0,0,0,0,768,79,3,2,0,0,0,0,0,0,0,0,0
1779258007.1410825,g11.hpc.coe,43337,0.5001,0,100.0,2035.0,12288.0,20015851870,20635647039,21705736,22552101,1089448,0,0,0,0,0,0,0,0,0,0,0,0,810,79,3,2,0,0,0,0,0,0,0,0,0
1779258007.6411736,g11.hpc.coe,43337,0.5001,0,100.0,2035.0,12288.0,20030422751,20650239461,21720459,22566842,1089459,0,0,0,0,0,0,0,0,0,0,0,0,14570881,14592422,14723,14741,11,0,0,0,0,0,0,0,0
1779258008.14127,g11.hpc.coe,43337,0.5001,0,100.0,2035.0,12288.0,20050553063,20670383991,21740640,22587043,1091144,0,0,0,0,0,0,0,0,0,0,0,0,20130312,20144530,20181,20201,1685,0,0,0,0,0,0,0,0
1779258008.6413634,g11.hpc.coe,43337,0.5001,0,100.0,2035.0,12288.0,20050554012,20670384070,21740643,22587045,1091144,0,0,0,0,0,0,0,0,0,0,0,0,949,79,3,2,0,0,0,0,0,0,0,0,0
1779258009.1414583,g11.hpc.coe,43337,0.5001,0,100.0,2035.0,12288.0,20050555003,20670384149,21740646,22587047,1091144,0,0,0,0,0,0,0,0,0,0,0,0,991,79,3,2,0,0,0,0,0,0,0,0,0
1779258009.6415534,g11.hpc.coe,43337,0.5001,0,100.0,2035.0,12288.0,20050556037,20670384228,21740649,22587049,1091144,0,0,0,0,0,0,0,0,0,0,0,0,1034,79,3,2,0,0,0,0,0,0,0,0,0
1779258010.1416452,g11.hpc.coe,43337,0.5001,0,100.0,2035.0,12288.0,20050557136,20670384307,21740653,22587051,1091144,0,0,0,0,0,0,0,0,0,0,0,0,1099,79,4,2,0,0,0,0,0,0,0,0,0
1779258010.6417358,g11.hpc.coe,43337,0.5001,0,100.0,2035.0,12288.0,20050558278,20670384386,21740657,22587053,1091144,0,0,0,0,0,0,0,0,0,0,0,0,1142,79,4,2,0,0,0,0,0,0,0,0,0
1779258011.141827,g11.hpc.coe,43337,0.5001,0,100.0,2035.0,12288.0,20050559463,20670384465,21740661,22587055,1091144,0,0,0,0,0,0,0,0,0,0,0,0,1185,79,4,2,0,0,0,0,0,0,0,0,0
1779258011.641935,g11.hpc.coe,43337,0.5001,0,100.0,2035.0,12288.0,20064439474,20684286766,21754623,22601044,1091153,0,0,0,0,0,0,0,0,0,0,0,0,13880011,13902301,13962,13989,9,0,0,0,0,0,0,0,0
1779258012.1420276,g11.hpc.coe,43337,0.5001,0,100.0,2035.0,12288.0,20085259122,20705121283,21775551,22621989,1091171,0,0,0,0,0,0,0,0,0,0,0,0,20819648,20834517,20928,20945,18,0,0,0,0,0,0,0,0
1779258012.6421185,g11.hpc.coe,43337,0.5001,0,100.0,2035.0,12288.0,20085259454,20705121395,21775555,22621991,1091171,0,0,0,0,0,0,0,0,0,0,0,0,332,112,4,2,0,0,0,0,0,0,0,0,0
1779258013.1422129,g11.hpc.coe,43337,0.5001,0,100.0,2035.0,12288.0,20085260375,20705121899,21775572,22622000,1091171,0,0,0,0,0,0,0,0,0,0,0,0,921,504,17,9,0,0,0,0,0,0,0,0,0
1779258013.6423047,g11.hpc.coe,43337,0.5001,0,100.0,2035.0,12288.0,20085260716,20705121956,21775574,22622001,1091171,0,0,0,0,0,0,0,0,0,0,0,0,341,57,2,1,0,0,0,0,0,0,0,0,0
1779258014.142398,g11.hpc.coe,43337,0.5001,0,100.0,2035.0,12288.0,20085261100,20705122013,21775576,22622002,1091171,0,0,0,0,0,0,0,0,0,0,0,0,384,57,2,1,0,0,0,0,0,0,0,0,0
1779258014.6424897,g11.hpc.coe,43337,0.5001,0,100.0,2035.0,12288.0,20085261526,20705122070,21775578,22622003,1091171,0,0,0,0,0,0,0,0,0,0,0,0,426,57,2,1,0,0,0,0,0,0,0,0,0
1779258015.1425812,g11.hpc.coe,43337,0.5001,0,100.0,2035.0,12288.0,20085261995,20705122127,21775580,22622004,1091171,0,0,0,0,0,0,0,0,0,0,0,0,469,57,2,1,0,0,0,0,0,0,0,0,0
1779258015.642674,g11.hpc.coe,43337,0.5001,0,100.0,2035.0,12288.0,20092892566,20712767113,21783318,22629754,1091186,0,0,0,0,0,0,0,0,0,0,0,0,7630571,7644986,7738,7750,15,0,0,0,0,0,0,0,0
1779258016.1427665,g11.hpc.coe,43337,0.5001,0,100.0,2035.0,12288.0,20119962393,20739858953,21810473,22656937,1092205,0,0,0,0,0,0,0,0,0,0,0,0,27069827,27091840,27155,27183,1019,0,0,0,0,0,0,0,0
1779258016.6428607,g11.hpc.coe,43337,0.5001,0,100.0,2035.0,12288.0,20119963022,20739859032,21810476,22656939,1092205,0,0,0,0,0,0,0,0,0,0,0,0,629,79,3,2,0,0,0,0,0,0,0,0,0
1779258017.142952,g11.hpc.coe,43337,0.5001,0,100.0,2035.0,12288.0,20119963693,20739859111,21810479,22656941,1092205,0,0,0,0,0,0,0,0,0,0,0,0,671,79,3,2,0,0,0,0,0,0,0,0,0
1779258017.6430433,g11.hpc.coe,43337,0.5001,0,100.0,2035.0,12288.0,20119964407,20739859190,21810482,22656943,1092205,0,0,0,0,0,0,0,0,0,0,0,0,714,79,3,2,0,0,0,0,0,0,0,0,0
1779258018.143135,g11.hpc.coe,43337,0.5001,0,100.0,2035.0,12288.0,20119965219,20739859324,21810486,22656946,1092205,0,0,0,0,0,0,0,0,0,0,0,0,812,134,4,3,0,0,0,0,0,0,0,0,0
1779258018.6432276,g11.hpc.coe,43337,0.5001,0,100.0,2035.0,12288.0,20119966018,20739859403,21810489,22656948,1092205,0,0,0,0,0,0,0,0,0,0,0,0,799,79,3,2,0,0,0,0,0,0,0,0,0
1779258019.1433296,g11.hpc.coe,43337,0.5001,0,100.0,2035.0,12288.0,20119966860,20739859482,21810492,22656950,1092205,0,0,0,0,0,0,0,0,0,0,0,0,842,79,3,2,0,0,0,0,0,0,0,0,0
1779258019.643425,g11.hpc.coe,43337,0.5001,0,100.0,2035.0,12288.0,20127597783,20747504476,21818228,22664699,1092210,0,0,0,0,0,0,0,0,0,0,0,0,7630923,7644994,7736,7749,5,0,0,0,0,0,0,0,0
1779258020.1435187,g11.hpc.coe,43337,0.5001,0,100.0,2035.0,12288.0,20154667926,20774596302,21845378,22691880,1092238,0,0,0,0,0,0,0,0,0,0,0,0,27070143,27091826,27150,27181,28,0,0,0,0,0,0,0,0
1779258020.6436117,g11.hpc.coe,43337,0.5001,0,100.0,2035.0,12288.0,20154668905,20774596381,21845381,22691882,1092238,0,0,0,0,0,0,0,0,0,0,0,0,979,79,3,2,0,0,0,0,0,0,0,0,0
1779258021.143702,g11.hpc.coe,43337,0.5001,0,100.0,2035.0,12288.0,20154669927,20774596460,21845384,22691884,1092238,0,0,0,0,0,0,0,0,0,0,0,0,1022,79,3,2,0,0,0,0,0,0,0,0,0
1779258021.643795,g11.hpc.coe,43337,0.5001,0,100.0,2035.0,12288.0,20154671013,20774596539,21845388,22691886,1092238,0,0,0,0,0,0,0,0,0,0,0,0,1086,79,4,2,0,0,0,0,0,0,0,0,0
1779258022.1438868,g11.hpc.coe,43337,0.5001,0,100.0,2035.0,12288.0,20154672142,20774596618,21845392,22691888,1092238,0,0,0,0,0,0,0,0,0,0,0,0,1129,79,4,2,0,0,0,0,0,0,0,0,0
1779258022.6439862,g11.hpc.coe,43337,0.5001,0,100.0,2035.0,12288.0,20154673314,20774596697,21845396,22691890,1092238,0,0,0,0,0,0,0,0,0,0,0,0,1172,79,4,2,0,0,0,0,0,0,0,0,0
1779258023.1440768,g11.hpc.coe,43337,0.5001,0,100.0,2035.0,12288.0,20154673538,20774596809,21845400,22691892,1092238,0,0,0,0,0,0,0,0,0,0,0,0,224,112,4,2,0,0,0,0,0,0,0,0,0
1779258023.6441712,g11.hpc.coe,43337,0.5001,0,100.0,2035.0,12288.0,20155363909,20775294443,21846158,22692654,1092238,0,0,0,0,0,0,0,0,0,0,0,0,690371,697634,758,762,0,0,0,0,0,0,0,0,0
1779258024.1442652,g11.hpc.coe,43337,0.5001,0,100.0,2035.0,12288.0,20189373270,20809333641,21880292,22726828,1095397,0,0,0,0,0,0,0,0,0,0,0,0,34009361,34039198,34134,34174,3159,0,0,0,0,0,0,0,0
1779258024.644356,g11.hpc.coe,43337,0.5001,0,100.0,2035.0,12288.0,20189373554,20809333698,21880294,22726829,1095397,0,0,0,0,0,0,0,0,0,0,0,0,284,57,2,1,0,0,0,0,0,0,0,0,0
1779258025.1444478,g11.hpc.coe,43337,0.5001,0,100.0,2035.0,12288.0,20189373880,20809333755,21880296,22726830,1095397,0,0,0,0,0,0,0,0,0,0,0,0,326,57,2,1,0,0,0,0,0,0,0,0,0
1779258025.6445408,g11.hpc.coe,43337,0.5001,0,100.0,2035.0,12288.0,20189374249,20809333812,21880298,22726831,1095397,0,0,0,0,0,0,0,0,0,0,0,0,369,57,2,1,0,0,0,0,0,0,0,0,0
1779258026.144639,g11.hpc.coe,43337,0.5001,0,100.0,2035.0,12288.0,20189374661,20809333869,21880300,22726832,1095397,0,0,0,0,0,0,0,0,0,0,0,0,412,57,2,1,0,0,0,0,0,0,0,0,0
1779258026.644733,g11.hpc.coe,43337,0.5001,0,100.0,2035.0,12288.0,20189375115,20809333926,21880302,22726833,1095397,0,0,0,0,0,0,0,0,0,0,0,0,454,57,2,1,0,0,0,0,0,0,0,0,0
1779258027.1448262,g11.hpc.coe,43337,0.5001,0,100.0,2035.0,12288.0,20189375612,20809333983,21880304,22726834,1095397,0,0,0,0,0,0,0,0,0,0,0,0,497,57,2,1,0,0,0,0,0,0,0,0,0
1779258027.6449177,g11.hpc.coe,43337,0.5001,0,100.0,2035.0,12288.0,20190066347,20810031617,21881064,22727596,1095399,0,0,0,0,0,0,0,0,0,0,0,0,690735,697634,760,762,2,0,0,0,0,0,0,0,0
1779258028.1450083,g11.hpc.coe,43337,0.5001,0,100.0,2035.0,12288.0,20224076793,20844071227,21915218,22761764,1095438,0,0,0,0,0,0,0,0,0,0,0,0,34010446,34039610,34154,34168,39,0,0,0,0,0,0,0,0
1779258028.6451006,g11.hpc.coe,43337,0.5001,0,100.0,2035.0,12288.0,20224077448,20844071306,21915221,22761766,1095438,0,0,0,0,0,0,0,0,0,0,0,0,655,79,3,2,0,0,0,0,0,0,0,0,0
1779258029.1451924,g11.hpc.coe,43337,0.5001,0,100.0,2035.0,12288.0,20224078146,20844071385,21915224,22761768,1095438,0,0,0,0,0,0,0,0,0,0,0,0,698,79,3,2,0,0,0,0,0,0,0,0,0
1779258029.6452866,g11.hpc.coe,43337,0.5001,0,100.0,2035.0,12288.0,20224078886,20844071464,21915227,22761770,1095438,0,0,0,0,0,0,0,0,0,0,0,0,740,79,3,2,0,0,0,0,0,0,0,0,0
1779258030.14538,g11.hpc.coe,43337,0.5001,0,100.0,2035.0,12288.0,20224079669,20844071543,21915230,22761772,1095438,0,0,0,0,0,0,0,0,0,0,0,0,783,79,3,2,0,0,0,0,0,0,0,0,0
1779258030.6454737,g11.hpc.coe,43337,0.5001,0,100.0,2035.0,12288.0,20224080494,20844071622,21915233,22761774,1095438,0,0,0,0,0,0,0,0,0,0,0,0,825,79,3,2,0,0,0,0,0,0,0,0,0
1779258031.1455667,g11.hpc.coe,43337,0.5001,0,100.0,2035.0,12288.0,20224081362,20844071701,21915236,22761776,1095438,0,0,0,0,0,0,0,0,0,0,0,0,868,79,3,2,0,0,0,0,0,0,0,0,0
1779258031.6456592,g11.hpc.coe,43337,0.5001,0,100.0,2035.0,12288.0,20224082273,20844071780,21915239,22761778,1095438,0,0,0,0,0,0,0,0,0,0,0,0,911,79,3,2,0,0,0,0,0,0,0,0,0
1779258032.1457531,g11.hpc.coe,43337,0.5001,0,100.0,2035.0,12288.0,20231713293,20851716788,21922979,22769529,1095447,0,0,0,0,0,0,0,0,0,0,0,0,7631020,7645008,7740,7751,9,0,0,0,0,0,0,0,0
1779258032.645847,g11.hpc.coe,43337,0.5001,0,100.0,2035.0,12288.0,20258783638,20878808628,21950148,22796712,1096885,0,0,0,0,0,0,0,0,0,0,0,0,27070345,27091840,27169,27183,1438,0,0,0,0,0,0,0,0
1779258033.1459382,g11.hpc.coe,43337,0.5001,0,100.0,2035.0,12288.0,20258784763,20878808762,21950153,22796715,1096885,0,0,0,0,0,0,0,0,0,0,0,0,1125,134,5,3,0,0,0,0,0,0,0,0,0
1779258033.6460378,g11.hpc.coe,43337,0.5001,0,100.0,2035.0,12288.0,20258785876,20878808841,21950157,22796717,1096885,0,0,0,0,0,0,0,0,0,0,0,0,1113,79,4,2,0,0,0,0,0,0,0,0,0
1779258034.146144,g11.hpc.coe,43337,0.5001,0,100.0,2035.0,12288.0,20258787032,20878808920,21950161,22796719,1096885,0,0,0,0,0,0,0,0,0,0,0,0,1156,79,4,2,0,0,0,0,0,0,0,0,0
1779258034.6462367,g11.hpc.coe,43337,0.5001,0,100.0,2035.0,12288.0,20258787163,20878808977,21950163,22796720,1096885,0,0,0,0,0,0,0,0,0,0,0,0,131,57,2,1,0,0,0,0,0,0,0,0,0
1779258035.1463282,g11.hpc.coe,43337,0.5001,0,100.0,2035.0,12288.0,20258787337,20878809034,21950165,22796721,1096885,0,0,0,0,0,0,0,0,0,0,0,0,174,57,2,1,0,0,0,0,0,0,0,0,0
1779258035.6464236,g11.hpc.coe,43337,0.5001,0,100.0,2035.0,12288.0,20258787554,20878809091,21950167,22796722,1096885,0,0,0,0,0,0,0,0,0,0,0,0,217,57,2,1,0,0,0,0,0,0,0,0,0
1779258036.1465144,g11.hpc.coe,43337,0.5001,0,100.0,2035.0,12288.0,20266417872,20886454098,21957905,22804475,1097175,0,0,0,0,0,0,0,0,0,0,0,0,7630318,7645007,7738,7753,290,0,0,0,0,0,0,0,0
1779258036.6466076,g11.hpc.coe,43337,0.5001,0,100.0,2035.0,12288.0,20293487418,20913545874,21985058,22831651,1097203,0,0,0,0,0,0,0,0,0,0,0,0,27069546,27091776,27153,27176,28,0,0,0,0,0,0,0,0
1779258037.1467001,g11.hpc.coe,43337,0.5001,0,100.0,2035.0,12288.0,20293487772,20913545931,21985060,22831652,1097203,0,0,0,0,0,0,0,0,0,0,0,0,354,57,2,1,0,0,0,0,0,0,0,0,0
1779258037.6467938,g11.hpc.coe,43337,0.5001,0,100.0,2035.0,12288.0,20293488169,20913545988,21985062,22831653,1097203,0,0,0,0,0,0,0,0,0,0,0,0,397,57,2,1,0,0,0,0,0,0,0,0,0
1779258038.1468847,g11.hpc.coe,43337,0.5001,0,100.0,2035.0,12288.0,20293488609,20913546045,21985064,22831654,1097203,0,0,0,0,0,0,0,0,0,0,0,0,440,57,2,1,0,0,0,0,0,0,0,0,0
1779258038.6469758,g11.hpc.coe,43337,0.5001,0,100.0,2035.0,12288.0,20293489091,20913546102,21985066,22831655,1097203,0,0,0,0,0,0,0,0,0,0,0,0,482,57,2,1,0,0,0,0,0,0,0,0,0
1779258039.1470692,g11.hpc.coe,43337,0.5001,0,100.0,2035.0,12288.0,20293489616,20913546159,21985068,22831656,1097203,0,0,0,0,0,0,0,0,0,0,0,0,525,57,2,1,0,0,0,0,0,0,0,0,0
1779258039.6471624,g11.hpc.coe,43337,0.5001,0,100.0,2035.0,12288.0,20293490206,20913546238,21985071,22831658,1097203,0,0,0,0,0,0,0,0,0,0,0,0,590,79,3,2,0,0,0,0,0,0,0,0,0
1779258040.147255,g11.hpc.coe,43337,0.5001,0,100.0,2035.0,12288.0,20294181027,20914243894,21985831,22832661,1097204,0,0,0,0,0,0,0,0,0,0,0,0,690821,697656,760,1003,1,0,0,0,0,0,0,0,0
1779258040.6473475,g11.hpc.coe,43337,0.5001,0,100.0,2035.0,12288.0,20328190858,20948283030,22019970,22866584,1097639,0,0,0,0,0,0,0,0,0,0,0,0,34009831,34039136,34139,33923,435,0,0,0,0,0,0,0,0
1779258041.147439,g11.hpc.coe,43337,0.5001,0,100.0,2035.0,12288.0,20328191584,20948283109,22019973,22866586,1097639,0,0,0,0,0,0,0,0,0,0,0,0,726,79,3,2,0,0,0,0,0,0,0,0,0
1779258041.647533,g11.hpc.coe,43337,0.5001,0,100.0,2035.0,12288.0,20328192353,20948283188,22019976,22866588,1097639,0,0,0,0,0,0,0,0,0,0,0,0,769,79,3,2,0,0,0,0,0,0,0,0,0
1779258042.147626,g11.hpc.coe,43337,0.5001,0,100.0,2035.0,12288.0,20328193164,20948283267,22019979,22866590,1097639,0,0,0,0,0,0,0,0,0,0,0,0,811,79,3,2,0,0,0,0,0,0,0,0,0
1779258042.6477208,g11.hpc.coe,43337,0.5001,0,100.0,2035.0,12288.0,20328194018,20948283346,22019982,22866592,1097639,0,0,0,0,0,0,0,0,0,0,0,0,854,79,3,2,0,0,0,0,0,0,0,0,0
1779258043.1478107,g11.hpc.coe,43337,0.5001,0,100.0,2035.0,12288.0,20328195794,20948284127,22020005,22866607,1097639,0,0,0,0,0,0,0,0,0,0,0,0,1776,781,23,15,0,0,0,0,0,0,0,0,0
1779258043.6479018,g11.hpc.coe,43337,0.5001,0,100.0,2035.0,12288.0,20328196833,20948284261,22020011,22866610,1097639,0,0,0,0,0,0,0,0,0,0,0,0,1039,134,6,3,0,0,0,0,0,0,0,0,0
1779258044.1479957,g11.hpc.coe,43337,0.5001,0,100.0,2035.0,12288.0,20328887990,20948981917,22020769,22867373,1097670,0,0,0,0,0,0,0,0,0,0,0,0,691157,697656,758,763,31,0,0,0,0,0,0,0,0
1779258044.648088,g11.hpc.coe,43337,0.5001,0,100.0,2035.0,12288.0,20362898123,20983021067,22054901,22901538,1098910,0,0,0,0,0,0,0,0,0,0,0,0,34010133,34039150,34132,34165,1240,0,0,0,0,0,0,0,0
1779258045.1481805,g11.hpc.coe,43337,0.5001,0,100.0,2035.0,12288.0,20362899222,20983021146,22054905,22901540,1098910,0,0,0,0,0,0,0,0,0,0,0,0,1099,79,4,2,0,0,0,0,0,0,0,0,0
1779258045.648272,g11.hpc.coe,43337,0.5001,0,100.0,2035.0,12288.0,20362900364,20983021225,22054909,22901542,1098910,0,0,0,0,0,0,0,0,0,0,0,0,1142,79,4,2,0,0,0,0,0,0,0,0,0
1779258046.1483634,g11.hpc.coe,43337,0.5001,0,100.0,2035.0,12288.0,20362901549,20983021304,22054913,22901544,1098910,0,0,0,0,0,0,0,0,0,0,0,0,1185,79,4,2,0,0,0,0,0,0,0,0,0
1779258046.6484559,g11.hpc.coe,43337,0.5001,0,100.0,2035.0,12288.0,20362901709,20983021361,22054915,22901545,1098910,0,0,0,0,0,0,0,0,0,0,0,0,160,57,2,1,0,0,0,0,0,0,0,0,0
1779258047.148548,g11.hpc.coe,43337,0.5001,0,100.0,2035.0,12288.0,20362901912,20983021418,22054917,22901546,1098910,0,0,0,0,0,0,0,0,0,0,0,0,203,57,2,1,0,0,0,0,0,0,0,0,0
1779258047.6486392,g11.hpc.coe,43337,0.5001,0,100.0,2035.0,12288.0,20362902157,20983021475,22054919,22901547,1098910,0,0,0,0,0,0,0,0,0,0,0,0,245,57,2,1,0,0,0,0,0,0,0,0,0
1779258048.1487336,g11.hpc.coe,43337,0.5001,0,100.0,2035.0,12288.0,20362902596,20983029093,22054929,22901563,1098910,0,0,0,0,0,0,0,0,0,0,0,0,439,7618,10,16,0,0,0,0,0,0,0,0,0
1779258048.6488264,g11.hpc.coe,43337,0.5001,0,100.0,2035.0,12288.0,20397602209,21017758341,22089820,22936481,1098974,0,0,0,0,0,0,0,0,0,0,0,0,34699613,34729248,34891,34918,64,0,0,0,0,0,0,0,0
1779258049.1489224,g11.hpc.coe,43337,0.5001,0,100.0,2035.0,12288.0,20397602588,21017758398,22089822,22936482,1098974,0,0,0,0,0,0,0,0,0,0,0,0,379,57,2,1,0,0,0,0,0,0,0,0,0
1779258049.6490173,g11.hpc.coe,43337,0.5001,0,100.0,2035.0,12288.0,20397603010,21017758455,22089824,22936483,1098974,0,0,0,0,0,0,0,0,0,0,0,0,422,57,2,1,0,0,0,0,0,0,0,0,0
1779258050.149108,g11.hpc.coe,43337,0.5001,0,100.0,2035.0,12288.0,20397603475,21017758512,22089826,22936484,1098974,0,0,0,0,0,0,0,0,0,0,0,0,465,57,2,1,0,0,0,0,0,0,0,0,0
1779258050.6492004,g11.hpc.coe,43337,0.5001,0,100.0,2035.0,12288.0,20397603982,21017758569,22089828,22936485,1098974,0,0,0,0,0,0,0,0,0,0,0,0,507,57,2,1,0,0,0,0,0,0,0,0,0
1779258051.1492908,g11.hpc.coe,43337,0.5001,0,100.0,2035.0,12288.0,20397604554,21017758648,22089831,22936487,1098974,0,0,0,0,0,0,0,0,0,0,0,0,572,79,3,2,0,0,0,0,0,0,0,0,0
1779258051.6493826,g11.hpc.coe,43337,0.5001,0,100.0,2035.0,12288.0,20397605169,21017758727,22089834,22936489,1098974,0,0,0,0,0,0,0,0,0,0,0,0,615,79,3,2,0,0,0,0,0,0,0,0,0
1779258052.1494741,g11.hpc.coe,43337,0.5001,0,100.0,2035.0,12288.0,20397605827,21017758806,22089837,22936491,1098974,0,0,0,0,0,0,0,0,0,0,0,0,658,79,3,2,0,0,0,0,0,0,0,0,0
1779258052.6495667,g11.hpc.coe,43337,0.5001,0,100.0,2035.0,12288.0,20432305812,21052495631,22124725,22971431,1101102,0,0,0,0,0,0,0,0,0,0,0,0,34699985,34736825,34888,34940,2128,0,0,0,0,0,0,0,0
1779258053.1496592,g11.hpc.coe,43337,0.5001,0,100.0,2035.0,12288.0,20432306561,21052495710,22124728,22971433,1101102,0,0,0,0,0,0,0,0,0,0,0,0,749,79,3,2,0,0,0,0,0,0,0,0,0
1779258053.6497505,g11.hpc.coe,43337,0.5001,0,100.0,2035.0,12288.0,20432307429,21052495844,22124733,22971436,1101102,0,0,0,0,0,0,0,0,0,0,0,0,868,134,5,3,0,0,0,0,0,0,0,0,0
1779258054.1498435,g11.hpc.coe,43337,0.5001,0,100.0,2035.0,12288.0,20432308263,21052495923,22124736,22971438,1101102,0,0,0,0,0,0,0,0,0,0,0,0,834,79,3,2,0,0,0,0,0,0,0,0,0
1779258054.6499348,g11.hpc.coe,43337,0.5001,0,100.0,2035.0,12288.0,20432309140,21052496002,22124739,22971440,1101102,0,0,0,0,0,0,0,0,0,0,0,0,877,79,3,2,0,0,0,0,0,0,0,0,0
1779258055.1500354,g11.hpc.coe,43337,0.5001,0,100.0,2035.0,12288.0,20432310060,21052496081,22124742,22971442,1101102,0,0,0,0,0,0,0,0,0,0,0,0,920,79,3,2,0,0,0,0,0,0,0,0,0
1779258055.6501262,g11.hpc.coe,43337,0.5001,0,100.0,2035.0,12288.0,20432311023,21052496160,22124745,22971444,1101102,0,0,0,0,0,0,0,0,0,0,0,0,963,79,3,2,0,0,0,0,0,0,0,0,0
1779258056.1502213,g11.hpc.coe,43337,0.5001,0,100.0,2035.0,12288.0,20432312028,21052496239,22124748,22971446,1101102,0,0,0,0,0,0,0,0,0,0,0,0,1005,79,3,2,0,0,0,0,0,0,0,0,0
1779258056.6503155,g11.hpc.coe,43337,0.5001,0,100.0,2035.0,12288.0,20460762706,21080983240,22153418,23000152,1101128,0,0,0,0,0,0,0,0,0,0,0,0,28450678,28487001,28670,28706,26,0,0,0,0,0,0,0,0
1779258057.1504133,g11.hpc.coe,43337,0.5001,0,100.0,2035.0,12288.0,20467013514,21087233045,22159645,23006374,1101144,0,0,0,0,0,0,0,0,0,0,0,0,6250808,6249805,6227,6222,16,0,0,0,0,0,0,0,0
1779258057.6505053,g11.hpc.coe,43337,0.5001,0,100.0,2035.0,12288.0,20467014679,21087233124,22159649,23006376,1101144,0,0,0,0,0,0,0,0,0,0,0,0,1165,79,4,2,0,0,0,0,0,0,0,0,0
1779258058.1505995,g11.hpc.coe,43337,0.5001,0,100.0,2035.0,12288.0,20467015442,21087233628,22159666,23006385,1101144,0,0,0,0,0,0,0,0,0,0,0,0,763,504,17,9,0,0,0,0,0,0,0,0,0
1779258058.6506908,g11.hpc.coe,43337,0.5001,0,100.0,2035.0,12288.0,20467015680,21087233740,22159669,23006387,1101144,0,0,0,0,0,0,0,0,0,0,0,0,238,112,3,2,0,0,0,0,0,0,0,0,0
1779258059.150784,g11.hpc.coe,43337,0.5001,0,100.0,2035.0,12288.0,20467015928,21087233797,22159672,23006388,1101144,0,0,0,0,0,0,0,0,0,0,0,0,248,57,3,1,0,0,0,0,0,0,0,0,0
1779258059.6508772,g11.hpc.coe,43337,0.5001,0,100.0,2035.0,12288.0,20467016197,21087233854,22159674,23006389,1101144,0,0,0,0,0,0,0,0,0,0,0,0,269,57,2,1,0,0,0,0,0,0,0,0,0
1779258060.1509676,g11.hpc.coe,43337,0.5001,0,100.0,2035.0,12288.0,20467016508,21087233911,22159676,23006390,1101144,0,0,0,0,0,0,0,0,0,0,0,0,311,57,2,1,0,0,0,0,0,0,0,0,0
1779258060.6510615,g11.hpc.coe,43337,0.5001,0,100.0,2035.0,12288.0,20494776469,21115030916,22187598,23034355,1105031,0,0,0,0,0,0,0,0,0,0,0,0,27759961,27797005,27922,27965,3887,0,0,0,0,0,0,0,0
1779258061.1511548,g11.hpc.coe,43337,0.5001,0,100.0,2035.0,12288.0,20501716591,21121970736,22194571,23041325,1105043,0,0,0,0,0,0,0,0,0,0,0,0,6940122,6939820,6973,6970,12,0,0,0,0,0,0,0,0
1779258061.6512465,g11.hpc.coe,43337,0.5001,0,100.0,2035.0,12288.0,20501717040,21121970826,22194573,23041327,1105043,0,0,0,0,0,0,0,0,0,0,0,0,449,90,2,2,0,0,0,0,0,0,0,0,0
1779258062.1513393,g11.hpc.coe,43337,0.5001,0,100.0,2035.0,12288.0,20501717532,21121970883,22194575,23041328,1105043,0,0,0,0,0,0,0,0,0,0,0,0,492,57,2,1,0,0,0,0,0,0,0,0,0
1779258062.65143,g11.hpc.coe,43337,0.5001,0,100.0,2035.0,12288.0,20501718067,21121970973,22194577,23041330,1105043,0,0,0,0,0,0,0,0,0,0,0,0,535,90,2,2,0,0,0,0,0,0,0,0,0
1779258063.1515217,g11.hpc.coe,43337,0.5001,0,100.0,2035.0,12288.0,20501718666,21121971052,22194580,23041332,1105043,0,0,0,0,0,0,0,0,0,0,0,0,599,79,3,2,0,0,0,0,0,0,0,0,0
1779258063.6516159,g11.hpc.coe,43337,0.5001,0,100.0,2035.0,12288.0,20501719308,21121971164,22194583,23041335,1105043,0,0,0,0,0,0,0,0,0,0,0,0,642,112,3,3,0,0,0,0,0,0,0,0,0
1779258064.1517072,g11.hpc.coe,43337,0.5001,0,100.0,2035.0,12288.0,20501720070,21121971298,22194588,23041338,1105043,0,0,0,0,0,0,0,0,0,0,0,0,762,134,5,3,0,0,0,0,0,0,0,0,0
1779258064.6518,g11.hpc.coe,43337,0.5001,0,100.0,2035.0,12288.0,20523230515,21143511008,22216273,23063061,1105070,0,0,0,0,0,0,0,0,0,0,0,0,21510445,21539710,21685,21723,27,0,0,0,0,0,0,0,0
1779258065.151894,g11.hpc.coe,43337,0.5001,0,100.0,2035.0,12288.0,20536420858,21156708200,22229479,23076276,1105116,0,0,0,0,0,0,0,0,0,0,0,0,13190343,13197192,13206,13215,46,0,0,0,0,0,0,0,0
1779258065.6519864,g11.hpc.coe,43337,0.5001,0,100.0,2035.0,12288.0,20536421680,21156708312,22229482,23076279,1105116,0,0,0,0,0,0,0,0,0,0,0,0,822,112,3,3,0,0,0,0,0,0,0,0,0
1779258066.1520786,g11.hpc.coe,43337,0.5001,0,100.0,2035.0,12288.0,20536422545,21156708391,22229485,23076281,1105116,0,0,0,0,0,0,0,0,0,0,0,0,865,79,3,2,0,0,0,0,0,0,0,0,0
1779258066.6521714,g11.hpc.coe,43337,0.5001,0,100.0,2035.0,12288.0,20536423453,21156708503,22229488,23076284,1105116,0,0,0,0,0,0,0,0,0,0,0,0,908,112,3,3,0,0,0,0,0,0,0,0,0
1779258067.152271,g11.hpc.coe,43337,0.5001,0,100.0,2035.0,12288.0,20536424404,21156708582,22229491,23076286,1105116,0,0,0,0,0,0,0,0,0,0,0,0,951,79,3,2,0,0,0,0,0,0,0,0,0
1779258067.6523635,g11.hpc.coe,43337,0.5001,0,100.0,2035.0,12288.0,20536425397,21156708694,22229494,23076289,1105116,0,0,0,0,0,0,0,0,0,0,0,0,993,112,3,3,0,0,0,0,0,0,0,0,0
1779258068.1524563,g11.hpc.coe,43337,0.5001,0,100.0,2035.0,12288.0,20536426433,21156708773,22229497,23076291,1105116,0,0,0,0,0,0,0,0,0,0,0,0,1036,79,3,2,0,0,0,0,0,0,0,0,0
1779258068.6525507,g11.hpc.coe,43337,0.5001,0,100.0,2035.0,12288.0,20557247249,21177558453,22250439,23097266,1105931,0,0,0,0,0,0,0,0,0,0,0,0,20820816,20849680,20942,20975,815,0,0,0,0,0,0,0,0
1779258069.1526442,g11.hpc.coe,43337,0.5001,0,100.0,2035.0,12288.0,20571128045,21191445688,22264392,23111224,1106007,0,0,0,0,0,0,0,0,0,0,0,0,13880796,13887235,13953,13958,76,0,0,0,0,0,0,0,0
1779258069.6527355,g11.hpc.coe,43337,0.5001,0,100.0,2035.0,12288.0,20571128174,21191445778,22264394,23111226,1106007,0,0,0,0,0,0,0,0,0,0,0,0,129,90,2,2,0,0,0,0,0,0,0,0,0
1779258070.1528454,g11.hpc.coe,43337,0.5001,0,100.0,2035.0,12288.0,20571128346,21191445835,22264396,23111227,1106007,0,0,0,0,0,0,0,0,0,0,0,0,172,57,2,1,0,0,0,0,0,0,0,0,0
1779258070.6529396,g11.hpc.coe,43337,0.5001,0,100.0,2035.0,12288.0,20571128561,21191445892,22264398,23111228,1106007,0,0,0,0,0,0,0,0,0,0,0,0,215,57,2,1,0,0,0,0,0,0,0,0,0
1779258071.1530347,g11.hpc.coe,43337,0.5001,0,100.0,2035.0,12288.0,20571128818,21191445949,22264400,23111229,1106007,0,0,0,0,0,0,0,0,0,0,0,0,257,57,2,1,0,0,0,0,0,0,0,0,0
1779258071.6531262,g11.hpc.coe,43337,0.5001,0,100.0,2035.0,12288.0,20571129118,21191446006,22264402,23111230,1106007,0,0,0,0,0,0,0,0,0,0,0,0,300,57,2,1,0,0,0,0,0,0,0,0,0
1779258072.1532197,g11.hpc.coe,43337,0.5001,0,100.0,2035.0,12288.0,20571129461,21191446063,22264404,23111231,1106007,0,0,0,0,0,0,0,0,0,0,0,0,343,57,2,1,0,0,0,0,0,0,0,0,0
1779258072.6533124,g11.hpc.coe,43337,0.5001,0,100.0,2035.0,12288.0,20585699763,21206038378,22279119,23125962,1106022,0,0,0,0,0,0,0,0,0,0,0,0,14570302,14592315,14715,14731,15,0,0,0,0,0,0,0,0
1779258073.1534052,g11.hpc.coe,43337,0.5001,0,100.0,2035.0,12288.0,20605830258,21226183319,22299318,23146168,1106050,0,0,0,0,0,0,0,0,0,0,0,0,20130495,20144941,20199,20206,28,0,0,0,0,0,0,0,0
1779258073.653499,g11.hpc.coe,43337,0.5001,0,100.0,2035.0,12288.0,20605830739,21226183409,22299320,23146170,1106050,0,0,0,0,0,0,0,0,0,0,0,0,481,90,2,2,0,0,0,0,0,0,0,0,0
1779258074.1535892,g11.hpc.coe,43337,0.5001,0,100.0,2035.0,12288.0,20605831340,21226183521,22299324,23146172,1106050,0,0,0,0,0,0,0,0,0,0,0,0,601,112,4,2,0,0,0,0,0,0,0,0,0
1779258074.6536849,g11.hpc.coe,43337,0.5001,0,100.0,2035.0,12288.0,20605831929,21226183633,22299327,23146175,1106050,0,0,0,0,0,0,0,0,0,0,0,0,589,112,3,3,0,0,0,0,0,0,0,0,0
1779258075.153776,g11.hpc.coe,43337,0.5001,0,100.0,2035.0,12288.0,20605832561,21226183712,22299330,23146177,1106050,0,0,0,0,0,0,0,0,0,0,0,0,632,79,3,2,0,0,0,0,0,0,0,0,0
1779258075.6538677,g11.hpc.coe,43337,0.5001,0,100.0,2035.0,12288.0,20605833235,21226183824,22299333,23146180,1106050,0,0,0,0,0,0,0,0,0,0,0,0,674,112,3,3,0,0,0,0,0,0,0,0,0
1779258076.1539667,g11.hpc.coe,43337,0.5001,0,100.0,2035.0,12288.0,20605833952,21226183903,22299336,23146182,1106050,0,0,0,0,0,0,0,0,0,0,0,0,717,79,3,2,0,0,0,0,0,0,0,0,0
1779258076.6540575,g11.hpc.coe,43337,0.5001,0,100.0,2035.0,12288.0,20619714584,21240086287,22313302,23160177,1106065,0,0,0,0,0,0,0,0,0,0,0,0,13880632,13902384,13966,13995,15,0,0,0,0,0,0,0,0
1779258077.1541502,g11.hpc.coe,43337,0.5001,0,100.0,2035.0,12288.0,20640534798,21260920847,22334226,23181126,1106125,0,0,0,0,0,0,0,0,0,0,0,0,20820214,20834560,20924,20949,60,0,0,0,0,0,0,0,0
1779258077.6542432,g11.hpc.coe,43337,0.5001,0,100.0,2035.0,12288.0,20640535653,21260920959,22334229,23181129,1106125,0,0,0,0,0,0,0,0,0,0,0,0,855,112,3,3,0,0,0,0,0,0,0,0,0
1779258078.154336,g11.hpc.coe,43337,0.5001,0,100.0,2035.0,12288.0,20640536551,21260921038,22334232,23181131,1106125,0,0,0,0,0,0,0,0,0,0,0,0,898,79,3,2,0,0,0,0,0,0,0,0,0
1779258078.6544278,g11.hpc.coe,43337,0.5001,0,100.0,2035.0,12288.0,20640537492,21260921150,22334235,23181134,1106125,0,0,0,0,0,0,0,0,0,0,0,0,941,112,3,3,0,0,0,0,0,0,0,0,0
1779258079.1545205,g11.hpc.coe,43337,0.5001,0,100.0,2035.0,12288.0,20640538553,21260921284,22334240,23181137,1106125,0,0,0,0,0,0,0,0,0,0,0,0,1061,134,5,3,0,0,0,0,0,0,0,0,0
1779258079.6546113,g11.hpc.coe,43337,0.5001,0,100.0,2035.0,12288.0,20640539580,21260921396,22334243,23181140,1106125,0,0,0,0,0,0,0,0,0,0,0,0,1027,112,3,3,0,0,0,0,0,0,0,0,0
1779258080.154704,g11.hpc.coe,43337,0.5001,0,100.0,2035.0,12288.0,20640540672,21260921475,22334247,23181142,1106125,0,0,0,0,0,0,0,0,0,0,0,0,1092,79,4,2,0,0,0,0,0,0,0,0,0
1779258080.6547985,g11.hpc.coe,43337,0.5001,0,100.0,2035.0,12288.0,20648171866,21268566509,22341987,23188893,1106126,0,0,0,0,0,0,0,0,0,0,0,0,7631194,7645034,7740,7751,1,0,0,0,0,0,0,0,0
1779258081.1548936,g11.hpc.coe,43337,0.5001,0,100.0,2035.0,12288.0,20675242302,21295658349,22369144,23216076,1107959,0,0,0,0,0,0,0,0,0,0,0,0,27070436,27091840,27157,27183,1833,0,0,0,0,0,0,0,0
1779258081.6549873,g11.hpc.coe,43337,0.5001,0,100.0,2035.0,12288.0,20675242464,21295658439,22369146,23216078,1107959,0,0,0,0,0,0,0,0,0,0,0,0,162,90,2,2,0,0,0,0,0,0,0,0,0
1779258082.1550786,g11.hpc.coe,43337,0.5001,0,100.0,2035.0,12288.0,20675242669,21295658496,22369148,23216079,1107959,0,0,0,0,0,0,0,0,0,0,0,0,205,57,2,1,0,0,0,0,0,0,0,0,0
1779258082.65517,g11.hpc.coe,43337,0.5001,0,100.0,2035.0,12288.0,20675242916,21295658586,22369150,23216081,1107959,0,0,0,0,0,0,0,0,0,0,0,0,247,90,2,2,0,0,0,0,0,0,0,0,0
1779258083.1552634,g11.hpc.coe,43337,0.5001,0,100.0,2035.0,12288.0,20675243206,21295658643,22369152,23216082,1107959,0,0,0,0,0,0,0,0,0,0,0,0,290,57,2,1,0,0,0,0,0,0,0,0,0
1779258083.6553566,g11.hpc.coe,43337,0.5001,0,100.0,2035.0,12288.0,20675243538,21295658733,22369154,23216084,1107959,0,0,0,0,0,0,0,0,0,0,0,0,332,90,2,2,0,0,0,0,0,0,0,0,0
1779258084.1554477,g11.hpc.coe,43337,0.5001,0,100.0,2035.0,12288.0,20675243913,21295658790,22369156,23216085,1107959,0,0,0,0,0,0,0,0,0,0,0,0,375,57,2,1,0,0,0,0,0,0,0,0,0
1779258084.6555436,g11.hpc.coe,43337,0.5001,0,100.0,2035.0,12288.0,20682184451,21302613827,22376150,23223088,1107964,0,0,0,0,0,0,0,0,0,0,0,0,6940538,6955037,6994,7003,5,0,0,0,0,0,0,0,0
1779258085.1556365,g11.hpc.coe,43337,0.5001,0,100.0,2035.0,12288.0,20709944192,21330395710,22404052,23251023,1107986,0,0,0,0,0,0,0,0,0,0,0,0,27759741,27781883,27902,27935,22,0,0,0,0,0,0,0,0
1779258085.6557293,g11.hpc.coe,43337,0.5001,0,100.0,2035.0,12288.0,20709944704,21330395800,22404054,23251025,1107986,0,0,0,0,0,0,0,0,0,0,0,0,512,90,2,2,0,0,0,0,0,0,0,0,0
1779258086.1558254,g11.hpc.coe,43337,0.5001,0,100.0,2035.0,12288.0,20709945281,21330395879,22404057,23251027,1107986,0,0,0,0,0,0,0,0,0,0,0,0,577,79,3,2,0,0,0,0,0,0,0,0,0
1779258086.6559167,g11.hpc.coe,43337,0.5001,0,100.0,2035.0,12288.0,20709945901,21330395991,22404060,23251030,1107986,0,0,0,0,0,0,0,0,0,0,0,0,620,112,3,3,0,0,0,0,0,0,0,0,0
1779258087.1560147,g11.hpc.coe,43337,0.5001,0,100.0,2035.0,12288.0,20709946564,21330396070,22404063,23251032,1107986,0,0,0,0,0,0,0,0,0,0,0,0,663,79,3,2,0,0,0,0,0,0,0,0,0
1779258087.656106,g11.hpc.coe,43337,0.5001,0,100.0,2035.0,12288.0,20709947269,21330396182,22404066,23251035,1107986,0,0,0,0,0,0,0,0,0,0,0,0,705,112,3,3,0,0,0,0,0,0,0,0,0
1779258088.1561987,g11.hpc.coe,43337,0.5001,0,100.0,2035.0,12288.0,20709948640,21330396708,22404084,23251045,1107986,0,0,0,0,0,0,0,0,0,0,0,0,1371,526,18,10,0,0,0,0,0,0,0,0,0
1779258088.6562924,g11.hpc.coe,43337,0.5001,0,100.0,2035.0,12288.0,20710639613,21331094397,22404843,23251809,1107989,0,0,0,0,0,0,0,0,0,0,0,0,690973,697689,759,764,3,0,0,0,0,0,0,0,0
1779258089.156386,g11.hpc.coe,43337,0.5001,0,100.0,2035.0,12288.0,20744649596,21365133652,22438981,23285989,1109319,0,0,0,0,0,0,0,0,0,0,0,0,34009983,34039255,34138,34180,1330,0,0,0,0,0,0,0,0
1779258089.6564784,g11.hpc.coe,43337,0.5001,0,100.0,2035.0,12288.0,20744650558,21365133819,22438986,23285993,1109319,0,0,0,0,0,0,0,0,0,0,0,0,962,167,5,4,0,0,0,0,0,0,0,0,0
1779258090.1565716,g11.hpc.coe,43337,0.5001,0,100.0,2035.0,12288.0,20744651486,21365133898,22438989,23285995,1109319,0,0,0,0,0,0,0,0,0,0,0,0,928,79,3,2,0,0,0,0,0,0,0,0,0
1779258090.6566658,g11.hpc.coe,43337,0.5001,0,100.0,2035.0,12288.0,20744652457,21365134010,22438992,23285998,1109319,0,0,0,0,0,0,0,0,0,0,0,0,971,112,3,3,0,0,0,0,0,0,0,0,0
1779258091.1567588,g11.hpc.coe,43337,0.5001,0,100.0,2035.0,12288.0,20744653471,21365134089,22438995,23286000,1109319,0,0,0,0,0,0,0,0,0,0,0,0,1014,79,3,2,0,0,0,0,0,0,0,0,0
1779258091.656851,g11.hpc.coe,43337,0.5001,0,100.0,2035.0,12288.0,20744654528,21365134201,22438998,23286003,1109319,0,0,0,0,0,0,0,0,0,0,0,0,1057,112,3,3,0,0,0,0,0,0,0,0,0
1779258092.156942,g11.hpc.coe,43337,0.5001,0,100.0,2035.0,12288.0,20744655650,21365134280,22439002,23286005,1109319,0,0,0,0,0,0,0,0,0,0,0,0,1122,79,4,2,0,0,0,0,0,0,0,0,0
1779258092.6570346,g11.hpc.coe,43337,0.5001,0,100.0,2035.0,12288.0,20744656966,21365141953,22439014,23286023,1109319,0,0,0,0,0,0,0,0,0,0,0,0,1316,7673,12,18,0,0,0,0,0,0,0,0,0
1779258093.1571271,g11.hpc.coe,43337,0.5001,0,100.0,2035.0,12288.0,20779356262,21399871111,22473896,23320935,1109355,0,0,0,0,0,0,0,0,0,0,0,0,34699296,34729158,34882,34912,36,0,0,0,0,0,0,0,0
1779258093.657218,g11.hpc.coe,43337,0.5001,0,100.0,2035.0,12288.0,20779356451,21399871201,22473898,23320937,1109355,0,0,0,0,0,0,0,0,0,0,0,0,189,90,2,2,0,0,0,0,0,0,0,0,0
1779258094.1573114,g11.hpc.coe,43337,0.5001,0,100.0,2035.0,12288.0,20779356682,21399871258,22473900,23320938,1109355,0,0,0,0,0,0,0,0,0,0,0,0,231,57,2,1,0,0,0,0,0,0,0,0,0
1779258094.657403,g11.hpc.coe,43337,0.5001,0,100.0,2035.0,12288.0,20779357033,21399871403,22473904,23320941,1109355,0,0,0,0,0,0,0,0,0,0,0,0,351,145,4,3,0,0,0,0,0,0,0,0,0
1779258095.1574962,g11.hpc.coe,43337,0.5001,0,100.0,2035.0,12288.0,20779357350,21399871460,22473906,23320942,1109355,0,0,0,0,0,0,0,0,0,0,0,0,317,57,2,1,0,0,0,0,0,0,0,0,0
1779258095.6575873,g11.hpc.coe,43337,0.5001,0,100.0,2035.0,12288.0,20779357709,21399871550,22473908,23320944,1109355,0,0,0,0,0,0,0,0,0,0,0,0,359,90,2,2,0,0,0,0,0,0,0,0,0
1779258096.1576803,g11.hpc.coe,43337,0.5001,0,100.0,2035.0,12288.0,20779358111,21399871607,22473910,23320945,1109355,0,0,0,0,0,0,0,0,0,0,0,0,402,57,2,1,0,0,0,0,0,0,0,0,0
1779258096.6577735,g11.hpc.coe,43337,0.5001,0,100.0,2035.0,12288.0,20779358556,21399871664,22473912,23320946,1109355,0,0,0,0,0,0,0,0,0,0,0,0,445,57,2,1,0,0,0,0,0,0,0,0,0
1779258097.1578643,g11.hpc.coe,43337,0.5001,0,100.0,2035.0,12288.0,20814058329,21434608376,22508799,23355872,1109510,0,0,0,0,0,0,0,0,0,0,0,0,34699773,34736712,34887,34926,155,0,0,0,0,0,0,0,0
1779258097.6579578,g11.hpc.coe,43337,0.5001,0,100.0,2035.0,12288.0,20814058865,21434608433,22508801,23355873,1109510,0,0,0,0,0,0,0,0,0,0,0,0,536,57,2,1,0,0,0,0,0,0,0,0,0
1779258098.15805,g11.hpc.coe,43337,0.5001,0,100.0,2035.0,12288.0,20814059465,21434608512,22508804,23355875,1109510,0,0,0,0,0,0,0,0,0,0,0,0,600,79,3,2,0,0,0,0,0,0,0,0,0
1779258098.658142,g11.hpc.coe,43337,0.5001,0,100.0,2035.0,12288.0,20814060108,21434608591,22508807,23355877,1109510,0,0,0,0,0,0,0,0,0,0,0,0,643,79,3,2,0,0,0,0,0,0,0,0,0
1779258099.1582353,g11.hpc.coe,43337,0.5001,0,100.0,2035.0,12288.0,20814060793,21434608670,22508810,23355879,1109510,0,0,0,0,0,0,0,0,0,0,0,0,685,79,3,2,0,0,0,0,0,0,0,0,0
1779258099.658328,g11.hpc.coe,43337,0.5001,0,100.0,2035.0,12288.0,20814061598,21434608804,22508815,23355882,1109510,0,0,0,0,0,0,0,0,0,0,0,0,805,134,5,3,0,0,0,0,0,0,0,0,0
1779258100.1584206,g11.hpc.coe,43337,0.5001,0,100.0,2035.0,12288.0,20814062369,21434608883,22508818,23355884,1109510,0,0,0,0,0,0,0,0,0,0,0,0,771,79,3,2,0,0,0,0,0,0,0,0,0
1779258100.6585155,g11.hpc.coe,43337,0.5001,0,100.0,2035.0,12288.0,20814063182,21434608962,22508821,23355886,1109510,0,0,0,0,0,0,0,0,0,0,0,0,813,79,3,2,0,0,0,0,0,0,0,0,0
1779258101.1586115,g11.hpc.coe,43337,0.5001,0,100.0,2035.0,12288.0,20842513612,21463095963,22537483,23384592,1109538,0,0,0,0,0,0,0,0,0,0,0,0,28450430,28487001,28662,28706,28,0,0,0,0,0,0,0,0
1779258101.6587062,g11.hpc.coe,43337,0.5001,0,100.0,2035.0,12288.0,20848764213,21469345789,22543710,23390817,1110054,0,0,0,0,0,0,0,0,0,0,0,0,6250601,6249826,6227,6225,516,0,0,0,0,0,0,0,0
1779258102.158795,g11.hpc.coe,43337,0.5001,0,100.0,2035.0,12288.0,20848765164,21469345868,22543713,23390819,1110054,0,0,0,0,0,0,0,0,0,0,0,0,951,79,3,2,0,0,0,0,0,0,0,0,0
1779258102.6588829,g11.hpc.coe,43337,0.5001,0,100.0,2035.0,12288.0,20848766157,21469345947,22543716,23390821,1110054,0,0,0,0,0,0,0,0,0,0,0,0,993,79,3,2,0,0,0,0,0,0,0,0,0
1779258103.1589792,g11.hpc.coe,43337,0.5001,0,100.0,2035.0,12288.0,20848768073,21469346728,22543739,23390836,1110054,0,0,0,0,0,0,0,0,0,0,0,0,1916,781,23,15,0,0,0,0,0,0,0,0,0
1779258103.6590686,g11.hpc.coe,43337,0.5001,0,100.0,2035.0,12288.0,20848769197,21469346807,22543744,23390838,1110054,0,0,0,0,0,0,0,0,0,0,0,0,1124,79,5,2,0,0,0,0,0,0,0,0,0
1779258104.1591566,g11.hpc.coe,43337,0.5001,0,100.0,2035.0,12288.0,20848770342,21469346886,22543748,23390840,1110054,0,0,0,0,0,0,0,0,0,0,0,0,1145,79,4,2,0,0,0,0,0,0,0,0,0
1779258104.6592433,g11.hpc.coe,43337,0.5001,0,100.0,2035.0,12288.0,20848771530,21469346965,22543752,23390842,1110054,0,0,0,0,0,0,0,0,0,0,0,0,1188,79,4,2,0,0,0,0,0,0,0,0,0
1779258105.159331,g11.hpc.coe,43337,0.5001,0,100.0,2035.0,12288.0,20876531391,21497144018,22571678,23418807,1110207,0,0,0,0,0,0,0,0,0,0,0,0,27759861,27797053,27926,27965,153,0,0,0,0,0,0,0,0
1779258105.6594205,g11.hpc.coe,43337,0.5001,0,100.0,2035.0,12288.0,20883471322,21504083838,22578651,23425777,1110211,0,0,0,0,0,0,0,0,0,0,0,0,6939931,6939820,6973,6970,4,0,0,0,0,0,0,0,0
1779258106.1595104,g11.hpc.coe,43337,0.5001,0,100.0,2035.0,12288.0,20883471579,21504083895,22578653,23425778,1110211,0,0,0,0,0,0,0,0,0,0,0,0,257,57,2,1,0,0,0,0,0,0,0,0,0
1779258106.6595974,g11.hpc.coe,43337,0.5001,0,100.0,2035.0,12288.0,20883471879,21504083952,22578655,23425779,1110211,0,0,0,0,0,0,0,0,0,0,0,0,300,57,2,1,0,0,0,0,0,0,0,0,0
1779258107.1596854,g11.hpc.coe,43337,0.5001,0,100.0,2035.0,12288.0,20883472222,21504084042,22578657,23425781,1110211,0,0,0,0,0,0,0,0,0,0,0,0,343,90,2,2,0,0,0,0,0,0,0,0,0
1779258107.659773,g11.hpc.coe,43337,0.5001,0,100.0,2035.0,12288.0,20883472607,21504084132,22578659,23425783,1110211,0,0,0,0,0,0,0,0,0,0,0,0,385,90,2,2,0,0,0,0,0,0,0,0,0
1779258108.1598608,g11.hpc.coe,43337,0.5001,0,100.0,2035.0,12288.0,20883473035,21504084189,22578661,23425784,1110211,0,0,0,0,0,0,0,0,0,0,0,0,428,57,2,1,0,0,0,0,0,0,0,0,0
1779258108.659952,g11.hpc.coe,43337,0.5001,0,100.0,2035.0,12288.0,20883473506,21504084246,22578663,23425785,1110211,0,0,0,0,0,0,0,0,0,0,0,0,471,57,2,1,0,0,0,0,0,0,0,0,0
1779258109.1600413,g11.hpc.coe,43337,0.5001,0,100.0,2035.0,12288.0,20904983743,21525623941,22600348,23447508,1110226,0,0,0,0,0,0,0,0,0,0,0,0,21510237,21539695,21685,21723,15,0,0,0,0,0,0,0,0
1779258109.660132,g11.hpc.coe,43337,0.5001,0,100.0,2035.0,12288.0,20918173880,21538821105,22613552,23460719,1111271,0,0,0,0,0,0,0,0,0,0,0,0,13190137,13197164,13204,13211,1045,0,0,0,0,0,0,0,0
1779258110.1602218,g11.hpc.coe,43337,0.5001,0,100.0,2035.0,12288.0,20918174588,21538821272,22613557,23460723,1111271,0,0,0,0,0,0,0,0,0,0,0,0,708,167,5,4,0,0,0,0,0,0,0,0,0
1779258110.6603122,g11.hpc.coe,43337,0.5001,0,100.0,2035.0,12288.0,20918175262,21538821351,22613560,23460725,1111271,0,0,0,0,0,0,0,0,0,0,0,0,674,79,3,2,0,0,0,0,0,0,0,0,0
1779258111.1604033,g11.hpc.coe,43337,0.5001,0,100.0,2035.0,12288.0,20918175979,21538821463,22613563,23460728,1111271,0,0,0,0,0,0,0,0,0,0,0,0,717,112,3,3,0,0,0,0,0,0,0,0,0
1779258111.6604946,g11.hpc.coe,43337,0.5001,0,100.0,2035.0,12288.0,20918176739,21538821542,22613566,23460730,1111271,0,0,0,0,0,0,0,0,0,0,0,0,760,79,3,2,0,0,0,0,0,0,0,0,0
1779258112.160582,g11.hpc.coe,43337,0.5001,0,100.0,2035.0,12288.0,20918177541,21538821654,22613569,23460733,1111271,0,0,0,0,0,0,0,0,0,0,0,0,802,112,3,3,0,0,0,0,0,0,0,0,0
1779258112.660669,g11.hpc.coe,43337,0.5001,0,100.0,2035.0,12288.0,20918178386,21538821733,22613572,23460735,1111271,0,0,0,0,0,0,0,0,0,0,0,0,845,79,3,2,0,0,0,0,0,0,0,0,0
1779258113.1607578,g11.hpc.coe,43337,0.5001,0,100.0,2035.0,12288.0,20918179274,21538821812,22613575,23460737,1111271,0,0,0,0,0,0,0,0,0,0,0,0,888,79,3,2,0,0,0,0,0,0,0,0,0
1779258113.660852,g11.hpc.coe,43337,0.5001,0,100.0,2035.0,12288.0,20952879559,21573558595,22648473,23495671,1114788,0,0,0,0,0,0,0,0,0,0,0,0,34700285,34736783,34898,34934,3517,0,0,0,0,0,0,0,0
1779258114.1609423,g11.hpc.coe,43337,0.5001,0,100.0,2035.0,12288.0,20952880537,21573558674,22648476,23495673,1114788,0,0,0,0,0,0,0,0,0,0,0,0,978,79,3,2,0,0,0,0,0,0,0,0,0
1779258114.661029,g11.hpc.coe,43337,0.5001,0,100.0,2035.0,12288.0,20952881558,21573558753,22648479,23495675,1114788,0,0,0,0,0,0,0,0,0,0,0,0,1021,79,3,2,0,0,0,0,0,0,0,0,0
1779258115.1611183,g11.hpc.coe,43337,0.5001,0,100.0,2035.0,12288.0,20952882721,21573558887,22648485,23495678,1114788,0,0,0,0,0,0,0,0,0,0,0,0,1163,134,6,3,0,0,0,0,0,0,0,0,0
1779258115.6612065,g11.hpc.coe,43337,0.5001,0,100.0,2035.0,12288.0,20952883850,21573558966,22648489,23495680,1114788,0,0,0,0,0,0,0,0,0,0,0,0,1129,79,4,2,0,0,0,0,0,0,0,0,0
1779258116.1612964,g11.hpc.coe,43337,0.5001,0,100.0,2035.0,12288.0,20952885022,21573559045,22648493,23495682,1114788,0,0,0,0,0,0,0,0,0,0,0,0,1172,79,4,2,0,0,0,0,0,0,0,0,0
1779258116.6613894,g11.hpc.coe,43337,0.5001,0,100.0,2035.0,12288.0,20952885169,21573559102,22648495,23495683,1114788,0,0,0,0,0,0,0,0,0,0,0,0,147,57,2,1,0,0,0,0,0,0,0,0,0
1779258117.1614778,g11.hpc.coe,43337,0.5001,0,100.0,2035.0,12288.0,20952885359,21573559159,22648497,23495684,1114788,0,0,0,0,0,0,0,0,0,0,0,0,190,57,2,1,0,0,0,0,0,0,0,0,0
1779258117.6615689,g11.hpc.coe,43337,0.5001,0,100.0,2035.0,12288.0,20981335250,21602046159,22677170,23524392,1114810,0,0,0,0,0,0,0,0,0,0,0,0,28449891,28487000,28673,28708,22,0,0,0,0,0,0,0,0
1779258118.1616602,g11.hpc.coe,43337,0.5001,0,100.0,2035.0,12288.0,20987585857,21608296417,22683412,23530625,1115757,0,0,0,0,0,0,0,0,0,0,0,0,6250607,6250258,6242,6233,947,0,0,0,0,0,0,0,0
1779258118.66175,g11.hpc.coe,43337,0.5001,0,100.0,2035.0,12288.0,20987586184,21608296474,22683414,23530626,1115757,0,0,0,0,0,0,0,0,0,0,0,0,327,57,2,1,0,0,0,0,0,0,0,0,0
1779258119.1618397,g11.hpc.coe,43337,0.5001,0,100.0,2035.0,12288.0,20987586554,21608296531,22683416,23530627,1115757,0,0,0,0,0,0,0,0,0,0,0,0,370,57,2,1,0,0,0,0,0,0,0,0,0
1779258119.661927,g11.hpc.coe,43337,0.5001,0,100.0,2035.0,12288.0,20987586966,21608296588,22683418,23530628,1115757,0,0,0,0,0,0,0,0,0,0,0,0,412,57,2,1,0,0,0,0,0,0,0,0,0
1779258120.1620166,g11.hpc.coe,43337,0.5001,0,100.0,2035.0,12288.0,20987587498,21608296700,22683422,23530630,1115757,0,0,0,0,0,0,0,0,0,0,0,0,532,112,4,2,0,0,0,0,0,0,0,0,0
1779258120.6621037,g11.hpc.coe,43337,0.5001,0,100.0,2035.0,12288.0,20987587996,21608296757,22683424,23530631,1115757,0,0,0,0,0,0,0,0,0,0,0,0,498,57,2,1,0,0,0,0,0,0,0,0,0
1779258121.1621957,g11.hpc.coe,43337,0.5001,0,100.0,2035.0,12288.0,20987588537,21608296814,22683426,23530632,1115757,0,0,0,0,0,0,0,0,0,0,0,0,541,57,2,1,0,0,0,0,0,0,0,0,0
1779258121.6622846,g11.hpc.coe,43337,0.5001,0,100.0,2035.0,12288.0,21015348749,21636093820,22711349,23558595,1115787,0,0,0,0,0,0,0,0,0,0,0,0,27760212,27797006,27923,27963,30,0,0,0,0,0,0,0,0
1779258122.1623745,g11.hpc.coe,43337,0.5001,0,100.0,2035.0,12288.0,21022289094,21643033676,22718319,23565568,1115792,0,0,0,0,0,0,0,0,0,0,0,0,6940345,6939856,6970,6973,5,0,0,0,0,0,0,0,0
1779258122.6624637,g11.hpc.coe,43337,0.5001,0,100.0,2035.0,12288.0,21022289794,21643033755,22718322,23565570,1115792,0,0,0,0,0,0,0,0,0,0,0,0,700,79,3,2,0,0,0,0,0,0,0,0,0
1779258123.1625543,g11.hpc.coe,43337,0.5001,0,100.0,2035.0,12288.0,21022290536,21643033834,22718325,23565572,1115792,0,0,0,0,0,0,0,0,0,0,0,0,742,79,3,2,0,0,0,0,0,0,0,0,0
1779258123.662644,g11.hpc.coe,43337,0.5001,0,100.0,2035.0,12288.0,21022291321,21643033946,22718328,23565575,1115792,0,0,0,0,0,0,0,0,0,0,0,0,785,112,3,3,0,0,0,0,0,0,0,0,0
1779258124.1627305,g11.hpc.coe,43337,0.5001,0,100.0,2035.0,12288.0,21022292149,21643034025,22718331,23565577,1115792,0,0,0,0,0,0,0,0,0,0,0,0,828,79,3,2,0,0,0,0,0,0,0,0,0
1779258124.662818,g11.hpc.coe,43337,0.5001,0,100.0,2035.0,12288.0,21022293020,21643034137,22718334,23565580,1115792,0,0,0,0,0,0,0,0,0,0,0,0,871,112,3,3,0,0,0,0,0,0,0,0,0
1779258125.1629057,g11.hpc.coe,43337,0.5001,0,100.0,2035.0,12288.0,21022293933,21643034216,22718337,23565582,1115792,0,0,0,0,0,0,0,0,0,0,0,0,913,79,3,2,0,0,0,0,0,0,0,0,0
1779258125.6629941,g11.hpc.coe,43337,0.5001,0,100.0,2035.0,12288.0,21043804682,21664573974,22740026,23587305,1115815,0,0,0,0,0,0,0,0,0,0,0,0,21510749,21539758,21689,21723,23,0,0,0,0,0,0,0,0
1779258126.1630814,g11.hpc.coe,43337,0.5001,0,100.0,2035.0,12288.0,21056995212,21677771131,22753226,23600515,1116647,0,0,0,0,0,0,0,0,0,0,0,0,13190530,13197157,13200,13210,832,0,0,0,0,0,0,0,0
1779258126.6631713,g11.hpc.coe,43337,0.5001,0,100.0,2035.0,12288.0,21056996264,21677771243,22753229,23600518,1116647,0,0,0,0,0,0,0,0,0,0,0,0,1052,112,3,3,0,0,0,0,0,0,0,0,0
1779258127.163258,g11.hpc.coe,43337,0.5001,0,100.0,2035.0,12288.0,21056997381,21677771322,22753233,23600520,1116647,0,0,0,0,0,0,0,0,0,0,0,0,1117,79,4,2,0,0,0,0,0,0,0,0,0
1779258127.6633642,g11.hpc.coe,43337,0.5001,0,100.0,2035.0,12288.0,21056998541,21677771434,22753237,23600523,1116647,0,0,0,0,0,0,0,0,0,0,0,0,1160,112,4,3,0,0,0,0,0,0,0,0,0
1779258128.163453,g11.hpc.coe,43337,0.5001,0,100.0,2035.0,12288.0,21056998676,21677771491,22753239,23600524,1116647,0,0,0,0,0,0,0,0,0,0,0,0,135,57,2,1,0,0,0,0,0,0,0,0,0
1779258128.6635466,g11.hpc.coe,43337,0.5001,0,100.0,2035.0,12288.0,21056998854,21677771581,22753241,23600526,1116647,0,0,0,0,0,0,0,0,0,0,0,0,178,90,2,2,0,0,0,0,0,0,0,0,0
1779258129.163636,g11.hpc.coe,43337,0.5001,0,100.0,2035.0,12288.0,21056999074,21677771638,22753243,23600527,1116647,0,0,0,0,0,0,0,0,0,0,0,0,220,57,2,1,0,0,0,0,0,0,0,0,0
1779258129.6637275,g11.hpc.coe,43337,0.5001,0,100.0,2035.0,12288.0,21077819080,21698621263,22774187,23621500,1116668,0,0,0,0,0,0,0,0,0,0,0,0,20820006,20849625,20944,20973,21,0,0,0,0,0,0,0,0
1779258130.1638205,g11.hpc.coe,43337,0.5001,0,100.0,2035.0,12288.0,21091698940,21712508435,22788133,23635458,1116688,0,0,0,0,0,0,0,0,0,0,0,0,13879860,13887172,13946,13958,20,0,0,0,0,0,0,0,0
1779258130.6639075,g11.hpc.coe,43337,0.5001,0,100.0,2035.0,12288.0,21091699375,21712508547,22788137,23635460,1116688,0,0,0,0,0,0,0,0,0,0,0,0,435,112,4,2,0,0,0,0,0,0,0,0,0
1779258131.1639967,g11.hpc.coe,43337,0.5001,0,100.0,2035.0,12288.0,21091699776,21712508604,22788139,23635461,1116688,0,0,0,0,0,0,0,0,0,0,0,0,401,57,2,1,0,0,0,0,0,0,0,0,0
1779258131.6640851,g11.hpc.coe,43337,0.5001,0,100.0,2035.0,12288.0,21091700220,21712508661,22788141,23635462,1116688,0,0,0,0,0,0,0,0,0,0,0,0,444,57,2,1,0,0,0,0,0,0,0,0,0
1779258132.1641731,g11.hpc.coe,43337,0.5001,0,100.0,2035.0,12288.0,21091700707,21712508718,22788143,23635463,1116688,0,0,0,0,0,0,0,0,0,0,0,0,487,57,2,1,0,0,0,0,0,0,0,0,0
1779258132.6642616,g11.hpc.coe,43337,0.5001,0,100.0,2035.0,12288.0,21091701237,21712508775,22788145,23635464,1116688,0,0,0,0,0,0,0,0,0,0,0,0,530,57,2,1,0,0,0,0,0,0,0,0,0
1779258133.1643534,g11.hpc.coe,43337,0.5001,0,100.0,2035.0,12288.0,21091702454,21712509301,22788163,23635474,1116688,0,0,0,0,0,0,0,0,0,0,0,0,1217,526,18,10,0,0,0,0,0,0,0,0,0
1779258133.664445,g11.hpc.coe,43337,0.5001,0,100.0,2035.0,12288.0,21106273015,21727101647,22802880,23650211,1116703,0,0,0,0,0,0,0,0,0,0,0,0,14570561,14592346,14717,14737,15,0,0,0,0,0,0,0,0
1779258134.1645362,g11.hpc.coe,43337,0.5001,0,100.0,2035.0,12288.0,21126403105,21747246142,22823060,23670407,1118831,0,0,0,0,0,0,0,0,0,0,0,0,20130090,20144495,20180,20196,2128,0,0,0,0,0,0,0,0
1779258134.664624,g11.hpc.coe,43337,0.5001,0,100.0,2035.0,12288.0,21126403839,21747246221,22823063,23670409,1118831,0,0,0,0,0,0,0,0,0,0,0,0,734,79,3,2,0,0,0,0,0,0,0,0,0
1779258135.164711,g11.hpc.coe,43337,0.5001,0,100.0,2035.0,12288.0,21126404615,21747246300,22823066,23670411,1118831,0,0,0,0,0,0,0,0,0,0,0,0,776,79,3,2,0,0,0,0,0,0,0,0,0
1779258135.6648002,g11.hpc.coe,43337,0.5001,0,100.0,2035.0,12288.0,21126405511,21747246434,22823071,23670414,1118831,0,0,0,0,0,0,0,0,0,0,0,0,896,134,5,3,0,0,0,0,0,0,0,0,0
1779258136.164895,g11.hpc.coe,43337,0.5001,0,100.0,2035.0,12288.0,21126406373,21747246513,22823074,23670416,1118831,0,0,0,0,0,0,0,0,0,0,0,0,862,79,3,2,0,0,0,0,0,0,0,0,0
1779258136.6649823,g11.hpc.coe,43337,0.5001,0,100.0,2035.0,12288.0,21126407277,21747246592,22823077,23670418,1118831,0,0,0,0,0,0,0,0,0,0,0,0,904,79,3,2,0,0,0,0,0,0,0,0,0
1779258137.165072,g11.hpc.coe,43337,0.5001,0,100.0,2035.0,12288.0,21126408224,21747246671,22823080,23670420,1118831,0,0,0,0,0,0,0,0,0,0,0,0,947,79,3,2,0,0,0,0,0,0,0,0,0
1779258137.6651592,g11.hpc.coe,43337,0.5001,0,100.0,2035.0,12288.0,21140289093,21761148994,22837047,23684410,1118837,0,0,0,0,0,0,0,0,0,0,0,0,13880869,13902323,13967,13990,6,0,0,0,0,0,0,0,0
1779258138.1652484,g11.hpc.coe,43337,0.5001,0,100.0,2035.0,12288.0,21161109557,21781983463,22857974,23705346,1118861,0,0,0,0,0,0,0,0,0,0,0,0,20820464,20834469,20927,20936,24,0,0,0,0,0,0,0,0
1779258138.665337,g11.hpc.coe,43337,0.5001,0,100.0,2035.0,12288.0,21161110664,21781983542,22857978,23705348,1118861,0,0,0,0,0,0,0,0,0,0,0,0,1107,79,4,2,0,0,0,0,0,0,0,0,0
1779258139.1654267,g11.hpc.coe,43337,0.5001,0,100.0,2035.0,12288.0,21161111814,21781983621,22857982,23705350,1118861,0,0,0,0,0,0,0,0,0,0,0,0,1150,79,4,2,0,0,0,0,0,0,0,0,0
1779258139.6655178,g11.hpc.coe,43337,0.5001,0,100.0,2035.0,12288.0,21161111939,21781983678,22857984,23705351,1118861,0,0,0,0,0,0,0,0,0,0,0,0,125,57,2,1,0,0,0,0,0,0,0,0,0
1779258140.1656065,g11.hpc.coe,43337,0.5001,0,100.0,2035.0,12288.0,21161112106,21781983735,22857986,23705352,1118861,0,0,0,0,0,0,0,0,0,0,0,0,167,57,2,1,0,0,0,0,0,0,0,0,0
1779258140.665694,g11.hpc.coe,43337,0.5001,0,100.0,2035.0,12288.0,21161112393,21781983847,22857990,23705354,1118861,0,0,0,0,0,0,0,0,0,0,0,0,287,112,4,2,0,0,0,0,0,0,0,0,0
1779258141.1657822,g11.hpc.coe,43337,0.5001,0,100.0,2035.0,12288.0,21161112646,21781983904,22857992,23705355,1118861,0,0,0,0,0,0,0,0,0,0,0,0,253,57,2,1,0,0,0,0,0,0,0,0,0
1779258141.6658692,g11.hpc.coe,43337,0.5001,0,100.0,2035.0,12288.0,21168742994,21789628918,22865729,23713109,1118864,0,0,0,0,0,0,0,0,0,0,0,0,7630348,7645014,7737,7754,3,0,0,0,0,0,0,0,0
1779258142.1659615,g11.hpc.coe,43337,0.5001,0,100.0,2035.0,12288.0,21195812611,21816720715,22892887,23740288,1120196,0,0,0,0,0,0,0,0,0,0,0,0,27069617,27091797,27158,27179,1332,0,0,0,0,0,0,0,0
1779258142.6660492,g11.hpc.coe,43337,0.5001,0,100.0,2035.0,12288.0,21195813001,21816720772,22892889,23740289,1120196,0,0,0,0,0,0,0,0,0,0,0,0,390,57,2,1,0,0,0,0,0,0,0,0,0
1779258143.1661384,g11.hpc.coe,43337,0.5001,0,100.0,2035.0,12288.0,21195813434,21816720829,22892891,23740290,1120196,0,0,0,0,0,0,0,0,0,0,0,0,433,57,2,1,0,0,0,0,0,0,0,0,0
1779258143.6662285,g11.hpc.coe,43337,0.5001,0,100.0,2035.0,12288.0,21195813910,21816720886,22892893,23740291,1120196,0,0,0,0,0,0,0,0,0,0,0,0,476,57,2,1,0,0,0,0,0,0,0,0,0
1779258144.166317,g11.hpc.coe,43337,0.5001,0,100.0,2035.0,12288.0,21195814429,21816720943,22892895,23740292,1120196,0,0,0,0,0,0,0,0,0,0,0,0,519,57,2,1,0,0,0,0,0,0,0,0,0
1779258144.666407,g11.hpc.coe,43337,0.5001,0,100.0,2035.0,12288.0,21195815012,21816721022,22892898,23740294,1120196,0,0,0,0,0,0,0,0,0,0,0,0,583,79,3,2,0,0,0,0,0,0,0,0,0
1779258145.166495,g11.hpc.coe,43337,0.5001,0,100.0,2035.0,12288.0,21195815638,21816721101,22892901,23740296,1120196,0,0,0,0,0,0,0,0,0,0,0,0,626,79,3,2,0,0,0,0,0,0,0,0,0
1779258145.6665835,g11.hpc.coe,43337,0.5001,0,100.0,2035.0,12288.0,21203446358,21824366088,22900639,23748044,1121030,0,0,0,0,0,0,0,0,0,0,0,0,7630720,7644987,7738,7748,834,0,0,0,0,0,0,0,0
1779258146.1666725,g11.hpc.coe,43337,0.5001,0,100.0,2035.0,12288.0,21230516376,21851457935,22927802,23775228,1121065,0,0,0,0,0,0,0,0,0,0,0,0,27070018,27091847,27163,27184,35,0,0,0,0,0,0,0,0
1779258146.6667619,g11.hpc.coe,43337,0.5001,0,100.0,2035.0,12288.0,21230517139,21851458014,22927805,23775230,1121065,0,0,0,0,0,0,0,0,0,0,0,0,763,79,3,2,0,0,0,0,0,0,0,0,0
1779258147.1668506,g11.hpc.coe,43337,0.5001,0,100.0,2035.0,12288.0,21230517945,21851458093,22927808,23775232,1121065,0,0,0,0,0,0,0,0,0,0,0,0,806,79,3,2,0,0,0,0,0,0,0,0,0
1779258147.6669374,g11.hpc.coe,43337,0.5001,0,100.0,2035.0,12288.0,21230518793,21851458172,22927811,23775234,1121065,0,0,0,0,0,0,0,0,0,0,0,0,848,79,3,2,0,0,0,0,0,0,0,0,0
1779258148.167027,g11.hpc.coe,43337,0.5001,0,100.0,2035.0,12288.0,21230520307,21851458698,22927829,23775244,1121065,0,0,0,0,0,0,0,0,0,0,0,0,1514,526,18,10,0,0,0,0,0,0,0,0,0
1779258148.6671154,g11.hpc.coe,43337,0.5001,0,100.0,2035.0,12288.0,21230521242,21851458777,22927832,23775246,1121065,0,0,0,0,0,0,0,0,0,0,0,0,935,79,3,2,0,0,0,0,0,0,0,0,0
1779258149.1672041,g11.hpc.coe,43337,0.5001,0,100.0,2035.0,12288.0,21230522219,21851458856,22927835,23775248,1121065,0,0,0,0,0,0,0,0,0,0,0,0,977,79,3,2,0,0,0,0,0,0,0,0,0
1779258149.6672928,g11.hpc.coe,43337,0.5001,0,100.0,2035.0,12288.0,21234421477,21855474628,22932270,23779604,1121674,0,0,0,0,0,0,0,0,0,0,0,0,3899258,4015772,4435,4356,609,0,0,0,0,0,0,0,0
1779258150.167384,g11.hpc.coe,43337,0.5001,0,100.0,2035.0,12288.0,21265223641,21886195676,22962731,23810178,1124897,0,0,0,0,0,0,0,0,0,0,0,0,30802164,30721048,30461,30574,3223,0,0,0,0,0,0,0,0
1779258150.667475,g11.hpc.coe,43337,0.5001,0,100.0,2035.0,12288.0,21265224778,21886195755,22962735,23810180,1124897,0,0,0,0,0,0,0,0,0,0,0,0,1137,79,4,2,0,0,0,0,0,0,0,0,0
1779258151.167566,g11.hpc.coe,43337,0.5001,0,100.0,2035.0,12288.0,21265226035,21886195889,22962741,23810183,1124897,0,0,0,0,0,0,0,0,0,0,0,0,1257,134,6,3,0,0,0,0,0,0,0,0,0
1779258151.6676528,g11.hpc.coe,43337,0.5001,0,100.0,2035.0,12288.0,21265226190,21886195946,22962743,23810184,1124897,0,0,0,0,0,0,0,0,0,0,0,0,155,57,2,1,0,0,0,0,0,0,0,0,0
1779258152.167743,g11.hpc.coe,43337,0.5001,0,100.0,2035.0,12288.0,21265226388,21886196003,22962745,23810185,1124897,0,0,0,0,0,0,0,0,0,0,0,0,198,57,2,1,0,0,0,0,0,0,0,0,0
1779258152.6678467,g11.hpc.coe,43337,0.5001,0,100.0,2035.0,12288.0,21265226628,21886196060,22962747,23810186,1124897,0,0,0,0,0,0,0,0,0,0,0,0,240,57,2,1,0,0,0,0,0,0,0,0,0
1779258153.1679337,g11.hpc.coe,43337,0.5001,0,100.0,2035.0,12288.0,21265226911,21886196117,22962749,23810187,1124897,0,0,0,0,0,0,0,0,0,0,0,0,283,57,2,1,0,0,0,0,0,0,0,0,0
1779258153.6680305,g11.hpc.coe,43337,0.5001,0,100.0,2035.0,12288.0,21265917432,21886893758,22963509,23810950,1124899,0,0,0,0,0,0,0,0,0,0,0,0,690521,697641,760,763,2,0,0,0,0,0,0,0,0
1779258154.1681182,g11.hpc.coe,43337,0.5001,0,100.0,2035.0,12288.0,21299926879,21920932970,22997636,23845126,1124934,0,0,0,0,0,0,0,0,0,0,0,0,34009447,34039212,34127,34176,35,0,0,0,0,0,0,0,0
1779258154.668206,g11.hpc.coe,43337,0.5001,0,100.0,2035.0,12288.0,21299927298,21920933027,22997638,23845127,1124934,0,0,0,0,0,0,0,0,0,0,0,0,419,57,2,1,0,0,0,0,0,0,0,0,0
1779258155.1682968,g11.hpc.coe,43337,0.5001,0,100.0,2035.0,12288.0,21299927759,21920933084,22997640,23845128,1124934,0,0,0,0,0,0,0,0,0,0,0,0,461,57,2,1,0,0,0,0,0,0,0,0,0
1779258155.6683853,g11.hpc.coe,43337,0.5001,0,100.0,2035.0,12288.0,21299928263,21920933141,22997642,23845129,1124934,0,0,0,0,0,0,0,0,0,0,0,0,504,57,2,1,0,0,0,0,0,0,0,0,0
1779258156.168474,g11.hpc.coe,43337,0.5001,0,100.0,2035.0,12288.0,21299928909,21920933275,22997647,23845132,1124934,0,0,0,0,0,0,0,0,0,0,0,0,646,134,5,3,0,0,0,0,0,0,0,0,0
1779258156.6685615,g11.hpc.coe,43337,0.5001,0,100.0,2035.0,12288.0,21299929521,21920933354,22997650,23845134,1124934,0,0,0,0,0,0,0,0,0,0,0,0,612,79,3,2,0,0,0,0,0,0,0,0,0
1779258157.168649,g11.hpc.coe,43337,0.5001,0,100.0,2035.0,12288.0,21299930175,21920933433,22997653,23845136,1124934,0,0,0,0,0,0,0,0,0,0,0,0,654,79,3,2,0,0,0,0,0,0,0,0,0
1779258157.6687403,g11.hpc.coe,43337,0.5001,0,100.0,2035.0,12288.0,21299931023,21920941073,22997664,23845153,1124934,0,0,0,0,0,0,0,0,0,0,0,0,848,7640,11,17,0,0,0,0,0,0,0,0,0
1779258158.1688328,g11.hpc.coe,43337,0.5001,0,100.0,2035.0,12288.0,21334630926,21955670323,23032548,23880076,1130067,0,0,0,0,0,0,0,0,0,0,0,0,34699903,34729250,34884,34923,5133,0,0,0,0,0,0,0,0
1779258158.6689205,g11.hpc.coe,43337,0.5001,0,100.0,2035.0,12288.0,21334631715,21955670402,23032551,23880078,1130067,0,0,0,0,0,0,0,0,0,0,0,0,789,79,3,2,0,0,0,0,0,0,0,0,0
1779258159.1690104,g11.hpc.coe,43337,0.5001,0,100.0,2035.0,12288.0,21334632547,21955670481,23032554,23880080,1130067,0,0,0,0,0,0,0,0,0,0,0,0,832,79,3,2,0,0,0,0,0,0,0,0,0
1779258159.6690989,g11.hpc.coe,43337,0.5001,0,100.0,2035.0,12288.0,21334633421,21955670560,23032557,23880082,1130067,0,0,0,0,0,0,0,0,0,0,0,0,874,79,3,2,0,0,0,0,0,0,0,0,0
1779258160.169186,g11.hpc.coe,43337,0.5001,0,100.0,2035.0,12288.0,21334634338,21955670639,23032560,23880084,1130067,0,0,0,0,0,0,0,0,0,0,0,0,917,79,3,2,0,0,0,0,0,0,0,0,0
1779258160.6692748,g11.hpc.coe,43337,0.5001,0,100.0,2035.0,12288.0,21334635298,21955670718,23032563,23880086,1130067,0,0,0,0,0,0,0,0,0,0,0,0,960,79,3,2,0,0,0,0,0,0,0,0,0
1779258161.1693625,g11.hpc.coe,43337,0.5001,0,100.0,2035.0,12288.0,21334636377,21955670852,23032568,23880089,1130067,0,0,0,0,0,0,0,0,0,0,0,0,1079,134,5,3,0,0,0,0,0,0,0,0,0
1779258161.6694536,g11.hpc.coe,43337,0.5001,0,100.0,2035.0,12288.0,21334637423,21955670931,23032571,23880091,1130067,0,0,0,0,0,0,0,0,0,0,0,0,1046,79,3,2,0,0,0,0,0,0,0,0,0
1779258162.1695433,g11.hpc.coe,43337,0.5001,0,100.0,2035.0,12288.0,21363088199,21984508220,23061547,23909451,1130095,0,0,0,0,0,0,0,0,0,0,0,0,28450776,28837289,28976,29360,28,0,0,0,0,0,0,0,0
1779258162.669632,g11.hpc.coe,43337,0.5001,0,100.0,2035.0,12288.0,21369339040,21990407779,23067473,23915025,1132480,0,0,0,0,0,0,0,0,0,0,0,0,6250841,5899559,5926,5574,2385,0,0,0,0,0,0,0,0
1779258163.1697223,g11.hpc.coe,43337,0.5001,0,100.0,2035.0,12288.0,21369340057,21990408538,23067495,23915039,1132480,0,0,0,0,0,0,0,0,0,0,0,0,1017,759,22,14,0,0,0,0,0,0,0,0,0
1779258163.6698134,g11.hpc.coe,43337,0.5001,0,100.0,2035.0,12288.0,21369340260,21990408595,23067498,23915040,1132480,0,0,0,0,0,0,0,0,0,0,0,0,203,57,3,1,0,0,0,0,0,0,0,0,0
1779258164.1699035,g11.hpc.coe,43337,0.5001,0,100.0,2035.0,12288.0,21369340484,21990408652,23067500,23915041,1132480,0,0,0,0,0,0,0,0,0,0,0,0,224,57,2,1,0,0,0,0,0,0,0,0,0
1779258164.6699915,g11.hpc.coe,43337,0.5001,0,100.0,2035.0,12288.0,21369340751,21990408709,23067502,23915042,1132480,0,0,0,0,0,0,0,0,0,0,0,0,267,57,2,1,0,0,0,0,0,0,0,0,0
1779258165.1700785,g11.hpc.coe,43337,0.5001,0,100.0,2035.0,12288.0,21369341060,21990408766,23067504,23915043,1132480,0,0,0,0,0,0,0,0,0,0,0,0,309,57,2,1,0,0,0,0,0,0,0,0,0
1779258165.6701689,g11.hpc.coe,43337,0.5001,0,100.0,2035.0,12288.0,21369341412,21990408823,23067506,23915044,1132480,0,0,0,0,0,0,0,0,0,0,0,0,352,57,2,1,0,0,0,0,0,0,0,0,0
1779258166.17026,g11.hpc.coe,43337,0.5001,0,100.0,2035.0,12288.0,21397101434,22018205834,23095424,23943003,1132505,0,0,0,0,0,0,0,0,0,0,0,0,27760022,27797011,27918,27959,25,0,0,0,0,0,0,0,0
1779258166.6703486,g11.hpc.coe,43337,0.5001,0,100.0,2035.0,12288.0,21404041611,22025145654,23102397,23949973,1134941,0,0,0,0,0,0,0,0,0,0,0,0,6940177,6939820,6973,6970,2436,0,0,0,0,0,0,0,0
1779258167.1704388,g11.hpc.coe,43337,0.5001,0,100.0,2035.0,12288.0,21404042100,22025145711,23102399,23949974,1134941,0,0,0,0,0,0,0,0,0,0,0,0,489,57,2,1,0,0,0,0,0,0,0,0,0
1779258167.6705287,g11.hpc.coe,43337,0.5001,0,100.0,2035.0,12288.0,21404042632,22025145768,23102401,23949975,1134941,0,0,0,0,0,0,0,0,0,0,0,0,532,57,2,1,0,0,0,0,0,0,0,0,0
1779258168.1706185,g11.hpc.coe,43337,0.5001,0,100.0,2035.0,12288.0,21404043229,22025145847,23102404,23949977,1134941,0,0,0,0,0,0,0,0,0,0,0,0,597,79,3,2,0,0,0,0,0,0,0,0,0
1779258168.670705,g11.hpc.coe,43337,0.5001,0,100.0,2035.0,12288.0,21404043869,22025145926,23102407,23949979,1134941,0,0,0,0,0,0,0,0,0,0,0,0,640,79,3,2,0,0,0,0,0,0,0,0,0
1779258169.1707945,g11.hpc.coe,43337,0.5001,0,100.0,2035.0,12288.0,21404044551,22025146005,23102410,23949981,1134941,0,0,0,0,0,0,0,0,0,0,0,0,682,79,3,2,0,0,0,0,0,0,0,0,0
1779258169.6708834,g11.hpc.coe,43337,0.5001,0,100.0,2035.0,12288.0,21404045276,22025146084,23102413,23949983,1134941,0,0,0,0,0,0,0,0,0,0,0,0,725,79,3,2,0,0,0,0,0,0,0,0,0
1779258170.1709735,g11.hpc.coe,43337,0.5001,0,100.0,2035.0,12288.0,21431006925,22052741025,23130061,23977919,1137377,0,0,0,0,0,0,0,0,0,0,0,0,26961649,27594941,27648,27936,2436,0,0,0,0,0,0,0,0
1779258170.6710627,g11.hpc.coe,43337,0.5001,0,100.0,2035.0,12288.0,21438746117,22059882932,23137300,23984917,1137380,0,0,0,0,0,0,0,0,0,0,0,0,7739192,7141907,7239,6998,3,0,0,0,0,0,0,0,0
1779258171.1711512,g11.hpc.coe,43337,0.5001,0,100.0,2035.0,12288.0,21438746979,22059883011,23137303,23984919,1137380,0,0,0,0,0,0,0,0,0,0,0,0,862,79,3,2,0,0,0,0,0,0,0,0,0
1779258171.671239,g11.hpc.coe,43337,0.5001,0,100.0,2035.0,12288.0,21438747961,22059883145,23137308,23984922,1137380,0,0,0,0,0,0,0,0,0,0,0,0,982,134,5,3,0,0,0,0,0,0,0,0,0
1779258172.171328,g11.hpc.coe,43337,0.5001,0,100.0,2035.0,12288.0,21438748909,22059883224,23137311,23984924,1137380,0,0,0,0,0,0,0,0,0,0,0,0,948,79,3,2,0,0,0,0,0,0,0,0,0
1779258172.6714168,g11.hpc.coe,43337,0.5001,0,100.0,2035.0,12288.0,21438749899,22059883303,23137314,23984926,1137380,0,0,0,0,0,0,0,0,0,0,0,0,990,79,3,2,0,0,0,0,0,0,0,0,0
1779258173.1715047,g11.hpc.coe,43337,0.5001,0,100.0,2035.0,12288.0,21438750932,22059883382,23137317,23984928,1137380,0,0,0,0,0,0,0,0,0,0,0,0,1033,79,3,2,0,0,0,0,0,0,0,0,0
1779258173.6715925,g11.hpc.coe,43337,0.5001,0,100.0,2035.0,12288.0,21438752030,22059883461,23137321,23984930,1137380,0,0,0,0,0,0,0,0,0,0,0,0,1098,79,4,2,0,0,0,0,0,0,0,0,0
1779258174.171681,g11.hpc.coe,43337,0.5001,0,100.0,2035.0,12288.0,21460262888,22081423194,23159007,24006660,1137400,0,0,0,0,0,0,0,0,0,0,0,0,21510858,21539733,21686,21730,20,0,0,0,0,0,0,0,0
1779258174.6717687,g11.hpc.coe,43337,0.5001,0,100.0,2035.0,12288.0,21473453638,22094620372,23172213,24019873,1137409,0,0,0,0,0,0,0,0,0,0,0,0,13190750,13197178,13206,13213,9,0,0,0,0,0,0,0,0
1779258175.171864,g11.hpc.coe,43337,0.5001,0,100.0,2035.0,12288.0,21473453806,22094620429,23172215,24019874,1137409,0,0,0,0,0,0,0,0,0,0,0,0,168,57,2,1,0,0,0,0,0,0,0,0,0
1779258175.6719525,g11.hpc.coe,43337,0.5001,0,100.0,2035.0,12288.0,21473454017,22094620486,23172217,24019875,1137409,0,0,0,0,0,0,0,0,0,0,0,0,211,57,2,1,0,0,0,0,0,0,0,0,0
1779258176.1720524,g11.hpc.coe,43337,0.5001,0,100.0,2035.0,12288.0,21473454270,22094620543,23172219,24019876,1137409,0,0,0,0,0,0,0,0,0,0,0,0,253,57,2,1,0,0,0,0,0,0,0,0,0
1779258176.6721425,g11.hpc.coe,43337,0.5001,0,100.0,2035.0,12288.0,21473454643,22094620655,23172223,24019878,1137409,0,0,0,0,0,0,0,0,0,0,0,0,373,112,4,2,0,0,0,0,0,0,0,0,0
1779258177.1722336,g11.hpc.coe,43337,0.5001,0,100.0,2035.0,12288.0,21473454982,22094620712,23172225,24019879,1137409,0,0,0,0,0,0,0,0,0,0,0,0,339,57,2,1,0,0,0,0,0,0,0,0,0
1779258177.6723225,g11.hpc.coe,43337,0.5001,0,100.0,2035.0,12288.0,21473455364,22094620769,23172227,24019880,1137409,0,0,0,0,0,0,0,0,0,0,0,0,382,57,2,1,0,0,0,0,0,0,0,0,0
1779258178.172411,g11.hpc.coe,43337,0.5001,0,100.0,2035.0,12288.0,21494276127,22115470855,23193182,24040863,1140552,0,0,0,0,0,0,0,0,0,0,0,0,20820763,20850086,20955,20983,3143,0,0,0,0,0,0,0,0
1779258178.6725,g11.hpc.coe,43337,0.5001,0,100.0,2035.0,12288.0,21508156156,22129358048,23207129,24054824,1140561,0,0,0,0,0,0,0,0,0,0,0,0,13880029,13887193,13947,13961,9,0,0,0,0,0,0,0,0
1779258179.1725903,g11.hpc.coe,43337,0.5001,0,100.0,2035.0,12288.0,21508156675,22129358105,23207131,24054825,1140561,0,0,0,0,0,0,0,0,0,0,0,0,519,57,2,1,0,0,0,0,0,0,0,0,0
1779258179.6726792,g11.hpc.coe,43337,0.5001,0,100.0,2035.0,12288.0,21508157259,22129358184,23207134,24054827,1140561,0,0,0,0,0,0,0,0,0,0,0,0,584,79,3,2,0,0,0,0,0,0,0,0,0
1779258180.1727662,g11.hpc.coe,43337,0.5001,0,100.0,2035.0,12288.0,21508157886,22129358263,23207137,24054829,1140561,0,0,0,0,0,0,0,0,0,0,0,0,627,79,3,2,0,0,0,0,0,0,0,0,0
1779258180.672853,g11.hpc.coe,43337,0.5001,0,100.0,2035.0,12288.0,21508158556,22129358342,23207140,24054831,1140561,0,0,0,0,0,0,0,0,0,0,0,0,670,79,3,2,0,0,0,0,0,0,0,0,0
1779258181.1729443,g11.hpc.coe,43337,0.5001,0,100.0,2035.0,12288.0,21508159268,22129358421,23207143,24054833,1140561,0,0,0,0,0,0,0,0,0,0,0,0,712,79,3,2,0,0,0,0,0,0,0,0,0
1779258181.6730342,g11.hpc.coe,43337,0.5001,0,100.0,2035.0,12288.0,21508160100,22129358555,23207148,24054836,1140561,0,0,0,0,0,0,0,0,0,0,0,0,832,134,5,3,0,0,0,0,0,0,0,0,0
1779258182.1731238,g11.hpc.coe,43337,0.5001,0,100.0,2035.0,12288.0,21522730786,22143950908,23221860,24069574,1140576,0,0,0,0,0,0,0,0,0,0,0,0,14570686,14592353,14712,14738,15,0,0,0,0,0,0,0,0
1779258182.673213,g11.hpc.coe,43337,0.5001,0,100.0,2035.0,12288.0,21542861029,22164095431,23242039,24089774,1140823,0,0,0,0,0,0,0,0,0,0,0,0,20130243,20144523,20179,20200,247,0,0,0,0,0,0,0,0
1779258183.1733015,g11.hpc.coe,43337,0.5001,0,100.0,2035.0,12288.0,21542861922,22164095510,23242042,24089776,1140823,0,0,0,0,0,0,0,0,0,0,0,0,893,79,3,2,0,0,0,0,0,0,0,0,0
1779258183.6733892,g11.hpc.coe,43337,0.5001,0,100.0,2035.0,12288.0,21542862858,22164095589,23242045,24089778,1140823,0,0,0,0,0,0,0,0,0,0,0,0,936,79,3,2,0,0,0,0,0,0,0,0,0
1779258184.1734772,g11.hpc.coe,43337,0.5001,0,100.0,2035.0,12288.0,21542863837,22164095668,23242048,24089780,1140823,0,0,0,0,0,0,0,0,0,0,0,0,979,79,3,2,0,0,0,0,0,0,0,0,0
1779258184.6735656,g11.hpc.coe,43337,0.5001,0,100.0,2035.0,12288.0,21542864859,22164095747,23242051,24089782,1140823,0,0,0,0,0,0,0,0,0,0,0,0,1022,79,3,2,0,0,0,0,0,0,0,0,0
1779258185.1736555,g11.hpc.coe,43337,0.5001,0,100.0,2035.0,12288.0,21542865946,22164095826,23242055,24089784,1140823,0,0,0,0,0,0,0,0,0,0,0,0,1087,79,4,2,0,0,0,0,0,0,0,0,0
1779258185.6737442,g11.hpc.coe,43337,0.5001,0,100.0,2035.0,12288.0,21542867076,22164095905,23242059,24089786,1140823,0,0,0,0,0,0,0,0,0,0,0,0,1130,79,4,2,0,0,0,0,0,0,0,0,0
1779258186.1738346,g11.hpc.coe,43337,0.5001,0,100.0,2035.0,12288.0,21556748149,22177998200,23256030,24103772,1141249,0,0,0,0,0,0,0,0,0,0,0,0,13881073,13902295,13971,13986,426,0,0,0,0,0,0,0,0
1779258186.6739218,g11.hpc.coe,43337,0.5001,0,100.0,2035.0,12288.0,21577567806,22198832786,23276958,24124720,1141269,0,0,0,0,0,0,0,0,0,0,0,0,20819657,20834586,20928,20948,20,0,0,0,0,0,0,0,0
1779258187.1740093,g11.hpc.coe,43337,0.5001,0,100.0,2035.0,12288.0,21577568006,22198832843,23276960,24124721,1141269,0,0,0,0,0,0,0,0,0,0,0,0,200,57,2,1,0,0,0,0,0,0,0,0,0
1779258187.6740978,g11.hpc.coe,43337,0.5001,0,100.0,2035.0,12288.0,21577568249,22198832900,23276962,24124722,1141269,0,0,0,0,0,0,0,0,0,0,0,0,243,57,2,1,0,0,0,0,0,0,0,0,0
1779258188.1741877,g11.hpc.coe,43337,0.5001,0,100.0,2035.0,12288.0,21577568535,22198832957,23276964,24124723,1141269,0,0,0,0,0,0,0,0,0,0,0,0,286,57,2,1,0,0,0,0,0,0,0,0,0
1779258188.6742742,g11.hpc.coe,43337,0.5001,0,100.0,2035.0,12288.0,21577568864,22198833014,23276966,24124724,1141269,0,0,0,0,0,0,0,0,0,0,0,0,329,57,2,1,0,0,0,0,0,0,0,0,0
1779258189.174362,g11.hpc.coe,43337,0.5001,0,100.0,2035.0,12288.0,21577569235,22198833071,23276968,24124725,1141269,0,0,0,0,0,0,0,0,0,0,0,0,371,57,2,1,0,0,0,0,0,0,0,0,0
1779258189.674452,g11.hpc.coe,43337,0.5001,0,100.0,2035.0,12288.0,21577569649,22198833128,23276970,24124726,1141269,0,0,0,0,0,0,0,0,0,0,0,0,414,57,2,1,0,0,0,0,0,0,0,0,0
1779258190.1745431,g11.hpc.coe,43337,0.5001,0,100.0,2035.0,12288.0,21585200192,22206478121,23284712,24132477,1141279,0,0,0,0,0,0,0,0,0,0,0,0,7630543,7644993,7742,7751,10,0,0,0,0,0,0,0,0
1779258190.6746337,g11.hpc.coe,43337,0.5001,0,100.0,2035.0,12288.0,21612269970,22233569897,23311870,24159653,1143332,0,0,0,0,0,0,0,0,0,0,0,0,27069778,27091776,27158,27176,2053,0,0,0,0,0,0,0,0
1779258191.1747222,g11.hpc.coe,43337,0.5001,0,100.0,2035.0,12288.0,21612270543,22233569976,23311873,24159655,1143332,0,0,0,0,0,0,0,0,0,0,0,0,573,79,3,2,0,0,0,0,0,0,0,0,0
1779258191.6748106,g11.hpc.coe,43337,0.5001,0,100.0,2035.0,12288.0,21612271159,22233570055,23311876,24159657,1143332,0,0,0,0,0,0,0,0,0,0,0,0,616,79,3,2,0,0,0,0,0,0,0,0,0
1779258192.174898,g11.hpc.coe,43337,0.5001,0,100.0,2035.0,12288.0,21612271895,22233570189,23311881,24159660,1143332,0,0,0,0,0,0,0,0,0,0,0,0,736,134,5,3,0,0,0,0,0,0,0,0,0
1779258192.6749887,g11.hpc.coe,43337,0.5001,0,100.0,2035.0,12288.0,21612272597,22233570268,23311884,24159662,1143332,0,0,0,0,0,0,0,0,0,0,0,0,702,79,3,2,0,0,0,0,0,0,0,0,0
1779258193.1750803,g11.hpc.coe,43337,0.5001,0,100.0,2035.0,12288.0,21612273964,22233570794,23311902,24159672,1143332,0,0,0,0,0,0,0,0,0,0,0,0,1367,526,18,10,0,0,0,0,0,0,0,0,0
1779258193.6751697,g11.hpc.coe,43337,0.5001,0,100.0,2035.0,12288.0,21612274752,22233570873,23311905,24159674,1143332,0,0,0,0,0,0,0,0,0,0,0,0,788,79,3,2,0,0,0,0,0,0,0,0,0
1779258194.1752584,g11.hpc.coe,43337,0.5001,0,100.0,2035.0,12288.0,21612275583,22233570952,23311908,24159676,1143332,0,0,0,0,0,0,0,0,0,0,0,0,831,79,3,2,0,0,0,0,0,0,0,0,0
1779258194.675347,g11.hpc.coe,43337,0.5001,0,100.0,2035.0,12288.0,21631978665,22253812513,23332181,24180351,1146119,0,0,0,0,0,0,0,0,0,0,0,0,19703082,20241561,20273,20675,2787,0,0,0,0,0,0,0,0
1779258195.1754372,g11.hpc.coe,43337,0.5001,0,100.0,2035.0,12288.0,21646976636,22268307793,23346795,24194609,1146160,0,0,0,0,0,0,0,0,0,0,0,0,14997971,14495280,14614,14258,41,0,0,0,0,0,0,0,0
1779258195.675526,g11.hpc.coe,43337,0.5001,0,100.0,2035.0,12288.0,21646977605,22268307872,23346798,24194611,1146160,0,0,0,0,0,0,0,0,0,0,0,0,969,79,3,2,0,0,0,0,0,0,0,0,0
1779258196.175613,g11.hpc.coe,43337,0.5001,0,100.0,2035.0,12288.0,21646978617,22268307951,23346801,24194613,1146160,0,0,0,0,0,0,0,0,0,0,0,0,1012,79,3,2,0,0,0,0,0,0,0,0,0
1779258196.6757038,g11.hpc.coe,43337,0.5001,0,100.0,2035.0,12288.0,21646979672,22268308030,23346804,24194615,1146160,0,0,0,0,0,0,0,0,0,0,0,0,1055,79,3,2,0,0,0,0,0,0,0,0,0
1779258197.1758206,g11.hpc.coe,43337,0.5001,0,100.0,2035.0,12288.0,21646980869,22268308164,23346810,24194618,1146160,0,0,0,0,0,0,0,0,0,0,0,0,1197,134,6,3,0,0,0,0,0,0,0,0,0
1779258197.675911,g11.hpc.coe,43337,0.5001,0,100.0,2035.0,12288.0,21646982032,22268308243,23346814,24194620,1146160,0,0,0,0,0,0,0,0,0,0,0,0,1163,79,4,2,0,0,0,0,0,0,0,0,0
1779258198.1760075,g11.hpc.coe,43337,0.5001,0,100.0,2035.0,12288.0,21646982170,22268308300,23346816,24194621,1146160,0,0,0,0,0,0,0,0,0,0,0,0,138,57,2,1,0,0,0,0,0,0,0,0,0
1779258198.6760976,g11.hpc.coe,43337,0.5001,0,100.0,2035.0,12288.0,21661552294,22282900596,23361535,24209353,1146170,0,0,0,0,0,0,0,0,0,0,0,0,14570124,14592296,14719,14732,10,0,0,0,0,0,0,0,0
1779258199.1761885,g11.hpc.coe,43337,0.5001,0,100.0,2035.0,12288.0,21681681940,22303045118,23381716,24229555,1146195,0,0,0,0,0,0,0,0,0,0,0,0,20129646,20144522,20181,20202,25,0,0,0,0,0,0,0,0
1779258199.6762824,g11.hpc.coe,43337,0.5001,0,100.0,2035.0,12288.0,21681682216,22303045175,23381718,24229556,1146195,0,0,0,0,0,0,0,0,0,0,0,0,276,57,2,1,0,0,0,0,0,0,0,0,0
1779258200.1763694,g11.hpc.coe,43337,0.5001,0,100.0,2035.0,12288.0,21681682535,22303045232,23381720,24229557,1146195,0,0,0,0,0,0,0,0,0,0,0,0,319,57,2,1,0,0,0,0,0,0,0,0,0
1779258200.6764586,g11.hpc.coe,43337,0.5001,0,100.0,2035.0,12288.0,21681682896,22303045289,23381722,24229558,1146195,0,0,0,0,0,0,0,0,0,0,0,0,361,57,2,1,0,0,0,0,0,0,0,0,0
1779258201.1765487,g11.hpc.coe,43337,0.5001,0,100.0,2035.0,12288.0,21681683300,22303045346,23381724,24229559,1146195,0,0,0,0,0,0,0,0,0,0,0,0,404,57,2,1,0,0,0,0,0,0,0,0,0
1779258201.6766386,g11.hpc.coe,43337,0.5001,0,100.0,2035.0,12288.0,21681683747,22303045403,23381726,24229560,1146195,0,0,0,0,0,0,0,0,0,0,0,0,447,57,2,1,0,0,0,0,0,0,0,0,0
1779258202.1767318,g11.hpc.coe,43337,0.5001,0,100.0,2035.0,12288.0,21681684314,22303045515,23381730,24229562,1146195,0,0,0,0,0,0,0,0,0,0,0,0,567,112,4,2,0,0,0,0,0,0,0,0,0
1779258202.6768217,g11.hpc.coe,43337,0.5001,0,100.0,2035.0,12288.0,21695564726,22316947809,23395696,24243550,1149028,0,0,0,0,0,0,0,0,0,0,0,0,13880412,13902294,13966,13988,2833,0,0,0,0,0,0,0,0
1779258203.1769173,g11.hpc.coe,43337,0.5001,0,100.0,2035.0,12288.0,21716384763,22337782320,23416624,24264492,1149053,0,0,0,0,0,0,0,0,0,0,0,0,20820037,20834511,20928,20942,25,0,0,0,0,0,0,0,0
1779258203.6770055,g11.hpc.coe,43337,0.5001,0,100.0,2035.0,12288.0,21716385414,22337782399,23416627,24264494,1149053,0,0,0,0,0,0,0,0,0,0,0,0,651,79,3,2,0,0,0,0,0,0,0,0,0
1779258204.1770957,g11.hpc.coe,43337,0.5001,0,100.0,2035.0,12288.0,21716386107,22337782478,23416630,24264496,1149053,0,0,0,0,0,0,0,0,0,0,0,0,693,79,3,2,0,0,0,0,0,0,0,0,0
1779258204.6771853,g11.hpc.coe,43337,0.5001,0,100.0,2035.0,12288.0,21716386843,22337782557,23416633,24264498,1149053,0,0,0,0,0,0,0,0,0,0,0,0,736,79,3,2,0,0,0,0,0,0,0,0,0
1779258205.1772738,g11.hpc.coe,43337,0.5001,0,100.0,2035.0,12288.0,21716387622,22337782636,23416636,24264500,1149053,0,0,0,0,0,0,0,0,0,0,0,0,779,79,3,2,0,0,0,0,0,0,0,0,0
1779258205.677365,g11.hpc.coe,43337,0.5001,0,100.0,2035.0,12288.0,21716388444,22337782715,23416639,24264502,1149053,0,0,0,0,0,0,0,0,0,0,0,0,822,79,3,2,0,0,0,0,0,0,0,0,0
1779258206.177457,g11.hpc.coe,43337,0.5001,0,100.0,2035.0,12288.0,21716389308,22337782794,23416642,24264504,1149053,0,0,0,0,0,0,0,0,0,0,0,0,864,79,3,2,0,0,0,0,0,0,0,0,0
1779258206.6775467,g11.hpc.coe,43337,0.5001,0,100.0,2035.0,12288.0,21724020225,22345427788,23424374,24272253,1149058,0,0,0,0,0,0,0,0,0,0,0,0,7630917,7644994,7732,7749,5,0,0,0,0,0,0,0,0
1779258207.1776373,g11.hpc.coe,43337,0.5001,0,100.0,2035.0,12288.0,21751090530,22372519697,23451535,24299439,1149086,0,0,0,0,0,0,0,0,0,0,0,0,27070305,27091909,27161,27186,28,0,0,0,0,0,0,0,0
1779258207.6777244,g11.hpc.coe,43337,0.5001,0,100.0,2035.0,12288.0,21751091531,22372519776,23451538,24299441,1149086,0,0,0,0,0,0,0,0,0,0,0,0,1001,79,3,2,0,0,0,0,0,0,0,0,0
1779258208.1778169,g11.hpc.coe,43337,0.5001,0,100.0,2035.0,12288.0,21751093198,22372520302,23451556,24299451,1149086,0,0,0,0,0,0,0,0,0,0,0,0,1667,526,18,10,0,0,0,0,0,0,0,0,0
1779258208.677909,g11.hpc.coe,43337,0.5001,0,100.0,2035.0,12288.0,21751094308,22372520381,23451560,24299453,1149086,0,0,0,0,0,0,0,0,0,0,0,0,1110,79,4,2,0,0,0,0,0,0,0,0,0
1779258209.177999,g11.hpc.coe,43337,0.5001,0,100.0,2035.0,12288.0,21751095460,22372520460,23451564,24299455,1149086,0,0,0,0,0,0,0,0,0,0,0,0,1152,79,4,2,0,0,0,0,0,0,0,0,0
1779258209.678114,g11.hpc.coe,43337,0.5001,0,100.0,2035.0,12288.0,21751095587,22372520517,23451566,24299456,1149086,0,0,0,0,0,0,0,0,0,0,0,0,127,57,2,1,0,0,0,0,0,0,0,0,0
1779258210.1782033,g11.hpc.coe,43337,0.5001,0,100.0,2035.0,12288.0,21751095757,22372520574,23451568,24299457,1149086,0,0,0,0,0,0,0,0,0,0,0,0,170,57,2,1,0,0,0,0,0,0,0,0,0
1779258210.6782928,g11.hpc.coe,43337,0.5001,0,100.0,2035.0,12288.0,21758035991,22379475523,23458557,24306458,1153067,0,0,0,0,0,0,0,0,0,0,0,0,6940234,6954949,6989,7001,3981,0,0,0,0,0,0,0,0
1779258211.178382,g11.hpc.coe,43337,0.5001,0,100.0,2035.0,12288.0,21785795563,22407257385,23486464,24334390,1153091,0,0,0,0,0,0,0,0,0,0,0,0,27759572,27781862,27907,27932,24,0,0,0,0,0,0,0,0
1779258211.6784763,g11.hpc.coe,43337,0.5001,0,100.0,2035.0,12288.0,21785795870,22407257442,23486466,24334391,1153091,0,0,0,0,0,0,0,0,0,0,0,0,307,57,2,1,0,0,0,0,0,0,0,0,0
1779258212.178567,g11.hpc.coe,43337,0.5001,0,100.0,2035.0,12288.0,21785796220,22407257499,23486468,24334392,1153091,0,0,0,0,0,0,0,0,0,0,0,0,350,57,2,1,0,0,0,0,0,0,0,0,0
1779258212.678658,g11.hpc.coe,43337,0.5001,0,100.0,2035.0,12288.0,21785796689,22407257611,23486472,24334394,1153091,0,0,0,0,0,0,0,0,0,0,0,0,469,112,4,2,0,0,0,0,0,0,0,0,0
1779258213.1787477,g11.hpc.coe,43337,0.5001,0,100.0,2035.0,12288.0,21785797124,22407257668,23486474,24334395,1153091,0,0,0,0,0,0,0,0,0,0,0,0,435,57,2,1,0,0,0,0,0,0,0,0,0
1779258213.6788354,g11.hpc.coe,43337,0.5001,0,100.0,2035.0,12288.0,21785797602,22407257725,23486476,24334396,1153091,0,0,0,0,0,0,0,0,0,0,0,0,478,57,2,1,0,0,0,0,0,0,0,0,0
1779258214.1789305,g11.hpc.coe,43337,0.5001,0,100.0,2035.0,12288.0,21785798123,22407257782,23486478,24334397,1153091,0,0,0,0,0,0,0,0,0,0,0,0,521,57,2,1,0,0,0,0,0,0,0,0,0
1779258214.6790195,g11.hpc.coe,43337,0.5001,0,100.0,2035.0,12288.0,21786488882,22407955452,23487236,24335162,1153092,0,0,0,0,0,0,0,0,0,0,0,0,690759,697670,758,765,1,0,0,0,0,0,0,0,0
1779258215.1791093,g11.hpc.coe,43337,0.5001,0,100.0,2035.0,12288.0,21820498652,22441994644,23521373,24369333,1153154,0,0,0,0,0,0,0,0,0,0,0,0,34009770,34039192,34137,34171,62,0,0,0,0,0,0,0,0
1779258215.6792006,g11.hpc.coe,43337,0.5001,0,100.0,2035.0,12288.0,21820499331,22441994723,23521376,24369335,1153154,0,0,0,0,0,0,0,0,0,0,0,0,679,79,3,2,0,0,0,0,0,0,0,0,0
1779258216.1792915,g11.hpc.coe,43337,0.5001,0,100.0,2035.0,12288.0,21820500052,22441994802,23521379,24369337,1153154,0,0,0,0,0,0,0,0,0,0,0,0,721,79,3,2,0,0,0,0,0,0,0,0,0
1779258216.6793787,g11.hpc.coe,43337,0.5001,0,100.0,2035.0,12288.0,21820500816,22441994881,23521382,24369339,1153154,0,0,0,0,0,0,0,0,0,0,0,0,764,79,3,2,0,0,0,0,0,0,0,0,0
1779258217.179468,g11.hpc.coe,43337,0.5001,0,100.0,2035.0,12288.0,21820501623,22441994960,23521385,24369341,1153154,0,0,0,0,0,0,0,0,0,0,0,0,807,79,3,2,0,0,0,0,0,0,0,0,0
1779258217.6795547,g11.hpc.coe,43337,0.5001,0,100.0,2035.0,12288.0,21820502549,22441995094,23521390,24369344,1153154,0,0,0,0,0,0,0,0,0,0,0,0,926,134,5,3,0,0,0,0,0,0,0,0,0
1779258218.179643,g11.hpc.coe,43337,0.5001,0,100.0,2035.0,12288.0,21820503441,22441995173,23521393,24369346,1153154,0,0,0,0,0,0,0,0,0,0,0,0,892,79,3,2,0,0,0,0,0,0,0,0,0
1779258218.679732,g11.hpc.coe,43337,0.5001,0,100.0,2035.0,12288.0,21820504527,22442002813,23521404,24369363,1153154,0,0,0,0,0,0,0,0,0,0,0,0,1086,7640,11,17,0,0,0,0,0,0,0,0,0
1779258219.1798236,g11.hpc.coe,43337,0.5001,0,100.0,2035.0,12288.0,21855204675,22476732014,23556289,24404279,1153360,0,0,0,0,0,0,0,0,0,0,0,0,34700148,34729201,34885,34916,206,0,0,0,0,0,0,0,0
1779258219.6799135,g11.hpc.coe,43337,0.5001,0,100.0,2035.0,12288.0,21855205702,22476732093,23556292,24404281,1153360,0,0,0,0,0,0,0,0,0,0,0,0,1027,79,3,2,0,0,0,0,0,0,0,0,0
1779258220.1800005,g11.hpc.coe,43337,0.5001,0,100.0,2035.0,12288.0,21855206794,22476732172,23556296,24404283,1153360,0,0,0,0,0,0,0,0,0,0,0,0,1092,79,4,2,0,0,0,0,0,0,0,0,0
1779258220.6800878,g11.hpc.coe,43337,0.5001,0,100.0,2035.0,12288.0,21855207929,22476732251,23556300,24404285,1153360,0,0,0,0,0,0,0,0,0,0,0,0,1135,79,4,2,0,0,0,0,0,0,0,0,0
1779258221.180176,g11.hpc.coe,43337,0.5001,0,100.0,2035.0,12288.0,21855209107,22476732330,23556304,24404287,1153360,0,0,0,0,0,0,0,0,0,0,0,0,1178,79,4,2,0,0,0,0,0,0,0,0,0
1779258221.680264,g11.hpc.coe,43337,0.5001,0,100.0,2035.0,12288.0,21855209259,22476732387,23556306,24404288,1153360,0,0,0,0,0,0,0,0,0,0,0,0,152,57,2,1,0,0,0,0,0,0,0,0,0
1779258222.1803524,g11.hpc.coe,43337,0.5001,0,100.0,2035.0,12288.0,21855209454,22476732444,23556308,24404289,1153360,0,0,0,0,0,0,0,0,0,0,0,0,195,57,2,1,0,0,0,0,0,0,0,0,0
1779258222.680444,g11.hpc.coe,43337,0.5001,0,100.0,2035.0,12288.0,21855209769,22476732556,23556312,24404291,1153360,0,0,0,0,0,0,0,0,0,0,0,0,315,112,4,2,0,0,0,0,0,0,0,0,0
1779258223.1805325,g11.hpc.coe,43337,0.5001,0,100.0,2035.0,12288.0,21889910186,22511470054,23591215,24439242,1153453,0,0,0,0,0,0,0,0,0,0,0,0,34700417,34737498,34903,34951,93,0,0,0,0,0,0,0,0
1779258223.6806211,g11.hpc.coe,43337,0.5001,0,100.0,2035.0,12288.0,21889910536,22511470111,23591218,24439243,1153453,0,0,0,0,0,0,0,0,0,0,0,0,350,57,3,1,0,0,0,0,0,0,0,0,0
1779258224.1807103,g11.hpc.coe,43337,0.5001,0,100.0,2035.0,12288.0,21889910907,22511470168,23591220,24439244,1153453,0,0,0,0,0,0,0,0,0,0,0,0,371,57,2,1,0,0,0,0,0,0,0,0,0
1779258224.6807988,g11.hpc.coe,43337,0.5001,0,100.0,2035.0,12288.0,21889911321,22511470225,23591222,24439245,1153453,0,0,0,0,0,0,0,0,0,0,0,0,414,57,2,1,0,0,0,0,0,0,0,0,0
1779258225.1808865,g11.hpc.coe,43337,0.5001,0,100.0,2035.0,12288.0,21889911777,22511470282,23591224,24439246,1153453,0,0,0,0,0,0,0,0,0,0,0,0,456,57,2,1,0,0,0,0,0,0,0,0,0
1779258225.6809742,g11.hpc.coe,43337,0.5001,0,100.0,2035.0,12288.0,21889912276,22511470339,23591226,24439247,1153453,0,0,0,0,0,0,0,0,0,0,0,0,499,57,2,1,0,0,0,0,0,0,0,0,0
1779258226.1810622,g11.hpc.coe,43337,0.5001,0,100.0,2035.0,12288.0,21889912818,22511470396,23591228,24439248,1153453,0,0,0,0,0,0,0,0,0,0,0,0,542,57,2,1,0,0,0,0,0,0,0,0,0
1779258226.6811502,g11.hpc.coe,43337,0.5001,0,100.0,2035.0,12288.0,21889913425,22511470475,23591231,24439250,1153453,0,0,0,0,0,0,0,0,0,0,0,0,607,79,3,2,0,0,0,0,0,0,0,0,0
1779258227.1812406,g11.hpc.coe,43337,0.5001,0,100.0,2035.0,12288.0,21918363725,22539957455,23619904,24467953,1153481,0,0,0,0,0,0,0,0,0,0,0,0,28450300,28486980,28673,28703,28,0,0,0,0,0,0,0,0
1779258227.6813304,g11.hpc.coe,43337,0.5001,0,100.0,2035.0,12288.0,21924614196,22546207329,23626133,24474178,1153770,0,0,0,0,0,0,0,0,0,0,0,0,6250471,6249874,6229,6225,289,0,0,0,0,0,0,0,0
1779258228.181422,g11.hpc.coe,43337,0.5001,0,100.0,2035.0,12288.0,21924614940,22546207408,23626136,24474180,1153770,0,0,0,0,0,0,0,0,0,0,0,0,744,79,3,2,0,0,0,0,0,0,0,0,0
1779258228.6815114,g11.hpc.coe,43337,0.5001,0,100.0,2035.0,12288.0,21924615727,22546207487,23626139,24474182,1153770,0,0,0,0,0,0,0,0,0,0,0,0,787,79,3,2,0,0,0,0,0,0,0,0,0
1779258229.1816003,g11.hpc.coe,43337,0.5001,0,100.0,2035.0,12288.0,21924616556,22546207566,23626142,24474184,1153770,0,0,0,0,0,0,0,0,0,0,0,0,829,79,3,2,0,0,0,0,0,0,0,0,0
1779258229.6816893,g11.hpc.coe,43337,0.5001,0,100.0,2035.0,12288.0,21924617428,22546207645,23626145,24474186,1153770,0,0,0,0,0,0,0,0,0,0,0,0,872,79,3,2,0,0,0,0,0,0,0,0,0
1779258230.1817799,g11.hpc.coe,43337,0.5001,0,100.0,2035.0,12288.0,21924618343,22546207724,23626148,24474188,1153770,0,0,0,0,0,0,0,0,0,0,0,0,915,79,3,2,0,0,0,0,0,0,0,0,0
1779258230.6818707,g11.hpc.coe,43337,0.5001,0,100.0,2035.0,12288.0,21924619301,22546207803,23626151,24474190,1153770,0,0,0,0,0,0,0,0,0,0,0,0,958,79,3,2,0,0,0,0,0,0,0,0,0
1779258231.1819592,g11.hpc.coe,43337,0.5001,0,100.0,2035.0,12288.0,21952379908,22574004823,23654074,24502155,1153800,0,0,0,0,0,0,0,0,0,0,0,0,27760607,27797020,27923,27965,30,0,0,0,0,0,0,0,0
1779258231.6820486,g11.hpc.coe,43337,0.5001,0,100.0,2035.0,12288.0,21959320655,22580944672,23661045,24509127,1153804,0,0,0,0,0,0,0,0,0,0,0,0,6940747,6939849,6971,6972,4,0,0,0,0,0,0,0,0
1779258232.1821358,g11.hpc.coe,43337,0.5001,0,100.0,2035.0,12288.0,21959321772,22580944751,23661049,24509129,1153804,0,0,0,0,0,0,0,0,0,0,0,0,1117,79,4,2,0,0,0,0,0,0,0,0,0
1779258232.6822255,g11.hpc.coe,43337,0.5001,0,100.0,2035.0,12288.0,21959322932,22580944830,23661053,24509131,1153804,0,0,0,0,0,0,0,0,0,0,0,0,1160,79,4,2,0,0,0,0,0,0,0,0,0
1779258233.1823165,g11.hpc.coe,43337,0.5001,0,100.0,2035.0,12288.0,21959323122,22580944942,23661056,24509133,1153804,0,0,0,0,0,0,0,0,0,0,0,0,190,112,3,2,0,0,0,0,0,0,0,0,0
1779258233.6824095,g11.hpc.coe,43337,0.5001,0,100.0,2035.0,12288.0,21959323300,22580944999,23661058,24509134,1153804,0,0,0,0,0,0,0,0,0,0,0,0,178,57,2,1,0,0,0,0,0,0,0,0,0
1779258234.1824975,g11.hpc.coe,43337,0.5001,0,100.0,2035.0,12288.0,21959323520,22580945056,23661060,24509135,1153804,0,0,0,0,0,0,0,0,0,0,0,0,220,57,2,1,0,0,0,0,0,0,0,0,0
1779258234.6825876,g11.hpc.coe,43337,0.5001,0,100.0,2035.0,12288.0,21959323783,22580945113,23661062,24509136,1153804,0,0,0,0,0,0,0,0,0,0,0,0,263,57,2,1,0,0,0,0,0,0,0,0,0
1779258235.1826813,g11.hpc.coe,43337,0.5001,0,100.0,2035.0,12288.0,21980833862,22602484789,23682754,24530860,1153820,0,0,0,0,0,0,0,0,0,0,0,0,21510079,21539676,21692,21724,16,0,0,0,0,0,0,0,0
1779258235.6827705,g11.hpc.coe,43337,0.5001,0,100.0,2035.0,12288.0,21994023784,22615681924,23695959,24544069,1154532,0,0,0,0,0,0,0,0,0,0,0,0,13189922,13197135,13205,13209,712,0,0,0,0,0,0,0,0
1779258236.1828642,g11.hpc.coe,43337,0.5001,0,100.0,2035.0,12288.0,21994024186,22615681981,23695961,24544070,1154532,0,0,0,0,0,0,0,0,0,0,0,0,402,57,2,1,0,0,0,0,0,0,0,0,0
1779258236.6829545,g11.hpc.coe,43337,0.5001,0,100.0,2035.0,12288.0,21994024630,22615682038,23695963,24544071,1154532,0,0,0,0,0,0,0,0,0,0,0,0,444,57,2,1,0,0,0,0,0,0,0,0,0
1779258237.1830447,g11.hpc.coe,43337,0.5001,0,100.0,2035.0,12288.0,21994025117,22615682095,23695965,24544072,1154532,0,0,0,0,0,0,0,0,0,0,0,0,487,57,2,1,0,0,0,0,0,0,0,0,0
1779258237.683135,g11.hpc.coe,43337,0.5001,0,100.0,2035.0,12288.0,21994025647,22615682152,23695967,24544073,1154532,0,0,0,0,0,0,0,0,0,0,0,0,530,57,2,1,0,0,0,0,0,0,0,0,0
1779258238.1832273,g11.hpc.coe,43337,0.5001,0,100.0,2035.0,12288.0,21994026941,22615682733,23695987,24544084,1154532,0,0,0,0,0,0,0,0,0,0,0,0,1294,581,20,11,0,0,0,0,0,0,0,0,0
1779258238.6833274,g11.hpc.coe,43337,0.5001,0,100.0,2035.0,12288.0,21994027579,22615682812,23695990,24544086,1154532,0,0,0,0,0,0,0,0,0,0,0,0,638,79,3,2,0,0,0,0,0,0,0,0,0
1779258239.1834195,g11.hpc.coe,43337,0.5001,0,100.0,2035.0,12288.0,22015400650,22637222482,23717677,24565815,1154544,0,0,0,0,0,0,0,0,0,0,0,0,21373071,21539670,21687,21729,12,0,0,0,0,0,0,0,0
1779258239.6835158,g11.hpc.coe,43337,0.5001,0,100.0,2035.0,12288.0,22028728288,22650419758,23730883,24579034,1154557,0,0,0,0,0,0,0,0,0,0,0,0,13327638,13197276,13206,13219,13,0,0,0,0,0,0,0,0
1779258240.1836045,g11.hpc.coe,43337,0.5001,0,100.0,2035.0,12288.0,22028729064,22650419837,23730886,24579036,1154557,0,0,0,0,0,0,0,0,0,0,0,0,776,79,3,2,0,0,0,0,0,0,0,0,0
1779258240.6836922,g11.hpc.coe,43337,0.5001,0,100.0,2035.0,12288.0,22028729883,22650419916,23730889,24579038,1154557,0,0,0,0,0,0,0,0,0,0,0,0,819,79,3,2,0,0,0,0,0,0,0,0,0
1779258241.1837828,g11.hpc.coe,43337,0.5001,0,100.0,2035.0,12288.0,22028730745,22650419995,23730892,24579040,1154557,0,0,0,0,0,0,0,0,0,0,0,0,862,79,3,2,0,0,0,0,0,0,0,0,0
1779258241.6838696,g11.hpc.coe,43337,0.5001,0,100.0,2035.0,12288.0,22028731650,22650420074,23730895,24579042,1154557,0,0,0,0,0,0,0,0,0,0,0,0,905,79,3,2,0,0,0,0,0,0,0,0,0
1779258242.183957,g11.hpc.coe,43337,0.5001,0,100.0,2035.0,12288.0,22028732597,22650420153,23730898,24579044,1154557,0,0,0,0,0,0,0,0,0,0,0,0,947,79,3,2,0,0,0,0,0,0,0,0,0
1779258242.6840453,g11.hpc.coe,43337,0.5001,0,100.0,2035.0,12288.0,22028733587,22650420232,23730901,24579046,1154557,0,0,0,0,0,0,0,0,0,0,0,0,990,79,3,2,0,0,0,0,0,0,0,0,0
1779258243.1841347,g11.hpc.coe,43337,0.5001,0,100.0,2035.0,12288.0,22043304592,22665012619,23745616,24593782,1154575,0,0,0,0,0,0,0,0,0,0,0,0,14571005,14592387,14715,14736,18,0,0,0,0,0,0,0,0
1779258243.6842244,g11.hpc.coe,43337,0.5001,0,100.0,2035.0,12288.0,22063435084,22685157135,23765795,24613981,1157541,0,0,0,0,0,0,0,0,0,0,0,0,20130492,20144516,20179,20199,2966,0,0,0,0,0,0,0,0
1779258244.1843138,g11.hpc.coe,43337,0.5001,0,100.0,2035.0,12288.0,22063436235,22685157214,23765799,24613983,1157541,0,0,0,0,0,0,0,0,0,0,0,0,1151,79,4,2,0,0,0,0,0,0,0,0,0
1779258244.6844037,g11.hpc.coe,43337,0.5001,0,100.0,2035.0,12288.0,22063436361,22685157271,23765801,24613984,1157541,0,0,0,0,0,0,0,0,0,0,0,0,126,57,2,1,0,0,0,0,0,0,0,0,0
1779258245.1844964,g11.hpc.coe,43337,0.5001,0,100.0,2035.0,12288.0,22063436529,22685157328,23765803,24613985,1157541,0,0,0,0,0,0,0,0,0,0,0,0,168,57,2,1,0,0,0,0,0,0,0,0,0
1779258245.6845875,g11.hpc.coe,43337,0.5001,0,100.0,2035.0,12288.0,22063436740,22685157385,23765805,24613986,1157541,0,0,0,0,0,0,0,0,0,0,0,0,211,57,2,1,0,0,0,0,0,0,0,0,0
1779258246.184675,g11.hpc.coe,43337,0.5001,0,100.0,2035.0,12288.0,22063436994,22685157442,23765807,24613987,1157541,0,0,0,0,0,0,0,0,0,0,0,0,254,57,2,1,0,0,0,0,0,0,0,0,0
1779258246.6847646,g11.hpc.coe,43337,0.5001,0,100.0,2035.0,12288.0,22063437290,22685157499,23765809,24613988,1157541,0,0,0,0,0,0,0,0,0,0,0,0,296,57,2,1,0,0,0,0,0,0,0,0,0
1779258247.184854,g11.hpc.coe,43337,0.5001,0,100.0,2035.0,12288.0,22078007517,22699749788,23780520,24628719,1158524,0,0,0,0,0,0,0,0,0,0,0,0,14570227,14592289,14711,14731,983,0,0,0,0,0,0,0,0
1779258247.6849437,g11.hpc.coe,43337,0.5001,0,100.0,2035.0,12288.0,22098137287,22719894212,23800696,24648907,1158546,0,0,0,0,0,0,0,0,0,0,0,0,20129770,20144424,20176,20188,22,0,0,0,0,0,0,0,0
1779258248.1850336,g11.hpc.coe,43337,0.5001,0,100.0,2035.0,12288.0,22098137799,22719894324,23800700,24648909,1158546,0,0,0,0,0,0,0,0,0,0,0,0,512,112,4,2,0,0,0,0,0,0,0,0,0
1779258248.685124,g11.hpc.coe,43337,0.5001,0,100.0,2035.0,12288.0,22098138277,22719894381,23800702,24648910,1158546,0,0,0,0,0,0,0,0,0,0,0,0,478,57,2,1,0,0,0,0,0,0,0,0,0
1779258249.1852148,g11.hpc.coe,43337,0.5001,0,100.0,2035.0,12288.0,22098138797,22719894438,23800704,24648911,1158546,0,0,0,0,0,0,0,0,0,0,0,0,520,57,2,1,0,0,0,0,0,0,0,0,0
1779258249.6853058,g11.hpc.coe,43337,0.5001,0,100.0,2035.0,12288.0,22098139382,22719894517,23800707,24648913,1158546,0,0,0,0,0,0,0,0,0,0,0,0,585,79,3,2,0,0,0,0,0,0,0,0,0
1779258250.1853952,g11.hpc.coe,43337,0.5001,0,100.0,2035.0,12288.0,22098140010,22719894596,23800710,24648915,1158546,0,0,0,0,0,0,0,0,0,0,0,0,628,79,3,2,0,0,0,0,0,0,0,0,0
1779258250.685483,g11.hpc.coe,43337,0.5001,0,100.0,2035.0,12288.0,22098140680,22719894675,23800713,24648917,1158546,0,0,0,0,0,0,0,0,0,0,0,0,670,79,3,2,0,0,0,0,0,0,0,0,0
1779258251.1855779,g11.hpc.coe,43337,0.5001,0,100.0,2035.0,12288.0,22112021272,22733797019,23814680,24662910,1160772,0,0,0,0,0,0,0,0,0,0,0,0,13880592,13902344,13967,13993,2226,0,0,0,0,0,0,0,0
1779258251.6856692,g11.hpc.coe,43337,0.5001,0,100.0,2035.0,12288.0,22132841488,22754631530,23835611,24683852,1160800,0,0,0,0,0,0,0,0,0,0,0,0,20820216,20834511,20931,20942,28,0,0,0,0,0,0,0,0
1779258252.18576,g11.hpc.coe,43337,0.5001,0,100.0,2035.0,12288.0,22132842297,22754631609,23835614,24683854,1160800,0,0,0,0,0,0,0,0,0,0,0,0,809,79,3,2,0,0,0,0,0,0,0,0,0
1779258252.6858487,g11.hpc.coe,43337,0.5001,0,100.0,2035.0,12288.0,22132843148,22754631688,23835617,24683856,1160800,0,0,0,0,0,0,0,0,0,0,0,0,851,79,3,2,0,0,0,0,0,0,0,0,0
1779258253.1859381,g11.hpc.coe,43337,0.5001,0,100.0,2035.0,12288.0,22132844665,22754632214,23835635,24683866,1160800,0,0,0,0,0,0,0,0,0,0,0,0,1517,526,18,10,0,0,0,0,0,0,0,0,0
1779258253.6860266,g11.hpc.coe,43337,0.5001,0,100.0,2035.0,12288.0,22132845603,22754632293,23835638,24683868,1160800,0,0,0,0,0,0,0,0,0,0,0,0,938,79,3,2,0,0,0,0,0,0,0,0,0
1779258254.1861155,g11.hpc.coe,43337,0.5001,0,100.0,2035.0,12288.0,22132846583,22754632372,23835641,24683870,1160800,0,0,0,0,0,0,0,0,0,0,0,0,980,79,3,2,0,0,0,0,0,0,0,0,0
1779258254.686206,g11.hpc.coe,43337,0.5001,0,100.0,2035.0,12288.0,22132847606,22754632451,23835644,24683872,1160800,0,0,0,0,0,0,0,0,0,0,0,0,1023,79,3,2,0,0,0,0,0,0,0,0,0
1779258255.1862955,g11.hpc.coe,43337,0.5001,0,100.0,2035.0,12288.0,22140478746,22762277494,23843383,24691628,1160809,0,0,0,0,0,0,0,0,0,0,0,0,7631140,7645043,7739,7756,9,0,0,0,0,0,0,0,0
1779258255.686387,g11.hpc.coe,43337,0.5001,0,100.0,2035.0,12288.0,22167549141,22789369313,23870541,24718808,1160829,0,0,0,0,0,0,0,0,0,0,0,0,27070395,27091819,27158,27180,20,0,0,0,0,0,0,0,0
1779258256.186476,g11.hpc.coe,43337,0.5001,0,100.0,2035.0,12288.0,22167550323,22789369392,23870545,24718810,1160829,0,0,0,0,0,0,0,0,0,0,0,0,1182,79,4,2,0,0,0,0,0,0,0,0,0
1779258256.6865633,g11.hpc.coe,43337,0.5001,0,100.0,2035.0,12288.0,22167550480,22789369449,23870547,24718811,1160829,0,0,0,0,0,0,0,0,0,0,0,0,157,57,2,1,0,0,0,0,0,0,0,0,0
1779258257.1866548,g11.hpc.coe,43337,0.5001,0,100.0,2035.0,12288.0,22167550679,22789369506,23870549,24718812,1160829,0,0,0,0,0,0,0,0,0,0,0,0,199,57,2,1,0,0,0,0,0,0,0,0,0
1779258257.686745,g11.hpc.coe,43337,0.5001,0,100.0,2035.0,12288.0,22167550921,22789369563,23870551,24718813,1160829,0,0,0,0,0,0,0,0,0,0,0,0,242,57,2,1,0,0,0,0,0,0,0,0,0
1779258258.186836,g11.hpc.coe,43337,0.5001,0,100.0,2035.0,12288.0,22167551206,22789369620,23870553,24718814,1160829,0,0,0,0,0,0,0,0,0,0,0,0,285,57,2,1,0,0,0,0,0,0,0,0,0
1779258258.6869261,g11.hpc.coe,43337,0.5001,0,100.0,2035.0,12288.0,22167551610,22789369732,23870557,24718816,1160829,0,0,0,0,0,0,0,0,0,0,0,0,404,112,4,2,0,0,0,0,0,0,0,0,0
1779258259.1870155,g11.hpc.coe,43337,0.5001,0,100.0,2035.0,12288.0,22174491995,22796324681,23877545,24725817,1162213,0,0,0,0,0,0,0,0,0,0,0,0,6940385,6954949,6988,7001,1384,0,0,0,0,0,0,0,0
1779258259.6871047,g11.hpc.coe,43337,0.5001,0,100.0,2035.0,12288.0,22202251668,22824106508,23905444,24753744,1162239,0,0,0,0,0,0,0,0,0,0,0,0,27759673,27781827,27899,27927,26,0,0,0,0,0,0,0,0
1779258260.1871934,g11.hpc.coe,43337,0.5001,0,100.0,2035.0,12288.0,22202252133,22824106565,23905446,24753745,1162239,0,0,0,0,0,0,0,0,0,0,0,0,465,57,2,1,0,0,0,0,0,0,0,0,0
1779258260.6872814,g11.hpc.coe,43337,0.5001,0,100.0,2035.0,12288.0,22202252641,22824106622,23905448,24753746,1162239,0,0,0,0,0,0,0,0,0,0,0,0,508,57,2,1,0,0,0,0,0,0,0,0,0
1779258261.1873703,g11.hpc.coe,43337,0.5001,0,100.0,2035.0,12288.0,22202253214,22824106701,23905451,24753748,1162239,0,0,0,0,0,0,0,0,0,0,0,0,573,79,3,2,0,0,0,0,0,0,0,0,0
1779258261.6874573,g11.hpc.coe,43337,0.5001,0,100.0,2035.0,12288.0,22202253829,22824106780,23905454,24753750,1162239,0,0,0,0,0,0,0,0,0,0,0,0,615,79,3,2,0,0,0,0,0,0,0,0,0
1779258262.1875463,g11.hpc.coe,43337,0.5001,0,100.0,2035.0,12288.0,22202254487,22824106859,23905457,24753752,1162239,0,0,0,0,0,0,0,0,0,0,0,0,658,79,3,2,0,0,0,0,0,0,0,0,0
1779258262.6876352,g11.hpc.coe,43337,0.5001,0,100.0,2035.0,12288.0,22202255188,22824106938,23905460,24753754,1162239,0,0,0,0,0,0,0,0,0,0,0,0,701,79,3,2,0,0,0,0,0,0,0,0,0
1779258263.1877255,g11.hpc.coe,43337,0.5001,0,100.0,2035.0,12288.0,22202946113,22824804608,23906219,24754519,1162239,0,0,0,0,0,0,0,0,0,0,0,0,690925,697670,759,765,0,0,0,0,0,0,0,0,0
1779258263.6878295,g11.hpc.coe,43337,0.5001,0,100.0,2035.0,12288.0,22236956132,22858843834,23940360,24788688,1162271,0,0,0,0,0,0,0,0,0,0,0,0,34010019,34039226,34141,34169,32,0,0,0,0,0,0,0,0
1779258264.1879268,g11.hpc.coe,43337,0.5001,0,100.0,2035.0,12288.0,22236956969,22858843913,23940363,24788690,1162271,0,0,0,0,0,0,0,0,0,0,0,0,837,79,3,2,0,0,0,0,0,0,0,0,0
1779258264.6880243,g11.hpc.coe,43337,0.5001,0,100.0,2035.0,12288.0,22236957849,22858843992,23940366,24788692,1162271,0,0,0,0,0,0,0,0,0,0,0,0,880,79,3,2,0,0,0,0,0,0,0,0,0
1779258265.1881137,g11.hpc.coe,43337,0.5001,0,100.0,2035.0,12288.0,22236958771,22858844071,23940369,24788694,1162271,0,0,0,0,0,0,0,0,0,0,0,0,922,79,3,2,0,0,0,0,0,0,0,0,0
1779258265.688202,g11.hpc.coe,43337,0.5001,0,100.0,2035.0,12288.0,22236959736,22858844150,23940372,24788696,1162271,0,0,0,0,0,0,0,0,0,0,0,0,965,79,3,2,0,0,0,0,0,0,0,0,0
1779258266.188293,g11.hpc.coe,43337,0.5001,0,100.0,2035.0,12288.0,22236960744,22858844229,23940375,24788698,1162271,0,0,0,0,0,0,0,0,0,0,0,0,1008,79,3,2,0,0,0,0,0,0,0,0,0
1779258266.6883814,g11.hpc.coe,43337,0.5001,0,100.0,2035.0,12288.0,22236961794,22858844308,23940378,24788700,1162271,0,0,0,0,0,0,0,0,0,0,0,0,1050,79,3,2,0,0,0,0,0,0,0,0,0
1779258267.1884735,g11.hpc.coe,43337,0.5001,0,100.0,2035.0,12288.0,22236963060,22858851948,23940390,24788717,1162271,0,0,0,0,0,0,0,0,0,0,0,0,1266,7640,12,17,0,0,0,0,0,0,0,0,0
1779258267.6885679,g11.hpc.coe,43337,0.5001,0,100.0,2035.0,12288.0,22271663374,22893581184,23975274,24823638,1162312,0,0,0,0,0,0,0,0,0,0,0,0,34700314,34729236,34884,34921,41,0,0,0,0,0,0,0,0
1779258268.1886594,g11.hpc.coe,43337,0.5001,0,100.0,2035.0,12288.0,22271664136,22893581688,23975291,24823647,1162312,0,0,0,0,0,0,0,0,0,0,0,0,762,504,17,9,0,0,0,0,0,0,0,0,0
1779258268.6887481,g11.hpc.coe,43337,0.5001,0,100.0,2035.0,12288.0,22271664395,22893581800,23975295,24823649,1162312,0,0,0,0,0,0,0,0,0,0,0,0,259,112,4,2,0,0,0,0,0,0,0,0,0
1779258269.1888359,g11.hpc.coe,43337,0.5001,0,100.0,2035.0,12288.0,22271664620,22893581857,23975297,24823650,1162312,0,0,0,0,0,0,0,0,0,0,0,0,225,57,2,1,0,0,0,0,0,0,0,0,0
1779258269.6889231,g11.hpc.coe,43337,0.5001,0,100.0,2035.0,12288.0,22271664888,22893581914,23975299,24823651,1162312,0,0,0,0,0,0,0,0,0,0,0,0,268,57,2,1,0,0,0,0,0,0,0,0,0
1779258270.1890166,g11.hpc.coe,43337,0.5001,0,100.0,2035.0,12288.0,22271665199,22893581971,23975301,24823652,1162312,0,0,0,0,0,0,0,0,0,0,0,0,311,57,2,1,0,0,0,0,0,0,0,0,0
1779258270.6891074,g11.hpc.coe,43337,0.5001,0,100.0,2035.0,12288.0,22271665553,22893582028,23975303,24823653,1162312,0,0,0,0,0,0,0,0,0,0,0,0,354,57,2,1,0,0,0,0,0,0,0,0,0
1779258271.189197,g11.hpc.coe,43337,0.5001,0,100.0,2035.0,12288.0,22271665949,22893582085,23975305,24823654,1162312,0,0,0,0,0,0,0,0,0,0,0,0,396,57,2,1,0,0,0,0,0,0,0,0,0
1779258271.6892867,g11.hpc.coe,43337,0.5001,0,100.0,2035.0,12288.0,22306365638,22928318797,24010187,24858580,1162337,0,0,0,0,0,0,0,0,0,0,0,0,34699689,34736712,34882,34926,25,0,0,0,0,0,0,0,0
1779258272.1893756,g11.hpc.coe,43337,0.5001,0,100.0,2035.0,12288.0,22306366125,22928318854,24010189,24858581,1162337,0,0,0,0,0,0,0,0,0,0,0,0,487,57,2,1,0,0,0,0,0,0,0,0,0
1779258272.689464,g11.hpc.coe,43337,0.5001,0,100.0,2035.0,12288.0,22306366654,22928318911,24010191,24858582,1162337,0,0,0,0,0,0,0,0,0,0,0,0,529,57,2,1,0,0,0,0,0,0,0,0,0
1779258273.1895528,g11.hpc.coe,43337,0.5001,0,100.0,2035.0,12288.0,22306367248,22928318990,24010194,24858584,1162337,0,0,0,0,0,0,0,0,0,0,0,0,594,79,3,2,0,0,0,0,0,0,0,0,0
1779258273.6896403,g11.hpc.coe,43337,0.5001,0,100.0,2035.0,12288.0,22306367940,22928319124,24010198,24858587,1162337,0,0,0,0,0,0,0,0,0,0,0,0,692,134,4,3,0,0,0,0,0,0,0,0,0
1779258274.1897297,g11.hpc.coe,43337,0.5001,0,100.0,2035.0,12288.0,22306368642,22928319203,24010202,24858589,1162337,0,0,0,0,0,0,0,0,0,0,0,0,702,79,4,2,0,0,0,0,0,0,0,0,0
1779258274.6898167,g11.hpc.coe,43337,0.5001,0,100.0,2035.0,12288.0,22306369364,22928319282,24010205,24858591,1162337,0,0,0,0,0,0,0,0,0,0,0,0,722,79,3,2,0,0,0,0,0,0,0,0,0
1779258275.1899045,g11.hpc.coe,43337,0.5001,0,100.0,2035.0,12288.0,22306370129,22928319361,24010208,24858593,1162337,0,0,0,0,0,0,0,0,0,0,0,0,765,79,3,2,0,0,0,0,0,0,0,0,0
1779258275.689992,g11.hpc.coe,43337,0.5001,0,100.0,2035.0,12288.0,22313310980,22935274332,24017201,24865595,1163901,0,0,0,0,0,0,0,0,0,0,0,0,6940851,6954971,6993,7002,1564,0,0,0,0,0,0,0,0
1779258276.190081,g11.hpc.coe,43337,0.5001,0,100.0,2035.0,12288.0,22341071154,22963056202,24045110,24893526,1163934,0,0,0,0,0,0,0,0,0,0,0,0,27760174,27781870,27909,27931,33,0,0,0,0,0,0,0,0
1779258276.6901681,g11.hpc.coe,43337,0.5001,0,100.0,2035.0,12288.0,22341072056,22963056281,24045113,24893528,1163934,0,0,0,0,0,0,0,0,0,0,0,0,902,79,3,2,0,0,0,0,0,0,0,0,0
1779258277.1902592,g11.hpc.coe,43337,0.5001,0,100.0,2035.0,12288.0,22341073001,22963056360,24045116,24893530,1163934,0,0,0,0,0,0,0,0,0,0,0,0,945,79,3,2,0,0,0,0,0,0,0,0,0
1779258277.6903477,g11.hpc.coe,43337,0.5001,0,100.0,2035.0,12288.0,22341073989,22963056439,24045119,24893532,1163934,0,0,0,0,0,0,0,0,0,0,0,0,988,79,3,2,0,0,0,0,0,0,0,0,0
1779258278.1904418,g11.hpc.coe,43337,0.5001,0,100.0,2035.0,12288.0,22341075020,22963056518,24045122,24893534,1163934,0,0,0,0,0,0,0,0,0,0,0,0,1031,79,3,2,0,0,0,0,0,0,0,0,0
1779258278.6905334,g11.hpc.coe,43337,0.5001,0,100.0,2035.0,12288.0,22341076116,22963056597,24045126,24893536,1163934,0,0,0,0,0,0,0,0,0,0,0,0,1096,79,4,2,0,0,0,0,0,0,0,0,0
1779258279.1906228,g11.hpc.coe,43337,0.5001,0,100.0,2035.0,12288.0,22341077332,22963056731,24045132,24893539,1163934,0,0,0,0,0,0,0,0,0,0,0,0,1216,134,6,3,0,0,0,0,0,0,0,0,0
1779258279.690713,g11.hpc.coe,43337,0.5001,0,100.0,2035.0,12288.0,22341768695,22963754401,24045892,24894304,1163935,0,0,0,0,0,0,0,0,0,0,0,0,691363,697670,760,765,1,0,0,0,0,0,0,0,0
1779258280.1908274,g11.hpc.coe,43337,0.5001,0,100.0,2035.0,12288.0,22375777986,22997793613,24080027,24928480,1164630,0,0,0,0,0,0,0,0,0,0,0,0,34009291,34039212,34135,34176,695,0,0,0,0,0,0,0,0
1779258280.6909165,g11.hpc.coe,43337,0.5001,0,100.0,2035.0,12288.0,22375778193,22997793670,24080029,24928481,1164630,0,0,0,0,0,0,0,0,0,0,0,0,207,57,2,1,0,0,0,0,0,0,0,0,0
1779258281.1910162,g11.hpc.coe,43337,0.5001,0,100.0,2035.0,12288.0,22375778443,22997793749,24080031,24928483,1164630,0,0,0,0,0,0,0,0,0,0,0,0,250,79,2,2,0,0,0,0,0,0,0,0,0
1779258281.6911047,g11.hpc.coe,43337,0.5001,0,100.0,2035.0,12288.0,22375778736,22997793828,24080033,24928485,1164630,0,0,0,0,0,0,0,0,0,0,0,0,293,79,2,2,0,0,0,0,0,0,0,0,0
1779258282.1912158,g11.hpc.coe,43337,0.5001,0,100.0,2035.0,12288.0,22375779071,22997793885,24080035,24928486,1164630,0,0,0,0,0,0,0,0,0,0,0,0,335,57,2,1,0,0,0,0,0,0,0,0,0
1779258282.6913033,g11.hpc.coe,43337,0.5001,0,100.0,2035.0,12288.0,22375779449,22997793942,24080037,24928487,1164630,0,0,0,0,0,0,0,0,0,0,0,0,378,57,2,1,0,0,0,0,0,0,0,0,0
1779258283.191392,g11.hpc.coe,43337,0.5001,0,100.0,2035.0,12288.0,22375780750,22997794701,24080059,24928501,1164630,0,0,0,0,0,0,0,0,0,0,0,0,1301,759,22,14,0,0,0,0,0,0,0,0,0
1779258283.6914825,g11.hpc.coe,43337,0.5001,0,100.0,2035.0,12288.0,22375781387,22997802319,24080070,24928517,1164630,0,0,0,0,0,0,0,0,0,0,0,0,637,7618,11,16,0,0,0,0,0,0,0,0,0
1779258284.191575,g11.hpc.coe,43337,0.5001,0,100.0,2035.0,12288.0,22410481106,23032531581,24114951,24963437,1164771,0,0,0,0,0,0,0,0,0,0,0,0,34699719,34729262,34881,34920,141,0,0,0,0,0,0,0,0
1779258284.6916656,g11.hpc.coe,43337,0.5001,0,100.0,2035.0,12288.0,22410481684,23032531660,24114954,24963439,1164771,0,0,0,0,0,0,0,0,0,0,0,0,578,79,3,2,0,0,0,0,0,0,0,0,0
1779258285.1917598,g11.hpc.coe,43337,0.5001,0,100.0,2035.0,12288.0,22410482305,23032531739,24114957,24963441,1164771,0,0,0,0,0,0,0,0,0,0,0,0,621,79,3,2,0,0,0,0,0,0,0,0,0
1779258285.6918488,g11.hpc.coe,43337,0.5001,0,100.0,2035.0,12288.0,22410482968,23032531818,24114960,24963443,1164771,0,0,0,0,0,0,0,0,0,0,0,0,663,79,3,2,0,0,0,0,0,0,0,0,0
1779258286.1919374,g11.hpc.coe,43337,0.5001,0,100.0,2035.0,12288.0,22410483674,23032531897,24114963,24963445,1164771,0,0,0,0,0,0,0,0,0,0,0,0,706,79,3,2,0,0,0,0,0,0,0,0,0
1779258286.6920264,g11.hpc.coe,43337,0.5001,0,100.0,2035.0,12288.0,22410484423,23032531976,24114966,24963447,1164771,0,0,0,0,0,0,0,0,0,0,0,0,749,79,3,2,0,0,0,0,0,0,0,0,0
1779258287.1921175,g11.hpc.coe,43337,0.5001,0,100.0,2035.0,12288.0,22410485215,23032532055,24114969,24963449,1164771,0,0,0,0,0,0,0,0,0,0,0,0,792,79,3,2,0,0,0,0,0,0,0,0,0
1779258287.6922061,g11.hpc.coe,43337,0.5001,0,100.0,2035.0,12288.0,22410486049,23032532134,24114972,24963451,1164771,0,0,0,0,0,0,0,0,0,0,0,0,834,79,3,2,0,0,0,0,0,0,0,0,0
1779258288.192295,g11.hpc.coe,43337,0.5001,0,100.0,2035.0,12288.0,22445186267,23067268910,24149868,24998384,1165874,0,0,0,0,0,0,0,0,0,0,0,0,34700218,34736776,34896,34933,1103,0,0,0,0,0,0,0,0
1779258288.6923864,g11.hpc.coe,43337,0.5001,0,100.0,2035.0,12288.0,22445187192,23067268989,24149871,24998386,1165874,0,0,0,0,0,0,0,0,0,0,0,0,925,79,3,2,0,0,0,0,0,0,0,0,0
1779258289.1924763,g11.hpc.coe,43337,0.5001,0,100.0,2035.0,12288.0,22445188237,23067269123,24149876,24998389,1165874,0,0,0,0,0,0,0,0,0,0,0,0,1045,134,5,3,0,0,0,0,0,0,0,0,0
1779258289.692564,g11.hpc.coe,43337,0.5001,0,100.0,2035.0,12288.0,22445189248,23067269202,24149879,24998391,1165874,0,0,0,0,0,0,0,0,0,0,0,0,1011,79,3,2,0,0,0,0,0,0,0,0,0
1779258290.1926541,g11.hpc.coe,43337,0.5001,0,100.0,2035.0,12288.0,22445190302,23067269281,24149882,24998393,1165874,0,0,0,0,0,0,0,0,0,0,0,0,1054,79,3,2,0,0,0,0,0,0,0,0,0
1779258290.6927452,g11.hpc.coe,43337,0.5001,0,100.0,2035.0,12288.0,22445191421,23067269360,24149886,24998395,1165874,0,0,0,0,0,0,0,0,0,0,0,0,1119,79,4,2,0,0,0,0,0,0,0,0,0
1779258291.1928344,g11.hpc.coe,43337,0.5001,0,100.0,2035.0,12288.0,22445192583,23067269439,24149890,24998397,1165874,0,0,0,0,0,0,0,0,0,0,0,0,1162,79,4,2,0,0,0,0,0,0,0,0,0
1779258291.69293,g11.hpc.coe,43337,0.5001,0,100.0,2035.0,12288.0,22445192720,23067269496,24149892,24998398,1165874,0,0,0,0,0,0,0,0,0,0,0,0,137,57,2,1,0,0,0,0,0,0,0,0,0
1779258292.1930194,g11.hpc.coe,43337,0.5001,0,100.0,2035.0,12288.0,22473642522,23095756517,24178560,25027109,1165896,0,0,0,0,0,0,0,0,0,0,0,0,28449802,28487021,28668,28711,22,0,0,0,0,0,0,0,0
1779258292.693107,g11.hpc.coe,43337,0.5001,0,100.0,2035.0,12288.0,22479892439,23102006342,24184785,25033336,1167481,0,0,0,0,0,0,0,0,0,0,0,0,6249917,6249825,6225,6227,1585,0,0,0,0,0,0,0,0
1779258293.1931953,g11.hpc.coe,43337,0.5001,0,100.0,2035.0,12288.0,22479892713,23102006399,24184787,25033337,1167481,0,0,0,0,0,0,0,0,0,0,0,0,274,57,2,1,0,0,0,0,0,0,0,0,0
1779258293.6932843,g11.hpc.coe,43337,0.5001,0,100.0,2035.0,12288.0,22479893030,23102006456,24184789,25033338,1167481,0,0,0,0,0,0,0,0,0,0,0,0,317,57,2,1,0,0,0,0,0,0,0,0,0
1779258294.193372,g11.hpc.coe,43337,0.5001,0,100.0,2035.0,12288.0,22479893466,23102006568,24184793,25033340,1167481,0,0,0,0,0,0,0,0,0,0,0,0,436,112,4,2,0,0,0,0,0,0,0,0,0
1779258294.6934628,g11.hpc.coe,43337,0.5001,0,100.0,2035.0,12288.0,22479893868,23102006625,24184795,25033341,1167481,0,0,0,0,0,0,0,0,0,0,0,0,402,57,2,1,0,0,0,0,0,0,0,0,0
1779258295.1935518,g11.hpc.coe,43337,0.5001,0,100.0,2035.0,12288.0,22479894313,23102006682,24184797,25033342,1167481,0,0,0,0,0,0,0,0,0,0,0,0,445,57,2,1,0,0,0,0,0,0,0,0,0
1779258295.6936429,g11.hpc.coe,43337,0.5001,0,100.0,2035.0,12288.0,22479894910,23102006811,24184801,25033344,1167481,0,0,0,0,0,0,0,0,0,0,0,0,597,129,4,2,0,0,0,0,0,0,0,0,0
1779258296.193737,g11.hpc.coe,43337,0.5001,0,100.0,2035.0,12288.0,22507655062,23129803823,24212725,25061310,1167502,0,0,0,0,0,0,0,0,0,0,0,0,27760152,27797012,27924,27966,21,0,0,0,0,0,0,0,0
1779258296.6938288,g11.hpc.coe,43337,0.5001,0,100.0,2035.0,12288.0,22514595368,23136743686,24219697,25068284,1167633,0,0,0,0,0,0,0,0,0,0,0,0,6940306,6939863,6972,6974,131,0,0,0,0,0,0,0,0
1779258297.193917,g11.hpc.coe,43337,0.5001,0,100.0,2035.0,12288.0,22514596015,23136743765,24219700,25068286,1167633,0,0,0,0,0,0,0,0,0,0,0,0,647,79,3,2,0,0,0,0,0,0,0,0,0
1779258297.6940093,g11.hpc.coe,43337,0.5001,0,100.0,2035.0,12288.0,22514596705,23136743844,24219703,25068288,1167633,0,0,0,0,0,0,0,0,0,0,0,0,690,79,3,2,0,0,0,0,0,0,0,0,0
1779258298.1941018,g11.hpc.coe,43337,0.5001,0,100.0,2035.0,12288.0,22514598060,23136744370,24219721,25068298,1167633,0,0,0,0,0,0,0,0,0,0,0,0,1355,526,18,10,0,0,0,0,0,0,0,0,0
1779258298.694192,g11.hpc.coe,43337,0.5001,0,100.0,2035.0,12288.0,22514598836,23136744449,24219724,25068300,1167633,0,0,0,0,0,0,0,0,0,0,0,0,776,79,3,2,0,0,0,0,0,0,0,0,0
1779258299.194281,g11.hpc.coe,43337,0.5001,0,100.0,2035.0,12288.0,22514599655,23136744528,24219727,25068302,1167633,0,0,0,0,0,0,0,0,0,0,0,0,819,79,3,2,0,0,0,0,0,0,0,0,0
1779258299.6943676,g11.hpc.coe,43337,0.5001,0,100.0,2035.0,12288.0,22514600593,23136744662,24219732,25068305,1167633,0,0,0,0,0,0,0,0,0,0,0,0,938,134,5,3,0,0,0,0,0,0,0,0,0
1779258300.194458,g11.hpc.coe,43337,0.5001,0,100.0,2035.0,12288.0,22536111326,23158284353,24241433,25090029,1167650,0,0,0,0,0,0,0,0,0,0,0,0,21510733,21539691,21701,21724,17,0,0,0,0,0,0,0,0
1779258300.6945465,g11.hpc.coe,43337,0.5001,0,100.0,2035.0,12288.0,22549301825,23171481496,24254636,25103237,1168408,0,0,0,0,0,0,0,0,0,0,0,0,13190499,13197143,13203,13208,758,0,0,0,0,0,0,0,0
1779258301.194636,g11.hpc.coe,43337,0.5001,0,100.0,2035.0,12288.0,22549302825,23171481575,24254639,25103239,1168408,0,0,0,0,0,0,0,0,0,0,0,0,1000,79,3,2,0,0,0,0,0,0,0,0,0
1779258301.6947231,g11.hpc.coe,43337,0.5001,0,100.0,2035.0,12288.0,22549303867,23171481654,24254642,25103241,1168408,0,0,0,0,0,0,0,0,0,0,0,0,1042,79,3,2,0,0,0,0,0,0,0,0,0
1779258302.1948142,g11.hpc.coe,43337,0.5001,0,100.0,2035.0,12288.0,22549304974,23171481733,24254646,25103243,1168408,0,0,0,0,0,0,0,0,0,0,0,0,1107,79,4,2,0,0,0,0,0,0,0,0,0
1779258302.6949046,g11.hpc.coe,43337,0.5001,0,100.0,2035.0,12288.0,22549306124,23171481812,24254650,25103245,1168408,0,0,0,0,0,0,0,0,0,0,0,0,1150,79,4,2,0,0,0,0,0,0,0,0,0
1779258303.1949942,g11.hpc.coe,43337,0.5001,0,100.0,2035.0,12288.0,22549306249,23171481869,24254652,25103246,1168408,0,0,0,0,0,0,0,0,0,0,0,0,125,57,2,1,0,0,0,0,0,0,0,0,0
1779258303.6950815,g11.hpc.coe,43337,0.5001,0,100.0,2035.0,12288.0,22549306417,23171481926,24254654,25103247,1168408,0,0,0,0,0,0,0,0,0,0,0,0,168,57,2,1,0,0,0,0,0,0,0,0,0
1779258304.1951723,g11.hpc.coe,43337,0.5001,0,100.0,2035.0,12288.0,22570126378,23192331537,24275599,25124218,1168429,0,0,0,0,0,0,0,0,0,0,0,0,20819961,20849611,20945,20971,21,0,0,0,0,0,0,0,0
1779258304.6952593,g11.hpc.coe,43337,0.5001,0,100.0,2035.0,12288.0,22584006340,23206218757,24289558,25138176,1168900,0,0,0,0,0,0,0,0,0,0,0,0,13879962,13887220,13959,13958,471,0,0,0,0,0,0,0,0
1779258305.1953506,g11.hpc.coe,43337,0.5001,0,100.0,2035.0,12288.0,22584006647,23206218814,24289560,25138177,1168900,0,0,0,0,0,0,0,0,0,0,0,0,307,57,2,1,0,0,0,0,0,0,0,0,0
1779258305.695438,g11.hpc.coe,43337,0.5001,0,100.0,2035.0,12288.0,22584006996,23206218871,24289562,25138178,1168900,0,0,0,0,0,0,0,0,0,0,0,0,349,57,2,1,0,0,0,0,0,0,0,0,0
1779258306.1955273,g11.hpc.coe,43337,0.5001,0,100.0,2035.0,12288.0,22584007388,23206218928,24289564,25138179,1168900,0,0,0,0,0,0,0,0,0,0,0,0,392,57,2,1,0,0,0,0,0,0,0,0,0
1779258306.6956167,g11.hpc.coe,43337,0.5001,0,100.0,2035.0,12288.0,22584007823,23206218985,24289566,25138180,1168900,0,0,0,0,0,0,0,0,0,0,0,0,435,57,2,1,0,0,0,0,0,0,0,0,0
1779258307.1957064,g11.hpc.coe,43337,0.5001,0,100.0,2035.0,12288.0,22584008300,23206219042,24289568,25138181,1168900,0,0,0,0,0,0,0,0,0,0,0,0,477,57,2,1,0,0,0,0,0,0,0,0,0
1779258307.6957953,g11.hpc.coe,43337,0.5001,0,100.0,2035.0,12288.0,22584008820,23206219099,24289570,25138182,1168900,0,0,0,0,0,0,0,0,0,0,0,0,520,57,2,1,0,0,0,0,0,0,0,0,0
1779258308.1958854,g11.hpc.coe,43337,0.5001,0,100.0,2035.0,12288.0,22598579321,23220811417,24304286,25152915,1168912,0,0,0,0,0,0,0,0,0,0,0,0,14570501,14592318,14716,14733,12,0,0,0,0,0,0,0,0
1779258308.695979,g11.hpc.coe,43337,0.5001,0,100.0,2035.0,12288.0,22618709351,23240955968,24324465,25173119,1170540,0,0,0,0,0,0,0,0,0,0,0,0,20130030,20144551,20179,20204,1628,0,0,0,0,0,0,0,0
1779258309.1960738,g11.hpc.coe,43337,0.5001,0,100.0,2035.0,12288.0,22618710032,23240956047,24324468,25173121,1170540,0,0,0,0,0,0,0,0,0,0,0,0,681,79,3,2,0,0,0,0,0,0,0,0,0
1779258309.6961641,g11.hpc.coe,43337,0.5001,0,100.0,2035.0,12288.0,22618710832,23240956181,24324473,25173124,1170540,0,0,0,0,0,0,0,0,0,0,0,0,800,134,5,3,0,0,0,0,0,0,0,0,0
1779258310.1962523,g11.hpc.coe,43337,0.5001,0,100.0,2035.0,12288.0,22618711598,23240956260,24324476,25173126,1170540,0,0,0,0,0,0,0,0,0,0,0,0,766,79,3,2,0,0,0,0,0,0,0,0,0
1779258310.696342,g11.hpc.coe,43337,0.5001,0,100.0,2035.0,12288.0,22618712407,23240956339,24324479,25173128,1170540,0,0,0,0,0,0,0,0,0,0,0,0,809,79,3,2,0,0,0,0,0,0,0,0,0
1779258311.1964352,g11.hpc.coe,43337,0.5001,0,100.0,2035.0,12288.0,22618713259,23240956418,24324482,25173130,1170540,0,0,0,0,0,0,0,0,0,0,0,0,852,79,3,2,0,0,0,0,0,0,0,0,0
1779258311.6965244,g11.hpc.coe,43337,0.5001,0,100.0,2035.0,12288.0,22618714153,23240956497,24324485,25173132,1170540,0,0,0,0,0,0,0,0,0,0,0,0,894,79,3,2,0,0,0,0,0,0,0,0,0
1779258312.196613,g11.hpc.coe,43337,0.5001,0,100.0,2035.0,12288.0,22633284943,23255548836,24339192,25187868,1170552,0,0,0,0,0,0,0,0,0,0,0,0,14570790,14592339,14707,14736,12,0,0,0,0,0,0,0,0
1779258312.6967006,g11.hpc.coe,43337,0.5001,0,100.0,2035.0,12288.0,22653415325,23275693317,24359371,25208062,1170567,0,0,0,0,0,0,0,0,0,0,0,0,20130382,20144481,20179,20194,15,0,0,0,0,0,0,0,0
1779258313.1967945,g11.hpc.coe,43337,0.5001,0,100.0,2035.0,12288.0,22653416980,23275693843,24359389,25208072,1170567,0,0,0,0,0,0,0,0,0,0,0,0,1655,526,18,10,0,0,0,0,0,0,0,0,0
1779258313.6968877,g11.hpc.coe,43337,0.5001,0,100.0,2035.0,12288.0,22653418078,23275693922,24359393,25208074,1170567,0,0,0,0,0,0,0,0,0,0,0,0,1098,79,4,2,0,0,0,0,0,0,0,0,0
1779258314.1969817,g11.hpc.coe,43337,0.5001,0,100.0,2035.0,12288.0,22653419219,23275694001,24359397,25208076,1170567,0,0,0,0,0,0,0,0,0,0,0,0,1141,79,4,2,0,0,0,0,0,0,0,0,0
1779258314.6970706,g11.hpc.coe,43337,0.5001,0,100.0,2035.0,12288.0,22653420480,23275694135,24359403,25208079,1170567,0,0,0,0,0,0,0,0,0,0,0,0,1261,134,6,3,0,0,0,0,0,0,0,0,0
1779258315.1971602,g11.hpc.coe,43337,0.5001,0,100.0,2035.0,12288.0,22653420639,23275694192,24359405,25208080,1170567,0,0,0,0,0,0,0,0,0,0,0,0,159,57,2,1,0,0,0,0,0,0,0,0,0
1779258315.6972497,g11.hpc.coe,43337,0.5001,0,100.0,2035.0,12288.0,22653420841,23275694249,24359407,25208081,1170567,0,0,0,0,0,0,0,0,0,0,0,0,202,57,2,1,0,0,0,0,0,0,0,0,0
1779258316.197338,g11.hpc.coe,43337,0.5001,0,100.0,2035.0,12288.0,22664628972,23286870855,24371120,25219669,1171015,0,0,0,0,0,0,0,0,0,0,0,0,11208131,11176606,11713,11588,448,0,0,0,0,0,0,0,0
1779258316.6974258,g11.hpc.coe,43337,0.5001,0,100.0,2035.0,12288.0,22688120699,23310431081,24394301,25243017,1172258,0,0,0,0,0,0,0,0,0,0,0,0,23491727,23560226,23181,23348,1243,0,0,0,0,0,0,0,0
1779258317.1975138,g11.hpc.coe,43337,0.5001,0,100.0,2035.0,12288.0,22688121040,23310431138,24394303,25243018,1172258,0,0,0,0,0,0,0,0,0,0,0,0,341,57,2,1,0,0,0,0,0,0,0,0,0
1779258317.6976047,g11.hpc.coe,43337,0.5001,0,100.0,2035.0,12288.0,22688121424,23310431195,24394305,25243019,1172258,0,0,0,0,0,0,0,0,0,0,0,0,384,57,2,1,0,0,0,0,0,0,0,0,0
1779258318.1976936,g11.hpc.coe,43337,0.5001,0,100.0,2035.0,12288.0,22688121850,23310431252,24394307,25243020,1172258,0,0,0,0,0,0,0,0,0,0,0,0,426,57,2,1,0,0,0,0,0,0,0,0,0
1779258318.6977804,g11.hpc.coe,43337,0.5001,0,100.0,2035.0,12288.0,22688122319,23310431309,24394309,25243021,1172258,0,0,0,0,0,0,0,0,0,0,0,0,469,57,2,1,0,0,0,0,0,0,0,0,0
1779258319.1978736,g11.hpc.coe,43337,0.5001,0,100.0,2035.0,12288.0,22688122831,23310431366,24394311,25243022,1172258,0,0,0,0,0,0,0,0,0,0,0,0,512,57,2,1,0,0,0,0,0,0,0,0,0
1779258319.6979673,g11.hpc.coe,43337,0.5001,0,100.0,2035.0,12288.0,22688123408,23310431445,24394314,25243024,1172258,0,0,0,0,0,0,0,0,0,0,0,0,577,79,3,2,0,0,0,0,0,0,0,0,0
1779258320.1980567,g11.hpc.coe,43337,0.5001,0,100.0,2035.0,12288.0,22695754107,23318076494,24402047,25250774,1172264,0,0,0,0,0,0,0,0,0,0,0,0,7630699,7645049,7733,7750,6,0,0,0,0,0,0,0,0
1779258320.698147,g11.hpc.coe,43337,0.5001,0,100.0,2035.0,12288.0,22722824048,23345168334,24429206,25277957,1172285,0,0,0,0,0,0,0,0,0,0,0,0,27069941,27091840,27159,27183,21,0,0,0,0,0,0,0,0
1779258321.198235,g11.hpc.coe,43337,0.5001,0,100.0,2035.0,12288.0,22722824761,23345168413,24429209,25277959,1172285,0,0,0,0,0,0,0,0,0,0,0,0,713,79,3,2,0,0,0,0,0,0,0,0,0
1779258321.6983244,g11.hpc.coe,43337,0.5001,0,100.0,2035.0,12288.0,22722825517,23345168492,24429212,25277961,1172285,0,0,0,0,0,0,0,0,0,0,0,0,756,79,3,2,0,0,0,0,0,0,0,0,0
1779258322.1984122,g11.hpc.coe,43337,0.5001,0,100.0,2035.0,12288.0,22722826316,23345168571,24429215,25277963,1172285,0,0,0,0,0,0,0,0,0,0,0,0,799,79,3,2,0,0,0,0,0,0,0,0,0
1779258322.6985006,g11.hpc.coe,43337,0.5001,0,100.0,2035.0,12288.0,22722827157,23345168650,24429218,25277965,1172285,0,0,0,0,0,0,0,0,0,0,0,0,841,79,3,2,0,0,0,0,0,0,0,0,0
1779258323.198591,g11.hpc.coe,43337,0.5001,0,100.0,2035.0,12288.0,22722828041,23345168729,24429221,25277967,1172285,0,0,0,0,0,0,0,0,0,0,0,0,884,79,3,2,0,0,0,0,0,0,0,0,0
1779258323.6986794,g11.hpc.coe,43337,0.5001,0,100.0,2035.0,12288.0,22722828968,23345168808,24429224,25277969,1172285,0,0,0,0,0,0,0,0,0,0,0,0,927,79,3,2,0,0,0,0,0,0,0,0,0
1779258324.1987696,g11.hpc.coe,43337,0.5001,0,100.0,2035.0,12288.0,22729769938,23352123779,24436211,25284971,1174966,0,0,0,0,0,0,0,0,0,0,0,0,6940970,6954971,6987,7002,2681,0,0,0,0,0,0,0,0
1779258324.698858,g11.hpc.coe,43337,0.5001,0,100.0,2035.0,12288.0,22757530281,23379905656,24464121,25312903,1174989,0,0,0,0,0,0,0,0,0,0,0,0,27760343,27781877,27910,27932,23,0,0,0,0,0,0,0,0
1779258325.1989465,g11.hpc.coe,43337,0.5001,0,100.0,2035.0,12288.0,22757531444,23379905790,24464127,25312906,1174989,0,0,0,0,0,0,0,0,0,0,0,0,1163,134,6,3,0,0,0,0,0,0,0,0,0
1779258325.6990368,g11.hpc.coe,43337,0.5001,0,100.0,2035.0,12288.0,22757532573,23379905869,24464131,25312908,1174989,0,0,0,0,0,0,0,0,0,0,0,0,1129,79,4,2,0,0,0,0,0,0,0,0,0
1779258326.1991386,g11.hpc.coe,43337,0.5001,0,100.0,2035.0,12288.0,22757533745,23379905948,24464135,25312910,1174989,0,0,0,0,0,0,0,0,0,0,0,0,1172,79,4,2,0,0,0,0,0,0,0,0,0
1779258326.699227,g11.hpc.coe,43337,0.5001,0,100.0,2035.0,12288.0,22757533892,23379906005,24464137,25312911,1174989,0,0,0,0,0,0,0,0,0,0,0,0,147,57,2,1,0,0,0,0,0,0,0,0,0
1779258327.199316,g11.hpc.coe,43337,0.5001,0,100.0,2035.0,12288.0,22757534082,23379906062,24464139,25312912,1174989,0,0,0,0,0,0,0,0,0,0,0,0,190,57,2,1,0,0,0,0,0,0,0,0,0
1779258327.699403,g11.hpc.coe,43337,0.5001,0,100.0,2035.0,12288.0,22757534314,23379906119,24464141,25312913,1174989,0,0,0,0,0,0,0,0,0,0,0,0,232,57,2,1,0,0,0,0,0,0,0,0,0
1779258328.1994927,g11.hpc.coe,43337,0.5001,0,100.0,2035.0,12288.0,22758225393,23380604207,24464914,25313684,1174990,0,0,0,0,0,0,0,0,0,0,0,0,691079,698088,773,771,1,0,0,0,0,0,0,0,0
1779258328.699585,g11.hpc.coe,43337,0.5001,0,100.0,2035.0,12288.0,22792234810,23414643370,24499044,25347853,1175015,0,0,0,0,0,0,0,0,0,0,0,0,34009417,34039163,34130,34169,25,0,0,0,0,0,0,0,0
1779258329.1996725,g11.hpc.coe,43337,0.5001,0,100.0,2035.0,12288.0,22792235178,23414643427,24499046,25347854,1175015,0,0,0,0,0,0,0,0,0,0,0,0,368,57,2,1,0,0,0,0,0,0,0,0,0
1779258329.6997597,g11.hpc.coe,43337,0.5001,0,100.0,2035.0,12288.0,22792235589,23414643484,24499048,25347855,1175015,0,0,0,0,0,0,0,0,0,0,0,0,411,57,2,1,0,0,0,0,0,0,0,0,0
1779258330.1998491,g11.hpc.coe,43337,0.5001,0,100.0,2035.0,12288.0,22792236119,23414643596,24499052,25347857,1175015,0,0,0,0,0,0,0,0,0,0,0,0,530,112,4,2,0,0,0,0,0,0,0,0,0
1779258330.6999474,g11.hpc.coe,43337,0.5001,0,100.0,2035.0,12288.0,22792236615,23414643653,24499054,25347858,1175015,0,0,0,0,0,0,0,0,0,0,0,0,496,57,2,1,0,0,0,0,0,0,0,0,0
1779258331.2000377,g11.hpc.coe,43337,0.5001,0,100.0,2035.0,12288.0,22792237154,23414643710,24499056,25347859,1175015,0,0,0,0,0,0,0,0,0,0,0,0,539,57,2,1,0,0,0,0,0,0,0,0,0
1779258331.7001257,g11.hpc.coe,43337,0.5001,0,100.0,2035.0,12288.0,22792237758,23414643789,24499059,25347861,1175015,0,0,0,0,0,0,0,0,0,0,0,0,604,79,3,2,0,0,0,0,0,0,0,0,0
1779258332.200216,g11.hpc.coe,43337,0.5001,0,100.0,2035.0,12288.0,22792238556,23414651429,24499070,25347878,1175015,0,0,0,0,0,0,0,0,0,0,0,0,798,7640,11,17,0,0,0,0,0,0,0,0,0
1779258332.700308,g11.hpc.coe,43337,0.5001,0,100.0,2035.0,12288.0,22826938387,23449380637,24533951,25382795,1175395,0,0,0,0,0,0,0,0,0,0,0,0,34699831,34729208,34881,34917,380,0,0,0,0,0,0,0,0
1779258333.200398,g11.hpc.coe,43337,0.5001,0,100.0,2035.0,12288.0,22826939125,23449380716,24533954,25382797,1175395,0,0,0,0,0,0,0,0,0,0,0,0,738,79,3,2,0,0,0,0,0,0,0,0,0
1779258333.7004855,g11.hpc.coe,43337,0.5001,0,100.0,2035.0,12288.0,22826939905,23449380795,24533957,25382799,1175395,0,0,0,0,0,0,0,0,0,0,0,0,780,79,3,2,0,0,0,0,0,0,0,0,0
1779258334.200575,g11.hpc.coe,43337,0.5001,0,100.0,2035.0,12288.0,22826940728,23449380874,24533960,25382801,1175395,0,0,0,0,0,0,0,0,0,0,0,0,823,79,3,2,0,0,0,0,0,0,0,0,0
1779258334.700678,g11.hpc.coe,43337,0.5001,0,100.0,2035.0,12288.0,22826941594,23449380953,24533963,25382803,1175395,0,0,0,0,0,0,0,0,0,0,0,0,866,79,3,2,0,0,0,0,0,0,0,0,0
1779258335.200767,g11.hpc.coe,43337,0.5001,0,100.0,2035.0,12288.0,22826942579,23449381087,24533968,25382806,1175395,0,0,0,0,0,0,0,0,0,0,0,0,985,134,5,3,0,0,0,0,0,0,0,0,0
1779258335.7008545,g11.hpc.coe,43337,0.5001,0,100.0,2035.0,12288.0,22826943530,23449381166,24533971,25382808,1175395,0,0,0,0,0,0,0,0,0,0,0,0,951,79,3,2,0,0,0,0,0,0,0,0,0
1779258336.2009459,g11.hpc.coe,43337,0.5001,0,100.0,2035.0,12288.0,22826944524,23449381245,24533974,25382810,1175395,0,0,0,0,0,0,0,0,0,0,0,0,994,79,3,2,0,0,0,0,0,0,0,0,0
1779258336.7010343,g11.hpc.coe,43337,0.5001,0,100.0,2035.0,12288.0,22861644852,23484118000,24568863,25417740,1176917,0,0,0,0,0,0,0,0,0,0,0,0,34700328,34736755,34889,34930,1522,0,0,0,0,0,0,0,0
1779258337.2011259,g11.hpc.coe,43337,0.5001,0,100.0,2035.0,12288.0,22861645959,23484118079,24568867,25417742,1176917,0,0,0,0,0,0,0,0,0,0,0,0,1107,79,4,2,0,0,0,0,0,0,0,0,0
1779258337.7012143,g11.hpc.coe,43337,0.5001,0,100.0,2035.0,12288.0,22861647109,23484118158,24568871,25417744,1176917,0,0,0,0,0,0,0,0,0,0,0,0,1150,79,4,2,0,0,0,0,0,0,0,0,0
1779258338.2013035,g11.hpc.coe,43337,0.5001,0,100.0,2035.0,12288.0,22861647234,23484118215,24568873,25417745,1176917,0,0,0,0,0,0,0,0,0,0,0,0,125,57,2,1,0,0,0,0,0,0,0,0,0
1779258338.7013955,g11.hpc.coe,43337,0.5001,0,100.0,2035.0,12288.0,22861647401,23484118272,24568875,25417746,1176917,0,0,0,0,0,0,0,0,0,0,0,0,167,57,2,1,0,0,0,0,0,0,0,0,0
1779258339.2014844,g11.hpc.coe,43337,0.5001,0,100.0,2035.0,12288.0,22861647611,23484118329,24568877,25417747,1176917,0,0,0,0,0,0,0,0,0,0,0,0,210,57,2,1,0,0,0,0,0,0,0,0,0
1779258339.7015736,g11.hpc.coe,43337,0.5001,0,100.0,2035.0,12288.0,22861647864,23484118386,24568879,25417748,1176917,0,0,0,0,0,0,0,0,0,0,0,0,253,57,2,1,0,0,0,0,0,0,0,0,0
1779258340.2016633,g11.hpc.coe,43337,0.5001,0,100.0,2035.0,12288.0,22861648160,23484118443,24568881,25417749,1176917,0,0,0,0,0,0,0,0,0,0,0,0,296,57,2,1,0,0,0,0,0,0,0,0,0
1779258340.701753,g11.hpc.coe,43337,0.5001,0,100.0,2035.0,12288.0,22890098127,23512605568,24597543,25446468,1176946,0,0,0,0,0,0,0,0,0,0,0,0,28449967,28487125,28662,28719,29,0,0,0,0,0,0,0,0
1779258341.2018468,g11.hpc.coe,43337,0.5001,0,100.0,2035.0,12288.0,22896348210,23518855393,24603769,25452695,1177058,0,0,0,0,0,0,0,0,0,0,0,0,6250083,6249825,6226,6227,112,0,0,0,0,0,0,0,0
1779258341.7019372,g11.hpc.coe,43337,0.5001,0,100.0,2035.0,12288.0,22896348643,23518855450,24603771,25452696,1177058,0,0,0,0,0,0,0,0,0,0,0,0,433,57,2,1,0,0,0,0,0,0,0,0,0
1779258342.202026,g11.hpc.coe,43337,0.5001,0,100.0,2035.0,12288.0,22896349119,23518855507,24603773,25452697,1177058,0,0,0,0,0,0,0,0,0,0,0,0,476,57,2,1,0,0,0,0,0,0,0,0,0
1779258342.702118,g11.hpc.coe,43337,0.5001,0,100.0,2035.0,12288.0,22896349637,23518855564,24603775,25452698,1177058,0,0,0,0,0,0,0,0,0,0,0,0,518,57,2,1,0,0,0,0,0,0,0,0,0
1779258343.2022078,g11.hpc.coe,43337,0.5001,0,100.0,2035.0,12288.0,22896351100,23518856345,24603798,25452713,1177058,0,0,0,0,0,0,0,0,0,0,0,0,1463,781,23,15,0,0,0,0,0,0,0,0,0
1779258343.7022994,g11.hpc.coe,43337,0.5001,0,100.0,2035.0,12288.0,22896351748,23518856424,24603802,25452715,1177058,0,0,0,0,0,0,0,0,0,0,0,0,648,79,4,2,0,0,0,0,0,0,0,0,0
1779258344.2023883,g11.hpc.coe,43337,0.5001,0,100.0,2035.0,12288.0,22896352417,23518856503,24603805,25452717,1177058,0,0,0,0,0,0,0,0,0,0,0,0,669,79,3,2,0,0,0,0,0,0,0,0,0
1779258344.7024803,g11.hpc.coe,43337,0.5001,0,100.0,2035.0,12288.0,22924112750,23546653537,24631730,25480684,1177952,0,0,0,0,0,0,0,0,0,0,0,0,27760333,27797034,27925,27967,894,0,0,0,0,0,0,0,0
1779258345.2025707,g11.hpc.coe,43337,0.5001,0,100.0,2035.0,12288.0,22931053202,23553593414,24638700,25487660,1177962,0,0,0,0,0,0,0,0,0,0,0,0,6940452,6939877,6970,6976,10,0,0,0,0,0,0,0,0
1779258345.7026596,g11.hpc.coe,43337,0.5001,0,100.0,2035.0,12288.0,22931054086,23553593548,24638705,25487663,1177962,0,0,0,0,0,0,0,0,0,0,0,0,884,134,5,3,0,0,0,0,0,0,0,0,0
1779258346.2027488,g11.hpc.coe,43337,0.5001,0,100.0,2035.0,12288.0,22931054936,23553593627,24638708,25487665,1177962,0,0,0,0,0,0,0,0,0,0,0,0,850,79,3,2,0,0,0,0,0,0,0,0,0
1779258346.7028358,g11.hpc.coe,43337,0.5001,0,100.0,2035.0,12288.0,22931055828,23553593706,24638711,25487667,1177962,0,0,0,0,0,0,0,0,0,0,0,0,892,79,3,2,0,0,0,0,0,0,0,0,0
1779258347.2029252,g11.hpc.coe,43337,0.5001,0,100.0,2035.0,12288.0,22931056763,23553593785,24638714,25487669,1177962,0,0,0,0,0,0,0,0,0,0,0,0,935,79,3,2,0,0,0,0,0,0,0,0,0
1779258347.7030132,g11.hpc.coe,43337,0.5001,0,100.0,2035.0,12288.0,22931057741,23553593864,24638717,25487671,1177962,0,0,0,0,0,0,0,0,0,0,0,0,978,79,3,2,0,0,0,0,0,0,0,0,0
1779258348.2031054,g11.hpc.coe,43337,0.5001,0,100.0,2035.0,12288.0,22931058762,23553593943,24638720,25487673,1177962,0,0,0,0,0,0,0,0,0,0,0,0,1021,79,3,2,0,0,0,0,0,0,0,0,0
1779258348.703193,g11.hpc.coe,43337,0.5001,0,100.0,2035.0,12288.0,22952569656,23575133641,24660419,25509398,1177978,0,0,0,0,0,0,0,0,0,0,0,0,21510894,21539698,21699,21725,16,0,0,0,0,0,0,0,0
1779258349.203281,g11.hpc.coe,43337,0.5001,0,100.0,2035.0,12288.0,22965760301,23588330833,24673618,25522613,1178726,0,0,0,0,0,0,0,0,0,0,0,0,13190645,13197192,13199,13215,748,0,0,0,0,0,0,0,0
1779258349.703369,g11.hpc.coe,43337,0.5001,0,100.0,2035.0,12288.0,22965761482,23588330912,24673622,25522615,1178726,0,0,0,0,0,0,0,0,0,0,0,0,1181,79,4,2,0,0,0,0,0,0,0,0,0
1779258350.2034588,g11.hpc.coe,43337,0.5001,0,100.0,2035.0,12288.0,22965761638,23588330969,24673624,25522616,1178726,0,0,0,0,0,0,0,0,0,0,0,0,156,57,2,1,0,0,0,0,0,0,0,0,0
1779258350.7035472,g11.hpc.coe,43337,0.5001,0,100.0,2035.0,12288.0,22965761913,23588331081,24673628,25522618,1178726,0,0,0,0,0,0,0,0,0,0,0,0,275,112,4,2,0,0,0,0,0,0,0,0,0
1779258351.2036386,g11.hpc.coe,43337,0.5001,0,100.0,2035.0,12288.0,22965762154,23588331138,24673630,25522619,1178726,0,0,0,0,0,0,0,0,0,0,0,0,241,57,2,1,0,0,0,0,0,0,0,0,0
1779258351.7037253,g11.hpc.coe,43337,0.5001,0,100.0,2035.0,12288.0,22965762438,23588331195,24673632,25522620,1178726,0,0,0,0,0,0,0,0,0,0,0,0,284,57,2,1,0,0,0,0,0,0,0,0,0
1779258352.2038298,g11.hpc.coe,43337,0.5001,0,100.0,2035.0,12288.0,22965762765,23588331252,24673634,25522621,1178726,0,0,0,0,0,0,0,0,0,0,0,0,327,57,2,1,0,0,0,0,0,0,0,0,0
1779258352.7039192,g11.hpc.coe,43337,0.5001,0,100.0,2035.0,12288.0,22986582885,23609180884,24694579,25543595,1178751,0,0,0,0,0,0,0,0,0,0,0,0,20820120,20849632,20945,20974,25,0,0,0,0,0,0,0,0
1779258353.204008,g11.hpc.coe,43337,0.5001,0,100.0,2035.0,12288.0,23000462858,23623068056,24708526,25557553,1178765,0,0,0,0,0,0,0,0,0,0,0,0,13879973,13887172,13947,13958,14,0,0,0,0,0,0,0,0
1779258353.7041,g11.hpc.coe,43337,0.5001,0,100.0,2035.0,12288.0,23000463323,23623068113,24708528,25557554,1178765,0,0,0,0,0,0,0,0,0,0,0,0,465,57,2,1,0,0,0,0,0,0,0,0,0
1779258354.2041912,g11.hpc.coe,43337,0.5001,0,100.0,2035.0,12288.0,23000463830,23623068170,24708530,25557555,1178765,0,0,0,0,0,0,0,0,0,0,0,0,507,57,2,1,0,0,0,0,0,0,0,0,0
1779258354.7042809,g11.hpc.coe,43337,0.5001,0,100.0,2035.0,12288.0,23000464402,23623068249,24708533,25557557,1178765,0,0,0,0,0,0,0,0,0,0,0,0,572,79,3,2,0,0,0,0,0,0,0,0,0
1779258355.2043707,g11.hpc.coe,43337,0.5001,0,100.0,2035.0,12288.0,23000465016,23623068328,24708536,25557559,1178765,0,0,0,0,0,0,0,0,0,0,0,0,614,79,3,2,0,0,0,0,0,0,0,0,0
1779258355.7044594,g11.hpc.coe,43337,0.5001,0,100.0,2035.0,12288.0,23000465750,23623068462,24708541,25557562,1178765,0,0,0,0,0,0,0,0,0,0,0,0,734,134,5,3,0,0,0,0,0,0,0,0,0
1779258356.204555,g11.hpc.coe,43337,0.5001,0,100.0,2035.0,12288.0,23000466450,23623068541,24708544,25557564,1178765,0,0,0,0,0,0,0,0,0,0,0,0,700,79,3,2,0,0,0,0,0,0,0,0,0
1779258356.7046444,g11.hpc.coe,43337,0.5001,0,100.0,2035.0,12288.0,23000467193,23623068620,24708547,25557566,1178765,0,0,0,0,0,0,0,0,0,0,0,0,743,79,3,2,0,0,0,0,0,0,0,0,0
1779258357.2047343,g11.hpc.coe,43337,0.5001,0,100.0,2035.0,12288.0,23028917587,23651555705,24737214,25586284,1178794,0,0,0,0,0,0,0,0,0,0,0,0,28450394,28487085,28667,28718,29,0,0,0,0,0,0,0,0
1779258357.704823,g11.hpc.coe,43337,0.5001,0,100.0,2035.0,12288.0,23035168124,23657805517,24743442,25592507,1181715,0,0,0,0,0,0,0,0,0,0,0,0,6250537,6249812,6228,6223,2921,0,0,0,0,0,0,0,0
1779258358.2049122,g11.hpc.coe,43337,0.5001,0,100.0,2035.0,12288.0,23035169627,23657806043,24743460,25592517,1181715,0,0,0,0,0,0,0,0,0,0,0,0,1503,526,18,10,0,0,0,0,0,0,0,0,0
1779258358.705002,g11.hpc.coe,43337,0.5001,0,100.0,2035.0,12288.0,23035170551,23657806122,24743463,25592519,1181715,0,0,0,0,0,0,0,0,0,0,0,0,924,79,3,2,0,0,0,0,0,0,0,0,0
1779258359.205093,g11.hpc.coe,43337,0.5001,0,100.0,2035.0,12288.0,23035171517,23657806201,24743466,25592521,1181715,0,0,0,0,0,0,0,0,0,0,0,0,966,79,3,2,0,0,0,0,0,0,0,0,0
1779258359.705191,g11.hpc.coe,43337,0.5001,0,100.0,2035.0,12288.0,23035172526,23657806280,24743469,25592523,1181715,0,0,0,0,0,0,0,0,0,0,0,0,1009,79,3,2,0,0,0,0,0,0,0,0,0
1779258360.2052836,g11.hpc.coe,43337,0.5001,0,100.0,2035.0,12288.0,23035173578,23657806359,24743472,25592525,1181715,0,0,0,0,0,0,0,0,0,0,0,0,1052,79,3,2,0,0,0,0,0,0,0,0,0
1779258360.7053745,g11.hpc.coe,43337,0.5001,0,100.0,2035.0,12288.0,23035174695,23657806438,24743476,25592527,1181715,0,0,0,0,0,0,0,0,0,0,0,0,1117,79,4,2,0,0,0,0,0,0,0,0,0
1779258361.2054636,g11.hpc.coe,43337,0.5001,0,100.0,2035.0,12288.0,23062935497,23685603409,24771405,25620485,1181741,0,0,0,0,0,0,0,0,0,0,0,0,27760802,27796971,27929,27958,26,0,0,0,0,0,0,0,0
1779258361.7055566,g11.hpc.coe,43337,0.5001,0,100.0,2035.0,12288.0,23069875321,23692543264,24778373,25627460,1181982,0,0,0,0,0,0,0,0,0,0,0,0,6939824,6939855,6968,6975,241,0,0,0,0,0,0,0,0
1779258362.2056446,g11.hpc.coe,43337,0.5001,0,100.0,2035.0,12288.0,23069875507,23692543321,24778375,25627461,1181982,0,0,0,0,0,0,0,0,0,0,0,0,186,57,2,1,0,0,0,0,0,0,0,0,0
1779258362.705733,g11.hpc.coe,43337,0.5001,0,100.0,2035.0,12288.0,23069875736,23692543378,24778377,25627462,1181982,0,0,0,0,0,0,0,0,0,0,0,0,229,57,2,1,0,0,0,0,0,0,0,0,0
1779258363.2058232,g11.hpc.coe,43337,0.5001,0,100.0,2035.0,12288.0,23069876008,23692543435,24778379,25627463,1181982,0,0,0,0,0,0,0,0,0,0,0,0,272,57,2,1,0,0,0,0,0,0,0,0,0
1779258363.7059119,g11.hpc.coe,43337,0.5001,0,100.0,2035.0,12288.0,23069876322,23692543492,24778381,25627464,1181982,0,0,0,0,0,0,0,0,0,0,0,0,314,57,2,1,0,0,0,0,0,0,0,0,0
1779258364.2060056,g11.hpc.coe,43337,0.5001,0,100.0,2035.0,12288.0,23069876679,23692543549,24778383,25627465,1181982,0,0,0,0,0,0,0,0,0,0,0,0,357,57,2,1,0,0,0,0,0,0,0,0,0
1779258364.7060974,g11.hpc.coe,43337,0.5001,0,100.0,2035.0,12288.0,23069877079,23692543606,24778385,25627466,1181982,0,0,0,0,0,0,0,0,0,0,0,0,400,57,2,1,0,0,0,0,0,0,0,0,0
1779258365.2061899,g11.hpc.coe,43337,0.5001,0,100.0,2035.0,12288.0,23091387253,23714083226,24800071,25649182,1181999,0,0,0,0,0,0,0,0,0,0,0,0,21510174,21539620,21686,21716,17,0,0,0,0,0,0,0,0
1779258365.706281,g11.hpc.coe,43337,0.5001,0,100.0,2035.0,12288.0,23104577304,23727280361,24813275,25662391,1183798,0,0,0,0,0,0,0,0,0,0,0,0,13190051,13197135,13204,13209,1799,0,0,0,0,0,0,0,0
1779258366.2063725,g11.hpc.coe,43337,0.5001,0,100.0,2035.0,12288.0,23104577919,23727280473,24813279,25662393,1183798,0,0,0,0,0,0,0,0,0,0,0,0,615,112,4,2,0,0,0,0,0,0,0,0,0
1779258366.7064605,g11.hpc.coe,43337,0.5001,0,100.0,2035.0,12288.0,23104578522,23727280552,24813282,25662395,1183798,0,0,0,0,0,0,0,0,0,0,0,0,603,79,3,2,0,0,0,0,0,0,0,0,0
1779258367.2065485,g11.hpc.coe,43337,0.5001,0,100.0,2035.0,12288.0,23104579168,23727280631,24813285,25662397,1183798,0,0,0,0,0,0,0,0,0,0,0,0,646,79,3,2,0,0,0,0,0,0,0,0,0
1779258367.7066355,g11.hpc.coe,43337,0.5001,0,100.0,2035.0,12288.0,23104579857,23727280710,24813288,25662399,1183798,0,0,0,0,0,0,0,0,0,0,0,0,689,79,3,2,0,0,0,0,0,0,0,0,0
1779258368.206724,g11.hpc.coe,43337,0.5001,0,100.0,2035.0,12288.0,23104580589,23727280789,24813291,25662401,1183798,0,0,0,0,0,0,0,0,0,0,0,0,732,79,3,2,0,0,0,0,0,0,0,0,0
1779258368.706814,g11.hpc.coe,43337,0.5001,0,100.0,2035.0,12288.0,23104581363,23727280868,24813294,25662403,1183798,0,0,0,0,0,0,0,0,0,0,0,0,774,79,3,2,0,0,0,0,0,0,0,0,0
1779258369.206903,g11.hpc.coe,43337,0.5001,0,100.0,2035.0,12288.0,23125401909,23748130550,24834237,25683382,1183815,0,0,0,0,0,0,0,0,0,0,0,0,20820546,20849682,20943,20979,17,0,0,0,0,0,0,0,0
1779258369.7069905,g11.hpc.coe,43337,0.5001,0,100.0,2035.0,12288.0,23139282364,23762017779,24848190,25697346,1186184,0,0,0,0,0,0,0,0,0,0,0,0,13880455,13887229,13953,13964,2369,0,0,0,0,0,0,0,0
1779258370.2071016,g11.hpc.coe,43337,0.5001,0,100.0,2035.0,12288.0,23139283276,23762017858,24848193,25697348,1186184,0,0,0,0,0,0,0,0,0,0,0,0,912,79,3,2,0,0,0,0,0,0,0,0,0
1779258370.7071908,g11.hpc.coe,43337,0.5001,0,100.0,2035.0,12288.0,23139284231,23762017937,24848196,25697350,1186184,0,0,0,0,0,0,0,0,0,0,0,0,955,79,3,2,0,0,0,0,0,0,0,0,0
1779258371.2072828,g11.hpc.coe,43337,0.5001,0,100.0,2035.0,12288.0,23139285306,23762018071,24848201,25697353,1186184,0,0,0,0,0,0,0,0,0,0,0,0,1075,134,5,3,0,0,0,0,0,0,0,0,0
1779258371.707374,g11.hpc.coe,43337,0.5001,0,100.0,2035.0,12288.0,23139286347,23762018150,24848204,25697355,1186184,0,0,0,0,0,0,0,0,0,0,0,0,1041,79,3,2,0,0,0,0,0,0,0,0,0
1779258372.2074623,g11.hpc.coe,43337,0.5001,0,100.0,2035.0,12288.0,23139287453,23762018229,24848208,25697357,1186184,0,0,0,0,0,0,0,0,0,0,0,0,1106,79,4,2,0,0,0,0,0,0,0,0,0
1779258372.7075534,g11.hpc.coe,43337,0.5001,0,100.0,2035.0,12288.0,23139288602,23762018308,24848212,25697359,1186184,0,0,0,0,0,0,0,0,0,0,0,0,1149,79,4,2,0,0,0,0,0,0,0,0,0
1779258373.2076461,g11.hpc.coe,43337,0.5001,0,100.0,2035.0,12288.0,23153859258,23776611072,24862941,25712102,1186204,0,0,0,0,0,0,0,0,0,0,0,0,14570656,14592764,14729,14743,20,0,0,0,0,0,0,0,0
1779258373.7077386,g11.hpc.coe,43337,0.5001,0,100.0,2035.0,12288.0,23173988855,23796755538,24883123,25732296,1187020,0,0,0,0,0,0,0,0,0,0,0,0,20129597,20144466,20182,20194,816,0,0,0,0,0,0,0,0
1779258374.2078288,g11.hpc.coe,43337,0.5001,0,100.0,2035.0,12288.0,23173989075,23796755595,24883125,25732297,1187020,0,0,0,0,0,0,0,0,0,0,0,0,220,57,2,1,0,0,0,0,0,0,0,0,0
1779258374.707922,g11.hpc.coe,43337,0.5001,0,100.0,2035.0,12288.0,23173989337,23796755652,24883127,25732298,1187020,0,0,0,0,0,0,0,0,0,0,0,0,262,57,2,1,0,0,0,0,0,0,0,0,0
1779258375.20801,g11.hpc.coe,43337,0.5001,0,100.0,2035.0,12288.0,23173989642,23796755709,24883129,25732299,1187020,0,0,0,0,0,0,0,0,0,0,0,0,305,57,2,1,0,0,0,0,0,0,0,0,0
1779258375.708107,g11.hpc.coe,43337,0.5001,0,100.0,2035.0,12288.0,23173989989,23796755766,24883131,25732300,1187020,0,0,0,0,0,0,0,0,0,0,0,0,347,57,2,1,0,0,0,0,0,0,0,0,0
1779258376.2081966,g11.hpc.coe,43337,0.5001,0,100.0,2035.0,12288.0,23173990456,23796755878,24883135,25732302,1187020,0,0,0,0,0,0,0,0,0,0,0,0,467,112,4,2,0,0,0,0,0,0,0,0,0
1779258376.7082887,g11.hpc.coe,43337,0.5001,0,100.0,2035.0,12288.0,23173990889,23796755935,24883137,25732303,1187020,0,0,0,0,0,0,0,0,0,0,0,0,433,57,2,1,0,0,0,0,0,0,0,0,0
1779258377.2083783,g11.hpc.coe,43337,0.5001,0,100.0,2035.0,12288.0,23187992842,23810851329,24897524,25746932,1188442,0,0,0,0,0,0,0,0,0,0,0,0,14001953,14095394,14387,14629,1422,0,0,0,0,0,0,0,0
1779258377.7084672,g11.hpc.coe,43337,0.5001,0,100.0,2035.0,12288.0,23208691273,23831492783,24918031,25767232,1188460,0,0,0,0,0,0,0,0,0,0,0,0,20698431,20641454,20507,20300,18,0,0,0,0,0,0,0,0
1779258378.208556,g11.hpc.coe,43337,0.5001,0,100.0,2035.0,12288.0,23208691866,23831492862,24918034,25767234,1188460,0,0,0,0,0,0,0,0,0,0,0,0,593,79,3,2,0,0,0,0,0,0,0,0,0
1779258378.708643,g11.hpc.coe,43337,0.5001,0,100.0,2035.0,12288.0,23208692502,23831492941,24918037,25767236,1188460,0,0,0,0,0,0,0,0,0,0,0,0,636,79,3,2,0,0,0,0,0,0,0,0,0
1779258379.2087302,g11.hpc.coe,43337,0.5001,0,100.0,2035.0,12288.0,23208693180,23831493020,24918040,25767238,1188460,0,0,0,0,0,0,0,0,0,0,0,0,678,79,3,2,0,0,0,0,0,0,0,0,0
1779258379.7088187,g11.hpc.coe,43337,0.5001,0,100.0,2035.0,12288.0,23208693901,23831493099,24918043,25767240,1188460,0,0,0,0,0,0,0,0,0,0,0,0,721,79,3,2,0,0,0,0,0,0,0,0,0
1779258380.2089074,g11.hpc.coe,43337,0.5001,0,100.0,2035.0,12288.0,23208694665,23831493178,24918046,25767242,1188460,0,0,0,0,0,0,0,0,0,0,0,0,764,79,3,2,0,0,0,0,0,0,0,0,0
1779258380.7089965,g11.hpc.coe,43337,0.5001,0,100.0,2035.0,12288.0,23208695472,23831493257,24918049,25767244,1188460,0,0,0,0,0,0,0,0,0,0,0,0,807,79,3,2,0,0,0,0,0,0,0,0,0
1779258381.2090845,g11.hpc.coe,43337,0.5001,0,100.0,2035.0,12288.0,23216326407,23839138355,24925785,25775001,1188474,0,0,0,0,0,0,0,0,0,0,0,0,7630935,7645098,7736,7757,14,0,0,0,0,0,0,0,0
1779258381.709175,g11.hpc.coe,43337,0.5001,0,100.0,2035.0,12288.0,23243396558,23866230216,24952939,25802187,1191160,0,0,0,0,0,0,0,0,0,0,0,0,27070151,27091861,27154,27186,2686,0,0,0,0,0,0,0,0
1779258382.2092624,g11.hpc.coe,43337,0.5001,0,100.0,2035.0,12288.0,23243397502,23866230295,24952942,25802189,1191160,0,0,0,0,0,0,0,0,0,0,0,0,944,79,3,2,0,0,0,0,0,0,0,0,0
1779258382.7093503,g11.hpc.coe,43337,0.5001,0,100.0,2035.0,12288.0,23243398489,23866230374,24952945,25802191,1191160,0,0,0,0,0,0,0,0,0,0,0,0,987,79,3,2,0,0,0,0,0,0,0,0,0
1779258383.20944,g11.hpc.coe,43337,0.5001,0,100.0,2035.0,12288.0,23243399519,23866230453,24952948,25802193,1191160,0,0,0,0,0,0,0,0,0,0,0,0,1030,79,3,2,0,0,0,0,0,0,0,0,0
1779258383.7095299,g11.hpc.coe,43337,0.5001,0,100.0,2035.0,12288.0,23243400613,23866230532,24952952,25802195,1191160,0,0,0,0,0,0,0,0,0,0,0,0,1094,79,4,2,0,0,0,0,0,0,0,0,0
1779258384.2096176,g11.hpc.coe,43337,0.5001,0,100.0,2035.0,12288.0,23243401750,23866230611,24952956,25802197,1191160,0,0,0,0,0,0,0,0,0,0,0,0,1137,79,4,2,0,0,0,0,0,0,0,0,0
1779258384.7097075,g11.hpc.coe,43337,0.5001,0,100.0,2035.0,12288.0,23243402930,23866230690,24952960,25802199,1191160,0,0,0,0,0,0,0,0,0,0,0,0,1180,79,4,2,0,0,0,0,0,0,0,0,0
1779258385.2097986,g11.hpc.coe,43337,0.5001,0,100.0,2035.0,12288.0,23251033102,23873875697,24960692,25809952,1191165,0,0,0,0,0,0,0,0,0,0,0,0,7630172,7645007,7732,7753,5,0,0,0,0,0,0,0,0
1779258385.7099025,g11.hpc.coe,43337,0.5001,0,100.0,2035.0,12288.0,23278102551,23900967543,24987846,25837138,1191197,0,0,0,0,0,0,0,0,0,0,0,0,27069449,27091846,27154,27186,32,0,0,0,0,0,0,0,0
1779258386.2099962,g11.hpc.coe,43337,0.5001,0,100.0,2035.0,12288.0,23278102800,23900967600,24987848,25837139,1191197,0,0,0,0,0,0,0,0,0,0,0,0,249,57,2,1,0,0,0,0,0,0,0,0,0
1779258386.710085,g11.hpc.coe,43337,0.5001,0,100.0,2035.0,12288.0,23278103169,23900967712,24987852,25837141,1191197,0,0,0,0,0,0,0,0,0,0,0,0,369,112,4,2,0,0,0,0,0,0,0,0,0
1779258387.2101736,g11.hpc.coe,43337,0.5001,0,100.0,2035.0,12288.0,23278103504,23900967769,24987854,25837142,1191197,0,0,0,0,0,0,0,0,0,0,0,0,335,57,2,1,0,0,0,0,0,0,0,0,0
1779258387.710262,g11.hpc.coe,43337,0.5001,0,100.0,2035.0,12288.0,23278103882,23900967826,24987856,25837143,1191197,0,0,0,0,0,0,0,0,0,0,0,0,378,57,2,1,0,0,0,0,0,0,0,0,0
1779258388.210351,g11.hpc.coe,43337,0.5001,0,100.0,2035.0,12288.0,23278104925,23900968330,24987873,25837152,1191197,0,0,0,0,0,0,0,0,0,0,0,0,1043,504,17,9,0,0,0,0,0,0,0,0,0
1779258388.7104397,g11.hpc.coe,43337,0.5001,0,100.0,2035.0,12288.0,23278105388,23900968387,24987875,25837153,1191197,0,0,0,0,0,0,0,0,0,0,0,0,463,57,2,1,0,0,0,0,0,0,0,0,0
1779258389.2105296,g11.hpc.coe,43337,0.5001,0,100.0,2035.0,12288.0,23283723913,23907188612,24994026,25843764,1193737,0,0,0,0,0,0,0,0,0,0,0,0,5618525,6220225,6151,6611,2540,0,0,0,0,0,0,0,0
1779258389.710619,g11.hpc.coe,43337,0.5001,0,100.0,2035.0,12288.0,23312805803,23935705199,25022772,25872084,1194220,0,0,0,0,0,0,0,0,0,0,0,0,29081890,28516587,28746,28320,483,0,0,0,0,0,0,0,0
1779258390.2107074,g11.hpc.coe,43337,0.5001,0,100.0,2035.0,12288.0,23312806426,23935705278,25022775,25872086,1194220,0,0,0,0,0,0,0,0,0,0,0,0,623,79,3,2,0,0,0,0,0,0,0,0,0
1779258390.7107959,g11.hpc.coe,43337,0.5001,0,100.0,2035.0,12288.0,23312807092,23935705357,25022778,25872088,1194220,0,0,0,0,0,0,0,0,0,0,0,0,666,79,3,2,0,0,0,0,0,0,0,0,0
1779258391.2108846,g11.hpc.coe,43337,0.5001,0,100.0,2035.0,12288.0,23312807801,23935705436,25022781,25872090,1194220,0,0,0,0,0,0,0,0,0,0,0,0,709,79,3,2,0,0,0,0,0,0,0,0,0
1779258391.7109737,g11.hpc.coe,43337,0.5001,0,100.0,2035.0,12288.0,23312808629,23935705570,25022786,25872093,1194220,0,0,0,0,0,0,0,0,0,0,0,0,828,134,5,3,0,0,0,0,0,0,0,0,0
1779258392.2110693,g11.hpc.coe,43337,0.5001,0,100.0,2035.0,12288.0,23312809423,23935705649,25022789,25872095,1194220,0,0,0,0,0,0,0,0,0,0,0,0,794,79,3,2,0,0,0,0,0,0,0,0,0
1779258392.7111585,g11.hpc.coe,43337,0.5001,0,100.0,2035.0,12288.0,23312810260,23935705728,25022792,25872097,1194220,0,0,0,0,0,0,0,0,0,0,0,0,837,79,3,2,0,0,0,0,0,0,0,0,0
1779258393.2112496,g11.hpc.coe,43337,0.5001,0,100.0,2035.0,12288.0,23313501328,23936403405,25023552,25872863,1194220,0,0,0,0,0,0,0,0,0,0,0,0,691068,697677,760,766,0,0,0,0,0,0,0,0,0
1779258393.711339,g11.hpc.coe,43337,0.5001,0,100.0,2035.0,12288.0,23347511350,23970442618,25057683,25907037,1194248,0,0,0,0,0,0,0,0,0,0,0,0,34010022,34039213,34131,34174,28,0,0,0,0,0,0,0,0
1779258394.2114315,g11.hpc.coe,43337,0.5001,0,100.0,2035.0,12288.0,23347512323,23970442697,25057686,25907039,1194248,0,0,0,0,0,0,0,0,0,0,0,0,973,79,3,2,0,0,0,0,0,0,0,0,0
1779258394.7115228,g11.hpc.coe,43337,0.5001,0,100.0,2035.0,12288.0,23347513339,23970442776,25057689,25907041,1194248,0,0,0,0,0,0,0,0,0,0,0,0,1016,79,3,2,0,0,0,0,0,0,0,0,0
1779258395.2116098,g11.hpc.coe,43337,0.5001,0,100.0,2035.0,12288.0,23347514398,23970442855,25057692,25907043,1194248,0,0,0,0,0,0,0,0,0,0,0,0,1059,79,3,2,0,0,0,0,0,0,0,0,0
1779258395.711697,g11.hpc.coe,43337,0.5001,0,100.0,2035.0,12288.0,23347515522,23970442934,25057696,25907045,1194248,0,0,0,0,0,0,0,0,0,0,0,0,1124,79,4,2,0,0,0,0,0,0,0,0,0
1779258396.2117941,g11.hpc.coe,43337,0.5001,0,100.0,2035.0,12288.0,23347516688,23970443013,25057700,25907047,1194248,0,0,0,0,0,0,0,0,0,0,0,0,1166,79,4,2,0,0,0,0,0,0,0,0,0
1779258396.7118847,g11.hpc.coe,43337,0.5001,0,100.0,2035.0,12288.0,23347516906,23970443125,25057704,25907049,1194248,0,0,0,0,0,0,0,0,0,0,0,0,218,112,4,2,0,0,0,0,0,0,0,0,0
1779258397.2119727,g11.hpc.coe,43337,0.5001,0,100.0,2035.0,12288.0,23347517241,23970450743,25057714,25907065,1194248,0,0,0,0,0,0,0,0,0,0,0,0,335,7618,10,16,0,0,0,0,0,0,0,0,0
1779258397.7120645,g11.hpc.coe,43337,0.5001,0,100.0,2035.0,12288.0,23382216589,24005179908,25092591,25941978,1194729,0,0,0,0,0,0,0,0,0,0,0,0,34699348,34729165,34877,34913,481,0,0,0,0,0,0,0,0
1779258398.2121549,g11.hpc.coe,43337,0.5001,0,100.0,2035.0,12288.0,23382216865,24005179965,25092593,25941979,1194729,0,0,0,0,0,0,0,0,0,0,0,0,276,57,2,1,0,0,0,0,0,0,0,0,0
1779258398.712244,g11.hpc.coe,43337,0.5001,0,100.0,2035.0,12288.0,23382217184,24005180022,25092595,25941980,1194729,0,0,0,0,0,0,0,0,0,0,0,0,319,57,2,1,0,0,0,0,0,0,0,0,0
1779258399.212335,g11.hpc.coe,43337,0.5001,0,100.0,2035.0,12288.0,23382217545,24005180079,25092597,25941981,1194729,0,0,0,0,0,0,0,0,0,0,0,0,361,57,2,1,0,0,0,0,0,0,0,0,0
1779258399.7124252,g11.hpc.coe,43337,0.5001,0,100.0,2035.0,12288.0,23382217949,24005180136,25092599,25941982,1194729,0,0,0,0,0,0,0,0,0,0,0,0,404,57,2,1,0,0,0,0,0,0,0,0,0
1779258400.2125123,g11.hpc.coe,43337,0.5001,0,100.0,2035.0,12288.0,23382218396,24005180193,25092601,25941983,1194729,0,0,0,0,0,0,0,0,0,0,0,0,447,57,2,1,0,0,0,0,0,0,0,0,0
1779258400.7126017,g11.hpc.coe,43337,0.5001,0,100.0,2035.0,12288.0,23382218885,24005180250,25092603,25941984,1194729,0,0,0,0,0,0,0,0,0,0,0,0,489,57,2,1,0,0,0,0,0,0,0,0,0
1779258401.2126915,g11.hpc.coe,43337,0.5001,0,100.0,2035.0,12288.0,23382219417,24005180307,25092605,25941985,1194729,0,0,0,0,0,0,0,0,0,0,0,0,532,57,2,1,0,0,0,0,0,0,0,0,0
1779258401.7127852,g11.hpc.coe,43337,0.5001,0,100.0,2035.0,12288.0,23416919404,24039917124,25127499,25976917,1196457,0,0,0,0,0,0,0,0,0,0,0,0,34699987,34736817,34894,34932,1728,0,0,0,0,0,0,0,0
1779258402.212876,g11.hpc.coe,43337,0.5001,0,100.0,2035.0,12288.0,23416920049,24039917203,25127502,25976919,1196457,0,0,0,0,0,0,0,0,0,0,0,0,645,79,3,2,0,0,0,0,0,0,0,0,0
1779258402.7129674,g11.hpc.coe,43337,0.5001,0,100.0,2035.0,12288.0,23416920737,24039917282,25127505,25976921,1196457,0,0,0,0,0,0,0,0,0,0,0,0,688,79,3,2,0,0,0,0,0,0,0,0,0
1779258403.2130578,g11.hpc.coe,43337,0.5001,0,100.0,2035.0,12288.0,23416922347,24039918063,25127528,25976936,1196457,0,0,0,0,0,0,0,0,0,0,0,0,1610,781,23,15,0,0,0,0,0,0,0,0,0
1779258403.7131467,g11.hpc.coe,43337,0.5001,0,100.0,2035.0,12288.0,23416923143,24039918142,25127532,25976938,1196457,0,0,0,0,0,0,0,0,0,0,0,0,796,79,4,2,0,0,0,0,0,0,0,0,0
1779258404.2132382,g11.hpc.coe,43337,0.5001,0,100.0,2035.0,12288.0,23416923960,24039918221,25127535,25976940,1196457,0,0,0,0,0,0,0,0,0,0,0,0,817,79,3,2,0,0,0,0,0,0,0,0,0
1779258404.7133274,g11.hpc.coe,43337,0.5001,0,100.0,2035.0,12288.0,23416924820,24039918300,25127538,25976942,1196457,0,0,0,0,0,0,0,0,0,0,0,0,860,79,3,2,0,0,0,0,0,0,0,0,0
1779258405.213416,g11.hpc.coe,43337,0.5001,0,100.0,2035.0,12288.0,23416925722,24039918379,25127541,25976944,1196457,0,0,0,0,0,0,0,0,0,0,0,0,902,79,3,2,0,0,0,0,0,0,0,0,0
1779258405.7135053,g11.hpc.coe,43337,0.5001,0,100.0,2035.0,12288.0,23445376269,24068405422,25156207,26005656,1196484,0,0,0,0,0,0,0,0,0,0,0,0,28450547,28487043,28666,28712,27,0,0,0,0,0,0,0,0
1779258406.2135966,g11.hpc.coe,43337,0.5001,0,100.0,2035.0,12288.0,23451626931,24074655248,25162430,26011881,1197202,0,0,0,0,0,0,0,0,0,0,0,0,6250662,6249826,6223,6225,718,0,0,0,0,0,0,0,0
1779258406.713688,g11.hpc.coe,43337,0.5001,0,100.0,2035.0,12288.0,23451627971,24074655327,25162433,26011883,1197202,0,0,0,0,0,0,0,0,0,0,0,0,1040,79,3,2,0,0,0,0,0,0,0,0,0
1779258407.2137766,g11.hpc.coe,43337,0.5001,0,100.0,2035.0,12288.0,23451629152,24074655461,25162439,26011886,1197202,0,0,0,0,0,0,0,0,0,0,0,0,1181,134,6,3,0,0,0,0,0,0,0,0,0
1779258407.7138634,g11.hpc.coe,43337,0.5001,0,100.0,2035.0,12288.0,23451630300,24074655540,25162443,26011888,1197202,0,0,0,0,0,0,0,0,0,0,0,0,1148,79,4,2,0,0,0,0,0,0,0,0,0
1779258408.2139525,g11.hpc.coe,43337,0.5001,0,100.0,2035.0,12288.0,23451630423,24074655597,25162445,26011889,1197202,0,0,0,0,0,0,0,0,0,0,0,0,123,57,2,1,0,0,0,0,0,0,0,0,0
1779258408.71404,g11.hpc.coe,43337,0.5001,0,100.0,2035.0,12288.0,23451630588,24074655654,25162447,26011890,1197202,0,0,0,0,0,0,0,0,0,0,0,0,165,57,2,1,0,0,0,0,0,0,0,0,0
1779258409.2141292,g11.hpc.coe,43337,0.5001,0,100.0,2035.0,12288.0,23451630796,24074655711,25162449,26011891,1197202,0,0,0,0,0,0,0,0,0,0,0,0,208,57,2,1,0,0,0,0,0,0,0,0,0
1779258409.71422,g11.hpc.coe,43337,0.5001,0,100.0,2035.0,12288.0,23479390618,24102452660,25190366,26039848,1197222,0,0,0,0,0,0,0,0,0,0,0,0,27759822,27796949,27917,27957,20,0,0,0,0,0,0,0,0
1779258410.2143078,g11.hpc.coe,43337,0.5001,0,100.0,2035.0,12288.0,23486330622,24109392494,25197337,26046820,1197470,0,0,0,0,0,0,0,0,0,0,0,0,6940004,6939834,6971,6972,248,0,0,0,0,0,0,0,0
1779258410.714396,g11.hpc.coe,43337,0.5001,0,100.0,2035.0,12288.0,23486330967,24109392551,25197339,26046821,1197470,0,0,0,0,0,0,0,0,0,0,0,0,345,57,2,1,0,0,0,0,0,0,0,0,0
1779258411.2144868,g11.hpc.coe,43337,0.5001,0,100.0,2035.0,12288.0,23486331354,24109392608,25197341,26046822,1197470,0,0,0,0,0,0,0,0,0,0,0,0,387,57,2,1,0,0,0,0,0,0,0,0,0
1779258411.7145786,g11.hpc.coe,43337,0.5001,0,100.0,2035.0,12288.0,23486331784,24109392665,25197343,26046823,1197470,0,0,0,0,0,0,0,0,0,0,0,0,430,57,2,1,0,0,0,0,0,0,0,0,0
1779258412.21467,g11.hpc.coe,43337,0.5001,0,100.0,2035.0,12288.0,23486332334,24109392777,25197347,26046825,1197470,0,0,0,0,0,0,0,0,0,0,0,0,550,112,4,2,0,0,0,0,0,0,0,0,0
1779258412.7147584,g11.hpc.coe,43337,0.5001,0,100.0,2035.0,12288.0,23486332849,24109392834,25197349,26046826,1197470,0,0,0,0,0,0,0,0,0,0,0,0,515,57,2,1,0,0,0,0,0,0,0,0,0
1779258413.2148492,g11.hpc.coe,43337,0.5001,0,100.0,2035.0,12288.0,23486333429,24109392913,25197352,26046828,1197470,0,0,0,0,0,0,0,0,0,0,0,0,580,79,3,2,0,0,0,0,0,0,0,0,0
1779258413.7149365,g11.hpc.coe,43337,0.5001,0,100.0,2035.0,12288.0,23507843797,24130932562,25219041,26068546,1197489,0,0,0,0,0,0,0,0,0,0,0,0,21510368,21539649,21689,21718,19,0,0,0,0,0,0,0,0
1779258414.2150257,g11.hpc.coe,43337,0.5001,0,100.0,2035.0,12288.0,23521034000,24144129747,25232242,26081760,1198373,0,0,0,0,0,0,0,0,0,0,0,0,13190203,13197185,13201,13214,884,0,0,0,0,0,0,0,0
1779258414.7151148,g11.hpc.coe,43337,0.5001,0,100.0,2035.0,12288.0,23521034718,24144129826,25232245,26081762,1198373,0,0,0,0,0,0,0,0,0,0,0,0,718,79,3,2,0,0,0,0,0,0,0,0,0
1779258415.2152028,g11.hpc.coe,43337,0.5001,0,100.0,2035.0,12288.0,23521035479,24144129905,25232248,26081764,1198373,0,0,0,0,0,0,0,0,0,0,0,0,761,79,3,2,0,0,0,0,0,0,0,0,0
1779258415.7152896,g11.hpc.coe,43337,0.5001,0,100.0,2035.0,12288.0,23521036283,24144129984,25232251,26081766,1198373,0,0,0,0,0,0,0,0,0,0,0,0,804,79,3,2,0,0,0,0,0,0,0,0,0
1779258416.2153778,g11.hpc.coe,43337,0.5001,0,100.0,2035.0,12288.0,23521037130,24144130063,25232254,26081768,1198373,0,0,0,0,0,0,0,0,0,0,0,0,847,79,3,2,0,0,0,0,0,0,0,0,0
1779258416.7154663,g11.hpc.coe,43337,0.5001,0,100.0,2035.0,12288.0,23521038019,24144130142,25232257,26081770,1198373,0,0,0,0,0,0,0,0,0,0,0,0,889,79,3,2,0,0,0,0,0,0,0,0,0
1779258417.2155542,g11.hpc.coe,43337,0.5001,0,100.0,2035.0,12288.0,23521039028,24144130276,25232262,26081773,1198373,0,0,0,0,0,0,0,0,0,0,0,0,1009,134,5,3,0,0,0,0,0,0,0,0,0
1779258417.7156463,g11.hpc.coe,43337,0.5001,0,100.0,2035.0,12288.0,23542358260,24165657957,25253948,26103500,1198396,0,0,0,0,0,0,0,0,0,0,0,0,21319232,21527681,21686,21727,23,0,0,0,0,0,0,0,0
1779258418.2157369,g11.hpc.coe,43337,0.5001,0,100.0,2035.0,12288.0,23555740906,24178867606,25267164,26116720,1198408,0,0,0,0,0,0,0,0,0,0,0,0,13382646,13209649,13216,13220,12,0,0,0,0,0,0,0,0
1779258418.715826,g11.hpc.coe,43337,0.5001,0,100.0,2035.0,12288.0,23555741999,24178867685,25267168,26116722,1198408,0,0,0,0,0,0,0,0,0,0,0,0,1093,79,4,2,0,0,0,0,0,0,0,0,0
1779258419.2159176,g11.hpc.coe,43337,0.5001,0,100.0,2035.0,12288.0,23555743135,24178867764,25267172,26116724,1198408,0,0,0,0,0,0,0,0,0,0,0,0,1136,79,4,2,0,0,0,0,0,0,0,0,0
1779258419.7160046,g11.hpc.coe,43337,0.5001,0,100.0,2035.0,12288.0,23555744314,24178867843,25267176,26116726,1198408,0,0,0,0,0,0,0,0,0,0,0,0,1179,79,4,2,0,0,0,0,0,0,0,0,0
1779258420.2160945,g11.hpc.coe,43337,0.5001,0,100.0,2035.0,12288.0,23555744468,24178867900,25267178,26116727,1198408,0,0,0,0,0,0,0,0,0,0,0,0,154,57,2,1,0,0,0,0,0,0,0,0,0
1779258420.7161837,g11.hpc.coe,43337,0.5001,0,100.0,2035.0,12288.0,23555744664,24178867957,25267180,26116728,1198408,0,0,0,0,0,0,0,0,0,0,0,0,196,57,2,1,0,0,0,0,0,0,0,0,0
1779258421.2162724,g11.hpc.coe,43337,0.5001,0,100.0,2035.0,12288.0,23555744903,24178868014,25267182,26116729,1198408,0,0,0,0,0,0,0,0,0,0,0,0,239,57,2,1,0,0,0,0,0,0,0,0,0
1779258421.716361,g11.hpc.coe,43337,0.5001,0,100.0,2035.0,12288.0,23570315101,24193460338,25281897,26131465,1198416,0,0,0,0,0,0,0,0,0,0,0,0,14570198,14592324,14715,14736,8,0,0,0,0,0,0,0,0
1779258422.2164516,g11.hpc.coe,43337,0.5001,0,100.0,2035.0,12288.0,23590444925,24213604880,25302080,26151663,1199498,0,0,0,0,0,0,0,0,0,0,0,0,20129824,20144542,20183,20198,1082,0,0,0,0,0,0,0,0
