timestamp,node_id,job_id,polling_interval_actual,gpu_index,gpu_util_pct,gpu_mem_used_mb,gpu_mem_total_mb,ib_port_xmit_data,ib_port_rcv_data,ib_port_xmit_packets,ib_port_rcv_packets,ib_port_xmit_wait,ib_port_xmit_discards,ib_excessive_buffer_overrun_errors,ib_link_downed,ib_link_error_recovery,ib_symbol_error,ib_local_link_integrity_errors,ib_port_rcv_remote_physical_errors,ib_port_rcv_errors,ib_sq_num_rnr,ib_sq_num_to,ib_rq_num_oos,ib_sq_num_oos,ib_port_xmit_data_delta,ib_port_rcv_data_delta,ib_port_xmit_packets_delta,ib_port_rcv_packets_delta,ib_port_xmit_wait_delta,ib_port_xmit_discards_delta,ib_excessive_buffer_overrun_errors_delta,ib_symbol_error_delta,ib_port_rcv_errors_delta,ib_sq_num_rnr_delta,ib_sq_num_to_delta,ib_rq_num_oos_delta,ib_sq_num_oos_delta,label
1779256722.3160596,g5.hpc.coe,43337,,0,0.0,0.0,12288.0,9102742736,9699827732,10696025,11506343,1225680,0,0,0,0,0,0,0,0,0,0,0,0,,,,,,,,,,,,,,network_stall
1779256722.8161805,g5.hpc.coe,43337,0.5001,0,0.0,0.0,12288.0,9102750935,9699835574,10696178,11506494,1225680,0,0,0,0,0,0,0,0,0,0,0,0,8199,7842,153,151,0,0,0,0,0,0,0,0,0,network_stall
1779256723.316297,g5.hpc.coe,43337,0.5001,0,0.0,0.0,12288.0,9102836304,9699919670,10697807,11508123,1225680,0,0,0,0,0,0,0,0,0,0,0,0,85369,84096,1629,1629,0,0,0,0,0,0,0,0,0,network_stall
1779256723.8164139,g5.hpc.coe,43337,0.5001,0,0.0,0.0,12288.0,9102907973,9699990004,10699169,11509481,1225680,0,0,0,0,0,0,0,0,0,0,0,0,71669,70334,1362,1358,0,0,0,0,0,0,0,0,0,network_stall
1779256724.3165245,g5.hpc.coe,43337,0.5001,0,0.0,0.0,12288.0,9102946169,9700027281,10699895,11510198,1225680,0,0,0,0,0,0,0,0,0,0,0,0,38196,37277,726,717,0,0,0,0,0,0,0,0,0,network_stall
1779256724.8166654,g5.hpc.coe,43337,0.5001,0,0.0,0.0,12288.0,9102946648,9700027338,10699897,11510199,1225680,0,0,0,0,0,0,0,0,0,0,0,0,479,57,2,1,0,0,0,0,0,0,0,0,0,network_stall
1779256725.316815,g5.hpc.coe,43337,0.5001,0,0.0,0.0,12288.0,9102947168,9700027395,10699899,11510200,1225680,0,0,0,0,0,0,0,0,0,0,0,0,520,57,2,1,0,0,0,0,0,0,0,0,0,network_stall
1779256725.816922,g5.hpc.coe,43337,0.5001,0,0.0,13.0,12288.0,9102948229,9700027990,10699912,11510210,1225680,0,0,0,0,0,0,0,0,0,0,0,0,1061,595,13,10,0,0,0,0,0,0,0,0,0,network_stall
1779256726.317038,g5.hpc.coe,43337,0.5001,0,13.0,419.0,12288.0,9108209093,9705742500,10706248,11517380,1226427,0,0,0,0,0,0,0,0,0,0,0,0,5260864,5714510,6336,7170,747,0,0,0,0,0,0,0,0,network_stall
1779256726.8171434,g5.hpc.coe,43337,0.5001,0,0.0,419.0,12288.0,9108295801,9705827359,10707891,11519020,1226427,0,0,0,0,0,0,0,0,0,0,0,0,86708,84859,1643,1640,0,0,0,0,0,0,0,0,0,network_stall
1779256727.3172467,g5.hpc.coe,43337,0.5001,0,0.0,419.0,12288.0,9108357556,9705887747,10709064,11520189,1226427,0,0,0,0,0,0,0,0,0,0,0,0,61755,60388,1173,1169,0,0,0,0,0,0,0,0,0,network_stall
1779256727.8173473,g5.hpc.coe,43337,0.5001,0,100.0,523.0,12288.0,9108370917,9705900199,10709179,11520300,1226427,0,0,0,0,0,0,0,0,0,0,0,0,13361,12452,115,111,0,0,0,0,0,0,0,0,0,network_stall
1779256728.317464,g5.hpc.coe,43337,0.5001,0,74.0,2035.0,12288.0,9115310841,9713234099,10716113,11527961,1226428,0,0,0,0,0,0,0,0,0,0,0,0,6939924,7333900,6934,7661,1,0,0,0,0,0,0,0,0,network_stall
1779256728.817565,g5.hpc.coe,43337,0.5001,0,0.0,2035.0,12288.0,9115311710,9713234178,10716117,11527963,1226428,0,0,0,0,0,0,0,0,0,0,0,0,869,79,4,2,0,0,0,0,0,0,0,0,0,network_stall
1779256729.317701,g5.hpc.coe,43337,0.5001,0,0.0,2035.0,12288.0,9115312598,9713234257,10716120,11527965,1226428,0,0,0,0,0,0,0,0,0,0,0,0,888,79,3,2,0,0,0,0,0,0,0,0,0,network_stall
1779256729.817827,g5.hpc.coe,43337,0.5001,0,0.0,2035.0,12288.0,9115313528,9713234336,10716123,11527967,1226428,0,0,0,0,0,0,0,0,0,0,0,0,930,79,3,2,0,0,0,0,0,0,0,0,0,network_stall
1779256730.3179562,g5.hpc.coe,43337,0.5001,0,0.0,2035.0,12288.0,9115314499,9713234415,10716126,11527969,1226428,0,0,0,0,0,0,0,0,0,0,0,0,971,79,3,2,0,0,0,0,0,0,0,0,0,network_stall
1779256730.81808,g5.hpc.coe,43337,0.5001,0,0.0,2035.0,12288.0,9115315511,9713234494,10716129,11527971,1226428,0,0,0,0,0,0,0,0,0,0,0,0,1012,79,3,2,0,0,0,0,0,0,0,0,0,network_stall
1779256731.3182044,g5.hpc.coe,43337,0.5001,0,0.0,2035.0,12288.0,9115316634,9713234642,10716135,11527976,1226428,0,0,0,0,0,0,0,0,0,0,0,0,1123,148,6,5,0,0,0,0,0,0,0,0,0,network_stall
1779256731.818339,g5.hpc.coe,43337,0.5001,0,0.0,2035.0,12288.0,9115317752,9713234721,10716139,11527978,1226428,0,0,0,0,0,0,0,0,0,0,0,0,1118,79,4,2,0,0,0,0,0,0,0,0,0,network_stall
1779256732.3184404,g5.hpc.coe,43337,0.5001,0,69.0,2035.0,12288.0,9129911952,9727848068,10730919,11542804,1226431,0,0,0,0,0,0,0,0,0,0,0,0,14594200,14613347,14780,14826,3,0,0,0,0,0,0,0,0,network_stall
1779256732.8185682,g5.hpc.coe,43337,0.5001,0,12.0,2035.0,12288.0,9150056514,9747979650,10751118,11562991,1226439,0,0,0,0,0,0,0,0,0,0,0,0,20144562,20131582,20199,20187,8,0,0,0,0,0,0,0,0,network_stall
1779256733.3186967,g5.hpc.coe,43337,0.5001,0,0.0,2035.0,12288.0,9150056698,9747979707,10751120,11562992,1226439,0,0,0,0,0,0,0,0,0,0,0,0,184,57,2,1,0,0,0,0,0,0,0,0,0,network_stall
1779256733.8188295,g5.hpc.coe,43337,0.5001,0,0.0,2035.0,12288.0,9150056924,9747979764,10751122,11562993,1226439,0,0,0,0,0,0,0,0,0,0,0,0,226,57,2,1,0,0,0,0,0,0,0,0,0,network_stall
1779256734.3189561,g5.hpc.coe,43337,0.5001,0,0.0,2035.0,12288.0,9150057814,9747980268,10751139,11563002,1226439,0,0,0,0,0,0,0,0,0,0,0,0,890,504,17,9,0,0,0,0,0,0,0,0,0,network_stall
1779256734.8190558,g5.hpc.coe,43337,0.5001,0,0.0,2035.0,12288.0,9150058123,9747980325,10751141,11563003,1226439,0,0,0,0,0,0,0,0,0,0,0,0,309,57,2,1,0,0,0,0,0,0,0,0,0,network_stall
1779256735.319189,g5.hpc.coe,43337,0.5001,0,0.0,2035.0,12288.0,9150058474,9747980382,10751143,11563004,1226439,0,0,0,0,0,0,0,0,0,0,0,0,351,57,2,1,0,0,0,0,0,0,0,0,0,network_stall
1779256735.8193269,g5.hpc.coe,43337,0.5001,0,0.0,2035.0,12288.0,9150058866,9747980439,10751145,11563005,1226439,0,0,0,0,0,0,0,0,0,0,0,0,392,57,2,1,0,0,0,0,0,0,0,0,0,network_stall
1779256736.3194578,g5.hpc.coe,43337,0.5001,0,0.0,2035.0,12288.0,9150059299,9747980496,10751147,11563006,1226439,0,0,0,0,0,0,0,0,0,0,0,0,433,57,2,1,0,0,0,0,0,0,0,0,0,network_stall
1779256736.8195508,g5.hpc.coe,43337,0.5001,0,100.0,2035.0,12288.0,9177857218,9775756448,10779135,11590975,1228428,0,0,0,0,0,0,0,0,0,0,0,0,27797919,27775952,27988,27969,1989,0,0,0,0,0,0,0,0,network_stall
1779256737.3196635,g5.hpc.coe,43337,0.5001,0,0.0,2035.0,12288.0,9184797316,9782690781,10786101,11597931,1228430,0,0,0,0,0,0,0,0,0,0,0,0,6940098,6934333,6966,6956,2,0,0,0,0,0,0,0,0,network_stall
1779256737.8197901,g5.hpc.coe,43337,0.5001,0,0.0,2035.0,12288.0,9184797983,9782690915,10786106,11597934,1228430,0,0,0,0,0,0,0,0,0,0,0,0,667,134,5,3,0,0,0,0,0,0,0,0,0,network_stall
1779256738.319916,g5.hpc.coe,43337,0.5001,0,0.0,2035.0,12288.0,9184798614,9782690994,10786109,11597936,1228430,0,0,0,0,0,0,0,0,0,0,0,0,631,79,3,2,0,0,0,0,0,0,0,0,0,network_stall
1779256738.8200486,g5.hpc.coe,43337,0.5001,0,0.0,2035.0,12288.0,9184799287,9782691073,10786112,11597938,1228430,0,0,0,0,0,0,0,0,0,0,0,0,673,79,3,2,0,0,0,0,0,0,0,0,0,network_stall
1779256739.320158,g5.hpc.coe,43337,0.5001,0,0.0,2035.0,12288.0,9184800001,9782691152,10786115,11597940,1228430,0,0,0,0,0,0,0,0,0,0,0,0,714,79,3,2,0,0,0,0,0,0,0,0,0,network_stall
1779256739.820292,g5.hpc.coe,43337,0.5001,0,0.0,2035.0,12288.0,9184800756,9782691231,10786118,11597942,1228430,0,0,0,0,0,0,0,0,0,0,0,0,755,79,3,2,0,0,0,0,0,0,0,0,0,network_stall
1779256740.3204205,g5.hpc.coe,43337,0.5001,0,0.0,2035.0,12288.0,9184801553,9782691310,10786121,11597944,1228430,0,0,0,0,0,0,0,0,0,0,0,0,797,79,3,2,0,0,0,0,0,0,0,0,0,network_stall
1779256740.8205469,g5.hpc.coe,43337,0.5001,0,0.0,2035.0,12288.0,9184810289,9782869107,10786160,11598141,1228430,0,0,0,0,0,0,0,0,0,0,0,0,8736,177797,39,197,0,0,0,0,0,0,0,0,0,network_stall
1779256741.3206596,g5.hpc.coe,43337,0.5001,0,100.0,2035.0,12288.0,9219540216,9817401646,10821066,11632872,1228436,0,0,0,0,0,0,0,0,0,0,0,0,34729927,34532539,34906,34731,6,0,0,0,0,0,0,0,0,network_stall
1779256741.8207684,g5.hpc.coe,43337,0.5001,0,0.0,2035.0,12288.0,9219541144,9817401725,10821069,11632874,1228436,0,0,0,0,0,0,0,0,0,0,0,0,928,79,3,2,0,0,0,0,0,0,0,0,0,network_stall
1779256742.32091,g5.hpc.coe,43337,0.5001,0,0.0,2035.0,12288.0,9219542114,9817401804,10821072,11632876,1228436,0,0,0,0,0,0,0,0,0,0,0,0,970,79,3,2,0,0,0,0,0,0,0,0,0,network_stall
1779256742.8210166,g5.hpc.coe,43337,0.5001,0,0.0,2035.0,12288.0,9219543125,9817401883,10821075,11632878,1228436,0,0,0,0,0,0,0,0,0,0,0,0,1011,79,3,2,0,0,0,0,0,0,0,0,0,network_stall
1779256743.3211458,g5.hpc.coe,43337,0.5001,0,0.0,2035.0,12288.0,9219544255,9817402017,10821080,11632881,1228436,0,0,0,0,0,0,0,0,0,0,0,0,1130,134,5,3,0,0,0,0,0,0,0,0,0,network_stall
1779256743.8212848,g5.hpc.coe,43337,0.5001,0,0.0,2035.0,12288.0,9219545372,9817402096,10821084,11632883,1228436,0,0,0,0,0,0,0,0,0,0,0,0,1117,79,4,2,0,0,0,0,0,0,0,0,0,network_stall
1779256744.3214152,g5.hpc.coe,43337,0.5001,0,0.0,2035.0,12288.0,9219546530,9817402175,10821088,11632885,1228436,0,0,0,0,0,0,0,0,0,0,0,0,1158,79,4,2,0,0,0,0,0,0,0,0,0,network_stall
1779256744.8215258,g5.hpc.coe,43337,0.5001,0,0.0,2035.0,12288.0,9219546662,9817402232,10821090,11632886,1228436,0,0,0,0,0,0,0,0,0,0,0,0,132,57,2,1,0,0,0,0,0,0,0,0,0,network_stall
1779256745.3216493,g5.hpc.coe,43337,0.5001,0,100.0,2035.0,12288.0,9249344681,9847243621,10851682,11663480,1228458,0,0,0,0,0,0,0,0,0,0,0,0,29798019,29841389,30592,30594,22,0,0,0,0,0,0,0,0,network_stall
1779256745.821764,g5.hpc.coe,43337,0.5001,0,0.0,2035.0,12288.0,9254284070,9852112531,10856043,11667813,1228460,0,0,0,0,0,0,0,0,0,0,0,0,4939389,4868910,4361,4333,2,0,0,0,0,0,0,0,0,network_stall
1779256746.3218756,g5.hpc.coe,43337,0.5001,0,0.0,2035.0,12288.0,9254284336,9852112588,10856045,11667814,1228460,0,0,0,0,0,0,0,0,0,0,0,0,266,57,2,1,0,0,0,0,0,0,0,0,0,network_stall
1779256746.8219335,g5.hpc.coe,43337,0.5001,0,0.0,2035.0,12288.0,9254284643,9852112645,10856047,11667815,1228460,0,0,0,0,0,0,0,0,0,0,0,0,307,57,2,1,0,0,0,0,0,0,0,0,0,network_stall
1779256747.3220909,g5.hpc.coe,43337,0.5002,0,0.0,2035.0,12288.0,9254284992,9852112702,10856049,11667816,1228460,0,0,0,0,0,0,0,0,0,0,0,0,349,57,2,1,0,0,0,0,0,0,0,0,0,network_stall
1779256747.8222098,g5.hpc.coe,43337,0.5001,0,0.0,2035.0,12288.0,9254285382,9852112759,10856051,11667817,1228460,0,0,0,0,0,0,0,0,0,0,0,0,390,57,2,1,0,0,0,0,0,0,0,0,0,network_stall
1779256748.3223283,g5.hpc.coe,43337,0.5001,0,0.0,2035.0,12288.0,9254285891,9852112871,10856055,11667819,1228460,0,0,0,0,0,0,0,0,0,0,0,0,509,112,4,2,0,0,0,0,0,0,0,0,0,network_stall
1779256748.8224661,g5.hpc.coe,43337,0.5001,0,0.0,2035.0,12288.0,9254286364,9852112928,10856057,11667820,1228460,0,0,0,0,0,0,0,0,0,0,0,0,473,57,2,1,0,0,0,0,0,0,0,0,0,network_stall
1779256749.3225937,g5.hpc.coe,43337,0.5001,0,100.0,2035.0,12288.0,9282774969,9880576200,10884807,11696536,1228468,0,0,0,0,0,0,0,0,0,0,0,0,28488605,28463272,28750,28716,8,0,0,0,0,0,0,0,0,network_stall
1779256749.8227315,g5.hpc.coe,43337,0.5001,0,0.0,2035.0,12288.0,9289025106,9886823675,10891027,11702753,1228469,0,0,0,0,0,0,0,0,0,0,0,0,6250137,6247475,6220,6217,1,0,0,0,0,0,0,0,0,network_stall
1779256750.322868,g5.hpc.coe,43337,0.5001,0,0.0,2035.0,12288.0,9289025735,9886823754,10891030,11702755,1228469,0,0,0,0,0,0,0,0,0,0,0,0,629,79,3,2,0,0,0,0,0,0,0,0,0,network_stall
1779256750.8230033,g5.hpc.coe,43337,0.5001,0,0.0,2035.0,12288.0,9289026405,9886823833,10891033,11702757,1228469,0,0,0,0,0,0,0,0,0,0,0,0,670,79,3,2,0,0,0,0,0,0,0,0,0,network_stall
1779256751.3231435,g5.hpc.coe,43337,0.5001,0,0.0,2035.0,12288.0,9289027117,9886823912,10891036,11702759,1228469,0,0,0,0,0,0,0,0,0,0,0,0,712,79,3,2,0,0,0,0,0,0,0,0,0,network_stall
1779256751.8232648,g5.hpc.coe,43337,0.5001,0,0.0,2035.0,12288.0,9289027870,9886823991,10891039,11702761,1228469,0,0,0,0,0,0,0,0,0,0,0,0,753,79,3,2,0,0,0,0,0,0,0,0,0,network_stall
1779256752.3234038,g5.hpc.coe,43337,0.5001,0,0.0,2035.0,12288.0,9289028665,9886824070,10891042,11702763,1228469,0,0,0,0,0,0,0,0,0,0,0,0,795,79,3,2,0,0,0,0,0,0,0,0,0,network_stall
1779256752.8235161,g5.hpc.coe,43337,0.5001,0,0.0,2035.0,12288.0,9289029501,9886824149,10891045,11702765,1228469,0,0,0,0,0,0,0,0,0,0,0,0,836,79,3,2,0,0,0,0,0,0,0,0,0,network_stall
1779256753.32363,g5.hpc.coe,43337,0.5001,0,100.0,2035.0,12288.0,9313429432,9912000956,10916255,11728554,1228776,0,0,0,0,0,0,0,0,0,0,0,0,24399931,25176807,25210,25789,307,0,0,0,0,0,0,0,0,network_stall
1779256753.8237627,g5.hpc.coe,43337,0.5001,0,0.0,2035.0,12288.0,9323768414,9921534617,10926005,11737705,1229088,0,0,0,0,0,0,0,0,0,0,0,0,10338982,9533661,9750,9151,312,0,0,0,0,0,0,0,0,network_stall
1779256754.3238964,g5.hpc.coe,43337,0.5001,0,0.0,2035.0,12288.0,9323769384,9921534696,10926008,11737707,1229088,0,0,0,0,0,0,0,0,0,0,0,0,970,79,3,2,0,0,0,0,0,0,0,0,0,network_stall
1779256754.8240116,g5.hpc.coe,43337,0.5001,0,0.0,2035.0,12288.0,9323770396,9921534775,10926011,11737709,1229088,0,0,0,0,0,0,0,0,0,0,0,0,1012,79,3,2,0,0,0,0,0,0,0,0,0,network_stall
1779256755.324145,g5.hpc.coe,43337,0.5001,0,0.0,2035.0,12288.0,9323771450,9921534854,10926014,11737711,1229088,0,0,0,0,0,0,0,0,0,0,0,0,1054,79,3,2,0,0,0,0,0,0,0,0,0,network_stall
1779256755.8242788,g5.hpc.coe,43337,0.5001,0,0.0,2035.0,12288.0,9323772567,9921534933,10926018,11737713,1229088,0,0,0,0,0,0,0,0,0,0,0,0,1117,79,4,2,0,0,0,0,0,0,0,0,0,network_stall
1779256756.3244455,g5.hpc.coe,43337,0.5002,0,0.0,2035.0,12288.0,9323773726,9921535012,10926022,11737715,1229088,0,0,0,0,0,0,0,0,0,0,0,0,1159,79,4,2,0,0,0,0,0,0,0,0,0,network_stall
1779256756.8245766,g5.hpc.coe,43337,0.5001,0,0.0,2035.0,12288.0,9323773859,9921535069,10926024,11737716,1229088,0,0,0,0,0,0,0,0,0,0,0,0,133,57,2,1,0,0,0,0,0,0,0,0,0,network_stall
1779256757.3247135,g5.hpc.coe,43337,0.5001,0,100.0,2035.0,12288.0,9345314054,9943055920,10947763,11759448,1229780,0,0,0,0,0,0,0,0,0,0,0,0,21540195,21520851,21739,21732,692,0,0,0,0,0,0,0,0,network_stall
1779256757.8248816,g5.hpc.coe,43337,0.5002,0,0.0,2035.0,12288.0,9358511176,9956245389,10960964,11772646,1229783,0,0,0,0,0,0,0,0,0,0,0,0,13197122,13189469,13201,13198,3,0,0,0,0,0,0,0,0,network_stall
1779256758.3250153,g5.hpc.coe,43337,0.5001,0,0.0,2035.0,12288.0,9358511521,9956245501,10960968,11772648,1229783,0,0,0,0,0,0,0,0,0,0,0,0,345,112,4,2,0,0,0,0,0,0,0,0,0,network_stall
1779256758.8251293,g5.hpc.coe,43337,0.5001,0,0.0,2035.0,12288.0,9358511830,9956245558,10960970,11772649,1229783,0,0,0,0,0,0,0,0,0,0,0,0,309,57,2,1,0,0,0,0,0,0,0,0,0,network_stall
1779256759.3252647,g5.hpc.coe,43337,0.5001,0,0.0,2035.0,12288.0,9358512181,9956245615,10960972,11772650,1229783,0,0,0,0,0,0,0,0,0,0,0,0,351,57,2,1,0,0,0,0,0,0,0,0,0,network_stall
1779256759.8254108,g5.hpc.coe,43337,0.5001,0,0.0,2035.0,12288.0,9358512573,9956245672,10960974,11772651,1229783,0,0,0,0,0,0,0,0,0,0,0,0,392,57,2,1,0,0,0,0,0,0,0,0,0,network_stall
1779256760.325528,g5.hpc.coe,43337,0.5001,0,0.0,2035.0,12288.0,9358513007,9956245729,10960976,11772652,1229783,0,0,0,0,0,0,0,0,0,0,0,0,434,57,2,1,0,0,0,0,0,0,0,0,0,network_stall
1779256760.8256657,g5.hpc.coe,43337,0.5001,0,0.0,2035.0,12288.0,9358513482,9956245786,10960978,11772653,1229783,0,0,0,0,0,0,0,0,0,0,0,0,475,57,2,1,0,0,0,0,0,0,0,0,0,network_stall
1779256761.3257785,g5.hpc.coe,43337,0.5001,0,100.0,2035.0,12288.0,9378023051,9976512883,10981838,11793618,1230178,0,0,0,0,0,0,0,0,0,0,0,0,19509569,20267097,20860,20965,395,0,0,0,0,0,0,0,0,network_stall
1779256761.825897,g5.hpc.coe,43337,0.5001,0,0.0,2035.0,12288.0,9393251528,9990956142,10995922,11807586,1230182,0,0,0,0,0,0,0,0,0,0,0,0,15228477,14443259,14084,13968,4,0,0,0,0,0,0,0,0,network_stall
1779256762.3260398,g5.hpc.coe,43337,0.5001,0,0.0,2035.0,12288.0,9393252160,9990956221,10995925,11807588,1230182,0,0,0,0,0,0,0,0,0,0,0,0,632,79,3,2,0,0,0,0,0,0,0,0,0,network_stall
1779256762.826178,g5.hpc.coe,43337,0.5001,0,0.0,2035.0,12288.0,9393252833,9990956300,10995928,11807590,1230182,0,0,0,0,0,0,0,0,0,0,0,0,673,79,3,2,0,0,0,0,0,0,0,0,0,network_stall
1779256763.3263154,g5.hpc.coe,43337,0.5001,0,0.0,2035.0,12288.0,9393253548,9990956379,10995931,11807592,1230182,0,0,0,0,0,0,0,0,0,0,0,0,715,79,3,2,0,0,0,0,0,0,0,0,0,network_stall
1779256763.8264587,g5.hpc.coe,43337,0.5001,0,0.0,2035.0,12288.0,9393254359,9990956513,10995935,11807595,1230182,0,0,0,0,0,0,0,0,0,0,0,0,811,134,4,3,0,0,0,0,0,0,0,0,0,network_stall
1779256764.3265748,g5.hpc.coe,43337,0.5001,0,0.0,2035.0,12288.0,9393255780,9990957039,10995953,11807605,1230182,0,0,0,0,0,0,0,0,0,0,0,0,1421,526,18,10,0,0,0,0,0,0,0,0,0,network_stall
1779256764.8267128,g5.hpc.coe,43337,0.5001,0,0.0,2035.0,12288.0,9393256620,9990957118,10995956,11807607,1230182,0,0,0,0,0,0,0,0,0,0,0,0,840,79,3,2,0,0,0,0,0,0,0,0,0,network_stall
1779256765.3268394,g5.hpc.coe,43337,0.5001,0,100.0,2035.0,12288.0,9407850182,10005535898,11010715,11822347,1230223,0,0,0,0,0,0,0,0,0,0,0,0,14593562,14578780,14759,14740,41,0,0,0,0,0,0,0,0,network_stall
1779256765.8269563,g5.hpc.coe,43337,0.5001,0,0.0,2035.0,12288.0,9427995444,10025667405,11030911,11842528,1230228,0,0,0,0,0,0,0,0,0,0,0,0,20145262,20131507,20196,20181,5,0,0,0,0,0,0,0,0,network_stall
1779256766.327091,g5.hpc.coe,43337,0.5001,0,0.0,2035.0,12288.0,9427996420,10025667484,11030914,11842530,1230228,0,0,0,0,0,0,0,0,0,0,0,0,976,79,3,2,0,0,0,0,0,0,0,0,0,network_stall
1779256766.82721,g5.hpc.coe,43337,0.5001,0,0.0,2035.0,12288.0,9427997437,10025667563,11030917,11842532,1230228,0,0,0,0,0,0,0,0,0,0,0,0,1017,79,3,2,0,0,0,0,0,0,0,0,0,network_stall
1779256767.327331,g5.hpc.coe,43337,0.5001,0,0.0,2035.0,12288.0,9427998496,10025667642,11030920,11842534,1230228,0,0,0,0,0,0,0,0,0,0,0,0,1059,79,3,2,0,0,0,0,0,0,0,0,0,network_stall
1779256767.8274684,g5.hpc.coe,43337,0.5001,0,0.0,2035.0,12288.0,9427999618,10025667721,11030924,11842536,1230228,0,0,0,0,0,0,0,0,0,0,0,0,1122,79,4,2,0,0,0,0,0,0,0,0,0,network_stall
1779256768.3276114,g5.hpc.coe,43337,0.5001,0,0.0,2035.0,12288.0,9428000782,10025667800,11030928,11842538,1230228,0,0,0,0,0,0,0,0,0,0,0,0,1164,79,4,2,0,0,0,0,0,0,0,0,0,network_stall
1779256768.8277533,g5.hpc.coe,43337,0.5001,0,0.0,2035.0,12288.0,9428000997,10025667912,11030932,11842540,1230228,0,0,0,0,0,0,0,0,0,0,0,0,215,112,4,2,0,0,0,0,0,0,0,0,0,network_stall
1779256769.3278909,g5.hpc.coe,43337,0.5001,0,83.0,2035.0,12288.0,9441903827,10039559804,11044942,11856541,1230615,0,0,0,0,0,0,0,0,0,0,0,0,13902830,13891892,14010,14001,387,0,0,0,0,0,0,0,0,network_stall
1779256769.8280241,g5.hpc.coe,43337,0.5001,0,0.0,2035.0,12288.0,9462738404,10060378211,11065883,11877467,1230624,0,0,0,0,0,0,0,0,0,0,0,0,20834577,20818407,20941,20926,9,0,0,0,0,0,0,0,0,network_stall
1779256770.3281598,g5.hpc.coe,43337,0.5001,0,0.0,2035.0,12288.0,9462738678,10060378268,11065885,11877468,1230624,0,0,0,0,0,0,0,0,0,0,0,0,274,57,2,1,0,0,0,0,0,0,0,0,0,network_stall
1779256770.8282952,g5.hpc.coe,43337,0.5001,0,0.0,2035.0,12288.0,9462738994,10060378325,11065887,11877469,1230624,0,0,0,0,0,0,0,0,0,0,0,0,316,57,2,1,0,0,0,0,0,0,0,0,0,network_stall
1779256771.3284347,g5.hpc.coe,43337,0.5001,0,0.0,2035.0,12288.0,9462739352,10060378382,11065889,11877470,1230624,0,0,0,0,0,0,0,0,0,0,0,0,358,57,2,1,0,0,0,0,0,0,0,0,0,network_stall
1779256771.828571,g5.hpc.coe,43337,0.5001,0,0.0,2035.0,12288.0,9462739751,10060378439,11065891,11877471,1230624,0,0,0,0,0,0,0,0,0,0,0,0,399,57,2,1,0,0,0,0,0,0,0,0,0,network_stall
1779256772.3286903,g5.hpc.coe,43337,0.5001,0,0.0,2035.0,12288.0,9462740192,10060378496,11065893,11877472,1230624,0,0,0,0,0,0,0,0,0,0,0,0,441,57,2,1,0,0,0,0,0,0,0,0,0,network_stall
1779256772.8288295,g5.hpc.coe,43337,0.5001,0,0.0,2035.0,12288.0,9462740675,10060378553,11065895,11877473,1230624,0,0,0,0,0,0,0,0,0,0,0,0,483,57,2,1,0,0,0,0,0,0,0,0,0,network_stall
1779256773.3289654,g5.hpc.coe,43337,0.5001,0,73.0,2035.0,12288.0,9470386447,10068015302,11073659,11885231,1230625,0,0,0,0,0,0,0,0,0,0,0,0,7645772,7636749,7764,7758,1,0,0,0,0,0,0,0,0,network_stall
1779256773.829084,g5.hpc.coe,43337,0.5001,0,3.0,2035.0,12288.0,9497478811,10095088929,11100841,11912402,1230630,0,0,0,0,0,0,0,0,0,0,0,0,27092364,27073627,27182,27171,5,0,0,0,0,0,0,0,0,network_stall
1779256774.3292289,g5.hpc.coe,43337,0.5001,0,0.0,2035.0,12288.0,9497479449,10095089008,11100844,11912404,1230630,0,0,0,0,0,0,0,0,0,0,0,0,638,79,3,2,0,0,0,0,0,0,0,0,0,network_stall
1779256774.82934,g5.hpc.coe,43337,0.5001,0,0.0,2035.0,12288.0,9497480129,10095089087,11100847,11912406,1230630,0,0,0,0,0,0,0,0,0,0,0,0,680,79,3,2,0,0,0,0,0,0,0,0,0,network_stall
1779256775.3294797,g5.hpc.coe,43337,0.5001,0,0.0,2035.0,12288.0,9497480850,10095089166,11100850,11912408,1230630,0,0,0,0,0,0,0,0,0,0,0,0,721,79,3,2,0,0,0,0,0,0,0,0,0,network_stall
1779256775.8296125,g5.hpc.coe,43337,0.5001,0,0.0,2035.0,12288.0,9497481613,10095089245,11100853,11912410,1230630,0,0,0,0,0,0,0,0,0,0,0,0,763,79,3,2,0,0,0,0,0,0,0,0,0,network_stall
1779256776.3297493,g5.hpc.coe,43337,0.5001,0,0.0,2035.0,12288.0,9497482418,10095089324,11100856,11912412,1230630,0,0,0,0,0,0,0,0,0,0,0,0,805,79,3,2,0,0,0,0,0,0,0,0,0,network_stall
1779256776.8298676,g5.hpc.coe,43337,0.5001,0,0.0,2035.0,12288.0,9497483265,10095089403,11100859,11912414,1230630,0,0,0,0,0,0,0,0,0,0,0,0,847,79,3,2,0,0,0,0,0,0,0,0,0,network_stall
1779256777.3299944,g5.hpc.coe,43337,0.5001,0,56.0,2035.0,12288.0,9504439427,10102039252,11107884,11919427,1232034,0,0,0,0,0,0,0,0,0,0,0,0,6956162,6949849,7025,7013,1404,0,0,0,0,0,0,0,0,network_stall
1779256777.8301456,g5.hpc.coe,43337,0.5002,0,26.0,2035.0,12288.0,9532222108,10129799781,11135815,11947348,1232038,0,0,0,0,0,0,0,0,0,0,0,0,27782681,27760529,27931,27921,4,0,0,0,0,0,0,0,0,network_stall
1779256778.3302813,g5.hpc.coe,43337,0.5001,0,0.0,2035.0,12288.0,9532223090,10129799860,11135818,11947350,1232038,0,0,0,0,0,0,0,0,0,0,0,0,982,79,3,2,0,0,0,0,0,0,0,0,0,network_stall
1779256778.8304179,g5.hpc.coe,43337,0.5001,0,0.0,2035.0,12288.0,9532224190,10129799994,11135823,11947353,1232038,0,0,0,0,0,0,0,0,0,0,0,0,1100,134,5,3,0,0,0,0,0,0,0,0,0,network_stall
1779256779.3305616,g5.hpc.coe,43337,0.5001,0,0.0,2035.0,12288.0,9532225901,10129800520,11135842,11947363,1232038,0,0,0,0,0,0,0,0,0,0,0,0,1711,526,19,10,0,0,0,0,0,0,0,0,0,network_stall
1779256779.8307076,g5.hpc.coe,43337,0.5001,0,0.0,2035.0,12288.0,9532227031,10129800599,11135846,11947365,1232038,0,0,0,0,0,0,0,0,0,0,0,0,1130,79,4,2,0,0,0,0,0,0,0,0,0,network_stall
1779256780.3308408,g5.hpc.coe,43337,0.5001,0,0.0,2035.0,12288.0,9532228203,10129800678,11135850,11947367,1232038,0,0,0,0,0,0,0,0,0,0,0,0,1172,79,4,2,0,0,0,0,0,0,0,0,0,network_stall
1779256780.8309574,g5.hpc.coe,43337,0.5001,0,0.0,2035.0,12288.0,9532228349,10129800735,11135852,11947368,1232038,0,0,0,0,0,0,0,0,0,0,0,0,146,57,2,1,0,0,0,0,0,0,0,0,0,network_stall
1779256781.3310614,g5.hpc.coe,43337,0.5001,0,0.0,2035.0,12288.0,9532926465,10131550220,11136638,11949168,1232542,0,0,0,0,0,0,0,0,0,0,0,0,698116,1749485,786,1800,504,0,0,0,0,0,0,0,0,network_stall
1779256781.8312018,g5.hpc.coe,43337,0.5001,0,100.0,2035.0,12288.0,9566965714,10164510992,11170795,11982289,1233058,0,0,0,0,0,0,0,0,0,0,0,0,34039249,32960772,34157,33121,516,0,0,0,0,0,0,0,0,network_stall
1779256782.3313346,g5.hpc.coe,43337,0.5001,0,0.0,2035.0,12288.0,9566966252,10164511304,11170802,11982295,1233058,0,0,0,0,0,0,0,0,0,0,0,0,538,312,7,6,0,0,0,0,0,0,0,0,0,network_stall
1779256782.8314729,g5.hpc.coe,43337,0.5001,0,0.0,2035.0,12288.0,9566966597,10164511361,11170805,11982296,1233058,0,0,0,0,0,0,0,0,0,0,0,0,345,57,3,1,0,0,0,0,0,0,0,0,0,network_stall
1779256783.3315876,g5.hpc.coe,43337,0.5001,0,0.0,2035.0,12288.0,9566966962,10164511418,11170807,11982297,1233058,0,0,0,0,0,0,0,0,0,0,0,0,365,57,2,1,0,0,0,0,0,0,0,0,0,network_stall
1779256783.831728,g5.hpc.coe,43337,0.5001,0,0.0,2035.0,12288.0,9566967369,10164511475,11170809,11982298,1233058,0,0,0,0,0,0,0,0,0,0,0,0,407,57,2,1,0,0,0,0,0,0,0,0,0,network_stall
1779256784.3318708,g5.hpc.coe,43337,0.5001,0,0.0,2035.0,12288.0,9566967817,10164511532,11170811,11982299,1233058,0,0,0,0,0,0,0,0,0,0,0,0,448,57,2,1,0,0,0,0,0,0,0,0,0,network_stall
1779256784.832009,g5.hpc.coe,43337,0.5001,0,0.0,2035.0,12288.0,9566968307,10164511589,11170813,11982300,1233058,0,0,0,0,0,0,0,0,0,0,0,0,490,57,2,1,0,0,0,0,0,0,0,0,0,network_stall
1779256785.3321202,g5.hpc.coe,43337,0.5001,0,0.0,2035.0,12288.0,9566976736,10164689378,11170851,11982498,1233058,0,0,0,0,0,0,0,0,0,0,0,0,8429,177789,38,198,0,0,0,0,0,0,0,0,0,network_stall
1779256785.8322556,g5.hpc.coe,43337,0.5001,0,100.0,2035.0,12288.0,9601706448,10199221854,11205767,12017220,1233063,0,0,0,0,0,0,0,0,0,0,0,0,34729712,34532476,34916,34722,5,0,0,0,0,0,0,0,0,network_stall
1779256786.3323956,g5.hpc.coe,43337,0.5001,0,0.0,2035.0,12288.0,9601707092,10199221933,11205770,12017222,1233063,0,0,0,0,0,0,0,0,0,0,0,0,644,79,3,2,0,0,0,0,0,0,0,0,0,network_stall
1779256786.832536,g5.hpc.coe,43337,0.5001,0,0.0,2035.0,12288.0,9601707778,10199222012,11205773,12017224,1233063,0,0,0,0,0,0,0,0,0,0,0,0,686,79,3,2,0,0,0,0,0,0,0,0,0,network_stall
1779256787.3326743,g5.hpc.coe,43337,0.5001,0,0.0,2035.0,12288.0,9601708505,10199222091,11205776,12017226,1233063,0,0,0,0,0,0,0,0,0,0,0,0,727,79,3,2,0,0,0,0,0,0,0,0,0,network_stall
1779256787.8328068,g5.hpc.coe,43337,0.5001,0,0.0,2035.0,12288.0,9601709274,10199222170,11205779,12017228,1233063,0,0,0,0,0,0,0,0,0,0,0,0,769,79,3,2,0,0,0,0,0,0,0,0,0,network_stall
1779256788.3329434,g5.hpc.coe,43337,0.5001,0,0.0,2035.0,12288.0,9601710085,10199222249,11205782,12017230,1233063,0,0,0,0,0,0,0,0,0,0,0,0,811,79,3,2,0,0,0,0,0,0,0,0,0,network_stall
1779256788.8330827,g5.hpc.coe,43337,0.5001,0,0.0,2035.0,12288.0,9601710938,10199222328,11205785,12017232,1233063,0,0,0,0,0,0,0,0,0,0,0,0,853,79,3,2,0,0,0,0,0,0,0,0,0,network_stall
1779256789.333215,g5.hpc.coe,43337,0.5001,0,0.0,2035.0,12288.0,9601711909,10199222462,11205790,12017235,1233063,0,0,0,0,0,0,0,0,0,0,0,0,971,134,5,3,0,0,0,0,0,0,0,0,0,network_stall
1779256789.8333435,g5.hpc.coe,43337,0.5001,0,100.0,2035.0,12288.0,9636449809,10233932740,11240735,12052164,1233318,0,0,0,0,0,0,0,0,0,0,0,0,34737900,34710278,34945,34929,255,0,0,0,0,0,0,0,0,network_stall
1779256790.3334804,g5.hpc.coe,43337,0.5001,0,0.0,2035.0,12288.0,9636450793,10233932819,11240738,12052166,1233318,0,0,0,0,0,0,0,0,0,0,0,0,984,79,3,2,0,0,0,0,0,0,0,0,0,network_stall
1779256790.83362,g5.hpc.coe,43337,0.5001,0,0.0,2035.0,12288.0,9636451818,10233932898,11240741,12052168,1233318,0,0,0,0,0,0,0,0,0,0,0,0,1025,79,3,2,0,0,0,0,0,0,0,0,0,network_stall
1779256791.3337703,g5.hpc.coe,43337,0.5002,0,0.0,2035.0,12288.0,9636452907,10233932977,11240745,12052170,1233318,0,0,0,0,0,0,0,0,0,0,0,0,1089,79,4,2,0,0,0,0,0,0,0,0,0,network_stall
1779256791.833908,g5.hpc.coe,43337,0.5001,0,0.0,2035.0,12288.0,9636454038,10233933056,11240749,12052172,1233318,0,0,0,0,0,0,0,0,0,0,0,0,1131,79,4,2,0,0,0,0,0,0,0,0,0,network_stall
1779256792.3340425,g5.hpc.coe,43337,0.5001,0,0.0,2035.0,12288.0,9636455211,10233933135,11240753,12052174,1233318,0,0,0,0,0,0,0,0,0,0,0,0,1173,79,4,2,0,0,0,0,0,0,0,0,0,network_stall
1779256792.8341835,g5.hpc.coe,43337,0.5001,0,0.0,2035.0,12288.0,9636455358,10233933192,11240755,12052175,1233318,0,0,0,0,0,0,0,0,0,0,0,0,147,57,2,1,0,0,0,0,0,0,0,0,0,network_stall
1779256793.3343275,g5.hpc.coe,43337,0.5001,0,0.0,2035.0,12288.0,9636455546,10233933249,11240757,12052176,1233318,0,0,0,0,0,0,0,0,0,0,0,0,188,57,2,1,0,0,0,0,0,0,0,0,0,network_stall
1779256793.8344576,g5.hpc.coe,43337,0.5001,0,100.0,2035.0,12288.0,9664943194,10262396116,11269485,12080890,1233321,0,0,0,0,0,0,0,0,0,0,0,0,28487648,28462867,28728,28714,3,0,0,0,0,0,0,0,0,network_stall
1779256794.3345764,g5.hpc.coe,43337,0.5001,0,0.0,2035.0,12288.0,9671193717,10268644057,11275720,12087113,1233322,0,0,0,0,0,0,0,0,0,0,0,0,6250523,6247941,6235,6223,1,0,0,0,0,0,0,0,0,network_stall
1779256794.8347232,g5.hpc.coe,43337,0.5001,0,0.0,2035.0,12288.0,9671194040,10268644114,11275722,12087114,1233322,0,0,0,0,0,0,0,0,0,0,0,0,323,57,2,1,0,0,0,0,0,0,0,0,0,network_stall
1779256795.3348746,g5.hpc.coe,43337,0.5002,0,0.0,2035.0,12288.0,9671194404,10268644171,11275724,12087115,1233322,0,0,0,0,0,0,0,0,0,0,0,0,364,57,2,1,0,0,0,0,0,0,0,0,0,network_stall
1779256795.8349903,g5.hpc.coe,43337,0.5001,0,0.0,2035.0,12288.0,9671194810,10268644228,11275726,12087116,1233322,0,0,0,0,0,0,0,0,0,0,0,0,406,57,2,1,0,0,0,0,0,0,0,0,0,network_stall
1779256796.335129,g5.hpc.coe,43337,0.5001,0,0.0,2035.0,12288.0,9671195258,10268644285,11275728,12087117,1233322,0,0,0,0,0,0,0,0,0,0,0,0,448,57,2,1,0,0,0,0,0,0,0,0,0,network_stall
1779256796.8352628,g5.hpc.coe,43337,0.5001,0,0.0,2035.0,12288.0,9671197091,10268645224,11275758,12087132,1233322,0,0,0,0,0,0,0,0,0,0,0,0,1833,939,30,15,0,0,0,0,0,0,0,0,0,network_stall
1779256797.3353887,g5.hpc.coe,43337,0.5001,0,0.0,2035.0,12288.0,9671197623,10268645281,11275760,12087133,1233322,0,0,0,0,0,0,0,0,0,0,0,0,532,57,2,1,0,0,0,0,0,0,0,0,0,network_stall
1779256797.8355184,g5.hpc.coe,43337,0.5001,0,100.0,2035.0,12288.0,9698995649,10296421241,11303747,12115101,1237046,0,0,0,0,0,0,0,0,0,0,0,0,27798026,27775960,27987,27968,3724,0,0,0,0,0,0,0,0,network_stall
1779256798.3356707,g5.hpc.coe,43337,0.5002,0,0.0,2035.0,12288.0,9705935827,10303355624,11310708,12122062,1237048,0,0,0,0,0,0,0,0,0,0,0,0,6940178,6934383,6961,6961,2,0,0,0,0,0,0,0,0,network_stall
1779256798.8358188,g5.hpc.coe,43337,0.5001,0,0.0,2035.0,12288.0,9705936516,10303355703,11310711,12122064,1237048,0,0,0,0,0,0,0,0,0,0,0,0,689,79,3,2,0,0,0,0,0,0,0,0,0,network_stall
1779256799.3359518,g5.hpc.coe,43337,0.5001,0,0.0,2035.0,12288.0,9705937324,10303355837,11310716,12122067,1237048,0,0,0,0,0,0,0,0,0,0,0,0,808,134,5,3,0,0,0,0,0,0,0,0,0,network_stall
1779256799.8360882,g5.hpc.coe,43337,0.5001,0,0.0,2035.0,12288.0,9705938097,10303355916,11310719,12122069,1237048,0,0,0,0,0,0,0,0,0,0,0,0,773,79,3,2,0,0,0,0,0,0,0,0,0,network_stall
1779256800.3362036,g5.hpc.coe,43337,0.5001,0,0.0,2035.0,12288.0,9705938912,10303355995,11310722,12122071,1237048,0,0,0,0,0,0,0,0,0,0,0,0,815,79,3,2,0,0,0,0,0,0,0,0,0,network_stall
1779256800.8363209,g5.hpc.coe,43337,0.5001,0,0.0,2035.0,12288.0,9705939768,10303356074,11310725,12122073,1237048,0,0,0,0,0,0,0,0,0,0,0,0,856,79,3,2,0,0,0,0,0,0,0,0,0,network_stall
1779256801.3364592,g5.hpc.coe,43337,0.5001,0,0.0,2035.0,12288.0,9705940666,10303356153,11310728,12122075,1237048,0,0,0,0,0,0,0,0,0,0,0,0,898,79,3,2,0,0,0,0,0,0,0,0,0,network_stall
1779256801.83659,g5.hpc.coe,43337,0.5001,0,100.0,2035.0,12288.0,9727481676,10324877033,11332475,12143809,1238873,0,0,0,0,0,0,0,0,0,0,0,0,21541010,21520880,21747,21734,1825,0,0,0,0,0,0,0,0,network_stall
1779256802.336714,g5.hpc.coe,43337,0.5001,0,0.0,2035.0,12288.0,9740682738,10338174206,11345750,12157244,1238981,0,0,0,0,0,0,0,0,0,0,0,0,13201062,13297173,13275,13435,108,0,0,0,0,0,0,0,0,network_stall
1779256802.83686,g5.hpc.coe,43337,0.5001,0,0.0,2035.0,12288.0,9740683772,10338174285,11345753,12157246,1238981,0,0,0,0,0,0,0,0,0,0,0,0,1034,79,3,2,0,0,0,0,0,0,0,0,0,network_stall
1779256803.3369946,g5.hpc.coe,43337,0.5001,0,0.0,2035.0,12288.0,9740684869,10338174364,11345757,12157248,1238981,0,0,0,0,0,0,0,0,0,0,0,0,1097,79,4,2,0,0,0,0,0,0,0,0,0,network_stall
1779256803.8371253,g5.hpc.coe,43337,0.5001,0,0.0,2035.0,12288.0,9740686008,10338174443,11345761,12157250,1238981,0,0,0,0,0,0,0,0,0,0,0,0,1139,79,4,2,0,0,0,0,0,0,0,0,0,network_stall
1779256804.33725,g5.hpc.coe,43337,0.5001,0,0.0,2035.0,12288.0,9740687244,10338174577,11345766,12157253,1238981,0,0,0,0,0,0,0,0,0,0,0,0,1236,134,5,3,0,0,0,0,0,0,0,0,0,network_stall
1779256804.8373652,g5.hpc.coe,43337,0.5001,0,0.0,2035.0,12288.0,9740687421,10338174634,11345769,12157254,1238981,0,0,0,0,0,0,0,0,0,0,0,0,177,57,3,1,0,0,0,0,0,0,0,0,0,network_stall
1779256805.3374949,g5.hpc.coe,43337,0.5001,0,0.0,2035.0,12288.0,9740687618,10338174691,11345771,12157255,1238981,0,0,0,0,0,0,0,0,0,0,0,0,197,57,2,1,0,0,0,0,0,0,0,0,0,network_stall
1779256805.837622,g5.hpc.coe,43337,0.5001,0,100.0,2035.0,12288.0,9761537897,10359008606,11366769,12178239,1239398,0,0,0,0,0,0,0,0,0,0,0,0,20850279,20833915,20998,20984,417,0,0,0,0,0,0,0,0,network_stall
1779256806.3377566,g5.hpc.coe,43337,0.5001,0,0.0,2035.0,12288.0,9775425107,10372884983,11380717,12192181,1239401,0,0,0,0,0,0,0,0,0,0,0,0,13887210,13876377,13948,13942,3,0,0,0,0,0,0,0,0,network_stall
1779256806.8378875,g5.hpc.coe,43337,0.5001,0,0.0,2035.0,12288.0,9775425439,10372885040,11380719,12192182,1239401,0,0,0,0,0,0,0,0,0,0,0,0,332,57,2,1,0,0,0,0,0,0,0,0,0,network_stall
1779256807.3380175,g5.hpc.coe,43337,0.5001,0,0.0,2035.0,12288.0,9775425813,10372885097,11380721,12192183,1239401,0,0,0,0,0,0,0,0,0,0,0,0,374,57,2,1,0,0,0,0,0,0,0,0,0,network_stall
1779256807.8381295,g5.hpc.coe,43337,0.5001,0,0.0,2035.0,12288.0,9775426229,10372885154,11380723,12192184,1239401,0,0,0,0,0,0,0,0,0,0,0,0,416,57,2,1,0,0,0,0,0,0,0,0,0,network_stall
1779256808.3382657,g5.hpc.coe,43337,0.5001,0,0.0,2035.0,12288.0,9775426687,10372885211,11380725,12192185,1239401,0,0,0,0,0,0,0,0,0,0,0,0,458,57,2,1,0,0,0,0,0,0,0,0,0,network_stall
1779256808.838417,g5.hpc.coe,43337,0.5002,0,0.0,2035.0,12288.0,9775427186,10372885268,11380727,12192186,1239401,0,0,0,0,0,0,0,0,0,0,0,0,499,57,2,1,0,0,0,0,0,0,0,0,0,network_stall
1779256809.3385308,g5.hpc.coe,43337,0.5001,0,0.0,2035.0,12288.0,9775428350,10372885772,11380744,12192195,1239401,0,0,0,0,0,0,0,0,0,0,0,0,1164,504,17,9,0,0,0,0,0,0,0,0,0,network_stall
1779256809.8386276,g5.hpc.coe,43337,0.5001,0,94.0,2035.0,12288.0,9790021712,10387464614,11395505,12206937,1239407,0,0,0,0,0,0,0,0,0,0,0,0,14593362,14578842,14761,14742,6,0,0,0,0,0,0,0,0,network_stall
1779256810.3387568,g5.hpc.coe,43337,0.5001,0,0.0,2035.0,12288.0,9810166697,10407596170,11415701,12227125,1239412,0,0,0,0,0,0,0,0,0,0,0,0,20144985,20131556,20196,20188,5,0,0,0,0,0,0,0,0,network_stall
1779256810.8388908,g5.hpc.coe,43337,0.5001,0,0.0,2035.0,12288.0,9810167396,10407596249,11415704,12227127,1239412,0,0,0,0,0,0,0,0,0,0,0,0,699,79,3,2,0,0,0,0,0,0,0,0,0,network_stall
1779256811.3390274,g5.hpc.coe,43337,0.5001,0,0.0,2035.0,12288.0,9810168136,10407596328,11415707,12227129,1239412,0,0,0,0,0,0,0,0,0,0,0,0,740,79,3,2,0,0,0,0,0,0,0,0,0,network_stall
1779256811.8391383,g5.hpc.coe,43337,0.5001,0,0.0,2035.0,12288.0,9810168918,10407596407,11415710,12227131,1239412,0,0,0,0,0,0,0,0,0,0,0,0,782,79,3,2,0,0,0,0,0,0,0,0,0,network_stall
1779256812.3392522,g5.hpc.coe,43337,0.5001,0,0.0,2035.0,12288.0,9810169742,10407596486,11415713,12227133,1239412,0,0,0,0,0,0,0,0,0,0,0,0,824,79,3,2,0,0,0,0,0,0,0,0,0,network_stall
1779256812.8393831,g5.hpc.coe,43337,0.5001,0,0.0,2035.0,12288.0,9810170608,10407596565,11415716,12227135,1239412,0,0,0,0,0,0,0,0,0,0,0,0,866,79,3,2,0,0,0,0,0,0,0,0,0,network_stall
1779256813.3395126,g5.hpc.coe,43337,0.5001,0,0.0,2035.0,12288.0,9810171515,10407596644,11415719,12227137,1239412,0,0,0,0,0,0,0,0,0,0,0,0,907,79,3,2,0,0,0,0,0,0,0,0,0,network_stall
1779256813.839656,g5.hpc.coe,43337,0.5001,0,0.0,2035.0,12288.0,9810172464,10407596723,11415722,12227139,1239412,0,0,0,0,0,0,0,0,0,0,0,0,949,79,3,2,0,0,0,0,0,0,0,0,0,network_stall
1779256814.339786,g5.hpc.coe,43337,0.5001,0,100.0,2035.0,12288.0,9837970871,10435372711,11443707,12255111,1239934,0,0,0,0,0,0,0,0,0,0,0,0,27798407,27775988,27985,27972,522,0,0,0,0,0,0,0,0,network_stall
1779256814.8399184,g5.hpc.coe,43337,0.5001,0,0.0,2035.0,12288.0,9844911555,10442307135,11450675,12262071,1239937,0,0,0,0,0,0,0,0,0,0,0,0,6940684,6934424,6968,6960,3,0,0,0,0,0,0,0,0,network_stall
1779256815.3400662,g5.hpc.coe,43337,0.5001,0,0.0,2035.0,12288.0,9844912660,10442307214,11450679,12262073,1239937,0,0,0,0,0,0,0,0,0,0,0,0,1105,79,4,2,0,0,0,0,0,0,0,0,0,network_stall
1779256815.8401954,g5.hpc.coe,43337,0.5001,0,0.0,2035.0,12288.0,9844913807,10442307293,11450683,12262075,1239937,0,0,0,0,0,0,0,0,0,0,0,0,1147,79,4,2,0,0,0,0,0,0,0,0,0,network_stall
1779256816.3403244,g5.hpc.coe,43337,0.5001,0,0.0,2035.0,12288.0,9844913928,10442307350,11450685,12262076,1239937,0,0,0,0,0,0,0,0,0,0,0,0,121,57,2,1,0,0,0,0,0,0,0,0,0,network_stall
1779256816.840463,g5.hpc.coe,43337,0.5001,0,0.0,2035.0,12288.0,9844914091,10442307407,11450687,12262077,1239937,0,0,0,0,0,0,0,0,0,0,0,0,163,57,2,1,0,0,0,0,0,0,0,0,0,network_stall
1779256817.3405738,g5.hpc.coe,43337,0.5001,0,0.0,2035.0,12288.0,9844914296,10442307464,11450689,12262078,1239937,0,0,0,0,0,0,0,0,0,0,0,0,205,57,2,1,0,0,0,0,0,0,0,0,0,network_stall
1779256817.8407028,g5.hpc.coe,43337,0.5001,0,0.0,2035.0,12288.0,9844914542,10442307521,11450691,12262079,1239937,0,0,0,0,0,0,0,0,0,0,0,0,246,57,2,1,0,0,0,0,0,0,0,0,0,network_stall
1779256818.3408308,g5.hpc.coe,43337,0.5001,0,100.0,2035.0,12288.0,9866454851,10463828386,11472430,12283813,1239942,0,0,0,0,0,0,0,0,0,0,0,0,21540309,21520865,21739,21734,5,0,0,0,0,0,0,0,0,network_stall
1779256818.840953,g5.hpc.coe,43337,0.5001,0,0.0,2035.0,12288.0,9879652157,10477017883,11485641,12297015,1239945,0,0,0,0,0,0,0,0,0,0,0,0,13197306,13189497,13211,13202,3,0,0,0,0,0,0,0,0,network_stall
1779256819.341063,g5.hpc.coe,43337,0.5001,0,0.0,2035.0,12288.0,9879652538,10477017940,11485643,12297016,1239945,0,0,0,0,0,0,0,0,0,0,0,0,381,57,2,1,0,0,0,0,0,0,0,0,0,network_stall
1779256819.8411944,g5.hpc.coe,43337,0.5001,0,0.0,2035.0,12288.0,9879653038,10477018052,11485647,12297018,1239945,0,0,0,0,0,0,0,0,0,0,0,0,500,112,4,2,0,0,0,0,0,0,0,0,0,network_stall
1779256820.3413064,g5.hpc.coe,43337,0.5001,0,0.0,2035.0,12288.0,9879653503,10477018109,11485649,12297019,1239945,0,0,0,0,0,0,0,0,0,0,0,0,465,57,2,1,0,0,0,0,0,0,0,0,0,network_stall
1779256820.8414397,g5.hpc.coe,43337,0.5001,0,0.0,2035.0,12288.0,9879654010,10477018166,11485651,12297020,1239945,0,0,0,0,0,0,0,0,0,0,0,0,507,57,2,1,0,0,0,0,0,0,0,0,0,network_stall
1779256821.3415685,g5.hpc.coe,43337,0.5001,0,0.0,2035.0,12288.0,9879654580,10477018245,11485654,12297022,1239945,0,0,0,0,0,0,0,0,0,0,0,0,570,79,3,2,0,0,0,0,0,0,0,0,0,network_stall
1779256821.8417046,g5.hpc.coe,43337,0.5001,0,0.0,2035.0,12288.0,9879655192,10477018324,11485657,12297024,1239945,0,0,0,0,0,0,0,0,0,0,0,0,612,79,3,2,0,0,0,0,0,0,0,0,0,network_stall
1779256822.3418381,g5.hpc.coe,43337,0.5001,0,100.0,2035.0,12288.0,9900505921,10497852289,11506661,12318013,1240522,0,0,0,0,0,0,0,0,0,0,0,0,20850729,20833965,21004,20989,577,0,0,0,0,0,0,0,0,network_stall
1779256822.841969,g5.hpc.coe,43337,0.5001,0,0.0,2035.0,12288.0,9914393742,10511728867,11520619,12331962,1240525,0,0,0,0,0,0,0,0,0,0,0,0,13887821,13876578,13958,13949,3,0,0,0,0,0,0,0,0,network_stall
1779256823.342106,g5.hpc.coe,43337,0.5001,0,0.0,2035.0,12288.0,9914394490,10511728946,11520622,12331964,1240525,0,0,0,0,0,0,0,0,0,0,0,0,748,79,3,2,0,0,0,0,0,0,0,0,0,network_stall
1779256823.842243,g5.hpc.coe,43337,0.5001,0,0.0,2035.0,12288.0,9914395279,10511729025,11520625,12331966,1240525,0,0,0,0,0,0,0,0,0,0,0,0,789,79,3,2,0,0,0,0,0,0,0,0,0,network_stall
1779256824.3423777,g5.hpc.coe,43337,0.5001,0,0.0,2035.0,12288.0,9914396733,10511729551,11520643,12331976,1240525,0,0,0,0,0,0,0,0,0,0,0,0,1454,526,18,10,0,0,0,0,0,0,0,0,0,network_stall
1779256824.8425093,g5.hpc.coe,43337,0.5001,0,0.0,2035.0,12288.0,9914397683,10511729685,11520648,12331979,1240525,0,0,0,0,0,0,0,0,0,0,0,0,950,134,5,3,0,0,0,0,0,0,0,0,0,network_stall
1779256825.342644,g5.hpc.coe,43337,0.5001,0,0.0,2035.0,12288.0,9914398598,10511729764,11520651,12331981,1240525,0,0,0,0,0,0,0,0,0,0,0,0,915,79,3,2,0,0,0,0,0,0,0,0,0,network_stall
1779256825.8427758,g5.hpc.coe,43337,0.5001,0,0.0,2035.0,12288.0,9914399555,10511729843,11520654,12331983,1240525,0,0,0,0,0,0,0,0,0,0,0,0,957,79,3,2,0,0,0,0,0,0,0,0,0,network_stall
1779256826.3428833,g5.hpc.coe,43337,0.5001,0,100.0,2035.0,12288.0,9928993206,10526308672,11535409,12346730,1240527,0,0,0,0,0,0,0,0,0,0,0,0,14593651,14578829,14755,14747,2,0,0,0,0,0,0,0,0,network_stall
1779256826.8430185,g5.hpc.coe,43337,0.5001,0,0.0,2035.0,12288.0,9949138557,10546440207,11555601,12366915,1240530,0,0,0,0,0,0,0,0,0,0,0,0,20145351,20131535,20192,20185,3,0,0,0,0,0,0,0,0,network_stall
1779256827.343152,g5.hpc.coe,43337,0.5001,0,0.0,2035.0,12288.0,9949139671,10546440286,11555605,12366917,1240530,0,0,0,0,0,0,0,0,0,0,0,0,1114,79,4,2,0,0,0,0,0,0,0,0,0,network_stall
1779256827.843291,g5.hpc.coe,43337,0.5001,0,0.0,2035.0,12288.0,9949140827,10546440365,11555609,12366919,1240530,0,0,0,0,0,0,0,0,0,0,0,0,1156,79,4,2,0,0,0,0,0,0,0,0,0,network_stall
1779256828.3434255,g5.hpc.coe,43337,0.5001,0,0.0,2035.0,12288.0,9949140957,10546440422,11555611,12366920,1240530,0,0,0,0,0,0,0,0,0,0,0,0,130,57,2,1,0,0,0,0,0,0,0,0,0,network_stall
1779256828.8435571,g5.hpc.coe,43337,0.5001,0,0.0,2035.0,12288.0,9949141289,10546440637,11555617,12366924,1240530,0,0,0,0,0,0,0,0,0,0,0,0,332,215,6,4,0,0,0,0,0,0,0,0,0,network_stall
1779256829.3436902,g5.hpc.coe,43337,0.5001,0,0.0,2035.0,12288.0,9949141502,10546440694,11555619,12366925,1240530,0,0,0,0,0,0,0,0,0,0,0,0,213,57,2,1,0,0,0,0,0,0,0,0,0,network_stall
1779256829.8438196,g5.hpc.coe,43337,0.5001,0,0.0,2035.0,12288.0,9949141757,10546440751,11555621,12366926,1240530,0,0,0,0,0,0,0,0,0,0,0,0,255,57,2,1,0,0,0,0,0,0,0,0,0,network_stall
1779256830.3439453,g5.hpc.coe,43337,0.5001,0,100.0,2035.0,12288.0,9963044760,10560332656,11569630,12380922,1241132,0,0,0,0,0,0,0,0,0,0,0,0,13903003,13891905,14009,13996,602,0,0,0,0,0,0,0,0,network_stall
1779256830.8440778,g5.hpc.coe,43337,0.5001,0,0.0,2035.0,12288.0,9983879460,10581151077,11590572,12401850,1241137,0,0,0,0,0,0,0,0,0,0,0,0,20834700,20818421,20942,20928,5,0,0,0,0,0,0,0,0,network_stall
1779256831.3442097,g5.hpc.coe,43337,0.5001,0,0.0,2035.0,12288.0,9983879851,10581151134,11590574,12401851,1241137,0,0,0,0,0,0,0,0,0,0,0,0,391,57,2,1,0,0,0,0,0,0,0,0,0,network_stall
1779256831.844352,g5.hpc.coe,43337,0.5001,0,0.0,2035.0,12288.0,9983880284,10581151191,11590576,12401852,1241137,0,0,0,0,0,0,0,0,0,0,0,0,433,57,2,1,0,0,0,0,0,0,0,0,0,network_stall
1779256832.3444622,g5.hpc.coe,43337,0.5001,0,0.0,2035.0,12288.0,9983880758,10581151248,11590578,12401853,1241137,0,0,0,0,0,0,0,0,0,0,0,0,474,57,2,1,0,0,0,0,0,0,0,0,0,network_stall
1779256832.8445966,g5.hpc.coe,43337,0.5001,0,0.0,2035.0,12288.0,9983881274,10581151305,11590580,12401854,1241137,0,0,0,0,0,0,0,0,0,0,0,0,516,57,2,1,0,0,0,0,0,0,0,0,0,network_stall
1779256833.3447204,g5.hpc.coe,43337,0.5001,0,0.0,2035.0,12288.0,9983881854,10581151384,11590583,12401856,1241137,0,0,0,0,0,0,0,0,0,0,0,0,580,79,3,2,0,0,0,0,0,0,0,0,0,network_stall
1779256833.8448951,g5.hpc.coe,43337,0.5002,0,0.0,2035.0,12288.0,9983882475,10581151463,11590586,12401858,1241137,0,0,0,0,0,0,0,0,0,0,0,0,621,79,3,2,0,0,0,0,0,0,0,0,0,network_stall
1779256834.3450289,g5.hpc.coe,43337,0.5001,0,90.0,2035.0,12288.0,9991528421,10588788269,11598356,12409622,1241138,0,0,0,0,0,0,0,0,0,0,0,0,7645946,7636806,7770,7764,1,0,0,0,0,0,0,0,0,network_stall
1779256834.845163,g5.hpc.coe,43337,0.5001,0,0.0,2035.0,12288.0,10018621020,10615861999,11625547,12436795,1241148,0,0,0,0,0,0,0,0,0,0,0,0,27092599,27073730,27191,27173,10,0,0,0,0,0,0,0,0,network_stall
1779256835.3453097,g5.hpc.coe,43337,0.5001,0,0.0,2035.0,12288.0,10018621853,10615862133,11625552,12436798,1241148,0,0,0,0,0,0,0,0,0,0,0,0,833,134,5,3,0,0,0,0,0,0,0,0,0,network_stall
1779256835.8454497,g5.hpc.coe,43337,0.5001,0,0.0,2035.0,12288.0,10018622651,10615862212,11625555,12436800,1241148,0,0,0,0,0,0,0,0,0,0,0,0,798,79,3,2,0,0,0,0,0,0,0,0,0,network_stall
1779256836.3455875,g5.hpc.coe,43337,0.5001,0,0.0,2035.0,12288.0,10018623491,10615862291,11625558,12436802,1241148,0,0,0,0,0,0,0,0,0,0,0,0,840,79,3,2,0,0,0,0,0,0,0,0,0,network_stall
1779256836.8457222,g5.hpc.coe,43337,0.5001,0,0.0,2035.0,12288.0,10018624373,10615862370,11625561,12436804,1241148,0,0,0,0,0,0,0,0,0,0,0,0,882,79,3,2,0,0,0,0,0,0,0,0,0,network_stall
1779256837.3458762,g5.hpc.coe,43337,0.5002,0,0.0,2035.0,12288.0,10018625297,10615862449,11625564,12436806,1241148,0,0,0,0,0,0,0,0,0,0,0,0,924,79,3,2,0,0,0,0,0,0,0,0,0,network_stall
1779256837.8460114,g5.hpc.coe,43337,0.5001,0,0.0,2035.0,12288.0,10018626263,10615862528,11625567,12436808,1241148,0,0,0,0,0,0,0,0,0,0,0,0,966,79,3,2,0,0,0,0,0,0,0,0,0,network_stall
1779256838.346124,g5.hpc.coe,43337,0.5001,0,69.0,2035.0,12288.0,10025582496,10622812370,11632585,12443820,1243319,0,0,0,0,0,0,0,0,0,0,0,0,6956233,6949842,7018,7012,2171,0,0,0,0,0,0,0,0,network_stall
1779256838.846273,g5.hpc.coe,43337,0.5001,0,100.0,2035.0,12288.0,10053365338,10650572885,11660522,12471739,1243333,0,0,0,0,0,0,0,0,0,0,0,0,27782842,27760515,27937,27919,14,0,0,0,0,0,0,0,0,network_stall
1779256839.3464155,g5.hpc.coe,43337,0.5001,0,0.0,2035.0,12288.0,10053367063,10650573433,11660540,12471750,1243333,0,0,0,0,0,0,0,0,0,0,0,0,1725,548,18,11,0,0,0,0,0,0,0,0,0,network_stall
1779256839.8465538,g5.hpc.coe,43337,0.5001,0,0.0,2035.0,12288.0,10053368230,10650573512,11660544,12471752,1243333,0,0,0,0,0,0,0,0,0,0,0,0,1167,79,4,2,0,0,0,0,0,0,0,0,0,network_stall
1779256840.346692,g5.hpc.coe,43337,0.5001,0,0.0,2035.0,12288.0,10053368448,10650573624,11660548,12471754,1243333,0,0,0,0,0,0,0,0,0,0,0,0,218,112,4,2,0,0,0,0,0,0,0,0,0,network_stall
1779256840.8468564,g5.hpc.coe,43337,0.5002,0,0.0,2035.0,12288.0,10053368631,10650573681,11660550,12471755,1243333,0,0,0,0,0,0,0,0,0,0,0,0,183,57,2,1,0,0,0,0,0,0,0,0,0,network_stall
1779256841.3469908,g5.hpc.coe,43337,0.5001,0,0.0,2035.0,12288.0,10053368856,10650573738,11660552,12471756,1243333,0,0,0,0,0,0,0,0,0,0,0,0,225,57,2,1,0,0,0,0,0,0,0,0,0,network_stall
1779256841.8471491,g5.hpc.coe,43337,0.5002,0,0.0,2035.0,12288.0,10053369123,10650573795,11660554,12471757,1243333,0,0,0,0,0,0,0,0,0,0,0,0,267,57,2,1,0,0,0,0,0,0,0,0,0,network_stall
1779256842.347276,g5.hpc.coe,43337,0.5001,0,0.0,2035.0,12288.0,10054067624,10652323549,11661346,12473564,1243335,0,0,0,0,0,0,0,0,0,0,0,0,698501,1749754,792,1807,2,0,0,0,0,0,0,0,0,network_stall
1779256842.8473926,g5.hpc.coe,43337,0.5001,0,100.0,2035.0,12288.0,10088107120,10685284342,11695519,12506688,1243527,0,0,0,0,0,0,0,0,0,0,0,0,34039496,32960793,34173,33124,192,0,0,0,0,0,0,0,0,network_stall
1779256843.347507,g5.hpc.coe,43337,0.5001,0,0.0,2035.0,12288.0,10088107522,10685284399,11695521,12506689,1243527,0,0,0,0,0,0,0,0,0,0,0,0,402,57,2,1,0,0,0,0,0,0,0,0,0,network_stall
1779256843.8476424,g5.hpc.coe,43337,0.5001,0,0.0,2035.0,12288.0,10088107965,10685284456,11695523,12506690,1243527,0,0,0,0,0,0,0,0,0,0,0,0,443,57,2,1,0,0,0,0,0,0,0,0,0,network_stall
1779256844.3477576,g5.hpc.coe,43337,0.5001,0,0.0,2035.0,12288.0,10088108450,10685284513,11695525,12506691,1243527,0,0,0,0,0,0,0,0,0,0,0,0,485,57,2,1,0,0,0,0,0,0,0,0,0,network_stall
1779256844.8478703,g5.hpc.coe,43337,0.5001,0,0.0,2035.0,12288.0,10088108977,10685284570,11695527,12506692,1243527,0,0,0,0,0,0,0,0,0,0,0,0,527,57,2,1,0,0,0,0,0,0,0,0,0,network_stall
1779256845.348005,g5.hpc.coe,43337,0.5001,0,0.0,2035.0,12288.0,10088109645,10685284704,11695532,12506695,1243527,0,0,0,0,0,0,0,0,0,0,0,0,668,134,5,3,0,0,0,0,0,0,0,0,0,network_stall
1779256845.8481388,g5.hpc.coe,43337,0.5001,0,0.0,2035.0,12288.0,10088110278,10685284783,11695535,12506697,1243527,0,0,0,0,0,0,0,0,0,0,0,0,633,79,3,2,0,0,0,0,0,0,0,0,0,network_stall
1779256846.3482442,g5.hpc.coe,43337,0.5001,0,0.0,2035.0,12288.0,10088635461,10685979246,11696314,12507829,1243527,0,0,0,0,0,0,0,0,0,0,0,0,525183,694463,779,1132,0,0,0,0,0,0,0,0,0,network_stall
1779256846.8483837,g5.hpc.coe,43337,0.5001,0,100.0,2035.0,12288.0,10122848665,10719995091,11730487,12541621,1243535,0,0,0,0,0,0,0,0,0,0,0,0,34213204,34015845,34173,33792,8,0,0,0,0,0,0,0,0,network_stall
1779256847.3485007,g5.hpc.coe,43337,0.5001,0,0.0,2035.0,12288.0,10122849433,10719995170,11730490,12541623,1243535,0,0,0,0,0,0,0,0,0,0,0,0,768,79,3,2,0,0,0,0,0,0,0,0,0,network_stall
1779256847.8486404,g5.hpc.coe,43337,0.5001,0,0.0,2035.0,12288.0,10122850243,10719995249,11730493,12541625,1243535,0,0,0,0,0,0,0,0,0,0,0,0,810,79,3,2,0,0,0,0,0,0,0,0,0,network_stall
1779256848.348779,g5.hpc.coe,43337,0.5001,0,0.0,2035.0,12288.0,10122851095,10719995328,11730496,12541627,1243535,0,0,0,0,0,0,0,0,0,0,0,0,852,79,3,2,0,0,0,0,0,0,0,0,0,network_stall
1779256848.8489158,g5.hpc.coe,43337,0.5001,0,0.0,2035.0,12288.0,10122851988,10719995407,11730499,12541629,1243535,0,0,0,0,0,0,0,0,0,0,0,0,893,79,3,2,0,0,0,0,0,0,0,0,0,network_stall
1779256849.3490574,g5.hpc.coe,43337,0.5001,0,0.0,2035.0,12288.0,10122852923,10719995486,11730502,12541631,1243535,0,0,0,0,0,0,0,0,0,0,0,0,935,79,3,2,0,0,0,0,0,0,0,0,0,network_stall
1779256849.849198,g5.hpc.coe,43337,0.5001,0,0.0,2035.0,12288.0,10122853900,10719995565,11730505,12541633,1243535,0,0,0,0,0,0,0,0,0,0,0,0,977,79,3,2,0,0,0,0,0,0,0,0,0,network_stall
1779256850.349336,g5.hpc.coe,43337,0.5001,0,0.0,2035.0,12288.0,10122854919,10719995644,11730508,12541635,1243535,0,0,0,0,0,0,0,0,0,0,0,0,1019,79,3,2,0,0,0,0,0,0,0,0,0,network_stall
1779256850.8494718,g5.hpc.coe,43337,0.5001,0,100.0,2035.0,12288.0,10157593084,10754705921,11765464,12576557,1243631,0,0,0,0,0,0,0,0,0,0,0,0,34738165,34710277,34956,34922,96,0,0,0,0,0,0,0,0,network_stall
1779256851.3496032,g5.hpc.coe,43337,0.5001,0,0.0,2035.0,12288.0,10157594215,10754706000,11765468,12576559,1243631,0,0,0,0,0,0,0,0,0,0,0,0,1131,79,4,2,0,0,0,0,0,0,0,0,0,network_stall
1779256851.8497345,g5.hpc.coe,43337,0.5001,0,0.0,2035.0,12288.0,10157595388,10754706079,11765472,12576561,1243631,0,0,0,0,0,0,0,0,0,0,0,0,1173,79,4,2,0,0,0,0,0,0,0,0,0,network_stall
1779256852.349866,g5.hpc.coe,43337,0.5001,0,0.0,2035.0,12288.0,10157595535,10754706136,11765474,12576562,1243631,0,0,0,0,0,0,0,0,0,0,0,0,147,57,2,1,0,0,0,0,0,0,0,0,0,network_stall
1779256852.850001,g5.hpc.coe,43337,0.5001,0,0.0,2035.0,12288.0,10157595724,10754706193,11765476,12576563,1243631,0,0,0,0,0,0,0,0,0,0,0,0,189,57,2,1,0,0,0,0,0,0,0,0,0,network_stall
1779256853.3501348,g5.hpc.coe,43337,0.5001,0,0.0,2035.0,12288.0,10157595955,10754706250,11765478,12576564,1243631,0,0,0,0,0,0,0,0,0,0,0,0,231,57,2,1,0,0,0,0,0,0,0,0,0,network_stall
1779256853.8502705,g5.hpc.coe,43337,0.5001,0,0.0,2035.0,12288.0,10157596228,10754706307,11765480,12576565,1243631,0,0,0,0,0,0,0,0,0,0,0,0,273,57,2,1,0,0,0,0,0,0,0,0,0,network_stall
1779256854.3504112,g5.hpc.coe,43337,0.5001,0,0.0,2035.0,12288.0,10157597166,10754706811,11765497,12576574,1243631,0,0,0,0,0,0,0,0,0,0,0,0,938,504,17,9,0,0,0,0,0,0,0,0,0,network_stall
1779256854.8505409,g5.hpc.coe,43337,0.5001,0,100.0,2035.0,12288.0,10186084983,10783169608,11794231,12605278,1243639,0,0,0,0,0,0,0,0,0,0,0,0,28487817,28462797,28734,28704,8,0,0,0,0,0,0,0,0,network_stall
1779256855.3506782,g5.hpc.coe,43337,0.5001,0,0.0,2035.0,12288.0,10192334919,10789417075,11800447,12611496,1243642,0,0,0,0,0,0,0,0,0,0,0,0,6249936,6247467,6216,6218,3,0,0,0,0,0,0,0,0,network_stall
1779256855.8508189,g5.hpc.coe,43337,0.5001,0,0.0,2035.0,12288.0,10192335446,10789417187,11800451,12611498,1243642,0,0,0,0,0,0,0,0,0,0,0,0,527,112,4,2,0,0,0,0,0,0,0,0,0,network_stall
1779256856.3509595,g5.hpc.coe,43337,0.5001,0,0.0,2035.0,12288.0,10192335938,10789417244,11800453,12611499,1243642,0,0,0,0,0,0,0,0,0,0,0,0,492,57,2,1,0,0,0,0,0,0,0,0,0,network_stall
1779256856.8511033,g5.hpc.coe,43337,0.5001,0,0.0,2035.0,12288.0,10192336472,10789417301,11800455,12611500,1243642,0,0,0,0,0,0,0,0,0,0,0,0,534,57,2,1,0,0,0,0,0,0,0,0,0,network_stall
1779256857.3512416,g5.hpc.coe,43337,0.5001,0,0.0,2035.0,12288.0,10192337070,10789417380,11800458,12611502,1243642,0,0,0,0,0,0,0,0,0,0,0,0,598,79,3,2,0,0,0,0,0,0,0,0,0,network_stall
1779256857.8513672,g5.hpc.coe,43337,0.5001,0,0.0,2035.0,12288.0,10192337710,10789417459,11800461,12611504,1243642,0,0,0,0,0,0,0,0,0,0,0,0,640,79,3,2,0,0,0,0,0,0,0,0,0,network_stall
1779256858.3515027,g5.hpc.coe,43337,0.5001,0,0.0,2035.0,12288.0,10192338392,10789417538,11800464,12611506,1243642,0,0,0,0,0,0,0,0,0,0,0,0,682,79,3,2,0,0,0,0,0,0,0,0,0,network_stall
1779256858.8516288,g5.hpc.coe,43337,0.5001,0,100.0,2035.0,12288.0,10220309660,10817363685,11828813,12639934,1244012,0,0,0,0,0,0,0,0,0,0,0,0,27971268,27946147,28349,28428,370,0,0,0,0,0,0,0,0,network_stall
1779256859.351766,g5.hpc.coe,43337,0.5001,0,0.0,2035.0,12288.0,10227076887,10824127874,11835417,12646434,1244012,0,0,0,0,0,0,0,0,0,0,0,0,6767227,6764189,6604,6500,0,0,0,0,0,0,0,0,0,network_stall
1779256859.851902,g5.hpc.coe,43337,0.5001,0,0.0,2035.0,12288.0,10227077705,10824127953,11835420,12646436,1244012,0,0,0,0,0,0,0,0,0,0,0,0,818,79,3,2,0,0,0,0,0,0,0,0,0,network_stall
1779256860.35202,g5.hpc.coe,43337,0.5001,0,0.0,2035.0,12288.0,10227078564,10824128032,11835423,12646438,1244012,0,0,0,0,0,0,0,0,0,0,0,0,859,79,3,2,0,0,0,0,0,0,0,0,0,network_stall
1779256860.852135,g5.hpc.coe,43337,0.5001,0,0.0,2035.0,12288.0,10227079542,10824128166,11835428,12646441,1244012,0,0,0,0,0,0,0,0,0,0,0,0,978,134,5,3,0,0,0,0,0,0,0,0,0,network_stall
1779256861.3522716,g5.hpc.coe,43337,0.5001,0,0.0,2035.0,12288.0,10227080485,10824128245,11835431,12646443,1244012,0,0,0,0,0,0,0,0,0,0,0,0,943,79,3,2,0,0,0,0,0,0,0,0,0,network_stall
1779256861.8523934,g5.hpc.coe,43337,0.5001,0,0.0,2035.0,12288.0,10227081470,10824128324,11835434,12646445,1244012,0,0,0,0,0,0,0,0,0,0,0,0,985,79,3,2,0,0,0,0,0,0,0,0,0,network_stall
1779256862.3525326,g5.hpc.coe,43337,0.5001,0,0.0,2035.0,12288.0,10227082497,10824128403,11835437,12646447,1244012,0,0,0,0,0,0,0,0,0,0,0,0,1027,79,3,2,0,0,0,0,0,0,0,0,0,network_stall
1779256862.8526642,g5.hpc.coe,43337,0.5001,0,100.0,2035.0,12288.0,10248623630,10845649255,11857181,12668177,1244015,0,0,0,0,0,0,0,0,0,0,0,0,21541133,21520852,21744,21730,3,0,0,0,0,0,0,0,0,network_stall
1779256863.352781,g5.hpc.coe,43337,0.5001,0,0.0,2035.0,12288.0,10261821711,10858838774,11870390,12681380,1244381,0,0,0,0,0,0,0,0,0,0,0,0,13198081,13189519,13209,13203,366,0,0,0,0,0,0,0,0,network_stall
1779256863.8529215,g5.hpc.coe,43337,0.5001,0,0.0,2035.0,12288.0,10261822896,10858838853,11870394,12681382,1244381,0,0,0,0,0,0,0,0,0,0,0,0,1185,79,4,2,0,0,0,0,0,0,0,0,0,network_stall
1779256864.35306,g5.hpc.coe,43337,0.5001,0,0.0,2035.0,12288.0,10261823056,10858838910,11870396,12681383,1244381,0,0,0,0,0,0,0,0,0,0,0,0,160,57,2,1,0,0,0,0,0,0,0,0,0,network_stall
1779256864.8531902,g5.hpc.coe,43337,0.5001,0,0.0,2035.0,12288.0,10261823257,10858838967,11870398,12681384,1244381,0,0,0,0,0,0,0,0,0,0,0,0,201,57,2,1,0,0,0,0,0,0,0,0,0,network_stall
1779256865.3533206,g5.hpc.coe,43337,0.5001,0,0.0,2035.0,12288.0,10261823500,10858839024,11870400,12681385,1244381,0,0,0,0,0,0,0,0,0,0,0,0,243,57,2,1,0,0,0,0,0,0,0,0,0,network_stall
1779256865.8534532,g5.hpc.coe,43337,0.5001,0,0.0,2035.0,12288.0,10261823862,10858839136,11870404,12681387,1244381,0,0,0,0,0,0,0,0,0,0,0,0,362,112,4,2,0,0,0,0,0,0,0,0,0,network_stall
1779256866.3535783,g5.hpc.coe,43337,0.5001,0,0.0,2035.0,12288.0,10261824189,10858839193,11870406,12681388,1244381,0,0,0,0,0,0,0,0,0,0,0,0,327,57,2,1,0,0,0,0,0,0,0,0,0,network_stall
1779256866.8536882,g5.hpc.coe,43337,0.5001,0,100.0,2035.0,12288.0,10283364628,10880359974,11892152,12703110,1245978,0,0,0,0,0,0,0,0,0,0,0,0,21540439,21520781,21746,21722,1597,0,0,0,0,0,0,0,0,network_stall
1779256867.3538177,g5.hpc.coe,43337,0.5001,0,0.0,2035.0,12288.0,10296561988,10893549471,11905359,12716312,1245982,0,0,0,0,0,0,0,0,0,0,0,0,13197360,13189497,13207,13202,4,0,0,0,0,0,0,0,0,network_stall
1779256867.8539438,g5.hpc.coe,43337,0.5001,0,0.0,2035.0,12288.0,10296562452,10893549528,11905361,12716313,1245982,0,0,0,0,0,0,0,0,0,0,0,0,464,57,2,1,0,0,0,0,0,0,0,0,0,network_stall
1779256868.354076,g5.hpc.coe,43337,0.5001,0,0.0,2035.0,12288.0,10296562958,10893549585,11905363,12716314,1245982,0,0,0,0,0,0,0,0,0,0,0,0,506,57,2,1,0,0,0,0,0,0,0,0,0,network_stall
1779256868.8542044,g5.hpc.coe,43337,0.5001,0,0.0,2035.0,12288.0,10296563528,10893549664,11905366,12716316,1245982,0,0,0,0,0,0,0,0,0,0,0,0,570,79,3,2,0,0,0,0,0,0,0,0,0,network_stall
1779256869.3543532,g5.hpc.coe,43337,0.5001,0,0.0,2035.0,12288.0,10296564763,10893550190,11905384,12716326,1245982,0,0,0,0,0,0,0,0,0,0,0,0,1235,526,18,10,0,0,0,0,0,0,0,0,0,network_stall
1779256869.8544903,g5.hpc.coe,43337,0.5001,0,0.0,2035.0,12288.0,10296565418,10893550269,11905387,12716328,1245982,0,0,0,0,0,0,0,0,0,0,0,0,655,79,3,2,0,0,0,0,0,0,0,0,0,network_stall
1779256870.3545969,g5.hpc.coe,43337,0.5001,0,0.0,2035.0,12288.0,10296566115,10893550348,11905390,12716330,1245982,0,0,0,0,0,0,0,0,0,0,0,0,697,79,3,2,0,0,0,0,0,0,0,0,0,network_stall
1779256870.8547187,g5.hpc.coe,43337,0.5001,0,100.0,2035.0,12288.0,10311159541,10908129170,11920150,12731076,1249059,0,0,0,0,0,0,0,0,0,0,0,0,14593426,14578822,14760,14746,3077,0,0,0,0,0,0,0,0,network_stall
1779256871.354874,g5.hpc.coe,43337,0.5002,0,0.0,2035.0,12288.0,10331304786,10928260767,11940357,12751263,1249093,0,0,0,0,0,0,0,0,0,0,0,0,20145245,20131597,20207,20187,34,0,0,0,0,0,0,0,0,network_stall
1779256871.8550084,g5.hpc.coe,43337,0.5001,0,0.0,2035.0,12288.0,10331305620,10928260846,11940360,12751265,1249093,0,0,0,0,0,0,0,0,0,0,0,0,834,79,3,2,0,0,0,0,0,0,0,0,0,network_stall
1779256872.3551402,g5.hpc.coe,43337,0.5001,0,0.0,2035.0,12288.0,10331306496,10928260925,11940363,12751267,1249093,0,0,0,0,0,0,0,0,0,0,0,0,876,79,3,2,0,0,0,0,0,0,0,0,0,network_stall
1779256872.8552127,g5.hpc.coe,43337,0.5001,0,0.0,2035.0,12288.0,10331307414,10928261004,11940366,12751269,1249093,0,0,0,0,0,0,0,0,0,0,0,0,918,79,3,2,0,0,0,0,0,0,0,0,0,network_stall
1779256873.3553283,g5.hpc.coe,43337,0.5001,0,0.0,2035.0,12288.0,10331308374,10928261083,11940369,12751271,1249093,0,0,0,0,0,0,0,0,0,0,0,0,960,79,3,2,0,0,0,0,0,0,0,0,0,network_stall
1779256873.8554597,g5.hpc.coe,43337,0.5001,0,0.0,2035.0,12288.0,10331309376,10928261162,11940372,12751273,1249093,0,0,0,0,0,0,0,0,0,0,0,0,1002,79,3,2,0,0,0,0,0,0,0,0,0,network_stall
1779256874.35559,g5.hpc.coe,43337,0.5001,0,0.0,2035.0,12288.0,10331310420,10928261241,11940375,12751275,1249093,0,0,0,0,0,0,0,0,0,0,0,0,1044,79,3,2,0,0,0,0,0,0,0,0,0,network_stall
1779256874.855726,g5.hpc.coe,43337,0.5001,0,97.0,2035.0,12288.0,10345904194,10942840063,11955133,12766021,1249096,0,0,0,0,0,0,0,0,0,0,0,0,14593774,14578822,14758,14746,3,0,0,0,0,0,0,0,0,network_stall
1779256875.355867,g5.hpc.coe,43337,0.5001,0,0.0,2035.0,12288.0,10366049688,10962971619,11975331,12786209,1249096,0,0,0,0,0,0,0,0,0,0,0,0,20145494,20131556,20198,20188,0,0,0,0,0,0,0,0,0,network_stall
1779256875.8559978,g5.hpc.coe,43337,0.5001,0,0.0,2035.0,12288.0,10366049821,10962971676,11975333,12786210,1249096,0,0,0,0,0,0,0,0,0,0,0,0,133,57,2,1,0,0,0,0,0,0,0,0,0,network_stall
1779256876.356114,g5.hpc.coe,43337,0.5001,0,0.0,2035.0,12288.0,10366050073,10962971788,11975337,12786212,1249096,0,0,0,0,0,0,0,0,0,0,0,0,252,112,4,2,0,0,0,0,0,0,0,0,0,network_stall
1779256876.856247,g5.hpc.coe,43337,0.5001,0,0.0,2035.0,12288.0,10366050290,10962971845,11975339,12786213,1249096,0,0,0,0,0,0,0,0,0,0,0,0,217,57,2,1,0,0,0,0,0,0,0,0,0,network_stall
1779256877.3563802,g5.hpc.coe,43337,0.5001,0,0.0,2035.0,12288.0,10366050549,10962971902,11975341,12786214,1249096,0,0,0,0,0,0,0,0,0,0,0,0,259,57,2,1,0,0,0,0,0,0,0,0,0,network_stall
1779256877.8565154,g5.hpc.coe,43337,0.5001,0,0.0,2035.0,12288.0,10366050850,10962971959,11975343,12786215,1249096,0,0,0,0,0,0,0,0,0,0,0,0,301,57,2,1,0,0,0,0,0,0,0,0,0,network_stall
1779256878.356659,g5.hpc.coe,43337,0.5001,0,0.0,2035.0,12288.0,10366051193,10962972016,11975345,12786216,1249096,0,0,0,0,0,0,0,0,0,0,0,0,343,57,2,1,0,0,0,0,0,0,0,0,0,network_stall
1779256878.8567896,g5.hpc.coe,43337,0.5001,0,75.0,2035.0,12288.0,10378173736,10975338546,11988199,12799186,1249183,0,0,0,0,0,0,0,0,0,0,0,0,12122543,12366530,12854,12970,87,0,0,0,0,0,0,0,0,network_stall
1779256879.3569345,g5.hpc.coe,43337,0.5001,0,2.0,2035.0,12288.0,10400788966,10997682259,12010290,12821135,1249186,0,0,0,0,0,0,0,0,0,0,0,0,22615230,22343713,22091,21949,3,0,0,0,0,0,0,0,0,network_stall
1779256879.8570647,g5.hpc.coe,43337,0.5001,0,0.0,2035.0,12288.0,10400789444,10997682316,12010292,12821136,1249186,0,0,0,0,0,0,0,0,0,0,0,0,478,57,2,1,0,0,0,0,0,0,0,0,0,network_stall
1779256880.3572047,g5.hpc.coe,43337,0.5001,0,0.0,2035.0,12288.0,10400789964,10997682373,12010294,12821137,1249186,0,0,0,0,0,0,0,0,0,0,0,0,520,57,2,1,0,0,0,0,0,0,0,0,0,network_stall
1779256880.8573499,g5.hpc.coe,43337,0.5001,0,0.0,2035.0,12288.0,10400790548,10997682452,12010297,12821139,1249186,0,0,0,0,0,0,0,0,0,0,0,0,584,79,3,2,0,0,0,0,0,0,0,0,0,network_stall
1779256881.3575044,g5.hpc.coe,43337,0.5002,0,0.0,2035.0,12288.0,10400791251,10997682586,12010302,12821142,1249186,0,0,0,0,0,0,0,0,0,0,0,0,703,134,5,3,0,0,0,0,0,0,0,0,0,network_stall
1779256881.8576474,g5.hpc.coe,43337,0.5001,0,0.0,2035.0,12288.0,10400791920,10997682665,12010305,12821144,1249186,0,0,0,0,0,0,0,0,0,0,0,0,669,79,3,2,0,0,0,0,0,0,0,0,0,network_stall
1779256882.3577595,g5.hpc.coe,43337,0.5001,0,0.0,2035.0,12288.0,10400792631,10997682744,12010308,12821146,1249186,0,0,0,0,0,0,0,0,0,0,0,0,711,79,3,2,0,0,0,0,0,0,0,0,0,network_stall
1779256882.8578863,g5.hpc.coe,43337,0.5001,0,54.0,2035.0,12288.0,10408438660,11005319515,12018077,12828905,1249188,0,0,0,0,0,0,0,0,0,0,0,0,7646029,7636771,7769,7759,2,0,0,0,0,0,0,0,0,network_stall
1779256883.3580258,g5.hpc.coe,43337,0.5001,0,24.0,2035.0,12288.0,10435531196,11032393115,12045263,12856079,1249195,0,0,0,0,0,0,0,0,0,0,0,0,27092536,27073600,27186,27174,7,0,0,0,0,0,0,0,0,network_stall
1779256883.8581657,g5.hpc.coe,43337,0.5001,0,0.0,2035.0,12288.0,10435532042,11032393194,12045266,12856081,1249195,0,0,0,0,0,0,0,0,0,0,0,0,846,79,3,2,0,0,0,0,0,0,0,0,0,network_stall
1779256884.358297,g5.hpc.coe,43337,0.5001,0,0.0,2035.0,12288.0,10435533553,11032393720,12045284,12856091,1249195,0,0,0,0,0,0,0,0,0,0,0,0,1511,526,18,10,0,0,0,0,0,0,0,0,0,network_stall
1779256884.8584297,g5.hpc.coe,43337,0.5001,0,0.0,2035.0,12288.0,10435534483,11032393799,12045287,12856093,1249195,0,0,0,0,0,0,0,0,0,0,0,0,930,79,3,2,0,0,0,0,0,0,0,0,0,network_stall
1779256885.3585746,g5.hpc.coe,43337,0.5001,0,0.0,2035.0,12288.0,10435535455,11032393878,12045290,12856095,1249195,0,0,0,0,0,0,0,0,0,0,0,0,972,79,3,2,0,0,0,0,0,0,0,0,0,network_stall
1779256885.8587162,g5.hpc.coe,43337,0.5001,0,0.0,2035.0,12288.0,10435536469,11032393957,12045293,12856097,1249195,0,0,0,0,0,0,0,0,0,0,0,0,1014,79,3,2,0,0,0,0,0,0,0,0,0,network_stall
1779256886.358859,g5.hpc.coe,43337,0.5001,0,0.0,2035.0,12288.0,10435537603,11032394091,12045298,12856100,1249195,0,0,0,0,0,0,0,0,0,0,0,0,1134,134,5,3,0,0,0,0,0,0,0,0,0,network_stall
1779256886.8589683,g5.hpc.coe,43337,0.5001,0,33.0,2035.0,12288.0,10442493998,11039343975,12052324,12863118,1249204,0,0,0,0,0,0,0,0,0,0,0,0,6956395,6949884,7026,7018,9,0,0,0,0,0,0,0,0,network_stall
1779256887.3591037,g5.hpc.coe,43337,0.5001,0,44.0,2035.0,12288.0,10470276883,11067104476,12080252,12891035,1249208,0,0,0,0,0,0,0,0,0,0,0,0,27782885,27760501,27928,27917,4,0,0,0,0,0,0,0,0,network_stall
1779256887.8592348,g5.hpc.coe,43337,0.5001,0,0.0,2035.0,12288.0,10470277029,11067104533,12080254,12891036,1249208,0,0,0,0,0,0,0,0,0,0,0,0,146,57,2,1,0,0,0,0,0,0,0,0,0,network_stall
1779256888.359371,g5.hpc.coe,43337,0.5001,0,0.0,2035.0,12288.0,10470277217,11067104590,12080256,12891037,1249208,0,0,0,0,0,0,0,0,0,0,0,0,188,57,2,1,0,0,0,0,0,0,0,0,0,network_stall
1779256888.859481,g5.hpc.coe,43337,0.5001,0,0.0,2035.0,12288.0,10470277447,11067104647,12080258,12891038,1249208,0,0,0,0,0,0,0,0,0,0,0,0,230,57,2,1,0,0,0,0,0,0,0,0,0,network_stall
1779256889.359614,g5.hpc.coe,43337,0.5001,0,0.0,2035.0,12288.0,10470277718,11067104704,12080260,12891039,1249208,0,0,0,0,0,0,0,0,0,0,0,0,271,57,2,1,0,0,0,0,0,0,0,0,0,network_stall
1779256889.859751,g5.hpc.coe,43337,0.5001,0,0.0,2035.0,12288.0,10470278031,11067104761,12080262,12891040,1249208,0,0,0,0,0,0,0,0,0,0,0,0,313,57,2,1,0,0,0,0,0,0,0,0,0,network_stall
1779256890.3598628,g5.hpc.coe,43337,0.5001,0,0.0,2035.0,12288.0,10470278386,11067104818,12080264,12891041,1249208,0,0,0,0,0,0,0,0,0,0,0,0,355,57,2,1,0,0,0,0,0,0,0,0,0,network_stall
1779256890.8599691,g5.hpc.coe,43337,0.5001,0,13.0,2035.0,12288.0,10470976718,11068854303,12081051,12892841,1249208,0,0,0,0,0,0,0,0,0,0,0,0,698332,1749485,787,1800,0,0,0,0,0,0,0,0,0,network_stall
1779256891.3600996,g5.hpc.coe,43337,0.5001,0,64.0,2035.0,12288.0,10505016308,11101815117,12115227,12925968,1249218,0,0,0,0,0,0,0,0,0,0,0,0,34039590,32960814,34176,33127,10,0,0,0,0,0,0,0,0,network_stall
1779256891.8602357,g5.hpc.coe,43337,0.5001,0,0.0,2035.0,12288.0,10505016798,11101815174,12115229,12925969,1249218,0,0,0,0,0,0,0,0,0,0,0,0,490,57,2,1,0,0,0,0,0,0,0,0,0,network_stall
1779256892.3603656,g5.hpc.coe,43337,0.5001,0,0.0,2035.0,12288.0,10505017330,11101815231,12115231,12925970,1249218,0,0,0,0,0,0,0,0,0,0,0,0,532,57,2,1,0,0,0,0,0,0,0,0,0,network_stall
1779256892.860497,g5.hpc.coe,43337,0.5001,0,0.0,2035.0,12288.0,10505017926,11101815310,12115234,12925972,1249218,0,0,0,0,0,0,0,0,0,0,0,0,596,79,3,2,0,0,0,0,0,0,0,0,0,network_stall
1779256893.3606343,g5.hpc.coe,43337,0.5001,0,0.0,2035.0,12288.0,10505018563,11101815389,12115237,12925974,1249218,0,0,0,0,0,0,0,0,0,0,0,0,637,79,3,2,0,0,0,0,0,0,0,0,0,network_stall
1779256893.8607712,g5.hpc.coe,43337,0.5001,0,0.0,2035.0,12288.0,10505019242,11101815468,12115240,12925976,1249218,0,0,0,0,0,0,0,0,0,0,0,0,679,79,3,2,0,0,0,0,0,0,0,0,0,network_stall
1779256894.3608856,g5.hpc.coe,43337,0.5001,0,0.0,2035.0,12288.0,10505019963,11101815547,12115243,12925978,1249218,0,0,0,0,0,0,0,0,0,0,0,0,721,79,3,2,0,0,0,0,0,0,0,0,0,network_stall
1779256894.8610227,g5.hpc.coe,43337,0.5001,0,0.0,2035.0,12288.0,10505020726,11101815626,12115246,12925980,1249218,0,0,0,0,0,0,0,0,0,0,0,0,763,79,3,2,0,0,0,0,0,0,0,0,0,network_stall
1779256895.3611612,g5.hpc.coe,43337,0.5001,0,100.0,2035.0,12288.0,10513261200,11110653532,12124305,12935662,1249221,0,0,0,0,0,0,0,0,0,0,0,0,8240474,8837906,9059,9682,3,0,0,0,0,0,0,0,0,network_stall
1779256895.8613017,g5.hpc.coe,43337,0.5001,0,0.0,2035.0,12288.0,10539759340,11136526004,12150193,12960914,1249732,0,0,0,0,0,0,0,0,0,0,0,0,26498140,25872472,25888,25252,511,0,0,0,0,0,0,0,0,network_stall
1779256896.3614156,g5.hpc.coe,43337,0.5001,0,0.0,2035.0,12288.0,10539760239,11136526083,12150196,12960916,1249732,0,0,0,0,0,0,0,0,0,0,0,0,899,79,3,2,0,0,0,0,0,0,0,0,0,network_stall
1779256896.861549,g5.hpc.coe,43337,0.5001,0,0.0,2035.0,12288.0,10539761257,11136526217,12150201,12960919,1249732,0,0,0,0,0,0,0,0,0,0,0,0,1018,134,5,3,0,0,0,0,0,0,0,0,0,network_stall
1779256897.3616807,g5.hpc.coe,43337,0.5001,0,0.0,2035.0,12288.0,10539762240,11136526296,12150204,12960921,1249732,0,0,0,0,0,0,0,0,0,0,0,0,983,79,3,2,0,0,0,0,0,0,0,0,0,network_stall
1779256897.8618116,g5.hpc.coe,43337,0.5001,0,0.0,2035.0,12288.0,10539763265,11136526375,12150207,12960923,1249732,0,0,0,0,0,0,0,0,0,0,0,0,1025,79,3,2,0,0,0,0,0,0,0,0,0,network_stall
1779256898.361942,g5.hpc.coe,43337,0.5001,0,0.0,2035.0,12288.0,10539764354,11136526454,12150211,12960925,1249732,0,0,0,0,0,0,0,0,0,0,0,0,1089,79,4,2,0,0,0,0,0,0,0,0,0,network_stall
1779256898.8620653,g5.hpc.coe,43337,0.5001,0,0.0,2035.0,12288.0,10539765485,11136526533,12150215,12960927,1249732,0,0,0,0,0,0,0,0,0,0,0,0,1131,79,4,2,0,0,0,0,0,0,0,0,0,network_stall
1779256899.362192,g5.hpc.coe,43337,0.5001,0,0.0,2035.0,12288.0,10547412515,11144163779,12157996,12968698,1249735,0,0,0,0,0,0,0,0,0,0,0,0,7647030,7637246,7781,7771,3,0,0,0,0,0,0,0,0,network_stall
1779256899.8623376,g5.hpc.coe,43337,0.5001,0,98.0,2035.0,12288.0,10574504417,11171237322,12185183,12995866,1249740,0,0,0,0,0,0,0,0,0,0,0,0,27091902,27073543,27187,27168,5,0,0,0,0,0,0,0,0,network_stall
1779256900.362471,g5.hpc.coe,43337,0.5001,0,0.0,2035.0,12288.0,10574504615,11171237379,12185185,12995867,1249740,0,0,0,0,0,0,0,0,0,0,0,0,198,57,2,1,0,0,0,0,0,0,0,0,0,network_stall
1779256900.8626013,g5.hpc.coe,43337,0.5001,0,0.0,2035.0,12288.0,10574504855,11171237436,12185187,12995868,1249740,0,0,0,0,0,0,0,0,0,0,0,0,240,57,2,1,0,0,0,0,0,0,0,0,0,network_stall
1779256901.362741,g5.hpc.coe,43337,0.5001,0,0.0,2035.0,12288.0,10574505137,11171237493,12185189,12995869,1249740,0,0,0,0,0,0,0,0,0,0,0,0,282,57,2,1,0,0,0,0,0,0,0,0,0,network_stall
1779256901.8628645,g5.hpc.coe,43337,0.5001,0,0.0,2035.0,12288.0,10574505538,11171237605,12185193,12995871,1249740,0,0,0,0,0,0,0,0,0,0,0,0,401,112,4,2,0,0,0,0,0,0,0,0,0,network_stall
1779256902.3629925,g5.hpc.coe,43337,0.5001,0,0.0,2035.0,12288.0,10574506161,11171237917,12185200,12995877,1249740,0,0,0,0,0,0,0,0,0,0,0,0,623,312,7,6,0,0,0,0,0,0,0,0,0,network_stall
1779256902.863122,g5.hpc.coe,43337,0.5001,0,0.0,2035.0,12288.0,10574506591,11171237974,12185203,12995878,1249740,0,0,0,0,0,0,0,0,0,0,0,0,430,57,3,1,0,0,0,0,0,0,0,0,0,network_stall
1779256903.3632474,g5.hpc.coe,43337,0.5001,0,0.0,2035.0,12288.0,10577164405,11174634822,12188488,12999787,1250379,0,0,0,0,0,0,0,0,0,0,0,0,2657814,3396848,3285,3909,639,0,0,0,0,0,0,0,0,network_stall
1779256903.8633785,g5.hpc.coe,43337,0.5001,0,100.0,2035.0,12288.0,10609244473,11205948315,12220145,13030811,1250385,0,0,0,0,0,0,0,0,0,0,0,0,32080068,31313493,31657,31024,6,0,0,0,0,0,0,0,0,network_stall
1779256904.363511,g5.hpc.coe,43337,0.5001,0,0.0,2035.0,12288.0,10609245038,11205948394,12220148,13030813,1250385,0,0,0,0,0,0,0,0,0,0,0,0,565,79,3,2,0,0,0,0,0,0,0,0,0,network_stall
1779256904.8636477,g5.hpc.coe,43337,0.5001,0,0.0,2035.0,12288.0,10609245645,11205948473,12220151,13030815,1250385,0,0,0,0,0,0,0,0,0,0,0,0,607,79,3,2,0,0,0,0,0,0,0,0,0,network_stall
1779256905.3637831,g5.hpc.coe,43337,0.5001,0,0.0,2035.0,12288.0,10609246294,11205948552,12220154,13030817,1250385,0,0,0,0,0,0,0,0,0,0,0,0,649,79,3,2,0,0,0,0,0,0,0,0,0,network_stall
1779256905.8639169,g5.hpc.coe,43337,0.5001,0,0.0,2035.0,12288.0,10609246985,11205948631,12220157,13030819,1250385,0,0,0,0,0,0,0,0,0,0,0,0,691,79,3,2,0,0,0,0,0,0,0,0,0,network_stall
1779256906.3640602,g5.hpc.coe,43337,0.5001,0,0.0,2035.0,12288.0,10609247718,11205948710,12220160,13030821,1250385,0,0,0,0,0,0,0,0,0,0,0,0,733,79,3,2,0,0,0,0,0,0,0,0,0,network_stall
1779256906.8641884,g5.hpc.coe,43337,0.5001,0,0.0,2035.0,12288.0,10609248570,11205948844,12220165,13030824,1250385,0,0,0,0,0,0,0,0,0,0,0,0,852,134,5,3,0,0,0,0,0,0,0,0,0,network_stall
1779256907.364294,g5.hpc.coe,43337,0.5001,0,0.0,2035.0,12288.0,10609947315,11207698379,12220952,13032629,1250385,0,0,0,0,0,0,0,0,0,0,0,0,698745,1749535,787,1805,0,0,0,0,0,0,0,0,0,network_stall
1779256907.8644118,g5.hpc.coe,43337,0.5001,0,100.0,2035.0,12288.0,10643987255,11240659243,12255119,13065761,1250389,0,0,0,0,0,0,0,0,0,0,0,0,34039940,32960864,34167,33132,4,0,0,0,0,0,0,0,0,network_stall
1779256908.3645394,g5.hpc.coe,43337,0.5001,0,0.0,2035.0,12288.0,10643988165,11240659322,12255122,13065763,1250389,0,0,0,0,0,0,0,0,0,0,0,0,910,79,3,2,0,0,0,0,0,0,0,0,0,network_stall
1779256908.8646746,g5.hpc.coe,43337,0.5001,0,0.0,2035.0,12288.0,10643989117,11240659401,12255125,13065765,1250389,0,0,0,0,0,0,0,0,0,0,0,0,952,79,3,2,0,0,0,0,0,0,0,0,0,network_stall
1779256909.3648064,g5.hpc.coe,43337,0.5001,0,0.0,2035.0,12288.0,10643990111,11240659480,12255128,13065767,1250389,0,0,0,0,0,0,0,0,0,0,0,0,994,79,3,2,0,0,0,0,0,0,0,0,0,network_stall
1779256909.8649375,g5.hpc.coe,43337,0.5001,0,0.0,2035.0,12288.0,10643991147,11240659559,12255131,13065769,1250389,0,0,0,0,0,0,0,0,0,0,0,0,1036,79,3,2,0,0,0,0,0,0,0,0,0,network_stall
1779256910.3650706,g5.hpc.coe,43337,0.5001,0,0.0,2035.0,12288.0,10643992247,11240659638,12255135,13065771,1250389,0,0,0,0,0,0,0,0,0,0,0,0,1100,79,4,2,0,0,0,0,0,0,0,0,0,network_stall
1779256910.8652012,g5.hpc.coe,43337,0.5001,0,0.0,2035.0,12288.0,10643993389,11240659717,12255139,13065773,1250389,0,0,0,0,0,0,0,0,0,0,0,0,1142,79,4,2,0,0,0,0,0,0,0,0,0,network_stall
1779256911.365337,g5.hpc.coe,43337,0.5001,0,0.0,2035.0,12288.0,10643994573,11240659796,12255143,13065775,1250389,0,0,0,0,0,0,0,0,0,0,0,0,1184,79,4,2,0,0,0,0,0,0,0,0,0,network_stall
1779256911.8654697,g5.hpc.coe,43337,0.5001,0,100.0,2035.0,12288.0,10678731722,11275370079,12290084,13100700,1250620,0,0,0,0,0,0,0,0,0,0,0,0,34737149,34710283,34941,34925,231,0,0,0,0,0,0,0,0,network_stall
1779256912.365609,g5.hpc.coe,43337,0.5001,0,0.0,2035.0,12288.0,10678731950,11275370136,12290087,13100701,1250620,0,0,0,0,0,0,0,0,0,0,0,0,228,57,3,1,0,0,0,0,0,0,0,0,0,network_stall
1779256912.8657224,g5.hpc.coe,43337,0.5001,0,0.0,2035.0,12288.0,10678732198,11275370193,12290089,13100702,1250620,0,0,0,0,0,0,0,0,0,0,0,0,248,57,2,1,0,0,0,0,0,0,0,0,0,network_stall
1779256913.3658357,g5.hpc.coe,43337,0.5001,0,0.0,2035.0,12288.0,10678732488,11275370250,12290091,13100703,1250620,0,0,0,0,0,0,0,0,0,0,0,0,290,57,2,1,0,0,0,0,0,0,0,0,0,network_stall
1779256913.865968,g5.hpc.coe,43337,0.5001,0,0.0,2035.0,12288.0,10678732820,11275370307,12290093,13100704,1250620,0,0,0,0,0,0,0,0,0,0,0,0,332,57,2,1,0,0,0,0,0,0,0,0,0,network_stall
1779256914.3660882,g5.hpc.coe,43337,0.5001,0,0.0,2035.0,12288.0,10678733795,11275370811,12290109,13100713,1250620,0,0,0,0,0,0,0,0,0,0,0,0,975,504,16,9,0,0,0,0,0,0,0,0,0,network_stall
1779256914.8662186,g5.hpc.coe,43337,0.5001,0,0.0,2035.0,12288.0,10678734211,11275370868,12290111,13100714,1250620,0,0,0,0,0,0,0,0,0,0,0,0,416,57,2,1,0,0,0,0,0,0,0,0,0,network_stall
1779256915.3663406,g5.hpc.coe,43337,0.5001,0,0.0,2035.0,12288.0,10678734669,11275370925,12290113,13100715,1250620,0,0,0,0,0,0,0,0,0,0,0,0,458,57,2,1,0,0,0,0,0,0,0,0,0,network_stall
1779256915.8664656,g5.hpc.coe,43337,0.5001,0,100.0,2035.0,12288.0,10707222601,11303833855,12318843,13129438,1252401,0,0,0,0,0,0,0,0,0,0,0,0,28487932,28462930,28730,28723,1781,0,0,0,0,0,0,0,0,network_stall
1779256916.3666084,g5.hpc.coe,43337,0.5001,0,0.0,2035.0,12288.0,10713472717,11310081295,12325062,13135650,1252403,0,0,0,0,0,0,0,0,0,0,0,0,6250116,6247440,6219,6212,2,0,0,0,0,0,0,0,0,network_stall
1779256916.866743,g5.hpc.coe,43337,0.5001,0,0.0,2035.0,12288.0,10713473333,11310081374,12325065,13135652,1252403,0,0,0,0,0,0,0,0,0,0,0,0,616,79,3,2,0,0,0,0,0,0,0,0,0,network_stall
1779256917.3668654,g5.hpc.coe,43337,0.5001,0,0.0,2035.0,12288.0,10713474068,11310081508,12325070,13135655,1252403,0,0,0,0,0,0,0,0,0,0,0,0,735,134,5,3,0,0,0,0,0,0,0,0,0,network_stall
1779256917.8670068,g5.hpc.coe,43337,0.5001,0,0.0,2035.0,12288.0,10713474768,11310081587,12325073,13135657,1252403,0,0,0,0,0,0,0,0,0,0,0,0,700,79,3,2,0,0,0,0,0,0,0,0,0,network_stall
1779256918.3671234,g5.hpc.coe,43337,0.5001,0,0.0,2035.0,12288.0,10713475510,11310081666,12325076,13135659,1252403,0,0,0,0,0,0,0,0,0,0,0,0,742,79,3,2,0,0,0,0,0,0,0,0,0,network_stall
1779256918.8672543,g5.hpc.coe,43337,0.5001,0,0.0,2035.0,12288.0,10713476294,11310081745,12325079,13135661,1252403,0,0,0,0,0,0,0,0,0,0,0,0,784,79,3,2,0,0,0,0,0,0,0,0,0,network_stall
1779256919.3673856,g5.hpc.coe,43337,0.5001,0,0.0,2035.0,12288.0,10713477120,11310081824,12325082,13135663,1252403,0,0,0,0,0,0,0,0,0,0,0,0,826,79,3,2,0,0,0,0,0,0,0,0,0,network_stall
1779256919.867507,g5.hpc.coe,43337,0.5001,0,100.0,2035.0,12288.0,10741965427,11338544678,12353814,13164373,1252407,0,0,0,0,0,0,0,0,0,0,0,0,28488307,28462854,28732,28710,4,0,0,0,0,0,0,0,0,network_stall
1779256920.3676357,g5.hpc.coe,43337,0.5001,0,0.0,2035.0,12288.0,10748215867,11344792139,12360030,13170588,1252410,0,0,0,0,0,0,0,0,0,0,0,0,6250440,6247461,6216,6215,3,0,0,0,0,0,0,0,0,network_stall
1779256920.8677435,g5.hpc.coe,43337,0.5001,0,0.0,2035.0,12288.0,10748216828,11344792218,12360033,13170590,1252410,0,0,0,0,0,0,0,0,0,0,0,0,961,79,3,2,0,0,0,0,0,0,0,0,0,network_stall
1779256921.367874,g5.hpc.coe,43337,0.5001,0,0.0,2035.0,12288.0,10748217831,11344792297,12360036,13170592,1252410,0,0,0,0,0,0,0,0,0,0,0,0,1003,79,3,2,0,0,0,0,0,0,0,0,0,network_stall
1779256921.8679285,g5.hpc.coe,43337,0.5001,0,0.0,2035.0,12288.0,10748218876,11344792376,12360039,13170594,1252410,0,0,0,0,0,0,0,0,0,0,0,0,1045,79,3,2,0,0,0,0,0,0,0,0,0,network_stall
1779256922.3680453,g5.hpc.coe,43337,0.5001,0,0.0,2035.0,12288.0,10748220062,11344792510,12360045,13170597,1252410,0,0,0,0,0,0,0,0,0,0,0,0,1186,134,6,3,0,0,0,0,0,0,0,0,0,network_stall
1779256922.868176,g5.hpc.coe,43337,0.5001,0,0.0,2035.0,12288.0,10748221213,11344792589,12360049,13170599,1252410,0,0,0,0,0,0,0,0,0,0,0,0,1151,79,4,2,0,0,0,0,0,0,0,0,0,network_stall
1779256923.3683152,g5.hpc.coe,43337,0.5001,0,0.0,2035.0,12288.0,10748221338,11344792646,12360051,13170600,1252410,0,0,0,0,0,0,0,0,0,0,0,0,125,57,2,1,0,0,0,0,0,0,0,0,0,network_stall
1779256923.8684382,g5.hpc.coe,43337,0.5001,0,100.0,2035.0,12288.0,10775852940,11372560837,12388012,13198539,1252417,0,0,0,0,0,0,0,0,0,0,0,0,27631602,27768191,27961,27939,7,0,0,0,0,0,0,0,0,network_stall
1779256924.3685532,g5.hpc.coe,43337,0.5001,0,0.0,2035.0,12288.0,10782958698,11379502889,12394999,13205519,1252418,0,0,0,0,0,0,0,0,0,0,0,0,7105758,6942052,6987,6980,1,0,0,0,0,0,0,0,0,network_stall
1779256924.8686786,g5.hpc.coe,43337,0.5001,0,0.0,2035.0,12288.0,10782958958,11379502946,12395001,13205520,1252418,0,0,0,0,0,0,0,0,0,0,0,0,260,57,2,1,0,0,0,0,0,0,0,0,0,network_stall
1779256925.3688118,g5.hpc.coe,43337,0.5001,0,0.0,2035.0,12288.0,10782959260,11379503003,12395003,13205521,1252418,0,0,0,0,0,0,0,0,0,0,0,0,302,57,2,1,0,0,0,0,0,0,0,0,0,network_stall
1779256925.8689198,g5.hpc.coe,43337,0.5001,0,0.0,2035.0,12288.0,10782959604,11379503060,12395005,13205522,1252418,0,0,0,0,0,0,0,0,0,0,0,0,344,57,2,1,0,0,0,0,0,0,0,0,0,network_stall
1779256926.3690302,g5.hpc.coe,43337,0.5001,0,0.0,2035.0,12288.0,10782959990,11379503117,12395007,13205523,1252418,0,0,0,0,0,0,0,0,0,0,0,0,386,57,2,1,0,0,0,0,0,0,0,0,0,network_stall
1779256926.869161,g5.hpc.coe,43337,0.5001,0,0.0,2035.0,12288.0,10782960418,11379503174,12395009,13205524,1252418,0,0,0,0,0,0,0,0,0,0,0,0,428,57,2,1,0,0,0,0,0,0,0,0,0,network_stall
1779256927.3692894,g5.hpc.coe,43337,0.5001,0,0.0,2035.0,12288.0,10782960965,11379503286,12395013,13205526,1252418,0,0,0,0,0,0,0,0,0,0,0,0,547,112,4,2,0,0,0,0,0,0,0,0,0,network_stall
1779256927.869413,g5.hpc.coe,43337,0.5001,0,100.0,2035.0,12288.0,10804501498,11401024109,12416752,13227254,1252426,0,0,0,0,0,0,0,0,0,0,0,0,21540533,21520823,21739,21728,8,0,0,0,0,0,0,0,0,network_stall
1779256928.3695207,g5.hpc.coe,43337,0.5001,0,0.0,2035.0,12288.0,10817699001,11414213614,12429957,13240455,1252429,0,0,0,0,0,0,0,0,0,0,0,0,13197503,13189505,13205,13201,3,0,0,0,0,0,0,0,0,network_stall
1779256928.8696487,g5.hpc.coe,43337,0.5001,0,0.0,2035.0,12288.0,10817699629,11414213693,12429960,13240457,1252429,0,0,0,0,0,0,0,0,0,0,0,0,628,79,3,2,0,0,0,0,0,0,0,0,0,network_stall
1779256929.3697536,g5.hpc.coe,43337,0.5001,0,0.0,2035.0,12288.0,10817700900,11414214219,12429977,13240467,1252429,0,0,0,0,0,0,0,0,0,0,0,0,1271,526,17,10,0,0,0,0,0,0,0,0,0,network_stall
1779256929.8698866,g5.hpc.coe,43337,0.5001,0,0.0,2035.0,12288.0,10817701613,11414214298,12429980,13240469,1252429,0,0,0,0,0,0,0,0,0,0,0,0,713,79,3,2,0,0,0,0,0,0,0,0,0,network_stall
1779256930.370018,g5.hpc.coe,43337,0.5001,0,0.0,2035.0,12288.0,10817702368,11414214377,12429983,13240471,1252429,0,0,0,0,0,0,0,0,0,0,0,0,755,79,3,2,0,0,0,0,0,0,0,0,0,network_stall
1779256930.8701317,g5.hpc.coe,43337,0.5001,0,0.0,2035.0,12288.0,10817703165,11414214456,12429986,13240473,1252429,0,0,0,0,0,0,0,0,0,0,0,0,797,79,3,2,0,0,0,0,0,0,0,0,0,network_stall
1779256931.3702972,g5.hpc.coe,43337,0.5002,0,0.0,2035.0,12288.0,10817704004,11414214535,12429989,13240475,1252429,0,0,0,0,0,0,0,0,0,0,0,0,839,79,3,2,0,0,0,0,0,0,0,0,0,network_stall
1779256931.8704195,g5.hpc.coe,43337,0.5001,0,100.0,2035.0,12288.0,10838554883,11435048437,12450982,13261455,1252903,0,0,0,0,0,0,0,0,0,0,0,0,20850879,20833902,20993,20980,474,0,0,0,0,0,0,0,0,network_stall
1779256932.3705475,g5.hpc.coe,43337,0.5001,0,0.0,2035.0,12288.0,10852442869,11448924856,12464941,13275394,1252903,0,0,0,0,0,0,0,0,0,0,0,0,13887986,13876419,13959,13939,0,0,0,0,0,0,0,0,0,network_stall
1779256932.8706572,g5.hpc.coe,43337,0.5001,0,0.0,2035.0,12288.0,10852443844,11448924935,12464944,13275396,1252903,0,0,0,0,0,0,0,0,0,0,0,0,975,79,3,2,0,0,0,0,0,0,0,0,0,network_stall
1779256933.3707685,g5.hpc.coe,43337,0.5001,0,0.0,2035.0,12288.0,10852444861,11448925014,12464947,13275398,1252903,0,0,0,0,0,0,0,0,0,0,0,0,1017,79,3,2,0,0,0,0,0,0,0,0,0,network_stall
1779256933.8709033,g5.hpc.coe,43337,0.5001,0,0.0,2035.0,12288.0,10852445921,11448925093,12464950,13275400,1252903,0,0,0,0,0,0,0,0,0,0,0,0,1060,79,3,2,0,0,0,0,0,0,0,0,0,network_stall
1779256934.371021,g5.hpc.coe,43337,0.5001,0,0.0,2035.0,12288.0,10852447045,11448925172,12464954,13275402,1252903,0,0,0,0,0,0,0,0,0,0,0,0,1124,79,4,2,0,0,0,0,0,0,0,0,0,network_stall
1779256934.871147,g5.hpc.coe,43337,0.5001,0,0.0,2035.0,12288.0,10852448211,11448925251,12464958,13275404,1252903,0,0,0,0,0,0,0,0,0,0,0,0,1166,79,4,2,0,0,0,0,0,0,0,0,0,network_stall
1779256935.3712738,g5.hpc.coe,43337,0.5001,0,0.0,2035.0,12288.0,10852448351,11448925308,12464960,13275405,1252903,0,0,0,0,0,0,0,0,0,0,0,0,140,57,2,1,0,0,0,0,0,0,0,0,0,network_stall
1779256935.8713508,g5.hpc.coe,43337,0.5001,0,100.0,2035.0,12288.0,10867041206,11463504115,12479717,13290151,1253677,0,0,0,0,0,0,0,0,0,0,0,0,14592855,14578807,14757,14746,774,0,0,0,0,0,0,0,0,network_stall
1779256936.371421,g5.hpc.coe,43337,0.5001,0,0.0,2035.0,12288.0,10887185762,11483635649,12499911,13310338,1253681,0,0,0,0,0,0,0,0,0,0,0,0,20144556,20131534,20194,20187,4,0,0,0,0,0,0,0,0,network_stall
1779256936.8715558,g5.hpc.coe,43337,0.5001,0,0.0,2035.0,12288.0,10887186038,11483635706,12499913,13310339,1253681,0,0,0,0,0,0,0,0,0,0,0,0,276,57,2,1,0,0,0,0,0,0,0,0,0,network_stall
1779256937.371684,g5.hpc.coe,43337,0.5001,0,0.0,2035.0,12288.0,10887186356,11483635763,12499915,13310340,1253681,0,0,0,0,0,0,0,0,0,0,0,0,318,57,2,1,0,0,0,0,0,0,0,0,0,network_stall
1779256937.8718133,g5.hpc.coe,43337,0.5001,0,0.0,2035.0,12288.0,10887186793,11483635875,12499919,13310342,1253681,0,0,0,0,0,0,0,0,0,0,0,0,437,112,4,2,0,0,0,0,0,0,0,0,0,network_stall
1779256938.371956,g5.hpc.coe,43337,0.5001,0,0.0,2035.0,12288.0,10887187195,11483635932,12499921,13310343,1253681,0,0,0,0,0,0,0,0,0,0,0,0,402,57,2,1,0,0,0,0,0,0,0,0,0,network_stall
1779256938.8720875,g5.hpc.coe,43337,0.5001,0,0.0,2035.0,12288.0,10887187639,11483635989,12499923,13310344,1253681,0,0,0,0,0,0,0,0,0,0,0,0,444,57,2,1,0,0,0,0,0,0,0,0,0,network_stall
1779256939.3722246,g5.hpc.coe,43337,0.5001,0,0.0,2035.0,12288.0,10887188125,11483636046,12499925,13310345,1253681,0,0,0,0,0,0,0,0,0,0,0,0,486,57,2,1,0,0,0,0,0,0,0,0,0,network_stall
1779256939.8723524,g5.hpc.coe,43337,0.5001,0,81.0,2035.0,12288.0,10901091317,11497527938,12513937,13324346,1253683,0,0,0,0,0,0,0,0,0,0,0,0,13903192,13891892,14012,14001,2,0,0,0,0,0,0,0,0,network_stall
1779256940.3724859,g5.hpc.coe,43337,0.5001,0,0.0,2035.0,12288.0,10921926242,11518346409,12534876,13345279,1253691,0,0,0,0,0,0,0,0,0,0,0,0,20834925,20818471,20939,20933,8,0,0,0,0,0,0,0,0,network_stall
1779256940.872616,g5.hpc.coe,43337,0.5001,0,0.0,2035.0,12288.0,10921926886,11518346488,12534879,13345281,1253691,0,0,0,0,0,0,0,0,0,0,0,0,644,79,3,2,0,0,0,0,0,0,0,0,0,network_stall
1779256941.3727534,g5.hpc.coe,43337,0.5001,0,0.0,2035.0,12288.0,10921927571,11518346567,12534882,13345283,1253691,0,0,0,0,0,0,0,0,0,0,0,0,685,79,3,2,0,0,0,0,0,0,0,0,0,network_stall
1779256941.872889,g5.hpc.coe,43337,0.5001,0,0.0,2035.0,12288.0,10921928298,11518346646,12534885,13345285,1253691,0,0,0,0,0,0,0,0,0,0,0,0,727,79,3,2,0,0,0,0,0,0,0,0,0,network_stall
1779256942.3730192,g5.hpc.coe,43337,0.5001,0,0.0,2035.0,12288.0,10921929067,11518346725,12534888,13345287,1253691,0,0,0,0,0,0,0,0,0,0,0,0,769,79,3,2,0,0,0,0,0,0,0,0,0,network_stall
1779256942.873157,g5.hpc.coe,43337,0.5001,0,0.0,2035.0,12288.0,10921929955,11518346859,12534893,13345290,1253691,0,0,0,0,0,0,0,0,0,0,0,0,888,134,5,3,0,0,0,0,0,0,0,0,0,network_stall
1779256943.3732862,g5.hpc.coe,43337,0.5001,0,0.0,2035.0,12288.0,10921930808,11518346938,12534896,13345292,1253691,0,0,0,0,0,0,0,0,0,0,0,0,853,79,3,2,0,0,0,0,0,0,0,0,0,network_stall
1779256943.873409,g5.hpc.coe,43337,0.5001,0,64.0,2035.0,12288.0,10929576930,11525983674,12542658,13353046,1254228,0,0,0,0,0,0,0,0,0,0,0,0,7646122,7636736,7762,7754,537,0,0,0,0,0,0,0,0,network_stall
1779256944.373541,g5.hpc.coe,43337,0.5001,0,12.0,2035.0,12288.0,10956670188,11553057735,12569855,13380230,1254234,0,0,0,0,0,0,0,0,0,0,0,0,27093258,27074061,27197,27184,6,0,0,0,0,0,0,0,0,network_stall
1779256944.873661,g5.hpc.coe,43337,0.5001,0,0.0,2035.0,12288.0,10956671176,11553057814,12569858,13380232,1254234,0,0,0,0,0,0,0,0,0,0,0,0,988,79,3,2,0,0,0,0,0,0,0,0,0,network_stall
1779256945.3737783,g5.hpc.coe,43337,0.5001,0,0.0,2035.0,12288.0,10956672206,11553057893,12569861,13380234,1254234,0,0,0,0,0,0,0,0,0,0,0,0,1030,79,3,2,0,0,0,0,0,0,0,0,0,network_stall
1779256945.8739069,g5.hpc.coe,43337,0.5001,0,0.0,2035.0,12288.0,10956673300,11553057972,12569865,13380236,1254234,0,0,0,0,0,0,0,0,0,0,0,0,1094,79,4,2,0,0,0,0,0,0,0,0,0,network_stall
1779256946.374023,g5.hpc.coe,43337,0.5001,0,0.0,2035.0,12288.0,10956674436,11553058051,12569869,13380238,1254234,0,0,0,0,0,0,0,0,0,0,0,0,1136,79,4,2,0,0,0,0,0,0,0,0,0,network_stall
1779256946.8741596,g5.hpc.coe,43337,0.5001,0,0.0,2035.0,12288.0,10956675614,11553058130,12569873,13380240,1254234,0,0,0,0,0,0,0,0,0,0,0,0,1178,79,4,2,0,0,0,0,0,0,0,0,0,network_stall
1779256947.374277,g5.hpc.coe,43337,0.5001,0,0.0,2035.0,12288.0,10956675767,11553058187,12569875,13380241,1254234,0,0,0,0,0,0,0,0,0,0,0,0,153,57,2,1,0,0,0,0,0,0,0,0,0,network_stall
1779256947.8744054,g5.hpc.coe,43337,0.5001,0,48.0,2035.0,12288.0,10963631291,11560008041,12576898,13387250,1255921,0,0,0,0,0,0,0,0,0,0,0,0,6955524,6949854,7023,7009,1687,0,0,0,0,0,0,0,0,network_stall
1779256948.3745189,g5.hpc.coe,43337,0.5001,0,30.0,2035.0,12288.0,10991413257,11587768464,12604825,13415158,1255927,0,0,0,0,0,0,0,0,0,0,0,0,27781966,27760423,27927,27908,6,0,0,0,0,0,0,0,0,network_stall
1779256948.8746374,g5.hpc.coe,43337,0.5001,0,0.0,2035.0,12288.0,10991413545,11587768521,12604827,13415159,1255927,0,0,0,0,0,0,0,0,0,0,0,0,288,57,2,1,0,0,0,0,0,0,0,0,0,network_stall
1779256949.3747766,g5.hpc.coe,43337,0.5001,0,0.0,2035.0,12288.0,10991413875,11587768578,12604829,13415160,1255927,0,0,0,0,0,0,0,0,0,0,0,0,330,57,2,1,0,0,0,0,0,0,0,0,0,network_stall
1779256949.874908,g5.hpc.coe,43337,0.5001,0,0.0,2035.0,12288.0,10991414247,11587768635,12604831,13415161,1255927,0,0,0,0,0,0,0,0,0,0,0,0,372,57,2,1,0,0,0,0,0,0,0,0,0,network_stall
1779256950.3750272,g5.hpc.coe,43337,0.5001,0,0.0,2035.0,12288.0,10991414661,11587768692,12604833,13415162,1255927,0,0,0,0,0,0,0,0,0,0,0,0,414,57,2,1,0,0,0,0,0,0,0,0,0,network_stall
1779256950.875162,g5.hpc.coe,43337,0.5001,0,0.0,2035.0,12288.0,10991415117,11587768749,12604835,13415163,1255927,0,0,0,0,0,0,0,0,0,0,0,0,456,57,2,1,0,0,0,0,0,0,0,0,0,network_stall
1779256951.3753037,g5.hpc.coe,43337,0.5001,0,0.0,2035.0,12288.0,10991415615,11587768806,12604837,13415164,1255927,0,0,0,0,0,0,0,0,0,0,0,0,498,57,2,1,0,0,0,0,0,0,0,0,0,network_stall
1779256951.8754268,g5.hpc.coe,43337,0.5001,0,24.0,2035.0,12288.0,10992114062,11589518305,12605620,13416966,1255927,0,0,0,0,0,0,0,0,0,0,0,0,698447,1749499,783,1802,0,0,0,0,0,0,0,0,0,network_stall
1779256952.375555,g5.hpc.coe,43337,0.5001,0,54.0,2035.0,12288.0,11026153740,11622479190,12639786,13450101,1255933,0,0,0,0,0,0,0,0,0,0,0,0,34039678,32960885,34166,33135,6,0,0,0,0,0,0,0,0,network_stall
1779256952.8756874,g5.hpc.coe,43337,0.5001,0,0.0,2035.0,12288.0,11026154471,11622479324,12639791,13450104,1255933,0,0,0,0,0,0,0,0,0,0,0,0,731,134,5,3,0,0,0,0,0,0,0,0,0,network_stall
1779256953.375839,g5.hpc.coe,43337,0.5002,0,0.0,2035.0,12288.0,11026155167,11622479403,12639794,13450106,1255933,0,0,0,0,0,0,0,0,0,0,0,0,696,79,3,2,0,0,0,0,0,0,0,0,0,network_stall
1779256953.8759797,g5.hpc.coe,43337,0.5001,0,0.0,2035.0,12288.0,11026155905,11622479482,12639797,13450108,1255933,0,0,0,0,0,0,0,0,0,0,0,0,738,79,3,2,0,0,0,0,0,0,0,0,0,network_stall
1779256954.3761146,g5.hpc.coe,43337,0.5001,0,0.0,2035.0,12288.0,11026156685,11622479561,12639800,13450110,1255933,0,0,0,0,0,0,0,0,0,0,0,0,780,79,3,2,0,0,0,0,0,0,0,0,0,network_stall
1779256954.8762488,g5.hpc.coe,43337,0.5001,0,0.0,2035.0,12288.0,11026157507,11622479640,12639803,13450112,1255933,0,0,0,0,0,0,0,0,0,0,0,0,822,79,3,2,0,0,0,0,0,0,0,0,0,network_stall
1779256955.3763812,g5.hpc.coe,43337,0.5001,0,0.0,2035.0,12288.0,11026158371,11622479719,12639806,13450114,1255933,0,0,0,0,0,0,0,0,0,0,0,0,864,79,3,2,0,0,0,0,0,0,0,0,0,network_stall
1779256955.8764918,g5.hpc.coe,43337,0.5001,0,2.0,2035.0,12288.0,11026167175,11622657502,12639845,13450309,1255933,0,0,0,0,0,0,0,0,0,0,0,0,8804,177783,39,195,0,0,0,0,0,0,0,0,0,network_stall
1779256956.3766253,g5.hpc.coe,43337,0.5001,0,75.0,2035.0,12288.0,11060897205,11657190041,12674756,13485040,1255940,0,0,0,0,0,0,0,0,0,0,0,0,34730030,34532539,34911,34731,7,0,0,0,0,0,0,0,0,network_stall
1779256956.8767564,g5.hpc.coe,43337,0.5001,0,0.0,2035.0,12288.0,11060898202,11657190120,12674759,13485042,1255940,0,0,0,0,0,0,0,0,0,0,0,0,997,79,3,2,0,0,0,0,0,0,0,0,0,network_stall
1779256957.376901,g5.hpc.coe,43337,0.5001,0,0.0,2035.0,12288.0,11060899241,11657190199,12674762,13485044,1255940,0,0,0,0,0,0,0,0,0,0,0,0,1039,79,3,2,0,0,0,0,0,0,0,0,0,network_stall
1779256957.8770416,g5.hpc.coe,43337,0.5001,0,0.0,2035.0,12288.0,11060900344,11657190278,12674766,13485046,1255940,0,0,0,0,0,0,0,0,0,0,0,0,1103,79,4,2,0,0,0,0,0,0,0,0,0,network_stall
1779256958.3771753,g5.hpc.coe,43337,0.5001,0,0.0,2035.0,12288.0,11060901566,11657190412,12674772,13485049,1255940,0,0,0,0,0,0,0,0,0,0,0,0,1222,134,6,3,0,0,0,0,0,0,0,0,0,network_stall
1779256958.8772957,g5.hpc.coe,43337,0.5001,0,0.0,2035.0,12288.0,11060902754,11657190491,12674776,13485051,1255940,0,0,0,0,0,0,0,0,0,0,0,0,1188,79,4,2,0,0,0,0,0,0,0,0,0,network_stall
1779256959.3774312,g5.hpc.coe,43337,0.5001,0,0.0,2035.0,12288.0,11060903517,11657190995,12674792,13485060,1255940,0,0,0,0,0,0,0,0,0,0,0,0,763,504,16,9,0,0,0,0,0,0,0,0,0,network_stall
1779256959.877545,g5.hpc.coe,43337,0.5001,0,0.0,2035.0,12288.0,11060903721,11657198586,12674814,13485081,1255940,0,0,0,0,0,0,0,0,0,0,0,0,204,7591,22,21,0,0,0,0,0,0,0,0,0,network_stall
1779256960.3776743,g5.hpc.coe,43337,0.5001,0,100.0,2035.0,12288.0,11095640981,11691901287,12709745,13519986,1256735,0,0,0,0,0,0,0,0,0,0,0,0,34737260,34702701,34931,34905,795,0,0,0,0,0,0,0,0,network_stall
1779256960.8778036,g5.hpc.coe,43337,0.5001,0,0.0,2035.0,12288.0,11095641276,11691901344,12709747,13519987,1256735,0,0,0,0,0,0,0,0,0,0,0,0,295,57,2,1,0,0,0,0,0,0,0,0,0,network_stall
1779256961.3779466,g5.hpc.coe,43337,0.5001,0,0.0,2035.0,12288.0,11095641613,11691901401,12709749,13519988,1256735,0,0,0,0,0,0,0,0,0,0,0,0,337,57,2,1,0,0,0,0,0,0,0,0,0,network_stall
1779256961.878079,g5.hpc.coe,43337,0.5001,0,0.0,2035.0,12288.0,11095641992,11691901458,12709751,13519989,1256735,0,0,0,0,0,0,0,0,0,0,0,0,379,57,2,1,0,0,0,0,0,0,0,0,0,network_stall
1779256962.378211,g5.hpc.coe,43337,0.5001,0,0.0,2035.0,12288.0,11095642670,11691901770,12709758,13519995,1256735,0,0,0,0,0,0,0,0,0,0,0,0,678,312,7,6,0,0,0,0,0,0,0,0,0,network_stall
1779256962.8783429,g5.hpc.coe,43337,0.5001,0,0.0,2035.0,12288.0,11095643155,11691901827,12709761,13519996,1256735,0,0,0,0,0,0,0,0,0,0,0,0,485,57,3,1,0,0,0,0,0,0,0,0,0,network_stall
1779256963.3784804,g5.hpc.coe,43337,0.5001,0,0.0,2035.0,12288.0,11095643737,11691901939,12709765,13519998,1256735,0,0,0,0,0,0,0,0,0,0,0,0,582,112,4,2,0,0,0,0,0,0,0,0,0,network_stall
1779256963.8786001,g5.hpc.coe,43337,0.5001,0,0.0,2035.0,12288.0,11095644306,11691902018,12709768,13520000,1256735,0,0,0,0,0,0,0,0,0,0,0,0,569,79,3,2,0,0,0,0,0,0,0,0,0,network_stall
1779256964.378711,g5.hpc.coe,43337,0.5001,0,100.0,2035.0,12288.0,11124132391,11720364865,12738505,13548709,1256757,0,0,0,0,0,0,0,0,0,0,0,0,28488085,28462847,28737,28709,22,0,0,0,0,0,0,0,0,network_stall
1779256964.8788662,g5.hpc.coe,43337,0.5002,0,0.0,2035.0,12288.0,11130382595,11726612291,12744724,13554919,1256759,0,0,0,0,0,0,0,0,0,0,0,0,6250204,6247426,6219,6210,2,0,0,0,0,0,0,0,0,network_stall
1779256965.3790085,g5.hpc.coe,43337,0.5001,0,0.0,2035.0,12288.0,11130383299,11726612370,12744727,13554921,1256759,0,0,0,0,0,0,0,0,0,0,0,0,704,79,3,2,0,0,0,0,0,0,0,0,0,network_stall
1779256965.8791442,g5.hpc.coe,43337,0.5001,0,0.0,2035.0,12288.0,11130384045,11726612449,12744730,13554923,1256759,0,0,0,0,0,0,0,0,0,0,0,0,746,79,3,2,0,0,0,0,0,0,0,0,0,network_stall
1779256966.379287,g5.hpc.coe,43337,0.5001,0,0.0,2035.0,12288.0,11130384833,11726612528,12744733,13554925,1256759,0,0,0,0,0,0,0,0,0,0,0,0,788,79,3,2,0,0,0,0,0,0,0,0,0,network_stall
1779256966.879419,g5.hpc.coe,43337,0.5001,0,0.0,2035.0,12288.0,11130385663,11726612607,12744736,13554927,1256759,0,0,0,0,0,0,0,0,0,0,0,0,830,79,3,2,0,0,0,0,0,0,0,0,0,network_stall
1779256967.3795614,g5.hpc.coe,43337,0.5001,0,0.0,2035.0,12288.0,11130386534,11726612686,12744739,13554929,1256759,0,0,0,0,0,0,0,0,0,0,0,0,871,79,3,2,0,0,0,0,0,0,0,0,0,network_stall
1779256967.8796992,g5.hpc.coe,43337,0.5001,0,0.0,2035.0,12288.0,11130387447,11726612765,12744742,13554931,1256759,0,0,0,0,0,0,0,0,0,0,0,0,913,79,3,2,0,0,0,0,0,0,0,0,0,network_stall
1779256968.379836,g5.hpc.coe,43337,0.5001,0,100.0,2035.0,12288.0,11158185874,11754388752,12772726,13582896,1256761,0,0,0,0,0,0,0,0,0,0,0,0,27798427,27775987,27984,27965,2,0,0,0,0,0,0,0,0,network_stall
1779256968.879972,g5.hpc.coe,43337,0.5001,0,0.0,2035.0,12288.0,11165126438,11761323114,12779691,13589854,1256761,0,0,0,0,0,0,0,0,0,0,0,0,6940564,6934362,6965,6958,0,0,0,0,0,0,0,0,0,network_stall
1779256969.3801026,g5.hpc.coe,43337,0.5001,0,0.0,2035.0,12288.0,11165127486,11761323193,12779694,13589856,1256761,0,0,0,0,0,0,0,0,0,0,0,0,1048,79,3,2,0,0,0,0,0,0,0,0,0,network_stall
1779256969.880221,g5.hpc.coe,43337,0.5001,0,0.0,2035.0,12288.0,11165128598,11761323272,12779698,13589858,1256761,0,0,0,0,0,0,0,0,0,0,0,0,1112,79,4,2,0,0,0,0,0,0,0,0,0,network_stall
1779256970.3803525,g5.hpc.coe,43337,0.5001,0,0.0,2035.0,12288.0,11165129752,11761323351,12779702,13589860,1256761,0,0,0,0,0,0,0,0,0,0,0,0,1154,79,4,2,0,0,0,0,0,0,0,0,0,network_stall
1779256970.8804948,g5.hpc.coe,43337,0.5001,0,0.0,2035.0,12288.0,11165129880,11761323408,12779704,13589861,1256761,0,0,0,0,0,0,0,0,0,0,0,0,128,57,2,1,0,0,0,0,0,0,0,0,0,network_stall
1779256971.3806202,g5.hpc.coe,43337,0.5001,0,0.0,2035.0,12288.0,11165130050,11761323465,12779706,13589862,1256761,0,0,0,0,0,0,0,0,0,0,0,0,170,57,2,1,0,0,0,0,0,0,0,0,0,network_stall
1779256971.8807547,g5.hpc.coe,43337,0.5001,0,0.0,2035.0,12288.0,11165130262,11761323522,12779708,13589863,1256761,0,0,0,0,0,0,0,0,0,0,0,0,212,57,2,1,0,0,0,0,0,0,0,0,0,network_stall
1779256972.3808558,g5.hpc.coe,43337,0.5001,0,100.0,2035.0,12288.0,11186670621,11782844345,12801459,13611591,1257025,0,0,0,0,0,0,0,0,0,0,0,0,21540359,21520823,21751,21728,264,0,0,0,0,0,0,0,0,network_stall
1779256972.880992,g5.hpc.coe,43337,0.5001,0,0.0,2035.0,12288.0,11199867880,11796033807,12814668,13624788,1257028,0,0,0,0,0,0,0,0,0,0,0,0,13197259,13189462,13209,13197,3,0,0,0,0,0,0,0,0,network_stall
1779256973.381129,g5.hpc.coe,43337,0.5001,0,0.0,2035.0,12288.0,11199868306,11796033919,12814672,13624790,1257028,0,0,0,0,0,0,0,0,0,0,0,0,426,112,4,2,0,0,0,0,0,0,0,0,0,network_stall
1779256973.8812556,g5.hpc.coe,43337,0.5001,0,0.0,2035.0,12288.0,11199868745,11796034020,12814675,13624792,1257028,0,0,0,0,0,0,0,0,0,0,0,0,439,101,3,2,0,0,0,0,0,0,0,0,0,network_stall
1779256974.3813932,g5.hpc.coe,43337,0.5001,0,0.0,2035.0,12288.0,11199869731,11796034480,12814690,13624800,1257028,0,0,0,0,0,0,0,0,0,0,0,0,986,460,15,8,0,0,0,0,0,0,0,0,0,network_stall
1779256974.8815114,g5.hpc.coe,43337,0.5001,0,0.0,2035.0,12288.0,11199870206,11796034537,12814692,13624801,1257028,0,0,0,0,0,0,0,0,0,0,0,0,475,57,2,1,0,0,0,0,0,0,0,0,0,network_stall
1779256975.3816433,g5.hpc.coe,43337,0.5001,0,0.0,2035.0,12288.0,11199870723,11796034594,12814694,13624802,1257028,0,0,0,0,0,0,0,0,0,0,0,0,517,57,2,1,0,0,0,0,0,0,0,0,0,network_stall
1779256975.8817816,g5.hpc.coe,43337,0.5001,0,0.0,2035.0,12288.0,11199871304,11796034673,12814697,13624804,1257028,0,0,0,0,0,0,0,0,0,0,0,0,581,79,3,2,0,0,0,0,0,0,0,0,0,network_stall
1779256976.3819177,g5.hpc.coe,43337,0.5001,0,0.0,2035.0,12288.0,11199871927,11796034752,12814700,13624806,1257028,0,0,0,0,0,0,0,0,0,0,0,0,623,79,3,2,0,0,0,0,0,0,0,0,0,network_stall
1779256976.8820446,g5.hpc.coe,43337,0.5001,0,100.0,2035.0,12288.0,11234609654,11830745058,12849659,13659739,1257167,0,0,0,0,0,0,0,0,0,0,0,0,34737727,34710306,34959,34933,139,0,0,0,0,0,0,0,0,network_stall
1779256977.3821466,g5.hpc.coe,43337,0.5001,0,0.0,2035.0,12288.0,11234610367,11830745137,12849662,13659741,1257167,0,0,0,0,0,0,0,0,0,0,0,0,713,79,3,2,0,0,0,0,0,0,0,0,0,network_stall
1779256977.8822865,g5.hpc.coe,43337,0.5001,0,0.0,2035.0,12288.0,11234611122,11830745216,12849665,13659743,1257167,0,0,0,0,0,0,0,0,0,0,0,0,755,79,3,2,0,0,0,0,0,0,0,0,0,network_stall
1779256978.3824234,g5.hpc.coe,43337,0.5001,0,0.0,2035.0,12288.0,11234611919,11830745295,12849668,13659745,1257167,0,0,0,0,0,0,0,0,0,0,0,0,797,79,3,2,0,0,0,0,0,0,0,0,0,network_stall
1779256978.8825605,g5.hpc.coe,43337,0.5001,0,0.0,2035.0,12288.0,11234612813,11830745429,12849672,13659748,1257167,0,0,0,0,0,0,0,0,0,0,0,0,894,134,4,3,0,0,0,0,0,0,0,0,0,network_stall
1779256979.3827055,g5.hpc.coe,43337,0.5001,0,0.0,2035.0,12288.0,11234613694,11830745508,12849675,13659750,1257167,0,0,0,0,0,0,0,0,0,0,0,0,881,79,3,2,0,0,0,0,0,0,0,0,0,network_stall
1779256979.8828437,g5.hpc.coe,43337,0.5001,0,0.0,2035.0,12288.0,11234614617,11830745587,12849678,13659752,1257167,0,0,0,0,0,0,0,0,0,0,0,0,923,79,3,2,0,0,0,0,0,0,0,0,0,network_stall
1779256980.3829782,g5.hpc.coe,43337,0.5001,0,0.0,2035.0,12288.0,11234615582,11830745666,12849681,13659754,1257167,0,0,0,0,0,0,0,0,0,0,0,0,965,79,3,2,0,0,0,0,0,0,0,0,0,network_stall
1779256980.8831058,g5.hpc.coe,43337,0.5001,0,100.0,2035.0,12288.0,11263104098,11859208569,12878423,13688471,1257173,0,0,0,0,0,0,0,0,0,0,0,0,28488516,28462903,28742,28717,6,0,0,0,0,0,0,0,0,network_stall
1779256981.3832395,g5.hpc.coe,43337,0.5001,0,0.0,2035.0,12288.0,11269354692,11865456044,12884641,13694688,1257173,0,0,0,0,0,0,0,0,0,0,0,0,6250594,6247475,6218,6217,0,0,0,0,0,0,0,0,0,network_stall
1779256981.8833728,g5.hpc.coe,43337,0.5001,0,0.0,2035.0,12288.0,11269355814,11865456123,12884645,13694690,1257173,0,0,0,0,0,0,0,0,0,0,0,0,1122,79,4,2,0,0,0,0,0,0,0,0,0,network_stall
1779256982.3835151,g5.hpc.coe,43337,0.5001,0,0.0,2035.0,12288.0,11269356979,11865456202,12884649,13694692,1257173,0,0,0,0,0,0,0,0,0,0,0,0,1165,79,4,2,0,0,0,0,0,0,0,0,0,network_stall
1779256982.883636,g5.hpc.coe,43337,0.5001,0,0.0,2035.0,12288.0,11269357118,11865456259,12884651,13694693,1257173,0,0,0,0,0,0,0,0,0,0,0,0,139,57,2,1,0,0,0,0,0,0,0,0,0,network_stall
1779256983.3837886,g5.hpc.coe,43337,0.5002,0,0.0,2035.0,12288.0,11269357299,11865456316,12884653,13694694,1257173,0,0,0,0,0,0,0,0,0,0,0,0,181,57,2,1,0,0,0,0,0,0,0,0,0,network_stall
1779256983.8839185,g5.hpc.coe,43337,0.5001,0,0.0,2035.0,12288.0,11269357599,11865456428,12884657,13694696,1257173,0,0,0,0,0,0,0,0,0,0,0,0,300,112,4,2,0,0,0,0,0,0,0,0,0,network_stall
1779256984.3840578,g5.hpc.coe,43337,0.5001,0,0.0,2035.0,12288.0,11269357864,11865456485,12884659,13694697,1257173,0,0,0,0,0,0,0,0,0,0,0,0,265,57,2,1,0,0,0,0,0,0,0,0,0,network_stall
1779256984.8841891,g5.hpc.coe,43337,0.5001,0,100.0,2035.0,12288.0,11297155566,11893232290,12912640,13722645,1258446,0,0,0,0,0,0,0,0,0,0,0,0,27797702,27775805,27981,27948,1273,0,0,0,0,0,0,0,0,network_stall
1779256985.3843222,g5.hpc.coe,43337,0.5001,0,0.0,2035.0,12288.0,11304095483,11900166637,12919604,13729603,1258448,0,0,0,0,0,0,0,0,0,0,0,0,6939917,6934347,6964,6958,2,0,0,0,0,0,0,0,0,network_stall
1779256985.8844597,g5.hpc.coe,43337,0.5001,0,0.0,2035.0,12288.0,11304095884,11900166694,12919606,13729604,1258448,0,0,0,0,0,0,0,0,0,0,0,0,401,57,2,1,0,0,0,0,0,0,0,0,0,network_stall
1779256986.3845935,g5.hpc.coe,43337,0.5001,0,0.0,2035.0,12288.0,11304096327,11900166751,12919608,13729605,1258448,0,0,0,0,0,0,0,0,0,0,0,0,443,57,2,1,0,0,0,0,0,0,0,0,0,network_stall
1779256986.8847272,g5.hpc.coe,43337,0.5001,0,0.0,2035.0,12288.0,11304096812,11900166808,12919610,13729606,1258448,0,0,0,0,0,0,0,0,0,0,0,0,485,57,2,1,0,0,0,0,0,0,0,0,0,network_stall
1779256987.3848665,g5.hpc.coe,43337,0.5001,0,0.0,2035.0,12288.0,11304097339,11900166865,12919612,13729607,1258448,0,0,0,0,0,0,0,0,0,0,0,0,527,57,2,1,0,0,0,0,0,0,0,0,0,network_stall
1779256987.8849974,g5.hpc.coe,43337,0.5001,0,0.0,2035.0,12288.0,11304097930,11900166944,12919615,13729609,1258448,0,0,0,0,0,0,0,0,0,0,0,0,591,79,3,2,0,0,0,0,0,0,0,0,0,network_stall
1779256988.385147,g5.hpc.coe,43337,0.5001,0,0.0,2035.0,12288.0,11304098563,11900167023,12919618,13729611,1258448,0,0,0,0,0,0,0,0,0,0,0,0,633,79,3,2,0,0,0,0,0,0,0,0,0,network_stall
1779256988.8852518,g5.hpc.coe,43337,0.5001,0,100.0,2035.0,12288.0,11325639342,11921687909,12941361,13751339,1258450,0,0,0,0,0,0,0,0,0,0,0,0,21540779,21520886,21743,21728,2,0,0,0,0,0,0,0,0,network_stall
1779256989.3853793,g5.hpc.coe,43337,0.5001,0,0.0,2035.0,12288.0,11338837623,11934877826,12954583,13764543,1258454,0,0,0,0,0,0,0,0,0,0,0,0,13198281,13189917,13222,13204,4,0,0,0,0,0,0,0,0,network_stall
1779256989.8854854,g5.hpc.coe,43337,0.5001,0,0.0,2035.0,12288.0,11338838391,11934877905,12954586,13764545,1258454,0,0,0,0,0,0,0,0,0,0,0,0,768,79,3,2,0,0,0,0,0,0,0,0,0,network_stall
1779256990.3856235,g5.hpc.coe,43337,0.5001,0,0.0,2035.0,12288.0,11338839201,11934877984,12954589,13764547,1258454,0,0,0,0,0,0,0,0,0,0,0,0,810,79,3,2,0,0,0,0,0,0,0,0,0,network_stall
1779256990.885756,g5.hpc.coe,43337,0.5001,0,0.0,2035.0,12288.0,11338840053,11934878063,12954592,13764549,1258454,0,0,0,0,0,0,0,0,0,0,0,0,852,79,3,2,0,0,0,0,0,0,0,0,0,network_stall
1779256991.3858917,g5.hpc.coe,43337,0.5001,0,0.0,2035.0,12288.0,11338840947,11934878142,12954595,13764551,1258454,0,0,0,0,0,0,0,0,0,0,0,0,894,79,3,2,0,0,0,0,0,0,0,0,0,network_stall
1779256991.8860006,g5.hpc.coe,43337,0.5001,0,0.0,2035.0,12288.0,11338841883,11934878221,12954598,13764553,1258454,0,0,0,0,0,0,0,0,0,0,0,0,936,79,3,2,0,0,0,0,0,0,0,0,0,network_stall
1779256992.386135,g5.hpc.coe,43337,0.5001,0,0.0,2035.0,12288.0,11338842861,11934878300,12954601,13764555,1258454,0,0,0,0,0,0,0,0,0,0,0,0,978,79,3,2,0,0,0,0,0,0,0,0,0,network_stall
1779256992.8862686,g5.hpc.coe,43337,0.5001,0,100.0,2035.0,12288.0,11359693879,11955712223,12975594,13785538,1258457,0,0,0,0,0,0,0,0,0,0,0,0,20851018,20833923,20993,20983,3,0,0,0,0,0,0,0,0,network_stall
1779256993.3864071,g5.hpc.coe,43337,0.5001,0,0.0,2035.0,12288.0,11373581913,11969588643,12989547,13799484,1258459,0,0,0,0,0,0,0,0,0,0,0,0,13888034,13876420,13953,13946,2,0,0,0,0,0,0,0,0,network_stall
1779256993.8865337,g5.hpc.coe,43337,0.5001,0,0.0,2035.0,12288.0,11373583126,11969588777,12989553,13799487,1258459,0,0,0,0,0,0,0,0,0,0,0,0,1213,134,6,3,0,0,0,0,0,0,0,0,0,network_stall
1779256994.3866444,g5.hpc.coe,43337,0.5001,0,0.0,2035.0,12288.0,11373584304,11969588856,12989557,13799489,1258459,0,0,0,0,0,0,0,0,0,0,0,0,1178,79,4,2,0,0,0,0,0,0,0,0,0,network_stall
1779256994.8867693,g5.hpc.coe,43337,0.5001,0,0.0,2035.0,12288.0,11373584457,11969588913,12989559,13799490,1258459,0,0,0,0,0,0,0,0,0,0,0,0,153,57,2,1,0,0,0,0,0,0,0,0,0,network_stall
1779256995.386893,g5.hpc.coe,43337,0.5001,0,0.0,2035.0,12288.0,11373584652,11969588970,12989561,13799491,1258459,0,0,0,0,0,0,0,0,0,0,0,0,195,57,2,1,0,0,0,0,0,0,0,0,0,network_stall
1779256995.8869991,g5.hpc.coe,43337,0.5001,0,0.0,2035.0,12288.0,11373584888,11969589027,12989563,13799492,1258459,0,0,0,0,0,0,0,0,0,0,0,0,236,57,2,1,0,0,0,0,0,0,0,0,0,network_stall
1779256996.3870988,g5.hpc.coe,43337,0.5001,0,0.0,2035.0,12288.0,11373585166,11969589084,12989565,13799493,1258459,0,0,0,0,0,0,0,0,0,0,0,0,278,57,2,1,0,0,0,0,0,0,0,0,0,network_stall
1779256996.8872216,g5.hpc.coe,43337,0.5001,0,100.0,2035.0,12288.0,11388178145,11984167905,13004320,13814241,1258464,0,0,0,0,0,0,0,0,0,0,0,0,14592979,14578821,14755,14748,5,0,0,0,0,0,0,0,0,network_stall
1779256997.3873363,g5.hpc.coe,43337,0.5001,0,0.0,2035.0,12288.0,11408322818,12004299453,13024511,13834430,1258466,0,0,0,0,0,0,0,0,0,0,0,0,20144673,20131548,20191,20189,2,0,0,0,0,0,0,0,0,network_stall
1779256997.8874626,g5.hpc.coe,43337,0.5001,0,0.0,2035.0,12288.0,11408323232,12004299510,13024513,13834431,1258466,0,0,0,0,0,0,0,0,0,0,0,0,414,57,2,1,0,0,0,0,0,0,0,0,0,network_stall
1779256998.3875897,g5.hpc.coe,43337,0.5001,0,0.0,2035.0,12288.0,11408323688,12004299567,13024515,13834432,1258466,0,0,0,0,0,0,0,0,0,0,0,0,456,57,2,1,0,0,0,0,0,0,0,0,0,network_stall
1779256998.8877215,g5.hpc.coe,43337,0.5001,0,0.0,2035.0,12288.0,11408324241,12004299679,13024518,13834434,1258466,0,0,0,0,0,0,0,0,0,0,0,0,553,112,3,2,0,0,0,0,0,0,0,0,0,network_stall
1779256999.387862,g5.hpc.coe,43337,0.5001,0,0.0,2035.0,12288.0,11408324804,12004299736,13024521,13834435,1258466,0,0,0,0,0,0,0,0,0,0,0,0,563,57,3,1,0,0,0,0,0,0,0,0,0,network_stall
1779256999.8879962,g5.hpc.coe,43337,0.5001,0,0.0,2035.0,12288.0,11408325408,12004299815,13024524,13834437,1258466,0,0,0,0,0,0,0,0,0,0,0,0,604,79,3,2,0,0,0,0,0,0,0,0,0,network_stall
1779257000.388133,g5.hpc.coe,43337,0.5001,0,0.0,2035.0,12288.0,11408326054,12004299894,13024527,13834439,1258466,0,0,0,0,0,0,0,0,0,0,0,0,646,79,3,2,0,0,0,0,0,0,0,0,0,network_stall
1779257000.8882647,g5.hpc.coe,43337,0.5001,0,96.0,2035.0,12288.0,11422229427,12018191780,13038543,13848437,1259528,0,0,0,0,0,0,0,0,0,0,0,0,13903373,13891886,14016,13998,1062,0,0,0,0,0,0,0,0,network_stall
1779257001.388397,g5.hpc.coe,43337,0.5001,0,0.0,2035.0,12288.0,11443064519,12039010244,13059486,13869369,1259530,0,0,0,0,0,0,0,0,0,0,0,0,20835092,20818464,20943,20932,2,0,0,0,0,0,0,0,0,network_stall
1779257001.8885314,g5.hpc.coe,43337,0.5001,0,0.0,2035.0,12288.0,11443065301,12039010323,13059489,13869371,1259530,0,0,0,0,0,0,0,0,0,0,0,0,782,79,3,2,0,0,0,0,0,0,0,0,0,network_stall
1779257002.3886688,g5.hpc.coe,43337,0.5001,0,0.0,2035.0,12288.0,11443066125,12039010402,13059492,13869373,1259530,0,0,0,0,0,0,0,0,0,0,0,0,824,79,3,2,0,0,0,0,0,0,0,0,0,network_stall
1779257002.888813,g5.hpc.coe,43337,0.5001,0,0.0,2035.0,12288.0,11443066991,12039010481,13059495,13869375,1259530,0,0,0,0,0,0,0,0,0,0,0,0,866,79,3,2,0,0,0,0,0,0,0,0,0,network_stall
1779257003.3889527,g5.hpc.coe,43337,0.5001,0,0.0,2035.0,12288.0,11443067899,12039010560,13059498,13869377,1259530,0,0,0,0,0,0,0,0,0,0,0,0,908,79,3,2,0,0,0,0,0,0,0,0,0,network_stall
1779257003.8890846,g5.hpc.coe,43337,0.5001,0,0.0,2035.0,12288.0,11443068849,12039010639,13059502,13869382,1259530,0,0,0,0,0,0,0,0,0,0,0,0,950,79,4,5,0,0,0,0,0,0,0,0,0,network_stall
1779257004.3892324,g5.hpc.coe,43337,0.5001,0,0.0,2035.0,12288.0,11443070519,12039011220,13059520,13869390,1259530,0,0,0,0,0,0,0,0,0,0,0,0,1670,581,18,8,0,0,0,0,0,0,0,0,0,network_stall
1779257004.889357,g5.hpc.coe,43337,0.5001,0,76.0,2035.0,12288.0,11450716851,12046647991,13067292,13877149,1259532,0,0,0,0,0,0,0,0,0,0,0,0,7646332,7636771,7772,7759,2,0,0,0,0,0,0,0,0,network_stall
1779257005.3894987,g5.hpc.coe,43337,0.5001,0,6.0,2035.0,12288.0,11477809740,12073721570,13094486,13904320,1259533,0,0,0,0,0,0,0,0,0,0,0,0,27092889,27073579,27194,27171,1,0,0,0,0,0,0,0,0,network_stall
1779257005.889615,g5.hpc.coe,43337,0.5001,0,0.0,2035.0,12288.0,11477810889,12073721649,13094490,13904322,1259533,0,0,0,0,0,0,0,0,0,0,0,0,1149,79,4,2,0,0,0,0,0,0,0,0,0,network_stall
1779257006.3897545,g5.hpc.coe,43337,0.5001,0,0.0,2035.0,12288.0,11477811012,12073721706,13094492,13904323,1259533,0,0,0,0,0,0,0,0,0,0,0,0,123,57,2,1,0,0,0,0,0,0,0,0,0,network_stall
1779257006.8898873,g5.hpc.coe,43337,0.5001,0,0.0,2035.0,12288.0,11477811177,12073721763,13094494,13904324,1259533,0,0,0,0,0,0,0,0,0,0,0,0,165,57,2,1,0,0,0,0,0,0,0,0,0,network_stall
1779257007.39002,g5.hpc.coe,43337,0.5001,0,0.0,2035.0,12288.0,11477811384,12073721820,13094496,13904325,1259533,0,0,0,0,0,0,0,0,0,0,0,0,207,57,2,1,0,0,0,0,0,0,0,0,0,network_stall
1779257007.8901527,g5.hpc.coe,43337,0.5001,0,0.0,2035.0,12288.0,11477811633,12073721877,13094498,13904326,1259533,0,0,0,0,0,0,0,0,0,0,0,0,249,57,2,1,0,0,0,0,0,0,0,0,0,network_stall
1779257008.3902864,g5.hpc.coe,43337,0.5001,0,0.0,2035.0,12288.0,11477811924,12073721934,13094500,13904327,1259533,0,0,0,0,0,0,0,0,0,0,0,0,291,57,2,1,0,0,0,0,0,0,0,0,0,network_stall
1779257008.8904092,g5.hpc.coe,43337,0.5001,0,56.0,2035.0,12288.0,11485457519,12081358676,13102266,13912084,1261601,0,0,0,0,0,0,0,0,0,0,0,0,7645595,7636742,7766,7757,2068,0,0,0,0,0,0,0,0,network_stall
1779257009.390522,g5.hpc.coe,43337,0.5001,0,21.0,2035.0,12288.0,11512549629,12108432295,13129441,13939256,1261606,0,0,0,0,0,0,0,0,0,0,0,0,27092110,27073619,27175,27172,5,0,0,0,0,0,0,0,0,network_stall
1779257009.8906488,g5.hpc.coe,43337,0.5001,0,0.0,2035.0,12288.0,11512550055,12108432352,13129443,13939257,1261606,0,0,0,0,0,0,0,0,0,0,0,0,426,57,2,1,0,0,0,0,0,0,0,0,0,network_stall
1779257010.3907542,g5.hpc.coe,43337,0.5001,0,0.0,2035.0,12288.0,11512550523,12108432409,13129445,13939258,1261606,0,0,0,0,0,0,0,0,0,0,0,0,468,57,2,1,0,0,0,0,0,0,0,0,0,network_stall
1779257010.8908663,g5.hpc.coe,43337,0.5001,0,0.0,2035.0,12288.0,11512551033,12108432466,13129447,13939259,1261606,0,0,0,0,0,0,0,0,0,0,0,0,510,57,2,1,0,0,0,0,0,0,0,0,0,network_stall
1779257011.3910003,g5.hpc.coe,43337,0.5001,0,0.0,2035.0,12288.0,11512551607,12108432545,13129450,13939261,1261606,0,0,0,0,0,0,0,0,0,0,0,0,574,79,3,2,0,0,0,0,0,0,0,0,0,network_stall
1779257011.891133,g5.hpc.coe,43337,0.5001,0,0.0,2035.0,12288.0,11512552223,12108432624,13129453,13939263,1261606,0,0,0,0,0,0,0,0,0,0,0,0,616,79,3,2,0,0,0,0,0,0,0,0,0,network_stall
1779257012.3912673,g5.hpc.coe,43337,0.5001,0,0.0,2035.0,12288.0,11512552881,12108432703,13129456,13939265,1261606,0,0,0,0,0,0,0,0,0,0,0,0,658,79,3,2,0,0,0,0,0,0,0,0,0,network_stall
1779257012.8913882,g5.hpc.coe,43337,0.5001,0,35.0,2035.0,12288.0,11513251516,12110182203,13130244,13941065,1261607,0,0,0,0,0,0,0,0,0,0,0,0,698635,1749500,788,1800,1,0,0,0,0,0,0,0,0,network_stall
1779257013.3915231,g5.hpc.coe,43337,0.5001,0,42.0,2035.0,12288.0,11547291319,12143143053,13164408,13974195,1261794,0,0,0,0,0,0,0,0,0,0,0,0,34039803,32960850,34164,33130,187,0,0,0,0,0,0,0,0,network_stall
1779257013.8916583,g5.hpc.coe,43337,0.5001,0,0.0,2035.0,12288.0,11547292221,12143143204,13164413,13974198,1261794,0,0,0,0,0,0,0,0,0,0,0,0,902,151,5,3,0,0,0,0,0,0,0,0,0,network_stall
1779257014.391793,g5.hpc.coe,43337,0.5001,0,0.0,2035.0,12288.0,11547293133,12143143338,13164418,13974201,1261794,0,0,0,0,0,0,0,0,0,0,0,0,912,134,5,3,0,0,0,0,0,0,0,0,0,network_stall
1779257014.891922,g5.hpc.coe,43337,0.5001,0,0.0,2035.0,12288.0,11547294010,12143143417,13164421,13974203,1261794,0,0,0,0,0,0,0,0,0,0,0,0,877,79,3,2,0,0,0,0,0,0,0,0,0,network_stall
1779257015.3920379,g5.hpc.coe,43337,0.5001,0,0.0,2035.0,12288.0,11547294929,12143143496,13164424,13974205,1261794,0,0,0,0,0,0,0,0,0,0,0,0,919,79,3,2,0,0,0,0,0,0,0,0,0,network_stall
1779257015.89217,g5.hpc.coe,43337,0.5001,0,0.0,2035.0,12288.0,11547295890,12143143575,13164427,13974207,1261794,0,0,0,0,0,0,0,0,0,0,0,0,961,79,3,2,0,0,0,0,0,0,0,0,0,network_stall
1779257016.3923073,g5.hpc.coe,43337,0.5001,0,0.0,2035.0,12288.0,11547296893,12143143654,13164430,13974209,1261794,0,0,0,0,0,0,0,0,0,0,0,0,1003,79,3,2,0,0,0,0,0,0,0,0,0,network_stall
1779257016.892408,g5.hpc.coe,43337,0.5001,0,0.0,2035.0,12288.0,11547995873,12144893168,13165218,13976011,1261794,0,0,0,0,0,0,0,0,0,0,0,0,698980,1749514,788,1802,0,0,0,0,0,0,0,0,0,network_stall
1779257017.3925397,g5.hpc.coe,43337,0.5001,0,53.0,2035.0,12288.0,11582035986,12177854039,13199375,14009144,1261797,0,0,0,0,0,0,0,0,0,0,0,0,34040113,32960871,34157,33133,3,0,0,0,0,0,0,0,0,network_stall
1779257017.8926492,g5.hpc.coe,43337,0.5001,0,0.0,2035.0,12288.0,11582037145,12177854118,13199379,14009146,1261797,0,0,0,0,0,0,0,0,0,0,0,0,1159,79,4,2,0,0,0,0,0,0,0,0,0,network_stall
1779257018.3927805,g5.hpc.coe,43337,0.5001,0,0.0,2035.0,12288.0,11582037278,12177854175,13199381,14009147,1261797,0,0,0,0,0,0,0,0,0,0,0,0,133,57,2,1,0,0,0,0,0,0,0,0,0,network_stall
1779257018.8929152,g5.hpc.coe,43337,0.5001,0,0.0,2035.0,12288.0,11582037453,12177854232,13199383,14009148,1261797,0,0,0,0,0,0,0,0,0,0,0,0,175,57,2,1,0,0,0,0,0,0,0,0,0,network_stall
1779257019.3930585,g5.hpc.coe,43337,0.5001,0,0.0,2035.0,12288.0,11582038348,12177854791,13199401,14009158,1261797,0,0,0,0,0,0,0,0,0,0,0,0,895,559,18,10,0,0,0,0,0,0,0,0,0,network_stall
1779257019.8931952,g5.hpc.coe,43337,0.5001,0,0.0,2035.0,12288.0,11582038608,12177854848,13199403,14009159,1261797,0,0,0,0,0,0,0,0,0,0,0,0,260,57,2,1,0,0,0,0,0,0,0,0,0,network_stall
1779257020.3933125,g5.hpc.coe,43337,0.5001,0,0.0,2035.0,12288.0,11582038910,12177854905,13199405,14009160,1261797,0,0,0,0,0,0,0,0,0,0,0,0,302,57,2,1,0,0,0,0,0,0,0,0,0,network_stall
1779257020.8934455,g5.hpc.coe,43337,0.5001,0,0.0,2035.0,12288.0,11582039254,12177854962,13199407,14009161,1261797,0,0,0,0,0,0,0,0,0,0,0,0,344,57,2,1,0,0,0,0,0,0,0,0,0,network_stall
1779257021.3935766,g5.hpc.coe,43337,0.5001,0,100.0,2035.0,12288.0,11616776590,12212565281,13234349,14044098,1264107,0,0,0,0,0,0,0,0,0,0,0,0,34737336,34710319,34942,34937,2310,0,0,0,0,0,0,0,0,network_stall
1779257021.8937058,g5.hpc.coe,43337,0.5001,0,0.0,2035.0,12288.0,11616777024,12212565338,13234351,14044099,1264107,0,0,0,0,0,0,0,0,0,0,0,0,434,57,2,1,0,0,0,0,0,0,0,0,0,network_stall
1779257022.3938425,g5.hpc.coe,43337,0.5001,0,0.0,2035.0,12288.0,11616777757,12212565650,13234358,14044105,1264107,0,0,0,0,0,0,0,0,0,0,0,0,733,312,7,6,0,0,0,0,0,0,0,0,0,network_stall
1779257022.8939815,g5.hpc.coe,43337,0.5001,0,0.0,2035.0,12288.0,11616778297,12212565707,13234361,14044106,1264107,0,0,0,0,0,0,0,0,0,0,0,0,540,57,3,1,0,0,0,0,0,0,0,0,0,network_stall
1779257023.394121,g5.hpc.coe,43337,0.5001,0,0.0,2035.0,12288.0,11616778879,12212565786,13234364,14044108,1264107,0,0,0,0,0,0,0,0,0,0,0,0,582,79,3,2,0,0,0,0,0,0,0,0,0,network_stall
1779257023.8942223,g5.hpc.coe,43337,0.5001,0,0.0,2035.0,12288.0,11616779503,12212565865,13234367,14044110,1264107,0,0,0,0,0,0,0,0,0,0,0,0,624,79,3,2,0,0,0,0,0,0,0,0,0,network_stall
1779257024.394355,g5.hpc.coe,43337,0.5001,0,0.0,2035.0,12288.0,11616780169,12212565944,13234370,14044112,1264107,0,0,0,0,0,0,0,0,0,0,0,0,666,79,3,2,0,0,0,0,0,0,0,0,0,network_stall
1779257024.8944962,g5.hpc.coe,43337,0.5001,0,0.0,2035.0,12288.0,11616780954,12212566078,13234375,14044115,1264107,0,0,0,0,0,0,0,0,0,0,0,0,785,134,5,3,0,0,0,0,0,0,0,0,0,network_stall
1779257025.3946218,g5.hpc.coe,43337,0.5001,0,100.0,2035.0,12288.0,11645269164,12241028995,13263110,14072834,1264114,0,0,0,0,0,0,0,0,0,0,0,0,28488210,28462917,28735,28719,7,0,0,0,0,0,0,0,0,network_stall
1779257025.8947573,g5.hpc.coe,43337,0.5001,0,0.0,2035.0,12288.0,11651519493,12247276428,13269327,14079045,1264114,0,0,0,0,0,0,0,0,0,0,0,0,6250329,6247433,6217,6211,0,0,0,0,0,0,0,0,0,network_stall
1779257026.3948889,g5.hpc.coe,43337,0.5001,0,0.0,2035.0,12288.0,11651520336,12247276507,13269330,14079047,1264114,0,0,0,0,0,0,0,0,0,0,0,0,843,79,3,2,0,0,0,0,0,0,0,0,0,network_stall
1779257026.895027,g5.hpc.coe,43337,0.5001,0,0.0,2035.0,12288.0,11651521221,12247276586,13269333,14079049,1264114,0,0,0,0,0,0,0,0,0,0,0,0,885,79,3,2,0,0,0,0,0,0,0,0,0,network_stall
1779257027.3951612,g5.hpc.coe,43337,0.5001,0,0.0,2035.0,12288.0,11651522148,12247276665,13269336,14079051,1264114,0,0,0,0,0,0,0,0,0,0,0,0,927,79,3,2,0,0,0,0,0,0,0,0,0,network_stall
1779257027.89527,g5.hpc.coe,43337,0.5001,0,0.0,2035.0,12288.0,11651523117,12247276744,13269339,14079053,1264114,0,0,0,0,0,0,0,0,0,0,0,0,969,79,3,2,0,0,0,0,0,0,0,0,0,network_stall
1779257028.3954015,g5.hpc.coe,43337,0.5001,0,0.0,2035.0,12288.0,11651524127,12247276823,13269342,14079055,1264114,0,0,0,0,0,0,0,0,0,0,0,0,1010,79,3,2,0,0,0,0,0,0,0,0,0,network_stall
1779257028.895534,g5.hpc.coe,43337,0.5001,0,0.0,2035.0,12288.0,11651525179,12247276902,13269345,14079057,1264114,0,0,0,0,0,0,0,0,0,0,0,0,1052,79,3,2,0,0,0,0,0,0,0,0,0,network_stall
1779257029.3956375,g5.hpc.coe,43337,0.5001,0,100.0,2035.0,12288.0,11680013734,12275739763,13298078,14107768,1265080,0,0,0,0,0,0,0,0,0,0,0,0,28488555,28462861,28733,28711,966,0,0,0,0,0,0,0,0,network_stall
1779257029.8957753,g5.hpc.coe,43337,0.5001,0,0.0,2035.0,12288.0,11686264535,12281987279,13304302,14113984,1265081,0,0,0,0,0,0,0,0,0,0,0,0,6250801,6247516,6224,6216,1,0,0,0,0,0,0,0,0,network_stall
1779257030.395909,g5.hpc.coe,43337,0.5001,0,0.0,2035.0,12288.0,11686264677,12281987336,13304304,14113985,1265081,0,0,0,0,0,0,0,0,0,0,0,0,142,57,2,1,0,0,0,0,0,0,0,0,0,network_stall
1779257030.8960376,g5.hpc.coe,43337,0.5001,0,0.0,2035.0,12288.0,11686264861,12281987393,13304306,14113986,1265081,0,0,0,0,0,0,0,0,0,0,0,0,184,57,2,1,0,0,0,0,0,0,0,0,0,network_stall
1779257031.396168,g5.hpc.coe,43337,0.5001,0,0.0,2035.0,12288.0,11686265087,12281987450,13304308,14113987,1265081,0,0,0,0,0,0,0,0,0,0,0,0,226,57,2,1,0,0,0,0,0,0,0,0,0,network_stall
1779257031.8962977,g5.hpc.coe,43337,0.5001,0,0.0,2035.0,12288.0,11686265354,12281987507,13304310,14113988,1265081,0,0,0,0,0,0,0,0,0,0,0,0,267,57,2,1,0,0,0,0,0,0,0,0,0,network_stall
1779257032.3964095,g5.hpc.coe,43337,0.5001,0,0.0,2035.0,12288.0,11686265663,12281987564,13304312,14113989,1265081,0,0,0,0,0,0,0,0,0,0,0,0,309,57,2,1,0,0,0,0,0,0,0,0,0,network_stall
1779257032.8965464,g5.hpc.coe,43337,0.5001,0,0.0,2035.0,12288.0,11686266014,12281987621,13304314,14113990,1265081,0,0,0,0,0,0,0,0,0,0,0,0,351,57,2,1,0,0,0,0,0,0,0,0,0,network_stall
1779257033.3966837,g5.hpc.coe,43337,0.5001,0,100.0,2035.0,12288.0,11711367942,12307728285,13330207,14139913,1265247,0,0,0,0,0,0,0,0,0,0,0,0,25101928,25740664,25893,25923,166,0,0,0,0,0,0,0,0,network_stall
1779257033.8968122,g5.hpc.coe,43337,0.5001,0,0.0,2035.0,12288.0,11721004320,12316698437,13339265,14148935,1265249,0,0,0,0,0,0,0,0,0,0,0,0,9636378,8970152,9058,9022,2,0,0,0,0,0,0,0,0,network_stall
1779257034.3969266,g5.hpc.coe,43337,0.5001,0,0.0,2035.0,12288.0,11721004851,12316698494,13339269,14148936,1265249,0,0,0,0,0,0,0,0,0,0,0,0,531,57,4,1,0,0,0,0,0,0,0,0,0,network_stall
1779257034.8970525,g5.hpc.coe,43337,0.5001,0,0.0,2035.0,12288.0,11721005457,12316698606,13339273,14148938,1265249,0,0,0,0,0,0,0,0,0,0,0,0,606,112,4,2,0,0,0,0,0,0,0,0,0,network_stall
1779257035.3971863,g5.hpc.coe,43337,0.5001,0,0.0,2035.0,12288.0,11721006050,12316698685,13339276,14148940,1265249,0,0,0,0,0,0,0,0,0,0,0,0,593,79,3,2,0,0,0,0,0,0,0,0,0,network_stall
1779257035.897314,g5.hpc.coe,43337,0.5001,0,0.0,2035.0,12288.0,11721006685,12316698764,13339279,14148942,1265249,0,0,0,0,0,0,0,0,0,0,0,0,635,79,3,2,0,0,0,0,0,0,0,0,0,network_stall
1779257036.397446,g5.hpc.coe,43337,0.5001,0,0.0,2035.0,12288.0,11721007362,12316698843,13339282,14148944,1265249,0,0,0,0,0,0,0,0,0,0,0,0,677,79,3,2,0,0,0,0,0,0,0,0,0,network_stall
1779257036.8975713,g5.hpc.coe,43337,0.5001,0,0.0,2035.0,12288.0,11721008081,12316698922,13339285,14148946,1265249,0,0,0,0,0,0,0,0,0,0,0,0,719,79,3,2,0,0,0,0,0,0,0,0,0,network_stall
1779257037.3976965,g5.hpc.coe,43337,0.5001,0,100.0,2035.0,12288.0,11742548884,12338219746,13361028,14170672,1265254,0,0,0,0,0,0,0,0,0,0,0,0,21540803,21520824,21743,21726,5,0,0,0,0,0,0,0,0,network_stall
1779257037.8978238,g5.hpc.coe,43337,0.5001,0,0.0,2035.0,12288.0,11755746628,12351409244,13374235,14183872,1265255,0,0,0,0,0,0,0,0,0,0,0,0,13197744,13189498,13207,13200,1,0,0,0,0,0,0,0,0,network_stall
1779257038.3979642,g5.hpc.coe,43337,0.5001,0,0.0,2035.0,12288.0,11755747483,12351409323,13374238,14183874,1265255,0,0,0,0,0,0,0,0,0,0,0,0,855,79,3,2,0,0,0,0,0,0,0,0,0,network_stall
1779257038.8980918,g5.hpc.coe,43337,0.5001,0,0.0,2035.0,12288.0,11755748380,12351409402,13374241,14183876,1265255,0,0,0,0,0,0,0,0,0,0,0,0,897,79,3,2,0,0,0,0,0,0,0,0,0,network_stall
1779257039.3982124,g5.hpc.coe,43337,0.5001,0,0.0,2035.0,12288.0,11755749319,12351409481,13374244,14183878,1265255,0,0,0,0,0,0,0,0,0,0,0,0,939,79,3,2,0,0,0,0,0,0,0,0,0,network_stall
1779257039.8983428,g5.hpc.coe,43337,0.5001,0,0.0,2035.0,12288.0,11755750377,12351409615,13374249,14183881,1265255,0,0,0,0,0,0,0,0,0,0,0,0,1058,134,5,3,0,0,0,0,0,0,0,0,0,network_stall
1779257040.3984544,g5.hpc.coe,43337,0.5001,0,0.0,2035.0,12288.0,11755751400,12351409694,13374252,14183883,1265255,0,0,0,0,0,0,0,0,0,0,0,0,1023,79,3,2,0,0,0,0,0,0,0,0,0,network_stall
1779257040.8985882,g5.hpc.coe,43337,0.5001,0,0.0,2035.0,12288.0,11755752487,12351409773,13374256,14183885,1265255,0,0,0,0,0,0,0,0,0,0,0,0,1087,79,4,2,0,0,0,0,0,0,0,0,0,network_stall
1779257041.3986945,g5.hpc.coe,43337,0.5001,0,100.0,2035.0,12288.0,11776603692,12372243731,13395261,14204873,1265664,0,0,0,0,0,0,0,0,0,0,0,0,20851205,20833958,21005,20988,409,0,0,0,0,0,0,0,0,network_stall
1779257041.898823,g5.hpc.coe,43337,0.5001,0,0.0,2035.0,12288.0,11790491821,12386120137,13409215,14218817,1265665,0,0,0,0,0,0,0,0,0,0,0,0,13888129,13876406,13954,13944,1,0,0,0,0,0,0,0,0,network_stall
1779257042.398954,g5.hpc.coe,43337,0.5001,0,0.0,2035.0,12288.0,11790491977,12386120194,13409217,14218818,1265665,0,0,0,0,0,0,0,0,0,0,0,0,156,57,2,1,0,0,0,0,0,0,0,0,0,network_stall
1779257042.899088,g5.hpc.coe,43337,0.5001,0,0.0,2035.0,12288.0,11790492175,12386120251,13409219,14218819,1265665,0,0,0,0,0,0,0,0,0,0,0,0,198,57,2,1,0,0,0,0,0,0,0,0,0,network_stall
1779257043.3992147,g5.hpc.coe,43337,0.5001,0,0.0,2035.0,12288.0,11790492414,12386120308,13409221,14218820,1265665,0,0,0,0,0,0,0,0,0,0,0,0,239,57,2,1,0,0,0,0,0,0,0,0,0,network_stall
1779257043.8993595,g5.hpc.coe,43337,0.5001,0,0.0,2035.0,12288.0,11790492695,12386120365,13409223,14218821,1265665,0,0,0,0,0,0,0,0,0,0,0,0,281,57,2,1,0,0,0,0,0,0,0,0,0,network_stall
1779257044.3994696,g5.hpc.coe,43337,0.5001,0,0.0,2035.0,12288.0,11790493018,12386120422,13409225,14218822,1265665,0,0,0,0,0,0,0,0,0,0,0,0,323,57,2,1,0,0,0,0,0,0,0,0,0,network_stall
1779257044.8995981,g5.hpc.coe,43337,0.5001,0,0.0,2035.0,12288.0,11790493383,12386120479,13409227,14218823,1265665,0,0,0,0,0,0,0,0,0,0,0,0,365,57,2,1,0,0,0,0,0,0,0,0,0,network_stall
1779257045.399703,g5.hpc.coe,43337,0.5001,0,88.0,2035.0,12288.0,11805086526,12400699292,13423984,14233563,1265669,0,0,0,0,0,0,0,0,0,0,0,0,14593143,14578813,14757,14740,4,0,0,0,0,0,0,0,0,network_stall
1779257045.8998115,g5.hpc.coe,43337,0.5001,0,0.0,2035.0,12288.0,11825231348,12420830791,13444184,14253745,1265671,0,0,0,0,0,0,0,0,0,0,0,0,20144822,20131499,20200,20182,2,0,0,0,0,0,0,0,0,network_stall
1779257046.3999228,g5.hpc.coe,43337,0.5001,0,0.0,2035.0,12288.0,11825231849,12420830848,13444186,14253746,1265671,0,0,0,0,0,0,0,0,0,0,0,0,501,57,2,1,0,0,0,0,0,0,0,0,0,network_stall
1779257046.900053,g5.hpc.coe,43337,0.5001,0,0.0,2035.0,12288.0,11825232414,12420830927,13444189,14253748,1265671,0,0,0,0,0,0,0,0,0,0,0,0,565,79,3,2,0,0,0,0,0,0,0,0,0,network_stall
1779257047.4001908,g5.hpc.coe,43337,0.5001,0,0.0,2035.0,12288.0,11825233021,12420831006,13444192,14253750,1265671,0,0,0,0,0,0,0,0,0,0,0,0,607,79,3,2,0,0,0,0,0,0,0,0,0,network_stall
1779257047.9003232,g5.hpc.coe,43337,0.5001,0,0.0,2035.0,12288.0,11825233670,12420831085,13444195,14253752,1265671,0,0,0,0,0,0,0,0,0,0,0,0,649,79,3,2,0,0,0,0,0,0,0,0,0,network_stall
1779257048.4004712,g5.hpc.coe,43337,0.5001,0,0.0,2035.0,12288.0,11825234361,12420831164,13444198,14253754,1265671,0,0,0,0,0,0,0,0,0,0,0,0,691,79,3,2,0,0,0,0,0,0,0,0,0,network_stall
1779257048.9005988,g5.hpc.coe,43337,0.5001,0,0.0,2035.0,12288.0,11825235651,12420831690,13444213,14253764,1265671,0,0,0,0,0,0,0,0,0,0,0,0,1290,526,15,10,0,0,0,0,0,0,0,0,0,network_stall
1779257049.400719,g5.hpc.coe,43337,0.5001,0,68.0,2035.0,12288.0,11839139093,12434723618,13458222,14267768,1266627,0,0,0,0,0,0,0,0,0,0,0,0,13903442,13891928,14009,14004,956,0,0,0,0,0,0,0,0,network_stall
1779257049.9008794,g5.hpc.coe,43337,0.5002,0,9.0,2035.0,12288.0,11859974209,12455542054,13479156,14288696,1266632,0,0,0,0,0,0,0,0,0,0,0,0,20835116,20818436,20934,20928,5,0,0,0,0,0,0,0,0,network_stall
1779257050.4010148,g5.hpc.coe,43337,0.5001,0,0.0,2035.0,12288.0,11859975156,12455542188,13479161,14288699,1266632,0,0,0,0,0,0,0,0,0,0,0,0,947,134,5,3,0,0,0,0,0,0,0,0,0,network_stall
1779257050.9011467,g5.hpc.coe,43337,0.5001,0,0.0,2035.0,12288.0,11859976068,12455542267,13479164,14288701,1266632,0,0,0,0,0,0,0,0,0,0,0,0,912,79,3,2,0,0,0,0,0,0,0,0,0,network_stall
1779257051.401282,g5.hpc.coe,43337,0.5001,0,0.0,2035.0,12288.0,11859977022,12455542346,13479167,14288703,1266632,0,0,0,0,0,0,0,0,0,0,0,0,954,79,3,2,0,0,0,0,0,0,0,0,0,network_stall
1779257051.9014208,g5.hpc.coe,43337,0.5001,0,0.0,2035.0,12288.0,11859978018,12455542425,13479170,14288705,1266632,0,0,0,0,0,0,0,0,0,0,0,0,996,79,3,2,0,0,0,0,0,0,0,0,0,network_stall
1779257052.401546,g5.hpc.coe,43337,0.5001,0,0.0,2035.0,12288.0,11859979056,12455542504,13479173,14288707,1266632,0,0,0,0,0,0,0,0,0,0,0,0,1038,79,3,2,0,0,0,0,0,0,0,0,0,network_stall
1779257052.9016569,g5.hpc.coe,43337,0.5001,0,0.0,2035.0,12288.0,11859980158,12455542583,13479177,14288709,1266632,0,0,0,0,0,0,0,0,0,0,0,0,1102,79,4,2,0,0,0,0,0,0,0,0,0,network_stall
1779257053.4017487,g5.hpc.coe,43337,0.5001,0,48.0,2035.0,12288.0,11867626585,12463179361,13486948,14296469,1266932,0,0,0,0,0,0,0,0,0,0,0,0,7646427,7636778,7771,7760,300,0,0,0,0,0,0,0,0,network_stall
1779257053.9018807,g5.hpc.coe,43337,0.5001,0,33.0,2035.0,12288.0,11894719568,12490252961,13514143,14323643,1266937,0,0,0,0,0,0,0,0,0,0,0,0,27092983,27073600,27195,27174,5,0,0,0,0,0,0,0,0,network_stall
1779257054.4020362,g5.hpc.coe,43337,0.5002,0,0.0,2035.0,12288.0,11894719737,12490253018,13514145,14323644,1266937,0,0,0,0,0,0,0,0,0,0,0,0,169,57,2,1,0,0,0,0,0,0,0,0,0,network_stall
1779257054.9021707,g5.hpc.coe,43337,0.5001,0,0.0,2035.0,12288.0,11894719948,12490253075,13514147,14323645,1266937,0,0,0,0,0,0,0,0,0,0,0,0,211,57,2,1,0,0,0,0,0,0,0,0,0,network_stall
1779257055.4023027,g5.hpc.coe,43337,0.5001,0,0.0,2035.0,12288.0,11894720278,12490253187,13514151,14323647,1266937,0,0,0,0,0,0,0,0,0,0,0,0,330,112,4,2,0,0,0,0,0,0,0,0,0,network_stall
1779257055.9024346,g5.hpc.coe,43337,0.5001,0,0.0,2035.0,12288.0,11894720574,12490253244,13514153,14323648,1266937,0,0,0,0,0,0,0,0,0,0,0,0,296,57,2,1,0,0,0,0,0,0,0,0,0,network_stall
1779257056.4025419,g5.hpc.coe,43337,0.5001,0,0.0,2035.0,12288.0,11894720912,12490253301,13514155,14323649,1266937,0,0,0,0,0,0,0,0,0,0,0,0,338,57,2,1,0,0,0,0,0,0,0,0,0,network_stall
1779257056.9026492,g5.hpc.coe,43337,0.5001,0,0.0,2035.0,12288.0,11894721292,12490253358,13514157,14323650,1266937,0,0,0,0,0,0,0,0,0,0,0,0,380,57,2,1,0,0,0,0,0,0,0,0,0,network_stall
1779257057.4027581,g5.hpc.coe,43337,0.5001,0,0.0,2035.0,12288.0,11894721714,12490253415,13514159,14323651,1266937,0,0,0,0,0,0,0,0,0,0,0,0,422,57,2,1,0,0,0,0,0,0,0,0,0,network_stall
1779257057.9028795,g5.hpc.coe,43337,0.5001,0,100.0,2035.0,12288.0,11909706259,12505950345,13529874,14339926,1266940,0,0,0,0,0,0,0,0,0,0,0,0,14984545,15696930,15715,16275,3,0,0,0,0,0,0,0,0,network_stall
1779257058.402999,g5.hpc.coe,43337,0.5001,0,0.0,2035.0,12288.0,11929459709,12524963707,13549113,14358577,1266944,0,0,0,0,0,0,0,0,0,0,0,0,19753450,19013362,19239,18651,4,0,0,0,0,0,0,0,0,network_stall
1779257058.9031315,g5.hpc.coe,43337,0.5001,0,0.0,2035.0,12288.0,11929460288,12524963786,13549116,14358579,1266944,0,0,0,0,0,0,0,0,0,0,0,0,579,79,3,2,0,0,0,0,0,0,0,0,0,network_stall
1779257059.4032555,g5.hpc.coe,43337,0.5001,0,0.0,2035.0,12288.0,11929460909,12524963865,13549119,14358581,1266944,0,0,0,0,0,0,0,0,0,0,0,0,621,79,3,2,0,0,0,0,0,0,0,0,0,network_stall
1779257059.9033897,g5.hpc.coe,43337,0.5001,0,0.0,2035.0,12288.0,11929461572,12524963944,13549122,14358583,1266944,0,0,0,0,0,0,0,0,0,0,0,0,663,79,3,2,0,0,0,0,0,0,0,0,0,network_stall
1779257060.403521,g5.hpc.coe,43337,0.5001,0,0.0,2035.0,12288.0,11929462354,12524964078,13549127,14358586,1266944,0,0,0,0,0,0,0,0,0,0,0,0,782,134,5,3,0,0,0,0,0,0,0,0,0,network_stall
1779257060.9036689,g5.hpc.coe,43337,0.5001,0,0.0,2035.0,12288.0,11929463101,12524964157,13549130,14358588,1266944,0,0,0,0,0,0,0,0,0,0,0,0,747,79,3,2,0,0,0,0,0,0,0,0,0,network_stall
1779257061.403797,g5.hpc.coe,43337,0.5001,0,0.0,2035.0,12288.0,11929463890,12524964236,13549133,14358590,1266944,0,0,0,0,0,0,0,0,0,0,0,0,789,79,3,2,0,0,0,0,0,0,0,0,0,network_stall
1779257061.9038987,g5.hpc.coe,43337,0.5001,0,100.0,2035.0,12288.0,11944057387,12539543044,13563890,14373334,1267379,0,0,0,0,0,0,0,0,0,0,0,0,14593497,14578808,14757,14744,435,0,0,0,0,0,0,0,0,network_stall
1779257062.404043,g5.hpc.coe,43337,0.5001,0,0.0,2035.0,12288.0,11964202599,12559674607,13584086,14393523,1267389,0,0,0,0,0,0,0,0,0,0,0,0,20145212,20131563,20196,20189,10,0,0,0,0,0,0,0,0,network_stall
1779257062.9041142,g5.hpc.coe,43337,0.5001,0,0.0,2035.0,12288.0,11964203525,12559674686,13584089,14393525,1267389,0,0,0,0,0,0,0,0,0,0,0,0,926,79,3,2,0,0,0,0,0,0,0,0,0,network_stall
1779257063.4042487,g5.hpc.coe,43337,0.5001,0,0.0,2035.0,12288.0,11964204493,12559674765,13584092,14393527,1267389,0,0,0,0,0,0,0,0,0,0,0,0,968,79,3,2,0,0,0,0,0,0,0,0,0,network_stall
1779257063.9043794,g5.hpc.coe,43337,0.5001,0,0.0,2035.0,12288.0,11964206060,12559675291,13584107,14393537,1267389,0,0,0,0,0,0,0,0,0,0,0,0,1567,526,15,10,0,0,0,0,0,0,0,0,0,network_stall
1779257064.404522,g5.hpc.coe,43337,0.5001,0,0.0,2035.0,12288.0,11964207157,12559675370,13584112,14393539,1267389,0,0,0,0,0,0,0,0,0,0,0,0,1097,79,5,2,0,0,0,0,0,0,0,0,0,network_stall
1779257064.9046528,g5.hpc.coe,43337,0.5001,0,0.0,2035.0,12288.0,11964208274,12559675449,13584116,14393541,1267389,0,0,0,0,0,0,0,0,0,0,0,0,1117,79,4,2,0,0,0,0,0,0,0,0,0,network_stall
1779257065.404782,g5.hpc.coe,43337,0.5001,0,0.0,2035.0,12288.0,11964209433,12559675528,13584120,14393543,1267389,0,0,0,0,0,0,0,0,0,0,0,0,1159,79,4,2,0,0,0,0,0,0,0,0,0,network_stall
1779257065.9049137,g5.hpc.coe,43337,0.5001,0,91.0,2035.0,12288.0,11977832402,12573509474,13598114,14407520,1268468,0,0,0,0,0,0,0,0,0,0,0,0,13622969,13833946,13994,13977,1079,0,0,0,0,0,0,0,0,network_stall
1779257066.4050398,g5.hpc.coe,43337,0.5001,0,0.0,2035.0,12288.0,11998946808,12594385875,13619073,14428470,1268479,0,0,0,0,0,0,0,0,0,0,0,0,21114406,20876401,20959,20950,11,0,0,0,0,0,0,0,0,network_stall
1779257066.905156,g5.hpc.coe,43337,0.5001,0,0.0,2035.0,12288.0,11998947036,12594385932,13619075,14428471,1268479,0,0,0,0,0,0,0,0,0,0,0,0,228,57,2,1,0,0,0,0,0,0,0,0,0,network_stall
1779257067.4052908,g5.hpc.coe,43337,0.5001,0,0.0,2035.0,12288.0,11998947305,12594385989,13619077,14428472,1268479,0,0,0,0,0,0,0,0,0,0,0,0,269,57,2,1,0,0,0,0,0,0,0,0,0,network_stall
1779257067.90543,g5.hpc.coe,43337,0.5001,0,0.0,2035.0,12288.0,11998947616,12594386046,13619079,14428473,1268479,0,0,0,0,0,0,0,0,0,0,0,0,311,57,2,1,0,0,0,0,0,0,0,0,0,network_stall
1779257068.4055693,g5.hpc.coe,43337,0.5001,0,0.0,2035.0,12288.0,11998947969,12594386103,13619081,14428474,1268479,0,0,0,0,0,0,0,0,0,0,0,0,353,57,2,1,0,0,0,0,0,0,0,0,0,network_stall
1779257068.9056885,g5.hpc.coe,43337,0.5001,0,0.0,2035.0,12288.0,11998948364,12594386160,13619083,14428475,1268479,0,0,0,0,0,0,0,0,0,0,0,0,395,57,2,1,0,0,0,0,0,0,0,0,0,network_stall
1779257069.4058278,g5.hpc.coe,43337,0.5001,0,0.0,2035.0,12288.0,11998948801,12594386217,13619085,14428476,1268479,0,0,0,0,0,0,0,0,0,0,0,0,437,57,2,1,0,0,0,0,0,0,0,0,0,network_stall
1779257069.9059353,g5.hpc.coe,43337,0.5001,0,71.0,2035.0,12288.0,12006594542,12602022945,13626851,14436231,1268479,0,0,0,0,0,0,0,0,0,0,0,0,7645741,7636728,7766,7755,0,0,0,0,0,0,0,0,0,network_stall
1779257070.4060652,g5.hpc.coe,43337,0.5001,0,7.0,2035.0,12288.0,12033686811,12629096516,13654037,14463403,1268483,0,0,0,0,0,0,0,0,0,0,0,0,27092269,27073571,27186,27172,4,0,0,0,0,0,0,0,0,network_stall
1779257070.906202,g5.hpc.coe,43337,0.5001,0,0.0,2035.0,12288.0,12033687482,12629096650,13654042,14463406,1268483,0,0,0,0,0,0,0,0,0,0,0,0,671,134,5,3,0,0,0,0,0,0,0,0,0,network_stall
1779257071.406334,g5.hpc.coe,43337,0.5001,0,0.0,2035.0,12288.0,12033688118,12629096729,13654045,14463408,1268483,0,0,0,0,0,0,0,0,0,0,0,0,636,79,3,2,0,0,0,0,0,0,0,0,0,network_stall
1779257071.906457,g5.hpc.coe,43337,0.5001,0,0.0,2035.0,12288.0,12033688795,12629096808,13654048,14463410,1268483,0,0,0,0,0,0,0,0,0,0,0,0,677,79,3,2,0,0,0,0,0,0,0,0,0,network_stall
1779257072.4066005,g5.hpc.coe,43337,0.5001,0,0.0,2035.0,12288.0,12033689514,12629096887,13654051,14463412,1268483,0,0,0,0,0,0,0,0,0,0,0,0,719,79,3,2,0,0,0,0,0,0,0,0,0,network_stall
1779257072.9067233,g5.hpc.coe,43337,0.5001,0,0.0,2035.0,12288.0,12033690275,12629096966,13654054,14463414,1268483,0,0,0,0,0,0,0,0,0,0,0,0,761,79,3,2,0,0,0,0,0,0,0,0,0,network_stall
1779257073.4068668,g5.hpc.coe,43337,0.5001,0,0.0,2035.0,12288.0,12033691078,12629097045,13654057,14463416,1268483,0,0,0,0,0,0,0,0,0,0,0,0,803,79,3,2,0,0,0,0,0,0,0,0,0,network_stall
1779257073.9069872,g5.hpc.coe,43337,0.5001,0,50.0,2035.0,12288.0,12040647183,12636046880,13661080,14470427,1268629,0,0,0,0,0,0,0,0,0,0,0,0,6956105,6949835,7023,7011,146,0,0,0,0,0,0,0,0,network_stall
1779257074.4071257,g5.hpc.coe,43337,0.5001,0,27.0,2035.0,12288.0,12068429807,12663807381,13689009,14498344,1268635,0,0,0,0,0,0,0,0,0,0,0,0,27782624,27760501,27929,27917,6,0,0,0,0,0,0,0,0,network_stall
1779257074.9072747,g5.hpc.coe,43337,0.5001,0,0.0,2035.0,12288.0,12068430746,12663807460,13689012,14498346,1268635,0,0,0,0,0,0,0,0,0,0,0,0,939,79,3,2,0,0,0,0,0,0,0,0,0,network_stall
1779257075.4074101,g5.hpc.coe,43337,0.5001,0,0.0,2035.0,12288.0,12068431727,12663807539,13689015,14498348,1268635,0,0,0,0,0,0,0,0,0,0,0,0,981,79,3,2,0,0,0,0,0,0,0,0,0,network_stall
1779257075.9075556,g5.hpc.coe,43337,0.5001,0,0.0,2035.0,12288.0,12068432827,12663807673,13689020,14498351,1268635,0,0,0,0,0,0,0,0,0,0,0,0,1100,134,5,3,0,0,0,0,0,0,0,0,0,network_stall
1779257076.4076905,g5.hpc.coe,43337,0.5001,0,0.0,2035.0,12288.0,12068433914,12663807752,13689024,14498353,1268635,0,0,0,0,0,0,0,0,0,0,0,0,1087,79,4,2,0,0,0,0,0,0,0,0,0,network_stall
1779257076.9078257,g5.hpc.coe,43337,0.5001,0,0.0,2035.0,12288.0,12068435043,12663807831,13689028,14498355,1268635,0,0,0,0,0,0,0,0,0,0,0,0,1129,79,4,2,0,0,0,0,0,0,0,0,0,network_stall
1779257077.4079587,g5.hpc.coe,43337,0.5001,0,0.0,2035.0,12288.0,12068436215,12663807910,13689032,14498357,1268635,0,0,0,0,0,0,0,0,0,0,0,0,1172,79,4,2,0,0,0,0,0,0,0,0,0,network_stall
1779257077.9080563,g5.hpc.coe,43337,0.5001,0,32.0,2035.0,12288.0,12069134296,12665557402,13689819,14500158,1269425,0,0,0,0,0,0,0,0,0,0,0,0,698081,1749492,787,1801,790,0,0,0,0,0,0,0,0,network_stall
1779257078.4081695,g5.hpc.coe,43337,0.5001,0,100.0,2035.0,12288.0,12103173538,12698518202,13723981,14533283,1269435,0,0,0,0,0,0,0,0,0,0,0,0,34039242,32960800,34162,33125,10,0,0,0,0,0,0,0,0,network_stall
1779257078.9082785,g5.hpc.coe,43337,0.5001,0,0.0,2035.0,12288.0,12103174334,12698518706,13723995,14533292,1269435,0,0,0,0,0,0,0,0,0,0,0,0,796,504,14,9,0,0,0,0,0,0,0,0,0,network_stall
1779257079.408424,g5.hpc.coe,43337,0.5001,0,0.0,2035.0,12288.0,12103174660,12698518785,13723999,14533294,1269435,0,0,0,0,0,0,0,0,0,0,0,0,326,79,4,2,0,0,0,0,0,0,0,0,0,network_stall
1779257079.908559,g5.hpc.coe,43337,0.5001,0,0.0,2035.0,12288.0,12103175056,12698518936,13724002,14533297,1269435,0,0,0,0,0,0,0,0,0,0,0,0,396,151,3,3,0,0,0,0,0,0,0,0,0,network_stall
1779257080.408707,g5.hpc.coe,43337,0.5001,0,0.0,2035.0,12288.0,12103175422,12698518993,13724004,14533298,1269435,0,0,0,0,0,0,0,0,0,0,0,0,366,57,2,1,0,0,0,0,0,0,0,0,0,network_stall
1779257080.9088254,g5.hpc.coe,43337,0.5001,0,0.0,2035.0,12288.0,12103175906,12698519105,13724008,14533300,1269435,0,0,0,0,0,0,0,0,0,0,0,0,484,112,4,2,0,0,0,0,0,0,0,0,0,network_stall
1779257081.4089715,g5.hpc.coe,43337,0.5001,0,0.0,2035.0,12288.0,12103176356,12698519162,13724010,14533301,1269435,0,0,0,0,0,0,0,0,0,0,0,0,450,57,2,1,0,0,0,0,0,0,0,0,0,network_stall
1779257081.9090865,g5.hpc.coe,43337,0.5001,0,0.0,2035.0,12288.0,12103184746,12698696937,13724048,14533497,1269435,0,0,0,0,0,0,0,0,0,0,0,0,8390,177775,38,196,0,0,0,0,0,0,0,0,0,network_stall
1779257082.4092221,g5.hpc.coe,43337,0.5001,0,100.0,2035.0,12288.0,12137914682,12733229730,13758972,14568235,1270553,0,0,0,0,0,0,0,0,0,0,0,0,34729936,34532793,34924,34738,1118,0,0,0,0,0,0,0,0,network_stall
1779257082.9093294,g5.hpc.coe,43337,0.5001,0,0.0,2035.0,12288.0,12137915310,12733229809,13758976,14568237,1270553,0,0,0,0,0,0,0,0,0,0,0,0,628,79,4,2,0,0,0,0,0,0,0,0,0,network_stall
1779257083.4094594,g5.hpc.coe,43337,0.5001,0,0.0,2035.0,12288.0,12137915958,12733229888,13758979,14568239,1270553,0,0,0,0,0,0,0,0,0,0,0,0,648,79,3,2,0,0,0,0,0,0,0,0,0,network_stall
1779257083.9095914,g5.hpc.coe,43337,0.5001,0,0.0,2035.0,12288.0,12137916648,12733229967,13758982,14568241,1270553,0,0,0,0,0,0,0,0,0,0,0,0,690,79,3,2,0,0,0,0,0,0,0,0,0,network_stall
1779257084.4096968,g5.hpc.coe,43337,0.5001,0,0.0,2035.0,12288.0,12137917380,12733230046,13758985,14568243,1270553,0,0,0,0,0,0,0,0,0,0,0,0,732,79,3,2,0,0,0,0,0,0,0,0,0,network_stall
1779257084.909837,g5.hpc.coe,43337,0.5001,0,0.0,2035.0,12288.0,12137918154,12733230125,13758988,14568245,1270553,0,0,0,0,0,0,0,0,0,0,0,0,774,79,3,2,0,0,0,0,0,0,0,0,0,network_stall
1779257085.4099455,g5.hpc.coe,43337,0.5001,0,0.0,2035.0,12288.0,12137918969,12733230204,13758991,14568247,1270553,0,0,0,0,0,0,0,0,0,0,0,0,815,79,3,2,0,0,0,0,0,0,0,0,0,network_stall
1779257085.9100578,g5.hpc.coe,43337,0.5001,0,0.0,2035.0,12288.0,12137919826,12733230283,13758994,14568249,1270553,0,0,0,0,0,0,0,0,0,0,0,0,857,79,3,2,0,0,0,0,0,0,0,0,0,network_stall
1779257086.4101872,g5.hpc.coe,43337,0.5001,0,100.0,2035.0,12288.0,12172657752,12767940589,13793948,14603182,1270565,0,0,0,0,0,0,0,0,0,0,0,0,34737926,34710306,34954,34933,12,0,0,0,0,0,0,0,0,network_stall
1779257086.9102995,g5.hpc.coe,43337,0.5001,0,0.0,2035.0,12288.0,12172658699,12767940668,13793951,14603184,1270565,0,0,0,0,0,0,0,0,0,0,0,0,947,79,3,2,0,0,0,0,0,0,0,0,0,network_stall
1779257087.410427,g5.hpc.coe,43337,0.5001,0,0.0,2035.0,12288.0,12172659688,12767940747,13793954,14603186,1270565,0,0,0,0,0,0,0,0,0,0,0,0,989,79,3,2,0,0,0,0,0,0,0,0,0,network_stall
1779257087.9105604,g5.hpc.coe,43337,0.5001,0,0.0,2035.0,12288.0,12172660719,12767940826,13793957,14603188,1270565,0,0,0,0,0,0,0,0,0,0,0,0,1031,79,3,2,0,0,0,0,0,0,0,0,0,network_stall
1779257088.410694,g5.hpc.coe,43337,0.5001,0,0.0,2035.0,12288.0,12172661814,12767940905,13793961,14603190,1270565,0,0,0,0,0,0,0,0,0,0,0,0,1095,79,4,2,0,0,0,0,0,0,0,0,0,network_stall
1779257088.9108248,g5.hpc.coe,43337,0.5001,0,0.0,2035.0,12288.0,12172662951,12767940984,13793965,14603192,1270565,0,0,0,0,0,0,0,0,0,0,0,0,1137,79,4,2,0,0,0,0,0,0,0,0,0,network_stall
1779257089.4109523,g5.hpc.coe,43337,0.5001,0,0.0,2035.0,12288.0,12172664130,12767941063,13793969,14603194,1270565,0,0,0,0,0,0,0,0,0,0,0,0,1179,79,4,2,0,0,0,0,0,0,0,0,0,network_stall
1779257089.9110835,g5.hpc.coe,43337,0.5001,0,0.0,2035.0,12288.0,12172664283,12767941120,13793971,14603195,1270565,0,0,0,0,0,0,0,0,0,0,0,0,153,57,2,1,0,0,0,0,0,0,0,0,0,network_stall
1779257090.4111884,g5.hpc.coe,43337,0.5001,0,100.0,2035.0,12288.0,12201151952,12796404001,13822707,14631911,1272044,0,0,0,0,0,0,0,0,0,0,0,0,28487669,28462881,28736,28716,1479,0,0,0,0,0,0,0,0,network_stall
1779257090.9113226,g5.hpc.coe,43337,0.5001,0,0.0,2035.0,12288.0,12207401706,12802651461,13828920,14638128,1272045,0,0,0,0,0,0,0,0,0,0,0,0,6249754,6247460,6213,6217,1,0,0,0,0,0,0,0,0,network_stall
1779257091.4114344,g5.hpc.coe,43337,0.5001,0,0.0,2035.0,12288.0,12207402072,12802651573,13828924,14638130,1272045,0,0,0,0,0,0,0,0,0,0,0,0,366,112,4,2,0,0,0,0,0,0,0,0,0,network_stall
1779257091.911569,g5.hpc.coe,43337,0.5001,0,0.0,2035.0,12288.0,12207402403,12802651630,13828926,14638131,1272045,0,0,0,0,0,0,0,0,0,0,0,0,331,57,2,1,0,0,0,0,0,0,0,0,0,network_stall
1779257092.411699,g5.hpc.coe,43337,0.5001,0,0.0,2035.0,12288.0,12207402776,12802651687,13828928,14638132,1272045,0,0,0,0,0,0,0,0,0,0,0,0,373,57,2,1,0,0,0,0,0,0,0,0,0,network_stall
1779257092.911817,g5.hpc.coe,43337,0.5001,0,0.0,2035.0,12288.0,12207403191,12802651744,13828930,14638133,1272045,0,0,0,0,0,0,0,0,0,0,0,0,415,57,2,1,0,0,0,0,0,0,0,0,0,network_stall
1779257093.4119492,g5.hpc.coe,43337,0.5001,0,0.0,2035.0,12288.0,12207403648,12802651801,13828932,14638134,1272045,0,0,0,0,0,0,0,0,0,0,0,0,457,57,2,1,0,0,0,0,0,0,0,0,0,network_stall
1779257093.9120543,g5.hpc.coe,43337,0.5001,0,0.0,2035.0,12288.0,12207404704,12802652305,13828946,14638143,1272045,0,0,0,0,0,0,0,0,0,0,0,0,1056,504,14,9,0,0,0,0,0,0,0,0,0,network_stall
1779257094.4121776,g5.hpc.coe,43337,0.5001,0,100.0,2035.0,12288.0,12235202733,12830428187,13856936,14666102,1272049,0,0,0,0,0,0,0,0,0,0,0,0,27798029,27775882,27990,27959,4,0,0,0,0,0,0,0,0,network_stall
1779257094.912306,g5.hpc.coe,43337,0.5001,0,0.0,2035.0,12288.0,12242142913,12837362584,13863902,14673065,1272050,0,0,0,0,0,0,0,0,0,0,0,0,6940180,6934397,6966,6963,1,0,0,0,0,0,0,0,0,network_stall
1779257095.412418,g5.hpc.coe,43337,0.5001,0,0.0,2035.0,12288.0,12242143569,12837362663,13863905,14673067,1272050,0,0,0,0,0,0,0,0,0,0,0,0,656,79,3,2,0,0,0,0,0,0,0,0,0,network_stall
1779257095.9125326,g5.hpc.coe,43337,0.5001,0,0.0,2035.0,12288.0,12242144267,12837362742,13863908,14673069,1272050,0,0,0,0,0,0,0,0,0,0,0,0,698,79,3,2,0,0,0,0,0,0,0,0,0,network_stall
1779257096.4126427,g5.hpc.coe,43337,0.5001,0,0.0,2035.0,12288.0,12242145084,12837362876,13863913,14673072,1272050,0,0,0,0,0,0,0,0,0,0,0,0,817,134,5,3,0,0,0,0,0,0,0,0,0,network_stall
1779257096.9127712,g5.hpc.coe,43337,0.5001,0,0.0,2035.0,12288.0,12242145866,12837362955,13863916,14673074,1272050,0,0,0,0,0,0,0,0,0,0,0,0,782,79,3,2,0,0,0,0,0,0,0,0,0,network_stall
1779257097.4128885,g5.hpc.coe,43337,0.5001,0,0.0,2035.0,12288.0,12242146690,12837363034,13863919,14673076,1272050,0,0,0,0,0,0,0,0,0,0,0,0,824,79,3,2,0,0,0,0,0,0,0,0,0,network_stall
1779257097.9130251,g5.hpc.coe,43337,0.5001,0,0.0,2035.0,12288.0,12242147556,12837363113,13863922,14673078,1272050,0,0,0,0,0,0,0,0,0,0,0,0,866,79,3,2,0,0,0,0,0,0,0,0,0,network_stall
1779257098.413147,g5.hpc.coe,43337,0.5001,0,100.0,2035.0,12288.0,12263688569,12858883965,13885674,14694808,1273107,0,0,0,0,0,0,0,0,0,0,0,0,21541013,21520852,21752,21730,1057,0,0,0,0,0,0,0,0,network_stall
1779257098.9132736,g5.hpc.coe,43337,0.5001,0,0.0,2035.0,12288.0,12276886426,12872073505,13898876,14708014,1273109,0,0,0,0,0,0,0,0,0,0,0,0,13197857,13189540,13202,13206,2,0,0,0,0,0,0,0,0,network_stall
1779257099.4134037,g5.hpc.coe,43337,0.5001,0,0.0,2035.0,12288.0,12276887429,12872073584,13898879,14708016,1273109,0,0,0,0,0,0,0,0,0,0,0,0,1003,79,3,2,0,0,0,0,0,0,0,0,0,network_stall
1779257099.9135349,g5.hpc.coe,43337,0.5001,0,0.0,2035.0,12288.0,12276888474,12872073663,13898882,14708018,1273109,0,0,0,0,0,0,0,0,0,0,0,0,1045,79,3,2,0,0,0,0,0,0,0,0,0,network_stall
1779257100.413664,g5.hpc.coe,43337,0.5001,0,0.0,2035.0,12288.0,12276889583,12872073742,13898886,14708020,1273109,0,0,0,0,0,0,0,0,0,0,0,0,1109,79,4,2,0,0,0,0,0,0,0,0,0,network_stall
1779257100.9137955,g5.hpc.coe,43337,0.5001,0,0.0,2035.0,12288.0,12276890734,12872073821,13898890,14708022,1273109,0,0,0,0,0,0,0,0,0,0,0,0,1151,79,4,2,0,0,0,0,0,0,0,0,0,network_stall
1779257101.413924,g5.hpc.coe,43337,0.5001,0,0.0,2035.0,12288.0,12276890936,12872073933,13898894,14708024,1273109,0,0,0,0,0,0,0,0,0,0,0,0,202,112,4,2,0,0,0,0,0,0,0,0,0,network_stall
1779257101.9140565,g5.hpc.coe,43337,0.5001,0,0.0,2035.0,12288.0,12276891103,12872073990,13898896,14708025,1273109,0,0,0,0,0,0,0,0,0,0,0,0,167,57,2,1,0,0,0,0,0,0,0,0,0,network_stall
1779257102.4141874,g5.hpc.coe,43337,0.5001,0,100.0,2035.0,12288.0,12297741345,12892907912,13919893,14729010,1273115,0,0,0,0,0,0,0,0,0,0,0,0,20850242,20833922,20997,20985,6,0,0,0,0,0,0,0,0,network_stall
1779257102.9143217,g5.hpc.coe,43337,0.5001,0,0.0,2035.0,12288.0,12311628568,12906784310,13933847,14742955,1273116,0,0,0,0,0,0,0,0,0,0,0,0,13887223,13876398,13954,13945,1,0,0,0,0,0,0,0,0,network_stall
1779257103.4144516,g5.hpc.coe,43337,0.5001,0,0.0,2035.0,12288.0,12311628871,12906784367,13933849,14742956,1273116,0,0,0,0,0,0,0,0,0,0,0,0,303,57,2,1,0,0,0,0,0,0,0,0,0,network_stall
1779257103.9145818,g5.hpc.coe,43337,0.5001,0,0.0,2035.0,12288.0,12311629216,12906784424,13933851,14742957,1273116,0,0,0,0,0,0,0,0,0,0,0,0,345,57,2,1,0,0,0,0,0,0,0,0,0,network_stall
1779257104.4147096,g5.hpc.coe,43337,0.5001,0,0.0,2035.0,12288.0,12311629603,12906784481,13933853,14742958,1273116,0,0,0,0,0,0,0,0,0,0,0,0,387,57,2,1,0,0,0,0,0,0,0,0,0,network_stall
1779257104.9148445,g5.hpc.coe,43337,0.5001,0,0.0,2035.0,12288.0,12311630032,12906784538,13933855,14742959,1273116,0,0,0,0,0,0,0,0,0,0,0,0,429,57,2,1,0,0,0,0,0,0,0,0,0,network_stall
1779257105.4149706,g5.hpc.coe,43337,0.5001,0,0.0,2035.0,12288.0,12311630503,12906784595,13933857,14742960,1273116,0,0,0,0,0,0,0,0,0,0,0,0,471,57,2,1,0,0,0,0,0,0,0,0,0,network_stall
1779257105.9150994,g5.hpc.coe,43337,0.5001,0,0.0,2035.0,12288.0,12311631016,12906784652,13933859,14742961,1273116,0,0,0,0,0,0,0,0,0,0,0,0,513,57,2,1,0,0,0,0,0,0,0,0,0,network_stall
1779257106.4152186,g5.hpc.coe,43337,0.5001,0,88.0,2035.0,12288.0,12326224265,12921363466,13948610,14757699,1273319,0,0,0,0,0,0,0,0,0,0,0,0,14593249,14578814,14751,14738,203,0,0,0,0,0,0,0,0,network_stall
1779257106.9153218,g5.hpc.coe,43337,0.5001,0,0.0,2035.0,12288.0,12346369189,12941495022,13968799,14777887,1273327,0,0,0,0,0,0,0,0,0,0,0,0,20144924,20131556,20189,20188,8,0,0,0,0,0,0,0,0,network_stall
1779257107.415433,g5.hpc.coe,43337,0.5001,0,0.0,2035.0,12288.0,12346369861,12941495101,13968802,14777889,1273327,0,0,0,0,0,0,0,0,0,0,0,0,672,79,3,2,0,0,0,0,0,0,0,0,0,network_stall
1779257107.9155674,g5.hpc.coe,43337,0.5001,0,0.0,2035.0,12288.0,12346370574,12941495180,13968805,14777891,1273327,0,0,0,0,0,0,0,0,0,0,0,0,713,79,3,2,0,0,0,0,0,0,0,0,0,network_stall
1779257108.4157004,g5.hpc.coe,43337,0.5001,0,0.0,2035.0,12288.0,12346371329,12941495259,13968808,14777893,1273327,0,0,0,0,0,0,0,0,0,0,0,0,755,79,3,2,0,0,0,0,0,0,0,0,0,network_stall
1779257108.9158652,g5.hpc.coe,43337,0.5002,0,0.0,2035.0,12288.0,12346372683,12941495785,13968823,14777903,1273327,0,0,0,0,0,0,0,0,0,0,0,0,1354,526,15,10,0,0,0,0,0,0,0,0,0,network_stall
1779257109.4159675,g5.hpc.coe,43337,0.5001,0,0.0,2035.0,12288.0,12346373567,12941495864,13968828,14777905,1273327,0,0,0,0,0,0,0,0,0,0,0,0,884,79,5,2,0,0,0,0,0,0,0,0,0,network_stall
1779257109.916095,g5.hpc.coe,43337,0.5001,0,0.0,2035.0,12288.0,12346374449,12941495943,13968831,14777907,1273327,0,0,0,0,0,0,0,0,0,0,0,0,882,79,3,2,0,0,0,0,0,0,0,0,0,network_stall
1779257110.4162192,g5.hpc.coe,43337,0.5001,0,67.0,2035.0,12288.0,12360278030,12955387794,13982843,14791900,1273329,0,0,0,0,0,0,0,0,0,0,0,0,13903581,13891851,14012,13993,2,0,0,0,0,0,0,0,0,network_stall
1779257110.9163847,g5.hpc.coe,43337,0.5002,0,11.0,2035.0,12288.0,12381113392,12976206272,14003791,14812834,1273335,0,0,0,0,0,0,0,0,0,0,0,0,20835362,20818478,20948,20934,6,0,0,0,0,0,0,0,0,network_stall
1779257111.4165218,g5.hpc.coe,43337,0.5001,0,0.0,2035.0,12288.0,12381114410,12976206351,14003794,14812836,1273335,0,0,0,0,0,0,0,0,0,0,0,0,1018,79,3,2,0,0,0,0,0,0,0,0,0,network_stall
1779257111.9166286,g5.hpc.coe,43337,0.5001,0,0.0,2035.0,12288.0,12381115547,12976206485,14003799,14812839,1273335,0,0,0,0,0,0,0,0,0,0,0,0,1137,134,5,3,0,0,0,0,0,0,0,0,0,network_stall
1779257112.416763,g5.hpc.coe,43337,0.5001,0,0.0,2035.0,12288.0,12381116672,12976206564,14003803,14812841,1273335,0,0,0,0,0,0,0,0,0,0,0,0,1125,79,4,2,0,0,0,0,0,0,0,0,0,network_stall
1779257112.9168983,g5.hpc.coe,43337,0.5001,0,0.0,2035.0,12288.0,12381117839,12976206643,14003807,14812843,1273335,0,0,0,0,0,0,0,0,0,0,0,0,1167,79,4,2,0,0,0,0,0,0,0,0,0,network_stall
1779257113.417031,g5.hpc.coe,43337,0.5001,0,0.0,2035.0,12288.0,12381117980,12976206700,14003809,14812844,1273335,0,0,0,0,0,0,0,0,0,0,0,0,141,57,2,1,0,0,0,0,0,0,0,0,0,network_stall
1779257113.9171429,g5.hpc.coe,43337,0.5001,0,0.0,2035.0,12288.0,12381118163,12976206757,14003811,14812845,1273335,0,0,0,0,0,0,0,0,0,0,0,0,183,57,2,1,0,0,0,0,0,0,0,0,0,network_stall
1779257114.4172635,g5.hpc.coe,43337,0.5001,0,54.0,2035.0,12288.0,12388763650,12983843527,14011577,14820606,1273469,0,0,0,0,0,0,0,0,0,0,0,0,7645487,7636770,7766,7761,134,0,0,0,0,0,0,0,0,network_stall
1779257114.917395,g5.hpc.coe,43337,0.5001,0,22.0,2035.0,12288.0,12415855665,13010917084,14038763,14847776,1273475,0,0,0,0,0,0,0,0,0,0,0,0,27092015,27073557,27186,27170,6,0,0,0,0,0,0,0,0,network_stall
1779257115.4175022,g5.hpc.coe,43337,0.5001,0,0.0,2035.0,12288.0,12415855983,13010917141,14038765,14847777,1273475,0,0,0,0,0,0,0,0,0,0,0,0,318,57,2,1,0,0,0,0,0,0,0,0,0,network_stall
1779257115.9176404,g5.hpc.coe,43337,0.5001,0,0.0,2035.0,12288.0,12415856343,13010917198,14038767,14847778,1273475,0,0,0,0,0,0,0,0,0,0,0,0,360,57,2,1,0,0,0,0,0,0,0,0,0,network_stall
1779257116.4177704,g5.hpc.coe,43337,0.5001,0,0.0,2035.0,12288.0,12415856745,13010917255,14038769,14847779,1273475,0,0,0,0,0,0,0,0,0,0,0,0,402,57,2,1,0,0,0,0,0,0,0,0,0,network_stall
1779257116.9178765,g5.hpc.coe,43337,0.5001,0,0.0,2035.0,12288.0,12415857266,13010917367,14038773,14847781,1273475,0,0,0,0,0,0,0,0,0,0,0,0,521,112,4,2,0,0,0,0,0,0,0,0,0,network_stall
1779257117.4180157,g5.hpc.coe,43337,0.5001,0,0.0,2035.0,12288.0,12415857752,13010917424,14038775,14847782,1273475,0,0,0,0,0,0,0,0,0,0,0,0,486,57,2,1,0,0,0,0,0,0,0,0,0,network_stall
1779257117.918147,g5.hpc.coe,43337,0.5001,0,0.0,2035.0,12288.0,12415858280,13010917481,14038777,14847783,1273475,0,0,0,0,0,0,0,0,0,0,0,0,528,57,2,1,0,0,0,0,0,0,0,0,0,network_stall
1779257118.4182765,g5.hpc.coe,43337,0.5001,0,36.0,2035.0,12288.0,12422814111,13017867309,14045797,14854793,1273804,0,0,0,0,0,0,0,0,0,0,0,0,6955831,6949828,7020,7010,329,0,0,0,0,0,0,0,0,network_stall
1779257118.9184082,g5.hpc.coe,43337,0.5001,0,41.0,2035.0,12288.0,12450596517,13045627817,14073731,14882711,1273810,0,0,0,0,0,0,0,0,0,0,0,0,27782406,27760508,27934,27918,6,0,0,0,0,0,0,0,0,network_stall
1779257119.4185429,g5.hpc.coe,43337,0.5001,0,0.0,2035.0,12288.0,12450597203,13045627896,14073734,14882713,1273810,0,0,0,0,0,0,0,0,0,0,0,0,686,79,3,2,0,0,0,0,0,0,0,0,0,network_stall
1779257119.9186764,g5.hpc.coe,43337,0.5001,0,0.0,2035.0,12288.0,12450597931,13045627975,14073737,14882715,1273810,0,0,0,0,0,0,0,0,0,0,0,0,728,79,3,2,0,0,0,0,0,0,0,0,0,network_stall
1779257120.4187908,g5.hpc.coe,43337,0.5001,0,0.0,2035.0,12288.0,12450598701,13045628054,14073740,14882717,1273810,0,0,0,0,0,0,0,0,0,0,0,0,770,79,3,2,0,0,0,0,0,0,0,0,0,network_stall
1779257120.9189253,g5.hpc.coe,43337,0.5001,0,0.0,2035.0,12288.0,12450599513,13045628133,14073743,14882719,1273810,0,0,0,0,0,0,0,0,0,0,0,0,812,79,3,2,0,0,0,0,0,0,0,0,0,network_stall
1779257121.4190578,g5.hpc.coe,43337,0.5001,0,0.0,2035.0,12288.0,12450600367,13045628212,14073746,14882721,1273810,0,0,0,0,0,0,0,0,0,0,0,0,854,79,3,2,0,0,0,0,0,0,0,0,0,network_stall
1779257121.919188,g5.hpc.coe,43337,0.5001,0,0.0,2035.0,12288.0,12450601340,13045628346,14073751,14882724,1273810,0,0,0,0,0,0,0,0,0,0,0,0,973,134,5,3,0,0,0,0,0,0,0,0,0,network_stall
1779257122.419297,g5.hpc.coe,43337,0.5001,0,18.0,2035.0,12288.0,12451300206,13047377846,14074538,14884524,1274764,0,0,0,0,0,0,0,0,0,0,0,0,698866,1749500,787,1800,954,0,0,0,0,0,0,0,0,network_stall
1779257122.9194283,g5.hpc.coe,43337,0.5001,0,60.0,2035.0,12288.0,12485340239,13080338717,14108701,14917657,1274772,0,0,0,0,0,0,0,0,0,0,0,0,34040033,32960871,34163,33133,8,0,0,0,0,0,0,0,0,network_stall
1779257123.4195595,g5.hpc.coe,43337,0.5001,0,0.0,2035.0,12288.0,12485341269,13080338796,14108704,14917659,1274772,0,0,0,0,0,0,0,0,0,0,0,0,1030,79,3,2,0,0,0,0,0,0,0,0,0,network_stall
1779257123.9196832,g5.hpc.coe,43337,0.5001,0,0.0,2035.0,12288.0,12485342921,13080339322,14108720,14917669,1274772,0,0,0,0,0,0,0,0,0,0,0,0,1652,526,16,10,0,0,0,0,0,0,0,0,0,network_stall
1779257124.4198177,g5.hpc.coe,43337,0.5001,0,0.0,2035.0,12288.0,12485344103,13080339401,14108726,14917671,1274772,0,0,0,0,0,0,0,0,0,0,0,0,1182,79,6,2,0,0,0,0,0,0,0,0,0,network_stall
1779257124.9199533,g5.hpc.coe,43337,0.5001,0,0.0,2035.0,12288.0,12485345283,13080339480,14108730,14917673,1274772,0,0,0,0,0,0,0,0,0,0,0,0,1180,79,4,2,0,0,0,0,0,0,0,0,0,network_stall
1779257125.4200695,g5.hpc.coe,43337,0.5001,0,0.0,2035.0,12288.0,12485345437,13080339537,14108732,14917674,1274772,0,0,0,0,0,0,0,0,0,0,0,0,154,57,2,1,0,0,0,0,0,0,0,0,0,network_stall
1779257125.9202018,g5.hpc.coe,43337,0.5001,0,0.0,2035.0,12288.0,12485345633,13080339594,14108734,14917675,1274772,0,0,0,0,0,0,0,0,0,0,0,0,196,57,2,1,0,0,0,0,0,0,0,0,0,network_stall
1779257126.4203079,g5.hpc.coe,43337,0.5001,0,0.0,2035.0,12288.0,12486043778,13082089079,14109517,14919475,1274772,0,0,0,0,0,0,0,0,0,0,0,0,698145,1749485,783,1800,0,0,0,0,0,0,0,0,0,network_stall
1779257126.9204364,g5.hpc.coe,43337,0.5001,0,81.0,2035.0,12288.0,12520083216,13115049976,14143685,14952607,1274779,0,0,0,0,0,0,0,0,0,0,0,0,34039438,32960897,34168,33132,7,0,0,0,0,0,0,0,0,network_stall
1779257127.4205735,g5.hpc.coe,43337,0.5001,0,0.0,2035.0,12288.0,12520083546,13115050033,14143687,14952608,1274779,0,0,0,0,0,0,0,0,0,0,0,0,330,57,2,1,0,0,0,0,0,0,0,0,0,network_stall
1779257127.9207017,g5.hpc.coe,43337,0.5001,0,0.0,2035.0,12288.0,12520083918,13115050090,14143689,14952609,1274779,0,0,0,0,0,0,0,0,0,0,0,0,372,57,2,1,0,0,0,0,0,0,0,0,0,network_stall
1779257128.4208565,g5.hpc.coe,43337,0.5002,0,0.0,2035.0,12288.0,12520084332,13115050147,14143691,14952610,1274779,0,0,0,0,0,0,0,0,0,0,0,0,414,57,2,1,0,0,0,0,0,0,0,0,0,network_stall
1779257128.9209986,g5.hpc.coe,43337,0.5001,0,0.0,2035.0,12288.0,12520084788,13115050204,14143693,14952611,1274779,0,0,0,0,0,0,0,0,0,0,0,0,456,57,2,1,0,0,0,0,0,0,0,0,0,network_stall
1779257129.4211154,g5.hpc.coe,43337,0.5001,0,0.0,2035.0,12288.0,12520085286,13115050261,14143695,14952612,1274779,0,0,0,0,0,0,0,0,0,0,0,0,498,57,2,1,0,0,0,0,0,0,0,0,0,network_stall
1779257129.921244,g5.hpc.coe,43337,0.5001,0,0.0,2035.0,12288.0,12520085826,13115050318,14143697,14952613,1274779,0,0,0,0,0,0,0,0,0,0,0,0,540,57,2,1,0,0,0,0,0,0,0,0,0,network_stall
1779257130.4213762,g5.hpc.coe,43337,0.5001,0,0.0,2035.0,12288.0,12520086430,13115050397,14143700,14952615,1274779,0,0,0,0,0,0,0,0,0,0,0,0,604,79,3,2,0,0,0,0,0,0,0,0,0,network_stall
1779257130.921508,g5.hpc.coe,43337,0.5001,0,100.0,2035.0,12288.0,12554824005,13149760696,14178640,14987547,1274788,0,0,0,0,0,0,0,0,0,0,0,0,34737575,34710299,34940,34932,9,0,0,0,0,0,0,0,0,network_stall
1779257131.4216526,g5.hpc.coe,43337,0.5001,0,0.0,2035.0,12288.0,12554824698,13149760775,14178643,14987549,1274788,0,0,0,0,0,0,0,0,0,0,0,0,693,79,3,2,0,0,0,0,0,0,0,0,0,network_stall
1779257131.9217856,g5.hpc.coe,43337,0.5001,0,0.0,2035.0,12288.0,12554825433,13149760854,14178646,14987551,1274788,0,0,0,0,0,0,0,0,0,0,0,0,735,79,3,2,0,0,0,0,0,0,0,0,0,network_stall
1779257132.4219277,g5.hpc.coe,43337,0.5001,0,0.0,2035.0,12288.0,12554826287,13149760988,14178651,14987554,1274788,0,0,0,0,0,0,0,0,0,0,0,0,854,134,5,3,0,0,0,0,0,0,0,0,0,network_stall
1779257132.922061,g5.hpc.coe,43337,0.5001,0,0.0,2035.0,12288.0,12554827106,13149761067,14178654,14987556,1274788,0,0,0,0,0,0,0,0,0,0,0,0,819,79,3,2,0,0,0,0,0,0,0,0,0,network_stall
1779257133.4221966,g5.hpc.coe,43337,0.5001,0,0.0,2035.0,12288.0,12554827967,13149761146,14178657,14987558,1274788,0,0,0,0,0,0,0,0,0,0,0,0,861,79,3,2,0,0,0,0,0,0,0,0,0,network_stall
1779257133.9223351,g5.hpc.coe,43337,0.5001,0,0.0,2035.0,12288.0,12554828870,13149761225,14178660,14987560,1274788,0,0,0,0,0,0,0,0,0,0,0,0,903,79,3,2,0,0,0,0,0,0,0,0,0,network_stall
1779257134.4224722,g5.hpc.coe,43337,0.5001,0,0.0,2035.0,12288.0,12554829815,13149761304,14178663,14987562,1274788,0,0,0,0,0,0,0,0,0,0,0,0,945,79,3,2,0,0,0,0,0,0,0,0,0,network_stall
1779257134.922598,g5.hpc.coe,43337,0.5001,0,100.0,2035.0,12288.0,12583318318,13178224179,14207406,15016275,1275932,0,0,0,0,0,0,0,0,0,0,0,0,28488503,28462875,28743,28713,1144,0,0,0,0,0,0,0,0,network_stall
1779257135.4227357,g5.hpc.coe,43337,0.5001,0,0.0,2035.0,12288.0,12589568871,13184471654,14213621,15022492,1275933,0,0,0,0,0,0,0,0,0,0,0,0,6250553,6247475,6215,6217,1,0,0,0,0,0,0,0,0,network_stall
1779257135.922865,g5.hpc.coe,43337,0.5001,0,0.0,2035.0,12288.0,12589569974,13184471733,14213625,15022494,1275933,0,0,0,0,0,0,0,0,0,0,0,0,1103,79,4,2,0,0,0,0,0,0,0,0,0,network_stall
1779257136.4229805,g5.hpc.coe,43337,0.5001,0,0.0,2035.0,12288.0,12589571119,13184471812,14213629,15022496,1275933,0,0,0,0,0,0,0,0,0,0,0,0,1145,79,4,2,0,0,0,0,0,0,0,0,0,network_stall
1779257136.9231174,g5.hpc.coe,43337,0.5001,0,0.0,2035.0,12288.0,12589572306,13184471891,14213633,15022498,1275933,0,0,0,0,0,0,0,0,0,0,0,0,1187,79,4,2,0,0,0,0,0,0,0,0,0,network_stall
1779257137.423236,g5.hpc.coe,43337,0.5001,0,0.0,2035.0,12288.0,12589572544,13184472003,14213637,15022500,1275933,0,0,0,0,0,0,0,0,0,0,0,0,238,112,4,2,0,0,0,0,0,0,0,0,0,network_stall
1779257137.9233685,g5.hpc.coe,43337,0.5001,0,0.0,2035.0,12288.0,12589572747,13184472060,14213639,15022501,1275933,0,0,0,0,0,0,0,0,0,0,0,0,203,57,2,1,0,0,0,0,0,0,0,0,0,network_stall
1779257138.4235137,g5.hpc.coe,43337,0.5001,0,0.0,2035.0,12288.0,12589572992,13184472117,14213641,15022502,1275933,0,0,0,0,0,0,0,0,0,0,0,0,245,57,2,1,0,0,0,0,0,0,0,0,0,network_stall
1779257138.9236186,g5.hpc.coe,43337,0.5001,0,43.0,2035.0,12288.0,12590271764,13186222049,14214439,15024310,1275933,0,0,0,0,0,0,0,0,0,0,0,0,698772,1749932,798,1808,0,0,0,0,0,0,0,0,0,network_stall
1779257139.4237528,g5.hpc.coe,43337,0.5001,0,100.0,2035.0,12288.0,12624311212,13219182807,14248606,15057429,1275939,0,0,0,0,0,0,0,0,0,0,0,0,34039448,32960758,34167,33119,6,0,0,0,0,0,0,0,0,network_stall
1779257139.9238882,g5.hpc.coe,43337,0.5001,0,0.0,2035.0,12288.0,12624311592,13219182864,14248608,15057430,1275939,0,0,0,0,0,0,0,0,0,0,0,0,380,57,2,1,0,0,0,0,0,0,0,0,0,network_stall
1779257140.424002,g5.hpc.coe,43337,0.5001,0,0.0,2035.0,12288.0,12624312014,13219182921,14248610,15057431,1275939,0,0,0,0,0,0,0,0,0,0,0,0,422,57,2,1,0,0,0,0,0,0,0,0,0,network_stall
1779257140.9241362,g5.hpc.coe,43337,0.5001,0,0.0,2035.0,12288.0,12624312478,13219182978,14248612,15057432,1275939,0,0,0,0,0,0,0,0,0,0,0,0,464,57,2,1,0,0,0,0,0,0,0,0,0,network_stall
1779257141.424253,g5.hpc.coe,43337,0.5001,0,0.0,2035.0,12288.0,12624312984,13219183035,14248614,15057433,1275939,0,0,0,0,0,0,0,0,0,0,0,0,506,57,2,1,0,0,0,0,0,0,0,0,0,network_stall
1779257141.9243865,g5.hpc.coe,43337,0.5001,0,0.0,2035.0,12288.0,12624313553,13219183114,14248617,15057435,1275939,0,0,0,0,0,0,0,0,0,0,0,0,569,79,3,2,0,0,0,0,0,0,0,0,0,network_stall
1779257142.4245205,g5.hpc.coe,43337,0.5001,0,0.0,2035.0,12288.0,12624314520,13219183503,14248628,15057443,1275939,0,0,0,0,0,0,0,0,0,0,0,0,967,389,11,8,0,0,0,0,0,0,0,0,0,network_stall
1779257142.924626,g5.hpc.coe,43337,0.5001,0,0.0,2035.0,12288.0,12624323094,13219361314,14248668,15057642,1275939,0,0,0,0,0,0,0,0,0,0,0,0,8574,177811,40,199,0,0,0,0,0,0,0,0,0,network_stall
1779257143.4247427,g5.hpc.coe,43337,0.5001,0,100.0,2035.0,12288.0,12659052886,13253893874,14283581,15092376,1275942,0,0,0,0,0,0,0,0,0,0,0,0,34729792,34532560,34913,34734,3,0,0,0,0,0,0,0,0,network_stall
1779257143.9248824,g5.hpc.coe,43337,0.5001,0,0.0,2035.0,12288.0,12659053631,13253893953,14283584,15092378,1275942,0,0,0,0,0,0,0,0,0,0,0,0,745,79,3,2,0,0,0,0,0,0,0,0,0,network_stall
1779257144.4250138,g5.hpc.coe,43337,0.5001,0,0.0,2035.0,12288.0,12659054418,13253894032,14283587,15092380,1275942,0,0,0,0,0,0,0,0,0,0,0,0,787,79,3,2,0,0,0,0,0,0,0,0,0,network_stall
1779257144.92515,g5.hpc.coe,43337,0.5001,0,0.0,2035.0,12288.0,12659055247,13253894111,14283590,15092382,1275942,0,0,0,0,0,0,0,0,0,0,0,0,829,79,3,2,0,0,0,0,0,0,0,0,0,network_stall
1779257145.4252806,g5.hpc.coe,43337,0.5001,0,0.0,2035.0,12288.0,12659056117,13253894190,14283593,15092384,1275942,0,0,0,0,0,0,0,0,0,0,0,0,870,79,3,2,0,0,0,0,0,0,0,0,0,network_stall
1779257145.9254243,g5.hpc.coe,43337,0.5001,0,0.0,2035.0,12288.0,12659057029,13253894269,14283596,15092386,1275942,0,0,0,0,0,0,0,0,0,0,0,0,912,79,3,2,0,0,0,0,0,0,0,0,0,network_stall
1779257146.4255638,g5.hpc.coe,43337,0.5001,0,0.0,2035.0,12288.0,12659057983,13253894348,14283599,15092388,1275942,0,0,0,0,0,0,0,0,0,0,0,0,954,79,3,2,0,0,0,0,0,0,0,0,0,network_stall
1779257146.9256947,g5.hpc.coe,43337,0.5001,0,0.0,2035.0,12288.0,12659058979,13253894427,14283602,15092390,1275942,0,0,0,0,0,0,0,0,0,0,0,0,996,79,3,2,0,0,0,0,0,0,0,0,0,network_stall
1779257147.4258583,g5.hpc.coe,43337,0.5002,0,100.0,2035.0,12288.0,12693797058,13288604704,14318549,15127312,1276463,0,0,0,0,0,0,0,0,0,0,0,0,34738079,34710277,34947,34922,521,0,0,0,0,0,0,0,0,network_stall
1779257147.9260013,g5.hpc.coe,43337,0.5001,0,0.0,2035.0,12288.0,12693798166,13288604783,14318553,15127314,1276463,0,0,0,0,0,0,0,0,0,0,0,0,1108,79,4,2,0,0,0,0,0,0,0,0,0,network_stall
1779257148.4261315,g5.hpc.coe,43337,0.5001,0,0.0,2035.0,12288.0,12693799316,13288604862,14318557,15127316,1276463,0,0,0,0,0,0,0,0,0,0,0,0,1150,79,4,2,0,0,0,0,0,0,0,0,0,network_stall
1779257148.9262683,g5.hpc.coe,43337,0.5001,0,0.0,2035.0,12288.0,12693799441,13288604919,14318559,15127317,1276463,0,0,0,0,0,0,0,0,0,0,0,0,125,57,2,1,0,0,0,0,0,0,0,0,0,network_stall
1779257149.4263778,g5.hpc.coe,43337,0.5001,0,0.0,2035.0,12288.0,12693799608,13288604976,14318561,15127318,1276463,0,0,0,0,0,0,0,0,0,0,0,0,167,57,2,1,0,0,0,0,0,0,0,0,0,network_stall
1779257149.9265134,g5.hpc.coe,43337,0.5001,0,0.0,2035.0,12288.0,12693799817,13288605033,14318563,15127319,1276463,0,0,0,0,0,0,0,0,0,0,0,0,209,57,2,1,0,0,0,0,0,0,0,0,0,network_stall
1779257150.4266446,g5.hpc.coe,43337,0.5001,0,0.0,2035.0,12288.0,12693800068,13288605090,14318565,15127320,1276463,0,0,0,0,0,0,0,0,0,0,0,0,251,57,2,1,0,0,0,0,0,0,0,0,0,network_stall
1779257150.9267817,g5.hpc.coe,43337,0.5001,0,0.0,2035.0,12288.0,12693800361,13288605147,14318567,15127321,1276463,0,0,0,0,0,0,0,0,0,0,0,0,293,57,2,1,0,0,0,0,0,0,0,0,0,network_stall
1779257151.4269094,g5.hpc.coe,43337,0.5001,0,100.0,2035.0,12288.0,12722288107,13317068056,14347294,15156041,1276467,0,0,0,0,0,0,0,0,0,0,0,0,28487746,28462909,28727,28720,4,0,0,0,0,0,0,0,0,network_stall
1779257151.9270191,g5.hpc.coe,43337,0.5001,0,0.0,2035.0,12288.0,12728538028,13323315481,14353511,15162253,1276468,0,0,0,0,0,0,0,0,0,0,0,0,6249921,6247425,6217,6212,1,0,0,0,0,0,0,0,0,network_stall
1779257152.4271548,g5.hpc.coe,43337,0.5001,0,0.0,2035.0,12288.0,12728538456,13323315538,14353513,15162254,1276468,0,0,0,0,0,0,0,0,0,0,0,0,428,57,2,1,0,0,0,0,0,0,0,0,0,network_stall
1779257152.9272907,g5.hpc.coe,43337,0.5001,0,0.0,2035.0,12288.0,12728539003,13323315650,14353517,15162256,1276468,0,0,0,0,0,0,0,0,0,0,0,0,547,112,4,2,0,0,0,0,0,0,0,0,0,network_stall
1779257153.4274244,g5.hpc.coe,43337,0.5001,0,0.0,2035.0,12288.0,12728540138,13323316198,14353534,15162267,1276468,0,0,0,0,0,0,0,0,0,0,0,0,1135,548,17,11,0,0,0,0,0,0,0,0,0,network_stall
1779257153.9843085,g5.hpc.coe,43337,0.5569,0,0.0,2035.0,12288.0,12728540693,13323316277,14353536,15162269,1276468,0,0,0,0,0,0,0,0,0,0,0,0,555,79,2,2,0,0,0,0,0,0,0,0,0,network_stall
1779257154.4844496,g5.hpc.coe,43337,0.5001,0,0.0,2035.0,12288.0,12728541334,13323316356,14353540,15162271,1276468,0,0,0,0,0,0,0,0,0,0,0,0,641,79,4,2,0,0,0,0,0,0,0,0,0,network_stall
1779257154.984565,g5.hpc.coe,43337,0.5001,0,0.0,2035.0,12288.0,12728541995,13323316435,14353543,15162273,1276468,0,0,0,0,0,0,0,0,0,0,0,0,661,79,3,2,0,0,0,0,0,0,0,0,0,network_stall
1779257155.4846938,g5.hpc.coe,43337,0.5001,0,100.0,2035.0,12288.0,12763279634,13358026748,14388484,15197207,1277169,0,0,0,0,0,0,0,0,0,0,0,0,34737639,34710313,34941,34934,701,0,0,0,0,0,0,0,0,network_stall
1779257155.9848292,g5.hpc.coe,43337,0.5001,0,0.0,2035.0,12288.0,12763280384,13358026827,14388487,15197209,1277169,0,0,0,0,0,0,0,0,0,0,0,0,750,79,3,2,0,0,0,0,0,0,0,0,0,network_stall
1779257156.4849637,g5.hpc.coe,43337,0.5001,0,0.0,2035.0,12288.0,12763281176,13358026906,14388490,15197211,1277169,0,0,0,0,0,0,0,0,0,0,0,0,792,79,3,2,0,0,0,0,0,0,0,0,0,network_stall
1779257156.985084,g5.hpc.coe,43337,0.5001,0,0.0,2035.0,12288.0,12763282010,13358026985,14388493,15197213,1277169,0,0,0,0,0,0,0,0,0,0,0,0,834,79,3,2,0,0,0,0,0,0,0,0,0,network_stall
1779257157.485222,g5.hpc.coe,43337,0.5001,0,0.0,2035.0,12288.0,12763282886,13358027064,14388496,15197215,1277169,0,0,0,0,0,0,0,0,0,0,0,0,876,79,3,2,0,0,0,0,0,0,0,0,0,network_stall
1779257157.9853544,g5.hpc.coe,43337,0.5001,0,0.0,2035.0,12288.0,12763283881,13358027198,14388501,15197218,1277169,0,0,0,0,0,0,0,0,0,0,0,0,995,134,5,3,0,0,0,0,0,0,0,0,0,network_stall
1779257158.4854858,g5.hpc.coe,43337,0.5001,0,0.0,2035.0,12288.0,12763284841,13358027277,14388504,15197220,1277169,0,0,0,0,0,0,0,0,0,0,0,0,960,79,3,2,0,0,0,0,0,0,0,0,0,network_stall
1779257158.985607,g5.hpc.coe,43337,0.5001,0,0.0,2035.0,12288.0,12763285843,13358027356,14388507,15197222,1277169,0,0,0,0,0,0,0,0,0,0,0,0,1002,79,3,2,0,0,0,0,0,0,0,0,0,network_stall
1779257159.4857175,g5.hpc.coe,43337,0.5001,0,100.0,2035.0,12288.0,12791774326,13386490259,14417239,15225939,1277171,0,0,0,0,0,0,0,0,0,0,0,0,28488483,28462903,28732,28717,2,0,0,0,0,0,0,0,0,network_stall
1779257159.9858644,g5.hpc.coe,43337,0.5001,0,0.0,2035.0,12288.0,12798024992,13392737699,14423460,15232151,1277172,0,0,0,0,0,0,0,0,0,0,0,0,6250666,6247440,6221,6212,1,0,0,0,0,0,0,0,0,network_stall
1779257160.4860067,g5.hpc.coe,43337,0.5001,0,0.0,2035.0,12288.0,12798026151,13392737778,14423464,15232153,1277172,0,0,0,0,0,0,0,0,0,0,0,0,1159,79,4,2,0,0,0,0,0,0,0,0,0,network_stall
1779257160.9861417,g5.hpc.coe,43337,0.5001,0,0.0,2035.0,12288.0,12798026284,13392737835,14423466,15232154,1277172,0,0,0,0,0,0,0,0,0,0,0,0,133,57,2,1,0,0,0,0,0,0,0,0,0,network_stall
1779257161.4862545,g5.hpc.coe,43337,0.5001,0,0.0,2035.0,12288.0,12798026459,13392737892,14423468,15232155,1277172,0,0,0,0,0,0,0,0,0,0,0,0,175,57,2,1,0,0,0,0,0,0,0,0,0,network_stall
1779257161.9863763,g5.hpc.coe,43337,0.5001,0,0.0,2035.0,12288.0,12798026676,13392737949,14423470,15232156,1277172,0,0,0,0,0,0,0,0,0,0,0,0,217,57,2,1,0,0,0,0,0,0,0,0,0,network_stall
1779257162.486522,g5.hpc.coe,43337,0.5001,0,0.0,2035.0,12288.0,12798026935,13392738006,14423472,15232157,1277172,0,0,0,0,0,0,0,0,0,0,0,0,259,57,2,1,0,0,0,0,0,0,0,0,0,network_stall
1779257162.9866276,g5.hpc.coe,43337,0.5001,0,0.0,2035.0,12288.0,12798027313,13392738118,14423476,15232159,1277172,0,0,0,0,0,0,0,0,0,0,0,0,378,112,4,2,0,0,0,0,0,0,0,0,0,network_stall
1779257163.4867554,g5.hpc.coe,43337,0.5001,0,100.0,2035.0,12288.0,12825825086,13420514084,14451462,15260130,1277545,0,0,0,0,0,0,0,0,0,0,0,0,27797773,27775966,27986,27971,373,0,0,0,0,0,0,0,0,network_stall
1779257163.9868872,g5.hpc.coe,43337,0.5001,0,0.0,2035.0,12288.0,12832765004,13427448452,14458421,15267091,1277547,0,0,0,0,0,0,0,0,0,0,0,0,6939918,6934368,6959,6961,2,0,0,0,0,0,0,0,0,network_stall
1779257164.487002,g5.hpc.coe,43337,0.5001,0,0.0,2035.0,12288.0,12832765441,13427448509,14458423,15267092,1277547,0,0,0,0,0,0,0,0,0,0,0,0,437,57,2,1,0,0,0,0,0,0,0,0,0,network_stall
1779257164.9871264,g5.hpc.coe,43337,0.5001,0,0.0,2035.0,12288.0,12832765920,13427448566,14458425,15267093,1277547,0,0,0,0,0,0,0,0,0,0,0,0,479,57,2,1,0,0,0,0,0,0,0,0,0,network_stall
1779257165.4872663,g5.hpc.coe,43337,0.5001,0,0.0,2035.0,12288.0,12832766441,13427448623,14458427,15267094,1277547,0,0,0,0,0,0,0,0,0,0,0,0,521,57,2,1,0,0,0,0,0,0,0,0,0,network_stall
1779257165.9873862,g5.hpc.coe,43337,0.5001,0,0.0,2035.0,12288.0,12832767026,13427448702,14458430,15267096,1277547,0,0,0,0,0,0,0,0,0,0,0,0,585,79,3,2,0,0,0,0,0,0,0,0,0,network_stall
1779257166.4875014,g5.hpc.coe,43337,0.5001,0,0.0,2035.0,12288.0,12832767653,13427448781,14458433,15267098,1277547,0,0,0,0,0,0,0,0,0,0,0,0,627,79,3,2,0,0,0,0,0,0,0,0,0,network_stall
1779257166.9876347,g5.hpc.coe,43337,0.5001,0,0.0,2035.0,12288.0,12832768322,13427448860,14458436,15267100,1277547,0,0,0,0,0,0,0,0,0,0,0,0,669,79,3,2,0,0,0,0,0,0,0,0,0,network_stall
1779257167.4877582,g5.hpc.coe,43337,0.5001,0,100.0,2035.0,12288.0,12854309075,13448969733,14480179,15288833,1277550,0,0,0,0,0,0,0,0,0,0,0,0,21540753,21520873,21743,21733,3,0,0,0,0,0,0,0,0,network_stall
1779257167.9878974,g5.hpc.coe,43337,0.5001,0,0.0,2035.0,12288.0,12867506825,13462159293,14493385,15302035,1277552,0,0,0,0,0,0,0,0,0,0,0,0,13197750,13189560,13206,13202,2,0,0,0,0,0,0,0,0,network_stall
1779257168.488043,g5.hpc.coe,43337,0.5001,0,0.0,2035.0,12288.0,12867507630,13462159372,14493388,15302037,1277552,0,0,0,0,0,0,0,0,0,0,0,0,805,79,3,2,0,0,0,0,0,0,0,0,0,network_stall
1779257168.9881544,g5.hpc.coe,43337,0.5001,0,0.0,2035.0,12288.0,12867509099,13462159898,14493406,15302047,1277552,0,0,0,0,0,0,0,0,0,0,0,0,1469,526,18,10,0,0,0,0,0,0,0,0,0,network_stall
1779257169.4883013,g5.hpc.coe,43337,0.5001,0,0.0,2035.0,12288.0,12867509988,13462159977,14493409,15302049,1277552,0,0,0,0,0,0,0,0,0,0,0,0,889,79,3,2,0,0,0,0,0,0,0,0,0,network_stall
1779257169.9884338,g5.hpc.coe,43337,0.5001,0,0.0,2035.0,12288.0,12867510919,13462160056,14493412,15302051,1277552,0,0,0,0,0,0,0,0,0,0,0,0,931,79,3,2,0,0,0,0,0,0,0,0,0,network_stall
1779257170.488566,g5.hpc.coe,43337,0.5001,0,0.0,2035.0,12288.0,12867511892,13462160135,14493415,15302053,1277552,0,0,0,0,0,0,0,0,0,0,0,0,973,79,3,2,0,0,0,0,0,0,0,0,0,network_stall
1779257170.988698,g5.hpc.coe,43337,0.5001,0,0.0,2035.0,12288.0,12867512907,13462160214,14493418,15302055,1277552,0,0,0,0,0,0,0,0,0,0,0,0,1015,79,3,2,0,0,0,0,0,0,0,0,0,network_stall
1779257171.4888403,g5.hpc.coe,43337,0.5001,0,93.0,2035.0,12288.0,12888364004,13482994116,14514417,15323035,1277557,0,0,0,0,0,0,0,0,0,0,0,0,20851097,20833902,20999,20980,5,0,0,0,0,0,0,0,0,network_stall
1779257171.988978,g5.hpc.coe,43337,0.5001,0,0.0,2035.0,12288.0,12902252096,13496870543,14528373,15336982,1278441,0,0,0,0,0,0,0,0,0,0,0,0,13888092,13876427,13956,13947,884,0,0,0,0,0,0,0,0,network_stall
1779257172.4891176,g5.hpc.coe,43337,0.5001,0,0.0,2035.0,12288.0,12902253269,13496870622,14528377,15336984,1278441,0,0,0,0,0,0,0,0,0,0,0,0,1173,79,4,2,0,0,0,0,0,0,0,0,0,network_stall
1779257172.9892495,g5.hpc.coe,43337,0.5001,0,0.0,2035.0,12288.0,12902253493,13496870734,14528381,15336986,1278441,0,0,0,0,0,0,0,0,0,0,0,0,224,112,4,2,0,0,0,0,0,0,0,0,0,network_stall
1779257173.4893858,g5.hpc.coe,43337,0.5001,0,0.0,2035.0,12288.0,12902253683,13496870791,14528383,15336987,1278441,0,0,0,0,0,0,0,0,0,0,0,0,190,57,2,1,0,0,0,0,0,0,0,0,0,network_stall
1779257173.989517,g5.hpc.coe,43337,0.5001,0,0.0,2035.0,12288.0,12902253915,13496870848,14528385,15336988,1278441,0,0,0,0,0,0,0,0,0,0,0,0,232,57,2,1,0,0,0,0,0,0,0,0,0,network_stall
1779257174.4896293,g5.hpc.coe,43337,0.5001,0,0.0,2035.0,12288.0,12902254188,13496870905,14528387,15336989,1278441,0,0,0,0,0,0,0,0,0,0,0,0,273,57,2,1,0,0,0,0,0,0,0,0,0,network_stall
1779257174.9897616,g5.hpc.coe,43337,0.5001,0,0.0,2035.0,12288.0,12902254503,13496870962,14528389,15336990,1278441,0,0,0,0,0,0,0,0,0,0,0,0,315,57,2,1,0,0,0,0,0,0,0,0,0,network_stall
1779257175.4898882,g5.hpc.coe,43337,0.5001,0,72.0,2035.0,12288.0,12916847533,13511449741,14543146,15351732,1278441,0,0,0,0,0,0,0,0,0,0,0,0,14593030,14578779,14757,14742,0,0,0,0,0,0,0,0,0,network_stall
1779257175.9900303,g5.hpc.coe,43337,0.5001,0,6.0,2035.0,12288.0,12936992263,13531581282,14563340,15371920,1278595,0,0,0,0,0,0,0,0,0,0,0,0,20144730,20131541,20194,20188,154,0,0,0,0,0,0,0,0,network_stall
1779257176.490175,g5.hpc.coe,43337,0.5001,0,0.0,2035.0,12288.0,12936992715,13531581339,14563342,15371921,1278595,0,0,0,0,0,0,0,0,0,0,0,0,452,57,2,1,0,0,0,0,0,0,0,0,0,network_stall
1779257176.9902847,g5.hpc.coe,43337,0.5001,0,0.0,2035.0,12288.0,12936993208,13531581396,14563344,15371922,1278595,0,0,0,0,0,0,0,0,0,0,0,0,493,57,2,1,0,0,0,0,0,0,0,0,0,network_stall
1779257177.490404,g5.hpc.coe,43337,0.5001,0,0.0,2035.0,12288.0,12936993743,13531581453,14563346,15371923,1278595,0,0,0,0,0,0,0,0,0,0,0,0,535,57,2,1,0,0,0,0,0,0,0,0,0,network_stall
1779257177.9905107,g5.hpc.coe,43337,0.5001,0,0.0,2035.0,12288.0,12936994342,13531581532,14563349,15371925,1278595,0,0,0,0,0,0,0,0,0,0,0,0,599,79,3,2,0,0,0,0,0,0,0,0,0,network_stall
1779257178.4906461,g5.hpc.coe,43337,0.5001,0,0.0,2035.0,12288.0,12936995060,13531581666,14563354,15371928,1278595,0,0,0,0,0,0,0,0,0,0,0,0,718,134,5,3,0,0,0,0,0,0,0,0,0,network_stall
1779257178.990787,g5.hpc.coe,43337,0.5001,0,0.0,2035.0,12288.0,12936995743,13531581745,14563357,15371930,1278595,0,0,0,0,0,0,0,0,0,0,0,0,683,79,3,2,0,0,0,0,0,0,0,0,0,network_stall
1779257179.490915,g5.hpc.coe,43337,0.5001,0,52.0,2035.0,12288.0,12950899146,13545473617,14577372,15385926,1278598,0,0,0,0,0,0,0,0,0,0,0,0,13903403,13891872,14015,13996,3,0,0,0,0,0,0,0,0,network_stall
1779257179.99103,g5.hpc.coe,43337,0.5001,0,25.0,2035.0,12288.0,12971734302,13566292130,14598319,15406865,1278602,0,0,0,0,0,0,0,0,0,0,0,0,20835156,20818513,20947,20939,4,0,0,0,0,0,0,0,0,network_stall
1779257180.491169,g5.hpc.coe,43337,0.5001,0,0.0,2035.0,12288.0,12971735120,13566292209,14598322,15406867,1278602,0,0,0,0,0,0,0,0,0,0,0,0,818,79,3,2,0,0,0,0,0,0,0,0,0,network_stall
1779257180.9913042,g5.hpc.coe,43337,0.5001,0,0.0,2035.0,12288.0,12971735980,13566292288,14598325,15406869,1278602,0,0,0,0,0,0,0,0,0,0,0,0,860,79,3,2,0,0,0,0,0,0,0,0,0,network_stall
1779257181.491421,g5.hpc.coe,43337,0.5001,0,0.0,2035.0,12288.0,12971736882,13566292367,14598328,15406871,1278602,0,0,0,0,0,0,0,0,0,0,0,0,902,79,3,2,0,0,0,0,0,0,0,0,0,network_stall
1779257181.9915552,g5.hpc.coe,43337,0.5001,0,0.0,2035.0,12288.0,12971737826,13566292446,14598331,15406873,1278602,0,0,0,0,0,0,0,0,0,0,0,0,944,79,3,2,0,0,0,0,0,0,0,0,0,network_stall
1779257182.4916952,g5.hpc.coe,43337,0.5001,0,0.0,2035.0,12288.0,12971738812,13566292525,14598334,15406875,1278602,0,0,0,0,0,0,0,0,0,0,0,0,986,79,3,2,0,0,0,0,0,0,0,0,0,network_stall
1779257182.9918277,g5.hpc.coe,43337,0.5001,0,0.0,2035.0,12288.0,12971739840,13566292604,14598337,15406877,1278602,0,0,0,0,0,0,0,0,0,0,0,0,1028,79,3,2,0,0,0,0,0,0,0,0,0,network_stall
1779257183.4919388,g5.hpc.coe,43337,0.5001,0,36.0,2035.0,12288.0,12979386250,13573929402,14606104,15414633,1278607,0,0,0,0,0,0,0,0,0,0,0,0,7646410,7636798,7767,7756,5,0,0,0,0,0,0,0,0,network_stall
1779257183.9920545,g5.hpc.coe,43337,0.5001,0,40.0,2035.0,12288.0,13006479720,13601003442,14633302,15441814,1278657,0,0,0,0,0,0,0,0,0,0,0,0,27093470,27074040,27198,27181,50,0,0,0,0,0,0,0,0,network_stall
1779257184.4922018,g5.hpc.coe,43337,0.5001,0,0.0,2035.0,12288.0,13006480905,13601003521,14633306,15441816,1278657,0,0,0,0,0,0,0,0,0,0,0,0,1185,79,4,2,0,0,0,0,0,0,0,0,0,network_stall
1779257184.9923403,g5.hpc.coe,43337,0.5001,0,0.0,2035.0,12288.0,13006481065,13601003578,14633308,15441817,1278657,0,0,0,0,0,0,0,0,0,0,0,0,160,57,2,1,0,0,0,0,0,0,0,0,0,network_stall
1779257185.4924777,g5.hpc.coe,43337,0.5001,0,0.0,2035.0,12288.0,13006481267,13601003635,14633310,15441818,1278657,0,0,0,0,0,0,0,0,0,0,0,0,202,57,2,1,0,0,0,0,0,0,0,0,0,network_stall
1779257185.9926183,g5.hpc.coe,43337,0.5001,0,0.0,2035.0,12288.0,13006481511,13601003692,14633312,15441819,1278657,0,0,0,0,0,0,0,0,0,0,0,0,244,57,2,1,0,0,0,0,0,0,0,0,0,network_stall
1779257186.4927502,g5.hpc.coe,43337,0.5001,0,0.0,2035.0,12288.0,13006481797,13601003749,14633314,15441820,1278657,0,0,0,0,0,0,0,0,0,0,0,0,286,57,2,1,0,0,0,0,0,0,0,0,0,network_stall
1779257186.992893,g5.hpc.coe,43337,0.5001,0,0.0,2035.0,12288.0,13006482125,13601003806,14633316,15441821,1278657,0,0,0,0,0,0,0,0,0,0,0,0,328,57,2,1,0,0,0,0,0,0,0,0,0,network_stall
1779257187.4930193,g5.hpc.coe,43337,0.5001,0,21.0,2035.0,12288.0,13013610819,13608038732,14640513,15449021,1278693,0,0,0,0,0,0,0,0,0,0,0,0,7128694,7034926,7197,7200,36,0,0,0,0,0,0,0,0,network_stall
1779257187.9931579,g5.hpc.coe,43337,0.5001,0,57.0,2035.0,12288.0,13041219874,13635714154,14668262,15476755,1279232,0,0,0,0,0,0,0,0,0,0,0,0,27609055,27675422,27749,27734,539,0,0,0,0,0,0,0,0,network_stall
1779257188.4932687,g5.hpc.coe,43337,0.5001,0,0.0,2035.0,12288.0,13041220414,13635714266,14668266,15476757,1279232,0,0,0,0,0,0,0,0,0,0,0,0,540,112,4,2,0,0,0,0,0,0,0,0,0,network_stall
1779257188.9934134,g5.hpc.coe,43337,0.5001,0,0.0,2035.0,12288.0,13041220919,13635714323,14668268,15476758,1279232,0,0,0,0,0,0,0,0,0,0,0,0,505,57,2,1,0,0,0,0,0,0,0,0,0,network_stall
1779257189.4935553,g5.hpc.coe,43337,0.5001,0,0.0,2035.0,12288.0,13041221488,13635714402,14668271,15476760,1279232,0,0,0,0,0,0,0,0,0,0,0,0,569,79,3,2,0,0,0,0,0,0,0,0,0,network_stall
1779257189.9936893,g5.hpc.coe,43337,0.5001,0,0.0,2035.0,12288.0,13041222099,13635714481,14668274,15476762,1279232,0,0,0,0,0,0,0,0,0,0,0,0,611,79,3,2,0,0,0,0,0,0,0,0,0,network_stall
1779257190.4938207,g5.hpc.coe,43337,0.5001,0,0.0,2035.0,12288.0,13041222752,13635714560,14668277,15476764,1279232,0,0,0,0,0,0,0,0,0,0,0,0,653,79,3,2,0,0,0,0,0,0,0,0,0,network_stall
1779257190.9939654,g5.hpc.coe,43337,0.5001,0,0.0,2035.0,12288.0,13041223447,13635714639,14668280,15476766,1279232,0,0,0,0,0,0,0,0,0,0,0,0,695,79,3,2,0,0,0,0,0,0,0,0,0,network_stall
1779257191.4940858,g5.hpc.coe,43337,0.5001,0,0.0,2035.0,12288.0,13041922119,13637464153,14669068,15478568,1279233,0,0,0,0,0,0,0,0,0,0,0,0,698672,1749514,788,1802,1,0,0,0,0,0,0,0,0,network_stall
1779257191.9942203,g5.hpc.coe,43337,0.5001,0,84.0,2035.0,12288.0,13075961952,13670425017,14703231,15511700,1280769,0,0,0,0,0,0,0,0,0,0,0,0,34039833,32960864,34163,33132,1536,0,0,0,0,0,0,0,0,network_stall
1779257192.4943545,g5.hpc.coe,43337,0.5001,0,0.0,2035.0,12288.0,13075962782,13670425096,14703234,15511702,1280769,0,0,0,0,0,0,0,0,0,0,0,0,830,79,3,2,0,0,0,0,0,0,0,0,0,network_stall
1779257192.9944606,g5.hpc.coe,43337,0.5001,0,0.0,2035.0,12288.0,13075963654,13670425175,14703237,15511704,1280769,0,0,0,0,0,0,0,0,0,0,0,0,872,79,3,2,0,0,0,0,0,0,0,0,0,network_stall
1779257193.494599,g5.hpc.coe,43337,0.5001,0,0.0,2035.0,12288.0,13075964645,13670425309,14703242,15511707,1280769,0,0,0,0,0,0,0,0,0,0,0,0,991,134,5,3,0,0,0,0,0,0,0,0,0,network_stall
1779257193.9947343,g5.hpc.coe,43337,0.5001,0,0.0,2035.0,12288.0,13075965601,13670425388,14703245,15511709,1280769,0,0,0,0,0,0,0,0,0,0,0,0,956,79,3,2,0,0,0,0,0,0,0,0,0,network_stall
1779257194.4948645,g5.hpc.coe,43337,0.5001,0,0.0,2035.0,12288.0,13075966599,13670425467,14703248,15511711,1280769,0,0,0,0,0,0,0,0,0,0,0,0,998,79,3,2,0,0,0,0,0,0,0,0,0,network_stall
1779257194.9949782,g5.hpc.coe,43337,0.5001,0,0.0,2035.0,12288.0,13075967639,13670425546,14703251,15511713,1280769,0,0,0,0,0,0,0,0,0,0,0,0,1040,79,3,2,0,0,0,0,0,0,0,0,0,network_stall
1779257195.4950776,g5.hpc.coe,43337,0.5001,0,0.0,2035.0,12288.0,13076666665,13672175039,14704038,15513512,1281288,0,0,0,0,0,0,0,0,0,0,0,0,699026,1749493,787,1799,519,0,0,0,0,0,0,0,0,network_stall
1779257195.9952116,g5.hpc.coe,43337,0.5001,0,98.0,2035.0,12288.0,13110706900,13705135896,14738207,15546643,1281298,0,0,0,0,0,0,0,0,0,0,0,0,34040235,32960857,34169,33131,10,0,0,0,0,0,0,0,0,network_stall
1779257196.495361,g5.hpc.coe,43337,0.5001,0,0.0,2035.0,12288.0,13110707030,13705135953,14738209,15546644,1281298,0,0,0,0,0,0,0,0,0,0,0,0,130,57,2,1,0,0,0,0,0,0,0,0,0,network_stall
1779257196.9954994,g5.hpc.coe,43337,0.5001,0,0.0,2035.0,12288.0,13110707201,13705136010,14738211,15546645,1281298,0,0,0,0,0,0,0,0,0,0,0,0,171,57,2,1,0,0,0,0,0,0,0,0,0,network_stall
1779257197.4956164,g5.hpc.coe,43337,0.5001,0,0.0,2035.0,12288.0,13110707414,13705136067,14738213,15546646,1281298,0,0,0,0,0,0,0,0,0,0,0,0,213,57,2,1,0,0,0,0,0,0,0,0,0,network_stall
1779257197.9957366,g5.hpc.coe,43337,0.5001,0,0.0,2035.0,12288.0,13110707669,13705136124,14738215,15546647,1281298,0,0,0,0,0,0,0,0,0,0,0,0,255,57,2,1,0,0,0,0,0,0,0,0,0,network_stall
1779257198.495872,g5.hpc.coe,43337,0.5001,0,0.0,2035.0,12288.0,13110707966,13705136181,14738217,15546648,1281298,0,0,0,0,0,0,0,0,0,0,0,0,297,57,2,1,0,0,0,0,0,0,0,0,0,network_stall
1779257198.996002,g5.hpc.coe,43337,0.5001,0,0.0,2035.0,12288.0,13110709005,13705136740,14738236,15546658,1281298,0,0,0,0,0,0,0,0,0,0,0,0,1039,559,19,10,0,0,0,0,0,0,0,0,0,network_stall
1779257199.4961367,g5.hpc.coe,43337,0.5001,0,0.0,2035.0,12288.0,13110709387,13705136797,14738238,15546659,1281298,0,0,0,0,0,0,0,0,0,0,0,0,382,57,2,1,0,0,0,0,0,0,0,0,0,network_stall
1779257199.9962723,g5.hpc.coe,43337,0.5001,0,100.0,2035.0,12288.0,13145446873,13739847053,14773196,15581587,1281432,0,0,0,0,0,0,0,0,0,0,0,0,34737486,34710256,34958,34928,134,0,0,0,0,0,0,0,0,network_stall
1779257200.4964077,g5.hpc.coe,43337,0.5001,0,0.0,2035.0,12288.0,13145447345,13739847110,14773198,15581588,1281432,0,0,0,0,0,0,0,0,0,0,0,0,472,57,2,1,0,0,0,0,0,0,0,0,0,network_stall
1779257200.9965448,g5.hpc.coe,43337,0.5001,0,0.0,2035.0,12288.0,13145447859,13739847167,14773200,15581589,1281432,0,0,0,0,0,0,0,0,0,0,0,0,514,57,2,1,0,0,0,0,0,0,0,0,0,network_stall
1779257201.4966836,g5.hpc.coe,43337,0.5001,0,0.0,2035.0,12288.0,13145448437,13739847246,14773203,15581591,1281432,0,0,0,0,0,0,0,0,0,0,0,0,578,79,3,2,0,0,0,0,0,0,0,0,0,network_stall
1779257201.9968262,g5.hpc.coe,43337,0.5001,0,0.0,2035.0,12288.0,13145449057,13739847325,14773206,15581593,1281432,0,0,0,0,0,0,0,0,0,0,0,0,620,79,3,2,0,0,0,0,0,0,0,0,0,network_stall
1779257202.496966,g5.hpc.coe,43337,0.5001,0,0.0,2035.0,12288.0,13145449976,13739847659,14773214,15581600,1281432,0,0,0,0,0,0,0,0,0,0,0,0,919,334,8,7,0,0,0,0,0,0,0,0,0,network_stall
1779257202.9971035,g5.hpc.coe,43337,0.5001,0,0.0,2035.0,12288.0,13145450702,13739847738,14773218,15581602,1281432,0,0,0,0,0,0,0,0,0,0,0,0,726,79,4,2,0,0,0,0,0,0,0,0,0,network_stall
1779257203.497262,g5.hpc.coe,43337,0.5002,0,0.0,2035.0,12288.0,13145451448,13739847817,14773221,15581604,1281432,0,0,0,0,0,0,0,0,0,0,0,0,746,79,3,2,0,0,0,0,0,0,0,0,0,network_stall
1779257203.9973867,g5.hpc.coe,43337,0.5001,0,100.0,2035.0,12288.0,13173939849,13768310754,14801969,15610319,1281436,0,0,0,0,0,0,0,0,0,0,0,0,28488401,28462937,28748,28715,4,0,0,0,0,0,0,0,0,network_stall
1779257204.4975183,g5.hpc.coe,43337,0.5001,0,0.0,2035.0,12288.0,13180190223,13774558222,14808187,15616535,1281438,0,0,0,0,0,0,0,0,0,0,0,0,6250374,6247468,6218,6216,2,0,0,0,0,0,0,0,0,network_stall
1779257204.9976525,g5.hpc.coe,43337,0.5001,0,0.0,2035.0,12288.0,13180191103,13774558301,14808190,15616537,1281438,0,0,0,0,0,0,0,0,0,0,0,0,880,79,3,2,0,0,0,0,0,0,0,0,0,network_stall
1779257205.497793,g5.hpc.coe,43337,0.5001,0,0.0,2035.0,12288.0,13180192025,13774558380,14808193,15616539,1281438,0,0,0,0,0,0,0,0,0,0,0,0,922,79,3,2,0,0,0,0,0,0,0,0,0,network_stall
1779257205.99791,g5.hpc.coe,43337,0.5001,0,0.0,2035.0,12288.0,13180192989,13774558459,14808196,15616541,1281438,0,0,0,0,0,0,0,0,0,0,0,0,964,79,3,2,0,0,0,0,0,0,0,0,0,network_stall
1779257206.4980464,g5.hpc.coe,43337,0.5001,0,0.0,2035.0,12288.0,13180193995,13774558538,14808199,15616543,1281438,0,0,0,0,0,0,0,0,0,0,0,0,1006,79,3,2,0,0,0,0,0,0,0,0,0,network_stall
1779257206.9981887,g5.hpc.coe,43337,0.5001,0,0.0,2035.0,12288.0,13180195043,13774558617,14808202,15616545,1281438,0,0,0,0,0,0,0,0,0,0,0,0,1048,79,3,2,0,0,0,0,0,0,0,0,0,network_stall
1779257207.4983056,g5.hpc.coe,43337,0.5001,0,0.0,2035.0,12288.0,13180196155,13774558696,14808206,15616547,1281438,0,0,0,0,0,0,0,0,0,0,0,0,1112,79,4,2,0,0,0,0,0,0,0,0,0,network_stall
1779257207.9984062,g5.hpc.coe,43337,0.5001,0,100.0,2035.0,12288.0,13208684769,13803021564,14836942,15645259,1281445,0,0,0,0,0,0,0,0,0,0,0,0,28488614,28462868,28736,28712,7,0,0,0,0,0,0,0,0,network_stall
1779257208.4985378,g5.hpc.coe,43337,0.5001,0,0.0,2035.0,12288.0,13214934442,13809268989,14843159,15651471,1281448,0,0,0,0,0,0,0,0,0,0,0,0,6249673,6247425,6217,6212,3,0,0,0,0,0,0,0,0,network_stall
1779257208.9986691,g5.hpc.coe,43337,0.5001,0,0.0,2035.0,12288.0,13214934698,13809269101,14843163,15651473,1281448,0,0,0,0,0,0,0,0,0,0,0,0,256,112,4,2,0,0,0,0,0,0,0,0,0,network_stall
1779257209.4988184,g5.hpc.coe,43337,0.5001,0,0.0,2035.0,12288.0,13214934920,13809269158,14843165,15651474,1281448,0,0,0,0,0,0,0,0,0,0,0,0,222,57,2,1,0,0,0,0,0,0,0,0,0,network_stall
1779257209.9989555,g5.hpc.coe,43337,0.5001,0,0.0,2035.0,12288.0,13214935184,13809269215,14843167,15651475,1281448,0,0,0,0,0,0,0,0,0,0,0,0,264,57,2,1,0,0,0,0,0,0,0,0,0,network_stall
1779257210.4990861,g5.hpc.coe,43337,0.5001,0,0.0,2035.0,12288.0,13214935490,13809269272,14843169,15651476,1281448,0,0,0,0,0,0,0,0,0,0,0,0,306,57,2,1,0,0,0,0,0,0,0,0,0,network_stall
1779257210.9992254,g5.hpc.coe,43337,0.5001,0,0.0,2035.0,12288.0,13214935838,13809269329,14843171,15651477,1281448,0,0,0,0,0,0,0,0,0,0,0,0,348,57,2,1,0,0,0,0,0,0,0,0,0,network_stall
1779257211.4993427,g5.hpc.coe,43337,0.5001,0,0.0,2035.0,12288.0,13214936228,13809269386,14843173,15651478,1281448,0,0,0,0,0,0,0,0,0,0,0,0,390,57,2,1,0,0,0,0,0,0,0,0,0,network_stall
1779257211.9994526,g5.hpc.coe,43337,0.5001,0,100.0,2035.0,12288.0,13236476688,13830790209,14864913,15673282,1281453,0,0,0,0,0,0,0,0,0,0,0,0,21540460,21520823,21740,21804,5,0,0,0,0,0,0,0,0,network_stall
1779257212.4995918,g5.hpc.coe,43337,0.5001,0,0.0,2035.0,12288.0,13249674089,13843979678,14878117,15686404,1281752,0,0,0,0,0,0,0,0,0,0,0,0,13197401,13189469,13204,13122,299,0,0,0,0,0,0,0,0,network_stall
1779257212.9997065,g5.hpc.coe,43337,0.5001,0,0.0,2035.0,12288.0,13249674615,13843979735,14878119,15686405,1281752,0,0,0,0,0,0,0,0,0,0,0,0,526,57,2,1,0,0,0,0,0,0,0,0,0,network_stall
1779257213.4998283,g5.hpc.coe,43337,0.5001,0,0.0,2035.0,12288.0,13249675205,13843979814,14878122,15686407,1281752,0,0,0,0,0,0,0,0,0,0,0,0,590,79,3,2,0,0,0,0,0,0,0,0,0,network_stall
1779257213.9999406,g5.hpc.coe,43337,0.5001,0,0.0,2035.0,12288.0,13249676493,13843980395,14878140,15686418,1281752,0,0,0,0,0,0,0,0,0,0,0,0,1288,581,18,11,0,0,0,0,0,0,0,0,0,network_stall
1779257214.5000784,g5.hpc.coe,43337,0.5001,0,0.0,2035.0,12288.0,13249677168,13843980474,14878143,15686420,1281752,0,0,0,0,0,0,0,0,0,0,0,0,675,79,3,2,0,0,0,0,0,0,0,0,0,network_stall
1779257215.0002153,g5.hpc.coe,43337,0.5001,0,0.0,2035.0,12288.0,13249677885,13843980553,14878146,15686422,1281752,0,0,0,0,0,0,0,0,0,0,0,0,717,79,3,2,0,0,0,0,0,0,0,0,0,network_stall
1779257215.50035,g5.hpc.coe,43337,0.5001,0,0.0,2035.0,12288.0,13249678644,13843980632,14878149,15686424,1281752,0,0,0,0,0,0,0,0,0,0,0,0,759,79,3,2,0,0,0,0,0,0,0,0,0,network_stall
1779257216.0004451,g5.hpc.coe,43337,0.5001,0,100.0,2035.0,12288.0,13271219501,13865501505,14899894,15708157,1283062,0,0,0,0,0,0,0,0,0,0,0,0,21540857,21520873,21745,21733,1310,0,0,0,0,0,0,0,0,network_stall
1779257216.5005662,g5.hpc.coe,43337,0.5001,0,0.0,2035.0,12288.0,13284417307,13878691017,14913104,15721359,1283064,0,0,0,0,0,0,0,0,0,0,0,0,13197806,13189512,13210,13202,2,0,0,0,0,0,0,0,0,network_stall
1779257217.0006962,g5.hpc.coe,43337,0.5001,0,0.0,2035.0,12288.0,13284418202,13878691096,14913107,15721361,1283064,0,0,0,0,0,0,0,0,0,0,0,0,895,79,3,2,0,0,0,0,0,0,0,0,0,network_stall
1779257217.500838,g5.hpc.coe,43337,0.5001,0,0.0,2035.0,12288.0,13284419139,13878691175,14913110,15721363,1283064,0,0,0,0,0,0,0,0,0,0,0,0,937,79,3,2,0,0,0,0,0,0,0,0,0,network_stall
1779257218.0009563,g5.hpc.coe,43337,0.5001,0,0.0,2035.0,12288.0,13284420118,13878691254,14913113,15721365,1283064,0,0,0,0,0,0,0,0,0,0,0,0,979,79,3,2,0,0,0,0,0,0,0,0,0,network_stall
1779257218.5010931,g5.hpc.coe,43337,0.5001,0,0.0,2035.0,12288.0,13284421139,13878691333,14913116,15721367,1283064,0,0,0,0,0,0,0,0,0,0,0,0,1021,79,3,2,0,0,0,0,0,0,0,0,0,network_stall
1779257219.0012262,g5.hpc.coe,43337,0.5001,0,0.0,2035.0,12288.0,13284422224,13878691412,14913120,15721369,1283064,0,0,0,0,0,0,0,0,0,0,0,0,1085,79,4,2,0,0,0,0,0,0,0,0,0,network_stall
1779257219.501361,g5.hpc.coe,43337,0.5001,0,0.0,2035.0,12288.0,13284423429,13878691546,14913126,15721372,1283064,0,0,0,0,0,0,0,0,0,0,0,0,1205,134,6,3,0,0,0,0,0,0,0,0,0,network_stall
1779257220.0014925,g5.hpc.coe,43337,0.5001,0,0.0,2035.0,12288.0,13284424599,13878691625,14913130,15721374,1283064,0,0,0,0,0,0,0,0,0,0,0,0,1170,79,4,2,0,0,0,0,0,0,0,0,0,network_stall
1779257220.5016234,g5.hpc.coe,43337,0.5001,0,100.0,2035.0,12288.0,13312912189,13907154464,14941862,15750084,1283069,0,0,0,0,0,0,0,0,0,0,0,0,28487590,28462839,28732,28710,5,0,0,0,0,0,0,0,0,network_stall
1779257221.0017564,g5.hpc.coe,43337,0.5001,0,0.0,2035.0,12288.0,13319161905,13913401917,14948077,15756300,1283069,0,0,0,0,0,0,0,0,0,0,0,0,6249716,6247453,6215,6216,0,0,0,0,0,0,0,0,0,network_stall
1779257221.5018723,g5.hpc.coe,43337,0.5001,0,0.0,2035.0,12288.0,13319162142,13913401974,14948079,15756301,1283069,0,0,0,0,0,0,0,0,0,0,0,0,237,57,2,1,0,0,0,0,0,0,0,0,0,network_stall
1779257222.0020163,g5.hpc.coe,43337,0.5001,0,0.0,2035.0,12288.0,13319162421,13913402031,14948081,15756302,1283069,0,0,0,0,0,0,0,0,0,0,0,0,279,57,2,1,0,0,0,0,0,0,0,0,0,network_stall
1779257222.5021503,g5.hpc.coe,43337,0.5001,0,0.0,2035.0,12288.0,13319162742,13913402088,14948083,15756303,1283069,0,0,0,0,0,0,0,0,0,0,0,0,321,57,2,1,0,0,0,0,0,0,0,0,0,network_stall
1779257223.0022588,g5.hpc.coe,43337,0.5001,0,0.0,2035.0,12288.0,13319163105,13913402145,14948085,15756304,1283069,0,0,0,0,0,0,0,0,0,0,0,0,363,57,2,1,0,0,0,0,0,0,0,0,0,network_stall
1779257223.5024092,g5.hpc.coe,43337,0.5002,0,0.0,2035.0,12288.0,13319163510,13913402202,14948087,15756305,1283069,0,0,0,0,0,0,0,0,0,0,0,0,405,57,2,1,0,0,0,0,0,0,0,0,0,network_stall
1779257224.0025418,g5.hpc.coe,43337,0.5001,0,0.0,2035.0,12288.0,13319163957,13913402259,14948089,15756306,1283069,0,0,0,0,0,0,0,0,0,0,0,0,447,57,2,1,0,0,0,0,0,0,0,0,0,network_stall
1779257224.5026703,g5.hpc.coe,43337,0.5001,0,100.0,2035.0,12288.0,13346961925,13941178231,14976073,15784271,1283072,0,0,0,0,0,0,0,0,0,0,0,0,27797968,27775972,27984,27965,3,0,0,0,0,0,0,0,0,network_stall
1779257225.0028129,g5.hpc.coe,43337,0.5001,0,0.0,2035.0,12288.0,13353902030,13948112571,14983038,15791228,1284049,0,0,0,0,0,0,0,0,0,0,0,0,6940105,6934340,6965,6957,977,0,0,0,0,0,0,0,0,network_stall
1779257225.5029445,g5.hpc.coe,43337,0.5001,0,0.0,2035.0,12288.0,13353902635,13948112650,14983041,15791230,1284049,0,0,0,0,0,0,0,0,0,0,0,0,605,79,3,2,0,0,0,0,0,0,0,0,0,network_stall
1779257226.0030625,g5.hpc.coe,43337,0.5001,0,0.0,2035.0,12288.0,13353903282,13948112729,14983044,15791232,1284049,0,0,0,0,0,0,0,0,0,0,0,0,647,79,3,2,0,0,0,0,0,0,0,0,0,network_stall
1779257226.5032105,g5.hpc.coe,43337,0.5001,0,0.0,2035.0,12288.0,13353903971,13948112808,14983047,15791234,1284049,0,0,0,0,0,0,0,0,0,0,0,0,689,79,3,2,0,0,0,0,0,0,0,0,0,network_stall
1779257227.0033405,g5.hpc.coe,43337,0.5001,0,0.0,2035.0,12288.0,13353904702,13948112887,14983050,15791236,1284049,0,0,0,0,0,0,0,0,0,0,0,0,731,79,3,2,0,0,0,0,0,0,0,0,0,network_stall
1779257227.5034566,g5.hpc.coe,43337,0.5001,0,0.0,2035.0,12288.0,13353905475,13948112966,14983053,15791238,1284049,0,0,0,0,0,0,0,0,0,0,0,0,773,79,3,2,0,0,0,0,0,0,0,0,0,network_stall
1779257228.0035906,g5.hpc.coe,43337,0.5001,0,0.0,2035.0,12288.0,13353906290,13948113045,14983056,15791240,1284049,0,0,0,0,0,0,0,0,0,0,0,0,815,79,3,2,0,0,0,0,0,0,0,0,0,network_stall
1779257228.5037234,g5.hpc.coe,43337,0.5001,0,100.0,2035.0,12288.0,13375447189,13969633855,15004799,15812964,1284055,0,0,0,0,0,0,0,0,0,0,0,0,21540899,21520810,21743,21724,6,0,0,0,0,0,0,0,0,network_stall
1779257229.0038927,g5.hpc.coe,43337,0.5002,0,0.0,2035.0,12288.0,13388645645,13982823814,15018020,15826174,1284058,0,0,0,0,0,0,0,0,0,0,0,0,13198456,13189959,13221,13210,3,0,0,0,0,0,0,0,0,network_stall
1779257229.5040376,g5.hpc.coe,43337,0.5001,0,0.0,2035.0,12288.0,13388646673,13982823948,15018025,15826177,1284058,0,0,0,0,0,0,0,0,0,0,0,0,1028,134,5,3,0,0,0,0,0,0,0,0,0,network_stall
1779257230.004173,g5.hpc.coe,43337,0.5001,0,0.0,2035.0,12288.0,13388647666,13982824027,15018028,15826179,1284058,0,0,0,0,0,0,0,0,0,0,0,0,993,79,3,2,0,0,0,0,0,0,0,0,0,network_stall
1779257230.5042906,g5.hpc.coe,43337,0.5001,0,0.0,2035.0,12288.0,13388648701,13982824106,15018031,15826181,1284058,0,0,0,0,0,0,0,0,0,0,0,0,1035,79,3,2,0,0,0,0,0,0,0,0,0,network_stall
1779257231.0044403,g5.hpc.coe,43337,0.5001,0,0.0,2035.0,12288.0,13388649800,13982824185,15018035,15826183,1284058,0,0,0,0,0,0,0,0,0,0,0,0,1099,79,4,2,0,0,0,0,0,0,0,0,0,network_stall
1779257231.504581,g5.hpc.coe,43337,0.5001,0,0.0,2035.0,12288.0,13388650941,13982824264,15018039,15826185,1284058,0,0,0,0,0,0,0,0,0,0,0,0,1141,79,4,2,0,0,0,0,0,0,0,0,0,network_stall
1779257232.004714,g5.hpc.coe,43337,0.5001,0,0.0,2035.0,12288.0,13388652124,13982824343,15018043,15826187,1284058,0,0,0,0,0,0,0,0,0,0,0,0,1183,79,4,2,0,0,0,0,0,0,0,0,0,network_stall
1779257232.504843,g5.hpc.coe,43337,0.5001,0,100.0,2035.0,12288.0,13410192323,14004345194,15039785,15847919,1284066,0,0,0,0,0,0,0,0,0,0,0,0,21540199,21520851,21742,21732,8,0,0,0,0,0,0,0,0,network_stall
1779257233.0049832,g5.hpc.coe,43337,0.5001,0,0.0,2035.0,12288.0,13423389442,14017534684,15052988,15861120,1284069,0,0,0,0,0,0,0,0,0,0,0,0,13197119,13189490,13203,13201,3,0,0,0,0,0,0,0,0,network_stall
1779257233.5051134,g5.hpc.coe,43337,0.5001,0,0.0,2035.0,12288.0,13423389693,14017534741,15052990,15861121,1284069,0,0,0,0,0,0,0,0,0,0,0,0,251,57,2,1,0,0,0,0,0,0,0,0,0,network_stall
1779257234.0052776,g5.hpc.coe,43337,0.5002,0,0.0,2035.0,12288.0,13423389986,14017534798,15052992,15861122,1284069,0,0,0,0,0,0,0,0,0,0,0,0,293,57,2,1,0,0,0,0,0,0,0,0,0,network_stall
1779257234.505413,g5.hpc.coe,43337,0.5001,0,0.0,2035.0,12288.0,13423390398,14017534910,15052996,15861124,1284069,0,0,0,0,0,0,0,0,0,0,0,0,412,112,4,2,0,0,0,0,0,0,0,0,0,network_stall
1779257235.005531,g5.hpc.coe,43337,0.5001,0,0.0,2035.0,12288.0,13423390775,14017534967,15052998,15861125,1284069,0,0,0,0,0,0,0,0,0,0,0,0,377,57,2,1,0,0,0,0,0,0,0,0,0,network_stall
1779257235.505654,g5.hpc.coe,43337,0.5001,0,0.0,2035.0,12288.0,13423391194,14017535024,15053000,15861126,1284069,0,0,0,0,0,0,0,0,0,0,0,0,419,57,2,1,0,0,0,0,0,0,0,0,0,network_stall
1779257236.0057824,g5.hpc.coe,43337,0.5001,0,0.0,2035.0,12288.0,13423391655,14017535081,15053002,15861127,1284069,0,0,0,0,0,0,0,0,0,0,0,0,461,57,2,1,0,0,0,0,0,0,0,0,0,network_stall
1779257236.5059087,g5.hpc.coe,43337,0.5001,0,91.0,2035.0,12288.0,13437984852,14032113881,15067762,15875872,1284071,0,0,0,0,0,0,0,0,0,0,0,0,14593197,14578800,14760,14745,2,0,0,0,0,0,0,0,0,network_stall
1779257237.0060472,g5.hpc.coe,43337,0.5001,0,0.0,2035.0,12288.0,13458129736,14052245416,15087955,15896057,1284073,0,0,0,0,0,0,0,0,0,0,0,0,20144884,20131535,20193,20185,2,0,0,0,0,0,0,0,0,network_stall
1779257237.5061843,g5.hpc.coe,43337,0.5001,0,0.0,2035.0,12288.0,13458130354,14052245495,15087958,15896059,1284073,0,0,0,0,0,0,0,0,0,0,0,0,618,79,3,2,0,0,0,0,0,0,0,0,0,network_stall
1779257238.006287,g5.hpc.coe,43337,0.5001,0,0.0,2035.0,12288.0,13458131014,14052245574,15087961,15896061,1284073,0,0,0,0,0,0,0,0,0,0,0,0,660,79,3,2,0,0,0,0,0,0,0,0,0,network_stall
1779257238.5064223,g5.hpc.coe,43337,0.5001,0,0.0,2035.0,12288.0,13458131716,14052245653,15087964,15896063,1284073,0,0,0,0,0,0,0,0,0,0,0,0,702,79,3,2,0,0,0,0,0,0,0,0,0,network_stall
1779257239.0065403,g5.hpc.coe,43337,0.5001,0,0.0,2035.0,12288.0,13458132460,14052245732,15087967,15896065,1284073,0,0,0,0,0,0,0,0,0,0,0,0,744,79,3,2,0,0,0,0,0,0,0,0,0,network_stall
1779257239.5066795,g5.hpc.coe,43337,0.5001,0,0.0,2035.0,12288.0,13458133246,14052245811,15087970,15896067,1284073,0,0,0,0,0,0,0,0,0,0,0,0,786,79,3,2,0,0,0,0,0,0,0,0,0,network_stall
1779257240.006815,g5.hpc.coe,43337,0.5001,0,0.0,2035.0,12288.0,13458134074,14052245890,15087973,15896069,1284073,0,0,0,0,0,0,0,0,0,0,0,0,828,79,3,2,0,0,0,0,0,0,0,0,0,network_stall
1779257240.506941,g5.hpc.coe,43337,0.5001,0,71.0,2035.0,12288.0,13472727624,14066824698,15102732,15910813,1284095,0,0,0,0,0,0,0,0,0,0,0,0,14593550,14578808,14759,14744,22,0,0,0,0,0,0,0,0,network_stall
1779257241.007076,g5.hpc.coe,43337,0.5001,0,6.0,2035.0,12288.0,13492872916,14086956254,15122934,15931001,1284101,0,0,0,0,0,0,0,0,0,0,0,0,20145292,20131556,20202,20188,6,0,0,0,0,0,0,0,0,network_stall
1779257241.507209,g5.hpc.coe,43337,0.5001,0,0.0,2035.0,12288.0,13492873879,14086956333,15122937,15931003,1284101,0,0,0,0,0,0,0,0,0,0,0,0,963,79,3,2,0,0,0,0,0,0,0,0,0,network_stall
1779257242.0073411,g5.hpc.coe,43337,0.5001,0,0.0,2035.0,12288.0,13492874884,14086956412,15122940,15931005,1284101,0,0,0,0,0,0,0,0,0,0,0,0,1005,79,3,2,0,0,0,0,0,0,0,0,0,network_stall
1779257242.5074773,g5.hpc.coe,43337,0.5001,0,0.0,2035.0,12288.0,13492875931,14086956491,15122943,15931007,1284101,0,0,0,0,0,0,0,0,0,0,0,0,1047,79,3,2,0,0,0,0,0,0,0,0,0,network_stall
1779257243.0075924,g5.hpc.coe,43337,0.5001,0,0.0,2035.0,12288.0,13492877043,14086956570,15122947,15931009,1284101,0,0,0,0,0,0,0,0,0,0,0,0,1112,79,4,2,0,0,0,0,0,0,0,0,0,network_stall
1779257243.5077302,g5.hpc.coe,43337,0.5001,0,0.0,2035.0,12288.0,13492878197,14086956649,15122951,15931011,1284101,0,0,0,0,0,0,0,0,0,0,0,0,1154,79,4,2,0,0,0,0,0,0,0,0,0,network_stall
1779257244.0078702,g5.hpc.coe,43337,0.5001,0,0.0,2035.0,12288.0,13492878948,14086957153,15122968,15931020,1284101,0,0,0,0,0,0,0,0,0,0,0,0,751,504,17,9,0,0,0,0,0,0,0,0,0,network_stall
1779257244.5080006,g5.hpc.coe,43337,0.5001,0,50.0,2035.0,12288.0,13506781734,14100849024,15136973,15945018,1284783,0,0,0,0,0,0,0,0,0,0,0,0,13902786,13891871,14005,13998,682,0,0,0,0,0,0,0,0,network_stall
1779257245.0081403,g5.hpc.coe,43337,0.5001,0,27.0,2035.0,12288.0,13527616371,14121667472,15157915,15965943,1284786,0,0,0,0,0,0,0,0,0,0,0,0,20834637,20818448,20942,20925,3,0,0,0,0,0,0,0,0,network_stall
1779257245.5082734,g5.hpc.coe,43337,0.5001,0,0.0,2035.0,12288.0,13527616636,14121667529,15157917,15965944,1284786,0,0,0,0,0,0,0,0,0,0,0,0,265,57,2,1,0,0,0,0,0,0,0,0,0,network_stall
1779257246.0084093,g5.hpc.coe,43337,0.5001,0,0.0,2035.0,12288.0,13527616943,14121667586,15157919,15965945,1284786,0,0,0,0,0,0,0,0,0,0,0,0,307,57,2,1,0,0,0,0,0,0,0,0,0,network_stall
1779257246.5085466,g5.hpc.coe,43337,0.5001,0,0.0,2035.0,12288.0,13527617292,14121667643,15157921,15965946,1284786,0,0,0,0,0,0,0,0,0,0,0,0,349,57,2,1,0,0,0,0,0,0,0,0,0,network_stall
1779257247.0086813,g5.hpc.coe,43337,0.5001,0,0.0,2035.0,12288.0,13527617683,14121667700,15157923,15965947,1284786,0,0,0,0,0,0,0,0,0,0,0,0,391,57,2,1,0,0,0,0,0,0,0,0,0,network_stall
1779257247.5088289,g5.hpc.coe,43337,0.5001,0,0.0,2035.0,12288.0,13527618116,14121667757,15157925,15965948,1284786,0,0,0,0,0,0,0,0,0,0,0,0,433,57,2,1,0,0,0,0,0,0,0,0,0,network_stall
1779257248.0089624,g5.hpc.coe,43337,0.5001,0,0.0,2035.0,12288.0,13527618591,14121667814,15157927,15965949,1284786,0,0,0,0,0,0,0,0,0,0,0,0,475,57,2,1,0,0,0,0,0,0,0,0,0,network_stall
1779257248.509091,g5.hpc.coe,43337,0.5001,0,37.0,2035.0,12288.0,13535264328,14129304563,15165687,15973707,1285217,0,0,0,0,0,0,0,0,0,0,0,0,7645737,7636749,7760,7758,431,0,0,0,0,0,0,0,0,network_stall
1779257249.0092247,g5.hpc.coe,43337,0.5001,0,39.0,2035.0,12288.0,13562356664,14156378156,15192875,16000880,1285290,0,0,0,0,0,0,0,0,0,0,0,0,27092336,27073593,27188,27173,73,0,0,0,0,0,0,0,0,network_stall
1779257249.5093603,g5.hpc.coe,43337,0.5001,0,0.0,2035.0,12288.0,13562357297,14156378235,15192878,16000882,1285290,0,0,0,0,0,0,0,0,0,0,0,0,633,79,3,2,0,0,0,0,0,0,0,0,0,network_stall
1779257250.009491,g5.hpc.coe,43337,0.5001,0,0.0,2035.0,12288.0,13562358049,14156378369,15192883,16000885,1285290,0,0,0,0,0,0,0,0,0,0,0,0,752,134,5,3,0,0,0,0,0,0,0,0,0,network_stall
1779257250.5096292,g5.hpc.coe,43337,0.5001,0,0.0,2035.0,12288.0,13562358766,14156378448,15192886,16000887,1285290,0,0,0,0,0,0,0,0,0,0,0,0,717,79,3,2,0,0,0,0,0,0,0,0,0,network_stall
1779257251.009745,g5.hpc.coe,43337,0.5001,0,0.0,2035.0,12288.0,13562359525,14156378527,15192889,16000889,1285290,0,0,0,0,0,0,0,0,0,0,0,0,759,79,3,2,0,0,0,0,0,0,0,0,0,network_stall
1779257251.5098813,g5.hpc.coe,43337,0.5001,0,0.0,2035.0,12288.0,13562360325,14156378606,15192892,16000891,1285290,0,0,0,0,0,0,0,0,0,0,0,0,800,79,3,2,0,0,0,0,0,0,0,0,0,network_stall
1779257252.010014,g5.hpc.coe,43337,0.5001,0,0.0,2035.0,12288.0,13562361167,14156378685,15192895,16000893,1285290,0,0,0,0,0,0,0,0,0,0,0,0,842,79,3,2,0,0,0,0,0,0,0,0,0,network_stall
1779257252.5101428,g5.hpc.coe,43337,0.5001,0,19.0,2035.0,12288.0,13569317290,14163328520,15199915,16007904,1286186,0,0,0,0,0,0,0,0,0,0,0,0,6956123,6949835,7020,7011,896,0,0,0,0,0,0,0,0,network_stall
1779257253.0102737,g5.hpc.coe,43337,0.5001,0,58.0,2035.0,12288.0,13597099925,14191088972,15227840,16035814,1286190,0,0,0,0,0,0,0,0,0,0,0,0,27782635,27760452,27925,27910,4,0,0,0,0,0,0,0,0,network_stall
1779257253.510405,g5.hpc.coe,43337,0.5001,0,0.0,2035.0,12288.0,13597100903,14191089051,15227843,16035816,1286190,0,0,0,0,0,0,0,0,0,0,0,0,978,79,3,2,0,0,0,0,0,0,0,0,0,network_stall
1779257254.0105546,g5.hpc.coe,43337,0.5001,0,0.0,2035.0,12288.0,13597101922,14191089130,15227846,16035818,1286190,0,0,0,0,0,0,0,0,0,0,0,0,1019,79,3,2,0,0,0,0,0,0,0,0,0,network_stall
1779257254.5106912,g5.hpc.coe,43337,0.5001,0,0.0,2035.0,12288.0,13597102984,14191089209,15227849,16035820,1286190,0,0,0,0,0,0,0,0,0,0,0,0,1062,79,3,2,0,0,0,0,0,0,0,0,0,network_stall
1779257255.0108094,g5.hpc.coe,43337,0.5001,0,0.0,2035.0,12288.0,13597104187,14191089343,15227855,16035823,1286190,0,0,0,0,0,0,0,0,0,0,0,0,1203,134,6,3,0,0,0,0,0,0,0,0,0,network_stall
1779257255.5109391,g5.hpc.coe,43337,0.5001,0,0.0,2035.0,12288.0,13597105355,14191089422,15227859,16035825,1286190,0,0,0,0,0,0,0,0,0,0,0,0,1168,79,4,2,0,0,0,0,0,0,0,0,0,network_stall
1779257256.011051,g5.hpc.coe,43337,0.5001,0,0.0,2035.0,12288.0,13597105498,14191089479,15227861,16035826,1286190,0,0,0,0,0,0,0,0,0,0,0,0,143,57,2,1,0,0,0,0,0,0,0,0,0,network_stall
1779257256.5111554,g5.hpc.coe,43337,0.5001,0,0.0,2035.0,12288.0,13597803596,14192838992,15228645,16037630,1286218,0,0,0,0,0,0,0,0,0,0,0,0,698098,1749513,784,1804,28,0,0,0,0,0,0,0,0,network_stall
1779257257.0112693,g5.hpc.coe,43337,0.5001,0,80.0,2035.0,12288.0,13631842932,14225799806,15262815,16070757,1286223,0,0,0,0,0,0,0,0,0,0,0,0,34039336,32960814,34170,33127,5,0,0,0,0,0,0,0,0,network_stall
1779257257.5114121,g5.hpc.coe,43337,0.5001,0,0.0,2035.0,12288.0,13631843209,14225799863,15262817,16070758,1286223,0,0,0,0,0,0,0,0,0,0,0,0,277,57,2,1,0,0,0,0,0,0,0,0,0,network_stall
1779257258.011549,g5.hpc.coe,43337,0.5001,0,0.0,2035.0,12288.0,13631843528,14225799920,15262819,16070759,1286223,0,0,0,0,0,0,0,0,0,0,0,0,319,57,2,1,0,0,0,0,0,0,0,0,0,network_stall
1779257258.511681,g5.hpc.coe,43337,0.5001,0,0.0,2035.0,12288.0,13631843889,14225799977,15262821,16070760,1286223,0,0,0,0,0,0,0,0,0,0,0,0,361,57,2,1,0,0,0,0,0,0,0,0,0,network_stall
1779257259.0118182,g5.hpc.coe,43337,0.5001,0,0.0,2035.0,12288.0,13631844914,14225800481,15262838,16070769,1286223,0,0,0,0,0,0,0,0,0,0,0,0,1025,504,17,9,0,0,0,0,0,0,0,0,0,network_stall
1779257259.511954,g5.hpc.coe,43337,0.5001,0,0.0,2035.0,12288.0,13631845359,14225800538,15262840,16070770,1286223,0,0,0,0,0,0,0,0,0,0,0,0,445,57,2,1,0,0,0,0,0,0,0,0,0,network_stall
1779257260.0120625,g5.hpc.coe,43337,0.5001,0,0.0,2035.0,12288.0,13631845901,14225800650,15262843,16070772,1286223,0,0,0,0,0,0,0,0,0,0,0,0,542,112,3,2,0,0,0,0,0,0,0,0,0,network_stall
1779257260.5121958,g5.hpc.coe,43337,0.5001,0,0.0,2035.0,12288.0,13631854343,14225978425,15262881,16070968,1286223,0,0,0,0,0,0,0,0,0,0,0,0,8442,177775,38,196,0,0,0,0,0,0,0,0,0,network_stall
1779257261.0123136,g5.hpc.coe,43337,0.5001,0,100.0,2035.0,12288.0,13666584011,14260510922,15297791,16105693,1286460,0,0,0,0,0,0,0,0,0,0,0,0,34729668,34532497,34910,34725,237,0,0,0,0,0,0,0,0,network_stall
1779257261.512438,g5.hpc.coe,43337,0.5001,0,0.0,2035.0,12288.0,13666584654,14260511001,15297794,16105695,1286460,0,0,0,0,0,0,0,0,0,0,0,0,643,79,3,2,0,0,0,0,0,0,0,0,0,network_stall
1779257262.0125706,g5.hpc.coe,43337,0.5001,0,0.0,2035.0,12288.0,13666585339,14260511080,15297797,16105697,1286460,0,0,0,0,0,0,0,0,0,0,0,0,685,79,3,2,0,0,0,0,0,0,0,0,0,network_stall
1779257262.5126846,g5.hpc.coe,43337,0.5001,0,0.0,2035.0,12288.0,13666586323,14260511414,15297805,16105704,1286460,0,0,0,0,0,0,0,0,0,0,0,0,984,334,8,7,0,0,0,0,0,0,0,0,0,network_stall
1779257263.012821,g5.hpc.coe,43337,0.5001,0,0.0,2035.0,12288.0,13666587114,14260511493,15297809,16105706,1286460,0,0,0,0,0,0,0,0,0,0,0,0,791,79,4,2,0,0,0,0,0,0,0,0,0,network_stall
1779257263.5129497,g5.hpc.coe,43337,0.5001,0,0.0,2035.0,12288.0,13666587925,14260511572,15297812,16105708,1286460,0,0,0,0,0,0,0,0,0,0,0,0,811,79,3,2,0,0,0,0,0,0,0,0,0,network_stall
1779257264.0130634,g5.hpc.coe,43337,0.5001,0,0.0,2035.0,12288.0,13666588778,14260511651,15297815,16105710,1286460,0,0,0,0,0,0,0,0,0,0,0,0,853,79,3,2,0,0,0,0,0,0,0,0,0,network_stall
1779257264.513175,g5.hpc.coe,43337,0.5001,0,0.0,2035.0,12288.0,13666589673,14260511730,15297818,16105712,1286460,0,0,0,0,0,0,0,0,0,0,0,0,895,79,3,2,0,0,0,0,0,0,0,0,0,network_stall
1779257265.0133111,g5.hpc.coe,43337,0.5001,0,100.0,2035.0,12288.0,13701327517,14295222022,15332755,16140643,1287065,0,0,0,0,0,0,0,0,0,0,0,0,34737844,34710292,34937,34931,605,0,0,0,0,0,0,0,0,network_stall
1779257265.5134468,g5.hpc.coe,43337,0.5001,0,0.0,2035.0,12288.0,13701328578,14295222156,15332760,16140646,1287065,0,0,0,0,0,0,0,0,0,0,0,0,1061,134,5,3,0,0,0,0,0,0,0,0,0,network_stall
1779257266.0135767,g5.hpc.coe,43337,0.5001,0,0.0,2035.0,12288.0,13701329605,14295222235,15332763,16140648,1287065,0,0,0,0,0,0,0,0,0,0,0,0,1027,79,3,2,0,0,0,0,0,0,0,0,0,network_stall
1779257266.5137205,g5.hpc.coe,43337,0.5001,0,0.0,2035.0,12288.0,13701330696,14295222314,15332767,16140650,1287065,0,0,0,0,0,0,0,0,0,0,0,0,1091,79,4,2,0,0,0,0,0,0,0,0,0,network_stall
1779257267.0138364,g5.hpc.coe,43337,0.5001,0,0.0,2035.0,12288.0,13701331829,14295222393,15332771,16140652,1287065,0,0,0,0,0,0,0,0,0,0,0,0,1133,79,4,2,0,0,0,0,0,0,0,0,0,network_stall
1779257267.513958,g5.hpc.coe,43337,0.5001,0,0.0,2035.0,12288.0,13701333004,14295222472,15332775,16140654,1287065,0,0,0,0,0,0,0,0,0,0,0,0,1175,79,4,2,0,0,0,0,0,0,0,0,0,network_stall
1779257268.014064,g5.hpc.coe,43337,0.5001,0,0.0,2035.0,12288.0,13701333153,14295222529,15332777,16140655,1287065,0,0,0,0,0,0,0,0,0,0,0,0,149,57,2,1,0,0,0,0,0,0,0,0,0,network_stall
1779257268.514199,g5.hpc.coe,43337,0.5001,0,0.0,2035.0,12288.0,13701333344,14295222586,15332779,16140656,1287065,0,0,0,0,0,0,0,0,0,0,0,0,191,57,2,1,0,0,0,0,0,0,0,0,0,network_stall
1779257269.014332,g5.hpc.coe,43337,0.5001,0,100.0,2035.0,12288.0,13729821030,14323685439,15361512,16169368,1287070,0,0,0,0,0,0,0,0,0,0,0,0,28487686,28462853,28733,28712,5,0,0,0,0,0,0,0,0,network_stall
1779257269.514467,g5.hpc.coe,43337,0.5001,0,0.0,2035.0,12288.0,13736070842,14329932871,15367728,16175581,1287070,0,0,0,0,0,0,0,0,0,0,0,0,6249812,6247432,6216,6213,0,0,0,0,0,0,0,0,0,network_stall
1779257270.014599,g5.hpc.coe,43337,0.5001,0,0.0,2035.0,12288.0,13736071167,14329932928,15367730,16175582,1287070,0,0,0,0,0,0,0,0,0,0,0,0,325,57,2,1,0,0,0,0,0,0,0,0,0,network_stall
1779257270.514745,g5.hpc.coe,43337,0.5001,0,0.0,2035.0,12288.0,13736071611,14329933040,15367734,16175584,1287070,0,0,0,0,0,0,0,0,0,0,0,0,444,112,4,2,0,0,0,0,0,0,0,0,0,network_stall
1779257271.0148764,g5.hpc.coe,43337,0.5001,0,0.0,2035.0,12288.0,13736072020,14329933097,15367736,16175585,1287070,0,0,0,0,0,0,0,0,0,0,0,0,409,57,2,1,0,0,0,0,0,0,0,0,0,network_stall
1779257271.5150063,g5.hpc.coe,43337,0.5001,0,0.0,2035.0,12288.0,13736072471,14329933154,15367738,16175586,1287070,0,0,0,0,0,0,0,0,0,0,0,0,451,57,2,1,0,0,0,0,0,0,0,0,0,network_stall
1779257272.0151477,g5.hpc.coe,43337,0.5001,0,0.0,2035.0,12288.0,13736072964,14329933211,15367740,16175587,1287070,0,0,0,0,0,0,0,0,0,0,0,0,493,57,2,1,0,0,0,0,0,0,0,0,0,network_stall
1779257272.515299,g5.hpc.coe,43337,0.5002,0,0.0,2035.0,12288.0,13736073499,14329933268,15367742,16175588,1287070,0,0,0,0,0,0,0,0,0,0,0,0,535,57,2,1,0,0,0,0,0,0,0,0,0,network_stall
1779257273.0154064,g5.hpc.coe,43337,0.5001,0,100.0,2035.0,12288.0,13763871507,14357709284,15395726,16203564,1288471,0,0,0,0,0,0,0,0,0,0,0,0,27798008,27776016,27984,27976,1401,0,0,0,0,0,0,0,0,network_stall
1779257273.5155418,g5.hpc.coe,43337,0.5001,0,0.0,2035.0,12288.0,13770811723,14364643653,15402692,16210523,1288471,0,0,0,0,0,0,0,0,0,0,0,0,6940216,6934369,6966,6959,0,0,0,0,0,0,0,0,0,network_stall
1779257274.0156703,g5.hpc.coe,43337,0.5001,0,0.0,2035.0,12288.0,13770813039,14364644179,15402710,16210533,1288471,0,0,0,0,0,0,0,0,0,0,0,0,1316,526,18,10,0,0,0,0,0,0,0,0,0,network_stall
1779257274.515783,g5.hpc.coe,43337,0.5001,0,0.0,2035.0,12288.0,13770813775,14364644258,15402713,16210535,1288471,0,0,0,0,0,0,0,0,0,0,0,0,736,79,3,2,0,0,0,0,0,0,0,0,0,network_stall
1779257275.015904,g5.hpc.coe,43337,0.5001,0,0.0,2035.0,12288.0,13770814552,14364644337,15402716,16210537,1288471,0,0,0,0,0,0,0,0,0,0,0,0,777,79,3,2,0,0,0,0,0,0,0,0,0,network_stall
1779257275.5160384,g5.hpc.coe,43337,0.5001,0,0.0,2035.0,12288.0,13770815448,14364644471,15402721,16210540,1288471,0,0,0,0,0,0,0,0,0,0,0,0,896,134,5,3,0,0,0,0,0,0,0,0,0,network_stall
1779257276.016154,g5.hpc.coe,43337,0.5001,0,0.0,2035.0,12288.0,13770816309,14364644550,15402724,16210542,1288471,0,0,0,0,0,0,0,0,0,0,0,0,861,79,3,2,0,0,0,0,0,0,0,0,0,network_stall
1779257276.5162988,g5.hpc.coe,43337,0.5001,0,0.0,2035.0,12288.0,13770817212,14364644629,15402727,16210544,1288471,0,0,0,0,0,0,0,0,0,0,0,0,903,79,3,2,0,0,0,0,0,0,0,0,0,network_stall
1779257277.0164301,g5.hpc.coe,43337,0.5001,0,100.0,2035.0,12288.0,13792358199,14386165502,15424470,16232277,1288475,0,0,0,0,0,0,0,0,0,0,0,0,21540987,21520873,21743,21733,4,0,0,0,0,0,0,0,0,network_stall
1779257277.5165575,g5.hpc.coe,43337,0.5001,0,0.0,2035.0,12288.0,13805556134,14399355007,15437678,16245478,1288477,0,0,0,0,0,0,0,0,0,0,0,0,13197935,13189505,13208,13201,2,0,0,0,0,0,0,0,0,network_stall
1779257278.016701,g5.hpc.coe,43337,0.5001,0,0.0,2035.0,12288.0,13805557173,14399355086,15437681,16245480,1288477,0,0,0,0,0,0,0,0,0,0,0,0,1039,79,3,2,0,0,0,0,0,0,0,0,0,network_stall
1779257278.516815,g5.hpc.coe,43337,0.5001,0,0.0,2035.0,12288.0,13805558276,14399355165,15437685,16245482,1288477,0,0,0,0,0,0,0,0,0,0,0,0,1103,79,4,2,0,0,0,0,0,0,0,0,0,network_stall
1779257279.0169544,g5.hpc.coe,43337,0.5001,0,0.0,2035.0,12288.0,13805559421,14399355244,15437689,16245484,1288477,0,0,0,0,0,0,0,0,0,0,0,0,1145,79,4,2,0,0,0,0,0,0,0,0,0,network_stall
1779257279.5170932,g5.hpc.coe,43337,0.5001,0,0.0,2035.0,12288.0,13805560608,14399355323,15437693,16245486,1288477,0,0,0,0,0,0,0,0,0,0,0,0,1187,79,4,2,0,0,0,0,0,0,0,0,0,network_stall
1779257280.0172355,g5.hpc.coe,43337,0.5001,0,0.0,2035.0,12288.0,13805560770,14399355380,15437695,16245487,1288477,0,0,0,0,0,0,0,0,0,0,0,0,162,57,2,1,0,0,0,0,0,0,0,0,0,network_stall
1779257280.5173576,g5.hpc.coe,43337,0.5001,0,0.0,2035.0,12288.0,13805561051,14399355492,15437699,16245489,1288477,0,0,0,0,0,0,0,0,0,0,0,0,281,112,4,2,0,0,0,0,0,0,0,0,0,network_stall
1779257281.017493,g5.hpc.coe,43337,0.5001,0,82.0,2035.0,12288.0,13826411379,14420189393,15458703,16266471,1289130,0,0,0,0,0,0,0,0,0,0,0,0,20850328,20833901,21004,20982,653,0,0,0,0,0,0,0,0,network_stall
1779257281.5176256,g5.hpc.coe,43337,0.5001,0,1.0,2035.0,12288.0,13840298617,14434065749,15472654,16280410,1289136,0,0,0,0,0,0,0,0,0,0,0,0,13887238,13876356,13951,13939,6,0,0,0,0,0,0,0,0,network_stall
1779257282.0177526,g5.hpc.coe,43337,0.5001,0,0.0,2035.0,12288.0,13840298957,14434065806,15472656,16280411,1289136,0,0,0,0,0,0,0,0,0,0,0,0,340,57,2,1,0,0,0,0,0,0,0,0,0,network_stall
1779257282.5178752,g5.hpc.coe,43337,0.5001,0,0.0,2035.0,12288.0,13840299339,14434065863,15472658,16280412,1289136,0,0,0,0,0,0,0,0,0,0,0,0,382,57,2,1,0,0,0,0,0,0,0,0,0,network_stall
1779257283.0179822,g5.hpc.coe,43337,0.5001,0,0.0,2035.0,12288.0,13840299763,14434065920,15472660,16280413,1289136,0,0,0,0,0,0,0,0,0,0,0,0,424,57,2,1,0,0,0,0,0,0,0,0,0,network_stall
1779257283.5181048,g5.hpc.coe,43337,0.5001,0,0.0,2035.0,12288.0,13840300229,14434065977,15472662,16280414,1289136,0,0,0,0,0,0,0,0,0,0,0,0,466,57,2,1,0,0,0,0,0,0,0,0,0,network_stall
1779257284.0182493,g5.hpc.coe,43337,0.5001,0,0.0,2035.0,12288.0,13840300737,14434066034,15472664,16280415,1289136,0,0,0,0,0,0,0,0,0,0,0,0,508,57,2,1,0,0,0,0,0,0,0,0,0,network_stall
1779257284.5183954,g5.hpc.coe,43337,0.5001,0,0.0,2035.0,12288.0,13840301309,14434066113,15472667,16280417,1289136,0,0,0,0,0,0,0,0,0,0,0,0,572,79,3,2,0,0,0,0,0,0,0,0,0,network_stall
1779257285.0185237,g5.hpc.coe,43337,0.5001,0,62.0,2035.0,12288.0,13854894540,14448644935,15487417,16295163,1289138,0,0,0,0,0,0,0,0,0,0,0,0,14593231,14578822,14750,14746,2,0,0,0,0,0,0,0,0,network_stall
1779257285.5186625,g5.hpc.coe,43337,0.5001,0,16.0,2035.0,12288.0,13875039527,14468776449,15507612,16315345,1289142,0,0,0,0,0,0,0,0,0,0,0,0,20144987,20131514,20195,20182,4,0,0,0,0,0,0,0,0,network_stall
1779257286.0187986,g5.hpc.coe,43337,0.5001,0,0.0,2035.0,12288.0,13875040312,14468776583,15507617,16315348,1289142,0,0,0,0,0,0,0,0,0,0,0,0,785,134,5,3,0,0,0,0,0,0,0,0,0,network_stall
1779257286.5189493,g5.hpc.coe,43337,0.5002,0,0.0,2035.0,12288.0,13875041062,14468776662,15507620,16315350,1289142,0,0,0,0,0,0,0,0,0,0,0,0,750,79,3,2,0,0,0,0,0,0,0,0,0,network_stall
1779257287.0190852,g5.hpc.coe,43337,0.5001,0,0.0,2035.0,12288.0,13875041854,14468776741,15507623,16315352,1289142,0,0,0,0,0,0,0,0,0,0,0,0,792,79,3,2,0,0,0,0,0,0,0,0,0,network_stall
1779257287.5192196,g5.hpc.coe,43337,0.5001,0,0.0,2035.0,12288.0,13875042688,14468776820,15507626,16315354,1289142,0,0,0,0,0,0,0,0,0,0,0,0,834,79,3,2,0,0,0,0,0,0,0,0,0,network_stall
1779257288.0193331,g5.hpc.coe,43337,0.5001,0,0.0,2035.0,12288.0,13875043564,14468776899,15507629,16315356,1289142,0,0,0,0,0,0,0,0,0,0,0,0,876,79,3,2,0,0,0,0,0,0,0,0,0,network_stall
1779257288.5194478,g5.hpc.coe,43337,0.5001,0,0.0,2035.0,12288.0,13875044482,14468776978,15507632,16315358,1289142,0,0,0,0,0,0,0,0,0,0,0,0,918,79,3,2,0,0,0,0,0,0,0,0,0,network_stall
1779257289.0195563,g5.hpc.coe,43337,0.5001,0,41.0,2035.0,12288.0,13888948708,14482669297,15521657,16329362,1289144,0,0,0,0,0,0,0,0,0,0,0,0,13904226,13892319,14025,14004,2,0,0,0,0,0,0,0,0,network_stall
1779257289.519687,g5.hpc.coe,43337,0.5001,0,36.0,2035.0,12288.0,13909784085,14503487726,15542602,16350289,1289546,0,0,0,0,0,0,0,0,0,0,0,0,20835377,20818429,20945,20927,402,0,0,0,0,0,0,0,0,network_stall
1779257290.0198188,g5.hpc.coe,43337,0.5001,0,0.0,2035.0,12288.0,13909785139,14503487805,15542605,16350291,1289546,0,0,0,0,0,0,0,0,0,0,0,0,1054,79,3,2,0,0,0,0,0,0,0,0,0,network_stall
1779257290.5199556,g5.hpc.coe,43337,0.5001,0,0.0,2035.0,12288.0,13909786258,14503487884,15542609,16350293,1289546,0,0,0,0,0,0,0,0,0,0,0,0,1119,79,4,2,0,0,0,0,0,0,0,0,0,network_stall
1779257291.0200934,g5.hpc.coe,43337,0.5001,0,0.0,2035.0,12288.0,13909787496,14503488018,15542615,16350296,1289546,0,0,0,0,0,0,0,0,0,0,0,0,1238,134,6,3,0,0,0,0,0,0,0,0,0,network_stall
1779257291.520229,g5.hpc.coe,43337,0.5001,0,0.0,2035.0,12288.0,13909787631,14503488075,15542617,16350297,1289546,0,0,0,0,0,0,0,0,0,0,0,0,135,57,2,1,0,0,0,0,0,0,0,0,0,network_stall
1779257292.0203679,g5.hpc.coe,43337,0.5001,0,0.0,2035.0,12288.0,13909787808,14503488132,15542619,16350298,1289546,0,0,0,0,0,0,0,0,0,0,0,0,177,57,2,1,0,0,0,0,0,0,0,0,0,network_stall
1779257292.5205016,g5.hpc.coe,43337,0.5001,0,0.0,2035.0,12288.0,13909788027,14503488189,15542621,16350299,1289546,0,0,0,0,0,0,0,0,0,0,0,0,219,57,2,1,0,0,0,0,0,0,0,0,0,network_stall
1779257293.0206327,g5.hpc.coe,43337,0.5001,0,31.0,2035.0,12288.0,13917433564,14511124945,15550389,16358058,1289548,0,0,0,0,0,0,0,0,0,0,0,0,7645537,7636756,7768,7759,2,0,0,0,0,0,0,0,0,network_stall
1779257293.520758,g5.hpc.coe,43337,0.5001,0,46.0,2035.0,12288.0,13944525601,14538198502,15577573,16385228,1289820,0,0,0,0,0,0,0,0,0,0,0,0,27092037,27073557,27184,27170,272,0,0,0,0,0,0,0,0,network_stall
1779257294.0208719,g5.hpc.coe,43337,0.5001,0,0.0,2035.0,12288.0,13944525955,14538198559,15577575,16385229,1289820,0,0,0,0,0,0,0,0,0,0,0,0,354,57,2,1,0,0,0,0,0,0,0,0,0,network_stall
1779257294.5209992,g5.hpc.coe,43337,0.5001,0,0.0,2035.0,12288.0,13944526351,14538198616,15577577,16385230,1289820,0,0,0,0,0,0,0,0,0,0,0,0,396,57,2,1,0,0,0,0,0,0,0,0,0,network_stall
1779257295.0211375,g5.hpc.coe,43337,0.5001,0,0.0,2035.0,12288.0,13944526789,14538198673,15577579,16385231,1289820,0,0,0,0,0,0,0,0,0,0,0,0,438,57,2,1,0,0,0,0,0,0,0,0,0,network_stall
1779257295.521273,g5.hpc.coe,43337,0.5001,0,0.0,2035.0,12288.0,13944527269,14538198730,15577581,16385232,1289820,0,0,0,0,0,0,0,0,0,0,0,0,480,57,2,1,0,0,0,0,0,0,0,0,0,network_stall
1779257296.0214045,g5.hpc.coe,43337,0.5001,0,0.0,2035.0,12288.0,13944527868,14538198842,15577585,16385234,1289820,0,0,0,0,0,0,0,0,0,0,0,0,599,112,4,2,0,0,0,0,0,0,0,0,0,network_stall
1779257296.5215404,g5.hpc.coe,43337,0.5001,0,0.0,2035.0,12288.0,13944528454,14538198921,15577588,16385236,1289820,0,0,0,0,0,0,0,0,0,0,0,0,586,79,3,2,0,0,0,0,0,0,0,0,0,network_stall
1779257297.0216372,g5.hpc.coe,43337,0.5001,0,10.0,2035.0,12288.0,13951484307,14545148756,15584606,16392247,1289821,0,0,0,0,0,0,0,0,0,0,0,0,6955853,6949835,7018,7011,1,0,0,0,0,0,0,0,0,network_stall
1779257297.5217698,g5.hpc.coe,43337,0.5001,0,67.0,2035.0,12288.0,13979266713,14572909271,15612535,16420166,1292035,0,0,0,0,0,0,0,0,0,0,0,0,27782406,27760515,27929,27919,2214,0,0,0,0,0,0,0,0,network_stall
1779257298.021887,g5.hpc.coe,43337,0.5001,0,0.0,2035.0,12288.0,13979267435,14572909350,15612538,16420168,1292035,0,0,0,0,0,0,0,0,0,0,0,0,722,79,3,2,0,0,0,0,0,0,0,0,0,network_stall
1779257298.522025,g5.hpc.coe,43337,0.5001,0,0.0,2035.0,12288.0,13979268199,14572909429,15612541,16420170,1292035,0,0,0,0,0,0,0,0,0,0,0,0,764,79,3,2,0,0,0,0,0,0,0,0,0,network_stall
1779257299.022156,g5.hpc.coe,43337,0.5001,0,0.0,2035.0,12288.0,13979269005,14572909508,15612544,16420172,1292035,0,0,0,0,0,0,0,0,0,0,0,0,806,79,3,2,0,0,0,0,0,0,0,0,0,network_stall
1779257299.5222917,g5.hpc.coe,43337,0.5001,0,0.0,2035.0,12288.0,13979269852,14572909587,15612547,16420174,1292035,0,0,0,0,0,0,0,0,0,0,0,0,847,79,3,2,0,0,0,0,0,0,0,0,0,network_stall
1779257300.022422,g5.hpc.coe,43337,0.5001,0,0.0,2035.0,12288.0,13979270741,14572909666,15612550,16420176,1292035,0,0,0,0,0,0,0,0,0,0,0,0,889,79,3,2,0,0,0,0,0,0,0,0,0,network_stall
1779257300.522562,g5.hpc.coe,43337,0.5001,0,0.0,2035.0,12288.0,13979271672,14572909745,15612553,16420178,1292035,0,0,0,0,0,0,0,0,0,0,0,0,931,79,3,2,0,0,0,0,0,0,0,0,0,network_stall
1779257301.022702,g5.hpc.coe,43337,0.5001,0,0.0,2035.0,12288.0,13979272722,14572909879,15612558,16420181,1292035,0,0,0,0,0,0,0,0,0,0,0,0,1050,134,5,3,0,0,0,0,0,0,0,0,0,network_stall
1779257301.5228155,g5.hpc.coe,43337,0.5001,0,89.0,2035.0,12288.0,13993866382,14587488680,15627312,16434924,1292039,0,0,0,0,0,0,0,0,0,0,0,0,14593660,14578801,14754,14743,4,0,0,0,0,0,0,0,0,network_stall
1779257302.022929,g5.hpc.coe,43337,0.5001,0,0.0,2035.0,12288.0,14014011763,14607620229,15647506,16455111,1292043,0,0,0,0,0,0,0,0,0,0,0,0,20145381,20131549,20194,20187,4,0,0,0,0,0,0,0,0,network_stall
1779257302.5230663,g5.hpc.coe,43337,0.5001,0,0.0,2035.0,12288.0,14014012894,14607620308,15647510,16455113,1292043,0,0,0,0,0,0,0,0,0,0,0,0,1131,79,4,2,0,0,0,0,0,0,0,0,0,network_stall
1779257303.023177,g5.hpc.coe,43337,0.5001,0,0.0,2035.0,12288.0,14014014067,14607620387,15647514,16455115,1292043,0,0,0,0,0,0,0,0,0,0,0,0,1173,79,4,2,0,0,0,0,0,0,0,0,0,network_stall
1779257303.5233076,g5.hpc.coe,43337,0.5001,0,0.0,2035.0,12288.0,14014014214,14607620444,15647516,16455116,1292043,0,0,0,0,0,0,0,0,0,0,0,0,147,57,2,1,0,0,0,0,0,0,0,0,0,network_stall
1779257304.0234408,g5.hpc.coe,43337,0.5001,0,0.0,2035.0,12288.0,14014015026,14607620948,15647533,16455125,1292043,0,0,0,0,0,0,0,0,0,0,0,0,812,504,17,9,0,0,0,0,0,0,0,0,0,network_stall
1779257304.5235739,g5.hpc.coe,43337,0.5001,0,0.0,2035.0,12288.0,14014015257,14607621005,15647535,16455126,1292043,0,0,0,0,0,0,0,0,0,0,0,0,231,57,2,1,0,0,0,0,0,0,0,0,0,network_stall
1779257305.0237107,g5.hpc.coe,43337,0.5001,0,0.0,2035.0,12288.0,14014015530,14607621062,15647537,16455127,1292043,0,0,0,0,0,0,0,0,0,0,0,0,273,57,2,1,0,0,0,0,0,0,0,0,0,network_stall
1779257305.5238392,g5.hpc.coe,43337,0.5001,0,68.0,2035.0,12288.0,14027918467,14621512912,15661543,16469122,1292465,0,0,0,0,0,0,0,0,0,0,0,0,13902937,13891850,14006,13995,422,0,0,0,0,0,0,0,0,network_stall
1779257306.02396,g5.hpc.coe,43337,0.5001,0,9.0,2035.0,12288.0,14048753151,14642331340,15682480,16490051,1292810,0,0,0,0,0,0,0,0,0,0,0,0,20834684,20818428,20937,20929,345,0,0,0,0,0,0,0,0,network_stall
1779257306.5240958,g5.hpc.coe,43337,0.5001,0,0.0,2035.0,12288.0,14048753638,14642331452,15682484,16490053,1292810,0,0,0,0,0,0,0,0,0,0,0,0,487,112,4,2,0,0,0,0,0,0,0,0,0,network_stall
1779257307.0242293,g5.hpc.coe,43337,0.5001,0,0.0,2035.0,12288.0,14048754090,14642331509,15682486,16490054,1292810,0,0,0,0,0,0,0,0,0,0,0,0,452,57,2,1,0,0,0,0,0,0,0,0,0,network_stall
1779257307.5243585,g5.hpc.coe,43337,0.5001,0,0.0,2035.0,12288.0,14048754584,14642331566,15682488,16490055,1292810,0,0,0,0,0,0,0,0,0,0,0,0,494,57,2,1,0,0,0,0,0,0,0,0,0,network_stall
1779257308.0244722,g5.hpc.coe,43337,0.5001,0,0.0,2035.0,12288.0,14048755120,14642331623,15682490,16490056,1292810,0,0,0,0,0,0,0,0,0,0,0,0,536,57,2,1,0,0,0,0,0,0,0,0,0,network_stall
1779257308.5245867,g5.hpc.coe,43337,0.5001,0,0.0,2035.0,12288.0,14048755720,14642331702,15682493,16490058,1292810,0,0,0,0,0,0,0,0,0,0,0,0,600,79,3,2,0,0,0,0,0,0,0,0,0,network_stall
1779257309.0247202,g5.hpc.coe,43337,0.5001,0,0.0,2035.0,12288.0,14048756362,14642331781,15682496,16490060,1292810,0,0,0,0,0,0,0,0,0,0,0,0,642,79,3,2,0,0,0,0,0,0,0,0,0,network_stall
1779257309.524864,g5.hpc.coe,43337,0.5001,0,47.0,2035.0,12288.0,14056402287,14649968552,15690260,16497819,1292811,0,0,0,0,0,0,0,0,0,0,0,0,7645925,7636771,7764,7759,1,0,0,0,0,0,0,0,0,network_stall
1779257310.02498,g5.hpc.coe,43337,0.5001,0,30.0,2035.0,12288.0,14083494761,14677042138,15717447,16524991,1292816,0,0,0,0,0,0,0,0,0,0,0,0,27092474,27073586,27187,27172,5,0,0,0,0,0,0,0,0,network_stall
1779257310.5251136,g5.hpc.coe,43337,0.5001,0,0.0,2035.0,12288.0,14083495537,14677042217,15717450,16524993,1292816,0,0,0,0,0,0,0,0,0,0,0,0,776,79,3,2,0,0,0,0,0,0,0,0,0,network_stall
1779257311.025243,g5.hpc.coe,43337,0.5001,0,0.0,2035.0,12288.0,14083496355,14677042296,15717453,16524995,1292816,0,0,0,0,0,0,0,0,0,0,0,0,818,79,3,2,0,0,0,0,0,0,0,0,0,network_stall
1779257311.5253985,g5.hpc.coe,43337,0.5002,0,0.0,2035.0,12288.0,14083497292,14677042430,15717458,16524998,1292816,0,0,0,0,0,0,0,0,0,0,0,0,937,134,5,3,0,0,0,0,0,0,0,0,0,network_stall
1779257312.0255315,g5.hpc.coe,43337,0.5001,0,0.0,2035.0,12288.0,14083498194,14677042509,15717461,16525000,1292816,0,0,0,0,0,0,0,0,0,0,0,0,902,79,3,2,0,0,0,0,0,0,0,0,0,network_stall
1779257312.525668,g5.hpc.coe,43337,0.5001,0,0.0,2035.0,12288.0,14083499138,14677042588,15717464,16525002,1292816,0,0,0,0,0,0,0,0,0,0,0,0,944,79,3,2,0,0,0,0,0,0,0,0,0,network_stall
1779257313.0257735,g5.hpc.coe,43337,0.5001,0,0.0,2035.0,12288.0,14083500124,14677042667,15717467,16525004,1292816,0,0,0,0,0,0,0,0,0,0,0,0,986,79,3,2,0,0,0,0,0,0,0,0,0,network_stall
1779257313.5259018,g5.hpc.coe,43337,0.5001,0,34.0,2035.0,12288.0,14090456391,14683992530,15724487,16532019,1293183,0,0,0,0,0,0,0,0,0,0,0,0,6956267,6949863,7020,7015,367,0,0,0,0,0,0,0,0,network_stall
1779257314.026006,g5.hpc.coe,43337,0.5001,0,42.0,2035.0,12288.0,14118239254,14711753024,15752422,16559935,1293186,0,0,0,0,0,0,0,0,0,0,0,0,27782863,27760494,27935,27916,3,0,0,0,0,0,0,0,0,network_stall
1779257314.526139,g5.hpc.coe,43337,0.5001,0,0.0,2035.0,12288.0,14118240397,14711753103,15752426,16559937,1293186,0,0,0,0,0,0,0,0,0,0,0,0,1143,79,4,2,0,0,0,0,0,0,0,0,0,network_stall
1779257315.0262697,g5.hpc.coe,43337,0.5001,0,0.0,2035.0,12288.0,14118241582,14711753182,15752430,16559939,1293186,0,0,0,0,0,0,0,0,0,0,0,0,1185,79,4,2,0,0,0,0,0,0,0,0,0,network_stall
1779257315.526405,g5.hpc.coe,43337,0.5001,0,0.0,2035.0,12288.0,14118241741,14711753239,15752432,16559940,1293186,0,0,0,0,0,0,0,0,0,0,0,0,159,57,2,1,0,0,0,0,0,0,0,0,0,network_stall
1779257316.0265293,g5.hpc.coe,43337,0.5001,0,0.0,2035.0,12288.0,14118241942,14711753296,15752434,16559941,1293186,0,0,0,0,0,0,0,0,0,0,0,0,201,57,2,1,0,0,0,0,0,0,0,0,0,network_stall
1779257316.5266666,g5.hpc.coe,43337,0.5001,0,0.0,2035.0,12288.0,14118242262,14711753408,15752438,16559943,1293186,0,0,0,0,0,0,0,0,0,0,0,0,320,112,4,2,0,0,0,0,0,0,0,0,0,network_stall
1779257317.026789,g5.hpc.coe,43337,0.5001,0,0.0,2035.0,12288.0,14118242547,14711753465,15752440,16559944,1293186,0,0,0,0,0,0,0,0,0,0,0,0,285,57,2,1,0,0,0,0,0,0,0,0,0,network_stall
1779257317.5268936,g5.hpc.coe,43337,0.5001,0,17.0,2035.0,12288.0,14118940795,14713502943,15753225,16561743,1293187,0,0,0,0,0,0,0,0,0,0,0,0,698248,1749478,785,1799,1,0,0,0,0,0,0,0,0,network_stall
1779257318.0270092,g5.hpc.coe,43337,0.5001,0,60.0,2035.0,12288.0,14152980295,14746463701,15787398,16594862,1293615,0,0,0,0,0,0,0,0,0,0,0,0,34039500,32960758,34173,33119,428,0,0,0,0,0,0,0,0,network_stall
1779257318.527147,g5.hpc.coe,43337,0.5001,0,0.0,2035.0,12288.0,14152980715,14746463758,15787400,16594863,1293615,0,0,0,0,0,0,0,0,0,0,0,0,420,57,2,1,0,0,0,0,0,0,0,0,0,network_stall
1779257319.0272794,g5.hpc.coe,43337,0.5001,0,0.0,2035.0,12288.0,14152981800,14746464262,15787417,16594872,1293615,0,0,0,0,0,0,0,0,0,0,0,0,1085,504,17,9,0,0,0,0,0,0,0,0,0,network_stall
1779257319.5274122,g5.hpc.coe,43337,0.5001,0,0.0,2035.0,12288.0,14152982305,14746464319,15787419,16594873,1293615,0,0,0,0,0,0,0,0,0,0,0,0,505,57,2,1,0,0,0,0,0,0,0,0,0,network_stall
1779257320.0275276,g5.hpc.coe,43337,0.5001,0,0.0,2035.0,12288.0,14152982874,14746464398,15787422,16594875,1293615,0,0,0,0,0,0,0,0,0,0,0,0,569,79,3,2,0,0,0,0,0,0,0,0,0,network_stall
1779257320.5276484,g5.hpc.coe,43337,0.5001,0,0.0,2035.0,12288.0,14152983485,14746464477,15787425,16594877,1293615,0,0,0,0,0,0,0,0,0,0,0,0,611,79,3,2,0,0,0,0,0,0,0,0,0,network_stall
1779257321.0277681,g5.hpc.coe,43337,0.5001,0,0.0,2035.0,12288.0,14152984138,14746464556,15787428,16594879,1293615,0,0,0,0,0,0,0,0,0,0,0,0,653,79,3,2,0,0,0,0,0,0,0,0,0,network_stall
1779257321.5278733,g5.hpc.coe,43337,0.5001,0,0.0,2035.0,12288.0,14152992808,14746642408,15787469,16595077,1293615,0,0,0,0,0,0,0,0,0,0,0,0,8670,177852,41,198,0,0,0,0,0,0,0,0,0,network_stall
1779257322.0280013,g5.hpc.coe,43337,0.5001,0,81.0,2035.0,12288.0,14187722655,14781174947,15822384,16629808,1294039,0,0,0,0,0,0,0,0,0,0,0,0,34729847,34532539,34915,34731,424,0,0,0,0,0,0,0,0,network_stall
1779257322.5281343,g5.hpc.coe,43337,0.5001,0,0.0,2035.0,12288.0,14187723698,14781175281,15822392,16629815,1294039,0,0,0,0,0,0,0,0,0,0,0,0,1043,334,8,7,0,0,0,0,0,0,0,0,0,network_stall
1779257323.0282512,g5.hpc.coe,43337,0.5001,0,0.0,2035.0,12288.0,14187724549,14781175360,15822396,16629817,1294039,0,0,0,0,0,0,0,0,0,0,0,0,851,79,4,2,0,0,0,0,0,0,0,0,0,network_stall
1779257323.5283823,g5.hpc.coe,43337,0.5001,0,0.0,2035.0,12288.0,14187725420,14781175439,15822399,16629819,1294039,0,0,0,0,0,0,0,0,0,0,0,0,871,79,3,2,0,0,0,0,0,0,0,0,0,network_stall
1779257324.0285256,g5.hpc.coe,43337,0.5001,0,0.0,2035.0,12288.0,14187726333,14781175518,15822402,16629821,1294039,0,0,0,0,0,0,0,0,0,0,0,0,913,79,3,2,0,0,0,0,0,0,0,0,0,network_stall
1779257324.5286672,g5.hpc.coe,43337,0.5001,0,0.0,2035.0,12288.0,14187727288,14781175597,15822405,16629823,1294039,0,0,0,0,0,0,0,0,0,0,0,0,955,79,3,2,0,0,0,0,0,0,0,0,0,network_stall
1779257325.0288,g5.hpc.coe,43337,0.5001,0,0.0,2035.0,12288.0,14187728285,14781175676,15822408,16629825,1294039,0,0,0,0,0,0,0,0,0,0,0,0,997,79,3,2,0,0,0,0,0,0,0,0,0,network_stall
1779257325.528916,g5.hpc.coe,43337,0.5001,0,0.0,2035.0,12288.0,14187729323,14781175755,15822411,16629827,1294039,0,0,0,0,0,0,0,0,0,0,0,0,1038,79,3,2,0,0,0,0,0,0,0,0,0,network_stall
1779257326.0290463,g5.hpc.coe,43337,0.5001,0,100.0,2035.0,12288.0,14222467438,14815886012,15857364,16664753,1294790,0,0,0,0,0,0,0,0,0,0,0,0,34738115,34710257,34953,34926,751,0,0,0,0,0,0,0,0,network_stall
1779257326.5291815,g5.hpc.coe,43337,0.5001,0,0.0,2035.0,12288.0,14222468588,14815886091,15857368,16664755,1294790,0,0,0,0,0,0,0,0,0,0,0,0,1150,79,4,2,0,0,0,0,0,0,0,0,0,network_stall
1779257327.029308,g5.hpc.coe,43337,0.5001,0,0.0,2035.0,12288.0,14222468767,14815886203,15857371,16664757,1294790,0,0,0,0,0,0,0,0,0,0,0,0,179,112,3,2,0,0,0,0,0,0,0,0,0,network_stall
1779257327.5294478,g5.hpc.coe,43337,0.5001,0,0.0,2035.0,12288.0,14222468933,14815886260,15857373,16664758,1294790,0,0,0,0,0,0,0,0,0,0,0,0,166,57,2,1,0,0,0,0,0,0,0,0,0,network_stall
1779257328.0295498,g5.hpc.coe,43337,0.5001,0,0.0,2035.0,12288.0,14222469141,14815886317,15857375,16664759,1294790,0,0,0,0,0,0,0,0,0,0,0,0,208,57,2,1,0,0,0,0,0,0,0,0,0,network_stall
1779257328.5296931,g5.hpc.coe,43337,0.5001,0,0.0,2035.0,12288.0,14222469391,14815886374,15857377,16664760,1294790,0,0,0,0,0,0,0,0,0,0,0,0,250,57,2,1,0,0,0,0,0,0,0,0,0,network_stall
1779257329.029824,g5.hpc.coe,43337,0.5001,0,0.0,2035.0,12288.0,14222469683,14815886431,15857379,16664761,1294790,0,0,0,0,0,0,0,0,0,0,0,0,292,57,2,1,0,0,0,0,0,0,0,0,0,network_stall
1779257329.5299542,g5.hpc.coe,43337,0.5001,0,0.0,2035.0,12288.0,14222470017,14815886488,15857381,16664762,1294790,0,0,0,0,0,0,0,0,0,0,0,0,334,57,2,1,0,0,0,0,0,0,0,0,0,network_stall
1779257330.0300796,g5.hpc.coe,43337,0.5001,0,100.0,2035.0,12288.0,14250957902,14844349390,15886122,16693481,1294797,0,0,0,0,0,0,0,0,0,0,0,0,28487885,28462902,28741,28719,7,0,0,0,0,0,0,0,0,network_stall
1779257330.530214,g5.hpc.coe,43337,0.5001,0,0.0,2035.0,12288.0,14257207871,14850596829,15892340,16699695,1294797,0,0,0,0,0,0,0,0,0,0,0,0,6249969,6247439,6218,6214,0,0,0,0,0,0,0,0,0,network_stall
1779257331.0303597,g5.hpc.coe,43337,0.5001,0,0.0,2035.0,12288.0,14257208339,14850596886,15892342,16699696,1294797,0,0,0,0,0,0,0,0,0,0,0,0,468,57,2,1,0,0,0,0,0,0,0,0,0,network_stall
1779257331.530474,g5.hpc.coe,43337,0.5001,0,0.0,2035.0,12288.0,14257208849,14850596943,15892344,16699697,1294797,0,0,0,0,0,0,0,0,0,0,0,0,510,57,2,1,0,0,0,0,0,0,0,0,0,network_stall
1779257332.0305986,g5.hpc.coe,43337,0.5001,0,0.0,2035.0,12288.0,14257209500,14850597077,15892349,16699700,1294797,0,0,0,0,0,0,0,0,0,0,0,0,651,134,5,3,0,0,0,0,0,0,0,0,0,network_stall
1779257332.5307136,g5.hpc.coe,43337,0.5001,0,0.0,2035.0,12288.0,14257210116,14850597156,15892352,16699702,1294797,0,0,0,0,0,0,0,0,0,0,0,0,616,79,3,2,0,0,0,0,0,0,0,0,0,network_stall
1779257333.0308657,g5.hpc.coe,43337,0.5002,0,0.0,2035.0,12288.0,14257210774,14850597235,15892355,16699704,1294797,0,0,0,0,0,0,0,0,0,0,0,0,658,79,3,2,0,0,0,0,0,0,0,0,0,network_stall
1779257333.5310032,g5.hpc.coe,43337,0.5001,0,0.0,2035.0,12288.0,14257211474,14850597314,15892358,16699706,1294797,0,0,0,0,0,0,0,0,0,0,0,0,700,79,3,2,0,0,0,0,0,0,0,0,0,network_stall
1779257334.031131,g5.hpc.coe,43337,0.5001,0,100.0,2035.0,12288.0,14285147262,14878566154,15920781,16728188,1294801,0,0,0,0,0,0,0,0,0,0,0,0,27935788,27968840,28423,28482,4,0,0,0,0,0,0,0,0,network_stall
1779257334.53127,g5.hpc.coe,43337,0.5001,0,0.0,2035.0,12288.0,14291950536,14885308090,15927313,16734641,1294802,0,0,0,0,0,0,0,0,0,0,0,0,6803274,6741936,6532,6453,1,0,0,0,0,0,0,0,0,network_stall
1779257335.0314116,g5.hpc.coe,43337,0.5001,0,0.0,2035.0,12288.0,14291951371,14885308169,15927316,16734643,1294802,0,0,0,0,0,0,0,0,0,0,0,0,835,79,3,2,0,0,0,0,0,0,0,0,0,network_stall
1779257335.5315435,g5.hpc.coe,43337,0.5001,0,0.0,2035.0,12288.0,14291952248,14885308248,15927319,16734645,1294802,0,0,0,0,0,0,0,0,0,0,0,0,877,79,3,2,0,0,0,0,0,0,0,0,0,network_stall
1779257336.0316842,g5.hpc.coe,43337,0.5001,0,0.0,2035.0,12288.0,14291953167,14885308327,15927322,16734647,1294802,0,0,0,0,0,0,0,0,0,0,0,0,919,79,3,2,0,0,0,0,0,0,0,0,0,network_stall
1779257336.5318139,g5.hpc.coe,43337,0.5001,0,0.0,2035.0,12288.0,14291954128,14885308406,15927325,16734649,1294802,0,0,0,0,0,0,0,0,0,0,0,0,961,79,3,2,0,0,0,0,0,0,0,0,0,network_stall
1779257337.0319343,g5.hpc.coe,43337,0.5001,0,0.0,2035.0,12288.0,14291955208,14885308540,15927330,16734652,1294802,0,0,0,0,0,0,0,0,0,0,0,0,1080,134,5,3,0,0,0,0,0,0,0,0,0,network_stall
1779257337.5320735,g5.hpc.coe,43337,0.5001,0,0.0,2035.0,12288.0,14291956253,14885308619,15927333,16734654,1294802,0,0,0,0,0,0,0,0,0,0,0,0,1045,79,3,2,0,0,0,0,0,0,0,0,0,network_stall
1779257338.0321994,g5.hpc.coe,43337,0.5001,0,100.0,2035.0,12288.0,14313497390,14906829485,15949075,16756386,1295775,0,0,0,0,0,0,0,0,0,0,0,0,21541137,21520866,21742,21732,973,0,0,0,0,0,0,0,0,network_stall
1779257338.53234,g5.hpc.coe,43337,0.5001,0,0.0,2035.0,12288.0,14326695490,14920019025,15962284,16769592,1296997,0,0,0,0,0,0,0,0,0,0,0,0,13198100,13189540,13209,13206,1222,0,0,0,0,0,0,0,0,network_stall
1779257339.0324569,g5.hpc.coe,43337,0.5001,0,0.0,2035.0,12288.0,14326695626,14920019082,15962286,16769593,1296997,0,0,0,0,0,0,0,0,0,0,0,0,136,57,2,1,0,0,0,0,0,0,0,0,0,network_stall
1779257339.5325956,g5.hpc.coe,43337,0.5001,0,0.0,2035.0,12288.0,14326695804,14920019139,15962288,16769594,1296997,0,0,0,0,0,0,0,0,0,0,0,0,178,57,2,1,0,0,0,0,0,0,0,0,0,network_stall
1779257340.0327315,g5.hpc.coe,43337,0.5001,0,0.0,2035.0,12288.0,14326696024,14920019196,15962290,16769595,1296997,0,0,0,0,0,0,0,0,0,0,0,0,220,57,2,1,0,0,0,0,0,0,0,0,0,network_stall
1779257340.5328913,g5.hpc.coe,43337,0.5002,0,0.0,2035.0,12288.0,14326696286,14920019253,15962292,16769596,1296997,0,0,0,0,0,0,0,0,0,0,0,0,262,57,2,1,0,0,0,0,0,0,0,0,0,network_stall
1779257341.0330305,g5.hpc.coe,43337,0.5001,0,0.0,2035.0,12288.0,14326696590,14920019310,15962294,16769597,1296997,0,0,0,0,0,0,0,0,0,0,0,0,304,57,2,1,0,0,0,0,0,0,0,0,0,network_stall
1779257341.5331664,g5.hpc.coe,43337,0.5001,0,0.0,2035.0,12288.0,14326696936,14920019367,15962296,16769598,1296997,0,0,0,0,0,0,0,0,0,0,0,0,346,57,2,1,0,0,0,0,0,0,0,0,0,network_stall
1779257342.0332916,g5.hpc.coe,43337,0.5001,0,100.0,2035.0,12288.0,14348237457,14941540259,15984042,16791329,1297002,0,0,0,0,0,0,0,0,0,0,0,0,21540521,21520892,21746,21731,5,0,0,0,0,0,0,0,0,network_stall
1779257342.5334432,g5.hpc.coe,43337,0.5002,0,0.0,2035.0,12288.0,14361434828,14954729749,15997248,16804530,1297004,0,0,0,0,0,0,0,0,0,0,0,0,13197371,13189490,13206,13201,2,0,0,0,0,0,0,0,0,network_stall
1779257343.0335689,g5.hpc.coe,43337,0.5001,0,0.0,2035.0,12288.0,14361435310,14954729806,15997250,16804531,1297004,0,0,0,0,0,0,0,0,0,0,0,0,482,57,2,1,0,0,0,0,0,0,0,0,0,network_stall
1779257343.533688,g5.hpc.coe,43337,0.5001,0,0.0,2035.0,12288.0,14361435834,14954729863,15997252,16804532,1297004,0,0,0,0,0,0,0,0,0,0,0,0,524,57,2,1,0,0,0,0,0,0,0,0,0,network_stall
1779257344.0338254,g5.hpc.coe,43337,0.5001,0,0.0,2035.0,12288.0,14361436422,14954729942,15997255,16804534,1297004,0,0,0,0,0,0,0,0,0,0,0,0,588,79,3,2,0,0,0,0,0,0,0,0,0,network_stall
1779257344.533959,g5.hpc.coe,43337,0.5001,0,0.0,2035.0,12288.0,14361437052,14954730021,15997258,16804536,1297004,0,0,0,0,0,0,0,0,0,0,0,0,630,79,3,2,0,0,0,0,0,0,0,0,0,network_stall
1779257345.0341,g5.hpc.coe,43337,0.5001,0,0.0,2035.0,12288.0,14361437724,14954730100,15997261,16804538,1297004,0,0,0,0,0,0,0,0,0,0,0,0,672,79,3,2,0,0,0,0,0,0,0,0,0,network_stall
1779257345.5342329,g5.hpc.coe,43337,0.5001,0,0.0,2035.0,12288.0,14361438437,14954730179,15997264,16804540,1297004,0,0,0,0,0,0,0,0,0,0,0,0,713,79,3,2,0,0,0,0,0,0,0,0,0,network_stall
1779257346.0343554,g5.hpc.coe,43337,0.5001,0,80.0,2035.0,12288.0,14377120744,14970604976,16013552,16820928,1297122,0,0,0,0,0,0,0,0,0,0,0,0,15682307,15874797,16288,16388,118,0,0,0,0,0,0,0,0,network_stall
1779257346.534493,g5.hpc.coe,43337,0.5001,0,0.0,2035.0,12288.0,14396177007,14989440515,16032219,16839468,1297469,0,0,0,0,0,0,0,0,0,0,0,0,19056263,18835539,18667,18540,347,0,0,0,0,0,0,0,0,network_stall
1779257347.0346332,g5.hpc.coe,43337,0.5001,0,0.0,2035.0,12288.0,14396177856,14989440594,16032222,16839470,1297469,0,0,0,0,0,0,0,0,0,0,0,0,849,79,3,2,0,0,0,0,0,0,0,0,0,network_stall
1779257347.5347714,g5.hpc.coe,43337,0.5001,0,0.0,2035.0,12288.0,14396178747,14989440673,16032225,16839472,1297469,0,0,0,0,0,0,0,0,0,0,0,0,891,79,3,2,0,0,0,0,0,0,0,0,0,network_stall
1779257348.034904,g5.hpc.coe,43337,0.5001,0,0.0,2035.0,12288.0,14396179680,14989440752,16032228,16839474,1297469,0,0,0,0,0,0,0,0,0,0,0,0,933,79,3,2,0,0,0,0,0,0,0,0,0,network_stall
1779257348.5350375,g5.hpc.coe,43337,0.5001,0,0.0,2035.0,12288.0,14396180655,14989440831,16032231,16839476,1297469,0,0,0,0,0,0,0,0,0,0,0,0,975,79,3,2,0,0,0,0,0,0,0,0,0,network_stall
1779257349.0351777,g5.hpc.coe,43337,0.5001,0,0.0,2035.0,12288.0,14396182295,14989441357,16032249,16839486,1297469,0,0,0,0,0,0,0,0,0,0,0,0,1640,526,18,10,0,0,0,0,0,0,0,0,0,network_stall
1779257349.5352914,g5.hpc.coe,43337,0.5001,0,0.0,2035.0,12288.0,14396183355,14989441436,16032252,16839488,1297469,0,0,0,0,0,0,0,0,0,0,0,0,1060,79,3,2,0,0,0,0,0,0,0,0,0,network_stall
1779257350.0354166,g5.hpc.coe,43337,0.5001,0,58.0,2035.0,12288.0,14410777145,15004020258,16047010,16854234,1297470,0,0,0,0,0,0,0,0,0,0,0,0,14593790,14578822,14758,14746,1,0,0,0,0,0,0,0,0,network_stall
1779257350.5355544,g5.hpc.coe,43337,0.5001,0,19.0,2035.0,12288.0,14430922677,15024151807,16067211,16874421,1297471,0,0,0,0,0,0,0,0,0,0,0,0,20145532,20131549,20201,20187,1,0,0,0,0,0,0,0,0,network_stall
1779257351.0356884,g5.hpc.coe,43337,0.5001,0,0.0,2035.0,12288.0,14430922827,15024151864,16067213,16874422,1297471,0,0,0,0,0,0,0,0,0,0,0,0,150,57,2,1,0,0,0,0,0,0,0,0,0,network_stall
1779257351.5358233,g5.hpc.coe,43337,0.5001,0,0.0,2035.0,12288.0,14430923019,15024151921,16067215,16874423,1297471,0,0,0,0,0,0,0,0,0,0,0,0,192,57,2,1,0,0,0,0,0,0,0,0,0,network_stall
1779257352.035954,g5.hpc.coe,43337,0.5001,0,0.0,2035.0,12288.0,14430923253,15024151978,16067217,16874424,1297471,0,0,0,0,0,0,0,0,0,0,0,0,234,57,2,1,0,0,0,0,0,0,0,0,0,network_stall
1779257352.53607,g5.hpc.coe,43337,0.5001,0,0.0,2035.0,12288.0,14430923606,15024152090,16067221,16874426,1297471,0,0,0,0,0,0,0,0,0,0,0,0,353,112,4,2,0,0,0,0,0,0,0,0,0,network_stall
1779257353.036207,g5.hpc.coe,43337,0.5001,0,0.0,2035.0,12288.0,14430923924,15024152147,16067223,16874427,1297471,0,0,0,0,0,0,0,0,0,0,0,0,318,57,2,1,0,0,0,0,0,0,0,0,0,network_stall
1779257353.5363483,g5.hpc.coe,43337,0.5001,0,0.0,2035.0,12288.0,14430924284,15024152204,16067225,16874428,1297471,0,0,0,0,0,0,0,0,0,0,0,0,360,57,2,1,0,0,0,0,0,0,0,0,0,network_stall
1779257354.0364938,g5.hpc.coe,43337,0.5001,0,42.0,2035.0,12288.0,14444827336,15038044089,16081235,16888428,1299041,0,0,0,0,0,0,0,0,0,0,0,0,13903052,13891885,14010,14000,1570,0,0,0,0,0,0,0,0,network_stall
1779257354.5366263,g5.hpc.coe,43337,0.5001,0,34.0,2035.0,12288.0,14465662155,15058862517,16102179,16909357,1299045,0,0,0,0,0,0,0,0,0,0,0,0,20834819,20818428,20944,20929,4,0,0,0,0,0,0,0,0,network_stall
1779257355.0367672,g5.hpc.coe,43337,0.5001,0,0.0,2035.0,12288.0,14465662651,15058862574,16102181,16909358,1299045,0,0,0,0,0,0,0,0,0,0,0,0,496,57,2,1,0,0,0,0,0,0,0,0,0,network_stall
1779257355.5369036,g5.hpc.coe,43337,0.5001,0,0.0,2035.0,12288.0,14465663189,15058862631,16102183,16909359,1299045,0,0,0,0,0,0,0,0,0,0,0,0,538,57,2,1,0,0,0,0,0,0,0,0,0,network_stall
1779257356.0370452,g5.hpc.coe,43337,0.5001,0,0.0,2035.0,12288.0,14465663791,15058862710,16102186,16909361,1299045,0,0,0,0,0,0,0,0,0,0,0,0,602,79,3,2,0,0,0,0,0,0,0,0,0,network_stall
1779257356.5371778,g5.hpc.coe,43337,0.5001,0,0.0,2035.0,12288.0,14465664435,15058862789,16102189,16909363,1299045,0,0,0,0,0,0,0,0,0,0,0,0,644,79,3,2,0,0,0,0,0,0,0,0,0,network_stall
1779257357.0373144,g5.hpc.coe,43337,0.5001,0,0.0,2035.0,12288.0,14465665121,15058862868,16102192,16909365,1299045,0,0,0,0,0,0,0,0,0,0,0,0,686,79,3,2,0,0,0,0,0,0,0,0,0,network_stall
1779257357.5374508,g5.hpc.coe,43337,0.5001,0,0.0,2035.0,12288.0,14465665926,15058863002,16102197,16909368,1299045,0,0,0,0,0,0,0,0,0,0,0,0,805,134,5,3,0,0,0,0,0,0,0,0,0,network_stall
1779257358.037552,g5.hpc.coe,43337,0.5001,0,27.0,2035.0,12288.0,14473311980,15066499759,16109967,16917125,1299311,0,0,0,0,0,0,0,0,0,0,0,0,7646054,7636757,7770,7757,266,0,0,0,0,0,0,0,0,network_stall
1779257358.5376813,g5.hpc.coe,43337,0.5001,0,50.0,2035.0,12288.0,14500404471,15093573373,16137144,16944301,1299319,0,0,0,0,0,0,0,0,0,0,0,0,27092491,27073614,27177,27176,8,0,0,0,0,0,0,0,0,network_stall
1779257359.0378253,g5.hpc.coe,43337,0.5001,0,0.0,2035.0,12288.0,14500405335,15093573452,16137147,16944303,1299319,0,0,0,0,0,0,0,0,0,0,0,0,864,79,3,2,0,0,0,0,0,0,0,0,0,network_stall
1779257359.537961,g5.hpc.coe,43337,0.5001,0,0.0,2035.0,12288.0,14500406241,15093573531,16137150,16944305,1299319,0,0,0,0,0,0,0,0,0,0,0,0,906,79,3,2,0,0,0,0,0,0,0,0,0,network_stall
1779257360.0380938,g5.hpc.coe,43337,0.5001,0,0.0,2035.0,12288.0,14500407189,15093573610,16137153,16944307,1299319,0,0,0,0,0,0,0,0,0,0,0,0,948,79,3,2,0,0,0,0,0,0,0,0,0,network_stall
1779257360.538223,g5.hpc.coe,43337,0.5001,0,0.0,2035.0,12288.0,14500408179,15093573689,16137156,16944309,1299319,0,0,0,0,0,0,0,0,0,0,0,0,990,79,3,2,0,0,0,0,0,0,0,0,0,network_stall
1779257361.0383658,g5.hpc.coe,43337,0.5001,0,0.0,2035.0,12288.0,14500409210,15093573768,16137159,16944311,1299319,0,0,0,0,0,0,0,0,0,0,0,0,1031,79,3,2,0,0,0,0,0,0,0,0,0,network_stall
1779257361.5384943,g5.hpc.coe,43337,0.5001,0,0.0,2035.0,12288.0,14500410306,15093573847,16137163,16944313,1299319,0,0,0,0,0,0,0,0,0,0,0,0,1096,79,4,2,0,0,0,0,0,0,0,0,0,network_stall
1779257362.0386167,g5.hpc.coe,43337,0.5001,0,5.0,2035.0,12288.0,14507366697,15100523689,16144186,16951325,1299939,0,0,0,0,0,0,0,0,0,0,0,0,6956391,6949842,7023,7012,620,0,0,0,0,0,0,0,0,network_stall
1779257362.5387464,g5.hpc.coe,43337,0.5001,0,72.0,2035.0,12288.0,14535149718,15128284245,16172122,16979243,1299942,0,0,0,0,0,0,0,0,0,0,0,0,27783021,27760556,27936,27918,3,0,0,0,0,0,0,0,0,network_stall
1779257363.038875,g5.hpc.coe,43337,0.5001,0,0.0,2035.0,12288.0,14535149881,15128284302,16172124,16979244,1299942,0,0,0,0,0,0,0,0,0,0,0,0,163,57,2,1,0,0,0,0,0,0,0,0,0,network_stall
1779257363.5389907,g5.hpc.coe,43337,0.5001,0,0.0,2035.0,12288.0,14535150086,15128284359,16172126,16979245,1299942,0,0,0,0,0,0,0,0,0,0,0,0,205,57,2,1,0,0,0,0,0,0,0,0,0,network_stall
1779257364.0391243,g5.hpc.coe,43337,0.5001,0,0.0,2035.0,12288.0,14535150956,15128284863,16172143,16979254,1299942,0,0,0,0,0,0,0,0,0,0,0,0,870,504,17,9,0,0,0,0,0,0,0,0,0,network_stall
1779257364.5392516,g5.hpc.coe,43337,0.5001,0,0.0,2035.0,12288.0,14535151245,15128284920,16172145,16979255,1299942,0,0,0,0,0,0,0,0,0,0,0,0,289,57,2,1,0,0,0,0,0,0,0,0,0,network_stall
1779257365.039387,g5.hpc.coe,43337,0.5001,0,0.0,2035.0,12288.0,14535151576,15128284977,16172147,16979256,1299942,0,0,0,0,0,0,0,0,0,0,0,0,331,57,2,1,0,0,0,0,0,0,0,0,0,network_stall
1779257365.5395203,g5.hpc.coe,43337,0.5001,0,0.0,2035.0,12288.0,14535151949,15128285034,16172149,16979257,1299942,0,0,0,0,0,0,0,0,0,0,0,0,373,57,2,1,0,0,0,0,0,0,0,0,0,network_stall
1779257366.0396214,g5.hpc.coe,43337,0.5001,0,0.0,2035.0,12288.0,14535850278,15130034519,16172933,16981057,1299942,0,0,0,0,0,0,0,0,0,0,0,0,698329,1749485,784,1800,0,0,0,0,0,0,0,0,0,network_stall
1779257366.5397518,g5.hpc.coe,43337,0.5001,0,93.0,2035.0,12288.0,14569889774,15162995312,16207093,17014181,1299950,0,0,0,0,0,0,0,0,0,0,0,0,34039496,32960793,34160,33124,8,0,0,0,0,0,0,0,0,network_stall
1779257367.0398908,g5.hpc.coe,43337,0.5001,0,0.0,2035.0,12288.0,14569890281,15162995369,16207095,17014182,1299950,0,0,0,0,0,0,0,0,0,0,0,0,507,57,2,1,0,0,0,0,0,0,0,0,0,network_stall
1779257367.5400293,g5.hpc.coe,43337,0.5001,0,0.0,2035.0,12288.0,14569890907,15162995503,16207099,17014185,1299950,0,0,0,0,0,0,0,0,0,0,0,0,626,134,4,3,0,0,0,0,0,0,0,0,0,network_stall
1779257368.0401604,g5.hpc.coe,43337,0.5001,0,0.0,2035.0,12288.0,14569891543,15162995582,16207103,17014187,1299950,0,0,0,0,0,0,0,0,0,0,0,0,636,79,4,2,0,0,0,0,0,0,0,0,0,network_stall
1779257368.5403001,g5.hpc.coe,43337,0.5001,0,0.0,2035.0,12288.0,14569892199,15162995661,16207106,17014189,1299950,0,0,0,0,0,0,0,0,0,0,0,0,656,79,3,2,0,0,0,0,0,0,0,0,0,network_stall
1779257369.040446,g5.hpc.coe,43337,0.5001,0,0.0,2035.0,12288.0,14569892897,15162995740,16207109,17014191,1299950,0,0,0,0,0,0,0,0,0,0,0,0,698,79,3,2,0,0,0,0,0,0,0,0,0,network_stall
1779257369.540577,g5.hpc.coe,43337,0.5001,0,0.0,2035.0,12288.0,14569893636,15162995819,16207112,17014193,1299950,0,0,0,0,0,0,0,0,0,0,0,0,739,79,3,2,0,0,0,0,0,0,0,0,0,network_stall
1779257370.0406892,g5.hpc.coe,43337,0.5001,0,0.0,2035.0,12288.0,14569902315,15163173623,16207151,17014391,1299950,0,0,0,0,0,0,0,0,0,0,0,0,8679,177804,39,198,0,0,0,0,0,0,0,0,0,network_stall
1779257370.5408335,g5.hpc.coe,43337,0.5001,0,100.0,2035.0,12288.0,14604632276,15197706176,16242070,17049124,1299957,0,0,0,0,0,0,0,0,0,0,0,0,34729961,34532553,34919,34733,7,0,0,0,0,0,0,0,0,network_stall
1779257371.0409667,g5.hpc.coe,43337,0.5001,0,0.0,2035.0,12288.0,14604633148,15197706255,16242073,17049126,1299957,0,0,0,0,0,0,0,0,0,0,0,0,872,79,3,2,0,0,0,0,0,0,0,0,0,network_stall
1779257371.5411096,g5.hpc.coe,43337,0.5001,0,0.0,2035.0,12288.0,14604634062,15197706334,16242076,17049128,1299957,0,0,0,0,0,0,0,0,0,0,0,0,914,79,3,2,0,0,0,0,0,0,0,0,0,network_stall
1779257372.0412428,g5.hpc.coe,43337,0.5001,0,0.0,2035.0,12288.0,14604635018,15197706413,16242079,17049130,1299957,0,0,0,0,0,0,0,0,0,0,0,0,956,79,3,2,0,0,0,0,0,0,0,0,0,network_stall
1779257372.541384,g5.hpc.coe,43337,0.5001,0,0.0,2035.0,12288.0,14604636016,15197706492,16242082,17049132,1299957,0,0,0,0,0,0,0,0,0,0,0,0,998,79,3,2,0,0,0,0,0,0,0,0,0,network_stall
1779257373.0414903,g5.hpc.coe,43337,0.5001,0,0.0,2035.0,12288.0,14604637133,15197706626,16242087,17049135,1299957,0,0,0,0,0,0,0,0,0,0,0,0,1117,134,5,3,0,0,0,0,0,0,0,0,0,network_stall
1779257373.541617,g5.hpc.coe,43337,0.5001,0,0.0,2035.0,12288.0,14604638238,15197706705,16242091,17049137,1299957,0,0,0,0,0,0,0,0,0,0,0,0,1105,79,4,2,0,0,0,0,0,0,0,0,0,network_stall
1779257374.0417361,g5.hpc.coe,43337,0.5001,0,0.0,2035.0,12288.0,14604639385,15197706784,16242095,17049139,1299957,0,0,0,0,0,0,0,0,0,0,0,0,1147,79,4,2,0,0,0,0,0,0,0,0,0,network_stall
1779257374.541836,g5.hpc.coe,43337,0.5001,0,100.0,2035.0,12288.0,14633128076,15226169645,16270837,17077850,1299962,0,0,0,0,0,0,0,0,0,0,0,0,28488691,28462861,28742,28711,5,0,0,0,0,0,0,0,0,network_stall
1779257375.0419502,g5.hpc.coe,43337,0.5001,0,0.0,2035.0,12288.0,14639377769,15232417091,16277052,17084065,1299966,0,0,0,0,0,0,0,0,0,0,0,0,6249693,6247446,6215,6215,4,0,0,0,0,0,0,0,0,network_stall
1779257375.5420926,g5.hpc.coe,43337,0.5001,0,0.0,2035.0,12288.0,14639377983,15232417148,16277054,17084066,1299966,0,0,0,0,0,0,0,0,0,0,0,0,214,57,2,1,0,0,0,0,0,0,0,0,0,network_stall
1779257376.0422037,g5.hpc.coe,43337,0.5001,0,0.0,2035.0,12288.0,14639378239,15232417205,16277056,17084067,1299966,0,0,0,0,0,0,0,0,0,0,0,0,256,57,2,1,0,0,0,0,0,0,0,0,0,network_stall
1779257376.5423393,g5.hpc.coe,43337,0.5001,0,0.0,2035.0,12288.0,14639378537,15232417262,16277058,17084068,1299966,0,0,0,0,0,0,0,0,0,0,0,0,298,57,2,1,0,0,0,0,0,0,0,0,0,network_stall
1779257377.0424562,g5.hpc.coe,43337,0.5001,0,0.0,2035.0,12288.0,14639378877,15232417319,16277060,17084069,1299966,0,0,0,0,0,0,0,0,0,0,0,0,340,57,2,1,0,0,0,0,0,0,0,0,0,network_stall
1779257377.5426047,g5.hpc.coe,43337,0.5001,0,0.0,2035.0,12288.0,14639379259,15232417376,16277062,17084070,1299966,0,0,0,0,0,0,0,0,0,0,0,0,382,57,2,1,0,0,0,0,0,0,0,0,0,network_stall
1779257378.0427463,g5.hpc.coe,43337,0.5001,0,0.0,2035.0,12288.0,14639379760,15232417488,16277066,17084072,1299966,0,0,0,0,0,0,0,0,0,0,0,0,501,112,4,2,0,0,0,0,0,0,0,0,0,network_stall
1779257378.54284,g5.hpc.coe,43337,0.5001,0,100.0,2035.0,12288.0,14667867707,15260880257,16305803,17112772,1300098,0,0,0,0,0,0,0,0,0,0,0,0,28487947,28462769,28737,28700,132,0,0,0,0,0,0,0,0,network_stall
1779257379.0429566,g5.hpc.coe,43337,0.5001,0,0.0,2035.0,12288.0,14674118361,15267128143,16312032,17118994,1300098,0,0,0,0,0,0,0,0,0,0,0,0,6250654,6247886,6229,6222,0,0,0,0,0,0,0,0,0,network_stall
1779257379.5430923,g5.hpc.coe,43337,0.5001,0,0.0,2035.0,12288.0,14674118942,15267128222,16312035,17118996,1300098,0,0,0,0,0,0,0,0,0,0,0,0,581,79,3,2,0,0,0,0,0,0,0,0,0,network_stall
1779257380.0432065,g5.hpc.coe,43337,0.5001,0,0.0,2035.0,12288.0,14674119565,15267128301,16312038,17118998,1300098,0,0,0,0,0,0,0,0,0,0,0,0,623,79,3,2,0,0,0,0,0,0,0,0,0,network_stall
1779257380.5433483,g5.hpc.coe,43337,0.5001,0,0.0,2035.0,12288.0,14674120230,15267128380,16312041,17119000,1300098,0,0,0,0,0,0,0,0,0,0,0,0,665,79,3,2,0,0,0,0,0,0,0,0,0,network_stall
1779257381.0434854,g5.hpc.coe,43337,0.5001,0,0.0,2035.0,12288.0,14674120937,15267128459,16312044,17119002,1300098,0,0,0,0,0,0,0,0,0,0,0,0,707,79,3,2,0,0,0,0,0,0,0,0,0,network_stall
1779257381.5435996,g5.hpc.coe,43337,0.5001,0,0.0,2035.0,12288.0,14674121686,15267128538,16312047,17119004,1300098,0,0,0,0,0,0,0,0,0,0,0,0,749,79,3,2,0,0,0,0,0,0,0,0,0,network_stall
1779257382.043736,g5.hpc.coe,43337,0.5001,0,0.0,2035.0,12288.0,14674122477,15267128617,16312050,17119006,1300098,0,0,0,0,0,0,0,0,0,0,0,0,791,79,3,2,0,0,0,0,0,0,0,0,0,network_stall
1779257382.5438383,g5.hpc.coe,43337,0.5001,0,8.0,2035.0,12288.0,14674821474,15268878379,16312839,17120812,1300178,0,0,0,0,0,0,0,0,0,0,0,0,698997,1749762,789,1806,80,0,0,0,0,0,0,0,0,network_stall
1779257383.0439425,g5.hpc.coe,43337,0.5001,0,69.0,2035.0,12288.0,14708861501,15301839228,16347005,17153935,1300325,0,0,0,0,0,0,0,0,0,0,0,0,34040027,32960849,34166,33123,147,0,0,0,0,0,0,0,0,network_stall
1779257383.5440972,g5.hpc.coe,43337,0.5002,0,0.0,2035.0,12288.0,14708862427,15301839307,16347008,17153937,1300325,0,0,0,0,0,0,0,0,0,0,0,0,926,79,3,2,0,0,0,0,0,0,0,0,0,network_stall
1779257384.0442367,g5.hpc.coe,43337,0.5001,0,0.0,2035.0,12288.0,14708863395,15301839386,16347011,17153939,1300325,0,0,0,0,0,0,0,0,0,0,0,0,968,79,3,2,0,0,0,0,0,0,0,0,0,network_stall
1779257384.544349,g5.hpc.coe,43337,0.5001,0,0.0,2035.0,12288.0,14708864405,15301839465,16347014,17153941,1300325,0,0,0,0,0,0,0,0,0,0,0,0,1010,79,3,2,0,0,0,0,0,0,0,0,0,network_stall
1779257385.0444932,g5.hpc.coe,43337,0.5001,0,0.0,2035.0,12288.0,14708865457,15301839544,16347017,17153943,1300325,0,0,0,0,0,0,0,0,0,0,0,0,1052,79,3,2,0,0,0,0,0,0,0,0,0,network_stall
1779257385.54463,g5.hpc.coe,43337,0.5001,0,0.0,2035.0,12288.0,14708866573,15301839623,16347021,17153945,1300325,0,0,0,0,0,0,0,0,0,0,0,0,1116,79,4,2,0,0,0,0,0,0,0,0,0,network_stall
1779257386.0447636,g5.hpc.coe,43337,0.5001,0,0.0,2035.0,12288.0,14708867731,15301839702,16347025,17153947,1300325,0,0,0,0,0,0,0,0,0,0,0,0,1158,79,4,2,0,0,0,0,0,0,0,0,0,network_stall
1779257386.544886,g5.hpc.coe,43337,0.5001,0,0.0,2035.0,12288.0,14708875761,15302017463,16347063,17154141,1300325,0,0,0,0,0,0,0,0,0,0,0,0,8030,177761,38,194,0,0,0,0,0,0,0,0,0,network_stall
1779257387.0450094,g5.hpc.coe,43337,0.5001,0,89.0,2035.0,12288.0,14743605073,15336550008,16381981,17188875,1300332,0,0,0,0,0,0,0,0,0,0,0,0,34729312,34532545,34918,34734,7,0,0,0,0,0,0,0,0,network_stall
1779257387.5451233,g5.hpc.coe,43337,0.5001,0,0.0,2035.0,12288.0,14743605296,15336550065,16381983,17188876,1300332,0,0,0,0,0,0,0,0,0,0,0,0,223,57,2,1,0,0,0,0,0,0,0,0,0,network_stall
1779257388.0452466,g5.hpc.coe,43337,0.5001,0,0.0,2035.0,12288.0,14743605638,15336550177,16381987,17188878,1300332,0,0,0,0,0,0,0,0,0,0,0,0,342,112,4,2,0,0,0,0,0,0,0,0,0,network_stall
1779257388.5453784,g5.hpc.coe,43337,0.5001,0,0.0,2035.0,12288.0,14743605945,15336550234,16381989,17188879,1300332,0,0,0,0,0,0,0,0,0,0,0,0,307,57,2,1,0,0,0,0,0,0,0,0,0,network_stall
1779257389.0455143,g5.hpc.coe,43337,0.5001,0,0.0,2035.0,12288.0,14743606294,15336550291,16381991,17188880,1300332,0,0,0,0,0,0,0,0,0,0,0,0,349,57,2,1,0,0,0,0,0,0,0,0,0,network_stall
1779257389.545651,g5.hpc.coe,43337,0.5001,0,0.0,2035.0,12288.0,14743606685,15336550348,16381993,17188881,1300332,0,0,0,0,0,0,0,0,0,0,0,0,391,57,2,1,0,0,0,0,0,0,0,0,0,network_stall
1779257390.0457864,g5.hpc.coe,43337,0.5001,0,0.0,2035.0,12288.0,14743607118,15336550405,16381995,17188882,1300332,0,0,0,0,0,0,0,0,0,0,0,0,433,57,2,1,0,0,0,0,0,0,0,0,0,network_stall
1779257390.5459056,g5.hpc.coe,43337,0.5001,0,0.0,2035.0,12288.0,14743607593,15336550462,16381997,17188883,1300332,0,0,0,0,0,0,0,0,0,0,0,0,475,57,2,1,0,0,0,0,0,0,0,0,0,network_stall
1779257391.0460005,g5.hpc.coe,43337,0.5001,0,100.0,2035.0,12288.0,14778345053,15371260683,16416938,17223806,1300339,0,0,0,0,0,0,0,0,0,0,0,0,34737460,34710221,34941,34923,7,0,0,0,0,0,0,0,0,network_stall
1779257391.5461295,g5.hpc.coe,43337,0.5001,0,0.0,2035.0,12288.0,14778345639,15371260762,16416941,17223808,1300339,0,0,0,0,0,0,0,0,0,0,0,0,586,79,3,2,0,0,0,0,0,0,0,0,0,network_stall
1779257392.0462816,g5.hpc.coe,43337,0.5002,0,0.0,2035.0,12288.0,14778346267,15371260841,16416944,17223810,1300339,0,0,0,0,0,0,0,0,0,0,0,0,628,79,3,2,0,0,0,0,0,0,0,0,0,network_stall
1779257392.546414,g5.hpc.coe,43337,0.5001,0,0.0,2035.0,12288.0,14778346937,15371260920,16416947,17223812,1300339,0,0,0,0,0,0,0,0,0,0,0,0,670,79,3,2,0,0,0,0,0,0,0,0,0,network_stall
1779257393.0465567,g5.hpc.coe,43337,0.5001,0,0.0,2035.0,12288.0,14778347649,15371260999,16416950,17223814,1300339,0,0,0,0,0,0,0,0,0,0,0,0,712,79,3,2,0,0,0,0,0,0,0,0,0,network_stall
1779257393.5466738,g5.hpc.coe,43337,0.5001,0,0.0,2035.0,12288.0,14778348480,15371261133,16416955,17223817,1300339,0,0,0,0,0,0,0,0,0,0,0,0,831,134,5,3,0,0,0,0,0,0,0,0,0,network_stall
1779257394.0468078,g5.hpc.coe,43337,0.5001,0,0.0,2035.0,12288.0,14778349899,15371261659,16416973,17223827,1300339,0,0,0,0,0,0,0,0,0,0,0,0,1419,526,18,10,0,0,0,0,0,0,0,0,0,network_stall
1779257394.546941,g5.hpc.coe,43337,0.5001,0,0.0,2035.0,12288.0,14778350738,15371261738,16416976,17223829,1300339,0,0,0,0,0,0,0,0,0,0,0,0,839,79,3,2,0,0,0,0,0,0,0,0,0,network_stall
1779257395.0470376,g5.hpc.coe,43337,0.5001,0,100.0,2035.0,12288.0,14806839065,15399724627,16445709,17252544,1300493,0,0,0,0,0,0,0,0,0,0,0,0,28488327,28462889,28733,28715,154,0,0,0,0,0,0,0,0,network_stall
1779257395.5471513,g5.hpc.coe,43337,0.5001,0,0.0,2035.0,12288.0,14813089539,15405972067,16451928,17258756,1300493,0,0,0,0,0,0,0,0,0,0,0,0,6250474,6247440,6219,6212,0,0,0,0,0,0,0,0,0,network_stall
1779257396.0472655,g5.hpc.coe,43337,0.5001,0,0.0,2035.0,12288.0,14813090513,15405972146,16451931,17258758,1300493,0,0,0,0,0,0,0,0,0,0,0,0,974,79,3,2,0,0,0,0,0,0,0,0,0,network_stall
1779257396.5474012,g5.hpc.coe,43337,0.5001,0,0.0,2035.0,12288.0,14813091529,15405972225,16451934,17258760,1300493,0,0,0,0,0,0,0,0,0,0,0,0,1016,79,3,2,0,0,0,0,0,0,0,0,0,network_stall
1779257397.0475342,g5.hpc.coe,43337,0.5001,0,0.0,2035.0,12288.0,14813092587,15405972304,16451937,17258762,1300493,0,0,0,0,0,0,0,0,0,0,0,0,1058,79,3,2,0,0,0,0,0,0,0,0,0,network_stall
1779257397.5476685,g5.hpc.coe,43337,0.5001,0,0.0,2035.0,12288.0,14813093710,15405972383,16451941,17258764,1300493,0,0,0,0,0,0,0,0,0,0,0,0,1123,79,4,2,0,0,0,0,0,0,0,0,0,network_stall
1779257398.0478094,g5.hpc.coe,43337,0.5001,0,0.0,2035.0,12288.0,14813094875,15405972462,16451945,17258766,1300493,0,0,0,0,0,0,0,0,0,0,0,0,1165,79,4,2,0,0,0,0,0,0,0,0,0,network_stall
1779257398.547949,g5.hpc.coe,43337,0.5001,0,0.0,2035.0,12288.0,14813095091,15405972574,16451949,17258768,1300493,0,0,0,0,0,0,0,0,0,0,0,0,216,112,4,2,0,0,0,0,0,0,0,0,0,network_stall
1779257399.04805,g5.hpc.coe,43337,0.5001,0,100.0,2035.0,12288.0,14840892695,15433748512,16479934,17286735,1300764,0,0,0,0,0,0,0,0,0,0,0,0,27797604,27775938,27985,27967,271,0,0,0,0,0,0,0,0,network_stall
1779257399.5481994,g5.hpc.coe,43337,0.5001,0,0.0,2035.0,12288.0,14847832471,15440682852,16486896,17293692,1300764,0,0,0,0,0,0,0,0,0,0,0,0,6939776,6934340,6962,6957,0,0,0,0,0,0,0,0,0,network_stall
1779257400.0483336,g5.hpc.coe,43337,0.5001,0,0.0,2035.0,12288.0,14847832745,15440682909,16486898,17293693,1300764,0,0,0,0,0,0,0,0,0,0,0,0,274,57,2,1,0,0,0,0,0,0,0,0,0,network_stall
1779257400.5484602,g5.hpc.coe,43337,0.5001,0,0.0,2035.0,12288.0,14847833061,15440682966,16486900,17293694,1300764,0,0,0,0,0,0,0,0,0,0,0,0,316,57,2,1,0,0,0,0,0,0,0,0,0,network_stall
1779257401.0485907,g5.hpc.coe,43337,0.5001,0,0.0,2035.0,12288.0,14847833419,15440683023,16486902,17293695,1300764,0,0,0,0,0,0,0,0,0,0,0,0,358,57,2,1,0,0,0,0,0,0,0,0,0,network_stall
1779257401.5487268,g5.hpc.coe,43337,0.5001,0,0.0,2035.0,12288.0,14847833819,15440683080,16486904,17293696,1300764,0,0,0,0,0,0,0,0,0,0,0,0,400,57,2,1,0,0,0,0,0,0,0,0,0,network_stall
1779257402.0488682,g5.hpc.coe,43337,0.5001,0,0.0,2035.0,12288.0,14847834261,15440683137,16486906,17293697,1300764,0,0,0,0,0,0,0,0,0,0,0,0,442,57,2,1,0,0,0,0,0,0,0,0,0,network_stall
1779257402.548982,g5.hpc.coe,43337,0.5001,0,0.0,2035.0,12288.0,14847834745,15440683194,16486908,17293698,1300764,0,0,0,0,0,0,0,0,0,0,0,0,484,57,2,1,0,0,0,0,0,0,0,0,0,network_stall
1779257403.0490742,g5.hpc.coe,43337,0.5001,0,100.0,2035.0,12288.0,14869375334,15462203996,16508653,17315423,1301204,0,0,0,0,0,0,0,0,0,0,0,0,21540589,21520802,21745,21725,440,0,0,0,0,0,0,0,0,network_stall
1779257403.5491853,g5.hpc.coe,43337,0.5001,0,0.0,2035.0,12288.0,14882572971,15475393542,16521866,17328623,1301208,0,0,0,0,0,0,0,0,0,0,0,0,13197637,13189546,13213,13200,4,0,0,0,0,0,0,0,0,network_stall
1779257404.0493305,g5.hpc.coe,43337,0.5001,0,0.0,2035.0,12288.0,14882573613,15475393621,16521869,17328625,1301208,0,0,0,0,0,0,0,0,0,0,0,0,642,79,3,2,0,0,0,0,0,0,0,0,0,network_stall
1779257404.549463,g5.hpc.coe,43337,0.5001,0,0.0,2035.0,12288.0,14882574297,15475393700,16521872,17328627,1301208,0,0,0,0,0,0,0,0,0,0,0,0,684,79,3,2,0,0,0,0,0,0,0,0,0,network_stall
1779257405.049592,g5.hpc.coe,43337,0.5001,0,0.0,2035.0,12288.0,14882575023,15475393779,16521875,17328629,1301208,0,0,0,0,0,0,0,0,0,0,0,0,726,79,3,2,0,0,0,0,0,0,0,0,0,network_stall
1779257405.5497348,g5.hpc.coe,43337,0.5001,0,0.0,2035.0,12288.0,14882575791,15475393858,16521878,17328631,1301208,0,0,0,0,0,0,0,0,0,0,0,0,768,79,3,2,0,0,0,0,0,0,0,0,0,network_stall
1779257406.0498676,g5.hpc.coe,43337,0.5001,0,0.0,2035.0,12288.0,14882576601,15475393937,16521881,17328633,1301208,0,0,0,0,0,0,0,0,0,0,0,0,810,79,3,2,0,0,0,0,0,0,0,0,0,network_stall
1779257406.5499985,g5.hpc.coe,43337,0.5001,0,0.0,2035.0,12288.0,14882577453,15475394016,16521884,17328635,1301208,0,0,0,0,0,0,0,0,0,0,0,0,852,79,3,2,0,0,0,0,0,0,0,0,0,network_stall
1779257407.0500927,g5.hpc.coe,43337,0.5001,0,99.0,2035.0,12288.0,14903428394,15496227946,16542884,17349619,1302430,0,0,0,0,0,0,0,0,0,0,0,0,20850941,20833930,21000,20984,1222,0,0,0,0,0,0,0,0,network_stall
1779257407.550233,g5.hpc.coe,43337,0.5001,0,0.0,2035.0,12288.0,14917316267,15510104359,16556834,17363564,1302433,0,0,0,0,0,0,0,0,0,0,0,0,13887873,13876413,13950,13945,3,0,0,0,0,0,0,0,0,network_stall
1779257408.050381,g5.hpc.coe,43337,0.5001,0,0.0,2035.0,12288.0,14917317255,15510104438,16556837,17363566,1302433,0,0,0,0,0,0,0,0,0,0,0,0,988,79,3,2,0,0,0,0,0,0,0,0,0,network_stall
1779257408.5505133,g5.hpc.coe,43337,0.5001,0,0.0,2035.0,12288.0,14917318362,15510104572,16556842,17363569,1302433,0,0,0,0,0,0,0,0,0,0,0,0,1107,134,5,3,0,0,0,0,0,0,0,0,0,network_stall
1779257409.0506532,g5.hpc.coe,43337,0.5001,0,0.0,2035.0,12288.0,14917320079,15510105098,16556861,17363579,1302433,0,0,0,0,0,0,0,0,0,0,0,0,1717,526,19,10,0,0,0,0,0,0,0,0,0,network_stall
1779257409.5508,g5.hpc.coe,43337,0.5001,0,0.0,2035.0,12288.0,14917321216,15510105177,16556865,17363581,1302433,0,0,0,0,0,0,0,0,0,0,0,0,1137,79,4,2,0,0,0,0,0,0,0,0,0,network_stall
1779257410.0509381,g5.hpc.coe,43337,0.5001,0,0.0,2035.0,12288.0,14917322395,15510105256,16556869,17363583,1302433,0,0,0,0,0,0,0,0,0,0,0,0,1179,79,4,2,0,0,0,0,0,0,0,0,0,network_stall
1779257410.5510736,g5.hpc.coe,43337,0.5001,0,0.0,2035.0,12288.0,14917322548,15510105313,16556871,17363584,1302433,0,0,0,0,0,0,0,0,0,0,0,0,153,57,2,1,0,0,0,0,0,0,0,0,0,network_stall
1779257411.05117,g5.hpc.coe,43337,0.5001,0,79.0,2035.0,12288.0,14931915416,15524684078,16571628,17378324,1302496,0,0,0,0,0,0,0,0,0,0,0,0,14592868,14578765,14757,14740,63,0,0,0,0,0,0,0,0,network_stall
1779257411.5513144,g5.hpc.coe,43337,0.5001,0,0.0,2035.0,12288.0,14952060040,15544815598,16591830,17398509,1302499,0,0,0,0,0,0,0,0,0,0,0,0,20144624,20131520,20202,20185,3,0,0,0,0,0,0,0,0,network_stall
1779257412.0514657,g5.hpc.coe,43337,0.5002,0,0.0,2035.0,12288.0,14952060329,15544815655,16591832,17398510,1302499,0,0,0,0,0,0,0,0,0,0,0,0,289,57,2,1,0,0,0,0,0,0,0,0,0,network_stall
1779257412.5516062,g5.hpc.coe,43337,0.5001,0,0.0,2035.0,12288.0,14952060660,15544815712,16591834,17398511,1302499,0,0,0,0,0,0,0,0,0,0,0,0,331,57,2,1,0,0,0,0,0,0,0,0,0,network_stall
1779257413.0517168,g5.hpc.coe,43337,0.5001,0,0.0,2035.0,12288.0,14952061033,15544815769,16591836,17398512,1302499,0,0,0,0,0,0,0,0,0,0,0,0,373,57,2,1,0,0,0,0,0,0,0,0,0,network_stall
1779257413.5518317,g5.hpc.coe,43337,0.5001,0,0.0,2035.0,12288.0,14952061448,15544815826,16591838,17398513,1302499,0,0,0,0,0,0,0,0,0,0,0,0,415,57,2,1,0,0,0,0,0,0,0,0,0,network_stall
1779257414.0519946,g5.hpc.coe,43337,0.5002,0,0.0,2035.0,12288.0,14952061982,15544815938,16591842,17398515,1302499,0,0,0,0,0,0,0,0,0,0,0,0,534,112,4,2,0,0,0,0,0,0,0,0,0,network_stall
1779257414.5521345,g5.hpc.coe,43337,0.5001,0,0.0,2035.0,12288.0,14952062481,15544815995,16591844,17398516,1302499,0,0,0,0,0,0,0,0,0,0,0,0,499,57,2,1,0,0,0,0,0,0,0,0,0,network_stall
1779257415.0522327,g5.hpc.coe,43337,0.5001,0,59.0,2035.0,12288.0,14965965693,15558707845,16605857,17412511,1303198,0,0,0,0,0,0,0,0,0,0,0,0,13903212,13891850,14013,13995,699,0,0,0,0,0,0,0,0,network_stall
1779257415.552377,g5.hpc.coe,43337,0.5001,0,18.0,2035.0,12288.0,14986800617,15579526351,16626794,17433449,1303200,0,0,0,0,0,0,0,0,0,0,0,0,20834924,20818506,20937,20938,2,0,0,0,0,0,0,0,0,network_stall
1779257416.0525117,g5.hpc.coe,43337,0.5001,0,0.0,2035.0,12288.0,14986801274,15579526430,16626797,17433451,1303200,0,0,0,0,0,0,0,0,0,0,0,0,657,79,3,2,0,0,0,0,0,0,0,0,0,network_stall
1779257416.552637,g5.hpc.coe,43337,0.5001,0,0.0,2035.0,12288.0,14986801973,15579526509,16626800,17433453,1303200,0,0,0,0,0,0,0,0,0,0,0,0,699,79,3,2,0,0,0,0,0,0,0,0,0,network_stall
1779257417.0527508,g5.hpc.coe,43337,0.5001,0,0.0,2035.0,12288.0,14986802714,15579526588,16626803,17433455,1303200,0,0,0,0,0,0,0,0,0,0,0,0,741,79,3,2,0,0,0,0,0,0,0,0,0,network_stall
1779257417.5528977,g5.hpc.coe,43337,0.5001,0,0.0,2035.0,12288.0,14986803497,15579526667,16626806,17433457,1303200,0,0,0,0,0,0,0,0,0,0,0,0,783,79,3,2,0,0,0,0,0,0,0,0,0,network_stall
1779257418.0529885,g5.hpc.coe,43337,0.5001,0,0.0,2035.0,12288.0,14986804322,15579526746,16626809,17433459,1303200,0,0,0,0,0,0,0,0,0,0,0,0,825,79,3,2,0,0,0,0,0,0,0,0,0,network_stall
1779257418.5531023,g5.hpc.coe,43337,0.5001,0,0.0,2035.0,12288.0,14986805189,15579526825,16626812,17433461,1303200,0,0,0,0,0,0,0,0,0,0,0,0,867,79,3,2,0,0,0,0,0,0,0,0,0,network_stall
1779257419.053195,g5.hpc.coe,43337,0.5001,0,42.0,2035.0,12288.0,14994451458,15587163679,16634584,17441225,1303201,0,0,0,0,0,0,0,0,0,0,0,0,7646269,7636854,7772,7764,1,0,0,0,0,0,0,0,0,network_stall
1779257419.5532975,g5.hpc.coe,43337,0.5001,0,42.0,2035.0,12288.0,15021544171,15614237307,16661773,17468403,1303207,0,0,0,0,0,0,0,0,0,0,0,0,27092713,27073628,27189,27178,6,0,0,0,0,0,0,0,0,network_stall
1779257420.0534406,g5.hpc.coe,43337,0.5001,0,0.0,2035.0,12288.0,15021545173,15614237386,16661776,17468405,1303207,0,0,0,0,0,0,0,0,0,0,0,0,1002,79,3,2,0,0,0,0,0,0,0,0,0,network_stall
1779257420.5535722,g5.hpc.coe,43337,0.5001,0,0.0,2035.0,12288.0,15021546217,15614237465,16661779,17468407,1303207,0,0,0,0,0,0,0,0,0,0,0,0,1044,79,3,2,0,0,0,0,0,0,0,0,0,network_stall
1779257421.0537124,g5.hpc.coe,43337,0.5001,0,0.0,2035.0,12288.0,15021547325,15614237544,16661783,17468409,1303207,0,0,0,0,0,0,0,0,0,0,0,0,1108,79,4,2,0,0,0,0,0,0,0,0,0,network_stall
1779257421.5538683,g5.hpc.coe,43337,0.5002,0,0.0,2035.0,12288.0,15021548475,15614237623,16661787,17468411,1303207,0,0,0,0,0,0,0,0,0,0,0,0,1150,79,4,2,0,0,0,0,0,0,0,0,0,network_stall
1779257422.0540109,g5.hpc.coe,43337,0.5001,0,0.0,2035.0,12288.0,15021548600,15614237680,16661789,17468412,1303207,0,0,0,0,0,0,0,0,0,0,0,0,125,57,2,1,0,0,0,0,0,0,0,0,0,network_stall
1779257422.554142,g5.hpc.coe,43337,0.5001,0,0.0,2035.0,12288.0,15021548767,15614237737,16661791,17468413,1303207,0,0,0,0,0,0,0,0,0,0,0,0,167,57,2,1,0,0,0,0,0,0,0,0,0,network_stall
1779257423.0542386,g5.hpc.coe,43337,0.5001,0,22.0,2035.0,12288.0,15029194265,15621874465,16669561,17476168,1303559,0,0,0,0,0,0,0,0,0,0,0,0,7645498,7636728,7770,7755,352,0,0,0,0,0,0,0,0,network_stall
1779257423.5543702,g5.hpc.coe,43337,0.5001,0,54.0,2035.0,12288.0,15056286159,15648948050,16696732,17503342,1303565,0,0,0,0,0,0,0,0,0,0,0,0,27091894,27073585,27171,27174,6,0,0,0,0,0,0,0,0,network_stall
1779257424.054497,g5.hpc.coe,43337,0.5001,0,0.0,2035.0,12288.0,15056287161,15648948609,16696751,17503352,1303565,0,0,0,0,0,0,0,0,0,0,0,0,1002,559,19,10,0,0,0,0,0,0,0,0,0,network_stall
1779257424.5546365,g5.hpc.coe,43337,0.5001,0,0.0,2035.0,12288.0,15056287506,15648948666,16696753,17503353,1303565,0,0,0,0,0,0,0,0,0,0,0,0,345,57,2,1,0,0,0,0,0,0,0,0,0,network_stall
1779257425.0547795,g5.hpc.coe,43337,0.5001,0,0.0,2035.0,12288.0,15056287893,15648948723,16696755,17503354,1303565,0,0,0,0,0,0,0,0,0,0,0,0,387,57,2,1,0,0,0,0,0,0,0,0,0,network_stall
1779257425.554916,g5.hpc.coe,43337,0.5001,0,0.0,2035.0,12288.0,15056288322,15648948780,16696757,17503355,1303565,0,0,0,0,0,0,0,0,0,0,0,0,429,57,2,1,0,0,0,0,0,0,0,0,0,network_stall
1779257426.0550535,g5.hpc.coe,43337,0.5001,0,0.0,2035.0,12288.0,15056288792,15648948837,16696759,17503356,1303565,0,0,0,0,0,0,0,0,0,0,0,0,470,57,2,1,0,0,0,0,0,0,0,0,0,network_stall
1779257426.5551877,g5.hpc.coe,43337,0.5001,0,0.0,2035.0,12288.0,15056289304,15648948894,16696761,17503357,1303565,0,0,0,0,0,0,0,0,0,0,0,0,512,57,2,1,0,0,0,0,0,0,0,0,0,network_stall
1779257427.055287,g5.hpc.coe,43337,0.5001,0,13.0,2035.0,12288.0,15061022153,15654166773,16702106,17508940,1303738,0,0,0,0,0,0,0,0,0,0,0,0,4732849,5217879,5345,5583,173,0,0,0,0,0,0,0,0,network_stall
1779257427.5554209,g5.hpc.coe,43337,0.5001,0,64.0,2035.0,12288.0,15091027467,15683659223,16731709,17538284,1303747,0,0,0,0,0,0,0,0,0,0,0,0,30005314,29492450,29603,29344,9,0,0,0,0,0,0,0,0,network_stall
1779257428.0555587,g5.hpc.coe,43337,0.5001,0,0.0,2035.0,12288.0,15091028137,15683659302,16731712,17538286,1303747,0,0,0,0,0,0,0,0,0,0,0,0,670,79,3,2,0,0,0,0,0,0,0,0,0,network_stall
1779257428.5556922,g5.hpc.coe,43337,0.5001,0,0.0,2035.0,12288.0,15091028849,15683659381,16731715,17538288,1303747,0,0,0,0,0,0,0,0,0,0,0,0,712,79,3,2,0,0,0,0,0,0,0,0,0,network_stall
1779257429.05583,g5.hpc.coe,43337,0.5001,0,0.0,2035.0,12288.0,15091029680,15683659515,16731720,17538291,1303747,0,0,0,0,0,0,0,0,0,0,0,0,831,134,5,3,0,0,0,0,0,0,0,0,0,network_stall
1779257429.5559676,g5.hpc.coe,43337,0.5001,0,0.0,2035.0,12288.0,15091030475,15683659594,16731723,17538293,1303747,0,0,0,0,0,0,0,0,0,0,0,0,795,79,3,2,0,0,0,0,0,0,0,0,0,network_stall
1779257430.0561016,g5.hpc.coe,43337,0.5001,0,0.0,2035.0,12288.0,15091031312,15683659673,16731726,17538295,1303747,0,0,0,0,0,0,0,0,0,0,0,0,837,79,3,2,0,0,0,0,0,0,0,0,0,network_stall
1779257430.5562372,g5.hpc.coe,43337,0.5001,0,0.0,2035.0,12288.0,15091032191,15683659752,16731729,17538297,1303747,0,0,0,0,0,0,0,0,0,0,0,0,879,79,3,2,0,0,0,0,0,0,0,0,0,network_stall
1779257431.0563376,g5.hpc.coe,43337,0.5001,0,0.0,2035.0,12288.0,15091731033,15685409266,16732515,17540099,1303748,0,0,0,0,0,0,0,0,0,0,0,0,698842,1749514,786,1802,1,0,0,0,0,0,0,0,0,network_stall
1779257431.5564723,g5.hpc.coe,43337,0.5001,0,84.0,2035.0,12288.0,15125771036,15718370151,16766676,17573234,1303756,0,0,0,0,0,0,0,0,0,0,0,0,34040003,32960885,34161,33135,8,0,0,0,0,0,0,0,0,network_stall
1779257432.0566025,g5.hpc.coe,43337,0.5001,0,0.0,2035.0,12288.0,15125772050,15718370230,16766679,17573236,1303756,0,0,0,0,0,0,0,0,0,0,0,0,1014,79,3,2,0,0,0,0,0,0,0,0,0,network_stall
1779257432.5567412,g5.hpc.coe,43337,0.5001,0,0.0,2035.0,12288.0,15125773106,15718370309,16766682,17573238,1303756,0,0,0,0,0,0,0,0,0,0,0,0,1056,79,3,2,0,0,0,0,0,0,0,0,0,network_stall
1779257433.056877,g5.hpc.coe,43337,0.5001,0,0.0,2035.0,12288.0,15125774226,15718370388,16766686,17573240,1303756,0,0,0,0,0,0,0,0,0,0,0,0,1120,79,4,2,0,0,0,0,0,0,0,0,0,network_stall
1779257433.5570235,g5.hpc.coe,43337,0.5001,0,0.0,2035.0,12288.0,15125775388,15718370467,16766690,17573242,1303756,0,0,0,0,0,0,0,0,0,0,0,0,1162,79,4,2,0,0,0,0,0,0,0,0,0,network_stall
1779257434.0571582,g5.hpc.coe,43337,0.5001,0,0.0,2035.0,12288.0,15125775524,15718370524,16766692,17573243,1303756,0,0,0,0,0,0,0,0,0,0,0,0,136,57,2,1,0,0,0,0,0,0,0,0,0,network_stall
1779257434.5572958,g5.hpc.coe,43337,0.5001,0,0.0,2035.0,12288.0,15125775757,15718370636,16766695,17573245,1303756,0,0,0,0,0,0,0,0,0,0,0,0,233,112,3,2,0,0,0,0,0,0,0,0,0,network_stall
1779257435.0574315,g5.hpc.coe,43337,0.5001,0,0.0,2035.0,12288.0,15125783876,15718548411,16766733,17573441,1303756,0,0,0,0,0,0,0,0,0,0,0,0,8119,177775,38,196,0,0,0,0,0,0,0,0,0,network_stall
1779257435.5575747,g5.hpc.coe,43337,0.5001,0,100.0,2035.0,12288.0,15160513270,15753080893,16801650,17608166,1303763,0,0,0,0,0,0,0,0,0,0,0,0,34729394,34532482,34917,34725,7,0,0,0,0,0,0,0,0,network_stall
1779257436.0577033,g5.hpc.coe,43337,0.5001,0,0.0,2035.0,12288.0,15160513582,15753080950,16801652,17608167,1303763,0,0,0,0,0,0,0,0,0,0,0,0,312,57,2,1,0,0,0,0,0,0,0,0,0,network_stall
1779257436.5578372,g5.hpc.coe,43337,0.5001,0,0.0,2035.0,12288.0,15160513936,15753081007,16801654,17608168,1303763,0,0,0,0,0,0,0,0,0,0,0,0,354,57,2,1,0,0,0,0,0,0,0,0,0,network_stall
1779257437.0579522,g5.hpc.coe,43337,0.5001,0,0.0,2035.0,12288.0,15160514332,15753081064,16801656,17608169,1303763,0,0,0,0,0,0,0,0,0,0,0,0,396,57,2,1,0,0,0,0,0,0,0,0,0,network_stall
1779257437.558087,g5.hpc.coe,43337,0.5001,0,0.0,2035.0,12288.0,15160514770,15753081121,16801658,17608170,1303763,0,0,0,0,0,0,0,0,0,0,0,0,438,57,2,1,0,0,0,0,0,0,0,0,0,network_stall
1779257438.0582223,g5.hpc.coe,43337,0.5001,0,0.0,2035.0,12288.0,15160515250,15753081178,16801660,17608171,1303763,0,0,0,0,0,0,0,0,0,0,0,0,480,57,2,1,0,0,0,0,0,0,0,0,0,network_stall
1779257438.558355,g5.hpc.coe,43337,0.5001,0,0.0,2035.0,12288.0,15160515772,15753081235,16801662,17608172,1303763,0,0,0,0,0,0,0,0,0,0,0,0,522,57,2,1,0,0,0,0,0,0,0,0,0,network_stall
1779257439.05848,g5.hpc.coe,43337,0.5001,0,0.0,2035.0,12288.0,15160516980,15753081761,16801680,17608182,1303763,0,0,0,0,0,0,0,0,0,0,0,0,1208,526,18,10,0,0,0,0,0,0,0,0,0,network_stall
1779257439.5585825,g5.hpc.coe,43337,0.5001,0,100.0,2035.0,12288.0,15195254656,15787792080,16836628,17643110,1304000,0,0,0,0,0,0,0,0,0,0,0,0,34737676,34710319,34948,34928,237,0,0,0,0,0,0,0,0,network_stall
1779257440.0586944,g5.hpc.coe,43337,0.5001,0,0.0,2035.0,12288.0,15195255332,15787792159,16836631,17643112,1304000,0,0,0,0,0,0,0,0,0,0,0,0,676,79,3,2,0,0,0,0,0,0,0,0,0,network_stall
1779257440.5588315,g5.hpc.coe,43337,0.5001,0,0.0,2035.0,12288.0,15195256050,15787792238,16836634,17643114,1304000,0,0,0,0,0,0,0,0,0,0,0,0,718,79,3,2,0,0,0,0,0,0,0,0,0,network_stall
1779257441.0589726,g5.hpc.coe,43337,0.5001,0,0.0,2035.0,12288.0,15195256810,15787792317,16836637,17643116,1304000,0,0,0,0,0,0,0,0,0,0,0,0,760,79,3,2,0,0,0,0,0,0,0,0,0,network_stall
1779257441.5591004,g5.hpc.coe,43337,0.5001,0,0.0,2035.0,12288.0,15195257612,15787792396,16836640,17643118,1304000,0,0,0,0,0,0,0,0,0,0,0,0,802,79,3,2,0,0,0,0,0,0,0,0,0,network_stall
1779257442.0592296,g5.hpc.coe,43337,0.5001,0,0.0,2035.0,12288.0,15195258456,15787792475,16836643,17643120,1304000,0,0,0,0,0,0,0,0,0,0,0,0,844,79,3,2,0,0,0,0,0,0,0,0,0,network_stall
1779257442.559362,g5.hpc.coe,43337,0.5001,0,0.0,2035.0,12288.0,15195259599,15787792809,16836651,17643127,1304000,0,0,0,0,0,0,0,0,0,0,0,0,1143,334,8,7,0,0,0,0,0,0,0,0,0,network_stall
1779257443.059495,g5.hpc.coe,43337,0.5001,0,0.0,2035.0,12288.0,15195260549,15787792888,16836655,17643129,1304000,0,0,0,0,0,0,0,0,0,0,0,0,950,79,4,2,0,0,0,0,0,0,0,0,0,network_stall
1779257443.5595906,g5.hpc.coe,43337,0.5001,0,100.0,2035.0,12288.0,15223748930,15816255847,16865383,17671854,1304755,0,0,0,0,0,0,0,0,0,0,0,0,28488381,28462959,28728,28725,755,0,0,0,0,0,0,0,0,network_stall
1779257444.0597234,g5.hpc.coe,43337,0.5001,0,0.0,2035.0,12288.0,15229999479,15822503315,16871600,17678070,1304756,0,0,0,0,0,0,0,0,0,0,0,0,6250549,6247468,6217,6216,1,0,0,0,0,0,0,0,0,network_stall
1779257444.5598683,g5.hpc.coe,43337,0.5001,0,0.0,2035.0,12288.0,15230000641,15822503449,16871606,17678073,1304756,0,0,0,0,0,0,0,0,0,0,0,0,1162,134,6,3,0,0,0,0,0,0,0,0,0,network_stall
1779257445.060005,g5.hpc.coe,43337,0.5001,0,0.0,2035.0,12288.0,15230001769,15822503528,16871610,17678075,1304756,0,0,0,0,0,0,0,0,0,0,0,0,1128,79,4,2,0,0,0,0,0,0,0,0,0,network_stall
1779257445.5601523,g5.hpc.coe,43337,0.5001,0,0.0,2035.0,12288.0,15230002939,15822503607,16871614,17678077,1304756,0,0,0,0,0,0,0,0,0,0,0,0,1170,79,4,2,0,0,0,0,0,0,0,0,0,network_stall
1779257446.0602653,g5.hpc.coe,43337,0.5001,0,0.0,2035.0,12288.0,15230003083,15822503664,16871616,17678078,1304756,0,0,0,0,0,0,0,0,0,0,0,0,144,57,2,1,0,0,0,0,0,0,0,0,0,network_stall
1779257446.5603995,g5.hpc.coe,43337,0.5001,0,0.0,2035.0,12288.0,15230003269,15822503721,16871618,17678079,1304756,0,0,0,0,0,0,0,0,0,0,0,0,186,57,2,1,0,0,0,0,0,0,0,0,0,network_stall
1779257447.0605326,g5.hpc.coe,43337,0.5001,0,0.0,2035.0,12288.0,15230003497,15822503778,16871620,17678080,1304756,0,0,0,0,0,0,0,0,0,0,0,0,228,57,2,1,0,0,0,0,0,0,0,0,0,network_stall
1779257447.5606346,g5.hpc.coe,43337,0.5001,0,100.0,2035.0,12288.0,15257801169,15850279709,16899602,17706046,1304765,0,0,0,0,0,0,0,0,0,0,0,0,27797672,27775931,27982,27966,9,0,0,0,0,0,0,0,0,network_stall
1779257448.060764,g5.hpc.coe,43337,0.5001,0,0.0,2035.0,12288.0,15264741041,15857214077,16906565,17713007,1304765,0,0,0,0,0,0,0,0,0,0,0,0,6939872,6934368,6963,6961,0,0,0,0,0,0,0,0,0,network_stall
1779257448.5608954,g5.hpc.coe,43337,0.5001,0,0.0,2035.0,12288.0,15264741404,15857214134,16906567,17713008,1304765,0,0,0,0,0,0,0,0,0,0,0,0,363,57,2,1,0,0,0,0,0,0,0,0,0,network_stall
1779257449.061031,g5.hpc.coe,43337,0.5001,0,0.0,2035.0,12288.0,15264741809,15857214191,16906569,17713009,1304765,0,0,0,0,0,0,0,0,0,0,0,0,405,57,2,1,0,0,0,0,0,0,0,0,0,network_stall
1779257449.561173,g5.hpc.coe,43337,0.5001,0,0.0,2035.0,12288.0,15264742332,15857214303,16906573,17713011,1304765,0,0,0,0,0,0,0,0,0,0,0,0,523,112,4,2,0,0,0,0,0,0,0,0,0,network_stall
1779257450.0613163,g5.hpc.coe,43337,0.5001,0,0.0,2035.0,12288.0,15264742820,15857214360,16906575,17713012,1304765,0,0,0,0,0,0,0,0,0,0,0,0,488,57,2,1,0,0,0,0,0,0,0,0,0,network_stall
1779257450.561461,g5.hpc.coe,43337,0.5001,0,0.0,2035.0,12288.0,15264743350,15857214417,16906577,17713013,1304765,0,0,0,0,0,0,0,0,0,0,0,0,530,57,2,1,0,0,0,0,0,0,0,0,0,network_stall
1779257451.0615957,g5.hpc.coe,43337,0.5001,0,0.0,2035.0,12288.0,15264743944,15857214496,16906580,17713015,1304765,0,0,0,0,0,0,0,0,0,0,0,0,594,79,3,2,0,0,0,0,0,0,0,0,0,network_stall
1779257451.5616956,g5.hpc.coe,43337,0.5001,0,100.0,2035.0,12288.0,15286284608,15878735313,16928321,17734740,1304768,0,0,0,0,0,0,0,0,0,0,0,0,21540664,21520817,21741,21725,3,0,0,0,0,0,0,0,0,network_stall
1779257452.0618384,g5.hpc.coe,43337,0.5001,0,0.0,2035.0,12288.0,15299482192,15891924804,16941523,17747939,1304771,0,0,0,0,0,0,0,0,0,0,0,0,13197584,13189491,13202,13199,3,0,0,0,0,0,0,0,0,network_stall
1779257452.5619698,g5.hpc.coe,43337,0.5001,0,0.0,2035.0,12288.0,15299482922,15891924883,16941526,17747941,1304771,0,0,0,0,0,0,0,0,0,0,0,0,730,79,3,2,0,0,0,0,0,0,0,0,0,network_stall
1779257453.0621061,g5.hpc.coe,43337,0.5001,0,0.0,2035.0,12288.0,15299483694,15891924962,16941529,17747943,1304771,0,0,0,0,0,0,0,0,0,0,0,0,772,79,3,2,0,0,0,0,0,0,0,0,0,network_stall
1779257453.5622432,g5.hpc.coe,43337,0.5001,0,0.0,2035.0,12288.0,15299484508,15891925041,16941532,17747945,1304771,0,0,0,0,0,0,0,0,0,0,0,0,814,79,3,2,0,0,0,0,0,0,0,0,0,network_stall
1779257454.0623713,g5.hpc.coe,43337,0.5001,0,0.0,2035.0,12288.0,15299485987,15891925567,16941550,17747955,1304771,0,0,0,0,0,0,0,0,0,0,0,0,1479,526,18,10,0,0,0,0,0,0,0,0,0,network_stall
1779257454.5625086,g5.hpc.coe,43337,0.5001,0,0.0,2035.0,12288.0,15299486886,15891925646,16941553,17747957,1304771,0,0,0,0,0,0,0,0,0,0,0,0,899,79,3,2,0,0,0,0,0,0,0,0,0,network_stall
1779257455.0626318,g5.hpc.coe,43337,0.5001,0,0.0,2035.0,12288.0,15299487827,15891925725,16941556,17747959,1304771,0,0,0,0,0,0,0,0,0,0,0,0,941,79,3,2,0,0,0,0,0,0,0,0,0,network_stall
1779257455.5627322,g5.hpc.coe,43337,0.5001,0,82.0,2035.0,12288.0,15320338850,15912759599,16962555,17768935,1306687,0,0,0,0,0,0,0,0,0,0,0,0,20851023,20833874,20999,20976,1916,0,0,0,0,0,0,0,0,network_stall
1779257456.0628667,g5.hpc.coe,43337,0.5001,0,0.0,2035.0,12288.0,15334226833,15926636047,16976508,17782885,1307274,0,0,0,0,0,0,0,0,0,0,0,0,13887983,13876448,13953,13950,587,0,0,0,0,0,0,0,0,network_stall
1779257456.5630164,g5.hpc.coe,43337,0.5001,0,0.0,2035.0,12288.0,15334227933,15926636126,16976512,17782887,1307274,0,0,0,0,0,0,0,0,0,0,0,0,1100,79,4,2,0,0,0,0,0,0,0,0,0,network_stall
1779257457.0631342,g5.hpc.coe,43337,0.5001,0,0.0,2035.0,12288.0,15334229075,15926636205,16976516,17782889,1307274,0,0,0,0,0,0,0,0,0,0,0,0,1142,79,4,2,0,0,0,0,0,0,0,0,0,network_stall
1779257457.56327,g5.hpc.coe,43337,0.5001,0,0.0,2035.0,12288.0,15334230260,15926636284,16976520,17782891,1307274,0,0,0,0,0,0,0,0,0,0,0,0,1185,79,4,2,0,0,0,0,0,0,0,0,0,network_stall
1779257458.0634046,g5.hpc.coe,43337,0.5001,0,0.0,2035.0,12288.0,15334230418,15926636341,16976522,17782892,1307274,0,0,0,0,0,0,0,0,0,0,0,0,158,57,2,1,0,0,0,0,0,0,0,0,0,network_stall
1779257458.5635507,g5.hpc.coe,43337,0.5001,0,0.0,2035.0,12288.0,15334230618,15926636398,16976524,17782893,1307274,0,0,0,0,0,0,0,0,0,0,0,0,200,57,2,1,0,0,0,0,0,0,0,0,0,network_stall
1779257459.063694,g5.hpc.coe,43337,0.5001,0,0.0,2035.0,12288.0,15334230860,15926636455,16976526,17782894,1307274,0,0,0,0,0,0,0,0,0,0,0,0,242,57,2,1,0,0,0,0,0,0,0,0,0,network_stall
1779257459.5637913,g5.hpc.coe,43337,0.5001,0,63.0,2035.0,12288.0,15348823796,15941215276,16991280,17797642,1307277,0,0,0,0,0,0,0,0,0,0,0,0,14592936,14578821,14754,14748,3,0,0,0,0,0,0,0,0,network_stall
1779257460.0639215,g5.hpc.coe,43337,0.5001,0,14.0,2035.0,12288.0,15368968502,15961346837,17011472,17817826,1307283,0,0,0,0,0,0,0,0,0,0,0,0,20144706,20131561,20192,20184,6,0,0,0,0,0,0,0,0,network_stall
1779257460.564055,g5.hpc.coe,43337,0.5001,0,0.0,2035.0,12288.0,15368968880,15961346894,17011474,17817827,1307283,0,0,0,0,0,0,0,0,0,0,0,0,378,57,2,1,0,0,0,0,0,0,0,0,0,network_stall
1779257461.0641954,g5.hpc.coe,43337,0.5001,0,0.0,2035.0,12288.0,15368969300,15961346951,17011476,17817828,1307283,0,0,0,0,0,0,0,0,0,0,0,0,420,57,2,1,0,0,0,0,0,0,0,0,0,network_stall
1779257461.5643394,g5.hpc.coe,43337,0.5001,0,0.0,2035.0,12288.0,15368969762,15961347008,17011478,17817829,1307283,0,0,0,0,0,0,0,0,0,0,0,0,462,57,2,1,0,0,0,0,0,0,0,0,0,network_stall
1779257462.0644872,g5.hpc.coe,43337,0.5001,0,0.0,2035.0,12288.0,15368970266,15961347065,17011480,17817830,1307283,0,0,0,0,0,0,0,0,0,0,0,0,504,57,2,1,0,0,0,0,0,0,0,0,0,network_stall
1779257462.5646296,g5.hpc.coe,43337,0.5001,0,0.0,2035.0,12288.0,15368970834,15961347144,17011483,17817832,1307283,0,0,0,0,0,0,0,0,0,0,0,0,568,79,3,2,0,0,0,0,0,0,0,0,0,network_stall
1779257463.0647457,g5.hpc.coe,43337,0.5001,0,0.0,2035.0,12288.0,15368971444,15961347223,17011486,17817834,1307283,0,0,0,0,0,0,0,0,0,0,0,0,610,79,3,2,0,0,0,0,0,0,0,0,0,network_stall
1779257463.564878,g5.hpc.coe,43337,0.5001,0,0.0,2035.0,12288.0,15368972096,15961347302,17011489,17817836,1307283,0,0,0,0,0,0,0,0,0,0,0,0,652,79,3,2,0,0,0,0,0,0,0,0,0,network_stall
1779257464.0649734,g5.hpc.coe,43337,0.5001,0,100.0,2035.0,12288.0,15396770185,15989123269,17039471,17845805,1307288,0,0,0,0,0,0,0,0,0,0,0,0,27798089,27775967,27982,27969,5,0,0,0,0,0,0,0,0,network_stall
1779257464.565109,g5.hpc.coe,43337,0.5001,0,0.0,2035.0,12288.0,15403710488,15996057659,17046436,17852767,1307291,0,0,0,0,0,0,0,0,0,0,0,0,6940303,6934390,6965,6962,3,0,0,0,0,0,0,0,0,network_stall
1779257465.0652432,g5.hpc.coe,43337,0.5001,0,0.0,2035.0,12288.0,15403711351,15996057793,17046441,17852770,1307291,0,0,0,0,0,0,0,0,0,0,0,0,863,134,5,3,0,0,0,0,0,0,0,0,0,network_stall
1779257465.5653653,g5.hpc.coe,43337,0.5001,0,0.0,2035.0,12288.0,15403712180,15996057872,17046444,17852772,1307291,0,0,0,0,0,0,0,0,0,0,0,0,829,79,3,2,0,0,0,0,0,0,0,0,0,network_stall
1779257466.0654945,g5.hpc.coe,43337,0.5001,0,0.0,2035.0,12288.0,15403713051,15996057951,17046447,17852774,1307291,0,0,0,0,0,0,0,0,0,0,0,0,871,79,3,2,0,0,0,0,0,0,0,0,0,network_stall
1779257466.5656307,g5.hpc.coe,43337,0.5001,0,0.0,2035.0,12288.0,15403713964,15996058030,17046450,17852776,1307291,0,0,0,0,0,0,0,0,0,0,0,0,913,79,3,2,0,0,0,0,0,0,0,0,0,network_stall
1779257467.0657692,g5.hpc.coe,43337,0.5001,0,0.0,2035.0,12288.0,15403714919,15996058109,17046453,17852778,1307291,0,0,0,0,0,0,0,0,0,0,0,0,955,79,3,2,0,0,0,0,0,0,0,0,0,network_stall
1779257467.5659087,g5.hpc.coe,43337,0.5001,0,0.0,2035.0,12288.0,15403715916,15996058188,17046456,17852780,1307291,0,0,0,0,0,0,0,0,0,0,0,0,997,79,3,2,0,0,0,0,0,0,0,0,0,network_stall
1779257468.0660133,g5.hpc.coe,43337,0.5001,0,100.0,2035.0,12288.0,15425257067,16017579019,17068209,17874507,1307297,0,0,0,0,0,0,0,0,0,0,0,0,21541151,21520831,21753,21727,6,0,0,0,0,0,0,0,0,network_stall
1779257468.5661645,g5.hpc.coe,43337,0.5002,0,0.0,2035.0,12288.0,15438455090,16030768503,17081414,17887705,1307299,0,0,0,0,0,0,0,0,0,0,0,0,13198023,13189484,13205,13198,2,0,0,0,0,0,0,0,0,network_stall
1779257469.06627,g5.hpc.coe,43337,0.5001,0,0.0,2035.0,12288.0,15438456868,16030769029,17081433,17887715,1307299,0,0,0,0,0,0,0,0,0,0,0,0,1778,526,19,10,0,0,0,0,0,0,0,0,0,network_stall
1779257469.5664146,g5.hpc.coe,43337,0.5001,0,0.0,2035.0,12288.0,15438456997,16030769086,17081435,17887716,1307299,0,0,0,0,0,0,0,0,0,0,0,0,129,57,2,1,0,0,0,0,0,0,0,0,0,network_stall
1779257470.0665364,g5.hpc.coe,43337,0.5001,0,0.0,2035.0,12288.0,15438457245,16030769198,17081439,17887718,1307299,0,0,0,0,0,0,0,0,0,0,0,0,248,112,4,2,0,0,0,0,0,0,0,0,0,network_stall
1779257470.5666687,g5.hpc.coe,43337,0.5001,0,0.0,2035.0,12288.0,15438457458,16030769255,17081441,17887719,1307299,0,0,0,0,0,0,0,0,0,0,0,0,213,57,2,1,0,0,0,0,0,0,0,0,0,network_stall
1779257471.0667915,g5.hpc.coe,43337,0.5001,0,0.0,2035.0,12288.0,15438457713,16030769312,17081443,17887720,1307299,0,0,0,0,0,0,0,0,0,0,0,0,255,57,2,1,0,0,0,0,0,0,0,0,0,network_stall
1779257471.566925,g5.hpc.coe,43337,0.5001,0,0.0,2035.0,12288.0,15438458010,16030769369,17081445,17887721,1307299,0,0,0,0,0,0,0,0,0,0,0,0,297,57,2,1,0,0,0,0,0,0,0,0,0,network_stall
1779257472.0670207,g5.hpc.coe,43337,0.5001,0,100.0,2035.0,12288.0,15459308389,16051603263,17102443,17908702,1307987,0,0,0,0,0,0,0,0,0,0,0,0,20850379,20833894,20998,20981,688,0,0,0,0,0,0,0,0,network_stall
1779257472.567155,g5.hpc.coe,43337,0.5001,0,0.0,2035.0,12288.0,15473195700,16065479682,17116391,17922650,1307988,0,0,0,0,0,0,0,0,0,0,0,0,13887311,13876419,13948,13948,1,0,0,0,0,0,0,0,0,network_stall
1779257473.0672932,g5.hpc.coe,43337,0.5001,0,0.0,2035.0,12288.0,15473196133,16065479739,17116393,17922651,1307988,0,0,0,0,0,0,0,0,0,0,0,0,433,57,2,1,0,0,0,0,0,0,0,0,0,network_stall
1779257473.5674264,g5.hpc.coe,43337,0.5001,0,0.0,2035.0,12288.0,15473196608,16065479796,17116395,17922652,1307988,0,0,0,0,0,0,0,0,0,0,0,0,475,57,2,1,0,0,0,0,0,0,0,0,0,network_stall
1779257474.067581,g5.hpc.coe,43337,0.5002,0,0.0,2035.0,12288.0,15473197125,16065479853,17116397,17922653,1307988,0,0,0,0,0,0,0,0,0,0,0,0,517,57,2,1,0,0,0,0,0,0,0,0,0,network_stall
1779257474.5677116,g5.hpc.coe,43337,0.5001,0,0.0,2035.0,12288.0,15473197706,16065479932,17116400,17922655,1307988,0,0,0,0,0,0,0,0,0,0,0,0,581,79,3,2,0,0,0,0,0,0,0,0,0,network_stall
1779257475.0678442,g5.hpc.coe,43337,0.5001,0,0.0,2035.0,12288.0,15473198384,16065480066,17116404,17922658,1307988,0,0,0,0,0,0,0,0,0,0,0,0,678,134,4,3,0,0,0,0,0,0,0,0,0,network_stall
1779257475.5679877,g5.hpc.coe,43337,0.5001,0,0.0,2035.0,12288.0,15473199071,16065480145,17116408,17922660,1307988,0,0,0,0,0,0,0,0,0,0,0,0,687,79,4,2,0,0,0,0,0,0,0,0,0,network_stall
1779257476.068084,g5.hpc.coe,43337,0.5001,0,89.0,2035.0,12288.0,15487792472,16080058953,17131169,17937404,1307988,0,0,0,0,0,0,0,0,0,0,0,0,14593401,14578808,14761,14744,0,0,0,0,0,0,0,0,0,network_stall
1779257476.5681963,g5.hpc.coe,43337,0.5001,0,0.0,2035.0,12288.0,15507937566,16100190460,17151366,17957585,1307991,0,0,0,0,0,0,0,0,0,0,0,0,20145094,20131507,20197,20181,3,0,0,0,0,0,0,0,0,network_stall
1779257477.06831,g5.hpc.coe,43337,0.5001,0,0.0,2035.0,12288.0,15507938367,16100190539,17151369,17957587,1307991,0,0,0,0,0,0,0,0,0,0,0,0,801,79,3,2,0,0,0,0,0,0,0,0,0,network_stall
1779257477.56845,g5.hpc.coe,43337,0.5001,0,0.0,2035.0,12288.0,15507939209,16100190618,17151372,17957589,1307991,0,0,0,0,0,0,0,0,0,0,0,0,842,79,3,2,0,0,0,0,0,0,0,0,0,network_stall
1779257478.0685754,g5.hpc.coe,43337,0.5001,0,0.0,2035.0,12288.0,15507940093,16100190697,17151375,17957591,1307991,0,0,0,0,0,0,0,0,0,0,0,0,884,79,3,2,0,0,0,0,0,0,0,0,0,network_stall
1779257478.5687127,g5.hpc.coe,43337,0.5001,0,0.0,2035.0,12288.0,15507941019,16100190776,17151378,17957593,1307991,0,0,0,0,0,0,0,0,0,0,0,0,926,79,3,2,0,0,0,0,0,0,0,0,0,network_stall
1779257479.0688436,g5.hpc.coe,43337,0.5001,0,0.0,2035.0,12288.0,15507941987,16100190855,17151381,17957595,1307991,0,0,0,0,0,0,0,0,0,0,0,0,968,79,3,2,0,0,0,0,0,0,0,0,0,network_stall
1779257479.5689836,g5.hpc.coe,43337,0.5001,0,0.0,2035.0,12288.0,15507942997,16100190934,17151384,17957597,1307991,0,0,0,0,0,0,0,0,0,0,0,0,1010,79,3,2,0,0,0,0,0,0,0,0,0,network_stall
1779257480.0690765,g5.hpc.coe,43337,0.5001,0,72.0,2035.0,12288.0,15522536736,16114769784,17166144,17972347,1308231,0,0,0,0,0,0,0,0,0,0,0,0,14593739,14578850,14760,14750,240,0,0,0,0,0,0,0,0,network_stall
1779257480.569209,g5.hpc.coe,43337,0.5001,0,4.0,2035.0,12288.0,15542682268,16134901388,17186343,17992535,1308233,0,0,0,0,0,0,0,0,0,0,0,0,20145532,20131604,20199,20188,2,0,0,0,0,0,0,0,0,network_stall
1779257481.069354,g5.hpc.coe,43337,0.5001,0,0.0,2035.0,12288.0,15542683436,16134901467,17186347,17992537,1308233,0,0,0,0,0,0,0,0,0,0,0,0,1168,79,4,2,0,0,0,0,0,0,0,0,0,network_stall
1779257481.5694668,g5.hpc.coe,43337,0.5001,0,0.0,2035.0,12288.0,15542683578,16134901524,17186349,17992538,1308233,0,0,0,0,0,0,0,0,0,0,0,0,142,57,2,1,0,0,0,0,0,0,0,0,0,network_stall
1779257482.0695794,g5.hpc.coe,43337,0.5001,0,0.0,2035.0,12288.0,15542683762,16134901581,17186351,17992539,1308233,0,0,0,0,0,0,0,0,0,0,0,0,184,57,2,1,0,0,0,0,0,0,0,0,0,network_stall
1779257482.5697122,g5.hpc.coe,43337,0.5001,0,0.0,2035.0,12288.0,15542683988,16134901638,17186353,17992540,1308233,0,0,0,0,0,0,0,0,0,0,0,0,226,57,2,1,0,0,0,0,0,0,0,0,0,network_stall
1779257483.0698342,g5.hpc.coe,43337,0.5001,0,0.0,2035.0,12288.0,15542684256,16134901695,17186355,17992541,1308233,0,0,0,0,0,0,0,0,0,0,0,0,268,57,2,1,0,0,0,0,0,0,0,0,0,network_stall
1779257483.5699928,g5.hpc.coe,43337,0.5002,0,0.0,2035.0,12288.0,15542684566,16134901752,17186357,17992542,1308233,0,0,0,0,0,0,0,0,0,0,0,0,310,57,2,1,0,0,0,0,0,0,0,0,0,network_stall
1779257484.0700872,g5.hpc.coe,43337,0.5001,0,59.0,2035.0,12288.0,15551062188,16143765498,17195351,18001959,1308234,0,0,0,0,0,0,0,0,0,0,0,0,8377622,8863746,8994,9417,1,0,0,0,0,0,0,0,0,network_stall
1779257484.570204,g5.hpc.coe,43337,0.5001,0,19.0,2035.0,12288.0,15577422868,16169612512,17221313,18027479,1308236,0,0,0,0,0,0,0,0,0,0,0,0,26360680,25847014,25962,25520,2,0,0,0,0,0,0,0,0,network_stall
1779257485.0703347,g5.hpc.coe,43337,0.5001,0,0.0,2035.0,12288.0,15577423313,16169612569,17221315,18027480,1308236,0,0,0,0,0,0,0,0,0,0,0,0,445,57,2,1,0,0,0,0,0,0,0,0,0,network_stall
1779257485.570501,g5.hpc.coe,43337,0.5002,0,0.0,2035.0,12288.0,15577423877,16169612681,17221319,18027482,1308236,0,0,0,0,0,0,0,0,0,0,0,0,564,112,4,2,0,0,0,0,0,0,0,0,0,network_stall
1779257486.0706348,g5.hpc.coe,43337,0.5001,0,0.0,2035.0,12288.0,15577424406,16169612738,17221321,18027483,1308236,0,0,0,0,0,0,0,0,0,0,0,0,529,57,2,1,0,0,0,0,0,0,0,0,0,network_stall
1779257486.5707693,g5.hpc.coe,43337,0.5001,0,0.0,2035.0,12288.0,15577424999,16169612817,17221324,18027485,1308236,0,0,0,0,0,0,0,0,0,0,0,0,593,79,3,2,0,0,0,0,0,0,0,0,0,network_stall
1779257487.0709057,g5.hpc.coe,43337,0.5001,0,0.0,2035.0,12288.0,15577425634,16169612896,17221327,18027487,1308236,0,0,0,0,0,0,0,0,0,0,0,0,635,79,3,2,0,0,0,0,0,0,0,0,0,network_stall
1779257487.571018,g5.hpc.coe,43337,0.5001,0,0.0,2035.0,12288.0,15577426311,16169612975,17221330,18027489,1308236,0,0,0,0,0,0,0,0,0,0,0,0,677,79,3,2,0,0,0,0,0,0,0,0,0,network_stall
1779257488.071113,g5.hpc.coe,43337,0.5001,0,39.0,2035.0,12288.0,15585072313,16177249725,17229100,18035245,1308628,0,0,0,0,0,0,0,0,0,0,0,0,7646002,7636750,7770,7756,392,0,0,0,0,0,0,0,0,network_stall
1779257488.5712304,g5.hpc.coe,43337,0.5001,0,38.0,2035.0,12288.0,15612164787,16204323325,17256282,18062419,1308632,0,0,0,0,0,0,0,0,0,0,0,0,27092474,27073600,27182,27174,4,0,0,0,0,0,0,0,0,network_stall
1779257489.0713658,g5.hpc.coe,43337,0.5001,0,0.0,2035.0,12288.0,15612165599,16204323404,17256285,18062421,1308632,0,0,0,0,0,0,0,0,0,0,0,0,812,79,3,2,0,0,0,0,0,0,0,0,0,network_stall
1779257489.5714962,g5.hpc.coe,43337,0.5001,0,0.0,2035.0,12288.0,15612166453,16204323483,17256288,18062423,1308632,0,0,0,0,0,0,0,0,0,0,0,0,854,79,3,2,0,0,0,0,0,0,0,0,0,network_stall
1779257490.0716326,g5.hpc.coe,43337,0.5001,0,0.0,2035.0,12288.0,15612167349,16204323562,17256291,18062425,1308632,0,0,0,0,0,0,0,0,0,0,0,0,896,79,3,2,0,0,0,0,0,0,0,0,0,network_stall
1779257490.571767,g5.hpc.coe,43337,0.5001,0,0.0,2035.0,12288.0,15612168364,16204323696,17256296,18062428,1308632,0,0,0,0,0,0,0,0,0,0,0,0,1015,134,5,3,0,0,0,0,0,0,0,0,0,network_stall
1779257491.0718968,g5.hpc.coe,43337,0.5001,0,0.0,2035.0,12288.0,15612169344,16204323775,17256299,18062430,1308632,0,0,0,0,0,0,0,0,0,0,0,0,980,79,3,2,0,0,0,0,0,0,0,0,0,network_stall
1779257491.5720122,g5.hpc.coe,43337,0.5001,0,0.0,2035.0,12288.0,15612170366,16204323854,17256302,18062432,1308632,0,0,0,0,0,0,0,0,0,0,0,0,1022,79,3,2,0,0,0,0,0,0,0,0,0,network_stall
1779257492.072114,g5.hpc.coe,43337,0.5001,0,21.0,2035.0,12288.0,15619126691,16211273731,17263323,18069449,1308710,0,0,0,0,0,0,0,0,0,0,0,0,6956325,6949877,7021,7017,78,0,0,0,0,0,0,0,0,network_stall
1779257492.5722194,g5.hpc.coe,43337,0.5001,0,57.0,2035.0,12288.0,15646909590,16239034239,17291258,18097367,1308715,0,0,0,0,0,0,0,0,0,0,0,0,27782899,27760508,27935,27918,5,0,0,0,0,0,0,0,0,network_stall
1779257493.0723414,g5.hpc.coe,43337,0.5001,0,0.0,2035.0,12288.0,15646910769,16239034318,17291262,18097369,1308715,0,0,0,0,0,0,0,0,0,0,0,0,1179,79,4,2,0,0,0,0,0,0,0,0,0,network_stall
1779257493.57248,g5.hpc.coe,43337,0.5001,0,0.0,2035.0,12288.0,15646910923,16239034375,17291264,18097370,1308715,0,0,0,0,0,0,0,0,0,0,0,0,154,57,2,1,0,0,0,0,0,0,0,0,0,network_stall
1779257494.0725942,g5.hpc.coe,43337,0.5001,0,0.0,2035.0,12288.0,15646911118,16239034432,17291266,18097371,1308715,0,0,0,0,0,0,0,0,0,0,0,0,195,57,2,1,0,0,0,0,0,0,0,0,0,network_stall
1779257494.5727243,g5.hpc.coe,43337,0.5001,0,0.0,2035.0,12288.0,15646911355,16239034489,17291268,18097372,1308715,0,0,0,0,0,0,0,0,0,0,0,0,237,57,2,1,0,0,0,0,0,0,0,0,0,network_stall
1779257495.0728657,g5.hpc.coe,43337,0.5001,0,0.0,2035.0,12288.0,15646911634,16239034546,17291270,18097373,1308715,0,0,0,0,0,0,0,0,0,0,0,0,279,57,2,1,0,0,0,0,0,0,0,0,0,network_stall
1779257495.5730062,g5.hpc.coe,43337,0.5001,0,0.0,2035.0,12288.0,15646912032,16239034658,17291274,18097375,1308715,0,0,0,0,0,0,0,0,0,0,0,0,398,112,4,2,0,0,0,0,0,0,0,0,0,network_stall
1779257496.0731065,g5.hpc.coe,43337,0.5001,0,1.0,2035.0,12288.0,15647610323,16240784171,17292060,18099179,1308715,0,0,0,0,0,0,0,0,0,0,0,0,698291,1749513,786,1804,0,0,0,0,0,0,0,0,0,network_stall
1779257496.5732112,g5.hpc.coe,43337,0.5001,0,76.0,2035.0,12288.0,15681649768,16273745048,17326220,18132315,1308727,0,0,0,0,0,0,0,0,0,0,0,0,34039445,32960877,34160,33136,12,0,0,0,0,0,0,0,0,network_stall
1779257497.0733473,g5.hpc.coe,43337,0.5001,0,0.0,2035.0,12288.0,15681650224,16273745105,17326222,18132316,1308727,0,0,0,0,0,0,0,0,0,0,0,0,456,57,2,1,0,0,0,0,0,0,0,0,0,network_stall
1779257497.5734887,g5.hpc.coe,43337,0.5001,0,0.0,2035.0,12288.0,15681650722,16273745162,17326224,18132317,1308727,0,0,0,0,0,0,0,0,0,0,0,0,498,57,2,1,0,0,0,0,0,0,0,0,0,network_stall
1779257498.0736208,g5.hpc.coe,43337,0.5001,0,0.0,2035.0,12288.0,15681651262,16273745219,17326226,18132318,1308727,0,0,0,0,0,0,0,0,0,0,0,0,540,57,2,1,0,0,0,0,0,0,0,0,0,network_stall
1779257498.5737572,g5.hpc.coe,43337,0.5001,0,0.0,2035.0,12288.0,15681651866,16273745298,17326229,18132320,1308727,0,0,0,0,0,0,0,0,0,0,0,0,604,79,3,2,0,0,0,0,0,0,0,0,0,network_stall
1779257499.073877,g5.hpc.coe,43337,0.5001,0,0.0,2035.0,12288.0,15681653135,16273745824,17326247,18132330,1308727,0,0,0,0,0,0,0,0,0,0,0,0,1269,526,18,10,0,0,0,0,0,0,0,0,0,network_stall
1779257499.5740106,g5.hpc.coe,43337,0.5001,0,0.0,2035.0,12288.0,15681653824,16273745903,17326250,18132332,1308727,0,0,0,0,0,0,0,0,0,0,0,0,689,79,3,2,0,0,0,0,0,0,0,0,0,network_stall
1779257500.0741413,g5.hpc.coe,43337,0.5001,0,0.0,2035.0,12288.0,15681662453,16273923721,17326289,18132532,1308727,0,0,0,0,0,0,0,0,0,0,0,0,8629,177818,39,200,0,0,0,0,0,0,0,0,0,network_stall
1779257500.5742545,g5.hpc.coe,43337,0.5001,0,98.0,2035.0,12288.0,15716392273,16308456295,17361195,18167268,1308733,0,0,0,0,0,0,0,0,0,0,0,0,34729820,34532574,34906,34736,6,0,0,0,0,0,0,0,0,network_stall
1779257501.074388,g5.hpc.coe,43337,0.5001,0,0.0,2035.0,12288.0,15716393172,16308456429,17361200,18167271,1308733,0,0,0,0,0,0,0,0,0,0,0,0,899,134,5,3,0,0,0,0,0,0,0,0,0,network_stall
1779257501.57452,g5.hpc.coe,43337,0.5001,0,0.0,2035.0,12288.0,15716394036,16308456508,17361203,18167273,1308733,0,0,0,0,0,0,0,0,0,0,0,0,864,79,3,2,0,0,0,0,0,0,0,0,0,network_stall
1779257502.0746531,g5.hpc.coe,43337,0.5001,0,0.0,2035.0,12288.0,15716394941,16308456587,17361206,18167275,1308733,0,0,0,0,0,0,0,0,0,0,0,0,905,79,3,2,0,0,0,0,0,0,0,0,0,network_stall
1779257502.5747902,g5.hpc.coe,43337,0.5001,0,0.0,2035.0,12288.0,15716396145,16308456921,17361214,18167282,1308733,0,0,0,0,0,0,0,0,0,0,0,0,1204,334,8,7,0,0,0,0,0,0,0,0,0,network_stall
1779257503.07493,g5.hpc.coe,43337,0.5001,0,0.0,2035.0,12288.0,15716397157,16308457000,17361218,18167284,1308733,0,0,0,0,0,0,0,0,0,0,0,0,1012,79,4,2,0,0,0,0,0,0,0,0,0,network_stall
1779257503.575063,g5.hpc.coe,43337,0.5001,0,0.0,2035.0,12288.0,15716398188,16308457079,17361221,18167286,1308733,0,0,0,0,0,0,0,0,0,0,0,0,1031,79,3,2,0,0,0,0,0,0,0,0,0,network_stall
1779257504.0751996,g5.hpc.coe,43337,0.5001,0,0.0,2035.0,12288.0,15716399283,16308457158,17361225,18167288,1308733,0,0,0,0,0,0,0,0,0,0,0,0,1095,79,4,2,0,0,0,0,0,0,0,0,0,network_stall
1779257504.5752935,g5.hpc.coe,43337,0.5001,0,100.0,2035.0,12288.0,15751137357,16343167387,17396167,18202210,1308741,0,0,0,0,0,0,0,0,0,0,0,0,34738074,34710229,34942,34922,8,0,0,0,0,0,0,0,0,network_stall
1779257505.0754275,g5.hpc.coe,43337,0.5001,0,0.0,2035.0,12288.0,15751138542,16343167466,17396171,18202212,1308741,0,0,0,0,0,0,0,0,0,0,0,0,1185,79,4,2,0,0,0,0,0,0,0,0,0,network_stall
1779257505.5755584,g5.hpc.coe,43337,0.5001,0,0.0,2035.0,12288.0,15751138701,16343167523,17396173,18202213,1308741,0,0,0,0,0,0,0,0,0,0,0,0,159,57,2,1,0,0,0,0,0,0,0,0,0,network_stall
1779257506.0756874,g5.hpc.coe,43337,0.5001,0,0.0,2035.0,12288.0,15751138979,16343167635,17396177,18202215,1308741,0,0,0,0,0,0,0,0,0,0,0,0,278,112,4,2,0,0,0,0,0,0,0,0,0,network_stall
1779257506.5758286,g5.hpc.coe,43337,0.5001,0,0.0,2035.0,12288.0,15751139222,16343167692,17396179,18202216,1308741,0,0,0,0,0,0,0,0,0,0,0,0,243,57,2,1,0,0,0,0,0,0,0,0,0,network_stall
1779257507.0759647,g5.hpc.coe,43337,0.5001,0,0.0,2035.0,12288.0,15751139507,16343167749,17396181,18202217,1308741,0,0,0,0,0,0,0,0,0,0,0,0,285,57,2,1,0,0,0,0,0,0,0,0,0,network_stall
1779257507.5761,g5.hpc.coe,43337,0.5001,0,0.0,2035.0,12288.0,15751139834,16343167806,17396183,18202218,1308741,0,0,0,0,0,0,0,0,0,0,0,0,327,57,2,1,0,0,0,0,0,0,0,0,0,network_stall
1779257508.0762212,g5.hpc.coe,43337,0.5001,0,0.0,2035.0,12288.0,15751140203,16343167863,17396185,18202219,1308741,0,0,0,0,0,0,0,0,0,0,0,0,369,57,2,1,0,0,0,0,0,0,0,0,0,network_stall
1779257508.5763211,g5.hpc.coe,43337,0.5001,0,100.0,2035.0,12288.0,15785877627,16377878063,17431136,18237139,1308749,0,0,0,0,0,0,0,0,0,0,0,0,34737424,34710200,34951,34920,8,0,0,0,0,0,0,0,0,network_stall
1779257509.0764744,g5.hpc.coe,43337,0.5002,0,0.0,2035.0,12288.0,15785878085,16377878120,17431138,18237140,1308749,0,0,0,0,0,0,0,0,0,0,0,0,458,57,2,1,0,0,0,0,0,0,0,0,0,network_stall
1779257509.5765886,g5.hpc.coe,43337,0.5001,0,0.0,2035.0,12288.0,15785878585,16377878177,17431140,18237141,1308749,0,0,0,0,0,0,0,0,0,0,0,0,500,57,2,1,0,0,0,0,0,0,0,0,0,network_stall
1779257510.0767212,g5.hpc.coe,43337,0.5001,0,0.0,2035.0,12288.0,15785879127,16377878234,17431142,18237142,1308749,0,0,0,0,0,0,0,0,0,0,0,0,542,57,2,1,0,0,0,0,0,0,0,0,0,network_stall
1779257510.576867,g5.hpc.coe,43337,0.5001,0,0.0,2035.0,12288.0,15785879733,16377878313,17431145,18237144,1308749,0,0,0,0,0,0,0,0,0,0,0,0,606,79,3,2,0,0,0,0,0,0,0,0,0,network_stall
1779257511.0770092,g5.hpc.coe,43337,0.5001,0,0.0,2035.0,12288.0,15785880458,16377878447,17431150,18237147,1308749,0,0,0,0,0,0,0,0,0,0,0,0,725,134,5,3,0,0,0,0,0,0,0,0,0,network_stall
1779257511.5771403,g5.hpc.coe,43337,0.5001,0,0.0,2035.0,12288.0,15785881148,16377878526,17431153,18237149,1308749,0,0,0,0,0,0,0,0,0,0,0,0,690,79,3,2,0,0,0,0,0,0,0,0,0,network_stall
1779257512.0772827,g5.hpc.coe,43337,0.5001,0,0.0,2035.0,12288.0,15785881880,16377878605,17431156,18237151,1308749,0,0,0,0,0,0,0,0,0,0,0,0,732,79,3,2,0,0,0,0,0,0,0,0,0,network_stall
1779257512.5773807,g5.hpc.coe,43337,0.5001,0,100.0,2035.0,12288.0,15813680021,16405654530,17459134,18265114,1309594,0,0,0,0,0,0,0,0,0,0,0,0,27798141,27775925,27978,27963,845,0,0,0,0,0,0,0,0,network_stall
1779257513.0775163,g5.hpc.coe,43337,0.5001,0,0.0,2035.0,12288.0,15820620412,16412588906,17466100,18272074,1309595,0,0,0,0,0,0,0,0,0,0,0,0,6940391,6934376,6966,6960,1,0,0,0,0,0,0,0,0,network_stall
1779257513.5776532,g5.hpc.coe,43337,0.5001,0,0.0,2035.0,12288.0,15820621279,16412588985,17466103,18272076,1309595,0,0,0,0,0,0,0,0,0,0,0,0,867,79,3,2,0,0,0,0,0,0,0,0,0,network_stall
1779257514.077783,g5.hpc.coe,43337,0.5001,0,0.0,2035.0,12288.0,15820622811,16412589511,17466121,18272086,1309595,0,0,0,0,0,0,0,0,0,0,0,0,1532,526,18,10,0,0,0,0,0,0,0,0,0,network_stall
1779257514.5779276,g5.hpc.coe,43337,0.5001,0,0.0,2035.0,12288.0,15820623763,16412589590,17466124,18272088,1309595,0,0,0,0,0,0,0,0,0,0,0,0,952,79,3,2,0,0,0,0,0,0,0,0,0,network_stall
1779257515.0780628,g5.hpc.coe,43337,0.5001,0,0.0,2035.0,12288.0,15820624757,16412589669,17466127,18272090,1309595,0,0,0,0,0,0,0,0,0,0,0,0,994,79,3,2,0,0,0,0,0,0,0,0,0,network_stall
1779257515.5781975,g5.hpc.coe,43337,0.5001,0,0.0,2035.0,12288.0,15820625793,16412589748,17466130,18272092,1309595,0,0,0,0,0,0,0,0,0,0,0,0,1036,79,3,2,0,0,0,0,0,0,0,0,0,network_stall
1779257516.078337,g5.hpc.coe,43337,0.5001,0,0.0,2035.0,12288.0,15820626970,16412589882,17466136,18272095,1309595,0,0,0,0,0,0,0,0,0,0,0,0,1177,134,6,3,0,0,0,0,0,0,0,0,0,network_stall
1779257516.5784338,g5.hpc.coe,43337,0.5001,0,100.0,2035.0,12288.0,15842168169,16434110755,17487882,18293828,1310030,0,0,0,0,0,0,0,0,0,0,0,0,21541199,21520873,21746,21733,435,0,0,0,0,0,0,0,0,network_stall
1779257517.0785851,g5.hpc.coe,43337,0.5002,0,0.0,2035.0,12288.0,15855366288,16447300267,17501089,18307030,1310035,0,0,0,0,0,0,0,0,0,0,0,0,13198119,13189512,13207,13202,5,0,0,0,0,0,0,0,0,network_stall
1779257517.5787163,g5.hpc.coe,43337,0.5001,0,0.0,2035.0,12288.0,15855366457,16447300324,17501091,18307031,1310035,0,0,0,0,0,0,0,0,0,0,0,0,169,57,2,1,0,0,0,0,0,0,0,0,0,network_stall
1779257518.0788603,g5.hpc.coe,43337,0.5001,0,0.0,2035.0,12288.0,15855366668,16447300381,17501093,18307032,1310035,0,0,0,0,0,0,0,0,0,0,0,0,211,57,2,1,0,0,0,0,0,0,0,0,0,network_stall
1779257518.5789952,g5.hpc.coe,43337,0.5001,0,0.0,2035.0,12288.0,15855366921,16447300438,17501095,18307033,1310035,0,0,0,0,0,0,0,0,0,0,0,0,253,57,2,1,0,0,0,0,0,0,0,0,0,network_stall
1779257519.079131,g5.hpc.coe,43337,0.5001,0,0.0,2035.0,12288.0,15855367216,16447300495,17501097,18307034,1310035,0,0,0,0,0,0,0,0,0,0,0,0,295,57,2,1,0,0,0,0,0,0,0,0,0,network_stall
1779257519.5792696,g5.hpc.coe,43337,0.5001,0,0.0,2035.0,12288.0,15855367553,16447300552,17501099,18307035,1310035,0,0,0,0,0,0,0,0,0,0,0,0,337,57,2,1,0,0,0,0,0,0,0,0,0,network_stall
1779257520.0794058,g5.hpc.coe,43337,0.5001,0,0.0,2035.0,12288.0,15855367932,16447300609,17501101,18307036,1310035,0,0,0,0,0,0,0,0,0,0,0,0,379,57,2,1,0,0,0,0,0,0,0,0,0,network_stall
1779257520.5795047,g5.hpc.coe,43337,0.5001,0,94.0,2035.0,12288.0,15876218386,16468134545,17522098,18328023,1310128,0,0,0,0,0,0,0,0,0,0,0,0,20850454,20833936,20997,20987,93,0,0,0,0,0,0,0,0,network_stall
1779257521.0796416,g5.hpc.coe,43337,0.5001,0,0.0,2035.0,12288.0,15890105813,16482010929,17536051,18341966,1310131,0,0,0,0,0,0,0,0,0,0,0,0,13887427,13876384,13953,13943,3,0,0,0,0,0,0,0,0,network_stall
1779257521.5797768,g5.hpc.coe,43337,0.5001,0,0.0,2035.0,12288.0,15890106405,16482011041,17536055,18341968,1310131,0,0,0,0,0,0,0,0,0,0,0,0,592,112,4,2,0,0,0,0,0,0,0,0,0,network_stall
1779257522.0799122,g5.hpc.coe,43337,0.5001,0,0.0,2035.0,12288.0,15890106984,16482011120,17536058,18341970,1310131,0,0,0,0,0,0,0,0,0,0,0,0,579,79,3,2,0,0,0,0,0,0,0,0,0,network_stall
1779257522.5800445,g5.hpc.coe,43337,0.5001,0,0.0,2035.0,12288.0,15890107605,16482011199,17536061,18341972,1310131,0,0,0,0,0,0,0,0,0,0,0,0,621,79,3,2,0,0,0,0,0,0,0,0,0,network_stall
1779257523.080173,g5.hpc.coe,43337,0.5001,0,0.0,2035.0,12288.0,15890108268,16482011278,17536064,18341974,1310131,0,0,0,0,0,0,0,0,0,0,0,0,663,79,3,2,0,0,0,0,0,0,0,0,0,network_stall
1779257523.5802953,g5.hpc.coe,43337,0.5001,0,0.0,2035.0,12288.0,15890108973,16482011357,17536067,18341976,1310131,0,0,0,0,0,0,0,0,0,0,0,0,705,79,3,2,0,0,0,0,0,0,0,0,0,network_stall
1779257524.0804431,g5.hpc.coe,43337,0.5001,0,0.0,2035.0,12288.0,15890109720,16482011436,17536070,18341978,1310131,0,0,0,0,0,0,0,0,0,0,0,0,747,79,3,2,0,0,0,0,0,0,0,0,0,network_stall
1779257524.5805435,g5.hpc.coe,43337,0.5001,0,75.0,2035.0,12288.0,15904703189,16496590307,17550829,18356731,1310132,0,0,0,0,0,0,0,0,0,0,0,0,14593469,14578871,14759,14753,1,0,0,0,0,0,0,0,0,network_stall
1779257525.0806723,g5.hpc.coe,43337,0.5001,0,3.0,2035.0,12288.0,15924848323,16516721828,17571020,18376914,1310138,0,0,0,0,0,0,0,0,0,0,0,0,20145134,20131521,20191,20183,6,0,0,0,0,0,0,0,0,network_stall
1779257525.5808077,g5.hpc.coe,43337,0.5001,0,0.0,2035.0,12288.0,15924849206,16516721907,17571023,18376916,1310138,0,0,0,0,0,0,0,0,0,0,0,0,883,79,3,2,0,0,0,0,0,0,0,0,0,network_stall
1779257526.0809455,g5.hpc.coe,43337,0.5001,0,0.0,2035.0,12288.0,15924850131,16516721986,17571026,18376918,1310138,0,0,0,0,0,0,0,0,0,0,0,0,925,79,3,2,0,0,0,0,0,0,0,0,0,network_stall
1779257526.5810606,g5.hpc.coe,43337,0.5001,0,0.0,2035.0,12288.0,15924851175,16516722120,17571031,18376921,1310138,0,0,0,0,0,0,0,0,0,0,0,0,1044,134,5,3,0,0,0,0,0,0,0,0,0,network_stall
1779257527.0811927,g5.hpc.coe,43337,0.5001,0,0.0,2035.0,12288.0,15924852184,16516722199,17571034,18376923,1310138,0,0,0,0,0,0,0,0,0,0,0,0,1009,79,3,2,0,0,0,0,0,0,0,0,0,network_stall
1779257527.5813282,g5.hpc.coe,43337,0.5001,0,0.0,2035.0,12288.0,15924853235,16516722278,17571037,18376925,1310138,0,0,0,0,0,0,0,0,0,0,0,0,1051,79,3,2,0,0,0,0,0,0,0,0,0,network_stall
1779257528.0814662,g5.hpc.coe,43337,0.5001,0,0.0,2035.0,12288.0,15924854351,16516722357,17571041,18376927,1310138,0,0,0,0,0,0,0,0,0,0,0,0,1116,79,4,2,0,0,0,0,0,0,0,0,0,network_stall
1779257528.5815678,g5.hpc.coe,43337,0.5001,0,54.0,2035.0,12288.0,15939448168,16531301158,17585798,18391670,1310994,0,0,0,0,0,0,0,0,0,0,0,0,14593817,14578801,14757,14743,856,0,0,0,0,0,0,0,0,network_stall
1779257529.081701,g5.hpc.coe,43337,0.5001,0,23.0,2035.0,12288.0,15959593226,16551433104,17606003,18411860,1310996,0,0,0,0,0,0,0,0,0,0,0,0,20145058,20131946,20205,20190,2,0,0,0,0,0,0,0,0,network_stall
1779257529.5818155,g5.hpc.coe,43337,0.5001,0,0.0,2035.0,12288.0,15959593410,16551433161,17606005,18411861,1310996,0,0,0,0,0,0,0,0,0,0,0,0,184,57,2,1,0,0,0,0,0,0,0,0,0,network_stall
1779257530.081953,g5.hpc.coe,43337,0.5001,0,0.0,2035.0,12288.0,15959593636,16551433218,17606007,18411862,1310996,0,0,0,0,0,0,0,0,0,0,0,0,226,57,2,1,0,0,0,0,0,0,0,0,0,network_stall
1779257530.5820837,g5.hpc.coe,43337,0.5001,0,0.0,2035.0,12288.0,15959593904,16551433275,17606009,18411863,1310996,0,0,0,0,0,0,0,0,0,0,0,0,268,57,2,1,0,0,0,0,0,0,0,0,0,network_stall
1779257531.082214,g5.hpc.coe,43337,0.5001,0,0.0,2035.0,12288.0,15959594214,16551433332,17606011,18411864,1310996,0,0,0,0,0,0,0,0,0,0,0,0,310,57,2,1,0,0,0,0,0,0,0,0,0,network_stall
1779257531.5823622,g5.hpc.coe,43337,0.5001,0,0.0,2035.0,12288.0,15959594643,16551433444,17606015,18411866,1310996,0,0,0,0,0,0,0,0,0,0,0,0,429,112,4,2,0,0,0,0,0,0,0,0,0,network_stall
1779257532.0824995,g5.hpc.coe,43337,0.5001,0,0.0,2035.0,12288.0,15959595037,16551433501,17606017,18411867,1310996,0,0,0,0,0,0,0,0,0,0,0,0,394,57,2,1,0,0,0,0,0,0,0,0,0,network_stall
1779257532.5825965,g5.hpc.coe,43337,0.5001,0,35.0,2035.0,12288.0,15970021413,16563033723,17617074,18423784,1310996,0,0,0,0,0,0,0,0,0,0,0,0,10426376,11600222,11057,11917,0,0,0,0,0,0,0,0,0,network_stall
1779257533.0827289,g5.hpc.coe,43337,0.5001,0,43.0,2035.0,12288.0,15994332927,16586143765,17640964,18446789,1311401,0,0,0,0,0,0,0,0,0,0,0,0,24311514,23110042,23890,23005,405,0,0,0,0,0,0,0,0,network_stall
1779257533.5828633,g5.hpc.coe,43337,0.5001,0,0.0,2035.0,12288.0,15994333457,16586143822,17640966,18446790,1311401,0,0,0,0,0,0,0,0,0,0,0,0,530,57,2,1,0,0,0,0,0,0,0,0,0,network_stall
1779257534.0830047,g5.hpc.coe,43337,0.5001,0,0.0,2035.0,12288.0,15994334051,16586143901,17640969,18446792,1311401,0,0,0,0,0,0,0,0,0,0,0,0,594,79,3,2,0,0,0,0,0,0,0,0,0,network_stall
1779257534.5831397,g5.hpc.coe,43337,0.5001,0,0.0,2035.0,12288.0,15994334687,16586143980,17640972,18446794,1311401,0,0,0,0,0,0,0,0,0,0,0,0,636,79,3,2,0,0,0,0,0,0,0,0,0,network_stall
1779257535.0832727,g5.hpc.coe,43337,0.5001,0,0.0,2035.0,12288.0,15994335365,16586144059,17640975,18446796,1311401,0,0,0,0,0,0,0,0,0,0,0,0,678,79,3,2,0,0,0,0,0,0,0,0,0,network_stall
1779257535.5834126,g5.hpc.coe,43337,0.5001,0,0.0,2035.0,12288.0,15994336085,16586144138,17640978,18446798,1311401,0,0,0,0,0,0,0,0,0,0,0,0,720,79,3,2,0,0,0,0,0,0,0,0,0,network_stall
1779257536.0835645,g5.hpc.coe,43337,0.5002,0,0.0,2035.0,12288.0,15994336847,16586144217,17640981,18446800,1311401,0,0,0,0,0,0,0,0,0,0,0,0,762,79,3,2,0,0,0,0,0,0,0,0,0,network_stall
1779257536.5836618,g5.hpc.coe,43337,0.5001,0,25.0,2035.0,12288.0,16001982983,16593781029,17648749,18454558,1311402,0,0,0,0,0,0,0,0,0,0,0,0,7646136,7636812,7768,7758,1,0,0,0,0,0,0,0,0,network_stall
1779257537.0837908,g5.hpc.coe,43337,0.5001,0,52.0,2035.0,12288.0,16029075570,16620854629,17675935,18481732,1311412,0,0,0,0,0,0,0,0,0,0,0,0,27092587,27073600,27186,27174,10,0,0,0,0,0,0,0,0,network_stall
1779257537.5839074,g5.hpc.coe,43337,0.5001,0,0.0,2035.0,12288.0,16029076468,16620854708,17675938,18481734,1311412,0,0,0,0,0,0,0,0,0,0,0,0,898,79,3,2,0,0,0,0,0,0,0,0,0,network_stall
1779257538.084047,g5.hpc.coe,43337,0.5001,0,0.0,2035.0,12288.0,16029077408,16620854787,17675941,18481736,1311412,0,0,0,0,0,0,0,0,0,0,0,0,940,79,3,2,0,0,0,0,0,0,0,0,0,network_stall
1779257538.5842035,g5.hpc.coe,43337,0.5002,0,0.0,2035.0,12288.0,16029078389,16620854866,17675944,18481738,1311412,0,0,0,0,0,0,0,0,0,0,0,0,981,79,3,2,0,0,0,0,0,0,0,0,0,network_stall
1779257539.0843375,g5.hpc.coe,43337,0.5001,0,0.0,2035.0,12288.0,16029079412,16620854945,17675947,18481740,1311412,0,0,0,0,0,0,0,0,0,0,0,0,1023,79,3,2,0,0,0,0,0,0,0,0,0,network_stall
1779257539.5844758,g5.hpc.coe,43337,0.5001,0,0.0,2035.0,12288.0,16029080500,16620855024,17675951,18481742,1311412,0,0,0,0,0,0,0,0,0,0,0,0,1088,79,4,2,0,0,0,0,0,0,0,0,0,network_stall
1779257540.0846226,g5.hpc.coe,43337,0.5001,0,0.0,2035.0,12288.0,16029081630,16620855103,17675955,18481744,1311412,0,0,0,0,0,0,0,0,0,0,0,0,1130,79,4,2,0,0,0,0,0,0,0,0,0,network_stall
1779257540.5847166,g5.hpc.coe,43337,0.5001,0,6.0,2035.0,12288.0,16036038076,16627804966,17682981,18488759,1311420,0,0,0,0,0,0,0,0,0,0,0,0,6956446,6949863,7026,7015,8,0,0,0,0,0,0,0,0,network_stall
1779257541.0848627,g5.hpc.coe,43337,0.5001,0,71.0,2035.0,12288.0,16063820014,16655565431,17710917,18516673,1311432,0,0,0,0,0,0,0,0,0,0,0,0,27781938,27760465,27936,27914,12,0,0,0,0,0,0,0,0,network_stall
1779257541.5849955,g5.hpc.coe,43337,0.5001,0,0.0,2035.0,12288.0,16063820211,16655565488,17710919,18516674,1311432,0,0,0,0,0,0,0,0,0,0,0,0,197,57,2,1,0,0,0,0,0,0,0,0,0,network_stall
1779257542.0851235,g5.hpc.coe,43337,0.5001,0,0.0,2035.0,12288.0,16063820450,16655565545,17710921,18516675,1311432,0,0,0,0,0,0,0,0,0,0,0,0,239,57,2,1,0,0,0,0,0,0,0,0,0,network_stall
1779257542.5852401,g5.hpc.coe,43337,0.5001,0,0.0,2035.0,12288.0,16063820731,16655565602,17710923,18516676,1311432,0,0,0,0,0,0,0,0,0,0,0,0,281,57,2,1,0,0,0,0,0,0,0,0,0,network_stall
1779257543.0853565,g5.hpc.coe,43337,0.5001,0,0.0,2035.0,12288.0,16063821054,16655565659,17710925,18516677,1311432,0,0,0,0,0,0,0,0,0,0,0,0,323,57,2,1,0,0,0,0,0,0,0,0,0,network_stall
1779257543.5854867,g5.hpc.coe,43337,0.5001,0,0.0,2035.0,12288.0,16063821419,16655565716,17710927,18516678,1311432,0,0,0,0,0,0,0,0,0,0,0,0,365,57,2,1,0,0,0,0,0,0,0,0,0,network_stall
1779257544.0856373,g5.hpc.coe,43337,0.5002,0,0.0,2035.0,12288.0,16063822449,16655566220,17710944,18516687,1311432,0,0,0,0,0,0,0,0,0,0,0,0,1030,504,17,9,0,0,0,0,0,0,0,0,0,network_stall
1779257544.5857806,g5.hpc.coe,43337,0.5001,0,0.0,2035.0,12288.0,16063822899,16655566277,17710946,18516688,1311432,0,0,0,0,0,0,0,0,0,0,0,0,450,57,2,1,0,0,0,0,0,0,0,0,0,network_stall
1779257545.0858805,g5.hpc.coe,43337,0.5001,0,85.0,2035.0,12288.0,16078416015,16670145077,17725696,18531433,1312146,0,0,0,0,0,0,0,0,0,0,0,0,14593116,14578800,14750,14745,714,0,0,0,0,0,0,0,0,network_stall
1779257545.5860114,g5.hpc.coe,43337,0.5001,0,0.0,2035.0,12288.0,16098560866,16690276611,17745888,18551620,1312152,0,0,0,0,0,0,0,0,0,0,0,0,20144851,20131534,20192,20187,6,0,0,0,0,0,0,0,0,network_stall
1779257546.0861542,g5.hpc.coe,43337,0.5001,0,0.0,2035.0,12288.0,16098561474,16690276690,17745891,18551622,1312152,0,0,0,0,0,0,0,0,0,0,0,0,608,79,3,2,0,0,0,0,0,0,0,0,0,network_stall
1779257546.5862904,g5.hpc.coe,43337,0.5001,0,0.0,2035.0,12288.0,16098562124,16690276769,17745894,18551624,1312152,0,0,0,0,0,0,0,0,0,0,0,0,650,79,3,2,0,0,0,0,0,0,0,0,0,network_stall
1779257547.0864255,g5.hpc.coe,43337,0.5001,0,0.0,2035.0,12288.0,16098562893,16690276903,17745899,18551627,1312152,0,0,0,0,0,0,0,0,0,0,0,0,769,134,5,3,0,0,0,0,0,0,0,0,0,network_stall
1779257547.5865393,g5.hpc.coe,43337,0.5001,0,0.0,2035.0,12288.0,16098563627,16690276982,17745902,18551629,1312152,0,0,0,0,0,0,0,0,0,0,0,0,734,79,3,2,0,0,0,0,0,0,0,0,0,network_stall
1779257548.0866761,g5.hpc.coe,43337,0.5001,0,0.0,2035.0,12288.0,16098564403,16690277061,17745905,18551631,1312152,0,0,0,0,0,0,0,0,0,0,0,0,776,79,3,2,0,0,0,0,0,0,0,0,0,network_stall
1779257548.5868125,g5.hpc.coe,43337,0.5001,0,0.0,2035.0,12288.0,16098565221,16690277140,17745908,18551633,1312152,0,0,0,0,0,0,0,0,0,0,0,0,818,79,3,2,0,0,0,0,0,0,0,0,0,network_stall
1779257549.08691,g5.hpc.coe,43337,0.5001,0,66.0,2035.0,12288.0,16111620123,16703758588,17759715,18565605,1312882,0,0,0,0,0,0,0,0,0,0,0,0,13054902,13481448,13807,13972,730,0,0,0,0,0,0,0,0,network_stall
1779257549.587011,g5.hpc.coe,43337,0.5001,0,12.0,2035.0,12288.0,16133303973,16724987511,17780859,18586566,1312888,0,0,0,0,0,0,0,0,0,0,0,0,21683850,21228923,21144,20961,6,0,0,0,0,0,0,0,0,network_stall
1779257550.0871575,g5.hpc.coe,43337,0.5001,0,0.0,2035.0,12288.0,16133304927,16724987590,17780862,18586568,1312888,0,0,0,0,0,0,0,0,0,0,0,0,954,79,3,2,0,0,0,0,0,0,0,0,0,network_stall
1779257550.587304,g5.hpc.coe,43337,0.5001,0,0.0,2035.0,12288.0,16133305923,16724987669,17780865,18586570,1312888,0,0,0,0,0,0,0,0,0,0,0,0,996,79,3,2,0,0,0,0,0,0,0,0,0,network_stall
1779257551.0874407,g5.hpc.coe,43337,0.5001,0,0.0,2035.0,12288.0,16133306961,16724987748,17780868,18586572,1312888,0,0,0,0,0,0,0,0,0,0,0,0,1038,79,3,2,0,0,0,0,0,0,0,0,0,network_stall
1779257551.5875785,g5.hpc.coe,43337,0.5001,0,0.0,2035.0,12288.0,16133308063,16724987827,17780872,18586574,1312888,0,0,0,0,0,0,0,0,0,0,0,0,1102,79,4,2,0,0,0,0,0,0,0,0,0,network_stall
1779257552.0877092,g5.hpc.coe,43337,0.5001,0,0.0,2035.0,12288.0,16133309284,16724987961,17780878,18586577,1312888,0,0,0,0,0,0,0,0,0,0,0,0,1221,134,6,3,0,0,0,0,0,0,0,0,0,network_stall
1779257552.5878427,g5.hpc.coe,43337,0.5001,0,0.0,2035.0,12288.0,16133310471,16724988040,17780882,18586579,1312888,0,0,0,0,0,0,0,0,0,0,0,0,1187,79,4,2,0,0,0,0,0,0,0,0,0,network_stall
1779257553.0879347,g5.hpc.coe,43337,0.5001,0,46.0,2035.0,12288.0,16140955901,16732624733,17788649,18594329,1312890,0,0,0,0,0,0,0,0,0,0,0,0,7645430,7636693,7767,7750,2,0,0,0,0,0,0,0,0,network_stall
1779257553.588032,g5.hpc.coe,43337,0.5001,0,32.0,2035.0,12288.0,16168047866,16759698276,17815837,18621497,1312894,0,0,0,0,0,0,0,0,0,0,0,0,27091965,27073543,27188,27168,4,0,0,0,0,0,0,0,0,network_stall
1779257554.0881665,g5.hpc.coe,43337,0.5001,0,0.0,2035.0,12288.0,16168048120,16759698333,17815839,18621498,1312894,0,0,0,0,0,0,0,0,0,0,0,0,254,57,2,1,0,0,0,0,0,0,0,0,0,network_stall
1779257554.5882802,g5.hpc.coe,43337,0.5001,0,0.0,2035.0,12288.0,16168048416,16759698390,17815841,18621499,1312894,0,0,0,0,0,0,0,0,0,0,0,0,296,57,2,1,0,0,0,0,0,0,0,0,0,network_stall
1779257555.0883892,g5.hpc.coe,43337,0.5001,0,0.0,2035.0,12288.0,16168048754,16759698447,17815843,18621500,1312894,0,0,0,0,0,0,0,0,0,0,0,0,338,57,2,1,0,0,0,0,0,0,0,0,0,network_stall
1779257555.5885262,g5.hpc.coe,43337,0.5001,0,0.0,2035.0,12288.0,16168049134,16759698504,17815845,18621501,1312894,0,0,0,0,0,0,0,0,0,0,0,0,380,57,2,1,0,0,0,0,0,0,0,0,0,network_stall
1779257556.0886583,g5.hpc.coe,43337,0.5001,0,0.0,2035.0,12288.0,16168049556,16759698561,17815847,18621502,1312894,0,0,0,0,0,0,0,0,0,0,0,0,422,57,2,1,0,0,0,0,0,0,0,0,0,network_stall
1779257556.5887983,g5.hpc.coe,43337,0.5001,0,0.0,2035.0,12288.0,16168050020,16759698618,17815849,18621503,1312894,0,0,0,0,0,0,0,0,0,0,0,0,464,57,2,1,0,0,0,0,0,0,0,0,0,network_stall
1779257557.088904,g5.hpc.coe,43337,0.5001,0,31.0,2035.0,12288.0,16175005856,16766648479,17822872,18628513,1313111,0,0,0,0,0,0,0,0,0,0,0,0,6955836,6949861,7023,7010,217,0,0,0,0,0,0,0,0,network_stall
1779257557.589012,g5.hpc.coe,43337,0.5001,0,45.0,2035.0,12288.0,16202788162,16794408980,17850801,18656430,1314697,0,0,0,0,0,0,0,0,0,0,0,0,27782306,27760501,27929,27917,1586,0,0,0,0,0,0,0,0,network_stall
1779257558.0891626,g5.hpc.coe,43337,0.5002,0,0.0,2035.0,12288.0,16202788784,16794409059,17850804,18656432,1314697,0,0,0,0,0,0,0,0,0,0,0,0,622,79,3,2,0,0,0,0,0,0,0,0,0,network_stall
1779257558.5892932,g5.hpc.coe,43337,0.5001,0,0.0,2035.0,12288.0,16202789448,16794409138,17850807,18656434,1314697,0,0,0,0,0,0,0,0,0,0,0,0,664,79,3,2,0,0,0,0,0,0,0,0,0,network_stall
1779257559.0894244,g5.hpc.coe,43337,0.5001,0,0.0,2035.0,12288.0,16202790777,16794409664,17850825,18656444,1314697,0,0,0,0,0,0,0,0,0,0,0,0,1329,526,18,10,0,0,0,0,0,0,0,0,0,network_stall
1779257559.589563,g5.hpc.coe,43337,0.5001,0,0.0,2035.0,12288.0,16202791526,16794409743,17850828,18656446,1314697,0,0,0,0,0,0,0,0,0,0,0,0,749,79,3,2,0,0,0,0,0,0,0,0,0,network_stall
1779257560.08971,g5.hpc.coe,43337,0.5001,0,0.0,2035.0,12288.0,16202792316,16794409822,17850831,18656448,1314697,0,0,0,0,0,0,0,0,0,0,0,0,790,79,3,2,0,0,0,0,0,0,0,0,0,network_stall
1779257560.5898654,g5.hpc.coe,43337,0.5002,0,0.0,2035.0,12288.0,16202793148,16794409901,17850834,18656450,1314697,0,0,0,0,0,0,0,0,0,0,0,0,832,79,3,2,0,0,0,0,0,0,0,0,0,network_stall
1779257561.0899625,g5.hpc.coe,43337,0.5001,0,17.0,2035.0,12288.0,16203491957,16796159415,17851622,18658252,1314697,0,0,0,0,0,0,0,0,0,0,0,0,698809,1749514,788,1802,0,0,0,0,0,0,0,0,0,network_stall
1779257561.5900674,g5.hpc.coe,43337,0.5001,0,67.0,2035.0,12288.0,16237531975,16829120293,17885792,18691386,1314706,0,0,0,0,0,0,0,0,0,0,0,0,34040018,32960878,34170,33134,9,0,0,0,0,0,0,0,0,network_stall
1779257562.0902078,g5.hpc.coe,43337,0.5001,0,0.0,2035.0,12288.0,16237532996,16829120427,17885796,18691389,1314706,0,0,0,0,0,0,0,0,0,0,0,0,1021,134,4,3,0,0,0,0,0,0,0,0,0,network_stall
1779257562.5903203,g5.hpc.coe,43337,0.5001,0,0.0,2035.0,12288.0,16237534284,16829120761,17885805,18691396,1314706,0,0,0,0,0,0,0,0,0,0,0,0,1288,334,9,7,0,0,0,0,0,0,0,0,0,network_stall
1779257563.0904596,g5.hpc.coe,43337,0.5001,0,0.0,2035.0,12288.0,16237535357,16829120840,17885809,18691398,1314706,0,0,0,0,0,0,0,0,0,0,0,0,1073,79,4,2,0,0,0,0,0,0,0,0,0,network_stall
1779257563.590606,g5.hpc.coe,43337,0.5001,0,0.0,2035.0,12288.0,16237536473,16829120919,17885813,18691400,1314706,0,0,0,0,0,0,0,0,0,0,0,0,1116,79,4,2,0,0,0,0,0,0,0,0,0,network_stall
1779257564.090743,g5.hpc.coe,43337,0.5001,0,0.0,2035.0,12288.0,16237537631,16829120998,17885817,18691402,1314706,0,0,0,0,0,0,0,0,0,0,0,0,1158,79,4,2,0,0,0,0,0,0,0,0,0,network_stall
1779257564.5908804,g5.hpc.coe,43337,0.5001,0,0.0,2035.0,12288.0,16237537763,16829121055,17885819,18691403,1314706,0,0,0,0,0,0,0,0,0,0,0,0,132,57,2,1,0,0,0,0,0,0,0,0,0,network_stall
1779257565.090986,g5.hpc.coe,43337,0.5001,0,2.0,2035.0,12288.0,16237545835,16829298830,17885857,18691599,1314706,0,0,0,0,0,0,0,0,0,0,0,0,8072,177775,38,196,0,0,0,0,0,0,0,0,0,network_stall
1779257565.5911186,g5.hpc.coe,43337,0.5001,0,73.0,2035.0,12288.0,16272275111,16863831340,17920764,18726328,1314713,0,0,0,0,0,0,0,0,0,0,0,0,34729276,34532510,34907,34729,7,0,0,0,0,0,0,0,0,network_stall
1779257566.0912454,g5.hpc.coe,43337,0.5001,0,0.0,2035.0,12288.0,16272275375,16863831397,17920766,18726329,1314713,0,0,0,0,0,0,0,0,0,0,0,0,264,57,2,1,0,0,0,0,0,0,0,0,0,network_stall
1779257566.591358,g5.hpc.coe,43337,0.5001,0,0.0,2035.0,12288.0,16272275681,16863831454,17920768,18726330,1314713,0,0,0,0,0,0,0,0,0,0,0,0,306,57,2,1,0,0,0,0,0,0,0,0,0,network_stall
1779257567.0914977,g5.hpc.coe,43337,0.5001,0,0.0,2035.0,12288.0,16272276029,16863831511,17920770,18726331,1314713,0,0,0,0,0,0,0,0,0,0,0,0,348,57,2,1,0,0,0,0,0,0,0,0,0,network_stall
1779257567.5916448,g5.hpc.coe,43337,0.5001,0,0.0,2035.0,12288.0,16272276496,16863831623,17920774,18726333,1314713,0,0,0,0,0,0,0,0,0,0,0,0,467,112,4,2,0,0,0,0,0,0,0,0,0,network_stall
1779257568.0917778,g5.hpc.coe,43337,0.5001,0,0.0,2035.0,12288.0,16272276928,16863831680,17920776,18726334,1314713,0,0,0,0,0,0,0,0,0,0,0,0,432,57,2,1,0,0,0,0,0,0,0,0,0,network_stall
1779257568.5919223,g5.hpc.coe,43337,0.5001,0,0.0,2035.0,12288.0,16272277402,16863831737,17920778,18726335,1314713,0,0,0,0,0,0,0,0,0,0,0,0,474,57,2,1,0,0,0,0,0,0,0,0,0,network_stall
1779257569.0920613,g5.hpc.coe,43337,0.5001,0,0.0,2035.0,12288.0,16272277918,16863831794,17920780,18726336,1314713,0,0,0,0,0,0,0,0,0,0,0,0,516,57,2,1,0,0,0,0,0,0,0,0,0,network_stall
1779257569.5921614,g5.hpc.coe,43337,0.5001,0,100.0,2035.0,12288.0,16307015420,16898542093,17955719,18761268,1315074,0,0,0,0,0,0,0,0,0,0,0,0,34737502,34710299,34939,34932,361,0,0,0,0,0,0,0,0,network_stall
1779257570.092301,g5.hpc.coe,43337,0.5001,0,0.0,2035.0,12288.0,16307016048,16898542172,17955722,18761270,1315074,0,0,0,0,0,0,0,0,0,0,0,0,628,79,3,2,0,0,0,0,0,0,0,0,0,network_stall
1779257570.5924332,g5.hpc.coe,43337,0.5001,0,0.0,2035.0,12288.0,16307016718,16898542251,17955725,18761272,1315074,0,0,0,0,0,0,0,0,0,0,0,0,670,79,3,2,0,0,0,0,0,0,0,0,0,network_stall
1779257571.0925798,g5.hpc.coe,43337,0.5001,0,0.0,2035.0,12288.0,16307017430,16898542330,17955728,18761274,1315074,0,0,0,0,0,0,0,0,0,0,0,0,712,79,3,2,0,0,0,0,0,0,0,0,0,network_stall
1779257571.592722,g5.hpc.coe,43337,0.5001,0,0.0,2035.0,12288.0,16307018184,16898542409,17955731,18761276,1315074,0,0,0,0,0,0,0,0,0,0,0,0,754,79,3,2,0,0,0,0,0,0,0,0,0,network_stall
1779257572.09287,g5.hpc.coe,43337,0.5001,0,0.0,2035.0,12288.0,16307018980,16898542488,17955734,18761278,1315074,0,0,0,0,0,0,0,0,0,0,0,0,796,79,3,2,0,0,0,0,0,0,0,0,0,network_stall
1779257572.5930037,g5.hpc.coe,43337,0.5001,0,0.0,2035.0,12288.0,16307019894,16898542622,17955739,18761281,1315074,0,0,0,0,0,0,0,0,0,0,0,0,914,134,5,3,0,0,0,0,0,0,0,0,0,network_stall
1779257573.0931487,g5.hpc.coe,43337,0.5001,0,0.0,2035.0,12288.0,16307020773,16898542701,17955742,18761283,1315074,0,0,0,0,0,0,0,0,0,0,0,0,879,79,3,2,0,0,0,0,0,0,0,0,0,network_stall
1779257573.593249,g5.hpc.coe,43337,0.5001,0,100.0,2035.0,12288.0,16335509133,16927005625,17984474,18790003,1315397,0,0,0,0,0,0,0,0,0,0,0,0,28488360,28462924,28732,28720,323,0,0,0,0,0,0,0,0,network_stall
1779257574.093372,g5.hpc.coe,43337,0.5001,0,0.0,2035.0,12288.0,16341760243,16933253512,17990704,18796223,1315397,0,0,0,0,0,0,0,0,0,0,0,0,6251110,6247887,6230,6220,0,0,0,0,0,0,0,0,0,network_stall
1779257574.5935118,g5.hpc.coe,43337,0.5001,0,0.0,2035.0,12288.0,16341761257,16933253591,17990707,18796225,1315397,0,0,0,0,0,0,0,0,0,0,0,0,1014,79,3,2,0,0,0,0,0,0,0,0,0,network_stall
1779257575.0936546,g5.hpc.coe,43337,0.5001,0,0.0,2035.0,12288.0,16341762314,16933253670,17990710,18796227,1315397,0,0,0,0,0,0,0,0,0,0,0,0,1057,79,3,2,0,0,0,0,0,0,0,0,0,network_stall
1779257575.5937908,g5.hpc.coe,43337,0.5001,0,0.0,2035.0,12288.0,16341763435,16933253749,17990714,18796229,1315397,0,0,0,0,0,0,0,0,0,0,0,0,1121,79,4,2,0,0,0,0,0,0,0,0,0,network_stall
1779257576.0939257,g5.hpc.coe,43337,0.5001,0,0.0,2035.0,12288.0,16341764598,16933253828,17990718,18796231,1315397,0,0,0,0,0,0,0,0,0,0,0,0,1163,79,4,2,0,0,0,0,0,0,0,0,0,network_stall
1779257576.5940592,g5.hpc.coe,43337,0.5001,0,0.0,2035.0,12288.0,16341764735,16933253885,17990720,18796232,1315397,0,0,0,0,0,0,0,0,0,0,0,0,137,57,2,1,0,0,0,0,0,0,0,0,0,network_stall
1779257577.0941942,g5.hpc.coe,43337,0.5001,0,0.0,2035.0,12288.0,16341764914,16933253942,17990722,18796233,1315397,0,0,0,0,0,0,0,0,0,0,0,0,179,57,2,1,0,0,0,0,0,0,0,0,0,network_stall
1779257577.5942914,g5.hpc.coe,43337,0.5001,0,100.0,2035.0,12288.0,16369562642,16961029900,18018710,18824196,1315972,0,0,0,0,0,0,0,0,0,0,0,0,27797728,27775958,27988,27963,575,0,0,0,0,0,0,0,0,network_stall
1779257578.094423,g5.hpc.coe,43337,0.5001,0,0.0,2035.0,12288.0,16376502501,16967964268,18025678,18831157,1315972,0,0,0,0,0,0,0,0,0,0,0,0,6939859,6934368,6968,6961,0,0,0,0,0,0,0,0,0,network_stall
1779257578.5945349,g5.hpc.coe,43337,0.5001,0,0.0,2035.0,12288.0,16376502816,16967964325,18025680,18831158,1315972,0,0,0,0,0,0,0,0,0,0,0,0,315,57,2,1,0,0,0,0,0,0,0,0,0,network_stall
1779257579.0946465,g5.hpc.coe,43337,0.5001,0,0.0,2035.0,12288.0,16376503173,16967964382,18025682,18831159,1315972,0,0,0,0,0,0,0,0,0,0,0,0,357,57,2,1,0,0,0,0,0,0,0,0,0,network_stall
1779257579.5947907,g5.hpc.coe,43337,0.5001,0,0.0,2035.0,12288.0,16376503572,16967964439,18025684,18831160,1315972,0,0,0,0,0,0,0,0,0,0,0,0,399,57,2,1,0,0,0,0,0,0,0,0,0,network_stall
1779257580.0949347,g5.hpc.coe,43337,0.5001,0,0.0,2035.0,12288.0,16376504013,16967964496,18025686,18831161,1315972,0,0,0,0,0,0,0,0,0,0,0,0,441,57,2,1,0,0,0,0,0,0,0,0,0,network_stall
1779257580.595079,g5.hpc.coe,43337,0.5001,0,0.0,2035.0,12288.0,16376504496,16967964553,18025688,18831162,1315972,0,0,0,0,0,0,0,0,0,0,0,0,483,57,2,1,0,0,0,0,0,0,0,0,0,network_stall
1779257581.095211,g5.hpc.coe,43337,0.5001,0,0.0,2035.0,12288.0,16376505020,16967964610,18025690,18831163,1315972,0,0,0,0,0,0,0,0,0,0,0,0,524,57,2,1,0,0,0,0,0,0,0,0,0,network_stall
1779257581.595304,g5.hpc.coe,43337,0.5001,0,100.0,2035.0,12288.0,16398045671,16989485469,18047436,18852894,1316739,0,0,0,0,0,0,0,0,0,0,0,0,21540651,21520859,21746,21731,767,0,0,0,0,0,0,0,0,network_stall
1779257582.0954423,g5.hpc.coe,43337,0.5001,0,0.0,2035.0,12288.0,16411243187,17002675002,18060635,18866099,1316742,0,0,0,0,0,0,0,0,0,0,0,0,13197516,13189533,13199,13205,3,0,0,0,0,0,0,0,0,network_stall
1779257582.5955727,g5.hpc.coe,43337,0.5001,0,0.0,2035.0,12288.0,16411243946,17002675136,18060640,18866102,1316742,0,0,0,0,0,0,0,0,0,0,0,0,759,134,5,3,0,0,0,0,0,0,0,0,0,network_stall
1779257583.0957005,g5.hpc.coe,43337,0.5001,0,0.0,2035.0,12288.0,16411244671,17002675215,18060643,18866104,1316742,0,0,0,0,0,0,0,0,0,0,0,0,725,79,3,2,0,0,0,0,0,0,0,0,0,network_stall
1779257583.5958693,g5.hpc.coe,43337,0.5002,0,0.0,2035.0,12288.0,16411245438,17002675294,18060646,18866106,1316742,0,0,0,0,0,0,0,0,0,0,0,0,767,79,3,2,0,0,0,0,0,0,0,0,0,network_stall
1779257584.0960171,g5.hpc.coe,43337,0.5001,0,0.0,2035.0,12288.0,16411246247,17002675373,18060649,18866108,1316742,0,0,0,0,0,0,0,0,0,0,0,0,809,79,3,2,0,0,0,0,0,0,0,0,0,network_stall
1779257584.5961418,g5.hpc.coe,43337,0.5001,0,0.0,2035.0,12288.0,16411247098,17002675452,18060652,18866110,1316742,0,0,0,0,0,0,0,0,0,0,0,0,851,79,3,2,0,0,0,0,0,0,0,0,0,network_stall
1779257585.096263,g5.hpc.coe,43337,0.5001,0,0.0,2035.0,12288.0,16411247991,17002675531,18060655,18866112,1316742,0,0,0,0,0,0,0,0,0,0,0,0,893,79,3,2,0,0,0,0,0,0,0,0,0,network_stall
1779257585.5963607,g5.hpc.coe,43337,0.5001,0,100.0,2035.0,12288.0,16432788981,17024196418,18082400,18887847,1316745,0,0,0,0,0,0,0,0,0,0,0,0,21540990,21520887,21745,21735,3,0,0,0,0,0,0,0,0,network_stall
1779257586.0964885,g5.hpc.coe,43337,0.5001,0,0.0,2035.0,12288.0,16445986885,17037385916,18095605,18901047,1316747,0,0,0,0,0,0,0,0,0,0,0,0,13197904,13189498,13205,13200,2,0,0,0,0,0,0,0,0,network_stall
1779257586.5966206,g5.hpc.coe,43337,0.5001,0,0.0,2035.0,12288.0,16445987913,17037385995,18095608,18901049,1316747,0,0,0,0,0,0,0,0,0,0,0,0,1028,79,3,2,0,0,0,0,0,0,0,0,0,network_stall
1779257587.096754,g5.hpc.coe,43337,0.5001,0,0.0,2035.0,12288.0,16445989006,17037386074,18095612,18901051,1316747,0,0,0,0,0,0,0,0,0,0,0,0,1093,79,4,2,0,0,0,0,0,0,0,0,0,network_stall
1779257587.596892,g5.hpc.coe,43337,0.5001,0,0.0,2035.0,12288.0,16445990141,17037386153,18095616,18901053,1316747,0,0,0,0,0,0,0,0,0,0,0,0,1135,79,4,2,0,0,0,0,0,0,0,0,0,network_stall
1779257588.0970387,g5.hpc.coe,43337,0.5001,0,0.0,2035.0,12288.0,16445991395,17037386287,18095622,18901056,1316747,0,0,0,0,0,0,0,0,0,0,0,0,1254,134,6,3,0,0,0,0,0,0,0,0,0,network_stall
1779257588.5971699,g5.hpc.coe,43337,0.5001,0,0.0,2035.0,12288.0,16445991546,17037386344,18095624,18901057,1316747,0,0,0,0,0,0,0,0,0,0,0,0,151,57,2,1,0,0,0,0,0,0,0,0,0,network_stall
1779257589.0973039,g5.hpc.coe,43337,0.5001,0,0.0,2035.0,12288.0,16445992362,17037386848,18095641,18901066,1316747,0,0,0,0,0,0,0,0,0,0,0,0,816,504,17,9,0,0,0,0,0,0,0,0,0,network_stall
1779257589.5974026,g5.hpc.coe,43337,0.5001,0,97.0,2035.0,12288.0,16460585236,17051965662,18110393,18915813,1316752,0,0,0,0,0,0,0,0,0,0,0,0,14592874,14578814,14752,14747,5,0,0,0,0,0,0,0,0,network_stall
1779257590.09751,g5.hpc.coe,43337,0.5001,0,0.0,2035.0,12288.0,16480729838,17072097182,18130586,18935998,1316757,0,0,0,0,0,0,0,0,0,0,0,0,20144602,20131520,20193,20185,5,0,0,0,0,0,0,0,0,network_stall
1779257590.5976498,g5.hpc.coe,43337,0.5001,0,0.0,2035.0,12288.0,16480730167,17072097239,18130588,18935999,1316757,0,0,0,0,0,0,0,0,0,0,0,0,329,57,2,1,0,0,0,0,0,0,0,0,0,network_stall
1779257591.0977762,g5.hpc.coe,43337,0.5001,0,0.0,2035.0,12288.0,16480730538,17072097296,18130590,18936000,1316757,0,0,0,0,0,0,0,0,0,0,0,0,371,57,2,1,0,0,0,0,0,0,0,0,0,network_stall
1779257591.597924,g5.hpc.coe,43337,0.5001,0,0.0,2035.0,12288.0,16480730951,17072097353,18130592,18936001,1316757,0,0,0,0,0,0,0,0,0,0,0,0,413,57,2,1,0,0,0,0,0,0,0,0,0,network_stall
1779257592.0980568,g5.hpc.coe,43337,0.5001,0,0.0,2035.0,12288.0,16480731406,17072097410,18130594,18936002,1316757,0,0,0,0,0,0,0,0,0,0,0,0,455,57,2,1,0,0,0,0,0,0,0,0,0,network_stall
1779257592.598171,g5.hpc.coe,43337,0.5001,0,0.0,2035.0,12288.0,16480731903,17072097467,18130596,18936003,1316757,0,0,0,0,0,0,0,0,0,0,0,0,497,57,2,1,0,0,0,0,0,0,0,0,0,network_stall
1779257593.0983038,g5.hpc.coe,43337,0.5001,0,0.0,2035.0,12288.0,16480732518,17072097579,18130600,18936005,1316757,0,0,0,0,0,0,0,0,0,0,0,0,615,112,4,2,0,0,0,0,0,0,0,0,0,network_stall
1779257593.5983992,g5.hpc.coe,43337,0.5001,0,77.0,2035.0,12288.0,16495325724,17086676359,18145348,18950745,1316815,0,0,0,0,0,0,0,0,0,0,0,0,14593206,14578780,14748,14740,58,0,0,0,0,0,0,0,0,network_stall
1779257594.0985096,g5.hpc.coe,43337,0.5001,0,0.0,2035.0,12288.0,16515470665,17106807929,18165538,18970935,1316820,0,0,0,0,0,0,0,0,0,0,0,0,20144941,20131570,20190,20190,5,0,0,0,0,0,0,0,0,network_stall
1779257594.5986247,g5.hpc.coe,43337,0.5001,0,0.0,2035.0,12288.0,16515471362,17106808008,18165541,18970937,1316820,0,0,0,0,0,0,0,0,0,0,0,0,697,79,3,2,0,0,0,0,0,0,0,0,0,network_stall
1779257595.098754,g5.hpc.coe,43337,0.5001,0,0.0,2035.0,12288.0,16515472101,17106808087,18165544,18970939,1316820,0,0,0,0,0,0,0,0,0,0,0,0,739,79,3,2,0,0,0,0,0,0,0,0,0,network_stall
1779257595.5988677,g5.hpc.coe,43337,0.5001,0,0.0,2035.0,12288.0,16515472881,17106808166,18165547,18970941,1316820,0,0,0,0,0,0,0,0,0,0,0,0,780,79,3,2,0,0,0,0,0,0,0,0,0,network_stall
1779257596.0989861,g5.hpc.coe,43337,0.5001,0,0.0,2035.0,12288.0,16515473703,17106808245,18165550,18970943,1316820,0,0,0,0,0,0,0,0,0,0,0,0,822,79,3,2,0,0,0,0,0,0,0,0,0,network_stall
1779257596.5991383,g5.hpc.coe,43337,0.5002,0,0.0,2035.0,12288.0,16515474567,17106808324,18165553,18970945,1316820,0,0,0,0,0,0,0,0,0,0,0,0,864,79,3,2,0,0,0,0,0,0,0,0,0,network_stall
1779257597.0992525,g5.hpc.coe,43337,0.5001,0,0.0,2035.0,12288.0,16515475473,17106808403,18165556,18970947,1316820,0,0,0,0,0,0,0,0,0,0,0,0,906,79,3,2,0,0,0,0,0,0,0,0,0,network_stall
1779257597.5993593,g5.hpc.coe,43337,0.5001,0,57.0,2035.0,12288.0,16527246731,17118926682,18178035,18983724,1316989,0,0,0,0,0,0,0,0,0,0,0,0,11771258,12118279,12479,12777,169,0,0,0,0,0,0,0,0,network_stall
1779257598.099471,g5.hpc.coe,43337,0.5001,0,21.0,2035.0,12288.0,16550214451,17141518808,18200505,19005878,1317024,0,0,0,0,0,0,0,0,0,0,0,0,22967720,22592126,22470,22154,35,0,0,0,0,0,0,0,0,network_stall
1779257598.5996032,g5.hpc.coe,43337,0.5001,0,0.0,2035.0,12288.0,16550215494,17141518887,18200508,19005880,1317024,0,0,0,0,0,0,0,0,0,0,0,0,1043,79,3,2,0,0,0,0,0,0,0,0,0,network_stall
1779257599.0997322,g5.hpc.coe,43337,0.5001,0,0.0,2035.0,12288.0,16550216601,17141518966,18200512,19005882,1317024,0,0,0,0,0,0,0,0,0,0,0,0,1107,79,4,2,0,0,0,0,0,0,0,0,0,network_stall
1779257599.5998616,g5.hpc.coe,43337,0.5001,0,0.0,2035.0,12288.0,16550217750,17141519045,18200516,19005884,1317024,0,0,0,0,0,0,0,0,0,0,0,0,1149,79,4,2,0,0,0,0,0,0,0,0,0,network_stall
1779257600.1000013,g5.hpc.coe,43337,0.5001,0,0.0,2035.0,12288.0,16550217874,17141519102,18200518,19005885,1317024,0,0,0,0,0,0,0,0,0,0,0,0,124,57,2,1,0,0,0,0,0,0,0,0,0,network_stall
1779257600.600149,g5.hpc.coe,43337,0.5001,0,0.0,2035.0,12288.0,16550218040,17141519159,18200520,19005886,1317024,0,0,0,0,0,0,0,0,0,0,0,0,166,57,2,1,0,0,0,0,0,0,0,0,0,network_stall
1779257601.1003032,g5.hpc.coe,43337,0.5002,0,0.0,2035.0,12288.0,16550218247,17141519216,18200522,19005887,1317024,0,0,0,0,0,0,0,0,0,0,0,0,207,57,2,1,0,0,0,0,0,0,0,0,0,network_stall
1779257601.6004002,g5.hpc.coe,43337,0.5001,0,38.0,2035.0,12288.0,16557863765,17149155951,18208289,19013643,1317024,0,0,0,0,0,0,0,0,0,0,0,0,7645518,7636735,7767,7756,0,0,0,0,0,0,0,0,0,network_stall
1779257602.100506,g5.hpc.coe,43337,0.5001,0,39.0,2035.0,12288.0,16584955741,17176229536,18235466,19040817,1317031,0,0,0,0,0,0,0,0,0,0,0,0,27091976,27073585,27177,27174,7,0,0,0,0,0,0,0,0,network_stall
1779257602.6006465,g5.hpc.coe,43337,0.5001,0,0.0,2035.0,12288.0,16584956083,17176229593,18235468,19040818,1317031,0,0,0,0,0,0,0,0,0,0,0,0,342,57,2,1,0,0,0,0,0,0,0,0,0,network_stall
1779257603.1007888,g5.hpc.coe,43337,0.5001,0,0.0,2035.0,12288.0,16584956544,17176229705,18235472,19040820,1317031,0,0,0,0,0,0,0,0,0,0,0,0,461,112,4,2,0,0,0,0,0,0,0,0,0,network_stall
1779257603.6009295,g5.hpc.coe,43337,0.5001,0,0.0,2035.0,12288.0,16584956970,17176229762,18235474,19040821,1317031,0,0,0,0,0,0,0,0,0,0,0,0,426,57,2,1,0,0,0,0,0,0,0,0,0,network_stall
1779257604.101059,g5.hpc.coe,43337,0.5001,0,0.0,2035.0,12288.0,16584958061,17176230266,18235491,19040830,1317031,0,0,0,0,0,0,0,0,0,0,0,0,1091,504,17,9,0,0,0,0,0,0,0,0,0,network_stall
1779257604.6012113,g5.hpc.coe,43337,0.5002,0,0.0,2035.0,12288.0,16584958572,17176230323,18235493,19040831,1317031,0,0,0,0,0,0,0,0,0,0,0,0,511,57,2,1,0,0,0,0,0,0,0,0,0,network_stall
1779257605.1013455,g5.hpc.coe,43337,0.5001,0,0.0,2035.0,12288.0,16584959147,17176230402,18235496,19040833,1317031,0,0,0,0,0,0,0,0,0,0,0,0,575,79,3,2,0,0,0,0,0,0,0,0,0,network_stall
1779257605.6014435,g5.hpc.coe,43337,0.5001,0,18.0,2035.0,12288.0,16591915003,17183180244,18242516,19047845,1318094,0,0,0,0,0,0,0,0,0,0,0,0,6955856,6949842,7020,7012,1063,0,0,0,0,0,0,0,0,network_stall
1779257606.1015728,g5.hpc.coe,43337,0.5001,0,60.0,2035.0,12288.0,16619697420,17210940710,18270448,19075757,1320636,0,0,0,0,0,0,0,0,0,0,0,0,27782417,27760466,27932,27912,2542,0,0,0,0,0,0,0,0,network_stall
1779257606.601704,g5.hpc.coe,43337,0.5001,0,0.0,2035.0,12288.0,16619698131,17210940789,18270451,19075759,1320636,0,0,0,0,0,0,0,0,0,0,0,0,711,79,3,2,0,0,0,0,0,0,0,0,0,network_stall
1779257607.1018677,g5.hpc.coe,43337,0.5002,0,0.0,2035.0,12288.0,16619698884,17210940868,18270454,19075761,1320636,0,0,0,0,0,0,0,0,0,0,0,0,753,79,3,2,0,0,0,0,0,0,0,0,0,network_stall
1779257607.6020005,g5.hpc.coe,43337,0.5001,0,0.0,2035.0,12288.0,16619699679,17210940947,18270457,19075763,1320636,0,0,0,0,0,0,0,0,0,0,0,0,795,79,3,2,0,0,0,0,0,0,0,0,0,network_stall
1779257608.1021814,g5.hpc.coe,43337,0.5002,0,0.0,2035.0,12288.0,16619700516,17210941026,18270460,19075765,1320636,0,0,0,0,0,0,0,0,0,0,0,0,837,79,3,2,0,0,0,0,0,0,0,0,0,network_stall
1779257608.6023066,g5.hpc.coe,43337,0.5001,0,0.0,2035.0,12288.0,16619701472,17210941160,18270465,19075768,1320636,0,0,0,0,0,0,0,0,0,0,0,0,956,134,5,3,0,0,0,0,0,0,0,0,0,network_stall
1779257609.1024392,g5.hpc.coe,43337,0.5001,0,0.0,2035.0,12288.0,16619702393,17210941239,18270468,19075770,1320636,0,0,0,0,0,0,0,0,0,0,0,0,921,79,3,2,0,0,0,0,0,0,0,0,0,network_stall
1779257609.602539,g5.hpc.coe,43337,0.5001,0,4.0,2035.0,12288.0,16620401284,17212690732,18271255,19077569,1320786,0,0,0,0,0,0,0,0,0,0,0,0,698891,1749493,787,1799,150,0,0,0,0,0,0,0,0,network_stall
1779257610.1026697,g5.hpc.coe,43337,0.5001,0,78.0,2035.0,12288.0,16654441336,17245651624,18305417,19110705,1320789,0,0,0,0,0,0,0,0,0,0,0,0,34040052,32960892,34162,33136,3,0,0,0,0,0,0,0,0,network_stall
1779257610.6027808,g5.hpc.coe,43337,0.5001,0,0.0,2035.0,12288.0,16654442392,17245651703,18305420,19110707,1320789,0,0,0,0,0,0,0,0,0,0,0,0,1056,79,3,2,0,0,0,0,0,0,0,0,0,network_stall
1779257611.1029208,g5.hpc.coe,43337,0.5001,0,0.0,2035.0,12288.0,16654443512,17245651782,18305424,19110709,1320789,0,0,0,0,0,0,0,0,0,0,0,0,1120,79,4,2,0,0,0,0,0,0,0,0,0,network_stall
1779257611.603051,g5.hpc.coe,43337,0.5001,0,0.0,2035.0,12288.0,16654444674,17245651861,18305428,19110711,1320789,0,0,0,0,0,0,0,0,0,0,0,0,1162,79,4,2,0,0,0,0,0,0,0,0,0,network_stall
1779257612.1031716,g5.hpc.coe,43337,0.5001,0,0.0,2035.0,12288.0,16654444810,17245651918,18305430,19110712,1320789,0,0,0,0,0,0,0,0,0,0,0,0,136,57,2,1,0,0,0,0,0,0,0,0,0,network_stall
1779257612.6033208,g5.hpc.coe,43337,0.5001,0,0.0,2035.0,12288.0,16654444988,17245651975,18305432,19110713,1320789,0,0,0,0,0,0,0,0,0,0,0,0,178,57,2,1,0,0,0,0,0,0,0,0,0,network_stall
1779257613.1034484,g5.hpc.coe,43337,0.5001,0,0.0,2035.0,12288.0,16654445208,17245652032,18305434,19110714,1320789,0,0,0,0,0,0,0,0,0,0,0,0,220,57,2,1,0,0,0,0,0,0,0,0,0,network_stall
1779257613.6035807,g5.hpc.coe,43337,0.5001,0,0.0,2035.0,12288.0,16654453445,17245829848,18305474,19110909,1320789,0,0,0,0,0,0,0,0,0,0,0,0,8237,177816,40,195,0,0,0,0,0,0,0,0,0,network_stall
1779257614.1037073,g5.hpc.coe,43337,0.5001,0,92.0,2035.0,12288.0,16689182831,17280362323,18340384,19145633,1320795,0,0,0,0,0,0,0,0,0,0,0,0,34729386,34532475,34910,34724,6,0,0,0,0,0,0,0,0,network_stall
1779257614.60384,g5.hpc.coe,43337,0.5001,0,0.0,2035.0,12288.0,16689183184,17280362380,18340386,19145634,1320795,0,0,0,0,0,0,0,0,0,0,0,0,353,57,2,1,0,0,0,0,0,0,0,0,0,network_stall
1779257615.1039734,g5.hpc.coe,43337,0.5001,0,0.0,2035.0,12288.0,16689183579,17280362437,18340388,19145635,1320795,0,0,0,0,0,0,0,0,0,0,0,0,395,57,2,1,0,0,0,0,0,0,0,0,0,network_stall
1779257615.6041028,g5.hpc.coe,43337,0.5001,0,0.0,2035.0,12288.0,16689184016,17280362494,18340390,19145636,1320795,0,0,0,0,0,0,0,0,0,0,0,0,437,57,2,1,0,0,0,0,0,0,0,0,0,network_stall
1779257616.104236,g5.hpc.coe,43337,0.5001,0,0.0,2035.0,12288.0,16689184495,17280362551,18340392,19145637,1320795,0,0,0,0,0,0,0,0,0,0,0,0,479,57,2,1,0,0,0,0,0,0,0,0,0,network_stall
1779257616.6043751,g5.hpc.coe,43337,0.5001,0,0.0,2035.0,12288.0,16689185016,17280362608,18340394,19145638,1320795,0,0,0,0,0,0,0,0,0,0,0,0,521,57,2,1,0,0,0,0,0,0,0,0,0,network_stall
1779257617.1045165,g5.hpc.coe,43337,0.5001,0,0.0,2035.0,12288.0,16689185601,17280362687,18340397,19145640,1320795,0,0,0,0,0,0,0,0,0,0,0,0,585,79,3,2,0,0,0,0,0,0,0,0,0,network_stall
1779257617.6046486,g5.hpc.coe,43337,0.5001,0,0.0,2035.0,12288.0,16689186228,17280362766,18340400,19145642,1320795,0,0,0,0,0,0,0,0,0,0,0,0,627,79,3,2,0,0,0,0,0,0,0,0,0,network_stall
1779257618.104748,g5.hpc.coe,43337,0.5001,0,100.0,2035.0,12288.0,16723923868,17315073051,18375346,19180572,1320801,0,0,0,0,0,0,0,0,0,0,0,0,34737640,34710285,34946,34930,6,0,0,0,0,0,0,0,0,network_stall
1779257618.6048877,g5.hpc.coe,43337,0.5001,0,0.0,2035.0,12288.0,16723924661,17315073185,18375351,19180575,1320801,0,0,0,0,0,0,0,0,0,0,0,0,793,134,5,3,0,0,0,0,0,0,0,0,0,network_stall
1779257619.1050165,g5.hpc.coe,43337,0.5001,0,0.0,2035.0,12288.0,16723926042,17315073711,18375369,19180585,1320801,0,0,0,0,0,0,0,0,0,0,0,0,1381,526,18,10,0,0,0,0,0,0,0,0,0,network_stall
1779257619.6051414,g5.hpc.coe,43337,0.5001,0,0.0,2035.0,12288.0,16723926843,17315073790,18375372,19180587,1320801,0,0,0,0,0,0,0,0,0,0,0,0,801,79,3,2,0,0,0,0,0,0,0,0,0,network_stall
1779257620.1052766,g5.hpc.coe,43337,0.5001,0,0.0,2035.0,12288.0,16723927686,17315073869,18375375,19180589,1320801,0,0,0,0,0,0,0,0,0,0,0,0,843,79,3,2,0,0,0,0,0,0,0,0,0,network_stall
1779257620.6054099,g5.hpc.coe,43337,0.5001,0,0.0,2035.0,12288.0,16723928571,17315073948,18375378,19180591,1320801,0,0,0,0,0,0,0,0,0,0,0,0,885,79,3,2,0,0,0,0,0,0,0,0,0,network_stall
1779257621.105522,g5.hpc.coe,43337,0.5001,0,0.0,2035.0,12288.0,16723929498,17315074027,18375381,19180593,1320801,0,0,0,0,0,0,0,0,0,0,0,0,927,79,3,2,0,0,0,0,0,0,0,0,0,network_stall
1779257621.6056614,g5.hpc.coe,43337,0.5001,0,0.0,2035.0,12288.0,16723930467,17315074106,18375384,19180595,1320801,0,0,0,0,0,0,0,0,0,0,0,0,969,79,3,2,0,0,0,0,0,0,0,0,0,network_stall
1779257622.105759,g5.hpc.coe,43337,0.5001,0,100.0,2035.0,12288.0,16752419001,17343536988,18404128,19209309,1322193,0,0,0,0,0,0,0,0,0,0,0,0,28488534,28462882,28744,28714,1392,0,0,0,0,0,0,0,0,network_stall
1779257622.605886,g5.hpc.coe,43337,0.5001,0,0.0,2035.0,12288.0,16758669869,17349784690,18410353,19215527,1322196,0,0,0,0,0,0,0,0,0,0,0,0,6250868,6247702,6225,6218,3,0,0,0,0,0,0,0,0,network_stall
1779257623.106018,g5.hpc.coe,43337,0.5001,0,0.0,2035.0,12288.0,16758671017,17349784769,18410358,19215529,1322196,0,0,0,0,0,0,0,0,0,0,0,0,1148,79,5,2,0,0,0,0,0,0,0,0,0,network_stall
1779257623.6061542,g5.hpc.coe,43337,0.5001,0,0.0,2035.0,12288.0,16758672262,17349784903,18410364,19215532,1322196,0,0,0,0,0,0,0,0,0,0,0,0,1245,134,6,3,0,0,0,0,0,0,0,0,0,network_stall
1779257624.106282,g5.hpc.coe,43337,0.5001,0,0.0,2035.0,12288.0,16758672404,17349784960,18410366,19215533,1322196,0,0,0,0,0,0,0,0,0,0,0,0,142,57,2,1,0,0,0,0,0,0,0,0,0,network_stall
1779257624.6064203,g5.hpc.coe,43337,0.5001,0,0.0,2035.0,12288.0,16758672588,17349785017,18410368,19215534,1322196,0,0,0,0,0,0,0,0,0,0,0,0,184,57,2,1,0,0,0,0,0,0,0,0,0,network_stall
1779257625.1065524,g5.hpc.coe,43337,0.5001,0,0.0,2035.0,12288.0,16758672814,17349785074,18410370,19215535,1322196,0,0,0,0,0,0,0,0,0,0,0,0,226,57,2,1,0,0,0,0,0,0,0,0,0,network_stall
1779257625.6066706,g5.hpc.coe,43337,0.5001,0,0.0,2035.0,12288.0,16758673082,17349785131,18410372,19215536,1322196,0,0,0,0,0,0,0,0,0,0,0,0,268,57,2,1,0,0,0,0,0,0,0,0,0,network_stall
1779257626.1067712,g5.hpc.coe,43337,0.5001,0,33.0,2035.0,12288.0,16759371313,17351534609,18411157,19217335,1322550,0,0,0,0,0,0,0,0,0,0,0,0,698231,1749478,785,1799,354,0,0,0,0,0,0,0,0,network_stall
1779257626.6068811,g5.hpc.coe,43337,0.5001,0,44.0,2035.0,12288.0,16793410712,17384495437,18445318,19250464,1322558,0,0,0,0,0,0,0,0,0,0,0,0,34039399,32960828,34161,33129,8,0,0,0,0,0,0,0,0,network_stall
1779257627.107022,g5.hpc.coe,43337,0.5001,0,0.0,2035.0,12288.0,16793411115,17384495494,18445320,19250465,1322558,0,0,0,0,0,0,0,0,0,0,0,0,403,57,2,1,0,0,0,0,0,0,0,0,0,network_stall
1779257627.6071546,g5.hpc.coe,43337,0.5001,0,0.0,2035.0,12288.0,16793411560,17384495551,18445322,19250466,1322558,0,0,0,0,0,0,0,0,0,0,0,0,445,57,2,1,0,0,0,0,0,0,0,0,0,network_stall
1779257628.1072862,g5.hpc.coe,43337,0.5001,0,0.0,2035.0,12288.0,16793412047,17384495608,18445324,19250467,1322558,0,0,0,0,0,0,0,0,0,0,0,0,487,57,2,1,0,0,0,0,0,0,0,0,0,network_stall
1779257628.60742,g5.hpc.coe,43337,0.5001,0,0.0,2035.0,12288.0,16793412576,17384495665,18445326,19250468,1322558,0,0,0,0,0,0,0,0,0,0,0,0,529,57,2,1,0,0,0,0,0,0,0,0,0,network_stall
1779257629.1075563,g5.hpc.coe,43337,0.5001,0,0.0,2035.0,12288.0,16793413223,17384495799,18445330,19250471,1322558,0,0,0,0,0,0,0,0,0,0,0,0,647,134,4,3,0,0,0,0,0,0,0,0,0,network_stall
1779257629.6076913,g5.hpc.coe,43337,0.5001,0,0.0,2035.0,12288.0,16793413858,17384495878,18445333,19250473,1322558,0,0,0,0,0,0,0,0,0,0,0,0,635,79,3,2,0,0,0,0,0,0,0,0,0,network_stall
1779257630.1078377,g5.hpc.coe,43337,0.5001,0,0.0,2035.0,12288.0,16793422433,17384673661,18445372,19250668,1322558,0,0,0,0,0,0,0,0,0,0,0,0,8575,177783,39,195,0,0,0,0,0,0,0,0,0,network_stall
1779257630.6079912,g5.hpc.coe,43337,0.5002,0,100.0,2035.0,12288.0,16828152297,17419206193,18480292,19285398,1322571,0,0,0,0,0,0,0,0,0,0,0,0,34729864,34532532,34920,34730,13,0,0,0,0,0,0,0,0,network_stall
1779257631.1081026,g5.hpc.coe,43337,0.5001,0,0.0,2035.0,12288.0,16828153065,17419206272,18480295,19285400,1322571,0,0,0,0,0,0,0,0,0,0,0,0,768,79,3,2,0,0,0,0,0,0,0,0,0,network_stall
1779257631.6082351,g5.hpc.coe,43337,0.5001,0,0.0,2035.0,12288.0,16828153875,17419206351,18480298,19285402,1322571,0,0,0,0,0,0,0,0,0,0,0,0,810,79,3,2,0,0,0,0,0,0,0,0,0,network_stall
1779257632.1083655,g5.hpc.coe,43337,0.5001,0,0.0,2035.0,12288.0,16828154727,17419206430,18480301,19285404,1322571,0,0,0,0,0,0,0,0,0,0,0,0,852,79,3,2,0,0,0,0,0,0,0,0,0,network_stall
1779257632.6085072,g5.hpc.coe,43337,0.5001,0,0.0,2035.0,12288.0,16828155621,17419206509,18480304,19285406,1322571,0,0,0,0,0,0,0,0,0,0,0,0,894,79,3,2,0,0,0,0,0,0,0,0,0,network_stall
1779257633.1086423,g5.hpc.coe,43337,0.5001,0,0.0,2035.0,12288.0,16828156557,17419206588,18480307,19285408,1322571,0,0,0,0,0,0,0,0,0,0,0,0,936,79,3,2,0,0,0,0,0,0,0,0,0,network_stall
1779257633.6087565,g5.hpc.coe,43337,0.5001,0,0.0,2035.0,12288.0,16828157535,17419206667,18480310,19285410,1322571,0,0,0,0,0,0,0,0,0,0,0,0,978,79,3,2,0,0,0,0,0,0,0,0,0,network_stall
1779257634.1089036,g5.hpc.coe,43337,0.5001,0,0.0,2035.0,12288.0,16828159255,17419207248,18480330,19285421,1322571,0,0,0,0,0,0,0,0,0,0,0,0,1720,581,20,11,0,0,0,0,0,0,0,0,0,network_stall
1779257634.6090014,g5.hpc.coe,43337,0.5001,0,100.0,2035.0,12288.0,16862897262,17453917554,18515270,19320354,1322581,0,0,0,0,0,0,0,0,0,0,0,0,34738007,34710306,34940,34933,10,0,0,0,0,0,0,0,0,network_stall
1779257635.109132,g5.hpc.coe,43337,0.5001,0,0.0,2035.0,12288.0,16862898395,17453917633,18515274,19320356,1322581,0,0,0,0,0,0,0,0,0,0,0,0,1133,79,4,2,0,0,0,0,0,0,0,0,0,network_stall
1779257635.6092668,g5.hpc.coe,43337,0.5001,0,0.0,2035.0,12288.0,16862899570,17453917712,18515278,19320358,1322581,0,0,0,0,0,0,0,0,0,0,0,0,1175,79,4,2,0,0,0,0,0,0,0,0,0,network_stall
1779257636.1093774,g5.hpc.coe,43337,0.5001,0,0.0,2035.0,12288.0,16862899719,17453917769,18515280,19320359,1322581,0,0,0,0,0,0,0,0,0,0,0,0,149,57,2,1,0,0,0,0,0,0,0,0,0,network_stall
1779257636.609514,g5.hpc.coe,43337,0.5001,0,0.0,2035.0,12288.0,16862899910,17453917826,18515282,19320360,1322581,0,0,0,0,0,0,0,0,0,0,0,0,191,57,2,1,0,0,0,0,0,0,0,0,0,network_stall
1779257637.1096506,g5.hpc.coe,43337,0.5001,0,0.0,2035.0,12288.0,16862900143,17453917883,18515284,19320361,1322581,0,0,0,0,0,0,0,0,0,0,0,0,233,57,2,1,0,0,0,0,0,0,0,0,0,network_stall
1779257637.6097848,g5.hpc.coe,43337,0.5001,0,0.0,2035.0,12288.0,16862900418,17453917940,18515286,19320362,1322581,0,0,0,0,0,0,0,0,0,0,0,0,275,57,2,1,0,0,0,0,0,0,0,0,0,network_stall
1779257638.1099198,g5.hpc.coe,43337,0.5001,0,0.0,2035.0,12288.0,16862900735,17453917997,18515288,19320363,1322581,0,0,0,0,0,0,0,0,0,0,0,0,317,57,2,1,0,0,0,0,0,0,0,0,0,network_stall
1779257638.6100168,g5.hpc.coe,43337,0.5001,0,100.0,2035.0,12288.0,16891388526,17482380885,18544018,19349080,1322586,0,0,0,0,0,0,0,0,0,0,0,0,28487791,28462888,28730,28717,5,0,0,0,0,0,0,0,0,network_stall
1779257639.1101289,g5.hpc.coe,43337,0.5001,0,0.0,2035.0,12288.0,16897638541,17488628386,18550236,19355296,1322590,0,0,0,0,0,0,0,0,0,0,0,0,6250015,6247501,6218,6216,4,0,0,0,0,0,0,0,0,network_stall
1779257639.610262,g5.hpc.coe,43337,0.5001,0,0.0,2035.0,12288.0,16897638993,17488628443,18550238,19355297,1322590,0,0,0,0,0,0,0,0,0,0,0,0,452,57,2,1,0,0,0,0,0,0,0,0,0,network_stall
1779257640.1103973,g5.hpc.coe,43337,0.5001,0,0.0,2035.0,12288.0,16897639486,17488628500,18550240,19355298,1322590,0,0,0,0,0,0,0,0,0,0,0,0,493,57,2,1,0,0,0,0,0,0,0,0,0,network_stall
1779257640.6105351,g5.hpc.coe,43337,0.5001,0,0.0,2035.0,12288.0,16897640021,17488628557,18550242,19355299,1322590,0,0,0,0,0,0,0,0,0,0,0,0,535,57,2,1,0,0,0,0,0,0,0,0,0,network_stall
1779257641.1106677,g5.hpc.coe,43337,0.5001,0,0.0,2035.0,12288.0,16897640620,17488628636,18550245,19355301,1322590,0,0,0,0,0,0,0,0,0,0,0,0,599,79,3,2,0,0,0,0,0,0,0,0,0,network_stall
1779257641.6108167,g5.hpc.coe,43337,0.5001,0,0.0,2035.0,12288.0,16897641261,17488628715,18550248,19355303,1322590,0,0,0,0,0,0,0,0,0,0,0,0,641,79,3,2,0,0,0,0,0,0,0,0,0,network_stall
1779257642.110972,g5.hpc.coe,43337,0.5002,0,0.0,2035.0,12288.0,16897641944,17488628794,18550251,19355305,1322590,0,0,0,0,0,0,0,0,0,0,0,0,683,79,3,2,0,0,0,0,0,0,0,0,0,network_stall
1779257642.6110675,g5.hpc.coe,43337,0.5001,0,100.0,2035.0,12288.0,16925440141,17516404789,18578244,19383278,1322594,0,0,0,0,0,0,0,0,0,0,0,0,27798197,27775995,27993,27973,4,0,0,0,0,0,0,0,0,network_stall
1779257643.1111758,g5.hpc.coe,43337,0.5001,0,0.0,2035.0,12288.0,16932380447,17523339179,18585205,19390240,1322595,0,0,0,0,0,0,0,0,0,0,0,0,6940306,6934390,6961,6962,1,0,0,0,0,0,0,0,0,network_stall
1779257643.6113164,g5.hpc.coe,43337,0.5001,0,0.0,2035.0,12288.0,16932381265,17523339258,18585208,19390242,1322595,0,0,0,0,0,0,0,0,0,0,0,0,818,79,3,2,0,0,0,0,0,0,0,0,0,network_stall
1779257644.1114593,g5.hpc.coe,43337,0.5001,0,0.0,2035.0,12288.0,16932382202,17523339392,18585213,19390245,1322595,0,0,0,0,0,0,0,0,0,0,0,0,937,134,5,3,0,0,0,0,0,0,0,0,0,network_stall
1779257644.6115959,g5.hpc.coe,43337,0.5001,0,0.0,2035.0,12288.0,16932383104,17523339471,18585216,19390247,1322595,0,0,0,0,0,0,0,0,0,0,0,0,902,79,3,2,0,0,0,0,0,0,0,0,0,network_stall
1779257645.1117444,g5.hpc.coe,43337,0.5001,0,0.0,2035.0,12288.0,16932384048,17523339550,18585219,19390249,1322595,0,0,0,0,0,0,0,0,0,0,0,0,944,79,3,2,0,0,0,0,0,0,0,0,0,network_stall
1779257645.6118782,g5.hpc.coe,43337,0.5001,0,0.0,2035.0,12288.0,16932385034,17523339629,18585222,19390251,1322595,0,0,0,0,0,0,0,0,0,0,0,0,986,79,3,2,0,0,0,0,0,0,0,0,0,network_stall
1779257646.1120083,g5.hpc.coe,43337,0.5001,0,0.0,2035.0,12288.0,16932386062,17523339708,18585225,19390253,1322595,0,0,0,0,0,0,0,0,0,0,0,0,1028,79,3,2,0,0,0,0,0,0,0,0,0,network_stall
1779257646.6121051,g5.hpc.coe,43337,0.5001,0,100.0,2035.0,12288.0,16953927211,17544860574,18606971,19411985,1322596,0,0,0,0,0,0,0,0,0,0,0,0,21541149,21520866,21746,21732,1,0,0,0,0,0,0,0,0,network_stall
1779257647.1122384,g5.hpc.coe,43337,0.5001,0,0.0,2035.0,12288.0,16967125287,17558050079,18620179,19425186,1322600,0,0,0,0,0,0,0,0,0,0,0,0,13198076,13189505,13208,13201,4,0,0,0,0,0,0,0,0,network_stall
1779257647.6123564,g5.hpc.coe,43337,0.5001,0,0.0,2035.0,12288.0,16967126474,17558050158,18620183,19425188,1322600,0,0,0,0,0,0,0,0,0,0,0,0,1187,79,4,2,0,0,0,0,0,0,0,0,0,network_stall
1779257648.1124969,g5.hpc.coe,43337,0.5001,0,0.0,2035.0,12288.0,16967126635,17558050215,18620185,19425189,1322600,0,0,0,0,0,0,0,0,0,0,0,0,161,57,2,1,0,0,0,0,0,0,0,0,0,network_stall
1779257648.612622,g5.hpc.coe,43337,0.5001,0,0.0,2035.0,12288.0,16967126838,17558050272,18620187,19425190,1322600,0,0,0,0,0,0,0,0,0,0,0,0,203,57,2,1,0,0,0,0,0,0,0,0,0,network_stall
1779257649.1127598,g5.hpc.coe,43337,0.5001,0,0.0,2035.0,12288.0,16967127706,17558050776,18620204,19425199,1322600,0,0,0,0,0,0,0,0,0,0,0,0,868,504,17,9,0,0,0,0,0,0,0,0,0,network_stall
1779257649.6128979,g5.hpc.coe,43337,0.5001,0,0.0,2035.0,12288.0,16967127993,17558050833,18620206,19425200,1322600,0,0,0,0,0,0,0,0,0,0,0,0,287,57,2,1,0,0,0,0,0,0,0,0,0,network_stall
1779257650.113027,g5.hpc.coe,43337,0.5001,0,0.0,2035.0,12288.0,16967128322,17558050890,18620208,19425201,1322600,0,0,0,0,0,0,0,0,0,0,0,0,329,57,2,1,0,0,0,0,0,0,0,0,0,network_stall
1779257650.613118,g5.hpc.coe,43337,0.5001,0,100.0,2035.0,12288.0,16987978761,17578884791,18641210,19446183,1322609,0,0,0,0,0,0,0,0,0,0,0,0,20850439,20833901,21002,20982,9,0,0,0,0,0,0,0,0,network_stall
1779257651.1132505,g5.hpc.coe,43337,0.5001,0,0.0,2035.0,12288.0,17001866138,17592761182,18655163,19460127,1322613,0,0,0,0,0,0,0,0,0,0,0,0,13887377,13876391,13953,13944,4,0,0,0,0,0,0,0,0,network_stall
1779257651.6133876,g5.hpc.coe,43337,0.5001,0,0.0,2035.0,12288.0,17001866603,17592761239,18655165,19460128,1322613,0,0,0,0,0,0,0,0,0,0,0,0,465,57,2,1,0,0,0,0,0,0,0,0,0,network_stall
1779257652.113517,g5.hpc.coe,43337,0.5001,0,0.0,2035.0,12288.0,17001867110,17592761296,18655167,19460129,1322613,0,0,0,0,0,0,0,0,0,0,0,0,507,57,2,1,0,0,0,0,0,0,0,0,0,network_stall
1779257652.6136515,g5.hpc.coe,43337,0.5001,0,0.0,2035.0,12288.0,17001867680,17592761375,18655170,19460131,1322613,0,0,0,0,0,0,0,0,0,0,0,0,570,79,3,2,0,0,0,0,0,0,0,0,0,network_stall
1779257653.1137712,g5.hpc.coe,43337,0.5001,0,0.0,2035.0,12288.0,17001868292,17592761454,18655173,19460133,1322613,0,0,0,0,0,0,0,0,0,0,0,0,612,79,3,2,0,0,0,0,0,0,0,0,0,network_stall
1779257653.6138997,g5.hpc.coe,43337,0.5001,0,0.0,2035.0,12288.0,17001868946,17592761533,18655176,19460135,1322613,0,0,0,0,0,0,0,0,0,0,0,0,654,79,3,2,0,0,0,0,0,0,0,0,0,network_stall
1779257654.1140304,g5.hpc.coe,43337,0.5001,0,0.0,2035.0,12288.0,17001869642,17592761612,18655179,19460137,1322613,0,0,0,0,0,0,0,0,0,0,0,0,696,79,3,2,0,0,0,0,0,0,0,0,0,network_stall
1779257654.6141236,g5.hpc.coe,43337,0.5001,0,100.0,2035.0,12288.0,17016463158,17607340447,18669943,19474878,1323116,0,0,0,0,0,0,0,0,0,0,0,0,14593516,14578835,14764,14741,503,0,0,0,0,0,0,0,0,network_stall
1779257655.1142266,g5.hpc.coe,43337,0.5001,0,0.0,2035.0,12288.0,17036608263,17627472010,18690137,19495067,1323122,0,0,0,0,0,0,0,0,0,0,0,0,20145105,20131563,20194,20189,6,0,0,0,0,0,0,0,0,network_stall
1779257655.6143582,g5.hpc.coe,43337,0.5001,0,0.0,2035.0,12288.0,17036609096,17627472089,18690140,19495069,1323122,0,0,0,0,0,0,0,0,0,0,0,0,833,79,3,2,0,0,0,0,0,0,0,0,0,network_stall
1779257656.1144865,g5.hpc.coe,43337,0.5001,0,0.0,2035.0,12288.0,17036609971,17627472168,18690143,19495071,1323122,0,0,0,0,0,0,0,0,0,0,0,0,875,79,3,2,0,0,0,0,0,0,0,0,0,network_stall
1779257656.614598,g5.hpc.coe,43337,0.5001,0,0.0,2035.0,12288.0,17036610888,17627472247,18690146,19495073,1323122,0,0,0,0,0,0,0,0,0,0,0,0,917,79,3,2,0,0,0,0,0,0,0,0,0,network_stall
1779257657.114744,g5.hpc.coe,43337,0.5001,0,0.0,2035.0,12288.0,17036611847,17627472326,18690149,19495075,1323122,0,0,0,0,0,0,0,0,0,0,0,0,959,79,3,2,0,0,0,0,0,0,0,0,0,network_stall
1779257657.614891,g5.hpc.coe,43337,0.5001,0,0.0,2035.0,12288.0,17036612847,17627472405,18690152,19495077,1323122,0,0,0,0,0,0,0,0,0,0,0,0,1000,79,3,2,0,0,0,0,0,0,0,0,0,network_stall
1779257658.1150277,g5.hpc.coe,43337,0.5001,0,0.0,2035.0,12288.0,17036613889,17627472484,18690155,19495079,1323122,0,0,0,0,0,0,0,0,0,0,0,0,1042,79,3,2,0,0,0,0,0,0,0,0,0,network_stall
1779257658.6151276,g5.hpc.coe,43337,0.5001,0,80.0,2035.0,12288.0,17051207620,17642051285,18704907,19509822,1323150,0,0,0,0,0,0,0,0,0,0,0,0,14593731,14578801,14752,14743,28,0,0,0,0,0,0,0,0,network_stall
1779257659.115245,g5.hpc.coe,43337,0.5001,0,0.0,2035.0,12288.0,17071353058,17662182813,18725097,19530006,1323156,0,0,0,0,0,0,0,0,0,0,0,0,20145438,20131528,20190,20184,6,0,0,0,0,0,0,0,0,network_stall
1779257659.6153831,g5.hpc.coe,43337,0.5001,0,0.0,2035.0,12288.0,17071353267,17662182925,18725101,19530008,1323156,0,0,0,0,0,0,0,0,0,0,0,0,209,112,4,2,0,0,0,0,0,0,0,0,0,network_stall
1779257660.1155238,g5.hpc.coe,43337,0.5001,0,0.0,2035.0,12288.0,17071353442,17662182982,18725103,19530009,1323156,0,0,0,0,0,0,0,0,0,0,0,0,175,57,2,1,0,0,0,0,0,0,0,0,0,network_stall
1779257660.6156578,g5.hpc.coe,43337,0.5001,0,0.0,2035.0,12288.0,17071353659,17662183039,18725105,19530010,1323156,0,0,0,0,0,0,0,0,0,0,0,0,217,57,2,1,0,0,0,0,0,0,0,0,0,network_stall
1779257661.1158073,g5.hpc.coe,43337,0.5001,0,0.0,2035.0,12288.0,17071353918,17662183096,18725107,19530011,1323156,0,0,0,0,0,0,0,0,0,0,0,0,259,57,2,1,0,0,0,0,0,0,0,0,0,network_stall
1779257661.6159272,g5.hpc.coe,43337,0.5001,0,0.0,2035.0,12288.0,17071354219,17662183153,18725109,19530012,1323156,0,0,0,0,0,0,0,0,0,0,0,0,301,57,2,1,0,0,0,0,0,0,0,0,0,network_stall
1779257662.116071,g5.hpc.coe,43337,0.5001,0,0.0,2035.0,12288.0,17071354562,17662183210,18725111,19530013,1323156,0,0,0,0,0,0,0,0,0,0,0,0,343,57,2,1,0,0,0,0,0,0,0,0,0,network_stall
1779257662.6161692,g5.hpc.coe,43337,0.5001,0,60.0,2035.0,12288.0,17082175461,17674039671,18736603,19542232,1323157,0,0,0,0,0,0,0,0,0,0,0,0,10820899,11856461,11492,12219,1,0,0,0,0,0,0,0,0,network_stall
1779257663.1162965,g5.hpc.coe,43337,0.5001,0,17.0,2035.0,12288.0,17106092306,17696893537,18760052,19564944,1323161,0,0,0,0,0,0,0,0,0,0,0,0,23916845,22853866,23449,22712,4,0,0,0,0,0,0,0,0,network_stall
1779257663.6164334,g5.hpc.coe,43337,0.5001,0,0.0,2035.0,12288.0,17106092784,17696893594,18760054,19564945,1323161,0,0,0,0,0,0,0,0,0,0,0,0,478,57,2,1,0,0,0,0,0,0,0,0,0,network_stall
1779257664.1165788,g5.hpc.coe,43337,0.5001,0,0.0,2035.0,12288.0,17106093927,17696894098,18760071,19564954,1323161,0,0,0,0,0,0,0,0,0,0,0,0,1143,504,17,9,0,0,0,0,0,0,0,0,0,network_stall
1779257664.6167047,g5.hpc.coe,43337,0.5001,0,0.0,2035.0,12288.0,17106094589,17696894232,18760076,19564957,1323161,0,0,0,0,0,0,0,0,0,0,0,0,662,134,5,3,0,0,0,0,0,0,0,0,0,network_stall
1779257665.1168404,g5.hpc.coe,43337,0.5001,0,0.0,2035.0,12288.0,17106095216,17696894311,18760079,19564959,1323161,0,0,0,0,0,0,0,0,0,0,0,0,627,79,3,2,0,0,0,0,0,0,0,0,0,network_stall
1779257665.616957,g5.hpc.coe,43337,0.5001,0,0.0,2035.0,12288.0,17106095885,17696894390,18760082,19564961,1323161,0,0,0,0,0,0,0,0,0,0,0,0,669,79,3,2,0,0,0,0,0,0,0,0,0,network_stall
1779257666.1170864,g5.hpc.coe,43337,0.5001,0,0.0,2035.0,12288.0,17106096596,17696894469,18760085,19564963,1323161,0,0,0,0,0,0,0,0,0,0,0,0,711,79,3,2,0,0,0,0,0,0,0,0,0,network_stall
1779257666.617183,g5.hpc.coe,43337,0.5001,0,41.0,2035.0,12288.0,17113742611,17704531233,18767852,19572721,1323233,0,0,0,0,0,0,0,0,0,0,0,0,7646015,7636764,7767,7758,72,0,0,0,0,0,0,0,0,network_stall
1779257667.1173177,g5.hpc.coe,43337,0.5001,0,36.0,2035.0,12288.0,17140835112,17731604826,18795033,19599894,1323243,0,0,0,0,0,0,0,0,0,0,0,0,27092501,27073593,27181,27173,10,0,0,0,0,0,0,0,0,network_stall
1779257667.617454,g5.hpc.coe,43337,0.5001,0,0.0,2035.0,12288.0,17140835958,17731604905,18795036,19599896,1323243,0,0,0,0,0,0,0,0,0,0,0,0,846,79,3,2,0,0,0,0,0,0,0,0,0,network_stall
1779257668.117584,g5.hpc.coe,43337,0.5001,0,0.0,2035.0,12288.0,17140836846,17731604984,18795039,19599898,1323243,0,0,0,0,0,0,0,0,0,0,0,0,888,79,3,2,0,0,0,0,0,0,0,0,0,network_stall
1779257668.617723,g5.hpc.coe,43337,0.5001,0,0.0,2035.0,12288.0,17140837776,17731605063,18795042,19599900,1323243,0,0,0,0,0,0,0,0,0,0,0,0,930,79,3,2,0,0,0,0,0,0,0,0,0,network_stall
1779257669.1178718,g5.hpc.coe,43337,0.5001,0,0.0,2035.0,12288.0,17140838748,17731605142,18795045,19599902,1323243,0,0,0,0,0,0,0,0,0,0,0,0,972,79,3,2,0,0,0,0,0,0,0,0,0,network_stall
1779257669.6180096,g5.hpc.coe,43337,0.5001,0,0.0,2035.0,12288.0,17140839817,17731605276,18795049,19599905,1323243,0,0,0,0,0,0,0,0,0,0,0,0,1069,134,4,3,0,0,0,0,0,0,0,0,0,network_stall
1779257670.1181386,g5.hpc.coe,43337,0.5001,0,0.0,2035.0,12288.0,17140840895,17731605355,18795053,19599907,1323243,0,0,0,0,0,0,0,0,0,0,0,0,1078,79,4,2,0,0,0,0,0,0,0,0,0,network_stall
1779257670.618239,g5.hpc.coe,43337,0.5001,0,25.0,2035.0,12288.0,17147797268,17738555225,18802076,19606923,1323245,0,0,0,0,0,0,0,0,0,0,0,0,6956373,6949870,7023,7016,2,0,0,0,0,0,0,0,0,network_stall
1779257671.1183712,g5.hpc.coe,43337,0.5001,0,52.0,2035.0,12288.0,17175580131,17766315712,18830001,19634838,1323252,0,0,0,0,0,0,0,0,0,0,0,0,27782863,27760487,27925,27915,7,0,0,0,0,0,0,0,0,network_stall
1779257671.618511,g5.hpc.coe,43337,0.5001,0,0.0,2035.0,12288.0,17175580276,17766315769,18830003,19634839,1323252,0,0,0,0,0,0,0,0,0,0,0,0,145,57,2,1,0,0,0,0,0,0,0,0,0,network_stall
1779257672.1186388,g5.hpc.coe,43337,0.5001,0,0.0,2035.0,12288.0,17175580463,17766315826,18830005,19634840,1323252,0,0,0,0,0,0,0,0,0,0,0,0,187,57,2,1,0,0,0,0,0,0,0,0,0,network_stall
1779257672.6187806,g5.hpc.coe,43337,0.5001,0,0.0,2035.0,12288.0,17175580692,17766315883,18830007,19634841,1323252,0,0,0,0,0,0,0,0,0,0,0,0,229,57,2,1,0,0,0,0,0,0,0,0,0,network_stall
1779257673.1189284,g5.hpc.coe,43337,0.5001,0,0.0,2035.0,12288.0,17175580963,17766315940,18830009,19634842,1323252,0,0,0,0,0,0,0,0,0,0,0,0,271,57,2,1,0,0,0,0,0,0,0,0,0,network_stall
1779257673.6190681,g5.hpc.coe,43337,0.5001,0,0.0,2035.0,12288.0,17175581276,17766315997,18830011,19634843,1323252,0,0,0,0,0,0,0,0,0,0,0,0,313,57,2,1,0,0,0,0,0,0,0,0,0,network_stall
1779257674.1192114,g5.hpc.coe,43337,0.5001,0,0.0,2035.0,12288.0,17175581631,17766316054,18830013,19634844,1323252,0,0,0,0,0,0,0,0,0,0,0,0,355,57,2,1,0,0,0,0,0,0,0,0,0,network_stall
1779257674.6193125,g5.hpc.coe,43337,0.5001,0,12.0,2035.0,12288.0,17176279949,17768065539,18830798,19636644,1323451,0,0,0,0,0,0,0,0,0,0,0,0,698318,1749485,785,1800,199,0,0,0,0,0,0,0,0,network_stall
1779257675.1194425,g5.hpc.coe,43337,0.5001,0,65.0,2035.0,12288.0,17210319540,17801026450,18864965,19669778,1323455,0,0,0,0,0,0,0,0,0,0,0,0,34039591,32960911,34167,33134,4,0,0,0,0,0,0,0,0,network_stall
1779257675.6195722,g5.hpc.coe,43337,0.5001,0,0.0,2035.0,12288.0,17210320030,17801026507,18864967,19669779,1323455,0,0,0,0,0,0,0,0,0,0,0,0,490,57,2,1,0,0,0,0,0,0,0,0,0,network_stall
1779257676.1196804,g5.hpc.coe,43337,0.5001,0,0.0,2035.0,12288.0,17210320562,17801026564,18864969,19669780,1323455,0,0,0,0,0,0,0,0,0,0,0,0,532,57,2,1,0,0,0,0,0,0,0,0,0,network_stall
1779257676.6198175,g5.hpc.coe,43337,0.5001,0,0.0,2035.0,12288.0,17210321158,17801026643,18864972,19669782,1323455,0,0,0,0,0,0,0,0,0,0,0,0,596,79,3,2,0,0,0,0,0,0,0,0,0,network_stall
1779257677.1199546,g5.hpc.coe,43337,0.5001,0,0.0,2035.0,12288.0,17210321796,17801026722,18864975,19669784,1323455,0,0,0,0,0,0,0,0,0,0,0,0,638,79,3,2,0,0,0,0,0,0,0,0,0,network_stall
1779257677.6200893,g5.hpc.coe,43337,0.5001,0,0.0,2035.0,12288.0,17210322476,17801026801,18864978,19669786,1323455,0,0,0,0,0,0,0,0,0,0,0,0,680,79,3,2,0,0,0,0,0,0,0,0,0,network_stall
1779257678.1202297,g5.hpc.coe,43337,0.5001,0,0.0,2035.0,12288.0,17210323198,17801026880,18864981,19669788,1323455,0,0,0,0,0,0,0,0,0,0,0,0,722,79,3,2,0,0,0,0,0,0,0,0,0,network_stall
1779257678.6203444,g5.hpc.coe,43337,0.5001,0,0.0,2035.0,12288.0,17210331846,17801204677,18865018,19669985,1323455,0,0,0,0,0,0,0,0,0,0,0,0,8648,177797,37,197,0,0,0,0,0,0,0,0,0,network_stall
1779257679.1204498,g5.hpc.coe,43337,0.5001,0,86.0,2035.0,12288.0,17245062350,17835737677,18899943,19704726,1323813,0,0,0,0,0,0,0,0,0,0,0,0,34730504,34533000,34925,34741,358,0,0,0,0,0,0,0,0,network_stall
1779257679.6206033,g5.hpc.coe,43337,0.5002,0,0.0,2035.0,12288.0,17245063205,17835737756,18899946,19704728,1323813,0,0,0,0,0,0,0,0,0,0,0,0,855,79,3,2,0,0,0,0,0,0,0,0,0,network_stall
1779257680.1207392,g5.hpc.coe,43337,0.5001,0,0.0,2035.0,12288.0,17245064179,17835737890,18899951,19704731,1323813,0,0,0,0,0,0,0,0,0,0,0,0,974,134,5,3,0,0,0,0,0,0,0,0,0,network_stall
1779257680.6208708,g5.hpc.coe,43337,0.5001,0,0.0,2035.0,12288.0,17245065119,17835737969,18899954,19704733,1323813,0,0,0,0,0,0,0,0,0,0,0,0,940,79,3,2,0,0,0,0,0,0,0,0,0,network_stall
1779257681.1209874,g5.hpc.coe,43337,0.5001,0,0.0,2035.0,12288.0,17245066101,17835738048,18899957,19704735,1323813,0,0,0,0,0,0,0,0,0,0,0,0,982,79,3,2,0,0,0,0,0,0,0,0,0,network_stall
1779257681.6211271,g5.hpc.coe,43337,0.5001,0,0.0,2035.0,12288.0,17245067125,17835738127,18899960,19704737,1323813,0,0,0,0,0,0,0,0,0,0,0,0,1024,79,3,2,0,0,0,0,0,0,0,0,0,network_stall
1779257682.1212587,g5.hpc.coe,43337,0.5001,0,0.0,2035.0,12288.0,17245068213,17835738206,18899964,19704739,1323813,0,0,0,0,0,0,0,0,0,0,0,0,1088,79,4,2,0,0,0,0,0,0,0,0,0,network_stall
1779257682.6213968,g5.hpc.coe,43337,0.5001,0,0.0,2035.0,12288.0,17245069600,17835738540,18899973,19704746,1323813,0,0,0,0,0,0,0,0,0,0,0,0,1387,334,9,7,0,0,0,0,0,0,0,0,0,network_stall
1779257683.12149,g5.hpc.coe,43337,0.5001,0,100.0,2035.0,12288.0,17279807724,17870448853,18934915,19739680,1325618,0,0,0,0,0,0,0,0,0,0,0,0,34738124,34710313,34942,34934,1805,0,0,0,0,0,0,0,0,network_stall
1779257683.621601,g5.hpc.coe,43337,0.5001,0,0.0,2035.0,12288.0,17279807876,17870448910,18934917,19739681,1325618,0,0,0,0,0,0,0,0,0,0,0,0,152,57,2,1,0,0,0,0,0,0,0,0,0,network_stall
1779257684.1217334,g5.hpc.coe,43337,0.5001,0,0.0,2035.0,12288.0,17279808070,17870448967,18934919,19739682,1325618,0,0,0,0,0,0,0,0,0,0,0,0,194,57,2,1,0,0,0,0,0,0,0,0,0,network_stall
1779257684.621843,g5.hpc.coe,43337,0.5001,0,0.0,2035.0,12288.0,17279808306,17870449024,18934921,19739683,1325618,0,0,0,0,0,0,0,0,0,0,0,0,236,57,2,1,0,0,0,0,0,0,0,0,0,network_stall
1779257685.1219842,g5.hpc.coe,43337,0.5001,0,0.0,2035.0,12288.0,17279808661,17870449136,18934925,19739685,1325618,0,0,0,0,0,0,0,0,0,0,0,0,355,112,4,2,0,0,0,0,0,0,0,0,0,network_stall
1779257685.6220953,g5.hpc.coe,43337,0.5001,0,0.0,2035.0,12288.0,17279808981,17870449193,18934927,19739686,1325618,0,0,0,0,0,0,0,0,0,0,0,0,320,57,2,1,0,0,0,0,0,0,0,0,0,network_stall
1779257686.1222343,g5.hpc.coe,43337,0.5001,0,0.0,2035.0,12288.0,17279809343,17870449250,18934929,19739687,1325618,0,0,0,0,0,0,0,0,0,0,0,0,362,57,2,1,0,0,0,0,0,0,0,0,0,network_stall
1779257686.6223621,g5.hpc.coe,43337,0.5001,0,0.0,2035.0,12288.0,17279809747,17870449307,18934931,19739688,1325618,0,0,0,0,0,0,0,0,0,0,0,0,404,57,2,1,0,0,0,0,0,0,0,0,0,network_stall
1779257687.1224558,g5.hpc.coe,43337,0.5001,0,100.0,2035.0,12288.0,17308297674,17898912209,18963668,19768407,1325623,0,0,0,0,0,0,0,0,0,0,0,0,28487927,28462902,28737,28719,5,0,0,0,0,0,0,0,0,network_stall
1779257687.622591,g5.hpc.coe,43337,0.5001,0,0.0,2035.0,12288.0,17314547671,17905159655,18969880,19774622,1325625,0,0,0,0,0,0,0,0,0,0,0,0,6249997,6247446,6212,6215,2,0,0,0,0,0,0,0,0,network_stall
1779257688.1226985,g5.hpc.coe,43337,0.5001,0,0.0,2035.0,12288.0,17314548210,17905159712,18969882,19774623,1325625,0,0,0,0,0,0,0,0,0,0,0,0,539,57,2,1,0,0,0,0,0,0,0,0,0,network_stall
1779257688.6228313,g5.hpc.coe,43337,0.5001,0,0.0,2035.0,12288.0,17314548813,17905159791,18969885,19774625,1325625,0,0,0,0,0,0,0,0,0,0,0,0,603,79,3,2,0,0,0,0,0,0,0,0,0,network_stall
1779257689.1229582,g5.hpc.coe,43337,0.5001,0,0.0,2035.0,12288.0,17314549458,17905159870,18969888,19774627,1325625,0,0,0,0,0,0,0,0,0,0,0,0,645,79,3,2,0,0,0,0,0,0,0,0,0,network_stall
1779257689.623074,g5.hpc.coe,43337,0.5001,0,0.0,2035.0,12288.0,17314550145,17905159949,18969891,19774629,1325625,0,0,0,0,0,0,0,0,0,0,0,0,687,79,3,2,0,0,0,0,0,0,0,0,0,network_stall
1779257690.1232164,g5.hpc.coe,43337,0.5001,0,0.0,2035.0,12288.0,17314550950,17905160083,18969896,19774632,1325625,0,0,0,0,0,0,0,0,0,0,0,0,805,134,5,3,0,0,0,0,0,0,0,0,0,network_stall
1779257690.6233552,g5.hpc.coe,43337,0.5001,0,0.0,2035.0,12288.0,17314551721,17905160162,18969899,19774634,1325625,0,0,0,0,0,0,0,0,0,0,0,0,771,79,3,2,0,0,0,0,0,0,0,0,0,network_stall
1779257691.1234472,g5.hpc.coe,43337,0.5001,0,100.0,2035.0,12288.0,17342350027,17932936150,18997895,19802606,1325681,0,0,0,0,0,0,0,0,0,0,0,0,27798306,27775988,27996,27972,56,0,0,0,0,0,0,0,0,network_stall
1779257691.6235914,g5.hpc.coe,43337,0.5001,0,0.0,2035.0,12288.0,17349290407,17939870512,19004854,19809564,1325682,0,0,0,0,0,0,0,0,0,0,0,0,6940380,6934362,6959,6958,1,0,0,0,0,0,0,0,0,network_stall
1779257692.123722,g5.hpc.coe,43337,0.5001,0,0.0,2035.0,12288.0,17349291313,17939870591,19004857,19809566,1325682,0,0,0,0,0,0,0,0,0,0,0,0,906,79,3,2,0,0,0,0,0,0,0,0,0,network_stall
1779257692.6238394,g5.hpc.coe,43337,0.5001,0,0.0,2035.0,12288.0,17349292261,17939870670,19004860,19809568,1325682,0,0,0,0,0,0,0,0,0,0,0,0,948,79,3,2,0,0,0,0,0,0,0,0,0,network_stall
1779257693.1239822,g5.hpc.coe,43337,0.5001,0,0.0,2035.0,12288.0,17349293251,17939870749,19004863,19809570,1325682,0,0,0,0,0,0,0,0,0,0,0,0,990,79,3,2,0,0,0,0,0,0,0,0,0,network_stall
1779257693.6241176,g5.hpc.coe,43337,0.5001,0,0.0,2035.0,12288.0,17349294283,17939870828,19004866,19809572,1325682,0,0,0,0,0,0,0,0,0,0,0,0,1032,79,3,2,0,0,0,0,0,0,0,0,0,network_stall
1779257694.1242385,g5.hpc.coe,43337,0.5001,0,0.0,2035.0,12288.0,17349296002,17939871354,19004885,19809582,1325682,0,0,0,0,0,0,0,0,0,0,0,0,1719,526,19,10,0,0,0,0,0,0,0,0,0,network_stall
1779257694.6243806,g5.hpc.coe,43337,0.5001,0,0.0,2035.0,12288.0,17349297141,17939871433,19004889,19809584,1325682,0,0,0,0,0,0,0,0,0,0,0,0,1139,79,4,2,0,0,0,0,0,0,0,0,0,network_stall
1779257695.124479,g5.hpc.coe,43337,0.5001,0,100.0,2035.0,12288.0,17370838378,17961392334,19026635,19831321,1325833,0,0,0,0,0,0,0,0,0,0,0,0,21541237,21520901,21746,21737,151,0,0,0,0,0,0,0,0,network_stall
1779257695.6245892,g5.hpc.coe,43337,0.5001,0,0.0,2035.0,12288.0,17384035538,17974581872,19039841,19844522,1325836,0,0,0,0,0,0,0,0,0,0,0,0,13197160,13189538,13206,13201,3,0,0,0,0,0,0,0,0,network_stall
1779257696.1246986,g5.hpc.coe,43337,0.5001,0,0.0,2035.0,12288.0,17384035745,17974581929,19039843,19844523,1325836,0,0,0,0,0,0,0,0,0,0,0,0,207,57,2,1,0,0,0,0,0,0,0,0,0,network_stall
1779257696.6248426,g5.hpc.coe,43337,0.5001,0,0.0,2035.0,12288.0,17384035994,17974581986,19039845,19844524,1325836,0,0,0,0,0,0,0,0,0,0,0,0,249,57,2,1,0,0,0,0,0,0,0,0,0,network_stall
1779257697.1249835,g5.hpc.coe,43337,0.5001,0,0.0,2035.0,12288.0,17384036285,17974582043,19039847,19844525,1325836,0,0,0,0,0,0,0,0,0,0,0,0,291,57,2,1,0,0,0,0,0,0,0,0,0,network_stall
1779257697.6251342,g5.hpc.coe,43337,0.5002,0,0.0,2035.0,12288.0,17384036618,17974582100,19039849,19844526,1325836,0,0,0,0,0,0,0,0,0,0,0,0,333,57,2,1,0,0,0,0,0,0,0,0,0,network_stall
1779257698.125264,g5.hpc.coe,43337,0.5001,0,0.0,2035.0,12288.0,17384036993,17974582157,19039851,19844527,1325836,0,0,0,0,0,0,0,0,0,0,0,0,375,57,2,1,0,0,0,0,0,0,0,0,0,network_stall
1779257698.625393,g5.hpc.coe,43337,0.5001,0,0.0,2035.0,12288.0,17384037410,17974582214,19039853,19844528,1325836,0,0,0,0,0,0,0,0,0,0,0,0,417,57,2,1,0,0,0,0,0,0,0,0,0,network_stall
1779257699.1254847,g5.hpc.coe,43337,0.5001,0,100.0,2035.0,12288.0,17404887951,17995416143,19060857,19865514,1325845,0,0,0,0,0,0,0,0,0,0,0,0,20850541,20833929,21004,20986,9,0,0,0,0,0,0,0,0,network_stall
1779257699.625608,g5.hpc.coe,43337,0.5001,0,0.0,2035.0,12288.0,17418775423,18009292534,19074811,19879458,1325850,0,0,0,0,0,0,0,0,0,0,0,0,13887472,13876391,13954,13944,5,0,0,0,0,0,0,0,0,network_stall
1779257700.1257372,g5.hpc.coe,43337,0.5001,0,0.0,2035.0,12288.0,17418775998,18009292613,19074814,19879460,1325850,0,0,0,0,0,0,0,0,0,0,0,0,575,79,3,2,0,0,0,0,0,0,0,0,0,network_stall
1779257700.6258569,g5.hpc.coe,43337,0.5001,0,0.0,2035.0,12288.0,17418776692,18009292747,19074819,19879463,1325850,0,0,0,0,0,0,0,0,0,0,0,0,694,134,5,3,0,0,0,0,0,0,0,0,0,network_stall
1779257701.125968,g5.hpc.coe,43337,0.5001,0,0.0,2035.0,12288.0,17418777351,18009292826,19074822,19879465,1325850,0,0,0,0,0,0,0,0,0,0,0,0,659,79,3,2,0,0,0,0,0,0,0,0,0,network_stall
1779257701.626079,g5.hpc.coe,43337,0.5001,0,0.0,2035.0,12288.0,17418781229,18009400580,19074892,19879702,1325850,0,0,0,0,0,0,0,0,0,0,0,0,3878,107754,70,237,0,0,0,0,0,0,0,0,0,network_stall
1779257702.126208,g5.hpc.coe,43337,0.5001,0,0.0,2035.0,12288.0,17418781973,18009400659,19074895,19879704,1325850,0,0,0,0,0,0,0,0,0,0,0,0,744,79,3,2,0,0,0,0,0,0,0,0,0,network_stall
1779257702.6263275,g5.hpc.coe,43337,0.5001,0,0.0,2035.0,12288.0,17418782759,18009400738,19074898,19879706,1325850,0,0,0,0,0,0,0,0,0,0,0,0,786,79,3,2,0,0,0,0,0,0,0,0,0,network_stall
1779257703.1264236,g5.hpc.coe,43337,0.5001,0,82.0,2035.0,12288.0,17433376232,18023979567,19089652,19894453,1326074,0,0,0,0,0,0,0,0,0,0,0,0,14593473,14578829,14754,14747,224,0,0,0,0,0,0,0,0,network_stall
1779257703.6265376,g5.hpc.coe,43337,0.5001,0,0.0,2035.0,12288.0,17453521434,18044111179,19109847,19914649,1326078,0,0,0,0,0,0,0,0,0,0,0,0,20145202,20131612,20195,20196,4,0,0,0,0,0,0,0,0,network_stall
1779257704.1266637,g5.hpc.coe,43337,0.5001,0,0.0,2035.0,12288.0,17453522356,18044111258,19109850,19914651,1326078,0,0,0,0,0,0,0,0,0,0,0,0,922,79,3,2,0,0,0,0,0,0,0,0,0,network_stall
1779257704.626791,g5.hpc.coe,43337,0.5001,0,0.0,2035.0,12288.0,17453523320,18044111337,19109853,19914653,1326078,0,0,0,0,0,0,0,0,0,0,0,0,964,79,3,2,0,0,0,0,0,0,0,0,0,network_stall
1779257705.126929,g5.hpc.coe,43337,0.5001,0,0.0,2035.0,12288.0,17453524326,18044111416,19109856,19914655,1326078,0,0,0,0,0,0,0,0,0,0,0,0,1006,79,3,2,0,0,0,0,0,0,0,0,0,network_stall
1779257705.6270678,g5.hpc.coe,43337,0.5001,0,0.0,2035.0,12288.0,17453525451,18044111550,19109861,19914658,1326078,0,0,0,0,0,0,0,0,0,0,0,0,1125,134,5,3,0,0,0,0,0,0,0,0,0,network_stall
1779257706.1272206,g5.hpc.coe,43337,0.5002,0,0.0,2035.0,12288.0,17453526564,18044111629,19109865,19914660,1326078,0,0,0,0,0,0,0,0,0,0,0,0,1113,79,4,2,0,0,0,0,0,0,0,0,0,network_stall
1779257706.6273298,g5.hpc.coe,43337,0.5001,0,0.0,2035.0,12288.0,17453527719,18044111708,19109869,19914662,1326078,0,0,0,0,0,0,0,0,0,0,0,0,1155,79,4,2,0,0,0,0,0,0,0,0,0,network_stall
1779257707.1274557,g5.hpc.coe,43337,0.5001,0,0.0,2035.0,12288.0,17453527848,18044111765,19109871,19914663,1326078,0,0,0,0,0,0,0,0,0,0,0,0,129,57,2,1,0,0,0,0,0,0,0,0,0,network_stall
1779257707.6275494,g5.hpc.coe,43337,0.5001,0,100.0,2035.0,12288.0,17481325463,18071887752,19137859,19942637,1326084,0,0,0,0,0,0,0,0,0,0,0,0,27797615,27775987,27988,27974,6,0,0,0,0,0,0,0,0,network_stall
1779257708.1276915,g5.hpc.coe,43337,0.5001,0,0.0,2035.0,12288.0,17488265236,18078822099,19144822,19949595,1326087,0,0,0,0,0,0,0,0,0,0,0,0,6939773,6934347,6963,6958,3,0,0,0,0,0,0,0,0,network_stall
1779257708.6278293,g5.hpc.coe,43337,0.5001,0,0.0,2035.0,12288.0,17488265500,18078822156,19144824,19949596,1326087,0,0,0,0,0,0,0,0,0,0,0,0,264,57,2,1,0,0,0,0,0,0,0,0,0,network_stall
1779257709.127937,g5.hpc.coe,43337,0.5001,0,0.0,2035.0,12288.0,17488266429,18078822660,19144841,19949605,1326087,0,0,0,0,0,0,0,0,0,0,0,0,929,504,17,9,0,0,0,0,0,0,0,0,0,network_stall
1779257709.6280599,g5.hpc.coe,43337,0.5001,0,0.0,2035.0,12288.0,17488266777,18078822717,19144843,19949606,1326087,0,0,0,0,0,0,0,0,0,0,0,0,348,57,2,1,0,0,0,0,0,0,0,0,0,network_stall
1779257710.128171,g5.hpc.coe,43337,0.5001,0,0.0,2035.0,12288.0,17488267167,18078822774,19144845,19949607,1326087,0,0,0,0,0,0,0,0,0,0,0,0,390,57,2,1,0,0,0,0,0,0,0,0,0,network_stall
1779257710.6282876,g5.hpc.coe,43337,0.5001,0,0.0,2035.0,12288.0,17488267676,18078822886,19144849,19949609,1326087,0,0,0,0,0,0,0,0,0,0,0,0,509,112,4,2,0,0,0,0,0,0,0,0,0,network_stall
1779257711.128417,g5.hpc.coe,43337,0.5001,0,0.0,2035.0,12288.0,17488268150,18078822943,19144851,19949610,1326087,0,0,0,0,0,0,0,0,0,0,0,0,474,57,2,1,0,0,0,0,0,0,0,0,0,network_stall
1779257711.6285155,g5.hpc.coe,43337,0.5001,0,100.0,2035.0,12288.0,17509808757,18100343780,19166600,19971340,1326113,0,0,0,0,0,0,0,0,0,0,0,0,21540607,21520837,21749,21730,26,0,0,0,0,0,0,0,0,network_stall
1779257712.1286216,g5.hpc.coe,43337,0.5001,0,0.0,2035.0,12288.0,17523006272,18113533292,19179806,19984542,1326114,0,0,0,0,0,0,0,0,0,0,0,0,13197515,13189512,13206,13202,1,0,0,0,0,0,0,0,0,network_stall
1779257712.6287491,g5.hpc.coe,43337,0.5001,0,0.0,2035.0,12288.0,17523006904,18113533371,19179809,19984544,1326114,0,0,0,0,0,0,0,0,0,0,0,0,632,79,3,2,0,0,0,0,0,0,0,0,0,network_stall
1779257713.1288776,g5.hpc.coe,43337,0.5001,0,0.0,2035.0,12288.0,17523007578,18113533450,19179812,19984546,1326114,0,0,0,0,0,0,0,0,0,0,0,0,674,79,3,2,0,0,0,0,0,0,0,0,0,network_stall
1779257713.6290169,g5.hpc.coe,43337,0.5001,0,0.0,2035.0,12288.0,17523008294,18113533529,19179815,19984548,1326114,0,0,0,0,0,0,0,0,0,0,0,0,716,79,3,2,0,0,0,0,0,0,0,0,0,network_stall
1779257714.1291552,g5.hpc.coe,43337,0.5001,0,0.0,2035.0,12288.0,17523009052,18113533608,19179818,19984550,1326114,0,0,0,0,0,0,0,0,0,0,0,0,758,79,3,2,0,0,0,0,0,0,0,0,0,network_stall
1779257714.6292984,g5.hpc.coe,43337,0.5001,0,0.0,2035.0,12288.0,17523009852,18113533687,19179821,19984552,1326114,0,0,0,0,0,0,0,0,0,0,0,0,800,79,3,2,0,0,0,0,0,0,0,0,0,network_stall
1779257715.12943,g5.hpc.coe,43337,0.5001,0,0.0,2035.0,12288.0,17523010694,18113533766,19179824,19984554,1326114,0,0,0,0,0,0,0,0,0,0,0,0,842,79,3,2,0,0,0,0,0,0,0,0,0,network_stall
1779257715.6295288,g5.hpc.coe,43337,0.5001,0,100.0,2035.0,12288.0,17543861590,18134367682,19200819,20005536,1326117,0,0,0,0,0,0,0,0,0,0,0,0,20850896,20833916,20995,20982,3,0,0,0,0,0,0,0,0,network_stall
1779257716.1296628,g5.hpc.coe,43337,0.5001,0,0.0,2035.0,12288.0,17557749543,18148244171,19214773,20019485,1326121,0,0,0,0,0,0,0,0,0,0,0,0,13887953,13876489,13954,13949,4,0,0,0,0,0,0,0,0,network_stall
1779257716.6298006,g5.hpc.coe,43337,0.5001,0,0.0,2035.0,12288.0,17557750521,18148244250,19214776,20019487,1326121,0,0,0,0,0,0,0,0,0,0,0,0,978,79,3,2,0,0,0,0,0,0,0,0,0,network_stall
1779257717.129933,g5.hpc.coe,43337,0.5001,0,0.0,2035.0,12288.0,17557751541,18148244329,19214779,20019489,1326121,0,0,0,0,0,0,0,0,0,0,0,0,1020,79,3,2,0,0,0,0,0,0,0,0,0,network_stall
1779257717.630049,g5.hpc.coe,43337,0.5001,0,0.0,2035.0,12288.0,17557752603,18148244408,19214782,20019491,1326121,0,0,0,0,0,0,0,0,0,0,0,0,1062,79,3,2,0,0,0,0,0,0,0,0,0,network_stall
1779257718.1301608,g5.hpc.coe,43337,0.5001,0,0.0,2035.0,12288.0,17557753729,18148244487,19214786,20019493,1326121,0,0,0,0,0,0,0,0,0,0,0,0,1126,79,4,2,0,0,0,0,0,0,0,0,0,network_stall
1779257718.6303022,g5.hpc.coe,43337,0.5001,0,0.0,2035.0,12288.0,17557754897,18148244566,19214790,20019495,1326121,0,0,0,0,0,0,0,0,0,0,0,0,1168,79,4,2,0,0,0,0,0,0,0,0,0,network_stall
1779257719.130452,g5.hpc.coe,43337,0.5001,0,0.0,2035.0,12288.0,17557755039,18148244623,19214792,20019496,1326121,0,0,0,0,0,0,0,0,0,0,0,0,142,57,2,1,0,0,0,0,0,0,0,0,0,network_stall
1779257719.6305478,g5.hpc.coe,43337,0.5001,0,100.0,2035.0,12288.0,17572347882,18162823437,19229547,20034243,1326324,0,0,0,0,0,0,0,0,0,0,0,0,14592843,14578814,14755,14747,203,0,0,0,0,0,0,0,0,network_stall
1779257720.1306767,g5.hpc.coe,43337,0.5001,0,0.0,2035.0,12288.0,17592492447,18182954943,19249742,20054426,1326330,0,0,0,0,0,0,0,0,0,0,0,0,20144565,20131506,20195,20183,6,0,0,0,0,0,0,0,0,network_stall
1779257720.630813,g5.hpc.coe,43337,0.5001,0,0.0,2035.0,12288.0,17592492726,18182955000,19249744,20054427,1326330,0,0,0,0,0,0,0,0,0,0,0,0,279,57,2,1,0,0,0,0,0,0,0,0,0,network_stall
1779257721.130956,g5.hpc.coe,43337,0.5001,0,0.0,2035.0,12288.0,17592493123,18182955112,19249748,20054429,1326330,0,0,0,0,0,0,0,0,0,0,0,0,397,112,4,2,0,0,0,0,0,0,0,0,0,network_stall
1779257721.6310716,g5.hpc.coe,43337,0.5001,0,0.0,2035.0,12288.0,17592493485,18182955169,19249750,20054430,1326330,0,0,0,0,0,0,0,0,0,0,0,0,362,57,2,1,0,0,0,0,0,0,0,0,0,network_stall
1779257722.1312108,g5.hpc.coe,43337,0.5001,0,0.0,2035.0,12288.0,17592493889,18182955226,19249752,20054431,1326330,0,0,0,0,0,0,0,0,0,0,0,0,404,57,2,1,0,0,0,0,0,0,0,0,0,network_stall
1779257722.631354,g5.hpc.coe,43337,0.5001,0,0.0,2035.0,12288.0,17592494335,18182955283,19249754,20054432,1326330,0,0,0,0,0,0,0,0,0,0,0,0,446,57,2,1,0,0,0,0,0,0,0,0,0,network_stall
1779257723.1314964,g5.hpc.coe,43337,0.5001,0,0.0,2035.0,12288.0,17592494823,18182955340,19249756,20054433,1326330,0,0,0,0,0,0,0,0,0,0,0,0,488,57,2,1,0,0,0,0,0,0,0,0,0,network_stall
1779257723.6315897,g5.hpc.coe,43337,0.5001,0,92.0,2035.0,12288.0,17607087991,18197534126,19264508,20069176,1326393,0,0,0,0,0,0,0,0,0,0,0,0,14593168,14578786,14752,14743,63,0,0,0,0,0,0,0,0,network_stall
1779257724.131699,g5.hpc.coe,43337,0.5001,0,0.0,2035.0,12288.0,17627233567,18217666136,19284722,20089373,1326401,0,0,0,0,0,0,0,0,0,0,0,0,20145576,20132010,20214,20197,8,0,0,0,0,0,0,0,0,network_stall
1779257724.6318333,g5.hpc.coe,43337,0.5001,0,0.0,2035.0,12288.0,17627234213,18217666215,19284725,20089375,1326401,0,0,0,0,0,0,0,0,0,0,0,0,646,79,3,2,0,0,0,0,0,0,0,0,0,network_stall
1779257725.131954,g5.hpc.coe,43337,0.5001,0,0.0,2035.0,12288.0,17627234901,18217666294,19284728,20089377,1326401,0,0,0,0,0,0,0,0,0,0,0,0,688,79,3,2,0,0,0,0,0,0,0,0,0,network_stall
1779257725.6320784,g5.hpc.coe,43337,0.5001,0,0.0,2035.0,12288.0,17627235631,18217666373,19284731,20089379,1326401,0,0,0,0,0,0,0,0,0,0,0,0,730,79,3,2,0,0,0,0,0,0,0,0,0,network_stall
1779257726.1322103,g5.hpc.coe,43337,0.5001,0,0.0,2035.0,12288.0,17627236480,18217666507,19284736,20089382,1326401,0,0,0,0,0,0,0,0,0,0,0,0,849,134,5,3,0,0,0,0,0,0,0,0,0,network_stall
1779257726.6323597,g5.hpc.coe,43337,0.5001,0,0.0,2035.0,12288.0,17627237294,18217666586,19284739,20089384,1326401,0,0,0,0,0,0,0,0,0,0,0,0,814,79,3,2,0,0,0,0,0,0,0,0,0,network_stall
1779257727.1324744,g5.hpc.coe,43337,0.5001,0,0.0,2035.0,12288.0,17627238150,18217666665,19284742,20089386,1326401,0,0,0,0,0,0,0,0,0,0,0,0,856,79,3,2,0,0,0,0,0,0,0,0,0,network_stall
1779257727.6325665,g5.hpc.coe,43337,0.5001,0,71.0,2035.0,12288.0,17637019983,18228468180,19295118,20100629,1326410,0,0,0,0,0,0,0,0,0,0,0,0,9781833,10801515,10376,11243,9,0,0,0,0,0,0,0,0,network_stall
1779257728.13269,g5.hpc.coe,43337,0.5001,0,6.0,2035.0,12288.0,17661976964,18252377001,19319691,20124314,1327317,0,0,0,0,0,0,0,0,0,0,0,0,24956981,23908821,24573,23685,907,0,0,0,0,0,0,0,0,network_stall
1779257728.6328151,g5.hpc.coe,43337,0.5001,0,0.0,2035.0,12288.0,17661977955,18252377080,19319694,20124316,1327317,0,0,0,0,0,0,0,0,0,0,0,0,991,79,3,2,0,0,0,0,0,0,0,0,0,network_stall
1779257729.1329575,g5.hpc.coe,43337,0.5001,0,0.0,2035.0,12288.0,17661978988,18252377159,19319697,20124318,1327317,0,0,0,0,0,0,0,0,0,0,0,0,1033,79,3,2,0,0,0,0,0,0,0,0,0,network_stall
1779257729.6330924,g5.hpc.coe,43337,0.5001,0,0.0,2035.0,12288.0,17661980086,18252377238,19319701,20124320,1327317,0,0,0,0,0,0,0,0,0,0,0,0,1098,79,4,2,0,0,0,0,0,0,0,0,0,network_stall
1779257730.1332326,g5.hpc.coe,43337,0.5001,0,0.0,2035.0,12288.0,17661981226,18252377317,19319705,20124322,1327317,0,0,0,0,0,0,0,0,0,0,0,0,1140,79,4,2,0,0,0,0,0,0,0,0,0,network_stall
1779257730.6333723,g5.hpc.coe,43337,0.5001,0,0.0,2035.0,12288.0,17661982408,18252377396,19319709,20124324,1327317,0,0,0,0,0,0,0,0,0,0,0,0,1182,79,4,2,0,0,0,0,0,0,0,0,0,network_stall
1779257731.1335151,g5.hpc.coe,43337,0.5001,0,0.0,2035.0,12288.0,17661982641,18252377508,19319713,20124326,1327317,0,0,0,0,0,0,0,0,0,0,0,0,233,112,4,2,0,0,0,0,0,0,0,0,0,network_stall
1779257731.6336095,g5.hpc.coe,43337,0.5001,0,51.0,2035.0,12288.0,17669628067,18260014264,19327474,20132085,1328806,0,0,0,0,0,0,0,0,0,0,0,0,7645426,7636756,7761,7759,1489,0,0,0,0,0,0,0,0,network_stall
1779257732.1337395,g5.hpc.coe,43337,0.5001,0,26.0,2035.0,12288.0,17696719958,18287087835,19354646,20159257,1328812,0,0,0,0,0,0,0,0,0,0,0,0,27091891,27073571,27172,27172,6,0,0,0,0,0,0,0,0,network_stall
1779257732.6338625,g5.hpc.coe,43337,0.5001,0,0.0,2035.0,12288.0,17696720250,18287087892,19354648,20159258,1328812,0,0,0,0,0,0,0,0,0,0,0,0,292,57,2,1,0,0,0,0,0,0,0,0,0,network_stall
1779257733.133994,g5.hpc.coe,43337,0.5001,0,0.0,2035.0,12288.0,17696720584,18287087949,19354650,20159259,1328812,0,0,0,0,0,0,0,0,0,0,0,0,334,57,2,1,0,0,0,0,0,0,0,0,0,network_stall
1779257733.634123,g5.hpc.coe,43337,0.5001,0,0.0,2035.0,12288.0,17696720960,18287088006,19354652,20159260,1328812,0,0,0,0,0,0,0,0,0,0,0,0,376,57,2,1,0,0,0,0,0,0,0,0,0,network_stall
1779257734.134259,g5.hpc.coe,43337,0.5001,0,0.0,2035.0,12288.0,17696721378,18287088063,19354654,20159261,1328812,0,0,0,0,0,0,0,0,0,0,0,0,418,57,2,1,0,0,0,0,0,0,0,0,0,network_stall
1779257734.634394,g5.hpc.coe,43337,0.5001,0,0.0,2035.0,12288.0,17696721838,18287088120,19354656,20159262,1328812,0,0,0,0,0,0,0,0,0,0,0,0,460,57,2,1,0,0,0,0,0,0,0,0,0,network_stall
1779257735.1345408,g5.hpc.coe,43337,0.5001,0,0.0,2035.0,12288.0,17696722339,18287088177,19354658,20159263,1328812,0,0,0,0,0,0,0,0,0,0,0,0,501,57,2,1,0,0,0,0,0,0,0,0,0,network_stall
1779257735.634639,g5.hpc.coe,43337,0.5001,0,34.0,2035.0,12288.0,17703678171,18294038026,19361682,20166276,1328814,0,0,0,0,0,0,0,0,0,0,0,0,6955832,6949849,7024,7013,2,0,0,0,0,0,0,0,0,network_stall
1779257736.1347458,g5.hpc.coe,43337,0.5001,0,42.0,2035.0,12288.0,17731460528,18321798541,19389613,20194195,1328823,0,0,0,0,0,0,0,0,0,0,0,0,27782357,27760515,27931,27919,9,0,0,0,0,0,0,0,0,network_stall
1779257736.6348855,g5.hpc.coe,43337,0.5001,0,0.0,2035.0,12288.0,17731461241,18321798675,19389617,20194198,1328823,0,0,0,0,0,0,0,0,0,0,0,0,713,134,4,3,0,0,0,0,0,0,0,0,0,network_stall
1779257737.1350265,g5.hpc.coe,43337,0.5001,0,0.0,2035.0,12288.0,17731461941,18321798754,19389620,20194200,1328823,0,0,0,0,0,0,0,0,0,0,0,0,700,79,3,2,0,0,0,0,0,0,0,0,0,network_stall
1779257737.635166,g5.hpc.coe,43337,0.5001,0,0.0,2035.0,12288.0,17731462683,18321798833,19389623,20194202,1328823,0,0,0,0,0,0,0,0,0,0,0,0,742,79,3,2,0,0,0,0,0,0,0,0,0,network_stall
1779257738.135305,g5.hpc.coe,43337,0.5001,0,0.0,2035.0,12288.0,17731463467,18321798912,19389626,20194204,1328823,0,0,0,0,0,0,0,0,0,0,0,0,784,79,3,2,0,0,0,0,0,0,0,0,0,network_stall
1779257738.6354375,g5.hpc.coe,43337,0.5001,0,0.0,2035.0,12288.0,17731464293,18321798991,19389629,20194206,1328823,0,0,0,0,0,0,0,0,0,0,0,0,826,79,3,2,0,0,0,0,0,0,0,0,0,network_stall
1779257739.1355982,g5.hpc.coe,43337,0.5002,0,0.0,2035.0,12288.0,17731465784,18321799517,19389647,20194216,1328823,0,0,0,0,0,0,0,0,0,0,0,0,1491,526,18,10,0,0,0,0,0,0,0,0,0,network_stall
1779257739.6356983,g5.hpc.coe,43337,0.5001,0,22.0,2035.0,12288.0,17732164623,18323549031,19390434,20196018,1328947,0,0,0,0,0,0,0,0,0,0,0,0,698839,1749514,787,1802,124,0,0,0,0,0,0,0,0,network_stall
1779257740.1358242,g5.hpc.coe,43337,0.5001,0,56.0,2035.0,12288.0,17766204623,18356509902,19424596,20229151,1328950,0,0,0,0,0,0,0,0,0,0,0,0,34040000,32960871,34162,33133,3,0,0,0,0,0,0,0,0,network_stall
1779257740.6359599,g5.hpc.coe,43337,0.5001,0,0.0,2035.0,12288.0,17766205627,18356509981,19424599,20229153,1328950,0,0,0,0,0,0,0,0,0,0,0,0,1004,79,3,2,0,0,0,0,0,0,0,0,0,network_stall
1779257741.136119,g5.hpc.coe,43337,0.5002,0,0.0,2035.0,12288.0,17766206673,18356510060,19424602,20229155,1328950,0,0,0,0,0,0,0,0,0,0,0,0,1046,79,3,2,0,0,0,0,0,0,0,0,0,network_stall
1779257741.6362507,g5.hpc.coe,43337,0.5001,0,0.0,2035.0,12288.0,17766207860,18356510194,19424608,20229158,1328950,0,0,0,0,0,0,0,0,0,0,0,0,1187,134,6,3,0,0,0,0,0,0,0,0,0,network_stall
1779257742.1363833,g5.hpc.coe,43337,0.5001,0,0.0,2035.0,12288.0,17766209013,18356510273,19424612,20229160,1328950,0,0,0,0,0,0,0,0,0,0,0,0,1153,79,4,2,0,0,0,0,0,0,0,0,0,network_stall
1779257742.6365383,g5.hpc.coe,43337,0.5002,0,0.0,2035.0,12288.0,17766209397,18356510585,19424619,20229166,1328950,0,0,0,0,0,0,0,0,0,0,0,0,384,312,7,6,0,0,0,0,0,0,0,0,0,network_stall
1779257743.136676,g5.hpc.coe,43337,0.5001,0,0.0,2035.0,12288.0,17766209588,18356510642,19424622,20229167,1328950,0,0,0,0,0,0,0,0,0,0,0,0,191,57,3,1,0,0,0,0,0,0,0,0,0,network_stall
1779257743.6368124,g5.hpc.coe,43337,0.5001,0,2.0,2035.0,12288.0,17766217697,18356688438,19424660,20229366,1328950,0,0,0,0,0,0,0,0,0,0,0,0,8109,177796,38,199,0,0,0,0,0,0,0,0,0,network_stall
1779257744.1369128,g5.hpc.coe,43337,0.5001,0,76.0,2035.0,12288.0,17800947032,18391220955,19459570,20264096,1329977,0,0,0,0,0,0,0,0,0,0,0,0,34729335,34532517,34910,34730,1027,0,0,0,0,0,0,0,0,network_stall
1779257744.6370382,g5.hpc.coe,43337,0.5001,0,0.0,2035.0,12288.0,17800947335,18391221012,19459572,20264097,1329977,0,0,0,0,0,0,0,0,0,0,0,0,303,57,2,1,0,0,0,0,0,0,0,0,0,network_stall
1779257745.1371696,g5.hpc.coe,43337,0.5001,0,0.0,2035.0,12288.0,17800947680,18391221069,19459574,20264098,1329977,0,0,0,0,0,0,0,0,0,0,0,0,345,57,2,1,0,0,0,0,0,0,0,0,0,network_stall
1779257745.6372917,g5.hpc.coe,43337,0.5001,0,0.0,2035.0,12288.0,17800948067,18391221126,19459576,20264099,1329977,0,0,0,0,0,0,0,0,0,0,0,0,387,57,2,1,0,0,0,0,0,0,0,0,0,network_stall
1779257746.137432,g5.hpc.coe,43337,0.5001,0,0.0,2035.0,12288.0,17800948496,18391221183,19459578,20264100,1329977,0,0,0,0,0,0,0,0,0,0,0,0,429,57,2,1,0,0,0,0,0,0,0,0,0,network_stall
1779257746.6375737,g5.hpc.coe,43337,0.5001,0,0.0,2035.0,12288.0,17800949043,18391221295,19459582,20264102,1329977,0,0,0,0,0,0,0,0,0,0,0,0,547,112,4,2,0,0,0,0,0,0,0,0,0,network_stall
1779257747.1376839,g5.hpc.coe,43337,0.5001,0,0.0,2035.0,12288.0,17800949556,18391221374,19459584,20264104,1329977,0,0,0,0,0,0,0,0,0,0,0,0,513,79,2,2,0,0,0,0,0,0,0,0,0,network_stall
1779257747.6377983,g5.hpc.coe,43337,0.5001,0,0.0,2035.0,12288.0,17800950133,18391221453,19459587,20264106,1329977,0,0,0,0,0,0,0,0,0,0,0,0,577,79,3,2,0,0,0,0,0,0,0,0,0,network_stall
1779257748.1378987,g5.hpc.coe,43337,0.5001,0,100.0,2035.0,12288.0,17835687772,18425931724,19494540,20299034,1329980,0,0,0,0,0,0,0,0,0,0,0,0,34737639,34710271,34953,34928,3,0,0,0,0,0,0,0,0,network_stall
1779257748.6380317,g5.hpc.coe,43337,0.5001,0,0.0,2035.0,12288.0,17835688438,18425931803,19494543,20299036,1329980,0,0,0,0,0,0,0,0,0,0,0,0,666,79,3,2,0,0,0,0,0,0,0,0,0,network_stall
1779257749.1381695,g5.hpc.coe,43337,0.5001,0,0.0,2035.0,12288.0,17835689146,18425931882,19494546,20299038,1329980,0,0,0,0,0,0,0,0,0,0,0,0,708,79,3,2,0,0,0,0,0,0,0,0,0,network_stall
1779257749.6383178,g5.hpc.coe,43337,0.5001,0,0.0,2035.0,12288.0,17835689896,18425931961,19494549,20299040,1329980,0,0,0,0,0,0,0,0,0,0,0,0,750,79,3,2,0,0,0,0,0,0,0,0,0,network_stall
1779257750.1384377,g5.hpc.coe,43337,0.5001,0,0.0,2035.0,12288.0,17835690688,18425932040,19494552,20299042,1329980,0,0,0,0,0,0,0,0,0,0,0,0,792,79,3,2,0,0,0,0,0,0,0,0,0,network_stall
1779257750.638576,g5.hpc.coe,43337,0.5001,0,0.0,2035.0,12288.0,17835691522,18425932119,19494555,20299044,1329980,0,0,0,0,0,0,0,0,0,0,0,0,834,79,3,2,0,0,0,0,0,0,0,0,0,network_stall
1779257751.1387208,g5.hpc.coe,43337,0.5001,0,0.0,2035.0,12288.0,17835692398,18425932198,19494558,20299046,1329980,0,0,0,0,0,0,0,0,0,0,0,0,876,79,3,2,0,0,0,0,0,0,0,0,0,network_stall
1779257751.638859,g5.hpc.coe,43337,0.5001,0,0.0,2035.0,12288.0,17835693393,18425932332,19494563,20299049,1329980,0,0,0,0,0,0,0,0,0,0,0,0,995,134,5,3,0,0,0,0,0,0,0,0,0,network_stall
1779257752.1389554,g5.hpc.coe,43337,0.5001,0,100.0,2035.0,12288.0,17864181792,18454395249,19523295,20327768,1329983,0,0,0,0,0,0,0,0,0,0,0,0,28488399,28462917,28732,28719,3,0,0,0,0,0,0,0,0,network_stall
1779257752.639089,g5.hpc.coe,43337,0.5001,0,0.0,2035.0,12288.0,17870432338,18460642703,19529513,20333982,1329984,0,0,0,0,0,0,0,0,0,0,0,0,6250546,6247454,6218,6214,1,0,0,0,0,0,0,0,0,network_stall
1779257753.139234,g5.hpc.coe,43337,0.5001,0,0.0,2035.0,12288.0,17870433390,18460642782,19529516,20333984,1329984,0,0,0,0,0,0,0,0,0,0,0,0,1052,79,3,2,0,0,0,0,0,0,0,0,0,network_stall
1779257753.6393447,g5.hpc.coe,43337,0.5001,0,0.0,2035.0,12288.0,17870434506,18460642861,19529520,20333986,1329984,0,0,0,0,0,0,0,0,0,0,0,0,1116,79,4,2,0,0,0,0,0,0,0,0,0,network_stall
1779257754.1394799,g5.hpc.coe,43337,0.5001,0,0.0,2035.0,12288.0,17870436288,18460643387,19529539,20333996,1329984,0,0,0,0,0,0,0,0,0,0,0,0,1782,526,19,10,0,0,0,0,0,0,0,0,0,network_stall
1779257754.6396134,g5.hpc.coe,43337,0.5001,0,0.0,2035.0,12288.0,17870436422,18460643444,19529541,20333997,1329984,0,0,0,0,0,0,0,0,0,0,0,0,134,57,2,1,0,0,0,0,0,0,0,0,0,network_stall
1779257755.1397507,g5.hpc.coe,43337,0.5001,0,0.0,2035.0,12288.0,17870436598,18460643501,19529543,20333998,1329984,0,0,0,0,0,0,0,0,0,0,0,0,176,57,2,1,0,0,0,0,0,0,0,0,0,network_stall
1779257755.6398597,g5.hpc.coe,43337,0.5001,0,0.0,2035.0,12288.0,17870436816,18460643558,19529545,20333999,1329984,0,0,0,0,0,0,0,0,0,0,0,0,218,57,2,1,0,0,0,0,0,0,0,0,0,network_stall
1779257756.1399539,g5.hpc.coe,43337,0.5001,0,100.0,2035.0,12288.0,17898234527,18488419559,19557534,20361975,1330576,0,0,0,0,0,0,0,0,0,0,0,0,27797711,27776001,27989,27976,592,0,0,0,0,0,0,0,0,network_stall
1779257756.6400735,g5.hpc.coe,43337,0.5001,0,0.0,2035.0,12288.0,17905174396,18495353920,19564498,20368935,1330578,0,0,0,0,0,0,0,0,0,0,0,0,6939869,6934361,6964,6960,2,0,0,0,0,0,0,0,0,network_stall
1779257757.1402042,g5.hpc.coe,43337,0.5001,0,0.0,2035.0,12288.0,17905174749,18495353977,19564500,20368936,1330578,0,0,0,0,0,0,0,0,0,0,0,0,353,57,2,1,0,0,0,0,0,0,0,0,0,network_stall
1779257757.6403441,g5.hpc.coe,43337,0.5001,0,0.0,2035.0,12288.0,17905175144,18495354034,19564502,20368937,1330578,0,0,0,0,0,0,0,0,0,0,0,0,395,57,2,1,0,0,0,0,0,0,0,0,0,network_stall
1779257758.1404903,g5.hpc.coe,43337,0.5001,0,0.0,2035.0,12288.0,17905175581,18495354091,19564504,20368938,1330578,0,0,0,0,0,0,0,0,0,0,0,0,437,57,2,1,0,0,0,0,0,0,0,0,0,network_stall
1779257758.640613,g5.hpc.coe,43337,0.5001,0,0.0,2035.0,12288.0,17905176060,18495354148,19564506,20368939,1330578,0,0,0,0,0,0,0,0,0,0,0,0,479,57,2,1,0,0,0,0,0,0,0,0,0,network_stall
1779257759.1407452,g5.hpc.coe,43337,0.5001,0,0.0,2035.0,12288.0,17905176581,18495354205,19564508,20368940,1330578,0,0,0,0,0,0,0,0,0,0,0,0,521,57,2,1,0,0,0,0,0,0,0,0,0,network_stall
1779257759.640889,g5.hpc.coe,43337,0.5001,0,0.0,2035.0,12288.0,17905177166,18495354284,19564511,20368942,1330578,0,0,0,0,0,0,0,0,0,0,0,0,585,79,3,2,0,0,0,0,0,0,0,0,0,network_stall
1779257760.140984,g5.hpc.coe,43337,0.5001,0,100.0,2035.0,12288.0,17926717870,18516875129,19586259,20390671,1330584,0,0,0,0,0,0,0,0,0,0,0,0,21540704,21520845,21748,21729,6,0,0,0,0,0,0,0,0,network_stall
1779257760.641121,g5.hpc.coe,43337,0.5001,0,0.0,2035.0,12288.0,17939915473,18530064676,19599465,20403878,1330584,0,0,0,0,0,0,0,0,0,0,0,0,13197603,13189547,13206,13207,0,0,0,0,0,0,0,0,0,network_stall
1779257761.1412473,g5.hpc.coe,43337,0.5001,0,0.0,2035.0,12288.0,17939916193,18530064755,19599468,20403880,1330584,0,0,0,0,0,0,0,0,0,0,0,0,720,79,3,2,0,0,0,0,0,0,0,0,0,network_stall
1779257761.6413994,g5.hpc.coe,43337,0.5002,0,0.0,2035.0,12288.0,17939916955,18530064834,19599471,20403882,1330584,0,0,0,0,0,0,0,0,0,0,0,0,762,79,3,2,0,0,0,0,0,0,0,0,0,network_stall
1779257762.14154,g5.hpc.coe,43337,0.5001,0,0.0,2035.0,12288.0,17939917836,18530064968,19599476,20403885,1330584,0,0,0,0,0,0,0,0,0,0,0,0,881,134,5,3,0,0,0,0,0,0,0,0,0,network_stall
1779257762.641672,g5.hpc.coe,43337,0.5001,0,0.0,2035.0,12288.0,17939918682,18530065047,19599479,20403887,1330584,0,0,0,0,0,0,0,0,0,0,0,0,846,79,3,2,0,0,0,0,0,0,0,0,0,network_stall
1779257763.1417994,g5.hpc.coe,43337,0.5001,0,0.0,2035.0,12288.0,17939919570,18530065126,19599482,20403889,1330584,0,0,0,0,0,0,0,0,0,0,0,0,888,79,3,2,0,0,0,0,0,0,0,0,0,network_stall
1779257763.641927,g5.hpc.coe,43337,0.5001,0,0.0,2035.0,12288.0,17939920500,18530065205,19599485,20403891,1330584,0,0,0,0,0,0,0,0,0,0,0,0,930,79,3,2,0,0,0,0,0,0,0,0,0,network_stall
1779257764.1420226,g5.hpc.coe,43337,0.5001,0,100.0,2035.0,12288.0,17960771539,18550899093,19620488,20424869,1330588,0,0,0,0,0,0,0,0,0,0,0,0,20851039,20833888,21003,20978,4,0,0,0,0,0,0,0,0,network_stall
1779257764.6421287,g5.hpc.coe,43337,0.5001,0,0.0,2035.0,12288.0,17974659482,18564775527,19634437,20438817,1330591,0,0,0,0,0,0,0,0,0,0,0,0,13887943,13876434,13949,13948,3,0,0,0,0,0,0,0,0,network_stall
1779257765.142264,g5.hpc.coe,43337,0.5001,0,0.0,2035.0,12288.0,17974660569,18564775606,19634441,20438819,1330591,0,0,0,0,0,0,0,0,0,0,0,0,1087,79,4,2,0,0,0,0,0,0,0,0,0,network_stall
1779257765.6423998,g5.hpc.coe,43337,0.5001,0,0.0,2035.0,12288.0,17974661698,18564775685,19634445,20438821,1330591,0,0,0,0,0,0,0,0,0,0,0,0,1129,79,4,2,0,0,0,0,0,0,0,0,0,network_stall
1779257766.142531,g5.hpc.coe,43337,0.5001,0,0.0,2035.0,12288.0,17974662870,18564775764,19634449,20438823,1330591,0,0,0,0,0,0,0,0,0,0,0,0,1172,79,4,2,0,0,0,0,0,0,0,0,0,network_stall
1779257766.642666,g5.hpc.coe,43337,0.5001,0,0.0,2035.0,12288.0,17974663016,18564775821,19634451,20438824,1330591,0,0,0,0,0,0,0,0,0,0,0,0,146,57,2,1,0,0,0,0,0,0,0,0,0,network_stall
1779257767.1427972,g5.hpc.coe,43337,0.5001,0,0.0,2035.0,12288.0,17974663280,18564775933,19634455,20438826,1330591,0,0,0,0,0,0,0,0,0,0,0,0,264,112,4,2,0,0,0,0,0,0,0,0,0,network_stall
1779257767.642933,g5.hpc.coe,43337,0.5001,0,0.0,2035.0,12288.0,17974663510,18564775990,19634457,20438827,1330591,0,0,0,0,0,0,0,0,0,0,0,0,230,57,2,1,0,0,0,0,0,0,0,0,0,network_stall
1779257768.143028,g5.hpc.coe,43337,0.5001,0,89.0,2035.0,12288.0,17989256489,18579354790,19649219,20453572,1330731,0,0,0,0,0,0,0,0,0,0,0,0,14592979,14578800,14762,14745,140,0,0,0,0,0,0,0,0,network_stall
1779257768.6431649,g5.hpc.coe,43337,0.5001,0,0.0,2035.0,12288.0,18009401148,18599486345,19669415,20473762,1330737,0,0,0,0,0,0,0,0,0,0,0,0,20144659,20131555,20196,20190,6,0,0,0,0,0,0,0,0,network_stall
1779257769.1432939,g5.hpc.coe,43337,0.5001,0,0.0,2035.0,12288.0,18009402487,18599487128,19669440,20473776,1330737,0,0,0,0,0,0,0,0,0,0,0,0,1339,783,25,14,0,0,0,0,0,0,0,0,0,network_stall
1779257769.6434195,g5.hpc.coe,43337,0.5001,0,0.0,2035.0,12288.0,18009402895,18599487185,19669442,20473777,1330737,0,0,0,0,0,0,0,0,0,0,0,0,408,57,2,1,0,0,0,0,0,0,0,0,0,network_stall
1779257770.1435316,g5.hpc.coe,43337,0.5001,0,0.0,2035.0,12288.0,18009403345,18599487242,19669444,20473778,1330737,0,0,0,0,0,0,0,0,0,0,0,0,450,57,2,1,0,0,0,0,0,0,0,0,0,network_stall
1779257770.6436794,g5.hpc.coe,43337,0.5001,0,0.0,2035.0,12288.0,18009403837,18599487299,19669446,20473779,1330737,0,0,0,0,0,0,0,0,0,0,0,0,492,57,2,1,0,0,0,0,0,0,0,0,0,network_stall
1779257771.1438327,g5.hpc.coe,43337,0.5002,0,0.0,2035.0,12288.0,18009404371,18599487356,19669448,20473780,1330737,0,0,0,0,0,0,0,0,0,0,0,0,534,57,2,1,0,0,0,0,0,0,0,0,0,network_stall
1779257771.6439724,g5.hpc.coe,43337,0.5001,0,0.0,2035.0,12288.0,18009404969,18599487435,19669451,20473782,1330737,0,0,0,0,0,0,0,0,0,0,0,0,598,79,3,2,0,0,0,0,0,0,0,0,0,network_stall
1779257772.1440694,g5.hpc.coe,43337,0.5001,0,70.0,2035.0,12288.0,18023998317,18614066298,19684205,20488527,1330919,0,0,0,0,0,0,0,0,0,0,0,0,14593348,14578863,14754,14745,182,0,0,0,0,0,0,0,0,network_stall
1779257772.6442018,g5.hpc.coe,43337,0.5001,0,8.0,2035.0,12288.0,18044143317,18634197819,19704398,20508710,1330924,0,0,0,0,0,0,0,0,0,0,0,0,20145000,20131521,20193,20183,5,0,0,0,0,0,0,0,0,network_stall
1779257773.1443322,g5.hpc.coe,43337,0.5001,0,0.0,2035.0,12288.0,18044144052,18634197898,19704401,20508712,1330924,0,0,0,0,0,0,0,0,0,0,0,0,735,79,3,2,0,0,0,0,0,0,0,0,0,network_stall
1779257773.644446,g5.hpc.coe,43337,0.5001,0,0.0,2035.0,12288.0,18044144829,18634197977,19704404,20508714,1330924,0,0,0,0,0,0,0,0,0,0,0,0,777,79,3,2,0,0,0,0,0,0,0,0,0,network_stall
1779257774.1445785,g5.hpc.coe,43337,0.5001,0,0.0,2035.0,12288.0,18044145647,18634198056,19704407,20508716,1330924,0,0,0,0,0,0,0,0,0,0,0,0,818,79,3,2,0,0,0,0,0,0,0,0,0,network_stall
1779257774.644715,g5.hpc.coe,43337,0.5001,0,0.0,2035.0,12288.0,18044146507,18634198135,19704410,20508718,1330924,0,0,0,0,0,0,0,0,0,0,0,0,860,79,3,2,0,0,0,0,0,0,0,0,0,network_stall
1779257775.1448655,g5.hpc.coe,43337,0.5002,0,0.0,2035.0,12288.0,18044147409,18634198214,19704413,20508720,1330924,0,0,0,0,0,0,0,0,0,0,0,0,902,79,3,2,0,0,0,0,0,0,0,0,0,network_stall
1779257775.6449943,g5.hpc.coe,43337,0.5001,0,0.0,2035.0,12288.0,18044148353,18634198293,19704416,20508722,1330924,0,0,0,0,0,0,0,0,0,0,0,0,944,79,3,2,0,0,0,0,0,0,0,0,0,network_stall
1779257776.1450896,g5.hpc.coe,43337,0.5001,0,50.0,2035.0,12288.0,18058051975,18648090165,19718425,20522718,1330927,0,0,0,0,0,0,0,0,0,0,0,0,13903622,13891872,14009,13996,3,0,0,0,0,0,0,0,0,network_stall
1779257776.6452174,g5.hpc.coe,43337,0.5001,0,26.0,2035.0,12288.0,18078887364,18668908643,19739368,20543652,1330931,0,0,0,0,0,0,0,0,0,0,0,0,20835389,20818478,20943,20934,4,0,0,0,0,0,0,0,0,network_stall
1779257777.1453352,g5.hpc.coe,43337,0.5001,0,0.0,2035.0,12288.0,18078888521,18668908777,19739373,20543655,1330931,0,0,0,0,0,0,0,0,0,0,0,0,1157,134,5,3,0,0,0,0,0,0,0,0,0,network_stall
1779257777.645466,g5.hpc.coe,43337,0.5001,0,0.0,2035.0,12288.0,18078889688,18668908856,19739378,20543657,1330931,0,0,0,0,0,0,0,0,0,0,0,0,1167,79,5,2,0,0,0,0,0,0,0,0,0,network_stall
1779257778.1455746,g5.hpc.coe,43337,0.5001,0,0.0,2035.0,12288.0,18078890875,18668908935,19739382,20543659,1330931,0,0,0,0,0,0,0,0,0,0,0,0,1187,79,4,2,0,0,0,0,0,0,0,0,0,network_stall
1779257778.6457117,g5.hpc.coe,43337,0.5001,0,0.0,2035.0,12288.0,18078891036,18668908992,19739384,20543660,1330931,0,0,0,0,0,0,0,0,0,0,0,0,161,57,2,1,0,0,0,0,0,0,0,0,0,network_stall
1779257779.1458712,g5.hpc.coe,43337,0.5002,0,0.0,2035.0,12288.0,18078891239,18668909049,19739386,20543661,1330931,0,0,0,0,0,0,0,0,0,0,0,0,203,57,2,1,0,0,0,0,0,0,0,0,0,network_stall
1779257779.6460104,g5.hpc.coe,43337,0.5001,0,0.0,2035.0,12288.0,18078891484,18668909106,19739388,20543662,1330931,0,0,0,0,0,0,0,0,0,0,0,0,245,57,2,1,0,0,0,0,0,0,0,0,0,network_stall
1779257780.1461072,g5.hpc.coe,43337,0.5001,0,41.0,2035.0,12288.0,18086537019,18676545862,19747152,20551421,1332227,0,0,0,0,0,0,0,0,0,0,0,0,7645535,7636756,7764,7759,1296,0,0,0,0,0,0,0,0,network_stall
1779257780.646209,g5.hpc.coe,43337,0.5001,0,37.0,2035.0,12288.0,18113629055,18703619363,19774332,20578583,1332236,0,0,0,0,0,0,0,0,0,0,0,0,27092036,27073501,27180,27162,9,0,0,0,0,0,0,0,0,network_stall
1779257781.1463432,g5.hpc.coe,43337,0.5001,0,0.0,2035.0,12288.0,18113629435,18703619420,19774334,20578584,1332236,0,0,0,0,0,0,0,0,0,0,0,0,380,57,2,1,0,0,0,0,0,0,0,0,0,network_stall
1779257781.64648,g5.hpc.coe,43337,0.5001,0,0.0,2035.0,12288.0,18113629857,18703619477,19774336,20578585,1332236,0,0,0,0,0,0,0,0,0,0,0,0,422,57,2,1,0,0,0,0,0,0,0,0,0,network_stall
1779257782.1466165,g5.hpc.coe,43337,0.5001,0,0.0,2035.0,12288.0,18113630321,18703619534,19774338,20578586,1332236,0,0,0,0,0,0,0,0,0,0,0,0,464,57,2,1,0,0,0,0,0,0,0,0,0,network_stall
1779257782.6467657,g5.hpc.coe,43337,0.5001,0,0.0,2035.0,12288.0,18113630904,18703619646,19774342,20578588,1332236,0,0,0,0,0,0,0,0,0,0,0,0,583,112,4,2,0,0,0,0,0,0,0,0,0,network_stall
1779257783.1468794,g5.hpc.coe,43337,0.5001,0,0.0,2035.0,12288.0,18113631474,18703619725,19774345,20578590,1332236,0,0,0,0,0,0,0,0,0,0,0,0,570,79,3,2,0,0,0,0,0,0,0,0,0,network_stall
1779257783.6470108,g5.hpc.coe,43337,0.5001,0,0.0,2035.0,12288.0,18113632086,18703619804,19774348,20578592,1332236,0,0,0,0,0,0,0,0,0,0,0,0,612,79,3,2,0,0,0,0,0,0,0,0,0,network_stall
1779257784.1471057,g5.hpc.coe,43337,0.5001,0,21.0,2035.0,12288.0,18120588616,18710570093,19781385,20585612,1332239,0,0,0,0,0,0,0,0,0,0,0,0,6956530,6950289,7037,7020,3,0,0,0,0,0,0,0,0,network_stall
1779257784.6472306,g5.hpc.coe,43337,0.5001,0,56.0,2035.0,12288.0,18148371090,18738330559,19809320,20613524,1332249,0,0,0,0,0,0,0,0,0,0,0,0,27782474,27760466,27935,27912,10,0,0,0,0,0,0,0,0,network_stall
1779257785.147361,g5.hpc.coe,43337,0.5001,0,0.0,2035.0,12288.0,18148371837,18738330638,19809323,20613526,1332249,0,0,0,0,0,0,0,0,0,0,0,0,747,79,3,2,0,0,0,0,0,0,0,0,0,network_stall
1779257785.647491,g5.hpc.coe,43337,0.5001,0,0.0,2035.0,12288.0,18148372626,18738330717,19809326,20613528,1332249,0,0,0,0,0,0,0,0,0,0,0,0,789,79,3,2,0,0,0,0,0,0,0,0,0,network_stall
1779257786.1476276,g5.hpc.coe,43337,0.5001,0,0.0,2035.0,12288.0,18148373457,18738330796,19809329,20613530,1332249,0,0,0,0,0,0,0,0,0,0,0,0,831,79,3,2,0,0,0,0,0,0,0,0,0,network_stall
1779257786.6477451,g5.hpc.coe,43337,0.5001,0,0.0,2035.0,12288.0,18148374330,18738330875,19809332,20613532,1332249,0,0,0,0,0,0,0,0,0,0,0,0,873,79,3,2,0,0,0,0,0,0,0,0,0,network_stall
1779257787.1478899,g5.hpc.coe,43337,0.5001,0,0.0,2035.0,12288.0,18148375245,18738330954,19809335,20613534,1332249,0,0,0,0,0,0,0,0,0,0,0,0,915,79,3,2,0,0,0,0,0,0,0,0,0,network_stall
1779257787.64803,g5.hpc.coe,43337,0.5001,0,0.0,2035.0,12288.0,18148376279,18738331088,19809340,20613537,1332249,0,0,0,0,0,0,0,0,0,0,0,0,1034,134,5,3,0,0,0,0,0,0,0,0,0,network_stall
1779257788.1481657,g5.hpc.coe,43337,0.5001,0,0.0,2035.0,12288.0,18148377278,18738331167,19809343,20613539,1332249,0,0,0,0,0,0,0,0,0,0,0,0,999,79,3,2,0,0,0,0,0,0,0,0,0,network_stall
1779257788.6482608,g5.hpc.coe,43337,0.5001,0,100.0,2035.0,12288.0,18162970971,18752909975,19824098,20628283,1332453,0,0,0,0,0,0,0,0,0,0,0,0,14593693,14578808,14755,14744,204,0,0,0,0,0,0,0,0,network_stall
1779257789.1483886,g5.hpc.coe,43337,0.5001,0,0.0,2035.0,12288.0,18183116415,18773041475,19844295,20648463,1332459,0,0,0,0,0,0,0,0,0,0,0,0,20145444,20131500,20197,20180,6,0,0,0,0,0,0,0,0,network_stall
1779257789.64852,g5.hpc.coe,43337,0.5001,0,0.0,2035.0,12288.0,18183117572,18773041554,19844299,20648465,1332459,0,0,0,0,0,0,0,0,0,0,0,0,1157,79,4,2,0,0,0,0,0,0,0,0,0,network_stall
1779257790.14864,g5.hpc.coe,43337,0.5001,0,0.0,2035.0,12288.0,18183117703,18773041611,19844301,20648466,1332459,0,0,0,0,0,0,0,0,0,0,0,0,131,57,2,1,0,0,0,0,0,0,0,0,0,network_stall
1779257790.6487603,g5.hpc.coe,43337,0.5001,0,0.0,2035.0,12288.0,18183117876,18773041668,19844303,20648467,1332459,0,0,0,0,0,0,0,0,0,0,0,0,173,57,2,1,0,0,0,0,0,0,0,0,0,network_stall
1779257791.148891,g5.hpc.coe,43337,0.5001,0,0.0,2035.0,12288.0,18183118091,18773041725,19844305,20648468,1332459,0,0,0,0,0,0,0,0,0,0,0,0,215,57,2,1,0,0,0,0,0,0,0,0,0,network_stall
1779257791.6490068,g5.hpc.coe,43337,0.5001,0,0.0,2035.0,12288.0,18183118347,18773041782,19844307,20648469,1332459,0,0,0,0,0,0,0,0,0,0,0,0,256,57,2,1,0,0,0,0,0,0,0,0,0,network_stall
1779257792.1491375,g5.hpc.coe,43337,0.5001,0,0.0,2035.0,12288.0,18183118645,18773041839,19844309,20648470,1332459,0,0,0,0,0,0,0,0,0,0,0,0,298,57,2,1,0,0,0,0,0,0,0,0,0,network_stall
1779257792.6492329,g5.hpc.coe,43337,0.5001,0,83.0,2035.0,12288.0,18190764345,18780678650,19852080,20656230,1332461,0,0,0,0,0,0,0,0,0,0,0,0,7645700,7636811,7771,7760,2,0,0,0,0,0,0,0,0,network_stall
1779257793.149364,g5.hpc.coe,43337,0.5001,0,0.0,2035.0,12288.0,18217856384,18807752228,19879253,20683403,1332468,0,0,0,0,0,0,0,0,0,0,0,0,27092039,27073578,27173,27173,7,0,0,0,0,0,0,0,0,network_stall
1779257793.6494992,g5.hpc.coe,43337,0.5001,0,0.0,2035.0,12288.0,18217856817,18807752285,19879255,20683404,1332468,0,0,0,0,0,0,0,0,0,0,0,0,433,57,2,1,0,0,0,0,0,0,0,0,0,network_stall
1779257794.1496327,g5.hpc.coe,43337,0.5001,0,0.0,2035.0,12288.0,18217857292,18807752342,19879257,20683405,1332468,0,0,0,0,0,0,0,0,0,0,0,0,475,57,2,1,0,0,0,0,0,0,0,0,0,network_stall
1779257794.6497438,g5.hpc.coe,43337,0.5001,0,0.0,2035.0,12288.0,18217857809,18807752399,19879259,20683406,1332468,0,0,0,0,0,0,0,0,0,0,0,0,517,57,2,1,0,0,0,0,0,0,0,0,0,network_stall
1779257795.1498842,g5.hpc.coe,43337,0.5001,0,0.0,2035.0,12288.0,18217858390,18807752478,19879262,20683408,1332468,0,0,0,0,0,0,0,0,0,0,0,0,581,79,3,2,0,0,0,0,0,0,0,0,0,network_stall
1779257795.6500216,g5.hpc.coe,43337,0.5001,0,0.0,2035.0,12288.0,18217859013,18807752557,19879265,20683410,1332468,0,0,0,0,0,0,0,0,0,0,0,0,623,79,3,2,0,0,0,0,0,0,0,0,0,network_stall
1779257796.1501625,g5.hpc.coe,43337,0.5001,0,0.0,2035.0,12288.0,18217859678,18807752636,19879268,20683412,1332468,0,0,0,0,0,0,0,0,0,0,0,0,665,79,3,2,0,0,0,0,0,0,0,0,0,network_stall
1779257796.6502564,g5.hpc.coe,43337,0.5001,0,65.0,2035.0,12288.0,18225505668,18815389386,19887038,20691168,1333106,0,0,0,0,0,0,0,0,0,0,0,0,7645990,7636750,7770,7756,638,0,0,0,0,0,0,0,0,network_stall
1779257797.150369,g5.hpc.coe,43337,0.5001,0,12.0,2035.0,12288.0,18252598130,18842463007,19914220,20718345,1333110,0,0,0,0,0,0,0,0,0,0,0,0,27092462,27073621,27182,27177,4,0,0,0,0,0,0,0,0,network_stall
1779257797.650502,g5.hpc.coe,43337,0.5001,0,0.0,2035.0,12288.0,18252599007,18842463141,19914225,20718348,1333110,0,0,0,0,0,0,0,0,0,0,0,0,877,134,5,3,0,0,0,0,0,0,0,0,0,network_stall
1779257798.150628,g5.hpc.coe,43337,0.5001,0,0.0,2035.0,12288.0,18252599849,18842463220,19914228,20718350,1333110,0,0,0,0,0,0,0,0,0,0,0,0,842,79,3,2,0,0,0,0,0,0,0,0,0,network_stall
1779257798.6507795,g5.hpc.coe,43337,0.5002,0,0.0,2035.0,12288.0,18252600733,18842463299,19914231,20718352,1333110,0,0,0,0,0,0,0,0,0,0,0,0,884,79,3,2,0,0,0,0,0,0,0,0,0,network_stall
1779257799.1509142,g5.hpc.coe,43337,0.5001,0,0.0,2035.0,12288.0,18252602282,18842463825,19914249,20718362,1333110,0,0,0,0,0,0,0,0,0,0,0,0,1549,526,18,10,0,0,0,0,0,0,0,0,0,network_stall
1779257799.6510422,g5.hpc.coe,43337,0.5001,0,0.0,2035.0,12288.0,18252603251,18842463904,19914252,20718364,1333110,0,0,0,0,0,0,0,0,0,0,0,0,969,79,3,2,0,0,0,0,0,0,0,0,0,network_stall
1779257800.1511805,g5.hpc.coe,43337,0.5001,0,0.0,2035.0,12288.0,18252604262,18842463983,19914255,20718366,1333110,0,0,0,0,0,0,0,0,0,0,0,0,1011,79,3,2,0,0,0,0,0,0,0,0,0,network_stall
1779257800.6512744,g5.hpc.coe,43337,0.5001,0,46.0,2035.0,12288.0,18259560561,18849413839,19921276,20725380,1333247,0,0,0,0,0,0,0,0,0,0,0,0,6956299,6949856,7021,7014,137,0,0,0,0,0,0,0,0,network_stall
1779257801.1513782,g5.hpc.coe,43337,0.5001,0,32.0,2035.0,12288.0,18287343492,18877174305,19949217,20753292,1338032,0,0,0,0,0,0,0,0,0,0,0,0,27782931,27760466,27941,27912,4785,0,0,0,0,0,0,0,0,network_stall
1779257801.6514888,g5.hpc.coe,43337,0.5001,0,0.0,2035.0,12288.0,18287344661,18877174384,19949221,20753294,1338032,0,0,0,0,0,0,0,0,0,0,0,0,1169,79,4,2,0,0,0,0,0,0,0,0,0,network_stall
1779257802.1516235,g5.hpc.coe,43337,0.5001,0,0.0,2035.0,12288.0,18287344805,18877174441,19949223,20753295,1338032,0,0,0,0,0,0,0,0,0,0,0,0,144,57,2,1,0,0,0,0,0,0,0,0,0,network_stall
1779257802.6517413,g5.hpc.coe,43337,0.5001,0,0.0,2035.0,12288.0,18287345248,18877174753,19949230,20753301,1338032,0,0,0,0,0,0,0,0,0,0,0,0,443,312,7,6,0,0,0,0,0,0,0,0,0,network_stall
1779257803.1518917,g5.hpc.coe,43337,0.5002,0,0.0,2035.0,12288.0,18287345575,18877174865,19949235,20753303,1338032,0,0,0,0,0,0,0,0,0,0,0,0,327,112,5,2,0,0,0,0,0,0,0,0,0,network_stall
1779257803.6520033,g5.hpc.coe,43337,0.5001,0,0.0,2035.0,12288.0,18287345845,18877174922,19949237,20753304,1338032,0,0,0,0,0,0,0,0,0,0,0,0,270,57,2,1,0,0,0,0,0,0,0,0,0,network_stall
1779257804.1521285,g5.hpc.coe,43337,0.5001,0,0.0,2035.0,12288.0,18287346157,18877174979,19949239,20753305,1338032,0,0,0,0,0,0,0,0,0,0,0,0,312,57,2,1,0,0,0,0,0,0,0,0,0,network_stall
1779257804.6522233,g5.hpc.coe,43337,0.5001,0,29.0,2035.0,12288.0,18288044446,18878924471,19950026,20755106,1338032,0,0,0,0,0,0,0,0,0,0,0,0,698289,1749492,787,1801,0,0,0,0,0,0,0,0,0,network_stall
1779257805.1523578,g5.hpc.coe,43337,0.5001,0,47.0,2035.0,12288.0,18322083917,18911885355,19984191,20788243,1338044,0,0,0,0,0,0,0,0,0,0,0,0,34039471,32960884,34165,33137,12,0,0,0,0,0,0,0,0,network_stall
1779257805.6524837,g5.hpc.coe,43337,0.5001,0,0.0,2035.0,12288.0,18322084364,18911885412,19984193,20788244,1338044,0,0,0,0,0,0,0,0,0,0,0,0,447,57,2,1,0,0,0,0,0,0,0,0,0,network_stall
1779257806.1526127,g5.hpc.coe,43337,0.5001,0,0.0,2035.0,12288.0,18322084853,18911885469,19984195,20788245,1338044,0,0,0,0,0,0,0,0,0,0,0,0,489,57,2,1,0,0,0,0,0,0,0,0,0,network_stall
1779257806.6527221,g5.hpc.coe,43337,0.5001,0,0.0,2035.0,12288.0,18322085384,18911885526,19984197,20788246,1338044,0,0,0,0,0,0,0,0,0,0,0,0,531,57,2,1,0,0,0,0,0,0,0,0,0,network_stall
1779257807.1528711,g5.hpc.coe,43337,0.5001,0,0.0,2035.0,12288.0,18322085979,18911885605,19984200,20788248,1338044,0,0,0,0,0,0,0,0,0,0,0,0,595,79,3,2,0,0,0,0,0,0,0,0,0,network_stall
1779257807.6530097,g5.hpc.coe,43337,0.5001,0,0.0,2035.0,12288.0,18322086616,18911885684,19984203,20788250,1338044,0,0,0,0,0,0,0,0,0,0,0,0,637,79,3,2,0,0,0,0,0,0,0,0,0,network_stall
1779257808.1531453,g5.hpc.coe,43337,0.5001,0,0.0,2035.0,12288.0,18322087372,18911885818,19984208,20788253,1338044,0,0,0,0,0,0,0,0,0,0,0,0,756,134,5,3,0,0,0,0,0,0,0,0,0,network_stall
1779257808.6532698,g5.hpc.coe,43337,0.5001,0,0.0,2035.0,12288.0,18322095991,18912063615,19984247,20788450,1338044,0,0,0,0,0,0,0,0,0,0,0,0,8619,177797,39,197,0,0,0,0,0,0,0,0,0,network_stall
1779257809.153378,g5.hpc.coe,43337,0.5001,0,100.0,2035.0,12288.0,18356825878,18946596182,20019164,20823185,1338154,0,0,0,0,0,0,0,0,0,0,0,0,34729887,34532567,34917,34735,110,0,0,0,0,0,0,0,0,network_stall
1779257809.6535037,g5.hpc.coe,43337,0.5001,0,0.0,2035.0,12288.0,18356826691,18946596261,20019167,20823187,1338154,0,0,0,0,0,0,0,0,0,0,0,0,813,79,3,2,0,0,0,0,0,0,0,0,0,network_stall
1779257810.1536229,g5.hpc.coe,43337,0.5001,0,0.0,2035.0,12288.0,18356827546,18946596340,20019170,20823189,1338154,0,0,0,0,0,0,0,0,0,0,0,0,855,79,3,2,0,0,0,0,0,0,0,0,0,network_stall
1779257810.653755,g5.hpc.coe,43337,0.5001,0,0.0,2035.0,12288.0,18356828443,18946596419,20019173,20823191,1338154,0,0,0,0,0,0,0,0,0,0,0,0,897,79,3,2,0,0,0,0,0,0,0,0,0,network_stall
1779257811.1538866,g5.hpc.coe,43337,0.5001,0,0.0,2035.0,12288.0,18356829381,18946596498,20019176,20823193,1338154,0,0,0,0,0,0,0,0,0,0,0,0,938,79,3,2,0,0,0,0,0,0,0,0,0,network_stall
1779257811.6540232,g5.hpc.coe,43337,0.5001,0,0.0,2035.0,12288.0,18356830361,18946596577,20019179,20823195,1338154,0,0,0,0,0,0,0,0,0,0,0,0,980,79,3,2,0,0,0,0,0,0,0,0,0,network_stall
1779257812.1541536,g5.hpc.coe,43337,0.5001,0,0.0,2035.0,12288.0,18356831383,18946596656,20019182,20823197,1338154,0,0,0,0,0,0,0,0,0,0,0,0,1022,79,3,2,0,0,0,0,0,0,0,0,0,network_stall
1779257812.6542854,g5.hpc.coe,43337,0.5001,0,0.0,2035.0,12288.0,18356832470,18946596735,20019186,20823199,1338154,0,0,0,0,0,0,0,0,0,0,0,0,1087,79,4,2,0,0,0,0,0,0,0,0,0,network_stall
1779257813.154375,g5.hpc.coe,43337,0.5001,0,100.0,2035.0,12288.0,18391570640,18981307068,20054134,20858129,1338158,0,0,0,0,0,0,0,0,0,0,0,0,34738170,34710333,34948,34930,4,0,0,0,0,0,0,0,0,network_stall
1779257813.6544793,g5.hpc.coe,43337,0.5001,0,0.0,2035.0,12288.0,18391571816,18981307147,20054138,20858131,1338158,0,0,0,0,0,0,0,0,0,0,0,0,1176,79,4,2,0,0,0,0,0,0,0,0,0,network_stall
1779257814.154616,g5.hpc.coe,43337,0.5001,0,0.0,2035.0,12288.0,18391572589,18981307651,20054155,20858140,1338158,0,0,0,0,0,0,0,0,0,0,0,0,773,504,17,9,0,0,0,0,0,0,0,0,0,network_stall
1779257814.6547468,g5.hpc.coe,43337,0.5001,0,0.0,2035.0,12288.0,18391572781,18981307708,20054157,20858141,1338158,0,0,0,0,0,0,0,0,0,0,0,0,192,57,2,1,0,0,0,0,0,0,0,0,0,network_stall
1779257815.154879,g5.hpc.coe,43337,0.5001,0,0.0,2035.0,12288.0,18391573015,18981307765,20054159,20858142,1338158,0,0,0,0,0,0,0,0,0,0,0,0,234,57,2,1,0,0,0,0,0,0,0,0,0,network_stall
1779257815.6550207,g5.hpc.coe,43337,0.5001,0,0.0,2035.0,12288.0,18391573291,18981307822,20054161,20858143,1338158,0,0,0,0,0,0,0,0,0,0,0,0,276,57,2,1,0,0,0,0,0,0,0,0,0,network_stall
1779257816.1551545,g5.hpc.coe,43337,0.5001,0,0.0,2035.0,12288.0,18391573609,18981307879,20054163,20858144,1338158,0,0,0,0,0,0,0,0,0,0,0,0,318,57,2,1,0,0,0,0,0,0,0,0,0,network_stall
1779257816.6552916,g5.hpc.coe,43337,0.5001,0,0.0,2035.0,12288.0,18391573969,18981307936,20054165,20858145,1338158,0,0,0,0,0,0,0,0,0,0,0,0,360,57,2,1,0,0,0,0,0,0,0,0,0,network_stall
1779257817.155387,g5.hpc.coe,43337,0.5001,0,100.0,2035.0,12288.0,18420061796,19009770817,20082894,20886861,1338315,0,0,0,0,0,0,0,0,0,0,0,0,28487827,28462881,28729,28716,157,0,0,0,0,0,0,0,0,network_stall
1779257817.6555154,g5.hpc.coe,43337,0.5001,0,0.0,2035.0,12288.0,18426311771,19016018263,20089109,20893076,1338315,0,0,0,0,0,0,0,0,0,0,0,0,6249975,6247446,6215,6215,0,0,0,0,0,0,0,0,0,network_stall
1779257818.1556537,g5.hpc.coe,43337,0.5001,0,0.0,2035.0,12288.0,18426312343,19016018375,20089113,20893078,1338315,0,0,0,0,0,0,0,0,0,0,0,0,572,112,4,2,0,0,0,0,0,0,0,0,0,network_stall
1779257818.6557894,g5.hpc.coe,43337,0.5001,0,0.0,2035.0,12288.0,18426312881,19016018432,20089115,20893079,1338315,0,0,0,0,0,0,0,0,0,0,0,0,538,57,2,1,0,0,0,0,0,0,0,0,0,network_stall
1779257819.1559336,g5.hpc.coe,43337,0.5001,0,0.0,2035.0,12288.0,18426313483,19016018511,20089118,20893081,1338315,0,0,0,0,0,0,0,0,0,0,0,0,602,79,3,2,0,0,0,0,0,0,0,0,0,network_stall
1779257819.656077,g5.hpc.coe,43337,0.5001,0,0.0,2035.0,12288.0,18426314127,19016018590,20089121,20893083,1338315,0,0,0,0,0,0,0,0,0,0,0,0,644,79,3,2,0,0,0,0,0,0,0,0,0,network_stall
1779257820.1562164,g5.hpc.coe,43337,0.5001,0,0.0,2035.0,12288.0,18426314812,19016018669,20089124,20893085,1338315,0,0,0,0,0,0,0,0,0,0,0,0,685,79,3,2,0,0,0,0,0,0,0,0,0,network_stall
1779257820.656348,g5.hpc.coe,43337,0.5001,0,0.0,2035.0,12288.0,18426315539,19016018748,20089127,20893087,1338315,0,0,0,0,0,0,0,0,0,0,0,0,727,79,3,2,0,0,0,0,0,0,0,0,0,network_stall
1779257821.1564457,g5.hpc.coe,43337,0.5001,0,100.0,2035.0,12288.0,18454113731,19043794743,20117113,20921060,1338779,0,0,0,0,0,0,0,0,0,0,0,0,27798192,27775995,27986,27973,464,0,0,0,0,0,0,0,0,network_stall
1779257821.6565912,g5.hpc.coe,43337,0.5001,0,0.0,2035.0,12288.0,18461054075,19050729126,20124073,20928021,1338782,0,0,0,0,0,0,0,0,0,0,0,0,6940344,6934383,6960,6961,3,0,0,0,0,0,0,0,0,network_stall
1779257822.1567237,g5.hpc.coe,43337,0.5001,0,0.0,2035.0,12288.0,18461054938,19050729205,20124076,20928023,1338782,0,0,0,0,0,0,0,0,0,0,0,0,863,79,3,2,0,0,0,0,0,0,0,0,0,network_stall
1779257822.656877,g5.hpc.coe,43337,0.5002,0,0.0,2035.0,12288.0,18461055843,19050729284,20124079,20928025,1338782,0,0,0,0,0,0,0,0,0,0,0,0,905,79,3,2,0,0,0,0,0,0,0,0,0,network_stall
1779257823.157017,g5.hpc.coe,43337,0.5001,0,0.0,2035.0,12288.0,18461056789,19050729363,20124082,20928027,1338782,0,0,0,0,0,0,0,0,0,0,0,0,946,79,3,2,0,0,0,0,0,0,0,0,0,network_stall
1779257823.6571345,g5.hpc.coe,43337,0.5001,0,0.0,2035.0,12288.0,18461057854,19050729497,20124087,20928030,1338782,0,0,0,0,0,0,0,0,0,0,0,0,1065,134,5,3,0,0,0,0,0,0,0,0,0,network_stall
1779257824.1572475,g5.hpc.coe,43337,0.5001,0,0.0,2035.0,12288.0,18461058885,19050729576,20124090,20928032,1338782,0,0,0,0,0,0,0,0,0,0,0,0,1031,79,3,2,0,0,0,0,0,0,0,0,0,network_stall
1779257824.6573865,g5.hpc.coe,43337,0.5001,0,0.0,2035.0,12288.0,18461059980,19050729655,20124094,20928034,1338782,0,0,0,0,0,0,0,0,0,0,0,0,1095,79,4,2,0,0,0,0,0,0,0,0,0,network_stall
1779257825.157485,g5.hpc.coe,43337,0.5001,0,100.0,2035.0,12288.0,18482601187,19072250528,20145842,20949767,1338784,0,0,0,0,0,0,0,0,0,0,0,0,21541207,21520873,21748,21733,2,0,0,0,0,0,0,0,0,network_stall
1779257825.6576297,g5.hpc.coe,43337,0.5001,0,0.0,2035.0,12288.0,18495799279,19085440033,20159046,20962968,1338785,0,0,0,0,0,0,0,0,0,0,0,0,13198092,13189505,13204,13201,1,0,0,0,0,0,0,0,0,network_stall
1779257826.1577652,g5.hpc.coe,43337,0.5001,0,0.0,2035.0,12288.0,18495799442,19085440090,20159048,20962969,1338785,0,0,0,0,0,0,0,0,0,0,0,0,163,57,2,1,0,0,0,0,0,0,0,0,0,network_stall
1779257826.6579025,g5.hpc.coe,43337,0.5001,0,0.0,2035.0,12288.0,18495799647,19085440147,20159050,20962970,1338785,0,0,0,0,0,0,0,0,0,0,0,0,205,57,2,1,0,0,0,0,0,0,0,0,0,network_stall
1779257827.1580179,g5.hpc.coe,43337,0.5001,0,0.0,2035.0,12288.0,18495799894,19085440204,20159052,20962971,1338785,0,0,0,0,0,0,0,0,0,0,0,0,247,57,2,1,0,0,0,0,0,0,0,0,0,network_stall
1779257827.6581578,g5.hpc.coe,43337,0.5001,0,0.0,2035.0,12288.0,18495800183,19085440261,20159054,20962972,1338785,0,0,0,0,0,0,0,0,0,0,0,0,289,57,2,1,0,0,0,0,0,0,0,0,0,network_stall
1779257828.15828,g5.hpc.coe,43337,0.5001,0,0.0,2035.0,12288.0,18495800514,19085440318,20159056,20962973,1338785,0,0,0,0,0,0,0,0,0,0,0,0,331,57,2,1,0,0,0,0,0,0,0,0,0,network_stall
1779257828.6584291,g5.hpc.coe,43337,0.5001,0,0.0,2035.0,12288.0,18495800963,19085440430,20159060,20962975,1338785,0,0,0,0,0,0,0,0,0,0,0,0,449,112,4,2,0,0,0,0,0,0,0,0,0,network_stall
1779257829.1585274,g5.hpc.coe,43337,0.5001,0,100.0,2035.0,12288.0,18516652027,19106274792,20180071,20984099,1340485,0,0,0,0,0,0,0,0,0,0,0,0,20851064,20834362,21011,21124,1700,0,0,0,0,0,0,0,0,network_stall
1779257829.6586542,g5.hpc.coe,43337,0.5001,0,0.0,2035.0,12288.0,18530539414,19120151190,20194019,20997912,1340492,0,0,0,0,0,0,0,0,0,0,0,0,13887387,13876398,13948,13813,7,0,0,0,0,0,0,0,0,network_stall
1779257830.1587758,g5.hpc.coe,43337,0.5001,0,0.0,2035.0,12288.0,18530539923,19120151247,20194021,20997913,1340492,0,0,0,0,0,0,0,0,0,0,0,0,509,57,2,1,0,0,0,0,0,0,0,0,0,network_stall
1779257830.658895,g5.hpc.coe,43337,0.5001,0,0.0,2035.0,12288.0,18530540496,19120151326,20194024,20997915,1340492,0,0,0,0,0,0,0,0,0,0,0,0,573,79,3,2,0,0,0,0,0,0,0,0,0,network_stall
1779257831.1590104,g5.hpc.coe,43337,0.5001,0,0.0,2035.0,12288.0,18530541111,19120151405,20194027,20997917,1340492,0,0,0,0,0,0,0,0,0,0,0,0,615,79,3,2,0,0,0,0,0,0,0,0,0,network_stall
1779257831.6591434,g5.hpc.coe,43337,0.5001,0,0.0,2035.0,12288.0,18530541768,19120151484,20194030,20997919,1340492,0,0,0,0,0,0,0,0,0,0,0,0,657,79,3,2,0,0,0,0,0,0,0,0,0,network_stall
1779257832.1592562,g5.hpc.coe,43337,0.5001,0,0.0,2035.0,12288.0,18530542467,19120151563,20194033,20997921,1340492,0,0,0,0,0,0,0,0,0,0,0,0,699,79,3,2,0,0,0,0,0,0,0,0,0,network_stall
1779257832.6594057,g5.hpc.coe,43337,0.5001,0,0.0,2035.0,12288.0,18530543208,19120151642,20194036,20997923,1340492,0,0,0,0,0,0,0,0,0,0,0,0,741,79,3,2,0,0,0,0,0,0,0,0,0,network_stall
1779257833.1595006,g5.hpc.coe,43337,0.5001,0,100.0,2035.0,12288.0,18545136636,19134730422,20208790,21012663,1340496,0,0,0,0,0,0,0,0,0,0,0,0,14593428,14578780,14754,14740,4,0,0,0,0,0,0,0,0,network_stall
1779257833.659607,g5.hpc.coe,43337,0.5001,0,0.0,2035.0,12288.0,18565281869,19154862012,20228987,21032849,1341381,0,0,0,0,0,0,0,0,0,0,0,0,20145233,20131590,20197,20186,885,0,0,0,0,0,0,0,0,network_stall
1779257834.1597412,g5.hpc.coe,43337,0.5001,0,0.0,2035.0,12288.0,18565282746,19154862091,20228990,21032851,1341381,0,0,0,0,0,0,0,0,0,0,0,0,877,79,3,2,0,0,0,0,0,0,0,0,0,network_stall
1779257834.6598809,g5.hpc.coe,43337,0.5001,0,0.0,2035.0,12288.0,18565283665,19154862170,20228993,21032853,1341381,0,0,0,0,0,0,0,0,0,0,0,0,919,79,3,2,0,0,0,0,0,0,0,0,0,network_stall
1779257835.160011,g5.hpc.coe,43337,0.5001,0,0.0,2035.0,12288.0,18565284626,19154862249,20228996,21032855,1341381,0,0,0,0,0,0,0,0,0,0,0,0,961,79,3,2,0,0,0,0,0,0,0,0,0,network_stall
1779257835.6601274,g5.hpc.coe,43337,0.5001,0,0.0,2035.0,12288.0,18565285629,19154862328,20228999,21032857,1341381,0,0,0,0,0,0,0,0,0,0,0,0,1003,79,3,2,0,0,0,0,0,0,0,0,0,network_stall
1779257836.1602554,g5.hpc.coe,43337,0.5001,0,0.0,2035.0,12288.0,18565286674,19154862407,20229002,21032859,1341381,0,0,0,0,0,0,0,0,0,0,0,0,1045,79,3,2,0,0,0,0,0,0,0,0,0,network_stall
1779257836.6603909,g5.hpc.coe,43337,0.5001,0,0.0,2035.0,12288.0,18565287784,19154862486,20229006,21032861,1341381,0,0,0,0,0,0,0,0,0,0,0,0,1110,79,4,2,0,0,0,0,0,0,0,0,0,network_stall
1779257837.160492,g5.hpc.coe,43337,0.5001,0,87.0,2035.0,12288.0,18579191600,19168754365,20243020,21046858,1341384,0,0,0,0,0,0,0,0,0,0,0,0,13903816,13891879,14014,13997,3,0,0,0,0,0,0,0,0,network_stall
1779257837.6605928,g5.hpc.coe,43337,0.5001,0,0.0,2035.0,12288.0,18600026101,19189572800,20263964,21067788,1341390,0,0,0,0,0,0,0,0,0,0,0,0,20834501,20818435,20944,20930,6,0,0,0,0,0,0,0,0,network_stall
1779257838.1607072,g5.hpc.coe,43337,0.5001,0,0.0,2035.0,12288.0,18600026278,19189572857,20263966,21067789,1341390,0,0,0,0,0,0,0,0,0,0,0,0,177,57,2,1,0,0,0,0,0,0,0,0,0,network_stall
1779257838.6608427,g5.hpc.coe,43337,0.5001,0,0.0,2035.0,12288.0,18600026574,19189572969,20263970,21067791,1341390,0,0,0,0,0,0,0,0,0,0,0,0,296,112,4,2,0,0,0,0,0,0,0,0,0,network_stall
1779257839.1609504,g5.hpc.coe,43337,0.5001,0,0.0,2035.0,12288.0,18600026836,19189573026,20263972,21067792,1341390,0,0,0,0,0,0,0,0,0,0,0,0,262,57,2,1,0,0,0,0,0,0,0,0,0,network_stall
1779257839.6610913,g5.hpc.coe,43337,0.5001,0,0.0,2035.0,12288.0,18600027140,19189573083,20263974,21067793,1341390,0,0,0,0,0,0,0,0,0,0,0,0,304,57,2,1,0,0,0,0,0,0,0,0,0,network_stall
1779257840.161219,g5.hpc.coe,43337,0.5001,0,0.0,2035.0,12288.0,18600027486,19189573140,20263976,21067794,1341390,0,0,0,0,0,0,0,0,0,0,0,0,346,57,2,1,0,0,0,0,0,0,0,0,0,network_stall
1779257840.6613514,g5.hpc.coe,43337,0.5001,0,0.0,2035.0,12288.0,18600027873,19189573197,20263978,21067795,1341390,0,0,0,0,0,0,0,0,0,0,0,0,387,57,2,1,0,0,0,0,0,0,0,0,0,network_stall
1779257841.161452,g5.hpc.coe,43337,0.5001,0,68.0,2035.0,12288.0,18612005707,19201878014,20276508,21080433,1341844,0,0,0,0,0,0,0,0,0,0,0,0,11977834,12304817,12530,12638,454,0,0,0,0,0,0,0,0,network_stall
1779257841.6615622,g5.hpc.coe,43337,0.5001,0,10.0,2035.0,12288.0,18634765806,19224283503,20298933,21102723,1341846,0,0,0,0,0,0,0,0,0,0,0,0,22760099,22405489,22425,22290,2,0,0,0,0,0,0,0,0,network_stall
1779257842.1617093,g5.hpc.coe,43337,0.5001,0,0.0,2035.0,12288.0,18634766330,19224283560,20298935,21102724,1341846,0,0,0,0,0,0,0,0,0,0,0,0,524,57,2,1,0,0,0,0,0,0,0,0,0,network_stall
1779257842.6618736,g5.hpc.coe,43337,0.5002,0,0.0,2035.0,12288.0,18634766918,19224283639,20298938,21102726,1341846,0,0,0,0,0,0,0,0,0,0,0,0,588,79,3,2,0,0,0,0,0,0,0,0,0,network_stall
1779257843.1620066,g5.hpc.coe,43337,0.5001,0,0.0,2035.0,12288.0,18634767548,19224283718,20298941,21102728,1341846,0,0,0,0,0,0,0,0,0,0,0,0,630,79,3,2,0,0,0,0,0,0,0,0,0,network_stall
1779257843.662144,g5.hpc.coe,43337,0.5001,0,0.0,2035.0,12288.0,18634768220,19224283797,20298944,21102730,1341846,0,0,0,0,0,0,0,0,0,0,0,0,672,79,3,2,0,0,0,0,0,0,0,0,0,network_stall
1779257844.1622896,g5.hpc.coe,43337,0.5001,0,0.0,2035.0,12288.0,18634769611,19224284378,20298963,21102741,1341846,0,0,0,0,0,0,0,0,0,0,0,0,1391,581,19,11,0,0,0,0,0,0,0,0,0,network_stall
1779257844.6624415,g5.hpc.coe,43337,0.5002,0,0.0,2035.0,12288.0,18634770367,19224284457,20298966,21102743,1341846,0,0,0,0,0,0,0,0,0,0,0,0,756,79,3,2,0,0,0,0,0,0,0,0,0,network_stall
1779257845.1625392,g5.hpc.coe,43337,0.5001,0,49.0,2035.0,12288.0,18642416434,19231921249,20306734,21110505,1344287,0,0,0,0,0,0,0,0,0,0,0,0,7646067,7636792,7768,7762,2441,0,0,0,0,0,0,0,0,network_stall
1779257845.6626635,g5.hpc.coe,43337,0.5001,0,28.0,2035.0,12288.0,18669509002,19258994842,20333918,21137678,1344296,0,0,0,0,0,0,0,0,0,0,0,0,27092568,27073593,27184,27173,9,0,0,0,0,0,0,0,0,network_stall
1779257846.1627762,g5.hpc.coe,43337,0.5001,0,0.0,2035.0,12288.0,18669509894,19258994921,20333921,21137680,1344296,0,0,0,0,0,0,0,0,0,0,0,0,892,79,3,2,0,0,0,0,0,0,0,0,0,network_stall
1779257846.6629133,g5.hpc.coe,43337,0.5001,0,0.0,2035.0,12288.0,18669510828,19258995000,20333924,21137682,1344296,0,0,0,0,0,0,0,0,0,0,0,0,934,79,3,2,0,0,0,0,0,0,0,0,0,network_stall
1779257847.1630504,g5.hpc.coe,43337,0.5001,0,0.0,2035.0,12288.0,18669511804,19258995079,20333927,21137684,1344296,0,0,0,0,0,0,0,0,0,0,0,0,976,79,3,2,0,0,0,0,0,0,0,0,0,network_stall
1779257847.6631846,g5.hpc.coe,43337,0.5001,0,0.0,2035.0,12288.0,18669512822,19258995158,20333930,21137686,1344296,0,0,0,0,0,0,0,0,0,0,0,0,1018,79,3,2,0,0,0,0,0,0,0,0,0,network_stall
1779257848.1632967,g5.hpc.coe,43337,0.5001,0,0.0,2035.0,12288.0,18669513882,19258995237,20333933,21137688,1344296,0,0,0,0,0,0,0,0,0,0,0,0,1060,79,3,2,0,0,0,0,0,0,0,0,0,network_stall
1779257848.6634386,g5.hpc.coe,43337,0.5001,0,0.0,2035.0,12288.0,18669515007,19258995316,20333937,21137690,1344296,0,0,0,0,0,0,0,0,0,0,0,0,1125,79,4,2,0,0,0,0,0,0,0,0,0,network_stall
1779257849.1635404,g5.hpc.coe,43337,0.5001,0,35.0,2035.0,12288.0,18676471570,19265945336,20340964,21144711,1344298,0,0,0,0,0,0,0,0,0,0,0,0,6956563,6950020,7027,7021,2,0,0,0,0,0,0,0,0,network_stall
1779257849.6636627,g5.hpc.coe,43337,0.5001,0,40.0,2035.0,12288.0,18704253510,19293705780,20368901,21172622,1344302,0,0,0,0,0,0,0,0,0,0,0,0,27781940,27760444,27937,27911,4,0,0,0,0,0,0,0,0,network_stall
1779257850.163796,g5.hpc.coe,43337,0.5001,0,0.0,2035.0,12288.0,18704253702,19293705837,20368903,21172623,1344302,0,0,0,0,0,0,0,0,0,0,0,0,192,57,2,1,0,0,0,0,0,0,0,0,0,network_stall
1779257850.6639395,g5.hpc.coe,43337,0.5001,0,0.0,2035.0,12288.0,18704253936,19293705894,20368905,21172624,1344302,0,0,0,0,0,0,0,0,0,0,0,0,234,57,2,1,0,0,0,0,0,0,0,0,0,network_stall
1779257851.164062,g5.hpc.coe,43337,0.5001,0,0.0,2035.0,12288.0,18704254212,19293705951,20368907,21172625,1344302,0,0,0,0,0,0,0,0,0,0,0,0,276,57,2,1,0,0,0,0,0,0,0,0,0,network_stall
1779257851.6642046,g5.hpc.coe,43337,0.5001,0,0.0,2035.0,12288.0,18704254529,19293706008,20368909,21172626,1344302,0,0,0,0,0,0,0,0,0,0,0,0,317,57,2,1,0,0,0,0,0,0,0,0,0,network_stall
1779257852.164323,g5.hpc.coe,43337,0.5001,0,0.0,2035.0,12288.0,18704254888,19293706065,20368911,21172627,1344302,0,0,0,0,0,0,0,0,0,0,0,0,359,57,2,1,0,0,0,0,0,0,0,0,0,network_stall
1779257852.664434,g5.hpc.coe,43337,0.5001,0,0.0,2035.0,12288.0,18704255289,19293706122,20368913,21172628,1344302,0,0,0,0,0,0,0,0,0,0,0,0,401,57,2,1,0,0,0,0,0,0,0,0,0,network_stall
1779257853.1645296,g5.hpc.coe,43337,0.5001,0,20.0,2035.0,12288.0,18704953653,19295455614,20369698,21174429,1344302,0,0,0,0,0,0,0,0,0,0,0,0,698364,1749492,785,1801,0,0,0,0,0,0,0,0,0,network_stall
1779257853.6646729,g5.hpc.coe,43337,0.5001,0,57.0,2035.0,12288.0,18738993184,19328416442,20403859,21207558,1344306,0,0,0,0,0,0,0,0,0,0,0,0,34039531,32960828,34161,33129,4,0,0,0,0,0,0,0,0,network_stall
1779257854.1648183,g5.hpc.coe,43337,0.5001,0,0.0,2035.0,12288.0,18738993796,19328416554,20403863,21207560,1344306,0,0,0,0,0,0,0,0,0,0,0,0,612,112,4,2,0,0,0,0,0,0,0,0,0,network_stall
1779257854.6649313,g5.hpc.coe,43337,0.5001,0,0.0,2035.0,12288.0,18738994396,19328416633,20403866,21207562,1344306,0,0,0,0,0,0,0,0,0,0,0,0,600,79,3,2,0,0,0,0,0,0,0,0,0,network_stall
1779257855.165064,g5.hpc.coe,43337,0.5001,0,0.0,2035.0,12288.0,18738995038,19328416712,20403869,21207564,1344306,0,0,0,0,0,0,0,0,0,0,0,0,642,79,3,2,0,0,0,0,0,0,0,0,0,network_stall
1779257855.6652114,g5.hpc.coe,43337,0.5001,0,0.0,2035.0,12288.0,18738995721,19328416791,20403872,21207566,1344306,0,0,0,0,0,0,0,0,0,0,0,0,683,79,3,2,0,0,0,0,0,0,0,0,0,network_stall
1779257856.1653485,g5.hpc.coe,43337,0.5001,0,0.0,2035.0,12288.0,18738996446,19328416870,20403875,21207568,1344306,0,0,0,0,0,0,0,0,0,0,0,0,725,79,3,2,0,0,0,0,0,0,0,0,0,network_stall
1779257856.6654809,g5.hpc.coe,43337,0.5001,0,0.0,2035.0,12288.0,18738997213,19328416949,20403878,21207570,1344306,0,0,0,0,0,0,0,0,0,0,0,0,767,79,3,2,0,0,0,0,0,0,0,0,0,network_stall
1779257857.165589,g5.hpc.coe,43337,0.5001,0,5.0,2035.0,12288.0,18739005920,19328594767,20403917,21207770,1344306,0,0,0,0,0,0,0,0,0,0,0,0,8707,177818,39,200,0,0,0,0,0,0,0,0,0,network_stall
1779257857.6657004,g5.hpc.coe,43337,0.5001,0,73.0,2035.0,12288.0,18773735825,19363127306,20438824,21242501,1344367,0,0,0,0,0,0,0,0,0,0,0,0,34729905,34532539,34907,34731,61,0,0,0,0,0,0,0,0,network_stall
1779257858.165809,g5.hpc.coe,43337,0.5001,0,0.0,2035.0,12288.0,18773736725,19363127385,20438827,21242503,1344367,0,0,0,0,0,0,0,0,0,0,0,0,900,79,3,2,0,0,0,0,0,0,0,0,0,network_stall
1779257858.6659427,g5.hpc.coe,43337,0.5001,0,0.0,2035.0,12288.0,18773737667,19363127464,20438830,21242505,1344367,0,0,0,0,0,0,0,0,0,0,0,0,942,79,3,2,0,0,0,0,0,0,0,0,0,network_stall
1779257859.1660905,g5.hpc.coe,43337,0.5001,0,0.0,2035.0,12288.0,18773739351,19363128067,20438850,21242517,1344367,0,0,0,0,0,0,0,0,0,0,0,0,1684,603,20,12,0,0,0,0,0,0,0,0,0,network_stall
1779257859.6662467,g5.hpc.coe,43337,0.5002,0,0.0,2035.0,12288.0,18773740378,19363128146,20438853,21242519,1344367,0,0,0,0,0,0,0,0,0,0,0,0,1027,79,3,2,0,0,0,0,0,0,0,0,0,network_stall
1779257860.16636,g5.hpc.coe,43337,0.5001,0,0.0,2035.0,12288.0,18773741469,19363128225,20438857,21242521,1344367,0,0,0,0,0,0,0,0,0,0,0,0,1091,79,4,2,0,0,0,0,0,0,0,0,0,network_stall
1779257860.6664917,g5.hpc.coe,43337,0.5001,0,0.0,2035.0,12288.0,18773742602,19363128304,20438861,21242523,1344367,0,0,0,0,0,0,0,0,0,0,0,0,1133,79,4,2,0,0,0,0,0,0,0,0,0,network_stall
1779257861.1666327,g5.hpc.coe,43337,0.5001,0,0.0,2035.0,12288.0,18773743777,19363128383,20438865,21242525,1344367,0,0,0,0,0,0,0,0,0,0,0,0,1175,79,4,2,0,0,0,0,0,0,0,0,0,network_stall
1779257861.6667678,g5.hpc.coe,43337,0.5001,0,92.0,2035.0,12288.0,18808480961,19397838646,20473819,21277454,1344667,0,0,0,0,0,0,0,0,0,0,0,0,34737184,34710263,34954,34929,300,0,0,0,0,0,0,0,0,network_stall
1779257862.1668756,g5.hpc.coe,43337,0.5001,0,0.0,2035.0,12288.0,18808481158,19397838703,20473821,21277455,1344667,0,0,0,0,0,0,0,0,0,0,0,0,197,57,2,1,0,0,0,0,0,0,0,0,0,network_stall
1779257862.6669884,g5.hpc.coe,43337,0.5001,0,0.0,2035.0,12288.0,18808481654,19397839015,20473828,21277461,1344667,0,0,0,0,0,0,0,0,0,0,0,0,496,312,7,6,0,0,0,0,0,0,0,0,0,network_stall
1779257863.1671357,g5.hpc.coe,43337,0.5001,0,0.0,2035.0,12288.0,18808481957,19397839072,20473831,21277462,1344667,0,0,0,0,0,0,0,0,0,0,0,0,303,57,3,1,0,0,0,0,0,0,0,0,0,network_stall
1779257863.6672637,g5.hpc.coe,43337,0.5001,0,0.0,2035.0,12288.0,18808482280,19397839129,20473833,21277463,1344667,0,0,0,0,0,0,0,0,0,0,0,0,323,57,2,1,0,0,0,0,0,0,0,0,0,network_stall
1779257864.1674025,g5.hpc.coe,43337,0.5001,0,0.0,2035.0,12288.0,18808482700,19397839241,20473836,21277465,1344667,0,0,0,0,0,0,0,0,0,0,0,0,420,112,3,2,0,0,0,0,0,0,0,0,0,network_stall
1779257864.667536,g5.hpc.coe,43337,0.5001,0,0.0,2035.0,12288.0,18808483130,19397839298,20473839,21277466,1344667,0,0,0,0,0,0,0,0,0,0,0,0,430,57,3,1,0,0,0,0,0,0,0,0,0,network_stall
1779257865.1676755,g5.hpc.coe,43337,0.5001,0,0.0,2035.0,12288.0,18808483579,19397839355,20473841,21277467,1344667,0,0,0,0,0,0,0,0,0,0,0,0,449,57,2,1,0,0,0,0,0,0,0,0,0,network_stall
1779257865.6677716,g5.hpc.coe,43337,0.5001,0,100.0,2035.0,12288.0,18836971586,19426302243,20502583,21306184,1344731,0,0,0,0,0,0,0,0,0,0,0,0,28488007,28462888,28742,28717,64,0,0,0,0,0,0,0,0,network_stall
1779257866.1679087,g5.hpc.coe,43337,0.5001,0,0.0,2035.0,12288.0,18843221657,19432549668,20508799,21312396,1344731,0,0,0,0,0,0,0,0,0,0,0,0,6250071,6247425,6216,6212,0,0,0,0,0,0,0,0,0,network_stall
1779257866.668048,g5.hpc.coe,43337,0.5001,0,0.0,2035.0,12288.0,18843222264,19432549747,20508802,21312398,1344731,0,0,0,0,0,0,0,0,0,0,0,0,607,79,3,2,0,0,0,0,0,0,0,0,0,network_stall
1779257867.1681802,g5.hpc.coe,43337,0.5001,0,0.0,2035.0,12288.0,18843222912,19432549826,20508805,21312400,1344731,0,0,0,0,0,0,0,0,0,0,0,0,648,79,3,2,0,0,0,0,0,0,0,0,0,network_stall
1779257867.668294,g5.hpc.coe,43337,0.5001,0,0.0,2035.0,12288.0,18843223602,19432549905,20508808,21312402,1344731,0,0,0,0,0,0,0,0,0,0,0,0,690,79,3,2,0,0,0,0,0,0,0,0,0,network_stall
1779257868.168406,g5.hpc.coe,43337,0.5001,0,0.0,2035.0,12288.0,18843224334,19432549984,20508811,21312404,1344731,0,0,0,0,0,0,0,0,0,0,0,0,732,79,3,2,0,0,0,0,0,0,0,0,0,network_stall
1779257868.6685436,g5.hpc.coe,43337,0.5001,0,0.0,2035.0,12288.0,18843225108,19432550063,20508814,21312406,1344731,0,0,0,0,0,0,0,0,0,0,0,0,774,79,3,2,0,0,0,0,0,0,0,0,0,network_stall
1779257869.1686838,g5.hpc.coe,43337,0.5001,0,0.0,2035.0,12288.0,18843225924,19432550142,20508817,21312408,1344731,0,0,0,0,0,0,0,0,0,0,0,0,816,79,3,2,0,0,0,0,0,0,0,0,0,network_stall
1779257869.6687863,g5.hpc.coe,43337,0.5001,0,0.0,2035.0,12288.0,18843924787,19434299690,20509606,21314208,1344732,0,0,0,0,0,0,0,0,0,0,0,0,698863,1749548,789,1800,1,0,0,0,0,0,0,0,0,network_stall
1779257870.1689193,g5.hpc.coe,43337,0.5001,0,100.0,2035.0,12288.0,18877964712,19467260491,20543765,21347331,1344736,0,0,0,0,0,0,0,0,0,0,0,0,34039925,32960801,34159,33123,4,0,0,0,0,0,0,0,0,network_stall
1779257870.6690338,g5.hpc.coe,43337,0.5001,0,0.0,2035.0,12288.0,18877965662,19467260570,20543768,21347333,1344736,0,0,0,0,0,0,0,0,0,0,0,0,950,79,3,2,0,0,0,0,0,0,0,0,0,network_stall
1779257871.1691706,g5.hpc.coe,43337,0.5001,0,0.0,2035.0,12288.0,18877966654,19467260649,20543771,21347335,1344736,0,0,0,0,0,0,0,0,0,0,0,0,992,79,3,2,0,0,0,0,0,0,0,0,0,network_stall
1779257871.6693108,g5.hpc.coe,43337,0.5001,0,0.0,2035.0,12288.0,18877967688,19467260728,20543774,21347337,1344736,0,0,0,0,0,0,0,0,0,0,0,0,1034,79,3,2,0,0,0,0,0,0,0,0,0,network_stall
1779257872.1694453,g5.hpc.coe,43337,0.5001,0,0.0,2035.0,12288.0,18877968787,19467260807,20543778,21347339,1344736,0,0,0,0,0,0,0,0,0,0,0,0,1099,79,4,2,0,0,0,0,0,0,0,0,0,network_stall
1779257872.6695793,g5.hpc.coe,43337,0.5001,0,0.0,2035.0,12288.0,18877969928,19467260886,20543782,21347341,1344736,0,0,0,0,0,0,0,0,0,0,0,0,1141,79,4,2,0,0,0,0,0,0,0,0,0,network_stall
1779257873.169714,g5.hpc.coe,43337,0.5001,0,0.0,2035.0,12288.0,18877971111,19467260965,20543786,21347343,1344736,0,0,0,0,0,0,0,0,0,0,0,0,1183,79,4,2,0,0,0,0,0,0,0,0,0,network_stall
1779257873.6698196,g5.hpc.coe,43337,0.5001,0,0.0,2035.0,12288.0,18877979166,19467438740,20543824,21347539,1344736,0,0,0,0,0,0,0,0,0,0,0,0,8055,177775,38,196,0,0,0,0,0,0,0,0,0,network_stall
1779257874.1699457,g5.hpc.coe,43337,0.5001,0,100.0,2035.0,12288.0,18912709042,19501971739,20578745,21382282,1345884,0,0,0,0,0,0,0,0,0,0,0,0,34729876,34532999,34921,34743,1148,0,0,0,0,0,0,0,0,network_stall
1779257874.6700783,g5.hpc.coe,43337,0.5001,0,0.0,2035.0,12288.0,18912709368,19501971851,20578749,21382284,1345884,0,0,0,0,0,0,0,0,0,0,0,0,326,112,4,2,0,0,0,0,0,0,0,0,0,network_stall
1779257875.1702096,g5.hpc.coe,43337,0.5001,0,0.0,2035.0,12288.0,18912709659,19501971908,20578751,21382285,1345884,0,0,0,0,0,0,0,0,0,0,0,0,291,57,2,1,0,0,0,0,0,0,0,0,0,network_stall
1779257875.6703548,g5.hpc.coe,43337,0.5001,0,0.0,2035.0,12288.0,18912709992,19501971965,20578753,21382286,1345884,0,0,0,0,0,0,0,0,0,0,0,0,333,57,2,1,0,0,0,0,0,0,0,0,0,network_stall
1779257876.170493,g5.hpc.coe,43337,0.5001,0,0.0,2035.0,12288.0,18912710367,19501972022,20578755,21382287,1345884,0,0,0,0,0,0,0,0,0,0,0,0,375,57,2,1,0,0,0,0,0,0,0,0,0,network_stall
1779257876.6706393,g5.hpc.coe,43337,0.5001,0,0.0,2035.0,12288.0,18912710784,19501972079,20578757,21382288,1345884,0,0,0,0,0,0,0,0,0,0,0,0,417,57,2,1,0,0,0,0,0,0,0,0,0,network_stall
1779257877.1707547,g5.hpc.coe,43337,0.5001,0,0.0,2035.0,12288.0,18912711243,19501972136,20578759,21382289,1345884,0,0,0,0,0,0,0,0,0,0,0,0,459,57,2,1,0,0,0,0,0,0,0,0,0,network_stall
1779257877.6709034,g5.hpc.coe,43337,0.5001,0,0.0,2035.0,12288.0,18912711744,19501972193,20578761,21382290,1345884,0,0,0,0,0,0,0,0,0,0,0,0,501,57,2,1,0,0,0,0,0,0,0,0,0,network_stall
1779257878.1710181,g5.hpc.coe,43337,0.5001,0,100.0,2035.0,12288.0,18947449322,19536682471,20613713,21417219,1346148,0,0,0,0,0,0,0,0,0,0,0,0,34737578,34710278,34952,34929,264,0,0,0,0,0,0,0,0,network_stall
1779257878.671127,g5.hpc.coe,43337,0.5001,0,0.0,2035.0,12288.0,18947449935,19536682550,20613716,21417221,1346148,0,0,0,0,0,0,0,0,0,0,0,0,613,79,3,2,0,0,0,0,0,0,0,0,0,network_stall
1779257879.171231,g5.hpc.coe,43337,0.5001,0,0.0,2035.0,12288.0,18947450590,19536682629,20613719,21417223,1346148,0,0,0,0,0,0,0,0,0,0,0,0,655,79,3,2,0,0,0,0,0,0,0,0,0,network_stall
1779257879.6713598,g5.hpc.coe,43337,0.5001,0,0.0,2035.0,12288.0,18947451363,19536682763,20613724,21417226,1346148,0,0,0,0,0,0,0,0,0,0,0,0,773,134,5,3,0,0,0,0,0,0,0,0,0,network_stall
1779257880.171476,g5.hpc.coe,43337,0.5001,0,0.0,2035.0,12288.0,18947452102,19536682842,20613727,21417228,1346148,0,0,0,0,0,0,0,0,0,0,0,0,739,79,3,2,0,0,0,0,0,0,0,0,0,network_stall
1779257880.6716151,g5.hpc.coe,43337,0.5001,0,0.0,2035.0,12288.0,18947452882,19536682921,20613730,21417230,1346148,0,0,0,0,0,0,0,0,0,0,0,0,780,79,3,2,0,0,0,0,0,0,0,0,0,network_stall
1779257881.1717284,g5.hpc.coe,43337,0.5001,0,0.0,2035.0,12288.0,18947453704,19536683000,20613733,21417232,1346148,0,0,0,0,0,0,0,0,0,0,0,0,822,79,3,2,0,0,0,0,0,0,0,0,0,network_stall
1779257881.6718671,g5.hpc.coe,43337,0.5001,0,0.0,2035.0,12288.0,18947454568,19536683079,20613736,21417234,1346148,0,0,0,0,0,0,0,0,0,0,0,0,864,79,3,2,0,0,0,0,0,0,0,0,0,network_stall
1779257882.1719606,g5.hpc.coe,43337,0.5001,0,100.0,2035.0,12288.0,18975942948,19565145877,20642473,21445936,1346154,0,0,0,0,0,0,0,0,0,0,0,0,28488380,28462798,28737,28702,6,0,0,0,0,0,0,0,0,network_stall
1779257882.6720872,g5.hpc.coe,43337,0.5001,0,0.0,2035.0,12288.0,18982193434,19571393352,20648690,21452153,1346155,0,0,0,0,0,0,0,0,0,0,0,0,6250486,6247475,6217,6217,1,0,0,0,0,0,0,0,0,network_stall
1779257883.1722188,g5.hpc.coe,43337,0.5001,0,0.0,2035.0,12288.0,18982194433,19571393431,20648693,21452155,1346155,0,0,0,0,0,0,0,0,0,0,0,0,999,79,3,2,0,0,0,0,0,0,0,0,0,network_stall
1779257883.672349,g5.hpc.coe,43337,0.5001,0,0.0,2035.0,12288.0,18982195474,19571393510,20648696,21452157,1346155,0,0,0,0,0,0,0,0,0,0,0,0,1041,79,3,2,0,0,0,0,0,0,0,0,0,network_stall
1779257884.172479,g5.hpc.coe,43337,0.5001,0,0.0,2035.0,12288.0,18982196579,19571393589,20648700,21452159,1346155,0,0,0,0,0,0,0,0,0,0,0,0,1105,79,4,2,0,0,0,0,0,0,0,0,0,network_stall
1779257884.6726267,g5.hpc.coe,43337,0.5001,0,0.0,2035.0,12288.0,18982197803,19571393723,20648706,21452162,1346155,0,0,0,0,0,0,0,0,0,0,0,0,1224,134,6,3,0,0,0,0,0,0,0,0,0,network_stall
1779257885.1727595,g5.hpc.coe,43337,0.5001,0,0.0,2035.0,12288.0,18982197925,19571393780,20648708,21452163,1346155,0,0,0,0,0,0,0,0,0,0,0,0,122,57,2,1,0,0,0,0,0,0,0,0,0,network_stall
1779257885.672896,g5.hpc.coe,43337,0.5001,0,0.0,2035.0,12288.0,18982198089,19571393837,20648710,21452164,1346155,0,0,0,0,0,0,0,0,0,0,0,0,164,57,2,1,0,0,0,0,0,0,0,0,0,network_stall
1779257886.172991,g5.hpc.coe,43337,0.5001,0,100.0,2035.0,12288.0,19009995823,19599169803,20676710,21480135,1346733,0,0,0,0,0,0,0,0,0,0,0,0,27797734,27775966,28000,27971,578,0,0,0,0,0,0,0,0,network_stall
1779257886.6731176,g5.hpc.coe,43337,0.5001,0,0.0,2035.0,12288.0,19016935645,19606104143,20683675,21487092,1346734,0,0,0,0,0,0,0,0,0,0,0,0,6939822,6934340,6965,6957,1,0,0,0,0,0,0,0,0,network_stall
1779257887.1732502,g5.hpc.coe,43337,0.5001,0,0.0,2035.0,12288.0,19016935944,19606104200,20683677,21487093,1346734,0,0,0,0,0,0,0,0,0,0,0,0,299,57,2,1,0,0,0,0,0,0,0,0,0,network_stall
1779257887.6733866,g5.hpc.coe,43337,0.5001,0,0.0,2035.0,12288.0,19016936285,19606104257,20683679,21487094,1346734,0,0,0,0,0,0,0,0,0,0,0,0,341,57,2,1,0,0,0,0,0,0,0,0,0,network_stall
1779257888.1735175,g5.hpc.coe,43337,0.5001,0,0.0,2035.0,12288.0,19016936668,19606104314,20683681,21487095,1346734,0,0,0,0,0,0,0,0,0,0,0,0,383,57,2,1,0,0,0,0,0,0,0,0,0,network_stall
1779257888.673637,g5.hpc.coe,43337,0.5001,0,0.0,2035.0,12288.0,19016937093,19606104371,20683683,21487096,1346734,0,0,0,0,0,0,0,0,0,0,0,0,425,57,2,1,0,0,0,0,0,0,0,0,0,network_stall
1779257889.1737654,g5.hpc.coe,43337,0.5001,0,0.0,2035.0,12288.0,19016938183,19606104875,20683700,21487105,1346734,0,0,0,0,0,0,0,0,0,0,0,0,1090,504,17,9,0,0,0,0,0,0,0,0,0,network_stall
1779257889.6738853,g5.hpc.coe,43337,0.5001,0,0.0,2035.0,12288.0,19016938692,19606104932,20683702,21487106,1346734,0,0,0,0,0,0,0,0,0,0,0,0,509,57,2,1,0,0,0,0,0,0,0,0,0,network_stall
1779257890.1739848,g5.hpc.coe,43337,0.5001,0,100.0,2035.0,12288.0,19038479412,19627625818,20705451,21508834,1346738,0,0,0,0,0,0,0,0,0,0,0,0,21540720,21520886,21749,21728,4,0,0,0,0,0,0,0,0,network_stall
1779257890.6740935,g5.hpc.coe,43337,0.5001,0,0.0,2035.0,12288.0,19051676976,19640815337,20718659,21522037,1346740,0,0,0,0,0,0,0,0,0,0,0,0,13197564,13189519,13208,13203,2,0,0,0,0,0,0,0,0,network_stall
1779257891.1742277,g5.hpc.coe,43337,0.5001,0,0.0,2035.0,12288.0,19051677643,19640815416,20718662,21522039,1346740,0,0,0,0,0,0,0,0,0,0,0,0,667,79,3,2,0,0,0,0,0,0,0,0,0,network_stall
1779257891.6743426,g5.hpc.coe,43337,0.5001,0,0.0,2035.0,12288.0,19051678352,19640815495,20718665,21522041,1346740,0,0,0,0,0,0,0,0,0,0,0,0,709,79,3,2,0,0,0,0,0,0,0,0,0,network_stall
1779257892.174475,g5.hpc.coe,43337,0.5001,0,0.0,2035.0,12288.0,19051679103,19640815574,20718668,21522043,1346740,0,0,0,0,0,0,0,0,0,0,0,0,751,79,3,2,0,0,0,0,0,0,0,0,0,network_stall
1779257892.6746185,g5.hpc.coe,43337,0.5001,0,0.0,2035.0,12288.0,19051679896,19640815653,20718671,21522045,1346740,0,0,0,0,0,0,0,0,0,0,0,0,793,79,3,2,0,0,0,0,0,0,0,0,0,network_stall
1779257893.1747558,g5.hpc.coe,43337,0.5001,0,0.0,2035.0,12288.0,19051680731,19640815732,20718674,21522047,1346740,0,0,0,0,0,0,0,0,0,0,0,0,835,79,3,2,0,0,0,0,0,0,0,0,0,network_stall
1779257893.674873,g5.hpc.coe,43337,0.5001,0,0.0,2035.0,12288.0,19051681608,19640815811,20718677,21522049,1346740,0,0,0,0,0,0,0,0,0,0,0,0,877,79,3,2,0,0,0,0,0,0,0,0,0,network_stall
1779257894.174975,g5.hpc.coe,43337,0.5001,0,100.0,2035.0,12288.0,19073222569,19662336677,20740420,21543781,1347002,0,0,0,0,0,0,0,0,0,0,0,0,21540961,21520866,21743,21732,262,0,0,0,0,0,0,0,0,network_stall
1779257894.6750832,g5.hpc.coe,43337,0.5001,0,0.0,2035.0,12288.0,19086420436,19675526203,20753622,21556985,1347003,0,0,0,0,0,0,0,0,0,0,0,0,13197867,13189526,13202,13204,1,0,0,0,0,0,0,0,0,network_stall
1779257895.1752243,g5.hpc.coe,43337,0.5001,0,0.0,2035.0,12288.0,19086421526,19675526337,20753627,21556988,1347003,0,0,0,0,0,0,0,0,0,0,0,0,1090,134,5,3,0,0,0,0,0,0,0,0,0,network_stall
1779257895.6753738,g5.hpc.coe,43337,0.5001,0,0.0,2035.0,12288.0,19086422582,19675526416,20753630,21556990,1347003,0,0,0,0,0,0,0,0,0,0,0,0,1056,79,3,2,0,0,0,0,0,0,0,0,0,network_stall
1779257896.1755164,g5.hpc.coe,43337,0.5001,0,0.0,2035.0,12288.0,19086423702,19675526495,20753634,21556992,1347003,0,0,0,0,0,0,0,0,0,0,0,0,1120,79,4,2,0,0,0,0,0,0,0,0,0,network_stall
1779257896.6756635,g5.hpc.coe,43337,0.5001,0,0.0,2035.0,12288.0,19086424864,19675526574,20753638,21556994,1347003,0,0,0,0,0,0,0,0,0,0,0,0,1162,79,4,2,0,0,0,0,0,0,0,0,0,network_stall
1779257897.1758032,g5.hpc.coe,43337,0.5001,0,0.0,2035.0,12288.0,19086425000,19675526631,20753640,21556995,1347003,0,0,0,0,0,0,0,0,0,0,0,0,136,57,2,1,0,0,0,0,0,0,0,0,0,network_stall
1779257897.6759434,g5.hpc.coe,43337,0.5001,0,0.0,2035.0,12288.0,19086425178,19675526688,20753642,21556996,1347003,0,0,0,0,0,0,0,0,0,0,0,0,178,57,2,1,0,0,0,0,0,0,0,0,0,network_stall
1779257898.1760411,g5.hpc.coe,43337,0.5001,0,100.0,2035.0,12288.0,19107275375,19696360589,20774631,21577978,1347006,0,0,0,0,0,0,0,0,0,0,0,0,20850197,20833901,20989,20982,3,0,0,0,0,0,0,0,0,network_stall
1779257898.6761518,g5.hpc.coe,43337,0.5001,0,0.0,2035.0,12288.0,19121162616,19710236966,20788586,21591920,1347012,0,0,0,0,0,0,0,0,0,0,0,0,13887241,13876377,13955,13942,6,0,0,0,0,0,0,0,0,network_stall
1779257899.1762815,g5.hpc.coe,43337,0.5001,0,0.0,2035.0,12288.0,19121162930,19710237023,20788588,21591921,1347012,0,0,0,0,0,0,0,0,0,0,0,0,314,57,2,1,0,0,0,0,0,0,0,0,0,network_stall
1779257899.6763973,g5.hpc.coe,43337,0.5001,0,0.0,2035.0,12288.0,19121163286,19710237080,20788590,21591922,1347012,0,0,0,0,0,0,0,0,0,0,0,0,356,57,2,1,0,0,0,0,0,0,0,0,0,network_stall
1779257900.1765316,g5.hpc.coe,43337,0.5001,0,0.0,2035.0,12288.0,19121163761,19710237192,20788594,21591924,1347012,0,0,0,0,0,0,0,0,0,0,0,0,475,112,4,2,0,0,0,0,0,0,0,0,0,network_stall
1779257900.6766691,g5.hpc.coe,43337,0.5001,0,0.0,2035.0,12288.0,19121164202,19710237249,20788596,21591925,1347012,0,0,0,0,0,0,0,0,0,0,0,0,441,57,2,1,0,0,0,0,0,0,0,0,0,network_stall
1779257901.176817,g5.hpc.coe,43337,0.5001,0,0.0,2035.0,12288.0,19121164685,19710237306,20788598,21591926,1347012,0,0,0,0,0,0,0,0,0,0,0,0,483,57,2,1,0,0,0,0,0,0,0,0,0,network_stall
1779257901.6769562,g5.hpc.coe,43337,0.5001,0,0.0,2035.0,12288.0,19121165209,19710237363,20788600,21591927,1347012,0,0,0,0,0,0,0,0,0,0,0,0,524,57,2,1,0,0,0,0,0,0,0,0,0,network_stall
1779257902.1770592,g5.hpc.coe,43337,0.5001,0,100.0,2035.0,12288.0,19135758393,19724816171,20803347,21606671,1348574,0,0,0,0,0,0,0,0,0,0,0,0,14593184,14578808,14747,14744,1562,0,0,0,0,0,0,0,0,network_stall
1779257902.677199,g5.hpc.coe,43337,0.5001,0,0.0,2035.0,12288.0,19155903355,19744947706,20823542,21626856,1348578,0,0,0,0,0,0,0,0,0,0,0,0,20144962,20131535,20195,20185,4,0,0,0,0,0,0,0,0,network_stall
1779257903.177339,g5.hpc.coe,43337,0.5001,0,0.0,2035.0,12288.0,19155904038,19744947785,20823545,21626858,1348578,0,0,0,0,0,0,0,0,0,0,0,0,683,79,3,2,0,0,0,0,0,0,0,0,0,network_stall
1779257903.6774561,g5.hpc.coe,43337,0.5001,0,0.0,2035.0,12288.0,19155904763,19744947864,20823548,21626860,1348578,0,0,0,0,0,0,0,0,0,0,0,0,725,79,3,2,0,0,0,0,0,0,0,0,0,network_stall
1779257904.1775882,g5.hpc.coe,43337,0.5001,0,0.0,2035.0,12288.0,19155906153,19744948390,20823566,21626870,1348578,0,0,0,0,0,0,0,0,0,0,0,0,1390,526,18,10,0,0,0,0,0,0,0,0,0,network_stall
1779257904.677723,g5.hpc.coe,43337,0.5001,0,0.0,2035.0,12288.0,19155906963,19744948469,20823569,21626872,1348578,0,0,0,0,0,0,0,0,0,0,0,0,810,79,3,2,0,0,0,0,0,0,0,0,0,network_stall
1779257905.177872,g5.hpc.coe,43337,0.5001,0,0.0,2035.0,12288.0,19155907891,19744948603,20823574,21626875,1348578,0,0,0,0,0,0,0,0,0,0,0,0,928,134,5,3,0,0,0,0,0,0,0,0,0,network_stall
1779257905.6780186,g5.hpc.coe,43337,0.5001,0,0.0,2035.0,12288.0,19155908784,19744948682,20823577,21626877,1348578,0,0,0,0,0,0,0,0,0,0,0,0,893,79,3,2,0,0,0,0,0,0,0,0,0,network_stall
1779257906.178123,g5.hpc.coe,43337,0.5001,0,85.0,2035.0,12288.0,19169812362,19758840610,20837587,21640881,1348647,0,0,0,0,0,0,0,0,0,0,0,0,13903578,13891928,14010,14004,69,0,0,0,0,0,0,0,0,network_stall
1779257906.6782384,g5.hpc.coe,43337,0.5001,0,0.0,2035.0,12288.0,19190647728,19779659081,20858534,21661814,1348652,0,0,0,0,0,0,0,0,0,0,0,0,20835366,20818471,20947,20933,5,0,0,0,0,0,0,0,0,network_stall
1779257907.1783535,g5.hpc.coe,43337,0.5001,0,0.0,2035.0,12288.0,19190648757,19779659160,20858537,21661816,1348652,0,0,0,0,0,0,0,0,0,0,0,0,1029,79,3,2,0,0,0,0,0,0,0,0,0,network_stall
1779257907.678495,g5.hpc.coe,43337,0.5001,0,0.0,2035.0,12288.0,19190649850,19779659239,20858541,21661818,1348652,0,0,0,0,0,0,0,0,0,0,0,0,1093,79,4,2,0,0,0,0,0,0,0,0,0,network_stall
1779257908.178623,g5.hpc.coe,43337,0.5001,0,0.0,2035.0,12288.0,19190650985,19779659318,20858545,21661820,1348652,0,0,0,0,0,0,0,0,0,0,0,0,1135,79,4,2,0,0,0,0,0,0,0,0,0,network_stall
1779257908.678738,g5.hpc.coe,43337,0.5001,0,0.0,2035.0,12288.0,19190652162,19779659397,20858549,21661822,1348652,0,0,0,0,0,0,0,0,0,0,0,0,1177,79,4,2,0,0,0,0,0,0,0,0,0,network_stall
1779257909.1788707,g5.hpc.coe,43337,0.5001,0,0.0,2035.0,12288.0,19190652313,19779659454,20858551,21661823,1348652,0,0,0,0,0,0,0,0,0,0,0,0,151,57,2,1,0,0,0,0,0,0,0,0,0,network_stall
1779257909.6789834,g5.hpc.coe,43337,0.5001,0,0.0,2035.0,12288.0,19190652506,19779659511,20858553,21661824,1348652,0,0,0,0,0,0,0,0,0,0,0,0,193,57,2,1,0,0,0,0,0,0,0,0,0,network_stall
1779257910.1790833,g5.hpc.coe,43337,0.5001,0,66.0,2035.0,12288.0,19198298017,19787296232,20866321,21669578,1349807,0,0,0,0,0,0,0,0,0,0,0,0,7645511,7636721,7768,7754,1155,0,0,0,0,0,0,0,0,network_stall
1779257910.679235,g5.hpc.coe,43337,0.5002,0,10.0,2035.0,12288.0,19225390113,19814369851,20893508,21696750,1349811,0,0,0,0,0,0,0,0,0,0,0,0,27092096,27073619,27187,27172,4,0,0,0,0,0,0,0,0,network_stall
1779257911.179384,g5.hpc.coe,43337,0.5001,0,0.0,2035.0,12288.0,19225390442,19814369908,20893510,21696751,1349811,0,0,0,0,0,0,0,0,0,0,0,0,329,57,2,1,0,0,0,0,0,0,0,0,0,network_stall
1779257911.679514,g5.hpc.coe,43337,0.5001,0,0.0,2035.0,12288.0,19225390813,19814369965,20893512,21696752,1349811,0,0,0,0,0,0,0,0,0,0,0,0,371,57,2,1,0,0,0,0,0,0,0,0,0,network_stall
1779257912.1796496,g5.hpc.coe,43337,0.5001,0,0.0,2035.0,12288.0,19225391225,19814370022,20893514,21696753,1349811,0,0,0,0,0,0,0,0,0,0,0,0,412,57,2,1,0,0,0,0,0,0,0,0,0,network_stall
1779257912.6797926,g5.hpc.coe,43337,0.5001,0,0.0,2035.0,12288.0,19225391679,19814370079,20893516,21696754,1349811,0,0,0,0,0,0,0,0,0,0,0,0,454,57,2,1,0,0,0,0,0,0,0,0,0,network_stall
1779257913.1799283,g5.hpc.coe,43337,0.5001,0,0.0,2035.0,12288.0,19225392175,19814370136,20893518,21696755,1349811,0,0,0,0,0,0,0,0,0,0,0,0,496,57,2,1,0,0,0,0,0,0,0,0,0,network_stall
1779257913.6800623,g5.hpc.coe,43337,0.5001,0,0.0,2035.0,12288.0,19225392713,19814370193,20893520,21696756,1349811,0,0,0,0,0,0,0,0,0,0,0,0,538,57,2,1,0,0,0,0,0,0,0,0,0,network_stall
1779257914.1802092,g5.hpc.coe,43337,0.5001,0,56.0,2035.0,12288.0,19232348568,19821320056,20900542,21703771,1349811,0,0,0,0,0,0,0,0,0,0,0,0,6955855,6949863,7022,7015,0,0,0,0,0,0,0,0,0,network_stall
1779257914.6803327,g5.hpc.coe,43337,0.5001,0,21.0,2035.0,12288.0,19260130983,19849080550,20928476,21731687,1349816,0,0,0,0,0,0,0,0,0,0,0,0,27782415,27760494,27934,27916,5,0,0,0,0,0,0,0,0,network_stall
1779257915.1804729,g5.hpc.coe,43337,0.5001,0,0.0,2035.0,12288.0,19260131678,19849080629,20928479,21731689,1349816,0,0,0,0,0,0,0,0,0,0,0,0,695,79,3,2,0,0,0,0,0,0,0,0,0,network_stall
1779257915.6806157,g5.hpc.coe,43337,0.5001,0,0.0,2035.0,12288.0,19260132492,19849080763,20928484,21731692,1349816,0,0,0,0,0,0,0,0,0,0,0,0,814,134,5,3,0,0,0,0,0,0,0,0,0,network_stall
1779257916.1807504,g5.hpc.coe,43337,0.5001,0,0.0,2035.0,12288.0,19260133272,19849080842,20928487,21731694,1349816,0,0,0,0,0,0,0,0,0,0,0,0,780,79,3,2,0,0,0,0,0,0,0,0,0,network_stall
1779257916.6808827,g5.hpc.coe,43337,0.5001,0,0.0,2035.0,12288.0,19260134094,19849080921,20928490,21731696,1349816,0,0,0,0,0,0,0,0,0,0,0,0,822,79,3,2,0,0,0,0,0,0,0,0,0,network_stall
1779257917.1810124,g5.hpc.coe,43337,0.5001,0,0.0,2035.0,12288.0,19260134958,19849081000,20928493,21731698,1349816,0,0,0,0,0,0,0,0,0,0,0,0,864,79,3,2,0,0,0,0,0,0,0,0,0,network_stall
1779257917.6811295,g5.hpc.coe,43337,0.5001,0,0.0,2035.0,12288.0,19260135864,19849081079,20928496,21731700,1349816,0,0,0,0,0,0,0,0,0,0,0,0,906,79,3,2,0,0,0,0,0,0,0,0,0,network_stall
1779257918.1811984,g5.hpc.coe,43337,0.5001,0,36.0,2035.0,12288.0,19260834747,19850830579,20929284,21733500,1349816,0,0,0,0,0,0,0,0,0,0,0,0,698883,1749500,788,1800,0,0,0,0,0,0,0,0,0,network_stall
1779257918.6813245,g5.hpc.coe,43337,0.5001,0,41.0,2035.0,12288.0,19294874874,19883791450,20963459,21766633,1349828,0,0,0,0,0,0,0,0,0,0,0,0,34040127,32960871,34175,33133,12,0,0,0,0,0,0,0,0,network_stall
1779257919.1814477,g5.hpc.coe,43337,0.5001,0,0.0,2035.0,12288.0,19294876537,19883791976,20963477,21766643,1349828,0,0,0,0,0,0,0,0,0,0,0,0,1663,526,18,10,0,0,0,0,0,0,0,0,0,network_stall
1779257919.68158,g5.hpc.coe,43337,0.5001,0,0.0,2035.0,12288.0,19294877642,19883792055,20963481,21766645,1349828,0,0,0,0,0,0,0,0,0,0,0,0,1105,79,4,2,0,0,0,0,0,0,0,0,0,network_stall
1779257920.1817095,g5.hpc.coe,43337,0.5001,0,0.0,2035.0,12288.0,19294878789,19883792134,20963485,21766647,1349828,0,0,0,0,0,0,0,0,0,0,0,0,1147,79,4,2,0,0,0,0,0,0,0,0,0,network_stall
1779257920.6818368,g5.hpc.coe,43337,0.5001,0,0.0,2035.0,12288.0,19294880055,19883792268,20963491,21766650,1349828,0,0,0,0,0,0,0,0,0,0,0,0,1266,134,6,3,0,0,0,0,0,0,0,0,0,network_stall
1779257921.1819701,g5.hpc.coe,43337,0.5001,0,0.0,2035.0,12288.0,19294880219,19883792325,20963493,21766651,1349828,0,0,0,0,0,0,0,0,0,0,0,0,164,57,2,1,0,0,0,0,0,0,0,0,0,network_stall
1779257921.6821067,g5.hpc.coe,43337,0.5001,0,0.0,2035.0,12288.0,19294880425,19883792382,20963495,21766652,1349828,0,0,0,0,0,0,0,0,0,0,0,0,206,57,2,1,0,0,0,0,0,0,0,0,0,network_stall
1779257922.1822286,g5.hpc.coe,43337,0.5001,0,16.0,2035.0,12288.0,19294888571,19883970178,20963533,21766851,1349828,0,0,0,0,0,0,0,0,0,0,0,0,8146,177796,38,199,0,0,0,0,0,0,0,0,0,network_stall
1779257922.6823616,g5.hpc.coe,43337,0.5001,0,61.0,2035.0,12288.0,19329618172,19918502985,20998444,21801591,1351351,0,0,0,0,0,0,0,0,0,0,0,0,34729601,34532807,34911,34740,1523,0,0,0,0,0,0,0,0,network_stall
1779257923.1824963,g5.hpc.coe,43337,0.5001,0,0.0,2035.0,12288.0,19329618534,19918503042,20998447,21801592,1351351,0,0,0,0,0,0,0,0,0,0,0,0,362,57,3,1,0,0,0,0,0,0,0,0,0,network_stall
1779257923.6826315,g5.hpc.coe,43337,0.5001,0,0.0,2035.0,12288.0,19329618916,19918503099,20998449,21801593,1351351,0,0,0,0,0,0,0,0,0,0,0,0,382,57,2,1,0,0,0,0,0,0,0,0,0,network_stall
1779257924.1827688,g5.hpc.coe,43337,0.5001,0,0.0,2035.0,12288.0,19329619340,19918503156,20998451,21801594,1351351,0,0,0,0,0,0,0,0,0,0,0,0,424,57,2,1,0,0,0,0,0,0,0,0,0,network_stall
1779257924.6829185,g5.hpc.coe,43337,0.5001,0,0.0,2035.0,12288.0,19329619806,19918503213,20998453,21801595,1351351,0,0,0,0,0,0,0,0,0,0,0,0,466,57,2,1,0,0,0,0,0,0,0,0,0,network_stall
1779257925.1830587,g5.hpc.coe,43337,0.5001,0,0.0,2035.0,12288.0,19329620314,19918503270,20998455,21801596,1351351,0,0,0,0,0,0,0,0,0,0,0,0,508,57,2,1,0,0,0,0,0,0,0,0,0,network_stall
1779257925.6831868,g5.hpc.coe,43337,0.5001,0,0.0,2035.0,12288.0,19329620963,19918503404,20998460,21801599,1351351,0,0,0,0,0,0,0,0,0,0,0,0,649,134,5,3,0,0,0,0,0,0,0,0,0,network_stall
1779257926.183306,g5.hpc.coe,43337,0.5001,0,0.0,2035.0,12288.0,19329621577,19918503483,20998463,21801601,1351351,0,0,0,0,0,0,0,0,0,0,0,0,614,79,3,2,0,0,0,0,0,0,0,0,0,network_stall
1779257926.6834557,g5.hpc.coe,43337,0.5001,0,100.0,2035.0,12288.0,19364359176,19953213789,21033405,21836534,1351359,0,0,0,0,0,0,0,0,0,0,0,0,34737599,34710306,34942,34933,8,0,0,0,0,0,0,0,0,network_stall
1779257927.1836002,g5.hpc.coe,43337,0.5001,0,0.0,2035.0,12288.0,19364359879,19953213868,21033408,21836536,1351359,0,0,0,0,0,0,0,0,0,0,0,0,703,79,3,2,0,0,0,0,0,0,0,0,0,network_stall
1779257927.6837363,g5.hpc.coe,43337,0.5001,0,0.0,2035.0,12288.0,19364360624,19953213947,21033411,21836538,1351359,0,0,0,0,0,0,0,0,0,0,0,0,745,79,3,2,0,0,0,0,0,0,0,0,0,network_stall
1779257928.1838644,g5.hpc.coe,43337,0.5001,0,0.0,2035.0,12288.0,19364361411,19953214026,21033414,21836540,1351359,0,0,0,0,0,0,0,0,0,0,0,0,787,79,3,2,0,0,0,0,0,0,0,0,0,network_stall
1779257928.6839952,g5.hpc.coe,43337,0.5001,0,0.0,2035.0,12288.0,19364362240,19953214105,21033417,21836542,1351359,0,0,0,0,0,0,0,0,0,0,0,0,829,79,3,2,0,0,0,0,0,0,0,0,0,network_stall
1779257929.1841516,g5.hpc.coe,43337,0.5002,0,0.0,2035.0,12288.0,19364363111,19953214184,21033420,21836544,1351359,0,0,0,0,0,0,0,0,0,0,0,0,871,79,3,2,0,0,0,0,0,0,0,0,0,network_stall
1779257929.6842632,g5.hpc.coe,43337,0.5001,0,0.0,2035.0,12288.0,19364364024,19953214263,21033423,21836546,1351359,0,0,0,0,0,0,0,0,0,0,0,0,913,79,3,2,0,0,0,0,0,0,0,0,0,network_stall
1779257930.1843877,g5.hpc.coe,43337,0.5001,0,0.0,2035.0,12288.0,19364364979,19953214342,21033426,21836548,1351359,0,0,0,0,0,0,0,0,0,0,0,0,955,79,3,2,0,0,0,0,0,0,0,0,0,network_stall
1779257930.6844866,g5.hpc.coe,43337,0.5001,0,100.0,2035.0,12288.0,19392853478,19981677238,21062167,21865264,1351408,0,0,0,0,0,0,0,0,0,0,0,0,28488499,28462896,28741,28716,49,0,0,0,0,0,0,0,0,network_stall
1779257931.184599,g5.hpc.coe,43337,0.5001,0,0.0,2035.0,12288.0,19399104131,19987924747,21068388,21871479,1351408,0,0,0,0,0,0,0,0,0,0,0,0,6250653,6247509,6221,6215,0,0,0,0,0,0,0,0,0,network_stall
1779257931.6847322,g5.hpc.coe,43337,0.5001,0,0.0,2035.0,12288.0,19399105243,19987924826,21068392,21871481,1351408,0,0,0,0,0,0,0,0,0,0,0,0,1112,79,4,2,0,0,0,0,0,0,0,0,0,network_stall
1779257932.1848776,g5.hpc.coe,43337,0.5001,0,0.0,2035.0,12288.0,19399106397,19987924905,21068396,21871483,1351408,0,0,0,0,0,0,0,0,0,0,0,0,1154,79,4,2,0,0,0,0,0,0,0,0,0,network_stall
1779257932.6850069,g5.hpc.coe,43337,0.5001,0,0.0,2035.0,12288.0,19399106526,19987924962,21068398,21871484,1351408,0,0,0,0,0,0,0,0,0,0,0,0,129,57,2,1,0,0,0,0,0,0,0,0,0,network_stall
1779257933.1851385,g5.hpc.coe,43337,0.5001,0,0.0,2035.0,12288.0,19399106697,19987925019,21068400,21871485,1351408,0,0,0,0,0,0,0,0,0,0,0,0,171,57,2,1,0,0,0,0,0,0,0,0,0,network_stall
1779257933.6852715,g5.hpc.coe,43337,0.5001,0,0.0,2035.0,12288.0,19399106910,19987925076,21068402,21871486,1351408,0,0,0,0,0,0,0,0,0,0,0,0,213,57,2,1,0,0,0,0,0,0,0,0,0,network_stall
1779257934.1854017,g5.hpc.coe,43337,0.5001,0,0.0,2035.0,12288.0,19399107788,19987925580,21068419,21871495,1351408,0,0,0,0,0,0,0,0,0,0,0,0,878,504,17,9,0,0,0,0,0,0,0,0,0,network_stall
1779257934.685494,g5.hpc.coe,43337,0.5001,0,100.0,2035.0,12288.0,19427595482,20016388405,21097144,21900203,1351415,0,0,0,0,0,0,0,0,0,0,0,0,28487694,28462825,28725,28708,7,0,0,0,0,0,0,0,0,network_stall
1779257935.185653,g5.hpc.coe,43337,0.5002,0,0.0,2035.0,12288.0,19433845344,20022635851,21103358,21906418,1351415,0,0,0,0,0,0,0,0,0,0,0,0,6249862,6247446,6214,6215,0,0,0,0,0,0,0,0,0,network_stall
1779257935.6857843,g5.hpc.coe,43337,0.5001,0,0.0,2035.0,12288.0,19433845734,20022635908,21103360,21906419,1351415,0,0,0,0,0,0,0,0,0,0,0,0,390,57,2,1,0,0,0,0,0,0,0,0,0,network_stall
1779257936.1859171,g5.hpc.coe,43337,0.5001,0,0.0,2035.0,12288.0,19433846243,20022636020,21103364,21906421,1351415,0,0,0,0,0,0,0,0,0,0,0,0,509,112,4,2,0,0,0,0,0,0,0,0,0,network_stall
1779257936.6860347,g5.hpc.coe,43337,0.5001,0,0.0,2035.0,12288.0,19433846717,20022636077,21103366,21906422,1351415,0,0,0,0,0,0,0,0,0,0,0,0,474,57,2,1,0,0,0,0,0,0,0,0,0,network_stall
1779257937.1861625,g5.hpc.coe,43337,0.5001,0,0.0,2035.0,12288.0,19433847233,20022636134,21103368,21906423,1351415,0,0,0,0,0,0,0,0,0,0,0,0,516,57,2,1,0,0,0,0,0,0,0,0,0,network_stall
1779257937.6862738,g5.hpc.coe,43337,0.5001,0,0.0,2035.0,12288.0,19433847813,20022636213,21103371,21906425,1351415,0,0,0,0,0,0,0,0,0,0,0,0,580,79,3,2,0,0,0,0,0,0,0,0,0,network_stall
1779257938.1864073,g5.hpc.coe,43337,0.5001,0,0.0,2035.0,12288.0,19433848435,20022636292,21103374,21906427,1351415,0,0,0,0,0,0,0,0,0,0,0,0,622,79,3,2,0,0,0,0,0,0,0,0,0,network_stall
1779257938.6864996,g5.hpc.coe,43337,0.5001,0,100.0,2035.0,12288.0,19460077339,20049319506,21130324,21933715,1351417,0,0,0,0,0,0,0,0,0,0,0,0,26228904,26683214,26950,27288,2,0,0,0,0,0,0,0,0,network_stall
1779257939.1866336,g5.hpc.coe,43337,0.5001,0,0.0,2035.0,12288.0,19468586844,20057346600,21138332,21941351,1351419,0,0,0,0,0,0,0,0,0,0,0,0,8509505,8027094,8008,7636,2,0,0,0,0,0,0,0,0,network_stall
1779257939.6867607,g5.hpc.coe,43337,0.5001,0,0.0,2035.0,12288.0,19468587601,20057346679,21138335,21941353,1351419,0,0,0,0,0,0,0,0,0,0,0,0,757,79,3,2,0,0,0,0,0,0,0,0,0,network_stall
1779257940.1868885,g5.hpc.coe,43337,0.5001,0,0.0,2035.0,12288.0,19468588400,20057346758,21138338,21941355,1351419,0,0,0,0,0,0,0,0,0,0,0,0,799,79,3,2,0,0,0,0,0,0,0,0,0,network_stall
1779257940.6870215,g5.hpc.coe,43337,0.5001,0,0.0,2035.0,12288.0,19468589241,20057346837,21138341,21941357,1351419,0,0,0,0,0,0,0,0,0,0,0,0,841,79,3,2,0,0,0,0,0,0,0,0,0,network_stall
1779257941.1871748,g5.hpc.coe,43337,0.5002,0,0.0,2035.0,12288.0,19468590201,20057346971,21138346,21941360,1351419,0,0,0,0,0,0,0,0,0,0,0,0,960,134,5,3,0,0,0,0,0,0,0,0,0,network_stall
1779257941.6873095,g5.hpc.coe,43337,0.5001,0,0.0,2035.0,12288.0,19468591126,20057347050,21138349,21941362,1351419,0,0,0,0,0,0,0,0,0,0,0,0,925,79,3,2,0,0,0,0,0,0,0,0,0,network_stall
1779257942.18744,g5.hpc.coe,43337,0.5001,0,0.0,2035.0,12288.0,19468592093,20057347129,21138352,21941364,1351419,0,0,0,0,0,0,0,0,0,0,0,0,967,79,3,2,0,0,0,0,0,0,0,0,0,network_stall
1779257942.6875355,g5.hpc.coe,43337,0.5001,0,100.0,2035.0,12288.0,19490133179,20078867988,21160100,21963095,1351421,0,0,0,0,0,0,0,0,0,0,0,0,21541086,21520859,21748,21731,2,0,0,0,0,0,0,0,0,network_stall
1779257943.1876702,g5.hpc.coe,43337,0.5001,0,0.0,2035.0,12288.0,19503331150,20092057479,21173304,21976294,1351426,0,0,0,0,0,0,0,0,0,0,0,0,13197971,13189491,13204,13199,5,0,0,0,0,0,0,0,0,network_stall
1779257943.6878035,g5.hpc.coe,43337,0.5001,0,0.0,2035.0,12288.0,19503332275,20092057558,21173308,21976296,1351426,0,0,0,0,0,0,0,0,0,0,0,0,1125,79,4,2,0,0,0,0,0,0,0,0,0,network_stall
1779257944.187944,g5.hpc.coe,43337,0.5001,0,0.0,2035.0,12288.0,19503333442,20092057637,21173312,21976298,1351426,0,0,0,0,0,0,0,0,0,0,0,0,1167,79,4,2,0,0,0,0,0,0,0,0,0,network_stall
1779257944.6880772,g5.hpc.coe,43337,0.5001,0,0.0,2035.0,12288.0,19503333583,20092057694,21173314,21976299,1351426,0,0,0,0,0,0,0,0,0,0,0,0,141,57,2,1,0,0,0,0,0,0,0,0,0,network_stall
1779257945.1882365,g5.hpc.coe,43337,0.5002,0,0.0,2035.0,12288.0,19503333766,20092057751,21173316,21976300,1351426,0,0,0,0,0,0,0,0,0,0,0,0,183,57,2,1,0,0,0,0,0,0,0,0,0,network_stall
1779257945.6883702,g5.hpc.coe,43337,0.5001,0,0.0,2035.0,12288.0,19503333991,20092057808,21173318,21976301,1351426,0,0,0,0,0,0,0,0,0,0,0,0,225,57,2,1,0,0,0,0,0,0,0,0,0,network_stall
1779257946.188509,g5.hpc.coe,43337,0.5001,0,0.0,2035.0,12288.0,19503334335,20092057920,21173322,21976303,1351426,0,0,0,0,0,0,0,0,0,0,0,0,344,112,4,2,0,0,0,0,0,0,0,0,0,network_stall
1779257946.6886091,g5.hpc.coe,43337,0.5001,0,100.0,2035.0,12288.0,19524184670,20112891835,21194318,21997287,1351428,0,0,0,0,0,0,0,0,0,0,0,0,20850335,20833915,20996,20984,2,0,0,0,0,0,0,0,0,network_stall
1779257947.188714,g5.hpc.coe,43337,0.5001,0,0.0,2035.0,12288.0,19538072013,20126768240,21208275,22011233,1351430,0,0,0,0,0,0,0,0,0,0,0,0,13887343,13876405,13957,13946,2,0,0,0,0,0,0,0,0,network_stall
1779257947.6888428,g5.hpc.coe,43337,0.5001,0,0.0,2035.0,12288.0,19538072416,20126768297,21208277,22011234,1351430,0,0,0,0,0,0,0,0,0,0,0,0,403,57,2,1,0,0,0,0,0,0,0,0,0,network_stall
1779257948.1889749,g5.hpc.coe,43337,0.5001,0,0.0,2035.0,12288.0,19538072861,20126768354,21208279,22011235,1351430,0,0,0,0,0,0,0,0,0,0,0,0,445,57,2,1,0,0,0,0,0,0,0,0,0,network_stall
1779257948.6890967,g5.hpc.coe,43337,0.5001,0,0.0,2035.0,12288.0,19538073348,20126768411,21208281,22011236,1351430,0,0,0,0,0,0,0,0,0,0,0,0,487,57,2,1,0,0,0,0,0,0,0,0,0,network_stall
1779257949.1892388,g5.hpc.coe,43337,0.5001,0,0.0,2035.0,12288.0,19538074500,20126768915,21208298,22011245,1351430,0,0,0,0,0,0,0,0,0,0,0,0,1152,504,17,9,0,0,0,0,0,0,0,0,0,network_stall
1779257949.6893823,g5.hpc.coe,43337,0.5001,0,0.0,2035.0,12288.0,19538075093,20126768994,21208301,22011247,1351430,0,0,0,0,0,0,0,0,0,0,0,0,593,79,3,2,0,0,0,0,0,0,0,0,0,network_stall
1779257950.18952,g5.hpc.coe,43337,0.5001,0,0.0,2035.0,12288.0,19538075728,20126769073,21208304,22011249,1351430,0,0,0,0,0,0,0,0,0,0,0,0,635,79,3,2,0,0,0,0,0,0,0,0,0,network_stall
1779257950.6896405,g5.hpc.coe,43337,0.5001,0,0.0,2035.0,12288.0,19538076405,20126769152,21208307,22011251,1351430,0,0,0,0,0,0,0,0,0,0,0,0,677,79,3,2,0,0,0,0,0,0,0,0,0,network_stall
1779257951.189734,g5.hpc.coe,43337,0.5001,0,100.0,2035.0,12288.0,19566564521,20155231992,21237033,22039959,1352064,0,0,0,0,0,0,0,0,0,0,0,0,28488116,28462840,28726,28708,634,0,0,0,0,0,0,0,0,network_stall
1779257951.68986,g5.hpc.coe,43337,0.5001,0,0.0,2035.0,12288.0,19572814819,20161479460,21243250,22046175,1352064,0,0,0,0,0,0,0,0,0,0,0,0,6250298,6247468,6217,6216,0,0,0,0,0,0,0,0,0,network_stall
1779257952.1899996,g5.hpc.coe,43337,0.5001,0,0.0,2035.0,12288.0,19572815631,20161479539,21243253,22046177,1352064,0,0,0,0,0,0,0,0,0,0,0,0,812,79,3,2,0,0,0,0,0,0,0,0,0,network_stall
1779257952.6901407,g5.hpc.coe,43337,0.5001,0,0.0,2035.0,12288.0,19572816485,20161479618,21243256,22046179,1352064,0,0,0,0,0,0,0,0,0,0,0,0,854,79,3,2,0,0,0,0,0,0,0,0,0,network_stall
1779257953.1902702,g5.hpc.coe,43337,0.5001,0,0.0,2035.0,12288.0,19572817381,20161479697,21243259,22046181,1352064,0,0,0,0,0,0,0,0,0,0,0,0,896,79,3,2,0,0,0,0,0,0,0,0,0,network_stall
1779257953.690405,g5.hpc.coe,43337,0.5001,0,0.0,2035.0,12288.0,19572818319,20161479776,21243262,22046183,1352064,0,0,0,0,0,0,0,0,0,0,0,0,938,79,3,2,0,0,0,0,0,0,0,0,0,network_stall
1779257954.190534,g5.hpc.coe,43337,0.5001,0,0.0,2035.0,12288.0,19572819298,20161479855,21243265,22046185,1352064,0,0,0,0,0,0,0,0,0,0,0,0,979,79,3,2,0,0,0,0,0,0,0,0,0,network_stall
1779257954.6906815,g5.hpc.coe,43337,0.5001,0,0.0,2035.0,12288.0,19572820319,20161479934,21243268,22046187,1352064,0,0,0,0,0,0,0,0,0,0,0,0,1021,79,3,2,0,0,0,0,0,0,0,0,0,network_stall
1779257955.1907802,g5.hpc.coe,43337,0.5001,0,100.0,2035.0,12288.0,19594361474,20183000744,21265016,22067911,1352900,0,0,0,0,0,0,0,0,0,0,0,0,21541155,21520810,21748,21724,836,0,0,0,0,0,0,0,0,network_stall
1779257955.6909142,g5.hpc.coe,43337,0.5001,0,0.0,2035.0,12288.0,19607559515,20196190221,21278220,22081108,1352904,0,0,0,0,0,0,0,0,0,0,0,0,13198041,13189477,13204,13197,4,0,0,0,0,0,0,0,0,network_stall
1779257956.1910567,g5.hpc.coe,43337,0.5001,0,0.0,2035.0,12288.0,19607560695,20196190300,21278224,22081110,1352904,0,0,0,0,0,0,0,0,0,0,0,0,1180,79,4,2,0,0,0,0,0,0,0,0,0,network_stall
1779257956.6911879,g5.hpc.coe,43337,0.5001,0,0.0,2035.0,12288.0,19607560926,20196190412,21278228,22081112,1352904,0,0,0,0,0,0,0,0,0,0,0,0,231,112,4,2,0,0,0,0,0,0,0,0,0,network_stall
1779257957.191338,g5.hpc.coe,43337,0.5002,0,0.0,2035.0,12288.0,19607561122,20196190469,21278230,22081113,1352904,0,0,0,0,0,0,0,0,0,0,0,0,196,57,2,1,0,0,0,0,0,0,0,0,0,network_stall
1779257957.6914701,g5.hpc.coe,43337,0.5001,0,0.0,2035.0,12288.0,19607561360,20196190526,21278232,22081114,1352904,0,0,0,0,0,0,0,0,0,0,0,0,238,57,2,1,0,0,0,0,0,0,0,0,0,network_stall
1779257958.1916018,g5.hpc.coe,43337,0.5001,0,0.0,2035.0,12288.0,19607561640,20196190583,21278234,22081115,1352904,0,0,0,0,0,0,0,0,0,0,0,0,280,57,2,1,0,0,0,0,0,0,0,0,0,network_stall
1779257958.6917317,g5.hpc.coe,43337,0.5001,0,0.0,2035.0,12288.0,19607561962,20196190640,21278236,22081116,1352904,0,0,0,0,0,0,0,0,0,0,0,0,322,57,2,1,0,0,0,0,0,0,0,0,0,network_stall
1779257959.1918287,g5.hpc.coe,43337,0.5001,0,100.0,2035.0,12288.0,19629102382,20217711540,21299980,22102855,1353345,0,0,0,0,0,0,0,0,0,0,0,0,21540420,21520900,21744,21739,441,0,0,0,0,0,0,0,0,network_stall
1779257959.6919577,g5.hpc.coe,43337,0.5001,0,0.0,2035.0,12288.0,19642299723,20230901051,21313185,22116059,1353349,0,0,0,0,0,0,0,0,0,0,0,0,13197341,13189511,13205,13204,4,0,0,0,0,0,0,0,0,network_stall
1779257960.1920788,g5.hpc.coe,43337,0.5001,0,0.0,2035.0,12288.0,19642300182,20230901108,21313187,22116060,1353349,0,0,0,0,0,0,0,0,0,0,0,0,459,57,2,1,0,0,0,0,0,0,0,0,0,network_stall
1779257960.6922202,g5.hpc.coe,43337,0.5001,0,0.0,2035.0,12288.0,19642300683,20230901165,21313189,22116061,1353349,0,0,0,0,0,0,0,0,0,0,0,0,501,57,2,1,0,0,0,0,0,0,0,0,0,network_stall
1779257961.1923633,g5.hpc.coe,43337,0.5001,0,0.0,2035.0,12288.0,19642301248,20230901244,21313192,22116063,1353349,0,0,0,0,0,0,0,0,0,0,0,0,565,79,3,2,0,0,0,0,0,0,0,0,0,network_stall
1779257961.6924915,g5.hpc.coe,43337,0.5001,0,0.0,2035.0,12288.0,19642301932,20230901378,21313197,22116066,1353349,0,0,0,0,0,0,0,0,0,0,0,0,684,134,5,3,0,0,0,0,0,0,0,0,0,network_stall
1779257962.1926203,g5.hpc.coe,43337,0.5001,0,0.0,2035.0,12288.0,19642302581,20230901457,21313200,22116068,1353349,0,0,0,0,0,0,0,0,0,0,0,0,649,79,3,2,0,0,0,0,0,0,0,0,0,network_stall
1779257962.692739,g5.hpc.coe,43337,0.5001,0,0.0,2035.0,12288.0,19642303272,20230901536,21313203,22116070,1353349,0,0,0,0,0,0,0,0,0,0,0,0,691,79,3,2,0,0,0,0,0,0,0,0,0,network_stall
1779257963.192836,g5.hpc.coe,43337,0.5001,0,100.0,2035.0,12288.0,19659678358,20249554477,21331320,22134977,1353511,0,0,0,0,0,0,0,0,0,0,0,0,17375086,18652941,18117,18907,162,0,0,0,0,0,0,0,0,network_stall
1779257963.6929634,g5.hpc.coe,43337,0.5001,0,0.0,2035.0,12288.0,19677041770,20265611879,21348154,22150999,1353514,0,0,0,0,0,0,0,0,0,0,0,0,17363412,16057402,16834,16022,3,0,0,0,0,0,0,0,0,network_stall
1779257964.1930978,g5.hpc.coe,43337,0.5001,0,0.0,2035.0,12288.0,19677043220,20265612405,21348172,22151009,1353514,0,0,0,0,0,0,0,0,0,0,0,0,1450,526,18,10,0,0,0,0,0,0,0,0,0,network_stall
1779257964.6932285,g5.hpc.coe,43337,0.5001,0,0.0,2035.0,12288.0,19677044090,20265612484,21348175,22151011,1353514,0,0,0,0,0,0,0,0,0,0,0,0,870,79,3,2,0,0,0,0,0,0,0,0,0,network_stall
1779257965.1933763,g5.hpc.coe,43337,0.5001,0,0.0,2035.0,12288.0,19677045002,20265612563,21348178,22151013,1353514,0,0,0,0,0,0,0,0,0,0,0,0,912,79,3,2,0,0,0,0,0,0,0,0,0,network_stall
1779257965.6935198,g5.hpc.coe,43337,0.5001,0,0.0,2035.0,12288.0,19677045956,20265612642,21348181,22151015,1353514,0,0,0,0,0,0,0,0,0,0,0,0,954,79,3,2,0,0,0,0,0,0,0,0,0,network_stall
1779257966.1936543,g5.hpc.coe,43337,0.5001,0,0.0,2035.0,12288.0,19677046952,20265612721,21348184,22151017,1353514,0,0,0,0,0,0,0,0,0,0,0,0,996,79,3,2,0,0,0,0,0,0,0,0,0,network_stall
1779257966.6937976,g5.hpc.coe,43337,0.5001,0,0.0,2035.0,12288.0,19677048067,20265612855,21348189,22151020,1353514,0,0,0,0,0,0,0,0,0,0,0,0,1115,134,5,3,0,0,0,0,0,0,0,0,0,network_stall
1779257967.1938946,g5.hpc.coe,43337,0.5001,0,100.0,2035.0,12288.0,19691641849,20280191614,21362949,22165757,1353779,0,0,0,0,0,0,0,0,0,0,0,0,14593782,14578759,14760,14737,265,0,0,0,0,0,0,0,0,network_stall
1779257967.6940203,g5.hpc.coe,43337,0.5001,0,0.0,2035.0,12288.0,19711787276,20300323135,21383138,22185940,1353783,0,0,0,0,0,0,0,0,0,0,0,0,20145427,20131521,20189,20183,4,0,0,0,0,0,0,0,0,network_stall
1779257968.194164,g5.hpc.coe,43337,0.5001,0,0.0,2035.0,12288.0,19711787405,20300323192,21383140,22185941,1353783,0,0,0,0,0,0,0,0,0,0,0,0,129,57,2,1,0,0,0,0,0,0,0,0,0,network_stall
1779257968.694276,g5.hpc.coe,43337,0.5001,0,0.0,2035.0,12288.0,19711787576,20300323249,21383142,22185942,1353783,0,0,0,0,0,0,0,0,0,0,0,0,171,57,2,1,0,0,0,0,0,0,0,0,0,network_stall
1779257969.1944072,g5.hpc.coe,43337,0.5001,0,0.0,2035.0,12288.0,19711787788,20300323306,21383144,22185943,1353783,0,0,0,0,0,0,0,0,0,0,0,0,212,57,2,1,0,0,0,0,0,0,0,0,0,network_stall
1779257969.6945364,g5.hpc.coe,43337,0.5001,0,0.0,2035.0,12288.0,19711788042,20300323363,21383146,22185944,1353783,0,0,0,0,0,0,0,0,0,0,0,0,254,57,2,1,0,0,0,0,0,0,0,0,0,network_stall
1779257970.194669,g5.hpc.coe,43337,0.5001,0,0.0,2035.0,12288.0,19711788338,20300323420,21383148,22185945,1353783,0,0,0,0,0,0,0,0,0,0,0,0,296,57,2,1,0,0,0,0,0,0,0,0,0,network_stall
1779257970.6948004,g5.hpc.coe,43337,0.5001,0,0.0,2035.0,12288.0,19711788676,20300323477,21383150,22185946,1353783,0,0,0,0,0,0,0,0,0,0,0,0,338,57,2,1,0,0,0,0,0,0,0,0,0,network_stall
1779257971.1949005,g5.hpc.coe,43337,0.5001,0,91.0,2035.0,12288.0,19725691685,20314215313,21397157,22199939,1354096,0,0,0,0,0,0,0,0,0,0,0,0,13903009,13891836,14007,13993,313,0,0,0,0,0,0,0,0,network_stall
1779257971.6950052,g5.hpc.coe,43337,0.5001,0,0.0,2035.0,12288.0,19746526475,20335033810,21418093,22220871,1354104,0,0,0,0,0,0,0,0,0,0,0,0,20834790,20818497,20936,20932,8,0,0,0,0,0,0,0,0,network_stall
1779257972.1951265,g5.hpc.coe,43337,0.5001,0,0.0,2035.0,12288.0,19746526971,20335033867,21418096,22220872,1354104,0,0,0,0,0,0,0,0,0,0,0,0,496,57,3,1,0,0,0,0,0,0,0,0,0,network_stall
1779257972.6952622,g5.hpc.coe,43337,0.5001,0,0.0,2035.0,12288.0,19746527487,20335033924,21418098,22220873,1354104,0,0,0,0,0,0,0,0,0,0,0,0,516,57,2,1,0,0,0,0,0,0,0,0,0,network_stall
1779257973.195407,g5.hpc.coe,43337,0.5001,0,0.0,2035.0,12288.0,19746528067,20335034003,21418101,22220875,1354104,0,0,0,0,0,0,0,0,0,0,0,0,580,79,3,2,0,0,0,0,0,0,0,0,0,network_stall
1779257973.6955364,g5.hpc.coe,43337,0.5001,0,0.0,2035.0,12288.0,19746528689,20335034082,21418104,22220877,1354104,0,0,0,0,0,0,0,0,0,0,0,0,622,79,3,2,0,0,0,0,0,0,0,0,0,network_stall
1779257974.195666,g5.hpc.coe,43337,0.5001,0,0.0,2035.0,12288.0,19746529353,20335034161,21418107,22220879,1354104,0,0,0,0,0,0,0,0,0,0,0,0,664,79,3,2,0,0,0,0,0,0,0,0,0,network_stall
1779257974.6958065,g5.hpc.coe,43337,0.5001,0,0.0,2035.0,12288.0,19746530059,20335034240,21418110,22220881,1354104,0,0,0,0,0,0,0,0,0,0,0,0,706,79,3,2,0,0,0,0,0,0,0,0,0,network_stall
1779257975.1959038,g5.hpc.coe,43337,0.5001,0,71.0,2035.0,12288.0,19754176118,20342671025,21425884,22228642,1356019,0,0,0,0,0,0,0,0,0,0,0,0,7646059,7636785,7774,7761,1915,0,0,0,0,0,0,0,0,network_stall
1779257975.6960402,g5.hpc.coe,43337,0.5001,0,11.0,2035.0,12288.0,19781268643,20369744590,21453069,22255811,1356024,0,0,0,0,0,0,0,0,0,0,0,0,27092525,27073565,27185,27169,5,0,0,0,0,0,0,0,0,network_stall
1779257976.1961806,g5.hpc.coe,43337,0.5001,0,0.0,2035.0,12288.0,19781269485,20369744669,21453072,22255813,1356024,0,0,0,0,0,0,0,0,0,0,0,0,842,79,3,2,0,0,0,0,0,0,0,0,0,network_stall
1779257976.696292,g5.hpc.coe,43337,0.5001,0,0.0,2035.0,12288.0,19781270369,20369744748,21453075,22255815,1356024,0,0,0,0,0,0,0,0,0,0,0,0,884,79,3,2,0,0,0,0,0,0,0,0,0,network_stall
1779257977.1964242,g5.hpc.coe,43337,0.5001,0,0.0,2035.0,12288.0,19781271371,20369744882,21453080,22255818,1356024,0,0,0,0,0,0,0,0,0,0,0,0,1002,134,5,3,0,0,0,0,0,0,0,0,0,network_stall
1779257977.6965647,g5.hpc.coe,43337,0.5001,0,0.0,2035.0,12288.0,19781272339,20369744961,21453083,22255820,1356024,0,0,0,0,0,0,0,0,0,0,0,0,968,79,3,2,0,0,0,0,0,0,0,0,0,network_stall
1779257978.1967087,g5.hpc.coe,43337,0.5001,0,0.0,2035.0,12288.0,19781273349,20369745040,21453086,22255822,1356024,0,0,0,0,0,0,0,0,0,0,0,0,1010,79,3,2,0,0,0,0,0,0,0,0,0,network_stall
1779257978.696829,g5.hpc.coe,43337,0.5001,0,0.0,2035.0,12288.0,19781274401,20369745119,21453089,22255824,1356024,0,0,0,0,0,0,0,0,0,0,0,0,1052,79,3,2,0,0,0,0,0,0,0,0,0,network_stall
1779257979.19693,g5.hpc.coe,43337,0.5001,0,52.0,2035.0,12288.0,19788231372,20376695436,21460124,22262848,1356434,0,0,0,0,0,0,0,0,0,0,0,0,6956971,6950317,7035,7024,410,0,0,0,0,0,0,0,0,network_stall
1779257979.6970353,g5.hpc.coe,43337,0.5001,0,25.0,2035.0,12288.0,19816014357,20404455923,21488067,22290763,1356441,0,0,0,0,0,0,0,0,0,0,0,0,27782985,27760487,27943,27915,7,0,0,0,0,0,0,0,0,network_stall
1779257980.1971493,g5.hpc.coe,43337,0.5001,0,0.0,2035.0,12288.0,19816014498,20404455980,21488069,22290764,1356441,0,0,0,0,0,0,0,0,0,0,0,0,141,57,2,1,0,0,0,0,0,0,0,0,0,network_stall
1779257980.6972942,g5.hpc.coe,43337,0.5001,0,0.0,2035.0,12288.0,19816014681,20404456037,21488071,22290765,1356441,0,0,0,0,0,0,0,0,0,0,0,0,183,57,2,1,0,0,0,0,0,0,0,0,0,network_stall
1779257981.1974099,g5.hpc.coe,43337,0.5001,0,0.0,2035.0,12288.0,19816014906,20404456094,21488073,22290766,1356441,0,0,0,0,0,0,0,0,0,0,0,0,225,57,2,1,0,0,0,0,0,0,0,0,0,network_stall
1779257981.6975527,g5.hpc.coe,43337,0.5001,0,0.0,2035.0,12288.0,19816015173,20404456151,21488075,22290767,1356441,0,0,0,0,0,0,0,0,0,0,0,0,267,57,2,1,0,0,0,0,0,0,0,0,0,network_stall
1779257982.1976733,g5.hpc.coe,43337,0.5001,0,0.0,2035.0,12288.0,19816015559,20404456263,21488079,22290769,1356441,0,0,0,0,0,0,0,0,0,0,0,0,386,112,4,2,0,0,0,0,0,0,0,0,0,network_stall
1779257982.6978037,g5.hpc.coe,43337,0.5001,0,0.0,2035.0,12288.0,19816016167,20404456575,21488086,22290775,1356441,0,0,0,0,0,0,0,0,0,0,0,0,608,312,7,6,0,0,0,0,0,0,0,0,0,network_stall
1779257983.1979005,g5.hpc.coe,43337,0.5001,0,37.0,2035.0,12288.0,19816714511,20406206053,21488873,22292574,1356441,0,0,0,0,0,0,0,0,0,0,0,0,698344,1749478,787,1799,0,0,0,0,0,0,0,0,0,network_stall
1779257983.6980107,g5.hpc.coe,43337,0.5001,0,100.0,2035.0,12288.0,19850753993,20439166916,21523034,22325708,1356621,0,0,0,0,0,0,0,0,0,0,0,0,34039482,32960863,34161,33134,180,0,0,0,0,0,0,0,0,network_stall
1779257984.1981623,g5.hpc.coe,43337,0.5002,0,0.0,2035.0,12288.0,19850754480,20439166973,21523036,22325709,1356621,0,0,0,0,0,0,0,0,0,0,0,0,487,57,2,1,0,0,0,0,0,0,0,0,0,network_stall
1779257984.6982963,g5.hpc.coe,43337,0.5001,0,0.0,2035.0,12288.0,19850755009,20439167030,21523038,22325710,1356621,0,0,0,0,0,0,0,0,0,0,0,0,529,57,2,1,0,0,0,0,0,0,0,0,0,network_stall
1779257985.1984067,g5.hpc.coe,43337,0.5001,0,0.0,2035.0,12288.0,19850755602,20439167109,21523041,22325712,1356621,0,0,0,0,0,0,0,0,0,0,0,0,593,79,3,2,0,0,0,0,0,0,0,0,0,network_stall
1779257985.698549,g5.hpc.coe,43337,0.5001,0,0.0,2035.0,12288.0,19850756237,20439167188,21523044,22325714,1356621,0,0,0,0,0,0,0,0,0,0,0,0,635,79,3,2,0,0,0,0,0,0,0,0,0,network_stall
1779257986.1986828,g5.hpc.coe,43337,0.5001,0,0.0,2035.0,12288.0,19850756914,20439167267,21523047,22325716,1356621,0,0,0,0,0,0,0,0,0,0,0,0,677,79,3,2,0,0,0,0,0,0,0,0,0,network_stall
1779257986.6988144,g5.hpc.coe,43337,0.5001,0,0.0,2035.0,12288.0,19850757633,20439167346,21523050,22325718,1356621,0,0,0,0,0,0,0,0,0,0,0,0,719,79,3,2,0,0,0,0,0,0,0,0,0,network_stall
1779257987.1989214,g5.hpc.coe,43337,0.5001,0,0.0,2035.0,12288.0,19850766369,20439345184,21523091,22325914,1356621,0,0,0,0,0,0,0,0,0,0,0,0,8736,177838,41,196,0,0,0,0,0,0,0,0,0,network_stall
1779257987.6990387,g5.hpc.coe,43337,0.5001,0,100.0,2035.0,12288.0,19885496240,20473877737,21558000,22360647,1358430,0,0,0,0,0,0,0,0,0,0,0,0,34729871,34532553,34909,34733,1809,0,0,0,0,0,0,0,0,network_stall
1779257988.1991675,g5.hpc.coe,43337,0.5001,0,0.0,2035.0,12288.0,19885497093,20473877816,21558003,22360649,1358430,0,0,0,0,0,0,0,0,0,0,0,0,853,79,3,2,0,0,0,0,0,0,0,0,0,network_stall
1779257988.6993086,g5.hpc.coe,43337,0.5001,0,0.0,2035.0,12288.0,19885497988,20473877895,21558006,22360651,1358430,0,0,0,0,0,0,0,0,0,0,0,0,895,79,3,2,0,0,0,0,0,0,0,0,0,network_stall
1779257989.199421,g5.hpc.coe,43337,0.5001,0,0.0,2035.0,12288.0,19885498925,20473877974,21558009,22360653,1358430,0,0,0,0,0,0,0,0,0,0,0,0,937,79,3,2,0,0,0,0,0,0,0,0,0,network_stall
1779257989.6995368,g5.hpc.coe,43337,0.5001,0,0.0,2035.0,12288.0,19885499903,20473878053,21558012,22360655,1358430,0,0,0,0,0,0,0,0,0,0,0,0,978,79,3,2,0,0,0,0,0,0,0,0,0,network_stall
1779257990.1996682,g5.hpc.coe,43337,0.5001,0,0.0,2035.0,12288.0,19885500923,20473878132,21558015,22360657,1358430,0,0,0,0,0,0,0,0,0,0,0,0,1020,79,3,2,0,0,0,0,0,0,0,0,0,network_stall
1779257990.6997998,g5.hpc.coe,43337,0.5001,0,0.0,2035.0,12288.0,19885502008,20473878211,21558019,22360659,1358430,0,0,0,0,0,0,0,0,0,0,0,0,1085,79,4,2,0,0,0,0,0,0,0,0,0,network_stall
1779257991.1999435,g5.hpc.coe,43337,0.5001,0,0.0,2035.0,12288.0,19885503135,20473878290,21558023,22360661,1358430,0,0,0,0,0,0,0,0,0,0,0,0,1127,79,4,2,0,0,0,0,0,0,0,0,0,network_stall
1779257991.700043,g5.hpc.coe,43337,0.5001,0,100.0,2035.0,12288.0,19920241254,20508588610,21592967,22395596,1358434,0,0,0,0,0,0,0,0,0,0,0,0,34738119,34710320,34944,34935,4,0,0,0,0,0,0,0,0,network_stall
1779257992.200181,g5.hpc.coe,43337,0.5001,0,0.0,2035.0,12288.0,19920241479,20508588722,21592971,22395598,1358434,0,0,0,0,0,0,0,0,0,0,0,0,225,112,4,2,0,0,0,0,0,0,0,0,0,network_stall
1779257992.7003171,g5.hpc.coe,43337,0.5001,0,0.0,2035.0,12288.0,19920241669,20508588779,21592973,22395599,1358434,0,0,0,0,0,0,0,0,0,0,0,0,190,57,2,1,0,0,0,0,0,0,0,0,0,network_stall
1779257993.2004328,g5.hpc.coe,43337,0.5001,0,0.0,2035.0,12288.0,19920241901,20508588836,21592975,22395600,1358434,0,0,0,0,0,0,0,0,0,0,0,0,232,57,2,1,0,0,0,0,0,0,0,0,0,network_stall
1779257993.700545,g5.hpc.coe,43337,0.5001,0,0.0,2035.0,12288.0,19920242175,20508588893,21592977,22395601,1358434,0,0,0,0,0,0,0,0,0,0,0,0,274,57,2,1,0,0,0,0,0,0,0,0,0,network_stall
1779257994.2006814,g5.hpc.coe,43337,0.5001,0,0.0,2035.0,12288.0,19920243114,20508589397,21592994,22395610,1358434,0,0,0,0,0,0,0,0,0,0,0,0,939,504,17,9,0,0,0,0,0,0,0,0,0,network_stall
1779257994.7008648,g5.hpc.coe,43337,0.5002,0,0.0,2035.0,12288.0,19920243472,20508589454,21592996,22395611,1358434,0,0,0,0,0,0,0,0,0,0,0,0,358,57,2,1,0,0,0,0,0,0,0,0,0,network_stall
1779257995.201001,g5.hpc.coe,43337,0.5001,0,0.0,2035.0,12288.0,19920243872,20508589511,21592998,22395612,1358434,0,0,0,0,0,0,0,0,0,0,0,0,400,57,2,1,0,0,0,0,0,0,0,0,0,network_stall
1779257995.7010913,g5.hpc.coe,43337,0.5001,0,100.0,2035.0,12288.0,19948731704,20537052357,21621722,22424323,1358984,0,0,0,0,0,0,0,0,0,0,0,0,28487832,28462846,28724,28711,550,0,0,0,0,0,0,0,0,network_stall
1779257996.2012358,g5.hpc.coe,43337,0.5001,0,0.0,2035.0,12288.0,19954981719,20543299796,21627937,22430537,1359551,0,0,0,0,0,0,0,0,0,0,0,0,6250015,6247439,6215,6214,567,0,0,0,0,0,0,0,0,network_stall
1779257996.7013714,g5.hpc.coe,43337,0.5001,0,0.0,2035.0,12288.0,19954982255,20543299853,21627939,22430538,1359551,0,0,0,0,0,0,0,0,0,0,0,0,536,57,2,1,0,0,0,0,0,0,0,0,0,network_stall
1779257997.2015054,g5.hpc.coe,43337,0.5001,0,0.0,2035.0,12288.0,19954982855,20543299932,21627942,22430540,1359551,0,0,0,0,0,0,0,0,0,0,0,0,600,79,3,2,0,0,0,0,0,0,0,0,0,network_stall
1779257997.701634,g5.hpc.coe,43337,0.5001,0,0.0,2035.0,12288.0,19954983574,20543300066,21627947,22430543,1359551,0,0,0,0,0,0,0,0,0,0,0,0,719,134,5,3,0,0,0,0,0,0,0,0,0,network_stall
1779257998.2017696,g5.hpc.coe,43337,0.5001,0,0.0,2035.0,12288.0,19954984258,20543300145,21627950,22430545,1359551,0,0,0,0,0,0,0,0,0,0,0,0,684,79,3,2,0,0,0,0,0,0,0,0,0,network_stall
1779257998.701906,g5.hpc.coe,43337,0.5001,0,0.0,2035.0,12288.0,19954984984,20543300224,21627953,22430547,1359551,0,0,0,0,0,0,0,0,0,0,0,0,726,79,3,2,0,0,0,0,0,0,0,0,0,network_stall
1779257999.2020454,g5.hpc.coe,43337,0.5001,0,0.0,2035.0,12288.0,19954985752,20543300303,21627956,22430549,1359551,0,0,0,0,0,0,0,0,0,0,0,0,768,79,3,2,0,0,0,0,0,0,0,0,0,network_stall
1779257999.7021413,g5.hpc.coe,43337,0.5001,0,100.0,2035.0,12288.0,19982870535,20571246311,21656262,22459097,1359559,0,0,0,0,0,0,0,0,0,0,0,0,27884783,27946008,28306,28548,8,0,0,0,0,0,0,0,0,network_stall
1779258000.2022603,g5.hpc.coe,43337,0.5001,0,0.0,2035.0,12288.0,19989724369,20578010625,21662902,22465475,1359559,0,0,0,0,0,0,0,0,0,0,0,0,6853834,6764314,6640,6378,0,0,0,0,0,0,0,0,0,network_stall
1779258000.7023954,g5.hpc.coe,43337,0.5001,0,0.0,2035.0,12288.0,19989725272,20578010704,21662905,22465477,1359559,0,0,0,0,0,0,0,0,0,0,0,0,903,79,3,2,0,0,0,0,0,0,0,0,0,network_stall
1779258001.202511,g5.hpc.coe,43337,0.5001,0,0.0,2035.0,12288.0,19989726217,20578010783,21662908,22465479,1359559,0,0,0,0,0,0,0,0,0,0,0,0,945,79,3,2,0,0,0,0,0,0,0,0,0,network_stall
1779258001.702644,g5.hpc.coe,43337,0.5001,0,0.0,2035.0,12288.0,19989727204,20578010862,21662911,22465481,1359559,0,0,0,0,0,0,0,0,0,0,0,0,987,79,3,2,0,0,0,0,0,0,0,0,0,network_stall
1779258002.2027824,g5.hpc.coe,43337,0.5001,0,0.0,2035.0,12288.0,19989728232,20578010941,21662914,22465483,1359559,0,0,0,0,0,0,0,0,0,0,0,0,1028,79,3,2,0,0,0,0,0,0,0,0,0,network_stall
1779258002.702921,g5.hpc.coe,43337,0.5001,0,0.0,2035.0,12288.0,19989729402,20578011075,21662920,22465486,1359559,0,0,0,0,0,0,0,0,0,0,0,0,1170,134,6,3,0,0,0,0,0,0,0,0,0,network_stall
1779258003.2030425,g5.hpc.coe,43337,0.5001,0,0.0,2035.0,12288.0,19989730537,20578011154,21662924,22465488,1359559,0,0,0,0,0,0,0,0,0,0,0,0,1135,79,4,2,0,0,0,0,0,0,0,0,0,network_stall
1779258003.7031384,g5.hpc.coe,43337,0.5001,0,100.0,2035.0,12288.0,20011271770,20599531978,21684670,22487214,1359563,0,0,0,0,0,0,0,0,0,0,0,0,21541233,21520824,21746,21726,4,0,0,0,0,0,0,0,0,network_stall
1779258004.2032645,g5.hpc.coe,43337,0.5001,0,0.0,2035.0,12288.0,20024468827,20612721475,21697871,22500416,1359566,0,0,0,0,0,0,0,0,0,0,0,0,13197057,13189497,13201,13202,3,0,0,0,0,0,0,0,0,network_stall
1779258004.7033992,g5.hpc.coe,43337,0.5001,0,0.0,2035.0,12288.0,20024469030,20612721532,21697873,22500417,1359566,0,0,0,0,0,0,0,0,0,0,0,0,203,57,2,1,0,0,0,0,0,0,0,0,0,network_stall
1779258005.203516,g5.hpc.coe,43337,0.5001,0,0.0,2035.0,12288.0,20024469275,20612721589,21697875,22500418,1359566,0,0,0,0,0,0,0,0,0,0,0,0,245,57,2,1,0,0,0,0,0,0,0,0,0,network_stall
1779258005.7036574,g5.hpc.coe,43337,0.5001,0,0.0,2035.0,12288.0,20024469562,20612721646,21697877,22500419,1359566,0,0,0,0,0,0,0,0,0,0,0,0,287,57,2,1,0,0,0,0,0,0,0,0,0,network_stall
1779258006.2037897,g5.hpc.coe,43337,0.5001,0,0.0,2035.0,12288.0,20024469891,20612721703,21697879,22500420,1359566,0,0,0,0,0,0,0,0,0,0,0,0,329,57,2,1,0,0,0,0,0,0,0,0,0,network_stall
1779258006.703929,g5.hpc.coe,43337,0.5001,0,0.0,2035.0,12288.0,20024470262,20612721760,21697881,22500421,1359566,0,0,0,0,0,0,0,0,0,0,0,0,371,57,2,1,0,0,0,0,0,0,0,0,0,network_stall
1779258007.2040384,g5.hpc.coe,43337,0.5001,0,0.0,2035.0,12288.0,20024470675,20612721817,21697883,22500422,1359566,0,0,0,0,0,0,0,0,0,0,0,0,413,57,2,1,0,0,0,0,0,0,0,0,0,network_stall
1779258007.7041318,g5.hpc.coe,43337,0.5001,0,100.0,2035.0,12288.0,20046011235,20634242716,21719625,22522154,1359573,0,0,0,0,0,0,0,0,0,0,0,0,21540560,21520899,21742,21732,7,0,0,0,0,0,0,0,0,network_stall
1779258008.2042327,g5.hpc.coe,43337,0.5001,0,0.0,2035.0,12288.0,20059208673,20647432220,21732831,22535357,1359577,0,0,0,0,0,0,0,0,0,0,0,0,13197438,13189504,13206,13203,4,0,0,0,0,0,0,0,0,network_stall
1779258008.7043688,g5.hpc.coe,43337,0.5001,0,0.0,2035.0,12288.0,20059209244,20647432299,21732834,22535359,1359577,0,0,0,0,0,0,0,0,0,0,0,0,571,79,3,2,0,0,0,0,0,0,0,0,0,network_stall
1779258009.2044997,g5.hpc.coe,43337,0.5001,0,0.0,2035.0,12288.0,20059210480,20647432825,21732852,22535369,1359577,0,0,0,0,0,0,0,0,0,0,0,0,1236,526,18,10,0,0,0,0,0,0,0,0,0,network_stall
1779258009.7046416,g5.hpc.coe,43337,0.5001,0,0.0,2035.0,12288.0,20059211136,20647432904,21732855,22535371,1359577,0,0,0,0,0,0,0,0,0,0,0,0,656,79,3,2,0,0,0,0,0,0,0,0,0,network_stall
1779258010.204772,g5.hpc.coe,43337,0.5001,0,0.0,2035.0,12288.0,20059211834,20647432983,21732858,22535373,1359577,0,0,0,0,0,0,0,0,0,0,0,0,698,79,3,2,0,0,0,0,0,0,0,0,0,network_stall
1779258010.7049038,g5.hpc.coe,43337,0.5001,0,0.0,2035.0,12288.0,20059212573,20647433062,21732861,22535375,1359577,0,0,0,0,0,0,0,0,0,0,0,0,739,79,3,2,0,0,0,0,0,0,0,0,0,network_stall
1779258011.205022,g5.hpc.coe,43337,0.5001,0,0.0,2035.0,12288.0,20059213354,20647433141,21732864,22535377,1359577,0,0,0,0,0,0,0,0,0,0,0,0,781,79,3,2,0,0,0,0,0,0,0,0,0,network_stall
1779258011.7051165,g5.hpc.coe,43337,0.5001,0,100.0,2035.0,12288.0,20078989550,20667566508,21753192,22556126,1359582,0,0,0,0,0,0,0,0,0,0,0,0,19776196,20133367,20328,20749,5,0,0,0,0,0,0,0,0,network_stall
1779258012.2052624,g5.hpc.coe,43337,0.5001,0,0.0,2035.0,12288.0,20093952018,20682143519,21767813,22570311,1359588,0,0,0,0,0,0,0,0,0,0,0,0,14962468,14577011,14621,14185,6,0,0,0,0,0,0,0,0,network_stall
1779258012.7054148,g5.hpc.coe,43337,0.5002,0,0.0,2035.0,12288.0,20093953012,20682143653,21767818,22570314,1359588,0,0,0,0,0,0,0,0,0,0,0,0,994,134,5,3,0,0,0,0,0,0,0,0,0,network_stall
1779258013.2055316,g5.hpc.coe,43337,0.5001,0,0.0,2035.0,12288.0,20093953971,20682143732,21767821,22570316,1359588,0,0,0,0,0,0,0,0,0,0,0,0,959,79,3,2,0,0,0,0,0,0,0,0,0,network_stall
1779258013.7056754,g5.hpc.coe,43337,0.5001,0,0.0,2035.0,12288.0,20093954972,20682143811,21767824,22570318,1359588,0,0,0,0,0,0,0,0,0,0,0,0,1001,79,3,2,0,0,0,0,0,0,0,0,0,network_stall
1779258014.205802,g5.hpc.coe,43337,0.5001,0,0.0,2035.0,12288.0,20093956016,20682143890,21767827,22570320,1359588,0,0,0,0,0,0,0,0,0,0,0,0,1044,79,3,2,0,0,0,0,0,0,0,0,0,network_stall
1779258014.7059462,g5.hpc.coe,43337,0.5001,0,0.0,2035.0,12288.0,20093957124,20682143969,21767831,22570322,1359588,0,0,0,0,0,0,0,0,0,0,0,0,1108,79,4,2,0,0,0,0,0,0,0,0,0,network_stall
1779258015.2060635,g5.hpc.coe,43337,0.5001,0,0.0,2035.0,12288.0,20093958274,20682144048,21767835,22570324,1359588,0,0,0,0,0,0,0,0,0,0,0,0,1150,79,4,2,0,0,0,0,0,0,0,0,0,network_stall
1779258015.7061605,g5.hpc.coe,43337,0.5001,0,91.0,2035.0,12288.0,20108551001,20696722827,21782582,22585066,1359734,0,0,0,0,0,0,0,0,0,0,0,0,14592727,14578779,14747,14742,146,0,0,0,0,0,0,0,0,network_stall
1779258016.2062817,g5.hpc.coe,43337,0.5001,0,0.0,2035.0,12288.0,20128695478,20716854340,21802773,22605250,1359738,0,0,0,0,0,0,0,0,0,0,0,0,20144477,20131513,20191,20184,4,0,0,0,0,0,0,0,0,network_stall
1779258016.7064202,g5.hpc.coe,43337,0.5001,0,0.0,2035.0,12288.0,20128695696,20716854397,21802775,22605251,1359738,0,0,0,0,0,0,0,0,0,0,0,0,218,57,2,1,0,0,0,0,0,0,0,0,0,network_stall
1779258017.2065597,g5.hpc.coe,43337,0.5001,0,0.0,2035.0,12288.0,20128695956,20716854454,21802777,22605252,1359738,0,0,0,0,0,0,0,0,0,0,0,0,260,57,2,1,0,0,0,0,0,0,0,0,0,network_stall
1779258017.7067065,g5.hpc.coe,43337,0.5001,0,0.0,2035.0,12288.0,20128696258,20716854511,21802779,22605253,1359738,0,0,0,0,0,0,0,0,0,0,0,0,302,57,2,1,0,0,0,0,0,0,0,0,0,network_stall
1779258018.206879,g5.hpc.coe,43337,0.5002,0,0.0,2035.0,12288.0,20128696679,20716854623,21802783,22605255,1359738,0,0,0,0,0,0,0,0,0,0,0,0,421,112,4,2,0,0,0,0,0,0,0,0,0,network_stall
1779258018.7070158,g5.hpc.coe,43337,0.5001,0,0.0,2035.0,12288.0,20128697065,20716854680,21802785,22605256,1359738,0,0,0,0,0,0,0,0,0,0,0,0,386,57,2,1,0,0,0,0,0,0,0,0,0,network_stall
1779258019.2071507,g5.hpc.coe,43337,0.5001,0,0.0,2035.0,12288.0,20128697493,20716854737,21802787,22605257,1359738,0,0,0,0,0,0,0,0,0,0,0,0,428,57,2,1,0,0,0,0,0,0,0,0,0,network_stall
1779258019.707244,g5.hpc.coe,43337,0.5001,0,71.0,2035.0,12288.0,20142600599,20730746601,21816795,22619254,1360631,0,0,0,0,0,0,0,0,0,0,0,0,13903106,13891864,14008,13997,893,0,0,0,0,0,0,0,0,network_stall
1779258020.2073643,g5.hpc.coe,43337,0.5001,0,6.0,2035.0,12288.0,20163435466,20751564987,21837736,22640177,1360636,0,0,0,0,0,0,0,0,0,0,0,0,20834867,20818386,20941,20923,5,0,0,0,0,0,0,0,0,network_stall
1779258020.707484,g5.hpc.coe,43337,0.5001,0,0.0,2035.0,12288.0,20163436052,20751565066,21837739,22640179,1360636,0,0,0,0,0,0,0,0,0,0,0,0,586,79,3,2,0,0,0,0,0,0,0,0,0,network_stall
1779258021.2075965,g5.hpc.coe,43337,0.5001,0,0.0,2035.0,12288.0,20163436680,20751565145,21837742,22640181,1360636,0,0,0,0,0,0,0,0,0,0,0,0,628,79,3,2,0,0,0,0,0,0,0,0,0,network_stall
1779258021.7077396,g5.hpc.coe,43337,0.5001,0,0.0,2035.0,12288.0,20163437350,20751565224,21837745,22640183,1360636,0,0,0,0,0,0,0,0,0,0,0,0,670,79,3,2,0,0,0,0,0,0,0,0,0,network_stall
1779258022.2078648,g5.hpc.coe,43337,0.5001,0,0.0,2035.0,12288.0,20163438062,20751565303,21837748,22640185,1360636,0,0,0,0,0,0,0,0,0,0,0,0,712,79,3,2,0,0,0,0,0,0,0,0,0,network_stall
1779258022.708008,g5.hpc.coe,43337,0.5001,0,0.0,2035.0,12288.0,20163438816,20751565382,21837751,22640187,1360636,0,0,0,0,0,0,0,0,0,0,0,0,754,79,3,2,0,0,0,0,0,0,0,0,0,network_stall
1779258023.2081387,g5.hpc.coe,43337,0.5001,0,0.0,2035.0,12288.0,20163439689,20751565516,21837756,22640190,1360636,0,0,0,0,0,0,0,0,0,0,0,0,873,134,5,3,0,0,0,0,0,0,0,0,0,network_stall
1779258023.7082322,g5.hpc.coe,43337,0.5001,0,52.0,2035.0,12288.0,20171085817,20759202280,21845527,22647948,1361210,0,0,0,0,0,0,0,0,0,0,0,0,7646128,7636764,7771,7758,574,0,0,0,0,0,0,0,0,network_stall
1779258024.208366,g5.hpc.coe,43337,0.5001,0,29.0,2035.0,12288.0,20198179048,20786276292,21872726,22675125,1361213,0,0,0,0,0,0,0,0,0,0,0,0,27093231,27074012,27199,27177,3,0,0,0,0,0,0,0,0,network_stall
1779258024.7084978,g5.hpc.coe,43337,0.5001,0,0.0,2035.0,12288.0,20198179979,20786276371,21872729,22675127,1361213,0,0,0,0,0,0,0,0,0,0,0,0,931,79,3,2,0,0,0,0,0,0,0,0,0,network_stall
1779258025.20861,g5.hpc.coe,43337,0.5001,0,0.0,2035.0,12288.0,20198180952,20786276450,21872732,22675129,1361213,0,0,0,0,0,0,0,0,0,0,0,0,973,79,3,2,0,0,0,0,0,0,0,0,0,network_stall
1779258025.7087455,g5.hpc.coe,43337,0.5001,0,0.0,2035.0,12288.0,20198181967,20786276529,21872735,22675131,1361213,0,0,0,0,0,0,0,0,0,0,0,0,1015,79,3,2,0,0,0,0,0,0,0,0,0,network_stall
1779258026.2088776,g5.hpc.coe,43337,0.5001,0,0.0,2035.0,12288.0,20198183024,20786276608,21872738,22675133,1361213,0,0,0,0,0,0,0,0,0,0,0,0,1057,79,3,2,0,0,0,0,0,0,0,0,0,network_stall
1779258026.7090094,g5.hpc.coe,43337,0.5001,0,0.0,2035.0,12288.0,20198184145,20786276687,21872742,22675135,1361213,0,0,0,0,0,0,0,0,0,0,0,0,1121,79,4,2,0,0,0,0,0,0,0,0,0,network_stall
1779258027.2091434,g5.hpc.coe,43337,0.5001,0,0.0,2035.0,12288.0,20198185309,20786276766,21872746,22675137,1361213,0,0,0,0,0,0,0,0,0,0,0,0,1164,79,4,2,0,0,0,0,0,0,0,0,0,network_stall
1779258027.7092414,g5.hpc.coe,43337,0.5001,0,33.0,2035.0,12288.0,20205140679,20793226600,21879764,22682150,1361362,0,0,0,0,0,0,0,0,0,0,0,0,6955370,6949834,7018,7013,149,0,0,0,0,0,0,0,0,network_stall
1779258028.2093594,g5.hpc.coe,43337,0.5001,0,43.0,2035.0,12288.0,20232922721,20820987162,21907701,22710071,1361686,0,0,0,0,0,0,0,0,0,0,0,0,27782042,27760562,27937,27921,324,0,0,0,0,0,0,0,0,network_stall
1779258028.7094767,g5.hpc.coe,43337,0.5001,0,0.0,2035.0,12288.0,20232922953,20820987219,21907703,22710072,1361686,0,0,0,0,0,0,0,0,0,0,0,0,232,57,2,1,0,0,0,0,0,0,0,0,0,network_stall
1779258029.209609,g5.hpc.coe,43337,0.5001,0,0.0,2035.0,12288.0,20232923227,20820987276,21907705,22710073,1361686,0,0,0,0,0,0,0,0,0,0,0,0,274,57,2,1,0,0,0,0,0,0,0,0,0,network_stall
1779258029.7097366,g5.hpc.coe,43337,0.5001,0,0.0,2035.0,12288.0,20232923543,20820987333,21907707,22710074,1361686,0,0,0,0,0,0,0,0,0,0,0,0,316,57,2,1,0,0,0,0,0,0,0,0,0,network_stall
1779258030.2098942,g5.hpc.coe,43337,0.5002,0,0.0,2035.0,12288.0,20232923901,20820987390,21907709,22710075,1361686,0,0,0,0,0,0,0,0,0,0,0,0,358,57,2,1,0,0,0,0,0,0,0,0,0,network_stall
1779258030.7100258,g5.hpc.coe,43337,0.5001,0,0.0,2035.0,12288.0,20232924301,20820987447,21907711,22710076,1361686,0,0,0,0,0,0,0,0,0,0,0,0,400,57,2,1,0,0,0,0,0,0,0,0,0,network_stall
1779258031.2101583,g5.hpc.coe,43337,0.5001,0,0.0,2035.0,12288.0,20232924743,20820987504,21907713,22710077,1361686,0,0,0,0,0,0,0,0,0,0,0,0,442,57,2,1,0,0,0,0,0,0,0,0,0,network_stall
1779258031.7103052,g5.hpc.coe,43337,0.5001,0,0.0,2035.0,12288.0,20232925227,20820987561,21907715,22710078,1361686,0,0,0,0,0,0,0,0,0,0,0,0,484,57,2,1,0,0,0,0,0,0,0,0,0,network_stall
1779258032.2103996,g5.hpc.coe,43337,0.5001,0,100.0,2035.0,12288.0,20247518419,20835566368,21922471,22724824,1361688,0,0,0,0,0,0,0,0,0,0,0,0,14593192,14578807,14756,14746,2,0,0,0,0,0,0,0,0,network_stall
1779258032.7105048,g5.hpc.coe,43337,0.5001,0,0.0,2035.0,12288.0,20267663340,20855697980,21942666,22745020,1361692,0,0,0,0,0,0,0,0,0,0,0,0,20144921,20131612,20195,20196,4,0,0,0,0,0,0,0,0,network_stall
1779258033.2106335,g5.hpc.coe,43337,0.5001,0,0.0,2035.0,12288.0,20267664059,20855698114,21942671,22745023,1361692,0,0,0,0,0,0,0,0,0,0,0,0,719,134,5,3,0,0,0,0,0,0,0,0,0,network_stall
1779258033.7107687,g5.hpc.coe,43337,0.5001,0,0.0,2035.0,12288.0,20267664743,20855698193,21942674,22745025,1361692,0,0,0,0,0,0,0,0,0,0,0,0,684,79,3,2,0,0,0,0,0,0,0,0,0,network_stall
1779258034.2109063,g5.hpc.coe,43337,0.5001,0,0.0,2035.0,12288.0,20267665469,20855698272,21942677,22745027,1361692,0,0,0,0,0,0,0,0,0,0,0,0,726,79,3,2,0,0,0,0,0,0,0,0,0,network_stall
1779258034.711041,g5.hpc.coe,43337,0.5001,0,0.0,2035.0,12288.0,20267666237,20855698351,21942680,22745029,1361692,0,0,0,0,0,0,0,0,0,0,0,0,768,79,3,2,0,0,0,0,0,0,0,0,0,network_stall
1779258035.2111568,g5.hpc.coe,43337,0.5001,0,0.0,2035.0,12288.0,20267667047,20855698430,21942683,22745031,1361692,0,0,0,0,0,0,0,0,0,0,0,0,810,79,3,2,0,0,0,0,0,0,0,0,0,network_stall
1779258035.7112896,g5.hpc.coe,43337,0.5001,0,0.0,2035.0,12288.0,20267667899,20855698509,21942686,22745033,1361692,0,0,0,0,0,0,0,0,0,0,0,0,852,79,3,2,0,0,0,0,0,0,0,0,0,network_stall
1779258036.2113876,g5.hpc.coe,43337,0.5001,0,93.0,2035.0,12288.0,20281571408,20869590430,21956692,22759036,1362300,0,0,0,0,0,0,0,0,0,0,0,0,13903509,13891921,14006,14003,608,0,0,0,0,0,0,0,0,network_stall
1779258036.7115102,g5.hpc.coe,43337,0.5001,0,0.0,2035.0,12288.0,20302406684,20890408880,21977632,22779966,1362318,0,0,0,0,0,0,0,0,0,0,0,0,20835276,20818450,20940,20930,18,0,0,0,0,0,0,0,0,network_stall
1779258037.2116551,g5.hpc.coe,43337,0.5001,0,0.0,2035.0,12288.0,20302407672,20890408959,21977635,22779968,1362318,0,0,0,0,0,0,0,0,0,0,0,0,988,79,3,2,0,0,0,0,0,0,0,0,0,network_stall
1779258037.711785,g5.hpc.coe,43337,0.5001,0,0.0,2035.0,12288.0,20302408702,20890409038,21977638,22779970,1362318,0,0,0,0,0,0,0,0,0,0,0,0,1030,79,3,2,0,0,0,0,0,0,0,0,0,network_stall
1779258038.2118957,g5.hpc.coe,43337,0.5001,0,0.0,2035.0,12288.0,20302409796,20890409117,21977642,22779972,1362318,0,0,0,0,0,0,0,0,0,0,0,0,1094,79,4,2,0,0,0,0,0,0,0,0,0,network_stall
1779258038.7120345,g5.hpc.coe,43337,0.5001,0,0.0,2035.0,12288.0,20302410987,20890409251,21977647,22779975,1362318,0,0,0,0,0,0,0,0,0,0,0,0,1191,134,5,3,0,0,0,0,0,0,0,0,0,network_stall
1779258039.2121468,g5.hpc.coe,43337,0.5001,0,0.0,2035.0,12288.0,20302412789,20890409777,21977666,22779985,1362318,0,0,0,0,0,0,0,0,0,0,0,0,1802,526,19,10,0,0,0,0,0,0,0,0,0,network_stall
1779258039.712279,g5.hpc.coe,43337,0.5001,0,0.0,2035.0,12288.0,20302412943,20890409834,21977668,22779986,1362318,0,0,0,0,0,0,0,0,0,0,0,0,154,57,2,1,0,0,0,0,0,0,0,0,0,network_stall
1779258040.212377,g5.hpc.coe,43337,0.5001,0,80.0,2035.0,12288.0,20310058401,20898046597,21985434,22787746,1363456,0,0,0,0,0,0,0,0,0,0,0,0,7645458,7636763,7766,7760,1138,0,0,0,0,0,0,0,0,network_stall
1779258040.7125096,g5.hpc.coe,43337,0.5001,0,0.0,2035.0,12288.0,20337150359,20925120161,22012616,22814917,1363461,0,0,0,0,0,0,0,0,0,0,0,0,27091958,27073564,27182,27171,5,0,0,0,0,0,0,0,0,network_stall
1779258041.2126489,g5.hpc.coe,43337,0.5001,0,0.0,2035.0,12288.0,20337150648,20925120218,22012618,22814918,1363461,0,0,0,0,0,0,0,0,0,0,0,0,289,57,2,1,0,0,0,0,0,0,0,0,0,network_stall
1779258041.7127862,g5.hpc.coe,43337,0.5001,0,0.0,2035.0,12288.0,20337150979,20925120275,22012620,22814919,1363461,0,0,0,0,0,0,0,0,0,0,0,0,331,57,2,1,0,0,0,0,0,0,0,0,0,network_stall
1779258042.212913,g5.hpc.coe,43337,0.5001,0,0.0,2035.0,12288.0,20337151352,20925120332,22012622,22814920,1363461,0,0,0,0,0,0,0,0,0,0,0,0,373,57,2,1,0,0,0,0,0,0,0,0,0,network_stall
1779258042.713026,g5.hpc.coe,43337,0.5001,0,0.0,2035.0,12288.0,20337152024,20925120644,22012629,22814926,1363461,0,0,0,0,0,0,0,0,0,0,0,0,672,312,7,6,0,0,0,0,0,0,0,0,0,network_stall
1779258043.2131615,g5.hpc.coe,43337,0.5001,0,0.0,2035.0,12288.0,20337152503,20925120701,22012632,22814927,1363461,0,0,0,0,0,0,0,0,0,0,0,0,479,57,3,1,0,0,0,0,0,0,0,0,0,network_stall
1779258043.7132757,g5.hpc.coe,43337,0.5001,0,0.0,2035.0,12288.0,20337153079,20925120813,22012636,22814929,1363461,0,0,0,0,0,0,0,0,0,0,0,0,576,112,4,2,0,0,0,0,0,0,0,0,0,network_stall
1779258044.2133753,g5.hpc.coe,43337,0.5001,0,63.0,2035.0,12288.0,20344108866,20932070640,22019656,22821941,1363885,0,0,0,0,0,0,0,0,0,0,0,0,6955787,6949827,7020,7012,424,0,0,0,0,0,0,0,0,network_stall
1779258044.7134745,g5.hpc.coe,43337,0.5001,0,14.0,2035.0,12288.0,20371891228,20959831120,22047588,22849855,1363888,0,0,0,0,0,0,0,0,0,0,0,0,27782362,27760480,27932,27914,3,0,0,0,0,0,0,0,0,network_stall
1779258045.213612,g5.hpc.coe,43337,0.5001,0,0.0,2035.0,12288.0,20371891884,20959831199,22047591,22849857,1363888,0,0,0,0,0,0,0,0,0,0,0,0,656,79,3,2,0,0,0,0,0,0,0,0,0,network_stall
1779258045.7137263,g5.hpc.coe,43337,0.5001,0,0.0,2035.0,12288.0,20371892582,20959831278,22047594,22849859,1363888,0,0,0,0,0,0,0,0,0,0,0,0,698,79,3,2,0,0,0,0,0,0,0,0,0,network_stall
1779258046.2138782,g5.hpc.coe,43337,0.5002,0,0.0,2035.0,12288.0,20371893322,20959831357,22047597,22849861,1363888,0,0,0,0,0,0,0,0,0,0,0,0,740,79,3,2,0,0,0,0,0,0,0,0,0,network_stall
1779258046.7140129,g5.hpc.coe,43337,0.5001,0,0.0,2035.0,12288.0,20371894104,20959831436,22047600,22849863,1363888,0,0,0,0,0,0,0,0,0,0,0,0,782,79,3,2,0,0,0,0,0,0,0,0,0,network_stall
1779258047.2141502,g5.hpc.coe,43337,0.5001,0,0.0,2035.0,12288.0,20371894928,20959831515,22047603,22849865,1363888,0,0,0,0,0,0,0,0,0,0,0,0,824,79,3,2,0,0,0,0,0,0,0,0,0,network_stall
1779258047.7143083,g5.hpc.coe,43337,0.5002,0,0.0,2035.0,12288.0,20371895794,20959831594,22047606,22849867,1363888,0,0,0,0,0,0,0,0,0,0,0,0,866,79,3,2,0,0,0,0,0,0,0,0,0,network_stall
1779258048.2144017,g5.hpc.coe,43337,0.5001,0,0.0,2035.0,12288.0,20372594630,20961581094,22048393,22851667,1363888,0,0,0,0,0,0,0,0,0,0,0,0,698836,1749500,787,1800,0,0,0,0,0,0,0,0,0,network_stall
1779258048.7145276,g5.hpc.coe,43337,0.5001,0,100.0,2035.0,12288.0,20406634675,20994542013,22082553,22884800,1363898,0,0,0,0,0,0,0,0,0,0,0,0,34040045,32960919,34160,33133,10,0,0,0,0,0,0,0,0,network_stall
1779258049.2146645,g5.hpc.coe,43337,0.5001,0,0.0,2035.0,12288.0,20406635676,20994542092,22082556,22884802,1363898,0,0,0,0,0,0,0,0,0,0,0,0,1001,79,3,2,0,0,0,0,0,0,0,0,0,network_stall
1779258049.7147794,g5.hpc.coe,43337,0.5001,0,0.0,2035.0,12288.0,20406636719,20994542171,22082559,22884804,1363898,0,0,0,0,0,0,0,0,0,0,0,0,1043,79,3,2,0,0,0,0,0,0,0,0,0,network_stall
1779258050.2149305,g5.hpc.coe,43337,0.5002,0,0.0,2035.0,12288.0,20406637826,20994542250,22082563,22884806,1363898,0,0,0,0,0,0,0,0,0,0,0,0,1107,79,4,2,0,0,0,0,0,0,0,0,0,network_stall
1779258050.715066,g5.hpc.coe,43337,0.5001,0,0.0,2035.0,12288.0,20406638976,20994542329,22082567,22884808,1363898,0,0,0,0,0,0,0,0,0,0,0,0,1150,79,4,2,0,0,0,0,0,0,0,0,0,network_stall
1779258051.215195,g5.hpc.coe,43337,0.5001,0,0.0,2035.0,12288.0,20406639100,20994542386,22082569,22884809,1363898,0,0,0,0,0,0,0,0,0,0,0,0,124,57,2,1,0,0,0,0,0,0,0,0,0,network_stall
1779258051.7153308,g5.hpc.coe,43337,0.5001,0,0.0,2035.0,12288.0,20406639265,20994542443,22082571,22884810,1363898,0,0,0,0,0,0,0,0,0,0,0,0,165,57,2,1,0,0,0,0,0,0,0,0,0,network_stall
1779258052.2154343,g5.hpc.coe,43337,0.5001,0,0.0,2035.0,12288.0,20407337281,20995237141,22083347,22886011,1363898,0,0,0,0,0,0,0,0,0,0,0,0,698016,694698,776,1201,0,0,0,0,0,0,0,0,0,network_stall
1779258052.7155738,g5.hpc.coe,43337,0.5001,0,100.0,2035.0,12288.0,20441376709,21029252742,22117520,22919737,1364414,0,0,0,0,0,0,0,0,0,0,0,0,34039428,34015601,34173,33726,516,0,0,0,0,0,0,0,0,network_stall
1779258053.2157133,g5.hpc.coe,43337,0.5001,0,0.0,2035.0,12288.0,20441377009,21029252799,22117522,22919738,1364414,0,0,0,0,0,0,0,0,0,0,0,0,300,57,2,1,0,0,0,0,0,0,0,0,0,network_stall
1779258053.7158437,g5.hpc.coe,43337,0.5001,0,0.0,2035.0,12288.0,20441377428,21029252911,22117526,22919740,1364414,0,0,0,0,0,0,0,0,0,0,0,0,419,112,4,2,0,0,0,0,0,0,0,0,0,network_stall
1779258054.215965,g5.hpc.coe,43337,0.5001,0,0.0,2035.0,12288.0,20441378435,21029253415,22117543,22919749,1364414,0,0,0,0,0,0,0,0,0,0,0,0,1007,504,17,9,0,0,0,0,0,0,0,0,0,network_stall
1779258054.7161057,g5.hpc.coe,43337,0.5001,0,0.0,2035.0,12288.0,20441378862,21029253472,22117545,22919750,1364414,0,0,0,0,0,0,0,0,0,0,0,0,427,57,2,1,0,0,0,0,0,0,0,0,0,network_stall
1779258055.2162204,g5.hpc.coe,43337,0.5001,0,0.0,2035.0,12288.0,20441379331,21029253529,22117547,22919751,1364414,0,0,0,0,0,0,0,0,0,0,0,0,469,57,2,1,0,0,0,0,0,0,0,0,0,network_stall
1779258055.7163582,g5.hpc.coe,43337,0.5001,0,0.0,2035.0,12288.0,20441379842,21029253586,22117549,22919752,1364414,0,0,0,0,0,0,0,0,0,0,0,0,511,57,2,1,0,0,0,0,0,0,0,0,0,network_stall
1779258056.2164896,g5.hpc.coe,43337,0.5001,0,0.0,2035.0,12288.0,20441380417,21029253665,22117552,22919754,1364414,0,0,0,0,0,0,0,0,0,0,0,0,575,79,3,2,0,0,0,0,0,0,0,0,0,network_stall
1779258056.716618,g5.hpc.coe,43337,0.5001,0,100.0,2035.0,12288.0,20476118019,21063963957,22152500,22954685,1364424,0,0,0,0,0,0,0,0,0,0,0,0,34737602,34710292,34948,34931,10,0,0,0,0,0,0,0,0,network_stall
1779258057.2167623,g5.hpc.coe,43337,0.5001,0,0.0,2035.0,12288.0,20476118683,21063964036,22152503,22954687,1364424,0,0,0,0,0,0,0,0,0,0,0,0,664,79,3,2,0,0,0,0,0,0,0,0,0,network_stall
1779258057.7168956,g5.hpc.coe,43337,0.5001,0,0.0,2035.0,12288.0,20476119389,21063964115,22152506,22954689,1364424,0,0,0,0,0,0,0,0,0,0,0,0,706,79,3,2,0,0,0,0,0,0,0,0,0,network_stall
1779258058.2170317,g5.hpc.coe,43337,0.5001,0,0.0,2035.0,12288.0,20476120137,21063964194,22152509,22954691,1364424,0,0,0,0,0,0,0,0,0,0,0,0,748,79,3,2,0,0,0,0,0,0,0,0,0,network_stall
1779258058.7171478,g5.hpc.coe,43337,0.5001,0,0.0,2035.0,12288.0,20476120927,21063964273,22152512,22954693,1364424,0,0,0,0,0,0,0,0,0,0,0,0,790,79,3,2,0,0,0,0,0,0,0,0,0,network_stall
1779258059.2172842,g5.hpc.coe,43337,0.5001,0,0.0,2035.0,12288.0,20476121759,21063964352,22152515,22954695,1364424,0,0,0,0,0,0,0,0,0,0,0,0,832,79,3,2,0,0,0,0,0,0,0,0,0,network_stall
1779258059.717417,g5.hpc.coe,43337,0.5001,0,0.0,2035.0,12288.0,20476122633,21063964431,22152518,22954697,1364424,0,0,0,0,0,0,0,0,0,0,0,0,874,79,3,2,0,0,0,0,0,0,0,0,0,network_stall
1779258060.2175539,g5.hpc.coe,43337,0.5001,0,0.0,2035.0,12288.0,20476123549,21063964510,22152521,22954699,1364424,0,0,0,0,0,0,0,0,0,0,0,0,916,79,3,2,0,0,0,0,0,0,0,0,0,network_stall
1779258060.7176824,g5.hpc.coe,43337,0.5001,0,100.0,2035.0,12288.0,20504611932,21092427441,22181251,22983420,1365861,0,0,0,0,0,0,0,0,0,0,0,0,28488383,28462931,28730,28721,1437,0,0,0,0,0,0,0,0,network_stall
1779258061.2178345,g5.hpc.coe,43337,0.5002,0,0.0,2035.0,12288.0,20510862477,21098674909,22187469,22989636,1365862,0,0,0,0,0,0,0,0,0,0,0,0,6250545,6247468,6218,6216,1,0,0,0,0,0,0,0,0,network_stall
1779258061.7179732,g5.hpc.coe,43337,0.5001,0,0.0,2035.0,12288.0,20510863529,21098675021,22187472,22989639,1365862,0,0,0,0,0,0,0,0,0,0,0,0,1052,112,3,3,0,0,0,0,0,0,0,0,0,network_stall
1779258062.2181146,g5.hpc.coe,43337,0.5001,0,0.0,2035.0,12288.0,20510864645,21098675100,22187476,22989641,1365862,0,0,0,0,0,0,0,0,0,0,0,0,1116,79,4,2,0,0,0,0,0,0,0,0,0,network_stall
1779258062.718247,g5.hpc.coe,43337,0.5001,0,0.0,2035.0,12288.0,20510865803,21098675212,22187480,22989644,1365862,0,0,0,0,0,0,0,0,0,0,0,0,1158,112,4,3,0,0,0,0,0,0,0,0,0,network_stall
1779258063.2183838,g5.hpc.coe,43337,0.5001,0,0.0,2035.0,12288.0,20510865936,21098675269,22187482,22989645,1365862,0,0,0,0,0,0,0,0,0,0,0,0,133,57,2,1,0,0,0,0,0,0,0,0,0,network_stall
1779258063.718521,g5.hpc.coe,43337,0.5001,0,0.0,2035.0,12288.0,20510866111,21098675359,22187484,22989647,1365862,0,0,0,0,0,0,0,0,0,0,0,0,175,90,2,2,0,0,0,0,0,0,0,0,0,network_stall
1779258064.2186553,g5.hpc.coe,43337,0.5001,0,0.0,2035.0,12288.0,20510866404,21098675471,22187488,22989649,1365862,0,0,0,0,0,0,0,0,0,0,0,0,293,112,4,2,0,0,0,0,0,0,0,0,0,network_stall
1779258064.718781,g5.hpc.coe,43337,0.5001,0,100.0,2035.0,12288.0,20538706303,21126621553,22215819,23017808,1365872,0,0,0,0,0,0,0,0,0,0,0,0,27839899,27946082,28331,28159,10,0,0,0,0,0,0,0,0,network_stall
1779258065.2189171,g5.hpc.coe,43337,0.5001,0,0.0,2035.0,12288.0,20545603884,21133385824,22222427,23024580,1365872,0,0,0,0,0,0,0,0,0,0,0,0,6897581,6764271,6608,6772,0,0,0,0,0,0,0,0,0,network_stall
1779258065.719048,g5.hpc.coe,43337,0.5001,0,0.0,2035.0,12288.0,20545604236,21133385914,22222429,23024582,1365872,0,0,0,0,0,0,0,0,0,0,0,0,352,90,2,2,0,0,0,0,0,0,0,0,0,network_stall
1779258066.2191823,g5.hpc.coe,43337,0.5001,0,0.0,2035.0,12288.0,20545604629,21133385971,22222431,23024583,1365872,0,0,0,0,0,0,0,0,0,0,0,0,393,57,2,1,0,0,0,0,0,0,0,0,0,network_stall
1779258066.719304,g5.hpc.coe,43337,0.5001,0,0.0,2035.0,12288.0,20545605064,21133386061,22222433,23024585,1365872,0,0,0,0,0,0,0,0,0,0,0,0,435,90,2,2,0,0,0,0,0,0,0,0,0,network_stall
1779258067.2194483,g5.hpc.coe,43337,0.5001,0,0.0,2035.0,12288.0,20545605541,21133386118,22222435,23024586,1365872,0,0,0,0,0,0,0,0,0,0,0,0,477,57,2,1,0,0,0,0,0,0,0,0,0,network_stall
1779258067.7195652,g5.hpc.coe,43337,0.5001,0,0.0,2035.0,12288.0,20545606060,21133386208,22222437,23024588,1365872,0,0,0,0,0,0,0,0,0,0,0,0,519,90,2,2,0,0,0,0,0,0,0,0,0,network_stall
1779258068.219702,g5.hpc.coe,43337,0.5001,0,0.0,2035.0,12288.0,20545606643,21133386287,22222440,23024590,1365872,0,0,0,0,0,0,0,0,0,0,0,0,583,79,3,2,0,0,0,0,0,0,0,0,0,network_stall
1779258068.7198315,g5.hpc.coe,43337,0.5001,0,100.0,2035.0,12288.0,20573404691,21161162287,22250426,23052560,1367134,0,0,0,0,0,0,0,0,0,0,0,0,27798048,27776000,27986,27970,1262,0,0,0,0,0,0,0,0,network_stall
1779258069.2199452,g5.hpc.coe,43337,0.5001,0,0.0,2035.0,12288.0,20580345626,21168097137,22257408,23059525,1367135,0,0,0,0,0,0,0,0,0,0,0,0,6940935,6934850,6982,6965,1,0,0,0,0,0,0,0,0,network_stall
1779258069.7200866,g5.hpc.coe,43337,0.5001,0,0.0,2035.0,12288.0,20580346345,21168097249,22257411,23059528,1367135,0,0,0,0,0,0,0,0,0,0,0,0,719,112,3,3,0,0,0,0,0,0,0,0,0,network_stall
1779258070.2201674,g5.hpc.coe,43337,0.5001,0,0.0,2035.0,12288.0,20580347106,21168097328,22257414,23059530,1367135,0,0,0,0,0,0,0,0,0,0,0,0,761,79,3,2,0,0,0,0,0,0,0,0,0,network_stall
1779258070.7202759,g5.hpc.coe,43337,0.5001,0,0.0,2035.0,12288.0,20580347909,21168097407,22257417,23059532,1367135,0,0,0,0,0,0,0,0,0,0,0,0,803,79,3,2,0,0,0,0,0,0,0,0,0,network_stall
1779258071.2204123,g5.hpc.coe,43337,0.5001,0,0.0,2035.0,12288.0,20580348754,21168097486,22257420,23059534,1367135,0,0,0,0,0,0,0,0,0,0,0,0,845,79,3,2,0,0,0,0,0,0,0,0,0,network_stall
1779258071.7205422,g5.hpc.coe,43337,0.5001,0,0.0,2035.0,12288.0,20580349641,21168097565,22257423,23059536,1367135,0,0,0,0,0,0,0,0,0,0,0,0,887,79,3,2,0,0,0,0,0,0,0,0,0,network_stall
1779258072.2206812,g5.hpc.coe,43337,0.5001,0,0.0,2035.0,12288.0,20580350570,21168097644,22257426,23059538,1367135,0,0,0,0,0,0,0,0,0,0,0,0,929,79,3,2,0,0,0,0,0,0,0,0,0,network_stall
1779258072.7208095,g5.hpc.coe,43337,0.5001,0,100.0,2035.0,12288.0,20601891555,21189618515,22279165,23081267,1367142,0,0,0,0,0,0,0,0,0,0,0,0,21540985,21520871,21739,21729,7,0,0,0,0,0,0,0,0,network_stall
1779258073.220945,g5.hpc.coe,43337,0.5001,0,0.0,2035.0,12288.0,20615089516,21202808048,22292373,23094472,1367144,0,0,0,0,0,0,0,0,0,0,0,0,13197961,13189533,13208,13205,2,0,0,0,0,0,0,0,0,network_stall
1779258073.7210834,g5.hpc.coe,43337,0.5001,0,0.0,2035.0,12288.0,20615090603,21202808160,22292377,23094475,1367144,0,0,0,0,0,0,0,0,0,0,0,0,1087,112,4,3,0,0,0,0,0,0,0,0,0,network_stall
1779258074.2211645,g5.hpc.coe,43337,0.5001,0,0.0,2035.0,12288.0,20615091809,21202808294,22292383,23094478,1367144,0,0,0,0,0,0,0,0,0,0,0,0,1206,134,6,3,0,0,0,0,0,0,0,0,0,network_stall
1779258074.7212787,g5.hpc.coe,43337,0.5001,0,0.0,2035.0,12288.0,20615092981,21202808406,22292387,23094481,1367144,0,0,0,0,0,0,0,0,0,0,0,0,1172,112,4,3,0,0,0,0,0,0,0,0,0,network_stall
1779258075.22141,g5.hpc.coe,43337,0.5001,0,0.0,2035.0,12288.0,20615093127,21202808463,22292389,23094482,1367144,0,0,0,0,0,0,0,0,0,0,0,0,146,57,2,1,0,0,0,0,0,0,0,0,0,network_stall
1779258075.7215388,g5.hpc.coe,43337,0.5001,0,0.0,2035.0,12288.0,20615093315,21202808553,22292391,23094484,1367144,0,0,0,0,0,0,0,0,0,0,0,0,188,90,2,2,0,0,0,0,0,0,0,0,0,network_stall
1779258076.2216768,g5.hpc.coe,43337,0.5001,0,0.0,2035.0,12288.0,20615093545,21202808610,22292393,23094485,1367144,0,0,0,0,0,0,0,0,0,0,0,0,230,57,2,1,0,0,0,0,0,0,0,0,0,network_stall
1779258076.7218015,g5.hpc.coe,43337,0.5001,0,100.0,2035.0,12288.0,20629686469,21217387429,22307188,23109586,1367149,0,0,0,0,0,0,0,0,0,0,0,0,14592924,14578819,14795,15101,5,0,0,0,0,0,0,0,0,network_stall
1779258077.2219193,g5.hpc.coe,43337,0.5001,0,0.0,2035.0,12288.0,20649831149,21237518935,22327346,23129412,1367151,0,0,0,0,0,0,0,0,0,0,0,0,20144680,20131506,20158,19826,2,0,0,0,0,0,0,0,0,network_stall
1779258077.722059,g5.hpc.coe,43337,0.5001,0,0.0,2035.0,12288.0,20649831515,21237519025,22327348,23129414,1367151,0,0,0,0,0,0,0,0,0,0,0,0,366,90,2,2,0,0,0,0,0,0,0,0,0,network_stall
1779258078.2221732,g5.hpc.coe,43337,0.5001,0,0.0,2035.0,12288.0,20649831922,21237519082,22327350,23129415,1367151,0,0,0,0,0,0,0,0,0,0,0,0,407,57,2,1,0,0,0,0,0,0,0,0,0,network_stall
1779258078.7223094,g5.hpc.coe,43337,0.5001,0,0.0,2035.0,12288.0,20649832371,21237519172,22327352,23129417,1367151,0,0,0,0,0,0,0,0,0,0,0,0,449,90,2,2,0,0,0,0,0,0,0,0,0,network_stall
1779258079.2224472,g5.hpc.coe,43337,0.5001,0,0.0,2035.0,12288.0,20649832917,21237519284,22327355,23129419,1367151,0,0,0,0,0,0,0,0,0,0,0,0,546,112,3,2,0,0,0,0,0,0,0,0,0,network_stall
1779258079.7225742,g5.hpc.coe,43337,0.5001,0,0.0,2035.0,12288.0,20649833473,21237519374,22327358,23129421,1367151,0,0,0,0,0,0,0,0,0,0,0,0,556,90,3,2,0,0,0,0,0,0,0,0,0,network_stall
1779258080.2227085,g5.hpc.coe,43337,0.5001,0,0.0,2035.0,12288.0,20649834071,21237519453,22327361,23129423,1367151,0,0,0,0,0,0,0,0,0,0,0,0,598,79,3,2,0,0,0,0,0,0,0,0,0,network_stall
1779258080.7228148,g5.hpc.coe,43337,0.5001,0,90.0,2035.0,12288.0,20664427398,21252098287,22342121,23144167,1367269,0,0,0,0,0,0,0,0,0,0,0,0,14593327,14578834,14760,14744,118,0,0,0,0,0,0,0,0,network_stall
1779258081.2229512,g5.hpc.coe,43337,0.5001,0,0.0,2035.0,12288.0,20684572411,21272229829,22362316,23164353,1367274,0,0,0,0,0,0,0,0,0,0,0,0,20145013,20131542,20195,20186,5,0,0,0,0,0,0,0,0,network_stall
1779258081.7230766,g5.hpc.coe,43337,0.5001,0,0.0,2035.0,12288.0,20684573145,21272229941,22362319,23164356,1367274,0,0,0,0,0,0,0,0,0,0,0,0,734,112,3,3,0,0,0,0,0,0,0,0,0,network_stall
1779258082.223205,g5.hpc.coe,43337,0.5001,0,0.0,2035.0,12288.0,20684573921,21272230020,22362322,23164358,1367274,0,0,0,0,0,0,0,0,0,0,0,0,776,79,3,2,0,0,0,0,0,0,0,0,0,network_stall
1779258082.723335,g5.hpc.coe,43337,0.5001,0,0.0,2035.0,12288.0,20684574739,21272230132,22362325,23164361,1367274,0,0,0,0,0,0,0,0,0,0,0,0,818,112,3,3,0,0,0,0,0,0,0,0,0,network_stall
1779258083.2234704,g5.hpc.coe,43337,0.5001,0,0.0,2035.0,12288.0,20684575599,21272230211,22362328,23164363,1367274,0,0,0,0,0,0,0,0,0,0,0,0,860,79,3,2,0,0,0,0,0,0,0,0,0,network_stall
1779258083.7235854,g5.hpc.coe,43337,0.5001,0,0.0,2035.0,12288.0,20684576501,21272230323,22362331,23164366,1367274,0,0,0,0,0,0,0,0,0,0,0,0,902,112,3,3,0,0,0,0,0,0,0,0,0,network_stall
1779258084.2237217,g5.hpc.coe,43337,0.5001,0,0.0,2035.0,12288.0,20684578068,21272230849,22362349,23164376,1367274,0,0,0,0,0,0,0,0,0,0,0,0,1567,526,18,10,0,0,0,0,0,0,0,0,0,network_stall
1779258084.7238781,g5.hpc.coe,43337,0.5002,0,69.0,2035.0,12288.0,20697791334,21285681429,22376090,23178292,1367276,0,0,0,0,0,0,0,0,0,0,0,0,13213266,13450580,13741,13916,2,0,0,0,0,0,0,0,0,network_stall
1779258085.223993,g5.hpc.coe,43337,0.5001,0,8.0,2035.0,12288.0,20719317137,21306941280,22397300,23199307,1367280,0,0,0,0,0,0,0,0,0,0,0,0,21525803,21259851,21210,21015,4,0,0,0,0,0,0,0,0,network_stall
1779258085.7241306,g5.hpc.coe,43337,0.5001,0,0.0,2035.0,12288.0,20719318240,21306941392,22397304,23199310,1367280,0,0,0,0,0,0,0,0,0,0,0,0,1103,112,4,3,0,0,0,0,0,0,0,0,0,network_stall
1779258086.2242594,g5.hpc.coe,43337,0.5001,0,0.0,2035.0,12288.0,20719319385,21306941471,22397308,23199312,1367280,0,0,0,0,0,0,0,0,0,0,0,0,1145,79,4,2,0,0,0,0,0,0,0,0,0,network_stall
1779258086.7243955,g5.hpc.coe,43337,0.5001,0,0.0,2035.0,12288.0,20719320572,21306941583,22397312,23199315,1367280,0,0,0,0,0,0,0,0,0,0,0,0,1187,112,4,3,0,0,0,0,0,0,0,0,0,network_stall
1779258087.2245328,g5.hpc.coe,43337,0.5001,0,0.0,2035.0,12288.0,20719320734,21306941640,22397314,23199316,1367280,0,0,0,0,0,0,0,0,0,0,0,0,162,57,2,1,0,0,0,0,0,0,0,0,0,network_stall
1779258087.7246745,g5.hpc.coe,43337,0.5001,0,0.0,2035.0,12288.0,20719320938,21306941730,22397316,23199318,1367280,0,0,0,0,0,0,0,0,0,0,0,0,204,90,2,2,0,0,0,0,0,0,0,0,0,network_stall
1779258088.2247887,g5.hpc.coe,43337,0.5001,0,0.0,2035.0,12288.0,20719321184,21306941787,22397318,23199319,1367280,0,0,0,0,0,0,0,0,0,0,0,0,246,57,2,1,0,0,0,0,0,0,0,0,0,network_stall
1779258088.7249124,g5.hpc.coe,43337,0.5001,0,57.0,2035.0,12288.0,20726966699,21314578562,22405079,23207077,1367360,0,0,0,0,0,0,0,0,0,0,0,0,7645515,7636775,7761,7758,80,0,0,0,0,0,0,0,0,network_stall
1779258089.2250478,g5.hpc.coe,43337,0.5001,0,19.0,2035.0,12288.0,20754058770,21341652140,22432264,23234250,1367366,0,0,0,0,0,0,0,0,0,0,0,0,27092071,27073578,27185,27173,6,0,0,0,0,0,0,0,0,network_stall
1779258089.7251494,g5.hpc.coe,43337,0.5001,0,0.0,2035.0,12288.0,20754059228,21341652285,22432268,23234253,1367366,0,0,0,0,0,0,0,0,0,0,0,0,458,145,4,3,0,0,0,0,0,0,0,0,0,network_stall
1779258090.225282,g5.hpc.coe,43337,0.5001,0,0.0,2035.0,12288.0,20754059651,21341652342,22432270,23234254,1367366,0,0,0,0,0,0,0,0,0,0,0,0,423,57,2,1,0,0,0,0,0,0,0,0,0,network_stall
1779258090.7253883,g5.hpc.coe,43337,0.5001,0,0.0,2035.0,12288.0,20754060116,21341652432,22432272,23234256,1367366,0,0,0,0,0,0,0,0,0,0,0,0,465,90,2,2,0,0,0,0,0,0,0,0,0,network_stall
1779258091.2255278,g5.hpc.coe,43337,0.5001,0,0.0,2035.0,12288.0,20754060623,21341652489,22432274,23234257,1367366,0,0,0,0,0,0,0,0,0,0,0,0,507,57,2,1,0,0,0,0,0,0,0,0,0,network_stall
1779258091.7256591,g5.hpc.coe,43337,0.5001,0,0.0,2035.0,12288.0,20754061194,21341652601,22432277,23234260,1367366,0,0,0,0,0,0,0,0,0,0,0,0,571,112,3,3,0,0,0,0,0,0,0,0,0,network_stall
1779258092.2258015,g5.hpc.coe,43337,0.5001,0,0.0,2035.0,12288.0,20754061807,21341652680,22432280,23234262,1367366,0,0,0,0,0,0,0,0,0,0,0,0,613,79,3,2,0,0,0,0,0,0,0,0,0,network_stall
1779258092.7259061,g5.hpc.coe,43337,0.5001,0,38.0,2035.0,12288.0,20761017694,21348602583,22439299,23241279,1367513,0,0,0,0,0,0,0,0,0,0,0,0,6955887,6949903,7019,7017,147,0,0,0,0,0,0,0,0,network_stall
1779258093.2260408,g5.hpc.coe,43337,0.5001,0,39.0,2035.0,12288.0,20788800128,21376363070,22467228,23269194,1367520,0,0,0,0,0,0,0,0,0,0,0,0,27782434,27760487,27929,27915,7,0,0,0,0,0,0,0,0,network_stall
1779258093.7261724,g5.hpc.coe,43337,0.5001,0,0.0,2035.0,12288.0,20788800877,21376363182,22467231,23269197,1367520,0,0,0,0,0,0,0,0,0,0,0,0,749,112,3,3,0,0,0,0,0,0,0,0,0,network_stall
1779258094.226305,g5.hpc.coe,43337,0.5001,0,0.0,2035.0,12288.0,20788801668,21376363261,22467234,23269199,1367520,0,0,0,0,0,0,0,0,0,0,0,0,791,79,3,2,0,0,0,0,0,0,0,0,0,network_stall
1779258094.7264366,g5.hpc.coe,43337,0.5001,0,0.0,2035.0,12288.0,20788802578,21376363428,22467239,23269203,1367520,0,0,0,0,0,0,0,0,0,0,0,0,910,167,5,4,0,0,0,0,0,0,0,0,0,network_stall
1779258095.2265792,g5.hpc.coe,43337,0.5001,0,0.0,2035.0,12288.0,20788803453,21376363507,22467242,23269205,1367520,0,0,0,0,0,0,0,0,0,0,0,0,875,79,3,2,0,0,0,0,0,0,0,0,0,network_stall
1779258095.7267118,g5.hpc.coe,43337,0.5001,0,0.0,2035.0,12288.0,20788804370,21376363619,22467245,23269208,1367520,0,0,0,0,0,0,0,0,0,0,0,0,917,112,3,3,0,0,0,0,0,0,0,0,0,network_stall
1779258096.2268422,g5.hpc.coe,43337,0.5001,0,0.0,2035.0,12288.0,20788805329,21376363698,22467248,23269210,1367520,0,0,0,0,0,0,0,0,0,0,0,0,959,79,3,2,0,0,0,0,0,0,0,0,0,network_stall
1779258096.7269409,g5.hpc.coe,43337,0.5001,0,16.0,2035.0,12288.0,20789504258,21378113219,22468035,23271013,1367520,0,0,0,0,0,0,0,0,0,0,0,0,698929,1749521,787,1803,0,0,0,0,0,0,0,0,0,network_stall
1779258097.2270555,g5.hpc.coe,43337,0.5001,0,61.0,2035.0,12288.0,20823544369,21411074013,22502200,23304135,1367529,0,0,0,0,0,0,0,0,0,0,0,0,34040111,32960794,34165,33122,9,0,0,0,0,0,0,0,0,network_stall
1779258097.7271857,g5.hpc.coe,43337,0.5001,0,0.0,2035.0,12288.0,20823545485,21411074092,22502204,23304137,1367529,0,0,0,0,0,0,0,0,0,0,0,0,1116,79,4,2,0,0,0,0,0,0,0,0,0,network_stall
1779258098.2273195,g5.hpc.coe,43337,0.5001,0,0.0,2035.0,12288.0,20823546643,21411074171,22502208,23304139,1367529,0,0,0,0,0,0,0,0,0,0,0,0,1158,79,4,2,0,0,0,0,0,0,0,0,0,network_stall
1779258098.727453,g5.hpc.coe,43337,0.5001,0,0.0,2035.0,12288.0,20823546775,21411074228,22502210,23304140,1367529,0,0,0,0,0,0,0,0,0,0,0,0,132,57,2,1,0,0,0,0,0,0,0,0,0,network_stall
1779258099.2275863,g5.hpc.coe,43337,0.5001,0,0.0,2035.0,12288.0,20823547572,21411074732,22502227,23304149,1367529,0,0,0,0,0,0,0,0,0,0,0,0,797,504,17,9,0,0,0,0,0,0,0,0,0,network_stall
1779258099.727704,g5.hpc.coe,43337,0.5001,0,0.0,2035.0,12288.0,20823547866,21411074844,22502231,23304151,1367529,0,0,0,0,0,0,0,0,0,0,0,0,294,112,4,2,0,0,0,0,0,0,0,0,0,network_stall
1779258100.2278163,g5.hpc.coe,43337,0.5001,0,0.0,2035.0,12288.0,20823548125,21411074901,22502233,23304152,1367529,0,0,0,0,0,0,0,0,0,0,0,0,259,57,2,1,0,0,0,0,0,0,0,0,0,network_stall
1779258100.7279494,g5.hpc.coe,43337,0.5001,0,0.0,2035.0,12288.0,20823556324,21411252676,22502271,23304348,1367529,0,0,0,0,0,0,0,0,0,0,0,0,8199,177775,38,196,0,0,0,0,0,0,0,0,0,network_stall
1779258101.2280836,g5.hpc.coe,43337,0.5001,0,82.0,2035.0,12288.0,20858285756,21445785151,22537182,23339072,1368521,0,0,0,0,0,0,0,0,0,0,0,0,34729432,34532475,34911,34724,992,0,0,0,0,0,0,0,0,network_stall
1779258101.7282267,g5.hpc.coe,43337,0.5001,0,0.0,2035.0,12288.0,20858286148,21445785208,22537184,23339073,1368521,0,0,0,0,0,0,0,0,0,0,0,0,392,57,2,1,0,0,0,0,0,0,0,0,0,network_stall
1779258102.2283554,g5.hpc.coe,43337,0.5001,0,0.0,2035.0,12288.0,20858286582,21445785265,22537186,23339074,1368521,0,0,0,0,0,0,0,0,0,0,0,0,434,57,2,1,0,0,0,0,0,0,0,0,0,network_stall
1779258102.7284904,g5.hpc.coe,43337,0.5001,0,0.0,2035.0,12288.0,20858287058,21445785322,22537188,23339075,1368521,0,0,0,0,0,0,0,0,0,0,0,0,476,57,2,1,0,0,0,0,0,0,0,0,0,network_stall
1779258103.2286308,g5.hpc.coe,43337,0.5001,0,0.0,2035.0,12288.0,20858287833,21445785634,22537195,23339081,1368521,0,0,0,0,0,0,0,0,0,0,0,0,775,312,7,6,0,0,0,0,0,0,0,0,0,network_stall
1779258103.7287712,g5.hpc.coe,43337,0.5001,0,0.0,2035.0,12288.0,20858288437,21445785713,22537199,23339083,1368521,0,0,0,0,0,0,0,0,0,0,0,0,604,79,4,2,0,0,0,0,0,0,0,0,0,network_stall
1779258104.2289023,g5.hpc.coe,43337,0.5001,0,0.0,2035.0,12288.0,20858289061,21445785792,22537202,23339085,1368521,0,0,0,0,0,0,0,0,0,0,0,0,624,79,3,2,0,0,0,0,0,0,0,0,0,network_stall
1779258104.7290163,g5.hpc.coe,43337,0.5001,0,0.0,2035.0,12288.0,20858289727,21445785871,22537205,23339087,1368521,0,0,0,0,0,0,0,0,0,0,0,0,666,79,3,2,0,0,0,0,0,0,0,0,0,network_stall
1779258105.2291467,g5.hpc.coe,43337,0.5001,0,100.0,2035.0,12288.0,20893027490,21480496225,22572154,23374020,1368641,0,0,0,0,0,0,0,0,0,0,0,0,34737763,34710354,34949,34933,120,0,0,0,0,0,0,0,0,network_stall
1779258105.7292845,g5.hpc.coe,43337,0.5001,0,0.0,2035.0,12288.0,20893028246,21480496304,22572157,23374022,1368641,0,0,0,0,0,0,0,0,0,0,0,0,756,79,3,2,0,0,0,0,0,0,0,0,0,network_stall
1779258106.2294126,g5.hpc.coe,43337,0.5001,0,0.0,2035.0,12288.0,20893029044,21480496383,22572160,23374024,1368641,0,0,0,0,0,0,0,0,0,0,0,0,798,79,3,2,0,0,0,0,0,0,0,0,0,network_stall
1779258106.7295358,g5.hpc.coe,43337,0.5001,0,0.0,2035.0,12288.0,20893029884,21480496495,22572163,23374027,1368641,0,0,0,0,0,0,0,0,0,0,0,0,840,112,3,3,0,0,0,0,0,0,0,0,0,network_stall
1779258107.2296734,g5.hpc.coe,43337,0.5001,0,0.0,2035.0,12288.0,20893030766,21480496574,22572166,23374029,1368641,0,0,0,0,0,0,0,0,0,0,0,0,882,79,3,2,0,0,0,0,0,0,0,0,0,network_stall
1779258107.7298064,g5.hpc.coe,43337,0.5001,0,0.0,2035.0,12288.0,20893031690,21480496686,22572169,23374032,1368641,0,0,0,0,0,0,0,0,0,0,0,0,924,112,3,3,0,0,0,0,0,0,0,0,0,network_stall
1779258108.2299438,g5.hpc.coe,43337,0.5001,0,0.0,2035.0,12288.0,20893032657,21480496765,22572172,23374034,1368641,0,0,0,0,0,0,0,0,0,0,0,0,967,79,3,2,0,0,0,0,0,0,0,0,0,network_stall
1779258108.7300777,g5.hpc.coe,43337,0.5001,0,0.0,2035.0,12288.0,20893033666,21480496877,22572175,23374037,1368641,0,0,0,0,0,0,0,0,0,0,0,0,1009,112,3,3,0,0,0,0,0,0,0,0,0,network_stall
1779258109.230181,g5.hpc.coe,43337,0.5001,0,100.0,2035.0,12288.0,20921522275,21508959745,22600924,23402749,1368645,0,0,0,0,0,0,0,0,0,0,0,0,28488609,28462868,28749,28712,4,0,0,0,0,0,0,0,0,network_stall
1779258109.7303333,g5.hpc.coe,43337,0.5002,0,0.0,2035.0,12288.0,20927772913,21515207225,22607140,23408963,1368647,0,0,0,0,0,0,0,0,0,0,0,0,6250638,6247480,6216,6214,2,0,0,0,0,0,0,0,0,network_stall
1779258110.2304623,g5.hpc.coe,43337,0.5001,0,0.0,2035.0,12288.0,20927774156,21515207359,22607146,23408966,1368647,0,0,0,0,0,0,0,0,0,0,0,0,1243,134,6,3,0,0,0,0,0,0,0,0,0,network_stall
1779258110.730586,g5.hpc.coe,43337,0.5001,0,0.0,2035.0,12288.0,20927774296,21515207449,22607148,23408968,1368647,0,0,0,0,0,0,0,0,0,0,0,0,140,90,2,2,0,0,0,0,0,0,0,0,0,network_stall
1779258111.2307248,g5.hpc.coe,43337,0.5001,0,0.0,2035.0,12288.0,20927774478,21515207506,22607150,23408969,1368647,0,0,0,0,0,0,0,0,0,0,0,0,182,57,2,1,0,0,0,0,0,0,0,0,0,network_stall
1779258111.7308884,g5.hpc.coe,43337,0.5002,0,0.0,2035.0,12288.0,20927774702,21515207596,22607152,23408971,1368647,0,0,0,0,0,0,0,0,0,0,0,0,224,90,2,2,0,0,0,0,0,0,0,0,0,network_stall
1779258112.2310221,g5.hpc.coe,43337,0.5001,0,0.0,2035.0,12288.0,20927774968,21515207653,22607154,23408972,1368647,0,0,0,0,0,0,0,0,0,0,0,0,266,57,2,1,0,0,0,0,0,0,0,0,0,network_stall
1779258112.7311616,g5.hpc.coe,43337,0.5001,0,0.0,2035.0,12288.0,20927775276,21515207710,22607156,23408973,1368647,0,0,0,0,0,0,0,0,0,0,0,0,308,57,2,1,0,0,0,0,0,0,0,0,0,network_stall
1779258113.2312622,g5.hpc.coe,43337,0.5001,0,0.0,2035.0,12288.0,20928473533,21516957195,22607939,23410773,1368647,0,0,0,0,0,0,0,0,0,0,0,0,698257,1749485,783,1800,0,0,0,0,0,0,0,0,0,network_stall
1779258113.7313929,g5.hpc.coe,43337,0.5001,0,100.0,2035.0,12288.0,20962512964,21549918044,22642099,23443905,1369109,0,0,0,0,0,0,0,0,0,0,0,0,34039431,32960849,34160,33132,462,0,0,0,0,0,0,0,0,network_stall
1779258114.231507,g5.hpc.coe,43337,0.5001,0,0.0,2035.0,12288.0,20962514030,21549918548,22642116,23443914,1369109,0,0,0,0,0,0,0,0,0,0,0,0,1066,504,17,9,0,0,0,0,0,0,0,0,0,network_stall
1779258114.7316403,g5.hpc.coe,43337,0.5001,0,0.0,2035.0,12288.0,20962514516,21549918605,22642118,23443915,1369109,0,0,0,0,0,0,0,0,0,0,0,0,486,57,2,1,0,0,0,0,0,0,0,0,0,network_stall
1779258115.2317567,g5.hpc.coe,43337,0.5001,0,0.0,2035.0,12288.0,20962515121,21549918717,22642122,23443917,1369109,0,0,0,0,0,0,0,0,0,0,0,0,605,112,4,2,0,0,0,0,0,0,0,0,0,network_stall
1779258115.731897,g5.hpc.coe,43337,0.5001,0,0.0,2035.0,12288.0,20962515713,21549918796,22642125,23443919,1369109,0,0,0,0,0,0,0,0,0,0,0,0,592,79,3,2,0,0,0,0,0,0,0,0,0,network_stall
1779258116.2320304,g5.hpc.coe,43337,0.5001,0,0.0,2035.0,12288.0,20962516347,21549918875,22642128,23443921,1369109,0,0,0,0,0,0,0,0,0,0,0,0,634,79,3,2,0,0,0,0,0,0,0,0,0,network_stall
1779258116.7321749,g5.hpc.coe,43337,0.5001,0,0.0,2035.0,12288.0,20962517023,21549918954,22642131,23443923,1369109,0,0,0,0,0,0,0,0,0,0,0,0,676,79,3,2,0,0,0,0,0,0,0,0,0,network_stall
1779258117.2322936,g5.hpc.coe,43337,0.5001,0,0.0,2035.0,12288.0,20962525375,21549926724,22642154,23443945,1369109,0,0,0,0,0,0,0,0,0,0,0,0,8352,7770,23,22,0,0,0,0,0,0,0,0,0,network_stall
1779258117.7324283,g5.hpc.coe,43337,0.5001,0,100.0,2035.0,12288.0,20997255522,21584629332,22677087,23478857,1369121,0,0,0,0,0,0,0,0,0,0,0,0,34730147,34702608,34933,34912,12,0,0,0,0,0,0,0,0,network_stall
1779258118.2325583,g5.hpc.coe,43337,0.5001,0,0.0,2035.0,12288.0,20997256330,21584629411,22677090,23478859,1369121,0,0,0,0,0,0,0,0,0,0,0,0,808,79,3,2,0,0,0,0,0,0,0,0,0,network_stall
1779258118.7326932,g5.hpc.coe,43337,0.5001,0,0.0,2035.0,12288.0,20997257180,21584629490,22677093,23478861,1369121,0,0,0,0,0,0,0,0,0,0,0,0,850,79,3,2,0,0,0,0,0,0,0,0,0,network_stall
1779258119.2328324,g5.hpc.coe,43337,0.5001,0,0.0,2035.0,12288.0,20997258072,21584629569,22677096,23478863,1369121,0,0,0,0,0,0,0,0,0,0,0,0,892,79,3,2,0,0,0,0,0,0,0,0,0,network_stall
1779258119.7329736,g5.hpc.coe,43337,0.5001,0,0.0,2035.0,12288.0,20997259006,21584629648,22677099,23478865,1369121,0,0,0,0,0,0,0,0,0,0,0,0,934,79,3,2,0,0,0,0,0,0,0,0,0,network_stall
1779258120.2331028,g5.hpc.coe,43337,0.5001,0,0.0,2035.0,12288.0,20997260059,21584629782,22677104,23478868,1369121,0,0,0,0,0,0,0,0,0,0,0,0,1053,134,5,3,0,0,0,0,0,0,0,0,0,network_stall
1779258120.7332401,g5.hpc.coe,43337,0.5001,0,0.0,2035.0,12288.0,20997261078,21584629861,22677107,23478870,1369121,0,0,0,0,0,0,0,0,0,0,0,0,1019,79,3,2,0,0,0,0,0,0,0,0,0,network_stall
1779258121.2333565,g5.hpc.coe,43337,0.5001,0,0.0,2035.0,12288.0,20997262139,21584629940,22677110,23478872,1369121,0,0,0,0,0,0,0,0,0,0,0,0,1061,79,3,2,0,0,0,0,0,0,0,0,0,network_stall
1779258121.7334912,g5.hpc.coe,43337,0.5001,0,100.0,2035.0,12288.0,21030465639,21618192367,22711185,23513021,1369125,0,0,0,0,0,0,0,0,0,0,0,0,33203500,33562427,34075,34149,4,0,0,0,0,0,0,0,0,network_stall
1779258122.2336197,g5.hpc.coe,43337,0.5001,0,0.0,2035.0,12288.0,21032001436,21619340269,22712065,23513799,1369125,0,0,0,0,0,0,0,0,0,0,0,0,1535797,1147902,880,778,0,0,0,0,0,0,0,0,0,network_stall
1779258122.733758,g5.hpc.coe,43337,0.5001,0,0.0,2035.0,12288.0,21032001586,21619340326,22712067,23513800,1369125,0,0,0,0,0,0,0,0,0,0,0,0,150,57,2,1,0,0,0,0,0,0,0,0,0,network_stall
1779258123.2338758,g5.hpc.coe,43337,0.5001,0,0.0,2035.0,12288.0,21032001778,21619340383,22712069,23513801,1369125,0,0,0,0,0,0,0,0,0,0,0,0,192,57,2,1,0,0,0,0,0,0,0,0,0,network_stall
1779258123.7340093,g5.hpc.coe,43337,0.5001,0,0.0,2035.0,12288.0,21032002012,21619340473,22712071,23513803,1369125,0,0,0,0,0,0,0,0,0,0,0,0,234,90,2,2,0,0,0,0,0,0,0,0,0,network_stall
1779258124.23415,g5.hpc.coe,43337,0.5001,0,0.0,2035.0,12288.0,21032002288,21619340530,22712073,23513804,1369125,0,0,0,0,0,0,0,0,0,0,0,0,276,57,2,1,0,0,0,0,0,0,0,0,0,network_stall
1779258124.734285,g5.hpc.coe,43337,0.5001,0,0.0,2035.0,12288.0,21032002605,21619340620,22712075,23513806,1369125,0,0,0,0,0,0,0,0,0,0,0,0,317,90,2,2,0,0,0,0,0,0,0,0,0,network_stall
1779258125.2344246,g5.hpc.coe,43337,0.5001,0,0.0,2035.0,12288.0,21032002964,21619340677,22712077,23513807,1369125,0,0,0,0,0,0,0,0,0,0,0,0,359,57,2,1,0,0,0,0,0,0,0,0,0,network_stall
1779258125.734535,g5.hpc.coe,43337,0.5001,0,100.0,2035.0,12288.0,21060490937,21647803618,22740818,23542521,1370111,0,0,0,0,0,0,0,0,0,0,0,0,28487973,28462941,28741,28714,986,0,0,0,0,0,0,0,0,network_stall
1779258126.234665,g5.hpc.coe,43337,0.5001,0,0.0,2035.0,12288.0,21066740938,21654051057,22747037,23548735,1370113,0,0,0,0,0,0,0,0,0,0,0,0,6250001,6247439,6219,6214,2,0,0,0,0,0,0,0,0,network_stall
1779258126.7348156,g5.hpc.coe,43337,0.5002,0,0.0,2035.0,12288.0,21066741432,21654051147,22747039,23548737,1370113,0,0,0,0,0,0,0,0,0,0,0,0,494,90,2,2,0,0,0,0,0,0,0,0,0,network_stall
1779258127.2349584,g5.hpc.coe,43337,0.5001,0,0.0,2035.0,12288.0,21066741968,21654051204,22747041,23548738,1370113,0,0,0,0,0,0,0,0,0,0,0,0,536,57,2,1,0,0,0,0,0,0,0,0,0,network_stall
1779258127.7350955,g5.hpc.coe,43337,0.5001,0,0.0,2035.0,12288.0,21066742568,21654051316,22747044,23548741,1370113,0,0,0,0,0,0,0,0,0,0,0,0,600,112,3,3,0,0,0,0,0,0,0,0,0,network_stall
1779258128.2352426,g5.hpc.coe,43337,0.5001,0,0.0,2035.0,12288.0,21066743210,21654051395,22747047,23548743,1370113,0,0,0,0,0,0,0,0,0,0,0,0,642,79,3,2,0,0,0,0,0,0,0,0,0,network_stall
1779258128.7353637,g5.hpc.coe,43337,0.5001,0,0.0,2035.0,12288.0,21066743894,21654051507,22747050,23548746,1370113,0,0,0,0,0,0,0,0,0,0,0,0,684,112,3,3,0,0,0,0,0,0,0,0,0,network_stall
1779258129.2354946,g5.hpc.coe,43337,0.5001,0,0.0,2035.0,12288.0,21066745243,21654052033,22747068,23548756,1370113,0,0,0,0,0,0,0,0,0,0,0,0,1349,526,18,10,0,0,0,0,0,0,0,0,0,network_stall
1779258129.7356205,g5.hpc.coe,43337,0.5001,0,100.0,2035.0,12288.0,21094543477,21681828021,22775060,23576728,1370123,0,0,0,0,0,0,0,0,0,0,0,0,27798234,27775988,27992,27972,10,0,0,0,0,0,0,0,0,network_stall
1779258130.2357504,g5.hpc.coe,43337,0.5001,0,0.0,2035.0,12288.0,21101483821,21688762369,22782020,23583684,1370123,0,0,0,0,0,0,0,0,0,0,0,0,6940344,6934348,6960,6956,0,0,0,0,0,0,0,0,0,network_stall
1779258130.7358866,g5.hpc.coe,43337,0.5001,0,0.0,2035.0,12288.0,21101484761,21688762503,22782025,23583687,1370123,0,0,0,0,0,0,0,0,0,0,0,0,940,134,5,3,0,0,0,0,0,0,0,0,0,network_stall
1779258131.2360241,g5.hpc.coe,43337,0.5001,0,0.0,2035.0,12288.0,21101485666,21688762582,22782028,23583689,1370123,0,0,0,0,0,0,0,0,0,0,0,0,905,79,3,2,0,0,0,0,0,0,0,0,0,network_stall
1779258131.7361612,g5.hpc.coe,43337,0.5001,0,0.0,2035.0,12288.0,21101486613,21688762661,22782031,23583691,1370123,0,0,0,0,0,0,0,0,0,0,0,0,947,79,3,2,0,0,0,0,0,0,0,0,0,network_stall
1779258132.2362947,g5.hpc.coe,43337,0.5001,0,0.0,2035.0,12288.0,21101487602,21688762740,22782034,23583693,1370123,0,0,0,0,0,0,0,0,0,0,0,0,989,79,3,2,0,0,0,0,0,0,0,0,0,network_stall
1779258132.7364106,g5.hpc.coe,43337,0.5001,0,0.0,2035.0,12288.0,21101488633,21688762819,22782037,23583695,1370123,0,0,0,0,0,0,0,0,0,0,0,0,1031,79,3,2,0,0,0,0,0,0,0,0,0,network_stall
1779258133.2365468,g5.hpc.coe,43337,0.5001,0,0.0,2035.0,12288.0,21101489728,21688762898,22782041,23583697,1370123,0,0,0,0,0,0,0,0,0,0,0,0,1095,79,4,2,0,0,0,0,0,0,0,0,0,network_stall
1779258133.7366545,g5.hpc.coe,43337,0.5001,0,100.0,2035.0,12288.0,21123030935,21710283743,22803789,23605426,1370126,0,0,0,0,0,0,0,0,0,0,0,0,21541207,21520845,21748,21729,3,0,0,0,0,0,0,0,0,network_stall
1779258134.2367735,g5.hpc.coe,43337,0.5001,0,0.0,2035.0,12288.0,21136229021,21723473262,22816992,23618629,1370128,0,0,0,0,0,0,0,0,0,0,0,0,13198086,13189519,13203,13203,2,0,0,0,0,0,0,0,0,network_stall
1779258134.736916,g5.hpc.coe,43337,0.5001,0,0.0,2035.0,12288.0,21136229184,21723473319,22816994,23618630,1370128,0,0,0,0,0,0,0,0,0,0,0,0,163,57,2,1,0,0,0,0,0,0,0,0,0,network_stall
1779258135.2370627,g5.hpc.coe,43337,0.5001,0,0.0,2035.0,12288.0,21136229389,21723473376,22816996,23618631,1370128,0,0,0,0,0,0,0,0,0,0,0,0,205,57,2,1,0,0,0,0,0,0,0,0,0,network_stall
1779258135.7371972,g5.hpc.coe,43337,0.5001,0,0.0,2035.0,12288.0,21136229713,21723473488,22817000,23618633,1370128,0,0,0,0,0,0,0,0,0,0,0,0,324,112,4,2,0,0,0,0,0,0,0,0,0,network_stall
1779258136.2373283,g5.hpc.coe,43337,0.5001,0,0.0,2035.0,12288.0,21136230002,21723473545,22817002,23618634,1370128,0,0,0,0,0,0,0,0,0,0,0,0,289,57,2,1,0,0,0,0,0,0,0,0,0,network_stall
1779258136.737463,g5.hpc.coe,43337,0.5001,0,0.0,2035.0,12288.0,21136230333,21723473602,22817004,23618635,1370128,0,0,0,0,0,0,0,0,0,0,0,0,331,57,2,1,0,0,0,0,0,0,0,0,0,network_stall
1779258137.2376032,g5.hpc.coe,43337,0.5001,0,0.0,2035.0,12288.0,21136230706,21723473659,22817006,23618636,1370128,0,0,0,0,0,0,0,0,0,0,0,0,373,57,2,1,0,0,0,0,0,0,0,0,0,network_stall
1779258137.737727,g5.hpc.coe,43337,0.5001,0,100.0,2035.0,12288.0,21157081147,21744307567,22838002,23639619,1370141,0,0,0,0,0,0,0,0,0,0,0,0,20850441,20833908,20996,20983,13,0,0,0,0,0,0,0,0,network_stall
1779258138.2378793,g5.hpc.coe,43337,0.5002,0,0.0,2035.0,12288.0,21170968589,21758183944,22851958,23653561,1370143,0,0,0,0,0,0,0,0,0,0,0,0,13887442,13876377,13956,13942,2,0,0,0,0,0,0,0,0,network_stall
1779258138.738015,g5.hpc.coe,43337,0.5001,0,0.0,2035.0,12288.0,21170969098,21758184001,22851960,23653562,1370143,0,0,0,0,0,0,0,0,0,0,0,0,509,57,2,1,0,0,0,0,0,0,0,0,0,network_stall
1779258139.2381437,g5.hpc.coe,43337,0.5001,0,0.0,2035.0,12288.0,21170969671,21758184080,22851963,23653564,1370143,0,0,0,0,0,0,0,0,0,0,0,0,573,79,3,2,0,0,0,0,0,0,0,0,0,network_stall
1779258139.7382796,g5.hpc.coe,43337,0.5001,0,0.0,2035.0,12288.0,21170970286,21758184159,22851966,23653566,1370143,0,0,0,0,0,0,0,0,0,0,0,0,615,79,3,2,0,0,0,0,0,0,0,0,0,network_stall
1779258140.2383957,g5.hpc.coe,43337,0.5001,0,0.0,2035.0,12288.0,21170970943,21758184238,22851969,23653568,1370143,0,0,0,0,0,0,0,0,0,0,0,0,657,79,3,2,0,0,0,0,0,0,0,0,0,network_stall
1779258140.7385275,g5.hpc.coe,43337,0.5001,0,0.0,2035.0,12288.0,21170971719,21758184372,22851974,23653571,1370143,0,0,0,0,0,0,0,0,0,0,0,0,776,134,5,3,0,0,0,0,0,0,0,0,0,network_stall
1779258141.2386642,g5.hpc.coe,43337,0.5001,0,0.0,2035.0,12288.0,21170972460,21758184451,22851977,23653573,1370143,0,0,0,0,0,0,0,0,0,0,0,0,741,79,3,2,0,0,0,0,0,0,0,0,0,network_stall
1779258141.7387912,g5.hpc.coe,43337,0.5001,0,100.0,2035.0,12288.0,21185565853,21772763287,22866726,23668321,1370566,0,0,0,0,0,0,0,0,0,0,0,0,14593393,14578836,14749,14748,423,0,0,0,0,0,0,0,0,network_stall
1779258142.238921,g5.hpc.coe,43337,0.5001,0,0.0,2035.0,12288.0,21205710996,21792894815,22886919,23688505,1370578,0,0,0,0,0,0,0,0,0,0,0,0,20145143,20131528,20193,20184,12,0,0,0,0,0,0,0,0,network_stall
1779258142.7390523,g5.hpc.coe,43337,0.5001,0,0.0,2035.0,12288.0,21205711874,21792894894,22886922,23688507,1370578,0,0,0,0,0,0,0,0,0,0,0,0,878,79,3,2,0,0,0,0,0,0,0,0,0,network_stall
1779258143.239195,g5.hpc.coe,43337,0.5001,0,0.0,2035.0,12288.0,21205712794,21792894973,22886925,23688509,1370578,0,0,0,0,0,0,0,0,0,0,0,0,920,79,3,2,0,0,0,0,0,0,0,0,0,network_stall
1779258143.7393305,g5.hpc.coe,43337,0.5001,0,0.0,2035.0,12288.0,21205713755,21792895052,22886928,23688511,1370578,0,0,0,0,0,0,0,0,0,0,0,0,961,79,3,2,0,0,0,0,0,0,0,0,0,network_stall
1779258144.2394454,g5.hpc.coe,43337,0.5001,0,0.0,2035.0,12288.0,21205715381,21792895578,22886946,23688521,1370578,0,0,0,0,0,0,0,0,0,0,0,0,1626,526,18,10,0,0,0,0,0,0,0,0,0,network_stall
1779258144.7395463,g5.hpc.coe,43337,0.5001,0,0.0,2035.0,12288.0,21205716427,21792895657,22886949,23688523,1370578,0,0,0,0,0,0,0,0,0,0,0,0,1046,79,3,2,0,0,0,0,0,0,0,0,0,network_stall
1779258145.2396946,g5.hpc.coe,43337,0.5001,0,0.0,2035.0,12288.0,21205717538,21792895736,22886953,23688525,1370578,0,0,0,0,0,0,0,0,0,0,0,0,1111,79,4,2,0,0,0,0,0,0,0,0,0,network_stall
1779258145.7398238,g5.hpc.coe,43337,0.5001,0,92.0,2035.0,12288.0,21219621299,21806787622,22900959,23702523,1371166,0,0,0,0,0,0,0,0,0,0,0,0,13903761,13891886,14006,13998,588,0,0,0,0,0,0,0,0,network_stall
1779258146.2399623,g5.hpc.coe,43337,0.5001,0,0.0,2035.0,12288.0,21240455779,21827606154,22921893,23723460,1371178,0,0,0,0,0,0,0,0,0,0,0,0,20834480,20818532,20934,20937,12,0,0,0,0,0,0,0,0,network_stall
1779258146.7400804,g5.hpc.coe,43337,0.5001,0,0.0,2035.0,12288.0,21240455958,21827606211,22921895,23723461,1371178,0,0,0,0,0,0,0,0,0,0,0,0,179,57,2,1,0,0,0,0,0,0,0,0,0,network_stall
1779258147.2402158,g5.hpc.coe,43337,0.5001,0,0.0,2035.0,12288.0,21240456179,21827606268,22921897,23723462,1371178,0,0,0,0,0,0,0,0,0,0,0,0,221,57,2,1,0,0,0,0,0,0,0,0,0,network_stall
1779258147.7403474,g5.hpc.coe,43337,0.5001,0,0.0,2035.0,12288.0,21240456442,21827606325,22921899,23723463,1371178,0,0,0,0,0,0,0,0,0,0,0,0,263,57,2,1,0,0,0,0,0,0,0,0,0,network_stall
1779258148.2404819,g5.hpc.coe,43337,0.5001,0,0.0,2035.0,12288.0,21240456747,21827606382,22921901,23723464,1371178,0,0,0,0,0,0,0,0,0,0,0,0,305,57,2,1,0,0,0,0,0,0,0,0,0,network_stall
1779258148.7406118,g5.hpc.coe,43337,0.5001,0,0.0,2035.0,12288.0,21240457094,21827606439,22921903,23723465,1371178,0,0,0,0,0,0,0,0,0,0,0,0,347,57,2,1,0,0,0,0,0,0,0,0,0,network_stall
1779258149.2407472,g5.hpc.coe,43337,0.5001,0,0.0,2035.0,12288.0,21240457483,21827606496,22921905,23723466,1371178,0,0,0,0,0,0,0,0,0,0,0,0,389,57,2,1,0,0,0,0,0,0,0,0,0,network_stall
1779258149.7408779,g5.hpc.coe,43337,0.5001,0,74.0,2035.0,12288.0,21248103155,21835243224,22929668,23731221,1374255,0,0,0,0,0,0,0,0,0,0,0,0,7645672,7636728,7763,7755,3077,0,0,0,0,0,0,0,0,network_stall
1779258150.2410176,g5.hpc.coe,43337,0.5001,0,3.0,2035.0,12288.0,21275195356,21862316823,22956851,23758397,1374260,0,0,0,0,0,0,0,0,0,0,0,0,27092201,27073599,27183,27176,5,0,0,0,0,0,0,0,0,network_stall
1779258150.7411535,g5.hpc.coe,43337,0.5001,0,0.0,2035.0,12288.0,21275195881,21862316880,22956853,23758398,1374260,0,0,0,0,0,0,0,0,0,0,0,0,525,57,2,1,0,0,0,0,0,0,0,0,0,network_stall
1779258151.2412908,g5.hpc.coe,43337,0.5001,0,0.0,2035.0,12288.0,21275196547,21862317014,22956858,23758401,1374260,0,0,0,0,0,0,0,0,0,0,0,0,666,134,5,3,0,0,0,0,0,0,0,0,0,network_stall
1779258151.7414262,g5.hpc.coe,43337,0.5001,0,0.0,2035.0,12288.0,21275197178,21862317093,22956861,23758403,1374260,0,0,0,0,0,0,0,0,0,0,0,0,631,79,3,2,0,0,0,0,0,0,0,0,0,network_stall
1779258152.2415695,g5.hpc.coe,43337,0.5001,0,0.0,2035.0,12288.0,21275197851,21862317172,22956864,23758405,1374260,0,0,0,0,0,0,0,0,0,0,0,0,673,79,3,2,0,0,0,0,0,0,0,0,0,network_stall
1779258152.7417147,g5.hpc.coe,43337,0.5001,0,0.0,2035.0,12288.0,21275198566,21862317251,22956867,23758407,1374260,0,0,0,0,0,0,0,0,0,0,0,0,715,79,3,2,0,0,0,0,0,0,0,0,0,network_stall
1779258153.2418308,g5.hpc.coe,43337,0.5001,0,0.0,2035.0,12288.0,21275199323,21862317330,22956870,23758409,1374260,0,0,0,0,0,0,0,0,0,0,0,0,757,79,3,2,0,0,0,0,0,0,0,0,0,network_stall
1779258153.7419577,g5.hpc.coe,43337,0.5001,0,54.0,2035.0,12288.0,21282155354,21869267193,22963889,23765424,1374753,0,0,0,0,0,0,0,0,0,0,0,0,6956031,6949863,7019,7015,493,0,0,0,0,0,0,0,0,network_stall
1779258154.2420983,g5.hpc.coe,43337,0.5001,0,24.0,2035.0,12288.0,21309937946,21897027624,22991820,23793331,1374756,0,0,0,0,0,0,0,0,0,0,0,0,27782592,27760431,27931,27907,3,0,0,0,0,0,0,0,0,network_stall
1779258154.742238,g5.hpc.coe,43337,0.5001,0,0.0,2035.0,12288.0,21309938839,21897027703,22991823,23793333,1374756,0,0,0,0,0,0,0,0,0,0,0,0,893,79,3,2,0,0,0,0,0,0,0,0,0,network_stall
1779258155.2423801,g5.hpc.coe,43337,0.5001,0,0.0,2035.0,12288.0,21309939773,21897027782,22991826,23793335,1374756,0,0,0,0,0,0,0,0,0,0,0,0,934,79,3,2,0,0,0,0,0,0,0,0,0,network_stall
1779258155.7425065,g5.hpc.coe,43337,0.5001,0,0.0,2035.0,12288.0,21309940749,21897027861,22991829,23793337,1374756,0,0,0,0,0,0,0,0,0,0,0,0,976,79,3,2,0,0,0,0,0,0,0,0,0,network_stall
1779258156.2426405,g5.hpc.coe,43337,0.5001,0,0.0,2035.0,12288.0,21309941844,21897027995,22991834,23793340,1374756,0,0,0,0,0,0,0,0,0,0,0,0,1095,134,5,3,0,0,0,0,0,0,0,0,0,network_stall
1779258156.7427828,g5.hpc.coe,43337,0.5001,0,0.0,2035.0,12288.0,21309942905,21897028074,22991837,23793342,1374756,0,0,0,0,0,0,0,0,0,0,0,0,1061,79,3,2,0,0,0,0,0,0,0,0,0,network_stall
1779258157.2429175,g5.hpc.coe,43337,0.5001,0,0.0,2035.0,12288.0,21309944030,21897028153,22991841,23793344,1374756,0,0,0,0,0,0,0,0,0,0,0,0,1125,79,4,2,0,0,0,0,0,0,0,0,0,network_stall
1779258157.7430391,g5.hpc.coe,43337,0.5001,0,34.0,2035.0,12288.0,21310643132,21898777646,22992630,23795143,1374756,0,0,0,0,0,0,0,0,0,0,0,0,699102,1749493,789,1799,0,0,0,0,0,0,0,0,0,network_stall
1779258158.2431707,g5.hpc.coe,43337,0.5001,0,43.0,2035.0,12288.0,21344682313,21931738474,23026790,23828272,1374765,0,0,0,0,0,0,0,0,0,0,0,0,34039181,32960828,34160,33129,9,0,0,0,0,0,0,0,0,network_stall
1779258158.7433064,g5.hpc.coe,43337,0.5001,0,0.0,2035.0,12288.0,21344682505,21931738531,23026792,23828273,1374765,0,0,0,0,0,0,0,0,0,0,0,0,192,57,2,1,0,0,0,0,0,0,0,0,0,network_stall
1779258159.243441,g5.hpc.coe,43337,0.5001,0,0.0,2035.0,12288.0,21344683362,21931739035,23026809,23828282,1374765,0,0,0,0,0,0,0,0,0,0,0,0,857,504,17,9,0,0,0,0,0,0,0,0,0,network_stall
1779258159.743554,g5.hpc.coe,43337,0.5001,0,0.0,2035.0,12288.0,21344683638,21931739092,23026811,23828283,1374765,0,0,0,0,0,0,0,0,0,0,0,0,276,57,2,1,0,0,0,0,0,0,0,0,0,network_stall
1779258160.2436812,g5.hpc.coe,43337,0.5001,0,0.0,2035.0,12288.0,21344683956,21931739149,23026813,23828284,1374765,0,0,0,0,0,0,0,0,0,0,0,0,318,57,2,1,0,0,0,0,0,0,0,0,0,network_stall
1779258160.743797,g5.hpc.coe,43337,0.5001,0,0.0,2035.0,12288.0,21344684316,21931739206,23026815,23828285,1374765,0,0,0,0,0,0,0,0,0,0,0,0,360,57,2,1,0,0,0,0,0,0,0,0,0,network_stall
1779258161.2439096,g5.hpc.coe,43337,0.5001,0,0.0,2035.0,12288.0,21344684795,21931739318,23026819,23828287,1374765,0,0,0,0,0,0,0,0,0,0,0,0,479,112,4,2,0,0,0,0,0,0,0,0,0,network_stall
1779258161.744013,g5.hpc.coe,43337,0.5001,0,13.0,2035.0,12288.0,21345383111,21932854755,23027601,23829890,1374765,0,0,0,0,0,0,0,0,0,0,0,0,698316,1115437,782,1603,0,0,0,0,0,0,0,0,0,network_stall
1779258162.2441428,g5.hpc.coe,43337,0.5001,0,64.0,2035.0,12288.0,21379422727,21966449638,23061770,23863217,1375384,0,0,0,0,0,0,0,0,0,0,0,0,34039616,33594883,34169,33327,619,0,0,0,0,0,0,0,0,network_stall
1779258162.7442658,g5.hpc.coe,43337,0.5001,0,0.0,2035.0,12288.0,21379423264,21966449695,23061772,23863218,1375384,0,0,0,0,0,0,0,0,0,0,0,0,537,57,2,1,0,0,0,0,0,0,0,0,0,network_stall
1779258163.2443836,g5.hpc.coe,43337,0.5001,0,0.0,2035.0,12288.0,21379424122,21966450029,23061780,23863225,1375384,0,0,0,0,0,0,0,0,0,0,0,0,858,334,8,7,0,0,0,0,0,0,0,0,0,network_stall
1779258163.744522,g5.hpc.coe,43337,0.5001,0,0.0,2035.0,12288.0,21379424787,21966450108,23061784,23863227,1375384,0,0,0,0,0,0,0,0,0,0,0,0,665,79,4,2,0,0,0,0,0,0,0,0,0,network_stall
1779258164.2446556,g5.hpc.coe,43337,0.5001,0,0.0,2035.0,12288.0,21379425472,21966450187,23061787,23863229,1375384,0,0,0,0,0,0,0,0,0,0,0,0,685,79,3,2,0,0,0,0,0,0,0,0,0,network_stall
1779258164.744804,g5.hpc.coe,43337,0.5001,0,0.0,2035.0,12288.0,21379426199,21966450266,23061790,23863231,1375384,0,0,0,0,0,0,0,0,0,0,0,0,727,79,3,2,0,0,0,0,0,0,0,0,0,network_stall
1779258165.2449324,g5.hpc.coe,43337,0.5001,0,0.0,2035.0,12288.0,21379426967,21966450345,23061793,23863233,1375384,0,0,0,0,0,0,0,0,0,0,0,0,768,79,3,2,0,0,0,0,0,0,0,0,0,network_stall
1779258165.7450657,g5.hpc.coe,43337,0.5001,0,0.0,2035.0,12288.0,21379427777,21966450424,23061796,23863235,1375384,0,0,0,0,0,0,0,0,0,0,0,0,810,79,3,2,0,0,0,0,0,0,0,0,0,network_stall
1779258166.2452083,g5.hpc.coe,43337,0.5001,0,100.0,2035.0,12288.0,21414165704,22001160757,23096750,23898165,1377560,0,0,0,0,0,0,0,0,0,0,0,0,34737927,34710333,34954,34930,2176,0,0,0,0,0,0,0,0,network_stall
1779258166.7453442,g5.hpc.coe,43337,0.5001,0,0.0,2035.0,12288.0,21414166626,22001160836,23096754,23898167,1377560,0,0,0,0,0,0,0,0,0,0,0,0,922,79,4,2,0,0,0,0,0,0,0,0,0,network_stall
1779258167.245478,g5.hpc.coe,43337,0.5001,0,0.0,2035.0,12288.0,21414167568,22001160915,23096757,23898169,1377560,0,0,0,0,0,0,0,0,0,0,0,0,942,79,3,2,0,0,0,0,0,0,0,0,0,network_stall
1779258167.7456064,g5.hpc.coe,43337,0.5001,0,0.0,2035.0,12288.0,21414168552,22001160994,23096760,23898171,1377560,0,0,0,0,0,0,0,0,0,0,0,0,984,79,3,2,0,0,0,0,0,0,0,0,0,network_stall
1779258168.2457538,g5.hpc.coe,43337,0.5001,0,0.0,2035.0,12288.0,21414169578,22001161073,23096763,23898173,1377560,0,0,0,0,0,0,0,0,0,0,0,0,1026,79,3,2,0,0,0,0,0,0,0,0,0,network_stall
1779258168.7458956,g5.hpc.coe,43337,0.5001,0,0.0,2035.0,12288.0,21414170668,22001161152,23096767,23898175,1377560,0,0,0,0,0,0,0,0,0,0,0,0,1090,79,4,2,0,0,0,0,0,0,0,0,0,network_stall
1779258169.2460294,g5.hpc.coe,43337,0.5001,0,0.0,2035.0,12288.0,21414171801,22001161231,23096771,23898177,1377560,0,0,0,0,0,0,0,0,0,0,0,0,1133,79,4,2,0,0,0,0,0,0,0,0,0,network_stall
1779258169.746167,g5.hpc.coe,43337,0.5001,0,0.0,2035.0,12288.0,21414172976,22001161310,23096775,23898179,1377560,0,0,0,0,0,0,0,0,0,0,0,0,1175,79,4,2,0,0,0,0,0,0,0,0,0,network_stall
1779258170.2463014,g5.hpc.coe,43337,0.5001,0,100.0,2035.0,12288.0,21442660522,22029624142,23125500,23926888,1377791,0,0,0,0,0,0,0,0,0,0,0,0,28487546,28462832,28725,28709,231,0,0,0,0,0,0,0,0,network_stall
1779258170.7464366,g5.hpc.coe,43337,0.5001,0,0.0,2035.0,12288.0,21448910265,22035871588,23131718,23933103,1377791,0,0,0,0,0,0,0,0,0,0,0,0,6249743,6247446,6218,6215,0,0,0,0,0,0,0,0,0,network_stall
1779258171.2465744,g5.hpc.coe,43337,0.5001,0,0.0,2035.0,12288.0,21448910507,22035871645,23131720,23933104,1377791,0,0,0,0,0,0,0,0,0,0,0,0,242,57,2,1,0,0,0,0,0,0,0,0,0,network_stall
1779258171.7467024,g5.hpc.coe,43337,0.5001,0,0.0,2035.0,12288.0,21448910868,22035871757,23131724,23933106,1377791,0,0,0,0,0,0,0,0,0,0,0,0,361,112,4,2,0,0,0,0,0,0,0,0,0,network_stall
1779258172.2468233,g5.hpc.coe,43337,0.5001,0,0.0,2035.0,12288.0,21448911195,22035871814,23131726,23933107,1377791,0,0,0,0,0,0,0,0,0,0,0,0,327,57,2,1,0,0,0,0,0,0,0,0,0,network_stall
1779258172.7469578,g5.hpc.coe,43337,0.5001,0,0.0,2035.0,12288.0,21448911564,22035871871,23131728,23933108,1377791,0,0,0,0,0,0,0,0,0,0,0,0,369,57,2,1,0,0,0,0,0,0,0,0,0,network_stall
1779258173.2470746,g5.hpc.coe,43337,0.5001,0,0.0,2035.0,12288.0,21448911975,22035871928,23131730,23933109,1377791,0,0,0,0,0,0,0,0,0,0,0,0,411,57,2,1,0,0,0,0,0,0,0,0,0,network_stall
1779258173.7472057,g5.hpc.coe,43337,0.5001,0,0.0,2035.0,12288.0,21448912428,22035871985,23131732,23933110,1377791,0,0,0,0,0,0,0,0,0,0,0,0,453,57,2,1,0,0,0,0,0,0,0,0,0,network_stall
1779258174.247334,g5.hpc.coe,43337,0.5001,0,100.0,2035.0,12288.0,21477401013,22064335271,23160482,23961828,1377796,0,0,0,0,0,0,0,0,0,0,0,0,28488585,28463286,28750,28718,5,0,0,0,0,0,0,0,0,network_stall
1779258174.7474656,g5.hpc.coe,43337,0.5001,0,0.0,2035.0,12288.0,21483651087,22070582703,23166698,23968041,1377796,0,0,0,0,0,0,0,0,0,0,0,0,6250074,6247432,6216,6213,0,0,0,0,0,0,0,0,0,network_stall
1779258175.2476068,g5.hpc.coe,43337,0.5001,0,0.0,2035.0,12288.0,21483651696,22070582782,23166701,23968043,1377796,0,0,0,0,0,0,0,0,0,0,0,0,609,79,3,2,0,0,0,0,0,0,0,0,0,network_stall
1779258175.7477474,g5.hpc.coe,43337,0.5001,0,0.0,2035.0,12288.0,21483652347,22070582861,23166704,23968045,1377796,0,0,0,0,0,0,0,0,0,0,0,0,651,79,3,2,0,0,0,0,0,0,0,0,0,network_stall
1779258176.2478695,g5.hpc.coe,43337,0.5001,0,0.0,2035.0,12288.0,21483653040,22070582940,23166707,23968047,1377796,0,0,0,0,0,0,0,0,0,0,0,0,693,79,3,2,0,0,0,0,0,0,0,0,0,network_stall
1779258176.748001,g5.hpc.coe,43337,0.5001,0,0.0,2035.0,12288.0,21483653852,22070583074,23166712,23968050,1377796,0,0,0,0,0,0,0,0,0,0,0,0,812,134,5,3,0,0,0,0,0,0,0,0,0,network_stall
1779258177.2481353,g5.hpc.coe,43337,0.5001,0,0.0,2035.0,12288.0,21483654629,22070583153,23166715,23968052,1377796,0,0,0,0,0,0,0,0,0,0,0,0,777,79,3,2,0,0,0,0,0,0,0,0,0,network_stall
1779258177.7482674,g5.hpc.coe,43337,0.5001,0,0.0,2035.0,12288.0,21483655448,22070583232,23166718,23968054,1377796,0,0,0,0,0,0,0,0,0,0,0,0,819,79,3,2,0,0,0,0,0,0,0,0,0,network_stall
1779258178.2483888,g5.hpc.coe,43337,0.5001,0,100.0,2035.0,12288.0,21505196386,22092104042,23188466,23989778,1377816,0,0,0,0,0,0,0,0,0,0,0,0,21540938,21520810,21748,21724,20,0,0,0,0,0,0,0,0,network_stall
1779258178.7485332,g5.hpc.coe,43337,0.5001,0,0.0,2035.0,12288.0,21518394238,22105293533,23201674,24002977,1377818,0,0,0,0,0,0,0,0,0,0,0,0,13197852,13189491,13208,13199,2,0,0,0,0,0,0,0,0,network_stall
1779258179.2486644,g5.hpc.coe,43337,0.5001,0,0.0,2035.0,12288.0,21518395194,22105293612,23201677,24002979,1377818,0,0,0,0,0,0,0,0,0,0,0,0,956,79,3,2,0,0,0,0,0,0,0,0,0,network_stall
1779258179.748793,g5.hpc.coe,43337,0.5001,0,0.0,2035.0,12288.0,21518396192,22105293691,23201680,24002981,1377818,0,0,0,0,0,0,0,0,0,0,0,0,998,79,3,2,0,0,0,0,0,0,0,0,0,network_stall
1779258180.248932,g5.hpc.coe,43337,0.5001,0,0.0,2035.0,12288.0,21518397231,22105293770,23201683,24002983,1377818,0,0,0,0,0,0,0,0,0,0,0,0,1039,79,3,2,0,0,0,0,0,0,0,0,0,network_stall
1779258180.7490625,g5.hpc.coe,43337,0.5001,0,0.0,2035.0,12288.0,21518398334,22105293849,23201687,24002985,1377818,0,0,0,0,0,0,0,0,0,0,0,0,1103,79,4,2,0,0,0,0,0,0,0,0,0,network_stall
1779258181.2491977,g5.hpc.coe,43337,0.5001,0,0.0,2035.0,12288.0,21518399480,22105293928,23201691,24002987,1377818,0,0,0,0,0,0,0,0,0,0,0,0,1146,79,4,2,0,0,0,0,0,0,0,0,0,network_stall
1779258181.7493305,g5.hpc.coe,43337,0.5001,0,0.0,2035.0,12288.0,21518400745,22105294062,23201697,24002990,1377818,0,0,0,0,0,0,0,0,0,0,0,0,1265,134,6,3,0,0,0,0,0,0,0,0,0,network_stall
1779258182.2494607,g5.hpc.coe,43337,0.5001,0,100.0,2035.0,12288.0,21539940984,22126814850,23223444,24024713,1377823,0,0,0,0,0,0,0,0,0,0,0,0,21540239,21520788,21747,21723,5,0,0,0,0,0,0,0,0,network_stall
1779258182.74959,g5.hpc.coe,43337,0.5001,0,0.0,2035.0,12288.0,21553138137,22140004347,23236651,24037915,1377825,0,0,0,0,0,0,0,0,0,0,0,0,13197153,13189497,13207,13202,2,0,0,0,0,0,0,0,0,network_stall
1779258183.2497394,g5.hpc.coe,43337,0.5001,0,0.0,2035.0,12288.0,21553138393,22140004404,23236653,24037916,1377825,0,0,0,0,0,0,0,0,0,0,0,0,256,57,2,1,0,0,0,0,0,0,0,0,0,network_stall
1779258183.7498744,g5.hpc.coe,43337,0.5001,0,0.0,2035.0,12288.0,21553138691,22140004461,23236655,24037917,1377825,0,0,0,0,0,0,0,0,0,0,0,0,298,57,2,1,0,0,0,0,0,0,0,0,0,network_stall
1779258184.2500083,g5.hpc.coe,43337,0.5001,0,0.0,2035.0,12288.0,21553139031,22140004518,23236657,24037918,1377825,0,0,0,0,0,0,0,0,0,0,0,0,340,57,2,1,0,0,0,0,0,0,0,0,0,network_stall
1779258184.7501395,g5.hpc.coe,43337,0.5001,0,0.0,2035.0,12288.0,21553139413,22140004575,23236659,24037919,1377825,0,0,0,0,0,0,0,0,0,0,0,0,382,57,2,1,0,0,0,0,0,0,0,0,0,network_stall
1779258185.2502692,g5.hpc.coe,43337,0.5001,0,0.0,2035.0,12288.0,21553139837,22140004632,23236661,24037920,1377825,0,0,0,0,0,0,0,0,0,0,0,0,424,57,2,1,0,0,0,0,0,0,0,0,0,network_stall
1779258185.7503903,g5.hpc.coe,43337,0.5001,0,0.0,2035.0,12288.0,21553140303,22140004689,23236663,24037921,1377825,0,0,0,0,0,0,0,0,0,0,0,0,466,57,2,1,0,0,0,0,0,0,0,0,0,network_stall
1779258186.2505202,g5.hpc.coe,43337,0.5001,0,100.0,2035.0,12288.0,21571557713,22158803281,23255845,24057809,1377856,0,0,0,0,0,0,0,0,0,0,0,0,18417410,18798592,19182,19888,31,0,0,0,0,0,0,0,0,network_stall
1779258186.7506564,g5.hpc.coe,43337,0.5001,0,0.0,2035.0,12288.0,21587878464,22174715079,23271617,24072852,1377856,0,0,0,0,0,0,0,0,0,0,0,0,16320751,15911798,15772,15043,0,0,0,0,0,0,0,0,0,network_stall
1779258187.2508006,g5.hpc.coe,43337,0.5001,0,0.0,2035.0,12288.0,21587879088,22174715158,23271620,24072854,1377856,0,0,0,0,0,0,0,0,0,0,0,0,624,79,3,2,0,0,0,0,0,0,0,0,0,network_stall
1779258187.750939,g5.hpc.coe,43337,0.5001,0,0.0,2035.0,12288.0,21587879754,22174715237,23271623,24072856,1377856,0,0,0,0,0,0,0,0,0,0,0,0,666,79,3,2,0,0,0,0,0,0,0,0,0,network_stall
1779258188.251074,g5.hpc.coe,43337,0.5001,0,0.0,2035.0,12288.0,21587880462,22174715316,23271626,24072858,1377856,0,0,0,0,0,0,0,0,0,0,0,0,708,79,3,2,0,0,0,0,0,0,0,0,0,network_stall
1779258188.7512097,g5.hpc.coe,43337,0.5001,0,0.0,2035.0,12288.0,21587881212,22174715395,23271629,24072860,1377856,0,0,0,0,0,0,0,0,0,0,0,0,750,79,3,2,0,0,0,0,0,0,0,0,0,network_stall
1779258189.2513323,g5.hpc.coe,43337,0.5001,0,0.0,2035.0,12288.0,21587882627,22174715921,23271647,24072870,1377856,0,0,0,0,0,0,0,0,0,0,0,0,1415,526,18,10,0,0,0,0,0,0,0,0,0,network_stall
1779258189.751447,g5.hpc.coe,43337,0.5001,0,0.0,2035.0,12288.0,21587883462,22174716000,23271650,24072872,1377856,0,0,0,0,0,0,0,0,0,0,0,0,835,79,3,2,0,0,0,0,0,0,0,0,0,network_stall
1779258190.2515385,g5.hpc.coe,43337,0.5001,0,81.0,2035.0,12288.0,21602477025,22189294878,23286410,24087626,1379039,0,0,0,0,0,0,0,0,0,0,0,0,14593563,14578878,14760,14754,1183,0,0,0,0,0,0,0,0,network_stall
1779258190.751676,g5.hpc.coe,43337,0.5001,0,0.0,2035.0,12288.0,21622622296,22209426406,23306608,24107810,1379044,0,0,0,0,0,0,0,0,0,0,0,0,20145271,20131528,20198,20184,5,0,0,0,0,0,0,0,0,network_stall
1779258191.2518165,g5.hpc.coe,43337,0.5001,0,0.0,2035.0,12288.0,21622623267,22209426485,23306611,24107812,1379044,0,0,0,0,0,0,0,0,0,0,0,0,971,79,3,2,0,0,0,0,0,0,0,0,0,network_stall
1779258191.7519534,g5.hpc.coe,43337,0.5001,0,0.0,2035.0,12288.0,21622624280,22209426564,23306614,24107814,1379044,0,0,0,0,0,0,0,0,0,0,0,0,1013,79,3,2,0,0,0,0,0,0,0,0,0,network_stall
1779258192.2520673,g5.hpc.coe,43337,0.5001,0,0.0,2035.0,12288.0,21622625412,22209426698,23306619,24107817,1379044,0,0,0,0,0,0,0,0,0,0,0,0,1132,134,5,3,0,0,0,0,0,0,0,0,0,network_stall
1779258192.7522025,g5.hpc.coe,43337,0.5001,0,0.0,2035.0,12288.0,21622626531,22209426777,23306623,24107819,1379044,0,0,0,0,0,0,0,0,0,0,0,0,1119,79,4,2,0,0,0,0,0,0,0,0,0,network_stall
1779258193.252315,g5.hpc.coe,43337,0.5001,0,0.0,2035.0,12288.0,21622627693,22209426856,23306627,24107821,1379044,0,0,0,0,0,0,0,0,0,0,0,0,1162,79,4,2,0,0,0,0,0,0,0,0,0,network_stall
1779258193.7524498,g5.hpc.coe,43337,0.5001,0,0.0,2035.0,12288.0,21622627829,22209426913,23306629,24107822,1379044,0,0,0,0,0,0,0,0,0,0,0,0,136,57,2,1,0,0,0,0,0,0,0,0,0,network_stall
1779258194.2525928,g5.hpc.coe,43337,0.5001,0,0.0,2035.0,12288.0,21622628007,22209426970,23306631,24107823,1379044,0,0,0,0,0,0,0,0,0,0,0,0,178,57,2,1,0,0,0,0,0,0,0,0,0,network_stall
1779258194.7527204,g5.hpc.coe,43337,0.5001,0,100.0,2035.0,12288.0,21644168290,22230947744,23328376,24129544,1380910,0,0,0,0,0,0,0,0,0,0,0,0,21540283,21520774,21745,21721,1866,0,0,0,0,0,0,0,0,network_stall
1779258195.2528367,g5.hpc.coe,43337,0.5001,0,0.0,2035.0,12288.0,21657365480,22244137220,23341580,24142743,1380914,0,0,0,0,0,0,0,0,0,0,0,0,13197190,13189476,13204,13199,4,0,0,0,0,0,0,0,0,network_stall
1779258195.752969,g5.hpc.coe,43337,0.5001,0,0.0,2035.0,12288.0,21657365794,22244137277,23341582,24142744,1380914,0,0,0,0,0,0,0,0,0,0,0,0,314,57,2,1,0,0,0,0,0,0,0,0,0,network_stall
1779258196.2531097,g5.hpc.coe,43337,0.5001,0,0.0,2035.0,12288.0,21657366150,22244137334,23341584,24142745,1380914,0,0,0,0,0,0,0,0,0,0,0,0,356,57,2,1,0,0,0,0,0,0,0,0,0,network_stall
1779258196.753251,g5.hpc.coe,43337,0.5001,0,0.0,2035.0,12288.0,21657366548,22244137391,23341586,24142746,1380914,0,0,0,0,0,0,0,0,0,0,0,0,398,57,2,1,0,0,0,0,0,0,0,0,0,network_stall
1779258197.2533853,g5.hpc.coe,43337,0.5001,0,0.0,2035.0,12288.0,21657367065,22244137503,23341590,24142748,1380914,0,0,0,0,0,0,0,0,0,0,0,0,517,112,4,2,0,0,0,0,0,0,0,0,0,network_stall
1779258197.7535188,g5.hpc.coe,43337,0.5001,0,0.0,2035.0,12288.0,21657367547,22244137560,23341592,24142749,1380914,0,0,0,0,0,0,0,0,0,0,0,0,482,57,2,1,0,0,0,0,0,0,0,0,0,network_stall
1779258198.2536294,g5.hpc.coe,43337,0.5001,0,0.0,2035.0,12288.0,21657368071,22244137617,23341594,24142750,1380914,0,0,0,0,0,0,0,0,0,0,0,0,524,57,2,1,0,0,0,0,0,0,0,0,0,network_stall
1779258198.7537658,g5.hpc.coe,43337,0.5001,0,100.0,2035.0,12288.0,21678908736,22265658525,23363342,24164488,1380918,0,0,0,0,0,0,0,0,0,0,0,0,21540665,21520908,21748,21738,4,0,0,0,0,0,0,0,0,network_stall
1779258199.2539005,g5.hpc.coe,43337,0.5001,0,0.0,2035.0,12288.0,21692106293,22278848002,23376547,24177685,1381061,0,0,0,0,0,0,0,0,0,0,0,0,13197557,13189477,13205,13197,143,0,0,0,0,0,0,0,0,network_stall
1779258199.7540371,g5.hpc.coe,43337,0.5001,0,0.0,2035.0,12288.0,21692106976,22278848081,23376550,24177687,1381061,0,0,0,0,0,0,0,0,0,0,0,0,683,79,3,2,0,0,0,0,0,0,0,0,0,network_stall
1779258200.254169,g5.hpc.coe,43337,0.5001,0,0.0,2035.0,12288.0,21692107701,22278848160,23376553,24177689,1381061,0,0,0,0,0,0,0,0,0,0,0,0,725,79,3,2,0,0,0,0,0,0,0,0,0,network_stall
1779258200.7542999,g5.hpc.coe,43337,0.5001,0,0.0,2035.0,12288.0,21692108467,22278848239,23376556,24177691,1381061,0,0,0,0,0,0,0,0,0,0,0,0,766,79,3,2,0,0,0,0,0,0,0,0,0,network_stall
1779258201.2544296,g5.hpc.coe,43337,0.5001,0,0.0,2035.0,12288.0,21692109275,22278848318,23376559,24177693,1381061,0,0,0,0,0,0,0,0,0,0,0,0,808,79,3,2,0,0,0,0,0,0,0,0,0,network_stall
1779258201.7545416,g5.hpc.coe,43337,0.5001,0,0.0,2035.0,12288.0,21692110125,22278848397,23376562,24177695,1381061,0,0,0,0,0,0,0,0,0,0,0,0,850,79,3,2,0,0,0,0,0,0,0,0,0,network_stall
1779258202.2546763,g5.hpc.coe,43337,0.5001,0,0.0,2035.0,12288.0,21692111094,22278848531,23376567,24177698,1381061,0,0,0,0,0,0,0,0,0,0,0,0,969,134,5,3,0,0,0,0,0,0,0,0,0,network_stall
1779258202.7548068,g5.hpc.coe,43337,0.5001,0,100.0,2035.0,12288.0,21706704674,22293427311,23391321,24192438,1381063,0,0,0,0,0,0,0,0,0,0,0,0,14593580,14578780,14754,14740,2,0,0,0,0,0,0,0,0,network_stall
1779258203.254929,g5.hpc.coe,43337,0.5001,0,0.0,2035.0,12288.0,21726849961,22313558860,23411513,24212625,1381065,0,0,0,0,0,0,0,0,0,0,0,0,20145287,20131549,20192,20187,2,0,0,0,0,0,0,0,0,network_stall
1779258203.755059,g5.hpc.coe,43337,0.5001,0,0.0,2035.0,12288.0,21726850989,22313558939,23411516,24212627,1381065,0,0,0,0,0,0,0,0,0,0,0,0,1028,79,3,2,0,0,0,0,0,0,0,0,0,network_stall
1779258204.2552001,g5.hpc.coe,43337,0.5001,0,0.0,2035.0,12288.0,21726852704,22313559465,23411535,24212637,1381065,0,0,0,0,0,0,0,0,0,0,0,0,1715,526,19,10,0,0,0,0,0,0,0,0,0,network_stall
1779258204.7552705,g5.hpc.coe,43337,0.5001,0,0.0,2035.0,12288.0,21726853839,22313559544,23411539,24212639,1381065,0,0,0,0,0,0,0,0,0,0,0,0,1135,79,4,2,0,0,0,0,0,0,0,0,0,network_stall
1779258205.2554147,g5.hpc.coe,43337,0.5001,0,0.0,2035.0,12288.0,21726855017,22313559623,23411543,24212641,1381065,0,0,0,0,0,0,0,0,0,0,0,0,1178,79,4,2,0,0,0,0,0,0,0,0,0,network_stall
1779258205.7555654,g5.hpc.coe,43337,0.5002,0,0.0,2035.0,12288.0,21726855169,22313559680,23411545,24212642,1381065,0,0,0,0,0,0,0,0,0,0,0,0,152,57,2,1,0,0,0,0,0,0,0,0,0,network_stall
1779258206.2556765,g5.hpc.coe,43337,0.5001,0,0.0,2035.0,12288.0,21726855363,22313559737,23411547,24212643,1381065,0,0,0,0,0,0,0,0,0,0,0,0,194,57,2,1,0,0,0,0,0,0,0,0,0,network_stall
1779258206.7557778,g5.hpc.coe,43337,0.5001,0,100.0,2035.0,12288.0,21741448279,22328138502,23426305,24227383,1381070,0,0,0,0,0,0,0,0,0,0,0,0,14592916,14578765,14758,14740,5,0,0,0,0,0,0,0,0,network_stall
1779258207.2558815,g5.hpc.coe,43337,0.5001,0,0.0,2035.0,12288.0,21761593014,22348270112,23446508,24247574,1381073,0,0,0,0,0,0,0,0,0,0,0,0,20144735,20131610,20203,20191,3,0,0,0,0,0,0,0,0,network_stall
1779258207.7560222,g5.hpc.coe,43337,0.5001,0,0.0,2035.0,12288.0,21761593344,22348270169,23446510,24247575,1381073,0,0,0,0,0,0,0,0,0,0,0,0,330,57,2,1,0,0,0,0,0,0,0,0,0,network_stall
1779258208.256164,g5.hpc.coe,43337,0.5001,0,0.0,2035.0,12288.0,21761593716,22348270226,23446512,24247576,1381073,0,0,0,0,0,0,0,0,0,0,0,0,372,57,2,1,0,0,0,0,0,0,0,0,0,network_stall
1779258208.7563026,g5.hpc.coe,43337,0.5001,0,0.0,2035.0,12288.0,21761594130,22348270283,23446514,24247577,1381073,0,0,0,0,0,0,0,0,0,0,0,0,414,57,2,1,0,0,0,0,0,0,0,0,0,network_stall
1779258209.2564423,g5.hpc.coe,43337,0.5001,0,0.0,2035.0,12288.0,21761594586,22348270340,23446516,24247578,1381073,0,0,0,0,0,0,0,0,0,0,0,0,456,57,2,1,0,0,0,0,0,0,0,0,0,network_stall
1779258209.7565732,g5.hpc.coe,43337,0.5001,0,0.0,2035.0,12288.0,21761595084,22348270397,23446518,24247579,1381073,0,0,0,0,0,0,0,0,0,0,0,0,498,57,2,1,0,0,0,0,0,0,0,0,0,network_stall
1779258210.2567108,g5.hpc.coe,43337,0.5001,0,0.0,2035.0,12288.0,21761595624,22348270454,23446520,24247580,1381073,0,0,0,0,0,0,0,0,0,0,0,0,540,57,2,1,0,0,0,0,0,0,0,0,0,network_stall
1779258210.7568057,g5.hpc.coe,43337,0.5001,0,88.0,2035.0,12288.0,21769241532,22355907232,23454293,24255340,1382924,0,0,0,0,0,0,0,0,0,0,0,0,7645908,7636778,7773,7760,1851,0,0,0,0,0,0,0,0,network_stall
1779258211.2569413,g5.hpc.coe,43337,0.5001,0,0.0,2035.0,12288.0,21796333891,22382980839,23481475,24282515,1382928,0,0,0,0,0,0,0,0,0,0,0,0,27092359,27073607,27182,27175,4,0,0,0,0,0,0,0,0,network_stall
1779258211.7570777,g5.hpc.coe,43337,0.5001,0,0.0,2035.0,12288.0,21796334588,22382980918,23481478,24282517,1382928,0,0,0,0,0,0,0,0,0,0,0,0,697,79,3,2,0,0,0,0,0,0,0,0,0,network_stall
1779258212.257215,g5.hpc.coe,43337,0.5001,0,0.0,2035.0,12288.0,21796335327,22382980997,23481481,24282519,1382928,0,0,0,0,0,0,0,0,0,0,0,0,739,79,3,2,0,0,0,0,0,0,0,0,0,network_stall
1779258212.7573543,g5.hpc.coe,43337,0.5001,0,0.0,2035.0,12288.0,21796336185,22382981131,23481486,24282522,1382928,0,0,0,0,0,0,0,0,0,0,0,0,858,134,5,3,0,0,0,0,0,0,0,0,0,network_stall
1779258213.2574873,g5.hpc.coe,43337,0.5001,0,0.0,2035.0,12288.0,21796337008,22382981210,23481489,24282524,1382928,0,0,0,0,0,0,0,0,0,0,0,0,823,79,3,2,0,0,0,0,0,0,0,0,0,network_stall
1779258213.757601,g5.hpc.coe,43337,0.5001,0,0.0,2035.0,12288.0,21796337873,22382981289,23481492,24282526,1382928,0,0,0,0,0,0,0,0,0,0,0,0,865,79,3,2,0,0,0,0,0,0,0,0,0,network_stall
1779258214.2577443,g5.hpc.coe,43337,0.5001,0,0.0,2035.0,12288.0,21796338780,22382981368,23481495,24282528,1382928,0,0,0,0,0,0,0,0,0,0,0,0,907,79,3,2,0,0,0,0,0,0,0,0,0,network_stall
1779258214.757841,g5.hpc.coe,43337,0.5001,0,67.0,2035.0,12288.0,21803985005,22390618139,23489264,24290287,1383862,0,0,0,0,0,0,0,0,0,0,0,0,7646225,7636771,7769,7759,934,0,0,0,0,0,0,0,0,network_stall
1779258215.257944,g5.hpc.coe,43337,0.5001,0,10.0,2035.0,12288.0,21831077730,22417691718,23516449,24317458,1383868,0,0,0,0,0,0,0,0,0,0,0,0,27092725,27073579,27185,27171,6,0,0,0,0,0,0,0,0,network_stall
1779258215.7580795,g5.hpc.coe,43337,0.5001,0,0.0,2035.0,12288.0,21831078772,22417691797,23516452,24317460,1383868,0,0,0,0,0,0,0,0,0,0,0,0,1042,79,3,2,0,0,0,0,0,0,0,0,0,network_stall
1779258216.258197,g5.hpc.coe,43337,0.5001,0,0.0,2035.0,12288.0,21831079878,22417691876,23516456,24317462,1383868,0,0,0,0,0,0,0,0,0,0,0,0,1106,79,4,2,0,0,0,0,0,0,0,0,0,network_stall
1779258216.7583458,g5.hpc.coe,43337,0.5001,0,0.0,2035.0,12288.0,21831081026,22417691955,23516460,24317464,1383868,0,0,0,0,0,0,0,0,0,0,0,0,1148,79,4,2,0,0,0,0,0,0,0,0,0,network_stall
1779258217.2584774,g5.hpc.coe,43337,0.5001,0,0.0,2035.0,12288.0,21831081148,22417692012,23516462,24317465,1383868,0,0,0,0,0,0,0,0,0,0,0,0,122,57,2,1,0,0,0,0,0,0,0,0,0,network_stall
1779258217.7586224,g5.hpc.coe,43337,0.5001,0,0.0,2035.0,12288.0,21831081389,22417692124,23516466,24317467,1383868,0,0,0,0,0,0,0,0,0,0,0,0,241,112,4,2,0,0,0,0,0,0,0,0,0,network_stall
1779258218.25875,g5.hpc.coe,43337,0.5001,0,0.0,2035.0,12288.0,21831081596,22417692181,23516468,24317468,1383868,0,0,0,0,0,0,0,0,0,0,0,0,207,57,2,1,0,0,0,0,0,0,0,0,0,network_stall
1779258218.758879,g5.hpc.coe,43337,0.5001,0,47.0,2035.0,12288.0,21838037104,22424641994,23523490,24324478,1383933,0,0,0,0,0,0,0,0,0,0,0,0,6955508,6949813,7022,7010,65,0,0,0,0,0,0,0,0,network_stall
1779258219.2589993,g5.hpc.coe,43337,0.5001,0,30.0,2035.0,12288.0,21865819704,22452402934,23551426,24352404,1383945,0,0,0,0,0,0,0,0,0,0,0,0,27782600,27760940,27936,27926,12,0,0,0,0,0,0,0,0,network_stall
1779258219.759131,g5.hpc.coe,43337,0.5001,0,0.0,2035.0,12288.0,21865820045,22452402991,23551428,24352405,1383945,0,0,0,0,0,0,0,0,0,0,0,0,341,57,2,1,0,0,0,0,0,0,0,0,0,network_stall
1779258220.259264,g5.hpc.coe,43337,0.5001,0,0.0,2035.0,12288.0,21865820428,22452403048,23551430,24352406,1383945,0,0,0,0,0,0,0,0,0,0,0,0,383,57,2,1,0,0,0,0,0,0,0,0,0,network_stall
1779258220.7594054,g5.hpc.coe,43337,0.5001,0,0.0,2035.0,12288.0,21865820853,22452403105,23551432,24352407,1383945,0,0,0,0,0,0,0,0,0,0,0,0,425,57,2,1,0,0,0,0,0,0,0,0,0,network_stall
1779258221.2595396,g5.hpc.coe,43337,0.5001,0,0.0,2035.0,12288.0,21865821320,22452403162,23551434,24352408,1383945,0,0,0,0,0,0,0,0,0,0,0,0,467,57,2,1,0,0,0,0,0,0,0,0,0,network_stall
1779258221.7596781,g5.hpc.coe,43337,0.5001,0,0.0,2035.0,12288.0,21865821829,22452403219,23551436,24352409,1383945,0,0,0,0,0,0,0,0,0,0,0,0,509,57,2,1,0,0,0,0,0,0,0,0,0,network_stall
1779258222.2598224,g5.hpc.coe,43337,0.5001,0,0.0,2035.0,12288.0,21865822402,22452403298,23551439,24352411,1383945,0,0,0,0,0,0,0,0,0,0,0,0,573,79,3,2,0,0,0,0,0,0,0,0,0,network_stall
1779258222.7599275,g5.hpc.coe,43337,0.5001,0,28.0,2035.0,12288.0,21866521008,22454152867,23552226,24354214,1383945,0,0,0,0,0,0,0,0,0,0,0,0,698606,1749569,787,1803,0,0,0,0,0,0,0,0,0,network_stall
1779258223.2600367,g5.hpc.coe,43337,0.5001,0,50.0,2035.0,12288.0,21900561003,22487113902,23586398,24387339,1383954,0,0,0,0,0,0,0,0,0,0,0,0,34039995,32961035,34172,33125,9,0,0,0,0,0,0,0,0,network_stall
1779258223.760152,g5.hpc.coe,43337,0.5001,0,0.0,2035.0,12288.0,21900561732,22487113981,23586402,24387341,1383954,0,0,0,0,0,0,0,0,0,0,0,0,729,79,4,2,0,0,0,0,0,0,0,0,0,network_stall
1779258224.2602887,g5.hpc.coe,43337,0.5001,0,0.0,2035.0,12288.0,21900562481,22487114060,23586405,24387343,1383954,0,0,0,0,0,0,0,0,0,0,0,0,749,79,3,2,0,0,0,0,0,0,0,0,0,network_stall
1779258224.760422,g5.hpc.coe,43337,0.5001,0,0.0,2035.0,12288.0,21900563272,22487114139,23586408,24387345,1383954,0,0,0,0,0,0,0,0,0,0,0,0,791,79,3,2,0,0,0,0,0,0,0,0,0,network_stall
1779258225.260533,g5.hpc.coe,43337,0.5001,0,0.0,2035.0,12288.0,21900564105,22487114218,23586411,24387347,1383954,0,0,0,0,0,0,0,0,0,0,0,0,833,79,3,2,0,0,0,0,0,0,0,0,0,network_stall
1779258225.7606623,g5.hpc.coe,43337,0.5001,0,0.0,2035.0,12288.0,21900564980,22487114297,23586414,24387349,1383954,0,0,0,0,0,0,0,0,0,0,0,0,875,79,3,2,0,0,0,0,0,0,0,0,0,network_stall
1779258226.2607782,g5.hpc.coe,43337,0.5001,0,0.0,2035.0,12288.0,21900565897,22487114376,23586417,24387351,1383954,0,0,0,0,0,0,0,0,0,0,0,0,917,79,3,2,0,0,0,0,0,0,0,0,0,network_stall
1779258226.7609022,g5.hpc.coe,43337,0.5001,0,8.0,2035.0,12288.0,21900574754,22487292173,23586456,24387548,1383954,0,0,0,0,0,0,0,0,0,0,0,0,8857,177797,39,197,0,0,0,0,0,0,0,0,0,network_stall
1779258227.2610264,g5.hpc.coe,43337,0.5001,0,69.0,2035.0,12288.0,21935304844,22521824740,23621368,24422283,1384591,0,0,0,0,0,0,0,0,0,0,0,0,34730090,34532567,34912,34735,637,0,0,0,0,0,0,0,0,network_stall
1779258227.7611592,g5.hpc.coe,43337,0.5001,0,0.0,2035.0,12288.0,21935305971,22521824874,23621373,24422286,1384591,0,0,0,0,0,0,0,0,0,0,0,0,1127,134,5,3,0,0,0,0,0,0,0,0,0,network_stall
1779258228.2612784,g5.hpc.coe,43337,0.5001,0,0.0,2035.0,12288.0,21935307086,22521824953,23621377,24422288,1384591,0,0,0,0,0,0,0,0,0,0,0,0,1115,79,4,2,0,0,0,0,0,0,0,0,0,network_stall
1779258228.7614317,g5.hpc.coe,43337,0.5002,0,0.0,2035.0,12288.0,21935308243,22521825032,23621381,24422290,1384591,0,0,0,0,0,0,0,0,0,0,0,0,1157,79,4,2,0,0,0,0,0,0,0,0,0,network_stall
1779258229.2615774,g5.hpc.coe,43337,0.5001,0,0.0,2035.0,12288.0,21935308374,22521825089,23621383,24422291,1384591,0,0,0,0,0,0,0,0,0,0,0,0,131,57,2,1,0,0,0,0,0,0,0,0,0,network_stall
1779258229.7617197,g5.hpc.coe,43337,0.5001,0,0.0,2035.0,12288.0,21935308547,22521825146,23621385,24422292,1384591,0,0,0,0,0,0,0,0,0,0,0,0,173,57,2,1,0,0,0,0,0,0,0,0,0,network_stall
1779258230.2618713,g5.hpc.coe,43337,0.5002,0,0.0,2035.0,12288.0,21935308762,22521825203,23621387,24422293,1384591,0,0,0,0,0,0,0,0,0,0,0,0,215,57,2,1,0,0,0,0,0,0,0,0,0,network_stall
1779258230.7619817,g5.hpc.coe,43337,0.5001,0,0.0,2035.0,12288.0,21935309019,22521825260,23621389,24422294,1384591,0,0,0,0,0,0,0,0,0,0,0,0,257,57,2,1,0,0,0,0,0,0,0,0,0,network_stall
1779258231.2620754,g5.hpc.coe,43337,0.5001,0,100.0,2035.0,12288.0,21970046352,22556535467,23656343,24457215,1384599,0,0,0,0,0,0,0,0,0,0,0,0,34737333,34710207,34954,34921,8,0,0,0,0,0,0,0,0,network_stall
1779258231.7622035,g5.hpc.coe,43337,0.5001,0,0.0,2035.0,12288.0,21970046698,22556535524,23656345,24457216,1384599,0,0,0,0,0,0,0,0,0,0,0,0,346,57,2,1,0,0,0,0,0,0,0,0,0,network_stall
1779258232.2623403,g5.hpc.coe,43337,0.5001,0,0.0,2035.0,12288.0,21970047086,22556535581,23656347,24457217,1384599,0,0,0,0,0,0,0,0,0,0,0,0,388,57,2,1,0,0,0,0,0,0,0,0,0,network_stall
1779258232.7624798,g5.hpc.coe,43337,0.5001,0,0.0,2035.0,12288.0,21970047516,22556535638,23656349,24457218,1384599,0,0,0,0,0,0,0,0,0,0,0,0,430,57,2,1,0,0,0,0,0,0,0,0,0,network_stall
1779258233.2626078,g5.hpc.coe,43337,0.5001,0,0.0,2035.0,12288.0,21970048043,22556535750,23656352,24457220,1384599,0,0,0,0,0,0,0,0,0,0,0,0,527,112,3,2,0,0,0,0,0,0,0,0,0,network_stall
1779258233.762744,g5.hpc.coe,43337,0.5001,0,0.0,2035.0,12288.0,21970048558,22556535807,23656354,24457221,1384599,0,0,0,0,0,0,0,0,0,0,0,0,515,57,2,1,0,0,0,0,0,0,0,0,0,network_stall
1779258234.2628734,g5.hpc.coe,43337,0.5001,0,0.0,2035.0,12288.0,21970049759,22556536333,23656372,24457231,1384599,0,0,0,0,0,0,0,0,0,0,0,0,1201,526,18,10,0,0,0,0,0,0,0,0,0,network_stall
1779258234.7629786,g5.hpc.coe,43337,0.5001,0,0.0,2035.0,12288.0,21970050380,22556536412,23656375,24457233,1384599,0,0,0,0,0,0,0,0,0,0,0,0,621,79,3,2,0,0,0,0,0,0,0,0,0,network_stall
1779258235.2630727,g5.hpc.coe,43337,0.5001,0,100.0,2035.0,12288.0,21998538545,22584999287,23685116,24485946,1384866,0,0,0,0,0,0,0,0,0,0,0,0,28488165,28462875,28741,28713,267,0,0,0,0,0,0,0,0,network_stall
1779258235.7632296,g5.hpc.coe,43337,0.5002,0,0.0,2035.0,12288.0,22004788781,22591246769,23691332,24492164,1384867,0,0,0,0,0,0,0,0,0,0,0,0,6250236,6247482,6216,6218,1,0,0,0,0,0,0,0,0,network_stall
1779258236.2633572,g5.hpc.coe,43337,0.5001,0,0.0,2035.0,12288.0,22004789538,22591246848,23691335,24492166,1384867,0,0,0,0,0,0,0,0,0,0,0,0,757,79,3,2,0,0,0,0,0,0,0,0,0,network_stall
1779258236.7635076,g5.hpc.coe,43337,0.5002,0,0.0,2035.0,12288.0,22004790337,22591246927,23691338,24492168,1384867,0,0,0,0,0,0,0,0,0,0,0,0,799,79,3,2,0,0,0,0,0,0,0,0,0,network_stall
1779258237.2636666,g5.hpc.coe,43337,0.5002,0,0.0,2035.0,12288.0,22004791178,22591247006,23691341,24492170,1384867,0,0,0,0,0,0,0,0,0,0,0,0,841,79,3,2,0,0,0,0,0,0,0,0,0,network_stall
1779258237.763807,g5.hpc.coe,43337,0.5001,0,0.0,2035.0,12288.0,22004792061,22591247085,23691344,24492172,1384867,0,0,0,0,0,0,0,0,0,0,0,0,883,79,3,2,0,0,0,0,0,0,0,0,0,network_stall
1779258238.2639446,g5.hpc.coe,43337,0.5001,0,0.0,2035.0,12288.0,22004793063,22591247219,23691349,24492175,1384867,0,0,0,0,0,0,0,0,0,0,0,0,1002,134,5,3,0,0,0,0,0,0,0,0,0,network_stall
1779258238.7640557,g5.hpc.coe,43337,0.5001,0,0.0,2035.0,12288.0,22004794030,22591247298,23691352,24492177,1384867,0,0,0,0,0,0,0,0,0,0,0,0,967,79,3,2,0,0,0,0,0,0,0,0,0,network_stall
1779258239.2641516,g5.hpc.coe,43337,0.5001,0,100.0,2035.0,12288.0,22032592525,22619023293,23719347,24520150,1384870,0,0,0,0,0,0,0,0,0,0,0,0,27798495,27775995,27995,27973,3,0,0,0,0,0,0,0,0,network_stall
1779258239.7642937,g5.hpc.coe,43337,0.5001,0,0.0,2035.0,12288.0,22039533136,22625957662,23726311,24527109,1384872,0,0,0,0,0,0,0,0,0,0,0,0,6940611,6934369,6964,6959,2,0,0,0,0,0,0,0,0,network_stall
1779258240.2644203,g5.hpc.coe,43337,0.5001,0,0.0,2035.0,12288.0,22039534260,22625957741,23726315,24527111,1384872,0,0,0,0,0,0,0,0,0,0,0,0,1124,79,4,2,0,0,0,0,0,0,0,0,0,network_stall
1779258240.7645583,g5.hpc.coe,43337,0.5001,0,0.0,2035.0,12288.0,22039535426,22625957820,23726319,24527113,1384872,0,0,0,0,0,0,0,0,0,0,0,0,1166,79,4,2,0,0,0,0,0,0,0,0,0,network_stall
1779258241.2646902,g5.hpc.coe,43337,0.5001,0,0.0,2035.0,12288.0,22039535567,22625957877,23726321,24527114,1384872,0,0,0,0,0,0,0,0,0,0,0,0,141,57,2,1,0,0,0,0,0,0,0,0,0,network_stall
1779258241.7648022,g5.hpc.coe,43337,0.5001,0,0.0,2035.0,12288.0,22039535750,22625957934,23726323,24527115,1384872,0,0,0,0,0,0,0,0,0,0,0,0,183,57,2,1,0,0,0,0,0,0,0,0,0,network_stall
1779258242.2649481,g5.hpc.coe,43337,0.5001,0,0.0,2035.0,12288.0,22039535975,22625957991,23726325,24527116,1384872,0,0,0,0,0,0,0,0,0,0,0,0,225,57,2,1,0,0,0,0,0,0,0,0,0,network_stall
1779258242.7650824,g5.hpc.coe,43337,0.5001,0,0.0,2035.0,12288.0,22039536242,22625958048,23726327,24527117,1384872,0,0,0,0,0,0,0,0,0,0,0,0,267,57,2,1,0,0,0,0,0,0,0,0,0,network_stall
1779258243.265178,g5.hpc.coe,43337,0.5001,0,100.0,2035.0,12288.0,22061076663,22647478912,23748070,24548844,1385807,0,0,0,0,0,0,0,0,0,0,0,0,21540421,21520864,21743,21727,935,0,0,0,0,0,0,0,0,network_stall
1779258243.7653115,g5.hpc.coe,43337,0.5001,0,0.0,2035.0,12288.0,22074273948,22660668402,23761275,24562045,1385809,0,0,0,0,0,0,0,0,0,0,0,0,13197285,13189490,13205,13201,2,0,0,0,0,0,0,0,0,network_stall
1779258244.2654235,g5.hpc.coe,43337,0.5001,0,0.0,2035.0,12288.0,22074274351,22660668459,23761277,24562046,1385809,0,0,0,0,0,0,0,0,0,0,0,0,403,57,2,1,0,0,0,0,0,0,0,0,0,network_stall
1779258244.7655723,g5.hpc.coe,43337,0.5001,0,0.0,2035.0,12288.0,22074274796,22660668516,23761279,24562047,1385809,0,0,0,0,0,0,0,0,0,0,0,0,445,57,2,1,0,0,0,0,0,0,0,0,0,network_stall
1779258245.2657073,g5.hpc.coe,43337,0.5001,0,0.0,2035.0,12288.0,22074275283,22660668573,23761281,24562048,1385809,0,0,0,0,0,0,0,0,0,0,0,0,487,57,2,1,0,0,0,0,0,0,0,0,0,network_stall
1779258245.7658594,g5.hpc.coe,43337,0.5002,0,0.0,2035.0,12288.0,22074275812,22660668630,23761283,24562049,1385809,0,0,0,0,0,0,0,0,0,0,0,0,529,57,2,1,0,0,0,0,0,0,0,0,0,network_stall
1779258246.2660015,g5.hpc.coe,43337,0.5001,0,0.0,2035.0,12288.0,22074276405,22660668709,23761286,24562051,1385809,0,0,0,0,0,0,0,0,0,0,0,0,593,79,3,2,0,0,0,0,0,0,0,0,0,network_stall
1779258246.7661362,g5.hpc.coe,43337,0.5001,0,0.0,2035.0,12288.0,22074277040,22660668788,23761289,24562053,1385809,0,0,0,0,0,0,0,0,0,0,0,0,635,79,3,2,0,0,0,0,0,0,0,0,0,network_stall
1779258247.2662299,g5.hpc.coe,43337,0.5001,0,100.0,2035.0,12288.0,22095127764,22681502718,23782289,24583037,1385903,0,0,0,0,0,0,0,0,0,0,0,0,20850724,20833930,21000,20984,94,0,0,0,0,0,0,0,0,network_stall
1779258247.7663558,g5.hpc.coe,43337,0.5001,0,0.0,2035.0,12288.0,22109015447,22695379145,23796243,24596984,1385906,0,0,0,0,0,0,0,0,0,0,0,0,13887683,13876427,13954,13947,3,0,0,0,0,0,0,0,0,network_stall
1779258248.266491,g5.hpc.coe,43337,0.5001,0,0.0,2035.0,12288.0,22109016295,22695379279,23796248,24596987,1385906,0,0,0,0,0,0,0,0,0,0,0,0,848,134,5,3,0,0,0,0,0,0,0,0,0,network_stall
1779258248.7666306,g5.hpc.coe,43337,0.5001,0,0.0,2035.0,12288.0,22109017108,22695379358,23796251,24596989,1385906,0,0,0,0,0,0,0,0,0,0,0,0,813,79,3,2,0,0,0,0,0,0,0,0,0,network_stall
1779258249.2667403,g5.hpc.coe,43337,0.5001,0,0.0,2035.0,12288.0,22109018586,22695379884,23796269,24596999,1385906,0,0,0,0,0,0,0,0,0,0,0,0,1478,526,18,10,0,0,0,0,0,0,0,0,0,network_stall
1779258249.7668717,g5.hpc.coe,43337,0.5001,0,0.0,2035.0,12288.0,22109019484,22695379963,23796272,24597001,1385906,0,0,0,0,0,0,0,0,0,0,0,0,898,79,3,2,0,0,0,0,0,0,0,0,0,network_stall
1779258250.267002,g5.hpc.coe,43337,0.5001,0,0.0,2035.0,12288.0,22109020424,22695380042,23796275,24597003,1385906,0,0,0,0,0,0,0,0,0,0,0,0,940,79,3,2,0,0,0,0,0,0,0,0,0,network_stall
1779258250.7671378,g5.hpc.coe,43337,0.5001,0,0.0,2035.0,12288.0,22109021406,22695380121,23796278,24597005,1385906,0,0,0,0,0,0,0,0,0,0,0,0,982,79,3,2,0,0,0,0,0,0,0,0,0,network_stall
1779258251.2672322,g5.hpc.coe,43337,0.5001,0,100.0,2035.0,12288.0,22129872421,22716214065,23817270,24617991,1388236,0,0,0,0,0,0,0,0,0,0,0,0,20851015,20833944,20992,20986,2330,0,0,0,0,0,0,0,0,network_stall
1779258251.7673366,g5.hpc.coe,43337,0.5001,0,0.0,2035.0,12288.0,22143760432,22730090492,23831219,24631938,1388238,0,0,0,0,0,0,0,0,0,0,0,0,13888011,13876427,13949,13947,2,0,0,0,0,0,0,0,0,network_stall
1779258252.267464,g5.hpc.coe,43337,0.5001,0,0.0,2035.0,12288.0,22143761573,22730090571,23831223,24631940,1388238,0,0,0,0,0,0,0,0,0,0,0,0,1141,79,4,2,0,0,0,0,0,0,0,0,0,network_stall
1779258252.7676005,g5.hpc.coe,43337,0.5001,0,0.0,2035.0,12288.0,22143762756,22730090650,23831227,24631942,1388238,0,0,0,0,0,0,0,0,0,0,0,0,1183,79,4,2,0,0,0,0,0,0,0,0,0,network_stall
1779258253.2677386,g5.hpc.coe,43337,0.5001,0,0.0,2035.0,12288.0,22143762913,22730090707,23831229,24631943,1388238,0,0,0,0,0,0,0,0,0,0,0,0,157,57,2,1,0,0,0,0,0,0,0,0,0,network_stall
1779258253.7678702,g5.hpc.coe,43337,0.5001,0,0.0,2035.0,12288.0,22143763112,22730090764,23831231,24631944,1388238,0,0,0,0,0,0,0,0,0,0,0,0,199,57,2,1,0,0,0,0,0,0,0,0,0,network_stall
1779258254.2679842,g5.hpc.coe,43337,0.5001,0,0.0,2035.0,12288.0,22143763353,22730090821,23831233,24631945,1388238,0,0,0,0,0,0,0,0,0,0,0,0,241,57,2,1,0,0,0,0,0,0,0,0,0,network_stall
1779258254.768112,g5.hpc.coe,43337,0.5001,0,0.0,2035.0,12288.0,22143763636,22730090878,23831235,24631946,1388238,0,0,0,0,0,0,0,0,0,0,0,0,283,57,2,1,0,0,0,0,0,0,0,0,0,network_stall
1779258255.2682087,g5.hpc.coe,43337,0.5001,0,88.0,2035.0,12288.0,22158009961,22744427132,23845759,24646684,1389039,0,0,0,0,0,0,0,0,0,0,0,0,14246325,14336254,14524,14738,801,0,0,0,0,0,0,0,0,network_stall
1779258255.7683277,g5.hpc.coe,43337,0.5001,0,0.0,2035.0,12288.0,22178501416,22764801226,23866198,24666880,1389045,0,0,0,0,0,0,0,0,0,0,0,0,20491455,20374094,20439,20196,6,0,0,0,0,0,0,0,0,network_stall
1779258256.2684543,g5.hpc.coe,43337,0.5001,0,0.0,2035.0,12288.0,22178501835,22764801283,23866200,24666881,1389045,0,0,0,0,0,0,0,0,0,0,0,0,419,57,2,1,0,0,0,0,0,0,0,0,0,network_stall
1779258256.7686024,g5.hpc.coe,43337,0.5001,0,0.0,2035.0,12288.0,22178502296,22764801340,23866202,24666882,1389045,0,0,0,0,0,0,0,0,0,0,0,0,461,57,2,1,0,0,0,0,0,0,0,0,0,network_stall
1779258257.268755,g5.hpc.coe,43337,0.5002,0,0.0,2035.0,12288.0,22178502799,22764801397,23866204,24666883,1389045,0,0,0,0,0,0,0,0,0,0,0,0,503,57,2,1,0,0,0,0,0,0,0,0,0,network_stall
1779258257.7688875,g5.hpc.coe,43337,0.5001,0,0.0,2035.0,12288.0,22178503366,22764801476,23866207,24666885,1389045,0,0,0,0,0,0,0,0,0,0,0,0,567,79,3,2,0,0,0,0,0,0,0,0,0,network_stall
1779258258.2690313,g5.hpc.coe,43337,0.5001,0,0.0,2035.0,12288.0,22178503975,22764801555,23866210,24666887,1389045,0,0,0,0,0,0,0,0,0,0,0,0,609,79,3,2,0,0,0,0,0,0,0,0,0,network_stall
1779258258.7691627,g5.hpc.coe,43337,0.5001,0,0.0,2035.0,12288.0,22178504703,22764801689,23866215,24666890,1389045,0,0,0,0,0,0,0,0,0,0,0,0,728,134,5,3,0,0,0,0,0,0,0,0,0,network_stall
1779258259.2692573,g5.hpc.coe,43337,0.5001,0,67.0,2035.0,12288.0,22190121241,22776858611,23878709,24679629,1390002,0,0,0,0,0,0,0,0,0,0,0,0,11616538,12056922,12494,12739,957,0,0,0,0,0,0,0,0,network_stall
1779258259.7693696,g5.hpc.coe,43337,0.5001,0,10.0,2035.0,12288.0,22213243135,22799512053,23901168,24701822,1390004,0,0,0,0,0,0,0,0,0,0,0,0,23121894,22653442,22459,22193,2,0,0,0,0,0,0,0,0,network_stall
1779258260.2694855,g5.hpc.coe,43337,0.5001,0,0.0,2035.0,12288.0,22213243922,22799512132,23901171,24701824,1390004,0,0,0,0,0,0,0,0,0,0,0,0,787,79,3,2,0,0,0,0,0,0,0,0,0,network_stall
1779258260.7696161,g5.hpc.coe,43337,0.5001,0,0.0,2035.0,12288.0,22213244751,22799512211,23901174,24701826,1390004,0,0,0,0,0,0,0,0,0,0,0,0,829,79,3,2,0,0,0,0,0,0,0,0,0,network_stall
1779258261.2697291,g5.hpc.coe,43337,0.5001,0,0.0,2035.0,12288.0,22213245622,22799512290,23901177,24701828,1390004,0,0,0,0,0,0,0,0,0,0,0,0,871,79,3,2,0,0,0,0,0,0,0,0,0,network_stall
1779258261.769861,g5.hpc.coe,43337,0.5001,0,0.0,2035.0,12288.0,22213246535,22799512369,23901180,24701830,1390004,0,0,0,0,0,0,0,0,0,0,0,0,913,79,3,2,0,0,0,0,0,0,0,0,0,network_stall
1779258262.269978,g5.hpc.coe,43337,0.5001,0,0.0,2035.0,12288.0,22213247490,22799512448,23901183,24701832,1390004,0,0,0,0,0,0,0,0,0,0,0,0,955,79,3,2,0,0,0,0,0,0,0,0,0,network_stall
1779258262.7701192,g5.hpc.coe,43337,0.5001,0,0.0,2035.0,12288.0,22213248487,22799512527,23901186,24701834,1390004,0,0,0,0,0,0,0,0,0,0,0,0,997,79,3,2,0,0,0,0,0,0,0,0,0,network_stall
1779258263.2702155,g5.hpc.coe,43337,0.5001,0,47.0,2035.0,12288.0,22220894802,22807149319,23908955,24709596,1390245,0,0,0,0,0,0,0,0,0,0,0,0,7646315,7636792,7769,7762,241,0,0,0,0,0,0,0,0,network_stall
1779258263.7703187,g5.hpc.coe,43337,0.5001,0,30.0,2035.0,12288.0,22247987646,22834222946,23936133,24736767,1390251,0,0,0,0,0,0,0,0,0,0,0,0,27092844,27073627,27178,27171,6,0,0,0,0,0,0,0,0,network_stall
1779258264.270467,g5.hpc.coe,43337,0.5001,0,0.0,2035.0,12288.0,22247989423,22834223472,23936152,24736777,1390251,0,0,0,0,0,0,0,0,0,0,0,0,1777,526,19,10,0,0,0,0,0,0,0,0,0,network_stall
1779258264.7706053,g5.hpc.coe,43337,0.5001,0,0.0,2035.0,12288.0,22247989552,22834223529,23936154,24736778,1390251,0,0,0,0,0,0,0,0,0,0,0,0,129,57,2,1,0,0,0,0,0,0,0,0,0,network_stall
1779258265.2707226,g5.hpc.coe,43337,0.5001,0,0.0,2035.0,12288.0,22247989723,22834223586,23936156,24736779,1390251,0,0,0,0,0,0,0,0,0,0,0,0,171,57,2,1,0,0,0,0,0,0,0,0,0,network_stall
1779258265.770869,g5.hpc.coe,43337,0.5001,0,0.0,2035.0,12288.0,22247989936,22834223643,23936158,24736780,1390251,0,0,0,0,0,0,0,0,0,0,0,0,213,57,2,1,0,0,0,0,0,0,0,0,0,network_stall
1779258266.270998,g5.hpc.coe,43337,0.5001,0,0.0,2035.0,12288.0,22247990191,22834223700,23936160,24736781,1390251,0,0,0,0,0,0,0,0,0,0,0,0,255,57,2,1,0,0,0,0,0,0,0,0,0,network_stall
1779258266.7711341,g5.hpc.coe,43337,0.5001,0,0.0,2035.0,12288.0,22247990488,22834223757,23936162,24736782,1390251,0,0,0,0,0,0,0,0,0,0,0,0,297,57,2,1,0,0,0,0,0,0,0,0,0,network_stall
1779258267.2712295,g5.hpc.coe,43337,0.5001,0,28.0,2035.0,12288.0,22254946045,22841173584,23943178,24743794,1390253,0,0,0,0,0,0,0,0,0,0,0,0,6955557,6949827,7016,7012,2,0,0,0,0,0,0,0,0,network_stall
1779258267.7713535,g5.hpc.coe,43337,0.5001,0,49.0,2035.0,12288.0,22282728176,22868934063,23971108,24771710,1390262,0,0,0,0,0,0,0,0,0,0,0,0,27782131,27760479,27930,27916,9,0,0,0,0,0,0,0,0,network_stall
1779258268.2714953,g5.hpc.coe,43337,0.5001,0,0.0,2035.0,12288.0,22282728608,22868934120,23971110,24771711,1390262,0,0,0,0,0,0,0,0,0,0,0,0,432,57,2,1,0,0,0,0,0,0,0,0,0,network_stall
1779258268.7716208,g5.hpc.coe,43337,0.5001,0,0.0,2035.0,12288.0,22282729159,22868934232,23971114,24771713,1390262,0,0,0,0,0,0,0,0,0,0,0,0,551,112,4,2,0,0,0,0,0,0,0,0,0,network_stall
1779258269.271754,g5.hpc.coe,43337,0.5001,0,0.0,2035.0,12288.0,22282729675,22868934289,23971116,24771714,1390262,0,0,0,0,0,0,0,0,0,0,0,0,516,57,2,1,0,0,0,0,0,0,0,0,0,network_stall
1779258269.7718956,g5.hpc.coe,43337,0.5001,0,0.0,2035.0,12288.0,22282730255,22868934368,23971119,24771716,1390262,0,0,0,0,0,0,0,0,0,0,0,0,580,79,3,2,0,0,0,0,0,0,0,0,0,network_stall
1779258270.2720299,g5.hpc.coe,43337,0.5001,0,0.0,2035.0,12288.0,22282730877,22868934447,23971122,24771718,1390262,0,0,0,0,0,0,0,0,0,0,0,0,622,79,3,2,0,0,0,0,0,0,0,0,0,network_stall
1779258270.7721646,g5.hpc.coe,43337,0.5001,0,0.0,2035.0,12288.0,22282731541,22868934526,23971125,24771720,1390262,0,0,0,0,0,0,0,0,0,0,0,0,664,79,3,2,0,0,0,0,0,0,0,0,0,network_stall
1779258271.2722642,g5.hpc.coe,43337,0.5001,0,10.0,2035.0,12288.0,22283430182,22870684040,23971913,24773522,1390262,0,0,0,0,0,0,0,0,0,0,0,0,698641,1749514,788,1802,0,0,0,0,0,0,0,0,0,network_stall
1779258271.7723668,g5.hpc.coe,43337,0.5001,0,65.0,2035.0,12288.0,22317470039,22903644848,24006084,24806646,1391133,0,0,0,0,0,0,0,0,0,0,0,0,34039857,32960808,34171,33124,871,0,0,0,0,0,0,0,0,network_stall
1779258272.272508,g5.hpc.coe,43337,0.5001,0,0.0,2035.0,12288.0,22317470838,22903644927,24006087,24806648,1391133,0,0,0,0,0,0,0,0,0,0,0,0,799,79,3,2,0,0,0,0,0,0,0,0,0,network_stall
1779258272.772644,g5.hpc.coe,43337,0.5001,0,0.0,2035.0,12288.0,22317471678,22903645006,24006090,24806650,1391133,0,0,0,0,0,0,0,0,0,0,0,0,840,79,3,2,0,0,0,0,0,0,0,0,0,network_stall
1779258273.2727807,g5.hpc.coe,43337,0.5001,0,0.0,2035.0,12288.0,22317472560,22903645085,24006093,24806652,1391133,0,0,0,0,0,0,0,0,0,0,0,0,882,79,3,2,0,0,0,0,0,0,0,0,0,network_stall
1779258273.7729175,g5.hpc.coe,43337,0.5001,0,0.0,2035.0,12288.0,22317473539,22903645219,24006097,24806655,1391133,0,0,0,0,0,0,0,0,0,0,0,0,979,134,4,3,0,0,0,0,0,0,0,0,0,network_stall
1779258274.2730474,g5.hpc.coe,43337,0.5001,0,0.0,2035.0,12288.0,22317474527,22903645298,24006101,24806657,1391133,0,0,0,0,0,0,0,0,0,0,0,0,988,79,4,2,0,0,0,0,0,0,0,0,0,network_stall
1779258274.77318,g5.hpc.coe,43337,0.5001,0,0.0,2035.0,12288.0,22317475535,22903645377,24006104,24806659,1391133,0,0,0,0,0,0,0,0,0,0,0,0,1008,79,3,2,0,0,0,0,0,0,0,0,0,network_stall
1779258275.2733176,g5.hpc.coe,43337,0.5001,0,0.0,2035.0,12288.0,22317476585,22903645456,24006107,24806661,1391133,0,0,0,0,0,0,0,0,0,0,0,0,1050,79,3,2,0,0,0,0,0,0,0,0,0,network_stall
1779258275.7734184,g5.hpc.coe,43337,0.5001,0,98.0,2035.0,12288.0,22329775126,22916335002,24019074,24819936,1391202,0,0,0,0,0,0,0,0,0,0,0,0,12298541,12689546,12967,13275,69,0,0,0,0,0,0,0,0,network_stall
1779258276.2735417,g5.hpc.coe,43337,0.5001,0,0.0,2035.0,12288.0,22352215839,22938355869,24041059,24841600,1391204,0,0,0,0,0,0,0,0,0,0,0,0,22440713,22020867,21985,21664,2,0,0,0,0,0,0,0,0,network_stall
1779258276.7736695,g5.hpc.coe,43337,0.5001,0,0.0,2035.0,12288.0,22352215979,22938355926,24041061,24841601,1391204,0,0,0,0,0,0,0,0,0,0,0,0,140,57,2,1,0,0,0,0,0,0,0,0,0,network_stall
1779258277.2737994,g5.hpc.coe,43337,0.5001,0,0.0,2035.0,12288.0,22352216161,22938355983,24041063,24841602,1391204,0,0,0,0,0,0,0,0,0,0,0,0,182,57,2,1,0,0,0,0,0,0,0,0,0,network_stall
1779258277.7739325,g5.hpc.coe,43337,0.5001,0,0.0,2035.0,12288.0,22352216385,22938356040,24041065,24841603,1391204,0,0,0,0,0,0,0,0,0,0,0,0,224,57,2,1,0,0,0,0,0,0,0,0,0,network_stall
1779258278.2740705,g5.hpc.coe,43337,0.5001,0,0.0,2035.0,12288.0,22352216651,22938356097,24041067,24841604,1391204,0,0,0,0,0,0,0,0,0,0,0,0,266,57,2,1,0,0,0,0,0,0,0,0,0,network_stall
1779258278.7741828,g5.hpc.coe,43337,0.5001,0,0.0,2035.0,12288.0,22352216959,22938356154,24041069,24841605,1391204,0,0,0,0,0,0,0,0,0,0,0,0,308,57,2,1,0,0,0,0,0,0,0,0,0,network_stall
1779258279.2742934,g5.hpc.coe,43337,0.5001,0,0.0,2035.0,12288.0,22352217965,22938356713,24041086,24841615,1391204,0,0,0,0,0,0,0,0,0,0,0,0,1006,559,17,10,0,0,0,0,0,0,0,0,0,network_stall
1779258279.774394,g5.hpc.coe,43337,0.5001,0,78.0,2035.0,12288.0,22359863634,22945993483,24048854,24849376,1391205,0,0,0,0,0,0,0,0,0,0,0,0,7645669,7636770,7768,7761,1,0,0,0,0,0,0,0,0,network_stall
1779258280.2745087,g5.hpc.coe,43337,0.5001,0,0.0,2035.0,12288.0,22386955817,22973067068,24076040,24876550,1391212,0,0,0,0,0,0,0,0,0,0,0,0,27092183,27073585,27186,27174,7,0,0,0,0,0,0,0,0,network_stall
1779258280.7746432,g5.hpc.coe,43337,0.5001,0,0.0,2035.0,12288.0,22386956303,22973067125,24076042,24876551,1391212,0,0,0,0,0,0,0,0,0,0,0,0,486,57,2,1,0,0,0,0,0,0,0,0,0,network_stall
1779258281.2747831,g5.hpc.coe,43337,0.5001,0,0.0,2035.0,12288.0,22386956831,22973067182,24076044,24876552,1391212,0,0,0,0,0,0,0,0,0,0,0,0,528,57,2,1,0,0,0,0,0,0,0,0,0,network_stall
1779258281.7749062,g5.hpc.coe,43337,0.5001,0,0.0,2035.0,12288.0,22386957423,22973067261,24076047,24876554,1391212,0,0,0,0,0,0,0,0,0,0,0,0,592,79,3,2,0,0,0,0,0,0,0,0,0,network_stall
1779258282.2750373,g5.hpc.coe,43337,0.5001,0,0.0,2035.0,12288.0,22386958057,22973067340,24076050,24876556,1391212,0,0,0,0,0,0,0,0,0,0,0,0,634,79,3,2,0,0,0,0,0,0,0,0,0,network_stall
1779258282.7751844,g5.hpc.coe,43337,0.5001,0,0.0,2035.0,12288.0,22386958733,22973067419,24076053,24876558,1391212,0,0,0,0,0,0,0,0,0,0,0,0,676,79,3,2,0,0,0,0,0,0,0,0,0,network_stall
1779258283.2753012,g5.hpc.coe,43337,0.5001,0,0.0,2035.0,12288.0,22386959708,22973067753,24076061,24876565,1391212,0,0,0,0,0,0,0,0,0,0,0,0,975,334,8,7,0,0,0,0,0,0,0,0,0,network_stall
1779258283.7754014,g5.hpc.coe,43337,0.5001,0,58.0,2035.0,12288.0,22393915736,22980017609,24083083,24883579,1391213,0,0,0,0,0,0,0,0,0,0,0,0,6956028,6949856,7022,7014,1,0,0,0,0,0,0,0,0,network_stall
1779258284.2755053,g5.hpc.coe,43337,0.5001,0,20.0,2035.0,12288.0,22421698344,23007778151,24111013,24911495,1392369,0,0,0,0,0,0,0,0,0,0,0,0,27782608,27760542,27930,27916,1156,0,0,0,0,0,0,0,0,network_stall
1779258284.7756226,g5.hpc.coe,43337,0.5001,0,0.0,2035.0,12288.0,22421699198,23007778230,24111016,24911497,1392369,0,0,0,0,0,0,0,0,0,0,0,0,854,79,3,2,0,0,0,0,0,0,0,0,0,network_stall
1779258285.2757401,g5.hpc.coe,43337,0.5001,0,0.0,2035.0,12288.0,22421700094,23007778309,24111019,24911499,1392369,0,0,0,0,0,0,0,0,0,0,0,0,896,79,3,2,0,0,0,0,0,0,0,0,0,network_stall
1779258285.7758682,g5.hpc.coe,43337,0.5001,0,0.0,2035.0,12288.0,22421701032,23007778388,24111022,24911501,1392369,0,0,0,0,0,0,0,0,0,0,0,0,938,79,3,2,0,0,0,0,0,0,0,0,0,network_stall
1779258286.2760236,g5.hpc.coe,43337,0.5002,0,0.0,2035.0,12288.0,22421702012,23007778467,24111025,24911503,1392369,0,0,0,0,0,0,0,0,0,0,0,0,980,79,3,2,0,0,0,0,0,0,0,0,0,network_stall
1779258286.776158,g5.hpc.coe,43337,0.5001,0,0.0,2035.0,12288.0,22421703034,23007778546,24111028,24911505,1392369,0,0,0,0,0,0,0,0,0,0,0,0,1022,79,3,2,0,0,0,0,0,0,0,0,0,network_stall
1779258287.2763028,g5.hpc.coe,43337,0.5001,0,0.0,2035.0,12288.0,22421704120,23007778625,24111032,24911507,1392369,0,0,0,0,0,0,0,0,0,0,0,0,1086,79,4,2,0,0,0,0,0,0,0,0,0,network_stall
1779258287.7764015,g5.hpc.coe,43337,0.5001,0,0.0,2035.0,12288.0,22422403169,23009528153,24111819,24913311,1392369,0,0,0,0,0,0,0,0,0,0,0,0,699049,1749528,787,1804,0,0,0,0,0,0,0,0,0,network_stall
1779258288.2765048,g5.hpc.coe,43337,0.5001,0,100.0,2035.0,12288.0,22456443469,23042489010,24145994,24946442,1393190,0,0,0,0,0,0,0,0,0,0,0,0,34040300,32960857,34175,33131,821,0,0,0,0,0,0,0,0,network_stall
1779258288.7766402,g5.hpc.coe,43337,0.5001,0,0.0,2035.0,12288.0,22456443622,23042489067,24145996,24946443,1393190,0,0,0,0,0,0,0,0,0,0,0,0,153,57,2,1,0,0,0,0,0,0,0,0,0,network_stall
1779258289.27677,g5.hpc.coe,43337,0.5001,0,0.0,2035.0,12288.0,22456443894,23042489179,24146000,24946445,1393190,0,0,0,0,0,0,0,0,0,0,0,0,272,112,4,2,0,0,0,0,0,0,0,0,0,network_stall
1779258289.7769191,g5.hpc.coe,43337,0.5001,0,0.0,2035.0,12288.0,22456444131,23042489236,24146002,24946446,1393190,0,0,0,0,0,0,0,0,0,0,0,0,237,57,2,1,0,0,0,0,0,0,0,0,0,network_stall
1779258290.277056,g5.hpc.coe,43337,0.5001,0,0.0,2035.0,12288.0,22456444410,23042489293,24146004,24946447,1393190,0,0,0,0,0,0,0,0,0,0,0,0,279,57,2,1,0,0,0,0,0,0,0,0,0,network_stall
1779258290.7771952,g5.hpc.coe,43337,0.5001,0,0.0,2035.0,12288.0,22456444731,23042489350,24146006,24946448,1393190,0,0,0,0,0,0,0,0,0,0,0,0,321,57,2,1,0,0,0,0,0,0,0,0,0,network_stall
1779258291.2773438,g5.hpc.coe,43337,0.5001,0,0.0,2035.0,12288.0,22456445094,23042489407,24146008,24946449,1393190,0,0,0,0,0,0,0,0,0,0,0,0,363,57,2,1,0,0,0,0,0,0,0,0,0,network_stall
1779258291.7774782,g5.hpc.coe,43337,0.5001,0,0.0,2035.0,12288.0,22456453397,23042667182,24146046,24946645,1393190,0,0,0,0,0,0,0,0,0,0,0,0,8303,177775,38,196,0,0,0,0,0,0,0,0,0,network_stall
1779258292.2775993,g5.hpc.coe,43337,0.5001,0,100.0,2035.0,12288.0,22491182940,23077199713,24180958,24981377,1393463,0,0,0,0,0,0,0,0,0,0,0,0,34729543,34532531,34912,34732,273,0,0,0,0,0,0,0,0,network_stall
1779258292.7777374,g5.hpc.coe,43337,0.5001,0,0.0,2035.0,12288.0,22491183436,23077199770,24180960,24981378,1393463,0,0,0,0,0,0,0,0,0,0,0,0,496,57,2,1,0,0,0,0,0,0,0,0,0,network_stall
1779258293.2778702,g5.hpc.coe,43337,0.5001,0,0.0,2035.0,12288.0,22491183974,23077199827,24180962,24981379,1393463,0,0,0,0,0,0,0,0,0,0,0,0,538,57,2,1,0,0,0,0,0,0,0,0,0,network_stall
1779258293.7780023,g5.hpc.coe,43337,0.5001,0,0.0,2035.0,12288.0,22491184576,23077199906,24180965,24981381,1393463,0,0,0,0,0,0,0,0,0,0,0,0,602,79,3,2,0,0,0,0,0,0,0,0,0,network_stall
1779258294.2781312,g5.hpc.coe,43337,0.5001,0,0.0,2035.0,12288.0,22491185920,23077200487,24180985,24981392,1393463,0,0,0,0,0,0,0,0,0,0,0,0,1344,581,20,11,0,0,0,0,0,0,0,0,0,network_stall
1779258294.7782626,g5.hpc.coe,43337,0.5001,0,0.0,2035.0,12288.0,22491186607,23077200566,24180988,24981394,1393463,0,0,0,0,0,0,0,0,0,0,0,0,687,79,3,2,0,0,0,0,0,0,0,0,0,network_stall
1779258295.278402,g5.hpc.coe,43337,0.5001,0,0.0,2035.0,12288.0,22491187336,23077200645,24180991,24981396,1393463,0,0,0,0,0,0,0,0,0,0,0,0,729,79,3,2,0,0,0,0,0,0,0,0,0,network_stall
1779258295.7784994,g5.hpc.coe,43337,0.5001,0,0.0,2035.0,12288.0,22491188107,23077200724,24180994,24981398,1393463,0,0,0,0,0,0,0,0,0,0,0,0,771,79,3,2,0,0,0,0,0,0,0,0,0,network_stall
1779258296.2785947,g5.hpc.coe,43337,0.5001,0,100.0,2035.0,12288.0,22525925919,23111911037,24215944,25016332,1393472,0,0,0,0,0,0,0,0,0,0,0,0,34737812,34710313,34950,34934,9,0,0,0,0,0,0,0,0,network_stall
1779258296.7787209,g5.hpc.coe,43337,0.5001,0,0.0,2035.0,12288.0,22525926779,23111911116,24215947,25016334,1393472,0,0,0,0,0,0,0,0,0,0,0,0,860,79,3,2,0,0,0,0,0,0,0,0,0,network_stall
1779258297.278874,g5.hpc.coe,43337,0.5002,0,0.0,2035.0,12288.0,22525927681,23111911195,24215950,25016336,1393472,0,0,0,0,0,0,0,0,0,0,0,0,902,79,3,2,0,0,0,0,0,0,0,0,0,network_stall
1779258297.7790148,g5.hpc.coe,43337,0.5001,0,0.0,2035.0,12288.0,22525928625,23111911274,24215953,25016338,1393472,0,0,0,0,0,0,0,0,0,0,0,0,944,79,3,2,0,0,0,0,0,0,0,0,0,network_stall
1779258298.279166,g5.hpc.coe,43337,0.5002,0,0.0,2035.0,12288.0,22525929611,23111911353,24215956,25016340,1393472,0,0,0,0,0,0,0,0,0,0,0,0,986,79,3,2,0,0,0,0,0,0,0,0,0,network_stall
1779258298.7792988,g5.hpc.coe,43337,0.5001,0,0.0,2035.0,12288.0,22525930639,23111911432,24215959,25016342,1393472,0,0,0,0,0,0,0,0,0,0,0,0,1028,79,3,2,0,0,0,0,0,0,0,0,0,network_stall
1779258299.2794282,g5.hpc.coe,43337,0.5001,0,0.0,2035.0,12288.0,22525931731,23111911511,24215963,25016344,1393472,0,0,0,0,0,0,0,0,0,0,0,0,1092,79,4,2,0,0,0,0,0,0,0,0,0,network_stall
1779258299.7795599,g5.hpc.coe,43337,0.5001,0,0.0,2035.0,12288.0,22525932942,23111911645,24215969,25016347,1393472,0,0,0,0,0,0,0,0,0,0,0,0,1211,134,6,3,0,0,0,0,0,0,0,0,0,network_stall
1779258300.2796526,g5.hpc.coe,43337,0.5001,0,100.0,2035.0,12288.0,22554421607,23140374541,24244709,25045063,1393525,0,0,0,0,0,0,0,0,0,0,0,0,28488665,28462896,28740,28716,53,0,0,0,0,0,0,0,0,network_stall
1779258300.7797832,g5.hpc.coe,43337,0.5001,0,0.0,2035.0,12288.0,22560671295,23146621980,24250925,25051277,1393527,0,0,0,0,0,0,0,0,0,0,0,0,6249688,6247439,6216,6214,2,0,0,0,0,0,0,0,0,network_stall
1779258301.2798984,g5.hpc.coe,43337,0.5001,0,0.0,2035.0,12288.0,22560671497,23146622037,24250927,25051278,1393527,0,0,0,0,0,0,0,0,0,0,0,0,202,57,2,1,0,0,0,0,0,0,0,0,0,network_stall
1779258301.7800283,g5.hpc.coe,43337,0.5001,0,0.0,2035.0,12288.0,22560671741,23146622094,24250929,25051279,1393527,0,0,0,0,0,0,0,0,0,0,0,0,244,57,2,1,0,0,0,0,0,0,0,0,0,network_stall
1779258302.2801404,g5.hpc.coe,43337,0.5001,0,0.0,2035.0,12288.0,22560672027,23146622151,24250931,25051280,1393527,0,0,0,0,0,0,0,0,0,0,0,0,286,57,2,1,0,0,0,0,0,0,0,0,0,network_stall
1779258302.780221,g5.hpc.coe,43337,0.5001,0,0.0,2035.0,12288.0,22560672355,23146622208,24250933,25051281,1393527,0,0,0,0,0,0,0,0,0,0,0,0,328,57,2,1,0,0,0,0,0,0,0,0,0,network_stall
1779258303.2803621,g5.hpc.coe,43337,0.5001,0,0.0,2035.0,12288.0,22560672725,23146622265,24250935,25051282,1393527,0,0,0,0,0,0,0,0,0,0,0,0,370,57,2,1,0,0,0,0,0,0,0,0,0,network_stall
1779258303.7804947,g5.hpc.coe,43337,0.5001,0,0.0,2035.0,12288.0,22560673137,23146622322,24250937,25051283,1393527,0,0,0,0,0,0,0,0,0,0,0,0,412,57,2,1,0,0,0,0,0,0,0,0,0,network_stall
1779258304.2805912,g5.hpc.coe,43337,0.5001,0,100.0,2035.0,12288.0,22588471042,23174398309,24278926,25079257,1393531,0,0,0,0,0,0,0,0,0,0,0,0,27797905,27775987,27989,27974,4,0,0,0,0,0,0,0,0,network_stall
1779258304.7807286,g5.hpc.coe,43337,0.5001,0,0.0,2035.0,12288.0,22595411182,23181332746,24285892,25086221,1393531,0,0,0,0,0,0,0,0,0,0,0,0,6940140,6934437,6966,6964,0,0,0,0,0,0,0,0,0,network_stall
1779258305.2808728,g5.hpc.coe,43337,0.5001,0,0.0,2035.0,12288.0,22595411751,23181332825,24285895,25086223,1393531,0,0,0,0,0,0,0,0,0,0,0,0,569,79,3,2,0,0,0,0,0,0,0,0,0,network_stall
1779258305.781006,g5.hpc.coe,43337,0.5001,0,0.0,2035.0,12288.0,22595412362,23181332904,24285898,25086225,1393531,0,0,0,0,0,0,0,0,0,0,0,0,611,79,3,2,0,0,0,0,0,0,0,0,0,network_stall
1779258306.2811406,g5.hpc.coe,43337,0.5001,0,0.0,2035.0,12288.0,22595413015,23181332983,24285901,25086227,1393531,0,0,0,0,0,0,0,0,0,0,0,0,653,79,3,2,0,0,0,0,0,0,0,0,0,network_stall
1779258306.7812705,g5.hpc.coe,43337,0.5001,0,0.0,2035.0,12288.0,22595413710,23181333062,24285904,25086229,1393531,0,0,0,0,0,0,0,0,0,0,0,0,695,79,3,2,0,0,0,0,0,0,0,0,0,network_stall
1779258307.2814016,g5.hpc.coe,43337,0.5001,0,0.0,2035.0,12288.0,22595414447,23181333141,24285907,25086231,1393531,0,0,0,0,0,0,0,0,0,0,0,0,737,79,3,2,0,0,0,0,0,0,0,0,0,network_stall
1779258307.7815406,g5.hpc.coe,43337,0.5001,0,0.0,2035.0,12288.0,22595415226,23181333220,24285910,25086233,1393531,0,0,0,0,0,0,0,0,0,0,0,0,779,79,3,2,0,0,0,0,0,0,0,0,0,network_stall
1779258308.2816358,g5.hpc.coe,43337,0.5001,0,100.0,2035.0,12288.0,22616956110,23202854051,24307656,25107960,1393831,0,0,0,0,0,0,0,0,0,0,0,0,21540884,21520831,21746,21727,300,0,0,0,0,0,0,0,0,network_stall
1779258308.781766,g5.hpc.coe,43337,0.5001,0,0.0,2035.0,12288.0,22630153928,23216043570,24320865,25121163,1393835,0,0,0,0,0,0,0,0,0,0,0,0,13197818,13189519,13209,13203,4,0,0,0,0,0,0,0,0,network_stall
1779258309.2819011,g5.hpc.coe,43337,0.5001,0,0.0,2035.0,12288.0,22630155466,23216044096,24320883,25121173,1393835,0,0,0,0,0,0,0,0,0,0,0,0,1538,526,18,10,0,0,0,0,0,0,0,0,0,network_stall
1779258309.7820506,g5.hpc.coe,43337,0.5001,0,0.0,2035.0,12288.0,22630156501,23216044230,24320888,25121176,1393835,0,0,0,0,0,0,0,0,0,0,0,0,1035,134,5,3,0,0,0,0,0,0,0,0,0,network_stall
1779258310.2821689,g5.hpc.coe,43337,0.5001,0,0.0,2035.0,12288.0,22630157501,23216044309,24320891,25121178,1393835,0,0,0,0,0,0,0,0,0,0,0,0,1000,79,3,2,0,0,0,0,0,0,0,0,0,network_stall
1779258310.7822804,g5.hpc.coe,43337,0.5001,0,0.0,2035.0,12288.0,22630158544,23216044388,24320894,25121180,1393835,0,0,0,0,0,0,0,0,0,0,0,0,1043,79,3,2,0,0,0,0,0,0,0,0,0,network_stall
1779258311.2824094,g5.hpc.coe,43337,0.5001,0,0.0,2035.0,12288.0,22630159651,23216044467,24320898,25121182,1393835,0,0,0,0,0,0,0,0,0,0,0,0,1107,79,4,2,0,0,0,0,0,0,0,0,0,network_stall
1779258311.7825282,g5.hpc.coe,43337,0.5001,0,0.0,2035.0,12288.0,22630160800,23216044546,24320902,25121184,1393835,0,0,0,0,0,0,0,0,0,0,0,0,1149,79,4,2,0,0,0,0,0,0,0,0,0,network_stall
1779258312.2826202,g5.hpc.coe,43337,0.5001,0,100.0,2035.0,12288.0,22651172864,23237048502,24342253,25142345,1393847,0,0,0,0,0,0,0,0,0,0,0,0,21012064,21003956,21351,21161,12,0,0,0,0,0,0,0,0,network_stall
1779258312.7827618,g5.hpc.coe,43337,0.5001,0,0.0,2035.0,12288.0,22664898086,23250754768,24355852,25156100,1393850,0,0,0,0,0,0,0,0,0,0,0,0,13725222,13706266,13599,13755,3,0,0,0,0,0,0,0,0,network_stall
1779258313.2828948,g5.hpc.coe,43337,0.5001,0,0.0,2035.0,12288.0,22664898304,23250754825,24355854,25156101,1393850,0,0,0,0,0,0,0,0,0,0,0,0,218,57,2,1,0,0,0,0,0,0,0,0,0,network_stall
1779258313.7830305,g5.hpc.coe,43337,0.5001,0,0.0,2035.0,12288.0,22664898564,23250754882,24355856,25156102,1393850,0,0,0,0,0,0,0,0,0,0,0,0,260,57,2,1,0,0,0,0,0,0,0,0,0,network_stall
1779258314.2831593,g5.hpc.coe,43337,0.5001,0,0.0,2035.0,12288.0,22664898866,23250754939,24355858,25156103,1393850,0,0,0,0,0,0,0,0,0,0,0,0,302,57,2,1,0,0,0,0,0,0,0,0,0,network_stall
1779258314.7833092,g5.hpc.coe,43337,0.5001,0,0.0,2035.0,12288.0,22664899287,23250755051,24355862,25156105,1393850,0,0,0,0,0,0,0,0,0,0,0,0,421,112,4,2,0,0,0,0,0,0,0,0,0,network_stall
1779258315.2834463,g5.hpc.coe,43337,0.5001,0,0.0,2035.0,12288.0,22664899673,23250755108,24355864,25156106,1393850,0,0,0,0,0,0,0,0,0,0,0,0,386,57,2,1,0,0,0,0,0,0,0,0,0,network_stall
1779258315.7835543,g5.hpc.coe,43337,0.5001,0,0.0,2035.0,12288.0,22664900101,23250755165,24355866,25156107,1393850,0,0,0,0,0,0,0,0,0,0,0,0,428,57,2,1,0,0,0,0,0,0,0,0,0,network_stall
1779258316.283648,g5.hpc.coe,43337,0.5001,0,100.0,2035.0,12288.0,22679493251,23265333909,24370624,25170844,1394499,0,0,0,0,0,0,0,0,0,0,0,0,14593150,14578744,14758,14737,649,0,0,0,0,0,0,0,0,network_stall
1779258316.783782,g5.hpc.coe,43337,0.5001,0,0.0,2035.0,12288.0,22699638031,23285465471,24390809,25191035,1394502,0,0,0,0,0,0,0,0,0,0,0,0,20144780,20131562,20185,20191,3,0,0,0,0,0,0,0,0,network_stall
1779258317.283892,g5.hpc.coe,43337,0.5001,0,0.0,2035.0,12288.0,22699638617,23285465550,24390812,25191037,1394502,0,0,0,0,0,0,0,0,0,0,0,0,586,79,3,2,0,0,0,0,0,0,0,0,0,network_stall
1779258317.7840211,g5.hpc.coe,43337,0.5001,0,0.0,2035.0,12288.0,22699639245,23285465629,24390815,25191039,1394502,0,0,0,0,0,0,0,0,0,0,0,0,628,79,3,2,0,0,0,0,0,0,0,0,0,network_stall
1779258318.2841737,g5.hpc.coe,43337,0.5002,0,0.0,2035.0,12288.0,22699639915,23285465708,24390818,25191041,1394502,0,0,0,0,0,0,0,0,0,0,0,0,670,79,3,2,0,0,0,0,0,0,0,0,0,network_stall
1779258318.7843244,g5.hpc.coe,43337,0.5002,0,0.0,2035.0,12288.0,22699640627,23285465787,24390821,25191043,1394502,0,0,0,0,0,0,0,0,0,0,0,0,712,79,3,2,0,0,0,0,0,0,0,0,0,network_stall
1779258319.284455,g5.hpc.coe,43337,0.5001,0,0.0,2035.0,12288.0,22699641381,23285465866,24390824,25191045,1394502,0,0,0,0,0,0,0,0,0,0,0,0,754,79,3,2,0,0,0,0,0,0,0,0,0,network_stall
1779258319.7846017,g5.hpc.coe,43337,0.5001,0,0.0,2035.0,12288.0,22699642176,23285465945,24390827,25191047,1394502,0,0,0,0,0,0,0,0,0,0,0,0,795,79,3,2,0,0,0,0,0,0,0,0,0,network_stall
1779258320.2846963,g5.hpc.coe,43337,0.5001,0,95.0,2035.0,12288.0,22714235721,23300044801,24405581,25205791,1394504,0,0,0,0,0,0,0,0,0,0,0,0,14593545,14578856,14754,14744,2,0,0,0,0,0,0,0,0,network_stall
1779258320.7848175,g5.hpc.coe,43337,0.5001,0,0.0,2035.0,12288.0,22734380931,23320176357,24425776,25225979,1394507,0,0,0,0,0,0,0,0,0,0,0,0,20145210,20131556,20195,20188,3,0,0,0,0,0,0,0,0,network_stall
1779258321.2849534,g5.hpc.coe,43337,0.5001,0,0.0,2035.0,12288.0,22734381862,23320176436,24425779,25225981,1394507,0,0,0,0,0,0,0,0,0,0,0,0,931,79,3,2,0,0,0,0,0,0,0,0,0,network_stall
1779258321.785063,g5.hpc.coe,43337,0.5001,0,0.0,2035.0,12288.0,22734382835,23320176515,24425782,25225983,1394507,0,0,0,0,0,0,0,0,0,0,0,0,973,79,3,2,0,0,0,0,0,0,0,0,0,network_stall
1779258322.2851977,g5.hpc.coe,43337,0.5001,0,0.0,2035.0,12288.0,22734383850,23320176594,24425785,25225985,1394507,0,0,0,0,0,0,0,0,0,0,0,0,1015,79,3,2,0,0,0,0,0,0,0,0,0,network_stall
1779258322.7853253,g5.hpc.coe,43337,0.5001,0,0.0,2035.0,12288.0,22734384907,23320176673,24425788,25225987,1394507,0,0,0,0,0,0,0,0,0,0,0,0,1057,79,3,2,0,0,0,0,0,0,0,0,0,network_stall
1779258323.2854803,g5.hpc.coe,43337,0.5002,0,0.0,2035.0,12288.0,22734386028,23320176752,24425792,25225989,1394507,0,0,0,0,0,0,0,0,0,0,0,0,1121,79,4,2,0,0,0,0,0,0,0,0,0,network_stall
1779258323.7856293,g5.hpc.coe,43337,0.5001,0,0.0,2035.0,12288.0,22734387192,23320176831,24425796,25225991,1394507,0,0,0,0,0,0,0,0,0,0,0,0,1164,79,4,2,0,0,0,0,0,0,0,0,0,network_stall
1779258324.2857232,g5.hpc.coe,43337,0.5001,0,79.0,2035.0,12288.0,22748290603,23334069121,24439821,25239993,1394567,0,0,0,0,0,0,0,0,0,0,0,0,13903411,13892290,14025,14002,60,0,0,0,0,0,0,0,0,network_stall
1779258324.785865,g5.hpc.coe,43337,0.5001,0,0.0,2035.0,12288.0,22769125151,23354887584,24460764,25260927,1394570,0,0,0,0,0,0,0,0,0,0,0,0,20834548,20818463,20943,20934,3,0,0,0,0,0,0,0,0,network_stall
1779258325.2859774,g5.hpc.coe,43337,0.5001,0,0.0,2035.0,12288.0,22769125460,23354887696,24460768,25260929,1394570,0,0,0,0,0,0,0,0,0,0,0,0,309,112,4,2,0,0,0,0,0,0,0,0,0,network_stall
1779258325.7861173,g5.hpc.coe,43337,0.5001,0,0.0,2035.0,12288.0,22769125734,23354887753,24460770,25260930,1394570,0,0,0,0,0,0,0,0,0,0,0,0,274,57,2,1,0,0,0,0,0,0,0,0,0,network_stall
1779258326.2862573,g5.hpc.coe,43337,0.5001,0,0.0,2035.0,12288.0,22769126050,23354887810,24460772,25260931,1394570,0,0,0,0,0,0,0,0,0,0,0,0,316,57,2,1,0,0,0,0,0,0,0,0,0,network_stall
1779258326.7863944,g5.hpc.coe,43337,0.5001,0,0.0,2035.0,12288.0,22769126408,23354887867,24460774,25260932,1394570,0,0,0,0,0,0,0,0,0,0,0,0,358,57,2,1,0,0,0,0,0,0,0,0,0,network_stall
1779258327.2865374,g5.hpc.coe,43337,0.5001,0,0.0,2035.0,12288.0,22769126808,23354887924,24460776,25260933,1394570,0,0,0,0,0,0,0,0,0,0,0,0,400,57,2,1,0,0,0,0,0,0,0,0,0,network_stall
1779258327.7866726,g5.hpc.coe,43337,0.5001,0,0.0,2035.0,12288.0,22769127250,23354887981,24460778,25260934,1394570,0,0,0,0,0,0,0,0,0,0,0,0,442,57,2,1,0,0,0,0,0,0,0,0,0,network_stall
1779258328.2867663,g5.hpc.coe,43337,0.5001,0,60.0,2035.0,12288.0,22776772975,23362524709,24468541,25268689,1395327,0,0,0,0,0,0,0,0,0,0,0,0,7645725,7636728,7763,7755,757,0,0,0,0,0,0,0,0,network_stall
1779258328.7869089,g5.hpc.coe,43337,0.5001,0,18.0,2035.0,12288.0,22803865249,23389598224,24495727,25295853,1395337,0,0,0,0,0,0,0,0,0,0,0,0,27092274,27073515,27186,27164,10,0,0,0,0,0,0,0,0,network_stall
1779258329.2870462,g5.hpc.coe,43337,0.5001,0,0.0,2035.0,12288.0,22803865849,23389598303,24495730,25295855,1395337,0,0,0,0,0,0,0,0,0,0,0,0,600,79,3,2,0,0,0,0,0,0,0,0,0,network_stall
1779258329.7871802,g5.hpc.coe,43337,0.5001,0,0.0,2035.0,12288.0,22803866491,23389598382,24495733,25295857,1395337,0,0,0,0,0,0,0,0,0,0,0,0,642,79,3,2,0,0,0,0,0,0,0,0,0,network_stall
1779258330.287294,g5.hpc.coe,43337,0.5001,0,0.0,2035.0,12288.0,22803867252,23389598516,24495738,25295860,1395337,0,0,0,0,0,0,0,0,0,0,0,0,761,134,5,3,0,0,0,0,0,0,0,0,0,network_stall
1779258330.787439,g5.hpc.coe,43337,0.5001,0,0.0,2035.0,12288.0,22803867978,23389598595,24495741,25295862,1395337,0,0,0,0,0,0,0,0,0,0,0,0,726,79,3,2,0,0,0,0,0,0,0,0,0,network_stall
1779258331.2875686,g5.hpc.coe,43337,0.5001,0,0.0,2035.0,12288.0,22803868745,23389598674,24495744,25295864,1395337,0,0,0,0,0,0,0,0,0,0,0,0,767,79,3,2,0,0,0,0,0,0,0,0,0,network_stall
1779258331.7876751,g5.hpc.coe,43337,0.5001,0,0.0,2035.0,12288.0,22803869554,23389598753,24495747,25295866,1395337,0,0,0,0,0,0,0,0,0,0,0,0,809,79,3,2,0,0,0,0,0,0,0,0,0,network_stall
1779258332.2877693,g5.hpc.coe,43337,0.5001,0,40.0,2035.0,12288.0,22810825644,23396548588,24502767,25302877,1395338,0,0,0,0,0,0,0,0,0,0,0,0,6956090,6949835,7020,7011,1,0,0,0,0,0,0,0,0,network_stall
1779258332.7878752,g5.hpc.coe,43337,0.5001,0,37.0,2035.0,12288.0,22838608266,23424309082,24530695,25330793,1395350,0,0,0,0,0,0,0,0,0,0,0,0,27782622,27760494,27928,27916,12,0,0,0,0,0,0,0,0,network_stall
1779258333.2880094,g5.hpc.coe,43337,0.5001,0,0.0,2035.0,12288.0,22838609211,23424309161,24530698,25330795,1395350,0,0,0,0,0,0,0,0,0,0,0,0,945,79,3,2,0,0,0,0,0,0,0,0,0,network_stall
1779258333.788138,g5.hpc.coe,43337,0.5001,0,0.0,2035.0,12288.0,22838610198,23424309240,24530701,25330797,1395350,0,0,0,0,0,0,0,0,0,0,0,0,987,79,3,2,0,0,0,0,0,0,0,0,0,network_stall
1779258334.2882655,g5.hpc.coe,43337,0.5001,0,0.0,2035.0,12288.0,22838611226,23424309319,24530704,25330799,1395350,0,0,0,0,0,0,0,0,0,0,0,0,1028,79,3,2,0,0,0,0,0,0,0,0,0,network_stall
1779258334.788393,g5.hpc.coe,43337,0.5001,0,0.0,2035.0,12288.0,22838612319,23424309398,24530708,25330801,1395350,0,0,0,0,0,0,0,0,0,0,0,0,1093,79,4,2,0,0,0,0,0,0,0,0,0,network_stall
1779258335.2885401,g5.hpc.coe,43337,0.5001,0,0.0,2035.0,12288.0,22838613531,23424309532,24530714,25330804,1395350,0,0,0,0,0,0,0,0,0,0,0,0,1212,134,6,3,0,0,0,0,0,0,0,0,0,network_stall
1779258335.7886572,g5.hpc.coe,43337,0.5001,0,0.0,2035.0,12288.0,22838614708,23424309611,24530718,25330806,1395350,0,0,0,0,0,0,0,0,0,0,0,0,1177,79,4,2,0,0,0,0,0,0,0,0,0,network_stall
1779258336.2887561,g5.hpc.coe,43337,0.5001,0,21.0,2035.0,12288.0,22839312794,23426059103,24531505,25332607,1395350,0,0,0,0,0,0,0,0,0,0,0,0,698086,1749492,787,1801,0,0,0,0,0,0,0,0,0,network_stall
1779258336.7888756,g5.hpc.coe,43337,0.5001,0,57.0,2035.0,12288.0,22873352027,23459019882,24565665,25365729,1396311,0,0,0,0,0,0,0,0,0,0,0,0,34039233,32960779,34160,33122,961,0,0,0,0,0,0,0,0,network_stall
1779258337.2890017,g5.hpc.coe,43337,0.5001,0,0.0,2035.0,12288.0,22873352271,23459019939,24565667,25365730,1396311,0,0,0,0,0,0,0,0,0,0,0,0,244,57,2,1,0,0,0,0,0,0,0,0,0,network_stall
1779258337.7891486,g5.hpc.coe,43337,0.5001,0,0.0,2035.0,12288.0,22873352557,23459019996,24565669,25365731,1396311,0,0,0,0,0,0,0,0,0,0,0,0,286,57,2,1,0,0,0,0,0,0,0,0,0,network_stall
1779258338.2892833,g5.hpc.coe,43337,0.5001,0,0.0,2035.0,12288.0,22873352885,23459020053,24565671,25365732,1396311,0,0,0,0,0,0,0,0,0,0,0,0,328,57,2,1,0,0,0,0,0,0,0,0,0,network_stall
1779258338.7894151,g5.hpc.coe,43337,0.5001,0,0.0,2035.0,12288.0,22873353255,23459020110,24565673,25365733,1396311,0,0,0,0,0,0,0,0,0,0,0,0,370,57,2,1,0,0,0,0,0,0,0,0,0,network_stall
1779258339.2895474,g5.hpc.coe,43337,0.5001,0,0.0,2035.0,12288.0,22873354290,23459020614,24565690,25365742,1396311,0,0,0,0,0,0,0,0,0,0,0,0,1035,504,17,9,0,0,0,0,0,0,0,0,0,network_stall
1779258339.7896786,g5.hpc.coe,43337,0.5001,0,0.0,2035.0,12288.0,22873354745,23459020671,24565692,25365743,1396311,0,0,0,0,0,0,0,0,0,0,0,0,455,57,2,1,0,0,0,0,0,0,0,0,0,network_stall
1779258340.289806,g5.hpc.coe,43337,0.5001,0,0.0,2035.0,12288.0,22873363140,23459198467,24565730,25365942,1396311,0,0,0,0,0,0,0,0,0,0,0,0,8395,177796,38,199,0,0,0,0,0,0,0,0,0,network_stall
1779258340.789933,g5.hpc.coe,43337,0.5001,0,76.0,2035.0,12288.0,22908092760,23493731039,24600633,25400673,1396358,0,0,0,0,0,0,0,0,0,0,0,0,34729620,34532572,34903,34731,47,0,0,0,0,0,0,0,0,network_stall
1779258341.2900627,g5.hpc.coe,43337,0.5001,0,0.0,2035.0,12288.0,22908093370,23493731118,24600636,25400675,1396358,0,0,0,0,0,0,0,0,0,0,0,0,610,79,3,2,0,0,0,0,0,0,0,0,0,network_stall
1779258341.7901952,g5.hpc.coe,43337,0.5001,0,0.0,2035.0,12288.0,22908094022,23493731197,24600639,25400677,1396358,0,0,0,0,0,0,0,0,0,0,0,0,652,79,3,2,0,0,0,0,0,0,0,0,0,network_stall
1779258342.2903206,g5.hpc.coe,43337,0.5001,0,0.0,2035.0,12288.0,22908094716,23493731276,24600642,25400679,1396358,0,0,0,0,0,0,0,0,0,0,0,0,694,79,3,2,0,0,0,0,0,0,0,0,0,network_stall
1779258342.7904558,g5.hpc.coe,43337,0.5001,0,0.0,2035.0,12288.0,22908095452,23493731355,24600645,25400681,1396358,0,0,0,0,0,0,0,0,0,0,0,0,736,79,3,2,0,0,0,0,0,0,0,0,0,network_stall
1779258343.2905889,g5.hpc.coe,43337,0.5001,0,0.0,2035.0,12288.0,22908096487,23493731689,24600653,25400688,1396358,0,0,0,0,0,0,0,0,0,0,0,0,1035,334,8,7,0,0,0,0,0,0,0,0,0,network_stall
1779258343.790723,g5.hpc.coe,43337,0.5001,0,0.0,2035.0,12288.0,22908097329,23493731768,24600657,25400690,1396358,0,0,0,0,0,0,0,0,0,0,0,0,842,79,4,2,0,0,0,0,0,0,0,0,0,network_stall
1779258344.2908702,g5.hpc.coe,43337,0.5001,0,0.0,2035.0,12288.0,22908098191,23493731847,24600660,25400692,1396358,0,0,0,0,0,0,0,0,0,0,0,0,862,79,3,2,0,0,0,0,0,0,0,0,0,network_stall
1779258344.7909656,g5.hpc.coe,43337,0.5001,0,100.0,2035.0,12288.0,22942836087,23528442174,24635609,25435628,1396367,0,0,0,0,0,0,0,0,0,0,0,0,34737896,34710327,34949,34936,9,0,0,0,0,0,0,0,0,network_stall
1779258345.2911022,g5.hpc.coe,43337,0.5001,0,0.0,2035.0,12288.0,22942837038,23528442253,24635612,25435630,1396367,0,0,0,0,0,0,0,0,0,0,0,0,951,79,3,2,0,0,0,0,0,0,0,0,0,network_stall
1779258345.791234,g5.hpc.coe,43337,0.5001,0,0.0,2035.0,12288.0,22942838108,23528442387,24635617,25435633,1396367,0,0,0,0,0,0,0,0,0,0,0,0,1070,134,5,3,0,0,0,0,0,0,0,0,0,network_stall
1779258346.291366,g5.hpc.coe,43337,0.5001,0,0.0,2035.0,12288.0,22942839144,23528442466,24635620,25435635,1396367,0,0,0,0,0,0,0,0,0,0,0,0,1036,79,3,2,0,0,0,0,0,0,0,0,0,network_stall
1779258346.7915056,g5.hpc.coe,43337,0.5001,0,0.0,2035.0,12288.0,22942840244,23528442545,24635624,25435637,1396367,0,0,0,0,0,0,0,0,0,0,0,0,1100,79,4,2,0,0,0,0,0,0,0,0,0,network_stall
1779258347.2916467,g5.hpc.coe,43337,0.5001,0,0.0,2035.0,12288.0,22942841386,23528442624,24635628,25435639,1396367,0,0,0,0,0,0,0,0,0,0,0,0,1142,79,4,2,0,0,0,0,0,0,0,0,0,network_stall
1779258347.791761,g5.hpc.coe,43337,0.5001,0,0.0,2035.0,12288.0,22942842570,23528442703,24635632,25435641,1396367,0,0,0,0,0,0,0,0,0,0,0,0,1184,79,4,2,0,0,0,0,0,0,0,0,0,network_stall
1779258348.2918901,g5.hpc.coe,43337,0.5001,0,0.0,2035.0,12288.0,22942842728,23528442760,24635634,25435642,1396367,0,0,0,0,0,0,0,0,0,0,0,0,158,57,2,1,0,0,0,0,0,0,0,0,0,network_stall
1779258348.7919846,g5.hpc.coe,43337,0.5001,0,100.0,2035.0,12288.0,22971330381,23556905655,24664367,25464360,1396539,0,0,0,0,0,0,0,0,0,0,0,0,28487653,28462895,28733,28718,172,0,0,0,0,0,0,0,0,network_stall
1779258349.292119,g5.hpc.coe,43337,0.5001,0,0.0,2035.0,12288.0,22977580154,23563153094,24670582,25470574,1396541,0,0,0,0,0,0,0,0,0,0,0,0,6249773,6247439,6215,6214,2,0,0,0,0,0,0,0,0,network_stall
1779258349.79226,g5.hpc.coe,43337,0.5001,0,0.0,2035.0,12288.0,22977580447,23563153151,24670584,25470575,1396541,0,0,0,0,0,0,0,0,0,0,0,0,293,57,2,1,0,0,0,0,0,0,0,0,0,network_stall
1779258350.2923927,g5.hpc.coe,43337,0.5001,0,0.0,2035.0,12288.0,22977580782,23563153208,24670586,25470576,1396541,0,0,0,0,0,0,0,0,0,0,0,0,335,57,2,1,0,0,0,0,0,0,0,0,0,network_stall
1779258350.7925107,g5.hpc.coe,43337,0.5001,0,0.0,2035.0,12288.0,22977581236,23563153320,24670590,25470578,1396541,0,0,0,0,0,0,0,0,0,0,0,0,454,112,4,2,0,0,0,0,0,0,0,0,0,network_stall
1779258351.2926486,g5.hpc.coe,43337,0.5001,0,0.0,2035.0,12288.0,22977581655,23563153377,24670592,25470579,1396541,0,0,0,0,0,0,0,0,0,0,0,0,419,57,2,1,0,0,0,0,0,0,0,0,0,network_stall
1779258351.7927656,g5.hpc.coe,43337,0.5001,0,0.0,2035.0,12288.0,22977582116,23563153434,24670594,25470580,1396541,0,0,0,0,0,0,0,0,0,0,0,0,461,57,2,1,0,0,0,0,0,0,0,0,0,network_stall
1779258352.2929041,g5.hpc.coe,43337,0.5001,0,0.0,2035.0,12288.0,22977582619,23563153491,24670596,25470581,1396541,0,0,0,0,0,0,0,0,0,0,0,0,503,57,2,1,0,0,0,0,0,0,0,0,0,network_stall
1779258352.7930036,g5.hpc.coe,43337,0.5001,0,100.0,2035.0,12288.0,23005380665,23590929465,24698590,25498551,1396547,0,0,0,0,0,0,0,0,0,0,0,0,27798046,27775974,27994,27970,6,0,0,0,0,0,0,0,0,network_stall
1779258353.293136,g5.hpc.coe,43337,0.5001,0,0.0,2035.0,12288.0,23012320869,23597863855,24705559,25505513,1396548,0,0,0,0,0,0,0,0,0,0,0,0,6940204,6934390,6969,6962,1,0,0,0,0,0,0,0,0,network_stall
1779258353.7932549,g5.hpc.coe,43337,0.5001,0,0.0,2035.0,12288.0,23012321529,23597863934,24705562,25505515,1396548,0,0,0,0,0,0,0,0,0,0,0,0,660,79,3,2,0,0,0,0,0,0,0,0,0,network_stall
1779258354.293371,g5.hpc.coe,43337,0.5001,0,0.0,2035.0,12288.0,23012322854,23597864460,24705580,25505525,1396548,0,0,0,0,0,0,0,0,0,0,0,0,1325,526,18,10,0,0,0,0,0,0,0,0,0,network_stall
1779258354.793507,g5.hpc.coe,43337,0.5001,0,0.0,2035.0,12288.0,23012323599,23597864539,24705583,25505527,1396548,0,0,0,0,0,0,0,0,0,0,0,0,745,79,3,2,0,0,0,0,0,0,0,0,0,network_stall
1779258355.293657,g5.hpc.coe,43337,0.5001,0,0.0,2035.0,12288.0,23012324385,23597864618,24705586,25505529,1396548,0,0,0,0,0,0,0,0,0,0,0,0,786,79,3,2,0,0,0,0,0,0,0,0,0,network_stall
1779258355.793797,g5.hpc.coe,43337,0.5001,0,0.0,2035.0,12288.0,23012325290,23597864752,24705591,25505532,1396548,0,0,0,0,0,0,0,0,0,0,0,0,905,134,5,3,0,0,0,0,0,0,0,0,0,network_stall
1779258356.2939467,g5.hpc.coe,43337,0.5001,0,0.0,2035.0,12288.0,23012326160,23597864831,24705594,25505534,1396548,0,0,0,0,0,0,0,0,0,0,0,0,870,79,3,2,0,0,0,0,0,0,0,0,0,network_stall
1779258356.7940755,g5.hpc.coe,43337,0.5001,0,0.0,2035.0,12288.0,23012334970,23598042628,24705633,25505731,1396548,0,0,0,0,0,0,0,0,0,0,0,0,8810,177797,39,197,0,0,0,0,0,0,0,0,0,network_stall
1779258357.294187,g5.hpc.coe,43337,0.5001,0,100.0,2035.0,12288.0,23047064971,23632575181,24740539,25540464,1396573,0,0,0,0,0,0,0,0,0,0,0,0,34730001,34532553,34906,34733,25,0,0,0,0,0,0,0,0,network_stall
1779258357.7943063,g5.hpc.coe,43337,0.5001,0,0.0,2035.0,12288.0,23047065974,23632575260,24740542,25540466,1396573,0,0,0,0,0,0,0,0,0,0,0,0,1003,79,3,2,0,0,0,0,0,0,0,0,0,network_stall
1779258358.2944164,g5.hpc.coe,43337,0.5001,0,0.0,2035.0,12288.0,23047067020,23632575339,24740545,25540468,1396573,0,0,0,0,0,0,0,0,0,0,0,0,1046,79,3,2,0,0,0,0,0,0,0,0,0,network_stall
1779258358.7945483,g5.hpc.coe,43337,0.5001,0,0.0,2035.0,12288.0,23047068130,23632575418,24740549,25540470,1396573,0,0,0,0,0,0,0,0,0,0,0,0,1110,79,4,2,0,0,0,0,0,0,0,0,0,network_stall
1779258359.2946887,g5.hpc.coe,43337,0.5001,0,0.0,2035.0,12288.0,23047069282,23632575497,24740553,25540472,1396573,0,0,0,0,0,0,0,0,0,0,0,0,1152,79,4,2,0,0,0,0,0,0,0,0,0,network_stall
1779258359.794826,g5.hpc.coe,43337,0.5001,0,0.0,2035.0,12288.0,23047069408,23632575554,24740555,25540473,1396573,0,0,0,0,0,0,0,0,0,0,0,0,126,57,2,1,0,0,0,0,0,0,0,0,0,network_stall
1779258360.2949593,g5.hpc.coe,43337,0.5001,0,0.0,2035.0,12288.0,23047069576,23632575611,24740557,25540474,1396573,0,0,0,0,0,0,0,0,0,0,0,0,168,57,2,1,0,0,0,0,0,0,0,0,0,network_stall
1779258360.7950938,g5.hpc.coe,43337,0.5001,0,0.0,2035.0,12288.0,23047069786,23632575668,24740559,25540475,1396573,0,0,0,0,0,0,0,0,0,0,0,0,210,57,2,1,0,0,0,0,0,0,0,0,0,network_stall
1779258361.2951887,g5.hpc.coe,43337,0.5001,0,100.0,2035.0,12288.0,23081806995,23667285917,24775502,25575402,1396581,0,0,0,0,0,0,0,0,0,0,0,0,34737209,34710249,34943,34927,8,0,0,0,0,0,0,0,0,network_stall
1779258361.7953,g5.hpc.coe,43337,0.5001,0,0.0,2035.0,12288.0,23081807294,23667285974,24775504,25575403,1396581,0,0,0,0,0,0,0,0,0,0,0,0,299,57,2,1,0,0,0,0,0,0,0,0,0,network_stall
1779258362.2954345,g5.hpc.coe,43337,0.5001,0,0.0,2035.0,12288.0,23081807635,23667286031,24775506,25575404,1396581,0,0,0,0,0,0,0,0,0,0,0,0,341,57,2,1,0,0,0,0,0,0,0,0,0,network_stall
1779258362.795567,g5.hpc.coe,43337,0.5001,0,0.0,2035.0,12288.0,23081808018,23667286088,24775508,25575405,1396581,0,0,0,0,0,0,0,0,0,0,0,0,383,57,2,1,0,0,0,0,0,0,0,0,0,network_stall
1779258363.2957008,g5.hpc.coe,43337,0.5001,0,0.0,2035.0,12288.0,23081808442,23667286145,24775510,25575406,1396581,0,0,0,0,0,0,0,0,0,0,0,0,424,57,2,1,0,0,0,0,0,0,0,0,0,network_stall
1779258363.7958376,g5.hpc.coe,43337,0.5001,0,0.0,2035.0,12288.0,23081808908,23667286202,24775512,25575407,1396581,0,0,0,0,0,0,0,0,0,0,0,0,466,57,2,1,0,0,0,0,0,0,0,0,0,network_stall
1779258364.29597,g5.hpc.coe,43337,0.5001,0,0.0,2035.0,12288.0,23081809416,23667286259,24775514,25575408,1396581,0,0,0,0,0,0,0,0,0,0,0,0,508,57,2,1,0,0,0,0,0,0,0,0,0,network_stall
1779258364.7961078,g5.hpc.coe,43337,0.5001,0,0.0,2035.0,12288.0,23081809988,23667286338,24775517,25575410,1396581,0,0,0,0,0,0,0,0,0,0,0,0,572,79,3,2,0,0,0,0,0,0,0,0,0,network_stall
1779258365.296204,g5.hpc.coe,43337,0.5001,0,100.0,2035.0,12288.0,23110298062,23695749199,24804252,25604121,1396975,0,0,0,0,0,0,0,0,0,0,0,0,28488074,28462861,28735,28711,394,0,0,0,0,0,0,0,0,network_stall
1779258365.7963321,g5.hpc.coe,43337,0.5001,0,0.0,2035.0,12288.0,23116548248,23701996667,24810468,25610337,1396979,0,0,0,0,0,0,0,0,0,0,0,0,6250186,6247468,6216,6216,4,0,0,0,0,0,0,0,0,network_stall
1779258366.2964652,g5.hpc.coe,43337,0.5001,0,0.0,2035.0,12288.0,23116549032,23701996801,24810473,25610340,1396979,0,0,0,0,0,0,0,0,0,0,0,0,784,134,5,3,0,0,0,0,0,0,0,0,0,network_stall
1779258366.7965987,g5.hpc.coe,43337,0.5001,0,0.0,2035.0,12288.0,23116549781,23701996880,24810476,25610342,1396979,0,0,0,0,0,0,0,0,0,0,0,0,749,79,3,2,0,0,0,0,0,0,0,0,0,network_stall
1779258367.296716,g5.hpc.coe,43337,0.5001,0,0.0,2035.0,12288.0,23116550572,23701996959,24810479,25610344,1396979,0,0,0,0,0,0,0,0,0,0,0,0,791,79,3,2,0,0,0,0,0,0,0,0,0,network_stall
1779258367.7969007,g5.hpc.coe,43337,0.5002,0,0.0,2035.0,12288.0,23116551405,23701997038,24810482,25610346,1396979,0,0,0,0,0,0,0,0,0,0,0,0,833,79,3,2,0,0,0,0,0,0,0,0,0,network_stall
1779258368.2970521,g5.hpc.coe,43337,0.5002,0,0.0,2035.0,12288.0,23116552280,23701997117,24810485,25610348,1396979,0,0,0,0,0,0,0,0,0,0,0,0,875,79,3,2,0,0,0,0,0,0,0,0,0,network_stall
1779258368.7971897,g5.hpc.coe,43337,0.5001,0,0.0,2035.0,12288.0,23116553197,23701997196,24810488,25610350,1396979,0,0,0,0,0,0,0,0,0,0,0,0,917,79,3,2,0,0,0,0,0,0,0,0,0,network_stall
1779258369.2972856,g5.hpc.coe,43337,0.5001,0,100.0,2035.0,12288.0,23144352230,23729773645,24838493,25638332,1396983,0,0,0,0,0,0,0,0,0,0,0,0,27799033,27776449,28005,27982,4,0,0,0,0,0,0,0,0,network_stall
1779258369.7974522,g5.hpc.coe,43337,0.5002,0,0.0,2035.0,12288.0,23151292784,23736708028,24845456,25645293,1396983,0,0,0,0,0,0,0,0,0,0,0,0,6940554,6934383,6963,6961,0,0,0,0,0,0,0,0,0,network_stall
1779258370.2975643,g5.hpc.coe,43337,0.5001,0,0.0,2035.0,12288.0,23151293836,23736708107,24845459,25645295,1396983,0,0,0,0,0,0,0,0,0,0,0,0,1052,79,3,2,0,0,0,0,0,0,0,0,0,network_stall
1779258370.7977016,g5.hpc.coe,43337,0.5001,0,0.0,2035.0,12288.0,23151294952,23736708186,24845463,25645297,1396983,0,0,0,0,0,0,0,0,0,0,0,0,1116,79,4,2,0,0,0,0,0,0,0,0,0,network_stall
1779258371.2978659,g5.hpc.coe,43337,0.5002,0,0.0,2035.0,12288.0,23151296188,23736708320,24845469,25645300,1396983,0,0,0,0,0,0,0,0,0,0,0,0,1236,134,6,3,0,0,0,0,0,0,0,0,0,network_stall
1779258371.7979827,g5.hpc.coe,43337,0.5001,0,0.0,2035.0,12288.0,23151296321,23736708377,24845471,25645301,1396983,0,0,0,0,0,0,0,0,0,0,0,0,133,57,2,1,0,0,0,0,0,0,0,0,0,network_stall
1779258372.2981148,g5.hpc.coe,43337,0.5001,0,0.0,2035.0,12288.0,23151296496,23736708434,24845473,25645302,1396983,0,0,0,0,0,0,0,0,0,0,0,0,175,57,2,1,0,0,0,0,0,0,0,0,0,network_stall
1779258372.7982574,g5.hpc.coe,43337,0.5001,0,0.0,2035.0,12288.0,23151296713,23736708491,24845475,25645303,1396983,0,0,0,0,0,0,0,0,0,0,0,0,217,57,2,1,0,0,0,0,0,0,0,0,0,network_stall
1779258373.298354,g5.hpc.coe,43337,0.5001,0,100.0,2035.0,12288.0,23172837035,23758229321,24867220,25667032,1397078,0,0,0,0,0,0,0,0,0,0,0,0,21540322,21520830,21745,21729,95,0,0,0,0,0,0,0,0,network_stall
1779258373.7984693,g5.hpc.coe,43337,0.5001,0,0.0,2035.0,12288.0,23186034263,23771418811,24880424,25680233,1397082,0,0,0,0,0,0,0,0,0,0,0,0,13197228,13189490,13204,13201,4,0,0,0,0,0,0,0,0,network_stall
1779258374.2985864,g5.hpc.coe,43337,0.5001,0,0.0,2035.0,12288.0,23186034616,23771418868,24880426,25680234,1397082,0,0,0,0,0,0,0,0,0,0,0,0,353,57,2,1,0,0,0,0,0,0,0,0,0,network_stall
1779258374.7987318,g5.hpc.coe,43337,0.5001,0,0.0,2035.0,12288.0,23186035011,23771418925,24880428,25680235,1397082,0,0,0,0,0,0,0,0,0,0,0,0,395,57,2,1,0,0,0,0,0,0,0,0,0,network_stall
1779258375.2988822,g5.hpc.coe,43337,0.5002,0,0.0,2035.0,12288.0,23186035448,23771418982,24880430,25680236,1397082,0,0,0,0,0,0,0,0,0,0,0,0,437,57,2,1,0,0,0,0,0,0,0,0,0,network_stall
1779258375.7990258,g5.hpc.coe,43337,0.5001,0,0.0,2035.0,12288.0,23186035927,23771419039,24880432,25680237,1397082,0,0,0,0,0,0,0,0,0,0,0,0,479,57,2,1,0,0,0,0,0,0,0,0,0,network_stall
1779258376.299162,g5.hpc.coe,43337,0.5001,0,0.0,2035.0,12288.0,23186036525,23771419151,24880436,25680239,1397082,0,0,0,0,0,0,0,0,0,0,0,0,598,112,4,2,0,0,0,0,0,0,0,0,0,network_stall
1779258376.7992764,g5.hpc.coe,43337,0.5001,0,0.0,2035.0,12288.0,23186037110,23771419230,24880439,25680241,1397082,0,0,0,0,0,0,0,0,0,0,0,0,585,79,3,2,0,0,0,0,0,0,0,0,0,network_stall
1779258377.2993731,g5.hpc.coe,43337,0.5001,0,100.0,2035.0,12288.0,23206887756,23792253181,24901435,25701228,1398859,0,0,0,0,0,0,0,0,0,0,0,0,20850646,20833951,20996,20987,1777,0,0,0,0,0,0,0,0,network_stall
1779258377.7995057,g5.hpc.coe,43337,0.5001,0,0.0,2035.0,12288.0,23220775397,23806129622,24915390,25715177,1398860,0,0,0,0,0,0,0,0,0,0,0,0,13887641,13876441,13955,13949,1,0,0,0,0,0,0,0,0,network_stall
1779258378.2996488,g5.hpc.coe,43337,0.5001,0,0.0,2035.0,12288.0,23220776119,23806129701,24915393,25715179,1398860,0,0,0,0,0,0,0,0,0,0,0,0,722,79,3,2,0,0,0,0,0,0,0,0,0,network_stall
1779258378.7997816,g5.hpc.coe,43337,0.5001,0,0.0,2035.0,12288.0,23220776883,23806129780,24915396,25715181,1398860,0,0,0,0,0,0,0,0,0,0,0,0,764,79,3,2,0,0,0,0,0,0,0,0,0,network_stall
1779258379.2999165,g5.hpc.coe,43337,0.5001,0,0.0,2035.0,12288.0,23220777689,23806129859,24915399,25715183,1398860,0,0,0,0,0,0,0,0,0,0,0,0,806,79,3,2,0,0,0,0,0,0,0,0,0,network_stall
1779258379.800057,g5.hpc.coe,43337,0.5001,0,0.0,2035.0,12288.0,23220778537,23806129938,24915402,25715185,1398860,0,0,0,0,0,0,0,0,0,0,0,0,848,79,3,2,0,0,0,0,0,0,0,0,0,network_stall
1779258380.300188,g5.hpc.coe,43337,0.5001,0,0.0,2035.0,12288.0,23220779427,23806130017,24915405,25715187,1398860,0,0,0,0,0,0,0,0,0,0,0,0,890,79,3,2,0,0,0,0,0,0,0,0,0,network_stall
1779258380.8003266,g5.hpc.coe,43337,0.5001,0,0.0,2035.0,12288.0,23220780358,23806130096,24915408,25715189,1398860,0,0,0,0,0,0,0,0,0,0,0,0,931,79,3,2,0,0,0,0,0,0,0,0,0,network_stall
1779258381.300425,g5.hpc.coe,43337,0.5001,0,100.0,2035.0,12288.0,23235374080,23820708931,24930170,25729930,1399848,0,0,0,0,0,0,0,0,0,0,0,0,14593722,14578835,14762,14741,988,0,0,0,0,0,0,0,0,network_stall
1779258381.800556,g5.hpc.coe,43337,0.5001,0,0.0,2035.0,12288.0,23255519449,23840840480,24950366,25750117,1399852,0,0,0,0,0,0,0,0,0,0,0,0,20145369,20131549,20196,20187,4,0,0,0,0,0,0,0,0,network_stall
1779258382.3006692,g5.hpc.coe,43337,0.5001,0,0.0,2035.0,12288.0,23255520538,23840840559,24950370,25750119,1399852,0,0,0,0,0,0,0,0,0,0,0,0,1089,79,4,2,0,0,0,0,0,0,0,0,0,network_stall
1779258382.8007843,g5.hpc.coe,43337,0.5001,0,0.0,2035.0,12288.0,23255521670,23840840638,24950374,25750121,1399852,0,0,0,0,0,0,0,0,0,0,0,0,1132,79,4,2,0,0,0,0,0,0,0,0,0,network_stall
1779258383.3009312,g5.hpc.coe,43337,0.5001,0,0.0,2035.0,12288.0,23255522844,23840840717,24950378,25750123,1399852,0,0,0,0,0,0,0,0,0,0,0,0,1174,79,4,2,0,0,0,0,0,0,0,0,0,network_stall
1779258383.8010664,g5.hpc.coe,43337,0.5001,0,0.0,2035.0,12288.0,23255522992,23840840774,24950380,25750124,1399852,0,0,0,0,0,0,0,0,0,0,0,0,148,57,2,1,0,0,0,0,0,0,0,0,0,network_stall
1779258384.301201,g5.hpc.coe,43337,0.5001,0,0.0,2035.0,12288.0,23255523805,23840841278,24950397,25750133,1399852,0,0,0,0,0,0,0,0,0,0,0,0,813,504,17,9,0,0,0,0,0,0,0,0,0,network_stall
1779258384.801338,g5.hpc.coe,43337,0.5001,0,0.0,2035.0,12288.0,23255524037,23840841335,24950399,25750134,1399852,0,0,0,0,0,0,0,0,0,0,0,0,232,57,2,1,0,0,0,0,0,0,0,0,0,network_stall
1779258385.3014362,g5.hpc.coe,43337,0.5001,0,100.0,2035.0,12288.0,23270116949,23855420107,24965151,25764875,1400058,0,0,0,0,0,0,0,0,0,0,0,0,14592912,14578772,14752,14741,206,0,0,0,0,0,0,0,0,network_stall
1779258385.8015642,g5.hpc.coe,43337,0.5001,0,0.0,2035.0,12288.0,23290261618,23875551641,24985348,25785062,1400060,0,0,0,0,0,0,0,0,0,0,0,0,20144669,20131534,20197,20187,2,0,0,0,0,0,0,0,0,network_stall
1779258386.301701,g5.hpc.coe,43337,0.5001,0,0.0,2035.0,12288.0,23290261987,23875551698,24985350,25785063,1400060,0,0,0,0,0,0,0,0,0,0,0,0,369,57,2,1,0,0,0,0,0,0,0,0,0,network_stall
1779258386.8018146,g5.hpc.coe,43337,0.5001,0,0.0,2035.0,12288.0,23290262474,23875551810,24985354,25785065,1400060,0,0,0,0,0,0,0,0,0,0,0,0,487,112,4,2,0,0,0,0,0,0,0,0,0,network_stall
1779258387.301949,g5.hpc.coe,43337,0.5001,0,0.0,2035.0,12288.0,23290262927,23875551867,24985356,25785066,1400060,0,0,0,0,0,0,0,0,0,0,0,0,453,57,2,1,0,0,0,0,0,0,0,0,0,network_stall
1779258387.8020914,g5.hpc.coe,43337,0.5001,0,0.0,2035.0,12288.0,23290263421,23875551924,24985358,25785067,1400060,0,0,0,0,0,0,0,0,0,0,0,0,494,57,2,1,0,0,0,0,0,0,0,0,0,network_stall
1779258388.302226,g5.hpc.coe,43337,0.5001,0,0.0,2035.0,12288.0,23290263957,23875551981,24985360,25785068,1400060,0,0,0,0,0,0,0,0,0,0,0,0,536,57,2,1,0,0,0,0,0,0,0,0,0,network_stall
1779258388.8023646,g5.hpc.coe,43337,0.5001,0,0.0,2035.0,12288.0,23290264557,23875552060,24985363,25785070,1400060,0,0,0,0,0,0,0,0,0,0,0,0,600,79,3,2,0,0,0,0,0,0,0,0,0,network_stall
1779258389.3024619,g5.hpc.coe,43337,0.5001,0,90.0,2035.0,12288.0,23301644102,23887408595,24997375,25797332,1400997,0,0,0,0,0,0,0,0,0,0,0,0,11379545,11856535,12012,12262,937,0,0,0,0,0,0,0,0,network_stall
1779258389.802583,g5.hpc.coe,43337,0.5001,0,0.0,2035.0,12288.0,23325002916,23910262389,25020320,25819997,1401006,0,0,0,0,0,0,0,0,0,0,0,0,23358814,22853794,22945,22665,9,0,0,0,0,0,0,0,0,network_stall
1779258390.30271,g5.hpc.coe,43337,0.5001,0,0.0,2035.0,12288.0,23325003652,23910262468,25020323,25819999,1401006,0,0,0,0,0,0,0,0,0,0,0,0,736,79,3,2,0,0,0,0,0,0,0,0,0,network_stall
1779258390.8028662,g5.hpc.coe,43337,0.5002,0,0.0,2035.0,12288.0,23325004430,23910262547,25020326,25820001,1401006,0,0,0,0,0,0,0,0,0,0,0,0,778,79,3,2,0,0,0,0,0,0,0,0,0,network_stall
1779258391.3030088,g5.hpc.coe,43337,0.5001,0,0.0,2035.0,12288.0,23325005250,23910262626,25020329,25820003,1401006,0,0,0,0,0,0,0,0,0,0,0,0,820,79,3,2,0,0,0,0,0,0,0,0,0,network_stall
1779258391.8031027,g5.hpc.coe,43337,0.5001,0,0.0,2035.0,12288.0,23325006189,23910262760,25020334,25820006,1401006,0,0,0,0,0,0,0,0,0,0,0,0,939,134,5,3,0,0,0,0,0,0,0,0,0,network_stall
1779258392.3032503,g5.hpc.coe,43337,0.5001,0,0.0,2035.0,12288.0,23325007093,23910262839,25020337,25820008,1401006,0,0,0,0,0,0,0,0,0,0,0,0,904,79,3,2,0,0,0,0,0,0,0,0,0,network_stall
1779258392.8033626,g5.hpc.coe,43337,0.5001,0,0.0,2035.0,12288.0,23325008039,23910262918,25020340,25820010,1401006,0,0,0,0,0,0,0,0,0,0,0,0,946,79,3,2,0,0,0,0,0,0,0,0,0,network_stall
1779258393.303463,g5.hpc.coe,43337,0.5001,0,72.0,2035.0,12288.0,23332654324,23917899703,25028112,25827771,1401007,0,0,0,0,0,0,0,0,0,0,0,0,7646285,7636785,7772,7761,1,0,0,0,0,0,0,0,0,network_stall
1779258393.803604,g5.hpc.coe,43337,0.5001,0,8.0,2035.0,12288.0,23359747088,23944973254,25055297,25854938,1401009,0,0,0,0,0,0,0,0,0,0,0,0,27092764,27073551,27185,27167,2,0,0,0,0,0,0,0,0,network_stall
1779258394.3037202,g5.hpc.coe,43337,0.5001,0,0.0,2035.0,12288.0,23359748190,23944973333,25055301,25854940,1401009,0,0,0,0,0,0,0,0,0,0,0,0,1102,79,4,2,0,0,0,0,0,0,0,0,0,network_stall
1779258394.8038266,g5.hpc.coe,43337,0.5001,0,0.0,2035.0,12288.0,23359749334,23944973412,25055305,25854942,1401009,0,0,0,0,0,0,0,0,0,0,0,0,1144,79,4,2,0,0,0,0,0,0,0,0,0,network_stall
1779258395.3039627,g5.hpc.coe,43337,0.5001,0,0.0,2035.0,12288.0,23359750521,23944973491,25055309,25854944,1401009,0,0,0,0,0,0,0,0,0,0,0,0,1187,79,4,2,0,0,0,0,0,0,0,0,0,network_stall
1779258395.8040998,g5.hpc.coe,43337,0.5001,0,0.0,2035.0,12288.0,23359750682,23944973548,25055311,25854945,1401009,0,0,0,0,0,0,0,0,0,0,0,0,161,57,2,1,0,0,0,0,0,0,0,0,0,network_stall
1779258396.3042386,g5.hpc.coe,43337,0.5001,0,0.0,2035.0,12288.0,23359750885,23944973605,25055313,25854946,1401009,0,0,0,0,0,0,0,0,0,0,0,0,203,57,2,1,0,0,0,0,0,0,0,0,0,network_stall
1779258396.8043714,g5.hpc.coe,43337,0.5001,0,0.0,2035.0,12288.0,23359751207,23944973717,25055317,25854948,1401009,0,0,0,0,0,0,0,0,0,0,0,0,322,112,4,2,0,0,0,0,0,0,0,0,0,network_stall
1779258397.3045306,g5.hpc.coe,43337,0.5002,0,58.0,2035.0,12288.0,23366706740,23951923537,25062337,25861959,1401067,0,0,0,0,0,0,0,0,0,0,0,0,6955533,6949820,7020,7011,58,0,0,0,0,0,0,0,0,network_stall
1779258397.804665,g5.hpc.coe,43337,0.5001,0,19.0,2035.0,12288.0,23394488840,23979684016,25090270,25889875,1401072,0,0,0,0,0,0,0,0,0,0,0,0,27782100,27760479,27933,27916,5,0,0,0,0,0,0,0,0,network_stall
1779258398.3048036,g5.hpc.coe,43337,0.5001,0,0.0,2035.0,12288.0,23394489220,23979684073,25090272,25889876,1401072,0,0,0,0,0,0,0,0,0,0,0,0,380,57,2,1,0,0,0,0,0,0,0,0,0,network_stall
1779258398.8049395,g5.hpc.coe,43337,0.5001,0,0.0,2035.0,12288.0,23394489642,23979684130,25090274,25889877,1401072,0,0,0,0,0,0,0,0,0,0,0,0,422,57,2,1,0,0,0,0,0,0,0,0,0,network_stall
1779258399.3050787,g5.hpc.coe,43337,0.5001,0,0.0,2035.0,12288.0,23394490729,23979684634,25090291,25889886,1401072,0,0,0,0,0,0,0,0,0,0,0,0,1087,504,17,9,0,0,0,0,0,0,0,0,0,network_stall
1779258399.8052104,g5.hpc.coe,43337,0.5001,0,0.0,2035.0,12288.0,23394491236,23979684691,25090293,25889887,1401072,0,0,0,0,0,0,0,0,0,0,0,0,507,57,2,1,0,0,0,0,0,0,0,0,0,network_stall
1779258400.30534,g5.hpc.coe,43337,0.5001,0,0.0,2035.0,12288.0,23394491807,23979684770,25090296,25889889,1401072,0,0,0,0,0,0,0,0,0,0,0,0,571,79,3,2,0,0,0,0,0,0,0,0,0,network_stall
1779258400.8054523,g5.hpc.coe,43337,0.5001,0,0.0,2035.0,12288.0,23394492419,23979684849,25090299,25889891,1401072,0,0,0,0,0,0,0,0,0,0,0,0,612,79,3,2,0,0,0,0,0,0,0,0,0,network_stall
1779258401.3055604,g5.hpc.coe,43337,0.5001,0,38.0,2035.0,12288.0,23395191001,23981434349,25091086,25891691,1401072,0,0,0,0,0,0,0,0,0,0,0,0,698582,1749500,787,1800,0,0,0,0,0,0,0,0,0,network_stall
1779258401.805688,g5.hpc.coe,43337,0.5001,0,100.0,2035.0,12288.0,23429230786,24014395254,25125245,25924822,1402609,0,0,0,0,0,0,0,0,0,0,0,0,34039785,32960905,34159,33131,1537,0,0,0,0,0,0,0,0,network_stall
1779258402.3058164,g5.hpc.coe,43337,0.5001,0,0.0,2035.0,12288.0,23429231534,24014395333,25125248,25924824,1402609,0,0,0,0,0,0,0,0,0,0,0,0,748,79,3,2,0,0,0,0,0,0,0,0,0,network_stall
1779258402.8059523,g5.hpc.coe,43337,0.5001,0,0.0,2035.0,12288.0,23429232324,24014395412,25125251,25924826,1402609,0,0,0,0,0,0,0,0,0,0,0,0,790,79,3,2,0,0,0,0,0,0,0,0,0,network_stall
1779258403.306067,g5.hpc.coe,43337,0.5001,0,0.0,2035.0,12288.0,23429233413,24014395746,25125259,25924833,1402609,0,0,0,0,0,0,0,0,0,0,0,0,1089,334,8,7,0,0,0,0,0,0,0,0,0,network_stall
1779258403.8061903,g5.hpc.coe,43337,0.5001,0,0.0,2035.0,12288.0,23429234309,24014395825,25125263,25924835,1402609,0,0,0,0,0,0,0,0,0,0,0,0,896,79,4,2,0,0,0,0,0,0,0,0,0,network_stall
1779258404.3063252,g5.hpc.coe,43337,0.5001,0,0.0,2035.0,12288.0,23429235225,24014395904,25125266,25924837,1402609,0,0,0,0,0,0,0,0,0,0,0,0,916,79,3,2,0,0,0,0,0,0,0,0,0,network_stall
1779258404.806452,g5.hpc.coe,43337,0.5001,0,0.0,2035.0,12288.0,23429236183,24014395983,25125269,25924839,1402609,0,0,0,0,0,0,0,0,0,0,0,0,958,79,3,2,0,0,0,0,0,0,0,0,0,network_stall
1779258405.3065605,g5.hpc.coe,43337,0.5001,0,0.0,2035.0,12288.0,23429460550,24014962575,25125986,25925610,1402609,0,0,0,0,0,0,0,0,0,0,0,0,224367,566592,717,771,0,0,0,0,0,0,0,0,0,network_stall
1779258405.8066964,g5.hpc.coe,43337,0.5001,0,100.0,2035.0,12288.0,23463975198,24049106284,25160218,25959762,1402960,0,0,0,0,0,0,0,0,0,0,0,0,34514648,34143709,34232,34152,351,0,0,0,0,0,0,0,0,network_stall
1779258406.3068283,g5.hpc.coe,43337,0.5001,0,0.0,2035.0,12288.0,23463976312,24049106363,25160222,25959764,1402960,0,0,0,0,0,0,0,0,0,0,0,0,1114,79,4,2,0,0,0,0,0,0,0,0,0,network_stall
1779258406.8069422,g5.hpc.coe,43337,0.5001,0,0.0,2035.0,12288.0,23463977468,24049106442,25160226,25959766,1402960,0,0,0,0,0,0,0,0,0,0,0,0,1156,79,4,2,0,0,0,0,0,0,0,0,0,network_stall
1779258407.307073,g5.hpc.coe,43337,0.5001,0,0.0,2035.0,12288.0,23463977676,24049106554,25160230,25959768,1402960,0,0,0,0,0,0,0,0,0,0,0,0,208,112,4,2,0,0,0,0,0,0,0,0,0,network_stall
1779258407.8072138,g5.hpc.coe,43337,0.5001,0,0.0,2035.0,12288.0,23463977849,24049106611,25160232,25959769,1402960,0,0,0,0,0,0,0,0,0,0,0,0,173,57,2,1,0,0,0,0,0,0,0,0,0,network_stall
1779258408.307352,g5.hpc.coe,43337,0.5001,0,0.0,2035.0,12288.0,23463978064,24049106668,25160234,25959770,1402960,0,0,0,0,0,0,0,0,0,0,0,0,215,57,2,1,0,0,0,0,0,0,0,0,0,network_stall
1779258408.807468,g5.hpc.coe,43337,0.5001,0,0.0,2035.0,12288.0,23463978320,24049106725,25160236,25959771,1402960,0,0,0,0,0,0,0,0,0,0,0,0,256,57,2,1,0,0,0,0,0,0,0,0,0,network_stall
1779258409.3076055,g5.hpc.coe,43337,0.5001,0,0.0,2035.0,12288.0,23463978618,24049106782,25160238,25959772,1402960,0,0,0,0,0,0,0,0,0,0,0,0,298,57,2,1,0,0,0,0,0,0,0,0,0,network_stall
1779258409.8077352,g5.hpc.coe,43337,0.5001,0,100.0,2035.0,12288.0,23498715887,24083816996,25195177,25994694,1403831,0,0,0,0,0,0,0,0,0,0,0,0,34737269,34710214,34939,34922,871,0,0,0,0,0,0,0,0,network_stall
1779258410.3078742,g5.hpc.coe,43337,0.5001,0,0.0,2035.0,12288.0,23498716275,24083817053,25195179,25994695,1403831,0,0,0,0,0,0,0,0,0,0,0,0,388,57,2,1,0,0,0,0,0,0,0,0,0,network_stall
1779258410.8079882,g5.hpc.coe,43337,0.5001,0,0.0,2035.0,12288.0,23498716705,24083817110,25195181,25994696,1403831,0,0,0,0,0,0,0,0,0,0,0,0,430,57,2,1,0,0,0,0,0,0,0,0,0,network_stall
1779258411.3081074,g5.hpc.coe,43337,0.5001,0,0.0,2035.0,12288.0,23498717177,24083817167,25195183,25994697,1403831,0,0,0,0,0,0,0,0,0,0,0,0,472,57,2,1,0,0,0,0,0,0,0,0,0,network_stall
1779258411.8082385,g5.hpc.coe,43337,0.5001,0,0.0,2035.0,12288.0,23498717691,24083817224,25195185,25994698,1403831,0,0,0,0,0,0,0,0,0,0,0,0,514,57,2,1,0,0,0,0,0,0,0,0,0,network_stall
1779258412.3083553,g5.hpc.coe,43337,0.5001,0,0.0,2035.0,12288.0,23498718346,24083817358,25195190,25994701,1403831,0,0,0,0,0,0,0,0,0,0,0,0,655,134,5,3,0,0,0,0,0,0,0,0,0,network_stall
1779258412.8084962,g5.hpc.coe,43337,0.5001,0,0.0,2035.0,12288.0,23498718966,24083817437,25195193,25994703,1403831,0,0,0,0,0,0,0,0,0,0,0,0,620,79,3,2,0,0,0,0,0,0,0,0,0,network_stall
1779258413.3086312,g5.hpc.coe,43337,0.5001,0,0.0,2035.0,12288.0,23498719628,24083817516,25195196,25994705,1403831,0,0,0,0,0,0,0,0,0,0,0,0,662,79,3,2,0,0,0,0,0,0,0,0,0,network_stall
1779258413.8087573,g5.hpc.coe,43337,0.5001,0,100.0,2035.0,12288.0,23527207785,24112280363,25223930,26023414,1403911,0,0,0,0,0,0,0,0,0,0,0,0,28488157,28462847,28734,28709,80,0,0,0,0,0,0,0,0,network_stall
1779258414.3088887,g5.hpc.coe,43337,0.5001,0,0.0,2035.0,12288.0,23533458685,24118528271,25230161,26029637,1403913,0,0,0,0,0,0,0,0,0,0,0,0,6250900,6247908,6231,6223,2,0,0,0,0,0,0,0,0,network_stall
1779258414.809008,g5.hpc.coe,43337,0.5001,0,0.0,2035.0,12288.0,23533459482,24118528350,25230164,26029639,1403913,0,0,0,0,0,0,0,0,0,0,0,0,797,79,3,2,0,0,0,0,0,0,0,0,0,network_stall
1779258415.3091424,g5.hpc.coe,43337,0.5001,0,0.0,2035.0,12288.0,23533460321,24118528429,25230167,26029641,1403913,0,0,0,0,0,0,0,0,0,0,0,0,839,79,3,2,0,0,0,0,0,0,0,0,0,network_stall
1779258415.8093,g5.hpc.coe,43337,0.5002,0,0.0,2035.0,12288.0,23533461202,24118528508,25230170,26029643,1403913,0,0,0,0,0,0,0,0,0,0,0,0,881,79,3,2,0,0,0,0,0,0,0,0,0,network_stall
1779258416.309413,g5.hpc.coe,43337,0.5001,0,0.0,2035.0,12288.0,23533462124,24118528587,25230173,26029645,1403913,0,0,0,0,0,0,0,0,0,0,0,0,922,79,3,2,0,0,0,0,0,0,0,0,0,network_stall
1779258416.8095288,g5.hpc.coe,43337,0.5001,0,0.0,2035.0,12288.0,23533463088,24118528666,25230176,26029647,1403913,0,0,0,0,0,0,0,0,0,0,0,0,964,79,3,2,0,0,0,0,0,0,0,0,0,network_stall
1779258417.3096642,g5.hpc.coe,43337,0.5001,0,0.0,2035.0,12288.0,23533464171,24118528800,25230181,26029650,1403913,0,0,0,0,0,0,0,0,0,0,0,0,1083,134,5,3,0,0,0,0,0,0,0,0,0,network_stall
1779258417.8097963,g5.hpc.coe,43337,0.5001,0,100.0,2035.0,12288.0,23561262671,24146304760,25258171,26057618,1404017,0,0,0,0,0,0,0,0,0,0,0,0,27798500,27775960,27990,27968,104,0,0,0,0,0,0,0,0,network_stall
1779258418.3099136,g5.hpc.coe,43337,0.5001,0,0.0,2035.0,12288.0,23568203365,24153239122,25265139,26064576,1404018,0,0,0,0,0,0,0,0,0,0,0,0,6940694,6934362,6968,6958,1,0,0,0,0,0,0,0,0,network_stall
1779258418.8100457,g5.hpc.coe,43337,0.5001,0,0.0,2035.0,12288.0,23568204529,24153239201,25265143,26064578,1404018,0,0,0,0,0,0,0,0,0,0,0,0,1164,79,4,2,0,0,0,0,0,0,0,0,0,network_stall
1779258419.31018,g5.hpc.coe,43337,0.5001,0,0.0,2035.0,12288.0,23568204667,24153239258,25265145,26064579,1404018,0,0,0,0,0,0,0,0,0,0,0,0,138,57,2,1,0,0,0,0,0,0,0,0,0,network_stall
1779258419.810315,g5.hpc.coe,43337,0.5001,0,0.0,2035.0,12288.0,23568204847,24153239315,25265147,26064580,1404018,0,0,0,0,0,0,0,0,0,0,0,0,180,57,2,1,0,0,0,0,0,0,0,0,0,network_stall
1779258420.3104494,g5.hpc.coe,43337,0.5001,0,0.0,2035.0,12288.0,23568205069,24153239372,25265149,26064581,1404018,0,0,0,0,0,0,0,0,0,0,0,0,222,57,2,1,0,0,0,0,0,0,0,0,0,network_stall
1779258420.8105936,g5.hpc.coe,43337,0.5001,0,0.0,2035.0,12288.0,23568205333,24153239429,25265151,26064582,1404018,0,0,0,0,0,0,0,0,0,0,0,0,264,57,2,1,0,0,0,0,0,0,0,0,0,network_stall
1779258421.3107066,g5.hpc.coe,43337,0.5001,0,0.0,2035.0,12288.0,23568205639,24153239486,25265153,26064583,1404018,0,0,0,0,0,0,0,0,0,0,0,0,306,57,2,1,0,0,0,0,0,0,0,0,0,network_stall
1779258421.8108318,g5.hpc.coe,43337,0.5001,0,100.0,2035.0,12288.0,23589746043,24174760288,25286897,26086308,1404043,0,0,0,0,0,0,0,0,0,0,0,0,21540404,21520802,21744,21725,25,0,0,0,0,0,0,0,0,network_stall
1779258422.3109071,g5.hpc.coe,43337,0.5001,0,0.0,2035.0,12288.0,23602943437,24187949847,25300103,26099512,1404044,0,0,0,0,0,0,0,0,0,0,0,0,13197394,13189559,13206,13204,1,0,0,0,0,0,0,0,0,network_stall
