timestamp,node_id,job_id,polling_interval_actual,gpu_index,gpu_util_pct,gpu_mem_used_mb,gpu_mem_total_mb,ib_port_xmit_data,ib_port_rcv_data,ib_port_xmit_packets,ib_port_rcv_packets,ib_port_xmit_wait,ib_port_xmit_discards,ib_excessive_buffer_overrun_errors,ib_link_downed,ib_link_error_recovery,ib_symbol_error,ib_local_link_integrity_errors,ib_port_rcv_remote_physical_errors,ib_port_rcv_errors,ib_sq_num_rnr,ib_sq_num_to,ib_rq_num_oos,ib_sq_num_oos,ib_port_xmit_data_delta,ib_port_rcv_data_delta,ib_port_xmit_packets_delta,ib_port_rcv_packets_delta,ib_port_xmit_wait_delta,ib_port_xmit_discards_delta,ib_excessive_buffer_overrun_errors_delta,ib_symbol_error_delta,ib_port_rcv_errors_delta,ib_sq_num_rnr_delta,ib_sq_num_to_delta,ib_rq_num_oos_delta,ib_sq_num_oos_delta
1778080788.319069,g5.hpc.coe,40875,,0,0.0,0.0,12288.0,453035312,1331365390,1946148,3318691,7900,0,0,0,0,0,0,0,0,0,0,0,0,,,,,,,,,,,,,
1778080788.8191688,g5.hpc.coe,40875,0.5001,0,0.0,0.0,12288.0,453045866,1331375561,1946346,3318887,7900,0,0,0,0,0,0,0,0,0,0,0,0,10554,10171,198,196,0,0,0,0,0,0,0,0,0
1778080789.3192499,g5.hpc.coe,40875,0.5001,0,0.0,0.0,12288.0,453133640,1331462086,1948022,3320563,7900,0,0,0,0,0,0,0,0,0,0,0,0,87774,86525,1676,1676,0,0,0,0,0,0,0,0,0
1778080789.8193634,g5.hpc.coe,40875,0.5001,0,0.0,0.0,12288.0,453199650,1331526783,1949275,3321812,7900,0,0,0,0,0,0,0,0,0,0,0,0,66010,64697,1253,1249,0,0,0,0,0,0,0,0,0
1778080790.3194776,g5.hpc.coe,40875,0.5001,0,0.0,0.0,12288.0,453237775,1331564060,1949998,3322529,7900,0,0,0,0,0,0,0,0,0,0,0,0,38125,37277,723,717,0,0,0,0,0,0,0,0,0
1778080790.8196003,g5.hpc.coe,40875,0.5001,0,0.0,0.0,12288.0,453238247,1331564117,1950000,3322530,7900,0,0,0,0,0,0,0,0,0,0,0,0,472,57,2,1,0,0,0,0,0,0,0,0,0
1778080791.3197045,g5.hpc.coe,40875,0.5001,0,0.0,11.0,12288.0,453239237,1331564690,1950012,3322539,7900,0,0,0,0,0,0,0,0,0,0,0,0,990,573,12,9,0,0,0,0,0,0,0,0,0
1778080791.819814,g5.hpc.coe,40875,0.5001,0,7.0,419.0,12288.0,453262866,1338045703,1950633,3330470,7900,0,0,0,0,0,0,0,0,0,0,0,0,23629,6481013,621,7931,0,0,0,0,0,0,0,0,0
1778080792.3199499,g5.hpc.coe,40875,0.5001,0,0.0,419.0,12288.0,453273610,1338433605,1950844,3331349,7900,0,0,0,0,0,0,0,0,0,0,0,0,10744,387902,211,879,0,0,0,0,0,0,0,0,0
1778080792.8200746,g5.hpc.coe,40875,0.5001,0,0.0,419.0,12288.0,453283602,1338869419,1951037,3332308,7900,0,0,0,0,0,0,0,0,0,0,0,0,9992,435814,193,959,0,0,0,0,0,0,0,0,0
1778080793.3201861,g5.hpc.coe,40875,0.5001,0,0.0,419.0,12288.0,453294667,1339286882,1951256,3333236,7900,0,0,0,0,0,0,0,0,0,0,0,0,11065,417463,219,928,0,0,0,0,0,0,0,0,0
1778080793.8203428,g5.hpc.coe,40875,0.5002,0,0.0,419.0,12288.0,453305291,1339568604,1951455,3333907,7900,0,0,0,0,0,0,0,0,0,0,0,0,10624,281722,199,671,0,0,0,0,0,0,0,0,0
1778080794.3204834,g5.hpc.coe,40875,0.5001,0,0.0,419.0,12288.0,453312674,1339807241,1951597,3334451,7900,0,0,0,0,0,0,0,0,0,0,0,0,7383,238637,142,544,0,0,0,0,0,0,0,0,0
1778080794.8205907,g5.hpc.coe,40875,0.5001,0,0.0,419.0,12288.0,453322365,1340175739,1951781,3335271,7900,0,0,0,0,0,0,0,0,0,0,0,0,9691,368498,184,820,0,0,0,0,0,0,0,0,0
1778080795.3207238,g5.hpc.coe,40875,0.5001,0,0.0,419.0,12288.0,453337379,1340873514,1952078,3336790,7900,0,0,0,0,0,0,0,0,0,0,0,0,15014,697775,297,1519,0,0,0,0,0,0,0,0,0
1778080795.820863,g5.hpc.coe,40875,0.5001,0,0.0,419.0,12288.0,453349533,1341228648,1952306,3337618,7900,0,0,0,0,0,0,0,0,0,0,0,0,12154,355134,228,828,0,0,0,0,0,0,0,0,0
1778080796.3209767,g5.hpc.coe,40875,0.5001,0,0.0,419.0,12288.0,453362828,1341453426,1952559,3338211,7900,0,0,0,0,0,0,0,0,0,0,0,0,13295,224778,253,593,0,0,0,0,0,0,0,0,0
1778080796.8211067,g5.hpc.coe,40875,0.5001,0,0.0,419.0,12288.0,453377332,1341817855,1952837,3339078,7900,0,0,0,0,0,0,0,0,0,0,0,0,14504,364429,278,867,0,0,0,0,0,0,0,0,0
1778080797.3212416,g5.hpc.coe,40875,0.5001,0,0.0,419.0,12288.0,453396658,1342574255,1953216,3340769,7900,0,0,0,0,0,0,0,0,0,0,0,0,19326,756400,379,1691,0,0,0,0,0,0,0,0,0
1778080797.8213649,g5.hpc.coe,40875,0.5001,0,0.0,419.0,12288.0,453408275,1342728598,1953430,3341205,7900,0,0,0,0,0,0,0,0,0,0,0,0,11617,154343,214,436,0,0,0,0,0,0,0,0,0
1778080798.3214738,g5.hpc.coe,40875,0.5001,0,0.0,419.0,12288.0,453445295,1352997029,1954482,3361130,7900,0,0,0,0,0,0,0,0,0,0,0,0,37020,10268431,1052,19925,0,0,0,0,0,0,0,0,0
1778080798.821592,g5.hpc.coe,40875,0.5001,0,0.0,419.0,12288.0,453455298,1353124065,1954656,3361497,7900,0,0,0,0,0,0,0,0,0,0,0,0,10003,127036,174,367,0,0,0,0,0,0,0,0,0
1778080799.3217256,g5.hpc.coe,40875,0.5001,0,0.0,419.0,12288.0,453460818,1353222935,1954768,3361755,7900,0,0,0,0,0,0,0,0,0,0,0,0,5520,98870,112,258,0,0,0,0,0,0,0,0,0
1778080799.821836,g5.hpc.coe,40875,0.5001,0,0.0,419.0,12288.0,453469414,1353330540,1954931,3362076,7900,0,0,0,0,0,0,0,0,0,0,0,0,8596,107605,163,321,0,0,0,0,0,0,0,0,0
1778080800.3219666,g5.hpc.coe,40875,0.5001,0,0.0,419.0,12288.0,453478646,1353544505,1955110,3362607,7900,0,0,0,0,0,0,0,0,0,0,0,0,9232,213965,179,531,0,0,0,0,0,0,0,0,0
1778080800.8220987,g5.hpc.coe,40875,0.5001,0,0.0,419.0,12288.0,453489770,1353855494,1955330,3363350,7900,0,0,0,0,0,0,0,0,0,0,0,0,11124,310989,220,743,0,0,0,0,0,0,0,0,0
1778080801.3222327,g5.hpc.coe,40875,0.5001,0,0.0,419.0,12288.0,453510404,1354259805,1955733,3364396,7900,0,0,0,0,0,0,0,0,0,0,0,0,20634,404311,403,1046,0,0,0,0,0,0,0,0,0
1778080801.8223467,g5.hpc.coe,40875,0.5001,0,0.0,419.0,12288.0,453544502,1354433782,1956389,3365292,7900,0,0,0,0,0,0,0,0,0,0,0,0,34098,173977,656,896,0,0,0,0,0,0,0,0,0
1778080802.3224826,g5.hpc.coe,40875,0.5001,0,0.0,419.0,12288.0,453555824,1354734537,1956611,3366013,7900,0,0,0,0,0,0,0,0,0,0,0,0,11322,300755,222,721,0,0,0,0,0,0,0,0,0
1778080802.822603,g5.hpc.coe,40875,0.5001,0,0.0,419.0,12288.0,453573707,1356212715,1957002,3369044,7900,0,0,0,0,0,0,0,0,0,0,0,0,17883,1478178,391,3031,0,0,0,0,0,0,0,0,0
1778080803.3227339,g5.hpc.coe,40875,0.5001,0,0.0,419.0,12288.0,453588671,1356440681,1957289,3369661,7900,0,0,0,0,0,0,0,0,0,0,0,0,14964,227966,287,617,0,0,0,0,0,0,0,0,0
1778080803.8228674,g5.hpc.coe,40875,0.5001,0,0.0,419.0,12288.0,453601377,1356665786,1957531,3370260,7900,0,0,0,0,0,0,0,0,0,0,0,0,12706,225105,242,599,0,0,0,0,0,0,0,0,0
1778080804.3230124,g5.hpc.coe,40875,0.5001,0,0.0,473.0,12288.0,453622247,1359539108,1958029,3375978,7900,0,0,0,0,0,0,0,0,0,0,0,0,20870,2873322,498,5718,0,0,0,0,0,0,0,0,0
1778080804.8231277,g5.hpc.coe,40875,0.5001,0,0.0,473.0,12288.0,453655969,1368369558,1959009,3393106,7900,0,0,0,0,0,0,0,0,0,0,0,0,33722,8830450,980,17128,0,0,0,0,0,0,0,0,0
1778080805.32327,g5.hpc.coe,40875,0.5001,0,1.0,2025.0,12288.0,453680000,1375175270,1959705,3406281,7900,0,0,0,0,0,0,0,0,0,0,0,0,24031,6805712,696,13175,0,0,0,0,0,0,0,0,0
1778080805.8233697,g5.hpc.coe,40875,0.5001,0,16.0,2035.0,12288.0,461331175,1389573674,1968039,3427020,16537,0,0,0,0,0,0,0,0,0,0,0,0,7651175,14398404,8334,20739,8637,0,0,0,0,0,0,0,0
1778080806.3234687,g5.hpc.coe,40875,0.5001,0,100.0,2035.0,12288.0,496031332,1424310450,2002938,3461953,16874,0,0,0,0,0,0,0,0,0,0,0,0,34700157,34736776,34899,34933,337,0,0,0,0,0,0,0,0
1778080806.8235703,g5.hpc.coe,40875,0.5001,0,100.0,2035.0,12288.0,537197748,1465713663,2044655,3503853,17180,0,0,0,0,0,0,0,0,0,0,0,0,41166416,41403213,41717,41900,306,0,0,0,0,0,0,0,0
1778080807.3236654,g5.hpc.coe,40875,0.5001,0,100.0,2035.0,12288.0,572372100,1500731668,2079711,3538796,17212,0,0,0,0,0,0,0,0,0,0,0,0,35174352,35018005,35056,34943,32,0,0,0,0,0,0,0,0
1778080807.8237603,g5.hpc.coe,40875,0.5001,0,100.0,2035.0,12288.0,613322116,1541725738,2120826,3579965,17446,0,0,0,0,0,0,0,0,0,0,0,0,40950016,40994070,41115,41169,234,0,0,0,0,0,0,0,0
1778080808.3238552,g5.hpc.coe,40875,0.5001,0,100.0,2035.0,12288.0,648712388,1577152488,2156461,3615638,18793,0,0,0,0,0,0,0,0,0,0,0,0,35390272,35426750,35635,35673,1347,0,0,0,0,0,0,0,0
1778080808.8239522,g5.hpc.coe,40875,0.5001,0,100.0,2035.0,12288.0,683814405,1612701533,2192206,3651739,18837,0,0,0,0,0,0,0,0,0,0,0,0,35102017,35549045,35745,36101,44,0,0,0,0,0,0,0,0
1778080809.3240511,g5.hpc.coe,40875,0.5001,0,100.0,2035.0,12288.0,724362984,1652883382,2232476,3691740,19262,0,0,0,0,0,0,0,0,0,0,0,0,40548579,40181849,40270,40001,425,0,0,0,0,0,0,0,0
1778080809.8241467,g5.hpc.coe,40875,0.5001,0,100.0,2035.0,12288.0,759753437,1688310139,2268115,3727414,19312,0,0,0,0,0,0,0,0,0,0,0,0,35390453,35426757,35639,35674,50,0,0,0,0,0,0,0,0
1778080810.3242438,g5.hpc.coe,40875,0.5001,0,100.0,2035.0,12288.0,800703697,1729304202,2309230,3768582,19564,0,0,0,0,0,0,0,0,0,0,0,0,40950260,40994063,41115,41168,252,0,0,0,0,0,0,0,0
1778080810.8243384,g5.hpc.coe,40875,0.5001,0,100.0,2035.0,12288.0,836093187,1764730979,2344869,3804261,19985,0,0,0,0,0,0,0,0,0,0,0,0,35389490,35426777,35639,35679,421,0,0,0,0,0,0,0,0
1778080811.3244314,g5.hpc.coe,40875,0.5001,0,100.0,2035.0,12288.0,877042485,1805725006,2385984,3845426,20034,0,0,0,0,0,0,0,0,0,0,0,0,40949298,40994027,41115,41165,49,0,0,0,0,0,0,0,0
1778080811.8245225,g5.hpc.coe,40875,0.5001,0,100.0,2035.0,12288.0,912432039,1841151762,2421619,3881102,22192,0,0,0,0,0,0,0,0,0,0,0,0,35389554,35426756,35635,35676,2158,0,0,0,0,0,0,0,0
1778080812.324618,g5.hpc.coe,40875,0.5001,0,100.0,2035.0,12288.0,947131693,1875888544,2456518,3916038,22401,0,0,0,0,0,0,0,0,0,0,0,0,34699654,34736782,34899,34936,209,0,0,0,0,0,0,0,0
1778080812.8247113,g5.hpc.coe,40875,0.5001,0,100.0,2035.0,12288.0,988081150,1916882564,2497636,3957202,22540,0,0,0,0,0,0,0,0,0,0,0,0,40949457,40994020,41118,41164,139,0,0,0,0,0,0,0,0
1778080813.3248065,g5.hpc.coe,40875,0.5001,0,100.0,2035.0,12288.0,1023470863,1952309320,2533274,3992878,24131,0,0,0,0,0,0,0,0,0,0,0,0,35389713,35426756,35638,35676,1591,0,0,0,0,0,0,0,0
1778080813.8249173,g5.hpc.coe,40875,0.5001,0,100.0,2035.0,12288.0,1058170565,1987265904,2568319,4028336,24173,0,0,0,0,0,0,0,0,0,0,0,0,34699702,34956584,35045,35458,42,0,0,0,0,0,0,0,0
1778080814.325015,g5.hpc.coe,40875,0.5001,0,100.0,2035.0,12288.0,1099293380,2028040163,2609458,4068997,26477,0,0,0,0,0,0,0,0,0,0,0,0,41122815,40774259,41139,40661,2304,0,0,0,0,0,0,0,0
1778080814.825113,g5.hpc.coe,40875,0.5001,0,100.0,2035.0,12288.0,1134510111,2063466821,2644921,4104639,26524,0,0,0,0,0,0,0,0,0,0,0,0,35216731,35426658,35463,35642,47,0,0,0,0,0,0,0,0
1778080815.3252056,g5.hpc.coe,40875,0.5001,0,100.0,2035.0,12288.0,1175459877,2104460849,2686048,4145802,27608,0,0,0,0,0,0,0,0,0,0,0,0,40949766,40994028,41127,41163,1084,0,0,0,0,0,0,0,0
1778080815.8253,g5.hpc.coe,40875,0.5001,0,100.0,2035.0,12288.0,1210849843,2139887690,2721687,4181488,27648,0,0,0,0,0,0,0,0,0,0,0,0,35389966,35426841,35639,35686,40,0,0,0,0,0,0,0,0
1778080816.3254,g5.hpc.coe,40875,0.5001,0,100.0,2035.0,12288.0,1250351821,2179727910,2761866,4221841,27698,0,0,0,0,0,0,0,0,0,0,0,0,39501978,39840220,40179,40353,50,0,0,0,0,0,0,0,0
1778080816.8254976,g5.hpc.coe,40875,0.5001,0,100.0,2035.0,12288.0,1286846115,2216030442,2798374,4258306,28600,0,0,0,0,0,0,0,0,0,0,0,0,36494294,36302532,36508,36465,902,0,0,0,0,0,0,0,0
1778080817.3255951,g5.hpc.coe,40875,0.5001,0,100.0,2035.0,12288.0,1328139706,2257302447,2839580,4299480,28696,0,0,0,0,0,0,0,0,0,0,0,0,41293591,41272005,41206,41174,96,0,0,0,0,0,0,0,0
1778080817.8256867,g5.hpc.coe,40875,0.5001,0,100.0,2035.0,12288.0,1362839755,2292039202,2874461,4334410,29995,0,0,0,0,0,0,0,0,0,0,0,0,34700049,34736755,34881,34930,1299,0,0,0,0,0,0,0,0
1778080818.3257859,g5.hpc.coe,40875,0.5001,0,100.0,2035.0,12288.0,1398229922,2327465994,2910096,4370089,30297,0,0,0,0,0,0,0,0,0,0,0,0,35390167,35426792,35635,35679,302,0,0,0,0,0,0,0,0
1778080818.8258822,g5.hpc.coe,40875,0.5001,0,100.0,2035.0,12288.0,1439007004,2368452510,2951202,4411244,30367,0,0,0,0,0,0,0,0,0,0,0,0,40777082,40986516,41106,41155,70,0,0,0,0,0,0,0,0
1778080819.3259752,g5.hpc.coe,40875,0.5001,0,100.0,2035.0,12288.0,1474570221,2403886869,2986842,4446932,32208,0,0,0,0,0,0,0,0,0,0,0,0,35563217,35434359,35640,35688,1841,0,0,0,0,0,0,0,0
1778080819.8260734,g5.hpc.coe,40875,0.5001,0,100.0,2035.0,12288.0,1509270560,2438623596,3021738,4481858,32330,0,0,0,0,0,0,0,0,0,0,0,0,34700339,34736727,34896,34926,122,0,0,0,0,0,0,0,0
1778080820.32617,g5.hpc.coe,40875,0.5001,0,100.0,2035.0,12288.0,1550220800,2479617666,3062867,4523027,32816,0,0,0,0,0,0,0,0,0,0,0,0,40950240,40994070,41129,41169,486,0,0,0,0,0,0,0,0
1778080820.8262627,g5.hpc.coe,40875,0.5001,0,100.0,2035.0,12288.0,1585611227,2515044402,3098504,4558698,32852,0,0,0,0,0,0,0,0,0,0,0,0,35390427,35426736,35637,35671,36,0,0,0,0,0,0,0,0
1778080821.3263602,g5.hpc.coe,40875,0.5001,0,100.0,2035.0,12288.0,1625455347,2555452876,3138961,4599582,34655,0,0,0,0,0,0,0,0,0,0,0,0,39844120,40408474,40457,40884,1803,0,0,0,0,0,0,0,0
1778080821.826453,g5.hpc.coe,40875,0.5001,0,100.0,2035.0,12288.0,1661951568,2591465626,3175280,4635544,35722,0,0,0,0,0,0,0,0,0,0,0,0,36496221,36012750,36319,35962,1067,0,0,0,0,0,0,0,0
1778080822.3265467,g5.hpc.coe,40875,0.5001,0,100.0,2035.0,12288.0,1696651151,2626202352,3210177,4670472,35973,0,0,0,0,0,0,0,0,0,0,0,0,34699583,34736726,34897,34928,251,0,0,0,0,0,0,0,0
1778080822.826643,g5.hpc.coe,40875,0.5001,0,100.0,2035.0,12288.0,1737600520,2667196428,3251297,4711644,36636,0,0,0,0,0,0,0,0,0,0,0,0,40949369,40994076,41120,41172,663,0,0,0,0,0,0,0,0
1778080823.3267374,g5.hpc.coe,40875,0.5001,0,100.0,2035.0,12288.0,1772990089,2702623149,3286929,4747315,36873,0,0,0,0,0,0,0,0,0,0,0,0,35389569,35426721,35632,35671,237,0,0,0,0,0,0,0,0
1778080823.826829,g5.hpc.coe,40875,0.5001,0,100.0,2035.0,12288.0,1813939564,2743617141,3328051,4788475,36928,0,0,0,0,0,0,0,0,0,0,0,0,40949475,40993992,41122,41160,55,0,0,0,0,0,0,0,0
1778080824.3269248,g5.hpc.coe,40875,0.5001,0,100.0,2035.0,12288.0,1849329323,2779043938,3363688,4824150,37541,0,0,0,0,0,0,0,0,0,0,0,0,35389759,35426797,35637,35675,613,0,0,0,0,0,0,0,0
1778080824.8270187,g5.hpc.coe,40875,0.5001,0,100.0,2035.0,12288.0,1890278732,2820030334,3404801,4865290,37585,0,0,0,0,0,0,0,0,0,0,0,0,40949409,40986396,41113,41140,44,0,0,0,0,0,0,0,0
1778080825.327113,g5.hpc.coe,40875,0.5001,0,100.0,2035.0,12288.0,1924978676,2854774684,3439703,4900242,38474,0,0,0,0,0,0,0,0,0,0,0,0,34699944,34744350,34902,34952,889,0,0,0,0,0,0,0,0
1778080825.8272102,g5.hpc.coe,40875,0.5001,0,100.0,2035.0,12288.0,1960368503,2890201426,3475339,4935916,38510,0,0,0,0,0,0,0,0,0,0,0,0,35389827,35426742,35636,35674,36,0,0,0,0,0,0,0,0
1778080826.3273067,g5.hpc.coe,40875,0.5001,0,100.0,2035.0,12288.0,2001318216,2931195447,3516460,4977078,38673,0,0,0,0,0,0,0,0,0,0,0,0,40949713,40994021,41121,41162,163,0,0,0,0,0,0,0,0
1778080826.8274026,g5.hpc.coe,40875,0.5001,0,100.0,2035.0,12288.0,2036708207,2966622190,3552104,5012750,41419,0,0,0,0,0,0,0,0,0,0,0,0,35389991,35426743,35644,35672,2746,0,0,0,0,0,0,0,0
1778080827.3274946,g5.hpc.coe,40875,0.5001,0,100.0,2035.0,12288.0,2071408144,3001358987,3586990,5047686,41466,0,0,0,0,0,0,0,0,0,0,0,0,34699937,34736797,34886,34936,47,0,0,0,0,0,0,0,0
1778080827.827592,g5.hpc.coe,40875,0.5001,0,100.0,2035.0,12288.0,2112357989,3042353008,3628110,5088848,42415,0,0,0,0,0,0,0,0,0,0,0,0,40949845,40994021,41120,41162,949,0,0,0,0,0,0,0,0
1778080828.3276858,g5.hpc.coe,40875,0.5001,0,100.0,2035.0,12288.0,2147748146,3077779786,3663758,5124525,42536,0,0,0,0,0,0,0,0,0,0,0,0,35390157,35426778,35648,35677,121,0,0,0,0,0,0,0,0
1778080828.827782,g5.hpc.coe,40875,0.5001,0,100.0,2035.0,12288.0,2188698153,3118773849,3704888,5165693,43086,0,0,0,0,0,0,0,0,0,0,0,0,40950007,40994063,41130,41168,550,0,0,0,0,0,0,0,0
1778080829.327875,g5.hpc.coe,40875,0.5001,0,100.0,2035.0,12288.0,2224088332,3154200676,3740526,5201377,43128,0,0,0,0,0,0,0,0,0,0,0,0,35390179,35426827,35638,35684,42,0,0,0,0,0,0,0,0
1778080829.8279717,g5.hpc.coe,40875,0.5001,0,100.0,2035.0,12288.0,2258788582,3188937472,3775417,5236306,43213,0,0,0,0,0,0,0,0,0,0,0,0,34700250,34736796,34891,34929,85,0,0,0,0,0,0,0,0
1778080830.3280656,g5.hpc.coe,40875,0.5001,0,100.0,2035.0,12288.0,2299738601,3229931521,3816529,5277472,44451,0,0,0,0,0,0,0,0,0,0,0,0,40950019,40994049,41112,41166,1238,0,0,0,0,0,0,0,0
1778080830.828162,g5.hpc.coe,40875,0.5001,0,100.0,2035.0,12288.0,2335128912,3265358285,3852166,5313147,44485,0,0,0,0,0,0,0,0,0,0,0,0,35390311,35426764,35637,35675,34,0,0,0,0,0,0,0,0
1778080831.3282568,g5.hpc.coe,40875,0.5001,0,100.0,2035.0,12288.0,2376079107,3306352355,3893290,5354316,44532,0,0,0,0,0,0,0,0,0,0,0,0,40950195,40994070,41124,41169,47,0,0,0,0,0,0,0,0
1778080831.82835,g5.hpc.coe,40875,0.5001,0,100.0,2035.0,12288.0,2411469573,3341779126,3928934,5389992,44613,0,0,0,0,0,0,0,0,0,0,0,0,35390466,35426771,35644,35676,81,0,0,0,0,0,0,0,0
1778080832.3284407,g5.hpc.coe,40875,0.5001,0,100.0,2035.0,12288.0,2451842165,3382765350,3970048,5431139,44650,0,0,0,0,0,0,0,0,0,0,0,0,40372592,40986224,41114,41147,37,0,0,0,0,0,0,0,0
1778080832.828536,g5.hpc.coe,40875,0.5001,0,100.0,2035.0,12288.0,2487119293,3417509908,4004946,5466087,45781,0,0,0,0,0,0,0,0,0,0,0,0,35277128,34744558,34898,34948,1131,0,0,0,0,0,0,0,0
1778080833.3286278,g5.hpc.coe,40875,0.5001,0,100.0,2035.0,12288.0,2522508759,3452936636,4040578,5501759,45824,0,0,0,0,0,0,0,0,0,0,0,0,35389466,35426728,35632,35672,43,0,0,0,0,0,0,0,0
1778080833.8287196,g5.hpc.coe,40875,0.5001,0,100.0,2035.0,12288.0,2563458068,3493930621,4081691,5542918,46968,0,0,0,0,0,0,0,0,0,0,0,0,40949309,40993985,41113,41159,1144,0,0,0,0,0,0,0,0
1778080834.3288107,g5.hpc.coe,40875,0.5001,0,100.0,2035.0,12288.0,2598847627,3529357391,4117323,5578596,47037,0,0,0,0,0,0,0,0,0,0,0,0,35389559,35426770,35632,35678,69,0,0,0,0,0,0,0,0
1778080834.8289022,g5.hpc.coe,40875,0.5001,0,100.0,2035.0,12288.0,2633547258,3564094172,4152206,5613525,47074,0,0,0,0,0,0,0,0,0,0,0,0,34699631,34736781,34883,34929,37,0,0,0,0,0,0,0,0
1778080835.328993,g5.hpc.coe,40875,0.5001,0,100.0,2035.0,12288.0,2675186701,3605778257,4194062,5655442,47902,0,0,0,0,0,0,0,0,0,0,0,0,41639443,41684085,41856,41917,828,0,0,0,0,0,0,0,0
1778080835.829086,g5.hpc.coe,40875,0.5001,0,100.0,2035.0,12288.0,2709886459,3640515011,4228959,5690374,48274,0,0,0,0,0,0,0,0,0,0,0,0,34699758,34736754,34897,34932,372,0,0,0,0,0,0,0,0
1778080836.3291783,g5.hpc.coe,40875,0.5001,0,100.0,2035.0,12288.0,2750836006,3681509094,4270073,5731547,48813,0,0,0,0,0,0,0,0,0,0,0,0,40949547,40994083,41114,41173,539,0,0,0,0,0,0,0,0
1778080836.8292704,g5.hpc.coe,40875,0.5001,0,100.0,2035.0,12288.0,2786226414,3716936297,4305728,5767231,49637,0,0,0,0,0,0,0,0,0,0,0,0,35390408,35427203,35655,35684,824,0,0,0,0,0,0,0,0
1778080837.3293667,g5.hpc.coe,40875,0.5001,0,100.0,2035.0,12288.0,2820926306,3751673051,4340618,5802163,49675,0,0,0,0,0,0,0,0,0,0,0,0,34699892,34736754,34890,34932,38,0,0,0,0,0,0,0,0
1778080837.8294578,g5.hpc.coe,40875,0.5001,0,100.0,2035.0,12288.0,2861876055,3792667086,4381739,5843327,50644,0,0,0,0,0,0,0,0,0,0,0,0,40949749,40994035,41121,41164,969,0,0,0,0,0,0,0,0
1778080838.3295496,g5.hpc.coe,40875,0.5001,0,100.0,2035.0,12288.0,2897266011,3828093892,4417373,5879008,50733,0,0,0,0,0,0,0,0,0,0,0,0,35389956,35426806,35634,35681,89,0,0,0,0,0,0,0,0
1778080838.8296428,g5.hpc.coe,40875,0.5001,0,100.0,2035.0,12288.0,2938215887,3869087969,4458499,5920178,50782,0,0,0,0,0,0,0,0,0,0,0,0,40949876,40994077,41126,41170,49,0,0,0,0,0,0,0,0
1778080839.3297384,g5.hpc.coe,40875,0.5001,0,100.0,2035.0,12288.0,2973606019,3904514775,4494145,5955859,50808,0,0,0,0,0,0,0,0,0,0,0,0,35390132,35426806,35646,35681,26,0,0,0,0,0,0,0,0
1778080839.8298297,g5.hpc.coe,40875,0.5001,0,100.0,2035.0,12288.0,3009362183,3940720621,4530522,5992581,51590,0,0,0,0,0,0,0,0,0,0,0,0,35756164,36205846,36377,36722,782,0,0,0,0,0,0,0,0
1778080840.3299203,g5.hpc.coe,40875,0.5001,0,100.0,2035.0,12288.0,3049946317,3980935601,4570923,6032695,52374,0,0,0,0,0,0,0,0,0,0,0,0,40584134,40214980,40401,40114,784,0,0,0,0,0,0,0,0
1778080840.8300104,g5.hpc.coe,40875,0.5001,0,100.0,2035.0,12288.0,3084646502,4015672328,4605813,6067621,52413,0,0,0,0,0,0,0,0,0,0,0,0,34700185,34736727,34890,34926,39,0,0,0,0,0,0,0,0
1778080841.3301027,g5.hpc.coe,40875,0.5001,0,100.0,2035.0,12288.0,3125596588,4056666377,4646936,6108787,52745,0,0,0,0,0,0,0,0,0,0,0,0,40950086,40994049,41123,41166,332,0,0,0,0,0,0,0,0
1778080841.8301945,g5.hpc.coe,40875,0.5001,0,100.0,2035.0,12288.0,3160986867,4092093099,4682570,6144456,56206,0,0,0,0,0,0,0,0,0,0,0,0,35390279,35426722,35634,35669,3461,0,0,0,0,0,0,0,0
1778080842.3302872,g5.hpc.coe,40875,0.5001,0,100.0,2035.0,12288.0,3199906941,4131049712,4721757,6183867,56252,0,0,0,0,0,0,0,0,0,0,0,0,38920074,38956613,39187,39411,46,0,0,0,0,0,0,0,0
1778080842.8303823,g5.hpc.coe,40875,0.5001,0,100.0,2035.0,12288.0,3237327377,4168513933,4759319,6221300,57811,0,0,0,0,0,0,0,0,0,0,0,0,37420436,37464221,37562,37433,1559,0,0,0,0,0,0,0,0
1778080843.3304777,g5.hpc.coe,40875,0.5001,0,100.0,2035.0,12288.0,3272027766,4203250639,4794203,6256223,57861,0,0,0,0,0,0,0,0,0,0,0,0,34700389,34736706,34884,34923,50,0,0,0,0,0,0,0,0
1778080843.830569,g5.hpc.coe,40875,0.5001,0,100.0,2035.0,12288.0,3312978119,4244244723,4835329,6297394,58887,0,0,0,0,0,0,0,0,0,0,0,0,40950353,40994084,41126,41171,1026,0,0,0,0,0,0,0,0
1778080844.330663,g5.hpc.coe,40875,0.5001,0,100.0,2035.0,12288.0,3348367597,4279671528,4870964,6333077,59046,0,0,0,0,0,0,0,0,0,0,0,0,35389478,35426805,35635,35683,159,0,0,0,0,0,0,0,0
1778080844.8307543,g5.hpc.coe,40875,0.5001,0,100.0,2035.0,12288.0,3389133836,4320658105,4912078,6374236,59090,0,0,0,0,0,0,0,0,0,0,0,0,40766239,40986577,41114,41159,44,0,0,0,0,0,0,0,0
1778080845.3308465,g5.hpc.coe,40875,0.5001,0,100.0,2035.0,12288.0,3424706663,4356092436,4947731,6409929,59142,0,0,0,0,0,0,0,0,0,0,0,0,35572827,35434331,35653,35693,52,0,0,0,0,0,0,0,0
1778080845.830938,g5.hpc.coe,40875,0.5001,0,100.0,2035.0,12288.0,3459406284,4390829134,4982623,6444853,59179,0,0,0,0,0,0,0,0,0,0,0,0,34699621,34736698,34892,34924,37,0,0,0,0,0,0,0,0
1778080846.3310325,g5.hpc.coe,40875,0.5001,0,100.0,2035.0,12288.0,3500355736,4431823161,5023738,6486018,60237,0,0,0,0,0,0,0,0,0,0,0,0,40949452,40994027,41115,41165,1058,0,0,0,0,0,0,0,0
1778080846.8311265,g5.hpc.coe,40875,0.5001,0,100.0,2035.0,12288.0,3535745473,4467249903,5059377,6521692,60275,0,0,0,0,0,0,0,0,0,0,0,0,35389737,35426742,35639,35674,38,0,0,0,0,0,0,0,0
1778080847.3312163,g5.hpc.coe,40875,0.5001,0,100.0,2035.0,12288.0,3576695032,4508243923,5100494,6562856,60332,0,0,0,0,0,0,0,0,0,0,0,0,40949559,40994020,41117,41164,57,0,0,0,0,0,0,0,0
1778080847.8313084,g5.hpc.coe,40875,0.5001,0,100.0,2035.0,12288.0,3612084924,4543670595,5136142,6598520,60382,0,0,0,0,0,0,0,0,0,0,0,0,35389892,35426672,35648,35664,50,0,0,0,0,0,0,0,0
1778080848.3313992,g5.hpc.coe,40875,0.5001,0,100.0,2035.0,12288.0,3646785019,4578407555,5171037,6633450,60415,0,0,0,0,0,0,0,0,0,0,0,0,34700095,34736960,34895,34930,33,0,0,0,0,0,0,0,0
1778080848.8314936,g5.hpc.coe,40875,0.5001,0,100.0,2035.0,12288.0,3687734746,4619401618,5212154,6674618,60778,0,0,0,0,0,0,0,0,0,0,0,0,40949727,40994063,41117,41168,363,0,0,0,0,0,0,0,0
1778080849.3315606,g5.hpc.coe,40875,0.5001,0,100.0,2035.0,12288.0,3723124721,4654828396,5247792,6710295,60816,0,0,0,0,0,0,0,0,0,0,0,0,35389975,35426778,35638,35677,38,0,0,0,0,0,0,0,0
1778080849.8316574,g5.hpc.coe,40875,0.5001,0,100.0,2035.0,12288.0,3764074567,4695822452,5288915,6751462,60869,0,0,0,0,0,0,0,0,0,0,0,0,40949846,40994056,41123,41167,53,0,0,0,0,0,0,0,0
1778080850.3317533,g5.hpc.coe,40875,0.5001,0,100.0,2035.0,12288.0,3799464662,4731249237,5324557,6787140,60933,0,0,0,0,0,0,0,0,0,0,0,0,35390095,35426785,35642,35678,64,0,0,0,0,0,0,0,0
1778080850.8318496,g5.hpc.coe,40875,0.5001,0,100.0,2035.0,12288.0,3834164745,4765985971,5359447,6822067,60977,0,0,0,0,0,0,0,0,0,0,0,0,34700083,34736734,34890,34927,44,0,0,0,0,0,0,0,0
1778080851.331941,g5.hpc.coe,40875,0.5001,0,100.0,2035.0,12288.0,3875114736,4806979992,5400571,6863229,66998,0,0,0,0,0,0,0,0,0,0,0,0,40949991,40994021,41124,41162,6021,0,0,0,0,0,0,0,0
1778080851.8320405,g5.hpc.coe,40875,0.5001,0,100.0,2035.0,12288.0,3910505441,4842407245,5436215,6898918,68056,0,0,0,0,0,0,0,0,0,0,0,0,35390705,35427253,35644,35689,1058,0,0,0,0,0,0,0,0
1778080852.3321378,g5.hpc.coe,40875,0.5001,0,100.0,2035.0,12288.0,3951455528,4883401315,5477333,6940087,68717,0,0,0,0,0,0,0,0,0,0,0,0,40950087,40994070,41118,41169,661,0,0,0,0,0,0,0,0
1778080852.8322318,g5.hpc.coe,40875,0.5001,0,100.0,2035.0,12288.0,3986845840,4918828093,5512973,6975764,68899,0,0,0,0,0,0,0,0,0,0,0,0,35390312,35426778,35640,35677,182,0,0,0,0,0,0,0,0
1778080853.3323262,g5.hpc.coe,40875,0.5001,0,100.0,2035.0,12288.0,4021546175,4953564834,5547866,7010692,69151,0,0,0,0,0,0,0,0,0,0,0,0,34700335,34736741,34893,34928,252,0,0,0,0,0,0,0,0
1778080853.832427,g5.hpc.coe,40875,0.5001,0,100.0,2035.0,12288.0,4062496327,4994558925,5588980,7051864,69998,0,0,0,0,0,0,0,0,0,0,0,0,40950152,40994091,41114,41172,847,0,0,0,0,0,0,0,0
1778080854.3325186,g5.hpc.coe,40875,0.5001,0,100.0,2035.0,12288.0,4097886771,5029985675,5624617,7087537,70106,0,0,0,0,0,0,0,0,0,0,0,0,35390444,35426750,35637,35673,108,0,0,0,0,0,0,0,0
1778080854.8326135,g5.hpc.coe,40875,0.5001,0,100.0,2035.0,12288.0,4138837094,5070979682,5665740,7128697,70163,0,0,0,0,0,0,0,0,0,0,0,0,40950323,40994007,41123,41160,57,0,0,0,0,0,0,0,0
1778080855.332707,g5.hpc.coe,40875,0.5001,0,100.0,2035.0,12288.0,4174226591,5106406521,5701370,7164378,71761,0,0,0,0,0,0,0,0,0,0,0,0,35389497,35426839,35630,35681,1598,0,0,0,0,0,0,0,0
1778080855.8328009,g5.hpc.coe,40875,0.5001,0,100.0,2035.0,12288.0,4208926146,5141143282,5736267,7199311,71797,0,0,0,0,0,0,0,0,0,0,0,0,34699555,34736761,34897,34933,36,0,0,0,0,0,0,0,0
1778080856.332899,g5.hpc.coe,40875,0.5001,0,100.0,2035.0,12288.0,4249875630,5182137267,5777401,7240470,72273,0,0,0,0,0,0,0,0,0,0,0,0,40949484,40993985,41134,41159,476,0,0,0,0,0,0,0,0
1778080856.8329933,g5.hpc.coe,40875,0.5001,0,100.0,2035.0,12288.0,4285265286,5217563995,5813043,7276142,72461,0,0,0,0,0,0,0,0,0,0,0,0,35389656,35426728,35642,35672,188,0,0,0,0,0,0,0,0
1778080857.3330908,g5.hpc.coe,40875,0.5001,0,100.0,2035.0,12288.0,4326214722,5258558022,5854157,7317307,72825,0,0,0,0,0,0,0,0,0,0,0,0,40949436,40994027,41114,41165,364,0,0,0,0,0,0,0,0
1778080857.8331861,g5.hpc.coe,40875,0.5001,0,100.0,2035.0,12288.0,4361604414,5293984806,5889791,7352987,72868,0,0,0,0,0,0,0,0,0,0,0,0,35389692,35426784,35634,35680,43,0,0,0,0,0,0,0,0
1778080858.3332853,g5.hpc.coe,40875,0.5001,0,100.0,2035.0,12288.0,4396304122,5328721525,5925006,7388257,72906,0,0,0,0,0,0,0,0,0,0,0,0,34699708,34736719,35215,35270,38,0,0,0,0,0,0,0,0
1778080858.8334012,g5.hpc.coe,40875,0.5001,0,100.0,2035.0,12288.0,4437253675,5369715566,5965788,7429081,75283,0,0,0,0,0,0,0,0,0,0,0,0,40949553,40994041,40782,40824,2377,0,0,0,0,0,0,0,0
1778080859.3334925,g5.hpc.coe,40875,0.5001,0,100.0,2035.0,12288.0,4472643520,5405142357,6001424,7464762,75322,0,0,0,0,0,0,0,0,0,0,0,0,35389845,35426791,35636,35681,39,0,0,0,0,0,0,0,0
1778080859.8335857,g5.hpc.coe,40875,0.5001,0,100.0,2035.0,12288.0,4513593244,5446136385,6042544,7505925,75381,0,0,0,0,0,0,0,0,0,0,0,0,40949724,40994028,41120,41163,59,0,0,0,0,0,0,0,0
1778080860.3336992,g5.hpc.coe,40875,0.5001,0,100.0,2035.0,12288.0,4548983294,5481563162,6078185,7541595,75600,0,0,0,0,0,0,0,0,0,0,0,0,35390050,35426777,35641,35670,219,0,0,0,0,0,0,0,0
1778080860.8337946,g5.hpc.coe,40875,0.5001,0,100.0,2035.0,12288.0,4586029090,5519451229,6115937,7580100,75633,0,0,0,0,0,0,0,0,0,0,0,0,37045796,37888067,37752,38505,33,0,0,0,0,0,0,0,0
1778080861.3338938,g5.hpc.coe,40875,0.5001,0,100.0,2035.0,12288.0,4625323217,5557983940,6154950,7618431,77653,0,0,0,0,0,0,0,0,0,0,0,0,39294127,38532711,39013,38331,2020,0,0,0,0,0,0,0,0
1778080861.833991,g5.hpc.coe,40875,0.5001,0,100.0,2035.0,12288.0,4660023306,5592720702,6189842,7653362,77694,0,0,0,0,0,0,0,0,0,0,0,0,34700089,34736762,34892,34931,41,0,0,0,0,0,0,0,0
1778080862.3340912,g5.hpc.coe,40875,0.5001,0,100.0,2035.0,12288.0,4700973246,5633714779,6230960,7694532,78190,0,0,0,0,0,0,0,0,0,0,0,0,40949940,40994077,41118,41170,496,0,0,0,0,0,0,0,0
1778080862.8341875,g5.hpc.coe,40875,0.5001,0,100.0,2035.0,12288.0,4736363429,5669141508,6266596,7730202,78218,0,0,0,0,0,0,0,0,0,0,0,0,35390183,35426729,35636,35670,28,0,0,0,0,0,0,0,0
1778080863.3342786,g5.hpc.coe,40875,0.5001,0,100.0,2035.0,12288.0,4777313532,5710135557,6307724,7771368,78316,0,0,0,0,0,0,0,0,0,0,0,0,40950103,40994049,41128,41166,98,0,0,0,0,0,0,0,0
1778080863.834408,g5.hpc.coe,40875,0.5001,0,100.0,2035.0,12288.0,4812703849,5745562328,6343366,7807044,79450,0,0,0,0,0,0,0,0,0,0,0,0,35390317,35426771,35642,35676,1134,0,0,0,0,0,0,0,0
1778080864.334511,g5.hpc.coe,40875,0.5001,0,100.0,2035.0,12288.0,4847404210,5780299076,6378264,7841973,79849,0,0,0,0,0,0,0,0,0,0,0,0,34700361,34736748,34898,34929,399,0,0,0,0,0,0,0,0
1778080864.834605,g5.hpc.coe,40875,0.5001,0,100.0,2035.0,12288.0,4888354402,5821293174,6419385,7883146,80740,0,0,0,0,0,0,0,0,0,0,0,0,40950192,40994098,41121,41173,891,0,0,0,0,0,0,0,0
1778080865.3346987,g5.hpc.coe,40875,0.5001,0,100.0,2035.0,12288.0,4923744977,5856719958,6455033,7918817,80779,0,0,0,0,0,0,0,0,0,0,0,0,35390575,35426784,35648,35671,39,0,0,0,0,0,0,0,0
1778080865.8347907,g5.hpc.coe,40875,0.5001,0,100.0,2035.0,12288.0,4964695248,5897713799,6496150,7959975,80820,0,0,0,0,0,0,0,0,0,0,0,0,40950271,40993841,41117,41158,41,0,0,0,0,0,0,0,0
1778080866.3348858,g5.hpc.coe,40875,0.5001,0,100.0,2035.0,12288.0,5000084721,5933140742,6531787,7995656,90130,0,0,0,0,0,0,0,0,0,0,0,0,35389473,35426943,35637,35681,9310,0,0,0,0,0,0,0,0
1778080866.8349793,g5.hpc.coe,40875,0.5001,0,100.0,2035.0,12288.0,5034784745,5967877929,6566687,8030594,102755,0,0,0,0,0,0,0,0,0,0,0,0,34700024,34737187,34900,34938,12625,0,0,0,0,0,0,0,0
1778080867.335075,g5.hpc.coe,40875,0.5001,0,100.0,2035.0,12288.0,5075734181,6008871963,6607809,8071760,104175,0,0,0,0,0,0,0,0,0,0,0,0,40949436,40994034,41122,41166,1420,0,0,0,0,0,0,0,0
1778080867.8351731,g5.hpc.coe,40875,0.5001,0,100.0,2035.0,12288.0,5111123829,6044298698,6643451,8107433,104480,0,0,0,0,0,0,0,0,0,0,0,0,35389648,35426735,35642,35673,305,0,0,0,0,0,0,0,0
1778080868.3352675,g5.hpc.coe,40875,0.5001,0,100.0,2035.0,12288.0,5152073327,6085292690,6684575,8148593,104525,0,0,0,0,0,0,0,0,0,0,0,0,40949498,40993992,41124,41160,45,0,0,0,0,0,0,0,0
1778080868.8353593,g5.hpc.coe,40875,0.5001,0,100.0,2035.0,12288.0,5187463033,6120719418,6720212,8184265,105988,0,0,0,0,0,0,0,0,0,0,0,0,35389706,35426728,35637,35672,1463,0,0,0,0,0,0,0,0
1778080869.3354547,g5.hpc.coe,40875,0.5001,0,100.0,2035.0,12288.0,5222162797,6155456109,6755107,8219188,106327,0,0,0,0,0,0,0,0,0,0,0,0,34699764,34736691,34895,34923,339,0,0,0,0,0,0,0,0
1778080869.8355467,g5.hpc.coe,40875,0.5001,0,100.0,2035.0,12288.0,5263112407,6196450157,6796227,8260356,106823,0,0,0,0,0,0,0,0,0,0,0,0,40949610,40994048,41120,41168,496,0,0,0,0,0,0,0,0
1778080870.3356407,g5.hpc.coe,40875,0.5001,0,100.0,2035.0,12288.0,5298502286,6231876940,6831862,8296029,106872,0,0,0,0,0,0,0,0,0,0,0,0,35389879,35426783,35635,35673,49,0,0,0,0,0,0,0,0
1778080870.8357391,g5.hpc.coe,40875,0.5001,0,100.0,2035.0,12288.0,5339452096,6272871024,6872993,8337200,106923,0,0,0,0,0,0,0,0,0,0,0,0,40949810,40994084,41131,41171,51,0,0,0,0,0,0,0,0
1778080871.3358333,g5.hpc.coe,40875,0.5001,0,100.0,2035.0,12288.0,5374842028,6308297802,6908627,8372877,113925,0,0,0,0,0,0,0,0,0,0,0,0,35389932,35426778,35634,35677,7002,0,0,0,0,0,0,0,0
1778080871.8359272,g5.hpc.coe,40875,0.5001,0,100.0,2035.0,12288.0,5409541991,6343034564,6943515,8407808,114736,0,0,0,0,0,0,0,0,0,0,0,0,34699963,34736762,34888,34931,811,0,0,0,0,0,0,0,0
1778080872.3360243,g5.hpc.coe,40875,0.5001,0,100.0,2035.0,12288.0,5451181864,6384718636,6985381,8449721,114786,0,0,0,0,0,0,0,0,0,0,0,0,41639873,41684072,41866,41913,50,0,0,0,0,0,0,0,0
1778080872.836119,g5.hpc.coe,40875,0.5001,0,100.0,2035.0,12288.0,5485881968,6419455405,7020276,8484653,114991,0,0,0,0,0,0,0,0,0,0,0,0,34700104,34736769,34895,34932,205,0,0,0,0,0,0,0,0
1778080873.3362157,g5.hpc.coe,40875,0.5001,0,100.0,2035.0,12288.0,5526831967,6460449454,7061403,8525819,115036,0,0,0,0,0,0,0,0,0,0,0,0,40949999,40994049,41127,41166,45,0,0,0,0,0,0,0,0
1778080873.8363113,g5.hpc.coe,40875,0.5001,0,100.0,2035.0,12288.0,5562222110,6495876197,7097034,8561491,118299,0,0,0,0,0,0,0,0,0,0,0,0,35390143,35426743,35631,35672,3263,0,0,0,0,0,0,0,0
1778080874.3364065,g5.hpc.coe,40875,0.5001,0,100.0,2035.0,12288.0,5596922291,6530612924,7131920,8596417,118772,0,0,0,0,0,0,0,0,0,0,0,0,34700181,34736727,34886,34926,473,0,0,0,0,0,0,0,0
1778080874.8365028,g5.hpc.coe,40875,0.5001,0,100.0,2035.0,12288.0,5637872408,6571607015,7173044,8637589,120827,0,0,0,0,0,0,0,0,0,0,0,0,40950117,40994091,41124,41172,2055,0,0,0,0,0,0,0,0
1778080875.3365943,g5.hpc.coe,40875,0.5001,0,100.0,2035.0,12288.0,5673262684,6607033772,7208674,8673263,121288,0,0,0,0,0,0,0,0,0,0,0,0,35390276,35426757,35630,35674,461,0,0,0,0,0,0,0,0
1778080875.8366847,g5.hpc.coe,40875,0.5001,0,100.0,2035.0,12288.0,5714212915,6648027897,7249792,8714433,121332,0,0,0,0,0,0,0,0,0,0,0,0,40950231,40994125,41118,41170,44,0,0,0,0,0,0,0,0
1778080876.3367817,g5.hpc.coe,40875,0.5001,0,100.0,2035.0,12288.0,5749603348,6683454696,7285429,8750113,122148,0,0,0,0,0,0,0,0,0,0,0,0,35390433,35426799,35637,35680,816,0,0,0,0,0,0,0,0
1778080876.836878,g5.hpc.coe,40875,0.5001,0,100.0,2035.0,12288.0,5784303874,6718191409,7320329,8785037,122219,0,0,0,0,0,0,0,0,0,0,0,0,34700526,34736713,34900,34924,71,0,0,0,0,0,0,0,0
1778080877.3369725,g5.hpc.coe,40875,0.5001,0,100.0,2035.0,12288.0,5825253100,6759185408,7361441,8826198,122676,0,0,0,0,0,0,0,0,0,0,0,0,40949226,40993999,41112,41161,457,0,0,0,0,0,0,0,0
1778080877.8370695,g5.hpc.coe,40875,0.5001,0,100.0,2035.0,12288.0,5860642632,6794612122,7397080,8861868,122899,0,0,0,0,0,0,0,0,0,0,0,0,35389532,35426714,35639,35670,223,0,0,0,0,0,0,0,0
1778080878.3371646,g5.hpc.coe,40875,0.5001,0,100.0,2035.0,12288.0,5901592000,6835606156,7438199,8903034,122946,0,0,0,0,0,0,0,0,0,0,0,0,40949368,40994034,41119,41166,47,0,0,0,0,0,0,0,0
1778080878.837263,g5.hpc.coe,40875,0.5001,0,100.0,2035.0,12288.0,5936981575,6871032933,7473831,8938713,122986,0,0,0,0,0,0,0,0,0,0,0,0,35389575,35426777,35632,35679,40,0,0,0,0,0,0,0,0
1778080879.337354,g5.hpc.coe,40875,0.5001,0,100.0,2035.0,12288.0,5975050060,6909646331,7512531,8977809,123070,0,0,0,0,0,0,0,0,0,0,0,0,38068485,38613398,38700,39096,84,0,0,0,0,0,0,0,0
1778080879.8374496,g5.hpc.coe,40875,0.5001,0,100.0,2035.0,12288.0,6013320807,6947453737,7550597,9015557,126026,0,0,0,0,0,0,0,0,0,0,0,0,38270747,37807406,38066,37748,2956,0,0,0,0,0,0,0,0
1778080880.3375428,g5.hpc.coe,40875,0.5001,0,100.0,2035.0,12288.0,6048020512,6982190442,7585484,9050482,126136,0,0,0,0,0,0,0,0,0,0,0,0,34699705,34736705,34887,34925,110,0,0,0,0,0,0,0,0
1778080880.8376372,g5.hpc.coe,40875,0.5001,0,100.0,2035.0,12288.0,6088970168,7023184587,7626602,9091657,126174,0,0,0,0,0,0,0,0,0,0,0,0,40949656,40994145,41118,41175,38,0,0,0,0,0,0,0,0
1778080881.3377328,g5.hpc.coe,40875,0.5001,0,100.0,2035.0,12288.0,6124360101,7058611385,7662252,9127339,127764,0,0,0,0,0,0,0,0,0,0,0,0,35389933,35426798,35650,35682,1590,0,0,0,0,0,0,0,0
1778080881.8378248,g5.hpc.coe,40875,0.5001,0,100.0,2035.0,12288.0,6163471017,7098090432,7702120,9167380,127803,0,0,0,0,0,0,0,0,0,0,0,0,39110916,39479047,39868,40041,39,0,0,0,0,0,0,0,0
1778080882.337919,g5.hpc.coe,40875,0.5001,0,100.0,2035.0,12288.0,6200700423,7135032687,7739031,9204194,128605,0,0,0,0,0,0,0,0,0,0,0,0,37229406,36942255,36911,36814,802,0,0,0,0,0,0,0,0
1778080882.8380132,g5.hpc.coe,40875,0.5001,0,100.0,2035.0,12288.0,6235400389,7169769393,7773920,9239117,128646,0,0,0,0,0,0,0,0,0,0,0,0,34699966,34736706,34889,34923,41,0,0,0,0,0,0,0,0
1778080883.3381057,g5.hpc.coe,40875,0.5001,0,100.0,2035.0,12288.0,6276350263,7210763470,7815043,9280287,130033,0,0,0,0,0,0,0,0,0,0,0,0,40949874,40994077,41123,41170,1387,0,0,0,0,0,0,0,0
1778080883.8382013,g5.hpc.coe,40875,0.5001,0,100.0,2035.0,12288.0,6311740345,7246190262,7850679,9315966,130070,0,0,0,0,0,0,0,0,0,0,0,0,35390082,35426792,35636,35679,37,0,0,0,0,0,0,0,0
1778080884.3382943,g5.hpc.coe,40875,0.5001,0,100.0,2035.0,12288.0,6352690112,7287176584,7891787,9357115,130120,0,0,0,0,0,0,0,0,0,0,0,0,40949767,40986322,41108,41149,50,0,0,0,0,0,0,0,0
1778080884.8383904,g5.hpc.coe,40875,0.5001,0,100.0,2035.0,12288.0,6388080501,7322611103,7927440,9392811,131001,0,0,0,0,0,0,0,0,0,0,0,0,35390389,35434519,35653,35696,881,0,0,0,0,0,0,0,0
1778080885.3384848,g5.hpc.coe,40875,0.5001,0,100.0,2035.0,12288.0,6422780741,7357347872,7962335,9427743,131036,0,0,0,0,0,0,0,0,0,0,0,0,34700240,34736769,34895,34932,35,0,0,0,0,0,0,0,0
1778080885.8385854,g5.hpc.coe,40875,0.5001,0,100.0,2035.0,12288.0,6463730896,7398341983,8003456,9468911,131079,0,0,0,0,0,0,0,0,0,0,0,0,40950155,40994111,41121,41168,43,0,0,0,0,0,0,0,0
1778080886.3386796,g5.hpc.coe,40875,0.5001,0,100.0,2035.0,12288.0,6499121245,7433768726,8039097,9504583,131108,0,0,0,0,0,0,0,0,0,0,0,0,35390349,35426743,35641,35672,29,0,0,0,0,0,0,0,0
1778080886.8387713,g5.hpc.coe,40875,0.5001,0,100.0,2035.0,12288.0,6540071395,7474762740,8080213,9545744,131245,0,0,0,0,0,0,0,0,0,0,0,0,40950150,40994014,41116,41161,137,0,0,0,0,0,0,0,0
1778080887.338869,g5.hpc.coe,40875,0.5001,0,100.0,2035.0,12288.0,6575461809,7510189441,8115848,9581410,132524,0,0,0,0,0,0,0,0,0,0,0,0,35390414,35426701,35635,35666,1279,0,0,0,0,0,0,0,0
1778080887.8389652,g5.hpc.coe,40875,0.5001,0,100.0,2035.0,12288.0,6610162282,7544926196,8150741,9616340,132567,0,0,0,0,0,0,0,0,0,0,0,0,34700473,34736755,34893,34930,43,0,0,0,0,0,0,0,0
1778080888.3390594,g5.hpc.coe,40875,0.5001,0,100.0,2035.0,12288.0,6651801625,7586610239,8192614,9658251,132606,0,0,0,0,0,0,0,0,0,0,0,0,41639343,41684043,41873,41911,39,0,0,0,0,0,0,0,0
1778080888.8391554,g5.hpc.coe,40875,0.5001,0,100.0,2035.0,12288.0,6686501108,7621346965,8227503,9693179,132648,0,0,0,0,0,0,0,0,0,0,0,0,34699483,34736726,34889,34928,42,0,0,0,0,0,0,0,0
1778080889.339255,g5.hpc.coe,40875,0.5001,0,100.0,2035.0,12288.0,6727450465,7662340971,8268621,9734341,132712,0,0,0,0,0,0,0,0,0,0,0,0,40949357,40994006,41118,41162,64,0,0,0,0,0,0,0,0
1778080889.8393483,g5.hpc.coe,40875,0.5001,0,100.0,2035.0,12288.0,6762840022,7697767727,8304251,9770017,132749,0,0,0,0,0,0,0,0,0,0,0,0,35389557,35426756,35630,35676,37,0,0,0,0,0,0,0,0
1778080890.3394418,g5.hpc.coe,40875,0.5001,0,100.0,2035.0,12288.0,6797539595,7732504425,8339133,9804941,132785,0,0,0,0,0,0,0,0,0,0,0,0,34699573,34736698,34882,34924,36,0,0,0,0,0,0,0,0
1778080890.8395345,g5.hpc.coe,40875,0.5001,0,100.0,2035.0,12288.0,6838489223,7773498472,8380261,9846102,132827,0,0,0,0,0,0,0,0,0,0,0,0,40949628,40994047,41128,41161,42,0,0,0,0,0,0,0,0
1778080891.3396318,g5.hpc.coe,40875,0.5001,0,100.0,2035.0,12288.0,6873878883,7808925214,8415886,9881776,132865,0,0,0,0,0,0,0,0,0,0,0,0,35389660,35426742,35625,35674,38,0,0,0,0,0,0,0,0
1778080891.8397255,g5.hpc.coe,40875,0.5001,0,100.0,2035.0,12288.0,6914828471,7849919220,8457004,9922938,132901,0,0,0,0,0,0,0,0,0,0,0,0,40949588,40994006,41118,41162,36,0,0,0,0,0,0,0,0
1778080892.339816,g5.hpc.coe,40875,0.5001,0,100.0,2035.0,12288.0,6950218315,7885345990,8492642,9958616,133539,0,0,0,0,0,0,0,0,0,0,0,0,35389844,35426770,35638,35678,638,0,0,0,0,0,0,0,0
1778080892.839913,g5.hpc.coe,40875,0.5001,0,100.0,2035.0,12288.0,6984918176,7920082780,8527530,9993551,137242,0,0,0,0,0,0,0,0,0,0,0,0,34699861,34736790,34888,34935,3703,0,0,0,0,0,0,0,0
1778080893.340006,g5.hpc.coe,40875,0.5001,0,100.0,2035.0,12288.0,7025867890,7961076850,8568644,10034720,137277,0,0,0,0,0,0,0,0,0,0,0,0,40949714,40994070,41114,41169,35,0,0,0,0,0,0,0,0
1778080893.840103,g5.hpc.coe,40875,0.5001,0,100.0,2035.0,12288.0,7061257951,7996503663,8604291,10070402,137324,0,0,0,0,0,0,0,0,0,0,0,0,35390061,35426813,35647,35682,47,0,0,0,0,0,0,0,0
1778080894.340197,g5.hpc.coe,40875,0.5001,0,100.0,2035.0,12288.0,7102207827,8037497663,8645415,10111561,137369,0,0,0,0,0,0,0,0,0,0,0,0,40949876,40994000,41124,41159,45,0,0,0,0,0,0,0,0
1778080894.8402925,g5.hpc.coe,40875,0.5001,0,100.0,2035.0,12288.0,7137597910,8072924420,8681052,10147235,138239,0,0,0,0,0,0,0,0,0,0,0,0,35390083,35426757,35637,35674,870,0,0,0,0,0,0,0,0
1778080895.3403866,g5.hpc.coe,40875,0.5001,0,100.0,2035.0,12288.0,7172298017,8107661217,8715942,10182171,138647,0,0,0,0,0,0,0,0,0,0,0,0,34700107,34736797,34890,34936,408,0,0,0,0,0,0,0,0
1778080895.84048,g5.hpc.coe,40875,0.5001,0,100.0,2035.0,12288.0,7213248026,8148655287,8757065,10223340,138703,0,0,0,0,0,0,0,0,0,0,0,0,40950009,40994070,41123,41169,56,0,0,0,0,0,0,0,0
1778080896.340575,g5.hpc.coe,40875,0.5001,0,100.0,2035.0,12288.0,7248638326,8184082134,8792704,10259020,145455,0,0,0,0,0,0,0,0,0,0,0,0,35390300,35426847,35639,35680,6752,0,0,0,0,0,0,0,0
1778080896.8406873,g5.hpc.coe,40875,0.5001,0,100.0,2035.0,12288.0,7289588949,8225076679,8833836,10300201,145782,0,0,0,0,0,0,0,0,0,0,0,0,40950623,40994545,41132,41181,327,0,0,0,0,0,0,0,0
1778080897.3407824,g5.hpc.coe,40875,0.5001,0,100.0,2035.0,12288.0,7324979345,8260503478,8869478,10335881,146851,0,0,0,0,0,0,0,0,0,0,0,0,35390396,35426799,35642,35680,1069,0,0,0,0,0,0,0,0
1778080897.8408775,g5.hpc.coe,40875,0.5001,0,100.0,2035.0,12288.0,7359679678,8295240219,8904367,10370809,146889,0,0,0,0,0,0,0,0,0,0,0,0,34700333,34736741,34889,34928,38,0,0,0,0,0,0,0,0
1778080898.3409696,g5.hpc.coe,40875,0.5001,0,100.0,2035.0,12288.0,7400629977,8336234254,8945496,10411973,147833,0,0,0,0,0,0,0,0,0,0,0,0,40950299,40994035,41129,41164,944,0,0,0,0,0,0,0,0
1778080898.8410625,g5.hpc.coe,40875,0.5001,0,100.0,2035.0,12288.0,7436020407,8371661025,8981127,10447649,147871,0,0,0,0,0,0,0,0,0,0,0,0,35390430,35426771,35631,35676,38,0,0,0,0,0,0,0,0
1778080899.3411553,g5.hpc.coe,40875,0.5001,0,100.0,2035.0,12288.0,7476969675,8412655066,9022246,10488816,148754,0,0,0,0,0,0,0,0,0,0,0,0,40949268,40994041,41119,41167,883,0,0,0,0,0,0,0,0
1778080899.8412466,g5.hpc.coe,40875,0.5001,0,100.0,2035.0,12288.0,7512359172,8448081871,9057881,10524499,148799,0,0,0,0,0,0,0,0,0,0,0,0,35389497,35426805,35635,35683,45,0,0,0,0,0,0,0,0
1778080900.3413389,g5.hpc.coe,40875,0.5001,0,100.0,2035.0,12288.0,7549732446,8485846348,9095955,10562814,148835,0,0,0,0,0,0,0,0,0,0,0,0,37373274,37764477,38074,38315,36,0,0,0,0,0,0,0,0
1778080900.8414338,g5.hpc.coe,40875,0.5001,0,100.0,2035.0,12288.0,7588699558,8524503536,9134676,10601354,149547,0,0,0,0,0,0,0,0,0,0,0,0,38967112,38657188,38721,38540,712,0,0,0,0,0,0,0,0
1778080901.3415308,g5.hpc.coe,40875,0.5001,0,100.0,2035.0,12288.0,7623399298,8559240289,9169573,10636279,149579,0,0,0,0,0,0,0,0,0,0,0,0,34699740,34736753,34897,34925,32,0,0,0,0,0,0,0,0
1778080901.841628,g5.hpc.coe,40875,0.5001,0,100.0,2035.0,12288.0,7664348764,8600234309,9210687,10677443,149705,0,0,0,0,0,0,0,0,0,0,0,0,40949466,40994020,41114,41164,126,0,0,0,0,0,0,0,0
1778080902.3417232,g5.hpc.coe,40875,0.5001,0,100.0,2035.0,12288.0,7699738515,8635661044,9246325,10713116,149840,0,0,0,0,0,0,0,0,0,0,0,0,35389751,35426735,35638,35673,135,0,0,0,0,0,0,0,0
1778080902.84182,g5.hpc.coe,40875,0.5001,0,100.0,2035.0,12288.0,7738993610,8675597360,9286261,10753504,150057,0,0,0,0,0,0,0,0,0,0,0,0,39255095,39936316,39936,40388,217,0,0,0,0,0,0,0,0
1778080903.3419151,g5.hpc.coe,40875,0.5001,0,100.0,2035.0,12288.0,7776078009,8712081827,9323090,10789957,151739,0,0,0,0,0,0,0,0,0,0,0,0,37084399,36484467,36829,36453,1682,0,0,0,0,0,0,0,0
1778080903.8420095,g5.hpc.coe,40875,0.5001,0,100.0,2035.0,12288.0,7810777899,8746818603,9357982,10824890,151845,0,0,0,0,0,0,0,0,0,0,0,0,34699890,34736776,34892,34933,106,0,0,0,0,0,0,0,0
1778080904.3421028,g5.hpc.coe,40875,0.5001,0,100.0,2035.0,12288.0,7851727655,8787812666,9399102,10866058,153080,0,0,0,0,0,0,0,0,0,0,0,0,40949756,40994063,41120,41168,1235,0,0,0,0,0,0,0,0
1778080904.8421993,g5.hpc.coe,40875,0.5001,0,100.0,2035.0,12288.0,7887117633,8823239514,9434737,10901745,153124,0,0,0,0,0,0,0,0,0,0,0,0,35389978,35426848,35635,35687,44,0,0,0,0,0,0,0,0
1778080905.342294,g5.hpc.coe,40875,0.5001,0,100.0,2035.0,12288.0,7928067346,8864226002,9475851,10942896,153196,0,0,0,0,0,0,0,0,0,0,0,0,40949713,40986488,41114,41151,72,0,0,0,0,0,0,0,0
1778080905.8423893,g5.hpc.coe,40875,0.5001,0,100.0,2035.0,12288.0,7963457582,8899660313,9511496,10978584,154260,0,0,0,0,0,0,0,0,0,0,0,0,35390236,35434311,35645,35688,1064,0,0,0,0,0,0,0,0
1778080906.3424864,g5.hpc.coe,40875,0.5001,0,100.0,2035.0,12288.0,7998157761,8934397074,9546387,11013508,155015,0,0,0,0,0,0,0,0,0,0,0,0,34700179,34736761,34891,34924,755,0,0,0,0,0,0,0,0
1778080906.8425891,g5.hpc.coe,40875,0.5001,0,100.0,2035.0,12288.0,8039107730,8975391116,9587504,11054673,155331,0,0,0,0,0,0,0,0,0,0,0,0,40949969,40994042,41117,41165,316,0,0,0,0,0,0,0,0
1778080907.3426833,g5.hpc.coe,40875,0.5001,0,100.0,2035.0,12288.0,8074498012,9010817866,9623149,11090346,155374,0,0,0,0,0,0,0,0,0,0,0,0,35390282,35426750,35645,35673,43,0,0,0,0,0,0,0,0
1778080907.8427784,g5.hpc.coe,40875,0.5001,0,100.0,2035.0,12288.0,8115448081,9051811915,9664267,11131512,155460,0,0,0,0,0,0,0,0,0,0,0,0,40950069,40994049,41118,41166,86,0,0,0,0,0,0,0,0
1778080908.3428724,g5.hpc.coe,40875,0.5001,0,100.0,2035.0,12288.0,8150838615,9087238941,9699903,11167193,155516,0,0,0,0,0,0,0,0,0,0,0,0,35390534,35427026,35636,35681,56,0,0,0,0,0,0,0,0
1778080908.8429673,g5.hpc.coe,40875,0.5001,0,100.0,2035.0,12288.0,8185538986,9121975682,9734795,11202121,155553,0,0,0,0,0,0,0,0,0,0,0,0,34700371,34736741,34892,34928,37,0,0,0,0,0,0,0,0
1778080909.3430612,g5.hpc.coe,40875,0.5001,0,100.0,2035.0,12288.0,8226489245,9162969724,9775918,11243286,156803,0,0,0,0,0,0,0,0,0,0,0,0,40950259,40994042,41123,41165,1250,0,0,0,0,0,0,0,0
1778080909.8431532,g5.hpc.coe,40875,0.5001,0,100.0,2035.0,12288.0,8261879677,9198396481,9811549,11278960,156910,0,0,0,0,0,0,0,0,0,0,0,0,35390432,35426757,35631,35674,107,0,0,0,0,0,0,0,0
1778080910.3432484,g5.hpc.coe,40875,0.5001,0,100.0,2035.0,12288.0,8302828947,9239390487,9852668,11320122,158497,0,0,0,0,0,0,0,0,0,0,0,0,40949270,40994006,41119,41162,1587,0,0,0,0,0,0,0,0
1778080910.8433387,g5.hpc.coe,40875,0.5001,0,100.0,2035.0,12288.0,8338218439,9274817236,9888302,11355797,159048,0,0,0,0,0,0,0,0,0,0,0,0,35389492,35426749,35634,35675,551,0,0,0,0,0,0,0,0
1778080911.3434315,g5.hpc.coe,40875,0.5001,0,100.0,2035.0,12288.0,8372918081,9309554017,9923198,11390726,159596,0,0,0,0,0,0,0,0,0,0,0,0,34699642,34736781,34896,34929,548,0,0,0,0,0,0,0,0
1778080911.8435261,g5.hpc.coe,40875,0.5001,0,100.0,2035.0,12288.0,8413868098,9350548470,9964336,11431896,160222,0,0,0,0,0,0,0,0,0,0,0,0,40950017,40994453,41138,41170,626,0,0,0,0,0,0,0,0
1778080912.343627,g5.hpc.coe,40875,0.5001,0,100.0,2035.0,12288.0,8449257747,9385975254,9999968,11467576,163051,0,0,0,0,0,0,0,0,0,0,0,0,35389649,35426784,35632,35680,2829,0,0,0,0,0,0,0,0
1778080912.84372,g5.hpc.coe,40875,0.5001,0,100.0,2035.0,12288.0,8490207286,9426969281,10041092,11508741,163100,0,0,0,0,0,0,0,0,0,0,0,0,40949539,40994027,41124,41165,49,0,0,0,0,0,0,0,0
1778080913.3438153,g5.hpc.coe,40875,0.5001,0,100.0,2035.0,12288.0,8525597054,9462396051,10076732,11544419,163864,0,0,0,0,0,0,0,0,0,0,0,0,35389768,35426770,35640,35678,764,0,0,0,0,0,0,0,0
1778080913.8439088,g5.hpc.coe,40875,0.5001,0,100.0,2035.0,12288.0,8560296797,9497132756,10111618,11579344,163919,0,0,0,0,0,0,0,0,0,0,0,0,34699743,34736705,34886,34925,55,0,0,0,0,0,0,0,0
1778080914.3440046,g5.hpc.coe,40875,0.5001,0,100.0,2035.0,12288.0,8601246497,9538126727,10152745,11620501,164409,0,0,0,0,0,0,0,0,0,0,0,0,40949700,40993971,41127,41157,490,0,0,0,0,0,0,0,0
1778080914.8440995,g5.hpc.coe,40875,0.5001,0,100.0,2035.0,12288.0,8636636434,9573553540,10188387,11656183,164447,0,0,0,0,0,0,0,0,0,0,0,0,35389937,35426813,35642,35682,38,0,0,0,0,0,0,0,0
1778080915.3441896,g5.hpc.coe,40875,0.5001,0,100.0,2035.0,12288.0,8677586180,9614547617,10229505,11697353,165312,0,0,0,0,0,0,0,0,0,0,0,0,40949746,40994077,41118,41170,865,0,0,0,0,0,0,0,0
1778080915.8442802,g5.hpc.coe,40875,0.5001,0,100.0,2035.0,12288.0,8712976190,9649974395,10265144,11733030,165352,0,0,0,0,0,0,0,0,0,0,0,0,35390010,35426778,35639,35677,40,0,0,0,0,0,0,0,0
1778080916.3443847,g5.hpc.coe,40875,0.5001,0,100.0,2035.0,12288.0,8747676238,9684711150,10300038,11767960,165396,0,0,0,0,0,0,0,0,0,0,0,0,34700048,34736755,34894,34930,44,0,0,0,0,0,0,0,0
1778080916.8444805,g5.hpc.coe,40875,0.5001,0,100.0,2035.0,12288.0,8788626251,9725705254,10341165,11809127,168747,0,0,0,0,0,0,0,0,0,0,0,0,40950013,40994104,41127,41167,3351,0,0,0,0,0,0,0,0
1778080917.3445754,g5.hpc.coe,40875,0.5001,0,100.0,2035.0,12288.0,8824016388,9761132018,10376802,11844802,169014,0,0,0,0,0,0,0,0,0,0,0,0,35390137,35426764,35637,35675,267,0,0,0,0,0,0,0,0
1778080917.8446681,g5.hpc.coe,40875,0.5001,0,100.0,2035.0,12288.0,8864966362,9802126011,10417919,11885960,170027,0,0,0,0,0,0,0,0,0,0,0,0,40949974,40993993,41117,41158,1013,0,0,0,0,0,0,0,0
1778080918.3447661,g5.hpc.coe,40875,0.5001,0,100.0,2035.0,12288.0,8900356586,9837552719,10453555,11921627,170071,0,0,0,0,0,0,0,0,0,0,0,0,35390224,35426708,35636,35667,44,0,0,0,0,0,0,0,0
1778080918.844859,g5.hpc.coe,40875,0.5001,0,100.0,2035.0,12288.0,8935905735,9873686449,10489842,11958310,170110,0,0,0,0,0,0,0,0,0,0,0,0,35549149,36133730,36287,36683,39,0,0,0,0,0,0,0,0
1778080919.3449519,g5.hpc.coe,40875,0.5001,0,100.0,2035.0,12288.0,8976697013,9913973462,10530314,11998458,171905,0,0,0,0,0,0,0,0,0,0,0,0,40791278,40287013,40472,40148,1795,0,0,0,0,0,0,0,0
1778080919.845047,g5.hpc.coe,40875,0.5001,0,100.0,2035.0,12288.0,9011397334,9948710147,10565200,12033378,171951,0,0,0,0,0,0,0,0,0,0,0,0,34700321,34736685,34886,34920,46,0,0,0,0,0,0,0,0
1778080920.3451407,g5.hpc.coe,40875,0.5001,0,100.0,2035.0,12288.0,9052347620,9989704231,10606326,12074549,172109,0,0,0,0,0,0,0,0,0,0,0,0,40950286,40994084,41126,41171,158,0,0,0,0,0,0,0,0
1778080920.8452375,g5.hpc.coe,40875,0.5001,0,100.0,2035.0,12288.0,9087738223,10025131074,10641967,12110226,172531,0,0,0,0,0,0,0,0,0,0,0,0,35390603,35426843,35641,35677,422,0,0,0,0,0,0,0,0
1778080921.3453298,g5.hpc.coe,40875,0.5001,0,100.0,2035.0,12288.0,9126204079,10063789839,10681000,12149427,172570,0,0,0,0,0,0,0,0,0,0,0,0,38465856,38658765,39033,39201,39,0,0,0,0,0,0,0,0
1778080921.8454256,g5.hpc.coe,40875,0.5001,0,100.0,2035.0,12288.0,9164077076,10101551905,10718722,12187067,172887,0,0,0,0,0,0,0,0,0,0,0,0,37872997,37762066,37722,37640,317,0,0,0,0,0,0,0,0
1778080922.34552,g5.hpc.coe,40875,0.5001,0,100.0,2035.0,12288.0,9198776572,10136288638,10753605,12221996,172937,0,0,0,0,0,0,0,0,0,0,0,0,34699496,34736733,34883,34929,50,0,0,0,0,0,0,0,0
1778080922.8456154,g5.hpc.coe,40875,0.5001,0,100.0,2035.0,12288.0,9239725976,10177282623,10794722,12263155,172981,0,0,0,0,0,0,0,0,0,0,0,0,40949404,40993985,41117,41159,44,0,0,0,0,0,0,0,0
1778080923.3457062,g5.hpc.coe,40875,0.5001,0,100.0,2035.0,12288.0,9275115609,10212709435,10830355,12298839,176612,0,0,0,0,0,0,0,0,0,0,0,0,35389633,35426812,35633,35684,3631,0,0,0,0,0,0,0,0
1778080923.8458018,g5.hpc.coe,40875,0.5001,0,100.0,2035.0,12288.0,9315687759,10253695769,10871464,12339985,176664,0,0,0,0,0,0,0,0,0,0,0,0,40572150,40986334,41109,41146,52,0,0,0,0,0,0,0,0
1778080924.345896,g5.hpc.coe,40875,0.5001,0,100.0,2035.0,12288.0,9351454836,10289130162,10907105,12375672,177997,0,0,0,0,0,0,0,0,0,0,0,0,35767077,35434393,35641,35687,1333,0,0,0,0,0,0,0,0
1778080924.8459928,g5.hpc.coe,40875,0.5001,0,100.0,2035.0,12288.0,9386154637,10323866902,10941998,12410602,178040,0,0,0,0,0,0,0,0,0,0,0,0,34699801,34736740,34893,34930,43,0,0,0,0,0,0,0,0
1778080925.3460848,g5.hpc.coe,40875,0.5001,0,100.0,2035.0,12288.0,9427104277,10364860957,10983115,12451771,178097,0,0,0,0,0,0,0,0,0,0,0,0,40949640,40994055,41117,41169,57,0,0,0,0,0,0,0,0
1778080925.8461819,g5.hpc.coe,40875,0.5001,0,100.0,2035.0,12288.0,9462494196,10400287693,11018753,12487442,178158,0,0,0,0,0,0,0,0,0,0,0,0,35389919,35426736,35638,35671,61,0,0,0,0,0,0,0,0
1778080926.3462756,g5.hpc.coe,40875,0.5001,0,100.0,2035.0,12288.0,9503443850,10441274188,11059870,12528609,178653,0,0,0,0,0,0,0,0,0,0,0,0,40949654,40986495,41117,41167,495,0,0,0,0,0,0,0,0
1778080926.8463697,g5.hpc.coe,40875,0.5001,0,100.0,2035.0,12288.0,9538834707,10476709015,11095532,12564293,179702,0,0,0,0,0,0,0,0,0,0,0,0,35390857,35434827,35662,35684,1049,0,0,0,0,0,0,0,0
1778080927.346466,g5.hpc.coe,40875,0.5001,0,100.0,2035.0,12288.0,9573534766,10511445700,11130426,12599213,181089,0,0,0,0,0,0,0,0,0,0,0,0,34700059,34736685,34894,34920,1387,0,0,0,0,0,0,0,0
1778080927.8465638,g5.hpc.coe,40875,0.5001,0,100.0,2035.0,12288.0,9614484699,10552439770,11171549,12640382,181140,0,0,0,0,0,0,0,0,0,0,0,0,40949933,40994070,41123,41169,51,0,0,0,0,0,0,0,0
1778080928.346658,g5.hpc.coe,40875,0.5001,0,100.0,2035.0,12288.0,9649874861,10587866506,11207188,12676053,181273,0,0,0,0,0,0,0,0,0,0,0,0,35390162,35426736,35639,35671,133,0,0,0,0,0,0,0,0
1778080928.8467543,g5.hpc.coe,40875,0.5001,0,100.0,2035.0,12288.0,9690824881,10628860597,11248310,12717225,181438,0,0,0,0,0,0,0,0,0,0,0,0,40950020,40994091,41122,41172,165,0,0,0,0,0,0,0,0
1778080929.3468542,g5.hpc.coe,40875,0.5001,0,100.0,2035.0,12288.0,9726215123,10664287382,11283947,12752903,182187,0,0,0,0,0,0,0,0,0,0,0,0,35390242,35426785,35637,35678,749,0,0,0,0,0,0,0,0
1778080929.8469481,g5.hpc.coe,40875,0.5001,0,100.0,2035.0,12288.0,9760915382,10699024116,11318836,12787830,182215,0,0,0,0,0,0,0,0,0,0,0,0,34700259,34736734,34889,34927,28,0,0,0,0,0,0,0,0
1778080930.3470395,g5.hpc.coe,40875,0.5001,0,100.0,2035.0,12288.0,9801865480,10740018130,11359949,12828991,182259,0,0,0,0,0,0,0,0,0,0,0,0,40950098,40994014,41113,41161,44,0,0,0,0,0,0,0,0
1778080930.8471317,g5.hpc.coe,40875,0.5001,0,100.0,2035.0,12288.0,9837255849,10775444922,11395584,12864670,182302,0,0,0,0,0,0,0,0,0,0,0,0,35390369,35426792,35635,35679,43,0,0,0,0,0,0,0,0
1778080931.347224,g5.hpc.coe,40875,0.5001,0,100.0,2035.0,12288.0,9878896107,10817128966,11437448,12906579,182637,0,0,0,0,0,0,0,0,0,0,0,0,41640258,41684044,41864,41909,335,0,0,0,0,0,0,0,0
1778080931.8473196,g5.hpc.coe,40875,0.5001,0,100.0,2035.0,12288.0,9913596681,10851865734,11472344,12941504,183262,0,0,0,0,0,0,0,0,0,0,0,0,34700574,34736768,34896,34925,625,0,0,0,0,0,0,0,0
1778080932.3474321,g5.hpc.coe,40875,0.5001,0,100.0,2035.0,12288.0,9948296165,10886602446,11507237,12976430,183304,0,0,0,0,0,0,0,0,0,0,0,0,34699484,34736712,34893,34926,42,0,0,0,0,0,0,0,0
1778080932.847526,g5.hpc.coe,40875,0.5001,0,100.0,2035.0,12288.0,9989245481,10927596529,11548353,13017603,183347,0,0,0,0,0,0,0,0,0,0,0,0,40949316,40994083,41116,41173,43,0,0,0,0,0,0,0,0
1778080933.3475888,g5.hpc.coe,40875,0.5001,0,100.0,2035.0,12288.0,10024635053,10963023278,11583989,13053278,183383,0,0,0,0,0,0,0,0,0,0,0,0,35389572,35426749,35636,35675,36,0,0,0,0,0,0,0,0
1778080933.8476818,g5.hpc.coe,40875,0.5001,0,100.0,2035.0,12288.0,10065584435,11004017277,11625101,13094439,183452,0,0,0,0,0,0,0,0,0,0,0,0,40949382,40993999,41112,41161,69,0,0,0,0,0,0,0,0
1778080934.347775,g5.hpc.coe,40875,0.5001,0,100.0,2035.0,12288.0,10100974116,11039443977,11660739,13130107,183522,0,0,0,0,0,0,0,0,0,0,0,0,35389681,35426700,35638,35668,70,0,0,0,0,0,0,0,0
1778080934.8478713,g5.hpc.coe,40875,0.5001,0,100.0,2035.0,12288.0,10135673772,11074180717,11695623,13165037,183610,0,0,0,0,0,0,0,0,0,0,0,0,34699656,34736740,34884,34930,88,0,0,0,0,0,0,0,0
1778080935.3479662,g5.hpc.coe,40875,0.5001,0,100.0,2035.0,12288.0,10176623295,11115174744,11736735,13206202,184157,0,0,0,0,0,0,0,0,0,0,0,0,40949523,40994027,41112,41165,547,0,0,0,0,0,0,0,0
1778080935.8480682,g5.hpc.coe,40875,0.5001,0,100.0,2035.0,12288.0,10212013097,11150601549,11772370,13241885,184198,0,0,0,0,0,0,0,0,0,0,0,0,35389802,35426805,35635,35683,41,0,0,0,0,0,0,0,0
1778080936.3481681,g5.hpc.coe,40875,0.5001,0,100.0,2035.0,12288.0,10252962785,11191595506,11813492,13283040,184245,0,0,0,0,0,0,0,0,0,0,0,0,40949688,40993957,41122,41155,47,0,0,0,0,0,0,0,0
1778080936.8482645,g5.hpc.coe,40875,0.5001,0,100.0,2035.0,12288.0,10288352689,11227022235,11849126,13318710,185908,0,0,0,0,0,0,0,0,0,0,0,0,35389904,35426729,35634,35670,1663,0,0,0,0,0,0,0,0
1778080937.3483603,g5.hpc.coe,40875,0.5001,0,100.0,2035.0,12288.0,10323052631,11261759052,11884008,13353642,186036,0,0,0,0,0,0,0,0,0,0,0,0,34699942,34736817,34882,34932,128,0,0,0,0,0,0,0,0
1778080937.8484576,g5.hpc.coe,40875,0.5001,0,100.0,2035.0,12288.0,10364002483,11302753038,11925131,13394799,188141,0,0,0,0,0,0,0,0,0,0,0,0,40949852,40993986,41123,41157,2105,0,0,0,0,0,0,0,0
1778080938.3485537,g5.hpc.coe,40875,0.5001,0,100.0,2035.0,12288.0,10399392523,11338179830,11960764,13430478,188514,0,0,0,0,0,0,0,0,0,0,0,0,35390040,35426792,35633,35679,373,0,0,0,0,0,0,0,0
1778080938.8486502,g5.hpc.coe,40875,0.5001,0,100.0,2035.0,12288.0,10440342380,11379173893,12001874,13471646,188567,0,0,0,0,0,0,0,0,0,0,0,0,40949857,40994063,41110,41168,53,0,0,0,0,0,0,0,0
1778080939.3487465,g5.hpc.coe,40875,0.5001,0,100.0,2035.0,12288.0,10475732536,11414600713,12037510,13507329,188660,0,0,0,0,0,0,0,0,0,0,0,0,35390156,35426820,35636,35683,93,0,0,0,0,0,0,0,0
1778080939.848843,g5.hpc.coe,40875,0.5001,0,100.0,2035.0,12288.0,10512726964,11451795580,12075185,13545047,188709,0,0,0,0,0,0,0,0,0,0,0,0,36994428,37194867,37675,37718,49,0,0,0,0,0,0,0,0
1778080940.3489387,g5.hpc.coe,40875,0.5001,0,100.0,2035.0,12288.0,10551814473,11491021262,12114276,13584170,190875,0,0,0,0,0,0,0,0,0,0,0,0,39087509,39225682,39091,39123,2166,0,0,0,0,0,0,0,0
1778080940.8490374,g5.hpc.coe,40875,0.5001,0,100.0,2035.0,12288.0,10586773096,11525758267,12149157,13619098,190924,0,0,0,0,0,0,0,0,0,0,0,0,34958623,34737005,34881,34928,49,0,0,0,0,0,0,0,0
1778080941.349135,g5.hpc.coe,40875,0.5001,0,100.0,2035.0,12288.0,10627723273,11566752330,12190279,13660266,193971,0,0,0,0,0,0,0,0,0,0,0,0,40950177,40994063,41122,41168,3047,0,0,0,0,0,0,0,0
1778080941.849231,g5.hpc.coe,40875,0.5001,0,100.0,2035.0,12288.0,10663114197,11602179499,12225919,13695943,194290,0,0,0,0,0,0,0,0,0,0,0,0,35390924,35427169,35640,35677,319,0,0,0,0,0,0,0,0
1778080942.3493218,g5.hpc.coe,40875,0.5001,0,100.0,2035.0,12288.0,10701199990,11640772189,12264735,13735036,194337,0,0,0,0,0,0,0,0,0,0,0,0,38085793,38592690,38816,39093,47,0,0,0,0,0,0,0,0
1778080942.8494163,g5.hpc.coe,40875,0.5001,0,100.0,2035.0,12288.0,10739455022,11678600367,12302671,13772785,195707,0,0,0,0,0,0,0,0,0,0,0,0,38255032,37828178,37936,37749,1370,0,0,0,0,0,0,0,0
1778080943.3494787,g5.hpc.coe,40875,0.5001,0,100.0,2035.0,12288.0,10774154509,11713337086,12337562,13807712,195739,0,0,0,0,0,0,0,0,0,0,0,0,34699487,34736719,34891,34927,32,0,0,0,0,0,0,0,0
1778080943.8495388,g5.hpc.coe,40875,0.5001,0,100.0,2035.0,12288.0,10815103863,11754331127,12378681,13848879,198963,0,0,0,0,0,0,0,0,0,0,0,0,40949354,40994041,41119,41167,3224,0,0,0,0,0,0,0,0
1778080944.349632,g5.hpc.coe,40875,0.5001,0,100.0,2035.0,12288.0,10850493454,11789757848,12414317,13884550,199002,0,0,0,0,0,0,0,0,0,0,0,0,35389591,35426721,35636,35671,39,0,0,0,0,0,0,0,0
1778080944.849723,g5.hpc.coe,40875,0.5001,0,100.0,2035.0,12288.0,10891442745,11830744349,12455430,13925720,199339,0,0,0,0,0,0,0,0,0,0,0,0,40949291,40986501,41113,41170,337,0,0,0,0,0,0,0,0
1778080945.3498166,g5.hpc.coe,40875,0.5001,0,100.0,2035.0,12288.0,10926832588,11866178659,12491072,13961395,199533,0,0,0,0,0,0,0,0,0,0,0,0,35389843,35434310,35642,35675,194,0,0,0,0,0,0,0,0
1778080945.8499143,g5.hpc.coe,40875,0.5001,0,100.0,2035.0,12288.0,10961532326,11900915399,12525965,13996325,199872,0,0,0,0,0,0,0,0,0,0,0,0,34699738,34736740,34893,34930,339,0,0,0,0,0,0,0,0
1778080946.3500102,g5.hpc.coe,40875,0.5001,0,100.0,2035.0,12288.0,11002481938,11941909454,12567087,14037494,200285,0,0,0,0,0,0,0,0,0,0,0,0,40949612,40994055,41122,41169,413,0,0,0,0,0,0,0,0
1778080946.8501067,g5.hpc.coe,40875,0.5001,0,100.0,2035.0,12288.0,11037871801,11977336196,12602728,14073168,200445,0,0,0,0,0,0,0,0,0,0,0,0,35389863,35426742,35641,35674,160,0,0,0,0,0,0,0,0
1778080947.350202,g5.hpc.coe,40875,0.5001,0,100.0,2035.0,12288.0,11078821635,12018330300,12643857,14114335,200485,0,0,0,0,0,0,0,0,0,0,0,0,40949834,40994104,41129,41167,40,0,0,0,0,0,0,0,0
1778080947.8502984,g5.hpc.coe,40875,0.5001,0,100.0,2035.0,12288.0,11114211558,12053757078,12679491,14150012,200692,0,0,0,0,0,0,0,0,0,0,0,0,35389923,35426778,35634,35677,207,0,0,0,0,0,0,0,0
1778080948.3503985,g5.hpc.coe,40875,0.5001,0,100.0,2035.0,12288.0,11148911513,12088493812,12714379,14184939,200726,0,0,0,0,0,0,0,0,0,0,0,0,34699955,34736734,34888,34927,34,0,0,0,0,0,0,0,0
1778080948.8504968,g5.hpc.coe,40875,0.5001,0,100.0,2035.0,12288.0,11189861391,12129487840,12755503,14226102,202323,0,0,0,0,0,0,0,0,0,0,0,0,40949878,40994028,41124,41163,1597,0,0,0,0,0,0,0,0
1778080949.3505926,g5.hpc.coe,40875,0.5001,0,100.0,2035.0,12288.0,11225251450,12164914583,12791136,14261774,202836,0,0,0,0,0,0,0,0,0,0,0,0,35390059,35426743,35633,35672,513,0,0,0,0,0,0,0,0
1778080949.850692,g5.hpc.coe,40875,0.5001,0,100.0,2035.0,12288.0,11266201458,12205908611,12832265,14302937,202892,0,0,0,0,0,0,0,0,0,0,0,0,40950008,40994028,41129,41163,56,0,0,0,0,0,0,0,0
1778080950.3507895,g5.hpc.coe,40875,0.5001,0,100.0,2035.0,12288.0,11301591604,12241335375,12867897,14338612,203182,0,0,0,0,0,0,0,0,0,0,0,0,35390146,35426764,35632,35675,290,0,0,0,0,0,0,0,0
1778080950.8508983,g5.hpc.coe,40875,0.5001,0,100.0,2035.0,12288.0,11336291824,12276072137,12902789,14373543,203229,0,0,0,0,0,0,0,0,0,0,0,0,34700220,34736762,34892,34931,47,0,0,0,0,0,0,0,0
1778080951.3509917,g5.hpc.coe,40875,0.5001,0,100.0,2035.0,12288.0,11377241981,12317066116,12943919,14414699,204295,0,0,0,0,0,0,0,0,0,0,0,0,40950157,40993979,41130,41156,1066,0,0,0,0,0,0,0,0
1778080951.8510907,g5.hpc.coe,40875,0.5001,0,100.0,2035.0,12288.0,11412632284,12352492894,12979553,14450376,204337,0,0,0,0,0,0,0,0,0,0,0,0,35390303,35426778,35634,35677,42,0,0,0,0,0,0,0,0
1778080952.351184,g5.hpc.coe,40875,0.5001,0,100.0,2035.0,12288.0,11453582550,12393486970,13020676,14491539,204530,0,0,0,0,0,0,0,0,0,0,0,0,40950266,40994076,41123,41163,193,0,0,0,0,0,0,0,0
1778080952.8512766,g5.hpc.coe,40875,0.5001,0,100.0,2035.0,12288.0,11488972997,12428913727,13056315,14527213,204559,0,0,0,0,0,0,0,0,0,0,0,0,35390447,35426757,35639,35674,29,0,0,0,0,0,0,0,0
1778080953.351368,g5.hpc.coe,40875,0.5001,0,100.0,2035.0,12288.0,11523673426,12463650496,13091201,14562145,204687,0,0,0,0,0,0,0,0,0,0,0,0,34700429,34736769,34886,34932,128,0,0,0,0,0,0,0,0
1778080953.8514614,g5.hpc.coe,40875,0.5001,0,100.0,2035.0,12288.0,11564622732,12504644565,13132324,14603316,204747,0,0,0,0,0,0,0,0,0,0,0,0,40949306,40994069,41123,41171,60,0,0,0,0,0,0,0,0
1778080954.3515558,g5.hpc.coe,40875,0.5001,0,100.0,2035.0,12288.0,11600012260,12540071272,13167962,14638985,204802,0,0,0,0,0,0,0,0,0,0,0,0,35389528,35426707,35638,35669,55,0,0,0,0,0,0,0,0
1778080954.8516488,g5.hpc.coe,40875,0.5001,0,100.0,2035.0,12288.0,11640961618,12581065292,13209079,14680149,205256,0,0,0,0,0,0,0,0,0,0,0,0,40949358,40994020,41117,41164,454,0,0,0,0,0,0,0,0
1778080955.3517416,g5.hpc.coe,40875,0.5001,0,100.0,2035.0,12288.0,11676351234,12616492020,13244716,14715821,209308,0,0,0,0,0,0,0,0,0,0,0,0,35389616,35426728,35637,35672,4052,0,0,0,0,0,0,0,0
1778080955.8518424,g5.hpc.coe,40875,0.5001,0,100.0,2035.0,12288.0,11711164140,12651709536,13280221,14751620,209336,0,0,0,0,0,0,0,0,0,0,0,0,34812906,35217516,35505,35799,28,0,0,0,0,0,0,0,0
1778080956.3519356,g5.hpc.coe,40875,0.5001,0,100.0,2035.0,12288.0,11752000319,12692222815,13320715,14791920,214144,0,0,0,0,0,0,0,0,0,0,0,0,40836179,40513279,40494,40300,4808,0,0,0,0,0,0,0,0
1778080956.8520277,g5.hpc.coe,40875,0.5001,0,100.0,2035.0,12288.0,11787390600,12727650011,13356357,14827603,214582,0,0,0,0,0,0,0,0,0,0,0,0,35390281,35427196,35642,35683,438,0,0,0,0,0,0,0,0
1778080957.3521247,g5.hpc.coe,40875,0.5001,0,100.0,2035.0,12288.0,11828340239,12768644045,13397478,14868769,214718,0,0,0,0,0,0,0,0,0,0,0,0,40949639,40994034,41121,41166,136,0,0,0,0,0,0,0,0
1778080957.8522198,g5.hpc.coe,40875,0.5001,0,100.0,2035.0,12288.0,11863730064,12804070815,13433111,14904447,214772,0,0,0,0,0,0,0,0,0,0,0,0,35389825,35426770,35633,35678,54,0,0,0,0,0,0,0,0
1778080958.3523128,g5.hpc.coe,40875,0.5001,0,100.0,2035.0,12288.0,11899515746,12840333450,13469607,14941249,214861,0,0,0,0,0,0,0,0,0,0,0,0,35785682,36262635,36496,36802,89,0,0,0,0,0,0,0,0
1778080958.8524077,g5.hpc.coe,40875,0.5001,0,100.0,2035.0,12288.0,11939379752,12879931521,13509302,14980817,216601,0,0,0,0,0,0,0,0,0,0,0,0,39864006,39598071,39695,39568,1740,0,0,0,0,0,0,0,0
1778080959.3525023,g5.hpc.coe,40875,0.5001,0,100.0,2035.0,12288.0,11974769798,12915228439,13544766,15016226,216648,0,0,0,0,0,0,0,0,0,0,0,0,35390046,35296918,35464,35409,47,0,0,0,0,0,0,0,0
1778080959.8526003,g5.hpc.coe,40875,0.5001,0,100.0,2035.0,12288.0,12015719695,12956222453,13585890,15057387,216684,0,0,0,0,0,0,0,0,0,0,0,0,40949897,40994014,41124,41161,36,0,0,0,0,0,0,0,0
1778080960.3526907,g5.hpc.coe,40875,0.5001,0,100.0,2035.0,12288.0,12051109772,12991649231,13621523,15093064,216930,0,0,0,0,0,0,0,0,0,0,0,0,35390077,35426778,35633,35677,246,0,0,0,0,0,0,0,0
1778080960.852782,g5.hpc.coe,40875,0.5001,0,100.0,2035.0,12288.0,12092059757,13032643329,13662646,15134237,216972,0,0,0,0,0,0,0,0,0,0,0,0,40949985,40994098,41123,41173,42,0,0,0,0,0,0,0,0
1778080961.3528774,g5.hpc.coe,40875,0.5001,0,100.0,2035.0,12288.0,12127449901,13068070093,13698275,15169912,218394,0,0,0,0,0,0,0,0,0,0,0,0,35390144,35426764,35629,35675,1422,0,0,0,0,0,0,0,0
1778080961.852972,g5.hpc.coe,40875,0.5001,0,100.0,2035.0,12288.0,12162150146,13102806848,13733168,15204842,219877,0,0,0,0,0,0,0,0,0,0,0,0,34700245,34736755,34893,34930,1483,0,0,0,0,0,0,0,0
1778080962.3530657,g5.hpc.coe,40875,0.5001,0,100.0,2035.0,12288.0,12203100273,13143800876,13774291,15246005,220364,0,0,0,0,0,0,0,0,0,0,0,0,40950127,40994028,41123,41163,487,0,0,0,0,0,0,0,0
1778080962.8531625,g5.hpc.coe,40875,0.5001,0,100.0,2035.0,12288.0,12238490706,13179227765,13809932,15281691,220411,0,0,0,0,0,0,0,0,0,0,0,0,35390433,35426889,35641,35686,47,0,0,0,0,0,0,0,0
1778080963.3532565,g5.hpc.coe,40875,0.5001,0,100.0,2035.0,12288.0,12278730405,13219863133,13850812,15322822,220458,0,0,0,0,0,0,0,0,0,0,0,0,40239699,40635368,40880,41131,47,0,0,0,0,0,0,0,0
1778080963.8533502,g5.hpc.coe,40875,0.5001,0,100.0,2035.0,12288.0,12314831458,13255648550,13886701,15358528,221027,0,0,0,0,0,0,0,0,0,0,0,0,36101053,35785417,35889,35706,569,0,0,0,0,0,0,0,0
1778080964.3534439,g5.hpc.coe,40875,0.5001,0,100.0,2035.0,12288.0,12349531969,13290385326,13921596,15393461,221071,0,0,0,0,0,0,0,0,0,0,0,0,34700511,34736776,34895,34933,44,0,0,0,0,0,0,0,0
1778080964.8535457,g5.hpc.coe,40875,0.5001,0,100.0,2035.0,12288.0,12391171282,13332069425,13963461,15435380,221125,0,0,0,0,0,0,0,0,0,0,0,0,41639313,41684099,41865,41919,54,0,0,0,0,0,0,0,0
1778080965.353643,g5.hpc.coe,40875,0.5001,0,100.0,2035.0,12288.0,12425870750,13366806179,13998344,15470312,221169,0,0,0,0,0,0,0,0,0,0,0,0,34699468,34736754,34883,34932,44,0,0,0,0,0,0,0,0
1778080965.8537378,g5.hpc.coe,40875,0.5001,0,100.0,2035.0,12288.0,12466820127,13407800255,14039461,15511484,221216,0,0,0,0,0,0,0,0,0,0,0,0,40949377,40994076,41117,41172,47,0,0,0,0,0,0,0,0
1778080966.3538475,g5.hpc.coe,40875,0.5001,0,100.0,2035.0,12288.0,12502209740,13443227011,14075095,15547160,221426,0,0,0,0,0,0,0,0,0,0,0,0,35389613,35426756,35634,35676,210,0,0,0,0,0,0,0,0
1778080966.8539462,g5.hpc.coe,40875,0.5001,0,100.0,2035.0,12288.0,12536909413,13477963758,14109987,15582091,221580,0,0,0,0,0,0,0,0,0,0,0,0,34699673,34736747,34892,34931,154,0,0,0,0,0,0,0,0
1778080967.3540387,g5.hpc.coe,40875,0.5001,0,100.0,2035.0,12288.0,12577858953,13518957743,14151107,15623250,221624,0,0,0,0,0,0,0,0,0,0,0,0,40949540,40993985,41120,41159,44,0,0,0,0,0,0,0,0
1778080967.854136,g5.hpc.coe,40875,0.5001,0,100.0,2035.0,12288.0,12613248792,13554384533,14186744,15658924,221661,0,0,0,0,0,0,0,0,0,0,0,0,35389839,35426790,35637,35674,37,0,0,0,0,0,0,0,0
1778080968.354232,g5.hpc.coe,40875,0.5001,0,100.0,2035.0,12288.0,12654198627,13595378836,14227861,15700097,221709,0,0,0,0,0,0,0,0,0,0,0,0,40949835,40994303,41117,41173,48,0,0,0,0,0,0,0,0
1778080968.854328,g5.hpc.coe,40875,0.5001,0,100.0,2035.0,12288.0,12689588526,13630805564,14263500,15735769,222606,0,0,0,0,0,0,0,0,0,0,0,0,35389899,35426728,35639,35672,897,0,0,0,0,0,0,0,0
1778080969.3544376,g5.hpc.coe,40875,0.5001,0,100.0,2035.0,12288.0,12724288436,13665542291,14298390,15770695,222648,0,0,0,0,0,0,0,0,0,0,0,0,34699910,34736727,34890,34926,42,0,0,0,0,0,0,0,0
1778080969.854535,g5.hpc.coe,40875,0.5001,0,100.0,2035.0,12288.0,12765238234,13706536361,14339511,15811864,222837,0,0,0,0,0,0,0,0,0,0,0,0,40949798,40994070,41121,41169,189,0,0,0,0,0,0,0,0
1778080970.3546326,g5.hpc.coe,40875,0.5001,0,100.0,2035.0,12288.0,12800628240,13741963125,14375145,15847539,222891,0,0,0,0,0,0,0,0,0,0,0,0,35390006,35426764,35634,35675,54,0,0,0,0,0,0,0,0
1778080970.854727,g5.hpc.coe,40875,0.5001,0,100.0,2035.0,12288.0,12841578195,13782957188,14416275,15888707,222931,0,0,0,0,0,0,0,0,0,0,0,0,40949955,40994063,41130,41168,40,0,0,0,0,0,0,0,0
1778080971.354823,g5.hpc.coe,40875,0.5001,0,100.0,2035.0,12288.0,12876968309,13818383938,14451911,15924380,230244,0,0,0,0,0,0,0,0,0,0,0,0,35390114,35426750,35636,35673,7313,0,0,0,0,0,0,0,0
1778080971.8549154,g5.hpc.coe,40875,0.5001,0,100.0,2035.0,12288.0,12911669069,13853121105,14486819,15959313,230293,0,0,0,0,0,0,0,0,0,0,0,0,34700760,34737167,34908,34933,49,0,0,0,0,0,0,0,0
1778080972.3550086,g5.hpc.coe,40875,0.5001,0,100.0,2035.0,12288.0,12952619153,13894115196,14527945,16000485,230549,0,0,0,0,0,0,0,0,0,0,0,0,40950084,40994091,41126,41172,256,0,0,0,0,0,0,0,0
1778080972.855101,g5.hpc.coe,40875,0.5001,0,100.0,2035.0,12288.0,12988009487,13929542071,14563583,16036169,230591,0,0,0,0,0,0,0,0,0,0,0,0,35390334,35426875,35638,35684,42,0,0,0,0,0,0,0,0
1778080973.3551958,g5.hpc.coe,40875,0.5001,0,100.0,2035.0,12288.0,13028959602,13970536155,14604702,16077340,231323,0,0,0,0,0,0,0,0,0,0,0,0,40950115,40994084,41119,41171,732,0,0,0,0,0,0,0,0
1778080973.8552897,g5.hpc.coe,40875,0.5001,0,100.0,2035.0,12288.0,13064349974,14005962898,14640341,16113012,231376,0,0,0,0,0,0,0,0,0,0,0,0,35390372,35426743,35639,35672,53,0,0,0,0,0,0,0,0
1778080974.3553858,g5.hpc.coe,40875,0.5001,0,100.0,2035.0,12288.0,13099050385,14040699667,14675233,16147944,231415,0,0,0,0,0,0,0,0,0,0,0,0,34700411,34736769,34892,34932,39,0,0,0,0,0,0,0,0
1778080974.855482,g5.hpc.coe,40875,0.5001,0,100.0,2035.0,12288.0,13140000706,14081693737,14716359,16189113,232216,0,0,0,0,0,0,0,0,0,0,0,0,40950321,40994070,41126,41169,801,0,0,0,0,0,0,0,0
1778080975.3555725,g5.hpc.coe,40875,0.5001,0,100.0,2035.0,12288.0,13175390146,14117120458,14751993,16224784,233740,0,0,0,0,0,0,0,0,0,0,0,0,35389440,35426721,35634,35671,1524,0,0,0,0,0,0,0,0
1778080975.855666,g5.hpc.coe,40875,0.5001,0,100.0,2035.0,12288.0,13216339480,14158114464,14793115,16265946,233786,0,0,0,0,0,0,0,0,0,0,0,0,40949334,40994006,41122,41162,46,0,0,0,0,0,0,0,0
1778080976.3557618,g5.hpc.coe,40875,0.5001,0,100.0,2035.0,12288.0,13251729050,14193541220,14828754,16301622,234606,0,0,0,0,0,0,0,0,0,0,0,0,35389570,35426756,35639,35676,820,0,0,0,0,0,0,0,0
1778080976.855856,g5.hpc.coe,40875,0.5001,0,100.0,2035.0,12288.0,13286428637,14228277960,14863645,16336552,235315,0,0,0,0,0,0,0,0,0,0,0,0,34699587,34736740,34891,34930,709,0,0,0,0,0,0,0,0
1778080977.3559494,g5.hpc.coe,40875,0.5001,0,100.0,2035.0,12288.0,13327378119,14269271910,14904768,16377706,236591,0,0,0,0,0,0,0,0,0,0,0,0,40949482,40993950,41123,41154,1276,0,0,0,0,0,0,0,0
1778080977.8560476,g5.hpc.coe,40875,0.5001,0,100.0,2035.0,12288.0,13362767823,14304698679,14940399,16413377,236787,0,0,0,0,0,0,0,0,0,0,0,0,35389704,35426769,35631,35671,196,0,0,0,0,0,0,0,0
1778080978.356137,g5.hpc.coe,40875,0.5001,0,100.0,2035.0,12288.0,13403717479,14345692727,14981531,16454545,236936,0,0,0,0,0,0,0,0,0,0,0,0,40949656,40994048,41132,41168,149,0,0,0,0,0,0,0,0
1778080978.8562331,g5.hpc.coe,40875,0.5001,0,100.0,2035.0,12288.0,13439107237,14381119490,15017163,16490222,237046,0,0,0,0,0,0,0,0,0,0,0,0,35389758,35426763,35632,35677,110,0,0,0,0,0,0,0,0
1778080979.3563268,g5.hpc.coe,40875,0.5001,0,100.0,2035.0,12288.0,13475612996,14418493479,15054345,16528088,237087,0,0,0,0,0,0,0,0,0,0,0,0,36505759,37373989,37182,37866,41,0,0,0,0,0,0,0,0
1778080979.8564215,g5.hpc.coe,40875,0.5001,0,100.0,2035.0,12288.0,13515446506,14457540323,15093917,16567068,238471,0,0,0,0,0,0,0,0,0,0,0,0,39833510,39046844,39572,38980,1384,0,0,0,0,0,0,0,0
1778080980.3565152,g5.hpc.coe,40875,0.5001,0,100.0,2035.0,12288.0,13550146725,14492277036,15128811,16601992,238764,0,0,0,0,0,0,0,0,0,0,0,0,34700219,34736713,34894,34924,293,0,0,0,0,0,0,0,0
1778080980.856613,g5.hpc.coe,40875,0.5001,0,100.0,2035.0,12288.0,13591096555,14533271050,15169934,16643153,238945,0,0,0,0,0,0,0,0,0,0,0,0,40949830,40994014,41123,41161,181,0,0,0,0,0,0,0,0
1778080981.3567097,g5.hpc.coe,40875,0.5001,0,100.0,2035.0,12288.0,13626486628,14568697821,15205575,16678829,239311,0,0,0,0,0,0,0,0,0,0,0,0,35390073,35426771,35641,35676,366,0,0,0,0,0,0,0,0
1778080981.8568048,g5.hpc.coe,40875,0.5001,0,100.0,2035.0,12288.0,13664908814,14607268095,15244625,16718012,239364,0,0,0,0,0,0,0,0,0,0,0,0,38422186,38570274,39050,39183,53,0,0,0,0,0,0,0,0
1778080982.3569002,g5.hpc.coe,40875,0.5001,0,100.0,2035.0,12288.0,13702826588,14645118606,15282320,16755666,239819,0,0,0,0,0,0,0,0,0,0,0,0,37917774,37850511,37695,37654,455,0,0,0,0,0,0,0,0
1778080982.8569949,g5.hpc.coe,40875,0.5001,0,100.0,2035.0,12288.0,13737526759,14679855396,15317211,16790601,239851,0,0,0,0,0,0,0,0,0,0,0,0,34700171,34736790,34891,34935,32,0,0,0,0,0,0,0,0
1778080983.3570888,g5.hpc.coe,40875,0.5001,0,100.0,2035.0,12288.0,13778476924,14720849493,15358339,16831767,241423,0,0,0,0,0,0,0,0,0,0,0,0,40950165,40994097,41128,41166,1572,0,0,0,0,0,0,0,0
1778080983.8571825,g5.hpc.coe,40875,0.5001,0,100.0,2035.0,12288.0,13813867185,14756276194,15393973,16867433,241474,0,0,0,0,0,0,0,0,0,0,0,0,35390261,35426701,35634,35666,51,0,0,0,0,0,0,0,0
1778080984.3572752,g5.hpc.coe,40875,0.5001,0,100.0,2035.0,12288.0,13854817175,14797262682,15435093,16908599,241866,0,0,0,0,0,0,0,0,0,0,0,0,40949990,40986488,41120,41166,392,0,0,0,0,0,0,0,0
1778080984.8573706,g5.hpc.coe,40875,0.5001,0,100.0,2035.0,12288.0,13890207668,14832697042,15470725,16944279,242310,0,0,0,0,0,0,0,0,0,0,0,0,35390493,35434360,35632,35680,444,0,0,0,0,0,0,0,0
1778080985.3574665,g5.hpc.coe,40875,0.5001,0,100.0,2035.0,12288.0,13924908141,14867433804,15505623,16979210,242348,0,0,0,0,0,0,0,0,0,0,0,0,34700473,34736762,34898,34931,38,0,0,0,0,0,0,0,0
1778080985.8575664,g5.hpc.coe,40875,0.5001,0,100.0,2035.0,12288.0,13965858460,14908427853,15546746,17020376,242626,0,0,0,0,0,0,0,0,0,0,0,0,40950319,40994049,41123,41166,278,0,0,0,0,0,0,0,0
1778080986.3576598,g5.hpc.coe,40875,0.5001,0,100.0,2035.0,12288.0,14001247919,14943854623,15582380,17056054,243545,0,0,0,0,0,0,0,0,0,0,0,0,35389459,35426770,35634,35678,919,0,0,0,0,0,0,0,0
1778080986.8577514,g5.hpc.coe,40875,0.5001,0,100.0,2035.0,12288.0,14042197872,14984849055,15623518,17097221,243582,0,0,0,0,0,0,0,0,0,0,0,0,40949953,40994432,41138,41167,37,0,0,0,0,0,0,0,0
1778080987.3578439,g5.hpc.coe,40875,0.5001,0,100.0,2035.0,12288.0,14077587469,15020275741,15659156,17132887,245551,0,0,0,0,0,0,0,0,0,0,0,0,35389597,35426686,35638,35666,1969,0,0,0,0,0,0,0,0
1778080987.8579428,g5.hpc.coe,40875,0.5001,0,100.0,2035.0,12288.0,14112287083,15055012460,15694048,17167814,245594,0,0,0,0,0,0,0,0,0,0,0,0,34699614,34736719,34892,34927,43,0,0,0,0,0,0,0,0
1778080988.3580396,g5.hpc.coe,40875,0.5001,0,100.0,2035.0,12288.0,14153236592,15096006577,15735163,17208985,246256,0,0,0,0,0,0,0,0,0,0,0,0,40949509,40994117,41115,41171,662,0,0,0,0,0,0,0,0
1778080988.8581398,g5.hpc.coe,40875,0.5001,0,100.0,2035.0,12288.0,14188626261,15131433340,15770793,17244662,246297,0,0,0,0,0,0,0,0,0,0,0,0,35389669,35426763,35630,35677,41,0,0,0,0,0,0,0,0
1778080989.3582313,g5.hpc.coe,40875,0.5001,0,100.0,2035.0,12288.0,14229575865,15172427430,15811917,17285836,246354,0,0,0,0,0,0,0,0,0,0,0,0,40949604,40994090,41124,41174,57,0,0,0,0,0,0,0,0
1778080989.8583264,g5.hpc.coe,40875,0.5001,0,100.0,2035.0,12288.0,14264965677,15207854102,15847554,17321500,247174,0,0,0,0,0,0,0,0,0,0,0,0,35389812,35426672,35637,35664,820,0,0,0,0,0,0,0,0
1778080990.3584218,g5.hpc.coe,40875,0.5001,0,100.0,2035.0,12288.0,14299665500,15242590814,15882442,17356426,247725,0,0,0,0,0,0,0,0,0,0,0,0,34699823,34736712,34888,34926,551,0,0,0,0,0,0,0,0
1778080990.8585155,g5.hpc.coe,40875,0.5001,0,100.0,2035.0,12288.0,14340615261,15283584898,15923566,17397597,247771,0,0,0,0,0,0,0,0,0,0,0,0,40949761,40994084,41124,41171,46,0,0,0,0,0,0,0,0
1778080991.358607,g5.hpc.coe,40875,0.5001,0,100.0,2035.0,12288.0,14376005209,15319011606,15959200,17433264,247815,0,0,0,0,0,0,0,0,0,0,0,0,35389948,35426708,35634,35667,44,0,0,0,0,0,0,0,0
1778080991.858703,g5.hpc.coe,40875,0.5001,0,100.0,2035.0,12288.0,14416955001,15360005627,16000315,17474426,250188,0,0,0,0,0,0,0,0,0,0,0,0,40949792,40994021,41115,41162,2373,0,0,0,0,0,0,0,0
1778080992.358795,g5.hpc.coe,40875,0.5001,0,100.0,2035.0,12288.0,14452345058,15395432377,16035951,17510099,251726,0,0,0,0,0,0,0,0,0,0,0,0,35390057,35426750,35636,35673,1538,0,0,0,0,0,0,0,0
1778080992.8588862,g5.hpc.coe,40875,0.5001,0,100.0,2035.0,12288.0,14487045230,15430169167,16070853,17545034,251769,0,0,0,0,0,0,0,0,0,0,0,0,34700172,34736790,34902,34935,43,0,0,0,0,0,0,0,0
1778080993.3589828,g5.hpc.coe,40875,0.5001,0,100.0,2035.0,12288.0,14527995312,15471163334,16111980,17586210,251811,0,0,0,0,0,0,0,0,0,0,0,0,40950082,40994167,41127,41176,42,0,0,0,0,0,0,0,0
1778080993.85908,g5.hpc.coe,40875,0.5001,0,100.0,2035.0,12288.0,14563385525,15506590084,16147618,17621883,252221,0,0,0,0,0,0,0,0,0,0,0,0,35390213,35426750,35638,35673,410,0,0,0,0,0,0,0,0
1778080994.3591719,g5.hpc.coe,40875,0.5001,0,100.0,2035.0,12288.0,14604335603,15547584140,16188740,17663050,252262,0,0,0,0,0,0,0,0,0,0,0,0,40950078,40994056,41122,41167,41,0,0,0,0,0,0,0,0
1778080994.8592682,g5.hpc.coe,40875,0.5001,0,100.0,2035.0,12288.0,14639725910,15583010960,16224378,17698733,253841,0,0,0,0,0,0,0,0,0,0,0,0,35390307,35426820,35638,35683,1579,0,0,0,0,0,0,0,0
1778080995.3593583,g5.hpc.coe,40875,0.5001,0,100.0,2035.0,12288.0,14674426256,15617747701,16259271,17733661,253888,0,0,0,0,0,0,0,0,0,0,0,0,34700346,34736741,34893,34928,47,0,0,0,0,0,0,0,0
1778080995.8594623,g5.hpc.coe,40875,0.5001,0,100.0,2035.0,12288.0,14715376605,15658741787,16300400,17774823,254088,0,0,0,0,0,0,0,0,0,0,0,0,40950349,40994086,41129,41162,200,0,0,0,0,0,0,0,0
1778080996.35956,g5.hpc.coe,40875,0.5001,0,100.0,2035.0,12288.0,14750767021,15694168544,16336031,17810497,254133,0,0,0,0,0,0,0,0,0,0,0,0,35390416,35426757,35631,35674,45,0,0,0,0,0,0,0,0
1778080996.859651,g5.hpc.coe,40875,0.5001,0,100.0,2035.0,12288.0,14791717371,15735162670,16377156,17851674,254189,0,0,0,0,0,0,0,0,0,0,0,0,40950350,40994126,41125,41177,56,0,0,0,0,0,0,0,0
1778080997.35975,g5.hpc.coe,40875,0.5001,0,100.0,2035.0,12288.0,14827106854,15770589398,16412791,17887346,255463,0,0,0,0,0,0,0,0,0,0,0,0,35389483,35426728,35635,35672,1274,0,0,0,0,0,0,0,0
1778080997.8598511,g5.hpc.coe,40875,0.5001,0,100.0,2035.0,12288.0,14861806355,15805326117,16447678,17922273,255496,0,0,0,0,0,0,0,0,0,0,0,0,34699501,34736719,34887,34927,33,0,0,0,0,0,0,0,0
1778080998.3599448,g5.hpc.coe,40875,0.5001,0,100.0,2035.0,12288.0,14902755842,15846320213,16488801,17963441,255746,0,0,0,0,0,0,0,0,0,0,0,0,40949487,40994096,41123,41168,250,0,0,0,0,0,0,0,0
1778080998.8600385,g5.hpc.coe,40875,0.5001,0,100.0,2035.0,12288.0,14938145509,15881746962,16524442,17999116,255790,0,0,0,0,0,0,0,0,0,0,0,0,35389667,35426749,35641,35675,44,0,0,0,0,0,0,0,0
1778080999.3601305,g5.hpc.coe,40875,0.5001,0,100.0,2035.0,12288.0,14979094958,15922740975,16565555,18040279,255952,0,0,0,0,0,0,0,0,0,0,0,0,40949449,40994013,41113,41163,162,0,0,0,0,0,0,0,0
1778080999.8602254,g5.hpc.coe,40875,0.5001,0,100.0,2035.0,12288.0,15014484720,15958167759,16601196,18075959,256016,0,0,0,0,0,0,0,0,0,0,0,0,35389762,35426784,35641,35680,64,0,0,0,0,0,0,0,0
1778081000.360319,g5.hpc.coe,40875,0.5001,0,100.0,2035.0,12288.0,15049474967,15993624584,16636887,18111988,256058,0,0,0,0,0,0,0,0,0,0,0,0,34990247,35456825,35691,36029,42,0,0,0,0,0,0,0,0
1778081000.8604147,g5.hpc.coe,40875,0.5001,0,100.0,2035.0,12288.0,15090824182,16034588528,16677959,18152798,257730,0,0,0,0,0,0,0,0,0,0,0,0,41349215,40963944,41072,40810,1672,0,0,0,0,0,0,0,0
1778081001.3605146,g5.hpc.coe,40875,0.5001,0,100.0,2035.0,12288.0,15125524001,16069325339,16712842,18187736,259072,0,0,0,0,0,0,0,0,0,0,0,0,34699819,34736811,34883,34938,1342,0,0,0,0,0,0,0,0
1778081001.8606095,g5.hpc.coe,40875,0.5001,0,100.0,2035.0,12288.0,15166474367,16110319870,16753976,18228915,260196,0,0,0,0,0,0,0,0,0,0,0,0,40950366,40994531,41134,41179,1124,0,0,0,0,0,0,0,0
1778081002.3607047,g5.hpc.coe,40875,0.5001,0,100.0,2035.0,12288.0,15201864354,16145746620,16789613,18264588,260234,0,0,0,0,0,0,0,0,0,0,0,0,35389987,35426750,35637,35673,38,0,0,0,0,0,0,0,0
1778081002.8608007,g5.hpc.coe,40875,0.5001,0,100.0,2035.0,12288.0,15238507360,16182937616,16826944,18302566,260279,0,0,0,0,0,0,0,0,0,0,0,0,36643006,37190996,37331,37978,45,0,0,0,0,0,0,0,0
1778081003.3608944,g5.hpc.coe,40875,0.5001,0,100.0,2035.0,12288.0,15278204266,16222167405,16866368,18341425,260783,0,0,0,0,0,0,0,0,0,0,0,0,39696906,39229789,39424,38859,504,0,0,0,0,0,0,0,0
1778081003.8609865,g5.hpc.coe,40875,0.5001,0,100.0,2035.0,12288.0,15312904449,16256904173,16901260,18376350,261301,0,0,0,0,0,0,0,0,0,0,0,0,34700183,34736768,34892,34925,518,0,0,0,0,0,0,0,0
1778081004.3610818,g5.hpc.coe,40875,0.5001,0,100.0,2035.0,12288.0,15353854464,16297898215,16942384,18417515,261390,0,0,0,0,0,0,0,0,0,0,0,0,40950015,40994042,41124,41165,89,0,0,0,0,0,0,0,0
1778081004.8611772,g5.hpc.coe,40875,0.5001,0,100.0,2035.0,12288.0,15389244736,16333324993,16978028,18453192,262024,0,0,0,0,0,0,0,0,0,0,0,0,35390272,35426778,35644,35677,634,0,0,0,0,0,0,0,0
1778081005.3612719,g5.hpc.coe,40875,0.5001,0,100.0,2035.0,12288.0,15428594032,16373185617,17018031,18493539,262166,0,0,0,0,0,0,0,0,0,0,0,0,39349296,39860624,40003,40347,142,0,0,0,0,0,0,0,0
1778081005.8613682,g5.hpc.coe,40875,0.5001,0,100.0,2035.0,12288.0,15465585143,16409745841,17054786,18530038,262951,0,0,0,0,0,0,0,0,0,0,0,0,36991111,36560224,36755,36499,785,0,0,0,0,0,0,0,0
1778081006.3614726,g5.hpc.coe,40875,0.5001,0,100.0,2035.0,12288.0,15500285465,16444482561,17089673,18564963,262994,0,0,0,0,0,0,0,0,0,0,0,0,34700322,34736720,34887,34925,43,0,0,0,0,0,0,0,0
1778081006.8615675,g5.hpc.coe,40875,0.5001,0,100.0,2035.0,12288.0,15541235802,16485476596,17130807,18606127,263936,0,0,0,0,0,0,0,0,0,0,0,0,40950337,40994035,41134,41164,942,0,0,0,0,0,0,0,0
1778081007.3616588,g5.hpc.coe,40875,0.5001,0,100.0,2035.0,12288.0,15576626306,16520903395,17166448,18641807,267120,0,0,0,0,0,0,0,0,0,0,0,0,35390504,35426799,35641,35680,3184,0,0,0,0,0,0,0,0
1778081007.8617532,g5.hpc.coe,40875,0.5001,0,100.0,2035.0,12288.0,15617575572,16561897478,17207566,18682980,267220,0,0,0,0,0,0,0,0,0,0,0,0,40949266,40994083,41118,41173,100,0,0,0,0,0,0,0,0
1778081008.361848,g5.hpc.coe,40875,0.5001,0,100.0,2035.0,12288.0,15652965054,16597324269,17243198,18718661,268356,0,0,0,0,0,0,0,0,0,0,0,0,35389482,35426791,35632,35681,1136,0,0,0,0,0,0,0,0
1778081008.8619454,g5.hpc.coe,40875,0.5001,0,100.0,2035.0,12288.0,15687664665,16632060959,17278089,18753577,268418,0,0,0,0,0,0,0,0,0,0,0,0,34699611,34736690,34891,34916,62,0,0,0,0,0,0,0,0
1778081009.3620422,g5.hpc.coe,40875,0.5001,0,100.0,2035.0,12288.0,15728614032,16673054951,17319201,18794737,268823,0,0,0,0,0,0,0,0,0,0,0,0,40949367,40993992,41112,41160,405,0,0,0,0,0,0,0,0
1778081009.8621376,g5.hpc.coe,40875,0.5001,0,100.0,2035.0,12288.0,15764003684,16708481658,17354837,18830406,268860,0,0,0,0,0,0,0,0,0,0,0,0,35389652,35426707,35636,35669,37,0,0,0,0,0,0,0,0
1778081010.3622339,g5.hpc.coe,40875,0.5001,0,100.0,2035.0,12288.0,15804953222,16749475706,17395960,18871574,268900,0,0,0,0,0,0,0,0,0,0,0,0,40949538,40994048,41123,41168,40,0,0,0,0,0,0,0,0
1778081010.8623312,g5.hpc.coe,40875,0.5001,0,100.0,2035.0,12288.0,15840342983,16784902462,17431598,18907250,270214,0,0,0,0,0,0,0,0,0,0,0,0,35389761,35426756,35638,35676,1314,0,0,0,0,0,0,0,0
1778081011.3624256,g5.hpc.coe,40875,0.5001,0,100.0,2035.0,12288.0,15875042754,16819639153,17466487,18942173,270374,0,0,0,0,0,0,0,0,0,0,0,0,34699771,34736691,34889,34923,160,0,0,0,0,0,0,0,0
1778081011.8625216,g5.hpc.coe,40875,0.5001,0,100.0,2035.0,12288.0,15915992477,16860633201,17507616,18983341,270434,0,0,0,0,0,0,0,0,0,0,0,0,40949723,40994048,41129,41168,60,0,0,0,0,0,0,0,0
1778081012.3626158,g5.hpc.coe,40875,0.5001,0,100.0,2035.0,12288.0,15951382423,16896059972,17543258,19019017,270700,0,0,0,0,0,0,0,0,0,0,0,0,35389946,35426771,35642,35676,266,0,0,0,0,0,0,0,0
1778081012.8627133,g5.hpc.coe,40875,0.5001,0,100.0,2035.0,12288.0,15992332179,16937054014,17584376,19060182,270749,0,0,0,0,0,0,0,0,0,0,0,0,40949756,40994042,41118,41165,49,0,0,0,0,0,0,0,0
1778081013.3628054,g5.hpc.coe,40875,0.5001,0,100.0,2035.0,12288.0,16027722150,16972480757,17620008,19095854,271414,0,0,0,0,0,0,0,0,0,0,0,0,35389971,35426743,35632,35672,665,0,0,0,0,0,0,0,0
1778081013.8628983,g5.hpc.coe,40875,0.5001,0,100.0,2035.0,12288.0,16062422292,17007217567,17654905,19130785,271660,0,0,0,0,0,0,0,0,0,0,0,0,34700142,34736810,34897,34931,246,0,0,0,0,0,0,0,0
1778081014.3629954,g5.hpc.coe,40875,0.5001,0,100.0,2035.0,12288.0,16103372211,17048211581,17696026,19171946,272708,0,0,0,0,0,0,0,0,0,0,0,0,40949919,40994014,41121,41161,1048,0,0,0,0,0,0,0,0
1778081014.863087,g5.hpc.coe,40875,0.5001,0,100.0,2035.0,12288.0,16138762395,17083638394,17731668,19207628,272750,0,0,0,0,0,0,0,0,0,0,0,0,35390184,35426813,35642,35682,42,0,0,0,0,0,0,0,0
1778081015.363181,g5.hpc.coe,40875,0.5001,0,100.0,2035.0,12288.0,16179712444,17124632499,17772794,19248802,272875,0,0,0,0,0,0,0,0,0,0,0,0,40950049,40994105,41126,41174,125,0,0,0,0,0,0,0,0
1778081015.863276,g5.hpc.coe,40875,0.5001,0,100.0,2035.0,12288.0,16215102715,17160059319,17808435,19284485,273457,0,0,0,0,0,0,0,0,0,0,0,0,35390271,35426820,35641,35683,582,0,0,0,0,0,0,0,0
1778081016.3633687,g5.hpc.coe,40875,0.5001,0,100.0,2035.0,12288.0,16249803045,17194796053,17843334,19319412,278593,0,0,0,0,0,0,0,0,0,0,0,0,34700330,34736734,34899,34927,5136,0,0,0,0,0,0,0,0
1778081016.8634605,g5.hpc.coe,40875,0.5001,0,100.0,2035.0,12288.0,16290753789,17235790549,17884465,19360586,279451,0,0,0,0,0,0,0,0,0,0,0,0,40950744,40994496,41131,41174,858,0,0,0,0,0,0,0,0
1778081017.3635612,g5.hpc.coe,40875,0.5001,0,100.0,2035.0,12288.0,16326144217,17271217313,17920106,19396261,279502,0,0,0,0,0,0,0,0,0,0,0,0,35390428,35426764,35641,35675,51,0,0,0,0,0,0,0,0
1778081017.8636606,g5.hpc.coe,40875,0.5001,0,100.0,2035.0,12288.0,16367094490,17312211369,17961228,19437428,280072,0,0,0,0,0,0,0,0,0,0,0,0,40950273,40994056,41122,41167,570,0,0,0,0,0,0,0,0
1778081018.3637533,g5.hpc.coe,40875,0.5001,0,100.0,2035.0,12288.0,16402485069,17347638140,17996877,19473104,280134,0,0,0,0,0,0,0,0,0,0,0,0,35390579,35426771,35649,35676,62,0,0,0,0,0,0,0,0
1778081018.863849,g5.hpc.coe,40875,0.5001,0,100.0,2035.0,12288.0,16437184646,17382374956,18031774,19508038,280167,0,0,0,0,0,0,0,0,0,0,0,0,34699577,34736816,34897,34934,33,0,0,0,0,0,0,0,0
1778081019.3639414,g5.hpc.coe,40875,0.5001,0,100.0,2035.0,12288.0,16478824001,17424058992,18073639,19549948,282306,0,0,0,0,0,0,0,0,0,0,0,0,41639355,41684036,41865,41910,2139,0,0,0,0,0,0,0,0
1778081019.8640351,g5.hpc.coe,40875,0.5001,0,100.0,2035.0,12288.0,16513523561,17458795704,18108529,19584874,282351,0,0,0,0,0,0,0,0,0,0,0,0,34699560,34736712,34890,34926,45,0,0,0,0,0,0,0,0
1778081020.3641262,g5.hpc.coe,40875,0.5001,0,100.0,2035.0,12288.0,16554473016,17499789710,18149651,19626036,282852,0,0,0,0,0,0,0,0,0,0,0,0,40949455,40994006,41122,41162,501,0,0,0,0,0,0,0,0
1778081020.8642209,g5.hpc.coe,40875,0.5001,0,100.0,2035.0,12288.0,16589862687,17535216382,18185287,19661700,283008,0,0,0,0,0,0,0,0,0,0,0,0,35389671,35426672,35636,35664,156,0,0,0,0,0,0,0,0
1778081021.3643105,g5.hpc.coe,40875,0.5001,0,100.0,2035.0,12288.0,16627199676,17573014217,18223235,19700051,283050,0,0,0,0,0,0,0,0,0,0,0,0,37336989,37797835,37948,38351,42,0,0,0,0,0,0,0,0
1778081021.864407,g5.hpc.coe,40875,0.5001,0,100.0,2035.0,12288.0,16666201947,17611637221,18262037,19738549,284786,0,0,0,0,0,0,0,0,0,0,0,0,39002271,38623004,38802,38498,1736,0,0,0,0,0,0,0,0
1778081022.3645017,g5.hpc.coe,40875,0.5001,0,100.0,2035.0,12288.0,16700901695,17646373919,18296920,19773473,284818,0,0,0,0,0,0,0,0,0,0,0,0,34699748,34736698,34883,34924,32,0,0,0,0,0,0,0,0
1778081022.864595,g5.hpc.coe,40875,0.5001,0,100.0,2035.0,12288.0,16741851408,17687367953,18338045,19814639,285083,0,0,0,0,0,0,0,0,0,0,0,0,40949713,40994034,41125,41166,265,0,0,0,0,0,0,0,0
1778081023.3646905,g5.hpc.coe,40875,0.5001,0,100.0,2035.0,12288.0,16777241359,17722794710,18373685,19850313,285161,0,0,0,0,0,0,0,0,0,0,0,0,35389951,35426757,35640,35674,78,0,0,0,0,0,0,0,0
1778081023.8647888,g5.hpc.coe,40875,0.5001,0,100.0,2035.0,12288.0,16818191017,17763781149,18414800,19891457,285242,0,0,0,0,0,0,0,0,0,0,0,0,40949658,40986439,41115,41144,81,0,0,0,0,0,0,0,0
1778081024.3648844,g5.hpc.coe,40875,0.5001,0,100.0,2035.0,12288.0,16853581234,17799215557,18450442,19927152,286879,0,0,0,0,0,0,0,0,0,0,0,0,35390217,35434408,35642,35695,1637,0,0,0,0,0,0,0,0
1778081024.864978,g5.hpc.coe,40875,0.5001,0,100.0,2035.0,12288.0,16888281241,17833952312,18485326,19962082,287116,0,0,0,0,0,0,0,0,0,0,0,0,34700007,34736755,34884,34930,237,0,0,0,0,0,0,0,0
1778081025.3650725,g5.hpc.coe,40875,0.5001,0,100.0,2035.0,12288.0,16929231171,17874946382,18526446,20003251,287410,0,0,0,0,0,0,0,0,0,0,0,0,40949930,40994070,41120,41169,294,0,0,0,0,0,0,0,0
1778081025.8651664,g5.hpc.coe,40875,0.5001,0,100.0,2035.0,12288.0,16964621317,17910373181,18562080,20038931,287463,0,0,0,0,0,0,0,0,0,0,0,0,35390146,35426799,35634,35680,53,0,0,0,0,0,0,0,0
1778081026.3652592,g5.hpc.coe,40875,0.5001,0,100.0,2035.0,12288.0,17005571349,17951367230,18603201,20080097,287574,0,0,0,0,0,0,0,0,0,0,0,0,40950032,40994049,41121,41166,111,0,0,0,0,0,0,0,0
1778081026.8653536,g5.hpc.coe,40875,0.5001,0,100.0,2035.0,12288.0,17040961645,17986794008,18638843,20115774,290556,0,0,0,0,0,0,0,0,0,0,0,0,35390296,35426778,35642,35677,2982,0,0,0,0,0,0,0,0
1778081027.3654492,g5.hpc.coe,40875,0.5001,0,100.0,2035.0,12288.0,17075661938,18021530770,18673734,20150705,293651,0,0,0,0,0,0,0,0,0,0,0,0,34700293,34736762,34891,34931,3095,0,0,0,0,0,0,0,0
1778081027.865543,g5.hpc.coe,40875,0.5001,0,100.0,2035.0,12288.0,17116612120,18062524819,18714856,20191871,294230,0,0,0,0,0,0,0,0,0,0,0,0,40950182,40994049,41122,41166,579,0,0,0,0,0,0,0,0
1778081028.365637,g5.hpc.coe,40875,0.5001,0,100.0,2035.0,12288.0,17152002789,18097951859,18750497,20227554,294596,0,0,0,0,0,0,0,0,0,0,0,0,35390669,35427040,35641,35683,366,0,0,0,0,0,0,0,0
1778081028.8657334,g5.hpc.coe,40875,0.5001,0,100.0,2035.0,12288.0,17192953130,18138945915,18791624,20268721,295020,0,0,0,0,0,0,0,0,0,0,0,0,40950341,40994056,41127,41167,424,0,0,0,0,0,0,0,0
1778081029.3658302,g5.hpc.coe,40875,0.5001,0,100.0,2035.0,12288.0,17228342674,18174372677,18827264,20304391,295077,0,0,0,0,0,0,0,0,0,0,0,0,35389544,35426762,35640,35670,57,0,0,0,0,0,0,0,0
1778081029.8659256,g5.hpc.coe,40875,0.5001,0,100.0,2035.0,12288.0,17263042123,18209109389,18862149,20339317,295387,0,0,0,0,0,0,0,0,0,0,0,0,34699449,34736712,34885,34926,310,0,0,0,0,0,0,0,0
1778081030.3660204,g5.hpc.coe,40875,0.5001,0,100.0,2035.0,12288.0,17303991510,18250103388,18903272,20380478,297168,0,0,0,0,0,0,0,0,0,0,0,0,40949387,40993999,41123,41161,1781,0,0,0,0,0,0,0,0
1778081030.866119,g5.hpc.coe,40875,0.5001,0,100.0,2035.0,12288.0,17339381112,18285530116,18938909,20416150,297204,0,0,0,0,0,0,0,0,0,0,0,0,35389602,35426728,35637,35672,36,0,0,0,0,0,0,0,0
1778081031.3662121,g5.hpc.coe,40875,0.5001,0,100.0,2035.0,12288.0,17380330551,18326524164,18980026,20457318,298616,0,0,0,0,0,0,0,0,0,0,0,0,40949439,40994048,41117,41168,1412,0,0,0,0,0,0,0,0
1778081031.8663068,g5.hpc.coe,40875,0.5001,0,100.0,2035.0,12288.0,17415720808,18361951332,19015669,20492997,299452,0,0,0,0,0,0,0,0,0,0,0,0,35390257,35427168,35643,35679,836,0,0,0,0,0,0,0,0
1778081032.3664057,g5.hpc.coe,40875,0.5001,0,100.0,2035.0,12288.0,17450420565,18396688051,19050564,20527924,299506,0,0,0,0,0,0,0,0,0,0,0,0,34699757,34736719,34895,34927,54,0,0,0,0,0,0,0,0
1778081032.8665009,g5.hpc.coe,40875,0.5001,0,100.0,2035.0,12288.0,17491370196,18437682085,19091688,20569090,300086,0,0,0,0,0,0,0,0,0,0,0,0,40949631,40994034,41124,41166,580,0,0,0,0,0,0,0,0
1778081033.366595,g5.hpc.coe,40875,0.5001,0,100.0,2035.0,12288.0,17526760000,18473108820,19127320,20604763,300798,0,0,0,0,0,0,0,0,0,0,0,0,35389804,35426735,35632,35673,712,0,0,0,0,0,0,0,0
1778081033.8666897,g5.hpc.coe,40875,0.5001,0,100.0,2035.0,12288.0,17567709671,18514102806,19168434,20645920,300847,0,0,0,0,0,0,0,0,0,0,0,0,40949671,40993986,41114,41157,49,0,0,0,0,0,0,0,0
1778081034.3667848,g5.hpc.coe,40875,0.5001,0,100.0,2035.0,12288.0,17603099676,18549529744,19204070,20681613,301338,0,0,0,0,0,0,0,0,0,0,0,0,35390005,35426938,35636,35693,491,0,0,0,0,0,0,0,0
1778081034.8668833,g5.hpc.coe,40875,0.5001,0,100.0,2035.0,12288.0,17637799684,18584266499,19238965,20716543,301377,0,0,0,0,0,0,0,0,0,0,0,0,34700008,34736755,34895,34930,39,0,0,0,0,0,0,0,0
1778081035.3669772,g5.hpc.coe,40875,0.5001,0,100.0,2035.0,12288.0,17678749546,18625260548,19280172,20757882,301510,0,0,0,0,0,0,0,0,0,0,0,0,40949862,40994049,41207,41339,133,0,0,0,0,0,0,0,0
1778081035.8670762,g5.hpc.coe,40875,0.5001,0,100.0,2035.0,12288.0,17714139672,18660687298,19315728,20793382,301780,0,0,0,0,0,0,0,0,0,0,0,0,35390126,35426750,35556,35500,270,0,0,0,0,0,0,0,0
1778081036.3671699,g5.hpc.coe,40875,0.5001,0,100.0,2035.0,12288.0,17755089615,18701681368,19356847,20834551,303058,0,0,0,0,0,0,0,0,0,0,0,0,40949943,40994070,41119,41169,1278,0,0,0,0,0,0,0,0
1778081036.867263,g5.hpc.coe,40875,0.5001,0,100.0,2035.0,12288.0,17796729565,18743365461,19398704,20876467,304462,0,0,0,0,0,0,0,0,0,0,0,0,41639950,41684093,41857,41916,1404,0,0,0,0,0,0,0,0
1778081037.3673558,g5.hpc.coe,40875,0.5001,0,100.0,2035.0,12288.0,17825798081,18773070700,19428537,20906751,304497,0,0,0,0,0,0,0,0,0,0,0,0,29068516,29705239,29833,30284,35,0,0,0,0,0,0,0,0
1778081037.8674498,g5.hpc.coe,40875,0.5001,0,100.0,2035.0,12288.0,17866130139,18812838971,19468499,20946327,306217,0,0,0,0,0,0,0,0,0,0,0,0,40332058,39768271,39962,39576,1720,0,0,0,0,0,0,0,0
1778081038.3675458,g5.hpc.coe,40875,0.5001,0,100.0,2035.0,12288.0,17901520447,18848265742,19504133,20982003,306414,0,0,0,0,0,0,0,0,0,0,0,0,35390308,35426771,35634,35676,197,0,0,0,0,0,0,0,0
1778081038.8676386,g5.hpc.coe,40875,0.5001,0,100.0,2035.0,12288.0,17942470725,18889259868,19545266,21023180,306457,0,0,0,0,0,0,0,0,0,0,0,0,40950278,40994126,41133,41177,43,0,0,0,0,0,0,0,0
1778081039.3677287,g5.hpc.coe,40875,0.5001,0,100.0,2035.0,12288.0,17977861199,18924686673,19580899,21058854,306570,0,0,0,0,0,0,0,0,0,0,0,0,35390474,35426805,35633,35674,113,0,0,0,0,0,0,0,0
1778081039.867833,g5.hpc.coe,40875,0.5001,0,100.0,2035.0,12288.0,18016047983,18963480383,19619963,21097953,306602,0,0,0,0,0,0,0,0,0,0,0,0,38186784,38793710,39064,39099,32,0,0,0,0,0,0,0,0
1778081040.3679307,g5.hpc.coe,40875,0.5001,0,100.0,2035.0,12288.0,18054201087,19001107478,19657672,21135696,307420,0,0,0,0,0,0,0,0,0,0,0,0,38153104,37627095,37709,37743,818,0,0,0,0,0,0,0,0
1778081040.868027,g5.hpc.coe,40875,0.5001,0,100.0,2035.0,12288.0,18088900591,19035844274,19692562,21170634,307459,0,0,0,0,0,0,0,0,0,0,0,0,34699504,34736796,34890,34938,39,0,0,0,0,0,0,0,0
1778081041.368124,g5.hpc.coe,40875,0.5001,0,100.0,2035.0,12288.0,18129849976,19076838273,19733682,21211795,307583,0,0,0,0,0,0,0,0,0,0,0,0,40949385,40993999,41120,41161,124,0,0,0,0,0,0,0,0
1778081041.8682172,g5.hpc.coe,40875,0.5001,0,100.0,2035.0,12288.0,18165239611,19112265092,19769321,21247480,307968,0,0,0,0,0,0,0,0,0,0,0,0,35389635,35426819,35639,35685,385,0,0,0,0,0,0,0,0
1778081042.3683126,g5.hpc.coe,40875,0.5001,0,100.0,2035.0,12288.0,18204494507,19152087891,19809202,21287776,308012,0,0,0,0,0,0,0,0,0,0,0,0,39254896,39822799,39881,40296,44,0,0,0,0,0,0,0,0
1778081042.868403,g5.hpc.coe,40875,0.5001,0,100.0,2035.0,12288.0,18241578736,19188685952,19846068,21324332,308223,0,0,0,0,0,0,0,0,0,0,0,0,37084229,36598061,36866,36556,211,0,0,0,0,0,0,0,0
1778081043.3684962,g5.hpc.coe,40875,0.5001,0,100.0,2035.0,12288.0,18276278406,19223422678,19880948,21359260,308262,0,0,0,0,0,0,0,0,0,0,0,0,34699670,34736726,34880,34928,39,0,0,0,0,0,0,0,0
1778081043.8685918,g5.hpc.coe,40875,0.5001,0,100.0,2035.0,12288.0,18317227992,19264416712,19922063,21400426,308363,0,0,0,0,0,0,0,0,0,0,0,0,40949586,40994034,41115,41166,101,0,0,0,0,0,0,0,0
1778081044.3686893,g5.hpc.coe,40875,0.5001,0,100.0,2035.0,12288.0,18352617899,19299843482,19957707,21436104,308404,0,0,0,0,0,0,0,0,0,0,0,0,35389907,35426770,35644,35678,41,0,0,0,0,0,0,0,0
1778081044.8687854,g5.hpc.coe,40875,0.5001,0,100.0,2035.0,12288.0,18393456679,19340830025,19998813,21477256,308449,0,0,0,0,0,0,0,0,0,0,0,0,40838780,40986543,41106,41152,45,0,0,0,0,0,0,0,0
1778081045.3688793,g5.hpc.coe,40875,0.5001,0,100.0,2035.0,12288.0,18428957610,19376264336,20034459,21512944,308799,0,0,0,0,0,0,0,0,0,0,0,0,35500931,35434311,35646,35688,350,0,0,0,0,0,0,0,0
1778081045.868979,g5.hpc.coe,40875,0.5001,0,100.0,2035.0,12288.0,18463657623,19411001091,20069352,21547874,308988,0,0,0,0,0,0,0,0,0,0,0,0,34700013,34736755,34893,34930,189,0,0,0,0,0,0,0,0
1778081046.3690755,g5.hpc.coe,40875,0.5001,0,100.0,2035.0,12288.0,18504607468,19451995147,20110468,21589041,314667,0,0,0,0,0,0,0,0,0,0,0,0,40949845,40994056,41116,41167,5679,0,0,0,0,0,0,0,0
1778081046.869167,g5.hpc.coe,40875,0.5001,0,100.0,2035.0,12288.0,18539998166,19487422393,20146115,21624729,315181,0,0,0,0,0,0,0,0,0,0,0,0,35390698,35427246,35647,35688,514,0,0,0,0,0,0,0,0
1778081047.3692622,g5.hpc.coe,40875,0.5001,0,100.0,2035.0,12288.0,18580948169,19528416505,20187240,21665904,315228,0,0,0,0,0,0,0,0,0,0,0,0,40950003,40994112,41125,41175,47,0,0,0,0,0,0,0,0
1778081047.8693593,g5.hpc.coe,40875,0.5001,0,100.0,2035.0,12288.0,18616338338,19563843234,20222872,21701574,317696,0,0,0,0,0,0,0,0,0,0,0,0,35390169,35426729,35632,35670,2468,0,0,0,0,0,0,0,0
1778081048.3694549,g5.hpc.coe,40875,0.5001,0,100.0,2035.0,12288.0,18651038539,19598580024,20257758,21736509,317741,0,0,0,0,0,0,0,0,0,0,0,0,34700201,34736790,34886,34935,45,0,0,0,0,0,0,0,0
1778081048.8695517,g5.hpc.coe,40875,0.5001,0,100.0,2035.0,12288.0,18691988663,19639574059,20298880,21777673,317795,0,0,0,0,0,0,0,0,0,0,0,0,40950124,40994035,41122,41164,54,0,0,0,0,0,0,0,0
1778081049.369645,g5.hpc.coe,40875,0.5001,0,100.0,2035.0,12288.0,18727379030,19675000830,20334520,21813349,317828,0,0,0,0,0,0,0,0,0,0,0,0,35390367,35426771,35640,35676,33,0,0,0,0,0,0,0,0
1778081049.8697386,g5.hpc.coe,40875,0.5001,0,100.0,2035.0,12288.0,18768329396,19715994927,20375652,21854515,317870,0,0,0,0,0,0,0,0,0,0,0,0,40950366,40994097,41132,41166,42,0,0,0,0,0,0,0,0
1778081050.369832,g5.hpc.coe,40875,0.5001,0,100.0,2035.0,12288.0,18803719852,19751421754,20411289,21890199,318251,0,0,0,0,0,0,0,0,0,0,0,0,35390456,35426827,35637,35684,381,0,0,0,0,0,0,0,0
1778081050.8699257,g5.hpc.coe,40875,0.5001,0,100.0,2035.0,12288.0,18838420332,19786158481,20446179,21925125,318300,0,0,0,0,0,0,0,0,0,0,0,0,34700480,34736727,34890,34926,49,0,0,0,0,0,0,0,0
1778081051.3700182,g5.hpc.coe,40875,0.5001,0,100.0,2035.0,12288.0,18879369625,19827152487,20487297,21966287,318485,0,0,0,0,0,0,0,0,0,0,0,0,40949293,40994006,41118,41162,185,0,0,0,0,0,0,0,0
1778081051.870118,g5.hpc.coe,40875,0.5001,0,100.0,2035.0,12288.0,18914759134,19862579201,20522929,22001957,321042,0,0,0,0,0,0,0,0,0,0,0,0,35389509,35426714,35632,35670,2557,0,0,0,0,0,0,0,0
1778081052.3702137,g5.hpc.coe,40875,0.5001,0,100.0,2035.0,12288.0,18955708557,19903573242,20564052,22043124,321088,0,0,0,0,0,0,0,0,0,0,0,0,40949423,40994041,41123,41167,46,0,0,0,0,0,0,0,0
1778081052.8703105,g5.hpc.coe,40875,0.5001,0,100.0,2035.0,12288.0,18991098160,19939000012,20599684,22078802,322843,0,0,0,0,0,0,0,0,0,0,0,0,35389603,35426770,35632,35678,1755,0,0,0,0,0,0,0,0
1778081053.3704054,g5.hpc.coe,40875,0.5001,0,100.0,2035.0,12288.0,19025797851,19973736773,20634578,22113735,323007,0,0,0,0,0,0,0,0,0,0,0,0,34699691,34736761,34894,34933,164,0,0,0,0,0,0,0,0
1778081053.8705013,g5.hpc.coe,40875,0.5001,0,100.0,2035.0,12288.0,19066747438,20014730807,20675704,22154901,323634,0,0,0,0,0,0,0,0,0,0,0,0,40949587,40994034,41126,41166,627,0,0,0,0,0,0,0,0
1778081054.3705938,g5.hpc.coe,40875,0.5001,0,100.0,2035.0,12288.0,19102137205,20050157605,20711339,22190583,323692,0,0,0,0,0,0,0,0,0,0,0,0,35389767,35426798,35635,35682,58,0,0,0,0,0,0,0,0
1778081054.8707106,g5.hpc.coe,40875,0.5001,0,100.0,2035.0,12288.0,19143086949,20091151694,20752465,22231750,323735,0,0,0,0,0,0,0,0,0,0,0,0,40949744,40994089,41126,41167,43,0,0,0,0,0,0,0,0
1778081055.3708024,g5.hpc.coe,40875,0.5001,0,100.0,2035.0,12288.0,19178476833,20126578423,20788101,22267420,324736,0,0,0,0,0,0,0,0,0,0,0,0,35389884,35426729,35636,35670,1001,0,0,0,0,0,0,0,0
1778081055.8708954,g5.hpc.coe,40875,0.5001,0,100.0,2035.0,12288.0,19213176720,20161551084,20823167,22302940,324778,0,0,0,0,0,0,0,0,0,0,0,0,34699887,34972661,35066,35520,42,0,0,0,0,0,0,0,0
1778081056.3709903,g5.hpc.coe,40875,0.5001,0,100.0,2035.0,12288.0,19254126573,20202309325,20864115,22343530,324829,0,0,0,0,0,0,0,0,0,0,0,0,40949853,40758241,40948,40590,51,0,0,0,0,0,0,0,0
1778081056.8710866,g5.hpc.coe,40875,0.5001,0,100.0,2035.0,12288.0,19289516592,20237736096,20899750,22379206,325094,0,0,0,0,0,0,0,0,0,0,0,0,35390019,35426771,35635,35676,265,0,0,0,0,0,0,0,0
1778081057.3711784,g5.hpc.coe,40875,0.5001,0,100.0,2035.0,12288.0,19330466441,20278730173,20940864,22420376,325259,0,0,0,0,0,0,0,0,0,0,0,0,40949849,40994077,41114,41170,165,0,0,0,0,0,0,0,0
1778081057.871274,g5.hpc.coe,40875,0.5001,0,100.0,2035.0,12288.0,19365856618,20314156937,20976508,22456051,325843,0,0,0,0,0,0,0,0,0,0,0,0,35390177,35426764,35644,35675,584,0,0,0,0,0,0,0,0
1778081058.3713694,g5.hpc.coe,40875,0.5001,0,100.0,2035.0,12288.0,19401111995,20349706038,21012524,22492170,325882,0,0,0,0,0,0,0,0,0,0,0,0,35255377,35549101,36016,36119,39,0,0,0,0,0,0,0,0
1778081058.8714628,g5.hpc.coe,40875,0.5001,0,100.0,2035.0,12288.0,19441506824,20389887790,21052611,22532330,326629,0,0,0,0,0,0,0,0,0,0,0,0,40394829,40181752,40087,40160,747,0,0,0,0,0,0,0,0
1778081059.371553,g5.hpc.coe,40875,0.5001,0,100.0,2035.0,12288.0,19476897059,20425314526,21088153,22567825,326856,0,0,0,0,0,0,0,0,0,0,0,0,35390235,35426736,35542,35495,227,0,0,0,0,0,0,0,0
1778081059.8716464,g5.hpc.coe,40875,0.5001,0,100.0,2035.0,12288.0,19517847299,20466308630,21129280,22608992,326896,0,0,0,0,0,0,0,0,0,0,0,0,40950240,40994104,41127,41167,40,0,0,0,0,0,0,0,0
1778081060.3717425,g5.hpc.coe,40875,0.5001,0,100.0,2035.0,12288.0,19553237656,20501735380,21164916,22644665,327090,0,0,0,0,0,0,0,0,0,0,0,0,35390357,35426750,35636,35673,194,0,0,0,0,0,0,0,0
1778081060.8718386,g5.hpc.coe,40875,0.5001,0,100.0,2035.0,12288.0,19591771514,20540681124,21203981,22684234,327146,0,0,0,0,0,0,0,0,0,0,0,0,38533858,38945744,39065,39569,56,0,0,0,0,0,0,0,0
1778081061.3719306,g5.hpc.coe,40875,0.5001,0,100.0,2035.0,12288.0,19629578361,20578156207,21241672,22721508,330147,0,0,0,0,0,0,0,0,0,0,0,0,37806847,37475083,37691,37274,3001,0,0,0,0,0,0,0,0
1778081061.872022,g5.hpc.coe,40875,0.5001,0,100.0,2035.0,12288.0,19664278422,20612893366,21276576,22756442,330214,0,0,0,0,0,0,0,0,0,0,0,0,34700061,34737159,34904,34934,67,0,0,0,0,0,0,0,0
1778081062.37212,g5.hpc.coe,40875,0.5001,0,100.0,2035.0,12288.0,19705227769,20653887435,21317699,22797613,330509,0,0,0,0,0,0,0,0,0,0,0,0,40949347,40994069,41123,41171,295,0,0,0,0,0,0,0,0
1778081062.8722153,g5.hpc.coe,40875,0.5001,0,100.0,2035.0,12288.0,19740617401,20689314191,21353346,22833289,330555,0,0,0,0,0,0,0,0,0,0,0,0,35389632,35426756,35647,35676,46,0,0,0,0,0,0,0,0
1778081063.3723078,g5.hpc.coe,40875,0.5001,0,100.0,2035.0,12288.0,19780210877,20729517690,21393584,22874034,330592,0,0,0,0,0,0,0,0,0,0,0,0,39593476,40203499,40238,40745,37,0,0,0,0,0,0,0,0
1778081063.872405,g5.hpc.coe,40875,0.5001,0,100.0,2035.0,12288.0,19816956498,20765734960,21430106,22910128,330665,0,0,0,0,0,0,0,0,0,0,0,0,36745621,36217270,36522,36094,73,0,0,0,0,0,0,0,0
1778081064.3724961,g5.hpc.coe,40875,0.5001,0,100.0,2035.0,12288.0,19851656206,20800471700,21465000,22945058,330817,0,0,0,0,0,0,0,0,0,0,0,0,34699708,34736740,34894,34930,152,0,0,0,0,0,0,0,0
1778081064.872592,g5.hpc.coe,40875,0.5001,0,100.0,2035.0,12288.0,19892605733,20841465720,21506115,22986222,332309,0,0,0,0,0,0,0,0,0,0,0,0,40949527,40994020,41115,41164,1492,0,0,0,0,0,0,0,0
1778081065.3726857,g5.hpc.coe,40875,0.5001,0,100.0,2035.0,12288.0,19927995580,20876892476,21541759,23021898,332340,0,0,0,0,0,0,0,0,0,0,0,0,35389847,35426756,35644,35676,31,0,0,0,0,0,0,0,0
1778081065.8727827,g5.hpc.coe,40875,0.5001,0,100.0,2035.0,12288.0,19968945223,20917886517,21582877,23063065,332534,0,0,0,0,0,0,0,0,0,0,0,0,40949643,40994041,41118,41167,194,0,0,0,0,0,0,0,0
1778081066.3728771,g5.hpc.coe,40875,0.5001,0,100.0,2035.0,12288.0,20004335131,20953313330,21618514,23098747,333412,0,0,0,0,0,0,0,0,0,0,0,0,35389908,35426813,35637,35682,878,0,0,0,0,0,0,0,0
1778081066.872974,g5.hpc.coe,40875,0.5001,0,100.0,2035.0,12288.0,20039035036,20988050148,21653400,23133686,333792,0,0,0,0,0,0,0,0,0,0,0,0,34699905,34736818,34886,34939,380,0,0,0,0,0,0,0,0
1778081067.3730676,g5.hpc.coe,40875,0.5001,0,100.0,2035.0,12288.0,20079984871,21029044232,21694523,23174857,334707,0,0,0,0,0,0,0,0,0,0,0,0,40949835,40994084,41123,41171,915,0,0,0,0,0,0,0,0
1778081067.8731601,g5.hpc.coe,40875,0.5001,0,100.0,2035.0,12288.0,20115374914,21064471073,21730159,23210543,334750,0,0,0,0,0,0,0,0,0,0,0,0,35390043,35426841,35636,35686,43,0,0,0,0,0,0,0,0
1778081068.3732536,g5.hpc.coe,40875,0.5001,0,100.0,2035.0,12288.0,20156324844,21105465143,21771282,23251712,334790,0,0,0,0,0,0,0,0,0,0,0,0,40949930,40994070,41123,41169,40,0,0,0,0,0,0,0,0
1778081068.8733468,g5.hpc.coe,40875,0.5001,0,100.0,2035.0,12288.0,20191714961,21140891914,21806915,23287388,335239,0,0,0,0,0,0,0,0,0,0,0,0,35390117,35426771,35633,35676,449,0,0,0,0,0,0,0,0
1778081069.3734357,g5.hpc.coe,40875,0.5001,0,100.0,2035.0,12288.0,20226415193,21175628711,21841814,23322324,335323,0,0,0,0,0,0,0,0,0,0,0,0,34700232,34736797,34899,34936,84,0,0,0,0,0,0,0,0
1778081069.87353,g5.hpc.coe,40875,0.5001,0,100.0,2035.0,12288.0,20267365258,21216622760,21882936,23363490,336019,0,0,0,0,0,0,0,0,0,0,0,0,40950065,40994049,41122,41166,696,0,0,0,0,0,0,0,0
1778081070.3736246,g5.hpc.coe,40875,0.5001,0,100.0,2035.0,12288.0,20302755573,21252049565,21918568,23399164,336079,0,0,0,0,0,0,0,0,0,0,0,0,35390315,35426805,35632,35674,60,0,0,0,0,0,0,0,0
1778081070.8737357,g5.hpc.coe,40875,0.5001,0,100.0,2035.0,12288.0,20343705704,21293043649,21959686,23440335,336159,0,0,0,0,0,0,0,0,0,0,0,0,40950131,40994084,41118,41171,80,0,0,0,0,0,0,0,0
1778081071.3738291,g5.hpc.coe,40875,0.5001,0,100.0,2035.0,12288.0,20379096071,21328470399,21995321,23476008,337453,0,0,0,0,0,0,0,0,0,0,0,0,35390367,35426750,35635,35673,1294,0,0,0,0,0,0,0,0
1778081071.8739305,g5.hpc.coe,40875,0.5001,0,100.0,2035.0,12288.0,20413796513,21363207091,22030214,23510929,337485,0,0,0,0,0,0,0,0,0,0,0,0,34700442,34736692,34893,34921,32,0,0,0,0,0,0,0,0
1778081072.3740299,g5.hpc.coe,40875,0.5001,0,100.0,2035.0,12288.0,20454746829,21404201203,22071336,23552104,337559,0,0,0,0,0,0,0,0,0,0,0,0,40950316,40994112,41122,41175,74,0,0,0,0,0,0,0,0
1778081072.8741283,g5.hpc.coe,40875,0.5001,0,100.0,2035.0,12288.0,20490136306,21439627952,22106972,23587779,337594,0,0,0,0,0,0,0,0,0,0,0,0,35389477,35426749,35636,35675,35,0,0,0,0,0,0,0,0
1778081073.374224,g5.hpc.coe,40875,0.5001,0,100.0,2035.0,12288.0,20531085621,21480622021,22148088,23628950,337638,0,0,0,0,0,0,0,0,0,0,0,0,40949315,40994069,41116,41171,44,0,0,0,0,0,0,0,0
1778081073.8743212,g5.hpc.coe,40875,0.5001,0,100.0,2035.0,12288.0,20566475088,21516048812,22183709,23664631,338055,0,0,0,0,0,0,0,0,0,0,0,0,35389467,35426791,35621,35681,417,0,0,0,0,0,0,0,0
1778081074.3744197,g5.hpc.coe,40875,0.5001,0,100.0,2035.0,12288.0,20601174698,21550785524,22218600,23699557,338249,0,0,0,0,0,0,0,0,0,0,0,0,34699610,34736712,34891,34926,194,0,0,0,0,0,0,0,0
1778081074.8745146,g5.hpc.coe,40875,0.5001,0,100.0,2035.0,12288.0,20642124274,21591779509,22259733,23740716,338327,0,0,0,0,0,0,0,0,0,0,0,0,40949576,40993985,41133,41159,78,0,0,0,0,0,0,0,0
1778081075.3746078,g5.hpc.coe,40875,0.5001,0,100.0,2035.0,12288.0,20677514023,21627206292,22295365,23776389,339373,0,0,0,0,0,0,0,0,0,0,0,0,35389749,35426783,35632,35673,1046,0,0,0,0,0,0,0,0
1778081075.8747087,g5.hpc.coe,40875,0.5001,0,100.0,2035.0,12288.0,20718463617,21668200326,22336487,23817555,340306,0,0,0,0,0,0,0,0,0,0,0,0,40949594,40994034,41122,41166,933,0,0,0,0,0,0,0,0
1778081076.3748038,g5.hpc.coe,40875,0.5001,0,100.0,2035.0,12288.0,20753853475,21703627054,22372130,23853227,341308,0,0,0,0,0,0,0,0,0,0,0,0,35389858,35426728,35643,35672,1002,0,0,0,0,0,0,0,0
1778081076.8748984,g5.hpc.coe,40875,0.5001,0,100.0,2035.0,12288.0,20788553995,21738364248,22407043,23888166,341339,0,0,0,0,0,0,0,0,0,0,0,0,34700520,34737194,34913,34939,31,0,0,0,0,0,0,0,0
1778081077.3749986,g5.hpc.coe,40875,0.5001,0,100.0,2035.0,12288.0,20829503725,21779358269,22448162,23929328,341939,0,0,0,0,0,0,0,0,0,0,0,0,40949730,40994021,41119,41162,600,0,0,0,0,0,0,0,0
1778081077.8750951,g5.hpc.coe,40875,0.5001,0,100.0,2035.0,12288.0,20864893762,21814784998,22483808,23964998,341965,0,0,0,0,0,0,0,0,0,0,0,0,35390037,35426729,35646,35670,26,0,0,0,0,0,0,0,0
1778081078.3751929,g5.hpc.coe,40875,0.5001,0,100.0,2035.0,12288.0,20905843615,21855779082,22524931,24006169,342237,0,0,0,0,0,0,0,0,0,0,0,0,40949853,40994084,41123,41171,272,0,0,0,0,0,0,0,0
1778081078.8752913,g5.hpc.coe,40875,0.5001,0,100.0,2035.0,12288.0,20941233746,21891205874,22560577,24041848,342271,0,0,0,0,0,0,0,0,0,0,0,0,35390131,35426792,35646,35679,34,0,0,0,0,0,0,0,0
1778081079.3753855,g5.hpc.coe,40875,0.5001,0,100.0,2035.0,12288.0,20982183722,21932199923,22601704,24083014,343628,0,0,0,0,0,0,0,0,0,0,0,0,40949976,40994049,41127,41166,1357,0,0,0,0,0,0,0,0
1778081079.875497,g5.hpc.coe,40875,0.5001,0,100.0,2035.0,12288.0,21017573899,21967626729,22637343,24118695,343754,0,0,0,0,0,0,0,0,0,0,0,0,35390177,35426806,35639,35681,126,0,0,0,0,0,0,0,0
1778081080.3755956,g5.hpc.coe,40875,0.5001,0,100.0,2035.0,12288.0,21052274199,22002363546,22672240,24153627,343798,0,0,0,0,0,0,0,0,0,0,0,0,34700300,34736817,34897,34932,44,0,0,0,0,0,0,0,0
1778081080.875693,g5.hpc.coe,40875,0.5001,0,100.0,2035.0,12288.0,21093224212,22043357602,22713352,24194794,343840,0,0,0,0,0,0,0,0,0,0,0,0,40950013,40994056,41112,41167,42,0,0,0,0,0,0,0,0
1778081081.3757932,g5.hpc.coe,40875,0.5001,0,100.0,2035.0,12288.0,21128614524,22078784338,22748990,24230465,343862,0,0,0,0,0,0,0,0,0,0,0,0,35390312,35426736,35638,35671,22,0,0,0,0,0,0,0,0
1778081081.875887,g5.hpc.coe,40875,0.5001,0,100.0,2035.0,12288.0,21168776948,22119639426,22789781,24271605,344616,0,0,0,0,0,0,0,0,0,0,0,0,40162424,40855088,40791,41140,754,0,0,0,0,0,0,0,0
1778081082.3759825,g5.hpc.coe,40875,0.5001,0,100.0,2035.0,12288.0,21204955129,22155205137,22825751,24307304,346337,0,0,0,0,0,0,0,0,0,0,0,0,36178181,35565711,35970,35699,1721,0,0,0,0,0,0,0,0
1778081082.8760796,g5.hpc.coe,40875,0.5001,0,100.0,2035.0,12288.0,21239655526,22189941857,22860635,24342229,346371,0,0,0,0,0,0,0,0,0,0,0,0,34700397,34736720,34884,34925,34,0,0,0,0,0,0,0,0
1778081083.3761744,g5.hpc.coe,40875,0.5001,0,100.0,2035.0,12288.0,21280605853,22230935927,22901756,24383398,347231,0,0,0,0,0,0,0,0,0,0,0,0,40950327,40994070,41121,41169,860,0,0,0,0,0,0,0,0
1778081083.8762732,g5.hpc.coe,40875,0.5001,0,100.0,2035.0,12288.0,21315995363,22266362725,22937394,24419080,347271,0,0,0,0,0,0,0,0,0,0,0,0,35389510,35426798,35638,35682,40,0,0,0,0,0,0,0,0
1778081084.3763661,g5.hpc.coe,40875,0.5001,0,100.0,2035.0,12288.0,21356944524,22307349184,22978503,24460229,347328,0,0,0,0,0,0,0,0,0,0,0,0,40949161,40986459,41109,41149,57,0,0,0,0,0,0,0,0
1778081084.87646,g5.hpc.coe,40875,0.5001,0,100.0,2035.0,12288.0,21392334314,22342783473,23014150,24495916,348329,0,0,0,0,0,0,0,0,0,0,0,0,35389790,35434289,35647,35687,1001,0,0,0,0,0,0,0,0
1778081085.3765635,g5.hpc.coe,40875,0.5001,0,100.0,2035.0,12288.0,21427034047,22377520275,23049049,24530848,348368,0,0,0,0,0,0,0,0,0,0,0,0,34699733,34736802,34899,34932,39,0,0,0,0,0,0,0,0
1778081085.8766694,g5.hpc.coe,40875,0.5001,0,100.0,2035.0,12288.0,21467983621,22418514421,23090177,24572030,348421,0,0,0,0,0,0,0,0,0,0,0,0,40949574,40994146,41128,41182,53,0,0,0,0,0,0,0,0
1778081086.3767695,g5.hpc.coe,40875,0.5001,0,100.0,2035.0,12288.0,21503373332,22453941107,23125810,24607696,348521,0,0,0,0,0,0,0,0,0,0,0,0,35389711,35426686,35633,35666,100,0,0,0,0,0,0,0,0
1778081086.8768644,g5.hpc.coe,40875,0.5001,0,100.0,2035.0,12288.0,21544322937,22494935155,23166931,24648864,349572,0,0,0,0,0,0,0,0,0,0,0,0,40949605,40994048,41121,41168,1051,0,0,0,0,0,0,0,0
1778081087.3769562,g5.hpc.coe,40875,0.5001,0,100.0,2035.0,12288.0,21579712771,22530361841,23202568,24684530,349653,0,0,0,0,0,0,0,0,0,0,0,0,35389834,35426686,35637,35666,81,0,0,0,0,0,0,0,0
1778081087.87705,g5.hpc.coe,40875,0.5001,0,100.0,2035.0,12288.0,21614412659,22565098617,23237460,24719463,349692,0,0,0,0,0,0,0,0,0,0,0,0,34699888,34736776,34892,34933,39,0,0,0,0,0,0,0,0
1778081088.377147,g5.hpc.coe,40875,0.5001,0,100.0,2035.0,12288.0,21655362635,22606092928,23278580,24760635,350240,0,0,0,0,0,0,0,0,0,0,0,0,40949976,40994311,41120,41172,548,0,0,0,0,0,0,0,0
1778081088.8772397,g5.hpc.coe,40875,0.5001,0,100.0,2035.0,12288.0,21690752613,22641519692,23314213,24796310,350278,0,0,0,0,0,0,0,0,0,0,0,0,35389978,35426764,35633,35675,38,0,0,0,0,0,0,0,0
1778081089.377332,g5.hpc.coe,40875,0.5001,0,100.0,2035.0,12288.0,21731702490,22682513748,23355337,24837477,350310,0,0,0,0,0,0,0,0,0,0,0,0,40949877,40994056,41124,41167,32,0,0,0,0,0,0,0,0
1778081089.877427,g5.hpc.coe,40875,0.5001,0,100.0,2035.0,12288.0,21767092547,22717940540,23390970,24873156,350750,0,0,0,0,0,0,0,0,0,0,0,0,35390057,35426792,35633,35679,440,0,0,0,0,0,0,0,0
1778081090.3775222,g5.hpc.coe,40875,0.5001,0,100.0,2035.0,12288.0,21801792614,22752677281,23425854,24908084,350778,0,0,0,0,0,0,0,0,0,0,0,0,34700067,34736741,34884,34928,28,0,0,0,0,0,0,0,0
1778081090.8776116,g5.hpc.coe,40875,0.5001,0,100.0,2035.0,12288.0,21842742723,22793671336,23466982,24949244,350901,0,0,0,0,0,0,0,0,0,0,0,0,40950109,40994055,41128,41160,123,0,0,0,0,0,0,0,0
1778081091.377704,g5.hpc.coe,40875,0.5001,0,100.0,2035.0,12288.0,21878132985,22829098086,23502624,24984917,352993,0,0,0,0,0,0,0,0,0,0,0,0,35390262,35426750,35642,35673,2092,0,0,0,0,0,0,0,0
1778081091.8778,g5.hpc.coe,40875,0.5001,0,100.0,2035.0,12288.0,21919083714,22870092568,23543762,25026089,353395,0,0,0,0,0,0,0,0,0,0,0,0,40950729,40994482,41138,41172,402,0,0,0,0,0,0,0,0
1778081092.3778965,g5.hpc.coe,40875,0.5001,0,100.0,2035.0,12288.0,21954474077,22905519416,23579405,25061776,358706,0,0,0,0,0,0,0,0,0,0,0,0,35390363,35426848,35643,35687,5311,0,0,0,0,0,0,0,0
1778081092.877992,g5.hpc.coe,40875,0.5001,0,100.0,2035.0,12288.0,21989174458,22940256213,23614300,25096712,358979,0,0,0,0,0,0,0,0,0,0,0,0,34700381,34736797,34895,34936,273,0,0,0,0,0,0,0,0
1778081093.3780828,g5.hpc.coe,40875,0.5001,0,100.0,2035.0,12288.0,22030664973,22981940278,23656159,25138628,359030,0,0,0,0,0,0,0,0,0,0,0,0,41490515,41684065,41859,41916,51,0,0,0,0,0,0,0,0
1778081093.878176,g5.hpc.coe,40875,0.5001,0,100.0,2035.0,12288.0,22065515136,23016677033,23691051,25173554,359996,0,0,0,0,0,0,0,0,0,0,0,0,34850163,34736755,34892,34926,966,0,0,0,0,0,0,0,0
1778081094.3782706,g5.hpc.coe,40875,0.5001,0,100.0,2035.0,12288.0,22106464391,23057671046,23732167,25214717,360206,0,0,0,0,0,0,0,0,0,0,0,0,40949255,40994013,41116,41163,210,0,0,0,0,0,0,0,0
1778081094.8783636,g5.hpc.coe,40875,0.5001,0,100.0,2035.0,12288.0,22141853882,23093097746,23767800,25250385,361777,0,0,0,0,0,0,0,0,0,0,0,0,35389491,35426700,35633,35668,1571,0,0,0,0,0,0,0,0
1778081095.378455,g5.hpc.coe,40875,0.5001,0,100.0,2035.0,12288.0,22176553433,23127834437,23802691,25285308,361934,0,0,0,0,0,0,0,0,0,0,0,0,34699551,34736691,34891,34923,157,0,0,0,0,0,0,0,0
1778081095.8785512,g5.hpc.coe,40875,0.5001,0,100.0,2035.0,12288.0,22217502893,23168828491,23843807,25326470,362399,0,0,0,0,0,0,0,0,0,0,0,0,40949460,40994054,41116,41162,465,0,0,0,0,0,0,0,0
1778081096.3786445,g5.hpc.coe,40875,0.5001,0,100.0,2035.0,12288.0,22252892527,23204255184,23879440,25362137,362477,0,0,0,0,0,0,0,0,0,0,0,0,35389634,35426693,35633,35667,78,0,0,0,0,0,0,0,0
1778081096.8787372,g5.hpc.coe,40875,0.5001,0,100.0,2035.0,12288.0,22293841991,23245249218,23920552,25403303,362758,0,0,0,0,0,0,0,0,0,0,0,0,40949464,40994034,41112,41166,281,0,0,0,0,0,0,0,0
1778081097.378833,g5.hpc.coe,40875,0.5001,0,100.0,2035.0,12288.0,22329231733,23280675890,23956187,25438967,364502,0,0,0,0,0,0,0,0,0,0,0,0,35389742,35426672,35635,35664,1744,0,0,0,0,0,0,0,0
1778081097.8789291,g5.hpc.coe,40875,0.5001,0,100.0,2035.0,12288.0,22363931514,23315412595,23991077,25473892,364551,0,0,0,0,0,0,0,0,0,0,0,0,34699781,34736705,34890,34925,49,0,0,0,0,0,0,0,0
1778081098.3790255,g5.hpc.coe,40875,0.5001,0,100.0,2035.0,12288.0,22404881197,23356406573,24032200,25515140,364987,0,0,0,0,0,0,0,0,0,0,0,0,40949683,40993978,41123,41248,436,0,0,0,0,0,0,0,0
1778081098.879126,g5.hpc.coe,40875,0.5001,0,100.0,2035.0,12288.0,22440271104,23391833337,24067836,25550725,365026,0,0,0,0,0,0,0,0,0,0,0,0,35389907,35426764,35636,35585,39,0,0,0,0,0,0,0,0
1778081099.3792167,g5.hpc.coe,40875,0.5001,0,100.0,2035.0,12288.0,22481220890,23432827421,24108958,25591896,365095,0,0,0,0,0,0,0,0,0,0,0,0,40949786,40994084,41122,41171,69,0,0,0,0,0,0,0,0
1778081099.8793135,g5.hpc.coe,40875,0.5001,0,100.0,2035.0,12288.0,22516610919,23468254185,24144598,25627571,365148,0,0,0,0,0,0,0,0,0,0,0,0,35390029,35426764,35640,35675,53,0,0,0,0,0,0,0,0
1778081100.3794086,g5.hpc.coe,40875,0.5001,0,100.0,2035.0,12288.0,22552763535,23504981221,24181378,25664830,365189,0,0,0,0,0,0,0,0,0,0,0,0,36152616,36727036,36780,37259,41,0,0,0,0,0,0,0,0
1778081100.8794775,g5.hpc.coe,40875,0.5001,0,100.0,2035.0,12288.0,22592951020,23544675095,24221365,25704419,365396,0,0,0,0,0,0,0,0,0,0,0,0,40187485,39693874,39987,39589,207,0,0,0,0,0,0,0,0
1778081101.3795757,g5.hpc.coe,40875,0.5001,0,100.0,2035.0,12288.0,22627651182,23579411836,24256260,25739347,365449,0,0,0,0,0,0,0,0,0,0,0,0,34700162,34736741,34895,34928,53,0,0,0,0,0,0,0,0
1778081101.879674,g5.hpc.coe,40875,0.5001,0,100.0,2035.0,12288.0,22668601204,23620405892,24297382,25780514,365605,0,0,0,0,0,0,0,0,0,0,0,0,40950022,40994056,41122,41167,156,0,0,0,0,0,0,0,0
1778081102.379772,g5.hpc.coe,40875,0.5001,0,100.0,2035.0,12288.0,22703991420,23655832656,24333015,25816189,365645,0,0,0,0,0,0,0,0,0,0,0,0,35390216,35426764,35633,35675,40,0,0,0,0,0,0,0,0
1778081102.8798702,g5.hpc.coe,40875,0.5001,0,100.0,2035.0,12288.0,22742911501,23695092297,24372390,25856007,365686,0,0,0,0,0,0,0,0,0,0,0,0,38920081,39259641,39375,39818,41,0,0,0,0,0,0,0,0
1778081103.379964,g5.hpc.coe,40875,0.5001,0,100.0,2035.0,12288.0,22780331903,23732253434,24409778,25893025,365752,0,0,0,0,0,0,0,0,0,0,0,0,37420402,37161137,37388,37018,66,0,0,0,0,0,0,0,0
1778081103.8800628,g5.hpc.coe,40875,0.5001,0,100.0,2035.0,12288.0,22815032323,23766990105,24444674,25927943,366078,0,0,0,0,0,0,0,0,0,0,0,0,34700420,34736671,34896,34918,326,0,0,0,0,0,0,0,0
1778081104.3801522,g5.hpc.coe,40875,0.5001,0,100.0,2035.0,12288.0,22855982603,23807984168,24485797,25969111,367218,0,0,0,0,0,0,0,0,0,0,0,0,40950280,40994063,41123,41168,1140,0,0,0,0,0,0,0,0
1778081104.8802438,g5.hpc.coe,40875,0.5001,0,100.0,2035.0,12288.0,22891373043,23843410883,24521426,26004779,367497,0,0,0,0,0,0,0,0,0,0,0,0,35390440,35426715,35629,35668,279,0,0,0,0,0,0,0,0
1778081105.3803337,g5.hpc.coe,40875,0.5001,0,100.0,2035.0,12288.0,22932322336,23884404924,24562545,26045946,367642,0,0,0,0,0,0,0,0,0,0,0,0,40949293,40994041,41119,41167,145,0,0,0,0,0,0,0,0
1778081105.880424,g5.hpc.coe,40875,0.5001,0,100.0,2035.0,12288.0,22967711964,23919831805,24598186,26081633,367752,0,0,0,0,0,0,0,0,0,0,0,0,35389628,35426881,35641,35687,110,0,0,0,0,0,0,0,0
1778081106.380517,g5.hpc.coe,40875,0.5001,0,100.0,2035.0,12288.0,23002411490,23954568524,24633071,26116560,368908,0,0,0,0,0,0,0,0,0,0,0,0,34699526,34736719,34885,34927,1156,0,0,0,0,0,0,0,0
1778081106.880608,g5.hpc.coe,40875,0.5001,0,100.0,2035.0,12288.0,23043361570,23995563019,24674208,26157736,369667,0,0,0,0,0,0,0,0,0,0,0,0,40950080,40994495,41137,41176,759,0,0,0,0,0,0,0,0
1778081107.3806999,g5.hpc.coe,40875,0.5001,0,100.0,2035.0,12288.0,23078751256,24030989747,24709846,26193408,369846,0,0,0,0,0,0,0,0,0,0,0,0,35389686,35426728,35638,35672,179,0,0,0,0,0,0,0,0
1778081107.8807893,g5.hpc.coe,40875,0.5001,0,100.0,2035.0,12288.0,23119700821,24071983795,24750970,26234576,369900,0,0,0,0,0,0,0,0,0,0,0,0,40949565,40994048,41124,41168,54,0,0,0,0,0,0,0,0
1778081108.3808787,g5.hpc.coe,40875,0.5001,0,100.0,2035.0,12288.0,23155090588,24107410509,24786606,26270246,373443,0,0,0,0,0,0,0,0,0,0,0,0,35389767,35426714,35636,35670,3543,0,0,0,0,0,0,0,0
1778081108.880968,g5.hpc.coe,40875,0.5001,0,100.0,2035.0,12288.0,23189790386,24142147221,24821496,26305172,373494,0,0,0,0,0,0,0,0,0,0,0,0,34699798,34736712,34890,34926,51,0,0,0,0,0,0,0,0
1778081109.3810573,g5.hpc.coe,40875,0.5001,0,100.0,2035.0,12288.0,23230740107,24183141241,24862622,26346336,373552,0,0,0,0,0,0,0,0,0,0,0,0,40949721,40994020,41126,41164,58,0,0,0,0,0,0,0,0
1778081109.881147,g5.hpc.coe,40875,0.5001,0,100.0,2035.0,12288.0,23266130010,24218568075,24898255,26382021,373608,0,0,0,0,0,0,0,0,0,0,0,0,35389903,35426834,35633,35685,56,0,0,0,0,0,0,0,0
1778081110.3812356,g5.hpc.coe,40875,0.5001,0,100.0,2035.0,12288.0,23307079827,24259562117,24939379,26423186,373656,0,0,0,0,0,0,0,0,0,0,0,0,40949817,40994042,41124,41165,48,0,0,0,0,0,0,0,0
1778081110.8813279,g5.hpc.coe,40875,0.5001,0,100.0,2035.0,12288.0,23342469796,24294988937,24975008,26458869,374963,0,0,0,0,0,0,0,0,0,0,0,0,35389969,35426820,35629,35683,1307,0,0,0,0,0,0,0,0
1778081111.381419,g5.hpc.coe,40875,0.5001,0,100.0,2035.0,12288.0,23377169909,24329725754,25009898,26493801,375672,0,0,0,0,0,0,0,0,0,0,0,0,34700113,34736817,34890,34932,709,0,0,0,0,0,0,0,0
1778081111.8815086,g5.hpc.coe,40875,0.5001,0,100.0,2035.0,12288.0,23418119840,24370719824,25051018,26534970,376677,0,0,0,0,0,0,0,0,0,0,0,0,40949931,40994070,41120,41169,1005,0,0,0,0,0,0,0,0
1778081112.3815997,g5.hpc.coe,40875,0.5001,0,100.0,2035.0,12288.0,23453510022,24406146630,25086657,26570651,376722,0,0,0,0,0,0,0,0,0,0,0,0,35390182,35426806,35639,35681,45,0,0,0,0,0,0,0,0
1778081112.8816607,g5.hpc.coe,40875,0.5001,0,100.0,2035.0,12288.0,23494460055,24447140693,25127778,26611819,376787,0,0,0,0,0,0,0,0,0,0,0,0,40950033,40994063,41121,41168,65,0,0,0,0,0,0,0,0
1778081113.3817208,g5.hpc.coe,40875,0.5001,0,100.0,2035.0,12288.0,23529850289,24482567401,25163411,26647486,377838,0,0,0,0,0,0,0,0,0,0,0,0,35390234,35426708,35633,35667,1051,0,0,0,0,0,0,0,0
1778081113.8818138,g5.hpc.coe,40875,0.5001,0,100.0,2035.0,12288.0,23564814320,24517781166,25199122,26683259,377876,0,0,0,0,0,0,0,0,0,0,0,0,34964031,35213765,35711,35773,38,0,0,0,0,0,0,0,0
1778081114.381912,g5.hpc.coe,40875,0.5001,0,100.0,2035.0,12288.0,23605500835,24558358856,25239587,26723755,378015,0,0,0,0,0,0,0,0,0,0,0,0,40686515,40577690,40465,40496,139,0,0,0,0,0,0,0,0
1778081114.8820055,g5.hpc.coe,40875,0.5001,0,100.0,2035.0,12288.0,23640891205,24593724962,25275064,26759256,378391,0,0,0,0,0,0,0,0,0,0,0,0,35390370,35366106,35477,35501,376,0,0,0,0,0,0,0,0
1778081115.3820963,g5.hpc.coe,40875,0.5001,0,100.0,2035.0,12288.0,23681841539,24634719074,25316192,26800431,378433,0,0,0,0,0,0,0,0,0,0,0,0,40950334,40994112,41128,41175,42,0,0,0,0,0,0,0,0
1778081115.8821986,g5.hpc.coe,40875,0.5001,0,100.0,2035.0,12288.0,23717230936,24670145816,25351820,26836105,378475,0,0,0,0,0,0,0,0,0,0,0,0,35389397,35426742,35628,35674,42,0,0,0,0,0,0,0,0
1778081116.3822942,g5.hpc.coe,40875,0.5001,0,100.0,2035.0,12288.0,23753263479,24706409518,25388488,26872879,378513,0,0,0,0,0,0,0,0,0,0,0,0,36032543,36263702,36668,36774,38,0,0,0,0,0,0,0,0
1778081116.8823903,g5.hpc.coe,40875,0.5001,0,100.0,2035.0,12288.0,23792879856,24745876575,25427831,26912192,379063,0,0,0,0,0,0,0,0,0,0,0,0,39616377,39467057,39343,39313,550,0,0,0,0,0,0,0,0
1778081117.3824863,g5.hpc.coe,40875,0.5001,0,100.0,2035.0,12288.0,23828269430,24781303324,25463464,26947867,379109,0,0,0,0,0,0,0,0,0,0,0,0,35389574,35426749,35633,35675,46,0,0,0,0,0,0,0,0
1778081117.8825803,g5.hpc.coe,40875,0.5001,0,100.0,2035.0,12288.0,23869218953,24822297372,25504593,26989035,379759,0,0,0,0,0,0,0,0,0,0,0,0,40949523,40994048,41129,41168,650,0,0,0,0,0,0,0,0
1778081118.382676,g5.hpc.coe,40875,0.5001,0,100.0,2035.0,12288.0,23904608643,24857724114,25540229,27024709,379792,0,0,0,0,0,0,0,0,0,0,0,0,35389690,35426742,35636,35674,33,0,0,0,0,0,0,0,0
1778081118.882771,g5.hpc.coe,40875,0.5001,0,100.0,2035.0,12288.0,23945558177,24898718204,25581346,27065883,379835,0,0,0,0,0,0,0,0,0,0,0,0,40949534,40994090,41117,41174,43,0,0,0,0,0,0,0,0
1778081119.3828645,g5.hpc.coe,40875,0.5001,0,100.0,2035.0,12288.0,23980947933,24934144953,25616978,27101558,380442,0,0,0,0,0,0,0,0,0,0,0,0,35389756,35426749,35632,35675,607,0,0,0,0,0,0,0,0
1778081119.8829572,g5.hpc.coe,40875,0.5001,0,100.0,2035.0,12288.0,24015647769,24968881644,25651871,27136481,380483,0,0,0,0,0,0,0,0,0,0,0,0,34699836,34736691,34893,34923,41,0,0,0,0,0,0,0,0
1778081120.3830535,g5.hpc.coe,40875,0.5001,0,100.0,2035.0,12288.0,24056597474,25009875700,25692990,27177648,380528,0,0,0,0,0,0,0,0,0,0,0,0,40949705,40994056,41119,41167,45,0,0,0,0,0,0,0,0
1778081120.8831477,g5.hpc.coe,40875,0.5001,0,100.0,2035.0,12288.0,24091987408,25045302506,25728625,27213329,380580,0,0,0,0,0,0,0,0,0,0,0,0,35389934,35426806,35635,35681,52,0,0,0,0,0,0,0,0
1778081121.3832448,g5.hpc.coe,40875,0.5001,0,100.0,2035.0,12288.0,24132936989,25086289042,25769744,27254480,397068,0,0,0,0,0,0,0,0,0,0,0,0,40949581,40986536,41119,41151,16488,0,0,0,0,0,0,0,0
1778081121.8833392,g5.hpc.coe,40875,0.5001,0,100.0,2035.0,12288.0,24168328020,25121723828,25805408,27290180,397294,0,0,0,0,0,0,0,0,0,0,0,0,35391031,35434786,35664,35700,226,0,0,0,0,0,0,0,0
1778081122.3834352,g5.hpc.coe,40875,0.5001,0,100.0,2035.0,12288.0,24203028088,25156460562,25840298,27325107,397839,0,0,0,0,0,0,0,0,0,0,0,0,34700068,34736734,34890,34927,545,0,0,0,0,0,0,0,0
1778081122.8835294,g5.hpc.coe,40875,0.5001,0,100.0,2035.0,12288.0,24243978058,25197454597,25881421,27366271,398257,0,0,0,0,0,0,0,0,0,0,0,0,40949970,40994035,41123,41164,418,0,0,0,0,0,0,0,0
1778081123.3836226,g5.hpc.coe,40875,0.5001,0,100.0,2035.0,12288.0,24279368258,25232881389,25917060,27401950,398996,0,0,0,0,0,0,0,0,0,0,0,0,35390200,35426792,35639,35679,739,0,0,0,0,0,0,0,0
1778081123.8837147,g5.hpc.coe,40875,0.5001,0,100.0,2035.0,12288.0,24320318330,25273875466,25958184,27443120,399305,0,0,0,0,0,0,0,0,0,0,0,0,40950072,40994077,41124,41170,309,0,0,0,0,0,0,0,0
1778081124.3838108,g5.hpc.coe,40875,0.5001,0,100.0,2035.0,12288.0,24355708618,25309302223,25993822,27478794,399902,0,0,0,0,0,0,0,0,0,0,0,0,35390288,35426757,35638,35674,597,0,0,0,0,0,0,0,0
1778081124.8839052,g5.hpc.coe,40875,0.5001,0,100.0,2035.0,12288.0,24390408979,25344038999,26028720,27513727,400054,0,0,0,0,0,0,0,0,0,0,0,0,34700361,34736776,34898,34933,152,0,0,0,0,0,0,0,0
1778081125.3839996,g5.hpc.coe,40875,0.5001,0,100.0,2035.0,12288.0,24431359187,25385032999,26069843,27554886,400098,0,0,0,0,0,0,0,0,0,0,0,0,40950208,40994000,41123,41159,44,0,0,0,0,0,0,0,0
1778081125.884092,g5.hpc.coe,40875,0.5001,0,100.0,2035.0,12288.0,24466749639,25420459756,26105482,27590560,400150,0,0,0,0,0,0,0,0,0,0,0,0,35390452,35426757,35639,35674,52,0,0,0,0,0,0,0,0
1778081126.384183,g5.hpc.coe,40875,0.5001,0,100.0,2035.0,12288.0,24507700187,25461453832,26146629,27631723,400197,0,0,0,0,0,0,0,0,0,0,0,0,40950548,40994076,41147,41163,47,0,0,0,0,0,0,0,0
1778081126.8842776,g5.hpc.coe,40875,0.5001,0,100.0,2035.0,12288.0,24543089693,25496880581,26182270,27667398,400795,0,0,0,0,0,0,0,0,0,0,0,0,35389506,35426749,35641,35675,598,0,0,0,0,0,0,0,0
1778081127.3843796,g5.hpc.coe,40875,0.5001,0,100.0,2035.0,12288.0,24577789048,25531617342,26217139,27702331,400894,0,0,0,0,0,0,0,0,0,0,0,0,34699355,34736761,34869,34933,99,0,0,0,0,0,0,0,0
1778081127.8844705,g5.hpc.coe,40875,0.5001,0,100.0,2035.0,12288.0,24618738460,25572611362,26258263,27743495,400944,0,0,0,0,0,0,0,0,0,0,0,0,40949412,40994020,41124,41164,50,0,0,0,0,0,0,0,0
1778081128.384561,g5.hpc.coe,40875,0.5001,0,100.0,2035.0,12288.0,24654128017,25608038083,26293891,27779166,400979,0,0,0,0,0,0,0,0,0,0,0,0,35389557,35426721,35628,35671,35,0,0,0,0,0,0,0,0
1778081128.8846545,g5.hpc.coe,40875,0.5001,0,100.0,2035.0,12288.0,24695077516,25649032068,26335014,27820325,401018,0,0,0,0,0,0,0,0,0,0,0,0,40949499,40993985,41123,41159,39,0,0,0,0,0,0,0,0
1778081129.3847473,g5.hpc.coe,40875,0.5001,0,100.0,2035.0,12288.0,24730467223,25684458817,26370650,27856000,403257,0,0,0,0,0,0,0,0,0,0,0,0,35389707,35426749,35636,35675,2239,0,0,0,0,0,0,0,0
1778081129.8848424,g5.hpc.coe,40875,0.5001,0,100.0,2035.0,12288.0,24765166892,25719195487,26405530,27890920,403959,0,0,0,0,0,0,0,0,0,0,0,0,34699669,34736670,34880,34920,702,0,0,0,0,0,0,0,0
1778081130.384936,g5.hpc.coe,40875,0.5001,0,100.0,2035.0,12288.0,24806116491,25760189514,26446647,27932085,403990,0,0,0,0,0,0,0,0,0,0,0,0,40949599,40994027,41117,41165,31,0,0,0,0,0,0,0,0
1778081130.8850386,g5.hpc.coe,40875,0.5001,0,100.0,2035.0,12288.0,24841506340,25795616263,26482283,27967760,404228,0,0,0,0,0,0,0,0,0,0,0,0,35389849,35426749,35636,35675,238,0,0,0,0,0,0,0,0
1778081131.3851366,g5.hpc.coe,40875,0.5001,0,100.0,2035.0,12288.0,24882456105,25836610249,26523408,28008917,404280,0,0,0,0,0,0,0,0,0,0,0,0,40949765,40993986,41125,41157,52,0,0,0,0,0,0,0,0
1778081131.8852284,g5.hpc.coe,40875,0.5001,0,100.0,2035.0,12288.0,24917846134,25872037075,26559045,28044594,404319,0,0,0,0,0,0,0,0,0,0,0,0,35390029,35426826,35637,35677,39,0,0,0,0,0,0,0,0
1778081132.3853252,g5.hpc.coe,40875,0.5001,0,100.0,2035.0,12288.0,24952546145,25906773795,26593938,28079519,404343,0,0,0,0,0,0,0,0,0,0,0,0,34700011,34736720,34893,34925,24,0,0,0,0,0,0,0,0
1778081132.8854194,g5.hpc.coe,40875,0.5001,0,100.0,2035.0,12288.0,24993496080,25947767823,26635067,28120682,405234,0,0,0,0,0,0,0,0,0,0,0,0,40949935,40994028,41129,41163,891,0,0,0,0,0,0,0,0
1778081133.3855143,g5.hpc.coe,40875,0.5001,0,100.0,2035.0,12288.0,25028886174,25983194594,26670702,28156358,405668,0,0,0,0,0,0,0,0,0,0,0,0,35390094,35426771,35635,35676,434,0,0,0,0,0,0,0,0
1778081133.885604,g5.hpc.coe,40875,0.5001,0,100.0,2035.0,12288.0,25069836127,26024188706,26711820,28197533,405714,0,0,0,0,0,0,0,0,0,0,0,0,40949953,40994112,41118,41175,46,0,0,0,0,0,0,0,0
1778081134.3856978,g5.hpc.coe,40875,0.5001,0,100.0,2035.0,12288.0,25105226323,26059615414,26747456,28233200,406404,0,0,0,0,0,0,0,0,0,0,0,0,35390196,35426708,35636,35667,690,0,0,0,0,0,0,0,0
1778081134.885796,g5.hpc.coe,40875,0.5001,0,100.0,2035.0,12288.0,25140481814,26095355574,26783476,28269529,406431,0,0,0,0,0,0,0,0,0,0,0,0,35255491,35740160,36020,36329,27,0,0,0,0,0,0,0,0
1778081135.3858864,g5.hpc.coe,40875,0.5001,0,100.0,2035.0,12288.0,25181566723,26136036304,26824219,28310052,407583,0,0,0,0,0,0,0,0,0,0,0,0,41084909,40680730,40743,40523,1152,0,0,0,0,0,0,0,0
1778081135.885981,g5.hpc.coe,40875,0.5001,0,100.0,2035.0,12288.0,25216267052,26170773080,26859110,28344985,407707,0,0,0,0,0,0,0,0,0,0,0,0,34700329,34736776,34891,34933,124,0,0,0,0,0,0,0,0
1778081136.3860755,g5.hpc.coe,40875,0.5001,0,100.0,2035.0,12288.0,25257217179,26211767129,26900217,28386151,417790,0,0,0,0,0,0,0,0,0,0,0,0,40950127,40994049,41107,41166,10083,0,0,0,0,0,0,0,0
1778081136.8861666,g5.hpc.coe,40875,0.5001,0,100.0,2035.0,12288.0,25292608306,26247194388,26935867,28421834,417833,0,0,0,0,0,0,0,0,0,0,0,0,35391127,35427259,35650,35683,43,0,0,0,0,0,0,0,0
1778081137.3862617,g5.hpc.coe,40875,0.5001,0,100.0,2035.0,12288.0,25330704403,26286098192,26974593,28460941,417878,0,0,0,0,0,0,0,0,0,0,0,0,38096097,38903804,38726,39107,45,0,0,0,0,0,0,0,0
1778081137.886361,g5.hpc.coe,40875,0.5001,0,100.0,2035.0,12288.0,25368948115,26323615242,27012624,28498683,417915,0,0,0,0,0,0,0,0,0,0,0,0,38243712,37517050,38031,37742,37,0,0,0,0,0,0,0,0
1778081138.3864534,g5.hpc.coe,40875,0.5001,0,100.0,2035.0,12288.0,25403647614,26358351940,27047511,28533607,417956,0,0,0,0,0,0,0,0,0,0,0,0,34699499,34736698,34887,34924,41,0,0,0,0,0,0,0,0
1778081138.8865488,g5.hpc.coe,40875,0.5001,0,100.0,2035.0,12288.0,25444596959,26399346002,27088623,28574777,418229,0,0,0,0,0,0,0,0,0,0,0,0,40949345,40994062,41112,41170,273,0,0,0,0,0,0,0,0
1778081139.3866425,g5.hpc.coe,40875,0.5001,0,100.0,2035.0,12288.0,25479986596,26434772786,27124260,28610457,418283,0,0,0,0,0,0,0,0,0,0,0,0,35389637,35426784,35637,35680,54,0,0,0,0,0,0,0,0
1778081139.886736,g5.hpc.coe,40875,0.5001,0,100.0,2035.0,12288.0,25520935899,26475759308,27165366,28651615,418331,0,0,0,0,0,0,0,0,0,0,0,0,40949303,40986522,41106,41158,48,0,0,0,0,0,0,0,0
1778081140.3868318,g5.hpc.coe,40875,0.5001,0,100.0,2035.0,12288.0,25556325691,26511193632,27200998,28687307,418810,0,0,0,0,0,0,0,0,0,0,0,0,35389792,35434324,35632,35692,479,0,0,0,0,0,0,0,0
1778081140.886928,g5.hpc.coe,40875,0.5001,0,100.0,2035.0,12288.0,25591025440,26545930386,27235887,28722239,418834,0,0,0,0,0,0,0,0,0,0,0,0,34699749,34736754,34889,34932,24,0,0,0,0,0,0,0,0
1778081141.3870234,g5.hpc.coe,40875,0.5001,0,100.0,2035.0,12288.0,25631975042,26586924413,27277002,28763404,418887,0,0,0,0,0,0,0,0,0,0,0,0,40949602,40994027,41115,41165,53,0,0,0,0,0,0,0,0
1778081141.8871162,g5.hpc.coe,40875,0.5001,0,100.0,2035.0,12288.0,25667365000,26622351253,27312640,28799083,418934,0,0,0,0,0,0,0,0,0,0,0,0,35389958,35426840,35638,35679,47,0,0,0,0,0,0,0,0
1778081142.3872118,g5.hpc.coe,40875,0.5001,0,100.0,2035.0,12288.0,25708314691,26663345330,27353752,28840253,418981,0,0,0,0,0,0,0,0,0,0,0,0,40949691,40994077,41112,41170,47,0,0,0,0,0,0,0,0
1778081142.887306,g5.hpc.coe,40875,0.5001,0,100.0,2035.0,12288.0,25743704695,26698772108,27389392,28875930,419793,0,0,0,0,0,0,0,0,0,0,0,0,35390004,35426778,35640,35677,812,0,0,0,0,0,0,0,0
1778081143.3873975,g5.hpc.coe,40875,0.5001,0,100.0,2035.0,12288.0,25784654550,26739766199,27430514,28917102,419851,0,0,0,0,0,0,0,0,0,0,0,0,40949855,40994091,41122,41172,58,0,0,0,0,0,0,0,0
1778081143.8874922,g5.hpc.coe,40875,0.5001,0,100.0,2035.0,12288.0,25819354632,26774502947,27465408,28952031,420152,0,0,0,0,0,0,0,0,0,0,0,0,34700082,34736748,34894,34929,301,0,0,0,0,0,0,0,0
1778081144.3875859,g5.hpc.coe,40875,0.5001,0,100.0,2035.0,12288.0,25854744841,26809929732,27501057,28987709,420192,0,0,0,0,0,0,0,0,0,0,0,0,35390209,35426785,35649,35678,40,0,0,0,0,0,0,0,0
1778081144.8876777,g5.hpc.coe,40875,0.5001,0,100.0,2035.0,12288.0,25895694887,26850923781,27542186,29028875,420301,0,0,0,0,0,0,0,0,0,0,0,0,40950046,40994049,41129,41166,109,0,0,0,0,0,0,0,0
1778081145.387778,g5.hpc.coe,40875,0.5001,0,100.0,2035.0,12288.0,25931085184,26886350552,27577834,29064551,421833,0,0,0,0,0,0,0,0,0,0,0,0,35390297,35426771,35648,35676,1532,0,0,0,0,0,0,0,0
1778081145.887844,g5.hpc.coe,40875,0.5001,0,100.0,2035.0,12288.0,25965785414,26921087265,27612722,29099475,422051,0,0,0,0,0,0,0,0,0,0,0,0,34700230,34736713,34888,34924,218,0,0,0,0,0,0,0,0
1778081146.3879402,g5.hpc.coe,40875,0.5001,0,100.0,2035.0,12288.0,26006735532,26962081412,27653841,29140655,422594,0,0,0,0,0,0,0,0,0,0,0,0,40950118,40994147,41119,41180,543,0,0,0,0,0,0,0,0
1778081146.888032,g5.hpc.coe,40875,0.5001,0,100.0,2035.0,12288.0,26042125999,26997508266,27689484,29176336,422629,0,0,0,0,0,0,0,0,0,0,0,0,35390467,35426854,35643,35681,35,0,0,0,0,0,0,0,0
1778081147.388124,g5.hpc.coe,40875,0.5001,0,100.0,2035.0,12288.0,26083076234,27038502357,27730604,29217508,424071,0,0,0,0,0,0,0,0,0,0,0,0,40950235,40994091,41120,41172,1442,0,0,0,0,0,0,0,0
1778081147.888215,g5.hpc.coe,40875,0.5001,0,100.0,2035.0,12288.0,26118466705,27073929114,27766241,29253182,424375,0,0,0,0,0,0,0,0,0,0,0,0,35390471,35426757,35637,35674,304,0,0,0,0,0,0,0,0
1778081148.3883069,g5.hpc.coe,40875,0.5001,0,100.0,2035.0,12288.0,26153166425,27108666109,27801139,29288117,424417,0,0,0,0,0,0,0,0,0,0,0,0,34699720,34736995,34898,34935,42,0,0,0,0,0,0,0,0
1778081148.888398,g5.hpc.coe,40875,0.5001,0,100.0,2035.0,12288.0,26194115749,27149660122,27842257,29329280,424890,0,0,0,0,0,0,0,0,0,0,0,0,40949324,40994013,41118,41163,473,0,0,0,0,0,0,0,0
1778081149.3884916,g5.hpc.coe,40875,0.5001,0,100.0,2035.0,12288.0,26229505322,27185086857,27877896,29364953,424951,0,0,0,0,0,0,0,0,0,0,0,0,35389573,35426735,35639,35673,61,0,0,0,0,0,0,0,0
1778081149.888586,g5.hpc.coe,40875,0.5001,0,100.0,2035.0,12288.0,26270454795,27226080877,27919024,29406117,425040,0,0,0,0,0,0,0,0,0,0,0,0,40949473,40994020,41128,41164,89,0,0,0,0,0,0,0,0
1778081150.3886764,g5.hpc.coe,40875,0.5001,0,100.0,2035.0,12288.0,26305844476,27261507598,27954665,29441788,425085,0,0,0,0,0,0,0,0,0,0,0,0,35389681,35426721,35641,35671,45,0,0,0,0,0,0,0,0
1778081150.8887696,g5.hpc.coe,40875,0.5001,0,100.0,2035.0,12288.0,26340544133,27296244310,27989552,29476714,425123,0,0,0,0,0,0,0,0,0,0,0,0,34699657,34736712,34887,34926,38,0,0,0,0,0,0,0,0
1778081151.388861,g5.hpc.coe,40875,0.5001,0,100.0,2035.0,12288.0,26381493664,27337238309,28030668,29517875,428443,0,0,0,0,0,0,0,0,0,0,0,0,40949531,40993999,41116,41161,3320,0,0,0,0,0,0,0,0
1778081151.8889542,g5.hpc.coe,40875,0.5001,0,100.0,2035.0,12288.0,26416884033,27372665498,28066313,29553557,428488,0,0,0,0,0,0,0,0,0,0,0,0,35390369,35427189,35645,35682,45,0,0,0,0,0,0,0,0
1778081152.389046,g5.hpc.coe,40875,0.5001,0,100.0,2035.0,12288.0,26457833673,27413659546,28107431,29594725,428536,0,0,0,0,0,0,0,0,0,0,0,0,40949640,40994048,41118,41168,48,0,0,0,0,0,0,0,0
1778081152.8891385,g5.hpc.coe,40875,0.5001,0,100.0,2035.0,12288.0,26493223578,27449086310,28143068,29630400,429112,0,0,0,0,0,0,0,0,0,0,0,0,35389905,35426764,35637,35675,576,0,0,0,0,0,0,0,0
1778081153.3892329,g5.hpc.coe,40875,0.5001,0,100.0,2035.0,12288.0,26527923493,27483823107,28177956,29665439,429144,0,0,0,0,0,0,0,0,0,0,0,0,34699915,34736797,34888,35039,32,0,0,0,0,0,0,0,0
1778081153.8893282,g5.hpc.coe,40875,0.5001,0,100.0,2035.0,12288.0,26568873247,27524817149,28219068,29706501,429717,0,0,0,0,0,0,0,0,0,0,0,0,40949754,40994042,41112,41062,573,0,0,0,0,0,0,0,0
1778081154.389422,g5.hpc.coe,40875,0.5001,0,100.0,2035.0,12288.0,26604263294,27560243990,28254705,29742187,429748,0,0,0,0,0,0,0,0,0,0,0,0,35390047,35426841,35637,35686,31,0,0,0,0,0,0,0,0
1778081154.8895137,g5.hpc.coe,40875,0.5001,0,100.0,2035.0,12288.0,26645213178,27601238046,28295822,29783354,429785,0,0,0,0,0,0,0,0,0,0,0,0,40949884,40994056,41117,41167,37,0,0,0,0,0,0,0,0
1778081155.389604,g5.hpc.coe,40875,0.5001,0,100.0,2035.0,12288.0,26683957702,27640582759,28335339,29823357,429837,0,0,0,0,0,0,0,0,0,0,0,0,38744524,39344713,39517,40003,52,0,0,0,0,0,0,0,0
1778081155.889699,g5.hpc.coe,40875,0.5001,0,100.0,2035.0,12288.0,26717244286,27673870913,28368737,29856747,429879,0,0,0,0,0,0,0,0,0,0,0,0,33286584,33288154,33398,33390,42,0,0,0,0,0,0,0,0
1778081156.3897917,g5.hpc.coe,40875,0.5001,0,100.0,2035.0,12288.0,26756899790,27713085567,28408188,29895862,430047,0,0,0,0,0,0,0,0,0,0,0,0,39655504,39214654,39451,39115,168,0,0,0,0,0,0,0,0
1778081156.889887,g5.hpc.coe,40875,0.5001,0,100.0,2035.0,12288.0,26791643617,27747822315,28443078,29930791,430870,0,0,0,0,0,0,0,0,0,0,0,0,34743827,34736748,34890,34929,823,0,0,0,0,0,0,0,0
1778081157.389977,g5.hpc.coe,40875,0.5001,0,100.0,2035.0,12288.0,26832593821,27788816405,28484198,29971956,430924,0,0,0,0,0,0,0,0,0,0,0,0,40950204,40994090,41120,41165,54,0,0,0,0,0,0,0,0
1778081157.8900692,g5.hpc.coe,40875,0.5001,0,100.0,2035.0,12288.0,26867984212,27824243183,28519837,30007633,430972,0,0,0,0,0,0,0,0,0,0,0,0,35390391,35426778,35639,35677,48,0,0,0,0,0,0,0,0
1778081158.3901598,g5.hpc.coe,40875,0.5001,0,100.0,2035.0,12288.0,26906904462,27863720990,28559289,30047566,431018,0,0,0,0,0,0,0,0,0,0,0,0,38920250,39477807,39452,39933,46,0,0,0,0,0,0,0,0
1778081158.8902526,g5.hpc.coe,40875,0.5001,0,100.0,2035.0,12288.0,26944324969,27900663933,28596597,30084465,431348,0,0,0,0,0,0,0,0,0,0,0,0,37420507,36942943,37308,36899,330,0,0,0,0,0,0,0,0
1778081159.3903465,g5.hpc.coe,40875,0.5001,0,100.0,2035.0,12288.0,26979024391,27935400673,28631482,30119395,431407,0,0,0,0,0,0,0,0,0,0,0,0,34699422,34736740,34885,34930,59,0,0,0,0,0,0,0,0
1778081159.8904402,g5.hpc.coe,40875,0.5001,0,100.0,2035.0,12288.0,27020663815,27977084772,28673358,30161314,431461,0,0,0,0,0,0,0,0,0,0,0,0,41639424,41684099,41876,41919,54,0,0,0,0,0,0,0,0
1778081160.3905342,g5.hpc.coe,40875,0.5001,0,100.0,2035.0,12288.0,27055363317,28011821561,28708241,30196251,432136,0,0,0,0,0,0,0,0,0,0,0,0,34699502,34736789,34883,34937,675,0,0,0,0,0,0,0,0
1778081160.8906014,g5.hpc.coe,40875,0.5001,0,100.0,2035.0,12288.0,27096312771,28052815630,28749364,30237422,432186,0,0,0,0,0,0,0,0,0,0,0,0,40949454,40994069,41123,41171,50,0,0,0,0,0,0,0,0
1778081161.3906968,g5.hpc.coe,40875,0.5001,0,100.0,2035.0,12288.0,27131702489,28088242351,28785008,30273093,432730,0,0,0,0,0,0,0,0,0,0,0,0,35389718,35426721,35644,35671,544,0,0,0,0,0,0,0,0
1778081161.890794,g5.hpc.coe,40875,0.5001,0,100.0,2035.0,12288.0,27166402225,28122979035,28819904,30308015,433621,0,0,0,0,0,0,0,0,0,0,0,0,34699736,34736684,34896,34922,891,0,0,0,0,0,0,0,0
1778081162.3908896,g5.hpc.coe,40875,0.5001,0,100.0,2035.0,12288.0,27207351898,28163973159,28861029,30349187,433660,0,0,0,0,0,0,0,0,0,0,0,0,40949673,40994124,41125,41172,39,0,0,0,0,0,0,0,0
1778081162.8909824,g5.hpc.coe,40875,0.5001,0,100.0,2035.0,12288.0,27242741716,28199399943,28896667,30384867,434152,0,0,0,0,0,0,0,0,0,0,0,0,35389818,35426784,35638,35680,492,0,0,0,0,0,0,0,0
1778081163.3910737,g5.hpc.coe,40875,0.5001,0,100.0,2035.0,12288.0,27283691421,28240393991,28937792,30426035,434210,0,0,0,0,0,0,0,0,0,0,0,0,40949705,40994048,41125,41168,58,0,0,0,0,0,0,0,0
1778081163.8911693,g5.hpc.coe,40875,0.5001,0,100.0,2035.0,12288.0,27319081321,28275820832,28973426,30461721,435180,0,0,0,0,0,0,0,0,0,0,0,0,35389900,35426841,35634,35686,970,0,0,0,0,0,0,0,0
1778081164.3912606,g5.hpc.coe,40875,0.5001,0,100.0,2035.0,12288.0,27353781273,28310557559,29008317,30496647,435388,0,0,0,0,0,0,0,0,0,0,0,0,34699952,34736727,34891,34926,208,0,0,0,0,0,0,0,0
1778081164.891355,g5.hpc.coe,40875,0.5001,0,100.0,2035.0,12288.0,27394731170,28351551657,29049447,30537820,435460,0,0,0,0,0,0,0,0,0,0,0,0,40949897,40994098,41130,41173,72,0,0,0,0,0,0,0,0
1778081165.391447,g5.hpc.coe,40875,0.5001,0,100.0,2035.0,12288.0,27430121212,28386978414,29085081,30573494,435500,0,0,0,0,0,0,0,0,0,0,0,0,35390042,35426757,35634,35674,40,0,0,0,0,0,0,0,0
1778081165.891538,g5.hpc.coe,40875,0.5001,0,100.0,2035.0,12288.0,27471071091,28427972470,29126195,30614661,435542,0,0,0,0,0,0,0,0,0,0,0,0,40949879,40994056,41114,41167,42,0,0,0,0,0,0,0,0
1778081166.3916323,g5.hpc.coe,40875,0.5001,0,100.0,2035.0,12288.0,27506461283,28463399206,29161837,30650332,436096,0,0,0,0,0,0,0,0,0,0,0,0,35390192,35426736,35642,35671,554,0,0,0,0,0,0,0,0
1778081166.891724,g5.hpc.coe,40875,0.5001,0,100.0,2035.0,12288.0,27541162038,28498136422,29196735,30685272,436138,0,0,0,0,0,0,0,0,0,0,0,0,34700755,34737216,34898,34940,42,0,0,0,0,0,0,0,0
1778081167.3918152,g5.hpc.coe,40875,0.5001,0,100.0,2035.0,12288.0,27582112170,28539130526,29237856,30726439,436465,0,0,0,0,0,0,0,0,0,0,0,0,40950132,40994104,41121,41167,327,0,0,0,0,0,0,0,0
1778081167.891908,g5.hpc.coe,40875,0.5001,0,100.0,2035.0,12288.0,27617502504,28574557220,29273498,30762104,436562,0,0,0,0,0,0,0,0,0,0,0,0,35390334,35426694,35642,35665,97,0,0,0,0,0,0,0,0
1778081168.3919983,g5.hpc.coe,40875,0.5001,0,100.0,2035.0,12288.0,27658452675,28615551227,29314620,30803264,436799,0,0,0,0,0,0,0,0,0,0,0,0,40950171,40994007,41122,41160,237,0,0,0,0,0,0,0,0
1778081168.8920913,g5.hpc.coe,40875,0.5001,0,100.0,2035.0,12288.0,27693843132,28650978040,29350264,30838946,437341,0,0,0,0,0,0,0,0,0,0,0,0,35390457,35426813,35644,35682,542,0,0,0,0,0,0,0,0
1778081169.3921833,g5.hpc.coe,40875,0.5001,0,100.0,2035.0,12288.0,27728543558,28685714788,29385153,30873875,438119,0,0,0,0,0,0,0,0,0,0,0,0,34700426,34736748,34889,34929,778,0,0,0,0,0,0,0,0
1778081169.8922746,g5.hpc.coe,40875,0.5001,0,100.0,2035.0,12288.0,27769493907,28726708837,29426278,30915041,438335,0,0,0,0,0,0,0,0,0,0,0,0,40950349,40994049,41125,41166,216,0,0,0,0,0,0,0,0
1778081170.3923666,g5.hpc.coe,40875,0.5001,0,100.0,2035.0,12288.0,27804883390,28762135670,29461913,30950728,438373,0,0,0,0,0,0,0,0,0,0,0,0,35389483,35426833,35635,35687,38,0,0,0,0,0,0,0,0
1778081170.892459,g5.hpc.coe,40875,0.5001,0,100.0,2035.0,12288.0,27845832773,28803129648,29503037,30991886,438761,0,0,0,0,0,0,0,0,0,0,0,0,40949383,40993978,41124,41158,388,0,0,0,0,0,0,0,0
1778081171.3925476,g5.hpc.coe,40875,0.5001,0,100.0,2035.0,12288.0,27881222350,28838556390,29538672,31027560,439045,0,0,0,0,0,0,0,0,0,0,0,0,35389577,35426742,35635,35674,284,0,0,0,0,0,0,0,0
1778081171.8926413,g5.hpc.coe,40875,0.5001,0,100.0,2035.0,12288.0,27915921994,28873293116,29573566,31062488,439793,0,0,0,0,0,0,0,0,0,0,0,0,34699644,34736726,34894,34928,748,0,0,0,0,0,0,0,0
1778081172.3927326,g5.hpc.coe,40875,0.5001,0,100.0,2035.0,12288.0,27956871498,28914287185,29614687,31103659,440097,0,0,0,0,0,0,0,0,0,0,0,0,40949504,40994069,41121,41171,304,0,0,0,0,0,0,0,0
1778081172.8928285,g5.hpc.coe,40875,0.5001,0,100.0,2035.0,12288.0,27992261183,28949713983,29650317,31139341,440156,0,0,0,0,0,0,0,0,0,0,0,0,35389685,35426798,35630,35682,59,0,0,0,0,0,0,0,0
1778081173.392921,g5.hpc.coe,40875,0.5001,0,100.0,2035.0,12288.0,28033210775,28990707975,29691437,31180501,442946,0,0,0,0,0,0,0,0,0,0,0,0,40949592,40993992,41120,41160,2790,0,0,0,0,0,0,0,0
1778081173.8930125,g5.hpc.coe,40875,0.5001,0,100.0,2035.0,12288.0,28068600569,29026134745,29727069,31216179,442985,0,0,0,0,0,0,0,0,0,0,0,0,35389794,35426770,35632,35678,39,0,0,0,0,0,0,0,0
1778081174.393103,g5.hpc.coe,40875,0.5001,0,100.0,2035.0,12288.0,28103712529,29061695510,29762861,31252287,443027,0,0,0,0,0,0,0,0,0,0,0,0,35111960,35560765,35792,36108,42,0,0,0,0,0,0,0,0
1778081174.8932104,g5.hpc.coe,40875,0.5001,0,100.0,2035.0,12288.0,28144250270,29101865542,29803138,31292364,444403,0,0,0,0,0,0,0,0,0,0,0,0,40537741,40170032,40277,40077,1376,0,0,0,0,0,0,0,0
1778081175.3933036,g5.hpc.coe,40875,0.5001,0,100.0,2035.0,12288.0,28179640312,29137292243,29838736,31327940,444439,0,0,0,0,0,0,0,0,0,0,0,0,35390042,35426701,35598,35576,36,0,0,0,0,0,0,0,0
1778081175.8934047,g5.hpc.coe,40875,0.5001,0,100.0,2035.0,12288.0,28220590163,29178286264,29879857,31369102,444482,0,0,0,0,0,0,0,0,0,0,0,0,40949851,40994021,41121,41162,43,0,0,0,0,0,0,0,0
1778081176.3934984,g5.hpc.coe,40875,0.5001,0,100.0,2035.0,12288.0,28255980229,29213713098,29915492,31404787,444516,0,0,0,0,0,0,0,0,0,0,0,0,35390066,35426834,35635,35685,34,0,0,0,0,0,0,0,0
1778081176.8935893,g5.hpc.coe,40875,0.5001,0,100.0,2035.0,12288.0,28294723963,29252687283,29954566,31444207,444579,0,0,0,0,0,0,0,0,0,0,0,0,38743734,38974185,39074,39420,63,0,0,0,0,0,0,0,0
1778081177.393682,g5.hpc.coe,40875,0.5001,0,100.0,2035.0,12288.0,28332320447,29290133897,29992264,31481626,445616,0,0,0,0,0,0,0,0,0,0,0,0,37596484,37446614,37698,37419,1037,0,0,0,0,0,0,0,0
1778081177.8937767,g5.hpc.coe,40875,0.5001,0,100.0,2035.0,12288.0,28367020688,29324870728,30027151,31516560,445655,0,0,0,0,0,0,0,0,0,0,0,0,34700241,34736831,34887,34934,39,0,0,0,0,0,0,0,0
1778081178.3938665,g5.hpc.coe,40875,0.5001,0,100.0,2035.0,12288.0,28407970810,29365864721,30068277,31557718,446110,0,0,0,0,0,0,0,0,0,0,0,0,40950122,40993993,41126,41158,455,0,0,0,0,0,0,0,0
1778081178.8939586,g5.hpc.coe,40875,0.5001,0,100.0,2035.0,12288.0,28443361099,29401291485,30103910,31593393,446154,0,0,0,0,0,0,0,0,0,0,0,0,35390289,35426764,35633,35675,44,0,0,0,0,0,0,0,0
1778081179.3940477,g5.hpc.coe,40875,0.5001,0,100.0,2035.0,12288.0,28484311309,29442285555,30145035,31634562,446257,0,0,0,0,0,0,0,0,0,0,0,0,40950210,40994070,41125,41169,103,0,0,0,0,0,0,0,0
1778081179.8941374,g5.hpc.coe,40875,0.5001,0,100.0,2035.0,12288.0,28519701708,29477712305,30180668,31670235,446299,0,0,0,0,0,0,0,0,0,0,0,0,35390399,35426750,35633,35673,42,0,0,0,0,0,0,0,0
1778081180.3942294,g5.hpc.coe,40875,0.5001,0,100.0,2035.0,12288.0,28554402201,29512448997,30215564,31705156,446343,0,0,0,0,0,0,0,0,0,0,0,0,34700493,34736692,34896,34921,44,0,0,0,0,0,0,0,0
1778081180.894319,g5.hpc.coe,40875,0.5001,0,100.0,2035.0,12288.0,28595351542,29553443003,30256693,31746318,446427,0,0,0,0,0,0,0,0,0,0,0,0,40949341,40994006,41129,41162,84,0,0,0,0,0,0,0,0
1778081181.3944077,g5.hpc.coe,40875,0.5001,0,100.0,2035.0,12288.0,28630741042,29588869745,30292328,31781992,446982,0,0,0,0,0,0,0,0,0,0,0,0,35389500,35426742,35635,35674,555,0,0,0,0,0,0,0,0
1778081181.8945038,g5.hpc.coe,40875,0.5001,0,100.0,2035.0,12288.0,28671691052,29629864205,30333465,31823163,447022,0,0,0,0,0,0,0,0,0,0,0,0,40950010,40994460,41137,41171,40,0,0,0,0,0,0,0,0
1778081182.394596,g5.hpc.coe,40875,0.5001,0,100.0,2035.0,12288.0,28707080640,29665290996,30369099,31858844,447701,0,0,0,0,0,0,0,0,0,0,0,0,35389588,35426791,35634,35681,679,0,0,0,0,0,0,0,0
1778081182.8946877,g5.hpc.coe,40875,0.5001,0,100.0,2035.0,12288.0,28741780378,29700027735,30403995,31893767,447743,0,0,0,0,0,0,0,0,0,0,0,0,34699738,34736739,34896,34923,42,0,0,0,0,0,0,0,0
1778081183.3947775,g5.hpc.coe,40875,0.5001,0,100.0,2035.0,12288.0,28782729913,29741021762,30445118,31934932,447781,0,0,0,0,0,0,0,0,0,0,0,0,40949535,40994027,41123,41165,38,0,0,0,0,0,0,0,0
1778081183.894871,g5.hpc.coe,40875,0.5001,0,100.0,2035.0,12288.0,28818119706,29776448532,30480761,31970610,447824,0,0,0,0,0,0,0,0,0,0,0,0,35389793,35426770,35643,35678,43,0,0,0,0,0,0,0,0
1778081184.3949604,g5.hpc.coe,40875,0.5001,0,100.0,2035.0,12288.0,28859069385,29817442566,30521891,32011776,447867,0,0,0,0,0,0,0,0,0,0,0,0,40949679,40994034,41130,41166,43,0,0,0,0,0,0,0,0
1778081184.895051,g5.hpc.coe,40875,0.5001,0,100.0,2035.0,12288.0,28894459202,29852869308,30557524,32047450,448729,0,0,0,0,0,0,0,0,0,0,0,0,35389817,35426742,35633,35674,862,0,0,0,0,0,0,0,0
1778081185.3951416,g5.hpc.coe,40875,0.5001,0,100.0,2035.0,12288.0,28929159072,29887606070,30592412,32082381,448772,0,0,0,0,0,0,0,0,0,0,0,0,34699870,34736762,34888,34931,43,0,0,0,0,0,0,0,0
1778081185.8952334,g5.hpc.coe,40875,0.5001,0,100.0,2035.0,12288.0,28970108809,29928600077,30633528,32123541,448815,0,0,0,0,0,0,0,0,0,0,0,0,40949737,40994007,41116,41160,43,0,0,0,0,0,0,0,0
1778081186.3953264,g5.hpc.coe,40875,0.5001,0,100.0,2035.0,12288.0,29005498783,29964026792,30669161,32159209,448926,0,0,0,0,0,0,0,0,0,0,0,0,35389974,35426715,35633,35668,111,0,0,0,0,0,0,0,0
1778081186.8954182,g5.hpc.coe,40875,0.5001,0,100.0,2035.0,12288.0,29046448643,30005020890,30710281,32200382,450228,0,0,0,0,0,0,0,0,0,0,0,0,40949860,40994098,41120,41173,1302,0,0,0,0,0,0,0,0
1778081187.3955095,g5.hpc.coe,40875,0.5001,0,100.0,2035.0,12288.0,29081838775,30040447612,30745923,32236051,451222,0,0,0,0,0,0,0,0,0,0,0,0,35390132,35426722,35642,35669,994,0,0,0,0,0,0,0,0
1778081187.895601,g5.hpc.coe,40875,0.5001,0,100.0,2035.0,12288.0,29116538945,30075184387,30780811,32270977,451898,0,0,0,0,0,0,0,0,0,0,0,0,34700170,34736775,34888,34926,676,0,0,0,0,0,0,0,0
1778081188.3956928,g5.hpc.coe,40875,0.5001,0,100.0,2035.0,12288.0,29157488962,30116178471,30821933,32312148,452177,0,0,0,0,0,0,0,0,0,0,0,0,40950017,40994084,41122,41171,279,0,0,0,0,0,0,0,0
1778081188.8957832,g5.hpc.coe,40875,0.5001,0,100.0,2035.0,12288.0,29192879208,30151605326,30857571,32347836,452209,0,0,0,0,0,0,0,0,0,0,0,0,35390246,35426855,35638,35688,32,0,0,0,0,0,0,0,0
1778081189.395878,g5.hpc.coe,40875,0.5001,0,100.0,2035.0,12288.0,29233829284,30192599438,30898688,32389011,452263,0,0,0,0,0,0,0,0,0,0,0,0,40950076,40994112,41117,41175,54,0,0,0,0,0,0,0,0
1778081189.8959687,g5.hpc.coe,40875,0.5001,0,100.0,2035.0,12288.0,29269219610,30228026307,30934324,32424701,452298,0,0,0,0,0,0,0,0,0,0,0,0,35390326,35426869,35636,35690,35,0,0,0,0,0,0,0,0
1778081190.3960614,g5.hpc.coe,40875,0.5001,0,100.0,2035.0,12288.0,29303919982,30262763048,30969216,32459629,452337,0,0,0,0,0,0,0,0,0,0,0,0,34700372,34736741,34892,34928,39,0,0,0,0,0,0,0,0
1778081190.896161,g5.hpc.coe,40875,0.5001,0,100.0,2035.0,12288.0,29345560134,30304447169,31011088,32501549,454623,0,0,0,0,0,0,0,0,0,0,0,0,41640152,41684121,41872,41920,2286,0,0,0,0,0,0,0,0
1778081191.3962548,g5.hpc.coe,40875,0.5001,0,100.0,2035.0,12288.0,29380260733,30339183959,31045974,32536484,454671,0,0,0,0,0,0,0,0,0,0,0,0,34700599,34736790,34886,34935,48,0,0,0,0,0,0,0,0
1778081191.8963482,g5.hpc.coe,40875,0.5001,0,100.0,2035.0,12288.0,29421210042,30380178007,31087096,32577652,455218,0,0,0,0,0,0,0,0,0,0,0,0,40949309,40994048,41122,41168,547,0,0,0,0,0,0,0,0
1778081192.3964453,g5.hpc.coe,40875,0.5001,0,100.0,2035.0,12288.0,29456599594,30415604728,31122736,32613323,455258,0,0,0,0,0,0,0,0,0,0,0,0,35389552,35426721,35640,35671,40,0,0,0,0,0,0,0,0
1778081192.8965392,g5.hpc.coe,40875,0.5001,0,100.0,2035.0,12288.0,29491299169,30450341551,31157622,32648258,455298,0,0,0,0,0,0,0,0,0,0,0,0,34699575,34736823,34886,34935,40,0,0,0,0,0,0,0,0
1778081193.3966346,g5.hpc.coe,40875,0.5001,0,100.0,2035.0,12288.0,29532938693,30492025559,31199496,32690164,457996,0,0,0,0,0,0,0,0,0,0,0,0,41639524,41684008,41874,41906,2698,0,0,0,0,0,0,0,0
1778081193.8967323,g5.hpc.coe,40875,0.5001,0,100.0,2035.0,12288.0,29567638364,30526762313,31234389,32725096,458264,0,0,0,0,0,0,0,0,0,0,0,0,34699671,34736754,34893,34932,268,0,0,0,0,0,0,0,0
1778081194.3968263,g5.hpc.coe,40875,0.5001,0,100.0,2035.0,12288.0,29608587861,30567756354,31275504,32766263,458318,0,0,0,0,0,0,0,0,0,0,0,0,40949497,40994041,41115,41167,54,0,0,0,0,0,0,0,0
1778081194.8969216,g5.hpc.coe,40875,0.5001,0,100.0,2035.0,12288.0,29643977657,30603183110,31311145,32801939,458361,0,0,0,0,0,0,0,0,0,0,0,0,35389796,35426756,35641,35676,43,0,0,0,0,0,0,0,0
1778081195.3970113,g5.hpc.coe,40875,0.5001,0,100.0,2035.0,12288.0,29683401224,30643167893,31351205,32842370,458746,0,0,0,0,0,0,0,0,0,0,0,0,39423567,39984783,40060,40431,385,0,0,0,0,0,0,0,0
1778081195.8971047,g5.hpc.coe,40875,0.5001,0,100.0,2035.0,12288.0,29720317146,30679603844,31387902,32878773,459248,0,0,0,0,0,0,0,0,0,0,0,0,36915922,36435951,36697,36403,502,0,0,0,0,0,0,0,0
1778081196.397202,g5.hpc.coe,40875,0.5001,0,100.0,2035.0,12288.0,29755017069,30714340557,31422795,32913697,460040,0,0,0,0,0,0,0,0,0,0,0,0,34699923,34736713,34893,34924,792,0,0,0,0,0,0,0,0
1778081196.8972974,g5.hpc.coe,40875,0.5001,0,100.0,2035.0,12288.0,29795967455,30755335109,31463927,32954879,460083,0,0,0,0,0,0,0,0,0,0,0,0,40950386,40994552,41132,41182,43,0,0,0,0,0,0,0,0
1778081197.397392,g5.hpc.coe,40875,0.5001,0,100.0,2035.0,12288.0,29831357510,30790761908,31499569,32990559,460115,0,0,0,0,0,0,0,0,0,0,0,0,35390055,35426799,35642,35680,32,0,0,0,0,0,0,0,0
1778081197.8974872,g5.hpc.coe,40875,0.5001,0,100.0,2035.0,12288.0,29871192932,30830927091,31540156,33031341,460149,0,0,0,0,0,0,0,0,0,0,0,0,39835422,40165183,40587,40782,34,0,0,0,0,0,0,0,0
1778081198.3975837,g5.hpc.coe,40875,0.5001,0,100.0,2035.0,12288.0,29907697593,30867182839,31576330,33067410,461091,0,0,0,0,0,0,0,0,0,0,0,0,36504661,36255748,36174,36069,942,0,0,0,0,0,0,0,0
1778081198.8976784,g5.hpc.coe,40875,0.5001,0,100.0,2035.0,12288.0,29942397739,30901919650,31611221,33102348,461139,0,0,0,0,0,0,0,0,0,0,0,0,34700146,34736811,34891,34938,48,0,0,0,0,0,0,0,0
1778081199.397772,g5.hpc.coe,40875,0.5001,0,100.0,2035.0,12288.0,29983347752,30942913769,31652340,33143524,463133,0,0,0,0,0,0,0,0,0,0,0,0,40950013,40994119,41119,41176,1994,0,0,0,0,0,0,0,0
1778081199.89787,g5.hpc.coe,40875,0.5001,0,100.0,2035.0,12288.0,30018737924,30978340561,31687965,33179203,463168,0,0,0,0,0,0,0,0,0,0,0,0,35390172,35426792,35625,35679,35,0,0,0,0,0,0,0,0
1778081200.397969,g5.hpc.coe,40875,0.5001,0,100.0,2035.0,12288.0,30059688052,31019334582,31729087,33220365,463219,0,0,0,0,0,0,0,0,0,0,0,0,40950128,40994021,41122,41162,51,0,0,0,0,0,0,0,0
1778081200.8980641,g5.hpc.coe,40875,0.5001,0,100.0,2035.0,12288.0,30095078402,31054761374,31764724,33256044,463720,0,0,0,0,0,0,0,0,0,0,0,0,35390350,35426792,35637,35679,501,0,0,0,0,0,0,0,0
1778081201.3981566,g5.hpc.coe,40875,0.5001,0,100.0,2035.0,12288.0,30129778841,31089498073,31799621,33290966,463757,0,0,0,0,0,0,0,0,0,0,0,0,34700439,34736699,34897,34922,37,0,0,0,0,0,0,0,0
1778081201.8982484,g5.hpc.coe,40875,0.5001,0,100.0,2035.0,12288.0,30170729084,31130492136,31840737,33332134,464621,0,0,0,0,0,0,0,0,0,0,0,0,40950243,40994063,41116,41168,864,0,0,0,0,0,0,0,0
1778081202.3983426,g5.hpc.coe,40875,0.5001,0,100.0,2035.0,12288.0,30206119654,31165918837,31876383,33367800,464661,0,0,0,0,0,0,0,0,0,0,0,0,35390570,35426701,35646,35666,40,0,0,0,0,0,0,0,0
1778081202.8984418,g5.hpc.coe,40875,0.5001,0,100.0,2035.0,12288.0,30247068931,31206912969,31917498,33408980,465555,0,0,0,0,0,0,0,0,0,0,0,0,40949277,40994132,41115,41180,894,0,0,0,0,0,0,0,0
1778081203.3985405,g5.hpc.coe,40875,0.5001,0,100.0,2035.0,12288.0,30282458521,31242339759,31953132,33444654,468939,0,0,0,0,0,0,0,0,0,0,0,0,35389590,35426790,35634,35674,3384,0,0,0,0,0,0,0,0
1778081203.8986375,g5.hpc.coe,40875,0.5001,0,100.0,2035.0,12288.0,30317158108,31277076492,31988024,33479583,468969,0,0,0,0,0,0,0,0,0,0,0,0,34699587,34736733,34892,34929,30,0,0,0,0,0,0,0,0
1778081204.398737,g5.hpc.coe,40875,0.5001,0,100.0,2035.0,12288.0,30358107604,31318070477,32029150,33520742,469246,0,0,0,0,0,0,0,0,0,0,0,0,40949496,40993985,41126,41159,277,0,0,0,0,0,0,0,0
1778081204.8988295,g5.hpc.coe,40875,0.5001,0,100.0,2035.0,12288.0,30393497329,31353497254,32064792,33556421,469870,0,0,0,0,0,0,0,0,0,0,0,0,35389725,35426777,35642,35679,624,0,0,0,0,0,0,0,0
1778081205.3989236,g5.hpc.coe,40875,0.5001,0,100.0,2035.0,12288.0,30434446934,31394491337,32105920,33597594,470027,0,0,0,0,0,0,0,0,0,0,0,0,40949605,40994083,41128,41173,157,0,0,0,0,0,0,0,0
1778081205.8990183,g5.hpc.coe,40875,0.5001,0,100.0,2035.0,12288.0,30469836747,31429918121,32141561,33633274,471900,0,0,0,0,0,0,0,0,0,0,0,0,35389813,35426784,35641,35680,1873,0,0,0,0,0,0,0,0
1778081206.3991137,g5.hpc.coe,40875,0.5001,0,100.0,2035.0,12288.0,30504536550,31464654882,32176450,33668207,472974,0,0,0,0,0,0,0,0,0,0,0,0,34699803,34736761,34889,34933,1074,0,0,0,0,0,0,0,0
1778081206.8992069,g5.hpc.coe,40875,0.5001,0,100.0,2035.0,12288.0,30545486243,31505649001,32217568,33709383,474924,0,0,0,0,0,0,0,0,0,0,0,0,40949693,40994119,41118,41176,1950,0,0,0,0,0,0,0,0
1778081207.399299,g5.hpc.coe,40875,0.5001,0,100.0,2035.0,12288.0,30580876138,31541075793,32253198,33745062,475211,0,0,0,0,0,0,0,0,0,0,0,0,35389895,35426792,35630,35679,287,0,0,0,0,0,0,0,0
1778081207.8993907,g5.hpc.coe,40875,0.5001,0,100.0,2035.0,12288.0,30621825968,31582069898,32294322,33786236,475255,0,0,0,0,0,0,0,0,0,0,0,0,40949830,40994105,41124,41174,44,0,0,0,0,0,0,0,0
1778081208.399486,g5.hpc.coe,40875,0.5001,0,100.0,2035.0,12288.0,30657216348,31617496930,32329965,33821911,475422,0,0,0,0,0,0,0,0,0,0,0,0,35390380,35427032,35643,35675,167,0,0,0,0,0,0,0,0
1778081208.8995805,g5.hpc.coe,40875,0.5001,0,100.0,2035.0,12288.0,30691916460,31652233678,32364860,33856840,476293,0,0,0,0,0,0,0,0,0,0,0,0,34700112,34736748,34895,34929,871,0,0,0,0,0,0,0,0
1778081209.3996754,g5.hpc.coe,40875,0.5001,0,100.0,2035.0,12288.0,30732866418,31693227748,32405982,33898009,476850,0,0,0,0,0,0,0,0,0,0,0,0,40949958,40994070,41122,41169,557,0,0,0,0,0,0,0,0
1778081209.899773,g5.hpc.coe,40875,0.5001,0,100.0,2035.0,12288.0,30768256584,31728654561,32441617,33933691,477058,0,0,0,0,0,0,0,0,0,0,0,0,35390166,35426813,35635,35682,208,0,0,0,0,0,0,0,0
1778081210.3998675,g5.hpc.coe,40875,0.5001,0,100.0,2035.0,12288.0,30809206602,31769648659,32482734,33974864,477365,0,0,0,0,0,0,0,0,0,0,0,0,40950018,40994098,41117,41173,307,0,0,0,0,0,0,0,0
1778081210.8999636,g5.hpc.coe,40875,0.5001,0,100.0,2035.0,12288.0,30844596919,31805075395,32518377,34010535,477833,0,0,0,0,0,0,0,0,0,0,0,0,35390317,35426736,35643,35671,468,0,0,0,0,0,0,0,0
1778081211.400055,g5.hpc.coe,40875,0.5001,0,100.0,2035.0,12288.0,30879297233,31839812136,32553269,34045463,478005,0,0,0,0,0,0,0,0,0,0,0,0,34700314,34736741,34892,34928,172,0,0,0,0,0,0,0,0
1778081211.9001508,g5.hpc.coe,40875,0.5001,0,100.0,2035.0,12288.0,30920938018,31881496704,32595145,34087391,478972,0,0,0,0,0,0,0,0,0,0,0,0,41640785,41684568,41876,41928,967,0,0,0,0,0,0,0,0
1778081212.4002485,g5.hpc.coe,40875,0.5001,0,100.0,2035.0,12288.0,30955638441,31916233431,32630037,34122317,479010,0,0,0,0,0,0,0,0,0,0,0,0,34700423,34736727,34892,34926,38,0,0,0,0,0,0,0,0
1778081212.9003417,g5.hpc.coe,40875,0.5001,0,100.0,2035.0,12288.0,30996588753,31957227487,32671160,34163484,479362,0,0,0,0,0,0,0,0,0,0,0,0,40950312,40994056,41123,41167,352,0,0,0,0,0,0,0,0
1778081213.400435,g5.hpc.coe,40875,0.5001,0,100.0,2035.0,12288.0,31031978317,31992654298,32706801,34199161,479409,0,0,0,0,0,0,0,0,0,0,0,0,35389564,35426811,35641,35677,47,0,0,0,0,0,0,0,0
1778081213.9005291,g5.hpc.coe,40875,0.5001,0,100.0,2035.0,12288.0,31068283863,32029542175,32743773,34236582,479536,0,0,0,0,0,0,0,0,0,0,0,0,36305546,36887877,36972,37421,127,0,0,0,0,0,0,0,0
1778081214.4006276,g5.hpc.coe,40875,0.5001,0,100.0,2035.0,12288.0,31108316993,32069075088,32783549,34276003,480343,0,0,0,0,0,0,0,0,0,0,0,0,40033130,39532913,39776,39421,807,0,0,0,0,0,0,0,0
1778081214.9007208,g5.hpc.coe,40875,0.5001,0,100.0,2035.0,12288.0,31143016752,32103811835,32818440,34310934,480379,0,0,0,0,0,0,0,0,0,0,0,0,34699759,34736747,34891,34931,36,0,0,0,0,0,0,0,0
1778081215.4008157,g5.hpc.coe,40875,0.5001,0,100.0,2035.0,12288.0,31183966176,32144805876,32859553,34352101,481881,0,0,0,0,0,0,0,0,0,0,0,0,40949424,40994041,41113,41167,1502,0,0,0,0,0,0,0,0
1778081215.900911,g5.hpc.coe,40875,0.5001,0,100.0,2035.0,12288.0,31219355914,32180232569,32895194,34387768,481915,0,0,0,0,0,0,0,0,0,0,0,0,35389738,35426693,35641,35667,34,0,0,0,0,0,0,0,0
1778081216.4010048,g5.hpc.coe,40875,0.5001,0,100.0,2035.0,12288.0,31258077733,32219698193,32935130,34427896,481957,0,0,0,0,0,0,0,0,0,0,0,0,38721819,39465624,39936,40128,42,0,0,0,0,0,0,0,0
1778081216.9011006,g5.hpc.coe,40875,0.5001,0,100.0,2035.0,12288.0,31295695314,32256653359,32971955,34464610,484087,0,0,0,0,0,0,0,0,0,0,0,0,37617581,36955166,36825,36714,2130,0,0,0,0,0,0,0,0
1778081217.401198,g5.hpc.coe,40875,0.5001,0,100.0,2035.0,12288.0,31330395171,32291390099,33006849,34499540,484413,0,0,0,0,0,0,0,0,0,0,0,0,34699857,34736740,34894,34930,326,0,0,0,0,0,0,0,0
1778081217.901289,g5.hpc.coe,40875,0.5001,0,100.0,2035.0,12288.0,31371344903,32332384099,33047970,34540699,485835,0,0,0,0,0,0,0,0,0,0,0,0,40949732,40994000,41121,41159,1422,0,0,0,0,0,0,0,0
1778081218.4013834,g5.hpc.coe,40875,0.5001,0,100.0,2035.0,12288.0,31406734872,32367810835,33083608,34576370,485875,0,0,0,0,0,0,0,0,0,0,0,0,35389969,35426736,35638,35671,40,0,0,0,0,0,0,0,0
1778081218.9014769,g5.hpc.coe,40875,0.5001,0,100.0,2035.0,12288.0,31446032484,32407620239,33123813,34616751,486795,0,0,0,0,0,0,0,0,0,0,0,0,39297612,39809404,40205,40381,920,0,0,0,0,0,0,0,0
1778081219.4015682,g5.hpc.coe,40875,0.5001,0,100.0,2035.0,12288.0,31483074882,32444231724,33160375,34653215,488001,0,0,0,0,0,0,0,0,0,0,0,0,37042398,36611485,36562,36464,1206,0,0,0,0,0,0,0,0
1778081219.9016569,g5.hpc.coe,40875,0.5001,0,100.0,2035.0,12288.0,31517774914,32478968479,33195258,34688145,488038,0,0,0,0,0,0,0,0,0,0,0,0,34700032,34736755,34883,34930,37,0,0,0,0,0,0,0,0
1778081220.401753,g5.hpc.coe,40875,0.5001,0,100.0,2035.0,12288.0,31558724828,32519962542,33236371,34729313,488635,0,0,0,0,0,0,0,0,0,0,0,0,40949914,40994063,41113,41168,597,0,0,0,0,0,0,0,0
1778081220.9018488,g5.hpc.coe,40875,0.5001,0,100.0,2035.0,12288.0,31594115048,32555389334,33272011,34764992,488710,0,0,0,0,0,0,0,0,0,0,0,0,35390220,35426792,35640,35679,75,0,0,0,0,0,0,0,0
1778081221.401942,g5.hpc.coe,40875,0.5001,0,100.0,2035.0,12288.0,31635065119,32596383397,33313133,34806160,488884,0,0,0,0,0,0,0,0,0,0,0,0,40950071,40994063,41122,41168,174,0,0,0,0,0,0,0,0
1778081221.9020364,g5.hpc.coe,40875,0.5001,0,100.0,2035.0,12288.0,31670455419,32631810161,33348771,34841835,489820,0,0,0,0,0,0,0,0,0,0,0,0,35390300,35426764,35638,35675,936,0,0,0,0,0,0,0,0
1778081222.4021316,g5.hpc.coe,40875,0.5001,0,100.0,2035.0,12288.0,31705155723,32666546881,33383659,34876760,490127,0,0,0,0,0,0,0,0,0,0,0,0,34700304,34736720,34888,34925,307,0,0,0,0,0,0,0,0
1778081222.9022276,g5.hpc.coe,40875,0.5001,0,100.0,2035.0,12288.0,31746105937,32707540965,33424779,34917931,491185,0,0,0,0,0,0,0,0,0,0,0,0,40950214,40994084,41120,41171,1058,0,0,0,0,0,0,0,0
1778081223.402318,g5.hpc.coe,40875,0.5001,0,100.0,2035.0,12288.0,31781496402,32742967701,33460418,34953602,491227,0,0,0,0,0,0,0,0,0,0,0,0,35390465,35426736,35639,35671,42,0,0,0,0,0,0,0,0
1778081223.9024103,g5.hpc.coe,40875,0.5001,0,100.0,2035.0,12288.0,31822446816,32783961882,33501544,34994780,492019,0,0,0,0,0,0,0,0,0,0,0,0,40950414,40994181,41126,41178,792,0,0,0,0,0,0,0,0
1778081224.4025047,g5.hpc.coe,40875,0.5001,0,100.0,2035.0,12288.0,31857836357,32819388659,33537188,35030459,492331,0,0,0,0,0,0,0,0,0,0,0,0,35389541,35426777,35644,35679,312,0,0,0,0,0,0,0,0
1778081224.9025977,g5.hpc.coe,40875,0.5001,0,100.0,2035.0,12288.0,31892535866,32854125301,33572077,35065375,492379,0,0,0,0,0,0,0,0,0,0,0,0,34699509,34736642,34889,34916,48,0,0,0,0,0,0,0,0
1778081225.402696,g5.hpc.coe,40875,0.5001,0,100.0,2035.0,12288.0,31933485291,32895119391,33613201,35106549,492658,0,0,0,0,0,0,0,0,0,0,0,0,40949425,40994090,41124,41174,279,0,0,0,0,0,0,0,0
1778081225.9027898,g5.hpc.coe,40875,0.5001,0,100.0,2035.0,12288.0,31968874918,32930546112,33648837,35142220,492703,0,0,0,0,0,0,0,0,0,0,0,0,35389627,35426721,35636,35671,45,0,0,0,0,0,0,0,0
1778081226.4028888,g5.hpc.coe,40875,0.5001,0,100.0,2035.0,12288.0,32009824417,32971540153,33689958,35183387,494853,0,0,0,0,0,0,0,0,0,0,0,0,40949499,40994041,41121,41167,2150,0,0,0,0,0,0,0,0
1778081226.902982,g5.hpc.coe,40875,0.5001,0,100.0,2035.0,12288.0,32045214741,33006967356,33725606,35219071,497478,0,0,0,0,0,0,0,0,0,0,0,0,35390324,35427203,35648,35684,2625,0,0,0,0,0,0,0,0
1778081227.4030738,g5.hpc.coe,40875,0.5001,0,100.0,2035.0,12288.0,32079914501,33041704110,33760497,35254003,497526,0,0,0,0,0,0,0,0,0,0,0,0,34699760,34736754,34891,34932,48,0,0,0,0,0,0,0,0
1778081227.9031675,g5.hpc.coe,40875,0.5001,0,100.0,2035.0,12288.0,32121554172,33083388174,33802366,35295917,497563,0,0,0,0,0,0,0,0,0,0,0,0,41639671,41684064,41869,41914,37,0,0,0,0,0,0,0,0
1778081228.4032586,g5.hpc.coe,40875,0.5001,0,100.0,2035.0,12288.0,32156254062,33118124865,33837262,35330840,497602,0,0,0,0,0,0,0,0,0,0,0,0,34699890,34736691,34896,34923,39,0,0,0,0,0,0,0,0
1778081228.9033554,g5.hpc.coe,40875,0.5001,0,100.0,2035.0,12288.0,32197203869,33159118955,33878382,35372005,497637,0,0,0,0,0,0,0,0,0,0,0,0,40949807,40994090,41120,41165,35,0,0,0,0,0,0,0,0
1778081229.4034462,g5.hpc.coe,40875,0.5001,0,100.0,2035.0,12288.0,32232593800,33194545719,33914012,35407680,501691,0,0,0,0,0,0,0,0,0,0,0,0,35389931,35426764,35630,35675,4054,0,0,0,0,0,0,0,0
1778081229.9035456,g5.hpc.coe,40875,0.5001,0,100.0,2035.0,12288.0,32267293791,33229282453,33948900,35442607,501738,0,0,0,0,0,0,0,0,0,0,0,0,34699991,34736734,34888,34927,47,0,0,0,0,0,0,0,0
1778081230.40364,g5.hpc.coe,40875,0.5001,0,100.0,2035.0,12288.0,32308243705,33270276544,33990024,35483779,501782,0,0,0,0,0,0,0,0,0,0,0,0,40949914,40994091,41124,41172,44,0,0,0,0,0,0,0,0
1778081230.903734,g5.hpc.coe,40875,0.5001,0,100.0,2035.0,12288.0,32343633834,33305703364,34025662,35519462,501824,0,0,0,0,0,0,0,0,0,0,0,0,35390129,35426820,35638,35683,42,0,0,0,0,0,0,0,0
1778081231.4038277,g5.hpc.coe,40875,0.5001,0,100.0,2035.0,12288.0,32384583821,33346697427,34066783,35560630,502363,0,0,0,0,0,0,0,0,0,0,0,0,40949987,40994063,41121,41168,539,0,0,0,0,0,0,0,0
1778081231.9039247,g5.hpc.coe,40875,0.5001,0,100.0,2035.0,12288.0,32419974065,33382124191,34102424,35596305,503009,0,0,0,0,0,0,0,0,0,0,0,0,35390244,35426764,35641,35675,646,0,0,0,0,0,0,0,0
1778081232.4040184,g5.hpc.coe,40875,0.5001,0,100.0,2035.0,12288.0,32455528280,33418112784,34138710,35632895,503050,0,0,0,0,0,0,0,0,0,0,0,0,35554215,35988593,36286,36590,41,0,0,0,0,0,0,0,0
1778081232.9041133,g5.hpc.coe,40875,0.5001,0,100.0,2035.0,12288.0,32495624407,33457855065,34178431,35672462,504653,0,0,0,0,0,0,0,0,0,0,0,0,40096127,39742281,39721,39567,1603,0,0,0,0,0,0,0,0
1778081233.404206,g5.hpc.coe,40875,0.5001,0,100.0,2035.0,12288.0,32531014717,33493281836,34214061,35708087,504688,0,0,0,0,0,0,0,0,0,0,0,0,35390310,35426771,35630,35625,35,0,0,0,0,0,0,0,0
1778081233.9043007,g5.hpc.coe,40875,0.5001,0,100.0,2035.0,12288.0,32571964998,33534275947,34255179,35749255,504732,0,0,0,0,0,0,0,0,0,0,0,0,40950281,40994111,41118,41168,44,0,0,0,0,0,0,0,0
1778081234.4043994,g5.hpc.coe,40875,0.5001,0,100.0,2035.0,12288.0,32607355536,33569702725,34290826,35784932,505050,0,0,0,0,0,0,0,0,0,0,0,0,35390538,35426778,35647,35677,318,0,0,0,0,0,0,0,0
1778081234.9044902,g5.hpc.coe,40875,0.5001,0,100.0,2035.0,12288.0,32644174181,33607555342,34328372,35823350,505097,0,0,0,0,0,0,0,0,0,0,0,0,36818645,37852617,37546,38418,47,0,0,0,0,0,0,0,0
1778081235.4045804,g5.hpc.coe,40875,0.5001,0,100.0,2035.0,12288.0,32683694283,33646123529,34367578,35861776,506489,0,0,0,0,0,0,0,0,0,0,0,0,39520102,38568187,39206,38426,1392,0,0,0,0,0,0,0,0
1778081235.9046822,g5.hpc.coe,40875,0.5001,0,100.0,2035.0,12288.0,32721413427,33684912469,34406074,35900872,506528,0,0,0,0,0,0,0,0,0,0,0,0,37719144,38788940,38496,39096,39,0,0,0,0,0,0,0,0
1778081236.4047778,g5.hpc.coe,40875,0.5001,0,100.0,2035.0,12288.0,32759343141,33721854261,34443575,35937866,507091,0,0,0,0,0,0,0,0,0,0,0,0,37929714,36941792,37501,36994,563,0,0,0,0,0,0,0,0
1778081236.904876,g5.hpc.coe,40875,0.5001,0,100.0,2035.0,12288.0,32794732855,33757280996,34479221,35973539,507403,0,0,0,0,0,0,0,0,0,0,0,0,35389714,35426735,35646,35673,312,0,0,0,0,0,0,0,0
1778081237.4049692,g5.hpc.coe,40875,0.5001,0,100.0,2035.0,12288.0,32835538297,33798267476,34520334,36014691,507446,0,0,0,0,0,0,0,0,0,0,0,0,40805442,40986480,41113,41152,43,0,0,0,0,0,0,0,0
1778081237.9050653,g5.hpc.coe,40875,0.5001,0,100.0,2035.0,12288.0,32871072125,33833701737,34555980,36050374,508384,0,0,0,0,0,0,0,0,0,0,0,0,35533828,35434261,35646,35683,938,0,0,0,0,0,0,0,0
1778081238.4051602,g5.hpc.coe,40875,0.5001,0,100.0,2035.0,12288.0,32905771867,33868438449,34590866,36085300,508577,0,0,0,0,0,0,0,0,0,0,0,0,34699742,34736712,34886,34926,193,0,0,0,0,0,0,0,0
1778081238.9052541,g5.hpc.coe,40875,0.5001,0,100.0,2035.0,12288.0,32946721512,33909432504,34631985,36126469,508613,0,0,0,0,0,0,0,0,0,0,0,0,40949645,40994055,41119,41169,36,0,0,0,0,0,0,0,0
1778081239.4053457,g5.hpc.coe,40875,0.5001,0,100.0,2035.0,12288.0,32982111513,33944859281,34667627,36162139,508666,0,0,0,0,0,0,0,0,0,0,0,0,35390001,35426777,35642,35670,53,0,0,0,0,0,0,0,0
1778081239.905439,g5.hpc.coe,40875,0.5001,0,100.0,2035.0,12288.0,33023061053,33985845762,34708737,36203289,508713,0,0,0,0,0,0,0,0,0,0,0,0,40949540,40986481,41110,41150,47,0,0,0,0,0,0,0,0
1778081240.405536,g5.hpc.coe,40875,0.5001,0,100.0,2035.0,12288.0,33058451243,34021280080,34744380,36238978,509162,0,0,0,0,0,0,0,0,0,0,0,0,35390190,35434318,35643,35689,449,0,0,0,0,0,0,0,0
1778081240.9056323,g5.hpc.coe,40875,0.5001,0,100.0,2035.0,12288.0,33093151286,34056016807,34779273,36273904,509247,0,0,0,0,0,0,0,0,0,0,0,0,34700043,34736727,34893,34926,85,0,0,0,0,0,0,0,0
1778081241.405729,g5.hpc.coe,40875,0.5001,0,100.0,2035.0,12288.0,33134101168,34097010940,34820390,36315082,515670,0,0,0,0,0,0,0,0,0,0,0,0,40949882,40994133,41117,41178,6423,0,0,0,0,0,0,0,0
1778081241.905822,g5.hpc.coe,40875,0.5001,0,100.0,2035.0,12288.0,33169491923,34132438137,34856041,36350763,515706,0,0,0,0,0,0,0,0,0,0,0,0,35390755,35427197,35651,35681,36,0,0,0,0,0,0,0,0
1778081242.405916,g5.hpc.coe,40875,0.5001,0,100.0,2035.0,12288.0,33210441794,34173432048,34897143,36391931,515752,0,0,0,0,0,0,0,0,0,0,0,0,40949871,40993911,41102,41168,46,0,0,0,0,0,0,0,0
1778081242.9060154,g5.hpc.coe,40875,0.5001,0,100.0,2035.0,12288.0,33245832139,34208859055,34932796,36427619,516427,0,0,0,0,0,0,0,0,0,0,0,0,35390345,35427007,35653,35688,675,0,0,0,0,0,0,0,0
1778081243.4061067,g5.hpc.coe,40875,0.5001,0,100.0,2035.0,12288.0,33280532432,34243595803,34967691,36462548,516644,0,0,0,0,0,0,0,0,0,0,0,0,34700293,34736748,34895,34929,217,0,0,0,0,0,0,0,0
1778081243.906203,g5.hpc.coe,40875,0.5001,0,100.0,2035.0,12288.0,33321482585,34284589852,35008813,36503714,516698,0,0,0,0,0,0,0,0,0,0,0,0,40950153,40994049,41122,41166,54,0,0,0,0,0,0,0,0
1778081244.4062965,g5.hpc.coe,40875,0.5001,0,100.0,2035.0,12288.0,33356873030,34320016671,35044451,36539390,516906,0,0,0,0,0,0,0,0,0,0,0,0,35390445,35426819,35638,35676,208,0,0,0,0,0,0,0,0
1778081244.9063973,g5.hpc.coe,40875,0.5001,0,100.0,2035.0,12288.0,33397823251,34361010783,35085567,36580565,516952,0,0,0,0,0,0,0,0,0,0,0,0,40950221,40994112,41116,41175,46,0,0,0,0,0,0,0,0
1778081245.4064918,g5.hpc.coe,40875,0.5001,0,100.0,2035.0,12288.0,33433213701,34396437610,35121199,36616249,517034,0,0,0,0,0,0,0,0,0,0,0,0,35390450,35426827,35632,35684,82,0,0,0,0,0,0,0,0
1778081245.9065857,g5.hpc.coe,40875,0.5001,0,100.0,2035.0,12288.0,33467913191,34431174294,35156094,36651171,517077,0,0,0,0,0,0,0,0,0,0,0,0,34699490,34736684,34895,34922,43,0,0,0,0,0,0,0,0
1778081246.4066799,g5.hpc.coe,40875,0.5001,0,100.0,2035.0,12288.0,33508862556,34472168363,35197218,36692342,517116,0,0,0,0,0,0,0,0,0,0,0,0,40949365,40994069,41124,41171,39,0,0,0,0,0,0,0,0
1778081246.906774,g5.hpc.coe,40875,0.5001,0,100.0,2035.0,12288.0,33544252066,34507595105,35232846,36728016,517158,0,0,0,0,0,0,0,0,0,0,0,0,35389510,35426742,35628,35674,42,0,0,0,0,0,0,0,0
1778081247.4068656,g5.hpc.coe,40875,0.5001,0,100.0,2035.0,12288.0,33585201532,34548589139,35273971,36769182,517327,0,0,0,0,0,0,0,0,0,0,0,0,40949466,40994034,41125,41166,169,0,0,0,0,0,0,0,0
1778081247.9069607,g5.hpc.coe,40875,0.5001,0,100.0,2035.0,12288.0,33620591164,34584015839,35309603,36804850,518150,0,0,0,0,0,0,0,0,0,0,0,0,35389632,35426700,35632,35668,823,0,0,0,0,0,0,0,0
1778081248.4070544,g5.hpc.coe,40875,0.5001,0,100.0,2035.0,12288.0,33655290814,34618752586,35344487,36839781,518788,0,0,0,0,0,0,0,0,0,0,0,0,34699650,34736747,34884,34931,638,0,0,0,0,0,0,0,0
1778081248.9071457,g5.hpc.coe,40875,0.5001,0,100.0,2035.0,12288.0,33696240471,34659746648,35385619,36880951,518837,0,0,0,0,0,0,0,0,0,0,0,0,40949657,40994062,41132,41170,49,0,0,0,0,0,0,0,0
1778081249.407239,g5.hpc.coe,40875,0.5001,0,100.0,2035.0,12288.0,33731630344,34695173424,35421256,36916623,518878,0,0,0,0,0,0,0,0,0,0,0,0,35389873,35426776,35637,35672,41,0,0,0,0,0,0,0,0
1778081249.9073339,g5.hpc.coe,40875,0.5001,0,100.0,2035.0,12288.0,33772579970,34736167395,35462370,36957780,518926,0,0,0,0,0,0,0,0,0,0,0,0,40949626,40993971,41114,41157,48,0,0,0,0,0,0,0,0
1778081250.4074275,g5.hpc.coe,40875,0.5001,0,100.0,2035.0,12288.0,33807969896,34771594194,35498008,36993460,520666,0,0,0,0,0,0,0,0,0,0,0,0,35389926,35426799,35638,35680,1740,0,0,0,0,0,0,0,0
1778081250.9075203,g5.hpc.coe,40875,0.5001,0,100.0,2035.0,12288.0,33848919667,34812588229,35539127,37034624,520813,0,0,0,0,0,0,0,0,0,0,0,0,40949771,40994035,41119,41164,147,0,0,0,0,0,0,0,0
1778081251.407613,g5.hpc.coe,40875,0.5001,0,100.0,2035.0,12288.0,33883619623,34847324963,35574012,37069551,520988,0,0,0,0,0,0,0,0,0,0,0,0,34699956,34736734,34885,34927,175,0,0,0,0,0,0,0,0
1778081251.9077117,g5.hpc.coe,40875,0.5001,0,100.0,2035.0,12288.0,33919009642,34882751769,35609643,37105232,521120,0,0,0,0,0,0,0,0,0,0,0,0,35390019,35426806,35631,35681,132,0,0,0,0,0,0,0,0
1778081252.4078054,g5.hpc.coe,40875,0.5001,0,100.0,2035.0,12288.0,33959959541,34923745846,35650760,37146402,521169,0,0,0,0,0,0,0,0,0,0,0,0,40949899,40994077,41117,41170,49,0,0,0,0,0,0,0,0
1778081252.9078984,g5.hpc.coe,40875,0.5001,0,100.0,2035.0,12288.0,33995349655,34959172638,35686391,37182081,521490,0,0,0,0,0,0,0,0,0,0,0,0,35390114,35426792,35631,35679,321,0,0,0,0,0,0,0,0
1778081253.4079921,g5.hpc.coe,40875,0.5001,0,100.0,2035.0,12288.0,34030809005,34994768538,35722782,37218574,521526,0,0,0,0,0,0,0,0,0,0,0,0,35459350,35595900,36391,36493,36,0,0,0,0,0,0,0,0
1778081253.908088,g5.hpc.coe,40875,0.5001,0,100.0,2035.0,12288.0,34070999919,35034903491,35762404,37258184,522551,0,0,0,0,0,0,0,0,0,0,0,0,40190914,40134953,39622,39610,1025,0,0,0,0,0,0,0,0
1778081254.4081814,g5.hpc.coe,40875,0.5001,0,100.0,2035.0,12288.0,34106390294,35070330303,35798043,37293859,523333,0,0,0,0,0,0,0,0,0,0,0,0,35390375,35426812,35639,35675,782,0,0,0,0,0,0,0,0
1778081254.908277,g5.hpc.coe,40875,0.5001,0,100.0,2035.0,12288.0,34147340437,35111324338,35839161,37335023,523370,0,0,0,0,0,0,0,0,0,0,0,0,40950143,40994035,41118,41164,37,0,0,0,0,0,0,0,0
1778081255.408369,g5.hpc.coe,40875,0.5001,0,100.0,2035.0,12288.0,34182730831,35146751081,35874796,37370695,523406,0,0,0,0,0,0,0,0,0,0,0,0,35390394,35426743,35635,35672,36,0,0,0,0,0,0,0,0
1778081255.9084663,g5.hpc.coe,40875,0.5001,0,100.0,2035.0,12288.0,34220727928,35184976507,35913397,37409429,523447,0,0,0,0,0,0,0,0,0,0,0,0,37997097,38225426,38601,38734,41,0,0,0,0,0,0,0,0
1778081256.4085555,g5.hpc.coe,40875,0.5001,0,100.0,2035.0,12288.0,34259071648,35223171915,35951560,37447539,529471,0,0,0,0,0,0,0,0,0,0,0,0,38343720,38195408,38163,38110,6024,0,0,0,0,0,0,0,0
1778081256.9086463,g5.hpc.coe,40875,0.5001,0,100.0,2035.0,12288.0,34293771814,35257909025,35986475,37482466,529515,0,0,0,0,0,0,0,0,0,0,0,0,34700166,34737110,34915,34927,44,0,0,0,0,0,0,0,0
1778081257.408743,g5.hpc.coe,40875,0.5001,0,100.0,2035.0,12288.0,34334721238,35298903108,36027605,37523639,529980,0,0,0,0,0,0,0,0,0,0,0,0,40949424,40994083,41130,41173,465,0,0,0,0,0,0,0,0
1778081257.9088385,g5.hpc.coe,40875,0.5001,0,100.0,2035.0,12288.0,34370110814,35334329920,36063240,37559323,530029,0,0,0,0,0,0,0,0,0,0,0,0,35389576,35426812,35635,35684,49,0,0,0,0,0,0,0,0
1778081258.4089322,g5.hpc.coe,40875,0.5001,0,100.0,2035.0,12288.0,34409807797,35374676291,36103646,37600223,530069,0,0,0,0,0,0,0,0,0,0,0,0,39696983,40346371,40406,40900,40,0,0,0,0,0,0,0,0
1778081258.9090242,g5.hpc.coe,40875,0.5001,0,100.0,2035.0,12288.0,34446449941,35410750640,36139996,37636155,531661,0,0,0,0,0,0,0,0,0,0,0,0,36642144,36074349,36350,35932,1592,0,0,0,0,0,0,0,0
1778081259.4091175,g5.hpc.coe,40875,0.5001,0,100.0,2035.0,12288.0,34481149686,35445487380,36174891,37671085,531701,0,0,0,0,0,0,0,0,0,0,0,0,34699745,34736740,34895,34930,40,0,0,0,0,0,0,0,0
1778081259.909215,g5.hpc.coe,40875,0.5001,0,100.0,2035.0,12288.0,34522099311,35486481476,36216009,37712253,531745,0,0,0,0,0,0,0,0,0,0,0,0,40949625,40994096,41118,41168,44,0,0,0,0,0,0,0,0
1778081260.4093108,g5.hpc.coe,40875,0.5001,0,100.0,2035.0,12288.0,34557489110,35521908211,36251642,37747926,532055,0,0,0,0,0,0,0,0,0,0,0,0,35389799,35426735,35633,35673,310,0,0,0,0,0,0,0,0
1778081260.9094038,g5.hpc.coe,40875,0.5001,0,100.0,2035.0,12288.0,34598438775,35562902204,36292765,37789084,532095,0,0,0,0,0,0,0,0,0,0,0,0,40949665,40993993,41123,41158,40,0,0,0,0,0,0,0,0
1778081261.4095018,g5.hpc.coe,40875,0.5001,0,100.0,2035.0,12288.0,34633828754,35598329017,36328400,37824766,532831,0,0,0,0,0,0,0,0,0,0,0,0,35389979,35426813,35635,35682,736,0,0,0,0,0,0,0,0
1778081261.9095926,g5.hpc.coe,40875,0.5001,0,100.0,2035.0,12288.0,34668528736,35633065765,36363293,37859695,533800,0,0,0,0,0,0,0,0,0,0,0,0,34699982,34736748,34893,34929,969,0,0,0,0,0,0,0,0
1778081262.4096882,g5.hpc.coe,40875,0.5001,0,100.0,2035.0,12288.0,34709478572,35674059863,36404412,37900868,533878,0,0,0,0,0,0,0,0,0,0,0,0,40949836,40994098,41119,41173,78,0,0,0,0,0,0,0,0
1778081262.9097812,g5.hpc.coe,40875,0.5001,0,100.0,2035.0,12288.0,34744868546,35709486648,36440034,37936546,534455,0,0,0,0,0,0,0,0,0,0,0,0,35389974,35426785,35622,35678,577,0,0,0,0,0,0,0,0
1778081263.4098737,g5.hpc.coe,40875,0.5001,0,100.0,2035.0,12288.0,34785818511,35750480676,36481158,37977709,534501,0,0,0,0,0,0,0,0,0,0,0,0,40949965,40994028,41124,41163,46,0,0,0,0,0,0,0,0
1778081263.9099674,g5.hpc.coe,40875,0.5001,0,100.0,2035.0,12288.0,34821208713,35785907454,36516799,38013386,535940,0,0,0,0,0,0,0,0,0,0,0,0,35390202,35426778,35641,35677,1439,0,0,0,0,0,0,0,0
1778081264.4100628,g5.hpc.coe,40875,0.5001,0,100.0,2035.0,12288.0,34855908841,35820644125,36551679,38048304,535983,0,0,0,0,0,0,0,0,0,0,0,0,34700128,34736671,34880,34918,43,0,0,0,0,0,0,0,0
1778081264.910159,g5.hpc.coe,40875,0.5001,0,100.0,2035.0,12288.0,34896858991,35861638215,36592800,38089469,536027,0,0,0,0,0,0,0,0,0,0,0,0,40950150,40994090,41121,41165,44,0,0,0,0,0,0,0,0
1778081265.410252,g5.hpc.coe,40875,0.5001,0,100.0,2035.0,12288.0,34932249293,35897064965,36628435,38125142,536060,0,0,0,0,0,0,0,0,0,0,0,0,35390302,35426750,35635,35673,33,0,0,0,0,0,0,0,0
1778081265.9103513,g5.hpc.coe,40875,0.5001,0,100.0,2035.0,12288.0,34973199481,35938059021,36669557,38166309,536110,0,0,0,0,0,0,0,0,0,0,0,0,40950188,40994056,41122,41167,50,0,0,0,0,0,0,0,0
1778081266.410446,g5.hpc.coe,40875,0.5001,0,100.0,2035.0,12288.0,35008589878,35973485785,36705190,38201984,537381,0,0,0,0,0,0,0,0,0,0,0,0,35390397,35426764,35633,35675,1271,0,0,0,0,0,0,0,0
1778081266.9105368,g5.hpc.coe,40875,0.5001,0,100.0,2035.0,12288.0,35043290334,36008222561,36740081,38236917,537916,0,0,0,0,0,0,0,0,0,0,0,0,34700456,34736776,34891,34933,535,0,0,0,0,0,0,0,0
1778081267.410629,g5.hpc.coe,40875,0.5001,0,100.0,2035.0,12288.0,35084239632,36049216581,36781204,38278081,539877,0,0,0,0,0,0,0,0,0,0,0,0,40949298,40994020,41123,41164,1961,0,0,0,0,0,0,0,0
1778081267.9107232,g5.hpc.coe,40875,0.5001,0,100.0,2035.0,12288.0,35119629138,36084643337,36816840,38313757,539914,0,0,0,0,0,0,0,0,0,0,0,0,35389506,35426756,35636,35676,37,0,0,0,0,0,0,0,0
1778081268.4108148,g5.hpc.coe,40875,0.5001,0,100.0,2035.0,12288.0,35160578760,36125637633,36857964,38354929,540897,0,0,0,0,0,0,0,0,0,0,0,0,40949622,40994296,41124,41172,983,0,0,0,0,0,0,0,0
1778081268.910907,g5.hpc.coe,40875,0.5001,0,100.0,2035.0,12288.0,35195968390,36161064382,36893602,38390604,541232,0,0,0,0,0,0,0,0,0,0,0,0,35389630,35426749,35638,35675,335,0,0,0,0,0,0,0,0
1778081269.4109964,g5.hpc.coe,40875,0.5001,0,100.0,2035.0,12288.0,35230667994,36195801157,36928488,38425539,541283,0,0,0,0,0,0,0,0,0,0,0,0,34699604,34736775,34886,34935,51,0,0,0,0,0,0,0,0
1778081269.911085,g5.hpc.coe,40875,0.5001,0,100.0,2035.0,12288.0,35271617508,36236795170,36969608,38466702,541610,0,0,0,0,0,0,0,0,0,0,0,0,40949514,40994013,41120,41163,327,0,0,0,0,0,0,0,0
1778081270.4111772,g5.hpc.coe,40875,0.5001,0,100.0,2035.0,12288.0,35307007265,36272221877,37005246,38502371,541759,0,0,0,0,0,0,0,0,0,0,0,0,35389757,35426707,35638,35669,149,0,0,0,0,0,0,0,0
1778081270.9112704,g5.hpc.coe,40875,0.5001,0,100.0,2035.0,12288.0,35347956866,36313215953,37046365,38543543,541806,0,0,0,0,0,0,0,0,0,0,0,0,40949601,40994076,41119,41172,47,0,0,0,0,0,0,0,0
1778081271.411362,g5.hpc.coe,40875,0.5001,0,100.0,2035.0,12288.0,35383346704,36348642681,37082001,38579215,542835,0,0,0,0,0,0,0,0,0,0,0,0,35389838,35426728,35636,35672,1029,0,0,0,0,0,0,0,0
1778081271.9114573,g5.hpc.coe,40875,0.5001,0,100.0,2035.0,12288.0,35421416985,36387079401,37120777,38618320,542884,0,0,0,0,0,0,0,0,0,0,0,0,38070281,38436720,38776,39105,49,0,0,0,0,0,0,0,0
1778081272.4115486,g5.hpc.coe,40875,0.5001,0,100.0,2035.0,12288.0,35459170118,36424666306,37158484,38656021,546212,0,0,0,0,0,0,0,0,0,0,0,0,37753133,37586905,37707,37701,3328,0,0,0,0,0,0,0,0
1778081272.9116402,g5.hpc.coe,40875,0.5001,0,100.0,2035.0,12288.0,35494386978,36459800780,37193663,38691006,546373,0,0,0,0,0,0,0,0,0,0,0,0,35216860,35134474,35179,34985,161,0,0,0,0,0,0,0,0
1778081273.4117296,g5.hpc.coe,40875,0.5001,0,100.0,2035.0,12288.0,35535336846,36500794808,37234784,38732169,546424,0,0,0,0,0,0,0,0,0,0,0,0,40949868,40994028,41121,41163,51,0,0,0,0,0,0,0,0
1778081273.9118397,g5.hpc.coe,40875,0.5001,0,100.0,2035.0,12288.0,35570726943,36536221586,37270421,38767846,547089,0,0,0,0,0,0,0,0,0,0,0,0,35390097,35426778,35637,35677,665,0,0,0,0,0,0,0,0
1778081274.4119325,g5.hpc.coe,40875,0.5001,0,100.0,2035.0,12288.0,35608518696,36574189900,37308856,38806288,547140,0,0,0,0,0,0,0,0,0,0,0,0,37791753,37968314,38435,38442,51,0,0,0,0,0,0,0,0
1778081274.9120219,g5.hpc.coe,40875,0.5001,0,100.0,2035.0,12288.0,35646692673,36612591441,37347181,38844689,549222,0,0,0,0,0,0,0,0,0,0,0,0,38173977,38401541,38325,38401,2082,0,0,0,0,0,0,0,0
1778081275.412111,g5.hpc.coe,40875,0.5001,0,100.0,2035.0,12288.0,35681767446,36647379244,37382079,38879623,549266,0,0,0,0,0,0,0,0,0,0,0,0,35074773,34787803,34898,34934,44,0,0,0,0,0,0,0,0
1778081275.9122014,g5.hpc.coe,40875,0.5001,0,100.0,2035.0,12288.0,35722717466,36688373286,37423188,38920788,549944,0,0,0,0,0,0,0,0,0,0,0,0,40950020,40994042,41109,41165,678,0,0,0,0,0,0,0,0
1778081276.4122915,g5.hpc.coe,40875,0.5001,0,100.0,2035.0,12288.0,35758107842,36723800022,37458831,38956459,549983,0,0,0,0,0,0,0,0,0,0,0,0,35390376,35426736,35643,35671,39,0,0,0,0,0,0,0,0
1778081276.912388,g5.hpc.coe,40875,0.5001,0,100.0,2035.0,12288.0,35798066772,36764353576,37499423,38997539,553295,0,0,0,0,0,0,0,0,0,0,0,0,39958930,40553554,40592,41080,3312,0,0,0,0,0,0,0,0
1778081277.4124792,g5.hpc.coe,40875,0.5001,0,100.0,2035.0,12288.0,35834448401,36800220786,37535577,39033293,554068,0,0,0,0,0,0,0,0,0,0,0,0,36381629,35867210,36154,35754,773,0,0,0,0,0,0,0,0
1778081277.9125693,g5.hpc.coe,40875,0.5001,0,100.0,2035.0,12288.0,35869148869,36834957485,37570467,39068215,554391,0,0,0,0,0,0,0,0,0,0,0,0,34700468,34736699,34890,34922,323,0,0,0,0,0,0,0,0
1778081278.4126623,g5.hpc.coe,40875,0.5001,0,100.0,2035.0,12288.0,35910098151,36875951484,37611585,39109376,554447,0,0,0,0,0,0,0,0,0,0,0,0,40949282,40993999,41118,41161,56,0,0,0,0,0,0,0,0
1778081278.9127533,g5.hpc.coe,40875,0.5001,0,100.0,2035.0,12288.0,35945487676,36911378275,37647221,39145057,554487,0,0,0,0,0,0,0,0,0,0,0,0,35389525,35426791,35636,35681,40,0,0,0,0,0,0,0,0
1778081279.412844,g5.hpc.coe,40875,0.5001,0,100.0,2035.0,12288.0,35986436989,36952372323,37688330,39186225,554548,0,0,0,0,0,0,0,0,0,0,0,0,40949313,40994048,41109,41168,61,0,0,0,0,0,0,0,0
1778081279.9129367,g5.hpc.coe,40875,0.5001,0,100.0,2035.0,12288.0,36021826601,36987799058,37723965,39221898,554670,0,0,0,0,0,0,0,0,0,0,0,0,35389612,35426735,35635,35673,122,0,0,0,0,0,0,0,0
1778081280.4130251,g5.hpc.coe,40875,0.5001,0,100.0,2035.0,12288.0,36056526245,37022535812,37758854,39256830,554703,0,0,0,0,0,0,0,0,0,0,0,0,34699644,34736754,34889,34932,33,0,0,0,0,0,0,0,0
1778081280.9131253,g5.hpc.coe,40875,0.5001,0,100.0,2035.0,12288.0,36098165744,37064219820,37800713,39298736,554829,0,0,0,0,0,0,0,0,0,0,0,0,41639499,41684008,41859,41906,126,0,0,0,0,0,0,0,0
1778081281.4132252,g5.hpc.coe,40875,0.5001,0,100.0,2035.0,12288.0,36132865496,37098956595,37835604,39333671,554863,0,0,0,0,0,0,0,0,0,0,0,0,34699752,34736775,34891,34935,34,0,0,0,0,0,0,0,0
1778081281.9133208,g5.hpc.coe,40875,0.5001,0,100.0,2035.0,12288.0,36173815102,37139950671,37876721,39374843,555092,0,0,0,0,0,0,0,0,0,0,0,0,40949606,40994076,41117,41172,229,0,0,0,0,0,0,0,0
1778081282.4134142,g5.hpc.coe,40875,0.5001,0,100.0,2035.0,12288.0,36209204986,37175377371,37912361,39410511,556243,0,0,0,0,0,0,0,0,0,0,0,0,35389884,35426700,35640,35668,1151,0,0,0,0,0,0,0,0
1778081282.913509,g5.hpc.coe,40875,0.5001,0,100.0,2035.0,12288.0,36243904882,37210114126,37947250,39445441,557177,0,0,0,0,0,0,0,0,0,0,0,0,34699896,34736755,34889,34930,934,0,0,0,0,0,0,0,0
1778081283.4136014,g5.hpc.coe,40875,0.5001,0,100.0,2035.0,12288.0,36284854680,37251108196,37988372,39486610,557306,0,0,0,0,0,0,0,0,0,0,0,0,40949798,40994070,41122,41169,129,0,0,0,0,0,0,0,0
1778081283.913696,g5.hpc.coe,40875,0.5001,0,100.0,2035.0,12288.0,36320244757,37286534974,38024017,39522287,557453,0,0,0,0,0,0,0,0,0,0,0,0,35390077,35426778,35645,35677,147,0,0,0,0,0,0,0,0
1778081284.4137905,g5.hpc.coe,40875,0.5001,0,100.0,2035.0,12288.0,36361194615,37327529023,38065134,39563453,557507,0,0,0,0,0,0,0,0,0,0,0,0,40949858,40994049,41117,41166,54,0,0,0,0,0,0,0,0
1778081284.9138882,g5.hpc.coe,40875,0.5001,0,100.0,2035.0,12288.0,36396584779,37362955752,38100778,39599123,557945,0,0,0,0,0,0,0,0,0,0,0,0,35390164,35426729,35644,35670,438,0,0,0,0,0,0,0,0
1778081285.4139812,g5.hpc.coe,40875,0.5001,0,100.0,2035.0,12288.0,36431284975,37397692520,38135667,39634048,557982,0,0,0,0,0,0,0,0,0,0,0,0,34700196,34736768,34889,34925,37,0,0,0,0,0,0,0,0
1778081285.9140751,g5.hpc.coe,40875,0.5001,0,100.0,2035.0,12288.0,36472235031,37438686569,38176792,39675214,558036,0,0,0,0,0,0,0,0,0,0,0,0,40950056,40994049,41125,41166,54,0,0,0,0,0,0,0,0
1778081286.414169,g5.hpc.coe,40875,0.5001,0,100.0,2035.0,12288.0,36507625253,37474113368,38212424,39710894,561534,0,0,0,0,0,0,0,0,0,0,0,0,35390222,35426799,35632,35680,3498,0,0,0,0,0,0,0,0
1778081286.914262,g5.hpc.coe,40875,0.5001,0,100.0,2035.0,12288.0,36548576013,37515107850,38253562,39752066,561588,0,0,0,0,0,0,0,0,0,0,0,0,40950760,40994482,41138,41172,54,0,0,0,0,0,0,0,0
1778081287.414354,g5.hpc.coe,40875,0.5001,0,100.0,2035.0,12288.0,36583966330,37550534607,38289194,39787740,562695,0,0,0,0,0,0,0,0,0,0,0,0,35390317,35426757,35632,35674,1107,0,0,0,0,0,0,0,0
1778081287.9144526,g5.hpc.coe,40875,0.5001,0,100.0,2035.0,12288.0,36621295918,37588772023,38327143,39826435,562789,0,0,0,0,0,0,0,0,0,0,0,0,37329588,38237416,37949,38695,94,0,0,0,0,0,0,0,0
1778081288.4145477,g5.hpc.coe,40875,0.5001,0,100.0,2035.0,12288.0,36659617007,37626265390,38365206,39863833,563237,0,0,0,0,0,0,0,0,0,0,0,0,38321089,37493367,38063,37398,448,0,0,0,0,0,0,0,0
1778081288.9146433,g5.hpc.coe,40875,0.5001,0,100.0,2035.0,12288.0,36695007509,37661692126,38400842,39899504,565405,0,0,0,0,0,0,0,0,0,0,0,0,35390502,35426736,35636,35671,2168,0,0,0,0,0,0,0,0
1778081289.414739,g5.hpc.coe,40875,0.5001,0,100.0,2035.0,12288.0,36735956851,37702686230,38441966,39940680,566308,0,0,0,0,0,0,0,0,0,0,0,0,40949342,40994104,41124,41176,903,0,0,0,0,0,0,0,0
1778081289.9148352,g5.hpc.coe,40875,0.5001,0,100.0,2035.0,12288.0,36771346422,37738112951,38477606,39976351,566358,0,0,0,0,0,0,0,0,0,0,0,0,35389571,35426721,35640,35671,50,0,0,0,0,0,0,0,0
1778081290.4149303,g5.hpc.coe,40875,0.5001,0,100.0,2035.0,12288.0,36806046080,37772849690,38512499,40011274,566395,0,0,0,0,0,0,0,0,0,0,0,0,34699658,34736739,34893,34923,37,0,0,0,0,0,0,0,0
1778081290.9150252,g5.hpc.coe,40875,0.5001,0,100.0,2035.0,12288.0,36846995521,37813843703,38553617,40052437,567822,0,0,0,0,0,0,0,0,0,0,0,0,40949441,40994013,41118,41163,1427,0,0,0,0,0,0,0,0
1778081291.415119,g5.hpc.coe,40875,0.5001,0,100.0,2035.0,12288.0,36882385227,37849270494,38589256,40088118,567923,0,0,0,0,0,0,0,0,0,0,0,0,35389706,35426791,35639,35681,101,0,0,0,0,0,0,0,0
1778081291.9152138,g5.hpc.coe,40875,0.5001,0,100.0,2035.0,12288.0,36923334791,37890264493,38630378,40129279,570589,0,0,0,0,0,0,0,0,0,0,0,0,40949564,40993999,41122,41161,2666,0,0,0,0,0,0,0,0
1778081292.415308,g5.hpc.coe,40875,0.5001,0,100.0,2035.0,12288.0,36958724627,37925691242,38666022,40164954,571075,0,0,0,0,0,0,0,0,0,0,0,0,35389836,35426749,35644,35675,486,0,0,0,0,0,0,0,0
1778081292.9154005,g5.hpc.coe,40875,0.5001,0,100.0,2035.0,12288.0,36999674279,37966685262,38707143,40206118,571234,0,0,0,0,0,0,0,0,0,0,0,0,40949652,40994020,41121,41164,159,0,0,0,0,0,0,0,0
1778081293.4154935,g5.hpc.coe,40875,0.5001,0,100.0,2035.0,12288.0,37034374188,38001422010,38742038,40241047,572357,0,0,0,0,0,0,0,0,0,0,0,0,34699909,34736748,34895,34929,1123,0,0,0,0,0,0,0,0
1778081293.915588,g5.hpc.coe,40875,0.5001,0,100.0,2035.0,12288.0,37069764154,38036848823,38777678,40276729,572407,0,0,0,0,0,0,0,0,0,0,0,0,35389966,35426813,35640,35682,50,0,0,0,0,0,0,0,0
1778081294.4156861,g5.hpc.coe,40875,0.5001,0,100.0,2035.0,12288.0,37110713908,38077842872,38818791,40317895,572989,0,0,0,0,0,0,0,0,0,0,0,0,40949754,40994049,41113,41166,582,0,0,0,0,0,0,0,0
1778081294.9157803,g5.hpc.coe,40875,0.5001,0,100.0,2035.0,12288.0,37146103919,38113269657,38854424,40353573,573069,0,0,0,0,0,0,0,0,0,0,0,0,35390011,35426785,35633,35678,80,0,0,0,0,0,0,0,0
1778081295.415875,g5.hpc.coe,40875,0.5001,0,100.0,2035.0,12288.0,37184297433,38151682661,38893308,40392626,573124,0,0,0,0,0,0,0,0,0,0,0,0,38193514,38413004,38884,39053,55,0,0,0,0,0,0,0,0
1778081295.915974,g5.hpc.coe,40875,0.5001,0,100.0,2035.0,12288.0,37222443970,38189690455,38931175,40430405,573729,0,0,0,0,0,0,0,0,0,0,0,0,38146537,38007794,37867,37779,605,0,0,0,0,0,0,0,0
1778081296.4160664,g5.hpc.coe,40875,0.5001,0,100.0,2035.0,12288.0,37257144114,38224427203,38966063,40465334,573765,0,0,0,0,0,0,0,0,0,0,0,0,34700144,34736748,34888,34929,36,0,0,0,0,0,0,0,0
1778081296.9161575,g5.hpc.coe,40875,0.5001,0,100.0,2035.0,12288.0,37298094181,38265421315,39007187,40506509,575127,0,0,0,0,0,0,0,0,0,0,0,0,40950067,40994112,41124,41175,1362,0,0,0,0,0,0,0,0
1778081297.4162583,g5.hpc.coe,40875,0.5001,0,100.0,2035.0,12288.0,37333484457,38300848100,39042824,40542187,575158,0,0,0,0,0,0,0,0,0,0,0,0,35390276,35426785,35637,35678,31,0,0,0,0,0,0,0,0
1778081297.916354,g5.hpc.coe,40875,0.5001,0,100.0,2035.0,12288.0,37374023184,38341834366,39083927,40583337,576367,0,0,0,0,0,0,0,0,0,0,0,0,40538727,40986266,41103,41150,1209,0,0,0,0,0,0,0,0
1778081298.416449,g5.hpc.coe,40875,0.5001,0,100.0,2035.0,12288.0,37409824898,38377269032,39119572,40619045,578265,0,0,0,0,0,0,0,0,0,0,0,0,35801714,35434666,35645,35708,1898,0,0,0,0,0,0,0,0
1778081298.9165463,g5.hpc.coe,40875,0.5001,0,100.0,2035.0,12288.0,37444525287,38412005822,39154459,40653980,578393,0,0,0,0,0,0,0,0,0,0,0,0,34700389,34736790,34887,34935,128,0,0,0,0,0,0,0,0
1778081299.416641,g5.hpc.coe,40875,0.5001,0,100.0,2035.0,12288.0,37485475536,38452999836,39195573,40695141,579686,0,0,0,0,0,0,0,0,0,0,0,0,40950249,40994014,41114,41161,1293,0,0,0,0,0,0,0,0
1778081299.916736,g5.hpc.coe,40875,0.5001,0,100.0,2035.0,12288.0,37520864961,38488426641,39231203,40730824,579879,0,0,0,0,0,0,0,0,0,0,0,0,35389425,35426805,35630,35683,193,0,0,0,0,0,0,0,0
1778081300.416832,g5.hpc.coe,40875,0.5001,0,100.0,2035.0,12288.0,37561812582,38529413253,39272316,40771988,580073,0,0,0,0,0,0,0,0,0,0,0,0,40947621,40986612,41113,41164,194,0,0,0,0,0,0,0,0
1778081300.9169292,g5.hpc.coe,40875,0.5001,0,100.0,2035.0,12288.0,37597203938,38564847577,39307962,40807680,581384,0,0,0,0,0,0,0,0,0,0,0,0,35391356,35434324,35646,35692,1311,0,0,0,0,0,0,0,0
1778081301.4170287,g5.hpc.coe,40875,0.5001,0,100.0,2035.0,12288.0,37631903552,38599584303,39342855,40842608,581822,0,0,0,0,0,0,0,0,0,0,0,0,34699614,34736726,34893,34928,438,0,0,0,0,0,0,0,0
1778081301.9171276,g5.hpc.coe,40875,0.5001,0,100.0,2035.0,12288.0,37672853657,38640578763,39383991,40883779,582157,0,0,0,0,0,0,0,0,0,0,0,0,40950105,40994460,41136,41171,335,0,0,0,0,0,0,0,0
1778081302.417226,g5.hpc.coe,40875,0.5001,0,100.0,2035.0,12288.0,37708243326,38676005526,39419622,40919456,582189,0,0,0,0,0,0,0,0,0,0,0,0,35389669,35426763,35631,35677,32,0,0,0,0,0,0,0,0
1778081302.9173217,g5.hpc.coe,40875,0.5001,0,100.0,2035.0,12288.0,37749192874,38716999574,39460739,40960624,582233,0,0,0,0,0,0,0,0,0,0,0,0,40949548,40994048,41117,41168,44,0,0,0,0,0,0,0,0
1778081303.4174159,g5.hpc.coe,40875,0.5001,0,100.0,2035.0,12288.0,37784582707,38752426316,39496380,40996298,583557,0,0,0,0,0,0,0,0,0,0,0,0,35389833,35426742,35641,35674,1324,0,0,0,0,0,0,0,0
1778081303.9175074,g5.hpc.coe,40875,0.5001,0,100.0,2035.0,12288.0,37819282544,38787163028,39531271,41031224,583705,0,0,0,0,0,0,0,0,0,0,0,0,34699837,34736712,34891,34926,148,0,0,0,0,0,0,0,0
1778081304.4176037,g5.hpc.coe,40875,0.5001,0,100.0,2035.0,12288.0,37860232306,38828157119,39572396,41072396,583758,0,0,0,0,0,0,0,0,0,0,0,0,40949762,40994091,41125,41172,53,0,0,0,0,0,0,0,0
1778081304.9176996,g5.hpc.coe,40875,0.5001,0,100.0,2035.0,12288.0,37895622297,38863583834,39608037,41108064,583803,0,0,0,0,0,0,0,0,0,0,0,0,35389991,35426715,35641,35668,45,0,0,0,0,0,0,0,0
1778081305.4177969,g5.hpc.coe,40875,0.5001,0,100.0,2035.0,12288.0,37936572097,38904577890,39649154,41149231,583909,0,0,0,0,0,0,0,0,0,0,0,0,40949800,40994056,41117,41167,106,0,0,0,0,0,0,0,0
1778081305.917888,g5.hpc.coe,40875,0.5001,0,100.0,2035.0,12288.0,37971962253,38940004737,39684796,41184911,587011,0,0,0,0,0,0,0,0,0,0,0,0,35390156,35426847,35642,35680,3102,0,0,0,0,0,0,0,0
1778081306.4179835,g5.hpc.coe,40875,0.5001,0,100.0,2035.0,12288.0,38006662377,38974741422,39719692,41219831,587231,0,0,0,0,0,0,0,0,0,0,0,0,34700124,34736685,34896,34920,220,0,0,0,0,0,0,0,0
1778081306.9180794,g5.hpc.coe,40875,0.5001,0,100.0,2035.0,12288.0,38047612327,39015735471,39760810,41260997,588734,0,0,0,0,0,0,0,0,0,0,0,0,40949950,40994049,41118,41166,1503,0,0,0,0,0,0,0,0
1778081307.418176,g5.hpc.coe,40875,0.5001,0,100.0,2035.0,12288.0,38083002506,39051162263,39796444,41296676,588777,0,0,0,0,0,0,0,0,0,0,0,0,35390179,35426792,35634,35679,43,0,0,0,0,0,0,0,0
1778081307.9182703,g5.hpc.coe,40875,0.5001,0,100.0,2035.0,12288.0,38123952543,39092156263,39837561,41337835,588832,0,0,0,0,0,0,0,0,0,0,0,0,40950037,40994000,41117,41159,55,0,0,0,0,0,0,0,0
1778081308.418368,g5.hpc.coe,40875,0.5001,0,100.0,2035.0,12288.0,38159342866,39127583055,39873202,41373514,591148,0,0,0,0,0,0,0,0,0,0,0,0,35390323,35426792,35641,35679,2316,0,0,0,0,0,0,0,0
1778081308.9184635,g5.hpc.coe,40875,0.5001,0,100.0,2035.0,12288.0,38194043171,39162319803,39908090,41408443,591185,0,0,0,0,0,0,0,0,0,0,0,0,34700305,34736748,34888,34929,37,0,0,0,0,0,0,0,0
1778081309.4185603,g5.hpc.coe,40875,0.5001,0,100.0,2035.0,12288.0,38234993393,39203313810,39949211,41449603,591281,0,0,0,0,0,0,0,0,0,0,0,0,40950222,40994007,41121,41160,96,0,0,0,0,0,0,0,0
1778081309.9186568,g5.hpc.coe,40875,0.5001,0,100.0,2035.0,12288.0,38270383859,39238740574,39984850,41485278,591315,0,0,0,0,0,0,0,0,0,0,0,0,35390466,35426764,35639,35675,34,0,0,0,0,0,0,0,0
1778081310.4187515,g5.hpc.coe,40875,0.5001,0,100.0,2035.0,12288.0,38311334120,39279734567,40025963,41526436,591705,0,0,0,0,0,0,0,0,0,0,0,0,40950261,40993993,41113,41158,390,0,0,0,0,0,0,0,0
1778081310.918845,g5.hpc.coe,40875,0.5001,0,100.0,2035.0,12288.0,38346723696,39315161308,40061603,41562103,593074,0,0,0,0,0,0,0,0,0,0,0,0,35389576,35426741,35640,35667,1369,0,0,0,0,0,0,0,0
1778081311.4189403,g5.hpc.coe,40875,0.5001,0,100.0,2035.0,12288.0,38384060542,39352961286,40099543,41600421,593125,0,0,0,0,0,0,0,0,0,0,0,0,37336846,37799978,37940,38318,51,0,0,0,0,0,0,0,0
1778081311.9190383,g5.hpc.coe,40875,0.5001,0,100.0,2035.0,12288.0,38422372576,39390892033,40137608,41638192,593599,0,0,0,0,0,0,0,0,0,0,0,0,38312034,37930747,38065,37771,474,0,0,0,0,0,0,0,0
1778081312.4191353,g5.hpc.coe,40875,0.5001,0,100.0,2035.0,12288.0,38457762183,39426318775,40173241,41673866,593650,0,0,0,0,0,0,0,0,0,0,0,0,35389607,35426742,35633,35674,51,0,0,0,0,0,0,0,0
1778081312.919235,g5.hpc.coe,40875,0.5001,0,100.0,2035.0,12288.0,38498711697,39467312823,40214364,41715034,593701,0,0,0,0,0,0,0,0,0,0,0,0,40949514,40994048,41123,41168,51,0,0,0,0,0,0,0,0
1778081313.4193304,g5.hpc.coe,40875,0.5001,0,100.0,2035.0,12288.0,38534101328,39502739544,40249987,41750705,593936,0,0,0,0,0,0,0,0,0,0,0,0,35389631,35426721,35623,35671,235,0,0,0,0,0,0,0,0
1778081313.9194264,g5.hpc.coe,40875,0.5001,0,100.0,2035.0,12288.0,38571438334,39540248649,40287994,41788727,593983,0,0,0,0,0,0,0,0,0,0,0,0,37337006,37509105,38007,38022,47,0,0,0,0,0,0,0,0
1778081314.4195235,g5.hpc.coe,40875,0.5001,0,100.0,2035.0,12288.0,38610440767,39579160404,40326748,41827557,594141,0,0,0,0,0,0,0,0,0,0,0,0,39002433,38911755,38754,38830,158,0,0,0,0,0,0,0,0
1778081314.9196196,g5.hpc.coe,40875,0.5001,0,100.0,2035.0,12288.0,38645140601,39613897144,40361636,41862487,594185,0,0,0,0,0,0,0,0,0,0,0,0,34699834,34736740,34888,34930,44,0,0,0,0,0,0,0,0
1778081315.419715,g5.hpc.coe,40875,0.5001,0,100.0,2035.0,12288.0,38686090387,39654891151,40402762,41903647,594228,0,0,0,0,0,0,0,0,0,0,0,0,40949786,40994007,41126,41160,43,0,0,0,0,0,0,0,0
1778081315.9198108,g5.hpc.coe,40875,0.5001,0,100.0,2035.0,12288.0,38721480409,39690318019,40438396,41939330,594806,0,0,0,0,0,0,0,0,0,0,0,0,35390022,35426868,35634,35683,578,0,0,0,0,0,0,0,0
1778081316.4199054,g5.hpc.coe,40875,0.5001,0,100.0,2035.0,12288.0,38762430062,39731304299,40479503,41980488,595073,0,0,0,0,0,0,0,0,0,0,0,0,40949653,40986280,41107,41158,267,0,0,0,0,0,0,0,0
1778081316.919998,g5.hpc.coe,40875,0.5001,0,100.0,2035.0,12288.0,38797820967,39766739237,40515171,42016173,597363,0,0,0,0,0,0,0,0,0,0,0,0,35390905,35434938,35668,35685,2290,0,0,0,0,0,0,0,0
1778081317.420095,g5.hpc.coe,40875,0.5001,0,100.0,2035.0,12288.0,38832521060,39801475985,40550060,42051102,598252,0,0,0,0,0,0,0,0,0,0,0,0,34700093,34736748,34889,34929,889,0,0,0,0,0,0,0,0
1778081317.920192,g5.hpc.coe,40875,0.5001,0,100.0,2035.0,12288.0,38874161057,39843160029,40591926,42093011,599817,0,0,0,0,0,0,0,0,0,0,0,0,41639997,41684044,41866,41909,1565,0,0,0,0,0,0,0,0
1778081318.420292,g5.hpc.coe,40875,0.5001,0,100.0,2035.0,12288.0,38908861266,39877896756,40626818,42127937,599869,0,0,0,0,0,0,0,0,0,0,0,0,34700209,34736727,34892,34926,52,0,0,0,0,0,0,0,0
1778081318.9203858,g5.hpc.coe,40875,0.5001,0,100.0,2035.0,12288.0,38949811198,39918883223,40667931,42169085,600253,0,0,0,0,0,0,0,0,0,0,0,0,40949932,40986467,41113,41148,384,0,0,0,0,0,0,0,0
1778081319.4204798,g5.hpc.coe,40875,0.5001,0,100.0,2035.0,12288.0,38985201675,39954317555,40703578,42204776,602457,0,0,0,0,0,0,0,0,0,0,0,0,35390477,35434332,35647,35691,2204,0,0,0,0,0,0,0,0
1778081319.9205785,g5.hpc.coe,40875,0.5001,0,100.0,2035.0,12288.0,39019902075,39989054331,40738477,42239709,602497,0,0,0,0,0,0,0,0,0,0,0,0,34700400,34736776,34899,34933,40,0,0,0,0,0,0,0,0
1778081320.4206755,g5.hpc.coe,40875,0.5001,0,100.0,2035.0,12288.0,39060852280,40030048429,40779593,42280882,603523,0,0,0,0,0,0,0,0,0,0,0,0,40950205,40994098,41116,41173,1026,0,0,0,0,0,0,0,0
1778081320.9207685,g5.hpc.coe,40875,0.5001,0,100.0,2035.0,12288.0,39096242785,40065475235,40815235,42316563,603601,0,0,0,0,0,0,0,0,0,0,0,0,35390505,35426806,35642,35681,78,0,0,0,0,0,0,0,0
1778081321.4208608,g5.hpc.coe,40875,0.5001,0,100.0,2035.0,12288.0,39137192115,40106469332,40856363,42357738,604404,0,0,0,0,0,0,0,0,0,0,0,0,40949330,40994097,41128,41175,803,0,0,0,0,0,0,0,0
1778081321.9209578,g5.hpc.coe,40875,0.5001,0,100.0,2035.0,12288.0,39172581619,40141896060,40891999,42393410,606607,0,0,0,0,0,0,0,0,0,0,0,0,35389504,35426728,35636,35672,2203,0,0,0,0,0,0,0,0
1778081322.421053,g5.hpc.coe,40875,0.5001,0,100.0,2035.0,12288.0,39213531009,40182890094,40933122,42434576,606665,0,0,0,0,0,0,0,0,0,0,0,0,40949390,40994034,41123,41166,58,0,0,0,0,0,0,0,0
1778081322.9211476,g5.hpc.coe,40875,0.5001,0,100.0,2035.0,12288.0,39248230654,40217626806,40968021,42469502,608210,0,0,0,0,0,0,0,0,0,0,0,0,34699645,34736712,34899,34926,1545,0,0,0,0,0,0,0,0
1778081323.421242,g5.hpc.coe,40875,0.5001,0,100.0,2035.0,12288.0,39283620251,40253053541,41003650,42505175,608243,0,0,0,0,0,0,0,0,0,0,0,0,35389597,35426735,35629,35673,33,0,0,0,0,0,0,0,0
1778081323.921339,g5.hpc.coe,40875,0.5001,0,100.0,2035.0,12288.0,39324569706,40294047617,41044762,42546347,609024,0,0,0,0,0,0,0,0,0,0,0,0,40949455,40994076,41112,41172,781,0,0,0,0,0,0,0,0
1778081324.4214356,g5.hpc.coe,40875,0.5001,0,100.0,2035.0,12288.0,39359959425,40329474380,41080395,42582024,611432,0,0,0,0,0,0,0,0,0,0,0,0,35389719,35426763,35633,35677,2408,0,0,0,0,0,0,0,0
1778081324.9215324,g5.hpc.coe,40875,0.5001,0,100.0,2035.0,12288.0,39394659183,40364211141,41115283,42616957,611563,0,0,0,0,0,0,0,0,0,0,0,0,34699758,34736761,34888,34933,131,0,0,0,0,0,0,0,0
1778081325.4216278,g5.hpc.coe,40875,0.5001,0,100.0,2035.0,12288.0,39435608837,40405205224,41156403,42658130,613112,0,0,0,0,0,0,0,0,0,0,0,0,40949654,40994083,41120,41173,1549,0,0,0,0,0,0,0,0
1778081325.9216993,g5.hpc.coe,40875,0.5001,0,100.0,2035.0,12288.0,39470998784,40440632009,41192046,42693808,613162,0,0,0,0,0,0,0,0,0,0,0,0,35389947,35426785,35643,35678,50,0,0,0,0,0,0,0,0
1778081326.4217985,g5.hpc.coe,40875,0.5001,0,100.0,2035.0,12288.0,39511948583,40481626051,41233171,42734973,613476,0,0,0,0,0,0,0,0,0,0,0,0,40949799,40994042,41125,41165,314,0,0,0,0,0,0,0,0
1778081326.9218957,g5.hpc.coe,40875,0.5001,0,100.0,2035.0,12288.0,39547338597,40517052850,41268810,42770653,614735,0,0,0,0,0,0,0,0,0,0,0,0,35390014,35426799,35639,35680,1259,0,0,0,0,0,0,0,0
1778081327.4220037,g5.hpc.coe,40875,0.5001,0,100.0,2035.0,12288.0,39582566008,40552486302,41304960,42806810,614765,0,0,0,0,0,0,0,0,0,0,0,0,35227411,35433452,36150,36157,30,0,0,0,0,0,0,0,0
1778081327.9221022,g5.hpc.coe,40875,0.5001,0,100.0,2035.0,12288.0,39622988542,40592783710,41344822,42846757,617312,0,0,0,0,0,0,0,0,0,0,0,0,40422534,40297408,39862,39947,2547,0,0,0,0,0,0,0,0
1778081328.422197,g5.hpc.coe,40875,0.5001,0,100.0,2035.0,12288.0,39659518357,40630011462,41382145,42884625,617358,0,0,0,0,0,0,0,0,0,0,0,0,36529815,37227752,37323,37868,46,0,0,0,0,0,0,0,0
1778081328.9222925,g5.hpc.coe,40875,0.5001,0,100.0,2035.0,12288.0,39699329028,40669204834,41421594,42923611,618639,0,0,0,0,0,0,0,0,0,0,0,0,39810671,39193372,39449,38986,1281,0,0,0,0,0,0,0,0
1778081329.4223895,g5.hpc.coe,40875,0.5001,0,100.0,2035.0,12288.0,39734719238,40704631633,41457227,42959291,618678,0,0,0,0,0,0,0,0,0,0,0,0,35390210,35426799,35633,35680,39,0,0,0,0,0,0,0,0
1778081329.9224854,g5.hpc.coe,40875,0.5001,0,100.0,2035.0,12288.0,39769419479,40739368423,41492114,42994226,618726,0,0,0,0,0,0,0,0,0,0,0,0,34700241,34736790,34887,34935,48,0,0,0,0,0,0,0,0
1778081330.4225802,g5.hpc.coe,40875,0.5001,0,100.0,2035.0,12288.0,39810369643,40780362556,41533237,43035404,620916,0,0,0,0,0,0,0,0,0,0,0,0,40950164,40994133,41123,41178,2190,0,0,0,0,0,0,0,0
1778081330.9226778,g5.hpc.coe,40875,0.5001,0,100.0,2035.0,12288.0,39845760072,40815789313,41568881,43071078,620947,0,0,0,0,0,0,0,0,0,0,0,0,35390429,35426757,35644,35674,31,0,0,0,0,0,0,0,0
1778081331.4227703,g5.hpc.coe,40875,0.5001,0,100.0,2035.0,12288.0,39886710339,40856783383,41610003,43112247,623758,0,0,0,0,0,0,0,0,0,0,0,0,40950267,40994070,41122,41169,2811,0,0,0,0,0,0,0,0
1778081331.9228647,g5.hpc.coe,40875,0.5001,0,100.0,2035.0,12288.0,39922101452,40892210524,41645655,43147920,623793,0,0,0,0,0,0,0,0,0,0,0,0,35391113,35427141,35652,35673,35,0,0,0,0,0,0,0,0
1778081332.4229589,g5.hpc.coe,40875,0.5001,0,100.0,2035.0,12288.0,39959180713,40929634031,41683440,43186035,623854,0,0,0,0,0,0,0,0,0,0,0,0,37079261,37423507,37785,38115,61,0,0,0,0,0,0,0,0
1778081332.9230523,g5.hpc.coe,40875,0.5001,0,100.0,2035.0,12288.0,39998440325,40968631307,41722419,43224761,624583,0,0,0,0,0,0,0,0,0,0,0,0,39259612,38997276,38979,38726,729,0,0,0,0,0,0,0,0
1778081333.423145,g5.hpc.coe,40875,0.5001,0,100.0,2035.0,12288.0,40033139866,41003368019,41757307,43259687,624653,0,0,0,0,0,0,0,0,0,0,0,0,34699541,34736712,34888,34926,70,0,0,0,0,0,0,0,0
1778081333.9232388,g5.hpc.coe,40875,0.5001,0,100.0,2035.0,12288.0,40074089302,41044362081,41798427,43300857,624780,0,0,0,0,0,0,0,0,0,0,0,0,40949436,40994062,41120,41170,127,0,0,0,0,0,0,0,0
1778081334.4233375,g5.hpc.coe,40875,0.5001,0,100.0,2035.0,12288.0,40109478932,41079788816,41834058,43336530,624822,0,0,0,0,0,0,0,0,0,0,0,0,35389630,35426735,35631,35673,42,0,0,0,0,0,0,0,0
1778081334.923432,g5.hpc.coe,40875,0.5001,0,100.0,2035.0,12288.0,40147727724,41118719777,41872978,43376136,624864,0,0,0,0,0,0,0,0,0,0,0,0,38248792,38930961,38920,39606,42,0,0,0,0,0,0,0,0
1778081335.423524,g5.hpc.coe,40875,0.5001,0,100.0,2035.0,12288.0,40185818167,41156209550,41910806,43413364,625494,0,0,0,0,0,0,0,0,0,0,0,0,38090443,37489773,37828,37228,630,0,0,0,0,0,0,0,0
1778081335.9236197,g5.hpc.coe,40875,0.5001,0,100.0,2035.0,12288.0,40220518014,41190946206,41945704,43448282,625536,0,0,0,0,0,0,0,0,0,0,0,0,34699847,34736656,34898,34918,42,0,0,0,0,0,0,0,0
1778081336.4237142,g5.hpc.coe,40875,0.5001,0,100.0,2035.0,12288.0,40261467700,41231940261,41986826,43489451,626665,0,0,0,0,0,0,0,0,0,0,0,0,40949686,40994055,41122,41169,1129,0,0,0,0,0,0,0,0
1778081336.9238079,g5.hpc.coe,40875,0.5001,0,100.0,2035.0,12288.0,40296857554,41267367109,42022453,43525138,626940,0,0,0,0,0,0,0,0,0,0,0,0,35389854,35426848,35627,35687,275,0,0,0,0,0,0,0,0
1778081337.4239,g5.hpc.coe,40875,0.5001,0,100.0,2035.0,12288.0,40337714677,41308353499,42063552,43566280,627005,0,0,0,0,0,0,0,0,0,0,0,0,40857123,40986390,41099,41142,65,0,0,0,0,0,0,0,0
1778081337.9239979,g5.hpc.coe,40875,0.5001,0,100.0,2035.0,12288.0,40373197291,41343787866,42099201,43601971,627330,0,0,0,0,0,0,0,0,0,0,0,0,35482614,35434367,35649,35691,325,0,0,0,0,0,0,0,0
1778081338.424094,g5.hpc.coe,40875,0.5001,0,100.0,2035.0,12288.0,40407897361,41378524614,42134095,43636900,627711,0,0,0,0,0,0,0,0,0,0,0,0,34700070,34736748,34894,34929,381,0,0,0,0,0,0,0,0
1778081338.924188,g5.hpc.coe,40875,0.5001,0,100.0,2035.0,12288.0,40448847313,41419518684,42175219,43678069,628771,0,0,0,0,0,0,0,0,0,0,0,0,40949952,40994070,41124,41169,1060,0,0,0,0,0,0,0,0
1778081339.4242816,g5.hpc.coe,40875,0.5001,0,100.0,2035.0,12288.0,40484237508,41454945469,42210861,43713747,628811,0,0,0,0,0,0,0,0,0,0,0,0,35390195,35426785,35642,35678,40,0,0,0,0,0,0,0,0
1778081339.9243987,g5.hpc.coe,40875,0.5001,0,100.0,2035.0,12288.0,40525187568,41495939546,42251987,43754917,628864,0,0,0,0,0,0,0,0,0,0,0,0,40950060,40994077,41126,41170,53,0,0,0,0,0,0,0,0
1778081340.4245014,g5.hpc.coe,40875,0.5001,0,100.0,2035.0,12288.0,40560577767,41531366268,42287616,43790586,630424,0,0,0,0,0,0,0,0,0,0,0,0,35390199,35426722,35629,35669,1560,0,0,0,0,0,0,0,0
1778081340.9246004,g5.hpc.coe,40875,0.5001,0,100.0,2035.0,12288.0,40595278053,41566103016,42322507,43825515,630469,0,0,0,0,0,0,0,0,0,0,0,0,34700286,34736748,34891,34929,45,0,0,0,0,0,0,0,0
1778081341.4246962,g5.hpc.coe,40875,0.5001,0,100.0,2035.0,12288.0,40636228270,41607097058,42363635,43866680,630521,0,0,0,0,0,0,0,0,0,0,0,0,40950217,40994042,41128,41165,52,0,0,0,0,0,0,0,0
1778081341.9247928,g5.hpc.coe,40875,0.5001,0,100.0,2035.0,12288.0,40671618633,41642523836,42399265,43902357,630566,0,0,0,0,0,0,0,0,0,0,0,0,35390363,35426778,35630,35677,45,0,0,0,0,0,0,0,0
1778081342.4248862,g5.hpc.coe,40875,0.5001,0,100.0,2035.0,12288.0,40712568833,41683517857,42440375,43943519,630601,0,0,0,0,0,0,0,0,0,0,0,0,40950200,40994021,41110,41162,35,0,0,0,0,0,0,0,0
1778081342.9249833,g5.hpc.coe,40875,0.5001,0,100.0,2035.0,12288.0,40747959353,41718944628,42476014,43979195,631832,0,0,0,0,0,0,0,0,0,0,0,0,35390520,35426771,35639,35676,1231,0,0,0,0,0,0,0,0
1778081343.4250777,g5.hpc.coe,40875,0.5001,0,100.0,2035.0,12288.0,40782658802,41753681347,42510900,44014122,632647,0,0,0,0,0,0,0,0,0,0,0,0,34699449,34736719,34886,34927,815,0,0,0,0,0,0,0,0
1778081343.92517,g5.hpc.coe,40875,0.5001,0,100.0,2035.0,12288.0,40823608140,41794675402,42552017,44055291,632696,0,0,0,0,0,0,0,0,0,0,0,0,40949338,40994055,41117,41169,49,0,0,0,0,0,0,0,0
1778081344.4252653,g5.hpc.coe,40875,0.5001,0,100.0,2035.0,12288.0,40858997769,41830102095,42587659,44090958,632739,0,0,0,0,0,0,0,0,0,0,0,0,35389629,35426693,35642,35667,43,0,0,0,0,0,0,0,0
1778081344.9253604,g5.hpc.coe,40875,0.5001,0,100.0,2035.0,12288.0,40899947201,41871096115,42628776,44132122,632787,0,0,0,0,0,0,0,0,0,0,0,0,40949432,40994020,41117,41164,48,0,0,0,0,0,0,0,0
1778081345.4254558,g5.hpc.coe,40875,0.5001,0,100.0,2035.0,12288.0,40935336862,41906522836,42664409,44167793,634805,0,0,0,0,0,0,0,0,0,0,0,0,35389661,35426721,35633,35671,2018,0,0,0,0,0,0,0,0
1778081345.9255462,g5.hpc.coe,40875,0.5001,0,100.0,2035.0,12288.0,40970036499,41941259562,42699288,44202721,634888,0,0,0,0,0,0,0,0,0,0,0,0,34699637,34736726,34879,34928,83,0,0,0,0,0,0,0,0
1778081346.4256437,g5.hpc.coe,40875,0.5001,0,100.0,2035.0,12288.0,41010986143,41982253617,42740415,44243890,636196,0,0,0,0,0,0,0,0,0,0,0,0,40949644,40994055,41127,41169,1308,0,0,0,0,0,0,0,0
1778081346.925742,g5.hpc.coe,40875,0.5001,0,100.0,2035.0,12288.0,41046376654,42017680868,42776066,44279574,636235,0,0,0,0,0,0,0,0,0,0,0,0,35390511,35427251,35651,35684,39,0,0,0,0,0,0,0,0
1778081347.4258342,g5.hpc.coe,40875,0.5001,0,100.0,2035.0,12288.0,41087326373,42058675008,42817188,44320753,636283,0,0,0,0,0,0,0,0,0,0,0,0,40949719,40994140,41122,41179,48,0,0,0,0,0,0,0,0
1778081347.9259286,g5.hpc.coe,40875,0.5001,0,100.0,2035.0,12288.0,41122716321,42094101800,42852826,44356432,637271,0,0,0,0,0,0,0,0,0,0,0,0,35389948,35426792,35638,35679,988,0,0,0,0,0,0,0,0
1778081348.4260256,g5.hpc.coe,40875,0.5001,0,100.0,2035.0,12288.0,41158258927,42129799974,42889109,44392658,637400,0,0,0,0,0,0,0,0,0,0,0,0,35542606,35698174,36283,36226,129,0,0,0,0,0,0,0,0
1778081348.9261246,g5.hpc.coe,40875,0.5001,0,100.0,2035.0,12288.0,41198366189,42169832653,42928844,44432535,638097,0,0,0,0,0,0,0,0,0,0,0,0,40107262,40032679,39735,39877,697,0,0,0,0,0,0,0,0
1778081349.4262238,g5.hpc.coe,40875,0.5001,0,100.0,2035.0,12288.0,41233756314,42205259501,42964487,44468222,638232,0,0,0,0,0,0,0,0,0,0,0,0,35390125,35426848,35643,35687,135,0,0,0,0,0,0,0,0
1778081349.9263184,g5.hpc.coe,40875,0.5001,0,100.0,2035.0,12288.0,41274706242,42246253592,43005605,44509394,638439,0,0,0,0,0,0,0,0,0,0,0,0,40949928,40994091,41118,41172,207,0,0,0,0,0,0,0,0
1778081350.4264135,g5.hpc.coe,40875,0.5001,0,100.0,2035.0,12288.0,41310096413,42281680398,43041241,44545075,639076,0,0,0,0,0,0,0,0,0,0,0,0,35390171,35426806,35636,35681,637,0,0,0,0,0,0,0,0
1778081350.9265094,g5.hpc.coe,40875,0.5001,0,100.0,2035.0,12288.0,41344796637,42316417160,43076134,44580006,639121,0,0,0,0,0,0,0,0,0,0,0,0,34700224,34736762,34893,34931,45,0,0,0,0,0,0,0,0
1778081351.4266002,g5.hpc.coe,40875,0.5001,0,100.0,2035.0,12288.0,41386436786,42358101246,43118007,44621921,640331,0,0,0,0,0,0,0,0,0,0,0,0,41640149,41684086,41873,41915,1210,0,0,0,0,0,0,0,0
1778081351.9266956,g5.hpc.coe,40875,0.5001,0,100.0,2035.0,12288.0,41421137133,42392837994,43152904,44656850,642201,0,0,0,0,0,0,0,0,0,0,0,0,34700347,34736748,34897,34929,1870,0,0,0,0,0,0,0,0
1778081352.426789,g5.hpc.coe,40875,0.5001,0,100.0,2035.0,12288.0,41462087271,42433832064,43194018,44698019,642322,0,0,0,0,0,0,0,0,0,0,0,0,40950138,40994070,41114,41169,121,0,0,0,0,0,0,0,0
1778081352.9268832,g5.hpc.coe,40875,0.5001,0,100.0,2035.0,12288.0,41497477695,42469258807,43229654,44733691,642353,0,0,0,0,0,0,0,0,0,0,0,0,35390424,35426743,35636,35672,31,0,0,0,0,0,0,0,0
1778081353.4269793,g5.hpc.coe,40875,0.5001,0,100.0,2035.0,12288.0,41534263285,42506779365,43267114,44771742,642396,0,0,0,0,0,0,0,0,0,0,0,0,36785590,37520558,37460,38051,43,0,0,0,0,0,0,0,0
1778081353.9270742,g5.hpc.coe,40875,0.5001,0,100.0,2035.0,12288.0,41573817448,42545679710,43306410,44810547,644393,0,0,0,0,0,0,0,0,0,0,0,0,39554163,38900345,39296,38805,1997,0,0,0,0,0,0,0,0
1778081354.4271698,g5.hpc.coe,40875,0.5001,0,100.0,2035.0,12288.0,41608516972,42580416394,43341304,44845469,644435,0,0,0,0,0,0,0,0,0,0,0,0,34699524,34736684,34894,34922,42,0,0,0,0,0,0,0,0
1778081354.9272635,g5.hpc.coe,40875,0.5001,0,100.0,2035.0,12288.0,41649466328,42621410477,43382421,44886642,644616,0,0,0,0,0,0,0,0,0,0,0,0,40949356,40994083,41117,41173,181,0,0,0,0,0,0,0,0
1778081355.427355,g5.hpc.coe,40875,0.5001,0,100.0,2035.0,12288.0,41684855956,42656837233,43418060,44922318,645432,0,0,0,0,0,0,0,0,0,0,0,0,35389628,35426756,35639,35676,816,0,0,0,0,0,0,0,0
1778081355.927468,g5.hpc.coe,40875,0.5001,0,100.0,2035.0,12288.0,41725805400,42697831302,43459176,44963489,645578,0,0,0,0,0,0,0,0,0,0,0,0,40949444,40994069,41116,41171,146,0,0,0,0,0,0,0,0
1778081356.4275641,g5.hpc.coe,40875,0.5001,0,100.0,2035.0,12288.0,41761195080,42733258058,43494809,44999165,648469,0,0,0,0,0,0,0,0,0,0,0,0,35389680,35426756,35633,35676,2891,0,0,0,0,0,0,0,0
1778081356.927661,g5.hpc.coe,40875,0.5001,0,100.0,2035.0,12288.0,41795894785,42767994819,43529695,45034098,648494,0,0,0,0,0,0,0,0,0,0,0,0,34699705,34736761,34886,34933,25,0,0,0,0,0,0,0,0
1778081357.427757,g5.hpc.coe,40875,0.5001,0,100.0,2035.0,12288.0,41836844420,42808988867,43570818,45075266,649487,0,0,0,0,0,0,0,0,0,0,0,0,40949635,40994048,41123,41168,993,0,0,0,0,0,0,0,0
1778081357.9278538,g5.hpc.coe,40875,0.5001,0,100.0,2035.0,12288.0,41872234221,42844415567,43606448,45110934,649539,0,0,0,0,0,0,0,0,0,0,0,0,35389801,35426700,35630,35668,52,0,0,0,0,0,0,0,0
1778081358.4279501,g5.hpc.coe,40875,0.5001,0,100.0,2035.0,12288.0,41913184015,42885409602,43647578,45152098,650102,0,0,0,0,0,0,0,0,0,0,0,0,40949794,40994035,41130,41164,563,0,0,0,0,0,0,0,0
1778081358.9280424,g5.hpc.coe,40875,0.5001,0,100.0,2035.0,12288.0,41948573919,42920836303,43683207,45187764,650589,0,0,0,0,0,0,0,0,0,0,0,0,35389904,35426701,35629,35666,487,0,0,0,0,0,0,0,0
1778081359.428137,g5.hpc.coe,40875,0.5001,0,100.0,2035.0,12288.0,41983273904,42955573044,43718097,45222692,650623,0,0,0,0,0,0,0,0,0,0,0,0,34699985,34736741,34890,34928,34,0,0,0,0,0,0,0,0
1778081359.928232,g5.hpc.coe,40875,0.5001,0,100.0,2035.0,12288.0,42024223784,42996567051,43759219,45263852,650894,0,0,0,0,0,0,0,0,0,0,0,0,40949880,40994007,41122,41160,271,0,0,0,0,0,0,0,0
1778081360.4283319,g5.hpc.coe,40875,0.5001,0,100.0,2035.0,12288.0,42059613858,43031993836,43794852,45299530,650986,0,0,0,0,0,0,0,0,0,0,0,0,35390074,35426785,35633,35678,92,0,0,0,0,0,0,0,0
1778081360.928428,g5.hpc.coe,40875,0.5001,0,100.0,2035.0,12288.0,42100563916,43072987878,43835986,45340695,651223,0,0,0,0,0,0,0,0,0,0,0,0,40950058,40994042,41134,41165,237,0,0,0,0,0,0,0,0
1778081361.4285212,g5.hpc.coe,40875,0.5001,0,100.0,2035.0,12288.0,42135954105,43108414642,43871622,45376370,663419,0,0,0,0,0,0,0,0,0,0,0,0,35390189,35426764,35636,35675,12196,0,0,0,0,0,0,0,0
1778081361.9286184,g5.hpc.coe,40875,0.5001,0,100.0,2035.0,12288.0,42170654982,43143151899,43906527,45411309,663551,0,0,0,0,0,0,0,0,0,0,0,0,34700877,34737257,34905,34939,132,0,0,0,0,0,0,0,0
1778081362.4287176,g5.hpc.coe,40875,0.5001,0,100.0,2035.0,12288.0,42211605085,43184145962,43947647,45452477,664047,0,0,0,0,0,0,0,0,0,0,0,0,40950103,40994063,41120,41168,496,0,0,0,0,0,0,0,0
1778081362.9288154,g5.hpc.coe,40875,0.5001,0,100.0,2035.0,12288.0,42246995438,43219572810,43983286,45488164,664085,0,0,0,0,0,0,0,0,0,0,0,0,35390353,35426848,35639,35687,38,0,0,0,0,0,0,0,0
1778081363.4289107,g5.hpc.coe,40875,0.5001,0,100.0,2035.0,12288.0,42287945644,43260566782,44024405,45529319,664221,0,0,0,0,0,0,0,0,0,0,0,0,40950206,40993972,41119,41155,136,0,0,0,0,0,0,0,0
1778081363.9290118,g5.hpc.coe,40875,0.5001,0,100.0,2035.0,12288.0,42323336086,43295993553,44060041,45564995,664259,0,0,0,0,0,0,0,0,0,0,0,0,35390442,35426771,35636,35676,38,0,0,0,0,0,0,0,0
1778081364.4291084,g5.hpc.coe,40875,0.5001,0,100.0,2035.0,12288.0,42358036545,43330730287,44094929,45599922,664339,0,0,0,0,0,0,0,0,0,0,0,0,34700459,34736734,34888,34927,80,0,0,0,0,0,0,0,0
1778081364.9292052,g5.hpc.coe,40875,0.5001,0,100.0,2035.0,12288.0,42398985839,43371724293,44136048,45641084,665492,0,0,0,0,0,0,0,0,0,0,0,0,40949294,40994006,41119,41162,1153,0,0,0,0,0,0,0,0
1778081365.4293008,g5.hpc.coe,40875,0.5001,0,100.0,2035.0,12288.0,42434375334,43407151021,44171679,45676756,665539,0,0,0,0,0,0,0,0,0,0,0,0,35389495,35426728,35631,35672,47,0,0,0,0,0,0,0,0
1778081365.9293995,g5.hpc.coe,40875,0.5001,0,100.0,2035.0,12288.0,42475324674,43448145055,44212791,45717922,667388,0,0,0,0,0,0,0,0,0,0,0,0,40949340,40994034,41112,41166,1849,0,0,0,0,0,0,0,0
1778081366.429495,g5.hpc.coe,40875,0.5001,0,100.0,2035.0,12288.0,42510714285,43483571832,44248425,45753601,668591,0,0,0,0,0,0,0,0,0,0,0,0,35389611,35426777,35634,35679,1203,0,0,0,0,0,0,0,0
1778081366.9295936,g5.hpc.coe,40875,0.5001,0,100.0,2035.0,12288.0,42545413928,43518308558,44283313,45788529,669364,0,0,0,0,0,0,0,0,0,0,0,0,34699643,34736726,34888,34928,773,0,0,0,0,0,0,0,0
1778081367.4296873,g5.hpc.coe,40875,0.5001,0,100.0,2035.0,12288.0,42586363479,43559302633,44324428,45829694,673008,0,0,0,0,0,0,0,0,0,0,0,0,40949551,40994075,41115,41165,3644,0,0,0,0,0,0,0,0
1778081367.929803,g5.hpc.coe,40875,0.5001,0,100.0,2035.0,12288.0,42621753170,43594729382,44360053,45865369,675241,0,0,0,0,0,0,0,0,0,0,0,0,35389691,35426749,35625,35675,2233,0,0,0,0,0,0,0,0
1778081368.429899,g5.hpc.coe,40875,0.5001,0,100.0,2035.0,12288.0,42662702769,43635723458,44401168,45906541,675460,0,0,0,0,0,0,0,0,0,0,0,0,40949599,40994076,41115,41172,219,0,0,0,0,0,0,0,0
1778081368.929993,g5.hpc.coe,40875,0.5001,0,100.0,2035.0,12288.0,42698092618,43671150200,44436802,45942215,675959,0,0,0,0,0,0,0,0,0,0,0,0,35389849,35426742,35634,35674,499,0,0,0,0,0,0,0,0
1778081369.4300904,g5.hpc.coe,40875,0.5001,0,100.0,2035.0,12288.0,42732792541,43705886969,44471694,45977325,675998,0,0,0,0,0,0,0,0,0,0,0,0,34699923,34736769,34892,35110,39,0,0,0,0,0,0,0,0
1778081369.930184,g5.hpc.coe,40875,0.5001,0,100.0,2035.0,12288.0,42773742359,43746880997,44512818,46018310,676410,0,0,0,0,0,0,0,0,0,0,0,0,40949818,40994028,41124,40985,412,0,0,0,0,0,0,0,0
1778081370.4302824,g5.hpc.coe,40875,0.5001,0,100.0,2035.0,12288.0,42809132386,43782307761,44548455,46053985,676476,0,0,0,0,0,0,0,0,0,0,0,0,35390027,35426764,35637,35675,66,0,0,0,0,0,0,0,0
1778081370.930423,g5.hpc.coe,40875,0.5001,0,100.0,2035.0,12288.0,42850082271,43823301789,44589575,46095148,677477,0,0,0,0,0,0,0,0,0,0,0,0,40949885,40994028,41120,41163,1001,0,0,0,0,0,0,0,0
1778081371.4305224,g5.hpc.coe,40875,0.5001,0,100.0,2035.0,12288.0,42885472364,43858728546,44625208,46130822,678124,0,0,0,0,0,0,0,0,0,0,0,0,35390093,35426757,35633,35674,647,0,0,0,0,0,0,0,0
1778081371.9306214,g5.hpc.coe,40875,0.5001,0,100.0,2035.0,12288.0,42923977166,43897661130,44664283,46170410,679129,0,0,0,0,0,0,0,0,0,0,0,0,38504802,38932584,39075,39588,1005,0,0,0,0,0,0,0,0
1778081372.4307156,g5.hpc.coe,40875,0.5001,0,100.0,2035.0,12288.0,42961812687,43935149442,44701974,46207668,680332,0,0,0,0,0,0,0,0,0,0,0,0,37835521,37488312,37691,37258,1203,0,0,0,0,0,0,0,0
1778081372.9308124,g5.hpc.coe,40875,0.5001,0,100.0,2035.0,12288.0,42996512949,43969886190,44736867,46242597,680363,0,0,0,0,0,0,0,0,0,0,0,0,34700262,34736748,34893,34929,31,0,0,0,0,0,0,0,0
1778081373.4309072,g5.hpc.coe,40875,0.5001,0,100.0,2035.0,12288.0,43037463072,44010880288,44777987,46283770,681325,0,0,0,0,0,0,0,0,0,0,0,0,40950123,40994098,41120,41173,962,0,0,0,0,0,0,0,0
1778081373.931002,g5.hpc.coe,40875,0.5001,0,100.0,2035.0,12288.0,43072853438,44046307087,44813625,46319450,681835,0,0,0,0,0,0,0,0,0,0,0,0,35390366,35426799,35638,35680,510,0,0,0,0,0,0,0,0
1778081374.4310954,g5.hpc.coe,40875,0.5001,0,100.0,2035.0,12288.0,43112059650,44085886014,44853775,46359923,681982,0,0,0,0,0,0,0,0,0,0,0,0,39206212,39578927,40150,40473,147,0,0,0,0,0,0,0,0
1778081374.931191,g5.hpc.coe,40875,0.5001,0,100.0,2035.0,12288.0,43149194111,44122727830,44890378,46396281,682605,0,0,0,0,0,0,0,0,0,0,0,0,37134461,36841816,36603,36358,623,0,0,0,0,0,0,0,0
1778081375.431286,g5.hpc.coe,40875,0.5001,0,100.0,2035.0,12288.0,43183893564,44157464556,44925270,46431209,683141,0,0,0,0,0,0,0,0,0,0,0,0,34699453,34736726,34892,34928,536,0,0,0,0,0,0,0,0
1778081375.9313843,g5.hpc.coe,40875,0.5001,0,100.0,2035.0,12288.0,43224842884,44198458632,44966390,46472381,683482,0,0,0,0,0,0,0,0,0,0,0,0,40949320,40994076,41120,41172,341,0,0,0,0,0,0,0,0
1778081376.431481,g5.hpc.coe,40875,0.5001,0,100.0,2035.0,12288.0,43260232483,44233885374,45002033,46508055,688138,0,0,0,0,0,0,0,0,0,0,0,0,35389599,35426742,35643,35674,4656,0,0,0,0,0,0,0,0
1778081376.9315844,g5.hpc.coe,40875,0.5001,0,100.0,2035.0,12288.0,43301182584,44274879869,45043177,46549231,688443,0,0,0,0,0,0,0,0,0,0,0,0,40950101,40994495,41144,41176,305,0,0,0,0,0,0,0,0
1778081377.4316766,g5.hpc.coe,40875,0.5001,0,100.0,2035.0,12288.0,43336572250,44310306673,45078807,46584907,689484,0,0,0,0,0,0,0,0,0,0,0,0,35389666,35426804,35630,35676,1041,0,0,0,0,0,0,0,0
1778081377.931771,g5.hpc.coe,40875,0.5001,0,100.0,2035.0,12288.0,43371271983,44345043392,45113705,46619834,689514,0,0,0,0,0,0,0,0,0,0,0,0,34699733,34736719,34898,34927,30,0,0,0,0,0,0,0,0
1778081378.4318707,g5.hpc.coe,40875,0.5001,0,100.0,2035.0,12288.0,43412221520,44386037412,45154822,46660998,691782,0,0,0,0,0,0,0,0,0,0,0,0,40949537,40994020,41117,41164,2268,0,0,0,0,0,0,0,0
1778081378.9319644,g5.hpc.coe,40875,0.5001,0,100.0,2035.0,12288.0,43447611335,44421464203,45190462,46696679,691862,0,0,0,0,0,0,0,0,0,0,0,0,35389815,35426791,35640,35681,80,0,0,0,0,0,0,0,0
1778081379.4320588,g5.hpc.coe,40875,0.5001,0,100.0,2035.0,12288.0,43488560995,44462458139,45231583,46737831,691907,0,0,0,0,0,0,0,0,0,0,0,0,40949660,40993936,41121,41152,45,0,0,0,0,0,0,0,0
1778081379.932154,g5.hpc.coe,40875,0.5001,0,100.0,2035.0,12288.0,43523950878,44497884840,45267217,46773497,692846,0,0,0,0,0,0,0,0,0,0,0,0,35389883,35426701,35634,35666,939,0,0,0,0,0,0,0,0
1778081380.4322484,g5.hpc.coe,40875,0.5001,0,100.0,2035.0,12288.0,43558650799,44532621595,45302106,46808427,692881,0,0,0,0,0,0,0,0,0,0,0,0,34699921,34736755,34889,34930,35,0,0,0,0,0,0,0,0
1778081380.9323428,g5.hpc.coe,40875,0.5001,0,100.0,2035.0,12288.0,43599600622,44573615735,45343228,46849606,694654,0,0,0,0,0,0,0,0,0,0,0,0,40949823,40994140,41122,41179,1773,0,0,0,0,0,0,0,0
1778081381.4324472,g5.hpc.coe,40875,0.5001,0,100.0,2035.0,12288.0,43634990731,44609042520,45378874,46885284,694696,0,0,0,0,0,0,0,0,0,0,0,0,35390109,35426785,35646,35678,42,0,0,0,0,0,0,0,0
1778081381.932537,g5.hpc.coe,40875,0.5001,0,100.0,2035.0,12288.0,43675940684,44650036597,45420001,46926454,695480,0,0,0,0,0,0,0,0,0,0,0,0,40949953,40994077,41127,41170,784,0,0,0,0,0,0,0,0
1778081382.4326344,g5.hpc.coe,40875,0.5001,0,100.0,2035.0,12288.0,43711330958,44685463402,45455648,46962128,696655,0,0,0,0,0,0,0,0,0,0,0,0,35390274,35426805,35647,35674,1175,0,0,0,0,0,0,0,0
1778081382.9327304,g5.hpc.coe,40875,0.5001,0,100.0,2035.0,12288.0,43746031207,44720200136,45490550,46997055,696691,0,0,0,0,0,0,0,0,0,0,0,0,34700249,34736734,34902,34927,36,0,0,0,0,0,0,0,0
1778081383.4328215,g5.hpc.coe,40875,0.5001,0,100.0,2035.0,12288.0,43786981303,44761194171,45531677,47038219,697736,0,0,0,0,0,0,0,0,0,0,0,0,40950096,40994035,41127,41164,1045,0,0,0,0,0,0,0,0
1778081383.9329169,g5.hpc.coe,40875,0.5001,0,100.0,2035.0,12288.0,43822371572,44796620942,45567312,47073895,697782,0,0,0,0,0,0,0,0,0,0,0,0,35390269,35426771,35635,35676,46,0,0,0,0,0,0,0,0
1778081384.433013,g5.hpc.coe,40875,0.5001,0,100.0,2035.0,12288.0,43863321679,44837614984,45608427,47115060,699849,0,0,0,0,0,0,0,0,0,0,0,0,40950107,40994042,41115,41165,2067,0,0,0,0,0,0,0,0
1778081384.9331083,g5.hpc.coe,40875,0.5001,0,100.0,2035.0,12288.0,43898712008,44873041741,45644057,47150734,700921,0,0,0,0,0,0,0,0,0,0,0,0,35390329,35426757,35630,35674,1072,0,0,0,0,0,0,0,0
1778081385.4332066,g5.hpc.coe,40875,0.5001,0,100.0,2035.0,12288.0,43933412433,44907778461,45678948,47185659,700958,0,0,0,0,0,0,0,0,0,0,0,0,34700425,34736720,34891,34925,37,0,0,0,0,0,0,0,0
1778081385.9333005,g5.hpc.coe,40875,0.5001,0,100.0,2035.0,12288.0,43975052797,44949462505,45720821,47227568,703102,0,0,0,0,0,0,0,0,0,0,0,0,41640364,41684044,41873,41909,2144,0,0,0,0,0,0,0,0
1778081386.4333968,g5.hpc.coe,40875,0.5001,0,100.0,2035.0,12288.0,44009752298,44984199273,45755717,47262502,703213,0,0,0,0,0,0,0,0,0,0,0,0,34699501,34736768,34896,34934,111,0,0,0,0,0,0,0,0
1778081386.9334931,g5.hpc.coe,40875,0.5001,0,100.0,2035.0,12288.0,44050701673,45025193293,45796842,47303666,703923,0,0,0,0,0,0,0,0,0,0,0,0,40949375,40994020,41125,41164,710,0,0,0,0,0,0,0,0
1778081387.4335911,g5.hpc.coe,40875,0.5001,0,100.0,2035.0,12288.0,44086091264,45060620063,45832481,47339344,704785,0,0,0,0,0,0,0,0,0,0,0,0,35389591,35426770,35639,35678,862,0,0,0,0,0,0,0,0
1778081387.9336824,g5.hpc.coe,40875,0.5001,0,100.0,2035.0,12288.0,44120790851,45095356789,45867369,47374272,704824,0,0,0,0,0,0,0,0,0,0,0,0,34699587,34736726,34888,34928,39,0,0,0,0,0,0,0,0
1778081388.4337785,g5.hpc.coe,40875,0.5001,0,100.0,2035.0,12288.0,44161740355,45136350809,45908492,47415436,705474,0,0,0,0,0,0,0,0,0,0,0,0,40949504,40994020,41123,41164,650,0,0,0,0,0,0,0,0
1778081388.9338763,g5.hpc.coe,40875,0.5001,0,100.0,2035.0,12288.0,44197130317,45171777841,45944132,47451120,705521,0,0,0,0,0,0,0,0,0,0,0,0,35389962,35427032,35640,35684,47,0,0,0,0,0,0,0,0
1778081389.4339728,g5.hpc.coe,40875,0.5001,0,100.0,2035.0,12288.0,44238079881,45212771924,45985248,47492293,706042,0,0,0,0,0,0,0,0,0,0,0,0,40949564,40994083,41116,41173,521,0,0,0,0,0,0,0,0
1778081389.934063,g5.hpc.coe,40875,0.5001,0,100.0,2035.0,12288.0,44273469653,45248198701,46020879,47527972,706503,0,0,0,0,0,0,0,0,0,0,0,0,35389772,35426777,35631,35679,461,0,0,0,0,0,0,0,0
1778081390.4341567,g5.hpc.coe,40875,0.5001,0,100.0,2035.0,12288.0,44308623771,45283835455,46056740,47564163,706544,0,0,0,0,0,0,0,0,0,0,0,0,35154118,35636754,35861,36191,41,0,0,0,0,0,0,0,0
1778081390.934252,g5.hpc.coe,40875,0.5001,0,100.0,2035.0,12288.0,44349809213,45324619534,46097631,47604818,708179,0,0,0,0,0,0,0,0,0,0,0,0,41185442,40784079,40891,40655,1635,0,0,0,0,0,0,0,0
1778081391.4343457,g5.hpc.coe,40875,0.5001,0,100.0,2035.0,12288.0,44384509133,45359356240,46132517,47639741,712987,0,0,0,0,0,0,0,0,0,0,0,0,34699920,34736706,34886,34923,4808,0,0,0,0,0,0,0,0
1778081391.9344444,g5.hpc.coe,40875,0.5001,0,100.0,2035.0,12288.0,44425459572,45400350743,46173650,47680916,714919,0,0,0,0,0,0,0,0,0,0,0,0,40950439,40994503,41133,41175,1932,0,0,0,0,0,0,0,0
1778081392.4345393,g5.hpc.coe,40875,0.5001,0,100.0,2035.0,12288.0,44460849568,45435777528,46209277,47716594,714958,0,0,0,0,0,0,0,0,0,0,0,0,35389996,35426785,35627,35678,39,0,0,0,0,0,0,0,0
1778081392.9346373,g5.hpc.coe,40875,0.5001,0,100.0,2035.0,12288.0,44497785302,45473079909,46246894,47754423,715745,0,0,0,0,0,0,0,0,0,0,0,0,36935734,37302381,37617,37829,787,0,0,0,0,0,0,0,0
1778081393.4347317,g5.hpc.coe,40875,0.5001,0,100.0,2035.0,12288.0,44537189724,45512198403,46286035,47793437,716680,0,0,0,0,0,0,0,0,0,0,0,0,39404422,39118494,39141,39014,935,0,0,0,0,0,0,0,0
1778081393.9348307,g5.hpc.coe,40875,0.5001,0,100.0,2035.0,12288.0,44571889903,45546935151,46320924,47828366,717117,0,0,0,0,0,0,0,0,0,0,0,0,34700179,34736748,34889,34929,437,0,0,0,0,0,0,0,0
1778081394.4349263,g5.hpc.coe,40875,0.5001,0,100.0,2035.0,12288.0,44613186344,45588102475,46362402,47869816,719793,0,0,0,0,0,0,0,0,0,0,0,0,41296441,41167324,41478,41450,2676,0,0,0,0,0,0,0,0
1778081394.9350264,g5.hpc.coe,40875,0.5001,0,100.0,2035.0,12288.0,44648230316,45623355999,46397687,47905212,719838,0,0,0,0,0,0,0,0,0,0,0,0,35043972,35253524,35285,35396,45,0,0,0,0,0,0,0,0
1778081395.4351237,g5.hpc.coe,40875,0.5001,0,100.0,2035.0,12288.0,44689180478,45664350020,46438807,47946374,719882,0,0,0,0,0,0,0,0,0,0,0,0,40950162,40994021,41120,41162,44,0,0,0,0,0,0,0,0
1778081395.9352179,g5.hpc.coe,40875,0.5001,0,100.0,2035.0,12288.0,44724570898,45699776791,46474445,47982050,720912,0,0,0,0,0,0,0,0,0,0,0,0,35390420,35426771,35638,35676,1030,0,0,0,0,0,0,0,0
1778081396.435315,g5.hpc.coe,40875,0.5001,0,100.0,2035.0,12288.0,44759271371,45734513518,46509340,48016976,721103,0,0,0,0,0,0,0,0,0,0,0,0,34700473,34736727,34895,34926,191,0,0,0,0,0,0,0,0
1778081396.9354093,g5.hpc.coe,40875,0.5001,0,100.0,2035.0,12288.0,44800221655,45775507623,46550455,48058150,723088,0,0,0,0,0,0,0,0,0,0,0,0,40950284,40994105,41115,41174,1985,0,0,0,0,0,0,0,0
1778081397.4355059,g5.hpc.coe,40875,0.5001,0,100.0,2035.0,12288.0,44835611143,45810934330,46586090,48093819,723117,0,0,0,0,0,0,0,0,0,0,0,0,35389488,35426707,35635,35669,29,0,0,0,0,0,0,0,0
1778081397.9356039,g5.hpc.coe,40875,0.5001,0,100.0,2035.0,12288.0,44876560573,45851928419,46627211,48134986,723539,0,0,0,0,0,0,0,0,0,0,0,0,40949430,40994089,41121,41167,422,0,0,0,0,0,0,0,0
1778081398.435703,g5.hpc.coe,40875,0.5001,0,100.0,2035.0,12288.0,44911950177,45887355168,46662849,48170661,726216,0,0,0,0,0,0,0,0,0,0,0,0,35389604,35426749,35638,35675,2677,0,0,0,0,0,0,0,0
1778081398.9358,g5.hpc.coe,40875,0.5001,0,100.0,2035.0,12288.0,44946649840,45922091957,46697745,48205598,726264,0,0,0,0,0,0,0,0,0,0,0,0,34699663,34736789,34896,34937,48,0,0,0,0,0,0,0,0
1778081399.4358943,g5.hpc.coe,40875,0.5001,0,100.0,2035.0,12288.0,44987599265,45963086012,46738854,48246767,727121,0,0,0,0,0,0,0,0,0,0,0,0,40949425,40994055,41109,41169,857,0,0,0,0,0,0,0,0
1778081399.935992,g5.hpc.coe,40875,0.5001,0,100.0,2035.0,12288.0,45022989024,45998512712,46774494,48282435,727165,0,0,0,0,0,0,0,0,0,0,0,0,35389759,35426700,35640,35668,44,0,0,0,0,0,0,0,0
1778081400.4360888,g5.hpc.coe,40875,0.5001,0,100.0,2035.0,12288.0,45063938606,46039506732,46815612,48323599,727211,0,0,0,0,0,0,0,0,0,0,0,0,40949582,40994020,41118,41164,46,0,0,0,0,0,0,0,0
1778081400.9361882,g5.hpc.coe,40875,0.5001,0,100.0,2035.0,12288.0,45099328404,46074933537,46851244,48359282,727855,0,0,0,0,0,0,0,0,0,0,0,0,35389798,35426805,35632,35683,644,0,0,0,0,0,0,0,0
1778081401.4362836,g5.hpc.coe,40875,0.5001,0,100.0,2035.0,12288.0,45134028255,46109670271,46886131,48394209,727886,0,0,0,0,0,0,0,0,0,0,0,0,34699851,34736734,34887,34927,31,0,0,0,0,0,0,0,0
1778081401.9363933,g5.hpc.coe,40875,0.5001,0,100.0,2035.0,12288.0,45174978001,46150664299,46927250,48435372,745260,0,0,0,0,0,0,0,0,0,0,0,0,40949746,40994028,41119,41163,17374,0,0,0,0,0,0,0,0
1778081402.436492,g5.hpc.coe,40875,0.5001,0,100.0,2035.0,12288.0,45210371102,46186198554,46962951,48471282,745364,0,0,0,0,0,0,0,0,0,0,0,0,35393101,35534255,35701,35910,104,0,0,0,0,0,0,0,0
1778081402.9365869,g5.hpc.coe,40875,0.5001,0,100.0,2035.0,12288.0,45251321084,46227192658,47004081,48512449,746679,0,0,0,0,0,0,0,0,0,0,0,0,40949982,40994104,41130,41167,1315,0,0,0,0,0,0,0,0
1778081403.4366815,g5.hpc.coe,40875,0.5001,0,100.0,2035.0,12288.0,45286711092,46262619422,47039707,48548124,749470,0,0,0,0,0,0,0,0,0,0,0,0,35390008,35426764,35626,35675,2791,0,0,0,0,0,0,0,0
1778081403.936778,g5.hpc.coe,40875,0.5001,0,100.0,2035.0,12288.0,45321411216,46297356226,47074599,48583061,749508,0,0,0,0,0,0,0,0,0,0,0,0,34700124,34736804,34892,34937,38,0,0,0,0,0,0,0,0
1778081404.4368718,g5.hpc.coe,40875,0.5001,0,100.0,2035.0,12288.0,45362361193,46338350275,47115717,48624227,749865,0,0,0,0,0,0,0,0,0,0,0,0,40949977,40994049,41118,41166,357,0,0,0,0,0,0,0,0
1778081404.9369671,g5.hpc.coe,40875,0.5001,0,100.0,2035.0,12288.0,45397751365,46373777102,47151346,48659911,749905,0,0,0,0,0,0,0,0,0,0,0,0,35390172,35426827,35629,35684,40,0,0,0,0,0,0,0,0
1778081405.4370644,g5.hpc.coe,40875,0.5001,0,100.0,2035.0,12288.0,45438701437,46414771137,47192464,48701075,749942,0,0,0,0,0,0,0,0,0,0,0,0,40950072,40994035,41118,41164,37,0,0,0,0,0,0,0,0
1778081405.937155,g5.hpc.coe,40875,0.5001,0,100.0,2035.0,12288.0,45474091689,46450197908,47228091,48736751,750768,0,0,0,0,0,0,0,0,0,0,0,0,35390252,35426771,35627,35676,826,0,0,0,0,0,0,0,0
1778081406.4372463,g5.hpc.coe,40875,0.5001,0,100.0,2035.0,12288.0,45508792049,46484934621,47262983,48771675,751392,0,0,0,0,0,0,0,0,0,0,0,0,34700360,34736713,34892,34924,624,0,0,0,0,0,0,0,0
1778081406.9373405,g5.hpc.coe,40875,0.5001,0,100.0,2035.0,12288.0,45549742956,46525929166,47304126,48812856,753895,0,0,0,0,0,0,0,0,0,0,0,0,40950907,40994545,41143,41181,2503,0,0,0,0,0,0,0,0
1778081407.4374332,g5.hpc.coe,40875,0.5001,0,100.0,2035.0,12288.0,45585133429,46561355944,47339762,48848533,753936,0,0,0,0,0,0,0,0,0,0,0,0,35390473,35426778,35636,35677,41,0,0,0,0,0,0,0,0
1778081407.9375257,g5.hpc.coe,40875,0.5001,0,100.0,2035.0,12288.0,45626082852,46602350033,47380895,48889700,754216,0,0,0,0,0,0,0,0,0,0,0,0,40949423,40994089,41133,41167,280,0,0,0,0,0,0,0,0
1778081408.437616,g5.hpc.coe,40875,0.5001,0,100.0,2035.0,12288.0,45661472436,46637776796,47416539,48925377,754257,0,0,0,0,0,0,0,0,0,0,0,0,35389584,35426763,35644,35677,41,0,0,0,0,0,0,0,0
1778081408.9377136,g5.hpc.coe,40875,0.5001,0,100.0,2035.0,12288.0,45696171966,46672513550,47451427,48960309,754290,0,0,0,0,0,0,0,0,0,0,0,0,34699530,34736754,34888,34932,33,0,0,0,0,0,0,0,0
1778081409.4378111,g5.hpc.coe,40875,0.5001,0,100.0,2035.0,12288.0,45737121497,46713507598,47492562,49001477,757632,0,0,0,0,0,0,0,0,0,0,0,0,40949531,40994048,41135,41168,3342,0,0,0,0,0,0,0,0
1778081409.937907,g5.hpc.coe,40875,0.5001,0,100.0,2035.0,12288.0,45772511215,46748934382,47528207,49037157,757774,0,0,0,0,0,0,0,0,0,0,0,0,35389718,35426784,35645,35680,142,0,0,0,0,0,0,0,0
1778081410.4380014,g5.hpc.coe,40875,0.5001,0,100.0,2035.0,12288.0,45813460771,46789928465,47569332,49078330,757827,0,0,0,0,0,0,0,0,0,0,0,0,40949556,40994083,41125,41173,53,0,0,0,0,0,0,0,0
1778081410.938095,g5.hpc.coe,40875,0.5001,0,100.0,2035.0,12288.0,45848850549,46825355193,47604972,49114002,757904,0,0,0,0,0,0,0,0,0,0,0,0,35389778,35426728,35640,35672,77,0,0,0,0,0,0,0,0
1778081411.4381878,g5.hpc.coe,40875,0.5001,0,100.0,2035.0,12288.0,45884620679,46861257966,47641388,49150443,758300,0,0,0,0,0,0,0,0,0,0,0,0,35770130,35902773,36416,36441,396,0,0,0,0,0,0,0,0
1778081411.9382818,g5.hpc.coe,40875,0.5001,0,100.0,2035.0,12288.0,45924673113,46901259060,47681253,49190565,766492,0,0,0,0,0,0,0,0,0,0,0,0,40052434,40001094,39865,40122,8192,0,0,0,0,0,0,0,0
1778081412.4383821,g5.hpc.coe,40875,0.5001,0,100.0,2035.0,12288.0,45959889906,46936512675,47716619,49225765,766543,0,0,0,0,0,0,0,0,0,0,0,0,35216793,35253615,35366,35200,51,0,0,0,0,0,0,0,0
1778081412.9384973,g5.hpc.coe,40875,0.5001,0,100.0,2035.0,12288.0,46000839713,46977506752,47757744,49266935,767870,0,0,0,0,0,0,0,0,0,0,0,0,40949807,40994077,41125,41170,1327,0,0,0,0,0,0,0,0
1778081413.4385865,g5.hpc.coe,40875,0.5001,0,100.0,2035.0,12288.0,46036229813,47012933578,47793385,49302612,768240,0,0,0,0,0,0,0,0,0,0,0,0,35390100,35426826,35641,35677,370,0,0,0,0,0,0,0,0
1778081413.9386802,g5.hpc.coe,40875,0.5001,0,100.0,2035.0,12288.0,46073846520,47051890045,47832308,49341738,768283,0,0,0,0,0,0,0,0,0,0,0,0,37616707,38956467,38923,39126,43,0,0,0,0,0,0,0,0
1778081414.4387748,g5.hpc.coe,40875,0.5001,0,100.0,2035.0,12288.0,46112569799,47089354447,47870144,49379461,768663,0,0,0,0,0,0,0,0,0,0,0,0,38723279,37464402,37836,37723,380,0,0,0,0,0,0,0,0
1778081414.9388723,g5.hpc.coe,40875,0.5001,0,100.0,2035.0,12288.0,46147269948,47124091223,47905037,49414394,768699,0,0,0,0,0,0,0,0,0,0,0,0,34700149,34736776,34893,34933,36,0,0,0,0,0,0,0,0
1778081415.438966,g5.hpc.coe,40875,0.5001,0,100.0,2035.0,12288.0,46188219916,47165085279,47946151,49455561,769737,0,0,0,0,0,0,0,0,0,0,0,0,40949968,40994056,41114,41167,1038,0,0,0,0,0,0,0,0
1778081415.939062,g5.hpc.coe,40875,0.5001,0,100.0,2035.0,12288.0,46223610218,47200512099,47981796,49491244,769772,0,0,0,0,0,0,0,0,0,0,0,0,35390302,35426820,35645,35683,35,0,0,0,0,0,0,0,0
1778081416.4391563,g5.hpc.coe,40875,0.5001,0,100.0,2035.0,12288.0,46264318453,47241498365,48022919,49532398,771276,0,0,0,0,0,0,0,0,0,0,0,0,40708235,40986266,41123,41154,1504,0,0,0,0,0,0,0,0
1778081416.9392529,g5.hpc.coe,40875,0.5001,0,100.0,2035.0,12288.0,46299950635,47276932940,48058549,49568089,772549,0,0,0,0,0,0,0,0,0,0,0,0,35632182,35434575,35630,35691,1273,0,0,0,0,0,0,0,0
1778081417.439347,g5.hpc.coe,40875,0.5001,0,100.0,2035.0,12288.0,46334651037,47311669702,48093442,49603020,772590,0,0,0,0,0,0,0,0,0,0,0,0,34700402,34736762,34893,34931,41,0,0,0,0,0,0,0,0
1778081417.9394479,g5.hpc.coe,40875,0.5001,0,100.0,2035.0,12288.0,46375687821,47352836896,48134856,49644591,773411,0,0,0,0,0,0,0,0,0,0,0,0,41036784,41167194,41414,41571,821,0,0,0,0,0,0,0,0
1778081418.439541,g5.hpc.coe,40875,0.5001,0,100.0,2035.0,12288.0,46410991825,47388090521,48170194,49679855,773450,0,0,0,0,0,0,0,0,0,0,0,0,35304004,35253625,35338,35264,39,0,0,0,0,0,0,0,0
1778081418.9396498,g5.hpc.coe,40875,0.5001,0,100.0,2035.0,12288.0,46451941127,47429084534,48211314,49721018,773790,0,0,0,0,0,0,0,0,0,0,0,0,40949302,40994013,41120,41163,340,0,0,0,0,0,0,0,0
1778081419.4397454,g5.hpc.coe,40875,0.5001,0,100.0,2035.0,12288.0,46487330624,47464511269,48246945,49756691,775632,0,0,0,0,0,0,0,0,0,0,0,0,35389497,35426735,35631,35673,1842,0,0,0,0,0,0,0,0
1778081419.9398434,g5.hpc.coe,40875,0.5001,0,100.0,2035.0,12288.0,46527179978,47504605745,48287480,49797307,775695,0,0,0,0,0,0,0,0,0,0,0,0,39849354,40094476,40535,40616,63,0,0,0,0,0,0,0,0
1778081420.4399397,g5.hpc.coe,40875,0.5001,0,100.0,2035.0,12288.0,46562979723,47540242008,48322968,49832782,777049,0,0,0,0,0,0,0,0,0,0,0,0,35799745,35636263,35488,35475,1354,0,0,0,0,0,0,0,0
1778081420.9400349,g5.hpc.coe,40875,0.5001,0,100.0,2035.0,12288.0,46598369376,47575668806,48358601,49868464,777093,0,0,0,0,0,0,0,0,0,0,0,0,35389653,35426798,35633,35682,44,0,0,0,0,0,0,0,0
1778081421.4401286,g5.hpc.coe,40875,0.5001,0,100.0,2035.0,12288.0,46639318951,47616662896,48399726,49909638,777920,0,0,0,0,0,0,0,0,0,0,0,0,40949575,40994090,41125,41174,827,0,0,0,0,0,0,0,0
1778081421.940224,g5.hpc.coe,40875,0.5001,0,100.0,2035.0,12288.0,46674709350,47652090134,48435378,49945327,779495,0,0,0,0,0,0,0,0,0,0,0,0,35390399,35427238,35652,35689,1575,0,0,0,0,0,0,0,0
1778081422.4403162,g5.hpc.coe,40875,0.5001,0,100.0,2035.0,12288.0,46709409172,47686826916,48470271,49980263,779534,0,0,0,0,0,0,0,0,0,0,0,0,34699822,34736782,34893,34936,39,0,0,0,0,0,0,0,0
1778081422.940411,g5.hpc.coe,40875,0.5001,0,100.0,2035.0,12288.0,46750358882,47727820901,48511395,50021422,780543,0,0,0,0,0,0,0,0,0,0,0,0,40949710,40993985,41124,41159,1009,0,0,0,0,0,0,0,0
1778081423.4405043,g5.hpc.coe,40875,0.5001,0,100.0,2035.0,12288.0,46785748878,47763247699,48547032,50057095,780989,0,0,0,0,0,0,0,0,0,0,0,0,35389996,35426798,35637,35673,446,0,0,0,0,0,0,0,0
1778081423.9406042,g5.hpc.coe,40875,0.5001,0,100.0,2035.0,12288.0,46826698726,47804241720,48588160,50098257,782302,0,0,0,0,0,0,0,0,0,0,0,0,40949848,40994021,41128,41162,1313,0,0,0,0,0,0,0,0
1778081424.4407012,g5.hpc.coe,40875,0.5001,0,100.0,2035.0,12288.0,46862088972,47839668614,48623809,50133931,785142,0,0,0,0,0,0,0,0,0,0,0,0,35390246,35426894,35649,35674,2840,0,0,0,0,0,0,0,0
1778081424.9408016,g5.hpc.coe,40875,0.5001,0,100.0,2035.0,12288.0,46896789039,47874405383,48658701,50168863,785190,0,0,0,0,0,0,0,0,0,0,0,0,34700067,34736769,34892,34932,48,0,0,0,0,0,0,0,0
1778081425.440899,g5.hpc.coe,40875,0.5001,0,100.0,2035.0,12288.0,46937738918,47915399425,48699813,50210028,787299,0,0,0,0,0,0,0,0,0,0,0,0,40949879,40994042,41112,41165,2109,0,0,0,0,0,0,0,0
1778081425.940994,g5.hpc.coe,40875,0.5001,0,100.0,2035.0,12288.0,46973128970,47950826273,48735433,50245715,787691,0,0,0,0,0,0,0,0,0,0,0,0,35390052,35426848,35620,35687,392,0,0,0,0,0,0,0,0
1778081426.4410863,g5.hpc.coe,40875,0.5001,0,100.0,2035.0,12288.0,47014078985,47991820322,48776551,50286881,789019,0,0,0,0,0,0,0,0,0,0,0,0,40950015,40994049,41118,41166,1328,0,0,0,0,0,0,0,0
1778081426.9411826,g5.hpc.coe,40875,0.5001,0,100.0,2035.0,12288.0,47049469244,48027247016,48812187,50322546,791031,0,0,0,0,0,0,0,0,0,0,0,0,35390259,35426694,35636,35665,2012,0,0,0,0,0,0,0,0
1778081427.4412751,g5.hpc.coe,40875,0.5001,0,100.0,2035.0,12288.0,47090419327,48068240920,48853301,50363713,791362,0,0,0,0,0,0,0,0,0,0,0,0,40950083,40993904,41114,41167,331,0,0,0,0,0,0,0,0
1778081427.9413898,g5.hpc.coe,40875,0.5001,0,100.0,2035.0,12288.0,47125119721,48102977890,48888199,50398652,794244,0,0,0,0,0,0,0,0,0,0,0,0,34700394,34736970,34898,34939,2882,0,0,0,0,0,0,0,0
1778081428.4414907,g5.hpc.coe,40875,0.5001,0,100.0,2035.0,12288.0,47160510271,48138404758,48923845,50434335,794588,0,0,0,0,0,0,0,0,0,0,0,0,35390550,35426868,35646,35683,344,0,0,0,0,0,0,0,0
1778081428.9415834,g5.hpc.coe,40875,0.5001,0,100.0,2035.0,12288.0,47201460505,48179398842,48964958,50475506,795418,0,0,0,0,0,0,0,0,0,0,0,0,40950234,40994084,41113,41171,830,0,0,0,0,0,0,0,0
1778081429.44168,g5.hpc.coe,40875,0.5001,0,100.0,2035.0,12288.0,47236849977,48214825570,49000596,50511178,796057,0,0,0,0,0,0,0,0,0,0,0,0,35389472,35426728,35638,35672,639,0,0,0,0,0,0,0,0
1778081429.9417806,g5.hpc.coe,40875,0.5001,0,100.0,2035.0,12288.0,47274005455,48252521585,49038347,50549400,796112,0,0,0,0,0,0,0,0,0,0,0,0,37155478,37696015,37751,38222,55,0,0,0,0,0,0,0,0
1778081430.441878,g5.hpc.coe,40875,0.5001,0,100.0,2035.0,12288.0,47312498904,48290564761,49076691,50587457,798428,0,0,0,0,0,0,0,0,0,0,0,0,38493449,38043176,38344,38057,2316,0,0,0,0,0,0,0,0
1778081430.9419804,g5.hpc.coe,40875,0.5001,0,100.0,2035.0,12288.0,47347888540,48325983245,49112240,50622949,798470,0,0,0,0,0,0,0,0,0,0,0,0,35389636,35418484,35549,35492,42,0,0,0,0,0,0,0,0
1778081431.4420738,g5.hpc.coe,40875,0.5001,0,100.0,2035.0,12288.0,47388838012,48366977286,49153361,50664116,799813,0,0,0,0,0,0,0,0,0,0,0,0,40949472,40994041,41121,41167,1343,0,0,0,0,0,0,0,0
1778081431.9421675,g5.hpc.coe,40875,0.5001,0,100.0,2035.0,12288.0,47424227714,48402404035,49188998,50699791,799855,0,0,0,0,0,0,0,0,0,0,0,0,35389702,35426749,35637,35675,42,0,0,0,0,0,0,0,0
1778081432.4422605,g5.hpc.coe,40875,0.5001,0,100.0,2035.0,12288.0,47462432252,48440935089,49227869,50738897,799908,0,0,0,0,0,0,0,0,0,0,0,0,38204538,38531054,38871,39106,53,0,0,0,0,0,0,0,0
1778081432.942359,g5.hpc.coe,40875,0.5001,0,100.0,2035.0,12288.0,47500567042,48478824832,49265751,50776634,801670,0,0,0,0,0,0,0,0,0,0,0,0,38134790,37889743,37882,37737,1762,0,0,0,0,0,0,0,0
1778081433.4424584,g5.hpc.coe,40875,0.5001,0,100.0,2035.0,12288.0,47535266877,48513561579,49300643,50811565,802703,0,0,0,0,0,0,0,0,0,0,0,0,34699835,34736747,34892,34931,1033,0,0,0,0,0,0,0,0
1778081433.9425497,g5.hpc.coe,40875,0.5001,0,100.0,2035.0,12288.0,47576216679,48554555676,49341766,50852731,803871,0,0,0,0,0,0,0,0,0,0,0,0,40949802,40994097,41123,41166,1168,0,0,0,0,0,0,0,0
1778081434.4426463,g5.hpc.coe,40875,0.5001,0,100.0,2035.0,12288.0,47611606619,48589982447,49377401,50888407,804167,0,0,0,0,0,0,0,0,0,0,0,0,35389940,35426771,35635,35676,296,0,0,0,0,0,0,0,0
1778081434.9427419,g5.hpc.coe,40875,0.5001,0,100.0,2035.0,12288.0,47651856138,48630561981,49418376,50929548,804206,0,0,0,0,0,0,0,0,0,0,0,0,40249519,40579534,40975,41141,39,0,0,0,0,0,0,0,0
1778081435.442837,g5.hpc.coe,40875,0.5001,0,100.0,2035.0,12288.0,47687946509,48666403239,49454162,50965245,804552,0,0,0,0,0,0,0,0,0,0,0,0,36090371,35841258,35786,35697,346,0,0,0,0,0,0,0,0
1778081435.942933,g5.hpc.coe,40875,0.5001,0,100.0,2035.0,12288.0,47722646568,48701139966,49489050,51000171,804593,0,0,0,0,0,0,0,0,0,0,0,0,34700059,34736727,34888,34926,41,0,0,0,0,0,0,0,0
1778081436.443031,g5.hpc.coe,40875,0.5001,0,100.0,2035.0,12288.0,47763596508,48742134015,49530168,51041337,811210,0,0,0,0,0,0,0,0,0,0,0,0,40949940,40994049,41118,41166,6617,0,0,0,0,0,0,0,0
1778081436.9431257,g5.hpc.coe,40875,0.5001,0,100.0,2035.0,12288.0,47798987419,48777561392,49565817,51077022,811389,0,0,0,0,0,0,0,0,0,0,0,0,35390911,35427377,35649,35685,179,0,0,0,0,0,0,0,0
1778081437.4432209,g5.hpc.coe,40875,0.5001,0,100.0,2035.0,12288.0,47839937468,48818555427,49606937,51118186,811593,0,0,0,0,0,0,0,0,0,0,0,0,40950049,40994035,41120,41164,204,0,0,0,0,0,0,0,0
1778081437.943314,g5.hpc.coe,40875,0.5001,0,100.0,2035.0,12288.0,47875327733,48853982177,49642571,51153859,812570,0,0,0,0,0,0,0,0,0,0,0,0,35390265,35426750,35634,35673,977,0,0,0,0,0,0,0,0
1778081438.4434068,g5.hpc.coe,40875,0.5001,0,100.0,2035.0,12288.0,47910028008,48888718925,49677456,51188788,812601,0,0,0,0,0,0,0,0,0,0,0,0,34700275,34736748,34885,34929,31,0,0,0,0,0,0,0,0
1778081438.9435022,g5.hpc.coe,40875,0.5001,0,100.0,2035.0,12288.0,47950978311,48929712938,49718583,51229942,813542,0,0,0,0,0,0,0,0,0,0,0,0,40950303,40994013,41127,41154,941,0,0,0,0,0,0,0,0
1778081439.4435933,g5.hpc.coe,40875,0.5001,0,100.0,2035.0,12288.0,47986368754,48965139681,49754220,51265614,815247,0,0,0,0,0,0,0,0,0,0,0,0,35390443,35426743,35637,35672,1705,0,0,0,0,0,0,0,0
1778081439.943688,g5.hpc.coe,40875,0.5001,0,100.0,2035.0,12288.0,48027319084,49006133814,49795344,51306792,816744,0,0,0,0,0,0,0,0,0,0,0,0,40950330,40994133,41124,41178,1497,0,0,0,0,0,0,0,0
1778081440.4437838,g5.hpc.coe,40875,0.5001,0,100.0,2035.0,12288.0,48062708554,49041560563,49830979,51342467,818155,0,0,0,0,0,0,0,0,0,0,0,0,35389470,35426749,35635,35675,1411,0,0,0,0,0,0,0,0
1778081440.943877,g5.hpc.coe,40875,0.5001,0,100.0,2035.0,12288.0,48097408035,49076297289,49865865,51377395,818183,0,0,0,0,0,0,0,0,0,0,0,0,34699481,34736726,34886,34928,28,0,0,0,0,0,0,0,0
1778081441.4439716,g5.hpc.coe,40875,0.5001,0,100.0,2035.0,12288.0,48138357460,49117291316,49906990,51418560,819199,0,0,0,0,0,0,0,0,0,0,0,0,40949425,40994027,41125,41165,1016,0,0,0,0,0,0,0,0
1778081441.9440672,g5.hpc.coe,40875,0.5001,0,100.0,2035.0,12288.0,48173747031,49152718016,49942619,51454228,819393,0,0,0,0,0,0,0,0,0,0,0,0,35389571,35426700,35629,35668,194,0,0,0,0,0,0,0,0
1778081442.4441657,g5.hpc.coe,40875,0.5001,0,100.0,2035.0,12288.0,48214696537,49193712043,49983742,51495393,820528,0,0,0,0,0,0,0,0,0,0,0,0,40949506,40994027,41123,41165,1135,0,0,0,0,0,0,0,0
1778081442.944263,g5.hpc.coe,40875,0.5001,0,100.0,2035.0,12288.0,48250086224,49229138820,50019374,51531072,821855,0,0,0,0,0,0,0,0,0,0,0,0,35389687,35426777,35632,35679,1327,0,0,0,0,0,0,0,0
1778081443.4443607,g5.hpc.coe,40875,0.5001,0,100.0,2035.0,12288.0,48284785942,49263875567,50054260,51566003,821992,0,0,0,0,0,0,0,0,0,0,0,0,34699718,34736747,34886,34931,137,0,0,0,0,0,0,0,0
1778081443.9444556,g5.hpc.coe,40875,0.5001,0,100.0,2035.0,12288.0,48325735584,49304869691,50095373,51607175,822540,0,0,0,0,0,0,0,0,0,0,0,0,40949642,40994124,41113,41172,548,0,0,0,0,0,0,0,0
1778081444.4445543,g5.hpc.coe,40875,0.5001,0,100.0,2035.0,12288.0,48361125448,49340296440,50131010,51642850,822671,0,0,0,0,0,0,0,0,0,0,0,0,35389864,35426749,35637,35675,131,0,0,0,0,0,0,0,0
1778081444.9446533,g5.hpc.coe,40875,0.5001,0,100.0,2035.0,12288.0,48402075186,49381290447,50172130,51684010,823865,0,0,0,0,0,0,0,0,0,0,0,0,40949738,40994007,41120,41160,1194,0,0,0,0,0,0,0,0
1778081445.4447522,g5.hpc.coe,40875,0.5001,0,100.0,2035.0,12288.0,48437465147,49416717127,50207765,51719673,824233,0,0,0,0,0,0,0,0,0,0,0,0,35389961,35426680,35635,35663,368,0,0,0,0,0,0,0,0
1778081445.944854,g5.hpc.coe,40875,0.5001,0,100.0,2035.0,12288.0,48477745593,49457516327,50248721,51760806,824283,0,0,0,0,0,0,0,0,0,0,0,0,40280446,40799200,40956,41133,50,0,0,0,0,0,0,0,0
1778081446.444951,g5.hpc.coe,40875,0.5001,0,100.0,2035.0,12288.0,48513114949,49492447889,50283764,51795763,826162,0,0,0,0,0,0,0,0,0,0,0,0,35369356,34931562,35043,34957,1879,0,0,0,0,0,0,0,0
1778081446.9450479,g5.hpc.coe,40875,0.5001,0,100.0,2035.0,12288.0,48548505066,49527874653,50319401,51831438,827014,0,0,0,0,0,0,0,0,0,0,0,0,35390117,35426764,35637,35675,852,0,0,0,0,0,0,0,0
1778081447.4451432,g5.hpc.coe,40875,0.5001,0,100.0,2035.0,12288.0,48589455069,49568868695,50360525,51872603,827493,0,0,0,0,0,0,0,0,0,0,0,0,40950003,40994042,41124,41165,479,0,0,0,0,0,0,0,0
1778081447.9452431,g5.hpc.coe,40875,0.5001,0,100.0,2035.0,12288.0,48624845267,49604295515,50396160,51908286,828751,0,0,0,0,0,0,0,0,0,0,0,0,35390198,35426820,35635,35683,1258,0,0,0,0,0,0,0,0
1778081448.4453387,g5.hpc.coe,40875,0.5001,0,100.0,2035.0,12288.0,48662365234,49642654305,50434333,51947167,829319,0,0,0,0,0,0,0,0,0,0,0,0,37519967,38358790,38173,38881,568,0,0,0,0,0,0,0,0
1778081448.9454405,g5.hpc.coe,40875,0.5001,0,100.0,2035.0,12288.0,48700495991,49680026482,50472180,51984367,829660,0,0,0,0,0,0,0,0,0,0,0,0,38130757,37372177,37847,37200,341,0,0,0,0,0,0,0,0
1778081449.4455311,g5.hpc.coe,40875,0.5001,0,100.0,2035.0,12288.0,48735886311,49715453274,50507810,52020046,829986,0,0,0,0,0,0,0,0,0,0,0,0,35390320,35426792,35630,35679,326,0,0,0,0,0,0,0,0
1778081449.9456267,g5.hpc.coe,40875,0.5001,0,100.0,2035.0,12288.0,48776836567,49756447309,50548934,52061210,831724,0,0,0,0,0,0,0,0,0,0,0,0,40950256,40994035,41124,41164,1738,0,0,0,0,0,0,0,0
1778081450.4457219,g5.hpc.coe,40875,0.5001,0,100.0,2035.0,12288.0,48812226934,49791874094,50584557,52096888,831757,0,0,0,0,0,0,0,0,0,0,0,0,35390367,35426785,35623,35678,33,0,0,0,0,0,0,0,0
1778081450.9458163,g5.hpc.coe,40875,0.5001,0,100.0,2035.0,12288.0,48848997028,49829193898,50621990,52134687,831804,0,0,0,0,0,0,0,0,0,0,0,0,36770094,37319804,37433,37799,47,0,0,0,0,0,0,0,0
1778081451.4459107,g5.hpc.coe,40875,0.5001,0,100.0,2035.0,12288.0,48888565638,49868294835,50661304,52173723,837285,0,0,0,0,0,0,0,0,0,0,0,0,39568610,39100937,39314,39036,5481,0,0,0,0,0,0,0,0
1778081451.9460027,g5.hpc.coe,40875,0.5001,0,100.0,2035.0,12288.0,48923265840,49903032008,50696216,52208659,837447,0,0,0,0,0,0,0,0,0,0,0,0,34700202,34737173,34912,34936,162,0,0,0,0,0,0,0,0
1778081452.4460976,g5.hpc.coe,40875,0.5001,0,100.0,2035.0,12288.0,48964215314,49944025972,50737345,52249815,837564,0,0,0,0,0,0,0,0,0,0,0,0,40949474,40993964,41129,41156,117,0,0,0,0,0,0,0,0
1778081452.9461951,g5.hpc.coe,40875,0.5001,0,100.0,2035.0,12288.0,48999604976,49979452644,50772984,52285479,837637,0,0,0,0,0,0,0,0,0,0,0,0,35389662,35426672,35639,35664,73,0,0,0,0,0,0,0,0
1778081453.4462936,g5.hpc.coe,40875,0.5001,0,100.0,2035.0,12288.0,49039402956,50019812988,50813652,52326448,837675,0,0,0,0,0,0,0,0,0,0,0,0,39797980,40360344,40668,40969,38,0,0,0,0,0,0,0,0
1778081453.9463913,g5.hpc.coe,40875,0.5001,0,100.0,2035.0,12288.0,49075944259,50055873364,50849746,52362311,839260,0,0,0,0,0,0,0,0,0,0,0,0,36541303,36060376,36094,35863,1585,0,0,0,0,0,0,0,0
1778081454.4464896,g5.hpc.coe,40875,0.5001,0,100.0,2035.0,12288.0,49110644075,50090610131,50884634,52397238,839300,0,0,0,0,0,0,0,0,0,0,0,0,34699816,34736767,34888,34927,40,0,0,0,0,0,0,0,0
1778081454.9465907,g5.hpc.coe,40875,0.5001,0,100.0,2035.0,12288.0,49151593716,50131604193,50925753,52438408,840155,0,0,0,0,0,0,0,0,0,0,0,0,40949641,40994062,41119,41170,855,0,0,0,0,0,0,0,0
1778081455.4466836,g5.hpc.coe,40875,0.5001,0,100.0,2035.0,12288.0,49186983574,50167031020,50961384,52474092,840193,0,0,0,0,0,0,0,0,0,0,0,0,35389858,35426827,35631,35684,38,0,0,0,0,0,0,0,0
1778081455.9467788,g5.hpc.coe,40875,0.5001,0,100.0,2035.0,12288.0,49227933290,50208025104,51002498,52515263,841063,0,0,0,0,0,0,0,0,0,0,0,0,40949716,40994084,41114,41171,870,0,0,0,0,0,0,0,0
1778081456.4468715,g5.hpc.coe,40875,0.5001,0,100.0,2035.0,12288.0,49263323250,50243451868,51038130,52550938,842387,0,0,0,0,0,0,0,0,0,0,0,0,35389960,35426764,35632,35675,1324,0,0,0,0,0,0,0,0
1778081456.9469678,g5.hpc.coe,40875,0.5001,0,100.0,2035.0,12288.0,49298023318,50278188637,51073027,52585870,842479,0,0,0,0,0,0,0,0,0,0,0,0,34700068,34736769,34897,34932,92,0,0,0,0,0,0,0,0
1778081457.4470654,g5.hpc.coe,40875,0.5001,0,100.0,2035.0,12288.0,49338973226,50319182672,51114148,52627034,843709,0,0,0,0,0,0,0,0,0,0,0,0,40949908,40994035,41121,41164,1230,0,0,0,0,0,0,0,0
1778081457.9471593,g5.hpc.coe,40875,0.5001,0,100.0,2035.0,12288.0,49374363342,50354609436,51149782,52662709,843781,0,0,0,0,0,0,0,0,0,0,0,0,35390116,35426764,35634,35675,72,0,0,0,0,0,0,0,0
1778081458.4472556,g5.hpc.coe,40875,0.5001,0,100.0,2035.0,12288.0,49415313380,50395603555,51190908,52703885,843829,0,0,0,0,0,0,0,0,0,0,0,0,40950038,40994119,41126,41176,48,0,0,0,0,0,0,0,0
1778081458.947353,g5.hpc.coe,40875,0.5001,0,100.0,2035.0,12288.0,49450703626,50431030291,51226547,52739556,845775,0,0,0,0,0,0,0,0,0,0,0,0,35390246,35426736,35639,35671,1946,0,0,0,0,0,0,0,0
1778081459.4474463,g5.hpc.coe,40875,0.5001,0,100.0,2035.0,12288.0,49485403952,50465767066,51261438,52774482,845816,0,0,0,0,0,0,0,0,0,0,0,0,34700326,34736775,34891,34926,41,0,0,0,0,0,0,0,0
1778081459.9475403,g5.hpc.coe,40875,0.5001,0,100.0,2035.0,12288.0,49526354062,50506761122,51302554,52815649,847168,0,0,0,0,0,0,0,0,0,0,0,0,40950110,40994056,41116,41167,1352,0,0,0,0,0,0,0,0
1778081460.4476361,g5.hpc.coe,40875,0.5001,0,100.0,2035.0,12288.0,49561744394,50542187977,51338185,52851337,847396,0,0,0,0,0,0,0,0,0,0,0,0,35390332,35426855,35631,35688,228,0,0,0,0,0,0,0,0
1778081460.947763,g5.hpc.coe,40875,0.5001,0,100.0,2035.0,12288.0,49602694691,50583182012,51379312,52892501,847445,0,0,0,0,0,0,0,0,0,0,0,0,40950297,40994035,41127,41164,49,0,0,0,0,0,0,0,0
1778081461.4478571,g5.hpc.coe,40875,0.5001,0,100.0,2035.0,12288.0,49638085175,50618608790,51414949,52928178,848489,0,0,0,0,0,0,0,0,0,0,0,0,35390484,35426778,35637,35677,1044,0,0,0,0,0,0,0,0
1778081461.947952,g5.hpc.coe,40875,0.5001,0,100.0,2035.0,12288.0,49672784651,50653345488,51449842,52963102,848539,0,0,0,0,0,0,0,0,0,0,0,0,34699476,34736698,34893,34924,50,0,0,0,0,0,0,0,0
1778081462.4480453,g5.hpc.coe,40875,0.5001,0,100.0,2035.0,12288.0,49713733973,50694339487,51490960,53004263,849607,0,0,0,0,0,0,0,0,0,0,0,0,40949322,40993999,41118,41161,1068,0,0,0,0,0,0,0,0
1778081462.9481425,g5.hpc.coe,40875,0.5001,0,100.0,2035.0,12288.0,49749123524,50729766166,51526594,53039928,850007,0,0,0,0,0,0,0,0,0,0,0,0,35389551,35426679,35634,35665,400,0,0,0,0,0,0,0,0
1778081463.4482381,g5.hpc.coe,40875,0.5001,0,100.0,2035.0,12288.0,49790072934,50770760165,51567711,53081089,850496,0,0,0,0,0,0,0,0,0,0,0,0,40949410,40993999,41117,41161,489,0,0,0,0,0,0,0,0
1778081463.9483304,g5.hpc.coe,40875,0.5001,0,100.0,2035.0,12288.0,49825462608,50806186900,51603349,53116762,851007,0,0,0,0,0,0,0,0,0,0,0,0,35389674,35426735,35638,35673,511,0,0,0,0,0,0,0,0
1778081464.4484205,g5.hpc.coe,40875,0.5001,0,100.0,2035.0,12288.0,49860162342,50840923674,51638236,53151690,851051,0,0,0,0,0,0,0,0,0,0,0,0,34699734,34736774,34887,34928,44,0,0,0,0,0,0,0,0
1778081464.9485173,g5.hpc.coe,40875,0.5001,0,100.0,2035.0,12288.0,49901111915,50881917708,51679356,53192856,851947,0,0,0,0,0,0,0,0,0,0,0,0,40949573,40994034,41120,41166,896,0,0,0,0,0,0,0,0
1778081465.4486113,g5.hpc.coe,40875,0.5001,0,100.0,2035.0,12288.0,49936501711,50917344485,51714991,53228535,851990,0,0,0,0,0,0,0,0,0,0,0,0,35389796,35426777,35635,35679,43,0,0,0,0,0,0,0,0
1778081465.948705,g5.hpc.coe,40875,0.5001,0,100.0,2035.0,12288.0,49977451414,50958338470,51756116,53269694,852332,0,0,0,0,0,0,0,0,0,0,0,0,40949703,40993985,41125,41159,342,0,0,0,0,0,0,0,0
1778081466.4488032,g5.hpc.coe,40875,0.5001,0,100.0,2035.0,12288.0,50012841312,50993765227,51791750,53305368,856555,0,0,0,0,0,0,0,0,0,0,0,0,35389898,35426757,35634,35674,4223,0,0,0,0,0,0,0,0
1778081466.9488962,g5.hpc.coe,40875,0.5001,0,100.0,2035.0,12288.0,50053791734,51034759758,51832888,53346547,857209,0,0,0,0,0,0,0,0,0,0,0,0,40950422,40994531,41138,41179,654,0,0,0,0,0,0,0,0
1778081467.448988,g5.hpc.coe,40875,0.5001,0,100.0,2035.0,12288.0,50089181741,51070186529,51868524,53382223,858675,0,0,0,0,0,0,0,0,0,0,0,0,35390007,35426771,35636,35676,1466,0,0,0,0,0,0,0,0
1778081467.9490829,g5.hpc.coe,40875,0.5001,0,100.0,2035.0,12288.0,50123881759,51104923319,51903411,53417158,858720,0,0,0,0,0,0,0,0,0,0,0,0,34700018,34736790,34887,34935,45,0,0,0,0,0,0,0,0
1778081468.449177,g5.hpc.coe,40875,0.5001,0,100.0,2035.0,12288.0,50164831644,51145917389,51944526,53458327,859640,0,0,0,0,0,0,0,0,0,0,0,0,40949885,40994070,41115,41169,920,0,0,0,0,0,0,0,0
1778081468.949269,g5.hpc.coe,40875,0.5001,0,100.0,2035.0,12288.0,50200221765,51181344160,51980158,53494003,859800,0,0,0,0,0,0,0,0,0,0,0,0,35390121,35426771,35632,35676,160,0,0,0,0,0,0,0,0
1778081469.4493594,g5.hpc.coe,40875,0.5001,0,100.0,2035.0,12288.0,50235296944,51216602258,52016099,53530133,859843,0,0,0,0,0,0,0,0,0,0,0,0,35075179,35258098,35941,36130,43,0,0,0,0,0,0,0,0
1778081469.9494562,g5.hpc.coe,40875,0.5001,0,100.0,2035.0,12288.0,50276562066,51257765084,52056911,53570853,860834,0,0,0,0,0,0,0,0,0,0,0,0,41265122,41162826,40812,40720,991,0,0,0,0,0,0,0,0
1778081470.44955,g5.hpc.coe,40875,0.5001,0,100.0,2035.0,12288.0,50311262299,51292501783,52091795,53605775,861179,0,0,0,0,0,0,0,0,0,0,0,0,34700233,34736699,34884,34922,345,0,0,0,0,0,0,0,0
1778081470.9496434,g5.hpc.coe,40875,0.5001,0,100.0,2035.0,12288.0,50352212427,51333495832,52132911,53646941,863419,0,0,0,0,0,0,0,0,0,0,0,0,40950128,40994049,41116,41166,2240,0,0,0,0,0,0,0,0
1778081471.449736,g5.hpc.coe,40875,0.5001,0,100.0,2035.0,12288.0,50387602898,51368922596,52168557,53682616,864323,0,0,0,0,0,0,0,0,0,0,0,0,35390471,35426764,35646,35675,904,0,0,0,0,0,0,0,0
1778081471.9498296,g5.hpc.coe,40875,0.5001,0,100.0,2035.0,12288.0,50426523206,51408088925,52207911,53722244,865217,0,0,0,0,0,0,0,0,0,0,0,0,38920308,39166329,39354,39628,894,0,0,0,0,0,0,0,0
1778081472.449924,g5.hpc.coe,40875,0.5001,0,100.0,2035.0,12288.0,50463943779,51445343444,52245330,53759462,866342,0,0,0,0,0,0,0,0,0,0,0,0,37420573,37254519,37419,37218,1125,0,0,0,0,0,0,0,0
1778081472.9500217,g5.hpc.coe,40875,0.5001,0,100.0,2035.0,12288.0,50498643301,51480080149,52280227,53794387,866555,0,0,0,0,0,0,0,0,0,0,0,0,34699522,34736705,34897,34925,213,0,0,0,0,0,0,0,0
1778081473.4501166,g5.hpc.coe,40875,0.5001,0,100.0,2035.0,12288.0,50539592670,51521074155,52321349,53835549,868233,0,0,0,0,0,0,0,0,0,0,0,0,40949369,40994006,41122,41162,1678,0,0,0,0,0,0,0,0
1778081473.9502096,g5.hpc.coe,40875,0.5001,0,100.0,2035.0,12288.0,50574982304,51556500897,52356992,53871223,868278,0,0,0,0,0,0,0,0,0,0,0,0,35389634,35426742,35643,35674,45,0,0,0,0,0,0,0,0
1778081474.450305,g5.hpc.coe,40875,0.5001,0,100.0,2035.0,12288.0,50615931768,51597494889,52398114,53912383,868332,0,0,0,0,0,0,0,0,0,0,0,0,40949464,40993992,41122,41160,54,0,0,0,0,0,0,0,0
1778081474.9504025,g5.hpc.coe,40875,0.5001,0,100.0,2035.0,12288.0,50651321523,51632921721,52433754,53948063,868859,0,0,0,0,0,0,0,0,0,0,0,0,35389755,35426832,35640,35680,527,0,0,0,0,0,0,0,0
1778081475.4504926,g5.hpc.coe,40875,0.5001,0,100.0,2035.0,12288.0,50686021261,51667658461,52468648,53982993,868965,0,0,0,0,0,0,0,0,0,0,0,0,34699738,34736740,34894,34930,106,0,0,0,0,0,0,0,0
1778081475.95056,g5.hpc.coe,40875,0.5001,0,100.0,2035.0,12288.0,50726970867,51708652530,52509770,54024164,869707,0,0,0,0,0,0,0,0,0,0,0,0,40949606,40994069,41122,41171,742,0,0,0,0,0,0,0,0
1778081476.4506586,g5.hpc.coe,40875,0.5001,0,100.0,2035.0,12288.0,50762360681,51744079258,52545405,54059836,869744,0,0,0,0,0,0,0,0,0,0,0,0,35389814,35426728,35635,35672,37,0,0,0,0,0,0,0,0
1778081476.9507513,g5.hpc.coe,40875,0.5001,0,100.0,2035.0,12288.0,50803310396,51785073321,52586527,54101004,869806,0,0,0,0,0,0,0,0,0,0,0,0,40949715,40994063,41122,41168,62,0,0,0,0,0,0,0,0
1778081477.4508495,g5.hpc.coe,40875,0.5001,0,100.0,2035.0,12288.0,50838700284,51820500064,52622157,54136676,871993,0,0,0,0,0,0,0,0,0,0,0,0,35389888,35426743,35630,35672,2187,0,0,0,0,0,0,0,0
1778081477.9509492,g5.hpc.coe,40875,0.5001,0,100.0,2035.0,12288.0,50873400302,51855236819,52657055,54171606,872039,0,0,0,0,0,0,0,0,0,0,0,0,34700018,34736755,34898,34930,46,0,0,0,0,0,0,0,0
1778081478.4510477,g5.hpc.coe,40875,0.5001,0,100.0,2035.0,12288.0,50914350159,51896230959,52698177,54212785,873284,0,0,0,0,0,0,0,0,0,0,0,0,40949857,40994140,41122,41179,1245,0,0,0,0,0,0,0,0
1778081478.9511437,g5.hpc.coe,40875,0.5001,0,100.0,2035.0,12288.0,50949740183,51931657667,52733806,54248452,873500,0,0,0,0,0,0,0,0,0,0,0,0,35390024,35426708,35629,35667,216,0,0,0,0,0,0,0,0
1778081479.4512374,g5.hpc.coe,40875,0.5001,0,100.0,2035.0,12288.0,50990690122,51972651688,52774926,54289614,874189,0,0,0,0,0,0,0,0,0,0,0,0,40949939,40994021,41120,41162,689,0,0,0,0,0,0,0,0
1778081479.9513347,g5.hpc.coe,40875,0.5001,0,100.0,2035.0,12288.0,51026080360,52008078535,52810563,54325294,875464,0,0,0,0,0,0,0,0,0,0,0,0,35390238,35426847,35637,35680,1275,0,0,0,0,0,0,0,0
1778081480.45143,g5.hpc.coe,40875,0.5001,0,100.0,2035.0,12288.0,51060780567,52042815276,52845454,54360222,875509,0,0,0,0,0,0,0,0,0,0,0,0,34700207,34736741,34891,34928,45,0,0,0,0,0,0,0,0
1778081480.9515297,g5.hpc.coe,40875,0.5001,0,100.0,2035.0,12288.0,51101730697,52083809304,52886581,54401385,876703,0,0,0,0,0,0,0,0,0,0,0,0,40950130,40994028,41127,41163,1194,0,0,0,0,0,0,0,0
1778081481.4516268,g5.hpc.coe,40875,0.5001,0,100.0,2035.0,12288.0,51137120979,52119236040,52922213,54437056,880172,0,0,0,0,0,0,0,0,0,0,0,0,35390282,35426736,35632,35671,3469,0,0,0,0,0,0,0,0
1778081481.9517238,g5.hpc.coe,40875,0.5001,0,100.0,2035.0,12288.0,51178071743,52160230571,52963343,54478235,881366,0,0,0,0,0,0,0,0,0,0,0,0,40950764,40994531,41130,41179,1194,0,0,0,0,0,0,0,0
1778081482.4518204,g5.hpc.coe,40875,0.5001,0,100.0,2035.0,12288.0,51213462192,52195657293,52998983,54513904,882094,0,0,0,0,0,0,0,0,0,0,0,0,35390449,35426722,35640,35669,728,0,0,0,0,0,0,0,0
1778081482.9519162,g5.hpc.coe,40875,0.5001,0,100.0,2035.0,12288.0,51248162651,52230394090,53033874,54548840,882131,0,0,0,0,0,0,0,0,0,0,0,0,34700459,34736797,34891,34936,37,0,0,0,0,0,0,0,0
1778081483.4520104,g5.hpc.coe,40875,0.5001,0,100.0,2035.0,12288.0,51289111959,52271388159,53074998,54590015,883122,0,0,0,0,0,0,0,0,0,0,0,0,40949308,40994069,41124,41175,991,0,0,0,0,0,0,0,0
1778081483.9521089,g5.hpc.coe,40875,0.5001,0,100.0,2035.0,12288.0,51324501461,52306814845,53110633,54625677,883165,0,0,0,0,0,0,0,0,0,0,0,0,35389502,35426686,35635,35662,43,0,0,0,0,0,0,0,0
1778081484.452204,g5.hpc.coe,40875,0.5001,0,100.0,2035.0,12288.0,51365450863,52347808886,53151757,54666844,884105,0,0,0,0,0,0,0,0,0,0,0,0,40949402,40994041,41124,41167,940,0,0,0,0,0,0,0,0
1778081484.952301,g5.hpc.coe,40875,0.5001,0,100.0,2035.0,12288.0,51400840586,52383235662,53187401,54702516,884162,0,0,0,0,0,0,0,0,0,0,0,0,35389723,35426776,35644,35672,57,0,0,0,0,0,0,0,0
1778081485.4523988,g5.hpc.coe,40875,0.5001,0,100.0,2035.0,12288.0,51438168356,52421326019,53225394,54741136,884673,0,0,0,0,0,0,0,0,0,0,0,0,37327770,38090357,37993,38620,511,0,0,0,0,0,0,0,0
1778081485.952496,g5.hpc.coe,40875,0.5001,0,100.0,2035.0,12288.0,51476489737,52458966471,53263411,54778617,886597,0,0,0,0,0,0,0,0,0,0,0,0,38321381,37640452,38017,37481,1924,0,0,0,0,0,0,0,0
1778081486.452589,g5.hpc.coe,40875,0.5001,0,100.0,2035.0,12288.0,51511879497,52494393234,53299049,54814294,887023,0,0,0,0,0,0,0,0,0,0,0,0,35389760,35426763,35638,35677,426,0,0,0,0,0,0,0,0
1778081486.952686,g5.hpc.coe,40875,0.5001,0,100.0,2035.0,12288.0,51552829094,52535387268,53340167,54855460,889042,0,0,0,0,0,0,0,0,0,0,0,0,40949597,40994034,41118,41166,2019,0,0,0,0,0,0,0,0
1778081487.4527786,g5.hpc.coe,40875,0.5001,0,100.0,2035.0,12288.0,51588218962,52570814052,53375807,54891140,889509,0,0,0,0,0,0,0,0,0,0,0,0,35389868,35426784,35640,35680,467,0,0,0,0,0,0,0,0
1778081487.9528768,g5.hpc.coe,40875,0.5001,0,100.0,2035.0,12288.0,51629168697,52611808045,53416929,54932298,889556,0,0,0,0,0,0,0,0,0,0,0,0,40949735,40993993,41122,41158,47,0,0,0,0,0,0,0,0
1778081488.4529717,g5.hpc.coe,40875,0.5001,0,100.0,2035.0,12288.0,51664558696,52647234816,53452572,54967974,889599,0,0,0,0,0,0,0,0,0,0,0,0,35389999,35426771,35643,35676,43,0,0,0,0,0,0,0,0
1778081488.9530725,g5.hpc.coe,40875,0.5001,0,100.0,2035.0,12288.0,51699258670,52681971606,53487461,55002909,889640,0,0,0,0,0,0,0,0,0,0,0,0,34699974,34736790,34889,34935,41,0,0,0,0,0,0,0,0
1778081489.4531684,g5.hpc.coe,40875,0.5001,0,100.0,2035.0,12288.0,51740208568,52722965697,53528586,55044081,891934,0,0,0,0,0,0,0,0,0,0,0,0,40949898,40994091,41125,41172,2294,0,0,0,0,0,0,0,0
1778081489.9532602,g5.hpc.coe,40875,0.5001,0,100.0,2035.0,12288.0,51775598800,52758392495,53564233,55079754,892091,0,0,0,0,0,0,0,0,0,0,0,0,35390232,35426798,35647,35673,157,0,0,0,0,0,0,0,0
1778081490.4533558,g5.hpc.coe,40875,0.5001,0,100.0,2035.0,12288.0,51816548512,52799378948,53605356,55120900,892642,0,0,0,0,0,0,0,0,0,0,0,0,40949712,40986453,41123,41146,551,0,0,0,0,0,0,0,0
1778081490.953409,g5.hpc.coe,40875,0.5001,0,100.0,2035.0,12288.0,51851939050,52834813294,53641004,55156593,893586,0,0,0,0,0,0,0,0,0,0,0,0,35390538,35434346,35648,35693,944,0,0,0,0,0,0,0,0
1778081491.4535072,g5.hpc.coe,40875,0.5001,0,100.0,2035.0,12288.0,51886639276,52869549965,53675895,55191511,893851,0,0,0,0,0,0,0,0,0,0,0,0,34700226,34736671,34891,34918,265,0,0,0,0,0,0,0,0
1778081491.953606,g5.hpc.coe,40875,0.5001,0,100.0,2035.0,12288.0,51927589397,52910544007,53717018,55232676,896066,0,0,0,0,0,0,0,0,0,0,0,0,40950121,40994042,41123,41165,2215,0,0,0,0,0,0,0,0
1778081492.453695,g5.hpc.coe,40875,0.5001,0,100.0,2035.0,12288.0,51962979699,52945970729,53752650,55268345,896104,0,0,0,0,0,0,0,0,0,0,0,0,35390302,35426722,35632,35669,38,0,0,0,0,0,0,0,0
1778081492.953785,g5.hpc.coe,40875,0.5001,0,100.0,2035.0,12288.0,52003929736,52986964827,53793769,55309518,897135,0,0,0,0,0,0,0,0,0,0,0,0,40950037,40994098,41119,41173,1031,0,0,0,0,0,0,0,0
1778081493.453877,g5.hpc.coe,40875,0.5001,0,100.0,2035.0,12288.0,52039320347,53022391605,53829408,55345195,899211,0,0,0,0,0,0,0,0,0,0,0,0,35390611,35426778,35639,35677,2076,0,0,0,0,0,0,0,0
1778081493.953966,g5.hpc.coe,40875,0.5001,0,100.0,2035.0,12288.0,52074020839,53057128388,53864301,55380129,899248,0,0,0,0,0,0,0,0,0,0,0,0,34700492,34736783,34893,34934,37,0,0,0,0,0,0,0,0
1778081494.454057,g5.hpc.coe,40875,0.5001,0,100.0,2035.0,12288.0,52114970109,53098122457,53905417,55421300,900604,0,0,0,0,0,0,0,0,0,0,0,0,40949270,40994069,41116,41171,1356,0,0,0,0,0,0,0,0
1778081494.9541488,g5.hpc.coe,40875,0.5001,0,100.0,2035.0,12288.0,52150359685,53133549241,53941060,55456980,900833,0,0,0,0,0,0,0,0,0,0,0,0,35389576,35426784,35643,35680,229,0,0,0,0,0,0,0,0
1778081495.4542415,g5.hpc.coe,40875,0.5001,0,100.0,2035.0,12288.0,52191309078,53174543317,53982180,55498152,901562,0,0,0,0,0,0,0,0,0,0,0,0,40949393,40994076,41120,41172,729,0,0,0,0,0,0,0,0
1778081495.9543319,g5.hpc.coe,40875,0.5001,0,100.0,2035.0,12288.0,52226698707,53209970052,54017817,55533825,903013,0,0,0,0,0,0,0,0,0,0,0,0,35389629,35426735,35637,35673,1451,0,0,0,0,0,0,0,0
1778081496.4544222,g5.hpc.coe,40875,0.5001,0,100.0,2035.0,12288.0,52267648244,53250964121,54058944,55574996,904094,0,0,0,0,0,0,0,0,0,0,0,0,40949537,40994069,41127,41171,1081,0,0,0,0,0,0,0,0
1778081496.9545157,g5.hpc.coe,40875,0.5001,0,100.0,2035.0,12288.0,52302348618,53285701329,54093856,55609937,905468,0,0,0,0,0,0,0,0,0,0,0,0,34700374,34737208,34912,34941,1374,0,0,0,0,0,0,0,0
1778081497.454607,g5.hpc.coe,40875,0.5001,0,100.0,2035.0,12288.0,52337738383,53321128036,54129492,55645606,905619,0,0,0,0,0,0,0,0,0,0,0,0,35389765,35426707,35636,35669,151,0,0,0,0,0,0,0,0
1778081497.9547,g5.hpc.coe,40875,0.5001,0,100.0,2035.0,12288.0,52378687979,53362122098,54170607,55686776,905668,0,0,0,0,0,0,0,0,0,0,0,0,40949596,40994062,41115,41170,49,0,0,0,0,0,0,0,0
1778081498.454792,g5.hpc.coe,40875,0.5001,0,100.0,2035.0,12288.0,52414077824,53397548812,54206241,55722446,906422,0,0,0,0,0,0,0,0,0,0,0,0,35389845,35426714,35634,35670,754,0,0,0,0,0,0,0,0
1778081498.954882,g5.hpc.coe,40875,0.5001,0,100.0,2035.0,12288.0,52448777757,53432285532,54241135,55757371,906468,0,0,0,0,0,0,0,0,0,0,0,0,34699933,34736720,34894,34925,46,0,0,0,0,0,0,0,0
1778081499.454974,g5.hpc.coe,40875,0.5001,0,100.0,2035.0,12288.0,52489727508,53473279560,54282250,55798534,907068,0,0,0,0,0,0,0,0,0,0,0,0,40949751,40994028,41115,41163,600,0,0,0,0,0,0,0,0
1778081499.9550672,g5.hpc.coe,40875,0.5001,0,100.0,2035.0,12288.0,52525117447,53508706310,54317875,55834207,907289,0,0,0,0,0,0,0,0,0,0,0,0,35389939,35426750,35625,35673,221,0,0,0,0,0,0,0,0
1778081500.4551592,g5.hpc.coe,40875,0.5001,0,100.0,2035.0,12288.0,52566067398,53549700449,54358996,55875379,907837,0,0,0,0,0,0,0,0,0,0,0,0,40949951,40994139,41121,41172,548,0,0,0,0,0,0,0,0
1778081500.9552512,g5.hpc.coe,40875,0.5001,0,100.0,2035.0,12288.0,52601457551,53585127248,54394638,55911059,908846,0,0,0,0,0,0,0,0,0,0,0,0,35390153,35426799,35642,35680,1009,0,0,0,0,0,0,0,0
1778081501.455349,g5.hpc.coe,40875,0.5001,0,100.0,2035.0,12288.0,52636157749,53619863947,54429536,55945981,909110,0,0,0,0,0,0,0,0,0,0,0,0,34700198,34736699,34898,34922,264,0,0,0,0,0,0,0,0
1778081501.9554455,g5.hpc.coe,40875,0.5001,0,100.0,2035.0,12288.0,52677107787,53660857968,54470658,55987143,914257,0,0,0,0,0,0,0,0,0,0,0,0,40950038,40994021,41122,41162,5147,0,0,0,0,0,0,0,0
1778081502.4555435,g5.hpc.coe,40875,0.5001,0,100.0,2035.0,12288.0,52712498068,53696284760,54506298,56022822,914303,0,0,0,0,0,0,0,0,0,0,0,0,35390281,35426792,35640,35679,46,0,0,0,0,0,0,0,0
1778081502.9556472,g5.hpc.coe,40875,0.5001,0,100.0,2035.0,12288.0,52753448222,53737278760,54547423,56063981,914870,0,0,0,0,0,0,0,0,0,0,0,0,40950154,40994000,41125,41159,567,0,0,0,0,0,0,0,0
1778081503.4557443,g5.hpc.coe,40875,0.5001,0,100.0,2035.0,12288.0,52788838605,53772705524,54583064,56099656,914915,0,0,0,0,0,0,0,0,0,0,0,0,35390383,35426764,35641,35675,45,0,0,0,0,0,0,0,0
1778081503.9558415,g5.hpc.coe,40875,0.5001,0,100.0,2035.0,12288.0,52823539027,53807442251,54617958,56134582,914952,0,0,0,0,0,0,0,0,0,0,0,0,34700422,34736727,34894,34926,37,0,0,0,0,0,0,0,0
1778081504.4559393,g5.hpc.coe,40875,0.5001,0,100.0,2035.0,12288.0,52864489345,53848436307,54659084,56175749,916020,0,0,0,0,0,0,0,0,0,0,0,0,40950318,40994056,41126,41167,1068,0,0,0,0,0,0,0,0
1778081504.9560518,g5.hpc.coe,40875,0.5001,0,100.0,2035.0,12288.0,52899878761,53883863077,54694715,56211427,916573,0,0,0,0,0,0,0,0,0,0,0,0,35389416,35426770,35631,35678,553,0,0,0,0,0,0,0,0
1778081505.4561415,g5.hpc.coe,40875,0.5001,0,100.0,2035.0,12288.0,52940828162,53924857089,54735838,56252583,917699,0,0,0,0,0,0,0,0,0,0,0,0,40949401,40994012,41123,41156,1126,0,0,0,0,0,0,0,0
1778081505.9562402,g5.hpc.coe,40875,0.5001,0,100.0,2035.0,12288.0,52976217716,53960283803,54771475,56288253,918032,0,0,0,0,0,0,0,0,0,0,0,0,35389554,35426714,35637,35670,333,0,0,0,0,0,0,0,0
1778081506.456338,g5.hpc.coe,40875,0.5001,0,100.0,2035.0,12288.0,53015810032,54000216563,54811735,56328640,918531,0,0,0,0,0,0,0,0,0,0,0,0,39592316,39932760,40260,40387,499,0,0,0,0,0,0,0,0
1778081506.956433,g5.hpc.coe,40875,0.5001,0,100.0,2035.0,12288.0,53052556783,54036704565,54848233,56365091,919549,0,0,0,0,0,0,0,0,0,0,0,0,36746751,36488002,36498,36451,1018,0,0,0,0,0,0,0,0
1778081507.4565287,g5.hpc.coe,40875,0.5001,0,100.0,2035.0,12288.0,53087256463,54071441270,54883124,56400016,920023,0,0,0,0,0,0,0,0,0,0,0,0,34699680,34736705,34891,34925,474,0,0,0,0,0,0,0,0
1778081507.9566247,g5.hpc.coe,40875,0.5001,0,100.0,2035.0,12288.0,53128206031,54112435311,54924246,56441183,920704,0,0,0,0,0,0,0,0,0,0,0,0,40949568,40994041,41122,41167,681,0,0,0,0,0,0,0,0
1778081508.4567199,g5.hpc.coe,40875,0.5001,0,100.0,2035.0,12288.0,53163595843,54147862039,54959886,56476855,920748,0,0,0,0,0,0,0,0,0,0,0,0,35389812,35426728,35640,35672,44,0,0,0,0,0,0,0,0
1778081508.9568157,g5.hpc.coe,40875,0.5001,0,100.0,2035.0,12288.0,53202702239,54187365233,54999688,56516878,921046,0,0,0,0,0,0,0,0,0,0,0,0,39106396,39503194,39802,40023,298,0,0,0,0,0,0,0,0
1778081509.4569108,g5.hpc.coe,40875,0.5001,0,100.0,2035.0,12288.0,53239935693,54224283162,55036652,56553711,922871,0,0,0,0,0,0,0,0,0,0,0,0,37233454,36917929,36964,36833,1825,0,0,0,0,0,0,0,0
1778081509.9570093,g5.hpc.coe,40875,0.5001,0,100.0,2035.0,12288.0,53274635618,54259019896,55071542,56588638,922921,0,0,0,0,0,0,0,0,0,0,0,0,34699925,34736734,34890,34927,50,0,0,0,0,0,0,0,0
1778081510.4571054,g5.hpc.coe,40875,0.5001,0,100.0,2035.0,12288.0,53315585544,54300014042,55112670,56629811,924434,0,0,0,0,0,0,0,0,0,0,0,0,40949926,40994146,41128,41173,1513,0,0,0,0,0,0,0,0
1778081510.9572046,g5.hpc.coe,40875,0.5001,0,100.0,2035.0,12288.0,53350975608,54335440855,55148310,56665493,924594,0,0,0,0,0,0,0,0,0,0,0,0,35390064,35426813,35640,35682,160,0,0,0,0,0,0,0,0
1778081511.457302,g5.hpc.coe,40875,0.5001,0,100.0,2035.0,12288.0,53391925538,54376434918,55189434,56706661,930287,0,0,0,0,0,0,0,0,0,0,0,0,40949930,40994063,41124,41168,5693,0,0,0,0,0,0,0,0
1778081511.9574003,g5.hpc.coe,40875,0.5001,0,100.0,2035.0,12288.0,53427316348,54411862108,55225093,56742341,932059,0,0,0,0,0,0,0,0,0,0,0,0,35390810,35427190,35659,35680,1772,0,0,0,0,0,0,0,0
1778081512.4574919,g5.hpc.coe,40875,0.5001,0,100.0,2035.0,12288.0,53462016574,54446598835,55259992,56777267,932098,0,0,0,0,0,0,0,0,0,0,0,0,34700226,34736727,34899,34926,39,0,0,0,0,0,0,0,0
1778081512.95759,g5.hpc.coe,40875,0.5001,0,100.0,2035.0,12288.0,53502966639,54487592877,55301115,56818432,932992,0,0,0,0,0,0,0,0,0,0,0,0,40950065,40994042,41123,41165,894,0,0,0,0,0,0,0,0
1778081513.4576855,g5.hpc.coe,40875,0.5001,0,100.0,2035.0,12288.0,53538356905,54523019718,55336750,56854118,933043,0,0,0,0,0,0,0,0,0,0,0,0,35390266,35426841,35635,35686,51,0,0,0,0,0,0,0,0
1778081513.957781,g5.hpc.coe,40875,0.5001,0,100.0,2035.0,12288.0,53579307107,54564013725,55377879,56895278,933394,0,0,0,0,0,0,0,0,0,0,0,0,40950202,40994007,41129,41160,351,0,0,0,0,0,0,0,0
1778081514.4578767,g5.hpc.coe,40875,0.5001,0,100.0,2035.0,12288.0,53614697496,54599440503,55413518,56930955,935573,0,0,0,0,0,0,0,0,0,0,0,0,35390389,35426778,35639,35677,2179,0,0,0,0,0,0,0,0
1778081514.9579754,g5.hpc.coe,40875,0.5001,0,100.0,2035.0,12288.0,53649397876,54634177244,55448403,56965883,935985,0,0,0,0,0,0,0,0,0,0,0,0,34700380,34736741,34885,34928,412,0,0,0,0,0,0,0,0
1778081515.4580703,g5.hpc.coe,40875,0.5001,0,100.0,2035.0,12288.0,53690348248,54675171418,55489527,57007060,936258,0,0,0,0,0,0,0,0,0,0,0,0,40950372,40994174,41124,41177,273,0,0,0,0,0,0,0,0
1778081515.958162,g5.hpc.coe,40875,0.5001,0,100.0,2035.0,12288.0,53725737693,54710598216,55525157,57042742,936294,0,0,0,0,0,0,0,0,0,0,0,0,35389445,35426798,35630,35682,36,0,0,0,0,0,0,0,0
1778081516.4582539,g5.hpc.coe,40875,0.5001,0,100.0,2035.0,12288.0,53766687044,54751592201,55566279,57083901,938720,0,0,0,0,0,0,0,0,0,0,0,0,40949351,40993985,41122,41159,2426,0,0,0,0,0,0,0,0
1778081516.958349,g5.hpc.coe,40875,0.5001,0,100.0,2035.0,12288.0,53802076680,54787018936,55601925,57119574,939490,0,0,0,0,0,0,0,0,0,0,0,0,35389636,35426735,35646,35673,770,0,0,0,0,0,0,0,0
1778081517.458443,g5.hpc.coe,40875,0.5001,0,100.0,2035.0,12288.0,53836776215,54821755662,55636806,57154502,939519,0,0,0,0,0,0,0,0,0,0,0,0,34699535,34736726,34881,34928,29,0,0,0,0,0,0,0,0
1778081517.9585335,g5.hpc.coe,40875,0.5001,0,100.0,2035.0,12288.0,53878415717,54863439712,55678673,57196414,939993,0,0,0,0,0,0,0,0,0,0,0,0,41639502,41684050,41867,41912,474,0,0,0,0,0,0,0,0
1778081518.458625,g5.hpc.coe,40875,0.5001,0,100.0,2035.0,12288.0,53913115325,54898176501,55713551,57231351,940026,0,0,0,0,0,0,0,0,0,0,0,0,34699608,34736789,34878,34937,33,0,0,0,0,0,0,0,0
1778081518.958718,g5.hpc.coe,40875,0.5001,0,100.0,2035.0,12288.0,53954064891,54939170521,55754670,57272515,941549,0,0,0,0,0,0,0,0,0,0,0,0,40949566,40994020,41119,41164,1523,0,0,0,0,0,0,0,0
1778081519.4588099,g5.hpc.coe,40875,0.5001,0,100.0,2035.0,12288.0,53989454673,54974597263,55790303,57308189,942754,0,0,0,0,0,0,0,0,0,0,0,0,35389782,35426742,35633,35674,1205,0,0,0,0,0,0,0,0
1778081519.9589043,g5.hpc.coe,40875,0.5001,0,100.0,2035.0,12288.0,54024154500,55009333975,55825192,57343115,942783,0,0,0,0,0,0,0,0,0,0,0,0,34699827,34736712,34889,34926,29,0,0,0,0,0,0,0,0
1778081520.458996,g5.hpc.coe,40875,0.5001,0,100.0,2035.0,12288.0,54065794247,55051018089,55867058,57385034,943902,0,0,0,0,0,0,0,0,0,0,0,0,41639747,41684114,41866,41919,1119,0,0,0,0,0,0,0,0
1778081520.9590945,g5.hpc.coe,40875,0.5001,0,100.0,2035.0,12288.0,54100494282,55085754801,55901952,57419951,943937,0,0,0,0,0,0,0,0,0,0,0,0,34700035,34736712,34894,34917,35,0,0,0,0,0,0,0,0
1778081521.4591856,g5.hpc.coe,40875,0.5001,0,100.0,2035.0,12288.0,54141444198,55126748829,55943085,57461114,946473,0,0,0,0,0,0,0,0,0,0,0,0,40949916,40994028,41133,41163,2536,0,0,0,0,0,0,0,0
1778081521.9592824,g5.hpc.coe,40875,0.5001,0,100.0,2035.0,12288.0,54176834281,55162175628,55978725,57496794,947032,0,0,0,0,0,0,0,0,0,0,0,0,35390083,35426799,35640,35680,559,0,0,0,0,0,0,0,0
1778081522.4593782,g5.hpc.coe,40875,0.5001,0,100.0,2035.0,12288.0,54211534389,55196912397,56013618,57531726,947080,0,0,0,0,0,0,0,0,0,0,0,0,34700108,34736769,34893,34932,48,0,0,0,0,0,0,0,0
1778081522.9594705,g5.hpc.coe,40875,0.5001,0,100.0,2035.0,12288.0,54252484357,55237906453,56054738,57572893,948913,0,0,0,0,0,0,0,0,0,0,0,0,40949968,40994056,41120,41167,1833,0,0,0,0,0,0,0,0
1778081523.4595623,g5.hpc.coe,40875,0.5001,0,100.0,2035.0,12288.0,54287874534,55273333224,56090371,57608569,948953,0,0,0,0,0,0,0,0,0,0,0,0,35390177,35426771,35633,35676,40,0,0,0,0,0,0,0,0
1778081523.9596524,g5.hpc.coe,40875,0.5001,0,100.0,2035.0,12288.0,54328824562,55314327259,56131486,57649733,950264,0,0,0,0,0,0,0,0,0,0,0,0,40950028,40994035,41115,41164,1311,0,0,0,0,0,0,0,0
1778081524.459744,g5.hpc.coe,40875,0.5001,0,100.0,2035.0,12288.0,54364214855,55349754079,56167122,57685416,951137,0,0,0,0,0,0,0,0,0,0,0,0,35390293,35426820,35636,35683,873,0,0,0,0,0,0,0,0
1778081524.9598365,g5.hpc.coe,40875,0.5001,0,100.0,2035.0,12288.0,54400230752,55386450996,56203883,57722682,951176,0,0,0,0,0,0,0,0,0,0,0,0,36015897,36696917,36761,37266,39,0,0,0,0,0,0,0,0
1778081525.4599302,g5.hpc.coe,40875,0.5001,0,100.0,2035.0,12288.0,54440038646,55425928166,56243762,57762242,953001,0,0,0,0,0,0,0,0,0,0,0,0,39807894,39477170,39879,39560,1825,0,0,0,0,0,0,0,0
1778081525.9600234,g5.hpc.coe,40875,0.5001,0,100.0,2035.0,12288.0,54475256003,55460911646,56278781,57797180,953272,0,0,0,0,0,0,0,0,0,0,0,0,35217357,34983480,35019,34938,271,0,0,0,0,0,0,0,0
1778081526.460116,g5.hpc.coe,40875,0.5001,0,100.0,2035.0,12288.0,54516206332,55501905681,56319903,57838344,956969,0,0,0,0,0,0,0,0,0,0,0,0,40950329,40994035,41122,41164,3697,0,0,0,0,0,0,0,0
1778081526.9602113,g5.hpc.coe,40875,0.5001,0,100.0,2035.0,12288.0,54551596509,55537332842,56355563,57874022,957003,0,0,0,0,0,0,0,0,0,0,0,0,35390177,35427161,35660,35678,34,0,0,0,0,0,0,0,0
1778081527.4603064,g5.hpc.coe,40875,0.5001,0,100.0,2035.0,12288.0,54592276591,55578319114,56396670,57915174,957045,0,0,0,0,0,0,0,0,0,0,0,0,40680082,40986272,41107,41152,42,0,0,0,0,0,0,0,0
1778081527.9604003,g5.hpc.coe,40875,0.5001,0,100.0,2035.0,12288.0,54627935471,55613753660,56432322,57950868,957431,0,0,0,0,0,0,0,0,0,0,0,0,35658880,35434546,35652,35694,386,0,0,0,0,0,0,0,0
1778081528.4604905,g5.hpc.coe,40875,0.5001,0,100.0,2035.0,12288.0,54662635109,55648490344,56467215,57985790,957475,0,0,0,0,0,0,0,0,0,0,0,0,34699638,34736684,34893,34922,44,0,0,0,0,0,0,0,0
1778081528.9605827,g5.hpc.coe,40875,0.5001,0,100.0,2035.0,12288.0,54703584614,55689484357,56508336,58026953,959025,0,0,0,0,0,0,0,0,0,0,0,0,40949505,40994013,41121,41163,1550,0,0,0,0,0,0,0,0
1778081529.460673,g5.hpc.coe,40875,0.5001,0,100.0,2035.0,12288.0,54738974412,55724911134,56543982,58062632,959636,0,0,0,0,0,0,0,0,0,0,0,0,35389798,35426777,35646,35679,611,0,0,0,0,0,0,0,0
1778081529.9607658,g5.hpc.coe,40875,0.5001,0,100.0,2035.0,12288.0,54779351459,55765783475,56585067,58103781,959992,0,0,0,0,0,0,0,0,0,0,0,0,40377047,40872341,41085,41149,356,0,0,0,0,0,0,0,0
1778081530.4608574,g5.hpc.coe,40875,0.5001,0,100.0,2035.0,12288.0,54815313849,55801331924,56620741,58139474,960633,0,0,0,0,0,0,0,0,0,0,0,0,35962390,35548449,35674,35693,641,0,0,0,0,0,0,0,0
1778081530.9609516,g5.hpc.coe,40875,0.5001,0,100.0,2035.0,12288.0,54850013788,55836068734,56655632,58174405,960671,0,0,0,0,0,0,0,0,0,0,0,0,34699939,34736810,34891,34931,38,0,0,0,0,0,0,0,0
1778081531.461045,g5.hpc.coe,40875,0.5001,0,100.0,2035.0,12288.0,54890963573,55877062741,56696757,58215565,960882,0,0,0,0,0,0,0,0,0,0,0,0,40949785,40994007,41125,41160,211,0,0,0,0,0,0,0,0
1778081531.961141,g5.hpc.coe,40875,0.5001,0,100.0,2035.0,12288.0,54926353567,55912489575,56732395,58251250,961138,0,0,0,0,0,0,0,0,0,0,0,0,35389994,35426834,35638,35685,256,0,0,0,0,0,0,0,0
1778081532.4612305,g5.hpc.coe,40875,0.5001,0,100.0,2035.0,12288.0,54967303391,55953483631,56773512,58292417,961611,0,0,0,0,0,0,0,0,0,0,0,0,40949824,40994056,41117,41167,473,0,0,0,0,0,0,0,0
1778081532.961322,g5.hpc.coe,40875,0.5001,0,100.0,2035.0,12288.0,55002693416,55988910437,56809141,58328098,962510,0,0,0,0,0,0,0,0,0,0,0,0,35390025,35426806,35629,35681,899,0,0,0,0,0,0,0,0
1778081533.4614131,g5.hpc.coe,40875,0.5001,0,100.0,2035.0,12288.0,55037393578,56023647241,56844039,58363035,962748,0,0,0,0,0,0,0,0,0,0,0,0,34700162,34736804,34898,34937,238,0,0,0,0,0,0,0,0
1778081533.9615073,g5.hpc.coe,40875,0.5001,0,100.0,2035.0,12288.0,55078343551,56064641311,56885157,58404204,964426,0,0,0,0,0,0,0,0,0,0,0,0,40949973,40994070,41118,41169,1678,0,0,0,0,0,0,0,0
1778081534.4615977,g5.hpc.coe,40875,0.5001,0,100.0,2035.0,12288.0,55113733754,56100068096,56920791,58439882,964465,0,0,0,0,0,0,0,0,0,0,0,0,35390203,35426785,35634,35678,39,0,0,0,0,0,0,0,0
1778081534.9616942,g5.hpc.coe,40875,0.5001,0,100.0,2035.0,12288.0,55154683836,56141062138,56961911,58481047,964521,0,0,0,0,0,0,0,0,0,0,0,0,40950082,40994042,41120,41165,56,0,0,0,0,0,0,0,0
1778081535.461787,g5.hpc.coe,40875,0.5001,0,100.0,2035.0,12288.0,55190074140,56176488895,56997546,58516721,965709,0,0,0,0,0,0,0,0,0,0,0,0,35390304,35426757,35635,35674,1188,0,0,0,0,0,0,0,0
1778081535.961878,g5.hpc.coe,40875,0.5001,0,100.0,2035.0,12288.0,55224774490,56211225677,57032428,58551648,965756,0,0,0,0,0,0,0,0,0,0,0,0,34700350,34736782,34882,34927,47,0,0,0,0,0,0,0,0
1778081536.4619694,g5.hpc.coe,40875,0.5001,0,100.0,2035.0,12288.0,55265724743,56252219775,57073550,58592821,967053,0,0,0,0,0,0,0,0,0,0,0,0,40950253,40994098,41122,41173,1297,0,0,0,0,0,0,0,0
1778081536.9620626,g5.hpc.coe,40875,0.5001,0,100.0,2035.0,12288.0,55301115219,56287646483,57109187,58628488,967117,0,0,0,0,0,0,0,0,0,0,0,0,35390476,35426708,35637,35667,64,0,0,0,0,0,0,0,0
1778081537.4621563,g5.hpc.coe,40875,0.5001,0,100.0,2035.0,12288.0,55342064499,56328640454,57150307,58669645,967526,0,0,0,0,0,0,0,0,0,0,0,0,40949280,40993971,41120,41157,409,0,0,0,0,0,0,0,0
1778081537.962249,g5.hpc.coe,40875,0.5001,0,100.0,2035.0,12288.0,55377453980,56364067203,57185939,58705320,970406,0,0,0,0,0,0,0,0,0,0,0,0,35389481,35426749,35632,35675,2880,0,0,0,0,0,0,0,0
1778081538.4623396,g5.hpc.coe,40875,0.5001,0,100.0,2035.0,12288.0,55412153507,56398803957,57220827,58740252,970631,0,0,0,0,0,0,0,0,0,0,0,0,34699527,34736754,34888,34932,225,0,0,0,0,0,0,0,0
1778081538.9624307,g5.hpc.coe,40875,0.5001,0,100.0,2035.0,12288.0,55453102957,56439798019,57261951,58781422,971371,0,0,0,0,0,0,0,0,0,0,0,0,40949450,40994062,41124,41170,740,0,0,0,0,0,0,0,0
1778081539.4625201,g5.hpc.coe,40875,0.5001,0,100.0,2035.0,12288.0,55488492644,56475224824,57297592,58817105,973184,0,0,0,0,0,0,0,0,0,0,0,0,35389687,35426805,35641,35683,1813,0,0,0,0,0,0,0,0
1778081539.9626138,g5.hpc.coe,40875,0.5001,0,100.0,2035.0,12288.0,55529442120,56516218816,57338706,58858265,973227,0,0,0,0,0,0,0,0,0,0,0,0,40949476,40993992,41114,41160,43,0,0,0,0,0,0,0,0
1778081540.4627054,g5.hpc.coe,40875,0.5001,0,100.0,2035.0,12288.0,55564831860,56551645551,57374341,58893938,974103,0,0,0,0,0,0,0,0,0,0,0,0,35389740,35426735,35635,35673,876,0,0,0,0,0,0,0,0
1778081540.9627984,g5.hpc.coe,40875,0.5001,0,100.0,2035.0,12288.0,55599531603,56586382270,57409226,58928865,974145,0,0,0,0,0,0,0,0,0,0,0,0,34699743,34736719,34885,34927,42,0,0,0,0,0,0,0,0
1778081541.4628901,g5.hpc.coe,40875,0.5001,0,100.0,2035.0,12288.0,55640481277,56627376310,57450339,58970025,977762,0,0,0,0,0,0,0,0,0,0,0,0,40949674,40994040,41113,41160,3617,0,0,0,0,0,0,0,0
1778081541.9629824,g5.hpc.coe,40875,0.5001,0,100.0,2035.0,12288.0,55675871797,56662803563,57485989,59005714,977797,0,0,0,0,0,0,0,0,0,0,0,0,35390520,35427253,35650,35689,35,0,0,0,0,0,0,0,0
1778081542.4630752,g5.hpc.coe,40875,0.5001,0,100.0,2035.0,12288.0,55716821581,56703797598,57527111,59046878,978311,0,0,0,0,0,0,0,0,0,0,0,0,40949784,40994035,41122,41164,514,0,0,0,0,0,0,0,0
1778081542.9631686,g5.hpc.coe,40875,0.5001,0,100.0,2035.0,12288.0,55752211608,56739224341,57562751,59082550,979505,0,0,0,0,0,0,0,0,0,0,0,0,35390027,35426743,35640,35672,1194,0,0,0,0,0,0,0,0
1778081543.4632583,g5.hpc.coe,40875,0.5001,0,100.0,2035.0,12288.0,55790576123,56777680366,57601692,59121518,979913,0,0,0,0,0,0,0,0,0,0,0,0,38364515,38456025,38941,38968,408,0,0,0,0,0,0,0,0
1778081543.963351,g5.hpc.coe,40875,0.5001,0,100.0,2035.0,12288.0,55827875933,56815108568,57638982,59159005,981588,0,0,0,0,0,0,0,0,0,0,0,0,37299810,37428202,37290,37487,1675,0,0,0,0,0,0,0,0
1778081544.463441,g5.hpc.coe,40875,0.5001,0,100.0,2035.0,12288.0,55863251665,56850381888,57674393,59194318,981783,0,0,0,0,0,0,0,0,0,0,0,0,35375732,35273320,35411,35313,195,0,0,0,0,0,0,0,0
1778081544.9635365,g5.hpc.coe,40875,0.5001,0,100.0,2035.0,12288.0,55904201679,56891375923,57715514,59235482,984412,0,0,0,0,0,0,0,0,0,0,0,0,40950014,40994035,41121,41164,2629,0,0,0,0,0,0,0,0
1778081545.4636264,g5.hpc.coe,40875,0.5001,0,100.0,2035.0,12288.0,55939592000,56926802624,57751162,59271148,984451,0,0,0,0,0,0,0,0,0,0,0,0,35390321,35426701,35648,35666,39,0,0,0,0,0,0,0,0
1778081545.9637175,g5.hpc.coe,40875,0.5001,0,100.0,2035.0,12288.0,55976949234,56964794654,57789352,59309915,984594,0,0,0,0,0,0,0,0,0,0,0,0,37357234,37992030,38190,38767,143,0,0,0,0,0,0,0,0
1778081546.4638073,g5.hpc.coe,40875,0.5001,0,100.0,2035.0,12288.0,56015932574,57003223492,57827929,59347990,985882,0,0,0,0,0,0,0,0,0,0,0,0,38983340,38428838,38577,38075,1288,0,0,0,0,0,0,0,0
1778081546.9638994,g5.hpc.coe,40875,0.5001,0,100.0,2035.0,12288.0,56050632994,57037960254,57862825,59382921,987735,0,0,0,0,0,0,0,0,0,0,0,0,34700420,34736762,34896,34931,1853,0,0,0,0,0,0,0,0
1778081547.46399,g5.hpc.coe,40875,0.5001,0,100.0,2035.0,12288.0,56091583254,57078954324,57903945,59424090,988544,0,0,0,0,0,0,0,0,0,0,0,0,40950260,40994070,41120,41169,809,0,0,0,0,0,0,0,0
1778081547.964082,g5.hpc.coe,40875,0.5001,0,100.0,2035.0,12288.0,56126973722,57114381088,57939578,59459765,988936,0,0,0,0,0,0,0,0,0,0,0,0,35390468,35426764,35633,35675,392,0,0,0,0,0,0,0,0
1778081548.4641743,g5.hpc.coe,40875,0.5001,0,100.0,2035.0,12288.0,56166941051,57155002799,57980200,59500895,989507,0,0,0,0,0,0,0,0,0,0,0,0,39967329,40621711,40622,41130,571,0,0,0,0,0,0,0,0
1778081548.9642668,g5.hpc.coe,40875,0.5001,0,100.0,2035.0,12288.0,56203312503,57190801892,58016327,59536609,990970,0,0,0,0,0,0,0,0,0,0,0,0,36371452,35799093,36127,35714,1463,0,0,0,0,0,0,0,0
1778081549.464356,g5.hpc.coe,40875,0.5001,0,100.0,2035.0,12288.0,56238012100,57225538548,58051222,59571527,991017,0,0,0,0,0,0,0,0,0,0,0,0,34699597,34736656,34895,34918,47,0,0,0,0,0,0,0,0
1778081549.964453,g5.hpc.coe,40875,0.5001,0,100.0,2035.0,12288.0,56278961592,57266532652,58092349,59612703,993373,0,0,0,0,0,0,0,0,0,0,0,0,40949492,40994104,41127,41176,2356,0,0,0,0,0,0,0,0
1778081550.4645445,g5.hpc.coe,40875,0.5001,0,100.0,2035.0,12288.0,56314351257,57301959408,58127984,59648379,993548,0,0,0,0,0,0,0,0,0,0,0,0,35389665,35426756,35635,35676,175,0,0,0,0,0,0,0,0
1778081550.9646416,g5.hpc.coe,40875,0.5001,0,100.0,2035.0,12288.0,56355300816,57342953414,58169107,59689541,993602,0,0,0,0,0,0,0,0,0,0,0,0,40949559,40994006,41123,41162,54,0,0,0,0,0,0,0,0
1778081551.4647326,g5.hpc.coe,40875,0.5001,0,100.0,2035.0,12288.0,56390690604,57378380253,58204737,59725222,995075,0,0,0,0,0,0,0,0,0,0,0,0,35389788,35426839,35630,35681,1473,0,0,0,0,0,0,0,0
1778081551.9648225,g5.hpc.coe,40875,0.5001,0,100.0,2035.0,12288.0,56425390389,57413117000,58239625,59760153,995118,0,0,0,0,0,0,0,0,0,0,0,0,34699785,34736747,34888,34931,43,0,0,0,0,0,0,0,0
1778081552.464916,g5.hpc.coe,40875,0.5001,0,100.0,2035.0,12288.0,56466340027,57454110999,58280739,59801314,996288,0,0,0,0,0,0,0,0,0,0,0,0,40949638,40993999,41114,41161,1170,0,0,0,0,0,0,0,0
1778081552.9650059,g5.hpc.coe,40875,0.5001,0,100.0,2035.0,12288.0,56501729986,57489537770,58316380,59836990,996333,0,0,0,0,0,0,0,0,0,0,0,0,35389959,35426771,35641,35676,45,0,0,0,0,0,0,0,0
1778081553.4650993,g5.hpc.coe,40875,0.5001,0,100.0,2035.0,12288.0,56542679755,57530531763,58357497,59878148,997974,0,0,0,0,0,0,0,0,0,0,0,0,40949769,40993993,41117,41158,1641,0,0,0,0,0,0,0,0
1778081553.9651926,g5.hpc.coe,40875,0.5001,0,100.0,2035.0,12288.0,56578069781,57565958590,58393134,59913832,999403,0,0,0,0,0,0,0,0,0,0,0,0,35390026,35426827,35637,35684,1429,0,0,0,0,0,0,0,0
1778081554.4652822,g5.hpc.coe,40875,0.5001,0,100.0,2035.0,12288.0,56612769818,57600695345,58428022,59948762,999443,0,0,0,0,0,0,0,0,0,0,0,0,34700037,34736755,34888,34930,40,0,0,0,0,0,0,0,0
1778081554.965399,g5.hpc.coe,40875,0.5001,0,100.0,2035.0,12288.0,56653719736,57641689282,58469140,59989912,1000641,0,0,0,0,0,0,0,0,0,0,0,0,40949918,40993937,41118,41150,1198,0,0,0,0,0,0,0,0
1778081555.465492,g5.hpc.coe,40875,0.5001,0,100.0,2035.0,12288.0,56696049755,57684063426,58511753,60032579,1002284,0,0,0,0,0,0,0,0,0,0,0,0,42330019,42374144,42613,42667,1643,0,0,0,0,0,0,0,0
1778081555.9655871,g5.hpc.coe,40875,0.5001,0,100.0,2035.0,12288.0,56730059877,57718110137,58545889,60066759,1003384,0,0,0,0,0,0,0,0,0,0,0,0,34010122,34046711,34136,34180,1100,0,0,0,0,0,0,0,0
1778081556.465679,g5.hpc.coe,40875,0.5001,0,100.0,2035.0,12288.0,56765450233,57753536942,58581530,60102433,1005017,0,0,0,0,0,0,0,0,0,0,0,0,35390356,35426805,35641,35674,1633,0,0,0,0,0,0,0,0
1778081556.9657705,g5.hpc.coe,40875,0.5001,0,100.0,2035.0,12288.0,56800151146,57788274137,58616435,60137370,1005065,0,0,0,0,0,0,0,0,0,0,0,0,34700913,34737195,34905,34937,48,0,0,0,0,0,0,0,0
1778081557.4658608,g5.hpc.coe,40875,0.5001,0,100.0,2035.0,12288.0,56841101198,57829268193,58657538,60178537,1006835,0,0,0,0,0,0,0,0,0,0,0,0,40950052,40994056,41103,41167,1770,0,0,0,0,0,0,0,0
1778081557.9659553,g5.hpc.coe,40875,0.5001,0,100.0,2035.0,12288.0,56876491558,57864694992,58693166,60214217,1006878,0,0,0,0,0,0,0,0,0,0,0,0,35390360,35426799,35628,35680,43,0,0,0,0,0,0,0,0
1778081558.4660609,g5.hpc.coe,40875,0.5001,0,100.0,2035.0,12288.0,56917441896,57905688999,58734294,60255377,1007300,0,0,0,0,0,0,0,0,0,0,0,0,40950338,40994007,41128,41160,422,0,0,0,0,0,0,0,0
1778081558.9661536,g5.hpc.coe,40875,0.5001,0,100.0,2035.0,12288.0,56952831346,57941115755,58769929,60291053,1008102,0,0,0,0,0,0,0,0,0,0,0,0,35389450,35426756,35635,35676,802,0,0,0,0,0,0,0,0
1778081559.4662445,g5.hpc.coe,40875,0.5001,0,100.0,2035.0,12288.0,56987776971,57976429418,58805488,60326955,1009568,0,0,0,0,0,0,0,0,0,0,0,0,34945625,35313663,35559,35902,1466,0,0,0,0,0,0,0,0
1778081559.9663358,g5.hpc.coe,40875,0.5001,0,100.0,2035.0,12288.0,57028480206,58016846410,58845939,60367132,1011991,0,0,0,0,0,0,0,0,0,0,0,0,40703235,40416992,40451,40177,2423,0,0,0,0,0,0,0,0
1778081560.4664288,g5.hpc.coe,40875,0.5001,0,100.0,2035.0,12288.0,57063869828,58052273096,58881578,60402798,1012039,0,0,0,0,0,0,0,0,0,0,0,0,35389622,35426686,35639,35666,48,0,0,0,0,0,0,0,0
1778081560.9665194,g5.hpc.coe,40875,0.5001,0,100.0,2035.0,12288.0,57104819274,58093267144,58922695,60443966,1012092,0,0,0,0,0,0,0,0,0,0,0,0,40949446,40994048,41117,41168,53,0,0,0,0,0,0,0,0
1778081561.466613,g5.hpc.coe,40875,0.5001,0,100.0,2035.0,12288.0,57140209019,58128693914,58958338,60479644,1013835,0,0,0,0,0,0,0,0,0,0,0,0,35389745,35426770,35643,35678,1743,0,0,0,0,0,0,0,0
1778081561.966704,g5.hpc.coe,40875,0.5001,0,100.0,2035.0,12288.0,57174908838,58163430611,58993232,60514561,1013897,0,0,0,0,0,0,0,0,0,0,0,0,34699819,34736697,34894,34917,62,0,0,0,0,0,0,0,0
1778081562.466797,g5.hpc.coe,40875,0.5001,0,100.0,2035.0,12288.0,57216548470,58205114717,59035099,60556481,1015497,0,0,0,0,0,0,0,0,0,0,0,0,41639632,41684106,41867,41920,1600,0,0,0,0,0,0,0,0
1778081562.9668884,g5.hpc.coe,40875,0.5001,0,100.0,2035.0,12288.0,57251248300,58239851450,59069990,60591410,1016061,0,0,0,0,0,0,0,0,0,0,0,0,34699830,34736733,34891,34929,564,0,0,0,0,0,0,0,0
1778081563.4669788,g5.hpc.coe,40875,0.5001,0,100.0,2035.0,12288.0,57292888064,58281535508,59111860,60633321,1016246,0,0,0,0,0,0,0,0,0,0,0,0,41639764,41684058,41870,41911,185,0,0,0,0,0,0,0,0
1778081563.967073,g5.hpc.coe,40875,0.5001,0,100.0,2035.0,12288.0,57327588046,58316272249,59146757,60668249,1016282,0,0,0,0,0,0,0,0,0,0,0,0,34699982,34736741,34897,34928,36,0,0,0,0,0,0,0,0
1778081564.4671652,g5.hpc.coe,40875,0.5001,0,100.0,2035.0,12288.0,57365640427,58354850684,59185443,60707351,1016323,0,0,0,0,0,0,0,0,0,0,0,0,38052381,38578435,38686,39102,41,0,0,0,0,0,0,0,0
1778081564.96726,g5.hpc.coe,40875,0.5001,0,100.0,2035.0,12288.0,57403927954,58392693097,59223520,60745095,1017126,0,0,0,0,0,0,0,0,0,0,0,0,38287527,37842413,38077,37744,803,0,0,0,0,0,0,0,0
1778081565.4673498,g5.hpc.coe,40875,0.5001,0,100.0,2035.0,12288.0,57438628092,58427429894,59258419,60780031,1017229,0,0,0,0,0,0,0,0,0,0,0,0,34700138,34736797,34899,34936,103,0,0,0,0,0,0,0,0
1778081565.9674582,g5.hpc.coe,40875,0.5001,0,100.0,2035.0,12288.0,57479578084,58468423985,59299544,60821203,1017927,0,0,0,0,0,0,0,0,0,0,0,0,40949992,40994091,41125,41172,698,0,0,0,0,0,0,0,0
1778081566.4675498,g5.hpc.coe,40875,0.5001,0,100.0,2035.0,12288.0,57514968299,58503850791,59335184,60856884,1018094,0,0,0,0,0,0,0,0,0,0,0,0,35390215,35426806,35640,35681,167,0,0,0,0,0,0,0,0
1778081566.967639,g5.hpc.coe,40875,0.5001,0,100.0,2035.0,12288.0,57554600403,58543907260,59375518,60897481,1018137,0,0,0,0,0,0,0,0,0,0,0,0,39632104,40056469,40334,40597,43,0,0,0,0,0,0,0,0
1778081567.4677298,g5.hpc.coe,40875,0.5001,0,100.0,2035.0,12288.0,57591308627,58580271736,59411930,60933737,1018932,0,0,0,0,0,0,0,0,0,0,0,0,36708224,36364476,36412,36256,795,0,0,0,0,0,0,0,0
1778081567.967823,g5.hpc.coe,40875,0.5001,0,100.0,2035.0,12288.0,57626008913,58615008554,59446816,60968676,1018969,0,0,0,0,0,0,0,0,0,0,0,0,34700286,34736818,34886,34939,37,0,0,0,0,0,0,0,0
1778081568.4679158,g5.hpc.coe,40875,0.5001,0,100.0,2035.0,12288.0,57666959108,58656002603,59487936,61009842,1019926,0,0,0,0,0,0,0,0,0,0,0,0,40950195,40994049,41120,41166,957,0,0,0,0,0,0,0,0
1778081568.9680107,g5.hpc.coe,40875,0.5001,0,100.0,2035.0,12288.0,57702349840,58691429657,59523582,61045527,1020049,0,0,0,0,0,0,0,0,0,0,0,0,35390732,35427054,35646,35685,123,0,0,0,0,0,0,0,0
1778081569.4681013,g5.hpc.coe,40875,0.5001,0,100.0,2035.0,12288.0,57743300146,58732423720,59564700,61086695,1021546,0,0,0,0,0,0,0,0,0,0,0,0,40950306,40994063,41118,41168,1497,0,0,0,0,0,0,0,0
1778081569.9681923,g5.hpc.coe,40875,0.5001,0,100.0,2035.0,12288.0,57778689592,58767850413,59600331,61122362,1022611,0,0,0,0,0,0,0,0,0,0,0,0,35389446,35426693,35631,35667,1065,0,0,0,0,0,0,0,0
1778081570.4682817,g5.hpc.coe,40875,0.5001,0,100.0,2035.0,12288.0,57813389154,58802587118,59635228,61157287,1023118,0,0,0,0,0,0,0,0,0,0,0,0,34699562,34736705,34897,34925,507,0,0,0,0,0,0,0,0
1778081570.9683795,g5.hpc.coe,40875,0.5001,0,100.0,2035.0,12288.0,57854338647,58843581131,59676362,61198450,1025002,0,0,0,0,0,0,0,0,0,0,0,0,40949493,40994013,41134,41163,1884,0,0,0,0,0,0,0,0
1778081571.4684725,g5.hpc.coe,40875,0.5001,0,100.0,2035.0,12288.0,57889728314,58879007908,59712004,61234129,1028909,0,0,0,0,0,0,0,0,0,0,0,0,35389667,35426777,35642,35679,3907,0,0,0,0,0,0,0,0
1778081571.968562,g5.hpc.coe,40875,0.5001,0,100.0,2035.0,12288.0,57930678498,58920002451,59753140,61275305,1029466,0,0,0,0,0,0,0,0,0,0,0,0,40950184,40994543,41136,41176,557,0,0,0,0,0,0,0,0
1778081572.468654,g5.hpc.coe,40875,0.5001,0,100.0,2035.0,12288.0,57966068191,58955429151,59788772,61310973,1030859,0,0,0,0,0,0,0,0,0,0,0,0,35389693,35426700,35632,35668,1393,0,0,0,0,0,0,0,0
1778081572.9687424,g5.hpc.coe,40875,0.5001,0,100.0,2035.0,12288.0,58000767894,58990165877,59823655,61345901,1030975,0,0,0,0,0,0,0,0,0,0,0,0,34699703,34736726,34883,34928,116,0,0,0,0,0,0,0,0
1778081573.4688354,g5.hpc.coe,40875,0.5001,0,100.0,2035.0,12288.0,58041717493,59031159918,59864770,61387068,1033564,0,0,0,0,0,0,0,0,0,0,0,0,40949599,40994041,41115,41167,2589,0,0,0,0,0,0,0,0
1778081573.9689257,g5.hpc.coe,40875,0.5001,0,100.0,2035.0,12288.0,58077107336,59066586709,59900403,61422749,1033653,0,0,0,0,0,0,0,0,0,0,0,0,35389843,35426791,35633,35681,89,0,0,0,0,0,0,0,0
1778081574.4690182,g5.hpc.coe,40875,0.5001,0,100.0,2035.0,12288.0,58118057151,59107580751,59941533,61463914,1034460,0,0,0,0,0,0,0,0,0,0,0,0,40949815,40994042,41130,41165,807,0,0,0,0,0,0,0,0
1778081574.969109,g5.hpc.coe,40875,0.5001,0,100.0,2035.0,12288.0,58153447167,59143007515,59977175,61499589,1036980,0,0,0,0,0,0,0,0,0,0,0,0,35390016,35426764,35642,35675,2520,0,0,0,0,0,0,0,0
1778081575.4692006,g5.hpc.coe,40875,0.5001,0,100.0,2035.0,12288.0,58188147222,59177744326,60012072,61534527,1037023,0,0,0,0,0,0,0,0,0,0,0,0,34700055,34736811,34897,34938,43,0,0,0,0,0,0,0,0
1778081575.9692903,g5.hpc.coe,40875,0.5001,0,100.0,2035.0,12288.0,58229097124,59218738333,60053194,61575687,1040065,0,0,0,0,0,0,0,0,0,0,0,0,40949902,40994007,41122,41160,3042,0,0,0,0,0,0,0,0
1778081576.4693842,g5.hpc.coe,40875,0.5001,0,100.0,2035.0,12288.0,58264487277,59254165076,60088835,61611359,1040107,0,0,0,0,0,0,0,0,0,0,0,0,35390153,35426743,35641,35672,42,0,0,0,0,0,0,0,0
1778081576.969477,g5.hpc.coe,40875,0.5001,0,100.0,2035.0,12288.0,58305437281,59295159173,60129949,61652525,1043706,0,0,0,0,0,0,0,0,0,0,0,0,40950004,40994097,41114,41166,3599,0,0,0,0,0,0,0,0
1778081577.4695704,g5.hpc.coe,40875,0.5001,0,100.0,2035.0,12288.0,58340827529,59330585909,60165590,61688196,1045592,0,0,0,0,0,0,0,0,0,0,0,0,35390248,35426736,35641,35671,1886,0,0,0,0,0,0,0,0
1778081577.969659,g5.hpc.coe,40875,0.5001,0,100.0,2035.0,12288.0,58375527788,59365322671,60200482,61723127,1045628,0,0,0,0,0,0,0,0,0,0,0,0,34700259,34736762,34892,34931,36,0,0,0,0,0,0,0,0
1778081578.4697523,g5.hpc.coe,40875,0.5001,0,100.0,2035.0,12288.0,58416477970,59406316762,60241610,61764299,1048434,0,0,0,0,0,0,0,0,0,0,0,0,40950182,40994091,41128,41172,2806,0,0,0,0,0,0,0,0
1778081578.9698427,g5.hpc.coe,40875,0.5001,0,100.0,2035.0,12288.0,58451868340,59441743568,60277248,61799980,1048604,0,0,0,0,0,0,0,0,0,0,0,0,35390370,35426806,35638,35681,170,0,0,0,0,0,0,0,0
1778081579.469934,g5.hpc.coe,40875,0.5001,0,100.0,2035.0,12288.0,58492818549,59482737589,60318364,61841142,1049694,0,0,0,0,0,0,0,0,0,0,0,0,40950209,40994021,41116,41162,1090,0,0,0,0,0,0,0,0
1778081579.9700267,g5.hpc.coe,40875,0.5001,0,100.0,2035.0,12288.0,58528209002,59518164423,60353998,61876827,1049727,0,0,0,0,0,0,0,0,0,0,0,0,35390453,35426834,35634,35685,33,0,0,0,0,0,0,0,0
1778081580.4701173,g5.hpc.coe,40875,0.5001,0,100.0,2035.0,12288.0,58564476390,59554923737,60390969,61914121,1049771,0,0,0,0,0,0,0,0,0,0,0,0,36267388,36759314,36971,37294,44,0,0,0,0,0,0,0,0
1778081580.9702146,g5.hpc.coe,40875,0.5001,0,100.0,2035.0,12288.0,58604547753,59594585276,60430749,61953678,1051860,0,0,0,0,0,0,0,0,0,0,0,0,40071363,39661539,39780,39557,2089,0,0,0,0,0,0,0,0
1778081581.470311,g5.hpc.coe,40875,0.5001,0,100.0,2035.0,12288.0,58639247300,59629322002,60465640,61988606,1052654,0,0,0,0,0,0,0,0,0,0,0,0,34699547,34736726,34891,34928,794,0,0,0,0,0,0,0,0
1778081581.9704037,g5.hpc.coe,40875,0.5001,0,100.0,2035.0,12288.0,58680196728,59670316085,60506761,62029779,1055251,0,0,0,0,0,0,0,0,0,0,0,0,40949428,40994083,41121,41173,2597,0,0,0,0,0,0,0,0
1778081582.4704957,g5.hpc.coe,40875,0.5001,0,100.0,2035.0,12288.0,58715586413,59705742903,60542395,62065457,1055325,0,0,0,0,0,0,0,0,0,0,0,0,35389685,35426818,35634,35678,74,0,0,0,0,0,0,0,0
1778081582.9705873,g5.hpc.coe,40875,0.5001,0,100.0,2035.0,12288.0,58753573498,59744296055,60581126,62104553,1056383,0,0,0,0,0,0,0,0,0,0,0,0,37987085,38553152,38731,39096,1058,0,0,0,0,0,0,0,0
1778081583.4706817,g5.hpc.coe,40875,0.5001,0,100.0,2035.0,12288.0,58791925691,59782163665,60619153,62142295,1059105,0,0,0,0,0,0,0,0,0,0,0,0,38352193,37867610,38027,37742,2722,0,0,0,0,0,0,0,0
1778081583.9707735,g5.hpc.coe,40875,0.5001,0,100.0,2035.0,12288.0,58826625491,59816900342,60654046,62177216,1059146,0,0,0,0,0,0,0,0,0,0,0,0,34699800,34736677,34893,34921,41,0,0,0,0,0,0,0,0
1778081584.4708624,g5.hpc.coe,40875,0.5001,0,100.0,2035.0,12288.0,58867575102,59857894383,60695159,62218383,1060128,0,0,0,0,0,0,0,0,0,0,0,0,40949611,40994041,41113,41167,982,0,0,0,0,0,0,0,0
1778081584.970956,g5.hpc.coe,40875,0.5001,0,100.0,2035.0,12288.0,58902965014,59893321224,60730796,62254069,1060168,0,0,0,0,0,0,0,0,0,0,0,0,35389912,35426841,35637,35686,40,0,0,0,0,0,0,0,0
1778081585.4710464,g5.hpc.coe,40875,0.5001,0,100.0,2035.0,12288.0,58943914549,59934307775,60771904,62295229,1061484,0,0,0,0,0,0,0,0,0,0,0,0,40949535,40986551,41108,41160,1316,0,0,0,0,0,0,0,0
1778081585.971138,g5.hpc.coe,40875,0.5001,0,100.0,2035.0,12288.0,58979304763,59969742121,60807549,62330922,1062955,0,0,0,0,0,0,0,0,0,0,0,0,35390214,35434346,35645,35693,1471,0,0,0,0,0,0,0,0
1778081586.4712298,g5.hpc.coe,40875,0.5001,0,100.0,2035.0,12288.0,59014004809,60004478855,60842441,62365849,1065220,0,0,0,0,0,0,0,0,0,0,0,0,34700046,34736734,34892,34927,2265,0,0,0,0,0,0,0,0
1778081586.9713206,g5.hpc.coe,40875,0.5001,0,100.0,2035.0,12288.0,59054955332,60045473330,60883574,62407020,1067195,0,0,0,0,0,0,0,0,0,0,0,0,40950523,40994475,41133,41171,1975,0,0,0,0,0,0,0,0
1778081587.4714139,g5.hpc.coe,40875,0.5001,0,100.0,2035.0,12288.0,59090345553,60080900128,60919212,62442693,1067222,0,0,0,0,0,0,0,0,0,0,0,0,35390221,35426798,35638,35673,27,0,0,0,0,0,0,0,0
1778081587.9715242,g5.hpc.coe,40875,0.5001,0,100.0,2035.0,12288.0,59131295576,60121894156,60960334,62483856,1068440,0,0,0,0,0,0,0,0,0,0,0,0,40950023,40994028,41122,41163,1218,0,0,0,0,0,0,0,0
1778081588.4716187,g5.hpc.coe,40875,0.5001,0,100.0,2035.0,12288.0,59166685815,60157320948,60995970,62519535,1069993,0,0,0,0,0,0,0,0,0,0,0,0,35390239,35426792,35636,35679,1553,0,0,0,0,0,0,0,0
1778081588.9717112,g5.hpc.coe,40875,0.5001,0,100.0,2035.0,12288.0,59201386079,60192057689,61030859,62554463,1070039,0,0,0,0,0,0,0,0,0,0,0,0,34700264,34736741,34889,34928,46,0,0,0,0,0,0,0,0
1778081589.471803,g5.hpc.coe,40875,0.5001,0,100.0,2035.0,12288.0,59242336253,60233051731,61071982,62595628,1070263,0,0,0,0,0,0,0,0,0,0,0,0,40950174,40994042,41123,41165,224,0,0,0,0,0,0,0,0
1778081589.971895,g5.hpc.coe,40875,0.5001,0,100.0,2035.0,12288.0,59277726699,60268478572,61107625,62631314,1070358,0,0,0,0,0,0,0,0,0,0,0,0,35390446,35426841,35643,35686,95,0,0,0,0,0,0,0,0
1778081590.4719884,g5.hpc.coe,40875,0.5001,0,100.0,2035.0,12288.0,59319366985,60310162672,61149492,62673231,1070943,0,0,0,0,0,0,0,0,0,0,0,0,41640286,41684100,41867,41917,585,0,0,0,0,0,0,0,0
1778081590.9720783,g5.hpc.coe,40875,0.5001,0,100.0,2035.0,12288.0,59354067545,60344899392,61184394,62708156,1073270,0,0,0,0,0,0,0,0,0,0,0,0,34700560,34736720,34902,34925,2327,0,0,0,0,0,0,0,0
1778081591.4721692,g5.hpc.coe,40875,0.5001,0,100.0,2035.0,12288.0,59388766994,60379636055,61219281,62743075,1073310,0,0,0,0,0,0,0,0,0,0,0,0,34699449,34736663,34887,34919,40,0,0,0,0,0,0,0,0
1778081591.9722621,g5.hpc.coe,40875,0.5001,0,100.0,2035.0,12288.0,59429716395,60420630075,61260408,62784239,1075636,0,0,0,0,0,0,0,0,0,0,0,0,40949401,40994020,41127,41164,2326,0,0,0,0,0,0,0,0
1778081592.4723554,g5.hpc.coe,40875,0.5001,0,100.0,2035.0,12288.0,59465106047,60456056802,61296045,62819904,1075676,0,0,0,0,0,0,0,0,0,0,0,0,35389652,35426727,35637,35665,40,0,0,0,0,0,0,0,0
1778081592.972445,g5.hpc.coe,40875,0.5001,0,100.0,2035.0,12288.0,59506055522,60497050801,61337169,62861065,1075975,0,0,0,0,0,0,0,0,0,0,0,0,40949475,40993999,41124,41161,299,0,0,0,0,0,0,0,0
1778081593.4725354,g5.hpc.coe,40875,0.5001,0,100.0,2035.0,12288.0,59541445262,60532477571,61372814,62896743,1076613,0,0,0,0,0,0,0,0,0,0,0,0,35389740,35426770,35645,35678,638,0,0,0,0,0,0,0,0
1778081593.9726255,g5.hpc.coe,40875,0.5001,0,100.0,2035.0,12288.0,59576145013,60567214318,61407710,62931674,1076646,0,0,0,0,0,0,0,0,0,0,0,0,34699751,34736747,34896,34931,33,0,0,0,0,0,0,0,0
1778081594.472716,g5.hpc.coe,40875,0.5001,0,100.0,2035.0,12288.0,59617094610,60608208289,61448831,62972831,1078278,0,0,0,0,0,0,0,0,0,0,0,0,40949597,40993971,41121,41157,1632,0,0,0,0,0,0,0,0
1778081594.9728093,g5.hpc.coe,40875,0.5001,0,100.0,2035.0,12288.0,59652484388,60643635031,61484461,63008505,1079023,0,0,0,0,0,0,0,0,0,0,0,0,35389778,35426742,35630,35674,745,0,0,0,0,0,0,0,0
1778081595.4729002,g5.hpc.coe,40875,0.5001,0,100.0,2035.0,12288.0,59693434026,60684629038,61525572,63049665,1081609,0,0,0,0,0,0,0,0,0,0,0,0,40949638,40994007,41111,41160,2586,0,0,0,0,0,0,0,0
1778081595.9729989,g5.hpc.coe,40875,0.5001,0,100.0,2035.0,12288.0,59728823978,60720055830,61561211,63085344,1082205,0,0,0,0,0,0,0,0,0,0,0,0,35389952,35426792,35639,35679,596,0,0,0,0,0,0,0,0
1778081596.4730887,g5.hpc.coe,40875,0.5001,0,100.0,2035.0,12288.0,59766805235,60758859773,61599942,63124438,1082246,0,0,0,0,0,0,0,0,0,0,0,0,37981257,38803943,38731,39094,41,0,0,0,0,0,0,0,0
1778081596.9731808,g5.hpc.coe,40875,0.5001,0,100.0,2035.0,12288.0,59804473875,60795786599,61637234,63161435,1082675,0,0,0,0,0,0,0,0,0,0,0,0,37668640,36926826,37292,36997,429,0,0,0,0,0,0,0,0
1778081597.4732718,g5.hpc.coe,40875,0.5001,0,100.0,2035.0,12288.0,59839864061,60831213404,61672877,63197109,1082711,0,0,0,0,0,0,0,0,0,0,0,0,35390186,35426805,35643,35674,36,0,0,0,0,0,0,0,0
1778081597.973362,g5.hpc.coe,40875,0.5001,0,100.0,2035.0,12288.0,59880813958,60872207495,61713991,63238281,1083865,0,0,0,0,0,0,0,0,0,0,0,0,40949897,40994091,41114,41172,1154,0,0,0,0,0,0,0,0
1778081598.4734542,g5.hpc.coe,40875,0.5001,0,100.0,2035.0,12288.0,59916204057,60907634266,61749617,63273957,1083950,0,0,0,0,0,0,0,0,0,0,0,0,35390099,35426771,35626,35676,85,0,0,0,0,0,0,0,0
1778081598.9735503,g5.hpc.coe,40875,0.5001,0,100.0,2035.0,12288.0,59952295027,60944337647,61786860,63311920,1083991,0,0,0,0,0,0,0,0,0,0,0,0,36090970,36703381,37243,37963,41,0,0,0,0,0,0,0,0
1778081599.4736404,g5.hpc.coe,40875,0.5001,0,100.0,2035.0,12288.0,59992544383,60984055135,61826377,63350806,1084898,0,0,0,0,0,0,0,0,0,0,0,0,40249356,39717488,39517,38886,907,0,0,0,0,0,0,0,0
1778081599.9737327,g5.hpc.coe,40875,0.5001,0,100.0,2035.0,12288.0,60027244735,61018791946,61861275,63385744,1084937,0,0,0,0,0,0,0,0,0,0,0,0,34700352,34736811,34898,34938,39,0,0,0,0,0,0,0,0
1778081600.4738247,g5.hpc.coe,40875,0.5001,0,100.0,2035.0,12288.0,60068194891,61059786044,61902392,63426917,1088341,0,0,0,0,0,0,0,0,0,0,0,0,40950156,40994098,41117,41173,3404,0,0,0,0,0,0,0,0
1778081600.9739172,g5.hpc.coe,40875,0.5001,0,100.0,2035.0,12288.0,60103585327,61095212850,61938030,63462598,1088386,0,0,0,0,0,0,0,0,0,0,0,0,35390436,35426806,35638,35681,45,0,0,0,0,0,0,0,0
1778081601.4740055,g5.hpc.coe,40875,0.5001,0,100.0,2035.0,12288.0,60142505608,61134169505,61977251,63501948,1098354,0,0,0,0,0,0,0,0,0,0,0,0,38920281,38956655,39221,39350,9968,0,0,0,0,0,0,0,0
1778081601.9740987,g5.hpc.coe,40875,0.5001,0,100.0,2035.0,12288.0,60179925744,61171634179,62014807,63539459,1098782,0,0,0,0,0,0,0,0,0,0,0,0,37420136,37464674,37556,37511,428,0,0,0,0,0,0,0,0
1778081602.4741893,g5.hpc.coe,40875,0.5001,0,100.0,2035.0,12288.0,60214625211,61206370919,62049693,63574389,1098825,0,0,0,0,0,0,0,0,0,0,0,0,34699467,34736740,34886,34930,43,0,0,0,0,0,0,0,0
1778081602.9742823,g5.hpc.coe,40875,0.5001,0,100.0,2035.0,12288.0,60256264590,61248054948,62091557,63616298,1099852,0,0,0,0,0,0,0,0,0,0,0,0,41639379,41684029,41864,41909,1027,0,0,0,0,0,0,0,0
1778081603.4743834,g5.hpc.coe,40875,0.5001,0,100.0,2035.0,12288.0,60290964188,61282791674,62126448,63651226,1099890,0,0,0,0,0,0,0,0,0,0,0,0,34699598,34736726,34891,34928,38,0,0,0,0,0,0,0,0
1778081603.9744735,g5.hpc.coe,40875,0.5001,0,100.0,2035.0,12288.0,60331913716,61323785694,62167576,63692390,1100428,0,0,0,0,0,0,0,0,0,0,0,0,40949528,40994020,41128,41164,538,0,0,0,0,0,0,0,0
1778081604.4745662,g5.hpc.coe,40875,0.5001,0,100.0,2035.0,12288.0,60367303425,61359212478,62203213,63728070,1102251,0,0,0,0,0,0,0,0,0,0,0,0,35389709,35426784,35637,35680,1823,0,0,0,0,0,0,0,0
1778081604.9746566,g5.hpc.coe,40875,0.5001,0,100.0,2035.0,12288.0,60402003131,61393949302,62238099,63763012,1102288,0,0,0,0,0,0,0,0,0,0,0,0,34699706,34736824,34886,34942,37,0,0,0,0,0,0,0,0
1778081605.47475,g5.hpc.coe,40875,0.5001,0,100.0,2035.0,12288.0,60442952768,61434943294,62279222,63804172,1104304,0,0,0,0,0,0,0,0,0,0,0,0,40949637,40993992,41123,41160,2016,0,0,0,0,0,0,0,0
1778081605.9748454,g5.hpc.coe,40875,0.5001,0,100.0,2035.0,12288.0,60478342620,61470370057,62314859,63839849,1104399,0,0,0,0,0,0,0,0,0,0,0,0,35389852,35426763,35637,35677,95,0,0,0,0,0,0,0,0
1778081606.4749365,g5.hpc.coe,40875,0.5001,0,100.0,2035.0,12288.0,60519292353,61511364029,62355980,63881004,1104617,0,0,0,0,0,0,0,0,0,0,0,0,40949733,40993972,41121,41155,218,0,0,0,0,0,0,0,0
1778081606.9750302,g5.hpc.coe,40875,0.5001,0,100.0,2035.0,12288.0,60554682287,61546790828,62391613,63916684,1106318,0,0,0,0,0,0,0,0,0,0,0,0,35389934,35426799,35633,35680,1701,0,0,0,0,0,0,0,0
1778081607.47512,g5.hpc.coe,40875,0.5001,0,100.0,2035.0,12288.0,60589382309,61581527576,62426508,63951613,1107417,0,0,0,0,0,0,0,0,0,0,0,0,34700022,34736748,34895,34929,1099,0,0,0,0,0,0,0,0
1778081607.975212,g5.hpc.coe,40875,0.5001,0,100.0,2035.0,12288.0,60630332276,61622521680,62467633,63992780,1112528,0,0,0,0,0,0,0,0,0,0,0,0,40949967,40994104,41125,41167,5111,0,0,0,0,0,0,0,0
1778081608.4753072,g5.hpc.coe,40875,0.5001,0,100.0,2035.0,12288.0,60665722438,61657948451,62503278,64028456,1112762,0,0,0,0,0,0,0,0,0,0,0,0,35390162,35426771,35645,35676,234,0,0,0,0,0,0,0,0
1778081608.9753978,g5.hpc.coe,40875,0.5001,0,100.0,2035.0,12288.0,60706672458,61698942514,62544406,64069624,1112888,0,0,0,0,0,0,0,0,0,0,0,0,40950020,40994063,41128,41168,126,0,0,0,0,0,0,0,0
1778081609.4754894,g5.hpc.coe,40875,0.5001,0,100.0,2035.0,12288.0,60742062701,61734369264,62580049,64105297,1113106,0,0,0,0,0,0,0,0,0,0,0,0,35390243,35426750,35643,35673,218,0,0,0,0,0,0,0,0
1778081609.9755797,g5.hpc.coe,40875,0.5001,0,100.0,2035.0,12288.0,60776762955,61769106054,62614943,64140232,1113300,0,0,0,0,0,0,0,0,0,0,0,0,34700254,34736790,34894,34935,194,0,0,0,0,0,0,0,0
1778081610.4756687,g5.hpc.coe,40875,0.5001,0,100.0,2035.0,12288.0,60817713056,61810100124,62656062,64181401,1113727,0,0,0,0,0,0,0,0,0,0,0,0,40950101,40994070,41119,41169,427,0,0,0,0,0,0,0,0
1778081610.9757593,g5.hpc.coe,40875,0.5001,0,100.0,2035.0,12288.0,60853103365,61845526888,62691694,64217076,1113771,0,0,0,0,0,0,0,0,0,0,0,0,35390309,35426764,35632,35675,44,0,0,0,0,0,0,0,0
1778081611.475852,g5.hpc.coe,40875,0.5001,0,100.0,2035.0,12288.0,60894053583,61886520902,62732814,64258237,1115210,0,0,0,0,0,0,0,0,0,0,0,0,40950218,40994014,41120,41161,1439,0,0,0,0,0,0,0,0
1778081611.975943,g5.hpc.coe,40875,0.5001,0,100.0,2035.0,12288.0,60929444066,61921947666,62768455,64293912,1115965,0,0,0,0,0,0,0,0,0,0,0,0,35390483,35426764,35641,35675,755,0,0,0,0,0,0,0,0
1778081612.4760334,g5.hpc.coe,40875,0.5001,0,100.0,2035.0,12288.0,60964144503,61956684400,62803339,64328839,1115999,0,0,0,0,0,0,0,0,0,0,0,0,34700437,34736734,34884,34927,34,0,0,0,0,0,0,0,0
1778081612.9761229,g5.hpc.coe,40875,0.5001,0,100.0,2035.0,12288.0,61005093922,61997678454,62844466,64370001,1117111,0,0,0,0,0,0,0,0,0,0,0,0,40949419,40994054,41127,41162,1112,0,0,0,0,0,0,0,0
1778081613.476216,g5.hpc.coe,40875,0.5001,0,100.0,2035.0,12288.0,61040483487,62033105217,62880106,64405678,1117140,0,0,0,0,0,0,0,0,0,0,0,0,35389565,35426763,35640,35677,29,0,0,0,0,0,0,0,0
1778081613.9763062,g5.hpc.coe,40875,0.5001,0,100.0,2035.0,12288.0,61081432875,62074099265,62921224,64446846,1117930,0,0,0,0,0,0,0,0,0,0,0,0,40949388,40994048,41118,41168,790,0,0,0,0,0,0,0,0
1778081614.4764,g5.hpc.coe,40875,0.5001,0,100.0,2035.0,12288.0,61116822514,62109525951,62956861,64482512,1119030,0,0,0,0,0,0,0,0,0,0,0,0,35389639,35426686,35637,35666,1100,0,0,0,0,0,0,0,0
1778081614.9764893,g5.hpc.coe,40875,0.5001,0,100.0,2035.0,12288.0,61151522184,62144262628,62991752,64517433,1119072,0,0,0,0,0,0,0,0,0,0,0,0,34699670,34736677,34891,34921,42,0,0,0,0,0,0,0,0
1778081615.4765806,g5.hpc.coe,40875,0.5001,0,100.0,2035.0,12288.0,61192471784,62185256613,63032880,64558592,1120561,0,0,0,0,0,0,0,0,0,0,0,0,40949600,40993985,41128,41159,1489,0,0,0,0,0,0,0,0
1778081615.9766755,g5.hpc.coe,40875,0.5001,0,100.0,2035.0,12288.0,61227861467,62220683369,63068503,64594268,1120627,0,0,0,0,0,0,0,0,0,0,0,0,35389683,35426756,35623,35676,66,0,0,0,0,0,0,0,0
1778081616.4767659,g5.hpc.coe,40875,0.5001,0,100.0,2035.0,12288.0,61268810995,62261677445,63109607,64635440,1128554,0,0,0,0,0,0,0,0,0,0,0,0,40949528,40994076,41104,41172,7927,0,0,0,0,0,0,0,0
1778081616.9768574,g5.hpc.coe,40875,0.5001,0,100.0,2035.0,12288.0,61304201524,62297104670,63145261,64671125,1128594,0,0,0,0,0,0,0,0,0,0,0,0,35390529,35427225,35654,35685,40,0,0,0,0,0,0,0,0
1778081617.4769495,g5.hpc.coe,40875,0.5001,0,100.0,2035.0,12288.0,61341578029,62335199334,63183368,64709809,1129761,0,0,0,0,0,0,0,0,0,0,0,0,37376505,38094664,38107,38684,1167,0,0,0,0,0,0,0,0
1778081617.9770403,g5.hpc.coe,40875,0.5001,0,100.0,2035.0,12288.0,61380067772,62373242837,63221891,64747965,1132101,0,0,0,0,0,0,0,0,0,0,0,0,38489743,38043503,38523,38156,2340,0,0,0,0,0,0,0,0
1778081618.4771326,g5.hpc.coe,40875,0.5001,0,100.0,2035.0,12288.0,61415241322,62408262272,63256906,64782894,1132583,0,0,0,0,0,0,0,0,0,0,0,0,35173550,35019435,35015,34929,482,0,0,0,0,0,0,0,0
1778081618.9772227,g5.hpc.coe,40875,0.5001,0,100.0,2035.0,12288.0,61456191174,62449256314,63298020,64824059,1132971,0,0,0,0,0,0,0,0,0,0,0,0,40949852,40994042,41114,41165,388,0,0,0,0,0,0,0,0
1778081619.4773126,g5.hpc.coe,40875,0.5001,0,100.0,2035.0,12288.0,61491581305,62484683134,63333657,64859742,1133015,0,0,0,0,0,0,0,0,0,0,0,0,35390131,35426820,35637,35683,44,0,0,0,0,0,0,0,0
1778081619.9774022,g5.hpc.coe,40875,0.5001,0,100.0,2035.0,12288.0,61530566251,62524147652,63373368,64899763,1133051,0,0,0,0,0,0,0,0,0,0,0,0,38984946,39464518,39711,40021,36,0,0,0,0,0,0,0,0
1778081620.4774923,g5.hpc.coe,40875,0.5001,0,100.0,2035.0,12288.0,61567921555,62561103933,63410419,64936581,1135399,0,0,0,0,0,0,0,0,0,0,0,0,37355304,36956281,37051,36818,2348,0,0,0,0,0,0,0,0
1778081620.9775825,g5.hpc.coe,40875,0.5001,0,100.0,2035.0,12288.0,61602621827,62595840667,63445312,64971508,1135442,0,0,0,0,0,0,0,0,0,0,0,0,34700272,34736734,34893,34927,43,0,0,0,0,0,0,0,0
1778081621.4776728,g5.hpc.coe,40875,0.5001,0,100.0,2035.0,12288.0,61643571952,62636834667,63486431,65012667,1136390,0,0,0,0,0,0,0,0,0,0,0,0,40950125,40994000,41119,41159,948,0,0,0,0,0,0,0,0
1778081621.9777622,g5.hpc.coe,40875,0.5001,0,100.0,2035.0,12288.0,61678962335,62672261417,63522070,65048340,1136829,0,0,0,0,0,0,0,0,0,0,0,0,35390383,35426750,35639,35673,439,0,0,0,0,0,0,0,0
1778081622.4778526,g5.hpc.coe,40875,0.5001,0,100.0,2035.0,12288.0,61719912564,62713255480,63563188,65089508,1136875,0,0,0,0,0,0,0,0,0,0,0,0,40950229,40994063,41118,41168,46,0,0,0,0,0,0,0,0
1778081622.9779458,g5.hpc.coe,40875,0.5001,0,100.0,2035.0,12288.0,61755303119,62748682313,63598829,65125186,1139408,0,0,0,0,0,0,0,0,0,0,0,0,35390555,35426833,35641,35678,2533,0,0,0,0,0,0,0,0
1778081623.478042,g5.hpc.coe,40875,0.5001,0,100.0,2035.0,12288.0,61790002500,62783419046,63633707,65160115,1140837,0,0,0,0,0,0,0,0,0,0,0,0,34699381,34736733,34878,34929,1429,0,0,0,0,0,0,0,0
1778081623.9781356,g5.hpc.coe,40875,0.5001,0,100.0,2035.0,12288.0,61830951832,62824413038,63674827,65201275,1143178,0,0,0,0,0,0,0,0,0,0,0,0,40949332,40993992,41120,41160,2341,0,0,0,0,0,0,0,0
1778081624.478227,g5.hpc.coe,40875,0.5001,0,100.0,2035.0,12288.0,61866341408,62859839822,63710465,65236955,1143215,0,0,0,0,0,0,0,0,0,0,0,0,35389576,35426784,35638,35680,37,0,0,0,0,0,0,0,0
1778081624.978317,g5.hpc.coe,40875,0.5001,0,100.0,2035.0,12288.0,61907290821,62900833842,63751583,65278119,1144412,0,0,0,0,0,0,0,0,0,0,0,0,40949413,40994020,41118,41164,1197,0,0,0,0,0,0,0,0
1778081625.4784098,g5.hpc.coe,40875,0.5001,0,100.0,2035.0,12288.0,61942680471,62936260549,63787218,65313788,1146185,0,0,0,0,0,0,0,0,0,0,0,0,35389650,35426707,35635,35669,1773,0,0,0,0,0,0,0,0
1778081625.9785094,g5.hpc.coe,40875,0.5001,0,100.0,2035.0,12288.0,61983629987,62977254562,63828337,65354951,1146224,0,0,0,0,0,0,0,0,0,0,0,0,40949516,40994013,41119,41163,39,0,0,0,0,0,0,0,0
1778081626.4786,g5.hpc.coe,40875,0.5001,0,100.0,2035.0,12288.0,62018329696,63011991211,63863223,65389868,1147022,0,0,0,0,0,0,0,0,0,0,0,0,34699709,34736649,34886,34917,798,0,0,0,0,0,0,0,0
1778081626.978713,g5.hpc.coe,40875,0.5001,0,100.0,2035.0,12288.0,62053719503,63047417967,63898860,65425544,1147066,0,0,0,0,0,0,0,0,0,0,0,0,35389807,35426756,35637,35676,44,0,0,0,0,0,0,0,0
1778081627.4788017,g5.hpc.coe,40875,0.5001,0,100.0,2035.0,12288.0,62094669203,63088411966,63939985,65466705,1150399,0,0,0,0,0,0,0,0,0,0,0,0,40949700,40993999,41125,41161,3333,0,0,0,0,0,0,0,0
1778081627.978893,g5.hpc.coe,40875,0.5001,0,100.0,2035.0,12288.0,62130059134,63123838695,63975624,65502375,1152053,0,0,0,0,0,0,0,0,0,0,0,0,35389931,35426729,35639,35670,1654,0,0,0,0,0,0,0,0
1778081628.478985,g5.hpc.coe,40875,0.5001,0,100.0,2035.0,12288.0,62164759174,63158575428,64010519,65537295,1152099,0,0,0,0,0,0,0,0,0,0,0,0,34700040,34736733,34895,34920,46,0,0,0,0,0,0,0,0
1778081628.9790788,g5.hpc.coe,40875,0.5001,0,100.0,2035.0,12288.0,62205709282,63199569760,64051648,65578470,1152808,0,0,0,0,0,0,0,0,0,0,0,0,40950108,40994332,41129,41175,709,0,0,0,0,0,0,0,0
1778081629.47917,g5.hpc.coe,40875,0.5001,0,100.0,2035.0,12288.0,62241099371,63234996552,64087287,65614149,1152852,0,0,0,0,0,0,0,0,0,0,0,0,35390089,35426792,35639,35679,44,0,0,0,0,0,0,0,0
1778081629.9792607,g5.hpc.coe,40875,0.5001,0,100.0,2035.0,12288.0,62282049338,63275990566,64128414,65655310,1154594,0,0,0,0,0,0,0,0,0,0,0,0,40949967,40994014,41127,41161,1742,0,0,0,0,0,0,0,0
1778081630.4793534,g5.hpc.coe,40875,0.5001,0,100.0,2035.0,12288.0,62317439500,63311417358,64164052,65690989,1154924,0,0,0,0,0,0,0,0,0,0,0,0,35390162,35426792,35638,35679,330,0,0,0,0,0,0,0,0
1778081630.9794452,g5.hpc.coe,40875,0.5001,0,100.0,2035.0,12288.0,62352139721,63346154099,64198948,65725917,1154961,0,0,0,0,0,0,0,0,0,0,0,0,34700221,34736741,34896,34928,37,0,0,0,0,0,0,0,0
1778081631.4795377,g5.hpc.coe,40875,0.5001,0,100.0,2035.0,12288.0,62393089824,63387148141,64240074,65767082,1156465,0,0,0,0,0,0,0,0,0,0,0,0,40950103,40994042,41126,41165,1504,0,0,0,0,0,0,0,0
1778081631.9796307,g5.hpc.coe,40875,0.5001,0,100.0,2035.0,12288.0,62428480780,63422575422,64275731,65802775,1157300,0,0,0,0,0,0,0,0,0,0,0,0,35390956,35427281,35657,35693,835,0,0,0,0,0,0,0,0
1778081632.4797244,g5.hpc.coe,40875,0.5001,0,100.0,2035.0,12288.0,62469430874,63463569562,64316842,65843954,1157696,0,0,0,0,0,0,0,0,0,0,0,0,40950094,40994140,41111,41179,396,0,0,0,0,0,0,0,0
1778081632.9798195,g5.hpc.coe,40875,0.5001,0,100.0,2035.0,12288.0,62504821324,63498996277,64352485,65879622,1157995,0,0,0,0,0,0,0,0,0,0,0,0,35390450,35426715,35643,35668,299,0,0,0,0,0,0,0,0
1778081633.4799159,g5.hpc.coe,40875,0.5001,0,100.0,2035.0,12288.0,62539521848,63533733080,64387379,65914552,1158046,0,0,0,0,0,0,0,0,0,0,0,0,34700524,34736803,34894,34930,51,0,0,0,0,0,0,0,0
1778081633.9800131,g5.hpc.coe,40875,0.5001,0,100.0,2035.0,12288.0,62580472149,63574727136,64428587,65955897,1158353,0,0,0,0,0,0,0,0,0,0,0,0,40950301,40994056,41208,41345,307,0,0,0,0,0,0,0,0
1778081634.4801116,g5.hpc.coe,40875,0.5001,0,100.0,2035.0,12288.0,62615861611,63610153843,64464129,65991388,1158393,0,0,0,0,0,0,0,0,0,0,0,0,35389462,35426707,35542,35491,40,0,0,0,0,0,0,0,0
1778081634.98021,g5.hpc.coe,40875,0.5001,0,100.0,2035.0,12288.0,62656810925,63651147828,64505243,66032547,1159260,0,0,0,0,0,0,0,0,0,0,0,0,40949314,40993985,41114,41159,867,0,0,0,0,0,0,0,0
1778081635.4803033,g5.hpc.coe,40875,0.5001,0,100.0,2035.0,12288.0,62692200496,63686574535,64540877,66068216,1159454,0,0,0,0,0,0,0,0,0,0,0,0,35389571,35426707,35634,35669,194,0,0,0,0,0,0,0,0
1778081635.9803975,g5.hpc.coe,40875,0.5001,0,100.0,2035.0,12288.0,62729963940,63724916229,64579294,66107070,1159500,0,0,0,0,0,0,0,0,0,0,0,0,37763444,38341694,38417,38854,46,0,0,0,0,0,0,0,0
1778081636.4804928,g5.hpc.coe,40875,0.5001,0,100.0,2035.0,12288.0,62768539571,63762995374,64617625,66145065,1161235,0,0,0,0,0,0,0,0,0,0,0,0,38575631,38079145,38331,37995,1735,0,0,0,0,0,0,0,0
1778081636.980585,g5.hpc.coe,40875,0.5001,0,100.0,2035.0,12288.0,62803239318,63797732072,64652520,66179989,1163335,0,0,0,0,0,0,0,0,0,0,0,0,34699747,34736698,34895,34924,2100,0,0,0,0,0,0,0,0
1778081637.4806805,g5.hpc.coe,40875,0.5001,0,100.0,2035.0,12288.0,62844188968,63838726092,64693648,66221153,1164002,0,0,0,0,0,0,0,0,0,0,0,0,40949650,40994020,41128,41164,667,0,0,0,0,0,0,0,0
1778081637.9807715,g5.hpc.coe,40875,0.5001,0,100.0,2035.0,12288.0,62879578722,63874152890,64729274,66256835,1164043,0,0,0,0,0,0,0,0,0,0,0,0,35389754,35426798,35626,35682,41,0,0,0,0,0,0,0,0
1778081638.4808652,g5.hpc.coe,40875,0.5001,0,100.0,2035.0,12288.0,62918754473,63913537651,64769110,66296766,1164300,0,0,0,0,0,0,0,0,0,0,0,0,39175751,39384761,39836,39931,257,0,0,0,0,0,0,0,0
1778081638.98096,g5.hpc.coe,40875,0.5001,0,100.0,2035.0,12288.0,62955918416,63950573730,64806029,66333673,1165897,0,0,0,0,0,0,0,0,0,0,0,0,37163943,37036079,36919,36907,1597,0,0,0,0,0,0,0,0
1778081639.4810545,g5.hpc.coe,40875,0.5001,0,100.0,2035.0,12288.0,62990618361,63985310520,64840916,66368608,1165942,0,0,0,0,0,0,0,0,0,0,0,0,34699945,34736790,34887,34935,45,0,0,0,0,0,0,0,0
1778081639.9811492,g5.hpc.coe,40875,0.5001,0,100.0,2035.0,12288.0,63031568222,64026304583,64882038,66409776,1167265,0,0,0,0,0,0,0,0,0,0,0,0,40949861,40994063,41122,41168,1323,0,0,0,0,0,0,0,0
1778081640.4812472,g5.hpc.coe,40875,0.5001,0,100.0,2035.0,12288.0,63066958320,64061731368,64917677,66445454,1167552,0,0,0,0,0,0,0,0,0,0,0,0,35390098,35426785,35639,35678,287,0,0,0,0,0,0,0,0
1778081640.981346,g5.hpc.coe,40875,0.5001,0,100.0,2035.0,12288.0,63107908179,64102725389,64958785,66486616,1168415,0,0,0,0,0,0,0,0,0,0,0,0,40949859,40994021,41108,41162,863,0,0,0,0,0,0,0,0
1778081641.4814398,g5.hpc.coe,40875,0.5001,0,100.0,2035.0,12288.0,63143298323,64138152153,64994417,66522291,1169520,0,0,0,0,0,0,0,0,0,0,0,0,35390144,35426764,35632,35675,1105,0,0,0,0,0,0,0,0
1778081641.9815354,g5.hpc.coe,40875,0.5001,0,100.0,2035.0,12288.0,63177998506,64172888894,65029304,66557219,1169556,0,0,0,0,0,0,0,0,0,0,0,0,34700183,34736741,34887,34928,36,0,0,0,0,0,0,0,0
1778081642.4816253,g5.hpc.coe,40875,0.5001,0,100.0,2035.0,12288.0,63218948627,64213882936,65070429,66598384,1170447,0,0,0,0,0,0,0,0,0,0,0,0,40950121,40994042,41125,41165,891,0,0,0,0,0,0,0,0
1778081642.9817219,g5.hpc.coe,40875,0.5001,0,100.0,2035.0,12288.0,63254339013,64249309756,65106075,66634067,1170506,0,0,0,0,0,0,0,0,0,0,0,0,35390386,35426820,35646,35683,59,0,0,0,0,0,0,0,0
1778081643.481813,g5.hpc.coe,40875,0.5001,0,100.0,2035.0,12288.0,63295289243,64290303846,65147193,66675232,1171576,0,0,0,0,0,0,0,0,0,0,0,0,40950230,40994090,41118,41165,1070,0,0,0,0,0,0,0,0
1778081643.9819083,g5.hpc.coe,40875,0.5001,0,100.0,2035.0,12288.0,63330679620,64325730568,65182822,66710901,1172813,0,0,0,0,0,0,0,0,0,0,0,0,35390377,35426722,35629,35669,1237,0,0,0,0,0,0,0,0
1778081644.482002,g5.hpc.coe,40875,0.5001,0,100.0,2035.0,12288.0,63365380085,64360467379,65217713,66745839,1172910,0,0,0,0,0,0,0,0,0,0,0,0,34700465,34736811,34891,34938,97,0,0,0,0,0,0,0,0
1778081644.9820983,g5.hpc.coe,40875,0.5001,0,100.0,2035.0,12288.0,63406329405,64401461406,65258838,66787004,1174223,0,0,0,0,0,0,0,0,0,0,0,0,40949320,40994027,41125,41165,1313,0,0,0,0,0,0,0,0
1778081645.4821935,g5.hpc.coe,40875,0.5001,0,100.0,2035.0,12288.0,63441718941,64436888218,65294477,66822688,1174261,0,0,0,0,0,0,0,0,0,0,0,0,35389536,35426812,35639,35684,38,0,0,0,0,0,0,0,0
1778081645.9822924,g5.hpc.coe,40875,0.5001,0,100.0,2035.0,12288.0,63482668273,64477882203,65335590,66863847,1175241,0,0,0,0,0,0,0,0,0,0,0,0,40949332,40993985,41113,41159,980,0,0,0,0,0,0,0,0
1778081646.48239,g5.hpc.coe,40875,0.5001,0,100.0,2035.0,12288.0,63518057876,64513308889,65371225,66899513,1180940,0,0,0,0,0,0,0,0,0,0,0,0,35389603,35426686,35635,35666,5699,0,0,0,0,0,0,0,0
1778081646.982485,g5.hpc.coe,40875,0.5001,0,100.0,2035.0,12288.0,63552758148,64548046041,65406131,66934446,1181659,0,0,0,0,0,0,0,0,0,0,0,0,34700272,34737152,34906,34933,719,0,0,0,0,0,0,0,0
1778081647.4825795,g5.hpc.coe,40875,0.5001,0,100.0,2035.0,12288.0,63593707636,64589040082,65447246,66975613,1183248,0,0,0,0,0,0,0,0,0,0,0,0,40949488,40994041,41115,41167,1589,0,0,0,0,0,0,0,0
1778081647.982674,g5.hpc.coe,40875,0.5001,0,100.0,2035.0,12288.0,63629097305,64624466887,65482870,67011296,1183285,0,0,0,0,0,0,0,0,0,0,0,0,35389669,35426805,35624,35683,37,0,0,0,0,0,0,0,0
1778081648.482773,g5.hpc.coe,40875,0.5001,0,100.0,2035.0,12288.0,63670046910,64665460914,65523988,67052461,1183356,0,0,0,0,0,0,0,0,0,0,0,0,40949605,40994027,41118,41165,71,0,0,0,0,0,0,0,0
1778081648.9828703,g5.hpc.coe,40875,0.5001,0,100.0,2035.0,12288.0,63705436856,64700887718,65559629,67088137,1183406,0,0,0,0,0,0,0,0,0,0,0,0,35389946,35426804,35641,35676,50,0,0,0,0,0,0,0,0
1778081649.482965,g5.hpc.coe,40875,0.5001,0,100.0,2035.0,12288.0,63740136813,64735624480,65594528,67123068,1183445,0,0,0,0,0,0,0,0,0,0,0,0,34699957,34736762,34899,34931,39,0,0,0,0,0,0,0,0
1778081649.9830635,g5.hpc.coe,40875,0.5001,0,100.0,2035.0,12288.0,63781086617,64776618529,65635652,67164234,1184074,0,0,0,0,0,0,0,0,0,0,0,0,40949804,40994049,41124,41166,629,0,0,0,0,0,0,0,0
1778081650.4831564,g5.hpc.coe,40875,0.5001,0,100.0,2035.0,12288.0,63816476692,64812045265,65671298,67199905,1184111,0,0,0,0,0,0,0,0,0,0,0,0,35390075,35426736,35646,35671,37,0,0,0,0,0,0,0,0
1778081650.9832516,g5.hpc.coe,40875,0.5001,0,100.0,2035.0,12288.0,63857426570,64853039279,65712419,67241066,1184202,0,0,0,0,0,0,0,0,0,0,0,0,40949878,40994014,41121,41161,91,0,0,0,0,0,0,0,0
1778081651.4833462,g5.hpc.coe,40875,0.5001,0,100.0,2035.0,12288.0,63892816677,64888466029,65748056,67276739,1184240,0,0,0,0,0,0,0,0,0,0,0,0,35390107,35426750,35637,35673,38,0,0,0,0,0,0,0,0
1778081651.9834404,g5.hpc.coe,40875,0.5001,0,100.0,2035.0,12288.0,63930641483,64926758059,65786498,67315560,1186510,0,0,0,0,0,0,0,0,0,0,0,0,37824806,38292030,38442,38821,2270,0,0,0,0,0,0,0,0
1778081652.4835377,g5.hpc.coe,40875,0.5001,0,100.0,2035.0,12288.0,63968979337,64964886926,65824813,67353592,1188578,0,0,0,0,0,0,0,0,0,0,0,0,38337854,38128867,38315,38032,2068,0,0,0,0,0,0,0,0
1778081652.9836373,g5.hpc.coe,40875,0.5001,0,100.0,2035.0,12288.0,64003857074,64999623688,65859703,67388523,1188616,0,0,0,0,0,0,0,0,0,0,0,0,34877737,34736762,34890,34931,38,0,0,0,0,0,0,0,0
1778081653.4837272,g5.hpc.coe,40875,0.5001,0,100.0,2035.0,12288.0,64044807127,65040617772,65900815,67429694,1189660,0,0,0,0,0,0,0,0,0,0,0,0,40950053,40994084,41112,41171,1044,0,0,0,0,0,0,0,0
1778081653.9838214,g5.hpc.coe,40875,0.5001,0,100.0,2035.0,12288.0,64080197578,65076044591,65936458,67465370,1189701,0,0,0,0,0,0,0,0,0,0,0,0,35390451,35426819,35643,35676,41,0,0,0,0,0,0,0,0
1778081654.4839172,g5.hpc.coe,40875,0.5001,0,100.0,2035.0,12288.0,64118524386,65114653903,65975367,67504544,1189763,0,0,0,0,0,0,0,0,0,0,0,0,38326808,38609312,38909,39174,62,0,0,0,0,0,0,0,0
1778081654.98401,g5.hpc.coe,40875,0.5001,0,100.0,2035.0,12288.0,64156538401,65152465397,66013236,67542210,1192040,0,0,0,0,0,0,0,0,0,0,0,0,38014015,37811494,37869,37666,2277,0,0,0,0,0,0,0,0
1778081655.4841027,g5.hpc.coe,40875,0.5001,0,100.0,2035.0,12288.0,64191238896,65187202110,66048128,67577134,1192086,0,0,0,0,0,0,0,0,0,0,0,0,34700495,34736713,34892,34924,46,0,0,0,0,0,0,0,0
1778081655.9842014,g5.hpc.coe,40875,0.5001,0,100.0,2035.0,12288.0,64232878199,65228886188,66089991,67619050,1193421,0,0,0,0,0,0,0,0,0,0,0,0,41639303,41684078,41863,41916,1335,0,0,0,0,0,0,0,0
1778081656.4842994,g5.hpc.coe,40875,0.5001,0,100.0,2035.0,12288.0,64267577665,65263622893,66124873,67653975,1194090,0,0,0,0,0,0,0,0,0,0,0,0,34699466,34736705,34882,34925,669,0,0,0,0,0,0,0,0
1778081656.9844158,g5.hpc.coe,40875,0.5001,0,100.0,2035.0,12288.0,64308526883,65304609359,66165980,67695125,1194133,0,0,0,0,0,0,0,0,0,0,0,0,40949218,40986466,41107,41150,43,0,0,0,0,0,0,0,0
1778081657.4845104,g5.hpc.coe,40875,0.5001,0,100.0,2035.0,12288.0,64343916598,65340043739,66201614,67730825,1195172,0,0,0,0,0,0,0,0,0,0,0,0,35389715,35434380,35634,35700,1039,0,0,0,0,0,0,0,0
1778081657.984605,g5.hpc.coe,40875,0.5001,0,100.0,2035.0,12288.0,64378616285,65374780535,66236507,67765763,1195210,0,0,0,0,0,0,0,0,0,0,0,0,34699687,34736796,34893,34938,38,0,0,0,0,0,0,0,0
1778081658.4847205,g5.hpc.coe,40875,0.5001,0,100.0,2035.0,12288.0,64419565783,65415774576,66277620,67806930,1196723,0,0,0,0,0,0,0,0,0,0,0,0,40949498,40994041,41113,41167,1513,0,0,0,0,0,0,0,0
1778081658.984813,g5.hpc.coe,40875,0.5001,0,100.0,2035.0,12288.0,64454955637,65451201394,66313258,67842608,1196757,0,0,0,0,0,0,0,0,0,0,0,0,35389854,35426818,35638,35678,34,0,0,0,0,0,0,0,0
1778081659.4849062,g5.hpc.coe,40875,0.5001,0,100.0,2035.0,12288.0,64495905237,65492195421,66354372,67883773,1197148,0,0,0,0,0,0,0,0,0,0,0,0,40949600,40994027,41114,41165,391,0,0,0,0,0,0,0,0
1778081659.9849966,g5.hpc.coe,40875,0.5001,0,100.0,2035.0,12288.0,64531295138,65527622178,66390010,67919447,1197895,0,0,0,0,0,0,0,0,0,0,0,0,35389901,35426757,35638,35674,747,0,0,0,0,0,0,0,0
1778081660.4850922,g5.hpc.coe,40875,0.5001,0,100.0,2035.0,12288.0,64565995057,65562358947,66424900,67954379,1197937,0,0,0,0,0,0,0,0,0,0,0,0,34699919,34736769,34890,34932,42,0,0,0,0,0,0,0,0
1778081660.9851875,g5.hpc.coe,40875,0.5001,0,100.0,2035.0,12288.0,64606944927,65603352975,66466030,67995542,1199434,0,0,0,0,0,0,0,0,0,0,0,0,40949870,40994028,41130,41163,1497,0,0,0,0,0,0,0,0
1778081661.4852839,g5.hpc.coe,40875,0.5001,0,100.0,2035.0,12288.0,64642334985,65638779767,66501670,68031221,1201385,0,0,0,0,0,0,0,0,0,0,0,0,35390058,35426792,35640,35679,1951,0,0,0,0,0,0,0,0
1778081661.9853835,g5.hpc.coe,40875,0.5001,0,100.0,2035.0,12288.0,64683285567,65679774256,66542814,68072394,1201939,0,0,0,0,0,0,0,0,0,0,0,0,40950582,40994489,41144,41173,554,0,0,0,0,0,0,0,0
1778081662.4854813,g5.hpc.coe,40875,0.5001,0,100.0,2035.0,12288.0,64718675735,65715200999,66578456,68108066,1203805,0,0,0,0,0,0,0,0,0,0,0,0,35390168,35426743,35642,35672,1866,0,0,0,0,0,0,0,0
1778081662.9855769,g5.hpc.coe,40875,0.5001,0,100.0,2035.0,12288.0,64753375900,65749937782,66613347,68143000,1204066,0,0,0,0,0,0,0,0,0,0,0,0,34700165,34736783,34891,34934,261,0,0,0,0,0,0,0,0
1778081663.4856713,g5.hpc.coe,40875,0.5001,0,100.0,2035.0,12288.0,64794325912,65790931880,66654463,68184173,1205451,0,0,0,0,0,0,0,0,0,0,0,0,40950012,40994098,41116,41173,1385,0,0,0,0,0,0,0,0
1778081663.9857695,g5.hpc.coe,40875,0.5001,0,100.0,2035.0,12288.0,64829716238,65826358678,66690098,68219846,1205490,0,0,0,0,0,0,0,0,0,0,0,0,35390326,35426798,35635,35673,39,0,0,0,0,0,0,0,0
1778081664.4858623,g5.hpc.coe,40875,0.5001,0,100.0,2035.0,12288.0,64870666373,65867352727,66731218,68261012,1206379,0,0,0,0,0,0,0,0,0,0,0,0,40950135,40994049,41120,41166,889,0,0,0,0,0,0,0,0
1778081664.9859545,g5.hpc.coe,40875,0.5001,0,100.0,2035.0,12288.0,64906056759,65902779505,66766857,68296689,1206866,0,0,0,0,0,0,0,0,0,0,0,0,35390386,35426778,35639,35677,487,0,0,0,0,0,0,0,0
1778081665.4860492,g5.hpc.coe,40875,0.5001,0,100.0,2035.0,12288.0,64940757136,65937516274,66801742,68331621,1206943,0,0,0,0,0,0,0,0,0,0,0,0,34700377,34736769,34885,34932,77,0,0,0,0,0,0,0,0
1778081665.9861438,g5.hpc.coe,40875,0.5001,0,100.0,2035.0,12288.0,64982397403,65979200360,66843602,68373536,1208812,0,0,0,0,0,0,0,0,0,0,0,0,41640267,41684086,41860,41915,1869,0,0,0,0,0,0,0,0
1778081666.4862373,g5.hpc.coe,40875,0.5001,0,100.0,2035.0,12288.0,65017096856,66013937135,66878492,68408471,1208889,0,0,0,0,0,0,0,0,0,0,0,0,34699453,34736775,34890,34935,77,0,0,0,0,0,0,0,0
1778081666.9863305,g5.hpc.coe,40875,0.5001,0,100.0,2035.0,12288.0,65058046163,66054931176,66919608,68449638,1210633,0,0,0,0,0,0,0,0,0,0,0,0,40949307,40994041,41116,41167,1744,0,0,0,0,0,0,0,0
1778081667.4864247,g5.hpc.coe,40875,0.5001,0,100.0,2035.0,12288.0,65093435728,66090357904,66955244,68485310,1213910,0,0,0,0,0,0,0,0,0,0,0,0,35389565,35426728,35636,35672,3277,0,0,0,0,0,0,0,0
1778081667.9865227,g5.hpc.coe,40875,0.5001,0,100.0,2035.0,12288.0,65128135381,66125094623,66990142,68520237,1213952,0,0,0,0,0,0,0,0,0,0,0,0,34699653,34736719,34898,34927,42,0,0,0,0,0,0,0,0
1778081668.4866147,g5.hpc.coe,40875,0.5001,0,100.0,2035.0,12288.0,65169084866,66166088671,67031263,68561405,1215333,0,0,0,0,0,0,0,0,0,0,0,0,40949485,40994048,41121,41168,1381,0,0,0,0,0,0,0,0
1778081668.9867098,g5.hpc.coe,40875,0.5001,0,100.0,2035.0,12288.0,65204474560,66201515455,67066897,68597085,1215379,0,0,0,0,0,0,0,0,0,0,0,0,35389694,35426784,35634,35680,46,0,0,0,0,0,0,0,0
1778081669.486807,g5.hpc.coe,40875,0.5001,0,100.0,2035.0,12288.0,65245424183,66242509579,67108015,68638257,1215417,0,0,0,0,0,0,0,0,0,0,0,0,40949623,40994124,41118,41172,38,0,0,0,0,0,0,0,0
1778081669.9869013,g5.hpc.coe,40875,0.5001,0,100.0,2035.0,12288.0,65280813993,66277936293,67143652,68673927,1217432,0,0,0,0,0,0,0,0,0,0,0,0,35389810,35426714,35637,35670,2015,0,0,0,0,0,0,0,0
1778081670.4869957,g5.hpc.coe,40875,0.5001,0,100.0,2035.0,12288.0,65316503783,66314162636,67180003,68710684,1217472,0,0,0,0,0,0,0,0,0,0,0,0,35689790,36226343,36351,36757,40,0,0,0,0,0,0,0,0
1778081670.98709,g5.hpc.coe,40875,0.5001,0,100.0,2035.0,12288.0,65356636722,66353968922,67220139,68750724,1218549,0,0,0,0,0,0,0,0,0,0,0,0,40132939,39806286,40136,40040,1077,0,0,0,0,0,0,0,0
1778081671.4871855,g5.hpc.coe,40875,0.5001,0,100.0,2035.0,12288.0,65391853499,66389093825,67255295,68785695,1218589,0,0,0,0,0,0,0,0,0,0,0,0,35216777,35124903,35156,34971,40,0,0,0,0,0,0,0,0
1778081671.9872806,g5.hpc.coe,40875,0.5001,0,100.0,2035.0,12288.0,65432803360,66430087916,67296420,68826867,1219641,0,0,0,0,0,0,0,0,0,0,0,0,40949861,40994091,41125,41172,1052,0,0,0,0,0,0,0,0
1778081672.4873824,g5.hpc.coe,40875,0.5001,0,100.0,2035.0,12288.0,65468193416,66465514750,67332056,68862552,1219691,0,0,0,0,0,0,0,0,0,0,0,0,35390056,35426834,35636,35685,50,0,0,0,0,0,0,0,0
1778081672.9874809,g5.hpc.coe,40875,0.5001,0,100.0,2035.0,12288.0,65507113385,66504819797,67371522,68902376,1220291,0,0,0,0,0,0,0,0,0,0,0,0,38919969,39305047,39466,39824,600,0,0,0,0,0,0,0,0
1778081673.487576,g5.hpc.coe,40875,0.5001,0,100.0,2035.0,12288.0,65544533532,66541935570,67408818,68939394,1221419,0,0,0,0,0,0,0,0,0,0,0,0,37420147,37115773,37296,37018,1128,0,0,0,0,0,0,0,0
1778081673.9876714,g5.hpc.coe,40875,0.5001,0,100.0,2035.0,12288.0,65579233673,66576672339,67443702,68974326,1221453,0,0,0,0,0,0,0,0,0,0,0,0,34700141,34736769,34884,34932,34,0,0,0,0,0,0,0,0
1778081674.4877648,g5.hpc.coe,40875,0.5001,0,100.0,2035.0,12288.0,65620183829,66617666408,67484826,69015488,1223045,0,0,0,0,0,0,0,0,0,0,0,0,40950156,40994069,41124,41162,1592,0,0,0,0,0,0,0,0
1778081674.987862,g5.hpc.coe,40875,0.5001,0,100.0,2035.0,12288.0,65655574138,66653093207,67520464,69051168,1223084,0,0,0,0,0,0,0,0,0,0,0,0,35390309,35426799,35638,35680,39,0,0,0,0,0,0,0,0
1778081675.4879541,g5.hpc.coe,40875,0.5001,0,100.0,2035.0,12288.0,65696524298,66694087221,67561584,69092329,1223198,0,0,0,0,0,0,0,0,0,0,0,0,40950160,40994014,41120,41161,114,0,0,0,0,0,0,0,0
1778081675.9880505,g5.hpc.coe,40875,0.5001,0,100.0,2035.0,12288.0,65731914822,66729514013,67597237,69128008,1223638,0,0,0,0,0,0,0,0,0,0,0,0,35390524,35426792,35653,35679,440,0,0,0,0,0,0,0,0
1778081676.4881446,g5.hpc.coe,40875,0.5001,0,100.0,2035.0,12288.0,65766615259,66764250810,67632127,69162944,1224854,0,0,0,0,0,0,0,0,0,0,0,0,34700437,34736797,34890,34936,1216,0,0,0,0,0,0,0,0
1778081676.9882362,g5.hpc.coe,40875,0.5001,0,100.0,2035.0,12288.0,65807566201,66805245327,67673262,69204121,1226192,0,0,0,0,0,0,0,0,0,0,0,0,40950942,40994517,41135,41177,1338,0,0,0,0,0,0,0,0
1778081677.4883327,g5.hpc.coe,40875,0.5001,0,100.0,2035.0,12288.0,65842955703,66840672139,67708899,69239805,1226235,0,0,0,0,0,0,0,0,0,0,0,0,35389502,35426812,35637,35684,43,0,0,0,0,0,0,0,0
1778081677.9884374,g5.hpc.coe,40875,0.5001,0,100.0,2035.0,12288.0,65883905091,66881666229,67750023,69280979,1227085,0,0,0,0,0,0,0,0,0,0,0,0,40949388,40994090,41124,41174,850,0,0,0,0,0,0,0,0
1778081678.4885337,g5.hpc.coe,40875,0.5001,0,100.0,2035.0,12288.0,65919294653,66917092943,67785655,69316649,1228226,0,0,0,0,0,0,0,0,0,0,0,0,35389562,35426714,35632,35670,1141,0,0,0,0,0,0,0,0
1778081678.9886293,g5.hpc.coe,40875,0.5001,0,100.0,2035.0,12288.0,65953994324,66951829662,67820552,69351576,1228281,0,0,0,0,0,0,0,0,0,0,0,0,34699671,34736719,34897,34927,55,0,0,0,0,0,0,0,0
1778081679.4887247,g5.hpc.coe,40875,0.5001,0,100.0,2035.0,12288.0,65994943911,66992823723,67861675,69392739,1229931,0,0,0,0,0,0,0,0,0,0,0,0,40949587,40994061,41123,41163,1650,0,0,0,0,0,0,0,0
1778081679.988821,g5.hpc.coe,40875,0.5001,0,100.0,2035.0,12288.0,66030333637,67028250458,67897310,69428412,1229977,0,0,0,0,0,0,0,0,0,0,0,0,35389726,35426735,35635,35673,46,0,0,0,0,0,0,0,0
1778081680.4889176,g5.hpc.coe,40875,0.5001,0,100.0,2035.0,12288.0,66071283299,67069244492,67938439,69469578,1230006,0,0,0,0,0,0,0,0,0,0,0,0,40949662,40994034,41129,41166,29,0,0,0,0,0,0,0,0
1778081680.98901,g5.hpc.coe,40875,0.5001,0,100.0,2035.0,12288.0,66106673141,67104671206,67974077,69505248,1230454,0,0,0,0,0,0,0,0,0,0,0,0,35389842,35426714,35638,35670,448,0,0,0,0,0,0,0,0
1778081681.4891064,g5.hpc.coe,40875,0.5001,0,100.0,2035.0,12288.0,66141373043,67139407947,68008971,69540176,1230502,0,0,0,0,0,0,0,0,0,0,0,0,34699902,34736741,34894,34928,48,0,0,0,0,0,0,0,0
1778081681.9892004,g5.hpc.coe,40875,0.5001,0,100.0,2035.0,12288.0,66182322820,67180402031,68050094,69581347,1234253,0,0,0,0,0,0,0,0,0,0,0,0,40949777,40994084,41123,41171,3751,0,0,0,0,0,0,0,0
1778081682.4892943,g5.hpc.coe,40875,0.5001,0,100.0,2035.0,12288.0,66217712799,67215828816,68085729,69617025,1234297,0,0,0,0,0,0,0,0,0,0,0,0,35389979,35426785,35635,35678,44,0,0,0,0,0,0,0,0
1778081682.98939,g5.hpc.coe,40875,0.5001,0,100.0,2035.0,12288.0,66258662692,67256822872,68126855,69658192,1235273,0,0,0,0,0,0,0,0,0,0,0,0,40949893,40994056,41126,41167,976,0,0,0,0,0,0,0,0
1778081683.4894824,g5.hpc.coe,40875,0.5001,0,100.0,2035.0,12288.0,66294052731,67292249622,68162485,69693865,1235656,0,0,0,0,0,0,0,0,0,0,0,0,35390039,35426750,35630,35673,383,0,0,0,0,0,0,0,0
1778081683.9895775,g5.hpc.coe,40875,0.5001,0,100.0,2035.0,12288.0,66328752878,67326986356,68197380,69728792,1238633,0,0,0,0,0,0,0,0,0,0,0,0,34700147,34736734,34895,34927,2977,0,0,0,0,0,0,0,0
1778081684.4896753,g5.hpc.coe,40875,0.5001,0,100.0,2035.0,12288.0,66369702991,67367980475,68238508,69769959,1239926,0,0,0,0,0,0,0,0,0,0,0,0,40950113,40994119,41128,41167,1293,0,0,0,0,0,0,0,0
1778081684.9897695,g5.hpc.coe,40875,0.5001,0,100.0,2035.0,12288.0,66405093285,67403407281,68274154,69805640,1239963,0,0,0,0,0,0,0,0,0,0,0,0,35390294,35426806,35646,35681,37,0,0,0,0,0,0,0,0
1778081685.4898643,g5.hpc.coe,40875,0.5001,0,100.0,2035.0,12288.0,66446043319,67444401344,68315266,69846808,1240011,0,0,0,0,0,0,0,0,0,0,0,0,40950034,40994063,41112,41168,48,0,0,0,0,0,0,0,0
1778081685.9899564,g5.hpc.coe,40875,0.5001,0,100.0,2035.0,12288.0,66481433659,67479828122,68350905,69882485,1240333,0,0,0,0,0,0,0,0,0,0,0,0,35390340,35426778,35639,35677,322,0,0,0,0,0,0,0,0
1778081686.4900458,g5.hpc.coe,40875,0.5001,0,100.0,2035.0,12288.0,66516133989,67514564842,68385792,69917410,1240371,0,0,0,0,0,0,0,0,0,0,0,0,34700330,34736720,34887,34925,38,0,0,0,0,0,0,0,0
1778081686.9901402,g5.hpc.coe,40875,0.5001,0,100.0,2035.0,12288.0,66557084293,67555558912,68426920,69958579,1242798,0,0,0,0,0,0,0,0,0,0,0,0,40950304,40994070,41128,41169,2427,0,0,0,0,0,0,0,0
1778081687.4902346,g5.hpc.coe,40875,0.5001,0,100.0,2035.0,12288.0,66592474813,67590985711,68462562,69994259,1242828,0,0,0,0,0,0,0,0,0,0,0,0,35390520,35426799,35642,35680,30,0,0,0,0,0,0,0,0
1778081687.9903245,g5.hpc.coe,40875,0.5001,0,100.0,2035.0,12288.0,66633424144,67631979724,68503688,70035422,1243987,0,0,0,0,0,0,0,0,0,0,0,0,40949331,40994013,41126,41163,1159,0,0,0,0,0,0,0,0
1778081688.4904199,g5.hpc.coe,40875,0.5001,0,100.0,2035.0,12288.0,66668813670,67667406529,68539325,70071105,1245006,0,0,0,0,0,0,0,0,0,0,0,0,35389526,35426805,35637,35683,1019,0,0,0,0,0,0,0,0
1778081688.9905167,g5.hpc.coe,40875,0.5001,0,100.0,2035.0,12288.0,66704942365,67704237856,68576090,70108454,1245046,0,0,0,0,0,0,0,0,0,0,0,0,36128695,36831327,36765,37349,40,0,0,0,0,0,0,0,0
1778081689.4906127,g5.hpc.coe,40875,0.5001,0,100.0,2035.0,12288.0,66744636089,67743456667,68615818,70147852,1245508,0,0,0,0,0,0,0,0,0,0,0,0,39693724,39218811,39728,39398,462,0,0,0,0,0,0,0,0
1778081689.9907022,g5.hpc.coe,40875,0.5001,0,100.0,2035.0,12288.0,66779852643,67778564439,68650977,70182893,1245547,0,0,0,0,0,0,0,0,0,0,0,0,35216554,35107772,35159,35041,39,0,0,0,0,0,0,0,0
1778081690.4907997,g5.hpc.coe,40875,0.5001,0,100.0,2035.0,12288.0,66820802136,67819558403,68692092,70224049,1247545,0,0,0,0,0,0,0,0,0,0,0,0,40949493,40993964,41115,41156,1998,0,0,0,0,0,0,0,0
1778081690.990895,g5.hpc.coe,40875,0.5001,0,100.0,2035.0,12288.0,66856191887,67854985173,68727727,70259727,1248110,0,0,0,0,0,0,0,0,0,0,0,0,35389751,35426770,35635,35678,565,0,0,0,0,0,0,0,0
1778081691.4909878,g5.hpc.coe,40875,0.5001,0,100.0,2035.0,12288.0,66893592905,67892697317,68765825,70297946,1250815,0,0,0,0,0,0,0,0,0,0,0,0,37401018,37712144,38098,38219,2705,0,0,0,0,0,0,0,0
1778081691.99108,g5.hpc.coe,40875,0.5001,0,100.0,2035.0,12288.0,66932532042,67931406396,68804506,70336575,1251955,0,0,0,0,0,0,0,0,0,0,0,0,38939137,38709079,38681,38629,1140,0,0,0,0,0,0,0,0
1778081692.4911768,g5.hpc.coe,40875,0.5001,0,100.0,2035.0,12288.0,66967231935,67966143144,68839395,70371504,1252299,0,0,0,0,0,0,0,0,0,0,0,0,34699893,34736748,34889,34929,344,0,0,0,0,0,0,0,0
1778081692.9912746,g5.hpc.coe,40875,0.5001,0,100.0,2035.0,12288.0,67008181738,68007137207,68880518,70412672,1252996,0,0,0,0,0,0,0,0,0,0,0,0,40949803,40994063,41123,41168,697,0,0,0,0,0,0,0,0
1778081693.4913683,g5.hpc.coe,40875,0.5001,0,100.0,2035.0,12288.0,67043571798,68042563985,68916161,70448349,1253036,0,0,0,0,0,0,0,0,0,0,0,0,35390060,35426778,35643,35677,40,0,0,0,0,0,0,0,0
1778081693.991462,g5.hpc.coe,40875,0.5001,0,100.0,2035.0,12288.0,67084521510,68083550501,68957279,70489519,1253073,0,0,0,0,0,0,0,0,0,0,0,0,40949712,40986516,41118,41170,37,0,0,0,0,0,0,0,0
1778081694.4915571,g5.hpc.coe,40875,0.5001,0,100.0,2035.0,12288.0,67119911795,68118984840,68992919,70525196,1254939,0,0,0,0,0,0,0,0,0,0,0,0,35390285,35434339,35640,35677,1866,0,0,0,0,0,0,0,0
1778081694.991654,g5.hpc.coe,40875,0.5001,0,100.0,2035.0,12288.0,67154611961,68153721622,69027804,70560123,1254968,0,0,0,0,0,0,0,0,0,0,0,0,34700166,34736782,34885,34927,29,0,0,0,0,0,0,0,0
1778081695.4917467,g5.hpc.coe,40875,0.5001,0,100.0,2035.0,12288.0,67195562029,68194715727,69068931,70601297,1256933,0,0,0,0,0,0,0,0,0,0,0,0,40950068,40994105,41127,41174,1965,0,0,0,0,0,0,0,0
1778081695.9918606,g5.hpc.coe,40875,0.5001,0,100.0,2035.0,12288.0,67230952355,68230142526,69104578,70636977,1257011,0,0,0,0,0,0,0,0,0,0,0,0,35390326,35426799,35647,35680,78,0,0,0,0,0,0,0,0
1778081696.4919536,g5.hpc.coe,40875,0.5001,0,100.0,2035.0,12288.0,67271902449,68271136533,69145695,70678137,1259333,0,0,0,0,0,0,0,0,0,0,0,0,40950094,40994007,41117,41160,2322,0,0,0,0,0,0,0,0
1778081696.992048,g5.hpc.coe,40875,0.5001,0,100.0,2035.0,12288.0,67307292801,68306563255,69181332,70713806,1259378,0,0,0,0,0,0,0,0,0,0,0,0,35390352,35426722,35637,35669,45,0,0,0,0,0,0,0,0
1778081697.492142,g5.hpc.coe,40875,0.5001,0,100.0,2035.0,12288.0,67341993220,68341300038,69216226,70748740,1259461,0,0,0,0,0,0,0,0,0,0,0,0,34700419,34736783,34894,34934,83,0,0,0,0,0,0,0,0
1778081697.9922361,g5.hpc.coe,40875,0.5001,0,100.0,2035.0,12288.0,67382943527,68382294080,69257351,70789905,1260155,0,0,0,0,0,0,0,0,0,0,0,0,40950307,40994042,41125,41165,694,0,0,0,0,0,0,0,0
1778081698.4923306,g5.hpc.coe,40875,0.5001,0,100.0,2035.0,12288.0,67418334071,68417720865,69292993,70825583,1260188,0,0,0,0,0,0,0,0,0,0,0,0,35390544,35426785,35642,35678,33,0,0,0,0,0,0,0,0
1778081698.9924393,g5.hpc.coe,40875,0.5001,0,100.0,2035.0,12288.0,67459283371,68458714871,69334111,70866745,1261721,0,0,0,0,0,0,0,0,0,0,0,0,40949300,40994006,41118,41162,1533,0,0,0,0,0,0,0,0
1778081699.4925337,g5.hpc.coe,40875,0.5001,0,100.0,2035.0,12288.0,67494672908,68494141550,69369746,70902410,1263210,0,0,0,0,0,0,0,0,0,0,0,0,35389537,35426679,35635,35665,1489,0,0,0,0,0,0,0,0
1778081699.9926286,g5.hpc.coe,40875,0.5001,0,100.0,2035.0,12288.0,67529372547,68528878317,69404636,70937337,1263240,0,0,0,0,0,0,0,0,0,0,0,0,34699639,34736767,34890,34927,30,0,0,0,0,0,0,0,0
1778081700.4927225,g5.hpc.coe,40875,0.5001,0,100.0,2035.0,12288.0,67570321948,68569872330,69445748,70978500,1263501,0,0,0,0,0,0,0,0,0,0,0,0,40949401,40994013,41112,41163,261,0,0,0,0,0,0,0,0
1778081700.9928176,g5.hpc.coe,40875,0.5001,0,100.0,2035.0,12288.0,67605711628,68605299156,69481383,71014186,1263748,0,0,0,0,0,0,0,0,0,0,0,0,35389680,35426826,35635,35686,247,0,0,0,0,0,0,0,0
1778081701.4929142,g5.hpc.coe,40875,0.5001,0,100.0,2035.0,12288.0,67646661167,68646293148,69522501,71055346,1264198,0,0,0,0,0,0,0,0,0,0,0,0,40949539,40993992,41118,41160,450,0,0,0,0,0,0,0,0
1778081701.9930077,g5.hpc.coe,40875,0.5001,0,100.0,2035.0,12288.0,67682050907,68681719883,69558131,71091019,1265127,0,0,0,0,0,0,0,0,0,0,0,0,35389740,35426735,35630,35673,929,0,0,0,0,0,0,0,0
1778081702.4930995,g5.hpc.coe,40875,0.5001,0,100.0,2035.0,12288.0,67716750700,68716456616,69593018,71125948,1265162,0,0,0,0,0,0,0,0,0,0,0,0,34699793,34736733,34887,34929,35,0,0,0,0,0,0,0,0
1778081702.993191,g5.hpc.coe,40875,0.5001,0,100.0,2035.0,12288.0,67757700439,68757450665,69634142,71167114,1265658,0,0,0,0,0,0,0,0,0,0,0,0,40949739,40994049,41124,41166,496,0,0,0,0,0,0,0,0
1778081703.4932919,g5.hpc.coe,40875,0.5001,0,100.0,2035.0,12288.0,67793090372,68792877415,69669777,71202787,1265698,0,0,0,0,0,0,0,0,0,0,0,0,35389933,35426750,35635,35673,40,0,0,0,0,0,0,0,0
1778081703.993386,g5.hpc.coe,40875,0.5001,0,100.0,2035.0,12288.0,67834040199,68833871436,69710900,71243949,1265989,0,0,0,0,0,0,0,0,0,0,0,0,40949827,40994021,41123,41162,291,0,0,0,0,0,0,0,0
1778081704.4934838,g5.hpc.coe,40875,0.5001,0,100.0,2035.0,12288.0,67869430276,68869298200,69746542,71279624,1266059,0,0,0,0,0,0,0,0,0,0,0,0,35390077,35426764,35642,35675,70,0,0,0,0,0,0,0,0
1778081704.9935782,g5.hpc.coe,40875,0.5001,0,100.0,2035.0,12288.0,67904130441,68904035017,69781437,71314556,1266108,0,0,0,0,0,0,0,0,0,0,0,0,34700165,34736817,34895,34932,49,0,0,0,0,0,0,0,0
1778081705.4936702,g5.hpc.coe,40875,0.5001,0,100.0,2035.0,12288.0,67945080424,68945029108,69822562,71355728,1268202,0,0,0,0,0,0,0,0,0,0,0,0,40949983,40994091,41125,41172,2094,0,0,0,0,0,0,0,0
1778081705.9937656,g5.hpc.coe,40875,0.5001,0,100.0,2035.0,12288.0,67980470581,68980455879,69858195,71391404,1268343,0,0,0,0,0,0,0,0,0,0,0,0,35390157,35426771,35633,35676,141,0,0,0,0,0,0,0,0
1778081706.493862,g5.hpc.coe,40875,0.5001,0,100.0,2035.0,12288.0,68021420611,69021449928,69899313,71432570,1271863,0,0,0,0,0,0,0,0,0,0,0,0,40950030,40994049,41118,41166,3520,0,0,0,0,0,0,0,0
1778081706.9939544,g5.hpc.coe,40875,0.5001,0,100.0,2035.0,12288.0,68056811473,69056877174,69934959,71468258,1273190,0,0,0,0,0,0,0,0,0,0,0,0,35390862,35427246,35646,35688,1327,0,0,0,0,0,0,0,0
1778081707.4940512,g5.hpc.coe,40875,0.5001,0,100.0,2035.0,12288.0,68092018575,69092491357,69970936,71504498,1273242,0,0,0,0,0,0,0,0,0,0,0,0,35207102,35614183,35977,36240,52,0,0,0,0,0,0,0,0
1778081707.9941444,g5.hpc.coe,40875,0.5001,0,100.0,2035.0,12288.0,68133151989,69133297973,70011716,71545097,1274714,0,0,0,0,0,0,0,0,0,0,0,0,41133414,40806616,40780,40599,1472,0,0,0,0,0,0,0,0
1778081708.4942343,g5.hpc.coe,40875,0.5001,0,100.0,2035.0,12288.0,68167852328,69168034742,70046595,71580029,1274753,0,0,0,0,0,0,0,0,0,0,0,0,34700339,34736769,34879,34932,39,0,0,0,0,0,0,0,0
1778081708.9943283,g5.hpc.coe,40875,0.5001,0,100.0,2035.0,12288.0,68208802668,69209028791,70087721,71621195,1274803,0,0,0,0,0,0,0,0,0,0,0,0,40950340,40994049,41126,41166,50,0,0,0,0,0,0,0,0
1778081709.4944215,g5.hpc.coe,40875,0.5001,0,100.0,2035.0,12288.0,68244192176,69244455561,70123362,71656873,1274842,0,0,0,0,0,0,0,0,0,0,0,0,35389508,35426770,35641,35678,39,0,0,0,0,0,0,0,0
1778081709.9945157,g5.hpc.coe,40875,0.5001,0,100.0,2035.0,12288.0,68281590916,69282588783,70161503,71695547,1274884,0,0,0,0,0,0,0,0,0,0,0,0,37398740,38133222,38141,38674,42,0,0,0,0,0,0,0,0
1778081710.49461,g5.hpc.coe,40875,0.5001,0,100.0,2035.0,12288.0,68320531062,69320876281,70200115,71733705,1278075,0,0,0,0,0,0,0,0,0,0,0,0,38940146,38287498,38612,38158,3191,0,0,0,0,0,0,0,0
1778081710.9947028,g5.hpc.coe,40875,0.5001,0,100.0,2035.0,12288.0,68355230627,69355612923,70235000,71768621,1278267,0,0,0,0,0,0,0,0,0,0,0,0,34699565,34736642,34885,34916,192,0,0,0,0,0,0,0,0
1778081711.4947958,g5.hpc.coe,40875,0.5001,0,100.0,2035.0,12288.0,68396180108,69396606971,70276120,71809789,1278803,0,0,0,0,0,0,0,0,0,0,0,0,40949481,40994048,41120,41168,536,0,0,0,0,0,0,0,0
1778081711.9948897,g5.hpc.coe,40875,0.5001,0,100.0,2035.0,12288.0,68431569707,69432033727,70311740,71845465,1278842,0,0,0,0,0,0,0,0,0,0,0,0,35389599,35426756,35620,35676,39,0,0,0,0,0,0,0,0
1778081712.4949868,g5.hpc.coe,40875,0.5001,0,100.0,2035.0,12288.0,68471840606,69472588858,70352645,71886530,1278880,0,0,0,0,0,0,0,0,0,0,0,0,40270899,40555131,40905,41065,38,0,0,0,0,0,0,0,0
1778081712.9950805,g5.hpc.coe,40875,0.5001,0,100.0,2035.0,12288.0,68507909027,69508454454,70388487,71922298,1278917,0,0,0,0,0,0,0,0,0,0,0,0,36068421,35865596,35842,35768,37,0,0,0,0,0,0,0,0
1778081713.4951742,g5.hpc.coe,40875,0.5001,0,100.0,2035.0,12288.0,68542608893,69543191124,70423381,71957218,1280320,0,0,0,0,0,0,0,0,0,0,0,0,34699866,34736670,34894,34920,1403,0,0,0,0,0,0,0,0
1778081713.9952695,g5.hpc.coe,40875,0.5001,0,100.0,2035.0,12288.0,68583558621,69584185222,70464500,71998391,1281384,0,0,0,0,0,0,0,0,0,0,0,0,40949728,40994098,41119,41173,1064,0,0,0,0,0,0,0,0
1778081714.4953613,g5.hpc.coe,40875,0.5001,0,100.0,2035.0,12288.0,68618948600,69619611930,70500138,72034058,1281424,0,0,0,0,0,0,0,0,0,0,0,0,35389979,35426708,35638,35667,40,0,0,0,0,0,0,0,0
1778081714.9954603,g5.hpc.coe,40875,0.5001,0,100.0,2035.0,12288.0,68659898479,69660606021,70541265,72075230,1282520,0,0,0,0,0,0,0,0,0,0,0,0,40949879,40994091,41127,41172,1096,0,0,0,0,0,0,0,0
1778081715.495554,g5.hpc.coe,40875,0.5001,0,100.0,2035.0,12288.0,68695288637,69696032833,70576906,72110905,1285396,0,0,0,0,0,0,0,0,0,0,0,0,35390158,35426812,35641,35675,2876,0,0,0,0,0,0,0,0
1778081715.995649,g5.hpc.coe,40875,0.5001,0,100.0,2035.0,12288.0,68729988722,69730769651,70611795,72145844,1286357,0,0,0,0,0,0,0,0,0,0,0,0,34700085,34736818,34889,34939,961,0,0,0,0,0,0,0,0
1778081716.4957466,g5.hpc.coe,40875,0.5001,0,100.0,2035.0,12288.0,68770938695,69771763658,70652915,72187004,1287898,0,0,0,0,0,0,0,0,0,0,0,0,40949973,40994007,41120,41160,1541,0,0,0,0,0,0,0,0
1778081716.9958446,g5.hpc.coe,40875,0.5001,0,100.0,2035.0,12288.0,68806328940,69807190450,70688557,72222683,1287938,0,0,0,0,0,0,0,0,0,0,0,0,35390245,35426792,35642,35679,40,0,0,0,0,0,0,0,0
1778081717.4959424,g5.hpc.coe,40875,0.5001,0,100.0,2035.0,12288.0,68847279037,69848184492,70729681,72263848,1287981,0,0,0,0,0,0,0,0,0,0,0,0,40950097,40994042,41124,41165,43,0,0,0,0,0,0,0,0
1778081717.9960563,g5.hpc.coe,40875,0.5001,0,100.0,2035.0,12288.0,68882669377,69883611270,70765323,72299525,1289896,0,0,0,0,0,0,0,0,0,0,0,0,35390340,35426778,35642,35677,1915,0,0,0,0,0,0,0,0
1778081718.496151,g5.hpc.coe,40875,0.5001,0,100.0,2035.0,12288.0,68917369630,69918347983,70800202,72334449,1289938,0,0,0,0,0,0,0,0,0,0,0,0,34700253,34736713,34879,34924,42,0,0,0,0,0,0,0,0
1778081718.9962459,g5.hpc.coe,40875,0.5001,0,100.0,2035.0,12288.0,68958319836,69959341976,70841319,72375607,1291373,0,0,0,0,0,0,0,0,0,0,0,0,40950206,40993993,41117,41158,1435,0,0,0,0,0,0,0,0
1778081719.4963386,g5.hpc.coe,40875,0.5001,0,100.0,2035.0,12288.0,68993710244,69994768747,70876948,72411283,1291598,0,0,0,0,0,0,0,0,0,0,0,0,35390408,35426771,35629,35676,225,0,0,0,0,0,0,0,0
1778081719.9964309,g5.hpc.coe,40875,0.5001,0,100.0,2035.0,12288.0,69034659561,70035762753,70918075,72452445,1292412,0,0,0,0,0,0,0,0,0,0,0,0,40949317,40994006,41127,41162,814,0,0,0,0,0,0,0,0
1778081720.4965286,g5.hpc.coe,40875,0.5001,0,100.0,2035.0,12288.0,69070049164,70071189550,70953717,72488120,1292715,0,0,0,0,0,0,0,0,0,0,0,0,35389603,35426797,35642,35675,303,0,0,0,0,0,0,0,0
1778081720.9966242,g5.hpc.coe,40875,0.5001,0,100.0,2035.0,12288.0,69104748694,70105926332,70988607,72523056,1292767,0,0,0,0,0,0,0,0,0,0,0,0,34699530,34736782,34890,34936,52,0,0,0,0,0,0,0,0
1778081721.4967194,g5.hpc.coe,40875,0.5001,0,100.0,2035.0,12288.0,69145698042,70146920366,71029718,72564222,1294932,0,0,0,0,0,0,0,0,0,0,0,0,40949348,40994034,41111,41166,2165,0,0,0,0,0,0,0,0
1778081721.9968135,g5.hpc.coe,40875,0.5001,0,100.0,2035.0,12288.0,69181088222,70182347527,71065357,72599900,1295125,0,0,0,0,0,0,0,0,0,0,0,0,35390180,35427161,35639,35678,193,0,0,0,0,0,0,0,0
1778081722.4969099,g5.hpc.coe,40875,0.5001,0,100.0,2035.0,12288.0,69222037701,70223341519,71106473,72641060,1295406,0,0,0,0,0,0,0,0,0,0,0,0,40949479,40993992,41116,41160,281,0,0,0,0,0,0,0,0
1778081722.997004,g5.hpc.coe,40875,0.5001,0,100.0,2035.0,12288.0,69257427340,70258768240,71142095,72676731,1295719,0,0,0,0,0,0,0,0,0,0,0,0,35389639,35426721,35622,35671,313,0,0,0,0,0,0,0,0
1778081723.4971015,g5.hpc.coe,40875,0.5001,0,100.0,2035.0,12288.0,69292688531,70294435375,71178073,72712992,1295767,0,0,0,0,0,0,0,0,0,0,0,0,35261191,35667135,35978,36261,48,0,0,0,0,0,0,0,0
1778081723.997194,g5.hpc.coe,40875,0.5001,0,100.0,2035.0,12288.0,69333076807,70334499021,71218112,72752828,1296779,0,0,0,0,0,0,0,0,0,0,0,0,40388276,40063646,40039,39836,1012,0,0,0,0,0,0,0,0
1778081724.4972918,g5.hpc.coe,40875,0.5001,0,100.0,2035.0,12288.0,69368466646,70369925820,71253740,72788508,1296834,0,0,0,0,0,0,0,0,0,0,0,0,35389839,35426799,35628,35680,55,0,0,0,0,0,0,0,0
1778081724.997385,g5.hpc.coe,40875,0.5001,0,100.0,2035.0,12288.0,69409416413,70410919869,71294861,72829674,1296963,0,0,0,0,0,0,0,0,0,0,0,0,40949767,40994049,41121,41166,129,0,0,0,0,0,0,0,0
1778081725.4974792,g5.hpc.coe,40875,0.5001,0,100.0,2035.0,12288.0,69444806515,70446346716,71330504,72865354,1297132,0,0,0,0,0,0,0,0,0,0,0,0,35390102,35426847,35643,35680,169,0,0,0,0,0,0,0,0
1778081725.9975731,g5.hpc.coe,40875,0.5001,0,100.0,2035.0,12288.0,69479506529,70481083471,71365393,72900284,1297182,0,0,0,0,0,0,0,0,0,0,0,0,34700014,34736755,34889,34930,50,0,0,0,0,0,0,0,0
1778081726.4976711,g5.hpc.coe,40875,0.5001,0,100.0,2035.0,12288.0,69521146441,70522767585,71407258,72942203,1299058,0,0,0,0,0,0,0,0,0,0,0,0,41639912,41684114,41865,41919,1876,0,0,0,0,0,0,0,0
1778081726.9977658,g5.hpc.coe,40875,0.5001,0,100.0,2035.0,12288.0,69555846607,70557504354,71442155,72977135,1299094,0,0,0,0,0,0,0,0,0,0,0,0,34700166,34736769,34897,34932,36,0,0,0,0,0,0,0,0
1778081727.4978578,g5.hpc.coe,40875,0.5001,0,100.0,2035.0,12288.0,69596796570,70598498424,71483270,73018304,1300083,0,0,0,0,0,0,0,0,0,0,0,0,40949963,40994070,41115,41169,989,0,0,0,0,0,0,0,0
1778081727.9979556,g5.hpc.coe,40875,0.5001,0,100.0,2035.0,12288.0,69632186840,70633925258,71518912,73053989,1300189,0,0,0,0,0,0,0,0,0,0,0,0,35390270,35426834,35642,35685,106,0,0,0,0,0,0,0,0
1778081728.4980493,g5.hpc.coe,40875,0.5001,0,100.0,2035.0,12288.0,69668812529,70671126995,71556208,73091676,1300228,0,0,0,0,0,0,0,0,0,0,0,0,36625689,37201737,37296,37687,39,0,0,0,0,0,0,0,0
1778081728.9981422,g5.hpc.coe,40875,0.5001,0,100.0,2035.0,12288.0,69708527271,70710346092,71595670,73130833,1303367,0,0,0,0,0,0,0,0,0,0,0,0,39714742,39219097,39462,39157,3139,0,0,0,0,0,0,0,0
1778081729.4982376,g5.hpc.coe,40875,0.5001,0,100.0,2035.0,12288.0,69743227640,70745082910,71630562,73165772,1303736,0,0,0,0,0,0,0,0,0,0,0,0,34700369,34736818,34892,34939,369,0,0,0,0,0,0,0,0
1778081729.998327,g5.hpc.coe,40875,0.5001,0,100.0,2035.0,12288.0,69784177871,70786077043,71671679,73206950,1304349,0,0,0,0,0,0,0,0,0,0,0,0,40950231,40994133,41117,41178,613,0,0,0,0,0,0,0,0
1778081730.498417,g5.hpc.coe,40875,0.5001,0,100.0,2035.0,12288.0,69819568401,70821503855,71707315,73242625,1304926,0,0,0,0,0,0,0,0,0,0,0,0,35390530,35426812,35636,35675,577,0,0,0,0,0,0,0,0
1778081730.998512,g5.hpc.coe,40875,0.5001,0,100.0,2035.0,12288.0,69860517744,70862497826,71748440,73283782,1304977,0,0,0,0,0,0,0,0,0,0,0,0,40949343,40993971,41125,41157,51,0,0,0,0,0,0,0,0
1778081731.4986079,g5.hpc.coe,40875,0.5001,0,100.0,2035.0,12288.0,69895907280,70897924603,71784078,73319461,1307587,0,0,0,0,0,0,0,0,0,0,0,0,35389536,35426777,35638,35679,2610,0,0,0,0,0,0,0,0
1778081731.9987066,g5.hpc.coe,40875,0.5001,0,100.0,2035.0,12288.0,69930606785,70932661364,71818961,73354394,1307627,0,0,0,0,0,0,0,0,0,0,0,0,34699505,34736761,34883,34933,40,0,0,0,0,0,0,0,0
1778081732.4988024,g5.hpc.coe,40875,0.5001,0,100.0,2035.0,12288.0,69971556200,70973655342,71860078,73395552,1309942,0,0,0,0,0,0,0,0,0,0,0,0,40949415,40993978,41117,41158,2315,0,0,0,0,0,0,0,0
1778081732.9988935,g5.hpc.coe,40875,0.5001,0,100.0,2035.0,12288.0,70006945845,71009082105,71895711,73431229,1309971,0,0,0,0,0,0,0,0,0,0,0,0,35389645,35426763,35633,35677,29,0,0,0,0,0,0,0,0
1778081733.4989903,g5.hpc.coe,40875,0.5001,0,100.0,2035.0,12288.0,70047895334,71050076146,71936825,73472396,1310020,0,0,0,0,0,0,0,0,0,0,0,0,40949489,40994041,41114,41167,49,0,0,0,0,0,0,0,0
1778081733.9990835,g5.hpc.coe,40875,0.5001,0,100.0,2035.0,12288.0,70083285130,71085502867,71972466,73508067,1310628,0,0,0,0,0,0,0,0,0,0,0,0,35389796,35426721,35641,35671,608,0,0,0,0,0,0,0,0
1778081734.4991798,g5.hpc.coe,40875,0.5001,0,100.0,2035.0,12288.0,70117984902,71120239642,72007353,73543002,1310670,0,0,0,0,0,0,0,0,0,0,0,0,34699772,34736775,34887,34935,42,0,0,0,0,0,0,0,0
1778081734.9992726,g5.hpc.coe,40875,0.5001,0,100.0,2035.0,12288.0,70158934569,71161233641,72048472,73584163,1312062,0,0,0,0,0,0,0,0,0,0,0,0,40949667,40993999,41119,41161,1392,0,0,0,0,0,0,0,0
1778081735.4993677,g5.hpc.coe,40875,0.5001,0,100.0,2035.0,12288.0,70194324502,71196660384,72084110,73619835,1312559,0,0,0,0,0,0,0,0,0,0,0,0,35389933,35426743,35638,35672,497,0,0,0,0,0,0,0,0
1778081735.9994614,g5.hpc.coe,40875,0.5001,0,100.0,2035.0,12288.0,70235274441,71237654516,72125243,73661006,1313638,0,0,0,0,0,0,0,0,0,0,0,0,40949939,40994132,41133,41171,1079,0,0,0,0,0,0,0,0
1778081736.4995556,g5.hpc.coe,40875,0.5001,0,100.0,2035.0,12288.0,70270664519,71273081294,72160888,73696683,1322032,0,0,0,0,0,0,0,0,0,0,0,0,35390078,35426778,35645,35677,8394,0,0,0,0,0,0,0,0
1778081736.9996474,g5.hpc.coe,40875,0.5001,0,100.0,2035.0,12288.0,70305365189,71307818503,72195793,73731622,1322074,0,0,0,0,0,0,0,0,0,0,0,0,34700670,34737209,34905,34939,42,0,0,0,0,0,0,0,0
1778081737.4997437,g5.hpc.coe,40875,0.5001,0,100.0,2035.0,12288.0,70346315124,71348812510,72236914,73772782,1322189,0,0,0,0,0,0,0,0,0,0,0,0,40949935,40994007,41121,41160,115,0,0,0,0,0,0,0,0
1778081737.9998379,g5.hpc.coe,40875,0.5001,0,100.0,2035.0,12288.0,70381705261,71384239281,72272547,73808458,1322237,0,0,0,0,0,0,0,0,0,0,0,0,35390137,35426771,35633,35676,48,0,0,0,0,0,0,0,0
1778081738.4999313,g5.hpc.coe,40875,0.5001,0,100.0,2035.0,12288.0,70422655250,71425233260,72313662,73849614,1322294,0,0,0,0,0,0,0,0,0,0,0,0,40949989,40993979,41115,41156,57,0,0,0,0,0,0,0,0
1778081739.0000303,g5.hpc.coe,40875,0.5001,0,100.0,2035.0,12288.0,70458045524,71460660080,72349301,73885297,1325130,0,0,0,0,0,0,0,0,0,0,0,0,35390274,35426820,35639,35683,2836,0,0,0,0,0,0,0,0
1778081739.500124,g5.hpc.coe,40875,0.5001,0,100.0,2035.0,12288.0,70492745830,71495396814,72384194,73920224,1325167,0,0,0,0,0,0,0,0,0,0,0,0,34700306,34736734,34893,34927,37,0,0,0,0,0,0,0,0
1778081740.0002196,g5.hpc.coe,40875,0.5001,0,100.0,2035.0,12288.0,70533696080,71536390905,72425326,73961396,1326391,0,0,0,0,0,0,0,0,0,0,0,0,40950250,40994091,41132,41172,1224,0,0,0,0,0,0,0,0
1778081740.5003114,g5.hpc.coe,40875,0.5001,0,100.0,2035.0,12288.0,70569086505,71571817690,72460964,73997074,1326436,0,0,0,0,0,0,0,0,0,0,0,0,35390425,35426785,35638,35678,45,0,0,0,0,0,0,0,0
1778081741.0004067,g5.hpc.coe,40875,0.5001,0,100.0,2035.0,12288.0,70610036831,71612811766,72502082,74038237,1326937,0,0,0,0,0,0,0,0,0,0,0,0,40950326,40994076,41118,41163,501,0,0,0,0,0,0,0,0
1778081741.5004992,g5.hpc.coe,40875,0.5001,0,100.0,2035.0,12288.0,70645426354,71648238515,72537728,74073912,1327794,0,0,0,0,0,0,0,0,0,0,0,0,35389523,35426749,35646,35675,857,0,0,0,0,0,0,0,0
1778081742.0005946,g5.hpc.coe,40875,0.5001,0,100.0,2035.0,12288.0,70680125852,71682975255,72572620,74108842,1328487,0,0,0,0,0,0,0,0,0,0,0,0,34699498,34736740,34892,34930,693,0,0,0,0,0,0,0,0
1778081742.500693,g5.hpc.coe,40875,0.5001,0,100.0,2035.0,12288.0,70721075176,71723969233,72613734,74150000,1329425,0,0,0,0,0,0,0,0,0,0,0,0,40949324,40993978,41114,41158,938,0,0,0,0,0,0,0,0
1778081743.000788,g5.hpc.coe,40875,0.5001,0,100.0,2035.0,12288.0,70756464765,71759395975,72649369,74185674,1331835,0,0,0,0,0,0,0,0,0,0,0,0,35389589,35426742,35635,35674,2410,0,0,0,0,0,0,0,0
1778081743.5008838,g5.hpc.coe,40875,0.5001,0,100.0,2035.0,12288.0,70797414268,71800389981,72690495,74226836,1334190,0,0,0,0,0,0,0,0,0,0,0,0,40949503,40994006,41126,41162,2355,0,0,0,0,0,0,0,0
1778081744.0009832,g5.hpc.coe,40875,0.5001,0,100.0,2035.0,12288.0,70832803924,71835816730,72726126,74262511,1335036,0,0,0,0,0,0,0,0,0,0,0,0,35389656,35426749,35631,35675,846,0,0,0,0,0,0,0,0
1778081744.5010784,g5.hpc.coe,40875,0.5001,0,100.0,2035.0,12288.0,70867503710,71870553442,72761049,74298000,1335073,0,0,0,0,0,0,0,0,0,0,0,0,34699786,34736712,34923,35489,37,0,0,0,0,0,0,0,0
1778081745.0011737,g5.hpc.coe,40875,0.5001,0,100.0,2035.0,12288.0,70909143317,71912237562,72802889,74339359,1336623,0,0,0,0,0,0,0,0,0,0,0,0,41639607,41684120,41840,41359,1550,0,0,0,0,0,0,0,0
1778081745.5012665,g5.hpc.coe,40875,0.5001,0,100.0,2035.0,12288.0,70943843157,71946974295,72837782,74374288,1337005,0,0,0,0,0,0,0,0,0,0,0,0,34699840,34736733,34893,34929,382,0,0,0,0,0,0,0,0
1778081746.0013666,g5.hpc.coe,40875,0.5001,0,100.0,2035.0,12288.0,70984792991,71987968483,72878910,74415467,1338078,0,0,0,0,0,0,0,0,0,0,0,0,40949834,40994188,41128,41179,1073,0,0,0,0,0,0,0,0
1778081746.5014634,g5.hpc.coe,40875,0.5001,0,100.0,2035.0,12288.0,71020182999,72023395247,72914555,74451142,1338371,0,0,0,0,0,0,0,0,0,0,0,0,35390008,35426764,35645,35675,293,0,0,0,0,0,0,0,0
1778081747.001554,g5.hpc.coe,40875,0.5001,0,100.0,2035.0,12288.0,71058954391,72062497345,72953736,74490755,1338414,0,0,0,0,0,0,0,0,0,0,0,0,38771392,39102098,39181,39613,43,0,0,0,0,0,0,0,0
1778081747.5016482,g5.hpc.coe,40875,0.5001,0,100.0,2035.0,12288.0,71096522787,72099816109,72991302,74527990,1339683,0,0,0,0,0,0,0,0,0,0,0,0,37568396,37318764,37566,37235,1269,0,0,0,0,0,0,0,0
1778081748.0017428,g5.hpc.coe,40875,0.5001,0,100.0,2035.0,12288.0,71131222824,72134552829,73026187,74562915,1339734,0,0,0,0,0,0,0,0,0,0,0,0,34700037,34736720,34885,34925,51,0,0,0,0,0,0,0,0
1778081748.5018408,g5.hpc.coe,40875,0.5001,0,100.0,2035.0,12288.0,71172172862,72175546899,73067319,74604084,1341967,0,0,0,0,0,0,0,0,0,0,0,0,40950038,40994070,41132,41169,2233,0,0,0,0,0,0,0,0
1778081749.0019364,g5.hpc.coe,40875,0.5001,0,100.0,2035.0,12288.0,71207563380,72210973932,73102971,74639766,1342123,0,0,0,0,0,0,0,0,0,0,0,0,35390518,35427033,35652,35682,156,0,0,0,0,0,0,0,0
1778081749.5020287,g5.hpc.coe,40875,0.5001,0,100.0,2035.0,12288.0,71247115025,72250934654,73143179,74680279,1342176,0,0,0,0,0,0,0,0,0,0,0,0,39551645,39960722,40208,40513,53,0,0,0,0,0,0,0,0
1778081750.0021245,g5.hpc.coe,40875,0.5001,0,100.0,2035.0,12288.0,71283903668,72287394745,73179719,74716607,1344512,0,0,0,0,0,0,0,0,0,0,0,0,36788643,36460091,36540,36328,2336,0,0,0,0,0,0,0,0
1778081750.502214,g5.hpc.coe,40875,0.5001,0,100.0,2035.0,12288.0,71318603979,72322131486,73214609,74751535,1344555,0,0,0,0,0,0,0,0,0,0,0,0,34700311,34736741,34890,34928,43,0,0,0,0,0,0,0,0
1778081751.002309,g5.hpc.coe,40875,0.5001,0,100.0,2035.0,12288.0,71359554248,72363125653,73255731,74792711,1345557,0,0,0,0,0,0,0,0,0,0,0,0,40950269,40994167,41122,41176,1002,0,0,0,0,0,0,0,0
1778081751.5024056,g5.hpc.coe,40875,0.5001,0,100.0,2035.0,12288.0,71394944706,72398552417,73291370,74828386,1348516,0,0,0,0,0,0,0,0,0,0,0,0,35390458,35426764,35639,35675,2959,0,0,0,0,0,0,0,0
1778081752.0024977,g5.hpc.coe,40875,0.5001,0,100.0,2035.0,12288.0,71435895681,72439546948,73332512,74869565,1348697,0,0,0,0,0,0,0,0,0,0,0,0,40950975,40994531,41142,41179,181,0,0,0,0,0,0,0,0
1778081752.5025876,g5.hpc.coe,40875,0.5001,0,100.0,2035.0,12288.0,71471285139,72474973704,73368145,74905241,1350102,0,0,0,0,0,0,0,0,0,0,0,0,35389458,35426756,35633,35676,1405,0,0,0,0,0,0,0,0
1778081753.0026844,g5.hpc.coe,40875,0.5001,0,100.0,2035.0,12288.0,71505984671,72509710507,73403038,74940180,1350347,0,0,0,0,0,0,0,0,0,0,0,0,34699532,34736803,34893,34939,245,0,0,0,0,0,0,0,0
1778081753.5027807,g5.hpc.coe,40875,0.5001,0,100.0,2035.0,12288.0,71546934127,72550704499,73444167,74981340,1351681,0,0,0,0,0,0,0,0,0,0,0,0,40949456,40993992,41129,41160,1334,0,0,0,0,0,0,0,0
1778081754.002877,g5.hpc.coe,40875,0.5001,0,100.0,2035.0,12288.0,71582323757,72586131255,73479804,75017016,1351727,0,0,0,0,0,0,0,0,0,0,0,0,35389630,35426756,35637,35676,46,0,0,0,0,0,0,0,0
1778081754.5029867,g5.hpc.coe,40875,0.5001,0,100.0,2035.0,12288.0,71623273280,72627125282,73520929,75058181,1351762,0,0,0,0,0,0,0,0,0,0,0,0,40949523,40994027,41125,41165,35,0,0,0,0,0,0,0,0
1778081755.00308,g5.hpc.coe,40875,0.5001,0,100.0,2035.0,12288.0,71658662990,72662552017,73556564,75093854,1353444,0,0,0,0,0,0,0,0,0,0,0,0,35389710,35426735,35635,35673,1682,0,0,0,0,0,0,0,0
1778081755.5031722,g5.hpc.coe,40875,0.5001,0,100.0,2035.0,12288.0,71693362725,72697288736,73591452,75128781,1353489,0,0,0,0,0,0,0,0,0,0,0,0,34699735,34736719,34888,34927,45,0,0,0,0,0,0,0,0
1778081756.0032682,g5.hpc.coe,40875,0.5001,0,100.0,2035.0,12288.0,71734312341,72738282742,73632570,75169943,1355069,0,0,0,0,0,0,0,0,0,0,0,0,40949616,40994006,41118,41162,1580,0,0,0,0,0,0,0,0
1778081756.5033605,g5.hpc.coe,40875,0.5001,0,100.0,2035.0,12288.0,71769702278,72773709539,73668208,75205618,1355113,0,0,0,0,0,0,0,0,0,0,0,0,35389937,35426797,35638,35675,44,0,0,0,0,0,0,0,0
1778081757.0034583,g5.hpc.coe,40875,0.5001,0,100.0,2035.0,12288.0,71810652068,72814703539,73709335,75246777,1359416,0,0,0,0,0,0,0,0,0,0,0,0,40949790,40994000,41127,41159,4303,0,0,0,0,0,0,0,0
1778081757.503555,g5.hpc.coe,40875,0.5001,0,100.0,2035.0,12288.0,71846041962,72850130359,73744960,75282460,1360197,0,0,0,0,0,0,0,0,0,0,0,0,35389894,35426820,35625,35683,781,0,0,0,0,0,0,0,0
1778081758.0036473,g5.hpc.coe,40875,0.5001,0,100.0,2035.0,12288.0,71880741985,72884867177,73779853,75317399,1360237,0,0,0,0,0,0,0,0,0,0,0,0,34700023,34736818,34893,34939,40,0,0,0,0,0,0,0,0
1778081758.5037415,g5.hpc.coe,40875,0.5001,0,100.0,2035.0,12288.0,71921691862,72925861275,73820972,75358572,1361125,0,0,0,0,0,0,0,0,0,0,0,0,40949877,40994098,41119,41173,888,0,0,0,0,0,0,0,0
1778081759.0038373,g5.hpc.coe,40875,0.5001,0,100.0,2035.0,12288.0,71957081871,72961288067,73856593,75394251,1361164,0,0,0,0,0,0,0,0,0,0,0,0,35390009,35426792,35621,35679,39,0,0,0,0,0,0,0,0
1778081759.5039291,g5.hpc.coe,40875,0.5001,0,100.0,2035.0,12288.0,71998031857,73002282109,73897714,75435416,1363470,0,0,0,0,0,0,0,0,0,0,0,0,40949986,40994042,41121,41165,2306,0,0,0,0,0,0,0,0
1778081760.0040245,g5.hpc.coe,40875,0.5001,0,100.0,2035.0,12288.0,72033422122,73037708852,73933358,75471088,1364452,0,0,0,0,0,0,0,0,0,0,0,0,35390265,35426743,35644,35672,982,0,0,0,0,0,0,0,0
1778081760.5041187,g5.hpc.coe,40875,0.5001,0,100.0,2035.0,12288.0,72068521955,73073225383,73969190,75507227,1364497,0,0,0,0,0,0,0,0,0,0,0,0,35099833,35516531,35832,36139,45,0,0,0,0,0,0,0,0
1778081761.0042121,g5.hpc.coe,40875,0.5001,0,100.0,2035.0,12288.0,72109072471,73113439614,74009366,75547178,1366256,0,0,0,0,0,0,0,0,0,0,0,0,40550516,40214231,40176,39951,1759,0,0,0,0,0,0,0,0
1778081761.5043054,g5.hpc.coe,40875,0.5001,0,100.0,2035.0,12288.0,72144462956,73148866391,74045012,75582848,1366295,0,0,0,0,0,0,0,0,0,0,0,0,35390485,35426777,35646,35670,39,0,0,0,0,0,0,0,0
1778081762.00442,g5.hpc.coe,40875,0.5001,0,100.0,2035.0,12288.0,72185413224,73189860496,74086137,75624022,1367848,0,0,0,0,0,0,0,0,0,0,0,0,40950268,40994105,41125,41174,1553,0,0,0,0,0,0,0,0
1778081762.504516,g5.hpc.coe,40875,0.5001,0,100.0,2035.0,12288.0,72220803735,73225287260,74121780,75659697,1368372,0,0,0,0,0,0,0,0,0,0,0,0,35390511,35426764,35643,35675,524,0,0,0,0,0,0,0,0
1778081763.0046124,g5.hpc.coe,40875,0.5001,0,100.0,2035.0,12288.0,72256557078,73261556215,74158223,75696481,1368409,0,0,0,0,0,0,0,0,0,0,0,0,35753343,36268955,36443,36784,37,0,0,0,0,0,0,0,0
1778081763.504704,g5.hpc.coe,40875,0.5001,0,100.0,2035.0,12288.0,72297142617,73301708064,74198551,75736541,1371658,0,0,0,0,0,0,0,0,0,0,0,0,40585539,40151849,40328,40060,3249,0,0,0,0,0,0,0,0
1778081764.0047963,g5.hpc.coe,40875,0.5001,0,100.0,2035.0,12288.0,72331842166,73336444783,74233443,75771468,1371712,0,0,0,0,0,0,0,0,0,0,0,0,34699549,34736719,34892,34927,54,0,0,0,0,0,0,0,0
1778081764.5048919,g5.hpc.coe,40875,0.5001,0,100.0,2035.0,12288.0,72372791569,73377438817,74274561,75812634,1371762,0,0,0,0,0,0,0,0,0,0,0,0,40949403,40994034,41118,41166,50,0,0,0,0,0,0,0,0
1778081765.0049865,g5.hpc.coe,40875,0.5001,0,100.0,2035.0,12288.0,72408181257,73412865524,74310203,75848303,1372224,0,0,0,0,0,0,0,0,0,0,0,0,35389688,35426707,35642,35669,462,0,0,0,0,0,0,0,0
1778081765.505082,g5.hpc.coe,40875,0.5001,0,100.0,2035.0,12288.0,72445923181,73451253908,74348580,75887210,1372278,0,0,0,0,0,0,0,0,0,0,0,0,37741924,38388384,38377,38907,54,0,0,0,0,0,0,0,0
1778081766.0051756,g5.hpc.coe,40875,0.5001,0,100.0,2035.0,12288.0,72484520475,73489286342,74386954,75925149,1373279,0,0,0,0,0,0,0,0,0,0,0,0,38597294,38032434,38374,37939,1001,0,0,0,0,0,0,0,0
1778081766.5052688,g5.hpc.coe,40875,0.5001,0,100.0,2035.0,12288.0,72519220346,73524023102,74421849,75960075,1374086,0,0,0,0,0,0,0,0,0,0,0,0,34699871,34736760,34895,34926,807,0,0,0,0,0,0,0,0
1778081767.005363,g5.hpc.coe,40875,0.5001,0,100.0,2035.0,12288.0,72560170617,73565017597,74462983,76001251,1375112,0,0,0,0,0,0,0,0,0,0,0,0,40950271,40994495,41134,41176,1026,0,0,0,0,0,0,0,0
1778081767.5054593,g5.hpc.coe,40875,0.5001,0,100.0,2035.0,12288.0,72595560503,73600444403,74498617,76036932,1375163,0,0,0,0,0,0,0,0,0,0,0,0,35389886,35426806,35634,35681,51,0,0,0,0,0,0,0,0
1778081768.0055592,g5.hpc.coe,40875,0.5001,0,100.0,2035.0,12288.0,72636510173,73641430856,74539740,76078093,1375213,0,0,0,0,0,0,0,0,0,0,0,0,40949670,40986453,41123,41161,50,0,0,0,0,0,0,0,0
1778081768.5056548,g5.hpc.coe,40875,0.5001,0,100.0,2035.0,12288.0,72671900298,73676865195,74575378,76113770,1377977,0,0,0,0,0,0,0,0,0,0,0,0,35390125,35434339,35638,35677,2764,0,0,0,0,0,0,0,0
1778081769.0057468,g5.hpc.coe,40875,0.5001,0,100.0,2035.0,12288.0,72706600339,73711601929,74610270,76148697,1378016,0,0,0,0,0,0,0,0,0,0,0,0,34700041,34736734,34892,34927,39,0,0,0,0,0,0,0,0
1778081769.5058417,g5.hpc.coe,40875,0.5001,0,100.0,2035.0,12288.0,72747550261,73752595957,74651392,76189860,1379946,0,0,0,0,0,0,0,0,0,0,0,0,40949922,40994028,41122,41163,1930,0,0,0,0,0,0,0,0
1778081770.005935,g5.hpc.coe,40875,0.5001,0,100.0,2035.0,12288.0,72782940413,73788022756,74687030,76225540,1379995,0,0,0,0,0,0,0,0,0,0,0,0,35390152,35426799,35638,35680,49,0,0,0,0,0,0,0,0
1778081770.5060277,g5.hpc.coe,40875,0.5001,0,100.0,2035.0,12288.0,72823890381,73829016735,74728145,76266696,1380080,0,0,0,0,0,0,0,0,0,0,0,0,40949968,40993979,41115,41156,85,0,0,0,0,0,0,0,0
1778081771.0061216,g5.hpc.coe,40875,0.5001,0,100.0,2035.0,12288.0,72859280628,73864443520,74763783,76302374,1381335,0,0,0,0,0,0,0,0,0,0,0,0,35390247,35426785,35638,35678,1255,0,0,0,0,0,0,0,0
1778081771.5062177,g5.hpc.coe,40875,0.5001,0,100.0,2035.0,12288.0,72893980935,73899180288,74798670,76337299,1381431,0,0,0,0,0,0,0,0,0,0,0,0,34700307,34736768,34887,34925,96,0,0,0,0,0,0,0,0
1778081772.0063128,g5.hpc.coe,40875,0.5001,0,100.0,2035.0,12288.0,72934931151,73940174358,74839800,76378468,1383819,0,0,0,0,0,0,0,0,0,0,0,0,40950216,40994070,41130,41169,2388,0,0,0,0,0,0,0,0
1778081772.5064101,g5.hpc.coe,40875,0.5001,0,100.0,2035.0,12288.0,72970321583,73975601199,74875444,76414154,1383855,0,0,0,0,0,0,0,0,0,0,0,0,35390432,35426841,35644,35686,36,0,0,0,0,0,0,0,0
1778081773.006501,g5.hpc.coe,40875,0.5001,0,100.0,2035.0,12288.0,73011271805,74016595220,74916559,76455316,1383916,0,0,0,0,0,0,0,0,0,0,0,0,40950222,40994021,41115,41162,61,0,0,0,0,0,0,0,0
1778081773.5065923,g5.hpc.coe,40875,0.5001,0,100.0,2035.0,12288.0,73046662270,74052022026,74952192,76490997,1385049,0,0,0,0,0,0,0,0,0,0,0,0,35390465,35426806,35633,35681,1133,0,0,0,0,0,0,0,0
1778081774.0066943,g5.hpc.coe,40875,0.5001,0,100.0,2035.0,12288.0,73081361734,74086758703,74987082,76525918,1385081,0,0,0,0,0,0,0,0,0,0,0,0,34699464,34736677,34890,34921,32,0,0,0,0,0,0,0,0
1778081774.5067937,g5.hpc.coe,40875,0.5001,0,100.0,2035.0,12288.0,73122311136,74127752786,75028210,76567091,1387360,0,0,0,0,0,0,0,0,0,0,0,0,40949402,40994083,41128,41173,2279,0,0,0,0,0,0,0,0
1778081775.006885,g5.hpc.coe,40875,0.5001,0,100.0,2035.0,12288.0,73157700712,74163179605,75063846,76602776,1387547,0,0,0,0,0,0,0,0,0,0,0,0,35389576,35426819,35636,35685,187,0,0,0,0,0,0,0,0
1778081775.5069778,g5.hpc.coe,40875,0.5001,0,100.0,2035.0,12288.0,73198650160,74204173611,75104967,76643938,1388211,0,0,0,0,0,0,0,0,0,0,0,0,40949448,40994006,41121,41162,664,0,0,0,0,0,0,0,0
1778081776.0070732,g5.hpc.coe,40875,0.5001,0,100.0,2035.0,12288.0,73234039831,74239600360,75140603,76679613,1392287,0,0,0,0,0,0,0,0,0,0,0,0,35389671,35426749,35636,35675,4076,0,0,0,0,0,0,0,0
1778081776.5071683,g5.hpc.coe,40875,0.5001,0,100.0,2035.0,12288.0,73274989375,74280594303,75181724,76720766,1392333,0,0,0,0,0,0,0,0,0,0,0,0,40949544,40993943,41121,41153,46,0,0,0,0,0,0,0,0
1778081777.0072591,g5.hpc.coe,40875,0.5001,0,100.0,2035.0,12288.0,73309689180,74315331098,75216615,76755697,1394705,0,0,0,0,0,0,0,0,0,0,0,0,34699805,34736795,34891,34931,2372,0,0,0,0,0,0,0,0
1778081777.507352,g5.hpc.coe,40875,0.5001,0,100.0,2035.0,12288.0,73345078980,74350757735,75252249,76791356,1394743,0,0,0,0,0,0,0,0,0,0,0,0,35389800,35426637,35634,35659,38,0,0,0,0,0,0,0,0
1778081778.0074475,g5.hpc.coe,40875,0.5001,0,100.0,2035.0,12288.0,73386028681,74391751790,75293372,76832525,1396167,0,0,0,0,0,0,0,0,0,0,0,0,40949701,40994055,41123,41169,1424,0,0,0,0,0,0,0,0
1778081778.507543,g5.hpc.coe,40875,0.5001,0,100.0,2035.0,12288.0,73421418655,74427178519,75329015,76868195,1396665,0,0,0,0,0,0,0,0,0,0,0,0,35389974,35426729,35643,35670,498,0,0,0,0,0,0,0,0
1778081779.0076342,g5.hpc.coe,40875,0.5001,0,100.0,2035.0,12288.0,73456118632,74461915274,75363908,76903125,1396799,0,0,0,0,0,0,0,0,0,0,0,0,34699977,34736755,34893,34930,134,0,0,0,0,0,0,0,0
1778081779.5077286,g5.hpc.coe,40875,0.5001,0,100.0,2035.0,12288.0,73497405507,74503082528,75405382,76944593,1398648,0,0,0,0,0,0,0,0,0,0,0,0,41286875,41167254,41474,41468,1849,0,0,0,0,0,0,0,0
1778081780.0078216,g5.hpc.coe,40875,0.5001,0,100.0,2035.0,12288.0,73532458496,74538336087,75440658,76979966,1398682,0,0,0,0,0,0,0,0,0,0,0,0,35052989,35253559,35276,35373,34,0,0,0,0,0,0,0,0
1778081780.5079172,g5.hpc.coe,40875,0.5001,0,100.0,2035.0,12288.0,73573408408,74579330157,75481775,77021135,1400920,0,0,0,0,0,0,0,0,0,0,0,0,40949912,40994070,41117,41169,2238,0,0,0,0,0,0,0,0
1778081781.0080116,g5.hpc.coe,40875,0.5001,0,100.0,2035.0,12288.0,73608798557,74614756914,75517409,77056809,1401775,0,0,0,0,0,0,0,0,0,0,0,0,35390149,35426757,35634,35674,855,0,0,0,0,0,0,0,0
1778081781.5081053,g5.hpc.coe,40875,0.5001,0,100.0,2035.0,12288.0,73643498808,74649778392,75552649,77092354,1401870,0,0,0,0,0,0,0,0,0,0,0,0,34700251,35021478,35240,35545,95,0,0,0,0,0,0,0,0
1778081782.0081985,g5.hpc.coe,40875,0.5001,0,100.0,2035.0,12288.0,73684449571,74690488220,75593442,77132914,1403036,0,0,0,0,0,0,0,0,0,0,0,0,40950763,40709828,40793,40560,1166,0,0,0,0,0,0,0,0
1778081782.5082943,g5.hpc.coe,40875,0.5001,0,100.0,2035.0,12288.0,73719839885,74725914977,75629079,77168588,1403076,0,0,0,0,0,0,0,0,0,0,0,0,35390314,35426757,35637,35674,40,0,0,0,0,0,0,0,0
1778081783.0083885,g5.hpc.coe,40875,0.5001,0,100.0,2035.0,12288.0,73760790071,74766909019,75670201,77209753,1404130,0,0,0,0,0,0,0,0,0,0,0,0,40950186,40994042,41122,41165,1054,0,0,0,0,0,0,0,0
1778081783.5084808,g5.hpc.coe,40875,0.5001,0,100.0,2035.0,12288.0,73796180537,74802335769,75705844,77245426,1404172,0,0,0,0,0,0,0,0,0,0,0,0,35390466,35426750,35643,35673,42,0,0,0,0,0,0,0,0
1778081784.0085762,g5.hpc.coe,40875,0.5001,0,100.0,2035.0,12288.0,73834930869,74841348233,75745186,77284935,1404214,0,0,0,0,0,0,0,0,0,0,0,0,38750332,39012464,39342,39509,42,0,0,0,0,0,0,0,0
1778081784.508675,g5.hpc.coe,40875,0.5001,0,100.0,2035.0,12288.0,73872520383,74878756637,75782615,77322277,1405837,0,0,0,0,0,0,0,0,0,0,0,0,37589514,37408404,37429,37342,1623,0,0,0,0,0,0,0,0
1778081785.0087683,g5.hpc.coe,40875,0.5001,0,100.0,2035.0,12288.0,73907219852,74913493412,75817502,77357212,1405863,0,0,0,0,0,0,0,0,0,0,0,0,34699469,34736775,34887,34935,26,0,0,0,0,0,0,0,0
1778081785.5088623,g5.hpc.coe,40875,0.5001,0,100.0,2035.0,12288.0,73948169160,74954487432,75858613,77398376,1406127,0,0,0,0,0,0,0,0,0,0,0,0,40949308,40994020,41111,41164,264,0,0,0,0,0,0,0,0
1778081786.0089574,g5.hpc.coe,40875,0.5001,0,100.0,2035.0,12288.0,73983558705,74989914160,75894241,77434048,1406172,0,0,0,0,0,0,0,0,0,0,0,0,35389545,35426728,35628,35672,45,0,0,0,0,0,0,0,0
1778081786.5090508,g5.hpc.coe,40875,0.5001,0,100.0,2035.0,12288.0,74022924784,75029479729,75934274,77474240,1407687,0,0,0,0,0,0,0,0,0,0,0,0,39366079,39565569,40033,40192,1515,0,0,0,0,0,0,0,0
1778081787.0091438,g5.hpc.coe,40875,0.5001,0,100.0,2035.0,12288.0,74059897897,75066334963,75970992,77510885,1408169,0,0,0,0,0,0,0,0,0,0,0,0,36973113,36855234,36718,36645,482,0,0,0,0,0,0,0,0
1778081787.5092382,g5.hpc.coe,40875,0.5001,0,100.0,2035.0,12288.0,74094597625,75101071647,76005882,77545807,1408476,0,0,0,0,0,0,0,0,0,0,0,0,34699728,34736684,34890,34922,307,0,0,0,0,0,0,0,0
1778081788.0093338,g5.hpc.coe,40875,0.5001,0,100.0,2035.0,12288.0,74135547284,75142065618,76047009,77586964,1409028,0,0,0,0,0,0,0,0,0,0,0,0,40949659,40993971,41127,41157,552,0,0,0,0,0,0,0,0
1778081788.5094302,g5.hpc.coe,40875,0.5001,0,100.0,2035.0,12288.0,74170937068,75177492381,76082637,77622641,1409073,0,0,0,0,0,0,0,0,0,0,0,0,35389784,35426763,35628,35677,45,0,0,0,0,0,0,0,0
1778081789.0095234,g5.hpc.coe,40875,0.5001,0,100.0,2035.0,12288.0,74211886802,75218486409,76123759,77663804,1409121,0,0,0,0,0,0,0,0,0,0,0,0,40949734,40994028,41122,41163,48,0,0,0,0,0,0,0,0
1778081789.5096178,g5.hpc.coe,40875,0.5001,0,100.0,2035.0,12288.0,74247276780,75253913201,76159399,77699483,1413591,0,0,0,0,0,0,0,0,0,0,0,0,35389978,35426792,35640,35679,4470,0,0,0,0,0,0,0,0
1778081790.0097146,g5.hpc.coe,40875,0.5001,0,100.0,2035.0,12288.0,74281976804,75288649921,76194295,77734408,1414079,0,0,0,0,0,0,0,0,0,0,0,0,34700024,34736720,34896,34925,488,0,0,0,0,0,0,0,0
1778081790.5098112,g5.hpc.coe,40875,0.5001,0,100.0,2035.0,12288.0,74322926682,75329643935,76235417,77775569,1415273,0,0,0,0,0,0,0,0,0,0,0,0,40949878,40994014,41122,41161,1194,0,0,0,0,0,0,0,0
1778081791.0099008,g5.hpc.coe,40875,0.5001,0,100.0,2035.0,12288.0,74358316839,75365070671,76271062,77811240,1415308,0,0,0,0,0,0,0,0,0,0,0,0,35390157,35426736,35645,35671,35,0,0,0,0,0,0,0,0
1778081791.5099916,g5.hpc.coe,40875,0.5001,0,100.0,2035.0,12288.0,74399266882,75406064706,76312194,77852404,1415358,0,0,0,0,0,0,0,0,0,0,0,0,40950043,40994035,41132,41164,50,0,0,0,0,0,0,0,0
1778081792.0100863,g5.hpc.coe,40875,0.5001,0,100.0,2035.0,12288.0,74434657190,75441491511,76347838,77888078,1416848,0,0,0,0,0,0,0,0,0,0,0,0,35390308,35426805,35644,35674,1490,0,0,0,0,0,0,0,0
1778081792.5101798,g5.hpc.coe,40875,0.5001,0,100.0,2035.0,12288.0,74469357418,75476228217,76382729,77923001,1417052,0,0,0,0,0,0,0,0,0,0,0,0,34700228,34736706,34891,34923,204,0,0,0,0,0,0,0,0
1778081793.0102751,g5.hpc.coe,40875,0.5001,0,100.0,2035.0,12288.0,74510307520,75517222217,76423849,77964160,1418097,0,0,0,0,0,0,0,0,0,0,0,0,40950102,40994000,41120,41159,1045,0,0,0,0,0,0,0,0
1778081793.5103683,g5.hpc.coe,40875,0.5001,0,100.0,2035.0,12288.0,74545697915,75552648974,76459494,77999834,1418148,0,0,0,0,0,0,0,0,0,0,0,0,35390395,35426757,35645,35674,51,0,0,0,0,0,0,0,0
1778081794.0104635,g5.hpc.coe,40875,0.5001,0,100.0,2035.0,12288.0,74586648163,75593643072,76500619,78041007,1418203,0,0,0,0,0,0,0,0,0,0,0,0,40950248,40994098,41125,41173,55,0,0,0,0,0,0,0,0
1778081794.510558,g5.hpc.coe,40875,0.5001,0,100.0,2035.0,12288.0,74622038668,75629069808,76536264,78076678,1422002,0,0,0,0,0,0,0,0,0,0,0,0,35390505,35426736,35645,35671,3799,0,0,0,0,0,0,0,0
1778081795.010654,g5.hpc.coe,40875,0.5001,0,100.0,2035.0,12288.0,74656739163,75663806556,76571157,78111607,1422037,0,0,0,0,0,0,0,0,0,0,0,0,34700495,34736748,34893,34929,35,0,0,0,0,0,0,0,0
1778081795.5107508,g5.hpc.coe,40875,0.5001,0,100.0,2035.0,12288.0,74697688457,75704800660,76612276,78152783,1423180,0,0,0,0,0,0,0,0,0,0,0,0,40949294,40994104,41119,41176,1143,0,0,0,0,0,0,0,0
1778081796.0108452,g5.hpc.coe,40875,0.5001,0,100.0,2035.0,12288.0,74733078023,75740227430,76647917,78188461,1423233,0,0,0,0,0,0,0,0,0,0,0,0,35389566,35426770,35641,35678,53,0,0,0,0,0,0,0,0
1778081796.510941,g5.hpc.coe,40875,0.5001,0,100.0,2035.0,12288.0,74774027406,75781221457,76689035,78229626,1423927,0,0,0,0,0,0,0,0,0,0,0,0,40949383,40994027,41118,41165,694,0,0,0,0,0,0,0,0
1778081797.0110357,g5.hpc.coe,40875,0.5001,0,100.0,2035.0,12288.0,74809417690,75816648674,76724691,78265312,1425140,0,0,0,0,0,0,0,0,0,0,0,0,35390284,35427217,35656,35686,1213,0,0,0,0,0,0,0,0
1778081797.511131,g5.hpc.coe,40875,0.5001,0,100.0,2035.0,12288.0,74844117354,75851385406,76759575,78300234,1425278,0,0,0,0,0,0,0,0,0,0,0,0,34699664,34736732,34884,34922,138,0,0,0,0,0,0,0,0
1778081798.011226,g5.hpc.coe,40875,0.5001,0,100.0,2035.0,12288.0,74885066859,75892379461,76800690,78341403,1427344,0,0,0,0,0,0,0,0,0,0,0,0,40949505,40994055,41115,41169,2066,0,0,0,0,0,0,0,0
1778081798.511319,g5.hpc.coe,40875,0.5001,0,100.0,2035.0,12288.0,74920456559,75927806168,76836316,78377072,1427379,0,0,0,0,0,0,0,0,0,0,0,0,35389700,35426707,35626,35669,35,0,0,0,0,0,0,0,0
1778081799.0114133,g5.hpc.coe,40875,0.5001,0,100.0,2035.0,12288.0,74961406138,75968800195,76877428,78418237,1427429,0,0,0,0,0,0,0,0,0,0,0,0,40949579,40994027,41112,41165,50,0,0,0,0,0,0,0,0
1778081799.5115092,g5.hpc.coe,40875,0.5001,0,100.0,2035.0,12288.0,74996796016,76004226909,76913066,78453907,1427847,0,0,0,0,0,0,0,0,0,0,0,0,35389878,35426714,35638,35670,418,0,0,0,0,0,0,0,0
1778081800.0116088,g5.hpc.coe,40875,0.5001,0,100.0,2035.0,12288.0,75031571083,76039049016,76948507,78489279,1428172,0,0,0,0,0,0,0,0,0,0,0,0,34775067,34822107,35441,35372,325,0,0,0,0,0,0,0,0
1778081800.5117035,g5.hpc.coe,40875,0.5001,0,100.0,2035.0,12288.0,75072445678,76079957776,76989070,78530012,1430259,0,0,0,0,0,0,0,0,0,0,0,0,40874595,40908760,40563,40733,2087,0,0,0,0,0,0,0,0
1778081801.0118,g5.hpc.coe,40875,0.5001,0,100.0,2035.0,12288.0,75107835687,76115384519,77024704,78565684,1430664,0,0,0,0,0,0,0,0,0,0,0,0,35390009,35426743,35634,35672,405,0,0,0,0,0,0,0,0
1778081801.5118961,g5.hpc.coe,40875,0.5001,0,100.0,2035.0,12288.0,75148785603,76156378610,77065828,78606856,1433066,0,0,0,0,0,0,0,0,0,0,0,0,40949916,40994091,41124,41172,2402,0,0,0,0,0,0,0,0
1778081802.0119927,g5.hpc.coe,40875,0.5001,0,100.0,2035.0,12288.0,75184175756,76191805346,77101469,78642527,1433101,0,0,0,0,0,0,0,0,0,0,0,0,35390153,35426736,35641,35671,35,0,0,0,0,0,0,0,0
1778081802.5120857,g5.hpc.coe,40875,0.5001,0,100.0,2035.0,12288.0,75218876045,76226542212,77136370,78677466,1433152,0,0,0,0,0,0,0,0,0,0,0,0,34700289,34736866,34901,34939,51,0,0,0,0,0,0,0,0
1778081803.0121813,g5.hpc.coe,40875,0.5001,0,100.0,2035.0,12288.0,75260516078,76268226326,77178234,78719385,1435135,0,0,0,0,0,0,0,0,0,0,0,0,41640033,41684114,41864,41919,1983,0,0,0,0,0,0,0,0
1778081803.5122762,g5.hpc.coe,40875,0.5001,0,100.0,2035.0,12288.0,75295216260,76302963081,77213115,78754315,1435283,0,0,0,0,0,0,0,0,0,0,0,0,34700182,34736755,34881,34930,148,0,0,0,0,0,0,0,0
1778081804.0123699,g5.hpc.coe,40875,0.5001,0,100.0,2035.0,12288.0,75336166380,76343957179,77254234,78795488,1436593,0,0,0,0,0,0,0,0,0,0,0,0,40950120,40994098,41119,41173,1310,0,0,0,0,0,0,0,0
1778081804.5124671,g5.hpc.coe,40875,0.5001,0,100.0,2035.0,12288.0,75371556667,76379383936,77289860,78831162,1436625,0,0,0,0,0,0,0,0,0,0,0,0,35390287,35426757,35626,35674,32,0,0,0,0,0,0,0,0
1778081805.0125616,g5.hpc.coe,40875,0.5001,0,100.0,2035.0,12288.0,75410476869,76418340577,77328929,78870328,1436788,0,0,0,0,0,0,0,0,0,0,0,0,38920202,38956641,39069,39166,163,0,0,0,0,0,0,0,0
1778081805.5126562,g5.hpc.coe,40875,0.5001,0,100.0,2035.0,12288.0,75447897427,76455804812,77366624,78908012,1438322,0,0,0,0,0,0,0,0,0,0,0,0,37420558,37464235,37695,37684,1534,0,0,0,0,0,0,0,0
1778081806.012748,g5.hpc.coe,40875,0.5001,0,100.0,2035.0,12288.0,75482596900,76490541566,77401518,78942944,1438361,0,0,0,0,0,0,0,0,0,0,0,0,34699473,34736754,34894,34932,39,0,0,0,0,0,0,0,0
1778081806.5128412,g5.hpc.coe,40875,0.5001,0,100.0,2035.0,12288.0,75523546240,76531535670,77442640,78984120,1438975,0,0,0,0,0,0,0,0,0,0,0,0,40949340,40994104,41122,41176,614,0,0,0,0,0,0,0,0
1778081807.0129383,g5.hpc.coe,40875,0.5001,0,100.0,2035.0,12288.0,75558935747,76566962370,77478269,79019788,1439528,0,0,0,0,0,0,0,0,0,0,0,0,35389507,35426700,35629,35668,553,0,0,0,0,0,0,0,0
1778081807.51303,g5.hpc.coe,40875,0.5001,0,100.0,2035.0,12288.0,75599885281,76607956403,77519396,79060947,1439576,0,0,0,0,0,0,0,0,0,0,0,0,40949534,40994033,41127,41159,48,0,0,0,0,0,0,0,0
1778081808.013125,g5.hpc.coe,40875,0.5001,0,100.0,2035.0,12288.0,75635274939,76643383152,77555033,79096622,1442120,0,0,0,0,0,0,0,0,0,0,0,0,35389658,35426749,35637,35675,2544,0,0,0,0,0,0,0,0
1778081808.513219,g5.hpc.coe,40875,0.5001,0,100.0,2035.0,12288.0,75669974593,76678119843,77589919,79131545,1442157,0,0,0,0,0,0,0,0,0,0,0,0,34699654,34736691,34886,34923,37,0,0,0,0,0,0,0,0
1778081809.0133154,g5.hpc.coe,40875,0.5001,0,100.0,2035.0,12288.0,75710924428,76719114097,77631046,79172711,1443175,0,0,0,0,0,0,0,0,0,0,0,0,40949835,40994254,41127,41166,1018,0,0,0,0,0,0,0,0
1778081809.513412,g5.hpc.coe,40875,0.5001,0,100.0,2035.0,12288.0,75746314139,76754540867,77666668,79208389,1443224,0,0,0,0,0,0,0,0,0,0,0,0,35389711,35426770,35622,35678,49,0,0,0,0,0,0,0,0
1778081810.0135124,g5.hpc.coe,40875,0.5001,0,100.0,2035.0,12288.0,75787263791,76795534901,77707787,79249555,1443264,0,0,0,0,0,0,0,0,0,0,0,0,40949652,40994034,41119,41166,40,0,0,0,0,0,0,0,0
1778081810.5136096,g5.hpc.coe,40875,0.5001,0,100.0,2035.0,12288.0,75822653673,76830961651,77743420,79285228,1445943,0,0,0,0,0,0,0,0,0,0,0,0,35389882,35426750,35633,35673,2679,0,0,0,0,0,0,0,0
1778081811.0137029,g5.hpc.coe,40875,0.5001,0,100.0,2035.0,12288.0,75857353650,76865698350,77778316,79320150,1446227,0,0,0,0,0,0,0,0,0,0,0,0,34699977,34736699,34896,34922,284,0,0,0,0,0,0,0,0
1778081811.5137963,g5.hpc.coe,40875,0.5001,0,100.0,2035.0,12288.0,75898303425,76906692406,77819430,79361317,1450847,0,0,0,0,0,0,0,0,0,0,0,0,40949775,40994056,41114,41167,4620,0,0,0,0,0,0,0,0
1778081812.0138896,g5.hpc.coe,40875,0.5001,0,100.0,2035.0,12288.0,75933694158,76942119624,77855090,79397001,1450893,0,0,0,0,0,0,0,0,0,0,0,0,35390733,35427218,35660,35684,46,0,0,0,0,0,0,0,0
1778081812.5139842,g5.hpc.coe,40875,0.5001,0,100.0,2035.0,12288.0,75974644169,76983113728,77896215,79438168,1451197,0,0,0,0,0,0,0,0,0,0,0,0,40950011,40994104,41125,41167,304,0,0,0,0,0,0,0,0
1778081813.0140767,g5.hpc.coe,40875,0.5001,0,100.0,2035.0,12288.0,76010034311,77018540478,77931851,79473841,1452672,0,0,0,0,0,0,0,0,0,0,0,0,35390142,35426750,35636,35673,1475,0,0,0,0,0,0,0,0
1778081813.5141723,g5.hpc.coe,40875,0.5001,0,100.0,2035.0,12288.0,76044734422,77053277177,77966732,79508763,1452725,0,0,0,0,0,0,0,0,0,0,0,0,34700111,34736699,34881,34922,53,0,0,0,0,0,0,0,0
1778081814.0142677,g5.hpc.coe,40875,0.5001,0,100.0,2035.0,12288.0,76085684471,77094271191,78007851,79549924,1452989,0,0,0,0,0,0,0,0,0,0,0,0,40950049,40994014,41119,41161,264,0,0,0,0,0,0,0,0
1778081814.514363,g5.hpc.coe,40875,0.5001,0,100.0,2035.0,12288.0,76121074729,77129697948,78043483,79585598,1453023,0,0,0,0,0,0,0,0,0,0,0,0,35390258,35426757,35632,35674,34,0,0,0,0,0,0,0,0
1778081815.014457,g5.hpc.coe,40875,0.5001,0,100.0,2035.0,12288.0,76162024894,77170692025,78084605,79626768,1453281,0,0,0,0,0,0,0,0,0,0,0,0,40950165,40994077,41122,41170,258,0,0,0,0,0,0,0,0
1778081815.5145519,g5.hpc.coe,40875,0.5001,0,100.0,2035.0,12288.0,76197415296,77206118789,78120242,79662443,1454118,0,0,0,0,0,0,0,0,0,0,0,0,35390402,35426764,35637,35675,837,0,0,0,0,0,0,0,0
1778081816.014648,g5.hpc.coe,40875,0.5001,0,100.0,2035.0,12288.0,76232115772,77240855502,78155139,79697367,1455136,0,0,0,0,0,0,0,0,0,0,0,0,34700476,34736713,34897,34924,1018,0,0,0,0,0,0,0,0
1778081816.5147445,g5.hpc.coe,40875,0.5001,0,100.0,2035.0,12288.0,76273066046,77281849523,78196254,79738529,1458077,0,0,0,0,0,0,0,0,0,0,0,0,40950274,40994021,41115,41162,2941,0,0,0,0,0,0,0,0
1778081817.0148363,g5.hpc.coe,40875,0.5001,0,100.0,2035.0,12288.0,76308455566,77317276174,78231895,79774190,1458273,0,0,0,0,0,0,0,0,0,0,0,0,35389520,35426651,35641,35661,196,0,0,0,0,0,0,0,0
1778081817.51493,g5.hpc.coe,40875,0.5001,0,100.0,2035.0,12288.0,76349404910,77358270229,78273014,79815359,1458351,0,0,0,0,0,0,0,0,0,0,0,0,40949344,40994055,41119,41169,78,0,0,0,0,0,0,0,0
1778081818.0150263,g5.hpc.coe,40875,0.5001,0,100.0,2035.0,12288.0,76384794469,77393696978,78308647,79851034,1459206,0,0,0,0,0,0,0,0,0,0,0,0,35389559,35426749,35633,35675,855,0,0,0,0,0,0,0,0
1778081818.5151207,g5.hpc.coe,40875,0.5001,0,100.0,2035.0,12288.0,76419494080,77428433711,78343537,79885981,1459245,0,0,0,0,0,0,0,0,0,0,0,0,34699611,34736733,34890,34947,39,0,0,0,0,0,0,0,0
1778081819.0152113,g5.hpc.coe,40875,0.5001,0,100.0,2035.0,12288.0,76460443573,77469427787,78384657,79927135,1459795,0,0,0,0,0,0,0,0,0,0,0,0,40949493,40994076,41120,41154,550,0,0,0,0,0,0,0,0
1778081819.515304,g5.hpc.coe,40875,0.5001,0,100.0,2035.0,12288.0,76495833303,77504854578,78420294,79962816,1460178,0,0,0,0,0,0,0,0,0,0,0,0,35389730,35426791,35637,35681,383,0,0,0,0,0,0,0,0
1778081820.0154004,g5.hpc.coe,40875,0.5001,0,100.0,2035.0,12288.0,76536782905,77545848619,78461416,80003983,1460721,0,0,0,0,0,0,0,0,0,0,0,0,40949602,40994041,41122,41167,543,0,0,0,0,0,0,0,0
1778081820.5154934,g5.hpc.coe,40875,0.5001,0,100.0,2035.0,12288.0,76572172702,77581275361,78497049,80039657,1461278,0,0,0,0,0,0,0,0,0,0,0,0,35389797,35426742,35633,35674,557,0,0,0,0,0,0,0,0
1778081821.0155861,g5.hpc.coe,40875,0.5001,0,100.0,2035.0,12288.0,76607985174,77617740870,78533560,80076681,1461313,0,0,0,0,0,0,0,0,0,0,0,0,35812472,36465509,36511,37024,35,0,0,0,0,0,0,0,0
1778081821.51568,g5.hpc.coe,40875,0.5001,0,100.0,2035.0,12288.0,76648364639,77657696041,78573800,80116479,1462157,0,0,0,0,0,0,0,0,0,0,0,0,40379465,39955171,40240,39798,844,0,0,0,0,0,0,0,0
1778081822.0157743,g5.hpc.coe,40875,0.5001,0,100.0,2035.0,12288.0,76683212274,77692432789,78608693,80151408,1462579,0,0,0,0,0,0,0,0,0,0,0,0,34847635,34736748,34893,34929,422,0,0,0,0,0,0,0,0
1778081822.515867,g5.hpc.coe,40875,0.5001,0,100.0,2035.0,12288.0,76724162129,77733426796,78649815,80192568,1463256,0,0,0,0,0,0,0,0,0,0,0,0,40949855,40994007,41122,41160,677,0,0,0,0,0,0,0,0
1778081823.0159643,g5.hpc.coe,40875,0.5001,0,100.0,2035.0,12288.0,76759552298,77768853678,78685456,80228253,1463300,0,0,0,0,0,0,0,0,0,0,0,0,35390169,35426882,35641,35685,44,0,0,0,0,0,0,0,0
1778081823.5160623,g5.hpc.coe,40875,0.5001,0,100.0,2035.0,12288.0,76800502227,77809847755,78726575,80269423,1463353,0,0,0,0,0,0,0,0,0,0,0,0,40949929,40994077,41119,41170,53,0,0,0,0,0,0,0,0
1778081824.0161593,g5.hpc.coe,40875,0.5001,0,100.0,2035.0,12288.0,76835892414,77845274526,78762214,80305099,1464399,0,0,0,0,0,0,0,0,0,0,0,0,35390187,35426771,35639,35676,1046,0,0,0,0,0,0,0,0
1778081824.5162537,g5.hpc.coe,40875,0.5001,0,100.0,2035.0,12288.0,76870592577,77880011260,78797099,80340026,1464441,0,0,0,0,0,0,0,0,0,0,0,0,34700163,34736734,34885,34927,42,0,0,0,0,0,0,0,0
1778081825.016351,g5.hpc.coe,40875,0.5001,0,100.0,2035.0,12288.0,76911542712,77921005351,78838227,80381198,1465186,0,0,0,0,0,0,0,0,0,0,0,0,40950135,40994091,41128,41172,745,0,0,0,0,0,0,0,0
1778081825.5164442,g5.hpc.coe,40875,0.5001,0,100.0,2035.0,12288.0,76946933035,77956432094,78873865,80416870,1465429,0,0,0,0,0,0,0,0,0,0,0,0,35390323,35426743,35638,35672,243,0,0,0,0,0,0,0,0
1778081826.016546,g5.hpc.coe,40875,0.5001,0,100.0,2035.0,12288.0,76987883216,77997426164,78914986,80458039,1465475,0,0,0,0,0,0,0,0,0,0,0,0,40950181,40994070,41121,41169,46,0,0,0,0,0,0,0,0
1778081826.5166407,g5.hpc.coe,40875,0.5001,0,100.0,2035.0,12288.0,77023273677,78032852893,78950628,80493709,1470867,0,0,0,0,0,0,0,0,0,0,0,0,35390461,35426729,35642,35670,5392,0,0,0,0,0,0,0,0
1778081827.016736,g5.hpc.coe,40875,0.5001,0,100.0,2035.0,12288.0,77057974681,78067590025,78985523,80528637,1471249,0,0,0,0,0,0,0,0,0,0,0,0,34701004,34737132,34895,34928,382,0,0,0,0,0,0,0,0
1778081827.51683,g5.hpc.coe,40875,0.5001,0,100.0,2035.0,12288.0,77098923980,78108584031,79026646,80569799,1474287,0,0,0,0,0,0,0,0,0,0,0,0,40949299,40994006,41123,41162,3038,0,0,0,0,0,0,0,0
1778081828.016924,g5.hpc.coe,40875,0.5001,0,100.0,2035.0,12288.0,77134313600,78144010877,79062289,80605481,1474330,0,0,0,0,0,0,0,0,0,0,0,0,35389620,35426846,35643,35682,43,0,0,0,0,0,0,0,0
1778081828.517017,g5.hpc.coe,40875,0.5001,0,100.0,2035.0,12288.0,77175262952,78185004953,79103406,80646653,1475383,0,0,0,0,0,0,0,0,0,0,0,0,40949352,40994076,41117,41172,1053,0,0,0,0,0,0,0,0
1778081829.017109,g5.hpc.coe,40875,0.5001,0,100.0,2035.0,12288.0,77210652611,78220431667,79139050,80682323,1476648,0,0,0,0,0,0,0,0,0,0,0,0,35389659,35426714,35644,35670,1265,0,0,0,0,0,0,0,0
1778081829.5172055,g5.hpc.coe,40875,0.5001,0,100.0,2035.0,12288.0,77245352210,78255168400,79173935,80717252,1476694,0,0,0,0,0,0,0,0,0,0,0,0,34699599,34736733,34885,34929,46,0,0,0,0,0,0,0,0
1778081830.0172997,g5.hpc.coe,40875,0.5001,0,100.0,2035.0,12288.0,77286301719,78296162392,79215054,80758412,1478144,0,0,0,0,0,0,0,0,0,0,0,0,40949509,40993992,41119,41160,1450,0,0,0,0,0,0,0,0
1778081830.5173929,g5.hpc.coe,40875,0.5001,0,100.0,2035.0,12288.0,77321691486,78331589134,79250693,80794086,1478343,0,0,0,0,0,0,0,0,0,0,0,0,35389767,35426742,35639,35674,199,0,0,0,0,0,0,0,0
1778081831.0174897,g5.hpc.coe,40875,0.5001,0,100.0,2035.0,12288.0,77362641070,78372583161,79291809,80835251,1478526,0,0,0,0,0,0,0,0,0,0,0,0,40949584,40994027,41116,41165,183,0,0,0,0,0,0,0,0
1778081831.5175836,g5.hpc.coe,40875,0.5001,0,100.0,2035.0,12288.0,77398030897,78408009826,79327443,80870914,1480715,0,0,0,0,0,0,0,0,0,0,0,0,35389827,35426665,35634,35663,2189,0,0,0,0,0,0,0,0
1778081832.0176795,g5.hpc.coe,40875,0.5001,0,100.0,2035.0,12288.0,77432730834,78442746532,79362340,80905837,1480745,0,0,0,0,0,0,0,0,0,0,0,0,34699937,34736706,34897,34923,30,0,0,0,0,0,0,0,0
1778081832.5177736,g5.hpc.coe,40875,0.5001,0,100.0,2035.0,12288.0,77473680646,78483740560,79403466,80947000,1482145,0,0,0,0,0,0,0,0,0,0,0,0,40949812,40994028,41126,41163,1400,0,0,0,0,0,0,0,0
1778081833.0178683,g5.hpc.coe,40875,0.5001,0,100.0,2035.0,12288.0,77509070695,78519167435,79439100,80982684,1482184,0,0,0,0,0,0,0,0,0,0,0,0,35390049,35426875,35634,35684,39,0,0,0,0,0,0,0,0
1778081833.5179605,g5.hpc.coe,40875,0.5001,0,100.0,2035.0,12288.0,77550020574,78560161526,79480222,81023856,1482695,0,0,0,0,0,0,0,0,0,0,0,0,40949879,40994091,41122,41172,511,0,0,0,0,0,0,0,0
1778081834.018059,g5.hpc.coe,40875,0.5001,0,100.0,2035.0,12288.0,77585410676,78595588339,79515859,81059538,1483888,0,0,0,0,0,0,0,0,0,0,0,0,35390102,35426813,35637,35682,1193,0,0,0,0,0,0,0,0
1778081834.5181525,g5.hpc.coe,40875,0.5001,0,100.0,2035.0,12288.0,77620728799,78630959467,79551823,81095452,1483921,0,0,0,0,0,0,0,0,0,0,0,0,35318123,35371128,35964,35914,33,0,0,0,0,0,0,0,0
1778081835.0182498,g5.hpc.coe,40875,0.5001,0,100.0,2035.0,12288.0,77661750834,78672009180,79592616,81136383,1484698,0,0,0,0,0,0,0,0,0,0,0,0,41022035,41049713,40793,40931,777,0,0,0,0,0,0,0,0
1778081835.5183465,g5.hpc.coe,40875,0.5001,0,100.0,2035.0,12288.0,77696451049,78706745921,79627505,81171311,1484761,0,0,0,0,0,0,0,0,0,0,0,0,34700215,34736741,34889,34928,63,0,0,0,0,0,0,0,0
1778081836.0184433,g5.hpc.coe,40875,0.5001,0,100.0,2035.0,12288.0,77737401132,78747739963,79668622,81212476,1485930,0,0,0,0,0,0,0,0,0,0,0,0,40950083,40994042,41117,41165,1169,0,0,0,0,0,0,0,0
1778081836.5185406,g5.hpc.coe,40875,0.5001,0,100.0,2035.0,12288.0,77772791515,78783166727,79704265,81248151,1488247,0,0,0,0,0,0,0,0,0,0,0,0,35390383,35426764,35643,35675,2317,0,0,0,0,0,0,0,0
1778081837.0186398,g5.hpc.coe,40875,0.5001,0,100.0,2035.0,12288.0,77808803262,78819667205,79741179,81285260,1488285,0,0,0,0,0,0,0,0,0,0,0,0,36011747,36500478,36914,37109,38,0,0,0,0,0,0,0,0
1778081837.5187387,g5.hpc.coe,40875,0.5001,0,100.0,2035.0,12288.0,77848615342,78859070704,79780555,81324784,1490974,0,0,0,0,0,0,0,0,0,0,0,0,39812080,39403499,39376,39524,2689,0,0,0,0,0,0,0,0
1778081838.0188386,g5.hpc.coe,40875,0.5001,0,100.0,2035.0,12288.0,77883832817,78894324315,79815928,81359918,1491011,0,0,0,0,0,0,0,0,0,0,0,0,35217475,35253611,35373,35134,37,0,0,0,0,0,0,0,0
1778081838.5189373,g5.hpc.coe,40875,0.5001,0,100.0,2035.0,12288.0,77924782192,78935318321,79857056,81401080,1491426,0,0,0,0,0,0,0,0,0,0,0,0,40949375,40994006,41128,41162,415,0,0,0,0,0,0,0,0
1778081839.0190332,g5.hpc.coe,40875,0.5001,0,100.0,2035.0,12288.0,77960171739,78970745084,79892694,81436757,1491736,0,0,0,0,0,0,0,0,0,0,0,0,35389547,35426763,35638,35677,310,0,0,0,0,0,0,0,0
1778081839.5191283,g5.hpc.coe,40875,0.5001,0,100.0,2035.0,12288.0,77998936511,79009996724,79931871,81476359,1491947,0,0,0,0,0,0,0,0,0,0,0,0,38764772,39251640,39177,39602,211,0,0,0,0,0,0,0,0
1778081840.0192275,g5.hpc.coe,40875,0.5001,0,100.0,2035.0,12288.0,78036510690,79047165867,79969439,81513598,1492886,0,0,0,0,0,0,0,0,0,0,0,0,37574179,37169143,37568,37239,939,0,0,0,0,0,0,0,0
1778081840.5193217,g5.hpc.coe,40875,0.5001,0,100.0,2035.0,12288.0,78071210379,79081902621,80004333,81548530,1492919,0,0,0,0,0,0,0,0,0,0,0,0,34699689,34736754,34894,34932,33,0,0,0,0,0,0,0,0
1778081841.01942,g5.hpc.coe,40875,0.5001,0,100.0,2035.0,12288.0,78112159886,79122896606,80045448,81589689,1494527,0,0,0,0,0,0,0,0,0,0,0,0,40949507,40993985,41115,41159,1608,0,0,0,0,0,0,0,0
1778081841.519516,g5.hpc.coe,40875,0.5001,0,100.0,2035.0,12288.0,78147549588,79158323313,80081074,81625358,1495638,0,0,0,0,0,0,0,0,0,0,0,0,35389702,35426707,35626,35669,1111,0,0,0,0,0,0,0,0
1778081842.0196128,g5.hpc.coe,40875,0.5001,0,100.0,2035.0,12288.0,78188499827,79199317759,80122206,81666527,1496372,0,0,0,0,0,0,0,0,0,0,0,0,40950239,40994446,41132,41169,734,0,0,0,0,0,0,0,0
1778081842.5197093,g5.hpc.coe,40875,0.5001,0,100.0,2035.0,12288.0,78223889716,79234744565,80157843,81702208,1497381,0,0,0,0,0,0,0,0,0,0,0,0,35389889,35426806,35637,35681,1009,0,0,0,0,0,0,0,0
1778081843.0198052,g5.hpc.coe,40875,0.5001,0,100.0,2035.0,12288.0,78258589679,79269481271,80192740,81737131,1497425,0,0,0,0,0,0,0,0,0,0,0,0,34699963,34736706,34897,34923,44,0,0,0,0,0,0,0,0
1778081843.5199015,g5.hpc.coe,40875,0.5001,0,100.0,2035.0,12288.0,78299539538,79310475326,80233860,81778291,1499040,0,0,0,0,0,0,0,0,0,0,0,0,40949859,40994055,41120,41160,1615,0,0,0,0,0,0,0,0
1778081844.019999,g5.hpc.coe,40875,0.5001,0,100.0,2035.0,12288.0,78334929578,79345902104,80269498,81813968,1499090,0,0,0,0,0,0,0,0,0,0,0,0,35390040,35426778,35638,35677,50,0,0,0,0,0,0,0,0
1778081844.5200953,g5.hpc.coe,40875,0.5001,0,100.0,2035.0,12288.0,78375879490,79386896160,80310621,81855135,1499269,0,0,0,0,0,0,0,0,0,0,0,0,40949912,40994056,41123,41167,179,0,0,0,0,0,0,0,0
1778081845.0201907,g5.hpc.coe,40875,0.5001,0,100.0,2035.0,12288.0,78411269632,79422322931,80346260,81890811,1499775,0,0,0,0,0,0,0,0,0,0,0,0,35390142,35426771,35639,35676,506,0,0,0,0,0,0,0,0
1778081845.520288,g5.hpc.coe,40875,0.5001,0,100.0,2035.0,12288.0,78445969819,79457059686,80381155,81925741,1499830,0,0,0,0,0,0,0,0,0,0,0,0,34700187,34736755,34895,34930,55,0,0,0,0,0,0,0,0
1778081846.0203838,g5.hpc.coe,40875,0.5001,0,100.0,2035.0,12288.0,78487609925,79498743751,80423029,81967653,1501065,0,0,0,0,0,0,0,0,0,0,0,0,41640106,41684065,41874,41912,1235,0,0,0,0,0,0,0,0
1778081846.5204787,g5.hpc.coe,40875,0.5001,0,100.0,2035.0,12288.0,78522310180,79533480471,80457920,82002578,1501687,0,0,0,0,0,0,0,0,0,0,0,0,34700255,34736720,34891,34925,622,0,0,0,0,0,0,0,0
1778081847.0205758,g5.hpc.coe,40875,0.5001,0,100.0,2035.0,12288.0,78563260386,79574474555,80499051,82043749,1502243,0,0,0,0,0,0,0,0,0,0,0,0,40950206,40994084,41131,41171,556,0,0,0,0,0,0,0,0
1778081847.5206728,g5.hpc.coe,40875,0.5001,0,100.0,2035.0,12288.0,78598650759,79609901347,80534689,82079428,1503420,0,0,0,0,0,0,0,0,0,0,0,0,35390373,35426792,35638,35679,1177,0,0,0,0,0,0,0,0
1778081848.0207703,g5.hpc.coe,40875,0.5001,0,100.0,2035.0,12288.0,78633351235,79644638116,80569589,82114360,1503454,0,0,0,0,0,0,0,0,0,0,0,0,34700476,34736769,34900,34932,34,0,0,0,0,0,0,0,0
1778081848.5208683,g5.hpc.coe,40875,0.5001,0,100.0,2035.0,12288.0,78674301628,79685632241,80610715,82155530,1503607,0,0,0,0,0,0,0,0,0,0,0,0,40950393,40994125,41126,41170,153,0,0,0,0,0,0,0,0
1778081849.0209653,g5.hpc.coe,40875,0.5001,0,100.0,2035.0,12288.0,78709691077,79721058976,80646349,82191203,1503650,0,0,0,0,0,0,0,0,0,0,0,0,35389449,35426735,35634,35673,43,0,0,0,0,0,0,0,0
1778081849.5210624,g5.hpc.coe,40875,0.5001,0,100.0,2035.0,12288.0,78750640385,79762052961,80687466,82232362,1503696,0,0,0,0,0,0,0,0,0,0,0,0,40949308,40993985,41117,41159,46,0,0,0,0,0,0,0,0
1778081850.0211596,g5.hpc.coe,40875,0.5001,0,100.0,2035.0,12288.0,78786029887,79797479752,80723094,82268043,1504271,0,0,0,0,0,0,0,0,0,0,0,0,35389502,35426791,35628,35681,575,0,0,0,0,0,0,0,0
1778081850.5212557,g5.hpc.coe,40875,0.5001,0,100.0,2035.0,12288.0,78820729491,79832216450,80757986,82302967,1505147,0,0,0,0,0,0,0,0,0,0,0,0,34699604,34736698,34892,34924,876,0,0,0,0,0,0,0,0
1778081851.021355,g5.hpc.coe,40875,0.5001,0,100.0,2035.0,12288.0,78862220273,79873900563,80799850,82344888,1505804,0,0,0,0,0,0,0,0,0,0,0,0,41490782,41684113,41864,41921,657,0,0,0,0,0,0,0,0
1778081851.5214517,g5.hpc.coe,40875,0.5001,0,100.0,2035.0,12288.0,78897068629,79908637282,80834737,82379815,1506175,0,0,0,0,0,0,0,0,0,0,0,0,34848356,34736719,34887,34927,371,0,0,0,0,0,0,0,0
1778081852.021552,g5.hpc.coe,40875,0.5001,0,100.0,2035.0,12288.0,78938018210,79949631344,80875859,82420985,1507472,0,0,0,0,0,0,0,0,0,0,0,0,40949581,40994062,41122,41170,1297,0,0,0,0,0,0,0,0
1778081852.5216491,g5.hpc.coe,40875,0.5001,0,100.0,2035.0,12288.0,78973408028,79985058114,80911498,82456663,1507771,0,0,0,0,0,0,0,0,0,0,0,0,35389818,35426770,35639,35678,299,0,0,0,0,0,0,0,0
1778081853.021745,g5.hpc.coe,40875,0.5001,0,100.0,2035.0,12288.0,79008200600,80020189331,80946911,82492291,1507812,0,0,0,0,0,0,0,0,0,0,0,0,34792572,35131217,35413,35628,41,0,0,0,0,0,0,0,0
1778081853.5218434,g5.hpc.coe,40875,0.5001,0,100.0,2035.0,12288.0,79049057645,80060788930,80987508,82532756,1509147,0,0,0,0,0,0,0,0,0,0,0,0,40857045,40599599,40597,40465,1335,0,0,0,0,0,0,0,0
1778081854.0219393,g5.hpc.coe,40875,0.5001,0,100.0,2035.0,12288.0,79084447628,80096215687,81023148,82568430,1509467,0,0,0,0,0,0,0,0,0,0,0,0,35389983,35426757,35640,35674,320,0,0,0,0,0,0,0,0
1778081854.5220368,g5.hpc.coe,40875,0.5001,0,100.0,2035.0,12288.0,79125397442,80137209715,81064267,82609593,1510635,0,0,0,0,0,0,0,0,0,0,0,0,40949814,40994028,41119,41163,1168,0,0,0,0,0,0,0,0
1778081855.0221324,g5.hpc.coe,40875,0.5001,0,100.0,2035.0,12288.0,79160787493,80172636507,81099903,82645272,1510697,0,0,0,0,0,0,0,0,0,0,0,0,35390051,35426792,35636,35679,62,0,0,0,0,0,0,0,0
1778081855.5222287,g5.hpc.coe,40875,0.5001,0,100.0,2035.0,12288.0,79198315494,80210359804,81138054,82683499,1510741,0,0,0,0,0,0,0,0,0,0,0,0,37528001,37723297,38151,38227,44,0,0,0,0,0,0,0,0
1778081856.0223203,g5.hpc.coe,40875,0.5001,0,100.0,2035.0,12288.0,79237127576,80249057306,81176662,82722111,1511911,0,0,0,0,0,0,0,0,0,0,0,0,38812082,38697502,38608,38612,1170,0,0,0,0,0,0,0,0
1778081856.5224185,g5.hpc.coe,40875,0.5001,0,100.0,2035.0,12288.0,79271827733,80283793949,81211549,82757025,1513007,0,0,0,0,0,0,0,0,0,0,0,0,34700157,34736643,34887,34914,1096,0,0,0,0,0,0,0,0
1778081857.022515,g5.hpc.coe,40875,0.5001,0,100.0,2035.0,12288.0,79312778437,80324788466,81252687,82798202,1513366,0,0,0,0,0,0,0,0,0,0,0,0,40950704,40994517,41138,41177,359,0,0,0,0,0,0,0,0
1778081857.5226114,g5.hpc.coe,40875,0.5001,0,100.0,2035.0,12288.0,79348168775,80360215251,81288330,82833880,1513552,0,0,0,0,0,0,0,0,0,0,0,0,35390338,35426785,35643,35678,186,0,0,0,0,0,0,0,0
1778081858.0227084,g5.hpc.coe,40875,0.5001,0,100.0,2035.0,12288.0,79388728172,80401201517,81329438,82875034,1513594,0,0,0,0,0,0,0,0,0,0,0,0,40559397,40986266,41108,41154,42,0,0,0,0,0,0,0,0
1778081858.522804,g5.hpc.coe,40875,0.5001,0,100.0,2035.0,12288.0,79424509462,80436636126,81365096,82910723,1514067,0,0,0,0,0,0,0,0,0,0,0,0,35781290,35434609,35658,35689,473,0,0,0,0,0,0,0,0
1778081859.0228994,g5.hpc.coe,40875,0.5001,0,100.0,2035.0,12288.0,79459209949,80471372874,81399994,82945652,1514221,0,0,0,0,0,0,0,0,0,0,0,0,34700487,34736748,34898,34929,154,0,0,0,0,0,0,0,0
1778081859.5230002,g5.hpc.coe,40875,0.5001,0,100.0,2035.0,12288.0,79500160255,80512366923,81441113,82986818,1514273,0,0,0,0,0,0,0,0,0,0,0,0,40950306,40994049,41119,41166,52,0,0,0,0,0,0,0,0
1778081860.0230916,g5.hpc.coe,40875,0.5001,0,100.0,2035.0,12288.0,79535549715,80547793588,81476745,83022481,1514310,0,0,0,0,0,0,0,0,0,0,0,0,35389460,35426665,35632,35663,37,0,0,0,0,0,0,0,0
1778081860.523189,g5.hpc.coe,40875,0.5001,0,100.0,2035.0,12288.0,79576499090,80588787622,81517868,83063647,1515208,0,0,0,0,0,0,0,0,0,0,0,0,40949375,40994034,41123,41166,898,0,0,0,0,0,0,0,0
1778081861.023286,g5.hpc.coe,40875,0.5001,0,100.0,2035.0,12288.0,79611888645,80624214378,81553500,83099323,1516382,0,0,0,0,0,0,0,0,0,0,0,0,35389555,35426756,35632,35676,1174,0,0,0,0,0,0,0,0
1778081861.523382,g5.hpc.coe,40875,0.5001,0,100.0,2035.0,12288.0,79646588239,80658951153,81588387,83134258,1516421,0,0,0,0,0,0,0,0,0,0,0,0,34699594,34736775,34887,34935,39,0,0,0,0,0,0,0,0
1778081862.0234804,g5.hpc.coe,40875,0.5001,0,100.0,2035.0,12288.0,79688227744,80700635210,81630252,83176171,1521426,0,0,0,0,0,0,0,0,0,0,0,0,41639505,41684057,41865,41913,5005,0,0,0,0,0,0,0,0
1778081862.5235758,g5.hpc.coe,40875,0.5001,0,100.0,2035.0,12288.0,79722927538,80735371845,81665154,83211086,1521471,0,0,0,0,0,0,0,0,0,0,0,0,34699794,34736635,34902,34915,45,0,0,0,0,0,0,0,0
1778081863.0236719,g5.hpc.coe,40875,0.5001,0,100.0,2035.0,12288.0,79763877088,80776365935,81706268,83252260,1521833,0,0,0,0,0,0,0,0,0,0,0,0,40949550,40994090,41114,41174,362,0,0,0,0,0,0,0,0
1778081863.5237644,g5.hpc.coe,40875,0.5001,0,100.0,2035.0,12288.0,79799266853,80811792684,81741896,83287935,1522724,0,0,0,0,0,0,0,0,0,0,0,0,35389765,35426749,35628,35675,891,0,0,0,0,0,0,0,0
1778081864.023861,g5.hpc.coe,40875,0.5001,0,100.0,2035.0,12288.0,79833966875,80846529536,81776799,83322872,1522779,0,0,0,0,0,0,0,0,0,0,0,0,34700022,34736852,34903,34937,55,0,0,0,0,0,0,0,0
1778081864.5239582,g5.hpc.coe,40875,0.5001,0,100.0,2035.0,12288.0,79874916652,80887523557,81817923,83364034,1523622,0,0,0,0,0,0,0,0,0,0,0,0,40949777,40994021,41124,41162,843,0,0,0,0,0,0,0,0
1778081865.0240538,g5.hpc.coe,40875,0.5001,0,100.0,2035.0,12288.0,79910306638,80922950293,81853560,83399705,1523676,0,0,0,0,0,0,0,0,0,0,0,0,35389986,35426736,35637,35671,54,0,0,0,0,0,0,0,0
1778081865.524153,g5.hpc.coe,40875,0.5001,0,100.0,2035.0,12288.0,79951256462,80963944328,81894677,83440869,1524193,0,0,0,0,0,0,0,0,0,0,0,0,40949824,40994035,41117,41164,517,0,0,0,0,0,0,0,0
1778081866.0242543,g5.hpc.coe,40875,0.5001,0,100.0,2035.0,12288.0,79986646459,80999371106,81930302,83476546,1525961,0,0,0,0,0,0,0,0,0,0,0,0,35389997,35426778,35625,35677,1768,0,0,0,0,0,0,0,0
1778081866.5243528,g5.hpc.coe,40875,0.5001,0,100.0,2035.0,12288.0,80021346586,81034107805,81965195,83511468,1527490,0,0,0,0,0,0,0,0,0,0,0,0,34700127,34736699,34893,34922,1529,0,0,0,0,0,0,0,0
1778081867.0244467,g5.hpc.coe,40875,0.5001,0,100.0,2035.0,12288.0,80062296546,81075101805,82006311,83552627,1528362,0,0,0,0,0,0,0,0,0,0,0,0,40949960,40994000,41116,41159,872,0,0,0,0,0,0,0,0
1778081867.5245435,g5.hpc.coe,40875,0.5001,0,100.0,2035.0,12288.0,80097686736,81110528548,82041943,83588299,1528503,0,0,0,0,0,0,0,0,0,0,0,0,35390190,35426743,35632,35672,141,0,0,0,0,0,0,0,0
1778081868.024648,g5.hpc.coe,40875,0.5001,0,100.0,2035.0,12288.0,80138636764,81151522597,82083055,83629465,1528557,0,0,0,0,0,0,0,0,0,0,0,0,40950028,40994049,41112,41166,54,0,0,0,0,0,0,0,0
1778081868.5247447,g5.hpc.coe,40875,0.5001,0,100.0,2035.0,12288.0,80174027021,81186949347,82118683,83665138,1528657,0,0,0,0,0,0,0,0,0,0,0,0,35390257,35426750,35628,35673,100,0,0,0,0,0,0,0,0
1778081869.024843,g5.hpc.coe,40875,0.5001,0,100.0,2035.0,12288.0,80208727722,81221686433,82153581,83700077,1528686,0,0,0,0,0,0,0,0,0,0,0,0,34700701,34737086,34898,34939,29,0,0,0,0,0,0,0,0
1778081869.5249429,g5.hpc.coe,40875,0.5001,0,100.0,2035.0,12288.0,80249677950,81262680475,82194697,83741242,1529219,0,0,0,0,0,0,0,0,0,0,0,0,40950228,40994042,41116,41165,533,0,0,0,0,0,0,0,0
1778081870.025043,g5.hpc.coe,40875,0.5001,0,100.0,2035.0,12288.0,80285068414,81298107225,82230332,83776915,1529252,0,0,0,0,0,0,0,0,0,0,0,0,35390464,35426750,35635,35673,33,0,0,0,0,0,0,0,0
1778081870.5251427,g5.hpc.coe,40875,0.5001,0,100.0,2035.0,12288.0,80326017682,81339101189,82271450,83818071,1530384,0,0,0,0,0,0,0,0,0,0,0,0,40949268,40993964,41118,41156,1132,0,0,0,0,0,0,0,0
1778081871.0252383,g5.hpc.coe,40875,0.5001,0,100.0,2035.0,12288.0,80361407208,81374527875,82307088,83853737,1530997,0,0,0,0,0,0,0,0,0,0,0,0,35389526,35426686,35638,35666,613,0,0,0,0,0,0,0,0
1778081871.5253332,g5.hpc.coe,40875,0.5001,0,100.0,2035.0,12288.0,80398159936,81411945682,82344496,83891658,1531384,0,0,0,0,0,0,0,0,0,0,0,0,36752728,37417807,37408,37921,387,0,0,0,0,0,0,0,0
1778081872.0254312,g5.hpc.coe,40875,0.5001,0,100.0,2035.0,12288.0,80437746683,81450949014,82383840,83930573,1533907,0,0,0,0,0,0,0,0,0,0,0,0,39586747,39003332,39344,38915,2523,0,0,0,0,0,0,0,0
1778081872.5255268,g5.hpc.coe,40875,0.5001,0,100.0,2035.0,12288.0,80472446315,81485685719,82418729,83965498,1533963,0,0,0,0,0,0,0,0,0,0,0,0,34699632,34736705,34889,34925,56,0,0,0,0,0,0,0,0
1778081873.0256236,g5.hpc.coe,40875,0.5001,0,100.0,2035.0,12288.0,80513395836,81526679711,82459849,84006658,1535341,0,0,0,0,0,0,0,0,0,0,0,0,40949521,40993992,41120,41160,1378,0,0,0,0,0,0,0,0
1778081873.525718,g5.hpc.coe,40875,0.5001,0,100.0,2035.0,12288.0,80548785524,81562106425,82495476,84042328,1535438,0,0,0,0,0,0,0,0,0,0,0,0,35389688,35426714,35627,35670,97,0,0,0,0,0,0,0,0
1778081874.0258155,g5.hpc.coe,40875,0.5001,0,100.0,2035.0,12288.0,80589493250,81603067783,82536586,84083476,1535485,0,0,0,0,0,0,0,0,0,0,0,0,40707726,40961358,41110,41148,47,0,0,0,0,0,0,0,0
1778081874.5259116,g5.hpc.coe,40875,0.5001,0,100.0,2035.0,12288.0,80625124965,81638527242,82572220,84119167,1538000,0,0,0,0,0,0,0,0,0,0,0,0,35631715,35459459,35634,35691,2515,0,0,0,0,0,0,0,0
1778081875.0260153,g5.hpc.coe,40875,0.5001,0,100.0,2035.0,12288.0,80659824928,81673264039,82607120,84154103,1538039,0,0,0,0,0,0,0,0,0,0,0,0,34699963,34736797,34900,34936,39,0,0,0,0,0,0,0,0
1778081875.5261128,g5.hpc.coe,40875,0.5001,0,100.0,2035.0,12288.0,80700774681,81714258151,82648237,84195278,1539633,0,0,0,0,0,0,0,0,0,0,0,0,40949753,40994112,41117,41175,1594,0,0,0,0,0,0,0,0
1778081876.026212,g5.hpc.coe,40875,0.5001,0,100.0,2035.0,12288.0,80736164720,81749684943,82683878,84230957,1539739,0,0,0,0,0,0,0,0,0,0,0,0,35390039,35426792,35641,35679,106,0,0,0,0,0,0,0,0
1778081876.5263078,g5.hpc.coe,40875,0.5001,0,100.0,2035.0,12288.0,80777114411,81790678964,82724994,84272119,1543568,0,0,0,0,0,0,0,0,0,0,0,0,40949691,40994021,41116,41162,3829,0,0,0,0,0,0,0,0
1778081877.0264037,g5.hpc.coe,40875,0.5001,0,100.0,2035.0,12288.0,80812504704,81826105721,82760636,84307793,1545616,0,0,0,0,0,0,0,0,0,0,0,0,35390293,35426757,35642,35674,2048,0,0,0,0,0,0,0,0
1778081877.5265012,g5.hpc.coe,40875,0.5001,0,100.0,2035.0,12288.0,80847204885,81860842434,82795533,84342717,1546386,0,0,0,0,0,0,0,0,0,0,0,0,34700181,34736713,34897,34924,770,0,0,0,0,0,0,0,0
1778081878.0265942,g5.hpc.coe,40875,0.5001,0,100.0,2035.0,12288.0,80888154898,81901836483,82836653,84383883,1547213,0,0,0,0,0,0,0,0,0,0,0,0,40950013,40994049,41120,41166,827,0,0,0,0,0,0,0,0
1778081878.5266902,g5.hpc.coe,40875,0.5001,0,100.0,2035.0,12288.0,80923545183,81937263247,82872295,84419558,1547252,0,0,0,0,0,0,0,0,0,0,0,0,35390285,35426764,35642,35675,39,0,0,0,0,0,0,0,0
1778081879.026791,g5.hpc.coe,40875,0.5001,0,100.0,2035.0,12288.0,80964495425,81978257379,82913425,84460729,1547298,0,0,0,0,0,0,0,0,0,0,0,0,40950242,40994132,41130,41171,46,0,0,0,0,0,0,0,0
1778081879.5268896,g5.hpc.coe,40875,0.5001,0,100.0,2035.0,12288.0,80999885798,82013684136,82949066,84496403,1548020,0,0,0,0,0,0,0,0,0,0,0,0,35390373,35426757,35641,35674,722,0,0,0,0,0,0,0,0
1778081880.026995,g5.hpc.coe,40875,0.5001,0,100.0,2035.0,12288.0,81034586225,82048420835,82983962,84531325,1548072,0,0,0,0,0,0,0,0,0,0,0,0,34700427,34736699,34896,34922,52,0,0,0,0,0,0,0,0
1778081880.5270913,g5.hpc.coe,40875,0.5001,0,100.0,2035.0,12288.0,81075536512,82089414877,83025085,84572490,1548935,0,0,0,0,0,0,0,0,0,0,0,0,40950287,40994042,41123,41165,863,0,0,0,0,0,0,0,0
1778081881.0272136,g5.hpc.coe,40875,0.5001,0,100.0,2035.0,12288.0,81110927092,82124841634,83060733,84608164,1549053,0,0,0,0,0,0,0,0,0,0,0,0,35390580,35426757,35648,35674,118,0,0,0,0,0,0,0,0
1778081881.5273132,g5.hpc.coe,40875,0.5001,0,100.0,2035.0,12288.0,81151876378,82165835682,83101850,84649332,1549517,0,0,0,0,0,0,0,0,0,0,0,0,40949286,40994048,41117,41168,464,0,0,0,0,0,0,0,0
1778081882.0274117,g5.hpc.coe,40875,0.5001,0,100.0,2035.0,12288.0,81187265901,82201262403,83137484,84685003,1550554,0,0,0,0,0,0,0,0,0,0,0,0,35389523,35426721,35634,35671,1037,0,0,0,0,0,0,0,0
1778081882.527509,g5.hpc.coe,40875,0.5001,0,100.0,2035.0,12288.0,81221965505,82235999150,83172379,84719934,1550594,0,0,0,0,0,0,0,0,0,0,0,0,34699604,34736747,34895,34931,40,0,0,0,0,0,0,0,0
1778081883.027605,g5.hpc.coe,40875,0.5001,0,100.0,2035.0,12288.0,81262914969,82276993170,83213501,84761098,1551720,0,0,0,0,0,0,0,0,0,0,0,0,40949464,40994020,41122,41164,1126,0,0,0,0,0,0,0,0
1778081883.5276985,g5.hpc.coe,40875,0.5001,0,100.0,2035.0,12288.0,81298304635,82312419919,83249135,84796773,1551752,0,0,0,0,0,0,0,0,0,0,0,0,35389666,35426749,35634,35675,32,0,0,0,0,0,0,0,0
1778081884.0277944,g5.hpc.coe,40875,0.5001,0,100.0,2035.0,12288.0,81339254279,82353413960,83290269,84837940,1551966,0,0,0,0,0,0,0,0,0,0,0,0,40949644,40994041,41134,41167,214,0,0,0,0,0,0,0,0
1778081884.5278897,g5.hpc.coe,40875,0.5001,0,100.0,2035.0,12288.0,81374644075,82388840757,83325899,84873615,1553582,0,0,0,0,0,0,0,0,0,0,0,0,35389796,35426797,35630,35675,1616,0,0,0,0,0,0,0,0
1778081885.0279872,g5.hpc.coe,40875,0.5001,0,100.0,2035.0,12288.0,81409343889,82423577497,83360790,84908545,1554509,0,0,0,0,0,0,0,0,0,0,0,0,34699814,34736740,34891,34930,927,0,0,0,0,0,0,0,0
1778081885.528084,g5.hpc.coe,40875,0.5001,0,100.0,2035.0,12288.0,81450983546,82465261611,83402647,84950464,1555036,0,0,0,0,0,0,0,0,0,0,0,0,41639657,41684114,41857,41919,527,0,0,0,0,0,0,0,0
1778081886.0281825,g5.hpc.coe,40875,0.5001,0,100.0,2035.0,12288.0,81485683478,82499998352,83437539,84985392,1555093,0,0,0,0,0,0,0,0,0,0,0,0,34699932,34736741,34892,34928,57,0,0,0,0,0,0,0,0
1778081886.528282,g5.hpc.coe,40875,0.5001,0,100.0,2035.0,12288.0,81526633284,82540992387,83478660,85026556,1556855,0,0,0,0,0,0,0,0,0,0,0,0,40949806,40994035,41121,41164,1762,0,0,0,0,0,0,0,0
1778081887.0283856,g5.hpc.coe,40875,0.5001,0,100.0,2035.0,12288.0,81562023964,82576419598,83514315,85062239,1557493,0,0,0,0,0,0,0,0,0,0,0,0,35390680,35427211,35655,35683,638,0,0,0,0,0,0,0,0
1778081887.5284827,g5.hpc.coe,40875,0.5001,0,100.0,2035.0,12288.0,81598356854,82613070069,83551349,85099404,1557851,0,0,0,0,0,0,0,0,0,0,0,0,36332890,36650471,37034,37165,358,0,0,0,0,0,0,0,0
1778081888.0285807,g5.hpc.coe,40875,0.5001,0,100.0,2035.0,12288.0,81638364046,82652840348,83591080,85139071,1560790,0,0,0,0,0,0,0,0,0,0,0,0,40007192,39770279,39731,39667,2939,0,0,0,0,0,0,0,0
1778081888.5286777,g5.hpc.coe,40875,0.5001,0,100.0,2035.0,12288.0,81673064153,82687577096,83625963,85174000,1560816,0,0,0,0,0,0,0,0,0,0,0,0,34700107,34736748,34883,34929,26,0,0,0,0,0,0,0,0
1778081889.0287726,g5.hpc.coe,40875,0.5001,0,100.0,2035.0,12288.0,81714014205,82728571208,83667085,85215175,1561964,0,0,0,0,0,0,0,0,0,0,0,0,40950052,40994112,41122,41175,1148,0,0,0,0,0,0,0,0
1778081889.5288725,g5.hpc.coe,40875,0.5001,0,100.0,2035.0,12288.0,81749404536,82763998055,83702721,85250855,1562511,0,0,0,0,0,0,0,0,0,0,0,0,35390331,35426847,35636,35680,547,0,0,0,0,0,0,0,0
1778081890.0289683,g5.hpc.coe,40875,0.5001,0,100.0,2035.0,12288.0,81789013038,82804163882,83742977,85291520,1562563,0,0,0,0,0,0,0,0,0,0,0,0,39608502,40165827,40256,40665,52,0,0,0,0,0,0,0,0
1778081890.529063,g5.hpc.coe,40875,0.5001,0,100.0,2035.0,12288.0,81825745019,82840418847,83779475,85327693,1564974,0,0,0,0,0,0,0,0,0,0,0,0,36731981,36254965,36498,36173,2411,0,0,0,0,0,0,0,0
1778081891.0291603,g5.hpc.coe,40875,0.5001,0,100.0,2035.0,12288.0,81860445457,82875155525,83814369,85362612,1565008,0,0,0,0,0,0,0,0,0,0,0,0,34700438,34736678,34894,34919,34,0,0,0,0,0,0,0,0
1778081891.5292544,g5.hpc.coe,40875,0.5001,0,100.0,2035.0,12288.0,81901395783,82916149581,83855494,85403779,1568248,0,0,0,0,0,0,0,0,0,0,0,0,40950326,40994056,41125,41167,3240,0,0,0,0,0,0,0,0
1778081892.029352,g5.hpc.coe,40875,0.5001,0,100.0,2035.0,12288.0,81936785187,82951576323,83891121,85439453,1568287,0,0,0,0,0,0,0,0,0,0,0,0,35389404,35426742,35627,35674,39,0,0,0,0,0,0,0,0
1778081892.5294566,g5.hpc.coe,40875,0.5001,0,100.0,2035.0,12288.0,81976851443,82992335162,83931835,85480592,1568328,0,0,0,0,0,0,0,0,0,0,0,0,40066256,40758839,40714,41139,41,0,0,0,0,0,0,0,0
1778081893.0295565,g5.hpc.coe,40875,0.5001,0,100.0,2035.0,12288.0,82013124124,83027997127,83967883,85516297,1569224,0,0,0,0,0,0,0,0,0,0,0,0,36272681,35661965,36048,35705,896,0,0,0,0,0,0,0,0
1778081893.5296526,g5.hpc.coe,40875,0.5001,0,100.0,2035.0,12288.0,82047823676,83062733860,84002767,85551226,1569262,0,0,0,0,0,0,0,0,0,0,0,0,34699552,34736733,34884,34929,38,0,0,0,0,0,0,0,0
1778081894.0297482,g5.hpc.coe,40875,0.5001,0,100.0,2035.0,12288.0,82088773123,83103727880,84043883,85592390,1570795,0,0,0,0,0,0,0,0,0,0,0,0,40949447,40994020,41116,41164,1533,0,0,0,0,0,0,0,0
1778081894.5298438,g5.hpc.coe,40875,0.5001,0,100.0,2035.0,12288.0,82124162926,83139154705,84079524,85628069,1570837,0,0,0,0,0,0,0,0,0,0,0,0,35389803,35426825,35641,35679,42,0,0,0,0,0,0,0,0
1778081895.0299432,g5.hpc.coe,40875,0.5001,0,100.0,2035.0,12288.0,82165112448,83180148732,84120637,85669234,1570966,0,0,0,0,0,0,0,0,0,0,0,0,40949522,40994027,41113,41165,129,0,0,0,0,0,0,0,0
1778081895.5300374,g5.hpc.coe,40875,0.5001,0,100.0,2035.0,12288.0,82200502277,83215575481,84156277,85704909,1572941,0,0,0,0,0,0,0,0,0,0,0,0,35389829,35426749,35640,35675,1975,0,0,0,0,0,0,0,0
1778081896.0301335,g5.hpc.coe,40875,0.5001,0,100.0,2035.0,12288.0,82235202089,83250312186,84191164,85739834,1572979,0,0,0,0,0,0,0,0,0,0,0,0,34699812,34736705,34887,34925,38,0,0,0,0,0,0,0,0
1778081896.5302303,g5.hpc.coe,40875,0.5001,0,100.0,2035.0,12288.0,82276151832,83291306256,84232286,85781003,1574081,0,0,0,0,0,0,0,0,0,0,0,0,40949743,40994070,41122,41169,1102,0,0,0,0,0,0,0,0
1778081897.0303307,g5.hpc.coe,40875,0.5001,0,100.0,2035.0,12288.0,82311541854,83326733055,84267931,85816683,1574122,0,0,0,0,0,0,0,0,0,0,0,0,35390022,35426799,35645,35680,41,0,0,0,0,0,0,0,0
1778081897.5304275,g5.hpc.coe,40875,0.5001,0,100.0,2035.0,12288.0,82352491630,83367727083,84309044,85857846,1575809,0,0,0,0,0,0,0,0,0,0,0,0,40949776,40994028,41113,41163,1687,0,0,0,0,0,0,0,0
1778081898.0304983,g5.hpc.coe,40875,0.5001,0,100.0,2035.0,12288.0,82387881713,83403153903,84344684,85893529,1576549,0,0,0,0,0,0,0,0,0,0,0,0,35390083,35426820,35640,35683,740,0,0,0,0,0,0,0,0
1778081898.5305946,g5.hpc.coe,40875,0.5001,0,100.0,2035.0,12288.0,82422581785,83437890637,84379572,85928456,1576591,0,0,0,0,0,0,0,0,0,0,0,0,34700072,34736734,34888,34927,42,0,0,0,0,0,0,0,0
1778081899.0306919,g5.hpc.coe,40875,0.5001,0,100.0,2035.0,12288.0,82463531718,83478884616,84420687,85969612,1577847,0,0,0,0,0,0,0,0,0,0,0,0,40949933,40993979,41115,41156,1256,0,0,0,0,0,0,0,0
1778081899.5307887,g5.hpc.coe,40875,0.5001,0,100.0,2035.0,12288.0,82498921937,83514311484,84456317,86005295,1577885,0,0,0,0,0,0,0,0,0,0,0,0,35390219,35426868,35630,35683,38,0,0,0,0,0,0,0,0
1778081900.0308816,g5.hpc.coe,40875,0.5001,0,100.0,2035.0,12288.0,82539872035,83555305484,84497442,86046454,1578178,0,0,0,0,0,0,0,0,0,0,0,0,40950098,40994000,41125,41159,293,0,0,0,0,0,0,0,0
1778081900.5309815,g5.hpc.coe,40875,0.5001,0,100.0,2035.0,12288.0,82575262272,83590732283,84533070,86082134,1578571,0,0,0,0,0,0,0,0,0,0,0,0,35390237,35426799,35628,35680,393,0,0,0,0,0,0,0,0
1778081901.0310802,g5.hpc.coe,40875,0.5001,0,100.0,2035.0,12288.0,82609962625,83625469024,84567964,86117062,1578607,0,0,0,0,0,0,0,0,0,0,0,0,34700353,34736741,34894,34928,36,0,0,0,0,0,0,0,0
1778081901.5311787,g5.hpc.coe,40875,0.5001,0,100.0,2035.0,12288.0,82650912860,83666463164,84609086,86158241,1583320,0,0,0,0,0,0,0,0,0,0,0,0,40950235,40994140,41122,41179,4713,0,0,0,0,0,0,0,0
1778081902.0312777,g5.hpc.coe,40875,0.5001,0,100.0,2035.0,12288.0,82692553782,83708147704,84650969,86200165,1583369,0,0,0,0,0,0,0,0,0,0,0,0,41640922,41684540,41883,41924,49,0,0,0,0,0,0,0,0
1778081902.5313828,g5.hpc.coe,40875,0.5001,0,100.0,2035.0,12288.0,82727254272,83742884431,84685860,86235091,1583855,0,0,0,0,0,0,0,0,0,0,0,0,34700490,34736727,34891,34926,486,0,0,0,0,0,0,0,0
1778081903.031484,g5.hpc.coe,40875,0.5001,0,100.0,2035.0,12288.0,82762643772,83778311215,84721497,86270771,1585593,0,0,0,0,0,0,0,0,0,0,0,0,35389500,35426784,35637,35680,1738,0,0,0,0,0,0,0,0
1778081903.5315778,g5.hpc.coe,40875,0.5001,0,100.0,2035.0,12288.0,82797689419,83813696510,84757197,86306670,1585640,0,0,0,0,0,0,0,0,0,0,0,0,35045647,35385295,35700,35899,47,0,0,0,0,0,0,0,0
1778081904.0316753,g5.hpc.coe,40875,0.5001,0,100.0,2035.0,12288.0,82838292737,83854041954,84797512,86346862,1586251,0,0,0,0,0,0,0,0,0,0,0,0,40603318,40345444,40315,40192,611,0,0,0,0,0,0,0,0
1778081904.5317724,g5.hpc.coe,40875,0.5001,0,100.0,2035.0,12288.0,82873682359,83889468745,84833146,86382543,1586289,0,0,0,0,0,0,0,0,0,0,0,0,35389622,35426791,35634,35681,38,0,0,0,0,0,0,0,0
1778081905.0318704,g5.hpc.coe,40875,0.5001,0,100.0,2035.0,12288.0,82914631908,83930462813,84874266,86423707,1587441,0,0,0,0,0,0,0,0,0,0,0,0,40949549,40994068,41120,41164,1152,0,0,0,0,0,0,0,0
1778081905.5319662,g5.hpc.coe,40875,0.5001,0,100.0,2035.0,12288.0,82950021625,83965889506,84909900,86459374,1589137,0,0,0,0,0,0,0,0,0,0,0,0,35389717,35426693,35634,35667,1696,0,0,0,0,0,0,0,0
1778081906.032061,g5.hpc.coe,40875,0.5001,0,100.0,2035.0,12288.0,82984721388,84001027947,84945016,86495087,1589180,0,0,0,0,0,0,0,0,0,0,0,0,34699763,35138441,35116,35713,43,0,0,0,0,0,0,0,0
1778081906.5321584,g5.hpc.coe,40875,0.5001,0,100.0,2035.0,12288.0,83025671067,84041620336,84985984,86535588,1590846,0,0,0,0,0,0,0,0,0,0,0,0,40949679,40592389,40968,40501,1666,0,0,0,0,0,0,0,0
1778081907.032257,g5.hpc.coe,40875,0.5001,0,100.0,2035.0,12288.0,83061060998,84077047093,85021557,86571152,1590888,0,0,0,0,0,0,0,0,0,0,0,0,35389931,35426757,35573,35564,42,0,0,0,0,0,0,0,0
1778081907.532357,g5.hpc.coe,40875,0.5001,0,100.0,2035.0,12288.0,83102010704,84118041156,85062670,86612320,1591888,0,0,0,0,0,0,0,0,0,0,0,0,40949706,40994063,41113,41168,1000,0,0,0,0,0,0,0,0
1778081908.0324533,g5.hpc.coe,40875,0.5001,0,100.0,2035.0,12288.0,83137400695,84153467920,85098307,86647995,1593329,0,0,0,0,0,0,0,0,0,0,0,0,35389991,35426764,35637,35675,1441,0,0,0,0,0,0,0,0
1778081908.5325525,g5.hpc.coe,40875,0.5001,0,100.0,2035.0,12288.0,83174764940,84191833520,85136428,86686914,1593375,0,0,0,0,0,0,0,0,0,0,0,0,37364245,38365600,38121,38919,46,0,0,0,0,0,0,0,0
1778081909.0326498,g5.hpc.coe,40875,0.5001,0,100.0,2035.0,12288.0,83213740660,84229888656,85175068,86724825,1594344,0,0,0,0,0,0,0,0,0,0,0,0,38975720,38055136,38640,37911,969,0,0,0,0,0,0,0,0
1778081909.5327466,g5.hpc.coe,40875,0.5001,0,100.0,2035.0,12288.0,83248440779,84264625397,85209959,86759753,1594660,0,0,0,0,0,0,0,0,0,0,0,0,34700119,34736741,34891,34928,316,0,0,0,0,0,0,0,0
1778081910.0328424,g5.hpc.coe,40875,0.5001,0,100.0,2035.0,12288.0,83289390891,84305619557,85251087,86800928,1596443,0,0,0,0,0,0,0,0,0,0,0,0,40950112,40994160,41128,41175,1783,0,0,0,0,0,0,0,0
1778081910.5329387,g5.hpc.coe,40875,0.5001,0,100.0,2035.0,12288.0,83324781086,84341046342,85286719,86836606,1596493,0,0,0,0,0,0,0,0,0,0,0,0,35390195,35426785,35632,35678,50,0,0,0,0,0,0,0,0
1778081911.0330343,g5.hpc.coe,40875,0.5001,0,100.0,2035.0,12288.0,83364878834,84381358319,85327448,86877473,1596588,0,0,0,0,0,0,0,0,0,0,0,0,40097748,40311977,40729,40867,95,0,0,0,0,0,0,0,0
1778081911.533128,g5.hpc.coe,40875,0.5001,0,100.0,2035.0,12288.0,83401121381,84417467239,85363459,86913459,1597374,0,0,0,0,0,0,0,0,0,0,0,0,36242547,36108920,36011,35986,786,0,0,0,0,0,0,0,0
1778081912.0332253,g5.hpc.coe,40875,0.5001,0,100.0,2035.0,12288.0,83435821738,84452203952,85398350,86948383,1597418,0,0,0,0,0,0,0,0,0,0,0,0,34700357,34736713,34891,34924,44,0,0,0,0,0,0,0,0
1778081912.533321,g5.hpc.coe,40875,0.5001,0,100.0,2035.0,12288.0,83476771977,84493197980,85439469,86989546,1599103,0,0,0,0,0,0,0,0,0,0,0,0,40950239,40994028,41119,41163,1685,0,0,0,0,0,0,0,0
1778081913.0334165,g5.hpc.coe,40875,0.5001,0,100.0,2035.0,12288.0,83512162488,84528624772,85475110,87025225,1599258,0,0,0,0,0,0,0,0,0,0,0,0,35390511,35426792,35641,35679,155,0,0,0,0,0,0,0,0
1778081913.5335126,g5.hpc.coe,40875,0.5001,0,100.0,2035.0,12288.0,83553111762,84569618771,85516228,87066386,1599301,0,0,0,0,0,0,0,0,0,0,0,0,40949274,40993999,41118,41161,43,0,0,0,0,0,0,0,0
1778081914.0336096,g5.hpc.coe,40875,0.5001,0,100.0,2035.0,12288.0,83588501321,84605045513,85551870,87102060,1601131,0,0,0,0,0,0,0,0,0,0,0,0,35389559,35426742,35642,35674,1830,0,0,0,0,0,0,0,0
1778081914.5337036,g5.hpc.coe,40875,0.5001,0,100.0,2035.0,12288.0,83623200856,84639782204,85586758,87136983,1601651,0,0,0,0,0,0,0,0,0,0,0,0,34699535,34736691,34888,34923,520,0,0,0,0,0,0,0,0
1778081915.0337994,g5.hpc.coe,40875,0.5001,0,100.0,2035.0,12288.0,83664150350,84680776328,85627878,87178155,1602887,0,0,0,0,0,0,0,0,0,0,0,0,40949494,40994124,41120,41172,1236,0,0,0,0,0,0,0,0
1778081915.533895,g5.hpc.coe,40875,0.5001,0,100.0,2035.0,12288.0,83699540011,84716203098,85663514,87213833,1603677,0,0,0,0,0,0,0,0,0,0,0,0,35389661,35426770,35636,35678,790,0,0,0,0,0,0,0,0
1778081916.033993,g5.hpc.coe,40875,0.5001,0,100.0,2035.0,12288.0,83740489531,84757197104,85704633,87254995,1604019,0,0,0,0,0,0,0,0,0,0,0,0,40949520,40994006,41119,41162,342,0,0,0,0,0,0,0,0
1778081916.534098,g5.hpc.coe,40875,0.5001,0,100.0,2035.0,12288.0,83775879308,84792623902,85740272,87290677,1607127,0,0,0,0,0,0,0,0,0,0,0,0,35389777,35426798,35639,35682,3108,0,0,0,0,0,0,0,0
1778081917.0341911,g5.hpc.coe,40875,0.5001,0,100.0,2035.0,12288.0,83810579712,84827361054,85775176,87325610,1607162,0,0,0,0,0,0,0,0,0,0,0,0,34700404,34737152,34904,34933,35,0,0,0,0,0,0,0,0
1778081917.5342855,g5.hpc.coe,40875,0.5001,0,100.0,2035.0,12288.0,83851529374,84868355067,85816295,87366773,1608090,0,0,0,0,0,0,0,0,0,0,0,0,40949662,40994013,41119,41163,928,0,0,0,0,0,0,0,0
1778081918.034384,g5.hpc.coe,40875,0.5001,0,100.0,2035.0,12288.0,83886919295,84903781866,85851932,87402453,1608132,0,0,0,0,0,0,0,0,0,0,0,0,35389921,35426799,35637,35680,42,0,0,0,0,0,0,0,0
1778081918.5344796,g5.hpc.coe,40875,0.5001,0,100.0,2035.0,12288.0,83927869109,84944775887,85893057,87443615,1609176,0,0,0,0,0,0,0,0,0,0,0,0,40949814,40994021,41125,41162,1044,0,0,0,0,0,0,0,0
1778081919.034574,g5.hpc.coe,40875,0.5001,0,100.0,2035.0,12288.0,83963259125,84980202672,85928694,87479293,1609900,0,0,0,0,0,0,0,0,0,0,0,0,35390016,35426785,35637,35678,724,0,0,0,0,0,0,0,0
1778081919.5346673,g5.hpc.coe,40875,0.5001,0,100.0,2035.0,12288.0,83997959145,85014939462,85963581,87514228,1610141,0,0,0,0,0,0,0,0,0,0,0,0,34700020,34736790,34887,34935,241,0,0,0,0,0,0,0,0
1778081920.0347605,g5.hpc.coe,40875,0.5001,0,100.0,2035.0,12288.0,84038909124,85055933559,86004700,87555394,1611477,0,0,0,0,0,0,0,0,0,0,0,0,40949979,40994097,41119,41166,1336,0,0,0,0,0,0,0,0
1778081920.5348551,g5.hpc.coe,40875,0.5001,0,100.0,2035.0,12288.0,84074299270,85091360379,86040335,87591077,1611509,0,0,0,0,0,0,0,0,0,0,0,0,35390146,35426820,35635,35683,32,0,0,0,0,0,0,0,0
1778081921.0349479,g5.hpc.coe,40875,0.5001,0,100.0,2035.0,12288.0,84115249253,85132354442,86081450,87632245,1611954,0,0,0,0,0,0,0,0,0,0,0,0,40949983,40994063,41115,41168,445,0,0,0,0,0,0,0,0
1778081921.5350463,g5.hpc.coe,40875,0.5001,0,100.0,2035.0,12288.0,84150639592,85167781241,86117099,87667925,1618196,0,0,0,0,0,0,0,0,0,0,0,0,35390339,35426799,35649,35680,6242,0,0,0,0,0,0,0,0
1778081922.0351436,g5.hpc.coe,40875,0.5001,0,100.0,2035.0,12288.0,84185339872,85202518038,86151989,87702861,1618477,0,0,0,0,0,0,0,0,0,0,0,0,34700280,34736797,34890,34936,281,0,0,0,0,0,0,0,0
1778081922.5352387,g5.hpc.coe,40875,0.5001,0,100.0,2035.0,12288.0,84226980036,85244202117,86193853,87744775,1618553,0,0,0,0,0,0,0,0,0,0,0,0,41640164,41684079,41864,41914,76,0,0,0,0,0,0,0,0
1778081923.03534,g5.hpc.coe,40875,0.5001,0,100.0,2035.0,12288.0,84261680447,85278938865,86228746,87779704,1618598,0,0,0,0,0,0,0,0,0,0,0,0,34700411,34736748,34893,34929,45,0,0,0,0,0,0,0,0
1778081923.5354304,g5.hpc.coe,40875,0.5001,0,100.0,2035.0,12288.0,84302630697,85319932907,86269863,87820869,1618643,0,0,0,0,0,0,0,0,0,0,0,0,40950250,40994042,41117,41165,45,0,0,0,0,0,0,0,0
1778081924.0355341,g5.hpc.coe,40875,0.5001,0,100.0,2035.0,12288.0,84338021205,85355359643,86305500,87856540,1619022,0,0,0,0,0,0,0,0,0,0,0,0,35390508,35426736,35637,35671,379,0,0,0,0,0,0,0,0
1778081924.535625,g5.hpc.coe,40875,0.5001,0,100.0,2035.0,12288.0,84374874844,85392778890,86343192,87894520,1619069,0,0,0,0,0,0,0,0,0,0,0,0,36853639,37419247,37692,37980,47,0,0,0,0,0,0,0,0
1778081925.0357192,g5.hpc.coe,40875,0.5001,0,100.0,2035.0,12288.0,84413669973,85431151190,86381665,87932854,1620193,0,0,0,0,0,0,0,0,0,0,0,0,38795129,38372300,38473,38334,1124,0,0,0,0,0,0,0,0
1778081925.5358093,g5.hpc.coe,40875,0.5001,0,100.0,2035.0,12288.0,84449059584,85466517047,86417139,87968294,1620453,0,0,0,0,0,0,0,0,0,0,0,0,35389611,35365857,35474,35440,260,0,0,0,0,0,0,0,0
1778081926.035903,g5.hpc.coe,40875,0.5001,0,100.0,2035.0,12288.0,84490008990,85507511039,86458252,88009454,1620510,0,0,0,0,0,0,0,0,0,0,0,0,40949406,40993992,41113,41160,57,0,0,0,0,0,0,0,0
1778081926.5359962,g5.hpc.coe,40875,0.5001,0,100.0,2035.0,12288.0,84525398703,85542937718,86493892,88045119,1620553,0,0,0,0,0,0,0,0,0,0,0,0,35389713,35426679,35640,35665,43,0,0,0,0,0,0,0,0
1778081927.036096,g5.hpc.coe,40875,0.5001,0,100.0,2035.0,12288.0,84563151995,85581075650,86532272,88083832,1620598,0,0,0,0,0,0,0,0,0,0,0,0,37753292,38137932,38380,38713,45,0,0,0,0,0,0,0,0
1778081927.5361903,g5.hpc.coe,40875,0.5001,0,100.0,2035.0,12288.0,84601738144,85619358571,86570664,88121970,1620745,0,0,0,0,0,0,0,0,0,0,0,0,38586149,38282921,38392,38138,147,0,0,0,0,0,0,0,0
1778081928.0362873,g5.hpc.coe,40875,0.5001,0,100.0,2035.0,12288.0,84642687701,85660352654,86611793,88163143,1620857,0,0,0,0,0,0,0,0,0,0,0,0,40949557,40994083,41129,41173,112,0,0,0,0,0,0,0,0
1778081928.5363808,g5.hpc.coe,40875,0.5001,0,100.0,2035.0,12288.0,84677387733,85695089374,86646684,88198068,1620898,0,0,0,0,0,0,0,0,0,0,0,0,34700032,34736720,34891,34925,41,0,0,0,0,0,0,0,0
1778081929.0364738,g5.hpc.coe,40875,0.5001,0,100.0,2035.0,12288.0,84712777920,85730516421,86682324,88233752,1620934,0,0,0,0,0,0,0,0,0,0,0,0,35390187,35427047,35640,35684,36,0,0,0,0,0,0,0,0
1778081929.5365646,g5.hpc.coe,40875,0.5001,0,100.0,2035.0,12288.0,84752846716,85771004487,86723031,88274887,1620978,0,0,0,0,0,0,0,0,0,0,0,0,40068796,40488066,40707,41135,44,0,0,0,0,0,0,0,0
1778081930.0366578,g5.hpc.coe,40875,0.5001,0,100.0,2035.0,12288.0,84789117805,85806937129,86759085,88310578,1621666,0,0,0,0,0,0,0,0,0,0,0,0,36271089,35932642,36054,35691,688,0,0,0,0,0,0,0,0
1778081930.5367544,g5.hpc.coe,40875,0.5001,0,100.0,2035.0,12288.0,84823817925,85841673995,86793974,88345517,1621709,0,0,0,0,0,0,0,0,0,0,0,0,34700120,34736866,34889,34939,43,0,0,0,0,0,0,0,0
1778081931.0368493,g5.hpc.coe,40875,0.5001,0,100.0,2035.0,12288.0,84864767836,85882668037,86835089,88386682,1622306,0,0,0,0,0,0,0,0,0,0,0,0,40949911,40994042,41115,41165,597,0,0,0,0,0,0,0,0
1778081931.5369425,g5.hpc.coe,40875,0.5001,0,100.0,2035.0,12288.0,84900158011,85918094794,86870725,88422356,1625242,0,0,0,0,0,0,0,0,0,0,0,0,35390175,35426757,35636,35674,2936,0,0,0,0,0,0,0,0
1778081932.037037,g5.hpc.coe,40875,0.5001,0,100.0,2035.0,12288.0,84941108675,85959089318,86911860,88463534,1625292,0,0,0,0,0,0,0,0,0,0,0,0,40950664,40994524,41135,41178,50,0,0,0,0,0,0,0,0
1778081932.5371501,g5.hpc.coe,40875,0.5001,0,100.0,2035.0,12288.0,84976498960,85994516089,86947498,88499210,1625334,0,0,0,0,0,0,0,0,0,0,0,0,35390285,35426771,35638,35676,42,0,0,0,0,0,0,0,0
1778081933.037245,g5.hpc.coe,40875,0.5001,0,100.0,2035.0,12288.0,85011199269,86029252816,86982389,88534136,1625768,0,0,0,0,0,0,0,0,0,0,0,0,34700309,34736727,34891,34926,434,0,0,0,0,0,0,0,0
1778081933.5373414,g5.hpc.coe,40875,0.5001,0,100.0,2035.0,12288.0,85052149425,86070246858,87023505,88575301,1625812,0,0,0,0,0,0,0,0,0,0,0,0,40950156,40994042,41116,41165,44,0,0,0,0,0,0,0,0
1778081934.0374367,g5.hpc.coe,40875,0.5001,0,100.0,2035.0,12288.0,85087539853,86105673587,87059141,88610971,1626102,0,0,0,0,0,0,0,0,0,0,0,0,35390428,35426729,35636,35670,290,0,0,0,0,0,0,0,0
1778081934.5375288,g5.hpc.coe,40875,0.5001,0,100.0,2035.0,12288.0,85128490112,86146667685,87100256,88652144,1626229,0,0,0,0,0,0,0,0,0,0,0,0,40950259,40994098,41115,41173,127,0,0,0,0,0,0,0,0
1778081935.037623,g5.hpc.coe,40875,0.5001,0,100.0,2035.0,12288.0,85163879540,86182094441,87135886,88687820,1626639,0,0,0,0,0,0,0,0,0,0,0,0,35389428,35426756,35630,35676,410,0,0,0,0,0,0,0,0
1778081935.537715,g5.hpc.coe,40875,0.5001,0,100.0,2035.0,12288.0,85198579069,86216831271,87170771,88722756,1626845,0,0,0,0,0,0,0,0,0,0,0,0,34699529,34736830,34885,34936,206,0,0,0,0,0,0,0,0
1778081936.037811,g5.hpc.coe,40875,0.5001,0,100.0,2035.0,12288.0,85239528445,86257825305,87211890,88763922,1626885,0,0,0,0,0,0,0,0,0,0,0,0,40949376,40994034,41119,41166,40,0,0,0,0,0,0,0,0
1778081936.5379062,g5.hpc.coe,40875,0.5001,0,100.0,2035.0,12288.0,85274918022,86293252026,87247521,88799593,1627043,0,0,0,0,0,0,0,0,0,0,0,0,35389577,35426721,35631,35671,158,0,0,0,0,0,0,0,0
1778081937.0379992,g5.hpc.coe,40875,0.5001,0,100.0,2035.0,12288.0,85315867535,86334246074,87288646,88840761,1627846,0,0,0,0,0,0,0,0,0,0,0,0,40949513,40994048,41125,41168,803,0,0,0,0,0,0,0,0
1778081937.5380945,g5.hpc.coe,40875,0.5001,0,100.0,2035.0,12288.0,85351257186,86369672823,87324274,88876436,1628099,0,0,0,0,0,0,0,0,0,0,0,0,35389651,35426749,35628,35675,253,0,0,0,0,0,0,0,0
1778081938.0381904,g5.hpc.coe,40875,0.5001,0,100.0,2035.0,12288.0,85385956904,86404409507,87359161,88911358,1628143,0,0,0,0,0,0,0,0,0,0,0,0,34699718,34736684,34887,34922,44,0,0,0,0,0,0,0,0
1778081938.538286,g5.hpc.coe,40875,0.5001,0,100.0,2035.0,12288.0,85426906497,86445403520,87400277,88952521,1629565,0,0,0,0,0,0,0,0,0,0,0,0,40949593,40994013,41116,41163,1422,0,0,0,0,0,0,0,0
1778081939.0383794,g5.hpc.coe,40875,0.5001,0,100.0,2035.0,12288.0,85462296354,86480830304,87435914,88988201,1629601,0,0,0,0,0,0,0,0,0,0,0,0,35389857,35426784,35637,35680,36,0,0,0,0,0,0,0,0
1778081939.5384715,g5.hpc.coe,40875,0.5001,0,100.0,2035.0,12288.0,85503246022,86521824374,87477025,89029370,1629647,0,0,0,0,0,0,0,0,0,0,0,0,40949668,40994070,41111,41169,46,0,0,0,0,0,0,0,0
1778081940.038562,g5.hpc.coe,40875,0.5001,0,100.0,2035.0,12288.0,85538635877,86557251194,87512646,89065053,1630336,0,0,0,0,0,0,0,0,0,0,0,0,35389855,35426820,35621,35683,689,0,0,0,0,0,0,0,0
1778081940.5386562,g5.hpc.coe,40875,0.5001,0,100.0,2035.0,12288.0,85573335918,86591987990,87547534,89099982,1630380,0,0,0,0,0,0,0,0,0,0,0,0,34700041,34736796,34888,34929,44,0,0,0,0,0,0,0,0
1778081941.0387561,g5.hpc.coe,40875,0.5001,0,100.0,2035.0,12288.0,85614285812,86632982046,87588657,89141149,1630794,0,0,0,0,0,0,0,0,0,0,0,0,40949894,40994056,41123,41167,414,0,0,0,0,0,0,0,0
1778081941.5388513,g5.hpc.coe,40875,0.5001,0,100.0,2035.0,12288.0,85649675922,86668408775,87624294,89176819,1630832,0,0,0,0,0,0,0,0,0,0,0,0,35390110,35426729,35637,35670,38,0,0,0,0,0,0,0,0
1778081942.0389466,g5.hpc.coe,40875,0.5001,0,100.0,2035.0,12288.0,85690625870,86709402880,87665411,89217993,1630885,0,0,0,0,0,0,0,0,0,0,0,0,40949948,40994105,41117,41174,53,0,0,0,0,0,0,0,0
1778081942.5390406,g5.hpc.coe,40875,0.5001,0,100.0,2035.0,12288.0,85726016068,86744829623,87701047,89253665,1632589,0,0,0,0,0,0,0,0,0,0,0,0,35390198,35426743,35636,35672,1704,0,0,0,0,0,0,0,0
1778081943.03915,g5.hpc.coe,40875,0.5001,0,100.0,2035.0,12288.0,85760716326,86779566357,87735941,89288592,1633095,0,0,0,0,0,0,0,0,0,0,0,0,34700258,34736734,34894,34927,506,0,0,0,0,0,0,0,0
1778081943.539245,g5.hpc.coe,40875,0.5001,0,100.0,2035.0,12288.0,85801666430,86820560434,87777060,89329762,1634637,0,0,0,0,0,0,0,0,0,0,0,0,40950104,40994077,41119,41170,1542,0,0,0,0,0,0,0,0
1778081944.0393379,g5.hpc.coe,40875,0.5001,0,100.0,2035.0,12288.0,85837056729,86855987184,87812690,89365435,1634676,0,0,0,0,0,0,0,0,0,0,0,0,35390299,35426750,35630,35673,39,0,0,0,0,0,0,0,0
1778081944.5394366,g5.hpc.coe,40875,0.5001,0,100.0,2035.0,12288.0,85878006965,86896981247,87853812,89406603,1636294,0,0,0,0,0,0,0,0,0,0,0,0,40950236,40994063,41122,41168,1618,0,0,0,0,0,0,0,0
1778081945.039533,g5.hpc.coe,40875,0.5001,0,100.0,2035.0,12288.0,85913397424,86932408018,87889449,89442279,1636549,0,0,0,0,0,0,0,0,0,0,0,0,35390459,35426771,35637,35676,255,0,0,0,0,0,0,0,0
1778081945.5396242,g5.hpc.coe,40875,0.5001,0,100.0,2035.0,12288.0,85950455106,86969964755,87927124,89480373,1636636,0,0,0,0,0,0,0,0,0,0,0,0,37057682,37556737,37675,38094,87,0,0,0,0,0,0,0,0
1778081946.0397208,g5.hpc.coe,40875,0.5001,0,100.0,2035.0,12288.0,85989737374,87008828941,87966216,89519131,1636774,0,0,0,0,0,0,0,0,0,0,0,0,39282268,38864186,39092,38758,138,0,0,0,0,0,0,0,0
1778081946.5398161,g5.hpc.coe,40875,0.5001,0,100.0,2035.0,12288.0,86024436863,87043565667,88001101,89554059,1638026,0,0,0,0,0,0,0,0,0,0,0,0,34699489,34736726,34885,34928,1252,0,0,0,0,0,0,0,0
1778081947.0399094,g5.hpc.coe,40875,0.5001,0,100.0,2035.0,12288.0,86065386850,87084560190,88042230,89595239,1638927,0,0,0,0,0,0,0,0,0,0,0,0,40949987,40994523,41129,41180,901,0,0,0,0,0,0,0,0
1778081947.5400019,g5.hpc.coe,40875,0.5001,0,100.0,2035.0,12288.0,86100776556,87119986967,88077876,89630918,1639022,0,0,0,0,0,0,0,0,0,0,0,0,35389706,35426777,35646,35679,95,0,0,0,0,0,0,0,0
1778081948.0400968,g5.hpc.coe,40875,0.5001,0,100.0,2035.0,12288.0,86139696030,87159358973,88117142,89670528,1639302,0,0,0,0,0,0,0,0,0,0,0,0,38919474,39372006,39266,39610,280,0,0,0,0,0,0,0,0
1778081948.54019,g5.hpc.coe,40875,0.5001,0,100.0,2035.0,12288.0,86177115747,87196407792,88154626,89707765,1641225,0,0,0,0,0,0,0,0,0,0,0,0,37419717,37048819,37484,37237,1923,0,0,0,0,0,0,0,0
1778081949.0402818,g5.hpc.coe,40875,0.5001,0,100.0,2035.0,12288.0,86211815496,87231144462,88189514,89742685,1641272,0,0,0,0,0,0,0,0,0,0,0,0,34699749,34736670,34888,34920,47,0,0,0,0,0,0,0,0
1778081949.5403829,g5.hpc.coe,40875,0.5001,0,100.0,2035.0,12288.0,86252765077,87272138461,88230625,89783846,1641362,0,0,0,0,0,0,0,0,0,0,0,0,40949581,40993999,41111,41161,90,0,0,0,0,0,0,0,0
1778081950.04048,g5.hpc.coe,40875,0.5001,0,100.0,2035.0,12288.0,86288154994,87307565176,88266265,89819514,1641411,0,0,0,0,0,0,0,0,0,0,0,0,35389917,35426715,35640,35668,49,0,0,0,0,0,0,0,0
1778081950.5405746,g5.hpc.coe,40875,0.5001,0,100.0,2035.0,12288.0,86329104660,87348559267,88307394,89860686,1641465,0,0,0,0,0,0,0,0,0,0,0,0,40949666,40994091,41129,41172,54,0,0,0,0,0,0,0,0
1778081951.040669,g5.hpc.coe,40875,0.5001,0,100.0,2035.0,12288.0,86364494843,87383986093,88343028,89896363,1643688,0,0,0,0,0,0,0,0,0,0,0,0,35390183,35426826,35634,35677,2223,0,0,0,0,0,0,0,0
1778081951.5407617,g5.hpc.coe,40875,0.5001,0,100.0,2035.0,12288.0,86399194893,87418722848,88377923,89931293,1645102,0,0,0,0,0,0,0,0,0,0,0,0,34700050,34736755,34895,34930,1414,0,0,0,0,0,0,0,0
1778081952.0408595,g5.hpc.coe,40875,0.5001,0,100.0,2035.0,12288.0,86440144748,87459716862,88419037,89972454,1645166,0,0,0,0,0,0,0,0,0,0,0,0,40949855,40994014,41114,41161,64,0,0,0,0,0,0,0,0
1778081952.5409527,g5.hpc.coe,40875,0.5001,0,100.0,2035.0,12288.0,86475534819,87495143528,88454665,90008115,1645203,0,0,0,0,0,0,0,0,0,0,0,0,35390071,35426666,35628,35661,37,0,0,0,0,0,0,0,0
1778081953.0410516,g5.hpc.coe,40875,0.5001,0,100.0,2035.0,12288.0,86516484832,87536137619,88495788,90049287,1645349,0,0,0,0,0,0,0,0,0,0,0,0,40950013,40994091,41123,41172,146,0,0,0,0,0,0,0,0
1778081953.541147,g5.hpc.coe,40875,0.5001,0,100.0,2035.0,12288.0,86551875110,87571564411,88531432,90084966,1645438,0,0,0,0,0,0,0,0,0,0,0,0,35390278,35426792,35644,35679,89,0,0,0,0,0,0,0,0
1778081954.0412436,g5.hpc.coe,40875,0.5001,0,100.0,2035.0,12288.0,86586575335,87606301159,88566318,90119895,1645491,0,0,0,0,0,0,0,0,0,0,0,0,34700225,34736748,34886,34929,53,0,0,0,0,0,0,0,0
1778081954.5413406,g5.hpc.coe,40875,0.5001,0,100.0,2035.0,12288.0,86627525498,87647295166,88607442,90161055,1645523,0,0,0,0,0,0,0,0,0,0,0,0,40950163,40994007,41124,41160,32,0,0,0,0,0,0,0,0
1778081955.0414362,g5.hpc.coe,40875,0.5001,0,100.0,2035.0,12288.0,86662915841,87682721923,88643075,90196729,1645559,0,0,0,0,0,0,0,0,0,0,0,0,35390343,35426757,35633,35674,36,0,0,0,0,0,0,0,0
1778081955.54153,g5.hpc.coe,40875,0.5001,0,100.0,2035.0,12288.0,86703866121,87723715972,88684200,90237895,1645604,0,0,0,0,0,0,0,0,0,0,0,0,40950280,40994049,41125,41166,45,0,0,0,0,0,0,0,0
1778081956.0416288,g5.hpc.coe,40875,0.5001,0,100.0,2035.0,12288.0,86739256672,87759142770,88719838,90273568,1646890,0,0,0,0,0,0,0,0,0,0,0,0,35390551,35426798,35638,35673,1286,0,0,0,0,0,0,0,0
1778081956.5417216,g5.hpc.coe,40875,0.5001,0,100.0,2035.0,12288.0,86773956054,87793879447,88754718,90308489,1646956,0,0,0,0,0,0,0,0,0,0,0,0,34699382,34736677,34880,34921,66,0,0,0,0,0,0,0,0
1778081957.041815,g5.hpc.coe,40875,0.5001,0,100.0,2035.0,12288.0,86814905429,87834873474,88795844,90349654,1647789,0,0,0,0,0,0,0,0,0,0,0,0,40949375,40994027,41126,41165,833,0,0,0,0,0,0,0,0
1778081957.5419102,g5.hpc.coe,40875,0.5001,0,100.0,2035.0,12288.0,86850294992,87870300209,88831480,90385327,1647949,0,0,0,0,0,0,0,0,0,0,0,0,35389563,35426735,35636,35673,160,0,0,0,0,0,0,0,0
1778081958.0420053,g5.hpc.coe,40875,0.5001,0,100.0,2035.0,12288.0,86891244406,87911294278,88872598,90426498,1648106,0,0,0,0,0,0,0,0,0,0,0,0,40949414,40994069,41118,41171,157,0,0,0,0,0,0,0,0
1778081958.5420985,g5.hpc.coe,40875,0.5001,0,100.0,2035.0,12288.0,86926634029,87946720964,88908229,90462164,1648772,0,0,0,0,0,0,0,0,0,0,0,0,35389623,35426686,35631,35666,666,0,0,0,0,0,0,0,0
1778081959.042192,g5.hpc.coe,40875,0.5001,0,100.0,2035.0,12288.0,86961333719,87981457634,88943119,90497084,1648815,0,0,0,0,0,0,0,0,0,0,0,0,34699690,34736670,34890,34920,43,0,0,0,0,0,0,0,0
1778081959.5422866,g5.hpc.coe,40875,0.5001,0,100.0,2035.0,12288.0,87002283276,88022451647,88984237,90538247,1648858,0,0,0,0,0,0,0,0,0,0,0,0,40949557,40994013,41118,41163,43,0,0,0,0,0,0,0,0
1778081960.0423818,g5.hpc.coe,40875,0.5001,0,100.0,2035.0,12288.0,87037673112,88057878487,89019878,90573935,1648895,0,0,0,0,0,0,0,0,0,0,0,0,35389836,35426840,35641,35688,37,0,0,0,0,0,0,0,0
1778081960.5424774,g5.hpc.coe,40875,0.5001,0,100.0,2035.0,12288.0,87078622771,88098872535,89060997,90615103,1648943,0,0,0,0,0,0,0,0,0,0,0,0,40949659,40994048,41119,41168,48,0,0,0,0,0,0,0,0
1778081961.0425718,g5.hpc.coe,40875,0.5001,0,100.0,2035.0,12288.0,87114012724,88134299326,89096630,90650775,1649392,0,0,0,0,0,0,0,0,0,0,0,0,35389953,35426791,35633,35672,449,0,0,0,0,0,0,0,0
1778081961.5426652,g5.hpc.coe,40875,0.5001,0,100.0,2035.0,12288.0,87148712736,88169036095,89131530,90685707,1655142,0,0,0,0,0,0,0,0,0,0,0,0,34700012,34736769,34900,34932,5750,0,0,0,0,0,0,0,0
1778081962.0427613,g5.hpc.coe,40875,0.5001,0,100.0,2035.0,12288.0,87189749747,88210203862,89172915,90727354,1655328,0,0,0,0,0,0,0,0,0,0,0,0,41037011,41167767,41385,41647,186,0,0,0,0,0,0,0,0
1778081962.5428576,g5.hpc.coe,40875,0.5001,0,100.0,2035.0,12288.0,87225053223,88245457432,89208299,90762567,1655361,0,0,0,0,0,0,0,0,0,0,0,0,35303476,35253570,35384,35213,33,0,0,0,0,0,0,0,0
1778081963.0429513,g5.hpc.coe,40875,0.5001,0,100.0,2035.0,12288.0,87266003157,88286451481,89249421,90803733,1655409,0,0,0,0,0,0,0,0,0,0,0,0,40949934,40994049,41122,41166,48,0,0,0,0,0,0,0,0
1778081963.543047,g5.hpc.coe,40875,0.5001,0,100.0,2035.0,12288.0,87301393334,88321878210,89285061,90839403,1658540,0,0,0,0,0,0,0,0,0,0,0,0,35390177,35426729,35640,35670,3131,0,0,0,0,0,0,0,0
1778081964.0431402,g5.hpc.coe,40875,0.5001,0,100.0,2035.0,12288.0,87338130205,88359184819,89322521,90877233,1658587,0,0,0,0,0,0,0,0,0,0,0,0,36736871,37306609,37460,37830,47,0,0,0,0,0,0,0,0
1778081964.5432372,g5.hpc.coe,40875,0.5001,0,100.0,2035.0,12288.0,87377656974,88398299079,89361809,90916252,1658686,0,0,0,0,0,0,0,0,0,0,0,0,39526769,39114260,39288,39019,99,0,0,0,0,0,0,0,0
1778081965.0433316,g5.hpc.coe,40875,0.5001,0,100.0,2035.0,12288.0,87412433736,88433035834,89396688,90951182,1658746,0,0,0,0,0,0,0,0,0,0,0,0,34776762,34736755,34879,34930,60,0,0,0,0,0,0,0,0
1778081965.5434237,g5.hpc.coe,40875,0.5001,0,100.0,2035.0,12288.0,87453383865,88474029974,89437804,90992361,1658782,0,0,0,0,0,0,0,0,0,0,0,0,40950129,40994140,41116,41179,36,0,0,0,0,0,0,0,0
1778081966.0435185,g5.hpc.coe,40875,0.5001,0,100.0,2035.0,12288.0,87488774337,88509456786,89473441,91028036,1658820,0,0,0,0,0,0,0,0,0,0,0,0,35390472,35426812,35637,35675,38,0,0,0,0,0,0,0,0
1778081966.5436137,g5.hpc.coe,40875,0.5001,0,100.0,2035.0,12288.0,87527279422,88548502473,89512679,91067643,1662825,0,0,0,0,0,0,0,0,0,0,0,0,38505085,39045687,39238,39607,4005,0,0,0,0,0,0,0,0
1778081967.0437083,g5.hpc.coe,40875,0.5001,0,100.0,2035.0,12288.0,87565115108,88585877627,89550198,91104881,1663833,0,0,0,0,0,0,0,0,0,0,0,0,37835686,37375154,37519,37238,1008,0,0,0,0,0,0,0,0
1778081967.5438004,g5.hpc.coe,40875,0.5001,0,100.0,2035.0,12288.0,87599814590,88620614416,89585089,91139818,1664393,0,0,0,0,0,0,0,0,0,0,0,0,34699482,34736789,34891,34937,560,0,0,0,0,0,0,0,0
1778081968.043895,g5.hpc.coe,40875,0.5001,0,100.0,2035.0,12288.0,87640763933,88661608373,89626207,91180973,1666457,0,0,0,0,0,0,0,0,0,0,0,0,40949343,40993957,41118,41155,2064,0,0,0,0,0,0,0,0
1778081968.5439901,g5.hpc.coe,40875,0.5001,0,100.0,2035.0,12288.0,87676153576,88697035101,89661851,91216645,1666523,0,0,0,0,0,0,0,0,0,0,0,0,35389643,35426728,35644,35672,66,0,0,0,0,0,0,0,0
1778081969.0440843,g5.hpc.coe,40875,0.5001,0,100.0,2035.0,12288.0,87717103035,88738029121,89702972,91257809,1666658,0,0,0,0,0,0,0,0,0,0,0,0,40949459,40994020,41121,41164,135,0,0,0,0,0,0,0,0
1778081969.544179,g5.hpc.coe,40875,0.5001,0,100.0,2035.0,12288.0,87752492654,88773455926,89738599,91293492,1669016,0,0,0,0,0,0,0,0,0,0,0,0,35389619,35426805,35627,35683,2358,0,0,0,0,0,0,0,0
1778081970.0442748,g5.hpc.coe,40875,0.5001,0,100.0,2035.0,12288.0,87787192382,88808192638,89773491,91328418,1669055,0,0,0,0,0,0,0,0,0,0,0,0,34699728,34736712,34892,34926,39,0,0,0,0,0,0,0,0
1778081970.5443647,g5.hpc.coe,40875,0.5001,0,100.0,2035.0,12288.0,87828141935,88849186721,89814605,91369591,1670197,0,0,0,0,0,0,0,0,0,0,0,0,40949553,40994083,41114,41173,1142,0,0,0,0,0,0,0,0
1778081971.0444643,g5.hpc.coe,40875,0.5001,0,100.0,2035.0,12288.0,87863531760,88884613484,89850241,91405268,1670238,0,0,0,0,0,0,0,0,0,0,0,0,35389825,35426763,35636,35677,41,0,0,0,0,0,0,0,0
1778081971.5445676,g5.hpc.coe,40875,0.5001,0,100.0,2035.0,12288.0,87904481508,88925607616,89891358,91446439,1670300,0,0,0,0,0,0,0,0,0,0,0,0,40949748,40994132,41117,41171,62,0,0,0,0,0,0,0,0
1778081972.044662,g5.hpc.coe,40875,0.5001,0,100.0,2035.0,12288.0,87939871457,88961034373,89926996,91482113,1672665,0,0,0,0,0,0,0,0,0,0,0,0,35389949,35426757,35638,35674,2365,0,0,0,0,0,0,0,0
1778081972.5447543,g5.hpc.coe,40875,0.5001,0,100.0,2035.0,12288.0,87974571396,88995771107,89961882,91517040,1672699,0,0,0,0,0,0,0,0,0,0,0,0,34699939,34736734,34886,34927,34,0,0,0,0,0,0,0,0
1778081973.0448499,g5.hpc.coe,40875,0.5001,0,100.0,2035.0,12288.0,88015521266,89036765198,90003005,91558212,1673914,0,0,0,0,0,0,0,0,0,0,0,0,40949870,40994091,41123,41172,1215,0,0,0,0,0,0,0,0
1778081973.5449488,g5.hpc.coe,40875,0.5001,0,100.0,2035.0,12288.0,88050911408,89072191913,90038650,91593880,1674479,0,0,0,0,0,0,0,0,0,0,0,0,35390142,35426715,35645,35668,565,0,0,0,0,0,0,0,0
1778081974.0450432,g5.hpc.coe,40875,0.5001,0,100.0,2035.0,12288.0,88091861352,89113185941,90079770,91635043,1675477,0,0,0,0,0,0,0,0,0,0,0,0,40949944,40994028,41120,41163,998,0,0,0,0,0,0,0,0
1778081974.5451365,g5.hpc.coe,40875,0.5001,0,100.0,2035.0,12288.0,88127251505,89148612705,90115403,91670718,1676407,0,0,0,0,0,0,0,0,0,0,0,0,35390153,35426764,35633,35675,930,0,0,0,0,0,0,0,0
1778081975.045233,g5.hpc.coe,40875,0.5001,0,100.0,2035.0,12288.0,88161951725,89183349425,90150295,91705643,1676649,0,0,0,0,0,0,0,0,0,0,0,0,34700220,34736720,34892,34925,242,0,0,0,0,0,0,0,0
1778081975.5453284,g5.hpc.coe,40875,0.5001,0,100.0,2035.0,12288.0,88202901861,89224343432,90191422,91746803,1678314,0,0,0,0,0,0,0,0,0,0,0,0,40950136,40994007,41127,41160,1665,0,0,0,0,0,0,0,0
1778081976.0454242,g5.hpc.coe,40875,0.5001,0,100.0,2035.0,12288.0,88238292157,89259770147,90227055,91782471,1678353,0,0,0,0,0,0,0,0,0,0,0,0,35390296,35426715,35633,35668,39,0,0,0,0,0,0,0,0
1778081976.5455215,g5.hpc.coe,40875,0.5001,0,100.0,2035.0,12288.0,88279242452,89300764300,90268182,91823645,1680235,0,0,0,0,0,0,0,0,0,0,0,0,40950295,40994153,41127,41174,1882,0,0,0,0,0,0,0,0
1778081977.0456166,g5.hpc.coe,40875,0.5001,0,100.0,2035.0,12288.0,88314633573,89336191469,90303843,91859322,1681858,0,0,0,0,0,0,0,0,0,0,0,0,35391121,35427169,35661,35677,1623,0,0,0,0,0,0,0,0
1778081977.5457165,g5.hpc.coe,40875,0.5001,0,100.0,2035.0,12288.0,88349334110,89370928196,90338744,91894248,1681930,0,0,0,0,0,0,0,0,0,0,0,0,34700537,34736727,34901,34926,72,0,0,0,0,0,0,0,0
1778081978.0458136,g5.hpc.coe,40875,0.5001,0,100.0,2035.0,12288.0,88390283369,89411922209,90379860,91935411,1682592,0,0,0,0,0,0,0,0,0,0,0,0,40949259,40994013,41116,41163,662,0,0,0,0,0,0,0,0
1778081978.545905,g5.hpc.coe,40875,0.5001,0,100.0,2035.0,12288.0,88425672900,89447348993,90415498,91971091,1682650,0,0,0,0,0,0,0,0,0,0,0,0,35389531,35426784,35638,35680,58,0,0,0,0,0,0,0,0
1778081979.0460007,g5.hpc.coe,40875,0.5001,0,100.0,2035.0,12288.0,88466622317,89488343027,90456623,92012257,1683236,0,0,0,0,0,0,0,0,0,0,0,0,40949417,40994034,41125,41166,586,0,0,0,0,0,0,0,0
1778081979.5460927,g5.hpc.coe,40875,0.5001,0,100.0,2035.0,12288.0,88502011887,89523769741,90492253,92047927,1683964,0,0,0,0,0,0,0,0,0,0,0,0,35389570,35426714,35630,35670,728,0,0,0,0,0,0,0,0
1778081980.0461867,g5.hpc.coe,40875,0.5001,0,100.0,2035.0,12288.0,88536711566,89558506390,90527148,92082844,1683999,0,0,0,0,0,0,0,0,0,0,0,0,34699679,34736649,34895,34917,35,0,0,0,0,0,0,0,0
1778081980.5462818,g5.hpc.coe,40875,0.5001,0,100.0,2035.0,12288.0,88577661105,89599500424,90568270,92124010,1686036,0,0,0,0,0,0,0,0,0,0,0,0,40949539,40994034,41122,41166,2037,0,0,0,0,0,0,0,0
1778081981.0463839,g5.hpc.coe,40875,0.5001,0,100.0,2035.0,12288.0,88613050888,89634927124,90603910,92159678,1686076,0,0,0,0,0,0,0,0,0,0,0,0,35389783,35426700,35640,35668,40,0,0,0,0,0,0,0,0
1778081981.546478,g5.hpc.coe,40875,0.5001,0,100.0,2035.0,12288.0,88654000572,89675921227,90645030,92200847,1688105,0,0,0,0,0,0,0,0,0,0,0,0,40949684,40994103,41120,41169,2029,0,0,0,0,0,0,0,0
1778081982.0465746,g5.hpc.coe,40875,0.5001,0,100.0,2035.0,12288.0,88689390444,89711347976,90680669,92236522,1689050,0,0,0,0,0,0,0,0,0,0,0,0,35389872,35426749,35639,35675,945,0,0,0,0,0,0,0,0
1778081982.546672,g5.hpc.coe,40875,0.5001,0,100.0,2035.0,12288.0,88727437535,89750063685,90719420,92275608,1689080,0,0,0,0,0,0,0,0,0,0,0,0,38047091,38715709,38751,39086,30,0,0,0,0,0,0,0,0
1778081983.0467684,g5.hpc.coe,40875,0.5001,0,100.0,2035.0,12288.0,88765730192,89787768740,90757433,92313356,1690082,0,0,0,0,0,0,0,0,0,0,0,0,38292657,37705055,38013,37748,1002,0,0,0,0,0,0,0,0
1778081983.5468624,g5.hpc.coe,40875,0.5001,0,100.0,2035.0,12288.0,88800430185,89822505474,90792323,92348283,1691656,0,0,0,0,0,0,0,0,0,0,0,0,34699993,34736734,34890,34927,1574,0,0,0,0,0,0,0,0
1778081984.046953,g5.hpc.coe,40875,0.5001,0,100.0,2035.0,12288.0,88841380032,89863499593,90833439,92389459,1692156,0,0,0,0,0,0,0,0,0,0,0,0,40949847,40994119,41116,41176,500,0,0,0,0,0,0,0,0
1778081984.547049,g5.hpc.coe,40875,0.5001,0,100.0,2035.0,12288.0,88876770164,89898926343,90869079,92425132,1692190,0,0,0,0,0,0,0,0,0,0,0,0,35390132,35426750,35640,35673,34,0,0,0,0,0,0,0,0
1778081985.0471406,g5.hpc.coe,40875,0.5001,0,100.0,2035.0,12288.0,88916010152,89938833833,90909005,92465537,1692238,0,0,0,0,0,0,0,0,0,0,0,0,39239988,39907490,39926,40405,48,0,0,0,0,0,0,0,0
1778081985.5472379,g5.hpc.coe,40875,0.5001,0,100.0,2035.0,12288.0,88953110360,89975347135,90945839,92501970,1694073,0,0,0,0,0,0,0,0,0,0,0,0,37100208,36513302,36834,36433,1835,0,0,0,0,0,0,0,0
1778081986.0473351,g5.hpc.coe,40875,0.5001,0,100.0,2035.0,12288.0,88987810598,90010083890,90980730,92536900,1694125,0,0,0,0,0,0,0,0,0,0,0,0,34700238,34736755,34891,34930,52,0,0,0,0,0,0,0,0
1778081986.5474305,g5.hpc.coe,40875,0.5001,0,100.0,2035.0,12288.0,89028760780,90051078015,91021851,92578070,1694735,0,0,0,0,0,0,0,0,0,0,0,0,40950182,40994125,41121,41170,610,0,0,0,0,0,0,0,0
1778081987.0475214,g5.hpc.coe,40875,0.5001,0,100.0,2035.0,12288.0,89064151080,90086504772,91057481,92613744,1694777,0,0,0,0,0,0,0,0,0,0,0,0,35390300,35426757,35630,35674,42,0,0,0,0,0,0,0,0
1778081987.5476146,g5.hpc.coe,40875,0.5001,0,100.0,2035.0,12288.0,89104042535,90126691383,91098078,92654425,1695335,0,0,0,0,0,0,0,0,0,0,0,0,39891455,40186611,40597,40681,558,0,0,0,0,0,0,0,0
1778081988.0477083,g5.hpc.coe,40875,0.5001,0,100.0,2035.0,12288.0,89140491776,90162925711,91134240,92690603,1695380,0,0,0,0,0,0,0,0,0,0,0,0,36449241,36234328,36162,36178,45,0,0,0,0,0,0,0,0
1778081988.5478022,g5.hpc.coe,40875,0.5001,0,100.0,2035.0,12288.0,89175192246,90197662466,91169128,92725533,1695421,0,0,0,0,0,0,0,0,0,0,0,0,34700470,34736755,34888,34930,41,0,0,0,0,0,0,0,0
1778081989.0478961,g5.hpc.coe,40875,0.5001,0,100.0,2035.0,12288.0,89216141793,90238656776,91210250,92766707,1697626,0,0,0,0,0,0,0,0,0,0,0,0,40949547,40994310,41122,41174,2205,0,0,0,0,0,0,0,0
1778081989.5479898,g5.hpc.coe,40875,0.5001,0,100.0,2035.0,12288.0,89251531370,90274083539,91245889,92802384,1697667,0,0,0,0,0,0,0,0,0,0,0,0,35389577,35426763,35639,35677,41,0,0,0,0,0,0,0,0
1778081990.0480857,g5.hpc.coe,40875,0.5001,0,100.0,2035.0,12288.0,89292480714,90315077559,91287000,92843548,1698085,0,0,0,0,0,0,0,0,0,0,0,0,40949344,40994020,41111,41164,418,0,0,0,0,0,0,0,0
1778081990.5481825,g5.hpc.coe,40875,0.5001,0,100.0,2035.0,12288.0,89327870344,90350504392,91322635,92879235,1698229,0,0,0,0,0,0,0,0,0,0,0,0,35389630,35426833,35635,35687,144,0,0,0,0,0,0,0,0
1778081991.0482764,g5.hpc.coe,40875,0.5001,0,100.0,2035.0,12288.0,89362569998,90385241076,91357523,92914157,1698278,0,0,0,0,0,0,0,0,0,0,0,0,34699654,34736684,34888,34922,49,0,0,0,0,0,0,0,0
1778081991.54837,g5.hpc.coe,40875,0.5001,0,100.0,2035.0,12288.0,89403519506,90426235089,91398637,92955320,1699623,0,0,0,0,0,0,0,0,0,0,0,0,40949508,40994013,41114,41163,1345,0,0,0,0,0,0,0,0
1778081992.048466,g5.hpc.coe,40875,0.5001,0,100.0,2035.0,12288.0,89438909985,90461662375,91434290,92991009,1699770,0,0,0,0,0,0,0,0,0,0,0,0,35390479,35427286,35653,35689,147,0,0,0,0,0,0,0,0
1778081992.548564,g5.hpc.coe,40875,0.5001,0,100.0,2035.0,12288.0,89479859644,90502656444,91475412,93032180,1699919,0,0,0,0,0,0,0,0,0,0,0,0,40949659,40994069,41122,41171,149,0,0,0,0,0,0,0,0
1778081993.0486603,g5.hpc.coe,40875,0.5001,0,100.0,2035.0,12288.0,89515249554,90538083250,91511051,93067861,1702156,0,0,0,0,0,0,0,0,0,0,0,0,35389910,35426806,35639,35681,2237,0,0,0,0,0,0,0,0
1778081993.5487711,g5.hpc.coe,40875,0.5001,0,100.0,2035.0,12288.0,89549949454,90572820026,91545938,93102794,1702255,0,0,0,0,0,0,0,0,0,0,0,0,34699900,34736776,34887,34933,99,0,0,0,0,0,0,0,0
1778081994.0488698,g5.hpc.coe,40875,0.5001,0,100.0,2035.0,12288.0,89590899215,90613814047,91587052,93143956,1703886,0,0,0,0,0,0,0,0,0,0,0,0,40949761,40994021,41114,41162,1631,0,0,0,0,0,0,0,0
1778081994.5489674,g5.hpc.coe,40875,0.5001,0,100.0,2035.0,12288.0,89626289276,90649240790,91622692,93179628,1703917,0,0,0,0,0,0,0,0,0,0,0,0,35390061,35426743,35640,35672,31,0,0,0,0,0,0,0,0
1778081995.0490632,g5.hpc.coe,40875,0.5001,0,100.0,2035.0,12288.0,89667239188,90690234888,91663814,93220801,1704166,0,0,0,0,0,0,0,0,0,0,0,0,40949912,40994098,41122,41173,249,0,0,0,0,0,0,0,0
1778081995.5491571,g5.hpc.coe,40875,0.5001,0,100.0,2035.0,12288.0,89702629246,90725661687,91699440,93256481,1705371,0,0,0,0,0,0,0,0,0,0,0,0,35390058,35426799,35626,35680,1205,0,0,0,0,0,0,0,0
1778081996.049251,g5.hpc.coe,40875,0.5001,0,100.0,2035.0,12288.0,89737329427,90760398435,91734333,93291410,1705413,0,0,0,0,0,0,0,0,0,0,0,0,34700181,34736748,34893,34929,42,0,0,0,0,0,0,0,0
1778081996.5493464,g5.hpc.coe,40875,0.5001,0,100.0,2035.0,12288.0,89778279475,90801392575,91775454,93332589,1708464,0,0,0,0,0,0,0,0,0,0,0,0,40950048,40994140,41121,41179,3051,0,0,0,0,0,0,0,0
1778081997.049441,g5.hpc.coe,40875,0.5001,0,100.0,2035.0,12288.0,89813669858,90836819436,91811097,93368271,1708520,0,0,0,0,0,0,0,0,0,0,0,0,35390383,35426861,35643,35682,56,0,0,0,0,0,0,0,0
1778081997.5495365,g5.hpc.coe,40875,0.5001,0,100.0,2035.0,12288.0,89854619988,90877813478,91852216,93409436,1709601,0,0,0,0,0,0,0,0,0,0,0,0,40950130,40994042,41119,41165,1081,0,0,0,0,0,0,0,0
1778081998.0496333,g5.hpc.coe,40875,0.5001,0,100.0,2035.0,12288.0,89890010376,90913240291,91887855,93445118,1711435,0,0,0,0,0,0,0,0,0,0,0,0,35390388,35426813,35639,35682,1834,0,0,0,0,0,0,0,0
1778081998.5497265,g5.hpc.coe,40875,0.5001,0,100.0,2035.0,12288.0,89924710832,90947977081,91922751,93480053,1711486,0,0,0,0,0,0,0,0,0,0,0,0,34700456,34736790,34896,34935,51,0,0,0,0,0,0,0,0
1778081999.0498238,g5.hpc.coe,40875,0.5001,0,100.0,2035.0,12288.0,89965661162,90988971088,91963876,93521213,1713569,0,0,0,0,0,0,0,0,0,0,0,0,40950330,40994007,41125,41160,2083,0,0,0,0,0,0,0,0
1778081999.5499187,g5.hpc.coe,40875,0.5001,0,100.0,2035.0,12288.0,90001050682,91024397879,91999519,93556894,1713956,0,0,0,0,0,0,0,0,0,0,0,0,35389520,35426791,35643,35681,387,0,0,0,0,0,0,0,0
1778082000.0500157,g5.hpc.coe,40875,0.5001,0,100.0,2035.0,12288.0,90041999998,91065391899,92040636,93598058,1715084,0,0,0,0,0,0,0,0,0,0,0,0,40949316,40994020,41117,41164,1128,0,0,0,0,0,0,0,0
1778082000.5501094,g5.hpc.coe,40875,0.5001,0,100.0,2035.0,12288.0,90077389621,91100818641,92076280,93633732,1715900,0,0,0,0,0,0,0,0,0,0,0,0,35389623,35426742,35644,35674,816,0,0,0,0,0,0,0,0
1778082001.0502026,g5.hpc.coe,40875,0.5001,0,100.0,2035.0,12288.0,90112089220,91135555381,92111170,93668662,1716054,0,0,0,0,0,0,0,0,0,0,0,0,34699599,34736740,34890,34930,154,0,0,0,0,0,0,0,0
1778082001.5502992,g5.hpc.coe,40875,0.5001,0,100.0,2035.0,12288.0,90153038735,91176549394,92152295,93709825,1716264,0,0,0,0,0,0,0,0,0,0,0,0,40949515,40994013,41125,41163,210,0,0,0,0,0,0,0,0
1778082002.050393,g5.hpc.coe,40875,0.5001,0,100.0,2035.0,12288.0,90188428494,91211976282,92187929,93745513,1716306,0,0,0,0,0,0,0,0,0,0,0,0,35389759,35426888,35634,35688,42,0,0,0,0,0,0,0,0
1778082002.550487,g5.hpc.coe,40875,0.5001,0,100.0,2035.0,12288.0,90229378153,91252970337,92229061,93786682,1717236,0,0,0,0,0,0,0,0,0,0,0,0,40949659,40994055,41132,41169,930,0,0,0,0,0,0,0,0
1778082003.0505831,g5.hpc.coe,40875,0.5001,0,100.0,2035.0,12288.0,90264767944,91288397065,92264695,93822354,1717900,0,0,0,0,0,0,0,0,0,0,0,0,35389791,35426728,35634,35672,664,0,0,0,0,0,0,0,0
1778082003.5506773,g5.hpc.coe,40875,0.5001,0,100.0,2035.0,12288.0,90301753799,91326167917,92302379,93860675,1717939,0,0,0,0,0,0,0,0,0,0,0,0,36985855,37770852,37684,38321,39,0,0,0,0,0,0,0,0
1778082004.050773,g5.hpc.coe,40875,0.5001,0,100.0,2035.0,12288.0,90341107474,91364817863,92341443,93899195,1719415,0,0,0,0,0,0,0,0,0,0,0,0,39353675,38649946,39064,38520,1476,0,0,0,0,0,0,0,0
1778082004.5508695,g5.hpc.coe,40875,0.5001,0,100.0,2035.0,12288.0,90375807379,91399554562,92376327,93934117,1719451,0,0,0,0,0,0,0,0,0,0,0,0,34699905,34736699,34884,34922,36,0,0,0,0,0,0,0,0
1778082005.0509675,g5.hpc.coe,40875,0.5001,0,100.0,2035.0,12288.0,90416757179,91440548611,92417443,93975283,1720953,0,0,0,0,0,0,0,0,0,0,0,0,40949800,40994049,41116,41166,1502,0,0,0,0,0,0,0,0
1778082005.551062,g5.hpc.coe,40875,0.5001,0,100.0,2035.0,12288.0,90452147307,91475975368,92453089,94010957,1721004,0,0,0,0,0,0,0,0,0,0,0,0,35390128,35426757,35646,35674,51,0,0,0,0,0,0,0,0
1778082006.0511546,g5.hpc.coe,40875,0.5001,0,100.0,2035.0,12288.0,90491917801,91516186457,92493522,94051684,1723538,0,0,0,0,0,0,0,0,0,0,0,0,39770494,40211089,40433,40727,2534,0,0,0,0,0,0,0,0
1778082006.551246,g5.hpc.coe,40875,0.5001,0,100.0,2035.0,12288.0,90528487392,91552396153,92529846,94087794,1725804,0,0,0,0,0,0,0,0,0,0,0,0,36569591,36209696,36324,36110,2266,0,0,0,0,0,0,0,0
1778082007.0513384,g5.hpc.coe,40875,0.5001,0,100.0,2035.0,12288.0,90563188214,91587133417,92564744,94122734,1725848,0,0,0,0,0,0,0,0,0,0,0,0,34700822,34737264,34898,34940,44,0,0,0,0,0,0,0,0
1778082007.551432,g5.hpc.coe,40875,0.5001,0,100.0,2035.0,12288.0,90604138295,91628127501,92605866,94163905,1726493,0,0,0,0,0,0,0,0,0,0,0,0,40950081,40994084,41122,41171,645,0,0,0,0,0,0,0,0
1778082008.0515323,g5.hpc.coe,40875,0.5001,0,100.0,2035.0,12288.0,90639528605,91663554356,92641504,94199593,1726534,0,0,0,0,0,0,0,0,0,0,0,0,35390310,35426855,35638,35688,41,0,0,0,0,0,0,0,0
1778082008.551626,g5.hpc.coe,40875,0.5001,0,100.0,2035.0,12288.0,90680478767,91704548447,92682624,94240765,1726592,0,0,0,0,0,0,0,0,0,0,0,0,40950162,40994091,41120,41172,58,0,0,0,0,0,0,0,0
1778082009.0517225,g5.hpc.coe,40875,0.5001,0,100.0,2035.0,12288.0,90715869187,91739975274,92718262,94276449,1728165,0,0,0,0,0,0,0,0,0,0,0,0,35390420,35426827,35638,35684,1573,0,0,0,0,0,0,0,0
1778082009.551813,g5.hpc.coe,40875,0.5001,0,100.0,2035.0,12288.0,90750569611,91774712015,92753150,94311377,1728468,0,0,0,0,0,0,0,0,0,0,0,0,34700424,34736741,34888,34928,303,0,0,0,0,0,0,0,0
1778082010.0519068,g5.hpc.coe,40875,0.5001,0,100.0,2035.0,12288.0,90791519959,91815706064,92794274,94352543,1729625,0,0,0,0,0,0,0,0,0,0,0,0,40950348,40994049,41124,41166,1157,0,0,0,0,0,0,0,0
1778082010.5520005,g5.hpc.coe,40875,0.5001,0,100.0,2035.0,12288.0,90826909434,91851132806,92829907,94388217,1729672,0,0,0,0,0,0,0,0,0,0,0,0,35389475,35426742,35633,35674,47,0,0,0,0,0,0,0,0
1778082011.052094,g5.hpc.coe,40875,0.5001,0,100.0,2035.0,12288.0,90867858725,91892126868,92871017,94429387,1729990,0,0,0,0,0,0,0,0,0,0,0,0,40949291,40994062,41110,41170,318,0,0,0,0,0,0,0,0
1778082011.552186,g5.hpc.coe,40875,0.5001,0,100.0,2035.0,12288.0,90903248358,91927553631,92906659,94465064,1732434,0,0,0,0,0,0,0,0,0,0,0,0,35389633,35426763,35642,35677,2444,0,0,0,0,0,0,0,0
1778082012.0522804,g5.hpc.coe,40875,0.5001,0,100.0,2035.0,12288.0,90937948022,91962290315,92941555,94499986,1732473,0,0,0,0,0,0,0,0,0,0,0,0,34699664,34736684,34896,34922,39,0,0,0,0,0,0,0,0
1778082012.5523815,g5.hpc.coe,40875,0.5001,0,100.0,2035.0,12288.0,90978897574,92003284432,92982675,94541157,1732517,0,0,0,0,0,0,0,0,0,0,0,0,40949552,40994117,41120,41171,44,0,0,0,0,0,0,0,0
1778082013.0524764,g5.hpc.coe,40875,0.5001,0,100.0,2035.0,12288.0,91014287300,92038711202,93018310,94576835,1732556,0,0,0,0,0,0,0,0,0,0,0,0,35389726,35426770,35635,35678,39,0,0,0,0,0,0,0,0
1778082013.5525675,g5.hpc.coe,40875,0.5001,0,100.0,2035.0,12288.0,91055236906,92079705180,93059431,94617993,1732600,0,0,0,0,0,0,0,0,0,0,0,0,40949606,40993978,41121,41158,44,0,0,0,0,0,0,0,0
1778082014.0526643,g5.hpc.coe,40875,0.5001,0,100.0,2035.0,12288.0,91090626734,92115131929,93095067,94653668,1734074,0,0,0,0,0,0,0,0,0,0,0,0,35389828,35426749,35636,35675,1474,0,0,0,0,0,0,0,0
1778082014.5527575,g5.hpc.coe,40875,0.5001,0,100.0,2035.0,12288.0,91125326574,92149868712,93129952,94688602,1734294,0,0,0,0,0,0,0,0,0,0,0,0,34699840,34736783,34885,34934,220,0,0,0,0,0,0,0,0
1778082015.052852,g5.hpc.coe,40875,0.5001,0,100.0,2035.0,12288.0,91166276324,92190862726,93171071,94729763,1734421,0,0,0,0,0,0,0,0,0,0,0,0,40949750,40994014,41119,41161,127,0,0,0,0,0,0,0,0
1778082015.5529447,g5.hpc.coe,40875,0.5001,0,100.0,2035.0,12288.0,91201666311,92226289483,93206707,94765437,1735355,0,0,0,0,0,0,0,0,0,0,0,0,35389987,35426757,35636,35674,934,0,0,0,0,0,0,0,0
1778082016.053048,g5.hpc.coe,40875,0.5001,0,100.0,2035.0,12288.0,91242616128,92267283504,93247822,94806599,1735542,0,0,0,0,0,0,0,0,0,0,0,0,40949817,40994021,41115,41162,187,0,0,0,0,0,0,0,0
1778082016.5531423,g5.hpc.coe,40875,0.5001,0,100.0,2035.0,12288.0,91278006224,92302710254,93283460,94842272,1737883,0,0,0,0,0,0,0,0,0,0,0,0,35390096,35426750,35638,35673,2341,0,0,0,0,0,0,0,0
1778082017.0532353,g5.hpc.coe,40875,0.5001,0,100.0,2035.0,12288.0,91312706303,92337447044,93318345,94877207,1738103,0,0,0,0,0,0,0,0,0,0,0,0,34700079,34736790,34885,34935,220,0,0,0,0,0,0,0,0
1778082017.5533273,g5.hpc.coe,40875,0.5001,0,100.0,2035.0,12288.0,91353656390,92378441162,93359469,94918376,1739857,0,0,0,0,0,0,0,0,0,0,0,0,40950087,40994118,41124,41169,1754,0,0,0,0,0,0,0,0
1778082018.0534205,g5.hpc.coe,40875,0.5001,0,100.0,2035.0,12288.0,91389046658,92413867961,93395111,94954056,1739912,0,0,0,0,0,0,0,0,0,0,0,0,35390268,35426799,35642,35680,55,0,0,0,0,0,0,0,0
1778082018.5535197,g5.hpc.coe,40875,0.5001,0,100.0,2035.0,12288.0,91429996805,92454862017,93436239,94995223,1739962,0,0,0,0,0,0,0,0,0,0,0,0,40950147,40994056,41128,41167,50,0,0,0,0,0,0,0,0
1778082019.053615,g5.hpc.coe,40875,0.5001,0,100.0,2035.0,12288.0,91465387175,92490288781,93471882,95030898,1740846,0,0,0,0,0,0,0,0,0,0,0,0,35390370,35426764,35643,35675,884,0,0,0,0,0,0,0,0
1778082019.5537095,g5.hpc.coe,40875,0.5001,0,100.0,2035.0,12288.0,91500087485,92525025522,93506873,95065936,1740888,0,0,0,0,0,0,0,0,0,0,0,0,34700310,34736741,34991,35038,42,0,0,0,0,0,0,0,0
1778082020.0538037,g5.hpc.coe,40875,0.5001,0,100.0,2035.0,12288.0,91541037769,92566019543,93547891,95106988,1740967,0,0,0,0,0,0,0,0,0,0,0,0,40950284,40994021,41018,41052,79,0,0,0,0,0,0,0,0
1778082020.553897,g5.hpc.coe,40875,0.5001,0,100.0,2035.0,12288.0,91576428240,92601446356,93583526,95142670,1741427,0,0,0,0,0,0,0,0,0,0,0,0,35390471,35426813,35635,35682,460,0,0,0,0,0,0,0,0
1778082021.0539913,g5.hpc.coe,40875,0.5001,0,100.0,2035.0,12288.0,91617377523,92642440432,93624645,95183842,1741481,0,0,0,0,0,0,0,0,0,0,0,0,40949283,40994076,41119,41172,54,0,0,0,0,0,0,0,0
1778082021.554087,g5.hpc.coe,40875,0.5001,0,100.0,2035.0,12288.0,91652767007,92677867181,93660276,95219517,1743565,0,0,0,0,0,0,0,0,0,0,0,0,35389484,35426749,35631,35675,2084,0,0,0,0,0,0,0,0
1778082022.0541842,g5.hpc.coe,40875,0.5001,0,100.0,2035.0,12288.0,91691957573,92717746743,93700181,95259907,1743613,0,0,0,0,0,0,0,0,0,0,0,0,39190566,39879562,39905,40390,48,0,0,0,0,0,0,0,0
1778082022.5542822,g5.hpc.coe,40875,0.5001,0,100.0,2035.0,12288.0,91728753909,92754258696,93737048,95296370,1746232,0,0,0,0,0,0,0,0,0,0,0,0,36796336,36511953,36867,36463,2619,0,0,0,0,0,0,0,0
1778082023.0543811,g5.hpc.coe,40875,0.5001,0,100.0,2035.0,12288.0,91763806373,92789025269,93771942,95331306,1746279,0,0,0,0,0,0,0,0,0,0,0,0,35052464,34766573,34894,34936,47,0,0,0,0,0,0,0,0
1778082023.5544753,g5.hpc.coe,40875,0.5001,0,100.0,2035.0,12288.0,91804755922,92830019240,93813065,95372463,1746307,0,0,0,0,0,0,0,0,0,0,0,0,40949549,40993971,41123,41157,28,0,0,0,0,0,0,0,0
1778082024.054569,g5.hpc.coe,40875,0.5001,0,100.0,2035.0,12288.0,91840145651,92865446003,93848697,95408140,1746347,0,0,0,0,0,0,0,0,0,0,0,0,35389729,35426763,35632,35677,40,0,0,0,0,0,0,0,0
1778082024.5546632,g5.hpc.coe,40875,0.5001,0,100.0,2035.0,12288.0,91881095260,92906439995,93889815,95449300,1746399,0,0,0,0,0,0,0,0,0,0,0,0,40949609,40993992,41118,41160,52,0,0,0,0,0,0,0,0
1778082025.054758,g5.hpc.coe,40875,0.5001,0,100.0,2035.0,12288.0,91916485112,92941866758,93925451,95484977,1746975,0,0,0,0,0,0,0,0,0,0,0,0,35389852,35426763,35636,35677,576,0,0,0,0,0,0,0,0
1778082025.5548527,g5.hpc.coe,40875,0.5001,0,100.0,2035.0,12288.0,91951184990,92976603513,93960338,95519907,1747032,0,0,0,0,0,0,0,0,0,0,0,0,34699878,34736755,34887,34930,57,0,0,0,0,0,0,0,0
1778082026.054945,g5.hpc.coe,40875,0.5001,0,100.0,2035.0,12288.0,91992134805,93017597527,94001463,95561068,1747077,0,0,0,0,0,0,0,0,0,0,0,0,40949815,40994014,41125,41161,45,0,0,0,0,0,0,0,0
1778082026.55504,g5.hpc.coe,40875,0.5001,0,100.0,2035.0,12288.0,92027524765,93053024340,94037092,95596750,1748270,0,0,0,0,0,0,0,0,0,0,0,0,35389960,35426813,35629,35682,1193,0,0,0,0,0,0,0,0
1778082027.055133,g5.hpc.coe,40875,0.5001,0,100.0,2035.0,12288.0,92068474626,93094018375,94078210,95637914,1748317,0,0,0,0,0,0,0,0,0,0,0,0,40949861,40994035,41118,41164,47,0,0,0,0,0,0,0,0
1778082027.5552306,g5.hpc.coe,40875,0.5001,0,100.0,2035.0,12288.0,92103864751,93129445180,94113840,95673588,1749347,0,0,0,0,0,0,0,0,0,0,0,0,35390125,35426805,35630,35674,1030,0,0,0,0,0,0,0,0
1778082028.055325,g5.hpc.coe,40875,0.5001,0,100.0,2035.0,12288.0,92138564936,93164181900,94148737,95708513,1749725,0,0,0,0,0,0,0,0,0,0,0,0,34700185,34736720,34897,34925,378,0,0,0,0,0,0,0,0
1778082028.555417,g5.hpc.coe,40875,0.5001,0,100.0,2035.0,12288.0,92179515003,93205176012,94189864,95749688,1749769,0,0,0,0,0,0,0,0,0,0,0,0,40950067,40994112,41127,41175,44,0,0,0,0,0,0,0,0
1778082029.0555158,g5.hpc.coe,40875,0.5001,0,100.0,2035.0,12288.0,92214905285,93240602825,94225505,95785370,1750348,0,0,0,0,0,0,0,0,0,0,0,0,35390282,35426813,35641,35682,579,0,0,0,0,0,0,0,0
1778082029.5556123,g5.hpc.coe,40875,0.5001,0,100.0,2035.0,12288.0,92255855370,93281596965,94266621,95826549,1750392,0,0,0,0,0,0,0,0,0,0,0,0,40950085,40994140,41116,41179,44,0,0,0,0,0,0,0,0
1778082030.055706,g5.hpc.coe,40875,0.5001,0,100.0,2035.0,12288.0,92291245733,93317023757,94302260,95862228,1751125,0,0,0,0,0,0,0,0,0,0,0,0,35390363,35426792,35639,35679,733,0,0,0,0,0,0,0,0
1778082030.5558012,g5.hpc.coe,40875,0.5001,0,100.0,2035.0,12288.0,92325946178,93351760512,94337158,95897158,1751407,0,0,0,0,0,0,0,0,0,0,0,0,34700445,34736755,34898,34930,282,0,0,0,0,0,0,0,0
1778082031.0558963,g5.hpc.coe,40875,0.5001,0,100.0,2035.0,12288.0,92366896420,93392754603,94378274,95938330,1751454,0,0,0,0,0,0,0,0,0,0,0,0,40950242,40994091,41116,41172,47,0,0,0,0,0,0,0,0
1778082031.5559888,g5.hpc.coe,40875,0.5001,0,100.0,2035.0,12288.0,92402286878,93428181325,94413904,95973999,1753291,0,0,0,0,0,0,0,0,0,0,0,0,35390458,35426722,35630,35669,1837,0,0,0,0,0,0,0,0
1778082032.056079,g5.hpc.coe,40875,0.5001,0,100.0,2035.0,12288.0,92443236204,93469175373,94455026,96015167,1753331,0,0,0,0,0,0,0,0,0,0,0,0,40949326,40994048,41122,41168,40,0,0,0,0,0,0,0,0
1778082032.5561733,g5.hpc.coe,40875,0.5001,0,100.0,2035.0,12288.0,92478625766,93504602073,94490665,96050835,1754115,0,0,0,0,0,0,0,0,0,0,0,0,35389562,35426700,35639,35668,784,0,0,0,0,0,0,0,0
1778082033.056267,g5.hpc.coe,40875,0.5001,0,100.0,2035.0,12288.0,92513325388,93539338792,94525562,96085762,1754146,0,0,0,0,0,0,0,0,0,0,0,0,34699622,34736719,34897,34927,31,0,0,0,0,0,0,0,0
1778082033.556364,g5.hpc.coe,40875,0.5001,0,100.0,2035.0,12288.0,92554447970,93580654941,94567123,96127547,1754189,0,0,0,0,0,0,0,0,0,0,0,0,41122582,41316149,41561,41785,43,0,0,0,0,0,0,0,0
1778082034.0564601,g5.hpc.coe,40875,0.5001,0,100.0,2035.0,12288.0,92589664490,93615759533,94602313,96162597,1754224,0,0,0,0,0,0,0,0,0,0,0,0,35216520,35104592,35190,35050,35,0,0,0,0,0,0,0,0
1778082034.5565538,g5.hpc.coe,40875,0.5001,0,100.0,2035.0,12288.0,92630613997,93656753518,94643427,96203756,1754261,0,0,0,0,0,0,0,0,0,0,0,0,40949507,40993985,41114,41159,37,0,0,0,0,0,0,0,0
1778082035.0566475,g5.hpc.coe,40875,0.5001,0,100.0,2035.0,12288.0,92666003768,93692180218,94679062,96239424,1756063,0,0,0,0,0,0,0,0,0,0,0,0,35389771,35426700,35635,35668,1802,0,0,0,0,0,0,0,0
1778082035.5567389,g5.hpc.coe,40875,0.5001,0,100.0,2035.0,12288.0,92700703564,93726916909,94713950,96274347,1758307,0,0,0,0,0,0,0,0,0,0,0,0,34699796,34736691,34888,34923,2244,0,0,0,0,0,0,0,0
1778082036.0568292,g5.hpc.coe,40875,0.5001,0,100.0,2035.0,12288.0,92742343252,93768601002,94755811,96316263,1758367,0,0,0,0,0,0,0,0,0,0,0,0,41639688,41684093,41861,41916,60,0,0,0,0,0,0,0,0
1778082036.5569255,g5.hpc.coe,40875,0.5001,0,100.0,2035.0,12288.0,92777043180,93803337778,94790702,96351196,1760255,0,0,0,0,0,0,0,0,0,0,0,0,34699928,34736776,34891,34933,1888,0,0,0,0,0,0,0,0
1778082037.057022,g5.hpc.coe,40875,0.5001,0,100.0,2035.0,12288.0,92817993606,93844332260,94831837,96392368,1760311,0,0,0,0,0,0,0,0,0,0,0,0,40950426,40994482,41135,41172,56,0,0,0,0,0,0,0,0
1778082037.5571158,g5.hpc.coe,40875,0.5001,0,100.0,2035.0,12288.0,92853383659,93879758989,94867476,96428038,1760652,0,0,0,0,0,0,0,0,0,0,0,0,35390053,35426729,35639,35670,341,0,0,0,0,0,0,0,0
1778082038.0572107,g5.hpc.coe,40875,0.5001,0,100.0,2035.0,12288.0,92888083807,93914495806,94902369,96462970,1761043,0,0,0,0,0,0,0,0,0,0,0,0,34700148,34736817,34893,34932,391,0,0,0,0,0,0,0,0
1778082038.557306,g5.hpc.coe,40875,0.5001,0,100.0,2035.0,12288.0,92929033746,93955602988,94943496,96504307,1762305,0,0,0,0,0,0,0,0,0,0,0,0,40949939,41107182,41127,41337,1262,0,0,0,0,0,0,0,0
1778082039.0574012,g5.hpc.coe,40875,0.5001,0,100.0,2035.0,12288.0,92964423963,93990916633,94979130,96539813,1763113,0,0,0,0,0,0,0,0,0,0,0,0,35390217,35313645,35634,35506,808,0,0,0,0,0,0,0,0
1778082039.5574973,g5.hpc.coe,40875,0.5001,0,100.0,2035.0,12288.0,93005373927,94031910668,95020239,96580977,1763170,0,0,0,0,0,0,0,0,0,0,0,0,40949964,40994035,41109,41164,57,0,0,0,0,0,0,0,0
1778082040.0575929,g5.hpc.coe,40875,0.5001,0,100.0,2035.0,12288.0,93040764198,94067337404,95055875,96616648,1763915,0,0,0,0,0,0,0,0,0,0,0,0,35390271,35426736,35636,35671,745,0,0,0,0,0,0,0,0
1778082040.557687,g5.hpc.coe,40875,0.5001,0,100.0,2035.0,12288.0,93078846683,94105826431,95094630,96655736,1763946,0,0,0,0,0,0,0,0,0,0,0,0,38082485,38489027,38755,39088,31,0,0,0,0,0,0,0,0
1778082041.057782,g5.hpc.coe,40875,0.5001,0,100.0,2035.0,12288.0,93117104714,94143758140,95132633,96693478,1764161,0,0,0,0,0,0,0,0,0,0,0,0,38258031,37931709,38003,37742,215,0,0,0,0,0,0,0,0
1778082041.557879,g5.hpc.coe,40875,0.5001,0,100.0,2035.0,12288.0,93151805119,94178494846,95167522,96728401,1764471,0,0,0,0,0,0,0,0,0,0,0,0,34700405,34736706,34889,34923,310,0,0,0,0,0,0,0,0
1778082042.057974,g5.hpc.coe,40875,0.5001,0,100.0,2035.0,12288.0,93192755434,94219488881,95208645,96769565,1764640,0,0,0,0,0,0,0,0,0,0,0,0,40950315,40994035,41123,41164,169,0,0,0,0,0,0,0,0
1778082042.5580719,g5.hpc.coe,40875,0.5001,0,100.0,2035.0,12288.0,93228144910,94254915679,95244282,96805247,1764687,0,0,0,0,0,0,0,0,0,0,0,0,35389476,35426798,35637,35682,47,0,0,0,0,0,0,0,0
1778082043.0581656,g5.hpc.coe,40875,0.5001,0,100.0,2035.0,12288.0,93269094157,94295902200,95285394,96846398,1764724,0,0,0,0,0,0,0,0,0,0,0,0,40949247,40986521,41112,41151,37,0,0,0,0,0,0,0,0
1778082043.5582612,g5.hpc.coe,40875,0.5001,0,100.0,2035.0,12288.0,93304483886,94331336482,95321040,96882084,1764774,0,0,0,0,0,0,0,0,0,0,0,0,35389729,35434282,35646,35686,50,0,0,0,0,0,0,0,0
1778082044.0583594,g5.hpc.coe,40875,0.5001,0,100.0,2035.0,12288.0,93339183489,94366073257,95355931,96917019,1764930,0,0,0,0,0,0,0,0,0,0,0,0,34699603,34736775,34891,34935,156,0,0,0,0,0,0,0,0
1778082044.5584593,g5.hpc.coe,40875,0.5001,0,100.0,2035.0,12288.0,93380132966,94407067305,95397051,96958187,1765156,0,0,0,0,0,0,0,0,0,0,0,0,40949477,40994048,41120,41168,226,0,0,0,0,0,0,0,0
1778082045.0585508,g5.hpc.coe,40875,0.5001,0,100.0,2035.0,12288.0,93415522694,94442494026,95432690,96993858,1765196,0,0,0,0,0,0,0,0,0,0,0,0,35389728,35426721,35639,35671,40,0,0,0,0,0,0,0,0
1778082045.558645,g5.hpc.coe,40875,0.5001,0,100.0,2035.0,12288.0,93456472302,94483488074,95473815,97035026,1765244,0,0,0,0,0,0,0,0,0,0,0,0,40949608,40994048,41125,41168,48,0,0,0,0,0,0,0,0
1778082046.0587423,g5.hpc.coe,40875,0.5001,0,100.0,2035.0,12288.0,93491862153,94518914809,95509458,97070699,1766311,0,0,0,0,0,0,0,0,0,0,0,0,35389851,35426735,35643,35673,1067,0,0,0,0,0,0,0,0
1778082046.5588388,g5.hpc.coe,40875,0.5001,0,100.0,2035.0,12288.0,93526561966,94553651556,95544345,97105630,1766345,0,0,0,0,0,0,0,0,0,0,0,0,34699813,34736747,34887,34931,34,0,0,0,0,0,0,0,0
1778082047.058936,g5.hpc.coe,40875,0.5001,0,100.0,2035.0,12288.0,93567511675,94594645633,95585462,97146800,1771040,0,0,0,0,0,0,0,0,0,0,0,0,40949709,40994077,41117,41170,4695,0,0,0,0,0,0,0,0
1778082047.5590286,g5.hpc.coe,40875,0.5001,0,100.0,2035.0,12288.0,93602901670,94630072481,95621103,97182487,1771089,0,0,0,0,0,0,0,0,0,0,0,0,35389995,35426848,35641,35687,49,0,0,0,0,0,0,0,0
1778082048.059123,g5.hpc.coe,40875,0.5001,0,100.0,2035.0,12288.0,93643851545,94671066592,95662221,97223655,1771441,0,0,0,0,0,0,0,0,0,0,0,0,40949875,40994111,41118,41168,352,0,0,0,0,0,0,0,0
1778082048.559217,g5.hpc.coe,40875,0.5001,0,100.0,2035.0,12288.0,93679241663,94706493328,95697866,97259326,1772349,0,0,0,0,0,0,0,0,0,0,0,0,35390118,35426736,35645,35671,908,0,0,0,0,0,0,0,0
1778082049.059313,g5.hpc.coe,40875,0.5001,0,100.0,2035.0,12288.0,93713941993,94741230310,95732759,97294257,1772395,0,0,0,0,0,0,0,0,0,0,0,0,34700330,34736982,34893,34931,46,0,0,0,0,0,0,0,0
1778082049.5594065,g5.hpc.coe,40875,0.5001,0,100.0,2035.0,12288.0,93754891962,94782224387,95773877,97335427,1773614,0,0,0,0,0,0,0,0,0,0,0,0,40949969,40994077,41118,41170,1219,0,0,0,0,0,0,0,0
1778082050.059504,g5.hpc.coe,40875,0.5001,0,100.0,2035.0,12288.0,93790282167,94817651193,95809514,97371108,1773897,0,0,0,0,0,0,0,0,0,0,0,0,35390205,35426806,35637,35681,283,0,0,0,0,0,0,0,0
1778082050.5595968,g5.hpc.coe,40875,0.5001,0,100.0,2035.0,12288.0,93831232272,94858645235,95850640,97412273,1774959,0,0,0,0,0,0,0,0,0,0,0,0,40950105,40994042,41126,41165,1062,0,0,0,0,0,0,0,0
1778082051.0597143,g5.hpc.coe,40875,0.5001,0,100.0,2035.0,12288.0,93866622607,94894071978,95886282,97447945,1776832,0,0,0,0,0,0,0,0,0,0,0,0,35390335,35426743,35642,35672,1873,0,0,0,0,0,0,0,0
1778082051.5598078,g5.hpc.coe,40875,0.5001,0,100.0,2035.0,12288.0,93901322981,94928808747,95921179,97482877,1787907,0,0,0,0,0,0,0,0,0,0,0,0,34700374,34736769,34897,34932,11075,0,0,0,0,0,0,0,0
1778082052.0599034,g5.hpc.coe,40875,0.5001,0,100.0,2035.0,12288.0,93942273827,94969803278,95962314,97524056,1789540,0,0,0,0,0,0,0,0,0,0,0,0,40950846,40994531,41135,41179,1633,0,0,0,0,0,0,0,0
1778082052.5600004,g5.hpc.coe,40875,0.5001,0,100.0,2035.0,12288.0,93977664238,95005230105,95997944,97559740,1789617,0,0,0,0,0,0,0,0,0,0,0,0,35390411,35426827,35630,35684,77,0,0,0,0,0,0,0,0
1778082053.0600944,g5.hpc.coe,40875,0.5001,0,100.0,2035.0,12288.0,94018614604,95046224265,96039064,97600915,1789662,0,0,0,0,0,0,0,0,0,0,0,0,40950366,40994160,41120,41175,45,0,0,0,0,0,0,0,0
1778082053.5601847,g5.hpc.coe,40875,0.5001,0,100.0,2035.0,12288.0,94054004085,95081650993,96074696,97636587,1790135,0,0,0,0,0,0,0,0,0,0,0,0,35389481,35426728,35632,35672,473,0,0,0,0,0,0,0,0
1778082054.0602794,g5.hpc.coe,40875,0.5001,0,100.0,2035.0,12288.0,94088703554,95116387705,96109578,97671513,1791474,0,0,0,0,0,0,0,0,0,0,0,0,34699469,34736712,34882,34926,1339,0,0,0,0,0,0,0,0
1778082054.5603838,g5.hpc.coe,40875,0.5001,0,100.0,2035.0,12288.0,94129652975,95157381753,96150700,97712681,1793033,0,0,0,0,0,0,0,0,0,0,0,0,40949421,40994048,41122,41168,1559,0,0,0,0,0,0,0,0
1778082055.0604777,g5.hpc.coe,40875,0.5001,0,100.0,2035.0,12288.0,94165042598,95192808502,96186334,97748356,1793392,0,0,0,0,0,0,0,0,0,0,0,0,35389623,35426749,35634,35675,359,0,0,0,0,0,0,0,0
1778082055.5605686,g5.hpc.coe,40875,0.5001,0,100.0,2035.0,12288.0,94205992080,95233802550,96227451,97789524,1795235,0,0,0,0,0,0,0,0,0,0,0,0,40949482,40994048,41117,41168,1843,0,0,0,0,0,0,0,0
1778082056.0606635,g5.hpc.coe,40875,0.5001,0,100.0,2035.0,12288.0,94241381736,95269229250,96263076,97825192,1796254,0,0,0,0,0,0,0,0,0,0,0,0,35389656,35426700,35625,35668,1019,0,0,0,0,0,0,0,0
1778082056.56076,g5.hpc.coe,40875,0.5001,0,100.0,2035.0,12288.0,94276608873,95304720485,96299049,97861237,1796301,0,0,0,0,0,0,0,0,0,0,0,0,35227137,35491235,35973,36045,47,0,0,0,0,0,0,0,0
1778082057.060856,g5.hpc.coe,40875,0.5001,0,100.0,2035.0,12288.0,94317031140,95345046609,96339232,97901522,1797305,0,0,0,0,0,0,0,0,0,0,0,0,40422267,40326124,40183,40285,1004,0,0,0,0,0,0,0,0
1778082057.5609512,g5.hpc.coe,40875,0.5001,0,100.0,2035.0,12288.0,94352421017,95380386851,96374719,97936972,1797566,0,0,0,0,0,0,0,0,0,0,0,0,35389877,35340242,35487,35450,261,0,0,0,0,0,0,0,0
1778082058.0610464,g5.hpc.coe,40875,0.5001,0,100.0,2035.0,12288.0,94393370788,95421380928,96415841,97978142,1797610,0,0,0,0,0,0,0,0,0,0,0,0,40949771,40994077,41122,41170,44,0,0,0,0,0,0,0,0
1778082058.5611417,g5.hpc.coe,40875,0.5001,0,100.0,2035.0,12288.0,94428760781,95456807691,96451469,98013810,1800189,0,0,0,0,0,0,0,0,0,0,0,0,35389993,35426763,35628,35668,2579,0,0,0,0,0,0,0,0
1778082059.0612354,g5.hpc.coe,40875,0.5001,0,100.0,2035.0,12288.0,94468015936,95496272350,96491399,98053796,1800231,0,0,0,0,0,0,0,0,0,0,0,0,39255155,39464659,39930,39986,42,0,0,0,0,0,0,0,0
1778082059.5613325,g5.hpc.coe,40875,0.5001,0,100.0,2035.0,12288.0,94505100687,95533228546,96528221,98090657,1800287,0,0,0,0,0,0,0,0,0,0,0,0,37084751,36956196,36822,36861,56,0,0,0,0,0,0,0,0
1778082060.0614274,g5.hpc.coe,40875,0.5001,0,100.0,2035.0,12288.0,94539800828,95567965308,96563115,98125588,1800323,0,0,0,0,0,0,0,0,0,0,0,0,34700141,34736762,34894,34931,36,0,0,0,0,0,0,0,0
1778082060.5615242,g5.hpc.coe,40875,0.5001,0,100.0,2035.0,12288.0,94580750809,95608959357,96604233,98166754,1800364,0,0,0,0,0,0,0,0,0,0,0,0,40949981,40994049,41118,41166,41,0,0,0,0,0,0,0,0
1778082061.0616238,g5.hpc.coe,40875,0.5001,0,100.0,2035.0,12288.0,94616141082,95644386170,96639876,98202436,1800409,0,0,0,0,0,0,0,0,0,0,0,0,35390273,35426813,35643,35682,45,0,0,0,0,0,0,0,0
1778082061.561733,g5.hpc.coe,40875,0.5001,0,100.0,2035.0,12288.0,94657091028,95685372651,96680997,98243586,1800456,0,0,0,0,0,0,0,0,0,0,0,0,40949946,40986481,41121,41150,47,0,0,0,0,0,0,0,0
1778082062.0618267,g5.hpc.coe,40875,0.5001,0,100.0,2035.0,12288.0,94692481568,95720807018,96716643,98279282,1801430,0,0,0,0,0,0,0,0,0,0,0,0,35390540,35434367,35646,35696,974,0,0,0,0,0,0,0,0
1778082062.5619211,g5.hpc.coe,40875,0.5001,0,100.0,2035.0,12288.0,94727181975,95755543745,96751541,98314208,1801476,0,0,0,0,0,0,0,0,0,0,0,0,34700407,34736727,34898,34926,46,0,0,0,0,0,0,0,0
1778082063.0620196,g5.hpc.coe,40875,0.5001,0,100.0,2035.0,12288.0,94768132208,95796537794,96792659,98355374,1801523,0,0,0,0,0,0,0,0,0,0,0,0,40950233,40994049,41118,41166,47,0,0,0,0,0,0,0,0
1778082063.562116,g5.hpc.coe,40875,0.5001,0,100.0,2035.0,12288.0,94803522762,95831964606,96828297,98391049,1801562,0,0,0,0,0,0,0,0,0,0,0,0,35390554,35426812,35638,35675,39,0,0,0,0,0,0,0,0
1778082064.0622094,g5.hpc.coe,40875,0.5001,0,100.0,2035.0,12288.0,94844472043,95872958598,96869416,98432209,1801619,0,0,0,0,0,0,0,0,0,0,0,0,40949281,40993992,41119,41160,57,0,0,0,0,0,0,0,0
1778082064.5623024,g5.hpc.coe,40875,0.5001,0,100.0,2035.0,12288.0,94879861553,95908385312,96905051,98467879,1803095,0,0,0,0,0,0,0,0,0,0,0,0,35389510,35426714,35635,35670,1476,0,0,0,0,0,0,0,0
1778082065.0623958,g5.hpc.coe,40875,0.5001,0,100.0,2035.0,12288.0,94914561102,95943121996,96939941,98502801,1803197,0,0,0,0,0,0,0,0,0,0,0,0,34699549,34736684,34890,34922,102,0,0,0,0,0,0,0,0
1778082065.5624907,g5.hpc.coe,40875,0.5001,0,100.0,2035.0,12288.0,94955510421,95984116016,96981045,98543965,1803240,0,0,0,0,0,0,0,0,0,0,0,0,40949319,40994020,41104,41164,43,0,0,0,0,0,0,0,0
1778082066.0625877,g5.hpc.coe,40875,0.5001,0,100.0,2035.0,12288.0,94990900082,96019542807,97016681,98579646,1804535,0,0,0,0,0,0,0,0,0,0,0,0,35389661,35426791,35636,35681,1295,0,0,0,0,0,0,0,0
1778082066.5626826,g5.hpc.coe,40875,0.5001,0,100.0,2035.0,12288.0,95031849602,96060536813,97057800,98620808,1810161,0,0,0,0,0,0,0,0,0,0,0,0,40949520,40994006,41119,41162,5626,0,0,0,0,0,0,0,0
1778082067.0627773,g5.hpc.coe,40875,0.5001,0,100.0,2035.0,12288.0,95067239982,96095964037,97093451,98656495,1810670,0,0,0,0,0,0,0,0,0,0,0,0,35390380,35427224,35651,35687,509,0,0,0,0,0,0,0,0
1778082067.562869,g5.hpc.coe,40875,0.5001,0,100.0,2035.0,12288.0,95101939756,96130700770,97128339,98691424,1811052,0,0,0,0,0,0,0,0,0,0,0,0,34699774,34736733,34888,34929,382,0,0,0,0,0,0,0,0
1778082068.0629613,g5.hpc.coe,40875,0.5001,0,100.0,2035.0,12288.0,95142889447,96171694804,97169462,98732590,1811578,0,0,0,0,0,0,0,0,0,0,0,0,40949691,40994034,41123,41166,526,0,0,0,0,0,0,0,0
1778082068.5630558,g5.hpc.coe,40875,0.5001,0,100.0,2035.0,12288.0,95178279453,96207121609,97205102,98768264,1811654,0,0,0,0,0,0,0,0,0,0,0,0,35390006,35426805,35640,35674,76,0,0,0,0,0,0,0,0
1778082069.0631492,g5.hpc.coe,40875,0.5001,0,100.0,2035.0,12288.0,95219229240,96248115700,97246223,98809436,1811971,0,0,0,0,0,0,0,0,0,0,0,0,40949787,40994091,41121,41172,317,0,0,0,0,0,0,0,0
1778082069.5632465,g5.hpc.coe,40875,0.5001,0,100.0,2035.0,12288.0,95254619278,96283542464,97281863,98845111,1813624,0,0,0,0,0,0,0,0,0,0,0,0,35390038,35426764,35640,35675,1653,0,0,0,0,0,0,0,0
1778082070.0633388,g5.hpc.coe,40875,0.5001,0,100.0,2035.0,12288.0,95289319341,96318279191,97316756,98880037,1813991,0,0,0,0,0,0,0,0,0,0,0,0,34700063,34736727,34893,34926,367,0,0,0,0,0,0,0,0
1778082070.5634336,g5.hpc.coe,40875,0.5001,0,100.0,2035.0,12288.0,95330269328,96359273268,97357885,98921207,1815341,0,0,0,0,0,0,0,0,0,0,0,0,40949987,40994077,41129,41170,1350,0,0,0,0,0,0,0,0
1778082071.0635288,g5.hpc.coe,40875,0.5001,0,100.0,2035.0,12288.0,95365659510,96394700025,97393525,98956881,1815389,0,0,0,0,0,0,0,0,0,0,0,0,35390182,35426757,35640,35674,48,0,0,0,0,0,0,0,0
1778082071.5636222,g5.hpc.coe,40875,0.5001,0,100.0,2035.0,12288.0,95406609508,96435694074,97434642,98998047,1815981,0,0,0,0,0,0,0,0,0,0,0,0,40949998,40994049,41117,41166,592,0,0,0,0,0,0,0,0
1778082072.0637164,g5.hpc.coe,40875,0.5001,0,100.0,2035.0,12288.0,95441999736,96471120810,97470275,99033718,1816762,0,0,0,0,0,0,0,0,0,0,0,0,35390228,35426736,35633,35671,781,0,0,0,0,0,0,0,0
1778082072.5638099,g5.hpc.coe,40875,0.5001,0,100.0,2035.0,12288.0,95476700024,96505857572,97505166,99068649,1817142,0,0,0,0,0,0,0,0,0,0,0,0,34700288,34736762,34891,34931,380,0,0,0,0,0,0,0,0
1778082073.0639038,g5.hpc.coe,40875,0.5001,0,100.0,2035.0,12288.0,95517650165,96546851628,97546283,99109816,1817579,0,0,0,0,0,0,0,0,0,0,0,0,40950141,40994056,41117,41167,437,0,0,0,0,0,0,0,0
1778082073.5639982,g5.hpc.coe,40875,0.5001,0,100.0,2035.0,12288.0,95553040669,96582278510,97581926,99145501,1817962,0,0,0,0,0,0,0,0,0,0,0,0,35390504,35426882,35643,35685,383,0,0,0,0,0,0,0,0
1778082074.064089,g5.hpc.coe,40875,0.5001,0,100.0,2035.0,12288.0,95593990950,96623272650,97623045,99186680,1818202,0,0,0,0,0,0,0,0,0,0,0,0,40950281,40994140,41119,41179,240,0,0,0,0,0,0,0,0
1778082074.5641844,g5.hpc.coe,40875,0.5001,0,100.0,2035.0,12288.0,95629381494,96658699477,97658687,99222364,1819216,0,0,0,0,0,0,0,0,0,0,0,0,35390544,35426827,35642,35684,1014,0,0,0,0,0,0,0,0
1778082075.0642865,g5.hpc.coe,40875,0.5001,0,100.0,2035.0,12288.0,95665137915,96694913948,97695136,99259074,1819481,0,0,0,0,0,0,0,0,0,0,0,0,35756421,36214471,36449,36710,265,0,0,0,0,0,0,0,0
1778082075.5643802,g5.hpc.coe,40875,0.5001,0,100.0,2035.0,12288.0,95705030336,96734430209,97734697,99298454,1822676,0,0,0,0,0,0,0,0,0,0,0,0,39892421,39516261,39561,39380,3195,0,0,0,0,0,0,0,0
1778082076.0644794,g5.hpc.coe,40875,0.5001,0,100.0,2035.0,12288.0,95740419963,96769856979,97770338,99334132,1822715,0,0,0,0,0,0,0,0,0,0,0,0,35389627,35426770,35641,35678,39,0,0,0,0,0,0,0,0
1778082076.564579,g5.hpc.coe,40875,0.5001,0,100.0,2035.0,12288.0,95781369379,96810851055,97811452,99375304,1824663,0,0,0,0,0,0,0,0,0,0,0,0,40949416,40994076,41114,41172,1948,0,0,0,0,0,0,0,0
1778082077.0646765,g5.hpc.coe,40875,0.5001,0,100.0,2035.0,12288.0,95816759080,96846277839,97847090,99410984,1825465,0,0,0,0,0,0,0,0,0,0,0,0,35389701,35426784,35638,35680,802,0,0,0,0,0,0,0,0
1778082077.5647717,g5.hpc.coe,40875,0.5001,0,100.0,2035.0,12288.0,95853488279,96883364139,97884493,99448586,1825512,0,0,0,0,0,0,0,0,0,0,0,0,36729199,37086300,37403,37602,47,0,0,0,0,0,0,0,0
1778082078.064863,g5.hpc.coe,40875,0.5001,0,100.0,2035.0,12288.0,95893098430,96922698720,97923848,99487839,1826464,0,0,0,0,0,0,0,0,0,0,0,0,39610151,39334581,39355,39253,952,0,0,0,0,0,0,0,0
1778082078.5649648,g5.hpc.coe,40875,0.5001,0,100.0,2035.0,12288.0,95927798244,96957435495,97958738,99522774,1826699,0,0,0,0,0,0,0,0,0,0,0,0,34699814,34736775,34890,34935,235,0,0,0,0,0,0,0,0
1778082079.0650587,g5.hpc.coe,40875,0.5001,0,100.0,2035.0,12288.0,95968748039,96998429634,97999861,99563946,1827382,0,0,0,0,0,0,0,0,0,0,0,0,40949795,40994139,41123,41172,683,0,0,0,0,0,0,0,0
1778082079.5651522,g5.hpc.coe,40875,0.5001,0,100.0,2035.0,12288.0,96004137980,97033856370,98035497,99599617,1827423,0,0,0,0,0,0,0,0,0,0,0,0,35389941,35426736,35636,35671,41,0,0,0,0,0,0,0,0
1778082080.0652473,g5.hpc.coe,40875,0.5001,0,100.0,2035.0,12288.0,96044275715,97074407045,98076352,99640684,1827468,0,0,0,0,0,0,0,0,0,0,0,0,40137735,40550675,40855,41067,45,0,0,0,0,0,0,0,0
1778082080.5653408,g5.hpc.coe,40875,0.5001,0,100.0,2035.0,12288.0,96080477850,97110277211,98112257,99676462,1828794,0,0,0,0,0,0,0,0,0,0,0,0,36202135,35870166,35905,35778,1326,0,0,0,0,0,0,0,0
1778082081.0654378,g5.hpc.coe,40875,0.5001,0,100.0,2035.0,12288.0,96115177939,97145013994,98147150,99711396,1828840,0,0,0,0,0,0,0,0,0,0,0,0,34700089,34736783,34893,34934,46,0,0,0,0,0,0,0,0
1778082081.5655413,g5.hpc.coe,40875,0.5001,0,100.0,2035.0,12288.0,96156127909,97186008036,98188273,99752561,1831449,0,0,0,0,0,0,0,0,0,0,0,0,40949970,40994042,41123,41165,2609,0,0,0,0,0,0,0,0
1778082082.0656335,g5.hpc.coe,40875,0.5001,0,100.0,2035.0,12288.0,96191518711,97221435296,98223924,99788251,1831629,0,0,0,0,0,0,0,0,0,0,0,0,35390802,35427260,35651,35690,180,0,0,0,0,0,0,0,0
1778082082.5657294,g5.hpc.coe,40875,0.5001,0,100.0,2035.0,12288.0,96232468707,97262429310,98265037,99829412,1831678,0,0,0,0,0,0,0,0,0,0,0,0,40949996,40994014,41113,41161,49,0,0,0,0,0,0,0,0
1778082083.0658271,g5.hpc.coe,40875,0.5001,0,100.0,2035.0,12288.0,96267858918,97297856109,98300664,99865092,1833946,0,0,0,0,0,0,0,0,0,0,0,0,35390211,35426799,35627,35680,2268,0,0,0,0,0,0,0,0
1778082083.5659208,g5.hpc.coe,40875,0.5001,0,100.0,2035.0,12288.0,96302559224,97332592885,98335554,99900025,1833985,0,0,0,0,0,0,0,0,0,0,0,0,34700306,34736776,34890,34933,39,0,0,0,0,0,0,0,0
1778082084.0660148,g5.hpc.coe,40875,0.5001,0,100.0,2035.0,12288.0,96343509468,97373587052,98376673,99941201,1834932,0,0,0,0,0,0,0,0,0,0,0,0,40950244,40994167,41119,41176,947,0,0,0,0,0,0,0,0
1778082084.5661092,g5.hpc.coe,40875,0.5001,0,100.0,2035.0,12288.0,96378899929,97409013816,98412313,99976876,1834984,0,0,0,0,0,0,0,0,0,0,0,0,35390461,35426764,35640,35675,52,0,0,0,0,0,0,0,0
1778082085.0662043,g5.hpc.coe,40875,0.5001,0,100.0,2035.0,12288.0,96419850276,97450007879,98453440,100018044,1835033,0,0,0,0,0,0,0,0,0,0,0,0,40950347,40994063,41127,41168,49,0,0,0,0,0,0,0,0
1778082085.5663004,g5.hpc.coe,40875,0.5001,0,100.0,2035.0,12288.0,96455239729,97485434642,98489073,100053721,1836641,0,0,0,0,0,0,0,0,0,0,0,0,35389453,35426763,35633,35677,1608,0,0,0,0,0,0,0,0
1778082086.066398,g5.hpc.coe,40875,0.5001,0,100.0,2035.0,12288.0,96496189062,97526428655,98530192,100094884,1836704,0,0,0,0,0,0,0,0,0,0,0,0,40949333,40994013,41119,41163,63,0,0,0,0,0,0,0,0
1778082086.5664923,g5.hpc.coe,40875,0.5001,0,100.0,2035.0,12288.0,96530888623,97561165430,98565083,100129819,1840701,0,0,0,0,0,0,0,0,0,0,0,0,34699561,34736775,34891,34935,3997,0,0,0,0,0,0,0,0
1778082087.0665889,g5.hpc.coe,40875,0.5001,0,100.0,2035.0,12288.0,96566278290,97596592200,98600726,100165497,1840746,0,0,0,0,0,0,0,0,0,0,0,0,35389667,35426770,35643,35678,45,0,0,0,0,0,0,0,0
1778082087.5666847,g5.hpc.coe,40875,0.5001,0,100.0,2035.0,12288.0,96607227774,97637586220,98641846,100206661,1840849,0,0,0,0,0,0,0,0,0,0,0,0,40949484,40994020,41120,41164,103,0,0,0,0,0,0,0,0
1778082088.0667832,g5.hpc.coe,40875,0.5001,0,100.0,2035.0,12288.0,96642617460,97673012948,98677478,100242333,1841987,0,0,0,0,0,0,0,0,0,0,0,0,35389686,35426728,35632,35672,1138,0,0,0,0,0,0,0,0
1778082088.5668857,g5.hpc.coe,40875,0.5001,0,100.0,2035.0,12288.0,96677317234,97707749695,98712372,100277264,1842025,0,0,0,0,0,0,0,0,0,0,0,0,34699774,34736747,34894,34931,38,0,0,0,0,0,0,0,0
1778082089.0669782,g5.hpc.coe,40875,0.5001,0,100.0,2035.0,12288.0,96718266904,97748743791,98753489,100318432,1842423,0,0,0,0,0,0,0,0,0,0,0,0,40949670,40994096,41117,41168,398,0,0,0,0,0,0,0,0
1778082089.5670736,g5.hpc.coe,40875,0.5001,0,100.0,2035.0,12288.0,96753656741,97784170575,98789122,100354112,1842459,0,0,0,0,0,0,0,0,0,0,0,0,35389837,35426784,35633,35680,36,0,0,0,0,0,0,0,0
1778082090.0671687,g5.hpc.coe,40875,0.5001,0,100.0,2035.0,12288.0,96794606507,97825164610,98830246,100395276,1843613,0,0,0,0,0,0,0,0,0,0,0,0,40949766,40994035,41124,41164,1154,0,0,0,0,0,0,0,0
1778082090.5672638,g5.hpc.coe,40875,0.5001,0,100.0,2035.0,12288.0,96829996490,97860591339,98865884,100430946,1844409,0,0,0,0,0,0,0,0,0,0,0,0,35389983,35426729,35638,35670,796,0,0,0,0,0,0,0,0
1778082091.0673547,g5.hpc.coe,40875,0.5001,0,100.0,2035.0,12288.0,96864696484,97895328136,98900773,100465882,1844451,0,0,0,0,0,0,0,0,0,0,0,0,34699994,34736797,34889,34936,42,0,0,0,0,0,0,0,0
1778082091.5674477,g5.hpc.coe,40875,0.5001,0,100.0,2035.0,12288.0,96905646415,97936322213,98941900,100507052,1846141,0,0,0,0,0,0,0,0,0,0,0,0,40949931,40994077,41127,41170,1690,0,0,0,0,0,0,0,0
1778082092.0675454,g5.hpc.coe,40875,0.5001,0,100.0,2035.0,12288.0,96941036542,97971748984,98977538,100542728,1846176,0,0,0,0,0,0,0,0,0,0,0,0,35390127,35426771,35638,35676,35,0,0,0,0,0,0,0,0
1778082092.5676363,g5.hpc.coe,40875,0.5001,0,100.0,2035.0,12288.0,96981986450,98012743089,99018648,100583902,1846616,0,0,0,0,0,0,0,0,0,0,0,0,40949908,40994105,41110,41174,440,0,0,0,0,0,0,0,0
1778082093.0677297,g5.hpc.coe,40875,0.5001,0,100.0,2035.0,12288.0,97017376672,98048169923,99054286,100619587,1848249,0,0,0,0,0,0,0,0,0,0,0,0,35390222,35426834,35638,35685,1633,0,0,0,0,0,0,0,0
1778082093.5678282,g5.hpc.coe,40875,0.5001,0,100.0,2035.0,12288.0,97052076969,98082906629,99089252,100654708,1848294,0,0,0,0,0,0,0,0,0,0,0,0,34700297,34736706,34966,35121,45,0,0,0,0,0,0,0,0
1778082094.0679255,g5.hpc.coe,40875,0.5001,0,100.0,2035.0,12288.0,97093027203,98123900698,99130311,100695672,1849601,0,0,0,0,0,0,0,0,0,0,0,0,40950234,40994069,41059,40964,1307,0,0,0,0,0,0,0,0
1778082094.5680153,g5.hpc.coe,40875,0.5001,0,100.0,2035.0,12288.0,97128417570,98159327490,99165949,100731351,1849650,0,0,0,0,0,0,0,0,0,0,0,0,35390367,35426792,35638,35679,49,0,0,0,0,0,0,0,0
1778082095.0681126,g5.hpc.coe,40875,0.5001,0,100.0,2035.0,12288.0,97169367803,98200321574,99207069,100772522,1849705,0,0,0,0,0,0,0,0,0,0,0,0,40950233,40994084,41120,41171,55,0,0,0,0,0,0,0,0
1778082095.5682044,g5.hpc.coe,40875,0.5001,0,100.0,2035.0,12288.0,97204758224,98235748401,99242699,100808206,1850606,0,0,0,0,0,0,0,0,0,0,0,0,35390421,35426827,35630,35684,901,0,0,0,0,0,0,0,0
1778082096.0683017,g5.hpc.coe,40875,0.5001,0,100.0,2035.0,12288.0,97241253314,98272970927,99279913,100845983,1850642,0,0,0,0,0,0,0,0,0,0,0,0,36495090,37222526,37214,37777,36,0,0,0,0,0,0,0,0
1778082096.5683944,g5.hpc.coe,40875,0.5001,0,100.0,2035.0,12288.0,97281096983,98312169226,99319452,100885053,1855058,0,0,0,0,0,0,0,0,0,0,0,0,39843669,39198299,39539,39070,4416,0,0,0,0,0,0,0,0
1778082097.0684884,g5.hpc.coe,40875,0.5001,0,100.0,2035.0,12288.0,97315797101,98346906357,99354351,100919983,1855498,0,0,0,0,0,0,0,0,0,0,0,0,34700118,34737131,34899,34930,440,0,0,0,0,0,0,0,0
1778082097.56858,g5.hpc.coe,40875,0.5001,0,100.0,2035.0,12288.0,97356746471,98387900349,99395464,100961143,1856064,0,0,0,0,0,0,0,0,0,0,0,0,40949370,40993992,41113,41160,566,0,0,0,0,0,0,0,0
1778082098.068675,g5.hpc.coe,40875,0.5001,0,100.0,2035.0,12288.0,97392136099,98423327091,99431097,100996817,1856115,0,0,0,0,0,0,0,0,0,0,0,0,35389628,35426742,35633,35674,51,0,0,0,0,0,0,0,0
1778082098.568771,g5.hpc.coe,40875,0.5001,0,100.0,2035.0,12288.0,97432293197,98463956127,99471906,101037927,1856166,0,0,0,0,0,0,0,0,0,0,0,0,40157098,40629036,40809,41110,51,0,0,0,0,0,0,0,0
1778082099.0688684,g5.hpc.coe,40875,0.5001,0,100.0,2035.0,12288.0,97468475343,98499747853,99507851,101073655,1858321,0,0,0,0,0,0,0,0,0,0,0,0,36182146,35791726,35945,35728,2155,0,0,0,0,0,0,0,0
1778082099.5689614,g5.hpc.coe,40875,0.5001,0,100.0,2035.0,12288.0,97503175175,98534484683,99542740,101108591,1860574,0,0,0,0,0,0,0,0,0,0,0,0,34699832,34736830,34889,34936,2253,0,0,0,0,0,0,0,0
1778082100.069059,g5.hpc.coe,40875,0.5001,0,100.0,2035.0,12288.0,97544124854,98575478738,99583863,101149760,1862252,0,0,0,0,0,0,0,0,0,0,0,0,40949679,40994055,41123,41169,1678,0,0,0,0,0,0,0,0
1778082100.569172,g5.hpc.coe,40875,0.5001,0,100.0,2035.0,12288.0,97579514750,98610905537,99619498,101185440,1862446,0,0,0,0,0,0,0,0,0,0,0,0,35389896,35426799,35635,35680,194,0,0,0,0,0,0,0,0
1778082101.0692694,g5.hpc.coe,40875,0.5001,0,100.0,2035.0,12288.0,97620464547,98651899600,99660622,101226608,1862499,0,0,0,0,0,0,0,0,0,0,0,0,40949797,40994063,41124,41168,53,0,0,0,0,0,0,0,0
1778082101.569361,g5.hpc.coe,40875,0.5001,0,100.0,2035.0,12288.0,97655854581,98687326301,99696263,101262274,1865277,0,0,0,0,0,0,0,0,0,0,0,0,35390034,35426701,35641,35666,2778,0,0,0,0,0,0,0,0
1778082102.069457,g5.hpc.coe,40875,0.5001,0,100.0,2035.0,12288.0,97690554570,98722062958,99731147,101297190,1865315,0,0,0,0,0,0,0,0,0,0,0,0,34699989,34736657,34884,34916,38,0,0,0,0,0,0,0,0
1778082102.5695574,g5.hpc.coe,40875,0.5001,0,100.0,2035.0,12288.0,97731504489,98763056944,99772268,101338347,1865687,0,0,0,0,0,0,0,0,0,0,0,0,40949919,40993986,41121,41157,372,0,0,0,0,0,0,0,0
1778082103.0696511,g5.hpc.coe,40875,0.5001,0,100.0,2035.0,12288.0,97773144458,98804741016,99814133,101380260,1865731,0,0,0,0,0,0,0,0,0,0,0,0,41639969,41684072,41865,41913,44,0,0,0,0,0,0,0,0
1778082103.5697467,g5.hpc.coe,40875,0.5001,0,100.0,2035.0,12288.0,97807844625,98839477848,99849022,101415201,1866295,0,0,0,0,0,0,0,0,0,0,0,0,34700167,34736832,34889,34941,564,0,0,0,0,0,0,0,0
1778082104.0698402,g5.hpc.coe,40875,0.5001,0,100.0,2035.0,12288.0,97843234898,98874904633,99884663,101450879,1867367,0,0,0,0,0,0,0,0,0,0,0,0,35390273,35426785,35641,35678,1072,0,0,0,0,0,0,0,0
1778082104.5699363,g5.hpc.coe,40875,0.5001,0,100.0,2035.0,12288.0,97877935322,98909641422,99919566,101485807,1868819,0,0,0,0,0,0,0,0,0,0,0,0,34700424,34736789,34903,34928,1452,0,0,0,0,0,0,0,0
1778082105.0700307,g5.hpc.coe,40875,0.5001,0,100.0,2035.0,12288.0,97918885467,98950635478,99960685,101526974,1870560,0,0,0,0,0,0,0,0,0,0,0,0,40950145,40994056,41119,41167,1741,0,0,0,0,0,0,0,0
1778082105.5701253,g5.hpc.coe,40875,0.5001,0,100.0,2035.0,12288.0,97954275872,98986062235,99996322,101562648,1870602,0,0,0,0,0,0,0,0,0,0,0,0,35390405,35426757,35637,35674,42,0,0,0,0,0,0,0,0
1778082106.0702236,g5.hpc.coe,40875,0.5001,0,100.0,2035.0,12288.0,97995226121,99027056270,100037440,101603812,1870760,0,0,0,0,0,0,0,0,0,0,0,0,40950249,40994035,41118,41164,158,0,0,0,0,0,0,0,0
1778082106.5703175,g5.hpc.coe,40875,0.5001,0,100.0,2035.0,12288.0,98030616629,99062483083,100073078,101639494,1872518,0,0,0,0,0,0,0,0,0,0,0,0,35390508,35426813,35638,35682,1758,0,0,0,0,0,0,0,0
1778082107.0704162,g5.hpc.coe,40875,0.5001,0,100.0,2035.0,12288.0,98065316066,99097219872,100107963,101674431,1872570,0,0,0,0,0,0,0,0,0,0,0,0,34699437,34736789,34885,34937,52,0,0,0,0,0,0,0,0
1778082107.5705109,g5.hpc.coe,40875,0.5001,0,100.0,2035.0,12288.0,98106265406,99138213955,100149081,101715604,1873996,0,0,0,0,0,0,0,0,0,0,0,0,40949340,40994083,41118,41173,1426,0,0,0,0,0,0,0,0
1778082108.0706043,g5.hpc.coe,40875,0.5001,0,100.0,2035.0,12288.0,98141654921,99173640760,100184707,101751287,1874044,0,0,0,0,0,0,0,0,0,0,0,0,35389515,35426805,35626,35683,48,0,0,0,0,0,0,0,0
1778082108.570699,g5.hpc.coe,40875,0.5001,0,100.0,2035.0,12288.0,98182604435,99214634766,100225836,101792449,1876151,0,0,0,0,0,0,0,0,0,0,0,0,40949514,40994006,41129,41162,2107,0,0,0,0,0,0,0,0
1778082109.0707943,g5.hpc.coe,40875,0.5001,0,100.0,2035.0,12288.0,98217994366,99250061798,100261476,101828133,1877153,0,0,0,0,0,0,0,0,0,0,0,0,35389931,35427032,35640,35684,1002,0,0,0,0,0,0,0,0
1778082109.5708904,g5.hpc.coe,40875,0.5001,0,100.0,2035.0,12288.0,98252694080,99284798572,100296355,101863061,1878004,0,0,0,0,0,0,0,0,0,0,0,0,34699714,34736774,34879,34928,851,0,0,0,0,0,0,0,0
1778082110.070985,g5.hpc.coe,40875,0.5001,0,100.0,2035.0,12288.0,98294333671,99326482671,100338218,101904980,1878962,0,0,0,0,0,0,0,0,0,0,0,0,41639591,41684099,41863,41919,958,0,0,0,0,0,0,0,0
1778082110.5710814,g5.hpc.coe,40875,0.5001,0,100.0,2035.0,12288.0,98329033474,99361219390,100373107,101939907,1879068,0,0,0,0,0,0,0,0,0,0,0,0,34699803,34736719,34889,34927,106,0,0,0,0,0,0,0,0
1778082111.071176,g5.hpc.coe,40875,0.5001,0,100.0,2035.0,12288.0,98369983174,99402213390,100414226,101981066,1879489,0,0,0,0,0,0,0,0,0,0,0,0,40949700,40994000,41119,41159,421,0,0,0,0,0,0,0,0
1778082111.5712721,g5.hpc.coe,40875,0.5001,0,100.0,2035.0,12288.0,98405373104,99437640168,100449861,102016743,1883067,0,0,0,0,0,0,0,0,0,0,0,0,35389930,35426778,35635,35677,3578,0,0,0,0,0,0,0,0
1778082112.0713677,g5.hpc.coe,40875,0.5001,0,100.0,2035.0,12288.0,98442143393,99475300572,100487356,102054943,1883103,0,0,0,0,0,0,0,0,0,0,0,0,36770289,37660404,37495,38200,36,0,0,0,0,0,0,0,0
1778082112.5714655,g5.hpc.coe,40875,0.5001,0,100.0,2035.0,12288.0,98481023568,99513371377,100525889,102092841,1884815,0,0,0,0,0,0,0,0,0,0,0,0,38880175,38070805,38533,37898,1712,0,0,0,0,0,0,0,0
1778082113.0715592,g5.hpc.coe,40875,0.5001,0,100.0,2035.0,12288.0,98516413643,99548798162,100561524,102128519,1884851,0,0,0,0,0,0,0,0,0,0,0,0,35390075,35426785,35635,35678,36,0,0,0,0,0,0,0,0
1778082113.5716546,g5.hpc.coe,40875,0.5001,0,100.0,2035.0,12288.0,98557363556,99589792232,100602639,102169688,1886028,0,0,0,0,0,0,0,0,0,0,0,0,40949913,40994070,41115,41169,1177,0,0,0,0,0,0,0,0
1778082114.0717463,g5.hpc.coe,40875,0.5001,0,100.0,2035.0,12288.0,98592753769,99625218968,100638280,102205359,1886503,0,0,0,0,0,0,0,0,0,0,0,0,35390213,35426736,35641,35671,475,0,0,0,0,0,0,0,0
1778082114.571841,g5.hpc.coe,40875,0.5001,0,100.0,2035.0,12288.0,98628234922,99661243503,100674487,102241972,1886553,0,0,0,0,0,0,0,0,0,0,0,0,35481153,36024535,36207,36613,50,0,0,0,0,0,0,0,0
1778082115.0719383,g5.hpc.coe,40875,0.5001,0,100.0,2035.0,12288.0,98669094158,99701639864,100715037,102282205,1888658,0,0,0,0,0,0,0,0,0,0,0,0,40859236,40396361,40550,40233,2105,0,0,0,0,0,0,0,0
1778082115.5720325,g5.hpc.coe,40875,0.5001,0,100.0,2035.0,12288.0,98703794465,99736376598,100749927,102317132,1888692,0,0,0,0,0,0,0,0,0,0,0,0,34700307,34736734,34890,34927,34,0,0,0,0,0,0,0,0
1778082116.072126,g5.hpc.coe,40875,0.5001,0,100.0,2035.0,12288.0,98744744591,99777370717,100791038,102358308,1888840,0,0,0,0,0,0,0,0,0,0,0,0,40950126,40994119,41111,41176,148,0,0,0,0,0,0,0,0
1778082116.572216,g5.hpc.coe,40875,0.5001,0,100.0,2035.0,12288.0,98780134990,99812797432,100826669,102393976,1890348,0,0,0,0,0,0,0,0,0,0,0,0,35390399,35426715,35631,35668,1508,0,0,0,0,0,0,0,0
1778082117.0723104,g5.hpc.coe,40875,0.5001,0,100.0,2035.0,12288.0,98819712723,99852767717,100866891,102434445,1890396,0,0,0,0,0,0,0,0,0,0,0,0,39577733,39970285,40222,40469,48,0,0,0,0,0,0,0,0
1778082117.572406,g5.hpc.coe,40875,0.5001,0,100.0,2035.0,12288.0,98856474738,99889218188,100903421,102470811,1890439,0,0,0,0,0,0,0,0,0,0,0,0,36762015,36450471,36530,36366,43,0,0,0,0,0,0,0,0
1778082118.0724995,g5.hpc.coe,40875,0.5001,0,100.0,2035.0,12288.0,98891174239,99923954921,100938310,102505740,1892141,0,0,0,0,0,0,0,0,0,0,0,0,34699501,34736733,34889,34929,1702,0,0,0,0,0,0,0,0
1778082118.572593,g5.hpc.coe,40875,0.5001,0,100.0,2035.0,12288.0,98932123657,99964948962,100979434,102546907,1892234,0,0,0,0,0,0,0,0,0,0,0,0,40949418,40994041,41124,41167,93,0,0,0,0,0,0,0,0
1778082119.07269,g5.hpc.coe,40875,0.5001,0,100.0,2035.0,12288.0,98967513249,100000375676,101015066,102582577,1892275,0,0,0,0,0,0,0,0,0,0,0,0,35389592,35426714,35632,35670,41,0,0,0,0,0,0,0,0
1778082119.5727856,g5.hpc.coe,40875,0.5001,0,100.0,2035.0,12288.0,99008462679,100041369717,101056178,102623744,1893056,0,0,0,0,0,0,0,0,0,0,0,0,40949430,40994041,41112,41167,781,0,0,0,0,0,0,0,0
1778082120.0728796,g5.hpc.coe,40875,0.5001,0,100.0,2035.0,12288.0,99043852471,100076796507,101091818,102659418,1894079,0,0,0,0,0,0,0,0,0,0,0,0,35389792,35426790,35640,35674,1023,0,0,0,0,0,0,0,0
1778082120.572974,g5.hpc.coe,40875,0.5001,0,100.0,2035.0,12288.0,99078552248,100111533261,101126712,102694350,1894675,0,0,0,0,0,0,0,0,0,0,0,0,34699777,34736754,34894,34932,596,0,0,0,0,0,0,0,0
1778082121.073069,g5.hpc.coe,40875,0.5001,0,100.0,2035.0,12288.0,99119501900,100152527302,101167835,102735517,1895006,0,0,0,0,0,0,0,0,0,0,0,0,40949652,40994041,41123,41167,331,0,0,0,0,0,0,0,0
1778082121.5731647,g5.hpc.coe,40875,0.5001,0,100.0,2035.0,12288.0,99154891790,100187954037,101203475,102771190,1895052,0,0,0,0,0,0,0,0,0,0,0,0,35389890,35426735,35640,35673,46,0,0,0,0,0,0,0,0
1778082122.0732596,g5.hpc.coe,40875,0.5001,0,100.0,2035.0,12288.0,99195841561,100228948093,101244599,102812357,1895105,0,0,0,0,0,0,0,0,0,0,0,0,40949771,40994056,41124,41167,53,0,0,0,0,0,0,0,0
1778082122.5733573,g5.hpc.coe,40875,0.5001,0,100.0,2035.0,12288.0,99231231478,100264374885,101280227,102848036,1895812,0,0,0,0,0,0,0,0,0,0,0,0,35389917,35426792,35628,35679,707,0,0,0,0,0,0,0,0
1778082123.0734506,g5.hpc.coe,40875,0.5001,0,100.0,2035.0,12288.0,99265931526,100299111633,101315123,102882965,1895838,0,0,0,0,0,0,0,0,0,0,0,0,34700048,34736748,34896,34929,26,0,0,0,0,0,0,0,0
1778082123.5735462,g5.hpc.coe,40875,0.5001,0,100.0,2035.0,12288.0,99306881400,100340105759,101356241,102924142,1897378,0,0,0,0,0,0,0,0,0,0,0,0,40949874,40994126,41118,41177,1540,0,0,0,0,0,0,0,0
1778082124.0736394,g5.hpc.coe,40875,0.5001,0,100.0,2035.0,12288.0,99342271505,100375532558,101391875,102959822,1897409,0,0,0,0,0,0,0,0,0,0,0,0,35390105,35426799,35634,35680,31,0,0,0,0,0,0,0,0
1778082124.5737367,g5.hpc.coe,40875,0.5001,0,100.0,2035.0,12288.0,99383221504,100416526572,101432997,103000983,1897451,0,0,0,0,0,0,0,0,0,0,0,0,40949999,40994014,41122,41161,42,0,0,0,0,0,0,0,0
1778082125.073831,g5.hpc.coe,40875,0.5001,0,100.0,2035.0,12288.0,99418611768,100451953419,101468631,103036663,1899403,0,0,0,0,0,0,0,0,0,0,0,0,35390264,35426847,35634,35680,1952,0,0,0,0,0,0,0,0
1778082125.5739248,g5.hpc.coe,40875,0.5001,0,100.0,2035.0,12288.0,99453311995,100486690230,101503518,103071601,1899449,0,0,0,0,0,0,0,0,0,0,0,0,34700227,34736811,34887,34938,46,0,0,0,0,0,0,0,0
1778082126.0740194,g5.hpc.coe,40875,0.5001,0,100.0,2035.0,12288.0,99494262125,100527684265,101544638,103112765,1900294,0,0,0,0,0,0,0,0,0,0,0,0,40950130,40994035,41120,41164,845,0,0,0,0,0,0,0,0
1778082126.5741136,g5.hpc.coe,40875,0.5001,0,100.0,2035.0,12288.0,99529652513,100563111008,101580278,103148437,1901756,0,0,0,0,0,0,0,0,0,0,0,0,35390388,35426743,35640,35672,1462,0,0,0,0,0,0,0,0
1778082127.0742092,g5.hpc.coe,40875,0.5001,0,100.0,2035.0,12288.0,99570603378,100604105497,101621413,103189610,1901796,0,0,0,0,0,0,0,0,0,0,0,0,40950865,40994489,41135,41173,40,0,0,0,0,0,0,0,0
1778082127.5743043,g5.hpc.coe,40875,0.5001,0,100.0,2035.0,12288.0,99605993843,100639532254,101657048,103225284,1903439,0,0,0,0,0,0,0,0,0,0,0,0,35390465,35426757,35635,35674,1643,0,0,0,0,0,0,0,0
1778082128.0743978,g5.hpc.coe,40875,0.5001,0,100.0,2035.0,12288.0,99640693322,100674269001,101691942,103260215,1905336,0,0,0,0,0,0,0,0,0,0,0,0,34699479,34736747,34894,34931,1897,0,0,0,0,0,0,0,0
1778082128.574491,g5.hpc.coe,40875,0.5001,0,100.0,2035.0,12288.0,99682332665,100715953114,101733807,103302136,1905433,0,0,0,0,0,0,0,0,0,0,0,0,41639343,41684113,41865,41921,97,0,0,0,0,0,0,0,0
1778082129.0745928,g5.hpc.coe,40875,0.5001,0,100.0,2035.0,12288.0,99717032171,100750689798,101768691,103337058,1905479,0,0,0,0,0,0,0,0,0,0,0,0,34699506,34736684,34884,34922,46,0,0,0,0,0,0,0,0
1778082129.574687,g5.hpc.coe,40875,0.5001,0,100.0,2035.0,12288.0,99757981594,100791683797,101809810,103378219,1905524,0,0,0,0,0,0,0,0,0,0,0,0,40949423,40993999,41119,41161,45,0,0,0,0,0,0,0,0
1778082130.0747848,g5.hpc.coe,40875,0.5001,0,100.0,2035.0,12288.0,99793371345,100827110503,101845450,103413881,1907230,0,0,0,0,0,0,0,0,0,0,0,0,35389751,35426706,35640,35662,1706,0,0,0,0,0,0,0,0
1778082130.5748808,g5.hpc.coe,40875,0.5001,0,100.0,2035.0,12288.0,99829135217,100863483358,101881912,103450799,1907283,0,0,0,0,0,0,0,0,0,0,0,0,35763872,36372855,36462,36918,53,0,0,0,0,0,0,0,0
1778082131.0749753,g5.hpc.coe,40875,0.5001,0,100.0,2035.0,12288.0,99869193860,100903357786,101922165,103490723,1907471,0,0,0,0,0,0,0,0,0,0,0,0,40058643,39874428,40253,39924,188,0,0,0,0,0,0,0,0
1778082131.5750706,g5.hpc.coe,40875,0.5001,0,100.0,2035.0,12288.0,99904410489,100938268012,101957106,103525650,1908445,0,0,0,0,0,0,0,0,0,0,0,0,35216629,34910226,34941,34927,974,0,0,0,0,0,0,0,0
1778082132.0751677,g5.hpc.coe,40875,0.5001,0,100.0,2035.0,12288.0,99945360217,100979262095,101998234,103566823,1908485,0,0,0,0,0,0,0,0,0,0,0,0,40949728,40994083,41128,41173,40,0,0,0,0,0,0,0,0
1778082132.5752609,g5.hpc.coe,40875,0.5001,0,100.0,2035.0,12288.0,99980750162,101014688873,102033874,103602500,1908640,0,0,0,0,0,0,0,0,0,0,0,0,35389945,35426778,35640,35677,155,0,0,0,0,0,0,0,0
1778082133.0753512,g5.hpc.coe,40875,0.5001,0,100.0,2035.0,12288.0,100019670012,101054152395,102073319,103642204,1908687,0,0,0,0,0,0,0,0,0,0,0,0,38919850,39463522,39445,39704,47,0,0,0,0,0,0,0,0
1778082133.5754461,g5.hpc.coe,40875,0.5001,0,100.0,2035.0,12288.0,100057089953,101091109784,102110629,103679355,1909921,0,0,0,0,0,0,0,0,0,0,0,0,37419941,36957389,37310,37151,1234,0,0,0,0,0,0,0,0
1778082134.0755477,g5.hpc.coe,40875,0.5001,0,100.0,2035.0,12288.0,100091789972,101125846476,102145515,103714276,1912190,0,0,0,0,0,0,0,0,0,0,0,0,34700019,34736692,34886,34921,2269,0,0,0,0,0,0,0,0
1778082134.5756392,g5.hpc.coe,40875,0.5001,0,100.0,2035.0,12288.0,100132739874,101166840574,102186631,103755449,1912243,0,0,0,0,0,0,0,0,0,0,0,0,40949902,40994098,41116,41173,53,0,0,0,0,0,0,0,0
1778082135.0757337,g5.hpc.coe,40875,0.5001,0,100.0,2035.0,12288.0,100168130084,101202267414,102222265,103791128,1912279,0,0,0,0,0,0,0,0,0,0,0,0,35390210,35426840,35634,35679,36,0,0,0,0,0,0,0,0
1778082135.5758257,g5.hpc.coe,40875,0.5001,0,100.0,2035.0,12288.0,100209080160,101243261498,102263392,103832299,1912324,0,0,0,0,0,0,0,0,0,0,0,0,40950076,40994084,41127,41171,45,0,0,0,0,0,0,0,0
1778082136.07592,g5.hpc.coe,40875,0.5001,0,100.0,2035.0,12288.0,100244470355,101278688332,102299019,103867984,1912957,0,0,0,0,0,0,0,0,0,0,0,0,35390195,35426834,35627,35685,633,0,0,0,0,0,0,0,0
1778082136.5760133,g5.hpc.coe,40875,0.5001,0,100.0,2035.0,12288.0,100279170617,101313425052,102333905,103902909,1913340,0,0,0,0,0,0,0,0,0,0,0,0,34700262,34736720,34886,34925,383,0,0,0,0,0,0,0,0
1778082137.0761087,g5.hpc.coe,40875,0.5001,0,100.0,2035.0,12288.0,100320120874,101354419115,102375037,103944077,1913396,0,0,0,0,0,0,0,0,0,0,0,0,40950257,40994063,41132,41168,56,0,0,0,0,0,0,0,0
1778082137.5762024,g5.hpc.coe,40875,0.5001,0,100.0,2035.0,12288.0,100355511327,101389845816,102410678,103979743,1913439,0,0,0,0,0,0,0,0,0,0,0,0,35390453,35426701,35641,35666,43,0,0,0,0,0,0,0,0
1778082138.0762968,g5.hpc.coe,40875,0.5001,0,100.0,2035.0,12288.0,100396461584,101430839879,102451794,104020911,1913490,0,0,0,0,0,0,0,0,0,0,0,0,40950257,40994063,41116,41168,51,0,0,0,0,0,0,0,0
1778082138.5764055,g5.hpc.coe,40875,0.5001,0,100.0,2035.0,12288.0,100431851052,101466266649,102487431,104056589,1913572,0,0,0,0,0,0,0,0,0,0,0,0,35389468,35426770,35637,35678,82,0,0,0,0,0,0,0,0
1778082139.076499,g5.hpc.coe,40875,0.5001,0,100.0,2035.0,12288.0,100466550595,101501003417,102522328,104091523,1913613,0,0,0,0,0,0,0,0,0,0,0,0,34699543,34736768,34897,34934,41,0,0,0,0,0,0,0,0
1778082139.5765903,g5.hpc.coe,40875,0.5001,0,100.0,2035.0,12288.0,100507499978,101541997430,102563449,104132686,1913659,0,0,0,0,0,0,0,0,0,0,0,0,40949383,40994013,41121,41163,46,0,0,0,0,0,0,0,0
1778082140.0766854,g5.hpc.coe,40875,0.5001,0,100.0,2035.0,12288.0,100542889634,101577424186,102599092,104168362,1914079,0,0,0,0,0,0,0,0,0,0,0,0,35389656,35426756,35643,35676,420,0,0,0,0,0,0,0,0
1778082140.5767815,g5.hpc.coe,40875,0.5001,0,100.0,2035.0,12288.0,100583839086,101618418241,102640209,104209531,1914199,0,0,0,0,0,0,0,0,0,0,0,0,40949452,40994055,41117,41169,120,0,0,0,0,0,0,0,0
1778082141.076876,g5.hpc.coe,40875,0.5001,0,100.0,2035.0,12288.0,100619228797,101653845004,102675846,104245208,1915529,0,0,0,0,0,0,0,0,0,0,0,0,35389711,35426763,35637,35677,1330,0,0,0,0,0,0,0,0
1778082141.5769727,g5.hpc.coe,40875,0.5001,0,100.0,2035.0,12288.0,100653928527,101688581716,102710735,104280134,1918918,0,0,0,0,0,0,0,0,0,0,0,0,34699730,34736712,34889,34926,3389,0,0,0,0,0,0,0,0
1778082142.077069,g5.hpc.coe,40875,0.5001,0,100.0,2035.0,12288.0,100694878721,101729576120,102751863,104321297,1919291,0,0,0,0,0,0,0,0,0,0,0,0,40950194,40994404,41128,41163,373,0,0,0,0,0,0,0,0
1778082142.5771637,g5.hpc.coe,40875,0.5001,0,100.0,2035.0,12288.0,100730268606,101765002939,102787504,104356982,1919336,0,0,0,0,0,0,0,0,0,0,0,0,35389885,35426819,35641,35685,45,0,0,0,0,0,0,0,0
1778082143.077259,g5.hpc.coe,40875,0.5001,0,100.0,2035.0,12288.0,100771218324,101805996981,102828622,104398147,1919384,0,0,0,0,0,0,0,0,0,0,0,0,40949718,40994042,41118,41165,48,0,0,0,0,0,0,0,0
1778082143.577356,g5.hpc.coe,40875,0.5001,0,100.0,2035.0,12288.0,100806608321,101841423731,102864263,104433820,1920570,0,0,0,0,0,0,0,0,0,0,0,0,35389997,35426750,35641,35673,1186,0,0,0,0,0,0,0,0
1778082144.0774486,g5.hpc.coe,40875,0.5001,0,100.0,2035.0,12288.0,100841308393,101876160472,102899164,104468748,1920615,0,0,0,0,0,0,0,0,0,0,0,0,34700072,34736741,34901,34928,45,0,0,0,0,0,0,0,0
1778082144.577544,g5.hpc.coe,40875,0.5001,0,100.0,2035.0,12288.0,100882258312,101917154528,102940290,104509915,1920716,0,0,0,0,0,0,0,0,0,0,0,0,40949919,40994056,41126,41167,101,0,0,0,0,0,0,0,0
1778082145.0776384,g5.hpc.coe,40875,0.5001,0,100.0,2035.0,12288.0,100917648357,101952581327,102975917,104545595,1920757,0,0,0,0,0,0,0,0,0,0,0,0,35390045,35426799,35627,35680,41,0,0,0,0,0,0,0,0
1778082145.577735,g5.hpc.coe,40875,0.5001,0,100.0,2035.0,12288.0,100958598401,101993575445,103017038,104586764,1920800,0,0,0,0,0,0,0,0,0,0,0,0,40950044,40994118,41121,41169,43,0,0,0,0,0,0,0,0
1778082146.077829,g5.hpc.coe,40875,0.5001,0,100.0,2035.0,12288.0,100993988641,102029002188,103052679,104622436,1922686,0,0,0,0,0,0,0,0,0,0,0,0,35390240,35426743,35641,35672,1886,0,0,0,0,0,0,0,0
1778082146.577923,g5.hpc.coe,40875,0.5001,0,100.0,2035.0,12288.0,101028688878,102063738894,103087569,104657359,1926674,0,0,0,0,0,0,0,0,0,0,0,0,34700237,34736706,34890,34923,3988,0,0,0,0,0,0,0,0
1778082147.0780187,g5.hpc.coe,40875,0.5001,0,100.0,2035.0,12288.0,101069638977,102104733006,103128686,104698534,1926773,0,0,0,0,0,0,0,0,0,0,0,0,40950099,40994112,41117,41175,99,0,0,0,0,0,0,0,0
1778082147.5781126,g5.hpc.coe,40875,0.5001,0,100.0,2035.0,12288.0,101105029223,102140159742,103164307,104734205,1926943,0,0,0,0,0,0,0,0,0,0,0,0,35390246,35426736,35621,35671,170,0,0,0,0,0,0,0,0
1778082148.0782082,g5.hpc.coe,40875,0.5001,0,100.0,2035.0,12288.0,101145979462,102181153840,103205428,104775378,1926991,0,0,0,0,0,0,0,0,0,0,0,0,40950239,40994098,41121,41173,48,0,0,0,0,0,0,0,0
1778082148.5783029,g5.hpc.coe,40875,0.5001,0,100.0,2035.0,12288.0,101181369904,102216580625,103241061,104811056,1929064,0,0,0,0,0,0,0,0,0,0,0,0,35390442,35426785,35633,35678,2073,0,0,0,0,0,0,0,0
1778082149.0784006,g5.hpc.coe,40875,0.5001,0,100.0,2035.0,12288.0,101222319187,102257574736,103282182,104852233,1929117,0,0,0,0,0,0,0,0,0,0,0,0,40949283,40994111,41121,41177,53,0,0,0,0,0,0,0,0
1778082149.5784943,g5.hpc.coe,40875,0.5001,0,100.0,2035.0,12288.0,101257191805,102292564164,103317518,104887850,1929164,0,0,0,0,0,0,0,0,0,0,0,0,34872618,34989428,35336,35617,47,0,0,0,0,0,0,0,0
1778082150.0785882,g5.hpc.coe,40875,0.5001,0,100.0,2035.0,12288.0,101292408218,102327738127,103352706,104922824,1929203,0,0,0,0,0,0,0,0,0,0,0,0,35216413,35173963,35188,34974,39,0,0,0,0,0,0,0,0
1778082150.578683,g5.hpc.coe,40875,0.5001,0,100.0,2035.0,12288.0,101333357751,102368732209,103393833,104963990,1929250,0,0,0,0,0,0,0,0,0,0,0,0,40949533,40994082,41127,41166,47,0,0,0,0,0,0,0,0
1778082151.0787935,g5.hpc.coe,40875,0.5001,0,100.0,2035.0,12288.0,101368747396,102404158986,103429468,104999669,1929926,0,0,0,0,0,0,0,0,0,0,0,0,35389645,35426777,35635,35679,676,0,0,0,0,0,0,0,0
1778082151.5788949,g5.hpc.coe,40875,0.5001,0,100.0,2035.0,12288.0,101407666872,102443623496,103468895,105039456,1930357,0,0,0,0,0,0,0,0,0,0,0,0,38919476,39464510,39427,39787,431,0,0,0,0,0,0,0,0
1778082152.0789926,g5.hpc.coe,40875,0.5001,0,100.0,2035.0,12288.0,101445086677,102480579853,103506226,105076522,1930898,0,0,0,0,0,0,0,0,0,0,0,0,37419805,36956357,37331,37066,541,0,0,0,0,0,0,0,0
1778082152.5790865,g5.hpc.coe,40875,0.5001,0,100.0,2035.0,12288.0,101479786424,102515316572,103541111,105111449,1930943,0,0,0,0,0,0,0,0,0,0,0,0,34699747,34736719,34885,34927,45,0,0,0,0,0,0,0,0
1778082153.079183,g5.hpc.coe,40875,0.5001,0,100.0,2035.0,12288.0,101520736081,102556310606,103582230,105152615,1931255,0,0,0,0,0,0,0,0,0,0,0,0,40949657,40994034,41119,41166,312,0,0,0,0,0,0,0,0
1778082153.5792828,g5.hpc.coe,40875,0.5001,0,100.0,2035.0,12288.0,101556126005,102591737391,103617868,105188293,1931296,0,0,0,0,0,0,0,0,0,0,0,0,35389924,35426785,35638,35678,41,0,0,0,0,0,0,0,0
1778082154.0794075,g5.hpc.coe,40875,0.5001,0,100.0,2035.0,12288.0,101597075595,102632723858,103658975,105229441,1931341,0,0,0,0,0,0,0,0,0,0,0,0,40949590,40986467,41107,41148,45,0,0,0,0,0,0,0,0
1778082154.5795133,g5.hpc.coe,40875,0.5001,0,100.0,2035.0,12288.0,101632465795,102668158225,103694625,105265137,1932268,0,0,0,0,0,0,0,0,0,0,0,0,35390200,35434367,35650,35696,927,0,0,0,0,0,0,0,0
1778082155.0796058,g5.hpc.coe,40875,0.5001,0,100.0,2035.0,12288.0,101667165877,102702894959,103729521,105300064,1932315,0,0,0,0,0,0,0,0,0,0,0,0,34700082,34736734,34896,34927,47,0,0,0,0,0,0,0,0
1778082155.5797012,g5.hpc.coe,40875,0.5001,0,100.0,2035.0,12288.0,101708115932,102743889049,103770651,105341229,1932806,0,0,0,0,0,0,0,0,0,0,0,0,40950055,40994090,41130,41165,491,0,0,0,0,0,0,0,0
1778082156.079796,g5.hpc.coe,40875,0.5001,0,100.0,2035.0,12288.0,101743506036,102779315736,103806280,105376893,1932840,0,0,0,0,0,0,0,0,0,0,0,0,35390104,35426687,35629,35664,34,0,0,0,0,0,0,0,0
1778082156.5798929,g5.hpc.coe,40875,0.5001,0,100.0,2035.0,12288.0,101784456076,102820309750,103847403,105418054,1934581,0,0,0,0,0,0,0,0,0,0,0,0,40950040,40994014,41123,41161,1741,0,0,0,0,0,0,0,0
1778082157.0799916,g5.hpc.coe,40875,0.5001,0,100.0,2035.0,12288.0,101819846963,102855736968,103883056,105453738,1934632,0,0,0,0,0,0,0,0,0,0,0,0,35390887,35427218,35653,35684,51,0,0,0,0,0,0,0,0
1778082157.5800867,g5.hpc.coe,40875,0.5001,0,100.0,2035.0,12288.0,101854547274,102890473688,103917950,105488663,1934752,0,0,0,0,0,0,0,0,0,0,0,0,34700311,34736720,34894,34925,120,0,0,0,0,0,0,0,0
1778082158.0801835,g5.hpc.coe,40875,0.5001,0,100.0,2035.0,12288.0,101895497467,102931467730,103959074,105529828,1934796,0,0,0,0,0,0,0,0,0,0,0,0,40950193,40994042,41124,41165,44,0,0,0,0,0,0,0,0
1778082158.5802815,g5.hpc.coe,40875,0.5001,0,100.0,2035.0,12288.0,101930887885,102966894564,103994711,105565513,1935324,0,0,0,0,0,0,0,0,0,0,0,0,35390418,35426834,35637,35685,528,0,0,0,0,0,0,0,0
1778082159.0803816,g5.hpc.coe,40875,0.5001,0,100.0,2035.0,12288.0,101971838156,103007888648,104035830,105606684,1935369,0,0,0,0,0,0,0,0,0,0,0,0,40950271,40994084,41119,41171,45,0,0,0,0,0,0,0,0
1778082159.5804844,g5.hpc.coe,40875,0.5001,0,100.0,2035.0,12288.0,102007227596,103043315446,104071464,105642366,1936921,0,0,0,0,0,0,0,0,0,0,0,0,35389440,35426798,35634,35682,1552,0,0,0,0,0,0,0,0
1778082160.0805776,g5.hpc.coe,40875,0.5001,0,100.0,2035.0,12288.0,102041927111,103078052186,104106358,105677296,1936964,0,0,0,0,0,0,0,0,0,0,0,0,34699515,34736740,34894,34930,43,0,0,0,0,0,0,0,0
1778082160.5806677,g5.hpc.coe,40875,0.5001,0,100.0,2035.0,12288.0,102082876494,103119046247,104147473,105718459,1937006,0,0,0,0,0,0,0,0,0,0,0,0,40949383,40994061,41115,41163,42,0,0,0,0,0,0,0,0
1778082161.0807598,g5.hpc.coe,40875,0.5001,0,100.0,2035.0,12288.0,102118266081,103154473003,104183105,105754135,1937040,0,0,0,0,0,0,0,0,0,0,0,0,35389587,35426756,35632,35676,34,0,0,0,0,0,0,0,0
1778082161.5808556,g5.hpc.coe,40875,0.5001,0,100.0,2035.0,12288.0,102159215541,103195466995,104224224,105795295,1937186,0,0,0,0,0,0,0,0,0,0,0,0,40949460,40993992,41119,41160,146,0,0,0,0,0,0,0,0
1778082162.0809531,g5.hpc.coe,40875,0.5001,0,100.0,2035.0,12288.0,102194605231,103230893667,104259859,105830959,1939317,0,0,0,0,0,0,0,0,0,0,0,0,35389690,35426672,35635,35664,2131,0,0,0,0,0,0,0,0
1778082162.5810494,g5.hpc.coe,40875,0.5001,0,100.0,2035.0,12288.0,102229305010,103265630407,104294756,105865889,1939348,0,0,0,0,0,0,0,0,0,0,0,0,34699779,34736740,34897,34930,31,0,0,0,0,0,0,0,0
1778082163.081141,g5.hpc.coe,40875,0.5001,0,100.0,2035.0,12288.0,102270254588,103306624420,104335871,105907052,1939397,0,0,0,0,0,0,0,0,0,0,0,0,40949578,40994013,41115,41163,49,0,0,0,0,0,0,0,0
1778082163.581237,g5.hpc.coe,40875,0.5001,0,100.0,2035.0,12288.0,102305644403,103342051155,104371503,105942725,1939583,0,0,0,0,0,0,0,0,0,0,0,0,35389815,35426735,35632,35673,186,0,0,0,0,0,0,0,0
1778082164.0813353,g5.hpc.coe,40875,0.5001,0,100.0,2035.0,12288.0,102346594219,103383045246,104412636,105983897,1940098,0,0,0,0,0,0,0,0,0,0,0,0,40949816,40994091,41133,41172,515,0,0,0,0,0,0,0,0
1778082164.581429,g5.hpc.coe,40875,0.5001,0,100.0,2035.0,12288.0,102381984146,103418472038,104448268,106019576,1944100,0,0,0,0,0,0,0,0,0,0,0,0,35389927,35426792,35632,35679,4002,0,0,0,0,0,0,0,0
1778082165.08152,g5.hpc.coe,40875,0.5001,0,100.0,2035.0,12288.0,102416684113,103453208779,104483155,106054504,1944333,0,0,0,0,0,0,0,0,0,0,0,0,34699967,34736741,34887,34928,233,0,0,0,0,0,0,0,0
1778082165.5816162,g5.hpc.coe,40875,0.5001,0,100.0,2035.0,12288.0,102458324055,103494892865,104525029,106096419,1944384,0,0,0,0,0,0,0,0,0,0,0,0,41639942,41684086,41874,41915,51,0,0,0,0,0,0,0,0
1778082166.0817153,g5.hpc.coe,40875,0.5001,0,100.0,2035.0,12288.0,102493024189,103529629661,104559917,106131348,1944416,0,0,0,0,0,0,0,0,0,0,0,0,34700134,34736796,34888,34929,32,0,0,0,0,0,0,0,0
1778082166.58181,g5.hpc.coe,40875,0.5001,0,100.0,2035.0,12288.0,102533974184,103570623668,104601041,106172508,1944698,0,0,0,0,0,0,0,0,0,0,0,0,40949995,40994007,41124,41160,282,0,0,0,0,0,0,0,0
1778082167.0819051,g5.hpc.coe,40875,0.5001,0,100.0,2035.0,12288.0,102569364403,103606050425,104636680,106208182,1946614,0,0,0,0,0,0,0,0,0,0,0,0,35390219,35426757,35639,35674,1916,0,0,0,0,0,0,0,0
1778082167.581999,g5.hpc.coe,40875,0.5001,0,100.0,2035.0,12288.0,102606999758,103644479376,104674931,106247165,1947046,0,0,0,0,0,0,0,0,0,0,0,0,37635355,38428951,38251,38983,432,0,0,0,0,0,0,0,0
1778082168.082096,g5.hpc.coe,40875,0.5001,0,100.0,2035.0,12288.0,102645014747,103681781173,104712779,106284450,1949273,0,0,0,0,0,0,0,0,0,0,0,0,38014989,37301797,37848,37285,2227,0,0,0,0,0,0,0,0
1778082168.5821915,g5.hpc.coe,40875,0.5001,0,100.0,2035.0,12288.0,102680405049,103717207923,104748320,106319943,1949446,0,0,0,0,0,0,0,0,0,0,0,0,35390302,35426750,35541,35493,173,0,0,0,0,0,0,0,0
1778082169.0822866,g5.hpc.coe,40875,0.5001,0,100.0,2035.0,12288.0,102721355567,103758202199,104789450,106361110,1949483,0,0,0,0,0,0,0,0,0,0,0,0,40950518,40994276,41130,41167,37,0,0,0,0,0,0,0,0
1778082169.5823834,g5.hpc.coe,40875,0.5001,0,100.0,2035.0,12288.0,102756746080,103793629012,104825092,106396792,1949633,0,0,0,0,0,0,0,0,0,0,0,0,35390513,35426813,35642,35682,150,0,0,0,0,0,0,0,0
1778082170.0824778,g5.hpc.coe,40875,0.5001,0,100.0,2035.0,12288.0,102794359999,103831640199,104863413,106435332,1949680,0,0,0,0,0,0,0,0,0,0,0,0,37613919,38011187,38321,38540,47,0,0,0,0,0,0,0,0
1778082170.5825725,g5.hpc.coe,40875,0.5001,0,100.0,2035.0,12288.0,102833084883,103870049711,104901853,106473621,1950084,0,0,0,0,0,0,0,0,0,0,0,0,38724884,38409512,38440,38289,404,0,0,0,0,0,0,0,0
1778082171.0826695,g5.hpc.coe,40875,0.5001,0,100.0,2035.0,12288.0,102867784541,103904786471,104936752,106508547,1950122,0,0,0,0,0,0,0,0,0,0,0,0,34699658,34736760,34899,34926,38,0,0,0,0,0,0,0,0
1778082171.5827618,g5.hpc.coe,40875,0.5001,0,100.0,2035.0,12288.0,102908733956,103945780540,104977872,106549718,1952285,0,0,0,0,0,0,0,0,0,0,0,0,40949415,40994069,41120,41171,2163,0,0,0,0,0,0,0,0
1778082172.0828564,g5.hpc.coe,40875,0.5001,0,100.0,2035.0,12288.0,102944124190,103981207708,105013518,106585397,1952319,0,0,0,0,0,0,0,0,0,0,0,0,35390234,35427168,35646,35679,34,0,0,0,0,0,0,0,0
1778082172.5829527,g5.hpc.coe,40875,0.5001,0,100.0,2035.0,12288.0,102985073365,104022194188,105054630,106626549,1952712,0,0,0,0,0,0,0,0,0,0,0,0,40949175,40986480,41112,41152,393,0,0,0,0,0,0,0,0
1778082173.0830476,g5.hpc.coe,40875,0.5001,0,100.0,2035.0,12288.0,103020463515,104057628477,105090284,106662236,1952882,0,0,0,0,0,0,0,0,0,0,0,0,35390150,35434289,35654,35687,170,0,0,0,0,0,0,0,0
1778082173.5831401,g5.hpc.coe,40875,0.5001,0,100.0,2035.0,12288.0,103055163277,104092365259,105125172,106697172,1953045,0,0,0,0,0,0,0,0,0,0,0,0,34699762,34736782,34888,34936,163,0,0,0,0,0,0,0,0
1778082174.0832353,g5.hpc.coe,40875,0.5001,0,100.0,2035.0,12288.0,103096113012,104133359349,105166303,106738346,1953089,0,0,0,0,0,0,0,0,0,0,0,0,40949735,40994090,41131,41174,44,0,0,0,0,0,0,0,0
1778082174.5833309,g5.hpc.coe,40875,0.5001,0,100.0,2035.0,12288.0,103131502916,104168786127,105201939,106774023,1953133,0,0,0,0,0,0,0,0,0,0,0,0,35389904,35426778,35636,35677,44,0,0,0,0,0,0,0,0
1778082175.0834386,g5.hpc.coe,40875,0.5001,0,100.0,2035.0,12288.0,103172452707,104209780113,105243062,106815180,1953195,0,0,0,0,0,0,0,0,0,0,0,0,40949791,40993986,41123,41157,62,0,0,0,0,0,0,0,0
1778082175.5835316,g5.hpc.coe,40875,0.5001,0,100.0,2035.0,12288.0,103207842757,104245206835,105278705,106850849,1955434,0,0,0,0,0,0,0,0,0,0,0,0,35390050,35426722,35643,35669,2239,0,0,0,0,0,0,0,0
1778082176.0836265,g5.hpc.coe,40875,0.5001,0,100.0,2035.0,12288.0,103242542861,104279943687,105313596,106885786,1955463,0,0,0,0,0,0,0,0,0,0,0,0,34700104,34736852,34891,34937,29,0,0,0,0,0,0,0,0
1778082176.5837204,g5.hpc.coe,40875,0.5001,0,100.0,2035.0,12288.0,103283492749,104320937806,105354712,106926962,1956577,0,0,0,0,0,0,0,0,0,0,0,0,40949888,40994119,41116,41176,1114,0,0,0,0,0,0,0,0
1778082177.0838144,g5.hpc.coe,40875,0.5001,0,100.0,2035.0,12288.0,103318882861,104356364563,105390343,106962636,1956788,0,0,0,0,0,0,0,0,0,0,0,0,35390112,35426757,35631,35674,211,0,0,0,0,0,0,0,0
1778082177.5839126,g5.hpc.coe,40875,0.5001,0,100.0,2035.0,12288.0,103359832875,104397358598,105431463,107003800,1956834,0,0,0,0,0,0,0,0,0,0,0,0,40950014,40994035,41120,41164,46,0,0,0,0,0,0,0,0
1778082178.0840075,g5.hpc.coe,40875,0.5001,0,100.0,2035.0,12288.0,103395223120,104432785390,105467099,107039479,1957410,0,0,0,0,0,0,0,0,0,0,0,0,35390245,35426792,35636,35679,576,0,0,0,0,0,0,0,0
1778082178.5841053,g5.hpc.coe,40875,0.5001,0,100.0,2035.0,12288.0,103429923397,104467522124,105501989,107074406,1958146,0,0,0,0,0,0,0,0,0,0,0,0,34700277,34736734,34890,34927,736,0,0,0,0,0,0,0,0
1778082179.0841987,g5.hpc.coe,40875,0.5001,0,100.0,2035.0,12288.0,103470873515,104508516222,105543103,107115579,1958199,0,0,0,0,0,0,0,0,0,0,0,0,40950118,40994098,41114,41173,53,0,0,0,0,0,0,0,0
1778082179.5842912,g5.hpc.coe,40875,0.5001,0,100.0,2035.0,12288.0,103506263928,104543942951,105578740,107151249,1958236,0,0,0,0,0,0,0,0,0,0,0,0,35390413,35426729,35637,35670,37,0,0,0,0,0,0,0,0
1778082180.0844016,g5.hpc.coe,40875,0.5001,0,100.0,2035.0,12288.0,103547214179,104584936979,105619857,107192412,1958292,0,0,0,0,0,0,0,0,0,0,0,0,40950251,40994028,41117,41163,56,0,0,0,0,0,0,0,0
1778082180.5844958,g5.hpc.coe,40875,0.5001,0,100.0,2035.0,12288.0,103582604654,104620363820,105655489,107228098,1960699,0,0,0,0,0,0,0,0,0,0,0,0,35390475,35426841,35632,35686,2407,0,0,0,0,0,0,0,0
1778082181.0845926,g5.hpc.coe,40875,0.5001,0,100.0,2035.0,12288.0,103617304227,104655100587,105690383,107263025,1961075,0,0,0,0,0,0,0,0,0,0,0,0,34699573,34736767,34894,34927,376,0,0,0,0,0,0,0,0
1778082181.5846884,g5.hpc.coe,40875,0.5001,0,100.0,2035.0,12288.0,103658253577,104696094684,105731501,107304200,1961539,0,0,0,0,0,0,0,0,0,0,0,0,40949350,40994097,41118,41175,464,0,0,0,0,0,0,0,0
1778082182.0847821,g5.hpc.coe,40875,0.5001,0,100.0,2035.0,12288.0,103693643186,104731521377,105767139,107339867,1961585,0,0,0,0,0,0,0,0,0,0,0,0,35389609,35426693,35638,35667,46,0,0,0,0,0,0,0,0
1778082182.584873,g5.hpc.coe,40875,0.5001,0,100.0,2035.0,12288.0,103734592697,104772515313,105808266,107381019,1961628,0,0,0,0,0,0,0,0,0,0,0,0,40949511,40993936,41127,41152,43,0,0,0,0,0,0,0,0
1778082183.084966,g5.hpc.coe,40875,0.5001,0,100.0,2035.0,12288.0,103769982424,104807942132,105843907,107416704,1962628,0,0,0,0,0,0,0,0,0,0,0,0,35389727,35426819,35641,35685,1000,0,0,0,0,0,0,0,0
1778082183.5850594,g5.hpc.coe,40875,0.5001,0,100.0,2035.0,12288.0,103810931976,104848936166,105885026,107457870,1964203,0,0,0,0,0,0,0,0,0,0,0,0,40949552,40994034,41119,41166,1575,0,0,0,0,0,0,0,0
1778082184.0851536,g5.hpc.coe,40875,0.5001,0,100.0,2035.0,12288.0,103845631757,104883672927,105919917,107492803,1964309,0,0,0,0,0,0,0,0,0,0,0,0,34699781,34736761,34891,34933,106,0,0,0,0,0,0,0,0
1778082184.5852463,g5.hpc.coe,40875,0.5001,0,100.0,2035.0,12288.0,103881021574,104919099641,105955550,107528473,1964368,0,0,0,0,0,0,0,0,0,0,0,0,35389817,35426714,35633,35670,59,0,0,0,0,0,0,0,0
1778082185.08534,g5.hpc.coe,40875,0.5001,0,100.0,2035.0,12288.0,103921971350,104960093711,105996678,107569642,1964409,0,0,0,0,0,0,0,0,0,0,0,0,40949776,40994070,41128,41169,41,0,0,0,0,0,0,0,0
1778082185.5854352,g5.hpc.coe,40875,0.5001,0,100.0,2035.0,12288.0,103957361286,104995520496,106032312,107605320,1965562,0,0,0,0,0,0,0,0,0,0,0,0,35389936,35426785,35634,35678,1153,0,0,0,0,0,0,0,0
1778082186.08553,g5.hpc.coe,40875,0.5001,0,100.0,2035.0,12288.0,103993746715,105032870803,106069392,107643232,1965586,0,0,0,0,0,0,0,0,0,0,0,0,36385429,37350307,37080,37912,24,0,0,0,0,0,0,0,0
1778082186.5856266,g5.hpc.coe,40875,0.5001,0,100.0,2035.0,12288.0,104033011218,105071251439,106108325,107681429,1972390,0,0,0,0,0,0,0,0,0,0,0,0,39264503,38380636,38933,38197,6804,0,0,0,0,0,0,0,0
1778082187.085721,g5.hpc.coe,40875,0.5001,0,100.0,2035.0,12288.0,104068401972,105106678650,106143981,107717112,1972670,0,0,0,0,0,0,0,0,0,0,0,0,35390754,35427211,35656,35683,280,0,0,0,0,0,0,0,0
1778082187.58582,g5.hpc.coe,40875,0.5001,0,100.0,2035.0,12288.0,104110041922,105148362757,106185843,107759030,1974126,0,0,0,0,0,0,0,0,0,0,0,0,41639950,41684107,41862,41918,1456,0,0,0,0,0,0,0,0
1778082188.0859165,g5.hpc.coe,40875,0.5001,0,100.0,2035.0,12288.0,104144742050,105183099477,106220726,107793955,1974183,0,0,0,0,0,0,0,0,0,0,0,0,34700128,34736720,34883,34925,57,0,0,0,0,0,0,0,0
1778082188.5860105,g5.hpc.coe,40875,0.5001,0,100.0,2035.0,12288.0,104185350735,105224085736,106261834,107835105,1974234,0,0,0,0,0,0,0,0,0,0,0,0,40608685,40986259,41108,41150,51,0,0,0,0,0,0,0,0
1778082189.086104,g5.hpc.coe,40875,0.5001,0,100.0,2035.0,12288.0,104221082378,105259520311,106297479,107870799,1975749,0,0,0,0,0,0,0,0,0,0,0,0,35731643,35434575,35645,35694,1515,0,0,0,0,0,0,0,0
1778082189.5861986,g5.hpc.coe,40875,0.5001,0,100.0,2035.0,12288.0,104255782680,105294257045,106332366,107905726,1975934,0,0,0,0,0,0,0,0,0,0,0,0,34700302,34736734,34887,34927,185,0,0,0,0,0,0,0,0
1778082190.0862963,g5.hpc.coe,40875,0.5001,0,100.0,2035.0,12288.0,104296732886,105335251192,106373484,107946906,1976061,0,0,0,0,0,0,0,0,0,0,0,0,40950206,40994147,41118,41180,127,0,0,0,0,0,0,0,0
1778082190.5863924,g5.hpc.coe,40875,0.5001,0,100.0,2035.0,12288.0,104332123323,105370677963,106409118,107982582,1976107,0,0,0,0,0,0,0,0,0,0,0,0,35390437,35426771,35634,35676,46,0,0,0,0,0,0,0,0
1778082191.086487,g5.hpc.coe,40875,0.5001,0,100.0,2035.0,12288.0,104372932600,105411664472,106450221,108023736,1976153,0,0,0,0,0,0,0,0,0,0,0,0,40809277,40986509,41103,41154,46,0,0,0,0,0,0,0,0
1778082191.5865855,g5.hpc.coe,40875,0.5001,0,100.0,2035.0,12288.0,104408463086,105447098844,106485858,108059428,1977773,0,0,0,0,0,0,0,0,0,0,0,0,35530486,35434372,35637,35692,1620,0,0,0,0,0,0,0,0
1778082192.0866807,g5.hpc.coe,40875,0.5001,0,100.0,2035.0,12288.0,104443162606,105481835563,106520747,108094355,1977826,0,0,0,0,0,0,0,0,0,0,0,0,34699520,34736719,34889,34927,53,0,0,0,0,0,0,0,0
1778082192.586773,g5.hpc.coe,40875,0.5001,0,100.0,2035.0,12288.0,104484112071,105522829639,106561875,108135527,1978129,0,0,0,0,0,0,0,0,0,0,0,0,40949465,40994076,41128,41172,303,0,0,0,0,0,0,0,0
1778082193.0868676,g5.hpc.coe,40875,0.5001,0,100.0,2035.0,12288.0,104519501669,105558256318,106597505,108171192,1978173,0,0,0,0,0,0,0,0,0,0,0,0,35389598,35426679,35630,35665,44,0,0,0,0,0,0,0,0
1778082193.586963,g5.hpc.coe,40875,0.5001,0,100.0,2035.0,12288.0,104560451126,105599250338,106638618,108212356,1978312,0,0,0,0,0,0,0,0,0,0,0,0,40949457,40994020,41113,41164,139,0,0,0,0,0,0,0,0
1778082194.0870595,g5.hpc.coe,40875,0.5001,0,100.0,2035.0,12288.0,104595840912,105634677108,106674261,108248034,1979008,0,0,0,0,0,0,0,0,0,0,0,0,35389786,35426770,35643,35678,696,0,0,0,0,0,0,0,0
1778082194.5871544,g5.hpc.coe,40875,0.5001,0,100.0,2035.0,12288.0,104630540654,105669413834,106709147,108282962,1979573,0,0,0,0,0,0,0,0,0,0,0,0,34699742,34736726,34886,34928,565,0,0,0,0,0,0,0,0
1778082195.0872505,g5.hpc.coe,40875,0.5001,0,100.0,2035.0,12288.0,104671490334,105710407861,106750271,108324127,1979619,0,0,0,0,0,0,0,0,0,0,0,0,40949680,40994027,41124,41165,46,0,0,0,0,0,0,0,0
1778082195.5873435,g5.hpc.coe,40875,0.5001,0,100.0,2035.0,12288.0,104706880274,105745834646,106785913,108359805,1979660,0,0,0,0,0,0,0,0,0,0,0,0,35389940,35426785,35642,35678,41,0,0,0,0,0,0,0,0
1778082196.0874445,g5.hpc.coe,40875,0.5001,0,100.0,2035.0,12288.0,104747829989,105786828730,106827026,108400976,1980552,0,0,0,0,0,0,0,0,0,0,0,0,40949715,40994084,41113,41171,892,0,0,0,0,0,0,0,0
1778082196.5875397,g5.hpc.coe,40875,0.5001,0,100.0,2035.0,12288.0,104783220089,105822255584,106862668,108436657,1981367,0,0,0,0,0,0,0,0,0,0,0,0,35390100,35426854,35642,35681,815,0,0,0,0,0,0,0,0
1778082197.087636,g5.hpc.coe,40875,0.5001,0,100.0,2035.0,12288.0,104817920145,105856992311,106897562,108471583,1981415,0,0,0,0,0,0,0,0,0,0,0,0,34700056,34736727,34894,34926,48,0,0,0,0,0,0,0,0
1778082197.5877306,g5.hpc.coe,40875,0.5001,0,100.0,2035.0,12288.0,104858870020,105897986374,106938677,108512751,1981830,0,0,0,0,0,0,0,0,0,0,0,0,40949875,40994063,41115,41168,415,0,0,0,0,0,0,0,0
1778082198.0878265,g5.hpc.coe,40875,0.5001,0,100.0,2035.0,12288.0,104894260252,105933413124,106974326,108548424,1981977,0,0,0,0,0,0,0,0,0,0,0,0,35390232,35426750,35649,35673,147,0,0,0,0,0,0,0,0
1778082198.5879252,g5.hpc.coe,40875,0.5001,0,100.0,2035.0,12288.0,104935210337,105974407187,107015457,108589592,1982016,0,0,0,0,0,0,0,0,0,0,0,0,40950085,40994063,41131,41168,39,0,0,0,0,0,0,0,0
1778082199.0880194,g5.hpc.coe,40875,0.5001,0,100.0,2035.0,12288.0,104970600638,106009833986,107051102,108625272,1983458,0,0,0,0,0,0,0,0,0,0,0,0,35390301,35426799,35645,35680,1442,0,0,0,0,0,0,0,0
1778082199.5881174,g5.hpc.coe,40875,0.5001,0,100.0,2035.0,12288.0,105005300902,106044570713,107085991,108660198,1983608,0,0,0,0,0,0,0,0,0,0,0,0,34700264,34736727,34889,34926,150,0,0,0,0,0,0,0,0
1778082200.0882096,g5.hpc.coe,40875,0.5001,0,100.0,2035.0,12288.0,105046251098,106085564762,107127117,108701364,1985203,0,0,0,0,0,0,0,0,0,0,0,0,40950196,40994049,41126,41166,1595,0,0,0,0,0,0,0,0
1778082200.588306,g5.hpc.coe,40875,0.5001,0,100.0,2035.0,12288.0,105081641512,106120991505,107162755,108737036,1986790,0,0,0,0,0,0,0,0,0,0,0,0,35390414,35426743,35638,35672,1587,0,0,0,0,0,0,0,0
1778082201.0883994,g5.hpc.coe,40875,0.5001,0,100.0,2035.0,12288.0,105122591772,106161985589,107203874,108778207,1986938,0,0,0,0,0,0,0,0,0,0,0,0,40950260,40994084,41119,41171,148,0,0,0,0,0,0,0,0
1778082201.5884957,g5.hpc.coe,40875,0.5001,0,100.0,2035.0,12288.0,105157982402,106197412380,107239520,108813879,1990842,0,0,0,0,0,0,0,0,0,0,0,0,35390630,35426791,35646,35672,3904,0,0,0,0,0,0,0,0
1778082202.0885885,g5.hpc.coe,40875,0.5001,0,100.0,2035.0,12288.0,105192682473,106232149511,107274421,108848809,1991159,0,0,0,0,0,0,0,0,0,0,0,0,34700071,34737131,34901,34930,317,0,0,0,0,0,0,0,0
1778082202.5886834,g5.hpc.coe,40875,0.5001,0,100.0,2035.0,12288.0,105233631818,106273143552,107315539,108889976,1991881,0,0,0,0,0,0,0,0,0,0,0,0,40949345,40994041,41118,41167,722,0,0,0,0,0,0,0,0
1778082203.0887775,g5.hpc.coe,40875,0.5001,0,100.0,2035.0,12288.0,105269021359,106308570259,107351168,108925645,1991971,0,0,0,0,0,0,0,0,0,0,0,0,35389541,35426707,35629,35669,90,0,0,0,0,0,0,0,0
1778082203.58887,g5.hpc.coe,40875,0.5001,0,100.0,2035.0,12288.0,105309970829,106349564286,107392290,108966810,1992019,0,0,0,0,0,0,0,0,0,0,0,0,40949470,40994027,41122,41165,48,0,0,0,0,0,0,0,0
1778082204.0889647,g5.hpc.coe,40875,0.5001,0,100.0,2035.0,12288.0,105345360494,106384991000,107427923,109002480,1993533,0,0,0,0,0,0,0,0,0,0,0,0,35389665,35426714,35633,35670,1514,0,0,0,0,0,0,0,0
1778082204.5890625,g5.hpc.coe,40875,0.5001,0,100.0,2035.0,12288.0,105383755625,106423603271,107466986,109041702,1993569,0,0,0,0,0,0,0,0,0,0,0,0,38395131,38612271,39063,39222,36,0,0,0,0,0,0,0,0
1778082205.0891573,g5.hpc.coe,40875,0.5001,0,100.0,2035.0,12288.0,105421010004,106460894930,107504132,109078847,1993607,0,0,0,0,0,0,0,0,0,0,0,0,37254379,37291659,37146,37145,38,0,0,0,0,0,0,0,0
1778082205.589252,g5.hpc.coe,40875,0.5001,0,100.0,2035.0,12288.0,105456399815,106496148544,107539593,109114254,1993651,0,0,0,0,0,0,0,0,0,0,0,0,35389811,35253614,35461,35407,44,0,0,0,0,0,0,0,0
1778082206.089344,g5.hpc.coe,40875,0.5001,0,100.0,2035.0,12288.0,105497349501,106537142572,107580709,109155417,1993928,0,0,0,0,0,0,0,0,0,0,0,0,40949686,40994028,41116,41163,277,0,0,0,0,0,0,0,0
1778082206.5894372,g5.hpc.coe,40875,0.5001,0,100.0,2035.0,12288.0,105532739424,106572569343,107616342,109191093,1996503,0,0,0,0,0,0,0,0,0,0,0,0,35389923,35426771,35633,35676,2575,0,0,0,0,0,0,0,0
1778082207.0895307,g5.hpc.coe,40875,0.5001,0,100.0,2035.0,12288.0,105570248822,106610468159,107654554,109229527,1996544,0,0,0,0,0,0,0,0,0,0,0,0,37509398,37898816,38212,38434,41,0,0,0,0,0,0,0,0
1778082207.5896313,g5.hpc.coe,40875,0.5001,0,100.0,2035.0,12288.0,105609079375,106648990281,107693103,109267945,1997208,0,0,0,0,0,0,0,0,0,0,0,0,38830553,38522122,38549,38418,664,0,0,0,0,0,0,0,0
1778082208.089725,g5.hpc.coe,40875,0.5001,0,100.0,2035.0,12288.0,105643779477,106683726973,107727997,109302866,1997241,0,0,0,0,0,0,0,0,0,0,0,0,34700102,34736692,34894,34921,33,0,0,0,0,0,0,0,0
1778082208.5898297,g5.hpc.coe,40875,0.5001,0,100.0,2035.0,12288.0,105684729490,106724721022,107769125,109344032,1997746,0,0,0,0,0,0,0,0,0,0,0,0,40950013,40994049,41128,41166,505,0,0,0,0,0,0,0,0
1778082209.089923,g5.hpc.coe,40875,0.5001,0,100.0,2035.0,12288.0,105720119691,106760147842,107804763,109379715,1997793,0,0,0,0,0,0,0,0,0,0,0,0,35390201,35426820,35638,35683,47,0,0,0,0,0,0,0,0
1778082209.5900168,g5.hpc.coe,40875,0.5001,0,100.0,2035.0,12288.0,105760885500,106801134080,107845875,109420865,1997838,0,0,0,0,0,0,0,0,0,0,0,0,40765809,40986238,41112,41150,45,0,0,0,0,0,0,0,0
1778082210.0901124,g5.hpc.coe,40875,0.5001,0,100.0,2035.0,12288.0,105796460050,106836568662,107881522,109456557,1999596,0,0,0,0,0,0,0,0,0,0,0,0,35574550,35434582,35647,35692,1758,0,0,0,0,0,0,0,0
1778082210.5902102,g5.hpc.coe,40875,0.5001,0,100.0,2035.0,12288.0,105831160325,106871305368,107916406,109491480,2000030,0,0,0,0,0,0,0,0,0,0,0,0,34700275,34736706,34884,34923,434,0,0,0,0,0,0,0,0
1778082211.090306,g5.hpc.coe,40875,0.5001,0,100.0,2035.0,12288.0,105872110554,106912299452,107957528,109532651,2000084,0,0,0,0,0,0,0,0,0,0,0,0,40950229,40994084,41122,41171,54,0,0,0,0,0,0,0,0
1778082211.590402,g5.hpc.coe,40875,0.5001,0,100.0,2035.0,12288.0,105907500964,106947726167,107993159,109568319,2000124,0,0,0,0,0,0,0,0,0,0,0,0,35390410,35426715,35631,35668,40,0,0,0,0,0,0,0,0
1778082212.0905044,g5.hpc.coe,40875,0.5001,0,100.0,2035.0,12288.0,105948451331,106988720285,108034278,109609488,2000341,0,0,0,0,0,0,0,0,0,0,0,0,40950367,40994118,41119,41169,217,0,0,0,0,0,0,0,0
1778082212.590599,g5.hpc.coe,40875,0.5001,0,100.0,2035.0,12288.0,105983840791,107024146999,108069910,109645158,2001042,0,0,0,0,0,0,0,0,0,0,0,0,35389460,35426714,35632,35670,701,0,0,0,0,0,0,0,0
1778082213.0907018,g5.hpc.coe,40875,0.5001,0,100.0,2035.0,12288.0,106018540305,107058883718,108104799,109680085,2001523,0,0,0,0,0,0,0,0,0,0,0,0,34699514,34736719,34889,34927,481,0,0,0,0,0,0,0,0
1778082213.590801,g5.hpc.coe,40875,0.5001,0,100.0,2035.0,12288.0,106059489687,107099877752,108145916,109721251,2001762,0,0,0,0,0,0,0,0,0,0,0,0,40949382,40994034,41117,41166,239,0,0,0,0,0,0,0,0
1778082214.0908973,g5.hpc.coe,40875,0.5001,0,100.0,2035.0,12288.0,106094879307,107135304452,108181550,109756919,2002520,0,0,0,0,0,0,0,0,0,0,0,0,35389620,35426700,35634,35668,758,0,0,0,0,0,0,0,0
1778082214.5909903,g5.hpc.coe,40875,0.5001,0,100.0,2035.0,12288.0,106135828864,107176298479,108222678,109798084,2002572,0,0,0,0,0,0,0,0,0,0,0,0,40949557,40994027,41128,41165,52,0,0,0,0,0,0,0,0
1778082215.0910861,g5.hpc.coe,40875,0.5001,0,100.0,2035.0,12288.0,106171218553,107211725249,108258308,109833762,2004231,0,0,0,0,0,0,0,0,0,0,0,0,35389689,35426770,35630,35678,1659,0,0,0,0,0,0,0,0
1778082215.5911787,g5.hpc.coe,40875,0.5001,0,100.0,2035.0,12288.0,106205918317,107246461975,108293198,109868690,2004275,0,0,0,0,0,0,0,0,0,0,0,0,34699764,34736726,34890,34928,44,0,0,0,0,0,0,0,0
1778082216.0912745,g5.hpc.coe,40875,0.5001,0,100.0,2035.0,12288.0,106246867964,107287456009,108334318,109909856,2004316,0,0,0,0,0,0,0,0,0,0,0,0,40949647,40994034,41120,41166,41,0,0,0,0,0,0,0,0
1778082216.5913703,g5.hpc.coe,40875,0.5001,0,100.0,2035.0,12288.0,106282257779,107322882808,108369943,109945536,2005770,0,0,0,0,0,0,0,0,0,0,0,0,35389815,35426799,35625,35680,1454,0,0,0,0,0,0,0,0
1778082217.0914629,g5.hpc.coe,40875,0.5001,0,100.0,2035.0,12288.0,106323208301,107363877380,108411089,109986714,2005808,0,0,0,0,0,0,0,0,0,0,0,0,40950522,40994572,41146,41178,38,0,0,0,0,0,0,0,0
1778082217.5915601,g5.hpc.coe,40875,0.5001,0,100.0,2035.0,12288.0,106358598242,107399304207,108446718,110022398,2007345,0,0,0,0,0,0,0,0,0,0,0,0,35389941,35426827,35629,35684,1537,0,0,0,0,0,0,0,0
1778082218.0916567,g5.hpc.coe,40875,0.5001,0,100.0,2035.0,12288.0,106399548197,107440298263,108487852,110063565,2007587,0,0,0,0,0,0,0,0,0,0,0,0,40949955,40994056,41134,41167,242,0,0,0,0,0,0,0,0
1778082218.5917497,g5.hpc.coe,40875,0.5001,0,100.0,2035.0,12288.0,106434248289,107475035046,108522745,110098499,2008128,0,0,0,0,0,0,0,0,0,0,0,0,34700092,34736783,34893,34934,541,0,0,0,0,0,0,0,0
1778082219.0918448,g5.hpc.coe,40875,0.5001,0,100.0,2035.0,12288.0,106469638397,107510461810,108558377,110134174,2008171,0,0,0,0,0,0,0,0,0,0,0,0,35390108,35426764,35632,35675,43,0,0,0,0,0,0,0,0
1778082219.5919404,g5.hpc.coe,40875,0.5001,0,100.0,2035.0,12288.0,106510588400,107551455852,108599497,110175339,2010132,0,0,0,0,0,0,0,0,0,0,0,0,40950003,40994042,41120,41165,1961,0,0,0,0,0,0,0,0
1778082220.0920367,g5.hpc.coe,40875,0.5001,0,100.0,2035.0,12288.0,106545978662,107586882574,108635137,110211008,2011205,0,0,0,0,0,0,0,0,0,0,0,0,35390262,35426722,35640,35669,1073,0,0,0,0,0,0,0,0
1778082220.592131,g5.hpc.coe,40875,0.5001,0,100.0,2035.0,12288.0,106580678943,107621619315,108670029,110245936,2011373,0,0,0,0,0,0,0,0,0,0,0,0,34700281,34736741,34892,34928,168,0,0,0,0,0,0,0,0
1778082221.0922227,g5.hpc.coe,40875,0.5001,0,100.0,2035.0,12288.0,106622319143,107663303408,108711900,110287852,2011430,0,0,0,0,0,0,0,0,0,0,0,0,41640200,41684093,41871,41916,57,0,0,0,0,0,0,0,0
1778082221.5923126,g5.hpc.coe,40875,0.5001,0,100.0,2035.0,12288.0,106657019515,107698040128,108746789,110322777,2015552,0,0,0,0,0,0,0,0,0,0,0,0,34700372,34736720,34889,34925,4122,0,0,0,0,0,0,0,0
1778082222.092425,g5.hpc.coe,40875,0.5001,0,100.0,2035.0,12288.0,106697969840,107739034281,108787909,110363951,2015592,0,0,0,0,0,0,0,0,0,0,0,0,40950325,40994153,41120,41174,40,0,0,0,0,0,0,0,0
1778082222.5925202,g5.hpc.coe,40875,0.5001,0,100.0,2035.0,12288.0,106733360353,107774461010,108823548,110399621,2015980,0,0,0,0,0,0,0,0,0,0,0,0,35390513,35426729,35639,35670,388,0,0,0,0,0,0,0,0
1778082223.0926178,g5.hpc.coe,40875,0.5001,0,100.0,2035.0,12288.0,106771564605,107813066182,108862450,110438879,2016025,0,0,0,0,0,0,0,0,0,0,0,0,38204252,38605172,38902,39258,45,0,0,0,0,0,0,0,0
1778082223.5927107,g5.hpc.coe,40875,0.5001,0,100.0,2035.0,12288.0,106809699270,107850881765,108900315,110476458,2018095,0,0,0,0,0,0,0,0,0,0,0,0,38134665,37815583,37865,37579,2070,0,0,0,0,0,0,0,0
1778082224.0928056,g5.hpc.coe,40875,0.5001,0,100.0,2035.0,12288.0,106844398859,107885618491,108935208,110511386,2018586,0,0,0,0,0,0,0,0,0,0,0,0,34699589,34736726,34893,34928,491,0,0,0,0,0,0,0,0
1778082224.5928981,g5.hpc.coe,40875,0.5001,0,100.0,2035.0,12288.0,106885348331,107926612553,108976331,110552556,2018639,0,0,0,0,0,0,0,0,0,0,0,0,40949472,40994062,41123,41170,53,0,0,0,0,0,0,0,0
1778082225.0929918,g5.hpc.coe,40875,0.5001,0,100.0,2035.0,12288.0,106920737977,107962039274,109011962,110588227,2018827,0,0,0,0,0,0,0,0,0,0,0,0,35389646,35426721,35631,35671,188,0,0,0,0,0,0,0,0
1778082225.5930862,g5.hpc.coe,40875,0.5001,0,100.0,2035.0,12288.0,106959297935,108001183186,109051120,110627836,2018873,0,0,0,0,0,0,0,0,0,0,0,0,38559958,39143912,39158,39609,46,0,0,0,0,0,0,0,0
1778082226.0931823,g5.hpc.coe,40875,0.5001,0,100.0,2035.0,12288.0,106997077220,108038460050,109088706,110665067,2020074,0,0,0,0,0,0,0,0,0,0,0,0,37779285,37276864,37586,37231,1201,0,0,0,0,0,0,0,0
1778082226.5932796,g5.hpc.coe,40875,0.5001,0,100.0,2035.0,12288.0,107031777053,108073196755,109123599,110699992,2020142,0,0,0,0,0,0,0,0,0,0,0,0,34699833,34736705,34893,34925,68,0,0,0,0,0,0,0,0
1778082227.0933797,g5.hpc.coe,40875,0.5001,0,100.0,2035.0,12288.0,107072726776,108114190825,109164721,110741161,2020339,0,0,0,0,0,0,0,0,0,0,0,0,40949723,40994070,41122,41169,197,0,0,0,0,0,0,0,0
1778082227.5934718,g5.hpc.coe,40875,0.5001,0,100.0,2035.0,12288.0,107108116813,108149617637,109200364,110776836,2020383,0,0,0,0,0,0,0,0,0,0,0,0,35390037,35426812,35643,35675,44,0,0,0,0,0,0,0,0
1778082228.0935693,g5.hpc.coe,40875,0.5001,0,100.0,2035.0,12288.0,107149066591,108190611700,109241480,110818004,2020436,0,0,0,0,0,0,0,0,0,0,0,0,40949778,40994063,41116,41168,53,0,0,0,0,0,0,0,0
1778082228.5936663,g5.hpc.coe,40875,0.5001,0,100.0,2035.0,12288.0,107184456586,108226038471,109277110,110853680,2021020,0,0,0,0,0,0,0,0,0,0,0,0,35389995,35426771,35630,35676,584,0,0,0,0,0,0,0,0
1778082229.0937598,g5.hpc.coe,40875,0.5001,0,100.0,2035.0,12288.0,107219156927,108260775432,109312007,110888608,2021360,0,0,0,0,0,0,0,0,0,0,0,0,34700341,34736961,34897,34928,340,0,0,0,0,0,0,0,0
1778082229.5938559,g5.hpc.coe,40875,0.5001,0,100.0,2035.0,12288.0,107260106929,108301769502,109353132,110929777,2021874,0,0,0,0,0,0,0,0,0,0,0,0,40950002,40994070,41125,41169,514,0,0,0,0,0,0,0,0
1778082230.0939496,g5.hpc.coe,40875,0.5001,0,100.0,2035.0,12288.0,107295497112,108337196238,109388768,110965448,2021924,0,0,0,0,0,0,0,0,0,0,0,0,35390183,35426736,35636,35671,50,0,0,0,0,0,0,0,0
1778082230.5940437,g5.hpc.coe,40875,0.5001,0,100.0,2035.0,12288.0,107336447148,108378190280,109429886,111006613,2021960,0,0,0,0,0,0,0,0,0,0,0,0,40950036,40994042,41118,41165,36,0,0,0,0,0,0,0,0
1778082231.0941381,g5.hpc.coe,40875,0.5001,0,100.0,2035.0,12288.0,107371837498,108413617044,109465532,111042288,2022093,0,0,0,0,0,0,0,0,0,0,0,0,35390350,35426764,35646,35675,133,0,0,0,0,0,0,0,0
1778082231.5942347,g5.hpc.coe,40875,0.5001,0,100.0,2035.0,12288.0,107406537888,108448353778,109500433,111077215,2024840,0,0,0,0,0,0,0,0,0,0,0,0,34700390,34736734,34901,34927,2747,0,0,0,0,0,0,0,0
1778082232.0943353,g5.hpc.coe,40875,0.5001,0,100.0,2035.0,12288.0,107447488729,108489348309,109541569,111118394,2024872,0,0,0,0,0,0,0,0,0,0,0,0,40950841,40994531,41136,41179,32,0,0,0,0,0,0,0,0
1778082232.59443,g5.hpc.coe,40875,0.5001,0,100.0,2035.0,12288.0,107482879219,108524775045,109577212,111154065,2024919,0,0,0,0,0,0,0,0,0,0,0,0,35390490,35426736,35643,35671,47,0,0,0,0,0,0,0,0
1778082233.0945241,g5.hpc.coe,40875,0.5001,0,100.0,2035.0,12288.0,107523829540,108565769087,109618334,111195230,2024964,0,0,0,0,0,0,0,0,0,0,0,0,40950321,40994042,41122,41165,45,0,0,0,0,0,0,0,0
1778082233.5946183,g5.hpc.coe,40875,0.5001,0,100.0,2035.0,12288.0,107559219059,108601195822,109653975,111230903,2026393,0,0,0,0,0,0,0,0,0,0,0,0,35389519,35426735,35641,35673,1429,0,0,0,0,0,0,0,0
1778082234.0947115,g5.hpc.coe,40875,0.5001,0,100.0,2035.0,12288.0,107593918604,108635932527,109688869,111265828,2026464,0,0,0,0,0,0,0,0,0,0,0,0,34699545,34736705,34894,34925,71,0,0,0,0,0,0,0,0
1778082234.5948062,g5.hpc.coe,40875,0.5001,0,100.0,2035.0,12288.0,107634868031,108676926491,109729993,111306984,2026547,0,0,0,0,0,0,0,0,0,0,0,0,40949427,40993964,41124,41156,83,0,0,0,0,0,0,0,0
1778082235.094904,g5.hpc.coe,40875,0.5001,0,100.0,2035.0,12288.0,107670257640,108712353233,109765626,111342658,2026584,0,0,0,0,0,0,0,0,0,0,0,0,35389609,35426742,35633,35674,37,0,0,0,0,0,0,0,0
1778082235.5950015,g5.hpc.coe,40875,0.5001,0,100.0,2035.0,12288.0,107711207108,108753347260,109806742,111383823,2026663,0,0,0,0,0,0,0,0,0,0,0,0,40949468,40994027,41116,41165,79,0,0,0,0,0,0,0,0
1778082236.0950944,g5.hpc.coe,40875,0.5001,0,100.0,2035.0,12288.0,107746596800,108788774058,109842373,111419505,2027936,0,0,0,0,0,0,0,0,0,0,0,0,35389692,35426798,35631,35682,1273,0,0,0,0,0,0,0,0
1778082236.59519,g5.hpc.coe,40875,0.5001,0,100.0,2035.0,12288.0,107781296560,108823510770,109877263,111454431,2028841,0,0,0,0,0,0,0,0,0,0,0,0,34699760,34736712,34890,34926,905,0,0,0,0,0,0,0,0
1778082237.0952852,g5.hpc.coe,40875,0.5001,0,100.0,2035.0,12288.0,107822246195,108864504790,109918382,111495595,2028974,0,0,0,0,0,0,0,0,0,0,0,0,40949635,40994020,41119,41164,133,0,0,0,0,0,0,0,0
1778082237.595384,g5.hpc.coe,40875,0.5001,0,100.0,2035.0,12288.0,107857636160,108899931568,109954029,111531272,2029021,0,0,0,0,0,0,0,0,0,0,0,0,35389965,35426778,35647,35677,47,0,0,0,0,0,0,0,0
1778082238.0954785,g5.hpc.coe,40875,0.5001,0,100.0,2035.0,12288.0,107898585928,108940925596,109995151,111572435,2029756,0,0,0,0,0,0,0,0,0,0,0,0,40949768,40994028,41122,41163,735,0,0,0,0,0,0,0,0
1778082238.5955722,g5.hpc.coe,40875,0.5001,0,100.0,2035.0,12288.0,107933975955,108976352346,110030793,111608108,2033143,0,0,0,0,0,0,0,0,0,0,0,0,35390027,35426750,35642,35673,3387,0,0,0,0,0,0,0,0
1778082239.0956676,g5.hpc.coe,40875,0.5001,0,100.0,2035.0,12288.0,107968675952,109011089094,110065680,111643037,2033180,0,0,0,0,0,0,0,0,0,0,0,0,34699997,34736748,34887,34929,37,0,0,0,0,0,0,0,0
1778082239.5957623,g5.hpc.coe,40875,0.5001,0,100.0,2035.0,12288.0,108009625873,109052083185,110106803,111684209,2034475,0,0,0,0,0,0,0,0,0,0,0,0,40949921,40994091,41123,41172,1295,0,0,0,0,0,0,0,0
1778082240.0958602,g5.hpc.coe,40875,0.5001,0,100.0,2035.0,12288.0,108045016032,109087510005,110142443,111719892,2035311,0,0,0,0,0,0,0,0,0,0,0,0,35390159,35426820,35640,35683,836,0,0,0,0,0,0,0,0
1778082240.5959535,g5.hpc.coe,40875,0.5001,0,100.0,2035.0,12288.0,108086656053,109129194028,110184310,111761798,2035708,0,0,0,0,0,0,0,0,0,0,0,0,41640021,41684023,41867,41906,397,0,0,0,0,0,0,0,0
1778082241.0960495,g5.hpc.coe,40875,0.5001,0,100.0,2035.0,12288.0,108121356294,109163930727,110219204,111796720,2036955,0,0,0,0,0,0,0,0,0,0,0,0,34700241,34736699,34894,34922,1247,0,0,0,0,0,0,0,0
1778082241.5961428,g5.hpc.coe,40875,0.5001,0,100.0,2035.0,12288.0,108156772465,109199797586,110255318,111833114,2037220,0,0,0,0,0,0,0,0,0,0,0,0,35416171,35866859,36114,36394,265,0,0,0,0,0,0,0,0
1778082242.0962331,g5.hpc.coe,40875,0.5001,0,100.0,2035.0,12288.0,108197006686,109239661503,110295212,111872812,2037437,0,0,0,0,0,0,0,0,0,0,0,0,40234221,39863917,39894,39698,217,0,0,0,0,0,0,0,0
1778082242.596332,g5.hpc.coe,40875,0.5001,0,100.0,2035.0,12288.0,108232397110,109275088364,110330846,111908494,2037485,0,0,0,0,0,0,0,0,0,0,0,0,35390424,35426861,35634,35682,48,0,0,0,0,0,0,0,0
1778082243.0964222,g5.hpc.coe,40875,0.5001,0,100.0,2035.0,12288.0,108273347380,109316082406,110371968,111949659,2037520,0,0,0,0,0,0,0,0,0,0,0,0,40950270,40994042,41122,41165,35,0,0,0,0,0,0,0,0
1778082243.5965164,g5.hpc.coe,40875,0.5001,0,100.0,2035.0,12288.0,108308737895,109351509205,110407608,111985339,2038674,0,0,0,0,0,0,0,0,0,0,0,0,35390515,35426799,35640,35680,1154,0,0,0,0,0,0,0,0
1778082244.09661,g5.hpc.coe,40875,0.5001,0,100.0,2035.0,12288.0,108346590812,109389960446,110446337,112024498,2038728,0,0,0,0,0,0,0,0,0,0,0,0,37852917,38451241,38729,39159,54,0,0,0,0,0,0,0,0
1778082244.5967047,g5.hpc.coe,40875,0.5001,0,100.0,2035.0,12288.0,108385076669,109427929925,110484356,112062171,2039367,0,0,0,0,0,0,0,0,0,0,0,0,38485857,37969479,38019,37673,639,0,0,0,0,0,0,0,0
1778082245.0967965,g5.hpc.coe,40875,0.5001,0,100.0,2035.0,12288.0,108419776267,109462666616,110519251,112097094,2039556,0,0,0,0,0,0,0,0,0,0,0,0,34699598,34736691,34895,34923,189,0,0,0,0,0,0,0,0
1778082245.5968914,g5.hpc.coe,40875,0.5001,0,100.0,2035.0,12288.0,108460725691,109503660629,110560368,112138257,2039608,0,0,0,0,0,0,0,0,0,0,0,0,40949424,40994013,41117,41163,52,0,0,0,0,0,0,0,0
1778082246.096991,g5.hpc.coe,40875,0.5001,0,100.0,2035.0,12288.0,108496115388,109539087399,110596007,112173935,2039641,0,0,0,0,0,0,0,0,0,0,0,0,35389697,35426770,35639,35678,33,0,0,0,0,0,0,0,0
1778082246.5970845,g5.hpc.coe,40875,0.5001,0,100.0,2035.0,12288.0,108537064779,109580073851,110637127,112215098,2041292,0,0,0,0,0,0,0,0,0,0,0,0,40949391,40986452,41120,41163,1651,0,0,0,0,0,0,0,0
1778082247.09718,g5.hpc.coe,40875,0.5001,0,100.0,2035.0,12288.0,108572455242,109615508587,110672766,112250778,2041995,0,0,0,0,0,0,0,0,0,0,0,0,35390463,35434736,35639,35680,703,0,0,0,0,0,0,0,0
1778082247.5972745,g5.hpc.coe,40875,0.5001,0,100.0,2035.0,12288.0,108607155047,109650245299,110707656,112285704,2042377,0,0,0,0,0,0,0,0,0,0,0,0,34699805,34736712,34890,34926,382,0,0,0,0,0,0,0,0
1778082248.0973701,g5.hpc.coe,40875,0.5001,0,100.0,2035.0,12288.0,108648104771,109691239348,110748779,112326870,2042519,0,0,0,0,0,0,0,0,0,0,0,0,40949724,40994049,41123,41166,142,0,0,0,0,0,0,0,0
1778082248.597467,g5.hpc.coe,40875,0.5001,0,100.0,2035.0,12288.0,108683494635,109726666049,110784405,112362536,2042563,0,0,0,0,0,0,0,0,0,0,0,0,35389864,35426701,35626,35666,44,0,0,0,0,0,0,0,0
1778082249.0975604,g5.hpc.coe,40875,0.5001,0,100.0,2035.0,12288.0,108724444421,109767660133,110825523,112403707,2042621,0,0,0,0,0,0,0,0,0,0,0,0,40949786,40994084,41118,41171,58,0,0,0,0,0,0,0,0
1778082249.5976555,g5.hpc.coe,40875,0.5001,0,100.0,2035.0,12288.0,108759834480,109803086932,110861163,112439387,2042891,0,0,0,0,0,0,0,0,0,0,0,0,35390059,35426799,35640,35680,270,0,0,0,0,0,0,0,0
1778082250.0977533,g5.hpc.coe,40875,0.5001,0,100.0,2035.0,12288.0,108794534529,109837823694,110896051,112474318,2042937,0,0,0,0,0,0,0,0,0,0,0,0,34700049,34736762,34888,34931,46,0,0,0,0,0,0,0,0
1778082250.5978472,g5.hpc.coe,40875,0.5001,0,100.0,2035.0,12288.0,108835484461,109878817771,110937169,112515488,2042979,0,0,0,0,0,0,0,0,0,0,0,0,40949932,40994077,41118,41170,42,0,0,0,0,0,0,0,0
1778082251.097938,g5.hpc.coe,40875,0.5001,0,100.0,2035.0,12288.0,108870874658,109914244521,110972808,112551161,2043021,0,0,0,0,0,0,0,0,0,0,0,0,35390197,35426750,35639,35673,42,0,0,0,0,0,0,0,0
1778082251.5980346,g5.hpc.coe,40875,0.5001,0,100.0,2035.0,12288.0,108911824722,109955238556,111013931,112592325,2044865,0,0,0,0,0,0,0,0,0,0,0,0,40950064,40994035,41123,41164,1844,0,0,0,0,0,0,0,0
1778082252.0981278,g5.hpc.coe,40875,0.5001,0,100.0,2035.0,12288.0,108947215017,109990665313,111049570,112627999,2045304,0,0,0,0,0,0,0,0,0,0,0,0,35390295,35426757,35639,35674,439,0,0,0,0,0,0,0,0
1778082252.5982249,g5.hpc.coe,40875,0.5001,0,100.0,2035.0,12288.0,108981915295,110025402061,111084456,112662928,2045338,0,0,0,0,0,0,0,0,0,0,0,0,34700278,34736748,34886,34929,34,0,0,0,0,0,0,0,0
1778082253.0983188,g5.hpc.coe,40875,0.5001,0,100.0,2035.0,12288.0,109022865505,110066396151,111125570,112704093,2045389,0,0,0,0,0,0,0,0,0,0,0,0,40950210,40994090,41114,41165,51,0,0,0,0,0,0,0,0
1778082253.5984113,g5.hpc.coe,40875,0.5001,0,100.0,2035.0,12288.0,109058255967,110101822971,111161210,112739776,2045426,0,0,0,0,0,0,0,0,0,0,0,0,35390462,35426820,35640,35683,37,0,0,0,0,0,0,0,0
1778082254.0985096,g5.hpc.coe,40875,0.5001,0,100.0,2035.0,12288.0,109099206296,110142817027,111202334,112780943,2045465,0,0,0,0,0,0,0,0,0,0,0,0,40950329,40994056,41124,41167,39,0,0,0,0,0,0,0,0
1778082254.598604,g5.hpc.coe,40875,0.5001,0,100.0,2035.0,12288.0,109134595801,110178243783,111237974,112816619,2046578,0,0,0,0,0,0,0,0,0,0,0,0,35389505,35426756,35640,35676,1113,0,0,0,0,0,0,0,0
1778082255.0986972,g5.hpc.coe,40875,0.5001,0,100.0,2035.0,12288.0,109169295339,110212980488,111272868,112851544,2046614,0,0,0,0,0,0,0,0,0,0,0,0,34699538,34736705,34894,34925,36,0,0,0,0,0,0,0,0
1778082255.5987952,g5.hpc.coe,40875,0.5001,0,100.0,2035.0,12288.0,109210244732,110253974550,111313988,112892714,2046801,0,0,0,0,0,0,0,0,0,0,0,0,40949393,40994062,41120,41170,187,0,0,0,0,0,0,0,0
1778082256.0988922,g5.hpc.coe,40875,0.5001,0,100.0,2035.0,12288.0,109245634341,110289401271,111349622,112928385,2046836,0,0,0,0,0,0,0,0,0,0,0,0,35389609,35426721,35634,35671,35,0,0,0,0,0,0,0,0
1778082256.5989857,g5.hpc.coe,40875,0.5001,0,100.0,2035.0,12288.0,109286583880,110330395235,111390749,112969541,2047122,0,0,0,0,0,0,0,0,0,0,0,0,40949539,40993964,41127,41156,286,0,0,0,0,0,0,0,0
1778082257.099082,g5.hpc.coe,40875,0.5001,0,100.0,2035.0,12288.0,109321973566,110365822019,111426380,113005221,2049123,0,0,0,0,0,0,0,0,0,0,0,0,35389686,35426784,35631,35680,2001,0,0,0,0,0,0,0,0
1778082257.599179,g5.hpc.coe,40875,0.5001,0,100.0,2035.0,12288.0,109356673368,110400558738,111461277,113040148,2049195,0,0,0,0,0,0,0,0,0,0,0,0,34699802,34736719,34897,34927,72,0,0,0,0,0,0,0,0
1778082258.0992734,g5.hpc.coe,40875,0.5001,0,100.0,2035.0,12288.0,109397623032,110441552771,111502392,113081307,2049232,0,0,0,0,0,0,0,0,0,0,0,0,40949664,40994033,41115,41159,37,0,0,0,0,0,0,0,0
1778082258.5993679,g5.hpc.coe,40875,0.5001,0,100.0,2035.0,12288.0,109433012955,110476979563,111538034,113116986,2049748,0,0,0,0,0,0,0,0,0,0,0,0,35389923,35426792,35642,35679,516,0,0,0,0,0,0,0,0
1778082259.0994625,g5.hpc.coe,40875,0.5001,0,100.0,2035.0,12288.0,109473962717,110517973640,111579156,113158156,2049896,0,0,0,0,0,0,0,0,0,0,0,0,40949762,40994077,41122,41170,148,0,0,0,0,0,0,0,0
1778082259.5995603,g5.hpc.coe,40875,0.5001,0,100.0,2035.0,12288.0,109509352647,110553400397,111614785,113193830,2050285,0,0,0,0,0,0,0,0,0,0,0,0,35389930,35426757,35629,35674,389,0,0,0,0,0,0,0,0
1778082260.0996559,g5.hpc.coe,40875,0.5001,0,100.0,2035.0,12288.0,109544052665,110588389063,111650482,113229995,2050323,0,0,0,0,0,0,0,0,0,0,0,0,34700018,34988666,35697,36165,38,0,0,0,0,0,0,0,0
1778082260.5997508,g5.hpc.coe,40875,0.5001,0,100.0,2035.0,12288.0,109585002559,110629217877,111690975,113270123,2051910,0,0,0,0,0,0,0,0,0,0,0,0,40949894,40828814,40493,40128,1587,0,0,0,0,0,0,0,0
1778082261.0998445,g5.hpc.coe,40875,0.5001,0,100.0,2035.0,12288.0,109620392677,110664558070,111726431,113305616,2052707,0,0,0,0,0,0,0,0,0,0,0,0,35390118,35340193,35456,35493,797,0,0,0,0,0,0,0,0
1778082261.599939,g5.hpc.coe,40875,0.5001,0,100.0,2035.0,12288.0,109661342669,110705552091,111767551,113346778,2054318,0,0,0,0,0,0,0,0,0,0,0,0,40949992,40994021,41120,41162,1611,0,0,0,0,0,0,0,0
1778082262.1000354,g5.hpc.coe,40875,0.5001,0,100.0,2035.0,12288.0,109696733542,110740979281,111803206,113382458,2055772,0,0,0,0,0,0,0,0,0,0,0,0,35390873,35427190,35655,35680,1454,0,0,0,0,0,0,0,0
1778082262.6001334,g5.hpc.coe,40875,0.5001,0,100.0,2035.0,12288.0,109737683610,110781973344,111844323,113423626,2055816,0,0,0,0,0,0,0,0,0,0,0,0,40950068,40994063,41117,41168,44,0,0,0,0,0,0,0,0
1778082263.1002288,g5.hpc.coe,40875,0.5001,0,100.0,2035.0,12288.0,109773073965,110817400163,111879962,113459302,2055888,0,0,0,0,0,0,0,0,0,0,0,0,35390355,35426819,35639,35676,72,0,0,0,0,0,0,0,0
1778082263.6003206,g5.hpc.coe,40875,0.5001,0,100.0,2035.0,12288.0,109807774415,110852136904,111914859,113494230,2055920,0,0,0,0,0,0,0,0,0,0,0,0,34700450,34736741,34897,34928,32,0,0,0,0,0,0,0,0
1778082264.100414,g5.hpc.coe,40875,0.5001,0,100.0,2035.0,12288.0,109848724707,110893130932,111955985,113535393,2056066,0,0,0,0,0,0,0,0,0,0,0,0,40950292,40994028,41126,41163,146,0,0,0,0,0,0,0,0
1778082264.600505,g5.hpc.coe,40875,0.5001,0,100.0,2035.0,12288.0,109884115187,110928557668,111991621,113571064,2056117,0,0,0,0,0,0,0,0,0,0,0,0,35390480,35426736,35636,35671,51,0,0,0,0,0,0,0,0
1778082265.1006005,g5.hpc.coe,40875,0.5001,0,100.0,2035.0,12288.0,109925064066,110969544106,112032722,113612210,2056307,0,0,0,0,0,0,0,0,0,0,0,0,40948879,40986438,41101,41146,190,0,0,0,0,0,0,0,0
1778082265.600695,g5.hpc.coe,40875,0.5001,0,100.0,2035.0,12288.0,109960453912,111004978423,112068364,113647901,2057418,0,0,0,0,0,0,0,0,0,0,0,0,35389846,35434317,35642,35691,1111,0,0,0,0,0,0,0,0
1778082266.1007879,g5.hpc.coe,40875,0.5001,0,100.0,2035.0,12288.0,109995153489,111039715107,112103257,113682823,2057453,0,0,0,0,0,0,0,0,0,0,0,0,34699577,34736684,34893,34922,35,0,0,0,0,0,0,0,0
1778082266.6008816,g5.hpc.coe,40875,0.5001,0,100.0,2035.0,12288.0,110036102928,111080709148,112144377,113723990,2058789,0,0,0,0,0,0,0,0,0,0,0,0,40949439,40994041,41120,41167,1336,0,0,0,0,0,0,0,0
1778082267.1009777,g5.hpc.coe,40875,0.5001,0,100.0,2035.0,12288.0,110071492654,111116135925,112180021,113759669,2058838,0,0,0,0,0,0,0,0,0,0,0,0,35389726,35426777,35644,35679,49,0,0,0,0,0,0,0,0
1778082267.601075,g5.hpc.coe,40875,0.5001,0,100.0,2035.0,12288.0,110112442141,111157129896,112221134,113800826,2058873,0,0,0,0,0,0,0,0,0,0,0,0,40949487,40993971,41113,41157,35,0,0,0,0,0,0,0,0
1778082268.1011705,g5.hpc.coe,40875,0.5001,0,100.0,2035.0,12288.0,110147831955,111192556721,112256770,113836505,2059348,0,0,0,0,0,0,0,0,0,0,0,0,35389814,35426825,35636,35679,475,0,0,0,0,0,0,0,0
1778082268.6012652,g5.hpc.coe,40875,0.5001,0,100.0,2035.0,12288.0,110182531734,111227293426,112291655,113871430,2059387,0,0,0,0,0,0,0,0,0,0,0,0,34699779,34736705,34885,34925,39,0,0,0,0,0,0,0,0
1778082269.101386,g5.hpc.coe,40875,0.5001,0,100.0,2035.0,12288.0,110223481395,111268287509,112332772,113912603,2059691,0,0,0,0,0,0,0,0,0,0,0,0,40949661,40994083,41117,41173,304,0,0,0,0,0,0,0,0
1778082269.6014774,g5.hpc.coe,40875,0.5001,0,100.0,2035.0,12288.0,110258871336,111303714217,112368410,113948270,2059730,0,0,0,0,0,0,0,0,0,0,0,0,35389941,35426708,35638,35667,39,0,0,0,0,0,0,0,0
1778082270.1015742,g5.hpc.coe,40875,0.5001,0,100.0,2035.0,12288.0,110299821123,111344708273,112409529,113989437,2060108,0,0,0,0,0,0,0,0,0,0,0,0,40949787,40994056,41119,41167,378,0,0,0,0,0,0,0,0
1778082270.601667,g5.hpc.coe,40875,0.5001,0,100.0,2035.0,12288.0,110335211189,111380135121,112445171,114025124,2061053,0,0,0,0,0,0,0,0,0,0,0,0,35390066,35426848,35642,35687,945,0,0,0,0,0,0,0,0
1778082271.1017656,g5.hpc.coe,40875,0.5001,0,100.0,2035.0,12288.0,110369911309,111414871862,112480070,114060052,2061200,0,0,0,0,0,0,0,0,0,0,0,0,34700120,34736741,34899,34928,147,0,0,0,0,0,0,0,0
1778082271.6018596,g5.hpc.coe,40875,0.5001,0,100.0,2035.0,12288.0,110410861249,111455865995,112521190,114101230,2061354,0,0,0,0,0,0,0,0,0,0,0,0,40949940,40994133,41120,41178,154,0,0,0,0,0,0,0,0
1778082272.1019566,g5.hpc.coe,40875,0.5001,0,100.0,2035.0,12288.0,110446251391,111491292773,112556822,114136907,2061381,0,0,0,0,0,0,0,0,0,0,0,0,35390142,35426778,35632,35677,27,0,0,0,0,0,0,0,0
1778082272.6020515,g5.hpc.coe,40875,0.5001,0,100.0,2035.0,12288.0,110487201463,111532286822,112597947,114178073,2061422,0,0,0,0,0,0,0,0,0,0,0,0,40950072,40994049,41125,41166,41,0,0,0,0,0,0,0,0
1778082273.102147,g5.hpc.coe,40875,0.5001,0,100.0,2035.0,12288.0,110522591814,111567713621,112633595,114213753,2063467,0,0,0,0,0,0,0,0,0,0,0,0,35390351,35426799,35648,35680,2045,0,0,0,0,0,0,0,0
1778082273.6022413,g5.hpc.coe,40875,0.5001,0,100.0,2035.0,12288.0,110557292205,111602450410,112668489,114248681,2063918,0,0,0,0,0,0,0,0,0,0,0,0,34700391,34736789,34894,34928,451,0,0,0,0,0,0,0,0
1778082274.102338,g5.hpc.coe,40875,0.5001,0,100.0,2035.0,12288.0,110598242388,111643444473,112709609,114289849,2064414,0,0,0,0,0,0,0,0,0,0,0,0,40950183,40994063,41120,41168,496,0,0,0,0,0,0,0,0
1778082274.6024323,g5.hpc.coe,40875,0.5001,0,100.0,2035.0,12288.0,110633632879,111678871251,112745254,114325526,2064456,0,0,0,0,0,0,0,0,0,0,0,0,35390491,35426778,35645,35677,42,0,0,0,0,0,0,0,0
1778082275.1025255,g5.hpc.coe,40875,0.5001,0,100.0,2035.0,12288.0,110674583202,111719865328,112786378,114366696,2064620,0,0,0,0,0,0,0,0,0,0,0,0,40950323,40994077,41124,41170,164,0,0,0,0,0,0,0,0
1778082275.6026225,g5.hpc.coe,40875,0.5001,0,100.0,2035.0,12288.0,110709972639,111755292056,112822009,114402368,2065930,0,0,0,0,0,0,0,0,0,0,0,0,35389437,35426728,35631,35672,1310,0,0,0,0,0,0,0,0
1778082276.1027193,g5.hpc.coe,40875,0.5001,0,100.0,2035.0,12288.0,110744672137,111790028803,112856898,114437299,2066050,0,0,0,0,0,0,0,0,0,0,0,0,34699498,34736747,34889,34931,120,0,0,0,0,0,0,0,0
1778082276.602816,g5.hpc.coe,40875,0.5001,0,100.0,2035.0,12288.0,110785621587,111831195839,112898113,114478717,2070984,0,0,0,0,0,0,0,0,0,0,0,0,40949450,41167036,41215,41418,4934,0,0,0,0,0,0,0,0
1778082277.102912,g5.hpc.coe,40875,0.5001,0,100.0,2035.0,12288.0,110821011786,111866449893,112933672,114514128,2071115,0,0,0,0,0,0,0,0,0,0,0,0,35390199,35254054,35559,35411,131,0,0,0,0,0,0,0,0
1778082277.6030076,g5.hpc.coe,40875,0.5001,0,100.0,2035.0,12288.0,110861961264,111907443913,112974791,114555292,2071322,0,0,0,0,0,0,0,0,0,0,0,0,40949478,40994020,41119,41164,207,0,0,0,0,0,0,0,0
1778082278.1031053,g5.hpc.coe,40875,0.5001,0,100.0,2035.0,12288.0,110897351000,111942870669,113010430,114590968,2071825,0,0,0,0,0,0,0,0,0,0,0,0,35389736,35426756,35639,35676,503,0,0,0,0,0,0,0,0
1778082278.6032016,g5.hpc.coe,40875,0.5001,0,100.0,2035.0,12288.0,110932050825,111977607464,113045322,114626026,2071862,0,0,0,0,0,0,0,0,0,0,0,0,34699825,34736795,34892,35058,37,0,0,0,0,0,0,0,0
1778082279.1032946,g5.hpc.coe,40875,0.5001,0,100.0,2035.0,12288.0,110973173619,112019046358,113087053,114667810,2072367,0,0,0,0,0,0,0,0,0,0,0,0,41122794,41438894,41731,41784,505,0,0,0,0,0,0,0,0
1778082279.6033897,g5.hpc.coe,40875,0.5001,0,100.0,2035.0,12288.0,111008390296,112054028233,113122075,114702738,2073856,0,0,0,0,0,0,0,0,0,0,0,0,35216677,34981875,35022,34928,1489,0,0,0,0,0,0,0,0
1778082280.1034877,g5.hpc.coe,40875,0.5001,0,100.0,2035.0,12288.0,111049340004,112095022324,113163190,114743910,2073894,0,0,0,0,0,0,0,0,0,0,0,0,40949708,40994091,41115,41172,38,0,0,0,0,0,0,0,0
1778082280.6035824,g5.hpc.coe,40875,0.5001,0,100.0,2035.0,12288.0,111084729985,112130449039,113198827,114779578,2074905,0,0,0,0,0,0,0,0,0,0,0,0,35389981,35426715,35637,35668,1011,0,0,0,0,0,0,0,0
1778082281.103678,g5.hpc.coe,40875,0.5001,0,100.0,2035.0,12288.0,111123299471,112169405572,113237929,114819103,2074954,0,0,0,0,0,0,0,0,0,0,0,0,38569486,38956533,39102,39525,49,0,0,0,0,0,0,0,0
1778082281.6037703,g5.hpc.coe,40875,0.5001,0,100.0,2035.0,12288.0,111161069834,112206869845,113275574,114856418,2076778,0,0,0,0,0,0,0,0,0,0,0,0,37770363,37464273,37645,37315,1824,0,0,0,0,0,0,0,0
1778082282.103866,g5.hpc.coe,40875,0.5001,0,100.0,2035.0,12288.0,111195769910,112241606600,113310460,114891348,2076813,0,0,0,0,0,0,0,0,0,0,0,0,34700076,34736755,34886,34930,35,0,0,0,0,0,0,0,0
1778082282.6039636,g5.hpc.coe,40875,0.5001,0,100.0,2035.0,12288.0,111236719945,112282600663,113351587,114932516,2076947,0,0,0,0,0,0,0,0,0,0,0,0,40950035,40994063,41127,41168,134,0,0,0,0,0,0,0,0
1778082283.104055,g5.hpc.coe,40875,0.5001,0,100.0,2035.0,12288.0,111272110141,112318027385,113387220,114968185,2076991,0,0,0,0,0,0,0,0,0,0,0,0,35390196,35426722,35633,35669,44,0,0,0,0,0,0,0,0
1778082283.6041477,g5.hpc.coe,40875,0.5001,0,100.0,2035.0,12288.0,111313060108,112359021524,113428336,115009357,2077028,0,0,0,0,0,0,0,0,0,0,0,0,40949967,40994139,41116,41172,37,0,0,0,0,0,0,0,0
1778082284.1042433,g5.hpc.coe,40875,0.5001,0,100.0,2035.0,12288.0,111348450566,112394448260,113463971,115045028,2077173,0,0,0,0,0,0,0,0,0,0,0,0,35390458,35426736,35635,35671,145,0,0,0,0,0,0,0,0
1778082284.6043384,g5.hpc.coe,40875,0.5001,0,100.0,2035.0,12288.0,111383150941,112429185064,113498865,115079965,2077621,0,0,0,0,0,0,0,0,0,0,0,0,34700375,34736804,34894,34937,448,0,0,0,0,0,0,0,0
1778082285.1044626,g5.hpc.coe,40875,0.5001,0,100.0,2035.0,12288.0,111424101199,112470179141,113539987,115121135,2077663,0,0,0,0,0,0,0,0,0,0,0,0,40950258,40994077,41122,41170,42,0,0,0,0,0,0,0,0
1778082285.60456,g5.hpc.coe,40875,0.5001,0,100.0,2035.0,12288.0,111459491667,112505605926,113575622,115156813,2077706,0,0,0,0,0,0,0,0,0,0,0,0,35390468,35426785,35635,35678,43,0,0,0,0,0,0,0,0
1778082286.1046605,g5.hpc.coe,40875,0.5001,0,100.0,2035.0,12288.0,111500440975,112546599981,113616745,115197982,2077764,0,0,0,0,0,0,0,0,0,0,0,0,40949308,40994055,41123,41169,58,0,0,0,0,0,0,0,0
1778082286.6047542,g5.hpc.coe,40875,0.5001,0,100.0,2035.0,12288.0,111535830464,112582026758,113652377,115233661,2078258,0,0,0,0,0,0,0,0,0,0,0,0,35389489,35426777,35632,35679,494,0,0,0,0,0,0,0,0
1778082287.1048484,g5.hpc.coe,40875,0.5001,0,100.0,2035.0,12288.0,111570530007,112616763470,113687266,115268587,2078336,0,0,0,0,0,0,0,0,0,0,0,0,34699543,34736712,34889,34926,78,0,0,0,0,0,0,0,0
1778082287.6049535,g5.hpc.coe,40875,0.5001,0,100.0,2035.0,12288.0,111611479363,112657757490,113728375,115309751,2078901,0,0,0,0,0,0,0,0,0,0,0,0,40949356,40994020,41109,41164,565,0,0,0,0,0,0,0,0
1778082288.105052,g5.hpc.coe,40875,0.5001,0,100.0,2035.0,12288.0,111646869061,112693184162,113764016,115345415,2079674,0,0,0,0,0,0,0,0,0,0,0,0,35389698,35426672,35641,35664,773,0,0,0,0,0,0,0,0
1778082288.6051471,g5.hpc.coe,40875,0.5001,0,100.0,2035.0,12288.0,111687818752,112734178223,113805150,115386578,2080128,0,0,0,0,0,0,0,0,0,0,0,0,40949691,40994061,41134,41163,454,0,0,0,0,0,0,0,0
1778082289.1052408,g5.hpc.coe,40875,0.5001,0,100.0,2035.0,12288.0,111723208742,112769605220,113840787,115422257,2080742,0,0,0,0,0,0,0,0,0,0,0,0,35389990,35426997,35637,35679,614,0,0,0,0,0,0,0,0
1778082289.6053357,g5.hpc.coe,40875,0.5001,0,100.0,2035.0,12288.0,111757908536,112804341932,113875675,115457183,2081034,0,0,0,0,0,0,0,0,0,0,0,0,34699794,34736712,34888,34926,292,0,0,0,0,0,0,0,0
1778082290.1054316,g5.hpc.coe,40875,0.5001,0,100.0,2035.0,12288.0,111798858268,112845336008,113916803,115498355,2081649,0,0,0,0,0,0,0,0,0,0,0,0,40949732,40994076,41128,41172,615,0,0,0,0,0,0,0,0
1778082290.6055257,g5.hpc.coe,40875,0.5001,0,100.0,2035.0,12288.0,111834248169,112880762814,113952436,115534036,2081684,0,0,0,0,0,0,0,0,0,0,0,0,35389901,35426806,35633,35681,35,0,0,0,0,0,0,0,0
1778082291.1056178,g5.hpc.coe,40875,0.5001,0,100.0,2035.0,12288.0,111875197992,112921756814,113993561,115575195,2081721,0,0,0,0,0,0,0,0,0,0,0,0,40949823,40994000,41125,41159,37,0,0,0,0,0,0,0,0
1778082291.605713,g5.hpc.coe,40875,0.5001,0,100.0,2035.0,12288.0,111910588011,112957183543,114029197,115610865,2086344,0,0,0,0,0,0,0,0,0,0,0,0,35390019,35426729,35636,35670,4623,0,0,0,0,0,0,0,0
1778082292.1058087,g5.hpc.coe,40875,0.5001,0,100.0,2035.0,12288.0,111945288714,112991920717,114064106,115645799,2086928,0,0,0,0,0,0,0,0,0,0,0,0,34700703,34737174,34909,34934,584,0,0,0,0,0,0,0,0
1778082292.6059265,g5.hpc.coe,40875,0.5001,0,100.0,2035.0,12288.0,111986238641,113032914759,114105225,115686964,2087278,0,0,0,0,0,0,0,0,0,0,0,0,40949927,40994042,41119,41165,350,0,0,0,0,0,0,0,0
1778082293.106018,g5.hpc.coe,40875,0.5001,0,100.0,2035.0,12288.0,112021628834,113068341551,114140865,115722643,2087321,0,0,0,0,0,0,0,0,0,0,0,0,35390193,35426792,35640,35679,43,0,0,0,0,0,0,0,0
1778082293.606111,g5.hpc.coe,40875,0.5001,0,100.0,2035.0,12288.0,112062578809,113109335572,114181977,115763805,2087446,0,0,0,0,0,0,0,0,0,0,0,0,40949975,40994021,41112,41162,125,0,0,0,0,0,0,0,0
1778082294.106207,g5.hpc.coe,40875,0.5001,0,100.0,2035.0,12288.0,112097969176,113144762433,114217619,115799487,2087819,0,0,0,0,0,0,0,0,0,0,0,0,35390367,35426861,35642,35682,373,0,0,0,0,0,0,0,0
1778082294.6063023,g5.hpc.coe,40875,0.5001,0,100.0,2035.0,12288.0,112132669519,113179499188,114252516,115834417,2088176,0,0,0,0,0,0,0,0,0,0,0,0,34700343,34736755,34897,34930,357,0,0,0,0,0,0,0,0
1778082295.1063976,g5.hpc.coe,40875,0.5001,0,100.0,2035.0,12288.0,112173619710,113220493244,114293638,115875584,2088249,0,0,0,0,0,0,0,0,0,0,0,0,40950191,40994056,41122,41167,73,0,0,0,0,0,0,0,0
1778082295.6064925,g5.hpc.coe,40875,0.5001,0,100.0,2035.0,12288.0,112209010161,113255920085,114329278,115911270,2088286,0,0,0,0,0,0,0,0,0,0,0,0,35390451,35426841,35640,35686,37,0,0,0,0,0,0,0,0
1778082296.10659,g5.hpc.coe,40875,0.5001,0,100.0,2035.0,12288.0,112249960422,113296914176,114370394,115952442,2088330,0,0,0,0,0,0,0,0,0,0,0,0,40950261,40994091,41116,41172,44,0,0,0,0,0,0,0,0
1778082296.6066854,g5.hpc.coe,40875,0.5001,0,100.0,2035.0,12288.0,112285349866,113332340946,114406027,115988120,2088790,0,0,0,0,0,0,0,0,0,0,0,0,35389444,35426770,35633,35678,460,0,0,0,0,0,0,0,0
1778082297.10678,g5.hpc.coe,40875,0.5001,0,100.0,2035.0,12288.0,112323138009,113370818745,114444502,116027135,2088833,0,0,0,0,0,0,0,0,0,0,0,0,37788143,38477799,38475,39015,43,0,0,0,0,0,0,0,0
1778082297.606877,g5.hpc.coe,40875,0.5001,0,100.0,2035.0,12288.0,112361338065,113408729541,114482789,116064969,2089519,0,0,0,0,0,0,0,0,0,0,0,0,38200056,37910796,38287,37834,686,0,0,0,0,0,0,0,0
1778082298.106973,g5.hpc.coe,40875,0.5001,0,100.0,2035.0,12288.0,112396388347,113443498511,114517672,116099897,2089964,0,0,0,0,0,0,0,0,0,0,0,0,35050282,34768970,34883,34928,445,0,0,0,0,0,0,0,0
1778082298.6070712,g5.hpc.coe,40875,0.5001,0,100.0,2035.0,12288.0,112437337845,113484492552,114558795,116141064,2090017,0,0,0,0,0,0,0,0,0,0,0,0,40949498,40994041,41123,41167,53,0,0,0,0,0,0,0,0
1778082299.1071668,g5.hpc.coe,40875,0.5001,0,100.0,2035.0,12288.0,112472727643,113519919300,114594435,116176732,2090282,0,0,0,0,0,0,0,0,0,0,0,0,35389798,35426748,35640,35668,265,0,0,0,0,0,0,0,0
1778082299.6072621,g5.hpc.coe,40875,0.5001,0,100.0,2035.0,12288.0,112513071746,113560905600,114635541,116217893,2090411,0,0,0,0,0,0,0,0,0,0,0,0,40344103,40986300,41106,41161,129,0,0,0,0,0,0,0,0
1778082300.1073582,g5.hpc.coe,40875,0.5001,0,100.0,2035.0,12288.0,112549067029,113596340167,114671192,116253585,2092394,0,0,0,0,0,0,0,0,0,0,0,0,35995283,35434567,35651,35692,1983,0,0,0,0,0,0,0,0
1778082300.607454,g5.hpc.coe,40875,0.5001,0,100.0,2035.0,12288.0,112583766783,113631076872,114706070,116288510,2092438,0,0,0,0,0,0,0,0,0,0,0,0,34699754,34736705,34878,34925,44,0,0,0,0,0,0,0,0
1778082301.1075196,g5.hpc.coe,40875,0.5001,0,100.0,2035.0,12288.0,112624716511,113672070907,114747189,116329674,2093818,0,0,0,0,0,0,0,0,0,0,0,0,40949728,40994035,41119,41164,1380,0,0,0,0,0,0,0,0
1778082301.6076236,g5.hpc.coe,40875,0.5001,0,100.0,2035.0,12288.0,112660109838,113707605169,114782899,116365585,2093917,0,0,0,0,0,0,0,0,0,0,0,0,35393327,35534262,35710,35911,99,0,0,0,0,0,0,0,0
1778082302.1077201,g5.hpc.coe,40875,0.5001,0,100.0,2035.0,12288.0,112700034891,113748022720,114823471,116406527,2102441,0,0,0,0,0,0,0,0,0,0,0,0,39925053,40417551,40572,40942,8524,0,0,0,0,0,0,0,0
1778082302.6078172,g5.hpc.coe,40875,0.5001,0,100.0,2035.0,12288.0,112736449749,113784025926,114859657,116442418,2103990,0,0,0,0,0,0,0,0,0,0,0,0,36414858,36003206,36186,35891,1549,0,0,0,0,0,0,0,0
1778082303.1079164,g5.hpc.coe,40875,0.5001,0,100.0,2035.0,12288.0,112771149888,113818762653,114894553,116477344,2104035,0,0,0,0,0,0,0,0,0,0,0,0,34700139,34736727,34896,34926,45,0,0,0,0,0,0,0,0
1778082303.6080105,g5.hpc.coe,40875,0.5001,0,100.0,2035.0,12288.0,112812099846,113859756695,114935670,116518509,2104314,0,0,0,0,0,0,0,0,0,0,0,0,40949958,40994042,41117,41165,279,0,0,0,0,0,0,0,0
1778082304.108109,g5.hpc.coe,40875,0.5001,0,100.0,2035.0,12288.0,112847490105,113895183514,114971304,116554185,2104549,0,0,0,0,0,0,0,0,0,0,0,0,35390259,35426819,35634,35676,235,0,0,0,0,0,0,0,0
1778082304.6082046,g5.hpc.coe,40875,0.5001,0,100.0,2035.0,12288.0,112888440002,113936170023,115012420,116595354,2104587,0,0,0,0,0,0,0,0,0,0,0,0,40949897,40986509,41116,41169,38,0,0,0,0,0,0,0,0
1778082305.1083052,g5.hpc.coe,40875,0.5001,0,100.0,2035.0,12288.0,112923830397,113971604313,115048047,116631024,2104944,0,0,0,0,0,0,0,0,0,0,0,0,35390395,35434290,35627,35670,357,0,0,0,0,0,0,0,0
1778082305.6084008,g5.hpc.coe,40875,0.5001,0,100.0,2035.0,12288.0,112958530730,114006341040,115082936,116665950,2104976,0,0,0,0,0,0,0,0,0,0,0,0,34700333,34736727,34889,34926,32,0,0,0,0,0,0,0,0
1778082306.1085005,g5.hpc.coe,40875,0.5001,0,100.0,2035.0,12288.0,112999480939,114047335117,115124052,116707120,2105578,0,0,0,0,0,0,0,0,0,0,0,0,40950209,40994077,41116,41170,602,0,0,0,0,0,0,0,0
1778082306.608593,g5.hpc.coe,40875,0.5001,0,100.0,2035.0,12288.0,113034871400,114082761797,115159687,116742783,2108436,0,0,0,0,0,0,0,0,0,0,0,0,35390461,35426680,35635,35663,2858,0,0,0,0,0,0,0,0
1778082307.1086886,g5.hpc.coe,40875,0.5001,0,100.0,2035.0,12288.0,113075821261,114123756264,115200818,116783955,2108582,0,0,0,0,0,0,0,0,0,0,0,0,40949861,40994467,41131,41172,146,0,0,0,0,0,0,0,0
1778082307.6087852,g5.hpc.coe,40875,0.5001,0,100.0,2035.0,12288.0,113111210765,114159182985,115236453,116819626,2111141,0,0,0,0,0,0,0,0,0,0,0,0,35389504,35426721,35635,35671,2559,0,0,0,0,0,0,0,0
1778082308.1088843,g5.hpc.coe,40875,0.5001,0,100.0,2035.0,12288.0,113145910344,114193919697,115271348,116854552,2111643,0,0,0,0,0,0,0,0,0,0,0,0,34699579,34736712,34895,34926,502,0,0,0,0,0,0,0,0
1778082308.6089816,g5.hpc.coe,40875,0.5001,0,100.0,2035.0,12288.0,113186859743,114234913738,115312464,116895719,2111737,0,0,0,0,0,0,0,0,0,0,0,0,40949399,40994041,41116,41167,94,0,0,0,0,0,0,0,0
1778082309.1090798,g5.hpc.coe,40875,0.5001,0,100.0,2035.0,12288.0,113222249429,114270340514,115348095,116931391,2111776,0,0,0,0,0,0,0,0,0,0,0,0,35389686,35426776,35631,35672,39,0,0,0,0,0,0,0,0
1778082309.609176,g5.hpc.coe,40875,0.5001,0,100.0,2035.0,12288.0,113263198876,114311334555,115389204,116972558,2112094,0,0,0,0,0,0,0,0,0,0,0,0,40949447,40994041,41109,41167,318,0,0,0,0,0,0,0,0
1778082310.1092722,g5.hpc.coe,40875,0.5001,0,100.0,2035.0,12288.0,113298588645,114346761276,115424842,117008229,2112549,0,0,0,0,0,0,0,0,0,0,0,0,35389769,35426721,35638,35671,455,0,0,0,0,0,0,0,0
1778082310.6093645,g5.hpc.coe,40875,0.5001,0,100.0,2035.0,12288.0,113333288425,114381497918,115459731,117043145,2112599,0,0,0,0,0,0,0,0,0,0,0,0,34699780,34736642,34889,34916,50,0,0,0,0,0,0,0,0
1778082311.1094606,g5.hpc.coe,40875,0.5001,0,100.0,2035.0,12288.0,113374238116,114422491924,115500854,117084307,2112655,0,0,0,0,0,0,0,0,0,0,0,0,40949691,40994006,41123,41162,56,0,0,0,0,0,0,0,0
1778082311.6095257,g5.hpc.coe,40875,0.5001,0,100.0,2035.0,12288.0,113415877879,114464175968,115542722,117126216,2113374,0,0,0,0,0,0,0,0,0,0,0,0,41639763,41684044,41868,41909,719,0,0,0,0,0,0,0,0
1778082312.1096187,g5.hpc.coe,40875,0.5001,0,100.0,2035.0,12288.0,113450577862,114498912723,115577617,117161146,2113413,0,0,0,0,0,0,0,0,0,0,0,0,34699983,34736755,34895,34930,39,0,0,0,0,0,0,0,0
1778082312.6097178,g5.hpc.coe,40875,0.5001,0,100.0,2035.0,12288.0,113485967945,114534339487,115613263,117196821,2117800,0,0,0,0,0,0,0,0,0,0,0,0,35390083,35426764,35646,35675,4387,0,0,0,0,0,0,0,0
1778082313.1098158,g5.hpc.coe,40875,0.5001,0,100.0,2035.0,12288.0,113522989099,114572181203,115650933,117235167,2118511,0,0,0,0,0,0,0,0,0,0,0,0,37021154,37841716,37670,38346,711,0,0,0,0,0,0,0,0
1778082313.6099148,g5.hpc.coe,40875,0.5001,0,100.0,2035.0,12288.0,113561617905,114610070291,115689271,117272917,2119044,0,0,0,0,0,0,0,0,0,0,0,0,38628806,37889088,38338,37750,533,0,0,0,0,0,0,0,0
1778082314.110022,g5.hpc.coe,40875,0.5001,0,100.0,2035.0,12288.0,113597008120,114645497027,115724915,117308588,2119363,0,0,0,0,0,0,0,0,0,0,0,0,35390215,35426736,35644,35671,319,0,0,0,0,0,0,0,0
1778082314.610121,g5.hpc.coe,40875,0.5001,0,100.0,2035.0,12288.0,113637958251,114686491110,115766041,117349752,2119788,0,0,0,0,0,0,0,0,0,0,0,0,40950131,40994083,41126,41164,425,0,0,0,0,0,0,0,0
1778082315.1102166,g5.hpc.coe,40875,0.5001,0,100.0,2035.0,12288.0,113673348493,114721917888,115801675,117385429,2120833,0,0,0,0,0,0,0,0,0,0,0,0,35390242,35426778,35634,35677,1045,0,0,0,0,0,0,0,0
1778082315.6103127,g5.hpc.coe,40875,0.5001,0,100.0,2035.0,12288.0,113708048789,114756654643,115836566,117420359,2121270,0,0,0,0,0,0,0,0,0,0,0,0,34700296,34736755,34891,34930,437,0,0,0,0,0,0,0,0
1778082316.1104145,g5.hpc.coe,40875,0.5001,0,100.0,2035.0,12288.0,113748999003,114797648650,115877692,117461557,2121676,0,0,0,0,0,0,0,0,0,0,0,0,40950214,40994007,41126,41198,406,0,0,0,0,0,0,0,0
1778082316.610513,g5.hpc.coe,40875,0.5001,0,100.0,2035.0,12288.0,113784389463,114833075393,115913334,117497191,2121723,0,0,0,0,0,0,0,0,0,0,0,0,35390460,35426743,35642,35634,47,0,0,0,0,0,0,0,0
1778082317.1106138,g5.hpc.coe,40875,0.5001,0,100.0,2035.0,12288.0,113825339705,114874069393,115954448,117538350,2121758,0,0,0,0,0,0,0,0,0,0,0,0,40950242,40994000,41114,41159,35,0,0,0,0,0,0,0,0
1778082317.6107087,g5.hpc.coe,40875,0.5001,0,100.0,2035.0,12288.0,113860729130,114909496212,115990079,117574035,2124845,0,0,0,0,0,0,0,0,0,0,0,0,35389425,35426819,35631,35685,3087,0,0,0,0,0,0,0,0
1778082318.1108046,g5.hpc.coe,40875,0.5001,0,100.0,2035.0,12288.0,113895722118,114944587080,116025746,117609709,2124891,0,0,0,0,0,0,0,0,0,0,0,0,34992988,35090868,35667,35674,46,0,0,0,0,0,0,0,0
1778082318.6109006,g5.hpc.coe,40875,0.5001,0,100.0,2035.0,12288.0,113936377901,114985227035,116066075,117650257,2125321,0,0,0,0,0,0,0,0,0,0,0,0,40655783,40639955,40329,40548,430,0,0,0,0,0,0,0,0
1778082319.110999,g5.hpc.coe,40875,0.5001,0,100.0,2035.0,12288.0,113971767508,115020653770,116101711,117685811,2125383,0,0,0,0,0,0,0,0,0,0,0,0,35389607,35426735,35636,35554,62,0,0,0,0,0,0,0,0
1778082319.6110945,g5.hpc.coe,40875,0.5001,0,100.0,2035.0,12288.0,114012717058,115061647831,116142833,117726974,2125428,0,0,0,0,0,0,0,0,0,0,0,0,40949550,40994061,41122,41163,45,0,0,0,0,0,0,0,0
1778082320.1111915,g5.hpc.coe,40875,0.5001,0,100.0,2035.0,12288.0,114048106831,115097074552,116178479,117762645,2126200,0,0,0,0,0,0,0,0,0,0,0,0,35389773,35426721,35646,35671,772,0,0,0,0,0,0,0,0
1778082320.611288,g5.hpc.coe,40875,0.5001,0,100.0,2035.0,12288.0,114085305837,115134811176,116216288,117800872,2126250,0,0,0,0,0,0,0,0,0,0,0,0,37199006,37736624,37809,38227,50,0,0,0,0,0,0,0,0
1778082321.1113875,g5.hpc.coe,40875,0.5001,0,100.0,2035.0,12288.0,114124446159,115173495356,116255229,117839489,2127071,0,0,0,0,0,0,0,0,0,0,0,0,39140322,38684180,38941,38617,821,0,0,0,0,0,0,0,0
1778082321.6114824,g5.hpc.coe,40875,0.5001,0,100.0,2035.0,12288.0,114159146069,115208232068,116290130,117874415,2127764,0,0,0,0,0,0,0,0,0,0,0,0,34699910,34736712,34901,34926,693,0,0,0,0,0,0,0,0
1778082322.1115773,g5.hpc.coe,40875,0.5001,0,100.0,2035.0,12288.0,114200096358,115249226550,116331260,117915587,2127906,0,0,0,0,0,0,0,0,0,0,0,0,40950289,40994482,41130,41172,142,0,0,0,0,0,0,0,0
1778082322.6116729,g5.hpc.coe,40875,0.5001,0,100.0,2035.0,12288.0,114235486320,115284653314,116366896,117951262,2127938,0,0,0,0,0,0,0,0,0,0,0,0,35389962,35426764,35636,35675,32,0,0,0,0,0,0,0,0
1778082323.1117687,g5.hpc.coe,40875,0.5001,0,100.0,2035.0,12288.0,114275631264,115325057998,116407655,117992406,2127984,0,0,0,0,0,0,0,0,0,0,0,0,40144944,40404684,40759,41144,46,0,0,0,0,0,0,0,0
1778082323.6118639,g5.hpc.coe,40875,0.5001,0,100.0,2035.0,12288.0,114311826235,115361074162,116443656,118028108,2129470,0,0,0,0,0,0,0,0,0,0,0,0,36194971,36016164,36001,35702,1486,0,0,0,0,0,0,0,0
1778082324.1119614,g5.hpc.coe,40875,0.5001,0,100.0,2035.0,12288.0,114346526334,115395810924,116478547,118063039,2130389,0,0,0,0,0,0,0,0,0,0,0,0,34700099,34736762,34891,34931,919,0,0,0,0,0,0,0,0
1778082324.612058,g5.hpc.coe,40875,0.5001,0,100.0,2035.0,12288.0,114387476315,115436805007,116519659,118104203,2130422,0,0,0,0,0,0,0,0,0,0,0,0,40949981,40994083,41112,41164,33,0,0,0,0,0,0,0,0
1778082325.1121533,g5.hpc.coe,40875,0.5001,0,100.0,2035.0,12288.0,114422866527,115472231708,116555296,118139869,2130455,0,0,0,0,0,0,0,0,0,0,0,0,35390212,35426701,35637,35666,33,0,0,0,0,0,0,0,0
1778082325.6122496,g5.hpc.coe,40875,0.5001,0,100.0,2035.0,12288.0,114463816612,115513225771,116596418,118181037,2130500,0,0,0,0,0,0,0,0,0,0,0,0,40950085,40994063,41122,41168,45,0,0,0,0,0,0,0,0
1778082326.112343,g5.hpc.coe,40875,0.5001,0,100.0,2035.0,12288.0,114499206928,115548652500,116632056,118216707,2131734,0,0,0,0,0,0,0,0,0,0,0,0,35390316,35426729,35638,35670,1234,0,0,0,0,0,0,0,0
1778082326.61244,g5.hpc.coe,40875,0.5001,0,100.0,2035.0,12288.0,114533907241,115583389192,116666943,118251628,2133538,0,0,0,0,0,0,0,0,0,0,0,0,34700313,34736692,34887,34921,1804,0,0,0,0,0,0,0,0
1778082327.1125352,g5.hpc.coe,40875,0.5001,0,100.0,2035.0,12288.0,114574857452,115624383248,116708060,118292795,2133586,0,0,0,0,0,0,0,0,0,0,0,0,40950211,40994056,41117,41167,48,0,0,0,0,0,0,0,0
1778082327.612633,g5.hpc.coe,40875,0.5001,0,100.0,2035.0,12288.0,114610247970,115659810040,116743704,118328474,2133625,0,0,0,0,0,0,0,0,0,0,0,0,35390518,35426792,35644,35679,39,0,0,0,0,0,0,0,0
1778082328.1127312,g5.hpc.coe,40875,0.5001,0,100.0,2035.0,12288.0,114651197266,115700804116,116784827,118369646,2133669,0,0,0,0,0,0,0,0,0,0,0,0,40949296,40994076,41123,41172,44,0,0,0,0,0,0,0,0
1778082328.6128259,g5.hpc.coe,40875,0.5001,0,100.0,2035.0,12288.0,114686586736,115736230900,116820458,118405326,2134531,0,0,0,0,0,0,0,0,0,0,0,0,35389470,35426784,35631,35680,862,0,0,0,0,0,0,0,0
1778082329.1129227,g5.hpc.coe,40875,0.5001,0,100.0,2035.0,12288.0,114721286253,115770967626,116855345,118440254,2135470,0,0,0,0,0,0,0,0,0,0,0,0,34699517,34736726,34887,34928,939,0,0,0,0,0,0,0,0
1778082329.613021,g5.hpc.coe,40875,0.5001,0,100.0,2035.0,12288.0,114762235716,115811961673,116896462,118481415,2136003,0,0,0,0,0,0,0,0,0,0,0,0,40949463,40994047,41117,41161,533,0,0,0,0,0,0,0,0
1778082330.1131306,g5.hpc.coe,40875,0.5001,0,100.0,2035.0,12288.0,114797625381,115847388450,116932100,118517094,2136035,0,0,0,0,0,0,0,0,0,0,0,0,35389665,35426777,35638,35679,32,0,0,0,0,0,0,0,0
1778082330.6132264,g5.hpc.coe,40875,0.5001,0,100.0,2035.0,12288.0,114838574920,115888382498,116973223,118558262,2136083,0,0,0,0,0,0,0,0,0,0,0,0,40949539,40994048,41123,41168,48,0,0,0,0,0,0,0,0
1778082331.1133285,g5.hpc.coe,40875,0.5001,0,100.0,2035.0,12288.0,114873964703,115923809268,117008864,118593940,2136350,0,0,0,0,0,0,0,0,0,0,0,0,35389783,35426770,35641,35678,267,0,0,0,0,0,0,0,0
1778082331.6134233,g5.hpc.coe,40875,0.5001,0,100.0,2035.0,12288.0,114914914360,115964803344,117049990,118635112,2136692,0,0,0,0,0,0,0,0,0,0,0,0,40949657,40994076,41126,41172,342,0,0,0,0,0,0,0,0
1778082332.1135197,g5.hpc.coe,40875,0.5001,0,100.0,2035.0,12288.0,114949614176,115999540021,117084878,118670033,2139221,0,0,0,0,0,0,0,0,0,0,0,0,34699816,34736677,34888,34921,2529,0,0,0,0,0,0,0,0
1778082332.613617,g5.hpc.coe,40875,0.5001,0,100.0,2035.0,12288.0,114985004128,116034966792,117120520,118705709,2139424,0,0,0,0,0,0,0,0,0,0,0,0,35389952,35426771,35642,35676,203,0,0,0,0,0,0,0,0
1778082333.1137152,g5.hpc.coe,40875,0.5001,0,100.0,2035.0,12288.0,115025953883,116075960890,117161637,118746882,2139917,0,0,0,0,0,0,0,0,0,0,0,0,40949755,40994098,41117,41173,493,0,0,0,0,0,0,0,0
1778082333.6138158,g5.hpc.coe,40875,0.5001,0,100.0,2035.0,12288.0,115061343911,116111387682,117197276,118782561,2140432,0,0,0,0,0,0,0,0,0,0,0,0,35390028,35426792,35639,35679,515,0,0,0,0,0,0,0,0
1778082334.1139135,g5.hpc.coe,40875,0.5001,0,100.0,2035.0,12288.0,115096043902,116146124444,117232159,118817492,2140465,0,0,0,0,0,0,0,0,0,0,0,0,34699991,34736762,34883,34931,33,0,0,0,0,0,0,0,0
1778082334.6140096,g5.hpc.coe,40875,0.5001,0,100.0,2035.0,12288.0,115136993838,116187118563,117273281,118858668,2140882,0,0,0,0,0,0,0,0,0,0,0,0,40949936,40994119,41122,41176,417,0,0,0,0,0,0,0,0
1778082335.1141036,g5.hpc.coe,40875,0.5001,0,100.0,2035.0,12288.0,115172384116,116222545389,117308928,118894345,2142610,0,0,0,0,0,0,0,0,0,0,0,0,35390278,35426826,35647,35677,1728,0,0,0,0,0,0,0,0
1778082335.6142004,g5.hpc.coe,40875,0.5001,0,100.0,2035.0,12288.0,115213334129,116263539452,117350047,118935513,2142729,0,0,0,0,0,0,0,0,0,0,0,0,40950013,40994063,41119,41168,119,0,0,0,0,0,0,0,0
1778082336.114296,g5.hpc.coe,40875,0.5001,0,100.0,2035.0,12288.0,115248724408,116298966230,117385687,118971190,2145536,0,0,0,0,0,0,0,0,0,0,0,0,35390279,35426778,35640,35677,2807,0,0,0,0,0,0,0,0
1778082336.6143923,g5.hpc.coe,40875,0.5001,0,100.0,2035.0,12288.0,115283782116,116334625368,117421661,119007485,2147021,0,0,0,0,0,0,0,0,0,0,0,0,35057708,35659138,35974,36295,1485,0,0,0,0,0,0,0,0
1778082337.1144903,g5.hpc.coe,40875,0.5001,0,100.0,2035.0,12288.0,115325065467,116375387490,117462456,119048039,2147101,0,0,0,0,0,0,0,0,0,0,0,0,41283351,40762122,40795,40554,80,0,0,0,0,0,0,0,0
1778082337.6145892,g5.hpc.coe,40875,0.5001,0,100.0,2035.0,12288.0,115359765891,116410124231,117497350,119082967,2147308,0,0,0,0,0,0,0,0,0,0,0,0,34700424,34736741,34894,34928,207,0,0,0,0,0,0,0,0
1778082338.1146805,g5.hpc.coe,40875,0.5001,0,100.0,2035.0,12288.0,115400716226,116451118357,117538478,119124144,2147383,0,0,0,0,0,0,0,0,0,0,0,0,40950335,40994126,41128,41177,75,0,0,0,0,0,0,0,0
1778082338.6147764,g5.hpc.coe,40875,0.5001,0,100.0,2035.0,12288.0,115436105709,116486545092,117574118,119159817,2149284,0,0,0,0,0,0,0,0,0,0,0,0,35389483,35426735,35640,35673,1901,0,0,0,0,0,0,0,0
1778082339.1148741,g5.hpc.coe,40875,0.5001,0,100.0,2035.0,12288.0,115474611951,116525501631,117613328,119199279,2149332,0,0,0,0,0,0,0,0,0,0,0,0,38506242,38956539,39210,39462,48,0,0,0,0,0,0,0,0
1778082339.6149707,g5.hpc.coe,40875,0.5001,0,100.0,2035.0,12288.0,115512444570,116562965889,117650872,119236660,2150332,0,0,0,0,0,0,0,0,0,0,0,0,37832619,37464258,37544,37381,1000,0,0,0,0,0,0,0,0
1778082340.1150665,g5.hpc.coe,40875,0.5001,0,100.0,2035.0,12288.0,115547144205,116597702663,117685760,119271588,2151095,0,0,0,0,0,0,0,0,0,0,0,0,34699635,34736774,34888,34928,763,0,0,0,0,0,0,0,0
1778082340.6151628,g5.hpc.coe,40875,0.5001,0,100.0,2035.0,12288.0,115588093715,116638696711,117726886,119312756,2151150,0,0,0,0,0,0,0,0,0,0,0,0,40949510,40994048,41126,41168,55,0,0,0,0,0,0,0,0
1778082341.1152618,g5.hpc.coe,40875,0.5001,0,100.0,2035.0,12288.0,115623483379,116674123439,117762517,119348428,2151294,0,0,0,0,0,0,0,0,0,0,0,0,35389664,35426728,35631,35672,144,0,0,0,0,0,0,0,0
1778082341.615359,g5.hpc.coe,40875,0.5001,0,100.0,2035.0,12288.0,115663122199,116714264528,117802813,119389125,2152759,0,0,0,0,0,0,0,0,0,0,0,0,39638820,40141089,40296,40697,1465,0,0,0,0,0,0,0,0
1778082342.115454,g5.hpc.coe,40875,0.5001,0,100.0,2035.0,12288.0,115699822755,116750544236,117839275,119425271,2153760,0,0,0,0,0,0,0,0,0,0,0,0,36700556,36279708,36462,36146,1001,0,0,0,0,0,0,0,0
1778082342.6155503,g5.hpc.coe,40875,0.5001,0,100.0,2035.0,12288.0,115740772302,116791530709,117880400,119466437,2153815,0,0,0,0,0,0,0,0,0,0,0,0,40949547,40986473,41125,41166,55,0,0,0,0,0,0,0,0
1778082343.1156487,g5.hpc.coe,40875,0.5001,0,100.0,2035.0,12288.0,115775472360,116826275011,117915292,119501365,2153964,0,0,0,0,0,0,0,0,0,0,0,0,34700058,34744302,34892,34928,149,0,0,0,0,0,0,0,0
1778082343.6157446,g5.hpc.coe,40875,0.5001,0,100.0,2035.0,12288.0,115810862324,116861701691,117950929,119537028,2154139,0,0,0,0,0,0,0,0,0,0,0,0,35389964,35426680,35637,35663,175,0,0,0,0,0,0,0,0
1778082344.1158416,g5.hpc.coe,40875,0.5001,0,100.0,2035.0,12288.0,115851812176,116902695789,117992053,119578201,2154186,0,0,0,0,0,0,0,0,0,0,0,0,40949852,40994098,41124,41173,47,0,0,0,0,0,0,0,0
1778082344.615938,g5.hpc.coe,40875,0.5001,0,100.0,2035.0,12288.0,115887202231,116938122532,118027689,119613873,2154383,0,0,0,0,0,0,0,0,0,0,0,0,35390055,35426743,35636,35672,197,0,0,0,0,0,0,0,0
1778082345.1160326,g5.hpc.coe,40875,0.5001,0,100.0,2035.0,12288.0,115921902360,116972859307,118062576,119648799,2154430,0,0,0,0,0,0,0,0,0,0,0,0,34700129,34736775,34887,34926,47,0,0,0,0,0,0,0,0
1778082345.616129,g5.hpc.coe,40875,0.5001,0,100.0,2035.0,12288.0,115962852323,117013853391,118103695,119689970,2154684,0,0,0,0,0,0,0,0,0,0,0,0,40949963,40994084,41119,41171,254,0,0,0,0,0,0,0,0
1778082346.1162336,g5.hpc.coe,40875,0.5001,0,100.0,2035.0,12288.0,115998242516,117049280113,118139330,119725639,2154931,0,0,0,0,0,0,0,0,0,0,0,0,35390193,35426722,35635,35669,247,0,0,0,0,0,0,0,0
1778082346.616354,g5.hpc.coe,40875,0.5001,0,100.0,2035.0,12288.0,116039192590,117090274169,118180451,119766806,2154976,0,0,0,0,0,0,0,0,0,0,0,0,40950074,40994056,41121,41167,45,0,0,0,0,0,0,0,0
1778082347.1164505,g5.hpc.coe,40875,0.5001,0,100.0,2035.0,12288.0,116074582859,117125700954,118216083,119802484,2155168,0,0,0,0,0,0,0,0,0,0,0,0,35390269,35426785,35632,35678,192,0,0,0,0,0,0,0,0
1778082347.616545,g5.hpc.coe,40875,0.5001,0,100.0,2035.0,12288.0,116109283196,117160437758,118250974,119837421,2155204,0,0,0,0,0,0,0,0,0,0,0,0,34700337,34736804,34891,34937,36,0,0,0,0,0,0,0,0
1778082348.1166406,g5.hpc.coe,40875,0.5001,0,100.0,2035.0,12288.0,116150233465,117201431800,118292100,119878586,2155299,0,0,0,0,0,0,0,0,0,0,0,0,40950269,40994042,41126,41165,95,0,0,0,0,0,0,0,0
1778082348.6167386,g5.hpc.coe,40875,0.5001,0,100.0,2035.0,12288.0,116185623930,117236858585,118327737,119914264,2155349,0,0,0,0,0,0,0,0,0,0,0,0,35390465,35426785,35637,35678,50,0,0,0,0,0,0,0,0
1778082349.1168377,g5.hpc.coe,40875,0.5001,0,100.0,2035.0,12288.0,116226573450,117277852860,118368861,119955433,2155404,0,0,0,0,0,0,0,0,0,0,0,0,40949520,40994275,41124,41169,55,0,0,0,0,0,0,0,0
1778082349.6169364,g5.hpc.coe,40875,0.5001,0,100.0,2035.0,12288.0,116261963015,117313279616,118404504,119991109,2156311,0,0,0,0,0,0,0,0,0,0,0,0,35389565,35426756,35643,35676,907,0,0,0,0,0,0,0,0
1778082350.1170433,g5.hpc.coe,40875,0.5001,0,100.0,2035.0,12288.0,116296662618,117348016383,118439395,120026036,2156353,0,0,0,0,0,0,0,0,0,0,0,0,34699603,34736767,34891,34927,42,0,0,0,0,0,0,0,0
1778082350.617135,g5.hpc.coe,40875,0.5001,0,100.0,2035.0,12288.0,116337612006,117389010417,118480511,120067202,2156487,0,0,0,0,0,0,0,0,0,0,0,0,40949388,40994034,41116,41166,134,0,0,0,0,0,0,0,0
1778082351.1172326,g5.hpc.coe,40875,0.5001,0,100.0,2035.0,12288.0,116373001652,117424437145,118516147,120102874,2156794,0,0,0,0,0,0,0,0,0,0,0,0,35389646,35426728,35636,35672,307,0,0,0,0,0,0,0,0
1778082351.6173265,g5.hpc.coe,40875,0.5001,0,100.0,2035.0,12288.0,116413951116,117465431172,118557260,120144039,2157146,0,0,0,0,0,0,0,0,0,0,0,0,40949464,40994027,41113,41165,352,0,0,0,0,0,0,0,0
1778082352.1174262,g5.hpc.coe,40875,0.5001,0,100.0,2035.0,12288.0,116449341454,117500858361,118592909,120179721,2159801,0,0,0,0,0,0,0,0,0,0,0,0,35390338,35427189,35649,35682,2655,0,0,0,0,0,0,0,0
1778082352.61753,g5.hpc.coe,40875,0.5001,0,100.0,2035.0,12288.0,116484041252,117535595024,118627802,120214640,2159842,0,0,0,0,0,0,0,0,0,0,0,0,34699798,34736663,34893,34919,41,0,0,0,0,0,0,0,0
1778082353.1176298,g5.hpc.coe,40875,0.5001,0,100.0,2035.0,12288.0,116524990925,117576589072,118668924,120255808,2160180,0,0,0,0,0,0,0,0,0,0,0,0,40949673,40994048,41122,41168,338,0,0,0,0,0,0,0,0
1778082353.6177247,g5.hpc.coe,40875,0.5001,0,100.0,2035.0,12288.0,116560380872,117612015836,118704566,120291483,2160226,0,0,0,0,0,0,0,0,0,0,0,0,35389947,35426764,35642,35675,46,0,0,0,0,0,0,0,0
1778082354.1178226,g5.hpc.coe,40875,0.5001,0,100.0,2035.0,12288.0,116601330601,117653009843,118745680,120332643,2160275,0,0,0,0,0,0,0,0,0,0,0,0,40949729,40994007,41114,41160,49,0,0,0,0,0,0,0,0
1778082354.6179214,g5.hpc.coe,40875,0.5001,0,100.0,2035.0,12288.0,116636720575,117688436579,118781312,120368314,2163484,0,0,0,0,0,0,0,0,0,0,0,0,35389974,35426736,35632,35671,3209,0,0,0,0,0,0,0,0
1778082355.118019,g5.hpc.coe,40875,0.5001,0,100.0,2035.0,12288.0,116671420596,117723173334,118816200,120403244,2163517,0,0,0,0,0,0,0,0,0,0,0,0,34700021,34736755,34888,34930,33,0,0,0,0,0,0,0,0
1778082355.6181157,g5.hpc.coe,40875,0.5001,0,100.0,2035.0,12288.0,116713060522,117764857406,118858065,120445157,2164522,0,0,0,0,0,0,0,0,0,0,0,0,41639926,41684072,41865,41913,1005,0,0,0,0,0,0,0,0
1778082356.1182106,g5.hpc.coe,40875,0.5001,0,100.0,2035.0,12288.0,116747760598,117799594112,118892947,120480080,2164561,0,0,0,0,0,0,0,0,0,0,0,0,34700076,34736706,34882,34923,39,0,0,0,0,0,0,0,0
1778082356.6183076,g5.hpc.coe,40875,0.5001,0,100.0,2035.0,12288.0,116788710668,117840588154,118934075,120521245,2164879,0,0,0,0,0,0,0,0,0,0,0,0,40950070,40994042,41128,41165,318,0,0,0,0,0,0,0,0
1778082357.1184058,g5.hpc.coe,40875,0.5001,0,100.0,2035.0,12288.0,116824100871,117876014932,118969705,120556922,2166764,0,0,0,0,0,0,0,0,0,0,0,0,35390203,35426778,35630,35677,1885,0,0,0,0,0,0,0,0
1778082357.6185,g5.hpc.coe,40875,0.5001,0,100.0,2035.0,12288.0,116860820350,117913258602,119007075,120594713,2166814,0,0,0,0,0,0,0,0,0,0,0,0,36719479,37243670,37370,37791,50,0,0,0,0,0,0,0,0
1778082358.1185956,g5.hpc.coe,40875,0.5001,0,100.0,2035.0,12288.0,116900441325,117952435661,119046461,120633751,2168608,0,0,0,0,0,0,0,0,0,0,0,0,39620975,39177059,39386,39038,1794,0,0,0,0,0,0,0,0
1778082358.6186926,g5.hpc.coe,40875,0.5001,0,100.0,2035.0,12288.0,116935141715,117987172388,119081351,120668677,2168663,0,0,0,0,0,0,0,0,0,0,0,0,34700390,34736727,34890,34926,55,0,0,0,0,0,0,0,0
1778082359.1187913,g5.hpc.coe,40875,0.5001,0,100.0,2035.0,12288.0,116976092071,118028166444,119122483,120709844,2170446,0,0,0,0,0,0,0,0,0,0,0,0,40950356,40994056,41132,41167,1783,0,0,0,0,0,0,0,0
1778082359.618886,g5.hpc.coe,40875,0.5001,0,100.0,2035.0,12288.0,117011482567,118063593131,119158118,120745508,2171776,0,0,0,0,0,0,0,0,0,0,0,0,35390496,35426687,35635,35664,1330,0,0,0,0,0,0,0,0
1778082360.1189814,g5.hpc.coe,40875,0.5001,0,100.0,2035.0,12288.0,117052431841,118104587130,119199232,120786669,2171820,0,0,0,0,0,0,0,0,0,0,0,0,40949274,40993999,41114,41161,44,0,0,0,0,0,0,0,0
1778082360.6190963,g5.hpc.coe,40875,0.5001,0,100.0,2035.0,12288.0,117087821430,118140013948,119234865,120822347,2173592,0,0,0,0,0,0,0,0,0,0,0,0,35389589,35426818,35633,35678,1772,0,0,0,0,0,0,0,0
1778082361.1192,g5.hpc.coe,40875,0.5001,0,100.0,2035.0,12288.0,117122521017,118174750653,119269756,120857272,2173642,0,0,0,0,0,0,0,0,0,0,0,0,34699587,34736705,34891,34925,50,0,0,0,0,0,0,0,0
1778082361.619299,g5.hpc.coe,40875,0.5001,0,100.0,2035.0,12288.0,117163470443,118215744680,119310871,120898437,2175039,0,0,0,0,0,0,0,0,0,0,0,0,40949426,40994027,41115,41165,1397,0,0,0,0,0,0,0,0
1778082362.1193953,g5.hpc.coe,40875,0.5001,0,100.0,2035.0,12288.0,117198860198,118251171541,119346516,120934128,2175091,0,0,0,0,0,0,0,0,0,0,0,0,35389755,35426861,35645,35691,52,0,0,0,0,0,0,0,0
1778082362.6194923,g5.hpc.coe,40875,0.5001,0,100.0,2035.0,12288.0,117239809806,118292165673,119387643,120975308,2175143,0,0,0,0,0,0,0,0,0,0,0,0,40949608,40994132,41127,41180,52,0,0,0,0,0,0,0,0
1778082363.1196115,g5.hpc.coe,40875,0.5001,0,100.0,2035.0,12288.0,117275199560,118327592422,119423274,121010983,2178101,0,0,0,0,0,0,0,0,0,0,0,0,35389754,35426749,35631,35675,2958,0,0,0,0,0,0,0,0
1778082363.6197107,g5.hpc.coe,40875,0.5001,0,100.0,2035.0,12288.0,117309899340,118362329169,119458158,121045914,2178146,0,0,0,0,0,0,0,0,0,0,0,0,34699780,34736747,34884,34931,45,0,0,0,0,0,0,0,0
1778082364.1198053,g5.hpc.coe,40875,0.5001,0,100.0,2035.0,12288.0,117350849011,118403323218,119499271,121087080,2179127,0,0,0,0,0,0,0,0,0,0,0,0,40949671,40994049,41113,41166,981,0,0,0,0,0,0,0,0
1778082364.619901,g5.hpc.coe,40875,0.5001,0,100.0,2035.0,12288.0,117386238940,118438749982,119534904,121122755,2179166,0,0,0,0,0,0,0,0,0,0,0,0,35389929,35426764,35633,35675,39,0,0,0,0,0,0,0,0
1778082365.1199949,g5.hpc.coe,40875,0.5001,0,100.0,2035.0,12288.0,117427188799,118479744003,119576030,121163917,2179206,0,0,0,0,0,0,0,0,0,0,0,0,40949859,40994021,41126,41162,40,0,0,0,0,0,0,0,0
1778082365.620094,g5.hpc.coe,40875,0.5001,0,100.0,2035.0,12288.0,117462578930,118515170864,119611669,121199599,2179725,0,0,0,0,0,0,0,0,0,0,0,0,35390131,35426861,35639,35682,519,0,0,0,0,0,0,0,0
1778082366.1201928,g5.hpc.coe,40875,0.5001,0,100.0,2035.0,12288.0,117497278989,118549907577,119646556,121234523,2180104,0,0,0,0,0,0,0,0,0,0,0,0,34700059,34736713,34887,34924,379,0,0,0,0,0,0,0,0
1778082366.6202915,g5.hpc.coe,40875,0.5001,0,100.0,2035.0,12288.0,117538228979,118590901619,119687680,121275688,2181608,0,0,0,0,0,0,0,0,0,0,0,0,40949990,40994042,41124,41165,1504,0,0,0,0,0,0,0,0
1778082367.1203897,g5.hpc.coe,40875,0.5001,0,100.0,2035.0,12288.0,117573619731,118626328816,119723324,121311369,2181646,0,0,0,0,0,0,0,0,0,0,0,0,35390752,35427197,35644,35681,38,0,0,0,0,0,0,0,0
1778082367.620483,g5.hpc.coe,40875,0.5001,0,100.0,2035.0,12288.0,117614569770,118667322914,119764441,121352542,2182063,0,0,0,0,0,0,0,0,0,0,0,0,40950039,40994098,41117,41173,417,0,0,0,0,0,0,0,0
1778082368.1205812,g5.hpc.coe,40875,0.5001,0,100.0,2035.0,12288.0,117649960109,118702749615,119800084,121388208,2183966,0,0,0,0,0,0,0,0,0,0,0,0,35390339,35426701,35643,35666,1903,0,0,0,0,0,0,0,0
1778082368.6206791,g5.hpc.coe,40875,0.5001,0,100.0,2035.0,12288.0,117684660467,118737486356,119834979,121423136,2184428,0,0,0,0,0,0,0,0,0,0,0,0,34700358,34736741,34895,34928,462,0,0,0,0,0,0,0,0
1778082369.1207752,g5.hpc.coe,40875,0.5001,0,100.0,2035.0,12288.0,117725610800,118778480461,119876115,121464310,2184809,0,0,0,0,0,0,0,0,0,0,0,0,40950333,40994105,41136,41174,381,0,0,0,0,0,0,0,0
1778082369.6208699,g5.hpc.coe,40875,0.5001,0,100.0,2035.0,12288.0,117761001252,118813907169,119911751,121499977,2184850,0,0,0,0,0,0,0,0,0,0,0,0,35390452,35426708,35636,35667,41,0,0,0,0,0,0,0,0
1778082370.1209636,g5.hpc.coe,40875,0.5001,0,100.0,2035.0,12288.0,117801951528,118854901183,119952865,121541138,2185410,0,0,0,0,0,0,0,0,0,0,0,0,40950276,40994014,41114,41161,560,0,0,0,0,0,0,0,0
1778082370.6210618,g5.hpc.coe,40875,0.5001,0,100.0,2035.0,12288.0,117837341051,118890327994,119988496,121576815,2186311,0,0,0,0,0,0,0,0,0,0,0,0,35389523,35426811,35631,35677,901,0,0,0,0,0,0,0,0
1778082371.121161,g5.hpc.coe,40875,0.5001,0,100.0,2035.0,12288.0,117872040537,118925064727,120023380,121611744,2186362,0,0,0,0,0,0,0,0,0,0,0,0,34699486,34736733,34884,34929,51,0,0,0,0,0,0,0,0
1778082371.621258,g5.hpc.coe,40875,0.5001,0,100.0,2035.0,12288.0,117912989954,118966058663,120064501,121652896,2188504,0,0,0,0,0,0,0,0,0,0,0,0,40949417,40993936,41121,41152,2142,0,0,0,0,0,0,0,0
1778082372.121352,g5.hpc.coe,40875,0.5001,0,100.0,2035.0,12288.0,117948379644,119001485419,120100144,121688572,2188551,0,0,0,0,0,0,0,0,0,0,0,0,35389690,35426756,35643,35676,47,0,0,0,0,0,0,0,0
1778082372.6214485,g5.hpc.coe,40875,0.5001,0,100.0,2035.0,12288.0,117989329158,119042479369,120141265,121729726,2189973,0,0,0,0,0,0,0,0,0,0,0,0,40949514,40993950,41121,41154,1422,0,0,0,0,0,0,0,0
1778082373.1215425,g5.hpc.coe,40875,0.5001,0,100.0,2035.0,12288.0,118024718896,119077906146,120176901,121765405,2191302,0,0,0,0,0,0,0,0,0,0,0,0,35389738,35426777,35636,35679,1329,0,0,0,0,0,0,0,0
1778082373.6216376,g5.hpc.coe,40875,0.5001,0,100.0,2035.0,12288.0,118059418681,119112642858,120211793,121800331,2191343,0,0,0,0,0,0,0,0,0,0,0,0,34699785,34736712,34892,34926,41,0,0,0,0,0,0,0,0
1778082374.1217341,g5.hpc.coe,40875,0.5001,0,100.0,2035.0,12288.0,118100368405,119153636871,120252923,121841494,2192122,0,0,0,0,0,0,0,0,0,0,0,0,40949724,40994013,41130,41163,779,0,0,0,0,0,0,0,0
1778082374.6218278,g5.hpc.coe,40875,0.5001,0,100.0,2035.0,12288.0,118135758304,119189063628,120288559,121877168,2192162,0,0,0,0,0,0,0,0,0,0,0,0,35389899,35426757,35636,35674,40,0,0,0,0,0,0,0,0
1778082375.1219194,g5.hpc.coe,40875,0.5001,0,100.0,2035.0,12288.0,118176708070,119230057677,120329679,121918334,2193069,0,0,0,0,0,0,0,0,0,0,0,0,40949766,40994049,41120,41166,907,0,0,0,0,0,0,0,0
1778082375.6220143,g5.hpc.coe,40875,0.5001,0,100.0,2035.0,12288.0,118212098164,119265484545,120365322,121954017,2193120,0,0,0,0,0,0,0,0,0,0,0,0,35390094,35426868,35643,35683,51,0,0,0,0,0,0,0,0
1778082376.1221123,g5.hpc.coe,40875,0.5001,0,100.0,2035.0,12288.0,118251260267,119305007343,120405240,121994075,2193159,0,0,0,0,0,0,0,0,0,0,0,0,39162103,39522798,39918,40058,39,0,0,0,0,0,0,0,0
1778082376.6222107,g5.hpc.coe,40875,0.5001,0,100.0,2035.0,12288.0,118288438178,119341905393,120442084,122030863,2196725,0,0,0,0,0,0,0,0,0,0,0,0,37177911,36898050,36844,36788,3566,0,0,0,0,0,0,0,0
1778082377.1223068,g5.hpc.coe,40875,0.5001,0,100.0,2035.0,12288.0,118323138291,119376642162,120476972,122065795,2196760,0,0,0,0,0,0,0,0,0,0,0,0,34700113,34736769,34888,34932,35,0,0,0,0,0,0,0,0
1778082377.6224031,g5.hpc.coe,40875,0.5001,0,100.0,2035.0,12288.0,118364088335,119417636288,120518097,122106972,2197965,0,0,0,0,0,0,0,0,0,0,0,0,40950044,40994126,41125,41177,1205,0,0,0,0,0,0,0,0
1778082378.1225016,g5.hpc.coe,40875,0.5001,0,100.0,2035.0,12288.0,118399478582,119453063045,120553734,122142646,2198241,0,0,0,0,0,0,0,0,0,0,0,0,35390247,35426757,35637,35674,276,0,0,0,0,0,0,0,0
1778082378.622599,g5.hpc.coe,40875,0.5001,0,100.0,2035.0,12288.0,118439087989,119493054861,120593975,122183155,2198290,0,0,0,0,0,0,0,0,0,0,0,0,39609407,39991816,40241,40509,49,0,0,0,0,0,0,0,0
1778082379.1226938,g5.hpc.coe,40875,0.5001,0,100.0,2035.0,12288.0,118475818949,119529483872,120630479,122219489,2201218,0,0,0,0,0,0,0,0,0,0,0,0,36730960,36429011,36504,36334,2928,0,0,0,0,0,0,0,0
1778082379.6227899,g5.hpc.coe,40875,0.5001,0,100.0,2035.0,12288.0,118510519334,119564220648,120665369,122254422,2201458,0,0,0,0,0,0,0,0,0,0,0,0,34700385,34736776,34890,34933,240,0,0,0,0,0,0,0,0
1778082380.122889,g5.hpc.coe,40875,0.5001,0,100.0,2035.0,12288.0,118551469602,119605214767,120706489,122295598,2202094,0,0,0,0,0,0,0,0,0,0,0,0,40950268,40994119,41120,41176,636,0,0,0,0,0,0,0,0
1778082380.6229835,g5.hpc.coe,40875,0.5001,0,100.0,2035.0,12288.0,118586860079,119640641573,120742122,122331279,2202455,0,0,0,0,0,0,0,0,0,0,0,0,35390477,35426806,35633,35681,361,0,0,0,0,0,0,0,0
1778082381.1230764,g5.hpc.coe,40875,0.5001,0,100.0,2035.0,12288.0,118627588135,119681627844,120783239,122372429,2202510,0,0,0,0,0,0,0,0,0,0,0,0,40728056,40986271,41117,41150,55,0,0,0,0,0,0,0,0
1778082381.6231732,g5.hpc.coe,40875,0.5001,0,100.0,2035.0,12288.0,118663199009,119717062411,120818880,122408121,2205543,0,0,0,0,0,0,0,0,0,0,0,0,35610874,35434567,35641,35692,3033,0,0,0,0,0,0,0,0
1778082382.1232708,g5.hpc.coe,40875,0.5001,0,100.0,2035.0,12288.0,118697899108,119751799570,120853773,122443055,2205578,0,0,0,0,0,0,0,0,0,0,0,0,34700099,34737159,34893,34934,35,0,0,0,0,0,0,0,0
1778082382.623369,g5.hpc.coe,40875,0.5001,0,100.0,2035.0,12288.0,118738848586,119792793611,120894896,122484222,2207061,0,0,0,0,0,0,0,0,0,0,0,0,40949478,40994041,41123,41167,1483,0,0,0,0,0,0,0,0
1778082383.1234639,g5.hpc.coe,40875,0.5001,0,100.0,2035.0,12288.0,118774238232,119828220444,120930526,122519909,2207094,0,0,0,0,0,0,0,0,0,0,0,0,35389646,35426833,35630,35687,33,0,0,0,0,0,0,0,0
1778082383.6235583,g5.hpc.coe,40875,0.5001,0,100.0,2035.0,12288.0,118815187793,119869214457,120971647,122561072,2207159,0,0,0,0,0,0,0,0,0,0,0,0,40949561,40994013,41121,41163,65,0,0,0,0,0,0,0,0
1778082384.123654,g5.hpc.coe,40875,0.5001,0,100.0,2035.0,12288.0,118850577662,119904641255,121007295,122596754,2210770,0,0,0,0,0,0,0,0,0,0,0,0,35389869,35426798,35648,35682,3611,0,0,0,0,0,0,0,0
1778082384.6237512,g5.hpc.coe,40875,0.5001,0,100.0,2035.0,12288.0,118885277480,119939377974,121042185,122631681,2210815,0,0,0,0,0,0,0,0,0,0,0,0,34699818,34736719,34890,34927,45,0,0,0,0,0,0,0,0
1778082385.1238463,g5.hpc.coe,40875,0.5001,0,100.0,2035.0,12288.0,118926227223,119980372009,121083309,122672845,2211618,0,0,0,0,0,0,0,0,0,0,0,0,40949743,40994035,41124,41164,803,0,0,0,0,0,0,0,0
1778082385.6239424,g5.hpc.coe,40875,0.5001,0,100.0,2035.0,12288.0,118961617078,120015798787,121118932,122708522,2211659,0,0,0,0,0,0,0,0,0,0,0,0,35389855,35426778,35623,35677,41,0,0,0,0,0,0,0,0
1778082386.1240394,g5.hpc.coe,40875,0.5001,0,100.0,2035.0,12288.0,119002566911,120056792912,121160046,122749692,2213305,0,0,0,0,0,0,0,0,0,0,0,0,40949833,40994125,41114,41170,1646,0,0,0,0,0,0,0,0
1778082386.6241362,g5.hpc.coe,40875,0.5001,0,100.0,2035.0,12288.0,119037956989,120092219725,121195687,122785374,2215120,0,0,0,0,0,0,0,0,0,0,0,0,35390078,35426813,35641,35682,1815,0,0,0,0,0,0,0,0
1778082387.124236,g5.hpc.coe,40875,0.5001,0,100.0,2035.0,12288.0,119072657072,120126956508,121230578,122820308,2215159,0,0,0,0,0,0,0,0,0,0,0,0,34700083,34736783,34891,34934,39,0,0,0,0,0,0,0,0
1778082387.624333,g5.hpc.coe,40875,0.5001,0,100.0,2035.0,12288.0,119113607094,120167950564,121271707,122861475,2216560,0,0,0,0,0,0,0,0,0,0,0,0,40950022,40994056,41129,41167,1401,0,0,0,0,0,0,0,0
1778082388.1244292,g5.hpc.coe,40875,0.5001,0,100.0,2035.0,12288.0,119148997304,120203377307,121307346,122897147,2216616,0,0,0,0,0,0,0,0,0,0,0,0,35390210,35426743,35639,35672,56,0,0,0,0,0,0,0,0
1778082388.6245275,g5.hpc.coe,40875,0.5001,0,100.0,2035.0,12288.0,119189947325,120244371363,121348461,122938314,2217610,0,0,0,0,0,0,0,0,0,0,0,0,40950021,40994056,41115,41167,994,0,0,0,0,0,0,0,0
1778082389.1246233,g5.hpc.coe,40875,0.5001,0,100.0,2035.0,12288.0,119225337633,120279798169,121384100,122973995,2220348,0,0,0,0,0,0,0,0,0,0,0,0,35390308,35426806,35639,35681,2738,0,0,0,0,0,0,0,0
1778082389.624717,g5.hpc.coe,40875,0.5001,0,100.0,2035.0,12288.0,119260037946,120314534945,121418989,123008928,2220397,0,0,0,0,0,0,0,0,0,0,0,0,34700313,34736776,34889,34933,49,0,0,0,0,0,0,0,0
1778082390.124813,g5.hpc.coe,40875,0.5001,0,100.0,2035.0,12288.0,119301678193,120356219024,121460857,123050842,2223453,0,0,0,0,0,0,0,0,0,0,0,0,41640247,41684079,41868,41914,3056,0,0,0,0,0,0,0,0
1778082390.6249077,g5.hpc.coe,40875,0.5001,0,100.0,2035.0,12288.0,119336378653,120390955870,121495751,123085785,2223586,0,0,0,0,0,0,0,0,0,0,0,0,34700460,34736846,34894,34943,133,0,0,0,0,0,0,0,0
1778082391.1250117,g5.hpc.coe,40875,0.5001,0,100.0,2035.0,12288.0,119377329030,120431949946,121536871,123126948,2224593,0,0,0,0,0,0,0,0,0,0,0,0,40950377,40994076,41120,41163,1007,0,0,0,0,0,0,0,0
1778082391.6251087,g5.hpc.coe,40875,0.5001,0,100.0,2035.0,12288.0,119412718549,120467376744,121572511,123162630,2226976,0,0,0,0,0,0,0,0,0,0,0,0,35389519,35426798,35640,35682,2383,0,0,0,0,0,0,0,0
1778082392.125205,g5.hpc.coe,40875,0.5001,0,100.0,2035.0,12288.0,119449538166,120504702626,121609975,123200461,2227023,0,0,0,0,0,0,0,0,0,0,0,0,36819617,37325882,37464,37831,47,0,0,0,0,0,0,0,0
1778082392.6253,g5.hpc.coe,40875,0.5001,0,100.0,2035.0,12288.0,119489057468,120543797583,121649263,123239479,2228448,0,0,0,0,0,0,0,0,0,0,0,0,39519302,39094957,39288,39018,1425,0,0,0,0,0,0,0,0
1778082393.125398,g5.hpc.coe,40875,0.5001,0,100.0,2035.0,12288.0,119523757082,120578534330,121684152,123274410,2228487,0,0,0,0,0,0,0,0,0,0,0,0,34699614,34736747,34889,34931,39,0,0,0,0,0,0,0,0
1778082393.6254985,g5.hpc.coe,40875,0.5001,0,100.0,2035.0,12288.0,119564706599,120619528385,121725274,123315579,2229616,0,0,0,0,0,0,0,0,0,0,0,0,40949517,40994055,41122,41169,1129,0,0,0,0,0,0,0,0
1778082394.1255977,g5.hpc.coe,40875,0.5001,0,100.0,2035.0,12288.0,119600096347,120654955120,121760912,123351252,2230177,0,0,0,0,0,0,0,0,0,0,0,0,35389748,35426735,35638,35673,561,0,0,0,0,0,0,0,0
1778082394.6256948,g5.hpc.coe,40875,0.5001,0,100.0,2035.0,12288.0,119641045846,120695944766,121802039,123392407,2230225,0,0,0,0,0,0,0,0,0,0,0,0,40949499,40989646,41127,41155,48,0,0,0,0,0,0,0,0
1778082395.125787,g5.hpc.coe,40875,0.5001,0,100.0,2035.0,12288.0,119676435842,120731375763,121837677,123428073,2232882,0,0,0,0,0,0,0,0,0,0,0,0,35389996,35430997,35638,35666,2657,0,0,0,0,0,0,0,0
1778082395.6258802,g5.hpc.coe,40875,0.5001,0,100.0,2035.0,12288.0,119711135756,120766112518,121872572,123463003,2233116,0,0,0,0,0,0,0,0,0,0,0,0,34699914,34736755,34895,34930,234,0,0,0,0,0,0,0,0
1778082396.1259773,g5.hpc.coe,40875,0.5001,0,100.0,2035.0,12288.0,119752085672,120807106615,121913705,123504169,2235208,0,0,0,0,0,0,0,0,0,0,0,0,40949916,40994097,41133,41166,2092,0,0,0,0,0,0,0,0
1778082396.6260693,g5.hpc.coe,40875,0.5001,0,100.0,2035.0,12288.0,119787475714,120842533372,121949348,123539843,2240828,0,0,0,0,0,0,0,0,0,0,0,0,35390042,35426757,35643,35674,5620,0,0,0,0,0,0,0,0
1778082397.1261644,g5.hpc.coe,40875,0.5001,0,100.0,2035.0,12288.0,119828426119,120883527875,121990474,123581018,2240881,0,0,0,0,0,0,0,0,0,0,0,0,40950405,40994503,41126,41175,53,0,0,0,0,0,0,0,0
1778082397.6262624,g5.hpc.coe,40875,0.5001,0,100.0,2035.0,12288.0,119863816251,120918954625,122026116,123616691,2242472,0,0,0,0,0,0,0,0,0,0,0,0,35390132,35426750,35642,35673,1591,0,0,0,0,0,0,0,0
1778082398.1263587,g5.hpc.coe,40875,0.5001,0,100.0,2035.0,12288.0,119898516423,120953691387,122061013,123651622,2242512,0,0,0,0,0,0,0,0,0,0,0,0,34700172,34736762,34897,34931,40,0,0,0,0,0,0,0,0
1778082398.6264544,g5.hpc.coe,40875,0.5001,0,100.0,2035.0,12288.0,119939466429,120994685443,122102133,123692789,2243065,0,0,0,0,0,0,0,0,0,0,0,0,40950006,40994056,41120,41167,553,0,0,0,0,0,0,0,0
1778082399.1265528,g5.hpc.coe,40875,0.5001,0,100.0,2035.0,12288.0,119974856638,121030112186,122137765,123728461,2243097,0,0,0,0,0,0,0,0,0,0,0,0,35390209,35426743,35632,35672,32,0,0,0,0,0,0,0,0
1778082399.626649,g5.hpc.coe,40875,0.5001,0,100.0,2035.0,12288.0,120015807019,121071106412,122178890,123769627,2245335,0,0,0,0,0,0,0,0,0,0,0,0,40950381,40994226,41125,41166,2238,0,0,0,0,0,0,0,0
1778082400.126746,g5.hpc.coe,40875,0.5001,0,100.0,2035.0,12288.0,120051197437,121106533141,122214538,123805297,2247477,0,0,0,0,0,0,0,0,0,0,0,0,35390418,35426729,35648,35670,2142,0,0,0,0,0,0,0,0
1778082400.6268427,g5.hpc.coe,40875,0.5001,0,100.0,2035.0,12288.0,120085897875,121141269910,122249436,123840229,2247511,0,0,0,0,0,0,0,0,0,0,0,0,34700438,34736769,34898,34932,34,0,0,0,0,0,0,0,0
1778082401.1269379,g5.hpc.coe,40875,0.5001,0,100.0,2035.0,12288.0,120126848160,121182263896,122290559,123881386,2248339,0,0,0,0,0,0,0,0,0,0,0,0,40950285,40993986,41123,41157,828,0,0,0,0,0,0,0,0
1778082401.6270366,g5.hpc.coe,40875,0.5001,0,100.0,2035.0,12288.0,120162238690,121217690722,122326191,123917063,2248678,0,0,0,0,0,0,0,0,0,0,0,0,35390530,35426826,35632,35677,339,0,0,0,0,0,0,0,0
1778082402.1271324,g5.hpc.coe,40875,0.5001,0,100.0,2035.0,12288.0,120203188061,121258684819,122367320,123958238,2250196,0,0,0,0,0,0,0,0,0,0,0,0,40949371,40994097,41129,41175,1518,0,0,0,0,0,0,0,0
1778082402.627223,g5.hpc.coe,40875,0.5001,0,100.0,2035.0,12288.0,120238577607,121294111589,122402957,123993916,2252128,0,0,0,0,0,0,0,0,0,0,0,0,35389546,35426770,35637,35678,1932,0,0,0,0,0,0,0,0
1778082403.1273193,g5.hpc.coe,40875,0.5001,0,100.0,2035.0,12288.0,120273277185,121328848350,122437848,124028849,2252160,0,0,0,0,0,0,0,0,0,0,0,0,34699578,34736761,34891,34933,32,0,0,0,0,0,0,0,0
1778082403.627413,g5.hpc.coe,40875,0.5001,0,100.0,2035.0,12288.0,120314226534,121369842335,122478953,124070008,2252319,0,0,0,0,0,0,0,0,0,0,0,0,40949349,40993985,41105,41159,159,0,0,0,0,0,0,0,0
1778082404.1275134,g5.hpc.coe,40875,0.5001,0,100.0,2035.0,12288.0,120349616218,121405269077,122514589,124105682,2252560,0,0,0,0,0,0,0,0,0,0,0,0,35389684,35426742,35636,35674,241,0,0,0,0,0,0,0,0
1778082404.6276114,g5.hpc.coe,40875,0.5001,0,100.0,2035.0,12288.0,120390565720,121446263125,122555702,124146850,2253527,0,0,0,0,0,0,0,0,0,0,0,0,40949502,40994048,41113,41168,967,0,0,0,0,0,0,0,0
1778082405.1277092,g5.hpc.coe,40875,0.5001,0,100.0,2035.0,12288.0,120425955516,121481689930,122591340,124182533,2255559,0,0,0,0,0,0,0,0,0,0,0,0,35389796,35426805,35638,35683,2032,0,0,0,0,0,0,0,0
1778082405.6278048,g5.hpc.coe,40875,0.5001,0,100.0,2035.0,12288.0,120460655338,121516426621,122626231,124217456,2255598,0,0,0,0,0,0,0,0,0,0,0,0,34699822,34736691,34891,34923,39,0,0,0,0,0,0,0,0
1778082406.1279056,g5.hpc.coe,40875,0.5001,0,100.0,2035.0,12288.0,120502284557,121558110693,122668112,124259369,2258236,0,0,0,0,0,0,0,0,0,0,0,0,41629219,41684072,41881,41913,2638,0,0,0,0,0,0,0,0
1778082406.6280046,g5.hpc.coe,40875,0.5001,0,100.0,2035.0,12288.0,120536995189,121592847545,122703006,124294306,2258400,0,0,0,0,0,0,0,0,0,0,0,0,34710632,34736852,34894,34937,164,0,0,0,0,0,0,0,0
1778082407.1281009,g5.hpc.coe,40875,0.5001,0,100.0,2035.0,12288.0,120577944950,121633841636,122744119,124335478,2260755,0,0,0,0,0,0,0,0,0,0,0,0,40949761,40994091,41113,41172,2355,0,0,0,0,0,0,0,0
1778082407.6281967,g5.hpc.coe,40875,0.5001,0,100.0,2035.0,12288.0,120613335033,121669268386,122779761,124371151,2261056,0,0,0,0,0,0,0,0,0,0,0,0,35390083,35426750,35642,35673,301,0,0,0,0,0,0,0,0
1778082408.1282923,g5.hpc.coe,40875,0.5001,0,100.0,2035.0,12288.0,120649372251,121705427157,122816489,124407835,2261100,0,0,0,0,0,0,0,0,0,0,0,0,36037218,36158771,36728,36684,44,0,0,0,0,0,0,0,0
1778082408.6283903,g5.hpc.coe,40875,0.5001,0,100.0,2035.0,12288.0,120689071697,121745172463,122855984,124447689,2262507,0,0,0,0,0,0,0,0,0,0,0,0,39699446,39745306,39495,39854,1407,0,0,0,0,0,0,0,0
1778082409.1284862,g5.hpc.coe,40875,0.5001,0,100.0,2035.0,12288.0,120724375570,121780426363,122891421,124482949,2262581,0,0,0,0,0,0,0,0,0,0,0,0,35303873,35253900,35437,35260,74,0,0,0,0,0,0,0,0
1778082409.6285846,g5.hpc.coe,40875,0.5001,0,100.0,2035.0,12288.0,120765325716,121821420426,122932552,124524117,2263551,0,0,0,0,0,0,0,0,0,0,0,0,40950146,40994063,41131,41168,970,0,0,0,0,0,0,0,0
1778082410.1287055,g5.hpc.coe,40875,0.5001,0,100.0,2035.0,12288.0,120800715980,121856847183,122968185,124559791,2264100,0,0,0,0,0,0,0,0,0,0,0,0,35390264,35426757,35633,35674,549,0,0,0,0,0,0,0,0
1778082410.6288023,g5.hpc.coe,40875,0.5001,0,100.0,2035.0,12288.0,120839237429,121895803604,123007247,124599201,2264147,0,0,0,0,0,0,0,0,0,0,0,0,38521449,38956421,39062,39410,47,0,0,0,0,0,0,0,0
1778082411.128897,g5.hpc.coe,40875,0.5001,0,100.0,2035.0,12288.0,120877056486,121933267877,123044935,124636615,2265366,0,0,0,0,0,0,0,0,0,0,0,0,37819057,37464273,37688,37414,1219,0,0,0,0,0,0,0,0
1778082411.6289907,g5.hpc.coe,40875,0.5001,0,100.0,2035.0,12288.0,120911757007,121968004666,123079829,124671543,2270020,0,0,0,0,0,0,0,0,0,0,0,0,34700521,34736789,34894,34928,4654,0,0,0,0,0,0,0,0
1778082412.1290853,g5.hpc.coe,40875,0.5001,0,100.0,2035.0,12288.0,120952707999,122008999176,123120972,124712719,2271621,0,0,0,0,0,0,0,0,0,0,0,0,40950992,40994510,41143,41176,1601,0,0,0,0,0,0,0,0
1778082412.6291816,g5.hpc.coe,40875,0.5001,0,100.0,2035.0,12288.0,120988097475,122044425918,123156606,124748393,2271674,0,0,0,0,0,0,0,0,0,0,0,0,35389476,35426742,35634,35674,53,0,0,0,0,0,0,0,0
1778082413.1292791,g5.hpc.coe,40875,0.5001,0,100.0,2035.0,12288.0,121028677703,122085412183,123197720,124789544,2271711,0,0,0,0,0,0,0,0,0,0,0,0,40580228,40986265,41114,41151,37,0,0,0,0,0,0,0,0
1778082413.6293828,g5.hpc.coe,40875,0.5001,0,100.0,2035.0,12288.0,121064436460,122120846729,123233368,124825238,2274051,0,0,0,0,0,0,0,0,0,0,0,0,35758757,35434546,35648,35694,2340,0,0,0,0,0,0,0,0
1778082414.1294796,g5.hpc.coe,40875,0.5001,0,100.0,2035.0,12288.0,121099136115,122155583420,123268263,124860161,2274085,0,0,0,0,0,0,0,0,0,0,0,0,34699655,34736691,34895,34923,34,0,0,0,0,0,0,0,0
1778082414.6295893,g5.hpc.coe,40875,0.5001,0,100.0,2035.0,12288.0,121140085582,122196577426,123309378,124901323,2274732,0,0,0,0,0,0,0,0,0,0,0,0,40949467,40994006,41115,41162,647,0,0,0,0,0,0,0,0
1778082415.1296852,g5.hpc.coe,40875,0.5001,0,100.0,2035.0,12288.0,121175475315,122232004154,123345014,124936995,2274771,0,0,0,0,0,0,0,0,0,0,0,0,35389733,35426728,35636,35672,39,0,0,0,0,0,0,0,0
1778082415.6297812,g5.hpc.coe,40875,0.5001,0,100.0,2035.0,12288.0,121216424935,122272998216,123386137,124978165,2276319,0,0,0,0,0,0,0,0,0,0,0,0,40949620,40994062,41123,41170,1548,0,0,0,0,0,0,0,0
1778082416.129874,g5.hpc.coe,40875,0.5001,0,100.0,2035.0,12288.0,121251814772,122308425007,123421774,125013846,2276562,0,0,0,0,0,0,0,0,0,0,0,0,35389837,35426791,35637,35681,243,0,0,0,0,0,0,0,0
1778082416.6299722,g5.hpc.coe,40875,0.5001,0,100.0,2035.0,12288.0,121286514755,122343161817,123456670,125048777,2277196,0,0,0,0,0,0,0,0,0,0,0,0,34699983,34736810,34896,34931,634,0,0,0,0,0,0,0,0
1778082417.1300635,g5.hpc.coe,40875,0.5001,0,100.0,2035.0,12288.0,121327464502,122384155852,123497788,125089941,2277241,0,0,0,0,0,0,0,0,0,0,0,0,40949747,40994035,41118,41164,45,0,0,0,0,0,0,0,0
1778082417.6301618,g5.hpc.coe,40875,0.5001,0,100.0,2035.0,12288.0,121362854493,122419582644,123533424,125125620,2277584,0,0,0,0,0,0,0,0,0,0,0,0,35389991,35426792,35636,35679,343,0,0,0,0,0,0,0,0
1778082418.1302543,g5.hpc.coe,40875,0.5001,0,100.0,2035.0,12288.0,121403804421,122460576665,123574554,125166782,2277637,0,0,0,0,0,0,0,0,0,0,0,0,40949928,40994021,41130,41162,53,0,0,0,0,0,0,0,0
1778082418.6303494,g5.hpc.coe,40875,0.5001,0,100.0,2035.0,12288.0,121439194460,122496003450,123610183,125202460,2278337,0,0,0,0,0,0,0,0,0,0,0,0,35390039,35426785,35629,35678,700,0,0,0,0,0,0,0,0
1778082419.1304462,g5.hpc.coe,40875,0.5001,0,100.0,2035.0,12288.0,121473894588,122530740212,123645074,125237391,2278376,0,0,0,0,0,0,0,0,0,0,0,0,34700128,34736762,34891,34931,39,0,0,0,0,0,0,0,0
1778082419.6305406,g5.hpc.coe,40875,0.5001,0,100.0,2035.0,12288.0,121514844592,122571734233,123686194,125278553,2278413,0,0,0,0,0,0,0,0,0,0,0,0,40950004,40994021,41120,41162,37,0,0,0,0,0,0,0,0
1778082420.13064,g5.hpc.coe,40875,0.5001,0,100.0,2035.0,12288.0,121550234805,122607161032,123721827,125314233,2278465,0,0,0,0,0,0,0,0,0,0,0,0,35390213,35426799,35633,35680,52,0,0,0,0,0,0,0,0
1778082420.630735,g5.hpc.coe,40875,0.5001,0,100.0,2035.0,12288.0,121591184912,122648155102,123762948,125355402,2278506,0,0,0,0,0,0,0,0,0,0,0,0,40950107,40994070,41121,41169,41,0,0,0,0,0,0,0,0
1778082421.1308343,g5.hpc.coe,40875,0.5001,0,100.0,2035.0,12288.0,121626575235,122683581880,123798583,125391079,2280090,0,0,0,0,0,0,0,0,0,0,0,0,35390323,35426778,35635,35677,1584,0,0,0,0,0,0,0,0
1778082421.6309388,g5.hpc.coe,40875,0.5001,0,100.0,2035.0,12288.0,121661275606,122718318628,123833472,125426008,2280127,0,0,0,0,0,0,0,0,0,0,0,0,34700371,34736748,34889,34929,37,0,0,0,0,0,0,0,0
1778082422.1310341,g5.hpc.coe,40875,0.5001,0,100.0,2035.0,12288.0,121702225930,122759312718,123874592,125467173,2280416,0,0,0,0,0,0,0,0,0,0,0,0,40950324,40994090,41120,41165,289,0,0,0,0,0,0,0,0
1778082422.6311297,g5.hpc.coe,40875,0.5001,0,100.0,2035.0,12288.0,121737616443,122794739482,123910231,125502848,2280534,0,0,0,0,0,0,0,0,0,0,0,0,35390513,35426764,35639,35675,118,0,0,0,0,0,0,0,0
1778082423.1312268,g5.hpc.coe,40875,0.5001,0,100.0,2035.0,12288.0,121778565705,122835733544,123951345,125544018,2280578,0,0,0,0,0,0,0,0,0,0,0,0,40949262,40994062,41114,41170,44,0,0,0,0,0,0,0,0
1778082423.6313229,g5.hpc.coe,40875,0.5001,0,100.0,2035.0,12288.0,121813955233,122871160272,123986980,125579690,2285225,0,0,0,0,0,0,0,0,0,0,0,0,35389528,35426728,35635,35672,4647,0,0,0,0,0,0,0,0
1778082424.1314187,g5.hpc.coe,40875,0.5001,0,100.0,2035.0,12288.0,121848773238,122906365272,124022467,125615442,2287417,0,0,0,0,0,0,0,0,0,0,0,0,34818005,35205000,35487,35752,2192,0,0,0,0,0,0,0,0
1778082424.6315162,g5.hpc.coe,40875,0.5001,0,100.0,2035.0,12288.0,121889604259,122946902546,124063149,125655957,2287896,0,0,0,0,0,0,0,0,0,0,0,0,40831021,40537274,40682,40515,479,0,0,0,0,0,0,0,0
1778082425.1316128,g5.hpc.coe,40875,0.5001,0,100.0,2035.0,12288.0,121924994025,122982317739,124098639,125691453,2287931,0,0,0,0,0,0,0,0,0,0,0,0,35389766,35415193,35490,35496,35,0,0,0,0,0,0,0,0
1778082425.6317112,g5.hpc.coe,40875,0.5001,0,100.0,2035.0,12288.0,121965943608,123023311738,124139764,125732614,2288043,0,0,0,0,0,0,0,0,0,0,0,0,40949583,40993999,41125,41161,112,0,0,0,0,0,0,0,0
1778082426.1318107,g5.hpc.coe,40875,0.5001,0,100.0,2035.0,12288.0,122001333415,123058738508,124175404,125768292,2290528,0,0,0,0,0,0,0,0,0,0,0,0,35389807,35426770,35640,35678,2485,0,0,0,0,0,0,0,0
1778082426.6319053,g5.hpc.coe,40875,0.5001,0,100.0,2035.0,12288.0,122039402053,123097202247,124214073,125807278,2291421,0,0,0,0,0,0,0,0,0,0,0,0,38068638,38463739,38669,38986,893,0,0,0,0,0,0,0,0
1778082427.1320035,g5.hpc.coe,40875,0.5001,0,100.0,2035.0,12288.0,122077673686,123135159731,124252186,125845131,2291608,0,0,0,0,0,0,0,0,0,0,0,0,38271633,37957484,38113,37853,187,0,0,0,0,0,0,0,0
1778082427.632099,g5.hpc.coe,40875,0.5001,0,100.0,2035.0,12288.0,122112373589,123169896493,124287073,125880062,2292196,0,0,0,0,0,0,0,0,0,0,0,0,34699903,34736762,34887,34931,588,0,0,0,0,0,0,0,0
1778082428.1321952,g5.hpc.coe,40875,0.5001,0,100.0,2035.0,12288.0,122153323396,123210890521,124328193,125921225,2293783,0,0,0,0,0,0,0,0,0,0,0,0,40949807,40994028,41120,41163,1587,0,0,0,0,0,0,0,0
1778082428.6322908,g5.hpc.coe,40875,0.5001,0,100.0,2035.0,12288.0,122188713448,123246317285,124363831,125956900,2294793,0,0,0,0,0,0,0,0,0,0,0,0,35390052,35426764,35638,35675,1010,0,0,0,0,0,0,0,0
1778082429.1323872,g5.hpc.coe,40875,0.5001,0,100.0,2035.0,12288.0,122228902330,123287123651,124404665,125998048,2294844,0,0,0,0,0,0,0,0,0,0,0,0,40188882,40806366,40834,41148,51,0,0,0,0,0,0,0,0
1778082429.6324847,g5.hpc.coe,40875,0.5001,0,100.0,2035.0,12288.0,122265053460,123322738112,124440583,126033743,2295932,0,0,0,0,0,0,0,0,0,0,0,0,36151130,35614461,35918,35695,1088,0,0,0,0,0,0,0,0
1778082430.1325803,g5.hpc.coe,40875,0.5001,0,100.0,2035.0,12288.0,122299753635,123357474839,124475474,126068669,2296213,0,0,0,0,0,0,0,0,0,0,0,0,34700175,34736727,34891,34926,281,0,0,0,0,0,0,0,0
1778082430.6326919,g5.hpc.coe,40875,0.5001,0,100.0,2035.0,12288.0,122340703686,123398468867,124516594,126109832,2296338,0,0,0,0,0,0,0,0,0,0,0,0,40950051,40994028,41120,41163,125,0,0,0,0,0,0,0,0
1778082431.132791,g5.hpc.coe,40875,0.5001,0,100.0,2035.0,12288.0,122376093968,123433895652,124552230,126145510,2296377,0,0,0,0,0,0,0,0,0,0,0,0,35390282,35426785,35636,35678,39,0,0,0,0,0,0,0,0
1778082431.632891,g5.hpc.coe,40875,0.5001,0,100.0,2035.0,12288.0,122417044137,123474889694,124593353,126186675,2297108,0,0,0,0,0,0,0,0,0,0,0,0,40950169,40994042,41123,41165,731,0,0,0,0,0,0,0,0
1778082432.1329882,g5.hpc.coe,40875,0.5001,0,100.0,2035.0,12288.0,122452434622,123510316534,124628993,126222354,2297155,0,0,0,0,0,0,0,0,0,0,0,0,35390485,35426840,35640,35679,47,0,0,0,0,0,0,0,0
1778082432.6330862,g5.hpc.coe,40875,0.5001,0,100.0,2035.0,12288.0,122493384566,123551303022,124670108,126263505,2297206,0,0,0,0,0,0,0,0,0,0,0,0,40949944,40986488,41115,41151,51,0,0,0,0,0,0,0,0
1778082433.1331818,g5.hpc.coe,40875,0.5001,0,100.0,2035.0,12288.0,122528085413,123586047303,124705011,126298445,2297299,0,0,0,0,0,0,0,0,0,0,0,0,34700847,34744281,34903,34940,93,0,0,0,0,0,0,0,0
1778082433.633276,g5.hpc.coe,40875,0.5001,0,100.0,2035.0,12288.0,122563474849,123621474080,124740640,126334124,2297340,0,0,0,0,0,0,0,0,0,0,0,0,35389436,35426777,35629,35679,41,0,0,0,0,0,0,0,0
1778082434.1333885,g5.hpc.coe,40875,0.5001,0,100.0,2035.0,12288.0,122604424186,123662468079,124781758,126375285,2297522,0,0,0,0,0,0,0,0,0,0,0,0,40949337,40993999,41118,41161,182,0,0,0,0,0,0,0,0
1778082434.6334834,g5.hpc.coe,40875,0.5001,0,100.0,2035.0,12288.0,122639813747,123697894793,124817391,126410955,2300303,0,0,0,0,0,0,0,0,0,0,0,0,35389561,35426714,35633,35670,2781,0,0,0,0,0,0,0,0
1778082435.1335807,g5.hpc.coe,40875,0.5001,0,100.0,2035.0,12288.0,122674513383,123732631540,124852284,126445886,2300418,0,0,0,0,0,0,0,0,0,0,0,0,34699636,34736747,34893,34931,115,0,0,0,0,0,0,0,0
1778082435.6336753,g5.hpc.coe,40875,0.5001,0,100.0,2035.0,12288.0,122715462874,123773625504,124893403,126487042,2300468,0,0,0,0,0,0,0,0,0,0,0,0,40949491,40993964,41119,41156,50,0,0,0,0,0,0,0,0
1778082436.13377,g5.hpc.coe,40875,0.5001,0,100.0,2035.0,12288.0,122750852623,123809052288,124929042,126522722,2300580,0,0,0,0,0,0,0,0,0,0,0,0,35389749,35426784,35639,35680,112,0,0,0,0,0,0,0,0
1778082436.633868,g5.hpc.coe,40875,0.5001,0,100.0,2035.0,12288.0,122791802246,123850046322,124970166,126563888,2300622,0,0,0,0,0,0,0,0,0,0,0,0,40949623,40994034,41124,41166,42,0,0,0,0,0,0,0,0
1778082437.133964,g5.hpc.coe,40875,0.5001,0,100.0,2035.0,12288.0,122827192162,123885473077,125005806,126599557,2300742,0,0,0,0,0,0,0,0,0,0,0,0,35389916,35426755,35640,35669,120,0,0,0,0,0,0,0,0
1778082437.6340594,g5.hpc.coe,40875,0.5001,0,100.0,2035.0,12288.0,122861891971,123920209867,125040687,126634492,2300786,0,0,0,0,0,0,0,0,0,0,0,0,34699809,34736790,34881,34935,44,0,0,0,0,0,0,0,0
1778082438.1341586,g5.hpc.coe,40875,0.5001,0,100.0,2035.0,12288.0,122902841733,123961203944,125081808,126675662,2300929,0,0,0,0,0,0,0,0,0,0,0,0,40949762,40994077,41121,41170,143,0,0,0,0,0,0,0,0
1778082438.6342556,g5.hpc.coe,40875,0.5001,0,100.0,2035.0,12288.0,122938231691,123996630708,125117440,126711337,2300978,0,0,0,0,0,0,0,0,0,0,0,0,35389958,35426764,35632,35675,49,0,0,0,0,0,0,0,0
1778082439.1343489,g5.hpc.coe,40875,0.5001,0,100.0,2035.0,12288.0,122979181543,124037624792,125158560,126752508,2301029,0,0,0,0,0,0,0,0,0,0,0,0,40949852,40994084,41120,41171,51,0,0,0,0,0,0,0,0
1778082439.634444,g5.hpc.coe,40875,0.5001,0,100.0,2035.0,12288.0,123014571654,124073051591,125194200,126788188,2303231,0,0,0,0,0,0,0,0,0,0,0,0,35390111,35426799,35640,35680,2202,0,0,0,0,0,0,0,0
1778082440.1345441,g5.hpc.coe,40875,0.5001,0,100.0,2035.0,12288.0,123049271783,124107788353,125229092,126823119,2303526,0,0,0,0,0,0,0,0,0,0,0,0,34700129,34736762,34892,34931,295,0,0,0,0,0,0,0,0
1778082440.6346436,g5.hpc.coe,40875,0.5001,0,100.0,2035.0,12288.0,123090221767,124148782451,125270210,126864292,2303695,0,0,0,0,0,0,0,0,0,0,0,0,40949984,40994098,41118,41173,169,0,0,0,0,0,0,0,0
1778082441.1347413,g5.hpc.coe,40875,0.5001,0,100.0,2035.0,12288.0,123125611982,124184209201,125305844,126899965,2303737,0,0,0,0,0,0,0,0,0,0,0,0,35390215,35426750,35634,35673,42,0,0,0,0,0,0,0,0
1778082441.6348405,g5.hpc.coe,40875,0.5001,0,100.0,2035.0,12288.0,123166562063,124225203257,125346962,126941132,2306229,0,0,0,0,0,0,0,0,0,0,0,0,40950081,40994056,41118,41167,2492,0,0,0,0,0,0,0,0
1778082442.1349363,g5.hpc.coe,40875,0.5001,0,100.0,2035.0,12288.0,123201953068,124260630482,125382621,126976817,2306810,0,0,0,0,0,0,0,0,0,0,0,0,35391005,35427225,35659,35685,581,0,0,0,0,0,0,0,0
1778082442.6350336,g5.hpc.coe,40875,0.5001,0,100.0,2035.0,12288.0,123236653489,124295367306,125417513,127011750,2307917,0,0,0,0,0,0,0,0,0,0,0,0,34700421,34736824,34892,34933,1107,0,0,0,0,0,0,0,0
1778082443.135129,g5.hpc.coe,40875,0.5001,0,100.0,2035.0,12288.0,123277603732,124336361348,125458631,127052915,2308031,0,0,0,0,0,0,0,0,0,0,0,0,40950243,40994042,41118,41165,114,0,0,0,0,0,0,0,0
1778082443.6352243,g5.hpc.coe,40875,0.5001,0,100.0,2035.0,12288.0,123312994206,124371788035,125494265,127088579,2311443,0,0,0,0,0,0,0,0,0,0,0,0,35390474,35426687,35634,35664,3412,0,0,0,0,0,0,0,0
1778082444.135324,g5.hpc.coe,40875,0.5001,0,100.0,2035.0,12288.0,123353943479,124412782104,125535381,127129750,2311591,0,0,0,0,0,0,0,0,0,0,0,0,40949273,40994069,41116,41171,148,0,0,0,0,0,0,0,0
1778082444.6354213,g5.hpc.coe,40875,0.5001,0,100.0,2035.0,12288.0,123389332982,124448208846,125571013,127165424,2312422,0,0,0,0,0,0,0,0,0,0,0,0,35389503,35426742,35632,35674,831,0,0,0,0,0,0,0,0
1778082445.1355197,g5.hpc.coe,40875,0.5001,0,100.0,2035.0,12288.0,123426738918,124486088590,125609067,127203800,2312465,0,0,0,0,0,0,0,0,0,0,0,0,37405936,37879744,38054,38376,43,0,0,0,0,0,0,0,0
1778082445.6356182,g5.hpc.coe,40875,0.5001,0,100.0,2035.0,12288.0,123465671973,124524629552,125647764,127242254,2313694,0,0,0,0,0,0,0,0,0,0,0,0,38933055,38540962,38697,38454,1229,0,0,0,0,0,0,0,0
1778082446.1357179,g5.hpc.coe,40875,0.5001,0,100.0,2035.0,12288.0,123500371655,124559366299,125682657,127277185,2314086,0,0,0,0,0,0,0,0,0,0,0,0,34699682,34736747,34893,34931,392,0,0,0,0,0,0,0,0
1778082446.6358151,g5.hpc.coe,40875,0.5001,0,100.0,2035.0,12288.0,123541321206,124600360354,125723778,127318354,2314227,0,0,0,0,0,0,0,0,0,0,0,0,40949551,40994055,41121,41169,141,0,0,0,0,0,0,0,0
1778082447.1359122,g5.hpc.coe,40875,0.5001,0,100.0,2035.0,12288.0,123576711023,124635787117,125759420,127354031,2314373,0,0,0,0,0,0,0,0,0,0,0,0,35389817,35426763,35642,35677,146,0,0,0,0,0,0,0,0
1778082447.636012,g5.hpc.coe,40875,0.5001,0,100.0,2035.0,12288.0,123615065073,124674743671,125798411,127393238,2314417,0,0,0,0,0,0,0,0,0,0,0,0,38354050,38956554,38991,39207,44,0,0,0,0,0,0,0,0
1778082448.136109,g5.hpc.coe,40875,0.5001,0,100.0,2035.0,12288.0,123653050573,124712207998,125836170,127430877,2316745,0,0,0,0,0,0,0,0,0,0,0,0,37985500,37464327,37759,37639,2328,0,0,0,0,0,0,0,0
1778082448.636204,g5.hpc.coe,40875,0.5001,0,100.0,2035.0,12288.0,123687750472,124746944774,125871057,127465810,2316787,0,0,0,0,0,0,0,0,0,0,0,0,34699899,34736776,34887,34933,42,0,0,0,0,0,0,0,0
1778082449.1362998,g5.hpc.coe,40875,0.5001,0,100.0,2035.0,12288.0,123728700225,124787938914,125912170,127506989,2317574,0,0,0,0,0,0,0,0,0,0,0,0,40949753,40994140,41113,41179,787,0,0,0,0,0,0,0,0
1778082449.636396,g5.hpc.coe,40875,0.5001,0,100.0,2035.0,12288.0,123764090258,124823365692,125947806,127542666,2317611,0,0,0,0,0,0,0,0,0,0,0,0,35390033,35426778,35636,35677,37,0,0,0,0,0,0,0,0
1778082450.1364908,g5.hpc.coe,40875,0.5001,0,100.0,2035.0,12288.0,123805040171,124864359706,125988928,127583827,2318200,0,0,0,0,0,0,0,0,0,0,0,0,40949913,40994014,41122,41161,589,0,0,0,0,0,0,0,0
1778082450.6365874,g5.hpc.coe,40875,0.5001,0,100.0,2035.0,12288.0,123840430301,124899786477,126024564,127619503,2323124,0,0,0,0,0,0,0,0,0,0,0,0,35390130,35426771,35636,35676,4924,0,0,0,0,0,0,0,0
1778082451.136684,g5.hpc.coe,40875,0.5001,0,100.0,2035.0,12288.0,123875130527,124934523253,126059463,127654436,2323170,0,0,0,0,0,0,0,0,0,0,0,0,34700226,34736776,34899,34933,46,0,0,0,0,0,0,0,0
1778082451.6367798,g5.hpc.coe,40875,0.5001,0,100.0,2035.0,12288.0,123916080649,124975517302,126100594,127695602,2324054,0,0,0,0,0,0,0,0,0,0,0,0,40950122,40994049,41131,41166,884,0,0,0,0,0,0,0,0
1778082452.136876,g5.hpc.coe,40875,0.5001,0,100.0,2035.0,12288.0,123951470932,125010944052,126136231,127731275,2324096,0,0,0,0,0,0,0,0,0,0,0,0,35390283,35426750,35637,35673,42,0,0,0,0,0,0,0,0
1778082452.6369722,g5.hpc.coe,40875,0.5001,0,100.0,2035.0,12288.0,123992421130,125051938121,126177350,127772437,2324126,0,0,0,0,0,0,0,0,0,0,0,0,40950198,40994069,41119,41162,30,0,0,0,0,0,0,0,0
1778082453.1370711,g5.hpc.coe,40875,0.5001,0,100.0,2035.0,12288.0,124027811523,125087364878,126212989,127808111,2326789,0,0,0,0,0,0,0,0,0,0,0,0,35390393,35426757,35639,35674,2663,0,0,0,0,0,0,0,0
1778082453.6371682,g5.hpc.coe,40875,0.5001,0,100.0,2035.0,12288.0,124062511978,125122101584,126247884,127843034,2326821,0,0,0,0,0,0,0,0,0,0,0,0,34700455,34736706,34895,34923,32,0,0,0,0,0,0,0,0
1778082454.1372645,g5.hpc.coe,40875,0.5001,0,100.0,2035.0,12288.0,124103462232,125163095696,126288997,127884209,2328616,0,0,0,0,0,0,0,0,0,0,0,0,40950254,40994112,41113,41175,1795,0,0,0,0,0,0,0,0
1778082454.637362,g5.hpc.coe,40875,0.5001,0,100.0,2035.0,12288.0,124138851796,125198522473,126324645,127919888,2328661,0,0,0,0,0,0,0,0,0,0,0,0,35389564,35426777,35648,35679,45,0,0,0,0,0,0,0,0
1778082455.1374578,g5.hpc.coe,40875,0.5001,0,100.0,2035.0,12288.0,124179801135,125239516521,126365764,127961056,2329481,0,0,0,0,0,0,0,0,0,0,0,0,40949339,40994048,41119,41168,820,0,0,0,0,0,0,0,0
1778082455.6375496,g5.hpc.coe,40875,0.5001,0,100.0,2035.0,12288.0,124215190719,125274943263,126401401,127996730,2330757,0,0,0,0,0,0,0,0,0,0,0,0,35389584,35426742,35637,35674,1276,0,0,0,0,0,0,0,0
1778082456.1376474,g5.hpc.coe,40875,0.5001,0,100.0,2035.0,12288.0,124249890308,125309680003,126436288,128031660,2330948,0,0,0,0,0,0,0,0,0,0,0,0,34699589,34736740,34887,34930,191,0,0,0,0,0,0,0,0
1778082456.6377437,g5.hpc.coe,40875,0.5001,0,100.0,2035.0,12288.0,124290839822,125350673995,126477411,128072820,2332791,0,0,0,0,0,0,0,0,0,0,0,0,40949514,40993992,41123,41160,1843,0,0,0,0,0,0,0,0
1778082457.137838,g5.hpc.coe,40875,0.5001,0,100.0,2035.0,12288.0,124326230141,125386101233,126513058,128108509,2332842,0,0,0,0,0,0,0,0,0,0,0,0,35390319,35427238,35647,35689,51,0,0,0,0,0,0,0,0
1778082457.6379347,g5.hpc.coe,40875,0.5001,0,100.0,2035.0,12288.0,124367179829,125427095294,126554183,128149672,2333553,0,0,0,0,0,0,0,0,0,0,0,0,40949688,40994061,41125,41163,711,0,0,0,0,0,0,0,0
1778082458.1380322,g5.hpc.coe,40875,0.5001,0,100.0,2035.0,12288.0,124402569587,125462522043,126589810,128185347,2334093,0,0,0,0,0,0,0,0,0,0,0,0,35389758,35426749,35627,35675,540,0,0,0,0,0,0,0,0
1778082458.638129,g5.hpc.coe,40875,0.5001,0,100.0,2035.0,12288.0,124437269378,125497258770,126624689,128220273,2334131,0,0,0,0,0,0,0,0,0,0,0,0,34699791,34736727,34879,34926,38,0,0,0,0,0,0,0,0
1778082459.1382275,g5.hpc.coe,40875,0.5001,0,100.0,2035.0,12288.0,124478219192,125538252805,126665818,128261437,2336697,0,0,0,0,0,0,0,0,0,0,0,0,40949814,40994035,41129,41164,2566,0,0,0,0,0,0,0,0
1778082459.6383228,g5.hpc.coe,40875,0.5001,0,100.0,2035.0,12288.0,124513609230,125573679597,126701462,128297116,2337218,0,0,0,0,0,0,0,0,0,0,0,0,35390038,35426792,35644,35679,521,0,0,0,0,0,0,0,0
1778082460.1384165,g5.hpc.coe,40875,0.5001,0,100.0,2035.0,12288.0,124554559092,125614673653,126742584,128338283,2337472,0,0,0,0,0,0,0,0,0,0,0,0,40949862,40994056,41122,41167,254,0,0,0,0,0,0,0,0
1778082460.6385143,g5.hpc.coe,40875,0.5001,0,100.0,2035.0,12288.0,124589949178,125650100403,126778221,128373956,2338127,0,0,0,0,0,0,0,0,0,0,0,0,35390086,35426750,35637,35673,655,0,0,0,0,0,0,0,0
1778082461.1386068,g5.hpc.coe,40875,0.5001,0,100.0,2035.0,12288.0,124624649241,125684971024,126813350,128409348,2338221,0,0,0,0,0,0,0,0,0,0,0,0,34700063,34870621,35129,35392,94,0,0,0,0,0,0,0,0
1778082461.6387036,g5.hpc.coe,40875,0.5001,0,100.0,2035.0,12288.0,124665599256,125725831165,126854275,128450214,2340986,0,0,0,0,0,0,0,0,0,0,0,0,40950015,40860141,40925,40866,2765,0,0,0,0,0,0,0,0
1778082462.1387994,g5.hpc.coe,40875,0.5001,0,100.0,2035.0,12288.0,124700989432,125761257978,126889856,128485728,2341014,0,0,0,0,0,0,0,0,0,0,0,0,35390176,35426813,35581,35514,28,0,0,0,0,0,0,0,0
1778082462.6388965,g5.hpc.coe,40875,0.5001,0,100.0,2035.0,12288.0,124741939524,125802252020,126930976,128526893,2341932,0,0,0,0,0,0,0,0,0,0,0,0,40950092,40994042,41120,41165,918,0,0,0,0,0,0,0,0
1778082463.1389902,g5.hpc.coe,40875,0.5001,0,100.0,2035.0,12288.0,124777329840,125837678756,126966611,128562564,2342384,0,0,0,0,0,0,0,0,0,0,0,0,35390316,35426736,35635,35671,452,0,0,0,0,0,0,0,0
1778082463.639088,g5.hpc.coe,40875,0.5001,0,100.0,2035.0,12288.0,124815042550,125875976390,127004969,128601357,2342555,0,0,0,0,0,0,0,0,0,0,0,0,37712710,38297634,38358,38793,171,0,0,0,0,0,0,0,0
1778082464.139186,g5.hpc.coe,40875,0.5001,0,100.0,2035.0,12288.0,124853670506,125914099639,127043373,128639415,2344761,0,0,0,0,0,0,0,0,0,0,0,0,38627956,38123249,38404,38058,2206,0,0,0,0,0,0,0,0
1778082464.639284,g5.hpc.coe,40875,0.5001,0,100.0,2035.0,12288.0,124888370981,125948836380,127078264,128674343,2344796,0,0,0,0,0,0,0,0,0,0,0,0,34700475,34736741,34891,34928,35,0,0,0,0,0,0,0,0
1778082465.13938,g5.hpc.coe,40875,0.5001,0,100.0,2035.0,12288.0,124929320305,125989830414,127119388,128715509,2345186,0,0,0,0,0,0,0,0,0,0,0,0,40949324,40994034,41124,41166,390,0,0,0,0,0,0,0,0
1778082465.6394758,g5.hpc.coe,40875,0.5001,0,100.0,2035.0,12288.0,124964709838,126025257114,127155025,128751177,2345751,0,0,0,0,0,0,0,0,0,0,0,0,35389533,35426700,35637,35668,565,0,0,0,0,0,0,0,0
1778082466.1395755,g5.hpc.coe,40875,0.5001,0,100.0,2035.0,12288.0,125005659266,126066251127,127196150,128792340,2345803,0,0,0,0,0,0,0,0,0,0,0,0,40949428,40994013,41125,41163,52,0,0,0,0,0,0,0,0
1778082466.639674,g5.hpc.coe,40875,0.5001,0,100.0,2035.0,12288.0,125041048952,126101677855,127231795,128828012,2347038,0,0,0,0,0,0,0,0,0,0,0,0,35389686,35426728,35645,35672,1235,0,0,0,0,0,0,0,0
1778082467.139773,g5.hpc.coe,40875,0.5001,0,100.0,2035.0,12288.0,125075748573,126136414630,127266680,128862947,2347073,0,0,0,0,0,0,0,0,0,0,0,0,34699621,34736775,34885,34935,35,0,0,0,0,0,0,0,0
1778082467.6398752,g5.hpc.coe,40875,0.5001,0,100.0,2035.0,12288.0,125116698160,126177408650,127307811,128904287,2348942,0,0,0,0,0,0,0,0,0,0,0,0,40949587,40994020,41131,41340,1869,0,0,0,0,0,0,0,0
1778082468.1399713,g5.hpc.coe,40875,0.5001,0,100.0,2035.0,12288.0,125152088034,126212835468,127343449,128939789,2349633,0,0,0,0,0,0,0,0,0,0,0,0,35389874,35426818,35638,35502,691,0,0,0,0,0,0,0,0
1778082468.6400704,g5.hpc.coe,40875,0.5001,0,100.0,2035.0,12288.0,125193037691,126253829488,127384572,128980953,2349683,0,0,0,0,0,0,0,0,0,0,0,0,40949657,40994020,41123,41164,50,0,0,0,0,0,0,0,0
1778082469.1401687,g5.hpc.coe,40875,0.5001,0,100.0,2035.0,12288.0,125228427816,126289256500,127420211,129016632,2351166,0,0,0,0,0,0,0,0,0,0,0,0,35390125,35427012,35639,35679,1483,0,0,0,0,0,0,0,0
1778082469.6402655,g5.hpc.coe,40875,0.5001,0,100.0,2035.0,12288.0,125263127746,126323993234,127455101,129051559,2351208,0,0,0,0,0,0,0,0,0,0,0,0,34699930,34736734,34890,34927,42,0,0,0,0,0,0,0,0
1778082470.1403642,g5.hpc.coe,40875,0.5001,0,100.0,2035.0,12288.0,125304077557,126364987269,127496223,129092723,2352953,0,0,0,0,0,0,0,0,0,0,0,0,40949811,40994035,41122,41164,1745,0,0,0,0,0,0,0,0
1778082470.6404667,g5.hpc.coe,40875,0.5001,0,100.0,2035.0,12288.0,125339467529,126400414068,127531851,129128403,2352990,0,0,0,0,0,0,0,0,0,0,0,0,35389972,35426799,35628,35680,37,0,0,0,0,0,0,0,0
1778082471.1405637,g5.hpc.coe,40875,0.5001,0,100.0,2035.0,12288.0,125380417459,126441408103,127572976,129169567,2354388,0,0,0,0,0,0,0,0,0,0,0,0,40949930,40994035,41125,41164,1398,0,0,0,0,0,0,0,0
1778082471.640661,g5.hpc.coe,40875,0.5001,0,100.0,2035.0,12288.0,125415807613,126476834846,127608616,129205239,2359412,0,0,0,0,0,0,0,0,0,0,0,0,35390154,35426743,35640,35672,5024,0,0,0,0,0,0,0,0
1778082472.140755,g5.hpc.coe,40875,0.5001,0,100.0,2035.0,12288.0,125453708225,126514989289,127647170,129243890,2359450,0,0,0,0,0,0,0,0,0,0,0,0,37900612,38154443,38554,38651,38,0,0,0,0,0,0,0,0
1778082472.6408515,g5.hpc.coe,40875,0.5001,0,100.0,2035.0,12288.0,125491458428,126552566027,127684640,129281333,2359705,0,0,0,0,0,0,0,0,0,0,0,0,37750203,37576738,37470,37443,255,0,0,0,0,0,0,0,0
1778082473.1409478,g5.hpc.coe,40875,0.5001,0,100.0,2035.0,12288.0,125526848776,126587992846,127720278,129317009,2359746,0,0,0,0,0,0,0,0,0,0,0,0,35390348,35426819,35638,35676,41,0,0,0,0,0,0,0,0
1778082473.6410468,g5.hpc.coe,40875,0.5001,0,100.0,2035.0,12288.0,125567798872,126628986916,127761392,129358178,2360103,0,0,0,0,0,0,0,0,0,0,0,0,40950096,40994070,41114,41169,357,0,0,0,0,0,0,0,0
1778082474.1411438,g5.hpc.coe,40875,0.5001,0,100.0,2035.0,12288.0,125603189227,126664413652,127797026,129393849,2361785,0,0,0,0,0,0,0,0,0,0,0,0,35390355,35426736,35634,35671,1682,0,0,0,0,0,0,0,0
1778082474.641242,g5.hpc.coe,40875,0.5001,0,100.0,2035.0,12288.0,125644139513,126705407680,127838151,129435012,2361835,0,0,0,0,0,0,0,0,0,0,0,0,40950286,40994028,41125,41163,50,0,0,0,0,0,0,0,0
1778082475.141341,g5.hpc.coe,40875,0.5001,0,100.0,2035.0,12288.0,125678839950,126740144400,127873037,129469937,2363254,0,0,0,0,0,0,0,0,0,0,0,0,34700437,34736720,34886,34925,1419,0,0,0,0,0,0,0,0
1778082475.6414356,g5.hpc.coe,40875,0.5001,0,100.0,2035.0,12288.0,125714229391,126775571100,127908668,129505605,2363686,0,0,0,0,0,0,0,0,0,0,0,0,35389441,35426700,35631,35668,432,0,0,0,0,0,0,0,0
1778082476.1415336,g5.hpc.coe,40875,0.5001,0,100.0,2035.0,12288.0,125755178775,126816565099,127949794,129546766,2363736,0,0,0,0,0,0,0,0,0,0,0,0,40949384,40993999,41126,41161,50,0,0,0,0,0,0,0,0
1778082476.6416297,g5.hpc.coe,40875,0.5001,0,100.0,2035.0,12288.0,125790568376,126851991834,127985434,129582439,2365498,0,0,0,0,0,0,0,0,0,0,0,0,35389601,35426735,35640,35673,1762,0,0,0,0,0,0,0,0
1778082477.1417263,g5.hpc.coe,40875,0.5001,0,100.0,2035.0,12288.0,125825828354,126887286210,128021332,129618242,2365646,0,0,0,0,0,0,0,0,0,0,0,0,35259978,35294376,35898,35803,148,0,0,0,0,0,0,0,0
1778082477.6418197,g5.hpc.coe,40875,0.5001,0,100.0,2035.0,12288.0,125866907529,126928412554,128062196,129659271,2366362,0,0,0,0,0,0,0,0,0,0,0,0,41079175,41126344,40864,41029,716,0,0,0,0,0,0,0,0
1778082478.1419175,g5.hpc.coe,40875,0.5001,0,100.0,2035.0,12288.0,125901607260,126963149370,128097081,129694205,2366424,0,0,0,0,0,0,0,0,0,0,0,0,34699731,34736816,34885,34934,62,0,0,0,0,0,0,0,0
1778082478.642014,g5.hpc.coe,40875,0.5001,0,100.0,2035.0,12288.0,125942556818,127004143327,128138197,129735360,2368562,0,0,0,0,0,0,0,0,0,0,0,0,40949558,40993957,41116,41155,2138,0,0,0,0,0,0,0,0
1778082479.1421108,g5.hpc.coe,40875,0.5001,0,100.0,2035.0,12288.0,125977946663,127039570076,128173837,129771035,2369848,0,0,0,0,0,0,0,0,0,0,0,0,35389845,35426749,35640,35675,1286,0,0,0,0,0,0,0,0
1778082479.6422095,g5.hpc.coe,40875,0.5001,0,100.0,2035.0,12288.0,126013415040,127075576948,128209955,129807827,2369889,0,0,0,0,0,0,0,0,0,0,0,0,35468377,36006872,36118,36792,41,0,0,0,0,0,0,0,0
1778082480.1423059,g5.hpc.coe,40875,0.5001,0,100.0,2035.0,12288.0,126053682860,127115474039,128250113,129847592,2371452,0,0,0,0,0,0,0,0,0,0,0,0,40267820,39897091,40158,39765,1563,0,0,0,0,0,0,0,0
1778082480.642399,g5.hpc.coe,40875,0.5001,0,100.0,2035.0,12288.0,126088986253,127150727637,128285483,129882805,2371563,0,0,0,0,0,0,0,0,0,0,0,0,35303393,35253598,35370,35213,111,0,0,0,0,0,0,0,0
1778082481.142496,g5.hpc.coe,40875,0.5001,0,100.0,2035.0,12288.0,126129936091,127191721672,128326602,129923969,2372472,0,0,0,0,0,0,0,0,0,0,0,0,40949838,40994035,41119,41164,909,0,0,0,0,0,0,0,0
1778082481.642592,g5.hpc.coe,40875,0.5001,0,100.0,2035.0,12288.0,126165326173,127227148415,128362239,129959641,2373451,0,0,0,0,0,0,0,0,0,0,0,0,35390082,35426743,35637,35672,979,0,0,0,0,0,0,0,0
1778082482.1426876,g5.hpc.coe,40875,0.5001,0,100.0,2035.0,12288.0,126203845315,127266059724,128401303,129999147,2373483,0,0,0,0,0,0,0,0,0,0,0,0,38519142,38911309,39064,39506,32,0,0,0,0,0,0,0,0
1778082482.6427836,g5.hpc.coe,40875,0.5001,0,100.0,2035.0,12288.0,126241666322,127303569172,128439000,130036474,2374130,0,0,0,0,0,0,0,0,0,0,0,0,37821007,37509448,37697,37327,647,0,0,0,0,0,0,0,0
1778082483.1428776,g5.hpc.coe,40875,0.5001,0,100.0,2035.0,12288.0,126276366638,127338305968,128473899,130071403,2374172,0,0,0,0,0,0,0,0,0,0,0,0,34700316,34736796,34899,34929,42,0,0,0,0,0,0,0,0
1778082483.642974,g5.hpc.coe,40875,0.5001,0,100.0,2035.0,12288.0,126317316740,127379300024,128515019,130112570,2375529,0,0,0,0,0,0,0,0,0,0,0,0,40950102,40994056,41120,41167,1357,0,0,0,0,0,0,0,0
1778082484.1430702,g5.hpc.coe,40875,0.5001,0,100.0,2035.0,12288.0,126352707030,127414726795,128550651,130148246,2375977,0,0,0,0,0,0,0,0,0,0,0,0,35390290,35426771,35632,35676,448,0,0,0,0,0,0,0,0
1778082484.64317,g5.hpc.coe,40875,0.5001,0,100.0,2035.0,12288.0,126393378720,127455713033,128591766,130189396,2376022,0,0,0,0,0,0,0,0,0,0,0,0,40671690,40986238,41115,41150,45,0,0,0,0,0,0,0,0
1778082485.1432695,g5.hpc.coe,40875,0.5001,0,100.0,2035.0,12288.0,126429047666,127491147601,128627410,130225086,2379556,0,0,0,0,0,0,0,0,0,0,0,0,35668946,35434568,35644,35690,3534,0,0,0,0,0,0,0,0
1778082485.6433685,g5.hpc.coe,40875,0.5001,0,100.0,2035.0,12288.0,126463748115,127525884335,128662298,130260013,2380072,0,0,0,0,0,0,0,0,0,0,0,0,34700449,34736734,34888,34927,516,0,0,0,0,0,0,0,0
1778082486.1434674,g5.hpc.coe,40875,0.5001,0,100.0,2035.0,12288.0,126504697365,127566878369,128703412,130301179,2381979,0,0,0,0,0,0,0,0,0,0,0,0,40949250,40994034,41114,41166,1907,0,0,0,0,0,0,0,0
1778082486.6435645,g5.hpc.coe,40875,0.5001,0,100.0,2035.0,12288.0,126540086895,127602305062,128739049,130336846,2384489,0,0,0,0,0,0,0,0,0,0,0,0,35389530,35426693,35637,35667,2510,0,0,0,0,0,0,0,0
1778082487.1436672,g5.hpc.coe,40875,0.5001,0,100.0,2035.0,12288.0,126581037020,127643299494,128780200,130378013,2384621,0,0,0,0,0,0,0,0,0,0,0,0,40950125,40994432,41151,41167,132,0,0,0,0,0,0,0,0
1778082487.6437633,g5.hpc.coe,40875,0.5001,0,100.0,2035.0,12288.0,126616426689,127678726278,128815843,130413693,2385879,0,0,0,0,0,0,0,0,0,0,0,0,35389669,35426784,35643,35680,1258,0,0,0,0,0,0,0,0
1778082488.1438618,g5.hpc.coe,40875,0.5001,0,100.0,2035.0,12288.0,126651126363,127713462983,128850736,130448618,2385925,0,0,0,0,0,0,0,0,0,0,0,0,34699674,34736705,34893,34925,46,0,0,0,0,0,0,0,0
1778082488.6439583,g5.hpc.coe,40875,0.5001,0,100.0,2035.0,12288.0,126692075983,127754457065,128891859,130489784,2386537,0,0,0,0,0,0,0,0,0,0,0,0,40949620,40994082,41123,41166,612,0,0,0,0,0,0,0,0
1778082489.144055,g5.hpc.coe,40875,0.5001,0,100.0,2035.0,12288.0,126727465687,127789883793,128927486,130525456,2386585,0,0,0,0,0,0,0,0,0,0,0,0,35389704,35426728,35627,35672,48,0,0,0,0,0,0,0,0
1778082489.6441503,g5.hpc.coe,40875,0.5001,0,100.0,2035.0,12288.0,126768415299,127830877834,128968603,130566623,2386633,0,0,0,0,0,0,0,0,0,0,0,0,40949612,40994041,41117,41167,48,0,0,0,0,0,0,0,0
1778082490.1442468,g5.hpc.coe,40875,0.5001,0,100.0,2035.0,12288.0,126803805155,127866304611,129004238,130602302,2388020,0,0,0,0,0,0,0,0,0,0,0,0,35389856,35426777,35635,35679,1387,0,0,0,0,0,0,0,0
1778082490.6443465,g5.hpc.coe,40875,0.5001,0,100.0,2035.0,12288.0,126838505045,127901041366,129039125,130637232,2388070,0,0,0,0,0,0,0,0,0,0,0,0,34699890,34736755,34887,34930,50,0,0,0,0,0,0,0,0
1778082491.1444466,g5.hpc.coe,40875,0.5001,0,100.0,2035.0,12288.0,126879454881,127942035408,129080251,130678397,2388135,0,0,0,0,0,0,0,0,0,0,0,0,40949836,40994042,41126,41165,65,0,0,0,0,0,0,0,0
1778082491.6445417,g5.hpc.coe,40875,0.5001,0,100.0,2035.0,12288.0,126914844905,127977462172,129115887,130714072,2390656,0,0,0,0,0,0,0,0,0,0,0,0,35390024,35426764,35636,35675,2521,0,0,0,0,0,0,0,0
1778082492.144647,g5.hpc.coe,40875,0.5001,0,100.0,2035.0,12288.0,126955794824,128018456200,129157011,130755235,2390710,0,0,0,0,0,0,0,0,0,0,0,0,40949919,40994028,41124,41163,54,0,0,0,0,0,0,0,0
1778082492.644744,g5.hpc.coe,40875,0.5001,0,100.0,2035.0,12288.0,126991184946,128053882943,129192647,130790907,2392971,0,0,0,0,0,0,0,0,0,0,0,0,35390122,35426743,35636,35672,2261,0,0,0,0,0,0,0,0
1778082493.1448414,g5.hpc.coe,40875,0.5001,0,100.0,2035.0,12288.0,127025885107,128088619656,129227538,130825831,2393009,0,0,0,0,0,0,0,0,0,0,0,0,34700161,34736713,34891,34924,38,0,0,0,0,0,0,0,0
1778082493.6449404,g5.hpc.coe,40875,0.5001,0,100.0,2035.0,12288.0,127066835207,128129613781,129268658,130867001,2394760,0,0,0,0,0,0,0,0,0,0,0,0,40950100,40994125,41120,41170,1751,0,0,0,0,0,0,0,0
1778082494.1450374,g5.hpc.coe,40875,0.5001,0,100.0,2035.0,12288.0,127102225475,128165040496,129304294,130902669,2394802,0,0,0,0,0,0,0,0,0,0,0,0,35390268,35426715,35636,35668,42,0,0,0,0,0,0,0,0
1778082494.645131,g5.hpc.coe,40875,0.5001,0,100.0,2035.0,12288.0,127143175651,128206034573,129345420,130943839,2395516,0,0,0,0,0,0,0,0,0,0,0,0,40950176,40994077,41126,41170,714,0,0,0,0,0,0,0,0
1778082495.1452277,g5.hpc.coe,40875,0.5001,0,100.0,2035.0,12288.0,127178566023,128241461414,129381057,130979525,2397526,0,0,0,0,0,0,0,0,0,0,0,0,35390372,35426841,35637,35686,2010,0,0,0,0,0,0,0,0
1778082495.6453264,g5.hpc.coe,40875,0.5001,0,100.0,2035.0,12288.0,127213266429,128276198176,129415946,131014456,2397561,0,0,0,0,0,0,0,0,0,0,0,0,34700406,34736762,34889,34931,35,0,0,0,0,0,0,0,0
1778082496.1454263,g5.hpc.coe,40875,0.5001,0,100.0,2035.0,12288.0,127254433188,128317576753,129457664,131056359,2399117,0,0,0,0,0,0,0,0,0,0,0,0,41166759,41378577,41718,41903,1556,0,0,0,0,0,0,0,0
1778082496.6455429,g5.hpc.coe,40875,0.5001,0,100.0,2035.0,12288.0,127289606189,128352618981,129492701,131091298,2399163,0,0,0,0,0,0,0,0,0,0,0,0,35173001,35042228,35037,34939,46,0,0,0,0,0,0,0,0
1778082497.1456385,g5.hpc.coe,40875,0.5001,0,100.0,2035.0,12288.0,127330555591,128393612994,129533830,131132461,2399452,0,0,0,0,0,0,0,0,0,0,0,0,40949402,40994013,41129,41163,289,0,0,0,0,0,0,0,0
1778082497.6457345,g5.hpc.coe,40875,0.5001,0,100.0,2035.0,12288.0,127365945217,128429039764,129569474,131168139,2400148,0,0,0,0,0,0,0,0,0,0,0,0,35389626,35426770,35644,35678,696,0,0,0,0,0,0,0,0
1778082498.1458337,g5.hpc.coe,40875,0.5001,0,100.0,2035.0,12288.0,127406894723,128470033875,129610604,131209316,2400193,0,0,0,0,0,0,0,0,0,0,0,0,40949506,40994111,41130,41177,45,0,0,0,0,0,0,0,0
1778082498.6459305,g5.hpc.coe,40875,0.5001,0,100.0,2035.0,12288.0,127441594465,128504770656,129645498,131244245,2401329,0,0,0,0,0,0,0,0,0,0,0,0,34699742,34736781,34894,34929,1136,0,0,0,0,0,0,0,0
1778082499.1460257,g5.hpc.coe,40875,0.5001,0,100.0,2035.0,12288.0,127476984202,128540197440,129681137,131279925,2401366,0,0,0,0,0,0,0,0,0,0,0,0,35389737,35426784,35639,35680,37,0,0,0,0,0,0,0,0
1778082499.6461196,g5.hpc.coe,40875,0.5001,0,100.0,2035.0,12288.0,127517933749,128581191439,129722252,131321086,2402703,0,0,0,0,0,0,0,0,0,0,0,0,40949547,40993999,41115,41161,1337,0,0,0,0,0,0,0,0
1778082500.1462193,g5.hpc.coe,40875,0.5001,0,100.0,2035.0,12288.0,127553323576,128616618216,129757890,131356765,2402749,0,0,0,0,0,0,0,0,0,0,0,0,35389827,35426777,35638,35679,46,0,0,0,0,0,0,0,0
1778082500.6463158,g5.hpc.coe,40875,0.5001,0,100.0,2035.0,12288.0,127591010076,128655074939,129796208,131395702,2403051,0,0,0,0,0,0,0,0,0,0,0,0,37686500,38456723,38318,38937,302,0,0,0,0,0,0,0,0
1778082501.1464124,g5.hpc.coe,40875,0.5001,0,100.0,2035.0,12288.0,127629663238,128693038993,129834654,131433603,2404066,0,0,0,0,0,0,0,0,0,0,0,0,38653162,37964054,38446,37901,1015,0,0,0,0,0,0,0,0
1778082501.646512,g5.hpc.coe,40875,0.5001,0,100.0,2035.0,12288.0,127664363239,128727775755,129869550,131468534,2412755,0,0,0,0,0,0,0,0,0,0,0,0,34700001,34736762,34896,34931,8689,0,0,0,0,0,0,0,0
1778082502.1466093,g5.hpc.coe,40875,0.5001,0,100.0,2035.0,12288.0,127705313703,128768770272,129910685,131509711,2412809,0,0,0,0,0,0,0,0,0,0,0,0,40950464,40994517,41135,41177,54,0,0,0,0,0,0,0,0
1778082502.6467059,g5.hpc.coe,40875,0.5001,0,100.0,2035.0,12288.0,127740703796,128804197008,129946324,131545382,2413196,0,0,0,0,0,0,0,0,0,0,0,0,35390093,35426736,35639,35671,387,0,0,0,0,0,0,0,0
1778082503.1468053,g5.hpc.coe,40875,0.5001,0,100.0,2035.0,12288.0,127780924664,128844983766,129987140,131586515,2413241,0,0,0,0,0,0,0,0,0,0,0,0,40220868,40786758,40816,41133,45,0,0,0,0,0,0,0,0
1778082503.6469038,g5.hpc.coe,40875,0.5001,0,100.0,2035.0,12288.0,127817043974,128880617855,130023081,131622221,2414803,0,0,0,0,0,0,0,0,0,0,0,0,36119310,35634089,35941,35706,1562,0,0,0,0,0,0,0,0
1778082504.1469977,g5.hpc.coe,40875,0.5001,0,100.0,2035.0,12288.0,127851744155,128915354610,130057968,131657151,2414911,0,0,0,0,0,0,0,0,0,0,0,0,34700181,34736755,34887,34930,108,0,0,0,0,0,0,0,0
1778082504.6470947,g5.hpc.coe,40875,0.5001,0,100.0,2035.0,12288.0,127892694219,128956348659,130099085,131698317,2416630,0,0,0,0,0,0,0,0,0,0,0,0,40950064,40994049,41117,41166,1719,0,0,0,0,0,0,0,0
1778082505.1471848,g5.hpc.coe,40875,0.5001,0,100.0,2035.0,12288.0,127928084465,128991775514,130134711,131734005,2416871,0,0,0,0,0,0,0,0,0,0,0,0,35390246,35426855,35626,35688,241,0,0,0,0,0,0,0,0
1778082505.647284,g5.hpc.coe,40875,0.5001,0,100.0,2035.0,12288.0,127969034641,129032769563,130175830,131775171,2416919,0,0,0,0,0,0,0,0,0,0,0,0,40950176,40994049,41119,41166,48,0,0,0,0,0,0,0,0
1778082506.1473796,g5.hpc.coe,40875,0.5001,0,100.0,2035.0,12288.0,128004425013,129068196236,130211458,131810833,2418699,0,0,0,0,0,0,0,0,0,0,0,0,35390372,35426673,35628,35662,1780,0,0,0,0,0,0,0,0
1778082506.6474764,g5.hpc.coe,40875,0.5001,0,100.0,2035.0,12288.0,128039125530,129102932942,130246356,131845756,2418761,0,0,0,0,0,0,0,0,0,0,0,0,34700517,34736706,34898,34923,62,0,0,0,0,0,0,0,0
1778082507.147571,g5.hpc.coe,40875,0.5001,0,100.0,2035.0,12288.0,128080074784,129143927018,130287471,131886928,2419929,0,0,0,0,0,0,0,0,0,0,0,0,40949254,40994076,41115,41172,1168,0,0,0,0,0,0,0,0
1778082507.6476698,g5.hpc.coe,40875,0.5001,0,100.0,2035.0,12288.0,128115464346,129179353746,130323113,131922600,2420073,0,0,0,0,0,0,0,0,0,0,0,0,35389562,35426728,35642,35672,144,0,0,0,0,0,0,0,0
1778082508.147767,g5.hpc.coe,40875,0.5001,0,100.0,2035.0,12288.0,128156413775,129220347857,130364239,131963777,2420120,0,0,0,0,0,0,0,0,0,0,0,0,40949429,40994111,41126,41177,47,0,0,0,0,0,0,0,0
1778082508.6478631,g5.hpc.coe,40875,0.5001,0,100.0,2035.0,12288.0,128191803448,129255774634,130399883,131999456,2421886,0,0,0,0,0,0,0,0,0,0,0,0,35389673,35426777,35644,35679,1766,0,0,0,0,0,0,0,0
1778082509.1479592,g5.hpc.coe,40875,0.5001,0,100.0,2035.0,12288.0,128226503084,129290511408,130434762,132034384,2421930,0,0,0,0,0,0,0,0,0,0,0,0,34699636,34736774,34879,34928,44,0,0,0,0,0,0,0,0
1778082509.6480556,g5.hpc.coe,40875,0.5001,0,100.0,2035.0,12288.0,128268142675,129332195528,130476634,132076306,2422365,0,0,0,0,0,0,0,0,0,0,0,0,41639591,41684120,41872,41922,435,0,0,0,0,0,0,0,0
1778082510.148153,g5.hpc.coe,40875,0.5001,0,100.0,2035.0,12288.0,128302842359,129366932198,130511515,132111226,2422407,0,0,0,0,0,0,0,0,0,0,0,0,34699684,34736670,34881,34920,42,0,0,0,0,0,0,0,0
1778082510.6482487,g5.hpc.coe,40875,0.5001,0,100.0,2035.0,12288.0,128343791940,129407926155,130552628,132152381,2422462,0,0,0,0,0,0,0,0,0,0,0,0,40949581,40993957,41113,41155,55,0,0,0,0,0,0,0,0
1778082511.148347,g5.hpc.coe,40875,0.5001,0,100.0,2035.0,12288.0,128379181821,129443352925,130588267,132188059,2423567,0,0,0,0,0,0,0,0,0,0,0,0,35389881,35426770,35639,35678,1105,0,0,0,0,0,0,0,0
1778082511.6484432,g5.hpc.coe,40875,0.5001,0,100.0,2035.0,12288.0,128413881792,129478089666,130623166,132222987,2425009,0,0,0,0,0,0,0,0,0,0,0,0,34699971,34736741,34899,34928,1442,0,0,0,0,0,0,0,0
1778082512.1485436,g5.hpc.coe,40875,0.5001,0,100.0,2035.0,12288.0,128454831576,129519083729,130664285,132264155,2425585,0,0,0,0,0,0,0,0,0,0,0,0,40949784,40994063,41119,41168,576,0,0,0,0,0,0,0,0
1778082512.6486416,g5.hpc.coe,40875,0.5001,0,100.0,2035.0,12288.0,128490221689,129554510493,130699934,132299830,2425638,0,0,0,0,0,0,0,0,0,0,0,0,35390113,35426764,35649,35675,53,0,0,0,0,0,0,0,0
1778082513.1487398,g5.hpc.coe,40875,0.5001,0,100.0,2035.0,12288.0,128531171556,129595504465,130741051,132340985,2426504,0,0,0,0,0,0,0,0,0,0,0,0,40949867,40993972,41117,41155,866,0,0,0,0,0,0,0,0
1778082513.6488357,g5.hpc.coe,40875,0.5001,0,100.0,2035.0,12288.0,128566561668,129630931243,130776686,132376662,2427105,0,0,0,0,0,0,0,0,0,0,0,0,35390112,35426778,35635,35677,601,0,0,0,0,0,0,0,0
1778082514.148931,g5.hpc.coe,40875,0.5001,0,100.0,2035.0,12288.0,128601261897,129665668039,130811578,132411591,2427145,0,0,0,0,0,0,0,0,0,0,0,0,34700229,34736796,34892,34929,40,0,0,0,0,0,0,0,0
1778082514.6490283,g5.hpc.coe,40875,0.5001,0,100.0,2035.0,12288.0,128642211924,129706662081,130852697,132452756,2428933,0,0,0,0,0,0,0,0,0,0,0,0,40950027,40994042,41119,41165,1788,0,0,0,0,0,0,0,0
1778082515.1491282,g5.hpc.coe,40875,0.5001,0,100.0,2035.0,12288.0,128677602154,129742088824,130888328,132488428,2429037,0,0,0,0,0,0,0,0,0,0,0,0,35390230,35426743,35631,35672,104,0,0,0,0,0,0,0,0
1778082515.6492262,g5.hpc.coe,40875,0.5001,0,100.0,2035.0,12288.0,128718552293,129783082887,130929449,132529596,2429942,0,0,0,0,0,0,0,0,0,0,0,0,40950139,40994063,41121,41168,905,0,0,0,0,0,0,0,0
1778082516.1493263,g5.hpc.coe,40875,0.5001,0,100.0,2035.0,12288.0,128753942620,129818509679,130965080,132565275,2431220,0,0,0,0,0,0,0,0,0,0,0,0,35390327,35426792,35631,35679,1278,0,0,0,0,0,0,0,0
1778082516.649423,g5.hpc.coe,40875,0.5001,0,100.0,2035.0,12288.0,128789160175,129854247784,131000997,132601538,2435131,0,0,0,0,0,0,0,0,0,0,0,0,35217555,35738105,35917,36263,3911,0,0,0,0,0,0,0,0
1778082517.1495202,g5.hpc.coe,40875,0.5001,0,100.0,2035.0,12288.0,128829767102,129894401058,131041360,132641695,2436688,0,0,0,0,0,0,0,0,0,0,0,0,40606927,40153274,40363,40157,1557,0,0,0,0,0,0,0,0
1778082517.6496172,g5.hpc.coe,40875,0.5001,0,100.0,2035.0,12288.0,128864983458,129929667637,131076747,132677048,2436731,0,0,0,0,0,0,0,0,0,0,0,0,35216356,35266579,35387,35353,43,0,0,0,0,0,0,0,0
1778082518.1497135,g5.hpc.coe,40875,0.5001,0,100.0,2035.0,12288.0,128905932816,129970661657,131117870,132718212,2438276,0,0,0,0,0,0,0,0,0,0,0,0,40949358,40994020,41123,41164,1545,0,0,0,0,0,0,0,0
1778082518.6498091,g5.hpc.coe,40875,0.5001,0,100.0,2035.0,12288.0,128941322398,130006088420,131153508,132753889,2438317,0,0,0,0,0,0,0,0,0,0,0,0,35389582,35426763,35638,35677,41,0,0,0,0,0,0,0,0
1778082519.1499085,g5.hpc.coe,40875,0.5001,0,100.0,2035.0,12288.0,128978536736,130043511001,131191390,132791876,2438391,0,0,0,0,0,0,0,0,0,0,0,0,37214338,37422581,37882,37987,74,0,0,0,0,0,0,0,0
1778082519.650005,g5.hpc.coe,40875,0.5001,0,100.0,2035.0,12288.0,129017661497,130082509279,131230255,132830734,2439453,0,0,0,0,0,0,0,0,0,0,0,0,39124761,38998278,38865,38858,1062,0,0,0,0,0,0,0,0
1778082520.150102,g5.hpc.coe,40875,0.5001,0,100.0,2035.0,12288.0,129052361166,130117246019,131265141,132865664,2439492,0,0,0,0,0,0,0,0,0,0,0,0,34699669,34736740,34886,34930,39,0,0,0,0,0,0,0,0
1778082520.6501975,g5.hpc.coe,40875,0.5001,0,100.0,2035.0,12288.0,129093310725,130158239969,131306258,132906818,2441841,0,0,0,0,0,0,0,0,0,0,0,0,40949559,40993950,41117,41154,2349,0,0,0,0,0,0,0,0
1778082521.150294,g5.hpc.coe,40875,0.5001,0,100.0,2035.0,12288.0,129128700522,130193666732,131341892,132942495,2441884,0,0,0,0,0,0,0,0,0,0,0,0,35389797,35426763,35634,35677,43,0,0,0,0,0,0,0,0
1778082521.6503863,g5.hpc.coe,40875,0.5001,0,100.0,2035.0,12288.0,129169649999,130234653226,131383004,132983649,2442098,0,0,0,0,0,0,0,0,0,0,0,0,40949477,40986494,41112,41154,214,0,0,0,0,0,0,0,0
1778082522.1504815,g5.hpc.coe,40875,0.5001,0,100.0,2035.0,12288.0,129205040094,130270087579,131418644,133019343,2442797,0,0,0,0,0,0,0,0,0,0,0,0,35390095,35434353,35640,35694,699,0,0,0,0,0,0,0,0
1778082522.6505785,g5.hpc.coe,40875,0.5001,0,100.0,2035.0,12288.0,129239740084,130304824306,131453539,133054269,2443100,0,0,0,0,0,0,0,0,0,0,0,0,34699990,34736727,34895,34926,303,0,0,0,0,0,0,0,0
1778082523.150675,g5.hpc.coe,40875,0.5001,0,100.0,2035.0,12288.0,129280689950,130345818383,131494663,133095439,2444620,0,0,0,0,0,0,0,0,0,0,0,0,40949866,40994077,41124,41170,1520,0,0,0,0,0,0,0,0
1778082523.650769,g5.hpc.coe,40875,0.5001,0,100.0,2035.0,12288.0,129316080054,130381245105,131530304,133131108,2444665,0,0,0,0,0,0,0,0,0,0,0,0,35390104,35426722,35641,35669,45,0,0,0,0,0,0,0,0
1778082524.1508691,g5.hpc.coe,40875,0.5001,0,100.0,2035.0,12288.0,129357030066,130422239132,131571426,133172264,2445281,0,0,0,0,0,0,0,0,0,0,0,0,40950012,40994027,41122,41156,616,0,0,0,0,0,0,0,0
1778082524.650965,g5.hpc.coe,40875,0.5001,0,100.0,2035.0,12288.0,129392420190,130457665924,131607056,133207943,2446485,0,0,0,0,0,0,0,0,0,0,0,0,35390124,35426792,35630,35679,1204,0,0,0,0,0,0,0,0
1778082525.151062,g5.hpc.coe,40875,0.5001,0,100.0,2035.0,12288.0,129427120375,130492402735,131641944,133242881,2446747,0,0,0,0,0,0,0,0,0,0,0,0,34700185,34736811,34888,34938,262,0,0,0,0,0,0,0,0
1778082525.6511576,g5.hpc.coe,40875,0.5001,0,100.0,2035.0,12288.0,129468070519,130533396728,131683073,133284039,2447604,0,0,0,0,0,0,0,0,0,0,0,0,40950144,40993993,41129,41158,857,0,0,0,0,0,0,0,0
1778082526.1512585,g5.hpc.coe,40875,0.5001,0,100.0,2035.0,12288.0,129503460852,130568823499,131718712,133319715,2447707,0,0,0,0,0,0,0,0,0,0,0,0,35390333,35426771,35639,35676,103,0,0,0,0,0,0,0,0
1778082526.6513584,g5.hpc.coe,40875,0.5001,0,100.0,2035.0,12288.0,129544411017,130609817576,131759830,133360885,2447749,0,0,0,0,0,0,0,0,0,0,0,0,40950165,40994077,41118,41170,42,0,0,0,0,0,0,0,0
1778082527.1514566,g5.hpc.coe,40875,0.5001,0,100.0,2035.0,12288.0,129579801469,130645244256,131795470,133396548,2449874,0,0,0,0,0,0,0,0,0,0,0,0,35390452,35426680,35640,35663,2125,0,0,0,0,0,0,0,0
1778082527.6515553,g5.hpc.coe,40875,0.5001,0,100.0,2035.0,12288.0,129614501947,130679980983,131830363,133431474,2450099,0,0,0,0,0,0,0,0,0,0,0,0,34700478,34736727,34893,34926,225,0,0,0,0,0,0,0,0
1778082528.1516514,g5.hpc.coe,40875,0.5001,0,100.0,2035.0,12288.0,129655451254,130720975038,131871486,133472643,2453511,0,0,0,0,0,0,0,0,0,0,0,0,40949307,40994055,41123,41169,3412,0,0,0,0,0,0,0,0
1778082528.6517503,g5.hpc.coe,40875,0.5001,0,100.0,2035.0,12288.0,129690840771,130756401836,131907122,133508325,2453816,0,0,0,0,0,0,0,0,0,0,0,0,35389517,35426798,35636,35682,305,0,0,0,0,0,0,0,0
1778082529.1518488,g5.hpc.coe,40875,0.5001,0,100.0,2035.0,12288.0,129731790426,130797396118,131948249,133549495,2453853,0,0,0,0,0,0,0,0,0,0,0,0,40949655,40994282,41127,41170,37,0,0,0,0,0,0,0,0
1778082529.651946,g5.hpc.coe,40875,0.5001,0,100.0,2035.0,12288.0,129767180139,130832822866,131983888,133585163,2456793,0,0,0,0,0,0,0,0,0,0,0,0,35389713,35426748,35639,35668,2940,0,0,0,0,0,0,0,0
1778082530.1520429,g5.hpc.coe,40875,0.5001,0,100.0,2035.0,12288.0,129801879821,130867559550,132018783,133620085,2456834,0,0,0,0,0,0,0,0,0,0,0,0,34699682,34736684,34895,34922,41,0,0,0,0,0,0,0,0
1778082530.6521423,g5.hpc.coe,40875,0.5001,0,100.0,2035.0,12288.0,129843519408,130909243642,132060655,133662003,2457505,0,0,0,0,0,0,0,0,0,0,0,0,41639587,41684092,41872,41918,671,0,0,0,0,0,0,0,0
1778082531.1522384,g5.hpc.coe,40875,0.5001,0,100.0,2035.0,12288.0,129878219180,130943980382,132095549,133696933,2457763,0,0,0,0,0,0,0,0,0,0,0,0,34699772,34736740,34894,34930,258,0,0,0,0,0,0,0,0
1778082531.652334,g5.hpc.coe,40875,0.5001,0,100.0,2035.0,12288.0,129919168793,130984974430,132136667,133738101,2463237,0,0,0,0,0,0,0,0,0,0,0,0,40949613,40994048,41118,41168,5474,0,0,0,0,0,0,0,0
1778082532.1524367,g5.hpc.coe,40875,0.5001,0,100.0,2035.0,12288.0,129954559267,131020401647,132172317,133773787,2464895,0,0,0,0,0,0,0,0,0,0,0,0,35390474,35427217,35650,35686,1658,0,0,0,0,0,0,0,0
1778082532.6525342,g5.hpc.coe,40875,0.5001,0,100.0,2035.0,12288.0,129989259215,131055138353,132207213,133808710,2464938,0,0,0,0,0,0,0,0,0,0,0,0,34699948,34736706,34896,34923,43,0,0,0,0,0,0,0,0
1778082533.1526313,g5.hpc.coe,40875,0.5001,0,100.0,2035.0,12288.0,130030209003,131096132430,132248333,133849880,2465199,0,0,0,0,0,0,0,0,0,0,0,0,40949788,40994077,41120,41170,261,0,0,0,0,0,0,0,0
1778082533.652728,g5.hpc.coe,40875,0.5001,0,100.0,2035.0,12288.0,130065598917,131131559208,132283954,133885557,2465256,0,0,0,0,0,0,0,0,0,0,0,0,35389914,35426778,35621,35677,57,0,0,0,0,0,0,0,0
1778082534.152823,g5.hpc.coe,40875,0.5001,0,100.0,2035.0,12288.0,130106548816,131172553257,132325076,133926723,2465693,0,0,0,0,0,0,0,0,0,0,0,0,40949899,40994049,41122,41166,437,0,0,0,0,0,0,0,0
1778082534.6529202,g5.hpc.coe,40875,0.5001,0,100.0,2035.0,12288.0,130141939016,131207980013,132360715,133962390,2466622,0,0,0,0,0,0,0,0,0,0,0,0,35390200,35426756,35639,35667,929,0,0,0,0,0,0,0,0
1778082535.153015,g5.hpc.coe,40875,0.5001,0,100.0,2035.0,12288.0,130177927877,131244123420,132397355,133999129,2467027,0,0,0,0,0,0,0,0,0,0,0,0,35988861,36143407,36640,36739,405,0,0,0,0,0,0,0,0
1778082535.6531103,g5.hpc.coe,40875,0.5001,0,100.0,2035.0,12288.0,130218279274,131284400910,132437480,134039243,2468811,0,0,0,0,0,0,0,0,0,0,0,0,40351397,40277490,40125,40114,1784,0,0,0,0,0,0,0,0
1778082536.1532068,g5.hpc.coe,40875,0.5001,0,100.0,2035.0,12288.0,130252979548,131319137630,132472374,134074168,2468865,0,0,0,0,0,0,0,0,0,0,0,0,34700274,34736720,34894,34925,54,0,0,0,0,0,0,0,0
1778082536.6533031,g5.hpc.coe,40875,0.5001,0,100.0,2035.0,12288.0,130293929648,131360131651,132513490,134115330,2469494,0,0,0,0,0,0,0,0,0,0,0,0,40950100,40994021,41116,41162,629,0,0,0,0,0,0,0,0
1778082537.1533992,g5.hpc.coe,40875,0.5001,0,100.0,2035.0,12288.0,130329320042,131395558373,132549131,134150999,2470838,0,0,0,0,0,0,0,0,0,0,0,0,35390394,35426722,35641,35669,1344,0,0,0,0,0,0,0,0
1778082537.653495,g5.hpc.coe,40875,0.5001,0,100.0,2035.0,12288.0,130368240283,131434841268,132588323,134190602,2470969,0,0,0,0,0,0,0,0,0,0,0,0,38920241,39282895,39192,39603,131,0,0,0,0,0,0,0,0
1778082538.1535912,g5.hpc.coe,40875,0.5001,0,100.0,2035.0,12288.0,130405660797,131471979144,132625893,134227834,2471007,0,0,0,0,0,0,0,0,0,0,0,0,37420514,37137876,37570,37232,38,0,0,0,0,0,0,0,0
1778082538.6536887,g5.hpc.coe,40875,0.5001,0,100.0,2035.0,12288.0,130440360205,131506715933,132660777,134262771,2471086,0,0,0,0,0,0,0,0,0,0,0,0,34699408,34736789,34884,34937,79,0,0,0,0,0,0,0,0
1778082539.153784,g5.hpc.coe,40875,0.5001,0,100.0,2035.0,12288.0,130481309566,131547709953,132701901,134303935,2472909,0,0,0,0,0,0,0,0,0,0,0,0,40949361,40994020,41124,41164,1823,0,0,0,0,0,0,0,0
1778082539.6538801,g5.hpc.coe,40875,0.5001,0,100.0,2035.0,12288.0,130516699164,131583136757,132737533,134339611,2473063,0,0,0,0,0,0,0,0,0,0,0,0,35389598,35426804,35632,35676,154,0,0,0,0,0,0,0,0
1778082540.15398,g5.hpc.coe,40875,0.5001,0,100.0,2035.0,12288.0,130557648622,131624130889,132778657,134380791,2473478,0,0,0,0,0,0,0,0,0,0,0,0,40949458,40994132,41124,41180,415,0,0,0,0,0,0,0,0
1778082540.6540759,g5.hpc.coe,40875,0.5001,0,100.0,2035.0,12288.0,130593038303,131659557624,132814296,134416464,2474587,0,0,0,0,0,0,0,0,0,0,0,0,35389681,35426735,35639,35673,1109,0,0,0,0,0,0,0,0
1778082541.1541781,g5.hpc.coe,40875,0.5001,0,100.0,2035.0,12288.0,130627738010,131694294378,132849188,134451396,2474795,0,0,0,0,0,0,0,0,0,0,0,0,34699707,34736754,34892,34932,208,0,0,0,0,0,0,0,0
1778082541.6542764,g5.hpc.coe,40875,0.5001,0,100.0,2035.0,12288.0,130668687607,131735288377,132890311,134492557,2476744,0,0,0,0,0,0,0,0,0,0,0,0,40949597,40993999,41123,41161,1949,0,0,0,0,0,0,0,0
1778082542.1543803,g5.hpc.coe,40875,0.5001,0,100.0,2035.0,12288.0,130704077442,131770715105,132925951,134528229,2476834,0,0,0,0,0,0,0,0,0,0,0,0,35389835,35426728,35640,35672,90,0,0,0,0,0,0,0,0
1778082542.6544836,g5.hpc.coe,40875,0.5001,0,100.0,2035.0,12288.0,130745027172,131811709167,132967079,134569399,2476873,0,0,0,0,0,0,0,0,0,0,0,0,40949730,40994062,41128,41170,39,0,0,0,0,0,0,0,0
1778082543.154585,g5.hpc.coe,40875,0.5001,0,100.0,2035.0,12288.0,130780417084,131847135903,133002714,134605070,2478601,0,0,0,0,0,0,0,0,0,0,0,0,35389912,35426736,35635,35671,1728,0,0,0,0,0,0,0,0
1778082543.6546779,g5.hpc.coe,40875,0.5001,0,100.0,2035.0,12288.0,130818780475,131886007162,133041677,134644312,2478645,0,0,0,0,0,0,0,0,0,0,0,0,38363391,38871259,38963,39242,44,0,0,0,0,0,0,0,0
1778082544.1547728,g5.hpc.coe,40875,0.5001,0,100.0,2035.0,12288.0,130856066870,131922866770,133078724,134681175,2479615,0,0,0,0,0,0,0,0,0,0,0,0,37286395,36859608,37047,36863,970,0,0,0,0,0,0,0,0
1778082544.654869,g5.hpc.coe,40875,0.5001,0,100.0,2035.0,12288.0,130891457089,131958293533,133114373,134716843,2479648,0,0,0,0,0,0,0,0,0,0,0,0,35390219,35426763,35649,35668,33,0,0,0,0,0,0,0,0
1778082545.154966,g5.hpc.coe,40875,0.5001,0,100.0,2035.0,12288.0,130932407111,131999287561,133155506,134758006,2479737,0,0,0,0,0,0,0,0,0,0,0,0,40950022,40994028,41133,41163,89,0,0,0,0,0,0,0,0
1778082545.6550634,g5.hpc.coe,40875,0.5001,0,100.0,2035.0,12288.0,130967797280,132034714297,133191143,134793677,2482294,0,0,0,0,0,0,0,0,0,0,0,0,35390169,35426736,35637,35671,2557,0,0,0,0,0,0,0,0
1778082546.155159,g5.hpc.coe,40875,0.5001,0,100.0,2035.0,12288.0,131002497475,132069451045,133226033,134828606,2482380,0,0,0,0,0,0,0,0,0,0,0,0,34700195,34736748,34890,34929,86,0,0,0,0,0,0,0,0
1778082546.6552582,g5.hpc.coe,40875,0.5001,0,100.0,2035.0,12288.0,131043447552,132110445080,133267153,134869770,2485830,0,0,0,0,0,0,0,0,0,0,0,0,40950077,40994035,41120,41164,3450,0,0,0,0,0,0,0,0
1778082547.1553562,g5.hpc.coe,40875,0.5001,0,100.0,2035.0,12288.0,131078838553,132145872291,133302814,134905453,2485880,0,0,0,0,0,0,0,0,0,0,0,0,35391001,35427211,35661,35683,50,0,0,0,0,0,0,0,0
1778082547.6554544,g5.hpc.coe,40875,0.5001,0,100.0,2035.0,12288.0,131119788762,132186866291,133343939,134946612,2486425,0,0,0,0,0,0,0,0,0,0,0,0,40950209,40994000,41125,41159,545,0,0,0,0,0,0,0,0
1778082548.1555512,g5.hpc.coe,40875,0.5001,0,100.0,2035.0,12288.0,131155179287,132222293069,133379590,134982289,2487996,0,0,0,0,0,0,0,0,0,0,0,0,35390525,35426778,35651,35677,1571,0,0,0,0,0,0,0,0
1778082548.655647,g5.hpc.coe,40875,0.5001,0,100.0,2035.0,12288.0,131189879761,132257029817,133414483,135017218,2488030,0,0,0,0,0,0,0,0,0,0,0,0,34700474,34736748,34893,34929,34,0,0,0,0,0,0,0,0
1778082549.1557388,g5.hpc.coe,40875,0.5001,0,100.0,2035.0,12288.0,131230988835,132298284761,133456023,135058994,2488480,0,0,0,0,0,0,0,0,0,0,0,0,41109074,41254944,41540,41776,450,0,0,0,0,0,0,0,0
1778082549.6558356,g5.hpc.coe,40875,0.5001,0,100.0,2035.0,12288.0,131266218673,132333450614,133491256,135094061,2488655,0,0,0,0,0,0,0,0,0,0,0,0,35229838,35165853,35233,35067,175,0,0,0,0,0,0,0,0
1778082550.1559334,g5.hpc.coe,40875,0.5001,0,100.0,2035.0,12288.0,131307168037,132374444703,133532367,135135228,2489599,0,0,0,0,0,0,0,0,0,0,0,0,40949364,40994089,41111,41167,944,0,0,0,0,0,0,0,0
1778082550.6560311,g5.hpc.coe,40875,0.5001,0,100.0,2035.0,12288.0,131342557668,132409871459,133568006,135170904,2490117,0,0,0,0,0,0,0,0,0,0,0,0,35389631,35426756,35639,35676,518,0,0,0,0,0,0,0,0
1778082551.1561277,g5.hpc.coe,40875,0.5001,0,100.0,2035.0,12288.0,131378258642,132446234626,133604320,135207799,2490151,0,0,0,0,0,0,0,0,0,0,0,0,35700974,36363167,36314,36895,34,0,0,0,0,0,0,0,0
1778082551.6562252,g5.hpc.coe,40875,0.5001,0,100.0,2035.0,12288.0,131418293385,132485794877,133644222,135247464,2494166,0,0,0,0,0,0,0,0,0,0,0,0,40034743,39560251,39902,39665,4015,0,0,0,0,0,0,0,0
1778082552.15632,g5.hpc.coe,40875,0.5001,0,100.0,2035.0,12288.0,131453596563,132521028877,133679648,135282660,2494198,0,0,0,0,0,0,0,0,0,0,0,0,35303178,35234000,35426,35196,32,0,0,0,0,0,0,0,0
1778082552.6564176,g5.hpc.coe,40875,0.5001,0,100.0,2035.0,12288.0,131494546199,132562022932,133720770,135323829,2494861,0,0,0,0,0,0,0,0,0,0,0,0,40949636,40994055,41122,41169,663,0,0,0,0,0,0,0,0
1778082553.1565168,g5.hpc.coe,40875,0.5001,0,100.0,2035.0,12288.0,131529936052,132597449695,133756406,135359506,2496553,0,0,0,0,0,0,0,0,0,0,0,0,35389853,35426763,35636,35677,1692,0,0,0,0,0,0,0,0
1778082553.6566153,g5.hpc.coe,40875,0.5001,0,100.0,2035.0,12288.0,131565163335,132632707436,133792215,135395275,2498348,0,0,0,0,0,0,0,0,0,0,0,0,35227283,35257741,35809,35769,1795,0,0,0,0,0,0,0,0
1778082554.1567116,g5.hpc.coe,40875,0.5001,0,100.0,2035.0,12288.0,131606275746,132673870459,133833161,135436340,2500125,0,0,0,0,0,0,0,0,0,0,0,0,41112411,41163023,40946,41065,1777,0,0,0,0,0,0,0,0
1778082554.6568046,g5.hpc.coe,40875,0.5001,0,100.0,2035.0,12288.0,131640975731,132708607207,133868049,135471269,2500163,0,0,0,0,0,0,0,0,0,0,0,0,34699985,34736748,34888,34929,38,0,0,0,0,0,0,0,0
1778082555.156901,g5.hpc.coe,40875,0.5001,0,100.0,2035.0,12288.0,131681925654,132749601325,133909166,135512438,2501247,0,0,0,0,0,0,0,0,0,0,0,0,40949923,40994118,41117,41169,1084,0,0,0,0,0,0,0,0
1778082555.656998,g5.hpc.coe,40875,0.5001,0,100.0,2035.0,12288.0,131717315822,132785028047,133944810,135548107,2502609,0,0,0,0,0,0,0,0,0,0,0,0,35390168,35426722,35644,35669,1362,0,0,0,0,0,0,0,0
1778082556.157101,g5.hpc.coe,40875,0.5001,0,100.0,2035.0,12288.0,131758265703,132826021853,133985916,135589260,2502644,0,0,0,0,0,0,0,0,0,0,0,0,40949881,40993806,41106,41153,35,0,0,0,0,0,0,0,0
1778082556.6571994,g5.hpc.coe,40875,0.5001,0,100.0,2035.0,12288.0,131793655989,132861448825,134021563,135624943,2505229,0,0,0,0,0,0,0,0,0,0,0,0,35390286,35426972,35647,35683,2585,0,0,0,0,0,0,0,0
1778082557.1572943,g5.hpc.coe,40875,0.5001,0,100.0,2035.0,12288.0,131828356245,132896185594,134056455,135659875,2505464,0,0,0,0,0,0,0,0,0,0,0,0,34700256,34736769,34892,34932,235,0,0,0,0,0,0,0,0
1778082557.6573899,g5.hpc.coe,40875,0.5001,0,100.0,2035.0,12288.0,131869306412,132937179678,134097581,135701046,2506152,0,0,0,0,0,0,0,0,0,0,0,0,40950167,40994084,41126,41171,688,0,0,0,0,0,0,0,0
1778082558.157487,g5.hpc.coe,40875,0.5001,0,100.0,2035.0,12288.0,131904696809,132972606414,134133223,135736717,2506487,0,0,0,0,0,0,0,0,0,0,0,0,35390397,35426736,35642,35671,335,0,0,0,0,0,0,0,0
1778082558.657584,g5.hpc.coe,40875,0.5001,0,100.0,2035.0,12288.0,131945647039,133013600505,134174342,135777889,2506536,0,0,0,0,0,0,0,0,0,0,0,0,40950230,40994091,41119,41172,49,0,0,0,0,0,0,0,0
1778082559.1576822,g5.hpc.coe,40875,0.5001,0,100.0,2035.0,12288.0,131981037513,133049027269,134209979,135813564,2507775,0,0,0,0,0,0,0,0,0,0,0,0,35390474,35426764,35637,35675,1239,0,0,0,0,0,0,0,0
1778082559.6577773,g5.hpc.coe,40875,0.5001,0,100.0,2035.0,12288.0,132015736973,133083763988,134244871,135848491,2509404,0,0,0,0,0,0,0,0,0,0,0,0,34699460,34736719,34892,34927,1629,0,0,0,0,0,0,0,0
1778082560.15787,g5.hpc.coe,40875,0.5001,0,100.0,2035.0,12288.0,132056686414,133124758098,134285998,135889661,2511932,0,0,0,0,0,0,0,0,0,0,0,0,40949441,40994110,41127,41170,2528,0,0,0,0,0,0,0,0
1778082560.657969,g5.hpc.coe,40875,0.5001,0,100.0,2035.0,12288.0,132092076002,133160184868,134321638,135925339,2513292,0,0,0,0,0,0,0,0,0,0,0,0,35389588,35426770,35640,35678,1360,0,0,0,0,0,0,0,0
1778082561.1580656,g5.hpc.coe,40875,0.5001,0,100.0,2035.0,12288.0,132133025379,133201178944,134362751,135966511,2513338,0,0,0,0,0,0,0,0,0,0,0,0,40949377,40994076,41113,41172,46,0,0,0,0,0,0,0,0
1778082561.6581647,g5.hpc.coe,40875,0.5001,0,100.0,2035.0,12288.0,132168415036,133236605637,134398387,136002178,2517785,0,0,0,0,0,0,0,0,0,0,0,0,35389657,35426693,35636,35667,4447,0,0,0,0,0,0,0,0
1778082562.1582627,g5.hpc.coe,40875,0.5001,0,100.0,2035.0,12288.0,132203115300,133271342782,134433285,136037110,2518184,0,0,0,0,0,0,0,0,0,0,0,0,34700264,34737145,34898,34932,399,0,0,0,0,0,0,0,0
1778082562.658358,g5.hpc.coe,40875,0.5001,0,100.0,2035.0,12288.0,132244064845,133312336788,134474401,136078272,2518880,0,0,0,0,0,0,0,0,0,0,0,0,40949545,40994006,41116,41162,696,0,0,0,0,0,0,0,0
1778082563.1584563,g5.hpc.coe,40875,0.5001,0,100.0,2035.0,12288.0,132279454655,133347763558,134510038,136113950,2518922,0,0,0,0,0,0,0,0,0,0,0,0,35389810,35426770,35637,35678,42,0,0,0,0,0,0,0,0
1778082563.6585531,g5.hpc.coe,40875,0.5001,0,100.0,2035.0,12288.0,132320404367,133388757627,134551164,136155121,2518970,0,0,0,0,0,0,0,0,0,0,0,0,40949712,40994069,41126,41171,48,0,0,0,0,0,0,0,0
1778082564.1586502,g5.hpc.coe,40875,0.5001,0,100.0,2035.0,12288.0,132355794296,133424184377,134586802,136190794,2522351,0,0,0,0,0,0,0,0,0,0,0,0,35389929,35426750,35638,35673,3381,0,0,0,0,0,0,0,0
1778082564.658747,g5.hpc.coe,40875,0.5001,0,100.0,2035.0,12288.0,132390494230,133458921076,134621690,136225716,2522390,0,0,0,0,0,0,0,0,0,0,0,0,34699934,34736699,34888,34922,39,0,0,0,0,0,0,0,0
1778082565.158843,g5.hpc.coe,40875,0.5001,0,100.0,2035.0,12288.0,132431444158,133499915180,134662815,136266883,2523428,0,0,0,0,0,0,0,0,0,0,0,0,40949928,40994104,41125,41167,1038,0,0,0,0,0,0,0,0
1778082565.6589367,g5.hpc.coe,40875,0.5001,0,100.0,2035.0,12288.0,132466834212,133535341923,134698450,136302555,2523474,0,0,0,0,0,0,0,0,0,0,0,0,35390054,35426743,35635,35672,46,0,0,0,0,0,0,0,0
1778082566.1590304,g5.hpc.coe,40875,0.5001,0,100.0,2035.0,12288.0,132507784161,133576335944,134739573,136343717,2524280,0,0,0,0,0,0,0,0,0,0,0,0,40949949,40994021,41123,41162,806,0,0,0,0,0,0,0,0
1778082566.6591308,g5.hpc.coe,40875,0.5001,0,100.0,2035.0,12288.0,132543174382,133611762701,134775218,136379391,2527145,0,0,0,0,0,0,0,0,0,0,0,0,35390221,35426757,35645,35674,2865,0,0,0,0,0,0,0,0
1778082567.159228,g5.hpc.coe,40875,0.5001,0,100.0,2035.0,12288.0,132577874580,133646499470,134810109,136414323,2527343,0,0,0,0,0,0,0,0,0,0,0,0,34700198,34736769,34891,34932,198,0,0,0,0,0,0,0,0
1778082567.659322,g5.hpc.coe,40875,0.5001,0,100.0,2035.0,12288.0,132619514511,133688183458,134851990,136456224,2529268,0,0,0,0,0,0,0,0,0,0,0,0,41639931,41683988,41881,41901,1925,0,0,0,0,0,0,0,0
1778082568.1594176,g5.hpc.coe,40875,0.5001,0,100.0,2035.0,12288.0,132654215050,133722920262,134886878,136491161,2529307,0,0,0,0,0,0,0,0,0,0,0,0,34700539,34736804,34888,34937,39,0,0,0,0,0,0,0,0
1778082568.6595116,g5.hpc.coe,40875,0.5001,0,100.0,2035.0,12288.0,132695165249,133763914269,134928002,136532321,2530136,0,0,0,0,0,0,0,0,0,0,0,0,40950199,40994007,41124,41160,829,0,0,0,0,0,0,0,0
1778082569.159609,g5.hpc.coe,40875,0.5001,0,100.0,2035.0,12288.0,132730555659,133799341033,134963637,136567996,2530851,0,0,0,0,0,0,0,0,0,0,0,0,35390410,35426764,35635,35675,715,0,0,0,0,0,0,0,0
1778082569.6597006,g5.hpc.coe,40875,0.5001,0,100.0,2035.0,12288.0,132767028008,133836259738,135000730,136605444,2530893,0,0,0,0,0,0,0,0,0,0,0,0,36472349,36918705,37093,37448,42,0,0,0,0,0,0,0,0
1778082570.1597965,g5.hpc.coe,40875,0.5001,0,100.0,2035.0,12288.0,132806895444,133875761915,135040399,136644849,2531885,0,0,0,0,0,0,0,0,0,0,0,0,39867436,39502177,39669,39405,992,0,0,0,0,0,0,0,0
1778082570.6598883,g5.hpc.coe,40875,0.5001,0,100.0,2035.0,12288.0,132841594909,133910498634,135075285,136679776,2532039,0,0,0,0,0,0,0,0,0,0,0,0,34699465,34736719,34886,34927,154,0,0,0,0,0,0,0,0
1778082571.1599908,g5.hpc.coe,40875,0.5001,0,100.0,2035.0,12288.0,132882544263,133951492668,135116402,136720942,2533676,0,0,0,0,0,0,0,0,0,0,0,0,40949354,40994034,41117,41166,1637,0,0,0,0,0,0,0,0
1778082571.660089,g5.hpc.coe,40875,0.5001,0,100.0,2035.0,12288.0,132917933911,133986919361,135152044,136756609,2534114,0,0,0,0,0,0,0,0,0,0,0,0,35389648,35426693,35642,35667,438,0,0,0,0,0,0,0,0
1778082572.1601877,g5.hpc.coe,40875,0.5001,0,100.0,2035.0,12288.0,132958795066,134027905869,135193153,136797765,2534164,0,0,0,0,0,0,0,0,0,0,0,0,40861155,40986508,41109,41156,50,0,0,0,0,0,0,0,0
1778082572.6602874,g5.hpc.coe,40875,0.5001,0,100.0,2035.0,12288.0,132994273087,134063340235,135228800,136833463,2536097,0,0,0,0,0,0,0,0,0,0,0,0,35478021,35434366,35647,35698,1933,0,0,0,0,0,0,0,0
1778082573.1603835,g5.hpc.coe,40875,0.5001,0,100.0,2035.0,12288.0,133028972802,134098076919,135263687,136868385,2536922,0,0,0,0,0,0,0,0,0,0,0,0,34699715,34736684,34887,34922,825,0,0,0,0,0,0,0,0
1778082573.6604824,g5.hpc.coe,40875,0.5001,0,100.0,2035.0,12288.0,133069922421,134139070995,135304807,136909557,2538091,0,0,0,0,0,0,0,0,0,0,0,0,40949619,40994076,41120,41172,1169,0,0,0,0,0,0,0,0
1778082574.1605797,g5.hpc.coe,40875,0.5001,0,100.0,2035.0,12288.0,133105312292,134174497730,135340446,136945230,2538379,0,0,0,0,0,0,0,0,0,0,0,0,35389871,35426735,35639,35673,288,0,0,0,0,0,0,0,0
1778082574.6606755,g5.hpc.coe,40875,0.5001,0,100.0,2035.0,12288.0,133146186959,134215484017,135381550,136986374,2538421,0,0,0,0,0,0,0,0,0,0,0,0,40874667,40986287,41104,41144,42,0,0,0,0,0,0,0,0
1778082575.1607711,g5.hpc.coe,40875,0.5001,0,100.0,2035.0,12288.0,133181651965,134250918522,135417199,137022068,2539101,0,0,0,0,0,0,0,0,0,0,0,0,35465006,35434505,35649,35694,680,0,0,0,0,0,0,0,0
1778082575.660868,g5.hpc.coe,40875,0.5001,0,100.0,2035.0,12288.0,133216352023,134285655241,135452089,137056986,2540086,0,0,0,0,0,0,0,0,0,0,0,0,34700058,34736719,34890,34918,985,0,0,0,0,0,0,0,0
1778082576.160963,g5.hpc.coe,40875,0.5001,0,100.0,2035.0,12288.0,133257991980,134327339278,135493964,137098894,2541660,0,0,0,0,0,0,0,0,0,0,0,0,41639957,41684037,41875,41908,1574,0,0,0,0,0,0,0,0
1778082576.6610603,g5.hpc.coe,40875,0.5001,0,100.0,2035.0,12288.0,133292692086,134362076068,135528856,137133829,2541894,0,0,0,0,0,0,0,0,0,0,0,0,34700106,34736790,34892,34935,234,0,0,0,0,0,0,0,0
1778082577.161163,g5.hpc.coe,40875,0.5001,0,100.0,2035.0,12288.0,133333642656,134403070550,135569987,137175001,2542042,0,0,0,0,0,0,0,0,0,0,0,0,40950570,40994482,41131,41172,148,0,0,0,0,0,0,0,0
1778082577.6612606,g5.hpc.coe,40875,0.5001,0,100.0,2035.0,12288.0,133369032904,134438497328,135605629,137210678,2543732,0,0,0,0,0,0,0,0,0,0,0,0,35390248,35426778,35642,35677,1690,0,0,0,0,0,0,0,0
1778082578.1613605,g5.hpc.coe,40875,0.5001,0,100.0,2035.0,12288.0,133403733206,134473234132,135640528,137245615,2543771,0,0,0,0,0,0,0,0,0,0,0,0,34700302,34736804,34899,34937,39,0,0,0,0,0,0,0,0
1778082578.6614585,g5.hpc.coe,40875,0.5001,0,100.0,2035.0,12288.0,133444683313,134514228069,135681646,137286765,2545404,0,0,0,0,0,0,0,0,0,0,0,0,40950107,40993937,41118,41150,1633,0,0,0,0,0,0,0,0
1778082579.161554,g5.hpc.coe,40875,0.5001,0,100.0,2035.0,12288.0,133480073602,134549654889,135717273,137322448,2545446,0,0,0,0,0,0,0,0,0,0,0,0,35390289,35426820,35627,35683,42,0,0,0,0,0,0,0,0
1778082579.6616488,g5.hpc.coe,40875,0.5001,0,100.0,2035.0,12288.0,133521023884,134590648959,135758400,137363617,2545876,0,0,0,0,0,0,0,0,0,0,0,0,40950282,40994070,41127,41169,430,0,0,0,0,0,0,0,0
1778082580.1617446,g5.hpc.coe,40875,0.5001,0,100.0,2035.0,12288.0,133556414334,134626075751,135794034,137399296,2547708,0,0,0,0,0,0,0,0,0,0,0,0,35390450,35426792,35634,35679,1832,0,0,0,0,0,0,0,0
1778082580.6618416,g5.hpc.coe,40875,0.5001,0,100.0,2035.0,12288.0,133591113847,134660812609,135828925,137434236,2547731,0,0,0,0,0,0,0,0,0,0,0,0,34699513,34736858,34891,34940,23,0,0,0,0,0,0,0,0
1778082581.1619377,g5.hpc.coe,40875,0.5001,0,100.0,2035.0,12288.0,133632063082,134701806650,135870032,137475403,2549620,0,0,0,0,0,0,0,0,0,0,0,0,40949235,40994041,41107,41167,1889,0,0,0,0,0,0,0,0
1778082581.6620357,g5.hpc.coe,40875,0.5001,0,100.0,2035.0,12288.0,133667452660,134737233427,135905671,137511082,2550528,0,0,0,0,0,0,0,0,0,0,0,0,35389578,35426777,35639,35679,908,0,0,0,0,0,0,0,0
1778082582.1621296,g5.hpc.coe,40875,0.5001,0,100.0,2035.0,12288.0,133708402076,134778227517,135946790,137552256,2550568,0,0,0,0,0,0,0,0,0,0,0,0,40949416,40994090,41119,41174,40,0,0,0,0,0,0,0,0
1778082582.6622233,g5.hpc.coe,40875,0.5001,0,100.0,2035.0,12288.0,133743791737,134813654266,135982427,137587931,2551805,0,0,0,0,0,0,0,0,0,0,0,0,35389661,35426749,35637,35675,1237,0,0,0,0,0,0,0,0
1778082583.1623223,g5.hpc.coe,40875,0.5001,0,100.0,2035.0,12288.0,133778491403,134848390936,136017314,137622851,2551849,0,0,0,0,0,0,0,0,0,0,0,0,34699666,34736670,34887,34920,44,0,0,0,0,0,0,0,0
1778082583.6624174,g5.hpc.coe,40875,0.5001,0,100.0,2035.0,12288.0,133819441007,134889384900,136058439,137664007,2554388,0,0,0,0,0,0,0,0,0,0,0,0,40949604,40993964,41125,41156,2539,0,0,0,0,0,0,0,0
1778082584.1625118,g5.hpc.coe,40875,0.5001,0,100.0,2035.0,12288.0,133854830807,134924811621,136094075,137699678,2554428,0,0,0,0,0,0,0,0,0,0,0,0,35389800,35426721,35636,35671,40,0,0,0,0,0,0,0,0
1778082584.6626077,g5.hpc.coe,40875,0.5001,0,100.0,2035.0,12288.0,133895780453,134965805669,136135192,137740846,2556211,0,0,0,0,0,0,0,0,0,0,0,0,40949646,40994048,41117,41168,1783,0,0,0,0,0,0,0,0
1778082585.1627054,g5.hpc.coe,40875,0.5001,0,100.0,2035.0,12288.0,133931170331,135001232398,136170823,137776516,2557645,0,0,0,0,0,0,0,0,0,0,0,0,35389878,35426729,35631,35670,1434,0,0,0,0,0,0,0,0
1778082585.6628006,g5.hpc.coe,40875,0.5001,0,100.0,2035.0,12288.0,133965870305,135035969201,136205708,137811446,2557711,0,0,0,0,0,0,0,0,0,0,0,0,34699974,34736803,34885,34930,66,0,0,0,0,0,0,0,0
1778082586.1629033,g5.hpc.coe,40875,0.5001,0,100.0,2035.0,12288.0,134007510142,135077653224,136247573,137853352,2559171,0,0,0,0,0,0,0,0,0,0,0,0,41639837,41684023,41865,41906,1460,0,0,0,0,0,0,0,0
1778082586.663005,g5.hpc.coe,40875,0.5001,0,100.0,2035.0,12288.0,134042210276,135112389937,136282476,137888276,2559211,0,0,0,0,0,0,0,0,0,0,0,0,34700134,34736713,34903,34924,40,0,0,0,0,0,0,0,0
1778082587.1631048,g5.hpc.coe,40875,0.5001,0,100.0,2035.0,12288.0,134083160195,135153383944,136323595,137929436,2560833,0,0,0,0,0,0,0,0,0,0,0,0,40949919,40994007,41119,41160,1622,0,0,0,0,0,0,0,0
1778082587.6632016,g5.hpc.coe,40875,0.5001,0,100.0,2035.0,12288.0,134118550303,135188810750,136359224,137965117,2561949,0,0,0,0,0,0,0,0,0,0,0,0,35390108,35426806,35629,35681,1116,0,0,0,0,0,0,0,0
1778082588.1632986,g5.hpc.coe,40875,0.5001,0,100.0,2035.0,12288.0,134158270535,135229080794,136399598,138005928,2562528,0,0,0,0,0,0,0,0,0,0,0,0,39720232,40270044,40374,40811,579,0,0,0,0,0,0,0,0
