timestamp,node_id,job_id,polling_interval_actual,gpu_index,gpu_util_pct,gpu_mem_used_mb,gpu_mem_total_mb,ib_port_xmit_data,ib_port_rcv_data,ib_port_xmit_packets,ib_port_rcv_packets,ib_port_xmit_wait,ib_port_xmit_discards,ib_excessive_buffer_overrun_errors,ib_link_downed,ib_link_error_recovery,ib_symbol_error,ib_local_link_integrity_errors,ib_port_rcv_remote_physical_errors,ib_port_rcv_errors,ib_sq_num_rnr,ib_sq_num_to,ib_rq_num_oos,ib_sq_num_oos,ib_port_xmit_data_delta,ib_port_rcv_data_delta,ib_port_xmit_packets_delta,ib_port_rcv_packets_delta,ib_port_xmit_wait_delta,ib_port_xmit_discards_delta,ib_excessive_buffer_overrun_errors_delta,ib_symbol_error_delta,ib_port_rcv_errors_delta,ib_sq_num_rnr_delta,ib_sq_num_to_delta,ib_rq_num_oos_delta,ib_sq_num_oos_delta
1778080788.3173947,g2.hpc.coe,40875,,0,0.0,0.0,12288.0,1091085240,1310691917,3337563,3401834,51772,0,0,0,0,0,0,0,0,0,0,0,0,,,,,,,,,,,,,
1778080788.8174975,g2.hpc.coe,40875,0.5001,0,0.0,0.0,12288.0,1091264753,1356285526,3342645,3490548,51772,0,0,0,0,0,0,0,0,0,0,0,0,179513,45593609,5082,88714,0,0,0,0,0,0,0,0,0
1778080789.317594,g2.hpc.coe,40875,0.5001,0,0.0,0.0,12288.0,1091340613,1370235161,3344631,3517923,51773,0,0,0,0,0,0,0,0,0,0,0,0,75860,13949635,1986,27375,1,0,0,0,0,0,0,0,0
1778080789.817667,g2.hpc.coe,40875,0.5001,0,0.0,0.0,12288.0,1091462026,1373886461,3347119,3526472,51773,0,0,0,0,0,0,0,0,0,0,0,0,121413,3651300,2488,8549,0,0,0,0,0,0,0,0,0
1778080790.317768,g2.hpc.coe,40875,0.5001,0,0.0,0.0,12288.0,1091541462,1375099739,3348638,3529867,51773,0,0,0,0,0,0,0,0,0,0,0,0,79436,1213278,1519,3395,0,0,0,0,0,0,0,0,0
1778080790.8178744,g2.hpc.coe,40875,0.5001,0,0.0,0.0,12288.0,1091568094,1375319966,3349141,3530720,51773,0,0,0,0,0,0,0,0,0,0,0,0,26632,220227,503,853,0,0,0,0,0,0,0,0,0
1778080791.3180168,g2.hpc.coe,40875,0.5001,0,3.0,279.0,12288.0,1091579194,1377876546,3349450,3535691,51773,0,0,0,0,0,0,0,0,0,0,0,0,11100,2556580,309,4971,0,0,0,0,0,0,0,0,0
1778080791.8181336,g2.hpc.coe,40875,0.5001,0,10.0,419.0,12288.0,1096823442,1388862113,3355640,3552448,53613,0,0,0,0,0,0,0,0,0,0,0,0,5244248,10985567,6190,16757,1840,0,0,0,0,0,0,0,0
1778080792.318241,g2.hpc.coe,40875,0.5001,0,0.0,419.0,12288.0,1096834002,1389249862,3355846,3553324,53613,0,0,0,0,0,0,0,0,0,0,0,0,10560,387749,206,876,0,0,0,0,0,0,0,0,0
1778080792.8183541,g2.hpc.coe,40875,0.5001,0,0.0,419.0,12288.0,1096844076,1389685676,3356042,3554283,53613,0,0,0,0,0,0,0,0,0,0,0,0,10074,435814,196,959,0,0,0,0,0,0,0,0,0
1778080793.31847,g2.hpc.coe,40875,0.5001,0,0.0,419.0,12288.0,1096855158,1390103139,3356261,3555211,53613,0,0,0,0,0,0,0,0,0,0,0,0,11082,417463,219,928,0,0,0,0,0,0,0,0,0
1778080793.818591,g2.hpc.coe,40875,0.5001,0,0.0,419.0,12288.0,1096865933,1390406887,3356463,3555925,53613,0,0,0,0,0,0,0,0,0,0,0,0,10775,303748,202,714,0,0,0,0,0,0,0,0,0
1778080794.3187168,g2.hpc.coe,40875,0.5001,0,0.0,419.0,12288.0,1096873077,1390619906,3356595,3556421,53613,0,0,0,0,0,0,0,0,0,0,0,0,7144,213019,132,496,0,0,0,0,0,0,0,0,0
1778080794.8188212,g2.hpc.coe,40875,0.5001,0,0.0,419.0,12288.0,1096882763,1390991919,3356781,3557244,53613,0,0,0,0,0,0,0,0,0,0,0,0,9686,372013,186,823,0,0,0,0,0,0,0,0,0
1778080795.3189495,g2.hpc.coe,40875,0.5001,0,0.0,419.0,12288.0,1096897707,1391689694,3357074,3558763,53613,0,0,0,0,0,0,0,0,0,0,0,0,14944,697775,293,1519,0,0,0,0,0,0,0,0,0
1778080795.819064,g2.hpc.coe,40875,0.5001,0,0.0,419.0,12288.0,1096909990,1392044828,3357307,3559591,53613,0,0,0,0,0,0,0,0,0,0,0,0,12283,355134,233,828,0,0,0,0,0,0,0,0,0
1778080796.3191965,g2.hpc.coe,40875,0.5001,0,0.0,419.0,12288.0,1096923249,1392269606,3357560,3560184,53613,0,0,0,0,0,0,0,0,0,0,0,0,13259,224778,253,593,0,0,0,0,0,0,0,0,0
1778080796.8193128,g2.hpc.coe,40875,0.5001,0,0.0,419.0,12288.0,1096937827,1392634035,3357838,3561051,53613,0,0,0,0,0,0,0,0,0,0,0,0,14578,364429,278,867,0,0,0,0,0,0,0,0,0
1778080797.319442,g2.hpc.coe,40875,0.5001,0,0.0,419.0,12288.0,1096957041,1393390435,3358211,3562742,53613,0,0,0,0,0,0,0,0,0,0,0,0,19214,756400,373,1691,0,0,0,0,0,0,0,0,0
1778080797.819559,g2.hpc.coe,40875,0.5001,0,0.0,419.0,12288.0,1096968679,1393544778,3358425,3563178,53613,0,0,0,0,0,0,0,0,0,0,0,0,11638,154343,214,436,0,0,0,0,0,0,0,0,0
1778080798.3196816,g2.hpc.coe,40875,0.5001,0,0.0,419.0,12288.0,1097005491,1403812916,3359468,3583091,53613,0,0,0,0,0,0,0,0,0,0,0,0,36812,10268138,1043,19913,0,0,0,0,0,0,0,0,0
1778080798.8197885,g2.hpc.coe,40875,0.5001,0,0.0,419.0,12288.0,1097014043,1403938568,3359632,3583451,53613,0,0,0,0,0,0,0,0,0,0,0,0,8552,125652,164,360,0,0,0,0,0,0,0,0,0
1778080799.3199203,g2.hpc.coe,40875,0.5001,0,0.0,419.0,12288.0,1097019936,1404031098,3359750,3583705,53613,0,0,0,0,0,0,0,0,0,0,0,0,5893,92530,118,254,0,0,0,0,0,0,0,0,0
1778080799.8200376,g2.hpc.coe,40875,0.5001,0,0.0,419.0,12288.0,1097028606,1404138754,3359914,3584027,53613,0,0,0,0,0,0,0,0,0,0,0,0,8670,107656,164,322,0,0,0,0,0,0,0,0,0
1778080800.3201737,g2.hpc.coe,40875,0.5001,0,0.0,419.0,12288.0,1097037838,1404352719,3360092,3584558,53613,0,0,0,0,0,0,0,0,0,0,0,0,9232,213965,178,531,0,0,0,0,0,0,0,0,0
1778080800.820274,g2.hpc.coe,40875,0.5001,0,0.0,419.0,12288.0,1097049067,1404663810,3360313,3585303,53613,0,0,0,0,0,0,0,0,0,0,0,0,11229,311091,221,745,0,0,0,0,0,0,0,0,0
1778080801.320394,g2.hpc.coe,40875,0.5001,0,0.0,419.0,12288.0,1097069768,1405068121,3360718,3586349,53613,0,0,0,0,0,0,0,0,0,0,0,0,20701,404311,405,1046,0,0,0,0,0,0,0,0,0
1778080801.8204997,g2.hpc.coe,40875,0.5001,0,0.0,419.0,12288.0,1097103942,1405242127,3361375,3587245,53613,0,0,0,0,0,0,0,0,0,0,0,0,34174,174006,657,896,0,0,0,0,0,0,0,0,0
1778080802.3205879,g2.hpc.coe,40875,0.5001,0,0.0,419.0,12288.0,1097115837,1405543300,3361610,3587974,53613,0,0,0,0,0,0,0,0,0,0,0,0,11895,301173,235,729,0,0,0,0,0,0,0,0,0
1778080802.8207073,g2.hpc.coe,40875,0.5001,0,0.0,419.0,12288.0,1097133737,1407021427,3362002,3591004,53613,0,0,0,0,0,0,0,0,0,0,0,0,17900,1478127,392,3030,0,0,0,0,0,0,0,0,0
1778080803.3208046,g2.hpc.coe,40875,0.5001,0,0.0,419.0,12288.0,1097148727,1407241542,3362289,3591605,53613,0,0,0,0,0,0,0,0,0,0,0,0,14990,220115,287,601,0,0,0,0,0,0,0,0,0
1778080803.820933,g2.hpc.coe,40875,0.5001,0,0.0,419.0,12288.0,1097161703,1407474734,3362536,3592227,53613,0,0,0,0,0,0,0,0,0,0,0,0,12976,233192,247,622,0,0,0,0,0,0,0,0,0
1778080804.321062,g2.hpc.coe,40875,0.5001,0,0.0,473.0,12288.0,1097189323,1410335675,3363029,3597911,53613,0,0,0,0,0,0,0,0,0,0,0,0,27620,2860941,493,5684,0,0,0,0,0,0,0,0,0
1778080804.8211722,g2.hpc.coe,40875,0.5001,0,0.0,473.0,12288.0,1097222972,1419200554,3364000,3615110,53613,0,0,0,0,0,0,0,0,0,0,0,0,33649,8864879,971,17199,0,0,0,0,0,0,0,0,0
1778080805.3212986,g2.hpc.coe,40875,0.5001,0,18.0,2025.0,12288.0,1097246766,1426006112,3364687,3628281,53613,0,0,0,0,0,0,0,0,0,0,0,0,23794,6805558,687,13171,0,0,0,0,0,0,0,0,0
1778080805.8213925,g2.hpc.coe,40875,0.5001,0,39.0,2035.0,12288.0,1104905642,1440399290,3373039,3649028,60201,0,0,0,0,0,0,0,0,0,0,0,0,7658876,14393178,8352,20747,6588,0,0,0,0,0,0,0,0
1778080806.3214839,g2.hpc.coe,40875,0.5001,0,100.0,2035.0,12288.0,1139643485,1475109624,3407992,3683965,60407,0,0,0,0,0,0,0,0,0,0,0,0,34737843,34710334,34953,34937,206,0,0,0,0,0,0,0,0
1778080806.8215673,g2.hpc.coe,40875,0.5001,0,100.0,2035.0,12288.0,1180638839,1516075010,3449202,3725132,62505,0,0,0,0,0,0,0,0,0,0,0,0,40995354,40965386,41210,41167,2098,0,0,0,0,0,0,0,0
1778080807.3216555,g2.hpc.coe,40875,0.5001,0,100.0,2035.0,12288.0,1216066748,1551472231,3484897,3760810,62676,0,0,0,0,0,0,0,0,0,0,0,0,35427909,35397221,35695,35678,171,0,0,0,0,0,0,0,0
1778080807.8217378,g2.hpc.coe,40875,0.5001,0,100.0,2035.0,12288.0,1257062012,1592437603,3526081,3801975,63730,0,0,0,0,0,0,0,0,0,0,0,0,40995264,40965372,41184,41165,1054,0,0,0,0,0,0,0,0
1778080808.3218243,g2.hpc.coe,40875,0.5001,0,100.0,2035.0,12288.0,1292490028,1627834782,3561778,3837647,65443,0,0,0,0,0,0,0,0,0,0,0,0,35428016,35397179,35697,35672,1713,0,0,0,0,0,0,0,0
1778080808.8219078,g2.hpc.coe,40875,0.5001,0,100.0,2035.0,12288.0,1327228137,1662545122,3596729,3872578,65531,0,0,0,0,0,0,0,0,0,0,0,0,34738109,34710340,34951,34931,88,0,0,0,0,0,0,0,0
1778080809.321995,g2.hpc.coe,40875,0.5001,0,100.0,2035.0,12288.0,1368223716,1703510557,3637936,3913752,65803,0,0,0,0,0,0,0,0,0,0,0,0,40995579,40965435,41207,41174,272,0,0,0,0,0,0,0,0
1778080809.8220835,g2.hpc.coe,40875,0.5001,0,100.0,2035.0,12288.0,1403651857,1738907778,3673629,3949430,65829,0,0,0,0,0,0,0,0,0,0,0,0,35428141,35397221,35693,35678,26,0,0,0,0,0,0,0,0
1778080810.3221734,g2.hpc.coe,40875,0.5001,0,100.0,2035.0,12288.0,1444646348,1779873100,3714818,3990590,66697,0,0,0,0,0,0,0,0,0,0,0,0,40994491,40965322,41189,41160,868,0,0,0,0,0,0,0,0
1778080810.8222563,g2.hpc.coe,40875,0.5001,0,100.0,2035.0,12288.0,1480073542,1815270313,3750513,4026269,66726,0,0,0,0,0,0,0,0,0,0,0,0,35427194,35397213,35695,35679,29,0,0,0,0,0,0,0,0
1778080811.322345,g2.hpc.coe,40875,0.5001,0,100.0,2035.0,12288.0,1514810815,1849980520,3785469,4061190,69951,0,0,0,0,0,0,0,0,0,0,0,0,34737273,34710207,34956,34921,3225,0,0,0,0,0,0,0,0
1778080811.8224263,g2.hpc.coe,40875,0.5001,0,100.0,2035.0,12288.0,1555805494,1890945905,3826665,4102359,69976,0,0,0,0,0,0,0,0,0,0,0,0,40994679,40965385,41196,41169,25,0,0,0,0,0,0,0,0
1778080812.3225086,g2.hpc.coe,40875,0.5001,0,100.0,2035.0,12288.0,1591232882,1926343160,3862368,4138044,70010,0,0,0,0,0,0,0,0,0,0,0,0,35427388,35397255,35703,35685,34,0,0,0,0,0,0,0,0
1778080812.8226004,g2.hpc.coe,40875,0.5001,0,100.0,2035.0,12288.0,1632227583,1967308531,3903554,4179211,71139,0,0,0,0,0,0,0,0,0,0,0,0,40994701,40965371,41186,41167,1129,0,0,0,0,0,0,0,0
1778080813.3226955,g2.hpc.coe,40875,0.5001,0,100.0,2035.0,12288.0,1667654993,2002705702,3939247,4214884,71159,0,0,0,0,0,0,0,0,0,0,0,0,35427410,35397171,35693,35673,20,0,0,0,0,0,0,0,0
1778080813.8227794,g2.hpc.coe,40875,0.5001,0,100.0,2035.0,12288.0,1702392544,2037415992,3974203,4249810,71185,0,0,0,0,0,0,0,0,0,0,0,0,34737551,34710290,34956,34926,26,0,0,0,0,0,0,0,0
1778080814.322904,g2.hpc.coe,40875,0.5001,0,100.0,2035.0,12288.0,1743387426,2078381426,4015393,4290986,71717,0,0,0,0,0,0,0,0,0,0,0,0,40994882,40965434,41190,41176,532,0,0,0,0,0,0,0,0
1778080814.8229878,g2.hpc.coe,40875,0.5001,0,100.0,2035.0,12288.0,1778815024,2113778626,4051091,4326661,71743,0,0,0,0,0,0,0,0,0,0,0,0,35427598,35397200,35698,35675,26,0,0,0,0,0,0,0,0
1778080815.3230736,g2.hpc.coe,40875,0.5001,0,100.0,2035.0,12288.0,1819810089,2154744096,4092294,4367840,72652,0,0,0,0,0,0,0,0,0,0,0,0,40995065,40965470,41203,41179,909,0,0,0,0,0,0,0,0
1778080815.8231585,g2.hpc.coe,40875,0.5001,0,100.0,2035.0,12288.0,1855237815,2190141310,4127997,4403517,72808,0,0,0,0,0,0,0,0,0,0,0,0,35427726,35397214,35703,35677,156,0,0,0,0,0,0,0,0
1778080816.3232405,g2.hpc.coe,40875,0.5001,0,100.0,2035.0,12288.0,1889975508,2224851609,4162945,4438449,75903,0,0,0,0,0,0,0,0,0,0,0,0,34737693,34710299,34948,34932,3095,0,0,0,0,0,0,0,0
1778080816.8233302,g2.hpc.coe,40875,0.5001,0,100.0,2035.0,12288.0,1931660714,2266503938,4204892,4480365,78298,0,0,0,0,0,0,0,0,0,0,0,0,41685206,41652329,41947,41916,2395,0,0,0,0,0,0,0,0
1778080817.323426,g2.hpc.coe,40875,0.5001,0,100.0,2035.0,12288.0,1972656503,2307469890,4246100,4521557,80297,0,0,0,0,0,0,0,0,0,0,0,0,40995789,40965952,41208,41192,1999,0,0,0,0,0,0,0,0
1778080817.8235266,g2.hpc.coe,40875,0.5001,0,100.0,2035.0,12288.0,2007394363,2342180091,4281052,4556475,81138,0,0,0,0,0,0,0,0,0,0,0,0,34737860,34710201,34952,34918,841,0,0,0,0,0,0,0,0
1778080818.3236198,g2.hpc.coe,40875,0.5001,0,100.0,2035.0,12288.0,2042822271,2377577256,4316748,4592145,82093,0,0,0,0,0,0,0,0,0,0,0,0,35427908,35397165,35696,35670,955,0,0,0,0,0,0,0,0
1778080818.8237145,g2.hpc.coe,40875,0.5001,0,100.0,2035.0,12288.0,2081938710,2417090692,4356596,4632242,82229,0,0,0,0,0,0,0,0,0,0,0,0,39116439,39513436,39848,40097,136,0,0,0,0,0,0,0,0
1778080819.3238075,g2.hpc.coe,40875,0.5001,0,100.0,2035.0,12288.0,2119245697,2453939834,4393643,4668979,82508,0,0,0,0,0,0,0,0,0,0,0,0,37306987,36849142,37047,36737,279,0,0,0,0,0,0,0,0
1778080819.823902,g2.hpc.coe,40875,0.5001,0,100.0,2035.0,12288.0,2153983735,2488650154,4428594,4703914,82526,0,0,0,0,0,0,0,0,0,0,0,0,34738038,34710320,34951,34935,18,0,0,0,0,0,0,0,0
1778080820.3239913,g2.hpc.coe,40875,0.5001,0,100.0,2035.0,12288.0,2194979103,2529615603,4469772,4745090,82562,0,0,0,0,0,0,0,0,0,0,0,0,40995368,40965449,41178,41176,36,0,0,0,0,0,0,0,0
1778080820.8240852,g2.hpc.coe,40875,0.5001,0,100.0,2035.0,12288.0,2230407299,2565012817,4505474,4780767,82591,0,0,0,0,0,0,0,0,0,0,0,0,35428196,35397214,35702,35677,29,0,0,0,0,0,0,0,0
1778080821.324179,g2.hpc.coe,40875,0.5001,0,100.0,2035.0,12288.0,2271394973,2605970512,4546646,4821914,83053,0,0,0,0,0,0,0,0,0,0,0,0,40987674,40957695,41172,41147,462,0,0,0,0,0,0,0,0
1778080821.8242698,g2.hpc.coe,40875,0.5001,0,100.0,2035.0,12288.0,2306830077,2641375444,4582366,4857617,84008,0,0,0,0,0,0,0,0,0,0,0,0,35435104,35404932,35720,35703,955,0,0,0,0,0,0,0,0
1778080822.3243651,g2.hpc.coe,40875,0.5001,0,100.0,2035.0,12288.0,2341567320,2676085742,4617319,4892551,84033,0,0,0,0,0,0,0,0,0,0,0,0,34737243,34710298,34953,34934,25,0,0,0,0,0,0,0,0
1778080822.8244543,g2.hpc.coe,40875,0.5001,0,100.0,2035.0,12288.0,2382561962,2717051148,4658511,4933723,84158,0,0,0,0,0,0,0,0,0,0,0,0,40994642,40965406,41192,41172,125,0,0,0,0,0,0,0,0
1778080823.3245513,g2.hpc.coe,40875,0.5001,0,100.0,2035.0,12288.0,2417989250,2752448277,4694201,4969390,84183,0,0,0,0,0,0,0,0,0,0,0,0,35427288,35397129,35690,35667,25,0,0,0,0,0,0,0,0
1778080823.8246455,g2.hpc.coe,40875,0.5001,0,100.0,2035.0,12288.0,2458288498,2793046572,4735218,5010530,84692,0,0,0,0,0,0,0,0,0,0,0,0,40299248,40598295,41017,41140,509,0,0,0,0,0,0,0,0
1778080824.324738,g2.hpc.coe,40875,0.5001,0,100.0,2035.0,12288.0,2494411589,2828810930,4771106,5046239,84716,0,0,0,0,0,0,0,0,0,0,0,0,36123091,35764358,35888,35709,24,0,0,0,0,0,0,0,0
1778080824.824838,g2.hpc.coe,40875,0.5001,0,100.0,2035.0,12288.0,2535398647,2869768603,4812267,5087385,85131,0,0,0,0,0,0,0,0,0,0,0,0,40987058,40957673,41161,41146,415,0,0,0,0,0,0,0,0
1778080825.3249261,g2.hpc.coe,40875,0.5001,0,100.0,2035.0,12288.0,2570143850,2904486599,4847239,5122340,85149,0,0,0,0,0,0,0,0,0,0,0,0,34745203,34717996,34972,34955,18,0,0,0,0,0,0,0,0
1778080825.8250124,g2.hpc.coe,40875,0.5001,0,100.0,2035.0,12288.0,2605571354,2939883777,4882927,5158014,85173,0,0,0,0,0,0,0,0,0,0,0,0,35427504,35397178,35688,35674,24,0,0,0,0,0,0,0,0
1778080826.3251069,g2.hpc.coe,40875,0.5001,0,100.0,2035.0,12288.0,2646566326,2980849191,4924118,5199185,86370,0,0,0,0,0,0,0,0,0,0,0,0,40994972,40965414,41191,41171,1197,0,0,0,0,0,0,0,0
1778080826.8251915,g2.hpc.coe,40875,0.5001,0,100.0,2035.0,12288.0,2681994022,3016246447,4959818,5234868,86836,0,0,0,0,0,0,0,0,0,0,0,0,35427696,35397256,35700,35683,466,0,0,0,0,0,0,0,0
1778080827.3252807,g2.hpc.coe,40875,0.5001,0,100.0,2035.0,12288.0,2716731734,3050956697,4994770,5269793,86856,0,0,0,0,0,0,0,0,0,0,0,0,34737712,34710250,34952,34925,20,0,0,0,0,0,0,0,0
1778080827.8253706,g2.hpc.coe,40875,0.5001,0,100.0,2035.0,12288.0,2757726901,3091922097,5035969,5310962,86990,0,0,0,0,0,0,0,0,0,0,0,0,40995167,40965400,41199,41169,134,0,0,0,0,0,0,0,0
1778080828.3254557,g2.hpc.coe,40875,0.5001,0,100.0,2035.0,12288.0,2793154707,3127319367,5071665,5346647,87012,0,0,0,0,0,0,0,0,0,0,0,0,35427806,35397270,35696,35685,22,0,0,0,0,0,0,0,0
1778080828.825543,g2.hpc.coe,40875,0.5001,0,100.0,2035.0,12288.0,2834150001,3168284851,5112869,5387828,89647,0,0,0,0,0,0,0,0,0,0,0,0,40995294,40965484,41204,41181,2635,0,0,0,0,0,0,0,0
1778080829.325633,g2.hpc.coe,40875,0.5001,0,100.0,2035.0,12288.0,2869577949,3203682085,5148563,5423501,89669,0,0,0,0,0,0,0,0,0,0,0,0,35427948,35397234,35694,35673,22,0,0,0,0,0,0,0,0
1778080829.825718,g2.hpc.coe,40875,0.5001,0,100.0,2035.0,12288.0,2904315933,3238392384,5183521,5458433,89692,0,0,0,0,0,0,0,0,0,0,0,0,34737984,34710299,34958,34932,23,0,0,0,0,0,0,0,0
1778080830.3258114,g2.hpc.coe,40875,0.5001,0,100.0,2035.0,12288.0,2945311267,3279357735,5224711,5499595,90682,0,0,0,0,0,0,0,0,0,0,0,0,40995334,40965351,41190,41162,990,0,0,0,0,0,0,0,0
1778080830.8258967,g2.hpc.coe,40875,0.5001,0,100.0,2035.0,12288.0,2980739394,3314754928,5260420,5535269,91757,0,0,0,0,0,0,0,0,0,0,0,0,35428127,35397193,35709,35674,1075,0,0,0,0,0,0,0,0
1778080831.3259814,g2.hpc.coe,40875,0.5001,0,100.0,2035.0,12288.0,3021734941,3355720384,5301625,5576446,98637,0,0,0,0,0,0,0,0,0,0,0,0,40995547,40965456,41205,41177,6880,0,0,0,0,0,0,0,0
1778080831.82607,g2.hpc.coe,40875,0.5001,0,100.0,2035.0,12288.0,3057163057,3391117591,5337317,5612122,98662,0,0,0,0,0,0,0,0,0,0,0,0,35428116,35397207,35692,35676,25,0,0,0,0,0,0,0,0
1778080832.326159,g2.hpc.coe,40875,0.5001,0,100.0,2035.0,12288.0,3098008656,3432075575,5378503,5653275,100352,0,0,0,0,0,0,0,0,0,0,0,0,40845599,40957984,41186,41153,1690,0,0,0,0,0,0,0,0
1778080832.8262558,g2.hpc.coe,40875,0.5001,0,100.0,2035.0,12288.0,3132896400,3466793694,5413477,5688227,100383,0,0,0,0,0,0,0,0,0,0,0,0,34887744,34718119,34974,34952,31,0,0,0,0,0,0,0,0
1778080833.3263416,g2.hpc.coe,40875,0.5001,0,100.0,2035.0,12288.0,3168323594,3502190844,5449168,5723897,100571,0,0,0,0,0,0,0,0,0,0,0,0,35427194,35397150,35691,35670,188,0,0,0,0,0,0,0,0
1778080833.8264236,g2.hpc.coe,40875,0.5001,0,100.0,2035.0,12288.0,3209318255,3543156187,5490364,5765060,102644,0,0,0,0,0,0,0,0,0,0,0,0,40994661,40965343,41196,41163,2073,0,0,0,0,0,0,0,0
1778080834.3265133,g2.hpc.coe,40875,0.5001,0,100.0,2035.0,12288.0,3244745640,3578553399,5526060,5800732,102674,0,0,0,0,0,0,0,0,0,0,0,0,35427385,35397212,35696,35672,30,0,0,0,0,0,0,0,0
1778080834.826599,g2.hpc.coe,40875,0.5001,0,100.0,2035.0,12288.0,3279483041,3613263606,5561017,5835653,103644,0,0,0,0,0,0,0,0,0,0,0,0,34737401,34710207,34957,34921,970,0,0,0,0,0,0,0,0
1778080835.3266814,g2.hpc.coe,40875,0.5001,0,100.0,2035.0,12288.0,3320477827,3654228942,5602211,5876815,103940,0,0,0,0,0,0,0,0,0,0,0,0,40994786,40965336,41194,41162,296,0,0,0,0,0,0,0,0
1778080835.826765,g2.hpc.coe,40875,0.5001,0,100.0,2035.0,12288.0,3355905344,3689626162,5637915,5912495,103971,0,0,0,0,0,0,0,0,0,0,0,0,35427517,35397220,35704,35680,31,0,0,0,0,0,0,0,0
1778080836.3268464,g2.hpc.coe,40875,0.5001,0,100.0,2035.0,12288.0,3396900209,3730591491,5679107,5953656,105097,0,0,0,0,0,0,0,0,0,0,0,0,40994865,40965329,41192,41161,1126,0,0,0,0,0,0,0,0
1778080836.8269274,g2.hpc.coe,40875,0.5001,0,100.0,2035.0,12288.0,3432327756,3765988690,5714802,5989333,105132,0,0,0,0,0,0,0,0,0,0,0,0,35427547,35397199,35695,35677,35,0,0,0,0,0,0,0,0
1778080837.327012,g2.hpc.coe,40875,0.5001,0,100.0,2035.0,12288.0,3467065355,3800698933,5749752,6024257,105161,0,0,0,0,0,0,0,0,0,0,0,0,34737599,34710243,34950,34924,29,0,0,0,0,0,0,0,0
1778080837.8270934,g2.hpc.coe,40875,0.5001,0,100.0,2035.0,12288.0,3508060465,3841664333,5790957,6065426,105186,0,0,0,0,0,0,0,0,0,0,0,0,40995110,40965400,41205,41169,25,0,0,0,0,0,0,0,0
1778080838.3271823,g2.hpc.coe,40875,0.5001,0,100.0,2035.0,12288.0,3543488235,3877061498,5826662,6101096,105209,0,0,0,0,0,0,0,0,0,0,0,0,35427770,35397165,35705,35670,23,0,0,0,0,0,0,0,0
1778080838.8272688,g2.hpc.coe,40875,0.5001,0,100.0,2035.0,12288.0,3584483325,3918026947,5867851,6142272,105437,0,0,0,0,0,0,0,0,0,0,0,0,40995090,40965449,41189,41176,228,0,0,0,0,0,0,0,0
1778080839.3273556,g2.hpc.coe,40875,0.5001,0,100.0,2035.0,12288.0,3619911216,3953424224,5903560,6177958,106614,0,0,0,0,0,0,0,0,0,0,0,0,35427891,35397277,35709,35686,1177,0,0,0,0,0,0,0,0
1778080839.8274367,g2.hpc.coe,40875,0.5001,0,100.0,2035.0,12288.0,3654649145,3988134641,5938515,6212900,106632,0,0,0,0,0,0,0,0,0,0,0,0,34737929,34710417,34955,34942,18,0,0,0,0,0,0,0,0
1778080840.3275216,g2.hpc.coe,40875,0.5001,0,100.0,2035.0,12288.0,3695644431,4029100069,5979712,6254073,107754,0,0,0,0,0,0,0,0,0,0,0,0,40995286,40965428,41197,41173,1122,0,0,0,0,0,0,0,0
1778080840.8276067,g2.hpc.coe,40875,0.5001,0,100.0,2035.0,12288.0,3731072392,4064497297,6015411,6289752,108298,0,0,0,0,0,0,0,0,0,0,0,0,35427961,35397228,35699,35679,544,0,0,0,0,0,0,0,0
1778080841.3276954,g2.hpc.coe,40875,0.5001,0,100.0,2035.0,12288.0,3772067743,4105462718,6056604,6330924,108347,0,0,0,0,0,0,0,0,0,0,0,0,40995351,40965421,41193,41172,49,0,0,0,0,0,0,0,0
1778080841.8277786,g2.hpc.coe,40875,0.5001,0,100.0,2035.0,12288.0,3807495838,4140859904,6092309,6366597,108384,0,0,0,0,0,0,0,0,0,0,0,0,35428095,35397186,35705,35673,37,0,0,0,0,0,0,0,0
1778080842.3278704,g2.hpc.coe,40875,0.5001,0,100.0,2035.0,12288.0,3843683473,4177259261,6129219,6403573,108427,0,0,0,0,0,0,0,0,0,0,0,0,36187635,36399357,36910,36976,43,0,0,0,0,0,0,0,0
1778080842.8279543,g2.hpc.coe,40875,0.5001,0,100.0,2035.0,12288.0,3883919570,4217222483,6169217,6443438,108879,0,0,0,0,0,0,0,0,0,0,0,0,40236097,39963222,39998,39865,452,0,0,0,0,0,0,0,0
1778080843.3280368,g2.hpc.coe,40875,0.5001,0,100.0,2035.0,12288.0,3918657740,4251932712,6204167,6478360,108908,0,0,0,0,0,0,0,0,0,0,0,0,34738170,34710229,34950,34922,29,0,0,0,0,0,0,0,0
1778080843.8281221,g2.hpc.coe,40875,0.5001,0,100.0,2035.0,12288.0,3959652354,4292898139,6245370,6519535,109006,0,0,0,0,0,0,0,0,0,0,0,0,40994614,40965427,41203,41175,98,0,0,0,0,0,0,0,0
1778080844.32821,g2.hpc.coe,40875,0.5001,0,100.0,2035.0,12288.0,3995079621,4328295324,6281072,6555210,109507,0,0,0,0,0,0,0,0,0,0,0,0,35427267,35397185,35702,35675,501,0,0,0,0,0,0,0,0
1778080844.8282926,g2.hpc.coe,40875,0.5001,0,100.0,2035.0,12288.0,4033349631,4367018309,6320062,6594311,109637,0,0,0,0,0,0,0,0,0,0,0,0,38270010,38722985,38990,39101,130,0,0,0,0,0,0,0,0
1778080845.3283756,g2.hpc.coe,40875,0.5001,0,100.0,2035.0,12288.0,4071501679,4404658005,6357967,6632063,109742,0,0,0,0,0,0,0,0,0,0,0,0,38152048,37639696,37905,37752,105,0,0,0,0,0,0,0,0
1778080845.8284566,g2.hpc.coe,40875,0.5001,0,100.0,2035.0,12288.0,4106239062,4439368303,6392922,6666997,109758,0,0,0,0,0,0,0,0,0,0,0,0,34737383,34710298,34955,34934,16,0,0,0,0,0,0,0,0
1778080846.3285484,g2.hpc.coe,40875,0.5001,0,100.0,2035.0,12288.0,4147233844,4480333653,6434116,6708161,112652,0,0,0,0,0,0,0,0,0,0,0,0,40994782,40965350,41194,41164,2894,0,0,0,0,0,0,0,0
1778080846.8286376,g2.hpc.coe,40875,0.5001,0,100.0,2035.0,12288.0,4182661294,4515730859,6469811,6743839,112956,0,0,0,0,0,0,0,0,0,0,0,0,35427450,35397206,35695,35678,304,0,0,0,0,0,0,0,0
1778080847.3287234,g2.hpc.coe,40875,0.5001,0,100.0,2035.0,12288.0,4223656777,4556696691,6511020,6785016,113978,0,0,0,0,0,0,0,0,0,0,0,0,40995483,40965832,41209,41177,1022,0,0,0,0,0,0,0,0
1778080847.8288124,g2.hpc.coe,40875,0.5001,0,100.0,2035.0,12288.0,4259084278,4592093939,6546709,6820700,113999,0,0,0,0,0,0,0,0,0,0,0,0,35427501,35397248,35689,35684,21,0,0,0,0,0,0,0,0
1778080848.3289118,g2.hpc.coe,40875,0.5001,0,100.0,2035.0,12288.0,4293822123,4626804486,6581663,6855636,114086,0,0,0,0,0,0,0,0,0,0,0,0,34737845,34710547,34954,34936,87,0,0,0,0,0,0,0,0
1778080848.828994,g2.hpc.coe,40875,0.5001,0,100.0,2035.0,12288.0,4334817147,4667769893,6622854,6896806,114116,0,0,0,0,0,0,0,0,0,0,0,0,40995024,40965407,41191,41170,30,0,0,0,0,0,0,0,0
1778080849.3290823,g2.hpc.coe,40875,0.5001,0,100.0,2035.0,12288.0,4370244879,4703167100,6658554,6932482,114334,0,0,0,0,0,0,0,0,0,0,0,0,35427732,35397207,35700,35676,218,0,0,0,0,0,0,0,0
1778080849.829165,g2.hpc.coe,40875,0.5001,0,100.0,2035.0,12288.0,4411240078,4744132576,6699750,6973655,117584,0,0,0,0,0,0,0,0,0,0,0,0,40995199,40965476,41196,41173,3250,0,0,0,0,0,0,0,0
1778080850.3292549,g2.hpc.coe,40875,0.5001,0,100.0,2035.0,12288.0,4446667973,4779529818,6735460,7009336,117603,0,0,0,0,0,0,0,0,0,0,0,0,35427895,35397242,35710,35681,19,0,0,0,0,0,0,0,0
1778080850.8293371,g2.hpc.coe,40875,0.5001,0,100.0,2035.0,12288.0,4481405877,4814240103,6770421,7044266,117630,0,0,0,0,0,0,0,0,0,0,0,0,34737904,34710285,34961,34930,27,0,0,0,0,0,0,0,0
1778080851.3294196,g2.hpc.coe,40875,0.5001,0,100.0,2035.0,12288.0,4522401138,4855205545,6811615,7085441,118351,0,0,0,0,0,0,0,0,0,0,0,0,40995261,40965442,41194,41175,721,0,0,0,0,0,0,0,0
1778080851.8295033,g2.hpc.coe,40875,0.5001,0,100.0,2035.0,12288.0,4557829102,4890602724,6847315,7121113,119797,0,0,0,0,0,0,0,0,0,0,0,0,35427964,35397179,35700,35672,1446,0,0,0,0,0,0,0,0
1778080852.3295846,g2.hpc.coe,40875,0.5001,0,100.0,2035.0,12288.0,4598824456,4931568110,6888509,7162280,123990,0,0,0,0,0,0,0,0,0,0,0,0,40995354,40965386,41194,41167,4193,0,0,0,0,0,0,0,0
1778080852.8296669,g2.hpc.coe,40875,0.5001,0,100.0,2035.0,12288.0,4634252513,4966965317,6924209,7197956,124130,0,0,0,0,0,0,0,0,0,0,0,0,35428057,35397207,35700,35676,140,0,0,0,0,0,0,0,0
1778080853.329748,g2.hpc.coe,40875,0.5001,0,100.0,2035.0,12288.0,4668990622,5001675623,6959166,7232889,124156,0,0,0,0,0,0,0,0,0,0,0,0,34738109,34710306,34957,34933,26,0,0,0,0,0,0,0,0
1778080853.829832,g2.hpc.coe,40875,0.5001,0,100.0,2035.0,12288.0,4709986075,5042640988,7000352,7274053,126154,0,0,0,0,0,0,0,0,0,0,0,0,40995453,40965365,41186,41164,1998,0,0,0,0,0,0,0,0
1778080854.329923,g2.hpc.coe,40875,0.5001,0,100.0,2035.0,12288.0,4745414300,5078038188,7036054,7309728,126287,0,0,0,0,0,0,0,0,0,0,0,0,35428225,35397200,35702,35675,133,0,0,0,0,0,0,0,0
1778080854.830011,g2.hpc.coe,40875,0.5001,0,100.0,2035.0,12288.0,4786408889,5119003649,7077245,7350901,128033,0,0,0,0,0,0,0,0,0,0,0,0,40994589,40965461,41191,41173,1746,0,0,0,0,0,0,0,0
1778080855.3300998,g2.hpc.coe,40875,0.5001,0,100.0,2035.0,12288.0,4821836111,5154400757,7112941,7386565,128688,0,0,0,0,0,0,0,0,0,0,0,0,35427222,35397108,35696,35664,655,0,0,0,0,0,0,0,0
1778080855.8301826,g2.hpc.coe,40875,0.5001,0,100.0,2035.0,12288.0,4856573419,5189111083,7147899,7421503,128724,0,0,0,0,0,0,0,0,0,0,0,0,34737308,34710326,34958,34938,36,0,0,0,0,0,0,0,0
1778080856.330264,g2.hpc.coe,40875,0.5001,0,100.0,2035.0,12288.0,4897568099,5230076580,7189092,7462688,130270,0,0,0,0,0,0,0,0,0,0,0,0,40994680,40965497,41193,41185,1546,0,0,0,0,0,0,0,0
1778080856.8303454,g2.hpc.coe,40875,0.5001,0,100.0,2035.0,12288.0,4932995530,5265473793,7224798,7498367,131631,0,0,0,0,0,0,0,0,0,0,0,0,35427431,35397213,35706,35679,1361,0,0,0,0,0,0,0,0
1778080857.33043,g2.hpc.coe,40875,0.5001,0,100.0,2035.0,12288.0,4973990373,5306439143,7266001,7539531,133815,0,0,0,0,0,0,0,0,0,0,0,0,40994843,40965350,41203,41164,2184,0,0,0,0,0,0,0,0
1778080857.8305147,g2.hpc.coe,40875,0.5001,0,100.0,2035.0,12288.0,5009417841,5341836314,7301699,7575204,133839,0,0,0,0,0,0,0,0,0,0,0,0,35427468,35397171,35698,35673,24,0,0,0,0,0,0,0,0
1778080858.330604,g2.hpc.coe,40875,0.5001,0,100.0,2035.0,12288.0,5044155346,5376546556,7336652,7610130,133855,0,0,0,0,0,0,0,0,0,0,0,0,34737505,34710242,34953,34926,16,0,0,0,0,0,0,0,0
1778080858.8306887,g2.hpc.coe,40875,0.5001,0,100.0,2035.0,12288.0,5085150271,5417511892,7377847,7651292,134997,0,0,0,0,0,0,0,0,0,0,0,0,40994925,40965336,41195,41162,1142,0,0,0,0,0,0,0,0
1778080859.3307724,g2.hpc.coe,40875,0.5001,0,100.0,2035.0,12288.0,5120577921,5452909099,7413549,7686968,135953,0,0,0,0,0,0,0,0,0,0,0,0,35427650,35397207,35702,35676,956,0,0,0,0,0,0,0,0
1778080859.8308656,g2.hpc.coe,40875,0.5001,0,100.0,2035.0,12288.0,5161573011,5493874506,7454752,7728138,136511,0,0,0,0,0,0,0,0,0,0,0,0,40995090,40965407,41203,41170,558,0,0,0,0,0,0,0,0
1778080860.3309524,g2.hpc.coe,40875,0.5001,0,100.0,2035.0,12288.0,5197000789,5529271768,7490450,7763815,136534,0,0,0,0,0,0,0,0,0,0,0,0,35427778,35397262,35698,35677,23,0,0,0,0,0,0,0,0
1778080860.8310392,g2.hpc.coe,40875,0.5001,0,100.0,2035.0,12288.0,5231738548,5563982046,7525404,7798854,136555,0,0,0,0,0,0,0,0,0,0,0,0,34737759,34710278,34954,35039,21,0,0,0,0,0,0,0,0
1778080861.3311229,g2.hpc.coe,40875,0.5001,0,100.0,2035.0,12288.0,5272733749,5604947509,7566603,7839922,146614,0,0,0,0,0,0,0,0,0,0,0,0,40995201,40965463,41199,41068,10059,0,0,0,0,0,0,0,0
1778080861.8312373,g2.hpc.coe,40875,0.5001,0,100.0,2035.0,12288.0,5308161783,5640344841,7602309,7875600,146712,0,0,0,0,0,0,0,0,0,0,0,0,35428034,35397332,35706,35678,98,0,0,0,0,0,0,0,0
1778080862.3313313,g2.hpc.coe,40875,0.5001,0,100.0,2035.0,12288.0,5349157562,5681310563,7643523,7916775,147991,0,0,0,0,0,0,0,0,0,0,0,0,40995779,40965722,41214,41175,1279,0,0,0,0,0,0,0,0
1778080862.8314195,g2.hpc.coe,40875,0.5001,0,100.0,2035.0,12288.0,5384585538,5716707749,7679225,7952448,148187,0,0,0,0,0,0,0,0,0,0,0,0,35427976,35397186,35702,35673,196,0,0,0,0,0,0,0,0
1778080863.3315046,g2.hpc.coe,40875,0.5001,0,100.0,2035.0,12288.0,5422528511,5754900271,7717791,7991159,152752,0,0,0,0,0,0,0,0,0,0,0,0,37942973,38192522,38566,38711,4565,0,0,0,0,0,0,0,0
1778080863.8315926,g2.hpc.coe,40875,0.5001,0,100.0,2035.0,12288.0,5461008959,5793070461,7756121,8029308,153480,0,0,0,0,0,0,0,0,0,0,0,0,38480448,38170190,38330,38149,728,0,0,0,0,0,0,0,0
1778080864.3316832,g2.hpc.coe,40875,0.5001,0,100.0,2035.0,12288.0,5495747023,5827780795,7791072,8064245,153498,0,0,0,0,0,0,0,0,0,0,0,0,34738064,34710334,34951,34937,18,0,0,0,0,0,0,0,0
1778080864.8317683,g2.hpc.coe,40875,0.5001,0,100.0,2035.0,12288.0,5536742544,5868746195,7832268,8105414,154270,0,0,0,0,0,0,0,0,0,0,0,0,40995521,40965400,41196,41169,772,0,0,0,0,0,0,0,0
1778080865.3318603,g2.hpc.coe,40875,0.5001,0,100.0,2035.0,12288.0,5572170851,5904143527,7867973,8141101,154301,0,0,0,0,0,0,0,0,0,0,0,0,35428307,35397332,35705,35687,31,0,0,0,0,0,0,0,0
1778080865.8319478,g2.hpc.coe,40875,0.5001,0,100.0,2035.0,12288.0,5612168389,5944275520,7908578,8181795,156636,0,0,0,0,0,0,0,0,0,0,0,0,39997538,40131993,40605,40694,2335,0,0,0,0,0,0,0,0
1778080866.3320398,g2.hpc.coe,40875,0.5001,0,100.0,2035.0,12288.0,5648592581,5980506062,7944858,8217940,157880,0,0,0,0,0,0,0,0,0,0,0,0,36424192,36230542,36280,36145,1244,0,0,0,0,0,0,0,0
1778080866.8321245,g2.hpc.coe,40875,0.5001,0,100.0,2035.0,12288.0,5683329860,6015216318,7979812,8252868,158854,0,0,0,0,0,0,0,0,0,0,0,0,34737279,34710256,34954,34928,974,0,0,0,0,0,0,0,0
1778080867.3322139,g2.hpc.coe,40875,0.5001,0,100.0,2035.0,12288.0,5724324552,6056181703,8021007,8294037,162685,0,0,0,0,0,0,0,0,0,0,0,0,40994692,40965385,41195,41169,3831,0,0,0,0,0,0,0,0
1778080867.832299,g2.hpc.coe,40875,0.5001,0,100.0,2035.0,12288.0,5759751968,6091578909,8056711,8329715,162846,0,0,0,0,0,0,0,0,0,0,0,0,35427416,35397206,35704,35678,161,0,0,0,0,0,0,0,0
1778080868.3323832,g2.hpc.coe,40875,0.5001,0,100.0,2035.0,12288.0,5800739006,6132536617,8097901,8370889,164822,0,0,0,0,0,0,0,0,0,0,0,0,40987038,40957708,41190,41174,1976,0,0,0,0,0,0,0,0
1778080868.8324683,g2.hpc.coe,40875,0.5001,0,100.0,2035.0,12288.0,5836174206,6167941514,8133602,8406564,165313,0,0,0,0,0,0,0,0,0,0,0,0,35435200,35404897,35701,35675,491,0,0,0,0,0,0,0,0
1778080869.332556,g2.hpc.coe,40875,0.5001,0,100.0,2035.0,12288.0,5870911683,6202651798,8168551,8441496,165337,0,0,0,0,0,0,0,0,0,0,0,0,34737477,34710284,34949,34932,24,0,0,0,0,0,0,0,0
1778080869.8326445,g2.hpc.coe,40875,0.5001,0,100.0,2035.0,12288.0,5911906566,6243617183,8209740,8482665,166176,0,0,0,0,0,0,0,0,0,0,0,0,40994883,40965385,41189,41169,839,0,0,0,0,0,0,0,0
1778080870.3327367,g2.hpc.coe,40875,0.5001,0,100.0,2035.0,12288.0,5947334194,6279014341,8245439,8518334,166207,0,0,0,0,0,0,0,0,0,0,0,0,35427628,35397158,35699,35669,31,0,0,0,0,0,0,0,0
1778080870.832822,g2.hpc.coe,40875,0.5001,0,100.0,2035.0,12288.0,5988329261,6319979818,8286639,8559514,169203,0,0,0,0,0,0,0,0,0,0,0,0,40995067,40965477,41200,41180,2996,0,0,0,0,0,0,0,0
1778080871.3329093,g2.hpc.coe,40875,0.5001,0,100.0,2035.0,12288.0,6023757017,6355377032,8322343,8595191,169508,0,0,0,0,0,0,0,0,0,0,0,0,35427756,35397214,35704,35677,305,0,0,0,0,0,0,0,0
1778080871.8329947,g2.hpc.coe,40875,0.5001,0,100.0,2035.0,12288.0,6058494747,6390087303,8357293,8630119,169535,0,0,0,0,0,0,0,0,0,0,0,0,34737730,34710271,34950,34928,27,0,0,0,0,0,0,0,0
1778080872.3330803,g2.hpc.coe,40875,0.5001,0,100.0,2035.0,12288.0,6099489961,6431052696,8398494,8671287,172051,0,0,0,0,0,0,0,0,0,0,0,0,40995214,40965393,41201,41168,2516,0,0,0,0,0,0,0,0
1778080872.8331716,g2.hpc.coe,40875,0.5001,0,100.0,2035.0,12288.0,6134917793,6466449938,8434189,8706968,172148,0,0,0,0,0,0,0,0,0,0,0,0,35427832,35397242,35695,35681,97,0,0,0,0,0,0,0,0
1778080873.3332582,g2.hpc.coe,40875,0.5001,0,100.0,2035.0,12288.0,6175913051,6507415387,8475383,8748144,174666,0,0,0,0,0,0,0,0,0,0,0,0,40995258,40965449,41194,41176,2518,0,0,0,0,0,0,0,0
1778080873.8333428,g2.hpc.coe,40875,0.5001,0,100.0,2035.0,12288.0,6211341039,6542812566,8511087,8783816,174931,0,0,0,0,0,0,0,0,0,0,0,0,35427988,35397179,35704,35672,265,0,0,0,0,0,0,0,0
1778080874.3334382,g2.hpc.coe,40875,0.5001,0,100.0,2035.0,12288.0,6246079037,6577522823,8546042,8818742,174959,0,0,0,0,0,0,0,0,0,0,0,0,34737998,34710257,34955,34926,28,0,0,0,0,0,0,0,0
1778080874.833527,g2.hpc.coe,40875,0.5001,0,100.0,2035.0,12288.0,6287074490,6618488258,8587244,8859916,177908,0,0,0,0,0,0,0,0,0,0,0,0,40995453,40965435,41202,41174,2949,0,0,0,0,0,0,0,0
1778080875.333616,g2.hpc.coe,40875,0.5001,0,100.0,2035.0,12288.0,6322502548,6653885409,8622938,8895584,178839,0,0,0,0,0,0,0,0,0,0,0,0,35428058,35397151,35694,35668,931,0,0,0,0,0,0,0,0
1778080875.8337023,g2.hpc.coe,40875,0.5001,0,100.0,2035.0,12288.0,6363498081,6694850795,8664136,8936751,180703,0,0,0,0,0,0,0,0,0,0,0,0,40995533,40965386,41198,41167,1864,0,0,0,0,0,0,0,0
1778080876.333788,g2.hpc.coe,40875,0.5001,0,100.0,2035.0,12288.0,6398926282,6730247981,8699835,8972424,181511,0,0,0,0,0,0,0,0,0,0,0,0,35428201,35397186,35699,35673,808,0,0,0,0,0,0,0,0
1778080876.833874,g2.hpc.coe,40875,0.5001,0,100.0,2035.0,12288.0,6433663445,6764958293,8734786,9007360,181534,0,0,0,0,0,0,0,0,0,0,0,0,34737163,34710312,34951,34936,23,0,0,0,0,0,0,0,0
1778080877.3339624,g2.hpc.coe,40875,0.5001,0,100.0,2035.0,12288.0,6474658657,6805924055,8775997,9048527,183100,0,0,0,0,0,0,0,0,0,0,0,0,40995212,40965762,41211,41167,1566,0,0,0,0,0,0,0,0
1778080877.8340569,g2.hpc.coe,40875,0.5001,0,100.0,2035.0,12288.0,6510085901,6841321275,8811690,9084207,183266,0,0,0,0,0,0,0,0,0,0,0,0,35427244,35397220,35693,35680,166,0,0,0,0,0,0,0,0
1778080878.3341517,g2.hpc.coe,40875,0.5001,0,100.0,2035.0,12288.0,6551080451,6882286653,8852865,9125375,184367,0,0,0,0,0,0,0,0,0,0,0,0,40994550,40965378,41175,41168,1101,0,0,0,0,0,0,0,0
1778080878.8342373,g2.hpc.coe,40875,0.5001,0,100.0,2035.0,12288.0,6586507788,6917683831,8888558,9161049,184384,0,0,0,0,0,0,0,0,0,0,0,0,35427337,35397178,35693,35674,17,0,0,0,0,0,0,0,0
1778080879.3343213,g2.hpc.coe,40875,0.5001,0,100.0,2035.0,12288.0,6621245204,6952394122,8923512,9195982,184408,0,0,0,0,0,0,0,0,0,0,0,0,34737416,34710291,34954,34933,24,0,0,0,0,0,0,0,0
1778080879.834407,g2.hpc.coe,40875,0.5001,0,100.0,2035.0,12288.0,6662240040,6993359570,8964708,9237160,185473,0,0,0,0,0,0,0,0,0,0,0,0,40994836,40965448,41196,41178,1065,0,0,0,0,0,0,0,0
1778080880.3344958,g2.hpc.coe,40875,0.5001,0,100.0,2035.0,12288.0,6697667488,7028756748,9000397,9272834,185869,0,0,0,0,0,0,0,0,0,0,0,0,35427448,35397178,35689,35674,396,0,0,0,0,0,0,0,0
1778080880.8345835,g2.hpc.coe,40875,0.5001,0,100.0,2035.0,12288.0,6738662375,7069722105,9041587,9313999,186104,0,0,0,0,0,0,0,0,0,0,0,0,40994887,40965357,41190,41165,235,0,0,0,0,0,0,0,0
1778080881.33467,g2.hpc.coe,40875,0.5001,0,100.0,2035.0,12288.0,6774089973,7105119410,9077282,9349689,186118,0,0,0,0,0,0,0,0,0,0,0,0,35427598,35397305,35695,35690,14,0,0,0,0,0,0,0,0
1778080881.8347578,g2.hpc.coe,40875,0.5001,0,100.0,2035.0,12288.0,6808827657,7139908543,9112459,9385057,186209,0,0,0,0,0,0,0,0,0,0,0,0,34737684,34789133,35177,35368,91,0,0,0,0,0,0,0,0
1778080882.3348696,g2.hpc.coe,40875,0.5001,0,100.0,2035.0,12288.0,6849995868,7181103295,9153856,9426406,188543,0,0,0,0,0,0,0,0,0,0,0,0,41168211,41194752,41397,41349,2334,0,0,0,0,0,0,0,0
1778080882.8349555,g2.hpc.coe,40875,0.5001,0,100.0,2035.0,12288.0,6885250442,7216192351,9189125,9461471,188574,0,0,0,0,0,0,0,0,0,0,0,0,35254574,35089056,35269,35065,31,0,0,0,0,0,0,0,0
1778080883.3350475,g2.hpc.coe,40875,0.5001,0,100.0,2035.0,12288.0,6926245625,7257157779,9230322,9502644,189812,0,0,0,0,0,0,0,0,0,0,0,0,40995183,40965428,41197,41173,1238,0,0,0,0,0,0,0,0
1778080883.835132,g2.hpc.coe,40875,0.5001,0,100.0,2035.0,12288.0,6961673476,7292555000,9266020,9538322,190177,0,0,0,0,0,0,0,0,0,0,0,0,35427851,35397221,35698,35678,365,0,0,0,0,0,0,0,0
1778080884.335215,g2.hpc.coe,40875,0.5001,0,100.0,2035.0,12288.0,6999541095,7330956045,9304476,9577254,190203,0,0,0,0,0,0,0,0,0,0,0,0,37867619,38401045,38456,38932,26,0,0,0,0,0,0,0,0
1778080884.835306,g2.hpc.coe,40875,0.5001,0,100.0,2035.0,12288.0,7038096576,7368917614,9342898,9615168,190925,0,0,0,0,0,0,0,0,0,0,0,0,38555481,37961569,38422,37914,722,0,0,0,0,0,0,0,0
1778080885.335395,g2.hpc.coe,40875,0.5001,0,100.0,2035.0,12288.0,7072834577,7403627948,9377854,9650105,190945,0,0,0,0,0,0,0,0,0,0,0,0,34738001,34710334,34956,34937,20,0,0,0,0,0,0,0,0
1778080885.8354807,g2.hpc.coe,40875,0.5001,0,100.0,2035.0,12288.0,7113829970,7444593355,9419048,9691275,192033,0,0,0,0,0,0,0,0,0,0,0,0,40995393,40965407,41194,41170,1088,0,0,0,0,0,0,0,0
1778080886.3355756,g2.hpc.coe,40875,0.5001,0,100.0,2035.0,12288.0,7149258122,7479990583,9454756,9726954,192052,0,0,0,0,0,0,0,0,0,0,0,0,35428152,35397228,35708,35679,19,0,0,0,0,0,0,0,0
1778080886.8356612,g2.hpc.coe,40875,0.5001,0,100.0,2035.0,12288.0,7189858352,7520857798,9495917,9768100,193559,0,0,0,0,0,0,0,0,0,0,0,0,40600230,40867215,41161,41146,1507,0,0,0,0,0,0,0,0
1778080887.3357458,g2.hpc.coe,40875,0.5001,0,100.0,2035.0,12288.0,7225681876,7556353148,9531657,9803793,195578,0,0,0,0,0,0,0,0,0,0,0,0,35823524,35495350,35740,35693,2019,0,0,0,0,0,0,0,0
1778080887.83583,g2.hpc.coe,40875,0.5001,0,100.0,2035.0,12288.0,7260419064,7591063411,9566612,9838722,195610,0,0,0,0,0,0,0,0,0,0,0,0,34737188,34710263,34955,34929,32,0,0,0,0,0,0,0,0
1778080888.3359137,g2.hpc.coe,40875,0.5001,0,100.0,2035.0,12288.0,7302103659,7632715753,9608551,9880642,195790,0,0,0,0,0,0,0,0,0,0,0,0,41684595,41652342,41939,41920,180,0,0,0,0,0,0,0,0
1778080888.8359985,g2.hpc.coe,40875,0.5001,0,100.0,2035.0,12288.0,7336840925,7667426023,9643504,9915572,195815,0,0,0,0,0,0,0,0,0,0,0,0,34737266,34710270,34953,34930,25,0,0,0,0,0,0,0,0
1778080889.3360856,g2.hpc.coe,40875,0.5001,0,100.0,2035.0,12288.0,7377835569,7708391401,9684693,9956740,197587,0,0,0,0,0,0,0,0,0,0,0,0,40994644,40965378,41189,41168,1772,0,0,0,0,0,0,0,0
1778080889.8361704,g2.hpc.coe,40875,0.5001,0,100.0,2035.0,12288.0,7413262923,7743788551,9720389,9992410,197605,0,0,0,0,0,0,0,0,0,0,0,0,35427354,35397150,35696,35670,18,0,0,0,0,0,0,0,0
1778080890.3362622,g2.hpc.coe,40875,0.5001,0,100.0,2035.0,12288.0,7448000328,7778498758,9755342,10027331,198138,0,0,0,0,0,0,0,0,0,0,0,0,34737405,34710207,34953,34921,533,0,0,0,0,0,0,0,0
1778080890.8363485,g2.hpc.coe,40875,0.5001,0,100.0,2035.0,12288.0,7488995224,7819464192,9796547,10068507,198876,0,0,0,0,0,0,0,0,0,0,0,0,40994896,40965434,41205,41176,738,0,0,0,0,0,0,0,0
1778080891.3364336,g2.hpc.coe,40875,0.5001,0,100.0,2035.0,12288.0,7524422816,7854861272,9832257,10104167,200803,0,0,0,0,0,0,0,0,0,0,0,0,35427592,35397080,35710,35660,1927,0,0,0,0,0,0,0,0
1778080891.8365304,g2.hpc.coe,40875,0.5001,0,100.0,2035.0,12288.0,7565417771,7895826643,9873457,10145334,202683,0,0,0,0,0,0,0,0,0,0,0,0,40994955,40965371,41200,41167,1880,0,0,0,0,0,0,0,0
1778080892.3366187,g2.hpc.coe,40875,0.5001,0,100.0,2035.0,12288.0,7600846003,7931224297,9909171,10181018,202707,0,0,0,0,0,0,0,0,0,0,0,0,35428232,35397654,35714,35684,24,0,0,0,0,0,0,0,0
1778080892.8367064,g2.hpc.coe,40875,0.5001,0,100.0,2035.0,12288.0,7635585015,7965935464,9944154,10215962,202767,0,0,0,0,0,0,0,0,0,0,0,0,34739012,34711167,34983,34944,60,0,0,0,0,0,0,0,0
1778080893.3368087,g2.hpc.coe,40875,0.5001,0,100.0,2035.0,12288.0,7676580167,8006900836,9985360,10257127,204009,0,0,0,0,0,0,0,0,0,0,0,0,40995152,40965372,41206,41165,1242,0,0,0,0,0,0,0,0
1778080893.8368936,g2.hpc.coe,40875,0.5001,0,100.0,2035.0,12288.0,7712007973,8042298099,10021065,10292811,204036,0,0,0,0,0,0,0,0,0,0,0,0,35427806,35397263,35705,35684,27,0,0,0,0,0,0,0,0
1778080894.3369937,g2.hpc.coe,40875,0.5001,0,100.0,2035.0,12288.0,7753003127,8083263499,10062258,10333980,205644,0,0,0,0,0,0,0,0,0,0,0,0,40995154,40965400,41193,41169,1608,0,0,0,0,0,0,0,0
1778080894.8370876,g2.hpc.coe,40875,0.5001,0,100.0,2035.0,12288.0,7788430936,8118660685,10097950,10369653,206289,0,0,0,0,0,0,0,0,0,0,0,0,35427809,35397186,35692,35673,645,0,0,0,0,0,0,0,0
1778080895.3371718,g2.hpc.coe,40875,0.5001,0,100.0,2035.0,12288.0,7823168881,8153370970,10132911,10404583,206307,0,0,0,0,0,0,0,0,0,0,0,0,34737945,34710285,34961,34930,18,0,0,0,0,0,0,0,0
1778080895.8372571,g2.hpc.coe,40875,0.5001,0,100.0,2035.0,12288.0,7864164323,8194336432,10174116,10445754,208513,0,0,0,0,0,0,0,0,0,0,0,0,40995442,40965462,41205,41171,2206,0,0,0,0,0,0,0,0
1778080896.3373418,g2.hpc.coe,40875,0.5001,0,100.0,2035.0,12288.0,7899592385,8229733639,10209824,10481430,209031,0,0,0,0,0,0,0,0,0,0,0,0,35428062,35397207,35708,35676,518,0,0,0,0,0,0,0,0
1778080896.8374252,g2.hpc.coe,40875,0.5001,0,100.0,2035.0,12288.0,7940587782,8270699067,10251018,10522603,210442,0,0,0,0,0,0,0,0,0,0,0,0,40995397,40965428,41194,41173,1411,0,0,0,0,0,0,0,0
1778080897.3375094,g2.hpc.coe,40875,0.5001,0,100.0,2035.0,12288.0,7976015903,8306096246,10286721,10558275,210502,0,0,0,0,0,0,0,0,0,0,0,0,35428121,35397179,35703,35672,60,0,0,0,0,0,0,0,0
1778080897.8375955,g2.hpc.coe,40875,0.5001,0,100.0,2035.0,12288.0,8010754007,8340806538,10321669,10593206,210531,0,0,0,0,0,0,0,0,0,0,0,0,34738104,34710292,34948,34931,29,0,0,0,0,0,0,0,0
1778080898.337707,g2.hpc.coe,40875,0.5001,0,100.0,2035.0,12288.0,8051749559,8381771994,10362863,10634383,212426,0,0,0,0,0,0,0,0,0,0,0,0,40995552,40965456,41194,41177,1895,0,0,0,0,0,0,0,0
1778080898.8377964,g2.hpc.coe,40875,0.5001,0,100.0,2035.0,12288.0,8087176718,8417169123,10398557,10670050,212452,0,0,0,0,0,0,0,0,0,0,0,0,35427159,35397129,35694,35667,26,0,0,0,0,0,0,0,0
1778080899.3378832,g2.hpc.coe,40875,0.5001,0,100.0,2035.0,12288.0,8128171317,8458134515,10439752,10711220,214288,0,0,0,0,0,0,0,0,0,0,0,0,40994599,40965392,41195,41170,1836,0,0,0,0,0,0,0,0
1778080899.8379653,g2.hpc.coe,40875,0.5001,0,100.0,2035.0,12288.0,8163598598,8493531672,10475450,10746891,214313,0,0,0,0,0,0,0,0,0,0,0,0,35427281,35397157,35698,35671,25,0,0,0,0,0,0,0,0
1778080900.3380475,g2.hpc.coe,40875,0.5001,0,100.0,2035.0,12288.0,8198335952,8528241956,10510408,10781823,214376,0,0,0,0,0,0,0,0,0,0,0,0,34737354,34710284,34958,34932,63,0,0,0,0,0,0,0,0
1778080900.83813,g2.hpc.coe,40875,0.5001,0,100.0,2035.0,12288.0,8239330678,8569207383,10551601,10822998,216243,0,0,0,0,0,0,0,0,0,0,0,0,40994726,40965427,41193,41175,1867,0,0,0,0,0,0,0,0
1778080901.338214,g2.hpc.coe,40875,0.5001,0,100.0,2035.0,12288.0,8274758121,8604604596,10587302,10858677,217055,0,0,0,0,0,0,0,0,0,0,0,0,35427443,35397213,35701,35679,812,0,0,0,0,0,0,0,0
1778080901.8382967,g2.hpc.coe,40875,0.5001,0,100.0,2035.0,12288.0,8315752975,8645569946,10628500,10899841,217725,0,0,0,0,0,0,0,0,0,0,0,0,40994854,40965350,41198,41164,670,0,0,0,0,0,0,0,0
1778080902.33839,g2.hpc.coe,40875,0.5001,0,100.0,2035.0,12288.0,8351180525,8680967138,10664203,10935517,218387,0,0,0,0,0,0,0,0,0,0,0,0,35427550,35397192,35703,35676,662,0,0,0,0,0,0,0,0
1778080902.8384755,g2.hpc.coe,40875,0.5001,0,100.0,2035.0,12288.0,8387432528,8718060347,10701131,10973640,219072,0,0,0,0,0,0,0,0,0,0,0,0,36252003,37093209,36928,38123,685,0,0,0,0,0,0,0,0
1778080903.3385584,g2.hpc.coe,40875,0.5001,0,100.0,2035.0,12288.0,8427472924,8757329591,10741096,11012365,221237,0,0,0,0,0,0,0,0,0,0,0,0,40040396,39269244,39965,38725,2165,0,0,0,0,0,0,0,0
1778080903.8386428,g2.hpc.coe,40875,0.5001,0,100.0,2035.0,12288.0,8462340766,8792040071,10776053,11047300,223241,0,0,0,0,0,0,0,0,0,0,0,0,34867842,34710480,34957,34935,2004,0,0,0,0,0,0,0,0
1778080904.338725,g2.hpc.coe,40875,0.5001,0,100.0,2035.0,12288.0,8503335919,8833005492,10817258,11088472,223909,0,0,0,0,0,0,0,0,0,0,0,0,40995153,40965421,41205,41172,668,0,0,0,0,0,0,0,0
1778080904.838809,g2.hpc.coe,40875,0.5001,0,100.0,2035.0,12288.0,8538763726,8868402699,10852962,11124148,223944,0,0,0,0,0,0,0,0,0,0,0,0,35427807,35397207,35704,35676,35,0,0,0,0,0,0,0,0
1778080905.3388917,g2.hpc.coe,40875,0.5001,0,100.0,2035.0,12288.0,8576650888,8906798029,10891592,11163109,224738,0,0,0,0,0,0,0,0,0,0,0,0,37887162,38395330,38630,38961,794,0,0,0,0,0,0,0,0
1778080905.838982,g2.hpc.coe,40875,0.5001,0,100.0,2035.0,12288.0,8615186727,8944765285,10929850,11200990,226618,0,0,0,0,0,0,0,0,0,0,0,0,38535839,37967256,38258,37881,1880,0,0,0,0,0,0,0,0
1778080906.339089,g2.hpc.coe,40875,0.5001,0,100.0,2035.0,12288.0,8649924589,8979475563,10964798,11235919,227200,0,0,0,0,0,0,0,0,0,0,0,0,34737862,34710278,34948,34929,582,0,0,0,0,0,0,0,0
1778080906.8391948,g2.hpc.coe,40875,0.5001,0,100.0,2035.0,12288.0,8690919850,9020440942,11005985,11277085,228260,0,0,0,0,0,0,0,0,0,0,0,0,40995261,40965379,41187,41166,1060,0,0,0,0,0,0,0,0
1778080907.3392856,g2.hpc.coe,40875,0.5001,0,100.0,2035.0,12288.0,8726348444,9055838645,11041696,11312776,228288,0,0,0,0,0,0,0,0,0,0,0,0,35428594,35397703,35711,35691,28,0,0,0,0,0,0,0,0
1778080907.8393779,g2.hpc.coe,40875,0.5001,0,100.0,2035.0,12288.0,8767343834,9096804059,11082888,11353947,231308,0,0,0,0,0,0,0,0,0,0,0,0,40995390,40965414,41192,41171,3020,0,0,0,0,0,0,0,0
1778080908.339467,g2.hpc.coe,40875,0.5001,0,100.0,2035.0,12288.0,8802772235,9132201472,11118596,11389621,231899,0,0,0,0,0,0,0,0,0,0,0,0,35428401,35397413,35708,35674,591,0,0,0,0,0,0,0,0
1778080908.8395567,g2.hpc.coe,40875,0.5001,0,100.0,2035.0,12288.0,8837510431,9166911757,11153554,11424551,231925,0,0,0,0,0,0,0,0,0,0,0,0,34738196,34710285,34958,34930,26,0,0,0,0,0,0,0,0
1778080909.3396618,g2.hpc.coe,40875,0.5001,0,100.0,2035.0,12288.0,8878506061,9207877164,11194758,11465721,232984,0,0,0,0,0,0,0,0,0,0,0,0,40995630,40965407,41204,41170,1059,0,0,0,0,0,0,0,0
1778080909.839749,g2.hpc.coe,40875,0.5001,0,100.0,2035.0,12288.0,8913933263,9243274286,11230457,11501387,233582,0,0,0,0,0,0,0,0,0,0,0,0,35427202,35397122,35699,35666,598,0,0,0,0,0,0,0,0
1778080910.3398151,g2.hpc.coe,40875,0.5001,0,100.0,2035.0,12288.0,8954927912,9284239664,11271658,11542555,237604,0,0,0,0,0,0,0,0,0,0,0,0,40994649,40965378,41201,41168,4022,0,0,0,0,0,0,0,0
1778080910.8399,g2.hpc.coe,40875,0.5001,0,100.0,2035.0,12288.0,8990355229,9319636807,11307360,11578224,237817,0,0,0,0,0,0,0,0,0,0,0,0,35427317,35397143,35702,35669,213,0,0,0,0,0,0,0,0
1778080911.339988,g2.hpc.coe,40875,0.5001,0,100.0,2035.0,12288.0,9025092549,9354347105,11342312,11613158,237834,0,0,0,0,0,0,0,0,0,0,0,0,34737320,34710298,34952,34934,17,0,0,0,0,0,0,0,0
1778080911.8400753,g2.hpc.coe,40875,0.5001,0,100.0,2035.0,12288.0,9066087275,9395312532,11383504,11654333,241992,0,0,0,0,0,0,0,0,0,0,0,0,40994726,40965427,41192,41175,4158,0,0,0,0,0,0,0,0
1778080912.3401651,g2.hpc.coe,40875,0.5001,0,100.0,2035.0,12288.0,9101514648,9430709668,11419194,11690001,242014,0,0,0,0,0,0,0,0,0,0,0,0,35427373,35397136,35690,35668,22,0,0,0,0,0,0,0,0
1778080912.8402493,g2.hpc.coe,40875,0.5001,0,100.0,2035.0,12288.0,9142509475,9471675081,11460387,11731174,243345,0,0,0,0,0,0,0,0,0,0,0,0,40994827,40965413,41193,41173,1331,0,0,0,0,0,0,0,0
1778080913.3403387,g2.hpc.coe,40875,0.5001,0,100.0,2035.0,12288.0,9177936977,9507072287,11496082,11766852,245999,0,0,0,0,0,0,0,0,0,0,0,0,35427502,35397206,35695,35678,2654,0,0,0,0,0,0,0,0
1778080913.8404267,g2.hpc.coe,40875,0.5001,0,100.0,2035.0,12288.0,9212674553,9541782536,11531037,11801779,246025,0,0,0,0,0,0,0,0,0,0,0,0,34737576,34710249,34955,34927,26,0,0,0,0,0,0,0,0
1778080914.3405218,g2.hpc.coe,40875,0.5001,0,100.0,2035.0,12288.0,9253669606,9582747992,11572240,11842956,248717,0,0,0,0,0,0,0,0,0,0,0,0,40995053,40965456,41203,41177,2692,0,0,0,0,0,0,0,0
1778080914.8406072,g2.hpc.coe,40875,0.5001,0,100.0,2035.0,12288.0,9289097307,9618145227,11607941,11878636,248735,0,0,0,0,0,0,0,0,0,0,0,0,35427701,35397235,35701,35680,18,0,0,0,0,0,0,0,0
1778080915.3406975,g2.hpc.coe,40875,0.5001,0,100.0,2035.0,12288.0,9330092363,9659110613,11649131,11919803,254892,0,0,0,0,0,0,0,0,0,0,0,0,40995056,40965386,41190,41167,6157,0,0,0,0,0,0,0,0
1778080915.8407822,g2.hpc.coe,40875,0.5001,0,100.0,2035.0,12288.0,9365520130,9694507813,11684828,11955478,255850,0,0,0,0,0,0,0,0,0,0,0,0,35427767,35397200,35697,35675,958,0,0,0,0,0,0,0,0
1778080916.3408678,g2.hpc.coe,40875,0.5001,0,100.0,2035.0,12288.0,9400257907,9729218140,11719776,11990414,255877,0,0,0,0,0,0,0,0,0,0,0,0,34737777,34710327,34948,34936,27,0,0,0,0,0,0,0,0
1778080916.8409514,g2.hpc.coe,40875,0.5001,0,100.0,2035.0,12288.0,9441253174,9770183575,11760976,12031588,257474,0,0,0,0,0,0,0,0,0,0,0,0,40995267,40965435,41200,41174,1597,0,0,0,0,0,0,0,0
1778080917.341036,g2.hpc.coe,40875,0.5001,0,100.0,2035.0,12288.0,9476681124,9805580775,11796679,12067263,257500,0,0,0,0,0,0,0,0,0,0,0,0,35427950,35397200,35703,35675,26,0,0,0,0,0,0,0,0
1778080917.84113,g2.hpc.coe,40875,0.5001,0,100.0,2035.0,12288.0,9517676359,9846546147,11837861,12108428,259177,0,0,0,0,0,0,0,0,0,0,0,0,40995235,40965372,41182,41165,1677,0,0,0,0,0,0,0,0
1778080918.3412228,g2.hpc.coe,40875,0.5001,0,100.0,2035.0,12288.0,9553104367,9881943354,11873559,12144104,259190,0,0,0,0,0,0,0,0,0,0,0,0,35428008,35397207,35698,35676,13,0,0,0,0,0,0,0,0
1778080918.8413088,g2.hpc.coe,40875,0.5001,0,100.0,2035.0,12288.0,9587842364,9916653667,11908505,12179038,259565,0,0,0,0,0,0,0,0,0,0,0,0,34737997,34710313,34946,34934,375,0,0,0,0,0,0,0,0
1778080919.341395,g2.hpc.coe,40875,0.5001,0,100.0,2035.0,12288.0,9628837860,9957619074,11949702,12220208,261903,0,0,0,0,0,0,0,0,0,0,0,0,40995496,40965407,41197,41170,2338,0,0,0,0,0,0,0,0
1778080919.8414824,g2.hpc.coe,40875,0.5001,0,100.0,2035.0,12288.0,9664266045,9993016218,11985403,12255875,261932,0,0,0,0,0,0,0,0,0,0,0,0,35428185,35397144,35701,35667,29,0,0,0,0,0,0,0,0
1778080920.3415706,g2.hpc.coe,40875,0.5001,0,100.0,2035.0,12288.0,9705261669,10033981660,12026605,12297050,263546,0,0,0,0,0,0,0,0,0,0,0,0,40995624,40965442,41202,41175,1614,0,0,0,0,0,0,0,0
1778080920.8416548,g2.hpc.coe,40875,0.5001,0,100.0,2035.0,12288.0,9740688922,10069378838,12062310,12332724,263915,0,0,0,0,0,0,0,0,0,0,0,0,35427253,35397178,35705,35674,369,0,0,0,0,0,0,0,0
1778080921.3417425,g2.hpc.coe,40875,0.5001,0,100.0,2035.0,12288.0,9778376778,10107875046,12100668,12371772,266846,0,0,0,0,0,0,0,0,0,0,0,0,37687856,38496208,38358,39048,2931,0,0,0,0,0,0,0,0
1778080921.8418407,g2.hpc.coe,40875,0.5001,0,100.0,2035.0,12288.0,9816420821,10145054458,12138457,12408828,268159,0,0,0,0,0,0,0,0,0,0,0,0,38044043,37179412,37789,37056,1313,0,0,0,0,0,0,0,0
1778080922.3419404,g2.hpc.coe,40875,0.5001,0,100.0,2035.0,12288.0,9851848733,10180452055,12174164,12444496,268661,0,0,0,0,0,0,0,0,0,0,0,0,35427912,35397597,35707,35668,502,0,0,0,0,0,0,0,0
1778080922.8420336,g2.hpc.coe,40875,0.5001,0,100.0,2035.0,12288.0,9892843463,10221417412,12215355,12485661,269843,0,0,0,0,0,0,0,0,0,0,0,0,40994730,40965357,41191,41165,1182,0,0,0,0,0,0,0,0
1778080923.3421233,g2.hpc.coe,40875,0.5001,0,100.0,2035.0,12288.0,9928270890,10256814555,12251051,12521330,269973,0,0,0,0,0,0,0,0,0,0,0,0,35427427,35397143,35696,35669,130,0,0,0,0,0,0,0,0
1778080923.842211,g2.hpc.coe,40875,0.5001,0,100.0,2035.0,12288.0,9965603495,10294960324,12289040,12559992,270738,0,0,0,0,0,0,0,0,0,0,0,0,37332605,38145769,37989,38662,765,0,0,0,0,0,0,0,0
1778080924.3422964,g2.hpc.coe,40875,0.5001,0,100.0,2035.0,12288.0,10004693243,10333177076,12327939,12598167,272488,0,0,0,0,0,0,0,0,0,0,0,0,39089748,38216752,38899,38175,1750,0,0,0,0,0,0,0,0
1778080924.842385,g2.hpc.coe,40875,0.5001,0,100.0,2035.0,12288.0,10039430867,10367887382,12362897,12633100,272809,0,0,0,0,0,0,0,0,0,0,0,0,34737624,34710306,34958,34933,321,0,0,0,0,0,0,0,0
1778080925.342471,g2.hpc.coe,40875,0.5001,0,100.0,2035.0,12288.0,10080425863,10408852782,12404090,12674269,273424,0,0,0,0,0,0,0,0,0,0,0,0,40994996,40965400,41193,41169,615,0,0,0,0,0,0,0,0
1778080925.842557,g2.hpc.coe,40875,0.5001,0,100.0,2035.0,12288.0,10115853576,10444249996,12439791,12709946,273476,0,0,0,0,0,0,0,0,0,0,0,0,35427713,35397214,35701,35677,52,0,0,0,0,0,0,0,0
1778080926.3426518,g2.hpc.coe,40875,0.5001,0,100.0,2035.0,12288.0,10154464996,10483180115,12479106,12749453,274924,0,0,0,0,0,0,0,0,0,0,0,0,38611420,38930119,39315,39507,1448,0,0,0,0,0,0,0,0
1778080926.842738,g2.hpc.coe,40875,0.5001,0,100.0,2035.0,12288.0,10192276558,10520612693,12516688,12786797,276734,0,0,0,0,0,0,0,0,0,0,0,0,37811562,37432578,37582,37344,1810,0,0,0,0,0,0,0,0
1778080927.3428242,g2.hpc.coe,40875,0.5001,0,100.0,2035.0,12288.0,10227014328,10555323013,12551633,12821732,276754,0,0,0,0,0,0,0,0,0,0,0,0,34737770,34710320,34945,34935,20,0,0,0,0,0,0,0,0
1778080927.8429163,g2.hpc.coe,40875,0.5001,0,100.0,2035.0,12288.0,10268009554,10596288434,12592825,12862904,279601,0,0,0,0,0,0,0,0,0,0,0,0,40995226,40965421,41192,41172,2847,0,0,0,0,0,0,0,0
1778080928.3430033,g2.hpc.coe,40875,0.5001,0,100.0,2035.0,12288.0,10303437554,10631685655,12628533,12898582,279633,0,0,0,0,0,0,0,0,0,0,0,0,35428000,35397221,35708,35678,32,0,0,0,0,0,0,0,0
1778080928.8430915,g2.hpc.coe,40875,0.5001,0,100.0,2035.0,12288.0,10343472075,10672183686,12669429,12939726,281870,0,0,0,0,0,0,0,0,0,0,0,0,40034521,40498031,40896,41144,2237,0,0,0,0,0,0,0,0
1778080929.3431773,g2.hpc.coe,40875,0.5001,0,100.0,2035.0,12288.0,10379860991,10708048269,12705436,12975428,282042,0,0,0,0,0,0,0,0,0,0,0,0,36388916,35864583,36007,35702,172,0,0,0,0,0,0,0,0
1778080929.8432612,g2.hpc.coe,40875,0.5001,0,100.0,2035.0,12288.0,10414599012,10742758533,12740383,13010355,282067,0,0,0,0,0,0,0,0,0,0,0,0,34738021,34710264,34947,34927,25,0,0,0,0,0,0,0,0
1778080930.3433528,g2.hpc.coe,40875,0.5001,0,100.0,2035.0,12288.0,10455594469,10783723898,12781572,13051519,283143,0,0,0,0,0,0,0,0,0,0,0,0,40995457,40965365,41189,41164,1076,0,0,0,0,0,0,0,0
1778080930.8434412,g2.hpc.coe,40875,0.5001,0,100.0,2035.0,12288.0,10491022644,10819121077,12817269,13087191,283212,0,0,0,0,0,0,0,0,0,0,0,0,35428175,35397179,35697,35672,69,0,0,0,0,0,0,0,0
1778080931.3435285,g2.hpc.coe,40875,0.5001,0,100.0,2035.0,12288.0,10532017177,10860086434,12858463,13128356,283416,0,0,0,0,0,0,0,0,0,0,0,0,40994533,40965357,41194,41165,204,0,0,0,0,0,0,0,0
1778080931.843615,g2.hpc.coe,40875,0.5001,0,100.0,2035.0,12288.0,10567444435,10895483612,12894166,13164030,284735,0,0,0,0,0,0,0,0,0,0,0,0,35427258,35397178,35703,35674,1319,0,0,0,0,0,0,0,0
1778080932.3437016,g2.hpc.coe,40875,0.5001,0,100.0,2035.0,12288.0,10602181703,10930193903,12929120,13198963,284755,0,0,0,0,0,0,0,0,0,0,0,0,34737268,34710291,34954,34933,20,0,0,0,0,0,0,0,0
1778080932.84379,g2.hpc.coe,40875,0.5001,0,100.0,2035.0,12288.0,10643176337,10971159260,12970308,13240128,285897,0,0,0,0,0,0,0,0,0,0,0,0,40994634,40965357,41188,41165,1142,0,0,0,0,0,0,0,0
1778080933.343875,g2.hpc.coe,40875,0.5001,0,100.0,2035.0,12288.0,10678603681,11006556424,13006003,13275800,286237,0,0,0,0,0,0,0,0,0,0,0,0,35427344,35397164,35695,35672,340,0,0,0,0,0,0,0,0
1778080933.8439608,g2.hpc.coe,40875,0.5001,0,100.0,2035.0,12288.0,10719598465,11047521753,13047199,13316961,287797,0,0,0,0,0,0,0,0,0,0,0,0,40994784,40965329,41196,41161,1560,0,0,0,0,0,0,0,0
1778080934.3440568,g2.hpc.coe,40875,0.5001,0,100.0,2035.0,12288.0,10755025862,11082918938,13082888,13352636,288249,0,0,0,0,0,0,0,0,0,0,0,0,35427397,35397185,35689,35675,452,0,0,0,0,0,0,0,0
1778080934.8441415,g2.hpc.coe,40875,0.5001,0,100.0,2035.0,12288.0,10789763346,11117629166,13117839,13387560,288282,0,0,0,0,0,0,0,0,0,0,0,0,34737484,34710228,34951,34924,33,0,0,0,0,0,0,0,0
1778080935.344227,g2.hpc.coe,40875,0.5001,0,100.0,2035.0,12288.0,10830758273,11158594509,13159035,13428723,288976,0,0,0,0,0,0,0,0,0,0,0,0,40994927,40965343,41196,41163,694,0,0,0,0,0,0,0,0
1778080935.844323,g2.hpc.coe,40875,0.5001,0,100.0,2035.0,12288.0,10866185897,11193991674,13194734,13464393,288998,0,0,0,0,0,0,0,0,0,0,0,0,35427624,35397165,35699,35670,22,0,0,0,0,0,0,0,0
1778080936.3444083,g2.hpc.coe,40875,0.5001,0,100.0,2035.0,12288.0,10907180891,11234957102,13235924,13505566,294948,0,0,0,0,0,0,0,0,0,0,0,0,40994994,40965428,41190,41173,5950,0,0,0,0,0,0,0,0
1778080936.8445022,g2.hpc.coe,40875,0.5001,0,100.0,2035.0,12288.0,10942609159,11270354735,13271636,13541247,294973,0,0,0,0,0,0,0,0,0,0,0,0,35428268,35397633,35712,35681,25,0,0,0,0,0,0,0,0
1778080937.3445895,g2.hpc.coe,40875,0.5001,0,100.0,2035.0,12288.0,10977346940,11305064985,13306587,13576172,294991,0,0,0,0,0,0,0,0,0,0,0,0,34737781,34710250,34951,34925,18,0,0,0,0,0,0,0,0
1778080937.8446922,g2.hpc.coe,40875,0.5001,0,100.0,2035.0,12288.0,11018342125,11346030399,13347784,13617343,295196,0,0,0,0,0,0,0,0,0,0,0,0,40995185,40965414,41197,41171,205,0,0,0,0,0,0,0,0
1778080938.3447883,g2.hpc.coe,40875,0.5001,0,100.0,2035.0,12288.0,11053769993,11381427578,13383484,13653015,295252,0,0,0,0,0,0,0,0,0,0,0,0,35427868,35397179,35700,35672,56,0,0,0,0,0,0,0,0
1778080938.8448906,g2.hpc.coe,40875,0.5001,0,100.0,2035.0,12288.0,11094765294,11422392922,13424684,13694176,295834,0,0,0,0,0,0,0,0,0,0,0,0,40995301,40965344,41200,41161,582,0,0,0,0,0,0,0,0
1778080939.344974,g2.hpc.coe,40875,0.5001,0,100.0,2035.0,12288.0,11130193256,11457790108,13460384,13729849,298443,0,0,0,0,0,0,0,0,0,0,0,0,35427962,35397186,35700,35673,2609,0,0,0,0,0,0,0,0
1778080939.8450575,g2.hpc.coe,40875,0.5001,0,100.0,2035.0,12288.0,11164931250,11492500400,13495338,13764780,298472,0,0,0,0,0,0,0,0,0,0,0,0,34737994,34710292,34954,34931,29,0,0,0,0,0,0,0,0
1778080940.3451564,g2.hpc.coe,40875,0.5001,0,100.0,2035.0,12288.0,11205926560,11533465849,13536519,13805956,302586,0,0,0,0,0,0,0,0,0,0,0,0,40995310,40965449,41181,41176,4114,0,0,0,0,0,0,0,0
1778080940.8452387,g2.hpc.coe,40875,0.5001,0,100.0,2035.0,12288.0,11241354616,11568863021,13572212,13841627,302824,0,0,0,0,0,0,0,0,0,0,0,0,35428056,35397172,35693,35671,238,0,0,0,0,0,0,0,0
1778080941.345321,g2.hpc.coe,40875,0.5001,0,100.0,2035.0,12288.0,11282350155,11609828456,13613410,13882801,302848,0,0,0,0,0,0,0,0,0,0,0,0,40995539,40965435,41198,41174,24,0,0,0,0,0,0,0,0
1778080941.8454032,g2.hpc.coe,40875,0.5001,0,100.0,2035.0,12288.0,11317778348,11645225558,13649107,13918462,305391,0,0,0,0,0,0,0,0,0,0,0,0,35428193,35397102,35697,35661,2543,0,0,0,0,0,0,0,0
1778080942.345494,g2.hpc.coe,40875,0.5001,0,100.0,2035.0,12288.0,11352515456,11679935772,13684112,13953578,305411,0,0,0,0,0,0,0,0,0,0,0,0,34737108,34710214,35005,35116,20,0,0,0,0,0,0,0,0
1778080942.8455784,g2.hpc.coe,40875,0.5001,0,100.0,2035.0,12288.0,11394200064,11721588072,13725988,13995298,307152,0,0,0,0,0,0,0,0,0,0,0,0,41684608,41652300,41876,41720,1741,0,0,0,0,0,0,0,0
1778080943.3456714,g2.hpc.coe,40875,0.5001,0,100.0,2035.0,12288.0,11428937323,11756298342,13760938,14030228,307583,0,0,0,0,0,0,0,0,0,0,0,0,34737259,34710270,34950,34930,431,0,0,0,0,0,0,0,0
1778080943.8457575,g2.hpc.coe,40875,0.5001,0,100.0,2035.0,12288.0,11469931954,11797263727,13802123,14071397,307616,0,0,0,0,0,0,0,0,0,0,0,0,40994631,40965385,41185,41169,33,0,0,0,0,0,0,0,0
1778080944.3458421,g2.hpc.coe,40875,0.5001,0,100.0,2035.0,12288.0,11505359359,11832660912,13837824,14107072,307998,0,0,0,0,0,0,0,0,0,0,0,0,35427405,35397185,35701,35675,382,0,0,0,0,0,0,0,0
1778080944.845928,g2.hpc.coe,40875,0.5001,0,100.0,2035.0,12288.0,11542590957,11870761122,13876312,14145933,308626,0,0,0,0,0,0,0,0,0,0,0,0,37231598,38100210,38488,38861,628,0,0,0,0,0,0,0,0
1778080945.3460116,g2.hpc.coe,40875,0.5001,0,100.0,2035.0,12288.0,11581781675,11909023482,13914723,14183916,310270,0,0,0,0,0,0,0,0,0,0,0,0,39190718,38262360,38411,37983,1644,0,0,0,0,0,0,0,0
1778080945.8460925,g2.hpc.coe,40875,0.5001,0,100.0,2035.0,12288.0,11616519227,11943733766,13949681,14218848,310293,0,0,0,0,0,0,0,0,0,0,0,0,34737552,34710284,34958,34932,23,0,0,0,0,0,0,0,0
1778080946.3461814,g2.hpc.coe,40875,0.5001,0,100.0,2035.0,12288.0,11657514151,11984699172,13990874,14260020,310466,0,0,0,0,0,0,0,0,0,0,0,0,40994924,40965406,41193,41172,173,0,0,0,0,0,0,0,0
1778080946.8462663,g2.hpc.coe,40875,0.5001,0,100.0,2035.0,12288.0,11692941864,12020096400,14026583,14295699,310703,0,0,0,0,0,0,0,0,0,0,0,0,35427713,35397228,35709,35679,237,0,0,0,0,0,0,0,0
1778080947.3463507,g2.hpc.coe,40875,0.5001,0,100.0,2035.0,12288.0,11732160618,12059883237,14066526,14336065,312607,0,0,0,0,0,0,0,0,0,0,0,0,39218754,39786837,39943,40366,1904,0,0,0,0,0,0,0,0
1778080947.8464358,g2.hpc.coe,40875,0.5001,0,100.0,2035.0,12288.0,11769364615,12096459063,14103472,14372552,312705,0,0,0,0,0,0,0,0,0,0,0,0,37203997,36575826,36946,36487,98,0,0,0,0,0,0,0,0
1778080948.3465204,g2.hpc.coe,40875,0.5001,0,100.0,2035.0,12288.0,11804102356,12131169320,14138421,14407478,312736,0,0,0,0,0,0,0,0,0,0,0,0,34737741,34710257,34949,34926,31,0,0,0,0,0,0,0,0
1778080948.8466048,g2.hpc.coe,40875,0.5001,0,100.0,2035.0,12288.0,11845097540,12172134755,14179615,14448652,312886,0,0,0,0,0,0,0,0,0,0,0,0,40995184,40965435,41194,41174,150,0,0,0,0,0,0,0,0
1778080949.3466897,g2.hpc.coe,40875,0.5001,0,100.0,2035.0,12288.0,11880525413,12207531920,14215313,14484322,313090,0,0,0,0,0,0,0,0,0,0,0,0,35427873,35397165,35698,35670,204,0,0,0,0,0,0,0,0
1778080949.846774,g2.hpc.coe,40875,0.5001,0,100.0,2035.0,12288.0,11921520692,12248497376,14256507,14525499,315315,0,0,0,0,0,0,0,0,0,0,0,0,40995279,40965456,41194,41177,2225,0,0,0,0,0,0,0,0
1778080950.3468668,g2.hpc.coe,40875,0.5001,0,100.0,2035.0,12288.0,11956948744,12283894534,14292217,14561168,315347,0,0,0,0,0,0,0,0,0,0,0,0,35428052,35397158,35710,35669,32,0,0,0,0,0,0,0,0
1778080950.8469503,g2.hpc.coe,40875,0.5001,0,100.0,2035.0,12288.0,11991686757,12318604826,14327171,14596099,315374,0,0,0,0,0,0,0,0,0,0,0,0,34738013,34710292,34954,34931,27,0,0,0,0,0,0,0,0
1778080951.3470325,g2.hpc.coe,40875,0.5001,0,100.0,2035.0,12288.0,12032682171,12359570296,14368364,14637278,320759,0,0,0,0,0,0,0,0,0,0,0,0,40995414,40965470,41193,41179,5385,0,0,0,0,0,0,0,0
1778080951.847127,g2.hpc.coe,40875,0.5001,0,100.0,2035.0,12288.0,12068110831,12394967915,14404073,14672957,320786,0,0,0,0,0,0,0,0,0,0,0,0,35428660,35397619,35709,35679,27,0,0,0,0,0,0,0,0
1778080952.3472173,g2.hpc.coe,40875,0.5001,0,100.0,2035.0,12288.0,12109106385,12435933336,14445264,14714129,324083,0,0,0,0,0,0,0,0,0,0,0,0,40995554,40965421,41191,41172,3297,0,0,0,0,0,0,0,0
1778080952.8473105,g2.hpc.coe,40875,0.5001,0,100.0,2035.0,12288.0,12144533558,12471330514,14480963,14749803,324165,0,0,0,0,0,0,0,0,0,0,0,0,35427173,35397178,35699,35674,82,0,0,0,0,0,0,0,0
1778080953.3473983,g2.hpc.coe,40875,0.5001,0,100.0,2035.0,12288.0,12179270769,12506040735,14515917,14784726,324194,0,0,0,0,0,0,0,0,0,0,0,0,34737211,34710221,34954,34923,29,0,0,0,0,0,0,0,0
1778080953.8474836,g2.hpc.coe,40875,0.5001,0,100.0,2035.0,12288.0,12220265395,12547006155,14557112,14825900,324843,0,0,0,0,0,0,0,0,0,0,0,0,40994626,40965420,41195,41174,649,0,0,0,0,0,0,0,0
1778080954.347577,g2.hpc.coe,40875,0.5001,0,100.0,2035.0,12288.0,12255692619,12582403333,14592798,14861574,324876,0,0,0,0,0,0,0,0,0,0,0,0,35427224,35397178,35686,35674,33,0,0,0,0,0,0,0,0
1778080954.8476613,g2.hpc.coe,40875,0.5001,0,100.0,2035.0,12288.0,12296687325,12623368711,14633991,14902742,326354,0,0,0,0,0,0,0,0,0,0,0,0,40994706,40965378,41193,41168,1478,0,0,0,0,0,0,0,0
1778080955.3477514,g2.hpc.coe,40875,0.5001,0,100.0,2035.0,12288.0,12332114693,12658765875,14669684,14938414,327319,0,0,0,0,0,0,0,0,0,0,0,0,35427368,35397164,35693,35672,965,0,0,0,0,0,0,0,0
1778080955.8478403,g2.hpc.coe,40875,0.5001,0,100.0,2035.0,12288.0,12366852134,12693476103,14704637,14973338,327338,0,0,0,0,0,0,0,0,0,0,0,0,34737441,34710228,34953,34924,19,0,0,0,0,0,0,0,0
1778080956.3479314,g2.hpc.coe,40875,0.5001,0,100.0,2035.0,12288.0,12407846906,12734441439,14745819,15014500,328225,0,0,0,0,0,0,0,0,0,0,0,0,40994772,40965336,41182,41162,887,0,0,0,0,0,0,0,0
1778080956.8480206,g2.hpc.coe,40875,0.5001,0,100.0,2035.0,12288.0,12443274521,12769838568,14781527,15050167,330321,0,0,0,0,0,0,0,0,0,0,0,0,35427615,35397129,35708,35667,2096,0,0,0,0,0,0,0,0
1778080957.3481102,g2.hpc.coe,40875,0.5001,0,100.0,2035.0,12288.0,12484269578,12810804030,14822725,15091338,333428,0,0,0,0,0,0,0,0,0,0,0,0,40995057,40965462,41198,41171,3107,0,0,0,0,0,0,0,0
1778080957.848196,g2.hpc.coe,40875,0.5001,0,100.0,2035.0,12288.0,12519697206,12846201244,14858419,15127015,333450,0,0,0,0,0,0,0,0,0,0,0,0,35427628,35397214,35694,35677,22,0,0,0,0,0,0,0,0
1778080958.3482876,g2.hpc.coe,40875,0.5001,0,100.0,2035.0,12288.0,12554434928,12880911501,14893376,15161941,333483,0,0,0,0,0,0,0,0,0,0,0,0,34737722,34710257,34957,34926,33,0,0,0,0,0,0,0,0
1778080958.8483741,g2.hpc.coe,40875,0.5001,0,100.0,2035.0,12288.0,12595430120,12921876922,14934582,15203113,335415,0,0,0,0,0,0,0,0,0,0,0,0,40995192,40965421,41206,41172,1932,0,0,0,0,0,0,0,0
1778080959.3484585,g2.hpc.coe,40875,0.5001,0,100.0,2035.0,12288.0,12630857918,12957274143,14970280,15238791,336179,0,0,0,0,0,0,0,0,0,0,0,0,35427798,35397221,35698,35678,764,0,0,0,0,0,0,0,0
1778080959.8485453,g2.hpc.coe,40875,0.5001,0,100.0,2035.0,12288.0,12671853149,12998239592,15011478,15279967,336711,0,0,0,0,0,0,0,0,0,0,0,0,40995231,40965449,41198,41176,532,0,0,0,0,0,0,0,0
1778080960.3486338,g2.hpc.coe,40875,0.5001,0,100.0,2035.0,12288.0,12707281140,13033636764,15047190,15315638,336885,0,0,0,0,0,0,0,0,0,0,0,0,35427991,35397172,35712,35671,174,0,0,0,0,0,0,0,0
1778080960.8487206,g2.hpc.coe,40875,0.5001,0,100.0,2035.0,12288.0,12742019043,13068347084,15082139,15350573,337994,0,0,0,0,0,0,0,0,0,0,0,0,34737903,34710320,34949,34935,1109,0,0,0,0,0,0,0,0
1778080961.3488274,g2.hpc.coe,40875,0.5001,0,100.0,2035.0,12288.0,12783014368,13109312442,15123330,15391736,338027,0,0,0,0,0,0,0,0,0,0,0,0,40995325,40965358,41191,41163,33,0,0,0,0,0,0,0,0
1778080961.848913,g2.hpc.coe,40875,0.5001,0,100.0,2035.0,12288.0,12818442417,13144709663,15159030,15427414,339417,0,0,0,0,0,0,0,0,0,0,0,0,35428049,35397221,35700,35678,1390,0,0,0,0,0,0,0,0
1778080962.3490062,g2.hpc.coe,40875,0.5001,0,100.0,2035.0,12288.0,12859437921,13185675091,15200233,15468587,340543,0,0,0,0,0,0,0,0,0,0,0,0,40995504,40965428,41203,41173,1126,0,0,0,0,0,0,0,0
1778080962.8490958,g2.hpc.coe,40875,0.5001,0,100.0,2035.0,12288.0,12894866073,13221072305,15235932,15504264,340568,0,0,0,0,0,0,0,0,0,0,0,0,35428152,35397214,35699,35677,25,0,0,0,0,0,0,0,0
1778080963.349181,g2.hpc.coe,40875,0.5001,0,100.0,2035.0,12288.0,12934332013,13260497460,15275882,15544266,343823,0,0,0,0,0,0,0,0,0,0,0,0,39465940,39425155,39950,40002,3255,0,0,0,0,0,0,0,0
1778080963.849267,g2.hpc.coe,40875,0.5001,0,100.0,2035.0,12288.0,12971288810,13297434960,15312824,15581118,344039,0,0,0,0,0,0,0,0,0,0,0,0,36956797,36937500,36942,36852,216,0,0,0,0,0,0,0,0
1778080964.3493507,g2.hpc.coe,40875,0.5001,0,100.0,2035.0,12288.0,13006026034,13332145244,15347777,15616050,344062,0,0,0,0,0,0,0,0,0,0,0,0,34737224,34710284,34953,34932,23,0,0,0,0,0,0,0,0
1778080964.8494346,g2.hpc.coe,40875,0.5001,0,100.0,2035.0,12288.0,13047710738,13373797551,15389724,15657965,344376,0,0,0,0,0,0,0,0,0,0,0,0,41684704,41652307,41947,41915,314,0,0,0,0,0,0,0,0
1778080965.3495197,g2.hpc.coe,40875,0.5001,0,100.0,2035.0,12288.0,13082447938,13408507744,15424660,15692884,344395,0,0,0,0,0,0,0,0,0,0,0,0,34737200,34710193,34936,34919,19,0,0,0,0,0,0,0,0
1778080965.8496068,g2.hpc.coe,40875,0.5001,0,100.0,2035.0,12288.0,13121405124,13447690642,15464078,15732578,348691,0,0,0,0,0,0,0,0,0,0,0,0,38957186,39182898,39418,39694,4296,0,0,0,0,0,0,0,0
1778080966.3496988,g2.hpc.coe,40875,0.5001,0,100.0,2035.0,12288.0,13158870157,13484870272,15501561,15769722,349820,0,0,0,0,0,0,0,0,0,0,0,0,37465033,37179630,37483,37144,1129,0,0,0,0,0,0,0,0
1778080966.8497934,g2.hpc.coe,40875,0.5001,0,100.0,2035.0,12288.0,13193608112,13519581010,15536519,15804663,349841,0,0,0,0,0,0,0,0,0,0,0,0,34737955,34710738,34958,34941,21,0,0,0,0,0,0,0,0
1778080967.3498805,g2.hpc.coe,40875,0.5001,0,100.0,2035.0,12288.0,13234603012,13560546395,15577710,15845832,351626,0,0,0,0,0,0,0,0,0,0,0,0,40994900,40965385,41191,41169,1785,0,0,0,0,0,0,0,0
1778080967.849983,g2.hpc.coe,40875,0.5001,0,100.0,2035.0,12288.0,13270030620,13595943566,15613414,15881505,351652,0,0,0,0,0,0,0,0,0,0,0,0,35427608,35397171,35704,35673,26,0,0,0,0,0,0,0,0
1778080968.3500724,g2.hpc.coe,40875,0.5001,0,100.0,2035.0,12288.0,13311025821,13636909179,15654607,15922673,353780,0,0,0,0,0,0,0,0,0,0,0,0,40995201,40965613,41193,41168,2128,0,0,0,0,0,0,0,0
1778080968.8501747,g2.hpc.coe,40875,0.5001,0,100.0,2035.0,12288.0,13346453512,13672306393,15690305,15958350,353806,0,0,0,0,0,0,0,0,0,0,0,0,35427691,35397214,35698,35677,26,0,0,0,0,0,0,0,0
1778080969.3502593,g2.hpc.coe,40875,0.5001,0,100.0,2035.0,12288.0,13381191226,13707016699,15725258,15993283,353832,0,0,0,0,0,0,0,0,0,0,0,0,34737714,34710306,34953,34933,26,0,0,0,0,0,0,0,0
1778080969.850342,g2.hpc.coe,40875,0.5001,0,100.0,2035.0,12288.0,13422186375,13747982134,15766455,16034457,354753,0,0,0,0,0,0,0,0,0,0,0,0,40995149,40965435,41197,41174,921,0,0,0,0,0,0,0,0
1778080970.3504348,g2.hpc.coe,40875,0.5001,0,100.0,2035.0,12288.0,13457614206,13783379334,15802155,16070132,354777,0,0,0,0,0,0,0,0,0,0,0,0,35427831,35397200,35700,35675,24,0,0,0,0,0,0,0,0
1778080970.8505177,g2.hpc.coe,40875,0.5001,0,100.0,2035.0,12288.0,13498609450,13824344804,15843352,16111311,361633,0,0,0,0,0,0,0,0,0,0,0,0,40995244,40965470,41197,41179,6856,0,0,0,0,0,0,0,0
1778080971.3506017,g2.hpc.coe,40875,0.5001,0,100.0,2035.0,12288.0,13534037383,13859742011,15879053,16146987,361945,0,0,0,0,0,0,0,0,0,0,0,0,35427933,35397207,35701,35676,312,0,0,0,0,0,0,0,0
1778080971.8506842,g2.hpc.coe,40875,0.5001,0,100.0,2035.0,12288.0,13568775313,13894452338,15914003,16181923,363631,0,0,0,0,0,0,0,0,0,0,0,0,34737930,34710327,34950,34936,1686,0,0,0,0,0,0,0,0
1778080972.3507671,g2.hpc.coe,40875,0.5001,0,100.0,2035.0,12288.0,13609770721,13935417773,15955203,16223097,365166,0,0,0,0,0,0,0,0,0,0,0,0,40995408,40965435,41200,41174,1535,0,0,0,0,0,0,0,0
1778080972.850851,g2.hpc.coe,40875,0.5001,0,100.0,2035.0,12288.0,13645198706,13970814966,15990891,16258771,365181,0,0,0,0,0,0,0,0,0,0,0,0,35427985,35397193,35688,35674,15,0,0,0,0,0,0,0,0
1778080973.3509398,g2.hpc.coe,40875,0.5001,0,100.0,2035.0,12288.0,13686194265,14011780366,16032097,16299940,368332,0,0,0,0,0,0,0,0,0,0,0,0,40995559,40965400,41206,41169,3151,0,0,0,0,0,0,0,0
1778080973.8510246,g2.hpc.coe,40875,0.5001,0,100.0,2035.0,12288.0,13721622416,14047177559,16067793,16335614,368627,0,0,0,0,0,0,0,0,0,0,0,0,35428151,35397193,35696,35674,295,0,0,0,0,0,0,0,0
1778080974.3511136,g2.hpc.coe,40875,0.5001,0,100.0,2035.0,12288.0,13756360676,14081887837,16102754,16370543,368650,0,0,0,0,0,0,0,0,0,0,0,0,34738260,34710278,34961,34929,23,0,0,0,0,0,0,0,0
1778080974.851196,g2.hpc.coe,40875,0.5001,0,100.0,2035.0,12288.0,13797355198,14122853264,16143942,16411718,370461,0,0,0,0,0,0,0,0,0,0,0,0,40994522,40965427,41188,41175,1811,0,0,0,0,0,0,0,0
1778080975.3512793,g2.hpc.coe,40875,0.5001,0,100.0,2035.0,12288.0,13832782430,14158250428,16179637,16447390,370551,0,0,0,0,0,0,0,0,0,0,0,0,35427232,35397164,35695,35672,90,0,0,0,0,0,0,0,0
1778080975.8513646,g2.hpc.coe,40875,0.5001,0,100.0,2035.0,12288.0,13873777103,14199215841,16220833,16488563,372860,0,0,0,0,0,0,0,0,0,0,0,0,40994673,40965413,41196,41173,2309,0,0,0,0,0,0,0,0
1778080976.3514512,g2.hpc.coe,40875,0.5001,0,100.0,2035.0,12288.0,13909204423,14234613068,16256527,16524244,373093,0,0,0,0,0,0,0,0,0,0,0,0,35427320,35397227,35694,35681,233,0,0,0,0,0,0,0,0
1778080976.851538,g2.hpc.coe,40875,0.5001,0,100.0,2035.0,12288.0,13943941768,14269323338,16291474,16559174,373824,0,0,0,0,0,0,0,0,0,0,0,0,34737345,34710270,34947,34930,731,0,0,0,0,0,0,0,0
1778080977.3516257,g2.hpc.coe,40875,0.5001,0,100.0,2035.0,12288.0,13984936562,14310288730,16332667,16600344,376356,0,0,0,0,0,0,0,0,0,0,0,0,40994794,40965392,41193,41170,2532,0,0,0,0,0,0,0,0
1778080977.8517087,g2.hpc.coe,40875,0.5001,0,100.0,2035.0,12288.0,14020364053,14345685901,16368365,16636017,376483,0,0,0,0,0,0,0,0,0,0,0,0,35427491,35397171,35698,35673,127,0,0,0,0,0,0,0,0
1778080978.3518,g2.hpc.coe,40875,0.5001,0,100.0,2035.0,12288.0,14061358956,14386651370,16409560,16677198,379825,0,0,0,0,0,0,0,0,0,0,0,0,40994903,40965469,41195,41181,3342,0,0,0,0,0,0,0,0
1778080978.8518875,g2.hpc.coe,40875,0.5001,0,100.0,2035.0,12288.0,14096786598,14422048521,16445264,16712866,379949,0,0,0,0,0,0,0,0,0,0,0,0,35427642,35397151,35704,35668,124,0,0,0,0,0,0,0,0
1778080979.3519735,g2.hpc.coe,40875,0.5001,0,100.0,2035.0,12288.0,14131524307,14456868457,16480281,16748310,379969,0,0,0,0,0,0,0,0,0,0,0,0,34737709,34819936,35017,35444,20,0,0,0,0,0,0,0,0
1778080979.8520594,g2.hpc.coe,40875,0.5001,0,100.0,2035.0,12288.0,14172519332,14497724199,16521417,16788964,384028,0,0,0,0,0,0,0,0,0,0,0,0,40995025,40855742,41136,40654,4059,0,0,0,0,0,0,0,0
1778080980.352146,g2.hpc.coe,40875,0.5001,0,100.0,2035.0,12288.0,14207947061,14533121413,16557113,16824641,384255,0,0,0,0,0,0,0,0,0,0,0,0,35427729,35397214,35696,35677,227,0,0,0,0,0,0,0,0
1778080980.8522286,g2.hpc.coe,40875,0.5001,0,100.0,2035.0,12288.0,14248942202,14574086820,16598306,16865811,385667,0,0,0,0,0,0,0,0,0,0,0,0,40995141,40965407,41193,41170,1412,0,0,0,0,0,0,0,0
1778080981.3523123,g2.hpc.coe,40875,0.5001,0,100.0,2035.0,12288.0,14284370054,14609484048,16634006,16901490,385694,0,0,0,0,0,0,0,0,0,0,0,0,35427852,35397228,35700,35679,27,0,0,0,0,0,0,0,0
1778080981.8524106,g2.hpc.coe,40875,0.5001,0,100.0,2035.0,12288.0,14322088964,14648007666,16672358,16940570,386180,0,0,0,0,0,0,0,0,0,0,0,0,37718910,38523618,38352,39080,486,0,0,0,0,0,0,0,0
1778080982.352506,g2.hpc.coe,40875,0.5001,0,100.0,2035.0,12288.0,14360793930,14685847046,16710924,16978335,387154,0,0,0,0,0,0,0,0,0,0,0,0,38704966,37839380,38566,37765,974,0,0,0,0,0,0,0,0
1778080982.8525977,g2.hpc.coe,40875,0.5001,0,100.0,2035.0,12288.0,14395531887,14720557331,16745875,17013265,387187,0,0,0,0,0,0,0,0,0,0,0,0,34737957,34710285,34951,34930,33,0,0,0,0,0,0,0,0
1778080983.352684,g2.hpc.coe,40875,0.5001,0,100.0,2035.0,12288.0,14436527258,14761522773,16787067,17054440,387539,0,0,0,0,0,0,0,0,0,0,0,0,40995371,40965442,41192,41175,352,0,0,0,0,0,0,0,0
1778080983.8527734,g2.hpc.coe,40875,0.5001,0,100.0,2035.0,12288.0,14471955346,14796919966,16822767,17090114,387569,0,0,0,0,0,0,0,0,0,0,0,0,35428088,35397193,35700,35674,30,0,0,0,0,0,0,0,0
1778080984.3528621,g2.hpc.coe,40875,0.5001,0,100.0,2035.0,12288.0,14508610618,14833798825,16860104,17127519,388602,0,0,0,0,0,0,0,0,0,0,0,0,36655272,36878859,37337,37405,1033,0,0,0,0,0,0,0,0
1778080984.8529468,g2.hpc.coe,40875,0.5001,0,100.0,2035.0,12288.0,14548378997,14873282531,16899655,17166953,390431,0,0,0,0,0,0,0,0,0,0,0,0,39768379,39483706,39551,39434,1829,0,0,0,0,0,0,0,0
1778080985.3530335,g2.hpc.coe,40875,0.5001,0,100.0,2035.0,12288.0,14583116194,14907992843,16934612,17201889,390460,0,0,0,0,0,0,0,0,0,0,0,0,34737197,34710312,34957,34936,29,0,0,0,0,0,0,0,0
1778080985.8531206,g2.hpc.coe,40875,0.5001,0,100.0,2035.0,12288.0,14624110728,14948958235,16975799,17243059,391299,0,0,0,0,0,0,0,0,0,0,0,0,40994534,40965392,41187,41170,839,0,0,0,0,0,0,0,0
1778080986.3532143,g2.hpc.coe,40875,0.5001,0,100.0,2035.0,12288.0,14659538008,14984355420,17011498,17278734,391525,0,0,0,0,0,0,0,0,0,0,0,0,35427280,35397185,35699,35675,226,0,0,0,0,0,0,0,0
1778080986.853298,g2.hpc.coe,40875,0.5001,0,100.0,2035.0,12288.0,14699461085,15024427098,17052039,17319357,395692,0,0,0,0,0,0,0,0,0,0,0,0,39923077,40071678,40541,40623,4167,0,0,0,0,0,0,0,0
1778080987.3533816,g2.hpc.coe,40875,0.5001,0,100.0,2035.0,12288.0,14735960047,15060718025,17088389,17355583,395717,0,0,0,0,0,0,0,0,0,0,0,0,36498962,36290927,36350,36226,25,0,0,0,0,0,0,0,0
1778080987.853468,g2.hpc.coe,40875,0.5001,0,100.0,2035.0,12288.0,14770697432,15095428295,17123339,17390513,395746,0,0,0,0,0,0,0,0,0,0,0,0,34737385,34710270,34950,34930,29,0,0,0,0,0,0,0,0
1778080988.3535583,g2.hpc.coe,40875,0.5001,0,100.0,2035.0,12288.0,14811692272,15136393686,17164529,17431676,396004,0,0,0,0,0,0,0,0,0,0,0,0,40994840,40965391,41190,41163,258,0,0,0,0,0,0,0,0
1778080988.8536441,g2.hpc.coe,40875,0.5001,0,100.0,2035.0,12288.0,14847119845,15171790822,17200236,17467344,396023,0,0,0,0,0,0,0,0,0,0,0,0,35427573,35397136,35707,35668,19,0,0,0,0,0,0,0,0
1778080989.353731,g2.hpc.coe,40875,0.5001,0,100.0,2035.0,12288.0,14887787469,15212748393,17241407,17508499,398819,0,0,0,0,0,0,0,0,0,0,0,0,40667624,40957571,41171,41155,2796,0,0,0,0,0,0,0,0
1778080989.853818,g2.hpc.coe,40875,0.5001,0,100.0,2035.0,12288.0,14923542484,15248153477,17277143,17544198,398842,0,0,0,0,0,0,0,0,0,0,0,0,35755015,35405084,35736,35699,23,0,0,0,0,0,0,0,0
1778080990.3539116,g2.hpc.coe,40875,0.5001,0,100.0,2035.0,12288.0,14958280043,15282863762,17312082,17579128,398874,0,0,0,0,0,0,0,0,0,0,0,0,34737559,34710285,34939,34930,32,0,0,0,0,0,0,0,0
1778080990.854003,g2.hpc.coe,40875,0.5001,0,100.0,2035.0,12288.0,14999275150,15323829197,17353281,17620302,401165,0,0,0,0,0,0,0,0,0,0,0,0,40995107,40965435,41199,41174,2291,0,0,0,0,0,0,0,0
1778080991.3540874,g2.hpc.coe,40875,0.5001,0,100.0,2035.0,12288.0,15034702946,15359226369,17388984,17655973,402519,0,0,0,0,0,0,0,0,0,0,0,0,35427796,35397172,35703,35671,1354,0,0,0,0,0,0,0,0
1778080991.854171,g2.hpc.coe,40875,0.5001,0,100.0,2035.0,12288.0,15075698099,15400191748,17430176,17697139,402664,0,0,0,0,0,0,0,0,0,0,0,0,40995153,40965379,41192,41166,145,0,0,0,0,0,0,0,0
1778080992.354257,g2.hpc.coe,40875,0.5001,0,100.0,2035.0,12288.0,15111125955,15435588948,17465874,17732814,402739,0,0,0,0,0,0,0,0,0,0,0,0,35427856,35397200,35698,35675,75,0,0,0,0,0,0,0,0
1778080992.8543427,g2.hpc.coe,40875,0.5001,0,100.0,2035.0,12288.0,15145863870,15470299310,17500830,17767755,402759,0,0,0,0,0,0,0,0,0,0,0,0,34737915,34710362,34956,34941,20,0,0,0,0,0,0,0,0
1778080993.3544307,g2.hpc.coe,40875,0.5001,0,100.0,2035.0,12288.0,15186859199,15511264752,17542027,17808930,404324,0,0,0,0,0,0,0,0,0,0,0,0,40995329,40965442,41197,41175,1565,0,0,0,0,0,0,0,0
1778080993.8545167,g2.hpc.coe,40875,0.5001,0,100.0,2035.0,12288.0,15222287239,15546661959,17577731,17844606,404346,0,0,0,0,0,0,0,0,0,0,0,0,35428040,35397207,35704,35676,22,0,0,0,0,0,0,0,0
1778080994.3546085,g2.hpc.coe,40875,0.5001,0,100.0,2035.0,12288.0,15263282607,15587627373,17618920,17885777,407210,0,0,0,0,0,0,0,0,0,0,0,0,40995368,40965414,41189,41171,2864,0,0,0,0,0,0,0,0
1778080994.8546977,g2.hpc.coe,40875,0.5001,0,100.0,2035.0,12288.0,15298710680,15623024601,17654613,17921456,407478,0,0,0,0,0,0,0,0,0,0,0,0,35428073,35397228,35693,35679,268,0,0,0,0,0,0,0,0
1778080995.3547883,g2.hpc.coe,40875,0.5001,0,100.0,2035.0,12288.0,15333448876,15657734914,17689573,17956390,408237,0,0,0,0,0,0,0,0,0,0,0,0,34738196,34710313,34960,34934,759,0,0,0,0,0,0,0,0
1778080995.854874,g2.hpc.coe,40875,0.5001,0,100.0,2035.0,12288.0,15374444451,15698700370,17730769,17997567,414291,0,0,0,0,0,0,0,0,0,0,0,0,40995575,40965456,41196,41177,6054,0,0,0,0,0,0,0,0
1778080996.354961,g2.hpc.coe,40875,0.5001,0,100.0,2035.0,12288.0,15409871690,15734097513,17766473,18033236,415349,0,0,0,0,0,0,0,0,0,0,0,0,35427239,35397143,35704,35669,1058,0,0,0,0,0,0,0,0
1778080996.8550553,g2.hpc.coe,40875,0.5001,0,100.0,2035.0,12288.0,15450866792,15775063366,17807673,18074416,419182,0,0,0,0,0,0,0,0,0,0,0,0,40995102,40965853,41200,41180,3833,0,0,0,0,0,0,0,0
1778080997.3551433,g2.hpc.coe,40875,0.5001,0,100.0,2035.0,12288.0,15486294234,15810460544,17843386,18110090,419205,0,0,0,0,0,0,0,0,0,0,0,0,35427442,35397178,35713,35674,23,0,0,0,0,0,0,0,0
1778080997.8552353,g2.hpc.coe,40875,0.5001,0,100.0,2035.0,12288.0,15521031543,15845170793,17878336,18145017,419222,0,0,0,0,0,0,0,0,0,0,0,0,34737309,34710249,34950,34927,17,0,0,0,0,0,0,0,0
1778080998.355329,g2.hpc.coe,40875,0.5001,0,100.0,2035.0,12288.0,15562026259,15886136199,17919526,18186189,421783,0,0,0,0,0,0,0,0,0,0,0,0,40994716,40965406,41190,41172,2561,0,0,0,0,0,0,0,0
1778080998.8554173,g2.hpc.coe,40875,0.5001,0,100.0,2035.0,12288.0,15597453637,15921533412,17955216,18221868,422785,0,0,0,0,0,0,0,0,0,0,0,0,35427378,35397213,35690,35679,1002,0,0,0,0,0,0,0,0
1778080999.3555024,g2.hpc.coe,40875,0.5001,0,100.0,2035.0,12288.0,15638448477,15962498755,17996410,18263031,426430,0,0,0,0,0,0,0,0,0,0,0,0,40994840,40965343,41194,41163,3645,0,0,0,0,0,0,0,0
1778080999.8555884,g2.hpc.coe,40875,0.5001,0,100.0,2035.0,12288.0,15673875936,15997895954,18032098,18298708,426463,0,0,0,0,0,0,0,0,0,0,0,0,35427459,35397199,35688,35677,33,0,0,0,0,0,0,0,0
1778081000.3556764,g2.hpc.coe,40875,0.5001,0,100.0,2035.0,12288.0,15708613504,16032606245,18067051,18333641,426487,0,0,0,0,0,0,0,0,0,0,0,0,34737568,34710291,34953,34933,24,0,0,0,0,0,0,0,0
1778081000.8557603,g2.hpc.coe,40875,0.5001,0,100.0,2035.0,12288.0,15750298454,16074258588,18108982,18375559,427837,0,0,0,0,0,0,0,0,0,0,0,0,41684950,41652343,41931,41918,1350,0,0,0,0,0,0,0,0
1778081001.355851,g2.hpc.coe,40875,0.5001,0,100.0,2035.0,12288.0,15785036153,16108968824,18143938,18410482,427864,0,0,0,0,0,0,0,0,0,0,0,0,34737699,34710236,34956,34923,27,0,0,0,0,0,0,0,0
1778081001.8559368,g2.hpc.coe,40875,0.5001,0,100.0,2035.0,12288.0,15826031252,16149934203,18185133,18451648,428863,0,0,0,0,0,0,0,0,0,0,0,0,40995099,40965379,41195,41166,999,0,0,0,0,0,0,0,0
1778081002.3560295,g2.hpc.coe,40875,0.5001,0,100.0,2035.0,12288.0,15861459103,16185331396,18220841,18487322,428881,0,0,0,0,0,0,0,0,0,0,0,0,35427851,35397193,35708,35674,18,0,0,0,0,0,0,0,0
1778081002.8561153,g2.hpc.coe,40875,0.5001,0,100.0,2035.0,12288.0,15896196915,16220041681,18255793,18522252,428906,0,0,0,0,0,0,0,0,0,0,0,0,34737812,34710285,34952,34930,25,0,0,0,0,0,0,0,0
1778081003.3562117,g2.hpc.coe,40875,0.5001,0,100.0,2035.0,12288.0,15937192247,16261007143,18296992,18563423,434925,0,0,0,0,0,0,0,0,0,0,0,0,40995332,40965462,41199,41171,6019,0,0,0,0,0,0,0,0
1778081003.8562977,g2.hpc.coe,40875,0.5001,0,100.0,2035.0,12288.0,15972620149,16296404308,18332687,18599093,435099,0,0,0,0,0,0,0,0,0,0,0,0,35427902,35397165,35695,35670,174,0,0,0,0,0,0,0,0
1778081004.356389,g2.hpc.coe,40875,0.5001,0,100.0,2035.0,12288.0,16013615443,16337369750,18373876,18640268,435830,0,0,0,0,0,0,0,0,0,0,0,0,40995294,40965442,41189,41175,731,0,0,0,0,0,0,0,0
1778081004.8564737,g2.hpc.coe,40875,0.5001,0,100.0,2035.0,12288.0,16049043517,16372766999,18409582,18675950,435851,0,0,0,0,0,0,0,0,0,0,0,0,35428074,35397249,35706,35682,21,0,0,0,0,0,0,0,0
1778081005.356558,g2.hpc.coe,40875,0.5001,0,100.0,2035.0,12288.0,16085686374,16410110759,18446830,18713997,436403,0,0,0,0,0,0,0,0,0,0,0,0,36642857,37343760,37248,38047,552,0,0,0,0,0,0,0,0
1778081005.8566453,g2.hpc.coe,40875,0.5001,0,100.0,2035.0,12288.0,16124777010,16448466469,18485811,18752227,438046,0,0,0,0,0,0,0,0,0,0,0,0,39090636,38355710,38981,38230,1643,0,0,0,0,0,0,0,0
1778081006.3567367,g2.hpc.coe,40875,0.5001,0,100.0,2035.0,12288.0,16160205171,16483839891,18521418,18787725,438070,0,0,0,0,0,0,0,0,0,0,0,0,35428161,35373422,35607,35498,24,0,0,0,0,0,0,0,0
1778081006.8568223,g2.hpc.coe,40875,0.5001,0,100.0,2035.0,12288.0,16201199782,16524805360,18562624,18828906,439087,0,0,0,0,0,0,0,0,0,0,0,0,40994611,40965469,41206,41181,1017,0,0,0,0,0,0,0,0
1778081007.3569157,g2.hpc.coe,40875,0.5001,0,100.0,2035.0,12288.0,16236627005,16560202559,18598323,18864583,439532,0,0,0,0,0,0,0,0,0,0,0,0,35427223,35397199,35699,35677,445,0,0,0,0,0,0,0,0
1778081007.857003,g2.hpc.coe,40875,0.5001,0,100.0,2035.0,12288.0,16274495079,16598492763,18636820,18903422,440564,0,0,0,0,0,0,0,0,0,0,0,0,37868074,38290204,38497,38839,1032,0,0,0,0,0,0,0,0
1778081008.357089,g2.hpc.coe,40875,0.5001,0,100.0,2035.0,12288.0,16313048931,16636565094,18675214,18941422,441172,0,0,0,0,0,0,0,0,0,0,0,0,38553852,38072331,38394,38000,608,0,0,0,0,0,0,0,0
1778081008.8571749,g2.hpc.coe,40875,0.5001,0,100.0,2035.0,12288.0,16347786260,16671275357,18710164,18976351,441200,0,0,0,0,0,0,0,0,0,0,0,0,34737329,34710263,34950,34929,28,0,0,0,0,0,0,0,0
1778081009.357262,g2.hpc.coe,40875,0.5001,0,100.0,2035.0,12288.0,16388781017,16712240700,18751357,19017514,441709,0,0,0,0,0,0,0,0,0,0,0,0,40994757,40965343,41193,41163,509,0,0,0,0,0,0,0,0
1778081009.8573475,g2.hpc.coe,40875,0.5001,0,100.0,2035.0,12288.0,16424208442,16747637871,18787051,19053187,441776,0,0,0,0,0,0,0,0,0,0,0,0,35427425,35397171,35694,35673,67,0,0,0,0,0,0,0,0
1778081010.3574388,g2.hpc.coe,40875,0.5001,0,100.0,2035.0,12288.0,16465203272,16788603291,18828241,19094361,441811,0,0,0,0,0,0,0,0,0,0,0,0,40994830,40965420,41190,41174,35,0,0,0,0,0,0,0,0
1778081010.8575234,g2.hpc.coe,40875,0.5001,0,100.0,2035.0,12288.0,16500630806,16824000490,18863937,19130038,441874,0,0,0,0,0,0,0,0,0,0,0,0,35427534,35397199,35696,35677,63,0,0,0,0,0,0,0,0
1778081011.3576143,g2.hpc.coe,40875,0.5001,0,100.0,2035.0,12288.0,16535368442,16858710768,18898895,19164967,443048,0,0,0,0,0,0,0,0,0,0,0,0,34737636,34710278,34958,34929,1174,0,0,0,0,0,0,0,0
1778081011.8577075,g2.hpc.coe,40875,0.5001,0,100.0,2035.0,12288.0,16576364050,16899676678,18940106,19206153,444401,0,0,0,0,0,0,0,0,0,0,0,0,40995608,40965910,41211,41186,1353,0,0,0,0,0,0,0,0
1778081012.3577945,g2.hpc.coe,40875,0.5001,0,100.0,2035.0,12288.0,16611791826,16935073906,18975812,19241832,444421,0,0,0,0,0,0,0,0,0,0,0,0,35427776,35397228,35706,35679,20,0,0,0,0,0,0,0,0
1778081012.857915,g2.hpc.coe,40875,0.5001,0,100.0,2035.0,12288.0,16652786973,16976039292,19017009,19282999,446876,0,0,0,0,0,0,0,0,0,0,0,0,40995147,40965386,41197,41167,2455,0,0,0,0,0,0,0,0
1778081013.358001,g2.hpc.coe,40875,0.5001,0,100.0,2035.0,12288.0,16688214752,17011436464,19052704,19318670,446896,0,0,0,0,0,0,0,0,0,0,0,0,35427779,35397172,35695,35671,20,0,0,0,0,0,0,0,0
1778081013.8580875,g2.hpc.coe,40875,0.5001,0,100.0,2035.0,12288.0,16722952709,17046146839,19087665,19353606,446913,0,0,0,0,0,0,0,0,0,0,0,0,34737957,34710375,34961,34936,17,0,0,0,0,0,0,0,0
1778081014.3581805,g2.hpc.coe,40875,0.5001,0,100.0,2035.0,12288.0,16763947968,17087112239,19128860,19394775,448994,0,0,0,0,0,0,0,0,0,0,0,0,40995259,40965400,41195,41169,2081,0,0,0,0,0,0,0,0
1778081014.8582656,g2.hpc.coe,40875,0.5001,0,100.0,2035.0,12288.0,16799375952,17122509481,19164564,19430456,449024,0,0,0,0,0,0,0,0,0,0,0,0,35427984,35397242,35704,35681,30,0,0,0,0,0,0,0,0
1778081015.3583527,g2.hpc.coe,40875,0.5001,0,100.0,2035.0,12288.0,16840371271,17163474916,19205754,19471630,451216,0,0,0,0,0,0,0,0,0,0,0,0,40995319,40965435,41190,41174,2192,0,0,0,0,0,0,0,0
1778081015.858441,g2.hpc.coe,40875,0.5001,0,100.0,2035.0,12288.0,16875799287,17198872137,19241449,19507308,451427,0,0,0,0,0,0,0,0,0,0,0,0,35428016,35397221,35695,35678,211,0,0,0,0,0,0,0,0
1778081016.3585293,g2.hpc.coe,40875,0.5001,0,100.0,2035.0,12288.0,16910537229,17233582478,19276383,19542246,451623,0,0,0,0,0,0,0,0,0,0,0,0,34737942,34710341,34934,34938,196,0,0,0,0,0,0,0,0
1778081016.8586183,g2.hpc.coe,40875,0.5001,0,100.0,2035.0,12288.0,16951532741,17274547871,19317578,19583414,453766,0,0,0,0,0,0,0,0,0,0,0,0,40995512,40965393,41195,41168,2143,0,0,0,0,0,0,0,0
1778081017.3587086,g2.hpc.coe,40875,0.5001,0,100.0,2035.0,12288.0,16986960859,17309945078,19353265,19619090,453798,0,0,0,0,0,0,0,0,0,0,0,0,35428118,35397207,35687,35676,32,0,0,0,0,0,0,0,0
1778081017.8587983,g2.hpc.coe,40875,0.5001,0,100.0,2035.0,12288.0,17027955405,17350910470,19394459,19660260,456515,0,0,0,0,0,0,0,0,0,0,0,0,40994546,40965392,41194,41170,2717,0,0,0,0,0,0,0,0
1778081018.3588932,g2.hpc.coe,40875,0.5001,0,100.0,2035.0,12288.0,17063382683,17386307725,19430163,19695945,456543,0,0,0,0,0,0,0,0,0,0,0,0,35427278,35397255,35704,35685,28,0,0,0,0,0,0,0,0
1778081018.8589876,g2.hpc.coe,40875,0.5001,0,100.0,2035.0,12288.0,17098120055,17421018078,19465121,19730880,456555,0,0,0,0,0,0,0,0,0,0,0,0,34737372,34710353,34958,34935,12,0,0,0,0,0,0,0,0
1778081019.3590736,g2.hpc.coe,40875,0.5001,0,100.0,2035.0,12288.0,17139114743,17461983463,19506315,19772049,458240,0,0,0,0,0,0,0,0,0,0,0,0,40994688,40965385,41194,41169,1685,0,0,0,0,0,0,0,0
1778081019.8591583,g2.hpc.coe,40875,0.5001,0,100.0,2035.0,12288.0,17174542142,17497380634,19542016,19807722,458727,0,0,0,0,0,0,0,0,0,0,0,0,35427399,35397171,35701,35673,487,0,0,0,0,0,0,0,0
1778081020.3592432,g2.hpc.coe,40875,0.5001,0,100.0,2035.0,12288.0,17215536939,17538346040,19583212,19848894,459859,0,0,0,0,0,0,0,0,0,0,0,0,40994797,40965406,41196,41172,1132,0,0,0,0,0,0,0,0
1778081020.859331,g2.hpc.coe,40875,0.5001,0,100.0,2035.0,12288.0,17250964356,17573743211,19618902,19884567,459889,0,0,0,0,0,0,0,0,0,0,0,0,35427417,35397171,35690,35673,30,0,0,0,0,0,0,0,0
1778081021.3594174,g2.hpc.coe,40875,0.5001,0,100.0,2035.0,12288.0,17285701832,17608453467,19653850,19919495,459926,0,0,0,0,0,0,0,0,0,0,0,0,34737476,34710256,34948,34928,37,0,0,0,0,0,0,0,0
1778081021.8595028,g2.hpc.coe,40875,0.5001,0,100.0,2035.0,12288.0,17326696687,17649418873,19695034,19960667,461177,0,0,0,0,0,0,0,0,0,0,0,0,40994855,40965406,41184,41172,1251,0,0,0,0,0,0,0,0
1778081022.3595955,g2.hpc.coe,40875,0.5001,0,100.0,2035.0,12288.0,17362124247,17684816017,19730722,19996334,461233,0,0,0,0,0,0,0,0,0,0,0,0,35427560,35397144,35688,35667,56,0,0,0,0,0,0,0,0
1778081022.8596816,g2.hpc.coe,40875,0.5001,0,100.0,2035.0,12288.0,17403119261,17725781459,19771913,20037509,462443,0,0,0,0,0,0,0,0,0,0,0,0,40995014,40965442,41191,41175,1210,0,0,0,0,0,0,0,0
1778081023.359767,g2.hpc.coe,40875,0.5001,0,100.0,2035.0,12288.0,17438547028,17761178687,19807617,20073188,462584,0,0,0,0,0,0,0,0,0,0,0,0,35427767,35397228,35704,35679,141,0,0,0,0,0,0,0,0
1778081023.8598619,g2.hpc.coe,40875,0.5001,0,100.0,2035.0,12288.0,17473284840,17795889041,19842568,20108121,463887,0,0,0,0,0,0,0,0,0,0,0,0,34737812,34710354,34951,34933,1303,0,0,0,0,0,0,0,0
1778081024.3599484,g2.hpc.coe,40875,0.5001,0,100.0,2035.0,12288.0,17514280060,17837024482,19883946,20149652,466761,0,0,0,0,0,0,0,0,0,0,0,0,40995220,41135441,41378,41531,2874,0,0,0,0,0,0,0,0
1778081024.860037,g2.hpc.coe,40875,0.5001,0,100.0,2035.0,12288.0,17549707886,17872251606,19919460,20184960,466806,0,0,0,0,0,0,0,0,0,0,0,0,35427826,35227124,35514,35308,45,0,0,0,0,0,0,0,0
1778081025.360125,g2.hpc.coe,40875,0.5001,0,100.0,2035.0,12288.0,17590703173,17913217027,19960656,20226132,467614,0,0,0,0,0,0,0,0,0,0,0,0,40995287,40965421,41196,41172,808,0,0,0,0,0,0,0,0
1778081025.8602095,g2.hpc.coe,40875,0.5001,0,100.0,2035.0,12288.0,17626131149,17948614199,19996356,20261803,467880,0,0,0,0,0,0,0,0,0,0,0,0,35427976,35397172,35700,35671,266,0,0,0,0,0,0,0,0
1778081026.3603053,g2.hpc.coe,40875,0.5001,0,100.0,2035.0,12288.0,17664068108,17987433202,20034956,20300907,468970,0,0,0,0,0,0,0,0,0,0,0,0,37936959,38819003,38600,39104,1090,0,0,0,0,0,0,0,0
1778081026.8603983,g2.hpc.coe,40875,0.5001,0,100.0,2035.0,12288.0,17702555172,18024977323,20073268,20338666,469113,0,0,0,0,0,0,0,0,0,0,0,0,38487064,37544121,38312,37759,143,0,0,0,0,0,0,0,0
1778081027.3604894,g2.hpc.coe,40875,0.5001,0,100.0,2035.0,12288.0,17737293314,18059687629,20108219,20373599,469372,0,0,0,0,0,0,0,0,0,0,0,0,34738142,34710306,34951,34933,259,0,0,0,0,0,0,0,0
1778081027.8605914,g2.hpc.coe,40875,0.5001,0,100.0,2035.0,12288.0,17778288874,18100653050,20149418,20414771,470225,0,0,0,0,0,0,0,0,0,0,0,0,40995560,40965421,41199,41172,853,0,0,0,0,0,0,0,0
1778081028.3606849,g2.hpc.coe,40875,0.5001,0,100.0,2035.0,12288.0,17813717346,18136050484,20185121,20450448,470253,0,0,0,0,0,0,0,0,0,0,0,0,35428472,35397434,35703,35677,28,0,0,0,0,0,0,0,0
1778081028.8607728,g2.hpc.coe,40875,0.5001,0,100.0,2035.0,12288.0,17853182378,18175580406,20225178,20490538,471200,0,0,0,0,0,0,0,0,0,0,0,0,39465032,39529922,40057,40090,947,0,0,0,0,0,0,0,0
1778081029.3608868,g2.hpc.coe,40875,0.5001,0,100.0,2035.0,12288.0,17890139274,18212413158,20262017,20527300,471451,0,0,0,0,0,0,0,0,0,0,0,0,36956896,36832752,36839,36762,251,0,0,0,0,0,0,0,0
1778081029.8609703,g2.hpc.coe,40875,0.5001,0,100.0,2035.0,12288.0,17924876540,18247123386,20296966,20562224,471480,0,0,0,0,0,0,0,0,0,0,0,0,34737266,34710228,34949,34924,29,0,0,0,0,0,0,0,0
1778081030.3610678,g2.hpc.coe,40875,0.5001,0,100.0,2035.0,12288.0,17965871234,18288088792,20338158,20603396,473451,0,0,0,0,0,0,0,0,0,0,0,0,40994694,40965406,41192,41172,1971,0,0,0,0,0,0,0,0
1778081030.8611536,g2.hpc.coe,40875,0.5001,0,100.0,2035.0,12288.0,18001298625,18323485970,20373855,20639070,473512,0,0,0,0,0,0,0,0,0,0,0,0,35427391,35397178,35697,35674,61,0,0,0,0,0,0,0,0
1778081031.3612387,g2.hpc.coe,40875,0.5001,0,100.0,2035.0,12288.0,18042293498,18364451334,20415059,20680236,474603,0,0,0,0,0,0,0,0,0,0,0,0,40994873,40965364,41204,41166,1091,0,0,0,0,0,0,0,0
1778081031.8613214,g2.hpc.coe,40875,0.5001,0,100.0,2035.0,12288.0,18077720963,18399848470,20450753,20715904,477117,0,0,0,0,0,0,0,0,0,0,0,0,35427465,35397136,35694,35668,2514,0,0,0,0,0,0,0,0
1778081032.361405,g2.hpc.coe,40875,0.5001,0,100.0,2035.0,12288.0,18112458481,18434558775,20485704,20750839,477142,0,0,0,0,0,0,0,0,0,0,0,0,34737518,34710305,34951,34935,25,0,0,0,0,0,0,0,0
1778081032.8614898,g2.hpc.coe,40875,0.5001,0,100.0,2035.0,12288.0,18153453505,18475524217,20526907,20792014,477793,0,0,0,0,0,0,0,0,0,0,0,0,40995024,40965442,41203,41175,651,0,0,0,0,0,0,0,0
1778081033.361575,g2.hpc.coe,40875,0.5001,0,100.0,2035.0,12288.0,18188881106,18510921389,20562598,20827685,478122,0,0,0,0,0,0,0,0,0,0,0,0,35427601,35397172,35691,35671,329,0,0,0,0,0,0,0,0
1778081033.8616626,g2.hpc.coe,40875,0.5001,0,100.0,2035.0,12288.0,18229876176,18551886747,20603794,20868848,479843,0,0,0,0,0,0,0,0,0,0,0,0,40995070,40965358,41196,41163,1721,0,0,0,0,0,0,0,0
1778081034.3617582,g2.hpc.coe,40875,0.5001,0,100.0,2035.0,12288.0,18265304033,18587284002,20639499,20904524,480693,0,0,0,0,0,0,0,0,0,0,0,0,35427857,35397255,35705,35676,850,0,0,0,0,0,0,0,0
1778081034.8618414,g2.hpc.coe,40875,0.5001,0,100.0,2035.0,12288.0,18300041817,18621994336,20674452,20939461,480714,0,0,0,0,0,0,0,0,0,0,0,0,34737784,34710334,34953,34937,21,0,0,0,0,0,0,0,0
1778081035.361925,g2.hpc.coe,40875,0.5001,0,100.0,2035.0,12288.0,18341036952,18662959743,20715637,20980631,484712,0,0,0,0,0,0,0,0,0,0,0,0,40995135,40965407,41185,41170,3998,0,0,0,0,0,0,0,0
1778081035.8620071,g2.hpc.coe,40875,0.5001,0,100.0,2035.0,12288.0,18376464875,18698356978,20751340,21016311,484740,0,0,0,0,0,0,0,0,0,0,0,0,35427923,35397235,35703,35680,28,0,0,0,0,0,0,0,0
1778081036.3620925,g2.hpc.coe,40875,0.5001,0,100.0,2035.0,12288.0,18417460154,18739322378,20792532,21057480,487569,0,0,0,0,0,0,0,0,0,0,0,0,40995279,40965400,41192,41169,2829,0,0,0,0,0,0,0,0
1778081036.8621755,g2.hpc.coe,40875,0.5001,0,100.0,2035.0,12288.0,18459145539,18780974644,20834476,21099387,487595,0,0,0,0,0,0,0,0,0,0,0,0,41685385,41652266,41944,41907,26,0,0,0,0,0,0,0,0
1778081037.3622613,g2.hpc.coe,40875,0.5001,0,100.0,2035.0,12288.0,18487626179,18809429828,20863186,21128080,487614,0,0,0,0,0,0,0,0,0,0,0,0,28480640,28455184,28710,28693,19,0,0,0,0,0,0,0,0
1778081037.862343,g2.hpc.coe,40875,0.5001,0,100.0,2035.0,12288.0,18528621656,18850395319,20904386,21169262,490541,0,0,0,0,0,0,0,0,0,0,0,0,40995477,40965491,41200,41182,2927,0,0,0,0,0,0,0,0
1778081038.362443,g2.hpc.coe,40875,0.5001,0,100.0,2035.0,12288.0,18564049845,18885792491,20940091,21204933,490562,0,0,0,0,0,0,0,0,0,0,0,0,35428189,35397172,35705,35671,21,0,0,0,0,0,0,0,0
1778081038.8625515,g2.hpc.coe,40875,0.5001,0,100.0,2035.0,12288.0,18605045341,18926757975,20981278,21246114,491282,0,0,0,0,0,0,0,0,0,0,0,0,40995496,40965484,41187,41181,720,0,0,0,0,0,0,0,0
1778081039.3626359,g2.hpc.coe,40875,0.5001,0,100.0,2035.0,12288.0,18640472563,18962155180,21016973,21281785,491313,0,0,0,0,0,0,0,0,0,0,0,0,35427222,35397205,35695,35671,31,0,0,0,0,0,0,0,0
1778081039.8627217,g2.hpc.coe,40875,0.5001,0,100.0,2035.0,12288.0,18675209781,18996865485,21052238,21316947,491333,0,0,0,0,0,0,0,0,0,0,0,0,34737218,34710305,35265,35162,20,0,0,0,0,0,0,0,0
1778081040.3628068,g2.hpc.coe,40875,0.5001,0,100.0,2035.0,12288.0,18716204470,19037830940,21093128,21357899,493516,0,0,0,0,0,0,0,0,0,0,0,0,40994689,40965455,40890,40952,2183,0,0,0,0,0,0,0,0
1778081040.8628905,g2.hpc.coe,40875,0.5001,0,100.0,2035.0,12288.0,18751631743,19073228160,21128819,21393579,495479,0,0,0,0,0,0,0,0,0,0,0,0,35427273,35397220,35691,35680,1963,0,0,0,0,0,0,0,0
1778081041.3629744,g2.hpc.coe,40875,0.5001,0,100.0,2035.0,12288.0,18792626492,19114193573,21170016,21434752,499557,0,0,0,0,0,0,0,0,0,0,0,0,40994749,40965413,41197,41173,4078,0,0,0,0,0,0,0,0
1778081041.8630676,g2.hpc.coe,40875,0.5001,0,100.0,2035.0,12288.0,18828054417,19149591198,21205721,21470434,499653,0,0,0,0,0,0,0,0,0,0,0,0,35427925,35397625,35705,35682,96,0,0,0,0,0,0,0,0
1778081042.363162,g2.hpc.coe,40875,0.5001,0,100.0,2035.0,12288.0,18865257308,19187570786,21243596,21509252,500171,0,0,0,0,0,0,0,0,0,0,0,0,37202891,37979588,37875,38818,518,0,0,0,0,0,0,0,0
1778081042.8632514,g2.hpc.coe,40875,0.5001,0,100.0,2035.0,12288.0,18904476811,19225953719,21282615,21547271,500767,0,0,0,0,0,0,0,0,0,0,0,0,39219503,38382933,39019,38019,596,0,0,0,0,0,0,0,0
1778081043.3633373,g2.hpc.coe,40875,0.5001,0,100.0,2035.0,12288.0,18939214334,19260663919,21317564,21582191,500821,0,0,0,0,0,0,0,0,0,0,0,0,34737523,34710200,34949,34920,54,0,0,0,0,0,0,0,0
1778081043.8634238,g2.hpc.coe,40875,0.5001,0,100.0,2035.0,12288.0,18980209258,19301629305,21358750,21623358,501985,0,0,0,0,0,0,0,0,0,0,0,0,40994924,40965386,41186,41167,1164,0,0,0,0,0,0,0,0
1778081044.3635118,g2.hpc.coe,40875,0.5001,0,100.0,2035.0,12288.0,19015637019,19337026623,21394452,21659043,502004,0,0,0,0,0,0,0,0,0,0,0,0,35427761,35397318,35702,35685,19,0,0,0,0,0,0,0,0
1778081044.8636034,g2.hpc.coe,40875,0.5001,0,100.0,2035.0,12288.0,19053200523,19374866386,21432746,21697465,502610,0,0,0,0,0,0,0,0,0,0,0,0,37563504,37839763,38294,38422,606,0,0,0,0,0,0,0,0
1778081045.3636906,g2.hpc.coe,40875,0.5001,0,100.0,2035.0,12288.0,19092059880,19413389167,21471347,21735879,503871,0,0,0,0,0,0,0,0,0,0,0,0,38859357,38522781,38601,38414,1261,0,0,0,0,0,0,0,0
1778081045.8637762,g2.hpc.coe,40875,0.5001,0,100.0,2035.0,12288.0,19126797669,19448099466,21506298,21770811,503900,0,0,0,0,0,0,0,0,0,0,0,0,34737789,34710299,34951,34932,29,0,0,0,0,0,0,0,0
1778081046.3638678,g2.hpc.coe,40875,0.5001,0,100.0,2035.0,12288.0,19167792922,19489064852,21547497,21811978,506611,0,0,0,0,0,0,0,0,0,0,0,0,40995253,40965386,41199,41167,2711,0,0,0,0,0,0,0,0
1778081046.8639522,g2.hpc.coe,40875,0.5001,0,100.0,2035.0,12288.0,19203220808,19524462024,21583192,21847649,506820,0,0,0,0,0,0,0,0,0,0,0,0,35427886,35397172,35695,35671,209,0,0,0,0,0,0,0,0
1778081047.3640394,g2.hpc.coe,40875,0.5001,0,100.0,2035.0,12288.0,19244216079,19565427452,21624380,21888822,509574,0,0,0,0,0,0,0,0,0,0,0,0,40995271,40965428,41188,41173,2754,0,0,0,0,0,0,0,0
1778081047.8641255,g2.hpc.coe,40875,0.5001,0,100.0,2035.0,12288.0,19279644201,19600824624,21660095,21924493,509593,0,0,0,0,0,0,0,0,0,0,0,0,35428122,35397172,35715,35671,19,0,0,0,0,0,0,0,0
1778081048.3642206,g2.hpc.coe,40875,0.5001,0,100.0,2035.0,12288.0,19314382200,19635534853,21695042,21959415,509609,0,0,0,0,0,0,0,0,0,0,0,0,34737999,34710229,34947,34922,16,0,0,0,0,0,0,0,0
1778081048.8643148,g2.hpc.coe,40875,0.5001,0,100.0,2035.0,12288.0,19355377698,19676500281,21736240,22000588,513650,0,0,0,0,0,0,0,0,0,0,0,0,40995498,40965428,41198,41173,4041,0,0,0,0,0,0,0,0
1778081049.364401,g2.hpc.coe,40875,0.5001,0,100.0,2035.0,12288.0,19390805928,19711897557,21771939,22036267,513682,0,0,0,0,0,0,0,0,0,0,0,0,35428230,35397276,35699,35679,32,0,0,0,0,0,0,0,0
1778081049.8644884,g2.hpc.coe,40875,0.5001,0,100.0,2035.0,12288.0,19431793781,19752855308,21813110,22077422,515964,0,0,0,0,0,0,0,0,0,0,0,0,40987853,40957751,41171,41155,2282,0,0,0,0,0,0,0,0
1778081050.3645818,g2.hpc.coe,40875,0.5001,0,100.0,2035.0,12288.0,19467228666,19788260191,21848827,22113118,516426,0,0,0,0,0,0,0,0,0,0,0,0,35434885,35404883,35717,35696,462,0,0,0,0,0,0,0,0
1778081050.864668,g2.hpc.coe,40875,0.5001,0,100.0,2035.0,12288.0,19501965912,19822970461,21883781,22148048,518049,0,0,0,0,0,0,0,0,0,0,0,0,34737246,34710270,34954,34930,1623,0,0,0,0,0,0,0,0
1778081051.3647547,g2.hpc.coe,40875,0.5001,0,100.0,2035.0,12288.0,19542960559,19863935846,21924974,22189217,519862,0,0,0,0,0,0,0,0,0,0,0,0,40994647,40965385,41193,41169,1813,0,0,0,0,0,0,0,0
1778081051.8648412,g2.hpc.coe,40875,0.5001,0,100.0,2035.0,12288.0,19578387888,19899333003,21960670,22224888,519881,0,0,0,0,0,0,0,0,0,0,0,0,35427329,35397157,35696,35671,19,0,0,0,0,0,0,0,0
1778081052.3649266,g2.hpc.coe,40875,0.5001,0,100.0,2035.0,12288.0,19619382553,19940298416,22001852,22266061,523786,0,0,0,0,0,0,0,0,0,0,0,0,40994665,40965413,41182,41173,3905,0,0,0,0,0,0,0,0
1778081052.8650117,g2.hpc.coe,40875,0.5001,0,100.0,2035.0,12288.0,19654810054,19975695545,22037559,22301728,524276,0,0,0,0,0,0,0,0,0,0,0,0,35427501,35397129,35707,35667,490,0,0,0,0,0,0,0,0
1778081053.3651054,g2.hpc.coe,40875,0.5001,0,100.0,2035.0,12288.0,19689547503,20010405843,22072508,22336662,524300,0,0,0,0,0,0,0,0,0,0,0,0,34737449,34710298,34949,34934,24,0,0,0,0,0,0,0,0
1778081053.865196,g2.hpc.coe,40875,0.5001,0,100.0,2035.0,12288.0,19730542352,20051371270,22113696,22377837,525844,0,0,0,0,0,0,0,0,0,0,0,0,40994849,40965427,41188,41175,1544,0,0,0,0,0,0,0,0
1778081054.3652868,g2.hpc.coe,40875,0.5001,0,100.0,2035.0,12288.0,19765969955,20086768470,22149395,22413512,527709,0,0,0,0,0,0,0,0,0,0,0,0,35427603,35397200,35699,35675,1865,0,0,0,0,0,0,0,0
1778081054.8653727,g2.hpc.coe,40875,0.5001,0,100.0,2035.0,12288.0,19806965033,20127734016,22190591,22454695,528784,0,0,0,0,0,0,0,0,0,0,0,0,40995078,40965546,41196,41183,1075,0,0,0,0,0,0,0,0
1778081055.3654578,g2.hpc.coe,40875,0.5001,0,100.0,2035.0,12288.0,19842392738,20163131216,22226291,22490370,528947,0,0,0,0,0,0,0,0,0,0,0,0,35427705,35397200,35700,35675,163,0,0,0,0,0,0,0,0
1778081055.8655472,g2.hpc.coe,40875,0.5001,0,100.0,2035.0,12288.0,19877130391,20197841480,22261233,22525297,528974,0,0,0,0,0,0,0,0,0,0,0,0,34737653,34710264,34942,34927,27,0,0,0,0,0,0,0,0
1778081056.3656306,g2.hpc.coe,40875,0.5001,0,100.0,2035.0,12288.0,19918125556,20238806950,22302430,22566476,530751,0,0,0,0,0,0,0,0,0,0,0,0,40995165,40965470,41197,41179,1777,0,0,0,0,0,0,0,0
1778081056.8657262,g2.hpc.coe,40875,0.5001,0,100.0,2035.0,12288.0,19953553946,20274204576,22338142,22602156,530783,0,0,0,0,0,0,0,0,0,0,0,0,35428390,35397626,35712,35680,32,0,0,0,0,0,0,0,0
1778081057.3658147,g2.hpc.coe,40875,0.5001,0,100.0,2035.0,12288.0,19994549265,20315169920,22379341,22643317,531825,0,0,0,0,0,0,0,0,0,0,0,0,40995319,40965344,41199,41161,1042,0,0,0,0,0,0,0,0
1778081057.8659024,g2.hpc.coe,40875,0.5001,0,100.0,2035.0,12288.0,20029977243,20350567183,22415046,22679001,532290,0,0,0,0,0,0,0,0,0,0,0,0,35427978,35397263,35705,35684,465,0,0,0,0,0,0,0,0
1778081058.3659966,g2.hpc.coe,40875,0.5001,0,100.0,2035.0,12288.0,20064715182,20385277503,22449995,22713936,532309,0,0,0,0,0,0,0,0,0,0,0,0,34737939,34710320,34949,34935,19,0,0,0,0,0,0,0,0
1778081058.8660867,g2.hpc.coe,40875,0.5001,0,100.0,2035.0,12288.0,20105710584,20426242910,22491192,22755106,535668,0,0,0,0,0,0,0,0,0,0,0,0,40995402,40965407,41197,41170,3359,0,0,0,0,0,0,0,0
1778081059.366174,g2.hpc.coe,40875,0.5001,0,100.0,2035.0,12288.0,20141138655,20461640061,22526890,22790774,535686,0,0,0,0,0,0,0,0,0,0,0,0,35428071,35397151,35698,35668,18,0,0,0,0,0,0,0,0
1778081059.8662586,g2.hpc.coe,40875,0.5001,0,100.0,2035.0,12288.0,20182134216,20502605544,22568085,22831948,536193,0,0,0,0,0,0,0,0,0,0,0,0,40995561,40965483,41195,41174,507,0,0,0,0,0,0,0,0
1778081060.366344,g2.hpc.coe,40875,0.5001,0,100.0,2035.0,12288.0,20217562432,20538002751,22603788,22867624,536289,0,0,0,0,0,0,0,0,0,0,0,0,35428216,35397207,35703,35676,96,0,0,0,0,0,0,0,0
1778081060.8664312,g2.hpc.coe,40875,0.5001,0,100.0,2035.0,12288.0,20252299590,20572713028,22638740,22902555,536317,0,0,0,0,0,0,0,0,0,0,0,0,34737158,34710277,34952,34931,28,0,0,0,0,0,0,0,0
1778081061.3665185,g2.hpc.coe,40875,0.5001,0,100.0,2035.0,12288.0,20293984199,20614365300,22680682,22944465,539600,0,0,0,0,0,0,0,0,0,0,0,0,41684609,41652272,41942,41910,3283,0,0,0,0,0,0,0,0
1778081061.8666048,g2.hpc.coe,40875,0.5001,0,100.0,2035.0,12288.0,20328721431,20649075549,22715631,22979392,540876,0,0,0,0,0,0,0,0,0,0,0,0,34737232,34710249,34949,34927,1276,0,0,0,0,0,0,0,0
1778081062.3667,g2.hpc.coe,40875,0.5001,0,100.0,2035.0,12288.0,20369716119,20690040955,22756827,23020564,542480,0,0,0,0,0,0,0,0,0,0,0,0,40994688,40965406,41196,41172,1604,0,0,0,0,0,0,0,0
1778081062.866787,g2.hpc.coe,40875,0.5001,0,100.0,2035.0,12288.0,20405143461,20725438210,22792522,23056249,542501,0,0,0,0,0,0,0,0,0,0,0,0,35427342,35397255,35695,35685,21,0,0,0,0,0,0,0,0
1778081063.366873,g2.hpc.coe,40875,0.5001,0,100.0,2035.0,12288.0,20439880827,20760148557,22827520,23091505,543797,0,0,0,0,0,0,0,0,0,0,0,0,34737366,34710347,34998,35256,1296,0,0,0,0,0,0,0,0
1778081063.8669593,g2.hpc.coe,40875,0.5001,0,100.0,2035.0,12288.0,20481048708,20801113935,22868831,23132358,545059,0,0,0,0,0,0,0,0,0,0,0,0,41167881,40965378,41311,40853,1262,0,0,0,0,0,0,0,0
1778081064.3670464,g2.hpc.coe,40875,0.5001,0,100.0,2035.0,12288.0,20516303128,20836511106,22904359,23168031,546007,0,0,0,0,0,0,0,0,0,0,0,0,35254420,35397171,35528,35673,948,0,0,0,0,0,0,0,0
1778081064.8671327,g2.hpc.coe,40875,0.5001,0,100.0,2035.0,12288.0,20557298200,20877476525,22945567,23209198,548188,0,0,0,0,0,0,0,0,0,0,0,0,40995072,40965419,41208,41167,2181,0,0,0,0,0,0,0,0
1778081065.367236,g2.hpc.coe,40875,0.5001,0,100.0,2035.0,12288.0,20592725914,20912873760,22981279,23244878,548205,0,0,0,0,0,0,0,0,0,0,0,0,35427714,35397235,35712,35680,17,0,0,0,0,0,0,0,0
1778081065.8673236,g2.hpc.coe,40875,0.5001,0,100.0,2035.0,12288.0,20629964877,20950662254,23019163,23283228,548942,0,0,0,0,0,0,0,0,0,0,0,0,37238963,37788494,37884,38350,737,0,0,0,0,0,0,0,0
1778081066.3674152,g2.hpc.coe,40875,0.5001,0,100.0,2035.0,12288.0,20669148638,20989236367,23058170,23321723,549935,0,0,0,0,0,0,0,0,0,0,0,0,39183761,38574113,39007,38495,993,0,0,0,0,0,0,0,0
1778081066.867505,g2.hpc.coe,40875,0.5001,0,100.0,2035.0,12288.0,20703886387,21023946610,23093123,23356647,549955,0,0,0,0,0,0,0,0,0,0,0,0,34737749,34710243,34953,34924,20,0,0,0,0,0,0,0,0
1778081067.3675966,g2.hpc.coe,40875,0.5001,0,100.0,2035.0,12288.0,20744881571,21064912031,23134320,23397819,552238,0,0,0,0,0,0,0,0,0,0,0,0,40995184,40965421,41197,41172,2283,0,0,0,0,0,0,0,0
1778081067.8676832,g2.hpc.coe,40875,0.5001,0,100.0,2035.0,12288.0,20780309459,21100309224,23170023,23433493,552269,0,0,0,0,0,0,0,0,0,0,0,0,35427888,35397193,35703,35674,31,0,0,0,0,0,0,0,0
1778081068.36777,g2.hpc.coe,40875,0.5001,0,100.0,2035.0,12288.0,20820090892,21140308544,23210487,23474061,554004,0,0,0,0,0,0,0,0,0,0,0,0,39781433,39999320,40464,40568,1735,0,0,0,0,0,0,0,0
1778081068.8678625,g2.hpc.coe,40875,0.5001,0,100.0,2035.0,12288.0,20856732671,21176671817,23246916,23510336,554029,0,0,0,0,0,0,0,0,0,0,0,0,36641779,36363273,36429,36275,25,0,0,0,0,0,0,0,0
1778081069.3679512,g2.hpc.coe,40875,0.5001,0,100.0,2035.0,12288.0,20891470600,21211382137,23281861,23545271,554054,0,0,0,0,0,0,0,0,0,0,0,0,34737929,34710320,34945,34935,25,0,0,0,0,0,0,0,0
1778081069.868039,g2.hpc.coe,40875,0.5001,0,100.0,2035.0,12288.0,20932466098,21252347634,23323060,23586447,555428,0,0,0,0,0,0,0,0,0,0,0,0,40995498,40965497,41199,41176,1374,0,0,0,0,0,0,0,0
1778081070.3681302,g2.hpc.coe,40875,0.5001,0,100.0,2035.0,12288.0,20967894215,21287744799,23358762,23622117,555788,0,0,0,0,0,0,0,0,0,0,0,0,35428117,35397165,35702,35670,360,0,0,0,0,0,0,0,0
1778081070.8682163,g2.hpc.coe,40875,0.5001,0,100.0,2035.0,12288.0,21008889725,21328710213,23399956,23663288,563191,0,0,0,0,0,0,0,0,0,0,0,0,40995510,40965414,41194,41171,7403,0,0,0,0,0,0,0,0
1778081071.3683016,g2.hpc.coe,40875,0.5001,0,100.0,2035.0,12288.0,21044317959,21364107385,23435659,23698959,567347,0,0,0,0,0,0,0,0,0,0,0,0,35428234,35397172,35703,35671,4156,0,0,0,0,0,0,0,0
1778081071.8683937,g2.hpc.coe,40875,0.5001,0,100.0,2035.0,12288.0,21079055650,21398818088,23470619,23733895,567380,0,0,0,0,0,0,0,0,0,0,0,0,34737691,34710703,34960,34936,33,0,0,0,0,0,0,0,0
1778081072.3684852,g2.hpc.coe,40875,0.5001,0,100.0,2035.0,12288.0,21120050307,21439783487,23511815,23775066,567529,0,0,0,0,0,0,0,0,0,0,0,0,40994657,40965399,41196,41171,149,0,0,0,0,0,0,0,0
1778081072.8685818,g2.hpc.coe,40875,0.5001,0,100.0,2035.0,12288.0,21155477518,21475180665,23547502,23810740,567594,0,0,0,0,0,0,0,0,0,0,0,0,35427211,35397178,35687,35674,65,0,0,0,0,0,0,0,0
1778081073.3686676,g2.hpc.coe,40875,0.5001,0,100.0,2035.0,12288.0,21196472253,21516146036,23588702,23851907,568790,0,0,0,0,0,0,0,0,0,0,0,0,40994735,40965371,41200,41167,1196,0,0,0,0,0,0,0,0
1778081073.8687537,g2.hpc.coe,40875,0.5001,0,100.0,2035.0,12288.0,21231899629,21551543130,23624399,23887569,568812,0,0,0,0,0,0,0,0,0,0,0,0,35427376,35397094,35697,35662,22,0,0,0,0,0,0,0,0
1778081074.3688421,g2.hpc.coe,40875,0.5001,0,100.0,2035.0,12288.0,21266637085,21586253407,23659357,23922500,568838,0,0,0,0,0,0,0,0,0,0,0,0,34737456,34710277,34958,34931,26,0,0,0,0,0,0,0,0
1778081074.8689349,g2.hpc.coe,40875,0.5001,0,100.0,2035.0,12288.0,21307631969,21627218883,23700558,23963682,569476,0,0,0,0,0,0,0,0,0,0,0,0,40994884,40965476,41201,41182,638,0,0,0,0,0,0,0,0
1778081075.3690238,g2.hpc.coe,40875,0.5001,0,100.0,2035.0,12288.0,21343059557,21662616074,23736256,23999351,571602,0,0,0,0,0,0,0,0,0,0,0,0,35427588,35397191,35698,35669,2126,0,0,0,0,0,0,0,0
1778081075.8691087,g2.hpc.coe,40875,0.5001,0,100.0,2035.0,12288.0,21384054488,21703581487,23777450,24040524,571904,0,0,0,0,0,0,0,0,0,0,0,0,40994931,40965413,41194,41173,302,0,0,0,0,0,0,0,0
1778081076.369194,g2.hpc.coe,40875,0.5001,0,100.0,2035.0,12288.0,21419482081,21738978750,23813142,24076208,572455,0,0,0,0,0,0,0,0,0,0,0,0,35427593,35397263,35692,35684,551,0,0,0,0,0,0,0,0
1778081076.8692782,g2.hpc.coe,40875,0.5001,0,100.0,2035.0,12288.0,21454219761,21773689091,23848096,24111146,572855,0,0,0,0,0,0,0,0,0,0,0,0,34737680,34710341,34954,34938,400,0,0,0,0,0,0,0,0
1778081077.369364,g2.hpc.coe,40875,0.5001,0,100.0,2035.0,12288.0,21495214863,21814654477,23889292,24152313,573284,0,0,0,0,0,0,0,0,0,0,0,0,40995102,40965386,41196,41167,429,0,0,0,0,0,0,0,0
1778081077.8694522,g2.hpc.coe,40875,0.5001,0,100.0,2035.0,12288.0,21530642661,21850051733,23924993,24187996,573423,0,0,0,0,0,0,0,0,0,0,0,0,35427798,35397256,35701,35683,139,0,0,0,0,0,0,0,0
1778081078.3695407,g2.hpc.coe,40875,0.5001,0,100.0,2035.0,12288.0,21571637816,21891017175,23966183,24229171,574014,0,0,0,0,0,0,0,0,0,0,0,0,40995155,40965442,41190,41175,591,0,0,0,0,0,0,0,0
1778081078.869624,g2.hpc.coe,40875,0.5001,0,100.0,2035.0,12288.0,21607065695,21926414438,24001882,24264855,574081,0,0,0,0,0,0,0,0,0,0,0,0,35427879,35397263,35699,35684,67,0,0,0,0,0,0,0,0
1778081079.369708,g2.hpc.coe,40875,0.5001,0,100.0,2035.0,12288.0,21648060972,21967379894,24043076,24306032,576672,0,0,0,0,0,0,0,0,0,0,0,0,40995277,40965456,41194,41177,2591,0,0,0,0,0,0,0,0
1778081079.8697927,g2.hpc.coe,40875,0.5001,0,100.0,2035.0,12288.0,21682798902,22002126798,24078115,24341140,576700,0,0,0,0,0,0,0,0,0,0,0,0,34737930,34746904,35039,35108,28,0,0,0,0,0,0,0,0
1778081080.3698778,g2.hpc.coe,40875,0.5001,0,100.0,2035.0,12288.0,21718227063,22037487483,24113735,24376645,577350,0,0,0,0,0,0,0,0,0,0,0,0,35428161,35360685,35620,35505,650,0,0,0,0,0,0,0,0
1778081080.8699648,g2.hpc.coe,40875,0.5001,0,100.0,2035.0,12288.0,21759222496,22078452827,24154931,24417806,577465,0,0,0,0,0,0,0,0,0,0,0,0,40995433,40965344,41196,41161,115,0,0,0,0,0,0,0,0
1778081081.3700495,g2.hpc.coe,40875,0.5001,0,100.0,2035.0,12288.0,21794650592,22113850041,24190625,24453483,577801,0,0,0,0,0,0,0,0,0,0,0,0,35428096,35397214,35694,35677,336,0,0,0,0,0,0,0,0
1778081081.8701317,g2.hpc.coe,40875,0.5001,0,100.0,2035.0,12288.0,21829388684,22148560354,24225568,24488417,577821,0,0,0,0,0,0,0,0,0,0,0,0,34738092,34710313,34943,34934,20,0,0,0,0,0,0,0,0
1778081082.3702219,g2.hpc.coe,40875,0.5001,0,100.0,2035.0,12288.0,21870383228,22189525760,24266765,24529589,579753,0,0,0,0,0,0,0,0,0,0,0,0,40994544,40965406,41197,41172,1932,0,0,0,0,0,0,0,0
1778081082.8703065,g2.hpc.coe,40875,0.5001,0,100.0,2035.0,12288.0,21905810461,22224922910,24302466,24565259,580074,0,0,0,0,0,0,0,0,0,0,0,0,35427233,35397150,35701,35670,321,0,0,0,0,0,0,0,0
1778081083.3703923,g2.hpc.coe,40875,0.5001,0,100.0,2035.0,12288.0,21946805107,22265888288,24343664,24606427,580098,0,0,0,0,0,0,0,0,0,0,0,0,40994646,40965378,41198,41168,24,0,0,0,0,0,0,0,0
1778081083.8704815,g2.hpc.coe,40875,0.5001,0,100.0,2035.0,12288.0,21982232400,22301285459,24379360,24642100,580128,0,0,0,0,0,0,0,0,0,0,0,0,35427293,35397171,35696,35673,30,0,0,0,0,0,0,0,0
1778081084.3705637,g2.hpc.coe,40875,0.5001,0,100.0,2035.0,12288.0,22019694660,22339335910,24417526,24680922,580324,0,0,0,0,0,0,0,0,0,0,0,0,37462260,38050451,38166,38822,196,0,0,0,0,0,0,0,0
1778081084.8706481,g2.hpc.coe,40875,0.5001,0,100.0,2035.0,12288.0,22057964421,22377024832,24455501,24718368,583211,0,0,0,0,0,0,0,0,0,0,0,0,38269761,37688922,37975,37446,2887,0,0,0,0,0,0,0,0
1778081085.3707318,g2.hpc.coe,40875,0.5001,0,100.0,2035.0,12288.0,22093391948,22412358396,24491195,24753881,583242,0,0,0,0,0,0,0,0,0,0,0,0,35427527,35333564,35694,35513,31,0,0,0,0,0,0,0,0
1778081085.8708134,g2.hpc.coe,40875,0.5001,0,100.0,2035.0,12288.0,22134386824,22453323837,24532392,24795058,584180,0,0,0,0,0,0,0,0,0,0,0,0,40994876,40965441,41197,41177,938,0,0,0,0,0,0,0,0
1778081086.3709028,g2.hpc.coe,40875,0.5001,0,100.0,2035.0,12288.0,22169814382,22488721001,24568092,24830730,588202,0,0,0,0,0,0,0,0,0,0,0,0,35427558,35397164,35700,35672,4022,0,0,0,0,0,0,0,0
1778081086.8710024,g2.hpc.coe,40875,0.5001,0,100.0,2035.0,12288.0,22210536172,22529651628,24609276,24871885,590227,0,0,0,0,0,0,0,0,0,0,0,0,40721790,40930627,41184,41155,2025,0,0,0,0,0,0,0,0
1778081087.371091,g2.hpc.coe,40875,0.5001,0,100.0,2035.0,12288.0,22246237603,22565084055,24644998,24907583,590263,0,0,0,0,0,0,0,0,0,0,0,0,35701431,35432427,35722,35698,36,0,0,0,0,0,0,0,0
1778081087.8711975,g2.hpc.coe,40875,0.5001,0,100.0,2035.0,12288.0,22280975324,22599794361,24679955,24942516,590284,0,0,0,0,0,0,0,0,0,0,0,0,34737721,34710306,34957,34933,21,0,0,0,0,0,0,0,0
1778081088.3712838,g2.hpc.coe,40875,0.5001,0,100.0,2035.0,12288.0,22321970681,22640759988,24721153,24983686,591514,0,0,0,0,0,0,0,0,0,0,0,0,40995357,40965627,41198,41170,1230,0,0,0,0,0,0,0,0
1778081088.871369,g2.hpc.coe,40875,0.5001,0,100.0,2035.0,12288.0,22357398514,22676157160,24756854,25019357,591910,0,0,0,0,0,0,0,0,0,0,0,0,35427833,35397172,35701,35671,396,0,0,0,0,0,0,0,0
1778081089.3714578,g2.hpc.coe,40875,0.5001,0,100.0,2035.0,12288.0,22396990289,22715741985,24796993,25059511,593686,0,0,0,0,0,0,0,0,0,0,0,0,39591775,39584825,40139,40154,1776,0,0,0,0,0,0,0,0
1778081089.8715398,g2.hpc.coe,40875,0.5001,0,100.0,2035.0,12288.0,22433821524,22752519725,24833734,25096196,594319,0,0,0,0,0,0,0,0,0,0,0,0,36831235,36777740,36741,36685,633,0,0,0,0,0,0,0,0
1778081090.3716288,g2.hpc.coe,40875,0.5001,0,100.0,2035.0,12288.0,22468559440,22787230030,24868676,25131122,594342,0,0,0,0,0,0,0,0,0,0,0,0,34737916,34710305,34942,34926,23,0,0,0,0,0,0,0,0
1778081090.8717153,g2.hpc.coe,40875,0.5001,0,100.0,2035.0,12288.0,22509554785,22828195465,24909870,25172296,595839,0,0,0,0,0,0,0,0,0,0,0,0,40995345,40965435,41194,41174,1497,0,0,0,0,0,0,0,0
1778081091.3717968,g2.hpc.coe,40875,0.5001,0,100.0,2035.0,12288.0,22544982763,22863592700,24945560,25207976,595979,0,0,0,0,0,0,0,0,0,0,0,0,35427978,35397235,35690,35680,140,0,0,0,0,0,0,0,0
1778081091.8718815,g2.hpc.coe,40875,0.5001,0,100.0,2035.0,12288.0,22585970498,22904550416,24986734,25249149,601980,0,0,0,0,0,0,0,0,0,0,0,0,40987735,40957716,41174,41173,6001,0,0,0,0,0,0,0,0
1778081092.371963,g2.hpc.coe,40875,0.5001,0,100.0,2035.0,12288.0,22621406327,22939955363,25022449,25284829,602202,0,0,0,0,0,0,0,0,0,0,0,0,35435829,35404947,35715,35680,222,0,0,0,0,0,0,0,0
1778081092.8720455,g2.hpc.coe,40875,0.5001,0,100.0,2035.0,12288.0,22656144517,22974665676,25057403,25319763,602224,0,0,0,0,0,0,0,0,0,0,0,0,34738190,34710313,34954,34934,22,0,0,0,0,0,0,0,0
1778081093.3721385,g2.hpc.coe,40875,0.5001,0,100.0,2035.0,12288.0,22697139060,23015631054,25098597,25360931,605517,0,0,0,0,0,0,0,0,0,0,0,0,40994543,40965378,41194,41168,3293,0,0,0,0,0,0,0,0
1778081093.8722231,g2.hpc.coe,40875,0.5001,0,100.0,2035.0,12288.0,22732566335,23051028218,25134301,25396603,605536,0,0,0,0,0,0,0,0,0,0,0,0,35427275,35397164,35704,35672,19,0,0,0,0,0,0,0,0
1778081094.3723187,g2.hpc.coe,40875,0.5001,0,100.0,2035.0,12288.0,22773561036,23091993575,25175504,25437768,606902,0,0,0,0,0,0,0,0,0,0,0,0,40994701,40965357,41203,41165,1366,0,0,0,0,0,0,0,0
1778081094.8724003,g2.hpc.coe,40875,0.5001,0,100.0,2035.0,12288.0,22808988350,23127390739,25211200,25473440,606934,0,0,0,0,0,0,0,0,0,0,0,0,35427314,35397164,35696,35672,32,0,0,0,0,0,0,0,0
1778081095.3724854,g2.hpc.coe,40875,0.5001,0,100.0,2035.0,12288.0,22843725772,23162101009,25246161,25508370,608057,0,0,0,0,0,0,0,0,0,0,0,0,34737422,34710270,34961,34930,1123,0,0,0,0,0,0,0,0
1778081095.8725672,g2.hpc.coe,40875,0.5001,0,100.0,2035.0,12288.0,22884720643,23203066414,25287361,25549535,608961,0,0,0,0,0,0,0,0,0,0,0,0,40994871,40965405,41200,41165,904,0,0,0,0,0,0,0,0
1778081096.3726485,g2.hpc.coe,40875,0.5001,0,100.0,2035.0,12288.0,22920148134,23238463592,25323062,25585209,609043,0,0,0,0,0,0,0,0,0,0,0,0,35427491,35397178,35701,35674,82,0,0,0,0,0,0,0,0
1778081096.872734,g2.hpc.coe,40875,0.5001,0,100.0,2035.0,12288.0,22961143052,23279428942,25364262,25626373,609660,0,0,0,0,0,0,0,0,0,0,0,0,40994918,40965350,41200,41164,617,0,0,0,0,0,0,0,0
1778081097.3728197,g2.hpc.coe,40875,0.5001,0,100.0,2035.0,12288.0,22996570624,23314826120,25399961,25662047,609690,0,0,0,0,0,0,0,0,0,0,0,0,35427572,35397178,35699,35674,30,0,0,0,0,0,0,0,0
1778081097.8729043,g2.hpc.coe,40875,0.5001,0,100.0,2035.0,12288.0,23031308242,23349536405,25434914,25696977,609708,0,0,0,0,0,0,0,0,0,0,0,0,34737618,34710285,34953,34930,18,0,0,0,0,0,0,0,0
1778081098.372993,g2.hpc.coe,40875,0.5001,0,100.0,2035.0,12288.0,23072303344,23390501854,25476118,25738153,611212,0,0,0,0,0,0,0,0,0,0,0,0,40995102,40965449,41204,41176,1504,0,0,0,0,0,0,0,0
1778081098.873076,g2.hpc.coe,40875,0.5001,0,100.0,2035.0,12288.0,23107731052,23425899040,25511814,25773826,611235,0,0,0,0,0,0,0,0,0,0,0,0,35427708,35397186,35696,35673,23,0,0,0,0,0,0,0,0
1778081099.3731654,g2.hpc.coe,40875,0.5001,0,100.0,2035.0,12288.0,23148726235,23466864461,25553016,25814998,613639,0,0,0,0,0,0,0,0,0,0,0,0,40995183,40965421,41202,41172,2404,0,0,0,0,0,0,0,0
1778081099.8732526,g2.hpc.coe,40875,0.5001,0,100.0,2035.0,12288.0,23184154038,23502261703,25588712,25850679,613667,0,0,0,0,0,0,0,0,0,0,0,0,35427803,35397242,35696,35681,28,0,0,0,0,0,0,0,0
1778081100.3733394,g2.hpc.coe,40875,0.5001,0,100.0,2035.0,12288.0,23218891823,23536971981,25623655,25885608,613697,0,0,0,0,0,0,0,0,0,0,0,0,34737785,34710278,34943,34929,30,0,0,0,0,0,0,0,0
1778081100.8734267,g2.hpc.coe,40875,0.5001,0,100.0,2035.0,12288.0,23259887183,23577937499,25664853,25926787,618872,0,0,0,0,0,0,0,0,0,0,0,0,40995360,40965518,41198,41179,5175,0,0,0,0,0,0,0,0
1778081101.3735144,g2.hpc.coe,40875,0.5001,0,100.0,2035.0,12288.0,23295315163,23613334720,25700554,25962465,622842,0,0,0,0,0,0,0,0,0,0,0,0,35427980,35397221,35701,35678,3970,0,0,0,0,0,0,0,0
1778081101.8736086,g2.hpc.coe,40875,0.5001,0,100.0,2035.0,12288.0,23336311175,23654300609,25741775,26003648,622871,0,0,0,0,0,0,0,0,0,0,0,0,40996012,40965889,41221,41183,29,0,0,0,0,0,0,0,0
1778081102.3736975,g2.hpc.coe,40875,0.5001,0,100.0,2035.0,12288.0,23371739337,23689697802,25777482,26039322,622896,0,0,0,0,0,0,0,0,0,0,0,0,35428162,35397193,35707,35674,25,0,0,0,0,0,0,0,0
1778081102.873788,g2.hpc.coe,40875,0.5001,0,100.0,2035.0,12288.0,23408874793,23727627102,25815392,26077811,622919,0,0,0,0,0,0,0,0,0,0,0,0,37135456,37929300,37910,38489,23,0,0,0,0,0,0,0,0
1778081103.3738754,g2.hpc.coe,40875,0.5001,0,100.0,2035.0,12288.0,23448162974,23766060437,25854374,26116171,625636,0,0,0,0,0,0,0,0,0,0,0,0,39288181,38433335,38982,38360,2717,0,0,0,0,0,0,0,0
1778081103.873964,g2.hpc.coe,40875,0.5001,0,100.0,2035.0,12288.0,23482901134,23800770750,25889321,26151105,625661,0,0,0,0,0,0,0,0,0,0,0,0,34738160,34710313,34947,34934,25,0,0,0,0,0,0,0,0
1778081104.3740492,g2.hpc.coe,40875,0.5001,0,100.0,2035.0,12288.0,23523895745,23841736156,25930522,26192277,625693,0,0,0,0,0,0,0,0,0,0,0,0,40994611,40965406,41201,41172,32,0,0,0,0,0,0,0,0
1778081104.8741367,g2.hpc.coe,40875,0.5001,0,100.0,2035.0,12288.0,23559323038,23877133250,25966226,26227939,626552,0,0,0,0,0,0,0,0,0,0,0,0,35427293,35397094,35704,35662,859,0,0,0,0,0,0,0,0
1778081105.3742213,g2.hpc.coe,40875,0.5001,0,100.0,2035.0,12288.0,23595929072,23914516707,26003522,26265909,626638,0,0,0,0,0,0,0,0,0,0,0,0,36606034,37383457,37296,37970,86,0,0,0,0,0,0,0,0
1778081105.8743079,g2.hpc.coe,40875,0.5001,0,100.0,2035.0,12288.0,23635055004,23952809002,26042360,26304101,627121,0,0,0,0,0,0,0,0,0,0,0,0,39125932,38292295,38838,38192,483,0,0,0,0,0,0,0,0
1778081106.374401,g2.hpc.coe,40875,0.5001,0,100.0,2035.0,12288.0,23670482348,23988206145,26078051,26339714,627143,0,0,0,0,0,0,0,0,0,0,0,0,35427344,35397143,35691,35613,22,0,0,0,0,0,0,0,0
1778081106.8744895,g2.hpc.coe,40875,0.5001,0,100.0,2035.0,12288.0,23711477153,24029171523,26119246,26380882,629765,0,0,0,0,0,0,0,0,0,0,0,0,40994805,40965378,41195,41168,2622,0,0,0,0,0,0,0,0
1778081107.374577,g2.hpc.coe,40875,0.5001,0,100.0,2035.0,12288.0,23746904662,24064568722,26154947,26416559,629792,0,0,0,0,0,0,0,0,0,0,0,0,35427509,35397199,35701,35677,27,0,0,0,0,0,0,0,0
1778081107.8746624,g2.hpc.coe,40875,0.5001,0,100.0,2035.0,12288.0,23785300536,24103498798,26194063,26455666,631510,0,0,0,0,0,0,0,0,0,0,0,0,38395874,38930076,39116,39107,1718,0,0,0,0,0,0,0,0
1778081108.3747525,g2.hpc.coe,40875,0.5001,0,100.0,2035.0,12288.0,23823327202,24140931349,26231846,26493409,632178,0,0,0,0,0,0,0,0,0,0,0,0,38026666,37432551,37783,37743,668,0,0,0,0,0,0,0,0
1778081108.8748367,g2.hpc.coe,40875,0.5001,0,100.0,2035.0,12288.0,23858064824,24175641648,26266797,26528341,632203,0,0,0,0,0,0,0,0,0,0,0,0,34737622,34710299,34951,34932,25,0,0,0,0,0,0,0,0
1778081109.3749225,g2.hpc.coe,40875,0.5001,0,100.0,2035.0,12288.0,23899059847,24216607097,26307987,26569517,632232,0,0,0,0,0,0,0,0,0,0,0,0,40995023,40965449,41190,41176,29,0,0,0,0,0,0,0,0
1778081109.8750157,g2.hpc.coe,40875,0.5001,0,100.0,2035.0,12288.0,23934487531,24252004276,26343677,26605189,632251,0,0,0,0,0,0,0,0,0,0,0,0,35427684,35397179,35690,35672,19,0,0,0,0,0,0,0,0
1778081110.3751073,g2.hpc.coe,40875,0.5001,0,100.0,2035.0,12288.0,23975474943,24292969486,26384868,26646363,633993,0,0,0,0,0,0,0,0,0,0,0,0,40987412,40965210,41191,41174,1742,0,0,0,0,0,0,0,0
1778081110.8751955,g2.hpc.coe,40875,0.5001,0,100.0,2035.0,12288.0,24010910616,24328366917,26420575,26682032,634072,0,0,0,0,0,0,0,0,0,0,0,0,35435673,35397431,35707,35669,79,0,0,0,0,0,0,0,0
1778081111.37528,g2.hpc.coe,40875,0.5001,0,100.0,2035.0,12288.0,24045648503,24363077188,26455530,26716960,634089,0,0,0,0,0,0,0,0,0,0,0,0,34737887,34710271,34955,34928,17,0,0,0,0,0,0,0,0
1778081111.8753638,g2.hpc.coe,40875,0.5001,0,100.0,2035.0,12288.0,24086643832,24404042595,26496730,26758130,634424,0,0,0,0,0,0,0,0,0,0,0,0,40995329,40965407,41200,41170,335,0,0,0,0,0,0,0,0
1778081112.3754516,g2.hpc.coe,40875,0.5001,0,100.0,2035.0,12288.0,24122071745,24439439816,26532419,26793808,635045,0,0,0,0,0,0,0,0,0,0,0,0,35427913,35397221,35689,35678,621,0,0,0,0,0,0,0,0
1778081112.8755386,g2.hpc.coe,40875,0.5001,0,100.0,2035.0,12288.0,24163067169,24480405237,26573619,26834980,635906,0,0,0,0,0,0,0,0,0,0,0,0,40995424,40965421,41200,41172,861,0,0,0,0,0,0,0,0
1778081113.3756254,g2.hpc.coe,40875,0.5001,0,100.0,2035.0,12288.0,24198495226,24515802402,26609315,26870650,636011,0,0,0,0,0,0,0,0,0,0,0,0,35428057,35397165,35696,35670,105,0,0,0,0,0,0,0,0
1778081113.8757172,g2.hpc.coe,40875,0.5001,0,100.0,2035.0,12288.0,24233233351,24550512743,26644268,26905588,636033,0,0,0,0,0,0,0,0,0,0,0,0,34738125,34710341,34953,34938,22,0,0,0,0,0,0,0,0
1778081114.3758101,g2.hpc.coe,40875,0.5001,0,100.0,2035.0,12288.0,24274228904,24591478178,26685464,26946762,638195,0,0,0,0,0,0,0,0,0,0,0,0,40995553,40965435,41196,41174,2162,0,0,0,0,0,0,0,0
1778081114.8758945,g2.hpc.coe,40875,0.5001,0,100.0,2035.0,12288.0,24309656093,24626875314,26721164,26982430,638340,0,0,0,0,0,0,0,0,0,0,0,0,35427189,35397136,35700,35668,145,0,0,0,0,0,0,0,0
1778081115.375979,g2.hpc.coe,40875,0.5001,0,100.0,2035.0,12288.0,24350650673,24667840748,26762358,27023606,643714,0,0,0,0,0,0,0,0,0,0,0,0,40994580,40965434,41194,41176,5374,0,0,0,0,0,0,0,0
1778081115.8760655,g2.hpc.coe,40875,0.5001,0,100.0,2035.0,12288.0,24386077922,24703237870,26798053,27059272,649947,0,0,0,0,0,0,0,0,0,0,0,0,35427249,35397122,35695,35666,6233,0,0,0,0,0,0,0,0
1778081116.3761504,g2.hpc.coe,40875,0.5001,0,100.0,2035.0,12288.0,24420815182,24737948098,26832999,27094196,650071,0,0,0,0,0,0,0,0,0,0,0,0,34737260,34710228,34946,34924,124,0,0,0,0,0,0,0,0
1778081116.8762426,g2.hpc.coe,40875,0.5001,0,100.0,2035.0,12288.0,24461810454,24778913979,26874206,27135380,650260,0,0,0,0,0,0,0,0,0,0,0,0,40995272,40965881,41207,41184,189,0,0,0,0,0,0,0,0
1778081117.3763278,g2.hpc.coe,40875,0.5001,0,100.0,2035.0,12288.0,24497237933,24814311136,26909907,27171051,650419,0,0,0,0,0,0,0,0,0,0,0,0,35427479,35397157,35701,35671,159,0,0,0,0,0,0,0,0
1778081117.8763957,g2.hpc.coe,40875,0.5001,0,100.0,2035.0,12288.0,24538232709,24855276591,26951095,27212230,650982,0,0,0,0,0,0,0,0,0,0,0,0,40994776,40965455,41188,41179,563,0,0,0,0,0,0,0,0
1778081118.3764884,g2.hpc.coe,40875,0.5001,0,100.0,2035.0,12288.0,24573660231,24890673769,26986795,27247904,650995,0,0,0,0,0,0,0,0,0,0,0,0,35427522,35397178,35700,35674,13,0,0,0,0,0,0,0,0
1778081118.876571,g2.hpc.coe,40875,0.5001,0,100.0,2035.0,12288.0,24614655151,24931639133,27027990,27289070,651021,0,0,0,0,0,0,0,0,0,0,0,0,40994920,40965364,41195,41166,26,0,0,0,0,0,0,0,0
1778081119.3766565,g2.hpc.coe,40875,0.5001,0,100.0,2035.0,12288.0,24649392724,24966349418,27062938,27324000,651353,0,0,0,0,0,0,0,0,0,0,0,0,34737573,34710285,34948,34930,332,0,0,0,0,0,0,0,0
1778081119.8767421,g2.hpc.coe,40875,0.5001,0,100.0,2035.0,12288.0,24684820374,25001746660,27098634,27359681,651374,0,0,0,0,0,0,0,0,0,0,0,0,35427650,35397242,35696,35681,21,0,0,0,0,0,0,0,0
1778081120.3768263,g2.hpc.coe,40875,0.5001,0,100.0,2035.0,12288.0,24725815395,25042712067,27139821,27400851,651937,0,0,0,0,0,0,0,0,0,0,0,0,40995021,40965407,41187,41170,563,0,0,0,0,0,0,0,0
1778081120.876915,g2.hpc.coe,40875,0.5001,0,100.0,2035.0,12288.0,24761243154,25078109253,27175519,27436524,652600,0,0,0,0,0,0,0,0,0,0,0,0,35427759,35397186,35698,35673,663,0,0,0,0,0,0,0,0
1778081121.376998,g2.hpc.coe,40875,0.5001,0,100.0,2035.0,12288.0,24795981042,25112819607,27210476,27471457,652632,0,0,0,0,0,0,0,0,0,0,0,0,34737888,34710354,34957,34933,32,0,0,0,0,0,0,0,0
1778081121.877082,g2.hpc.coe,40875,0.5001,0,100.0,2035.0,12288.0,24836976260,25153785063,27251671,27512634,653546,0,0,0,0,0,0,0,0,0,0,0,0,40995218,40965456,41195,41177,914,0,0,0,0,0,0,0,0
1778081122.377177,g2.hpc.coe,40875,0.5001,0,100.0,2035.0,12288.0,24872404147,25189182270,27287367,27548310,655443,0,0,0,0,0,0,0,0,0,0,0,0,35427887,35397207,35696,35676,1897,0,0,0,0,0,0,0,0
1778081122.8772597,g2.hpc.coe,40875,0.5001,0,100.0,2035.0,12288.0,24913399418,25230147705,27328556,27589484,655589,0,0,0,0,0,0,0,0,0,0,0,0,40995271,40965435,41189,41174,146,0,0,0,0,0,0,0,0
1778081123.377344,g2.hpc.coe,40875,0.5001,0,100.0,2035.0,12288.0,24948827435,25265544905,27364257,27625159,657917,0,0,0,0,0,0,0,0,0,0,0,0,35428017,35397200,35701,35675,2328,0,0,0,0,0,0,0,0
1778081123.8774266,g2.hpc.coe,40875,0.5001,0,100.0,2035.0,12288.0,24983916749,25301473755,27400110,27661740,657958,0,0,0,0,0,0,0,0,0,0,0,0,35089314,35928850,35853,36581,41,0,0,0,0,0,0,0,0
1778081124.37751,g2.hpc.coe,40875,0.5001,0,100.0,2035.0,12288.0,25025250947,25341907547,27441152,27702009,657992,0,0,0,0,0,0,0,0,0,0,0,0,41334198,40433792,41042,40269,34,0,0,0,0,0,0,0,0
1778081124.8775918,g2.hpc.coe,40875,0.5001,0,100.0,2035.0,12288.0,25059989132,25376617888,27476111,27736947,658009,0,0,0,0,0,0,0,0,0,0,0,0,34738185,34710341,34959,34938,17,0,0,0,0,0,0,0,0
1778081125.37768,g2.hpc.coe,40875,0.5001,0,100.0,2035.0,12288.0,25100984661,25417583309,27517301,27778119,658169,0,0,0,0,0,0,0,0,0,0,0,0,40995529,40965421,41190,41172,160,0,0,0,0,0,0,0,0
1778081125.8777633,g2.hpc.coe,40875,0.5001,0,100.0,2035.0,12288.0,25136411895,25452980501,27553005,27813795,658252,0,0,0,0,0,0,0,0,0,0,0,0,35427234,35397192,35704,35676,83,0,0,0,0,0,0,0,0
1778081126.3778837,g2.hpc.coe,40875,0.5001,0,100.0,2035.0,12288.0,25174753876,25491910682,27592131,27852918,658825,0,0,0,0,0,0,0,0,0,0,0,0,38341981,38930181,39126,39123,573,0,0,0,0,0,0,0,0
1778081126.877968,g2.hpc.coe,40875,0.5001,0,100.0,2035.0,12288.0,25212833801,25529343253,27629900,27890665,659212,0,0,0,0,0,0,0,0,0,0,0,0,38079925,37432571,37769,37747,387,0,0,0,0,0,0,0,0
1778081127.378057,g2.hpc.coe,40875,0.5001,0,100.0,2035.0,12288.0,25247571077,25564053418,27664846,27925580,659240,0,0,0,0,0,0,0,0,0,0,0,0,34737276,34710165,34946,34915,28,0,0,0,0,0,0,0,0
1778081127.8781385,g2.hpc.coe,40875,0.5001,0,100.0,2035.0,12288.0,25288565872,25605018859,27706048,27966757,659267,0,0,0,0,0,0,0,0,0,0,0,0,40994795,40965441,41202,41177,27,0,0,0,0,0,0,0,0
1778081128.378221,g2.hpc.coe,40875,0.5001,0,100.0,2035.0,12288.0,25323993308,25640415988,27741747,28002424,659401,0,0,0,0,0,0,0,0,0,0,0,0,35427436,35397129,35699,35667,134,0,0,0,0,0,0,0,0
1778081128.8783116,g2.hpc.coe,40875,0.5001,0,100.0,2035.0,12288.0,25364988135,25681381422,27782940,28043600,662591,0,0,0,0,0,0,0,0,0,0,0,0,40994827,40965434,41193,41176,3190,0,0,0,0,0,0,0,0
1778081129.3783941,g2.hpc.coe,40875,0.5001,0,100.0,2035.0,12288.0,25400415666,25716778614,27818639,28079276,662623,0,0,0,0,0,0,0,0,0,0,0,0,35427531,35397192,35699,35676,32,0,0,0,0,0,0,0,0
1778081129.8784833,g2.hpc.coe,40875,0.5001,0,100.0,2035.0,12288.0,25435153228,25751488828,27853592,28114198,662641,0,0,0,0,0,0,0,0,0,0,0,0,34737562,34710214,34953,34922,18,0,0,0,0,0,0,0,0
1778081130.3785784,g2.hpc.coe,40875,0.5001,0,100.0,2035.0,12288.0,25476148177,25792454221,27894780,28155366,664232,0,0,0,0,0,0,0,0,0,0,0,0,40994949,40965393,41188,41168,1591,0,0,0,0,0,0,0,0
1778081130.8786597,g2.hpc.coe,40875,0.5001,0,100.0,2035.0,12288.0,25511575830,25827851414,27930474,28191040,664810,0,0,0,0,0,0,0,0,0,0,0,0,35427653,35397193,35694,35674,578,0,0,0,0,0,0,0,0
1778081131.378744,g2.hpc.coe,40875,0.5001,0,100.0,2035.0,12288.0,25552570937,25868816856,27971671,28232215,670512,0,0,0,0,0,0,0,0,0,0,0,0,40995107,40965442,41197,41175,5702,0,0,0,0,0,0,0,0
1778081131.8788376,g2.hpc.coe,40875,0.5001,0,100.0,2035.0,12288.0,25587999304,25904214503,28007388,28267898,670533,0,0,0,0,0,0,0,0,0,0,0,0,35428367,35397647,35717,35683,21,0,0,0,0,0,0,0,0
1778081132.3789246,g2.hpc.coe,40875,0.5001,0,100.0,2035.0,12288.0,25622737233,25938924809,28042351,28302831,670549,0,0,0,0,0,0,0,0,0,0,0,0,34737929,34710306,34963,34933,16,0,0,0,0,0,0,0,0
1778081132.8790095,g2.hpc.coe,40875,0.5001,0,100.0,2035.0,12288.0,25664422428,25980577173,28084284,28344752,671369,0,0,0,0,0,0,0,0,0,0,0,0,41685195,41652364,41933,41921,820,0,0,0,0,0,0,0,0
1778081133.3790941,g2.hpc.coe,40875,0.5001,0,100.0,2035.0,12288.0,25699160288,26015287472,28119230,28379684,671391,0,0,0,0,0,0,0,0,0,0,0,0,34737860,34710299,34946,34932,22,0,0,0,0,0,0,0,0
1778081133.8791766,g2.hpc.coe,40875,0.5001,0,100.0,2035.0,12288.0,25740155576,26056252858,28160419,28420851,671574,0,0,0,0,0,0,0,0,0,0,0,0,40995288,40965386,41189,41167,183,0,0,0,0,0,0,0,0
1778081134.3792682,g2.hpc.coe,40875,0.5001,0,100.0,2035.0,12288.0,25775583624,26091650058,28196122,28456526,672024,0,0,0,0,0,0,0,0,0,0,0,0,35428048,35397200,35703,35675,450,0,0,0,0,0,0,0,0
1778081134.879354,g2.hpc.coe,40875,0.5001,0,100.0,2035.0,12288.0,25810321626,26126360385,28231068,28491462,672046,0,0,0,0,0,0,0,0,0,0,0,0,34738002,34710327,34946,34936,22,0,0,0,0,0,0,0,0
1778081135.379436,g2.hpc.coe,40875,0.5001,0,100.0,2035.0,12288.0,25852007178,26168012721,28273016,28533379,674938,0,0,0,0,0,0,0,0,0,0,0,0,41685552,41652336,41948,41917,2892,0,0,0,0,0,0,0,0
1778081135.8795176,g2.hpc.coe,40875,0.5001,0,100.0,2035.0,12288.0,25886745339,26202723013,28307969,28568310,674964,0,0,0,0,0,0,0,0,0,0,0,0,34738161,34710292,34953,34931,26,0,0,0,0,0,0,0,0
1778081136.379602,g2.hpc.coe,40875,0.5001,0,100.0,2035.0,12288.0,25927739874,26243688314,28349165,28609467,677906,0,0,0,0,0,0,0,0,0,0,0,0,40994535,40965301,41196,41157,2942,0,0,0,0,0,0,0,0
1778081136.8796854,g2.hpc.coe,40875,0.5001,0,100.0,2035.0,12288.0,25963167168,26279085443,28384875,28645134,678353,0,0,0,0,0,0,0,0,0,0,0,0,35427294,35397129,35710,35667,447,0,0,0,0,0,0,0,0
1778081137.3797684,g2.hpc.coe,40875,0.5001,0,100.0,2035.0,12288.0,25997904375,26313795706,28419822,28680063,678373,0,0,0,0,0,0,0,0,0,0,0,0,34737207,34710263,34947,34929,20,0,0,0,0,0,0,0,0
1778081137.8798602,g2.hpc.coe,40875,0.5001,0,100.0,2035.0,12288.0,26038898989,26354761105,28461009,28721234,683670,0,0,0,0,0,0,0,0,0,0,0,0,40994614,40965399,41187,41171,5297,0,0,0,0,0,0,0,0
1778081138.3799496,g2.hpc.coe,40875,0.5001,0,100.0,2035.0,12288.0,26074326384,26390158248,28496713,28756903,684069,0,0,0,0,0,0,0,0,0,0,0,0,35427395,35397143,35704,35669,399,0,0,0,0,0,0,0,0
1778081138.8800366,g2.hpc.coe,40875,0.5001,0,100.0,2035.0,12288.0,26115321135,26431123577,28537906,28798064,686550,0,0,0,0,0,0,0,0,0,0,0,0,40994751,40965329,41193,41161,2481,0,0,0,0,0,0,0,0
1778081139.3801265,g2.hpc.coe,40875,0.5001,0,100.0,2035.0,12288.0,26150748625,26466520762,28573610,28833739,688734,0,0,0,0,0,0,0,0,0,0,0,0,35427490,35397185,35704,35675,2184,0,0,0,0,0,0,0,0
1778081139.88021,g2.hpc.coe,40875,0.5001,0,100.0,2035.0,12288.0,26185486105,26501230955,28608562,28868658,688755,0,0,0,0,0,0,0,0,0,0,0,0,34737480,34710193,34952,34919,21,0,0,0,0,0,0,0,0
1778081140.3802924,g2.hpc.coe,40875,0.5001,0,100.0,2035.0,12288.0,26226480999,26542196284,28649755,28909819,690063,0,0,0,0,0,0,0,0,0,0,0,0,40994894,40965329,41193,41161,1308,0,0,0,0,0,0,0,0
1778081140.8803759,g2.hpc.coe,40875,0.5001,0,100.0,2035.0,12288.0,26261908618,26577593449,28685455,28945489,690097,0,0,0,0,0,0,0,0,0,0,0,0,35427619,35397165,35700,35670,34,0,0,0,0,0,0,0,0
1778081141.3804638,g2.hpc.coe,40875,0.5001,0,100.0,2035.0,12288.0,26302903615,26618558835,28726647,28986656,690526,0,0,0,0,0,0,0,0,0,0,0,0,40994997,40965386,41192,41167,429,0,0,0,0,0,0,0,0
1778081141.8805494,g2.hpc.coe,40875,0.5001,0,100.0,2035.0,12288.0,26338331371,26653956035,28762353,29022331,690556,0,0,0,0,0,0,0,0,0,0,0,0,35427756,35397200,35706,35675,30,0,0,0,0,0,0,0,0
1778081142.3806374,g2.hpc.coe,40875,0.5001,0,100.0,2035.0,12288.0,26373769669,26690091520,28798481,29059014,690948,0,0,0,0,0,0,0,0,0,0,0,0,35438298,36135485,36128,36683,392,0,0,0,0,0,0,0,0
1778081142.8807228,g2.hpc.coe,40875,0.5001,0,100.0,2035.0,12288.0,26414237432,26729845029,28838914,29098912,693475,0,0,0,0,0,0,0,0,0,0,0,0,40467763,39753509,40433,39898,2527,0,0,0,0,0,0,0,0
1778081143.380811,g2.hpc.coe,40875,0.5001,0,100.0,2035.0,12288.0,26449492119,26765028913,28874200,29134104,693502,0,0,0,0,0,0,0,0,0,0,0,0,35254687,35183884,35286,35192,27,0,0,0,0,0,0,0,0
1778081143.8808923,g2.hpc.coe,40875,0.5001,0,100.0,2035.0,12288.0,26490487402,26805994348,28915399,29175278,693527,0,0,0,0,0,0,0,0,0,0,0,0,40995283,40965435,41199,41174,25,0,0,0,0,0,0,0,0
1778081144.3809738,g2.hpc.coe,40875,0.5001,0,100.0,2035.0,12288.0,26525915381,26841391639,28951103,29210966,693550,0,0,0,0,0,0,0,0,0,0,0,0,35427979,35397291,35704,35688,23,0,0,0,0,0,0,0,0
1778081144.88106,g2.hpc.coe,40875,0.5001,0,100.0,2035.0,12288.0,26564079806,26879909137,28989954,29250032,697256,0,0,0,0,0,0,0,0,0,0,0,0,38164425,38517498,38851,39066,3706,0,0,0,0,0,0,0,0
1778081145.3811467,g2.hpc.coe,40875,0.5001,0,100.0,2035.0,12288.0,26602338754,26917754365,29027995,29287828,697806,0,0,0,0,0,0,0,0,0,0,0,0,38258948,37845228,38041,37796,550,0,0,0,0,0,0,0,0
1778081145.8812277,g2.hpc.coe,40875,0.5001,0,100.0,2035.0,12288.0,26637076831,26952464657,29062949,29322759,698052,0,0,0,0,0,0,0,0,0,0,0,0,34738077,34710292,34954,34931,246,0,0,0,0,0,0,0,0
1778081146.381318,g2.hpc.coe,40875,0.5001,0,100.0,2035.0,12288.0,26678072323,26993430057,29104142,29363928,699453,0,0,0,0,0,0,0,0,0,0,0,0,40995492,40965400,41193,41169,1401,0,0,0,0,0,0,0,0
1778081146.8814101,g2.hpc.coe,40875,0.5001,0,100.0,2035.0,12288.0,26713501033,27028827732,29139849,29399615,699541,0,0,0,0,0,0,0,0,0,0,0,0,35428710,35397675,35707,35687,88,0,0,0,0,0,0,0,0
1778081147.381499,g2.hpc.coe,40875,0.5001,0,100.0,2035.0,12288.0,26753862871,27069486826,29180927,29440755,701988,0,0,0,0,0,0,0,0,0,0,0,0,40361838,40659094,41078,41140,2447,0,0,0,0,0,0,0,0
1778081147.8815825,g2.hpc.coe,40875,0.5001,0,100.0,2035.0,12288.0,26789922953,27105190316,29216756,29476461,702156,0,0,0,0,0,0,0,0,0,0,0,0,36060082,35703490,35829,35706,168,0,0,0,0,0,0,0,0
1778081148.3816657,g2.hpc.coe,40875,0.5001,0,100.0,2035.0,12288.0,26824660450,27139900869,29251710,29511400,702185,0,0,0,0,0,0,0,0,0,0,0,0,34737497,34710553,34954,34939,29,0,0,0,0,0,0,0,0
1778081148.8817503,g2.hpc.coe,40875,0.5001,0,100.0,2035.0,12288.0,26865655175,27180866247,29292908,29552568,702207,0,0,0,0,0,0,0,0,0,0,0,0,40994725,40965378,41198,41168,22,0,0,0,0,0,0,0,0
1778081149.3818355,g2.hpc.coe,40875,0.5001,0,100.0,2035.0,12288.0,26901082561,27216263453,29328608,29588246,702377,0,0,0,0,0,0,0,0,0,0,0,0,35427386,35397206,35700,35678,170,0,0,0,0,0,0,0,0
1778081149.881927,g2.hpc.coe,40875,0.5001,0,100.0,2035.0,12288.0,26942077212,27257228894,29369784,29629423,702467,0,0,0,0,0,0,0,0,0,0,0,0,40994651,40965441,41176,41177,90,0,0,0,0,0,0,0,0
1778081150.3820179,g2.hpc.coe,40875,0.5001,0,100.0,2035.0,12288.0,26977504671,27292626114,29405481,29665103,702499,0,0,0,0,0,0,0,0,0,0,0,0,35427459,35397220,35697,35680,32,0,0,0,0,0,0,0,0
1778081150.8821046,g2.hpc.coe,40875,0.5001,0,100.0,2035.0,12288.0,27012242231,27327336356,29440442,29700029,702526,0,0,0,0,0,0,0,0,0,0,0,0,34737560,34710242,34961,34926,27,0,0,0,0,0,0,0,0
1778081151.382186,g2.hpc.coe,40875,0.5001,0,100.0,2035.0,12288.0,27053237143,27368301727,29481635,29741196,703120,0,0,0,0,0,0,0,0,0,0,0,0,40994912,40965371,41193,41167,594,0,0,0,0,0,0,0,0
1778081151.8822672,g2.hpc.coe,40875,0.5001,0,100.0,2035.0,12288.0,27088664864,27403698940,29517338,29776866,704438,0,0,0,0,0,0,0,0,0,0,0,0,35427721,35397213,35703,35670,1318,0,0,0,0,0,0,0,0
1778081152.3823516,g2.hpc.coe,40875,0.5001,0,100.0,2035.0,12288.0,27129659921,27444664361,29558536,29818038,705383,0,0,0,0,0,0,0,0,0,0,0,0,40995057,40965421,41198,41172,945,0,0,0,0,0,0,0,0
1778081152.8824346,g2.hpc.coe,40875,0.5001,0,100.0,2035.0,12288.0,27165087618,27480061575,29594231,29853715,705407,0,0,0,0,0,0,0,0,0,0,0,0,35427697,35397214,35695,35677,24,0,0,0,0,0,0,0,0
1778081153.3825207,g2.hpc.coe,40875,0.5001,0,100.0,2035.0,12288.0,27199825409,27514771853,29629189,29888644,705432,0,0,0,0,0,0,0,0,0,0,0,0,34737791,34710278,34958,34929,25,0,0,0,0,0,0,0,0
1778081153.8826044,g2.hpc.coe,40875,0.5001,0,100.0,2035.0,12288.0,27240820552,27555737211,29670379,29929807,706967,0,0,0,0,0,0,0,0,0,0,0,0,40995143,40965358,41190,41163,1535,0,0,0,0,0,0,0,0
1778081154.3826957,g2.hpc.coe,40875,0.5001,0,100.0,2035.0,12288.0,27276248531,27591134418,29706094,29965483,706995,0,0,0,0,0,0,0,0,0,0,0,0,35427979,35397207,35715,35676,28,0,0,0,0,0,0,0,0
1778081154.8827825,g2.hpc.coe,40875,0.5001,0,100.0,2035.0,12288.0,27317243776,27632099783,29747285,30006647,707251,0,0,0,0,0,0,0,0,0,0,0,0,40995245,40965365,41191,41164,256,0,0,0,0,0,0,0,0
1778081155.382866,g2.hpc.coe,40875,0.5001,0,100.0,2035.0,12288.0,27352671815,27667496948,29782995,30042317,707269,0,0,0,0,0,0,0,0,0,0,0,0,35428039,35397165,35710,35670,18,0,0,0,0,0,0,0,0
1778081155.8829496,g2.hpc.coe,40875,0.5001,0,100.0,2035.0,12288.0,27387409815,27702207198,29817949,30077242,709138,0,0,0,0,0,0,0,0,0,0,0,0,34738000,34710250,34954,34925,1869,0,0,0,0,0,0,0,0
1778081156.3830404,g2.hpc.coe,40875,0.5001,0,100.0,2035.0,12288.0,27428405216,27743172542,29859142,30118403,710343,0,0,0,0,0,0,0,0,0,0,0,0,40995401,40965344,41193,41161,1205,0,0,0,0,0,0,0,0
1778081156.883125,g2.hpc.coe,40875,0.5001,0,100.0,2035.0,12288.0,27463833378,27778569756,29894847,30154080,711761,0,0,0,0,0,0,0,0,0,0,0,0,35428162,35397214,35705,35677,1418,0,0,0,0,0,0,0,0
1778081157.3832138,g2.hpc.coe,40875,0.5001,0,100.0,2035.0,12288.0,27504828924,27819535163,29936045,30195250,711897,0,0,0,0,0,0,0,0,0,0,0,0,40995546,40965407,41198,41170,136,0,0,0,0,0,0,0,0
1778081157.8832958,g2.hpc.coe,40875,0.5001,0,100.0,2035.0,12288.0,27540257202,27854932356,29971753,30230924,711928,0,0,0,0,0,0,0,0,0,0,0,0,35428278,35397193,35708,35674,31,0,0,0,0,0,0,0,0
1778081158.3833907,g2.hpc.coe,40875,0.5001,0,100.0,2035.0,12288.0,27574994366,27889642633,30006702,30265855,711956,0,0,0,0,0,0,0,0,0,0,0,0,34737164,34710277,34949,34931,28,0,0,0,0,0,0,0,0
1778081158.8834739,g2.hpc.coe,40875,0.5001,0,100.0,2035.0,12288.0,27615988930,27930608025,30047890,30307025,713447,0,0,0,0,0,0,0,0,0,0,0,0,40994564,40965392,41188,41170,1491,0,0,0,0,0,0,0,0
1778081159.3835576,g2.hpc.coe,40875,0.5001,0,100.0,2035.0,12288.0,27651416240,27966005196,30083590,30342698,713472,0,0,0,0,0,0,0,0,0,0,0,0,35427310,35397171,35700,35673,25,0,0,0,0,0,0,0,0
1778081159.883644,g2.hpc.coe,40875,0.5001,0,100.0,2035.0,12288.0,27693101013,28007657566,30125538,30384622,713502,0,0,0,0,0,0,0,0,0,0,0,0,41684773,41652370,41948,41924,30,0,0,0,0,0,0,0,0
1778081160.3837419,g2.hpc.coe,40875,0.5001,0,100.0,2035.0,12288.0,27727838373,28042367787,30160488,30419545,713525,0,0,0,0,0,0,0,0,0,0,0,0,34737360,34710221,34950,34923,23,0,0,0,0,0,0,0,0
1778081160.8838248,g2.hpc.coe,40875,0.5001,0,100.0,2035.0,12288.0,27762575780,28077078022,30195438,30454470,715851,0,0,0,0,0,0,0,0,0,0,0,0,34737407,34710235,34950,34925,2326,0,0,0,0,0,0,0,0
1778081161.383908,g2.hpc.coe,40875,0.5001,0,100.0,2035.0,12288.0,27803570609,28118043498,30236630,30495652,720881,0,0,0,0,0,0,0,0,0,0,0,0,40994829,40965476,41192,41182,5030,0,0,0,0,0,0,0,0
1778081161.8840075,g2.hpc.coe,40875,0.5001,0,100.0,2035.0,12288.0,27838998735,28153441179,30272343,30531342,721743,0,0,0,0,0,0,0,0,0,0,0,0,35428126,35397681,35713,35690,862,0,0,0,0,0,0,0,0
1778081162.384101,g2.hpc.coe,40875,0.5001,0,100.0,2035.0,12288.0,27879993619,28194406614,30313525,30572516,722579,0,0,0,0,0,0,0,0,0,0,0,0,40994884,40965435,41182,41174,836,0,0,0,0,0,0,0,0
1778081162.8842168,g2.hpc.coe,40875,0.5001,0,100.0,2035.0,12288.0,27915421261,28229803842,30349223,30608195,723087,0,0,0,0,0,0,0,0,0,0,0,0,35427642,35397228,35698,35679,508,0,0,0,0,0,0,0,0
1778081163.3843029,g2.hpc.coe,40875,0.5001,0,100.0,2035.0,12288.0,27954800514,28269044642,30388960,30647964,728354,0,0,0,0,0,0,0,0,0,0,0,0,39379253,39240800,39737,39769,5267,0,0,0,0,0,0,0,0
1778081163.8843884,g2.hpc.coe,40875,0.5001,0,100.0,2035.0,12288.0,27991721049,28306166449,30426106,30685040,728382,0,0,0,0,0,0,0,0,0,0,0,0,36920535,37121807,37146,37076,28,0,0,0,0,0,0,0,0
1778081164.384473,g2.hpc.coe,40875,0.5001,0,100.0,2035.0,12288.0,28026581781,28340876741,30461062,30719971,728406,0,0,0,0,0,0,0,0,0,0,0,0,34860732,34710292,34956,34931,24,0,0,0,0,0,0,0,0
1778081164.884558,g2.hpc.coe,40875,0.5001,0,100.0,2035.0,12288.0,28067577013,28381842218,30502262,30761151,728427,0,0,0,0,0,0,0,0,0,0,0,0,40995232,40965477,41200,41180,21,0,0,0,0,0,0,0,0
1778081165.3846474,g2.hpc.coe,40875,0.5001,0,100.0,2035.0,12288.0,28103004843,28417239411,30537953,30796825,728458,0,0,0,0,0,0,0,0,0,0,0,0,35427830,35397193,35691,35674,31,0,0,0,0,0,0,0,0
1778081165.8847308,g2.hpc.coe,40875,0.5001,0,100.0,2035.0,12288.0,28141629777,28456169425,30577075,30835924,730345,0,0,0,0,0,0,0,0,0,0,0,0,38624934,38930014,39122,39099,1887,0,0,0,0,0,0,0,0
1778081166.384821,g2.hpc.coe,40875,0.5001,0,100.0,2035.0,12288.0,28179428094,28493602011,30614844,30873669,730371,0,0,0,0,0,0,0,0,0,0,0,0,37798317,37432586,37769,37745,26,0,0,0,0,0,0,0,0
1778081166.8849065,g2.hpc.coe,40875,0.5001,0,100.0,2035.0,12288.0,28214166092,28528312268,30649795,30908595,731754,0,0,0,0,0,0,0,0,0,0,0,0,34737998,34710257,34951,34926,1383,0,0,0,0,0,0,0,0
1778081167.3849926,g2.hpc.coe,40875,0.5001,0,100.0,2035.0,12288.0,28255161533,28569277675,30690991,30949765,732669,0,0,0,0,0,0,0,0,0,0,0,0,40995441,40965407,41196,41170,915,0,0,0,0,0,0,0,0
1778081167.8850758,g2.hpc.coe,40875,0.5001,0,100.0,2035.0,12288.0,28290589720,28604674903,30726697,30985444,732787,0,0,0,0,0,0,0,0,0,0,0,0,35428187,35397228,35706,35679,118,0,0,0,0,0,0,0,0
1778081168.385159,g2.hpc.coe,40875,0.5001,0,100.0,2035.0,12288.0,28331577394,28645632612,30767870,31026593,735853,0,0,0,0,0,0,0,0,0,0,0,0,40987674,40957709,41173,41149,3066,0,0,0,0,0,0,0,0
1778081168.8852422,g2.hpc.coe,40875,0.5001,0,100.0,2035.0,12288.0,28367012464,28681037523,30803594,31062293,736067,0,0,0,0,0,0,0,0,0,0,0,0,35435070,35404911,35724,35700,214,0,0,0,0,0,0,0,0
1778081169.3853269,g2.hpc.coe,40875,0.5001,0,100.0,2035.0,12288.0,28401749682,28715747772,30838548,31097220,736087,0,0,0,0,0,0,0,0,0,0,0,0,34737218,34710249,34954,34927,20,0,0,0,0,0,0,0,0
1778081169.8854125,g2.hpc.coe,40875,0.5001,0,100.0,2035.0,12288.0,28442744342,28756713185,30879747,31138393,736113,0,0,0,0,0,0,0,0,0,0,0,0,40994660,40965413,41199,41173,26,0,0,0,0,0,0,0,0
1778081170.3855038,g2.hpc.coe,40875,0.5001,0,100.0,2035.0,12288.0,28478171642,28792110363,30915443,31174067,736163,0,0,0,0,0,0,0,0,0,0,0,0,35427300,35397178,35696,35674,50,0,0,0,0,0,0,0,0
1778081170.8855865,g2.hpc.coe,40875,0.5001,0,100.0,2035.0,12288.0,28519166389,28833075776,30956641,31215240,736583,0,0,0,0,0,0,0,0,0,0,0,0,40994747,40965413,41198,41173,420,0,0,0,0,0,0,0,0
1778081171.3856738,g2.hpc.coe,40875,0.5001,0,100.0,2035.0,12288.0,28554593840,28868472947,30992345,31250913,736599,0,0,0,0,0,0,0,0,0,0,0,0,35427451,35397171,35704,35673,16,0,0,0,0,0,0,0,0
1778081171.8857584,g2.hpc.coe,40875,0.5001,0,100.0,2035.0,12288.0,28589331259,28903183259,31027294,31285849,736619,0,0,0,0,0,0,0,0,0,0,0,0,34737419,34710312,34949,34936,20,0,0,0,0,0,0,0,0
1778081172.3858423,g2.hpc.coe,40875,0.5001,0,100.0,2035.0,12288.0,28630326148,28944148665,31068492,31327021,736697,0,0,0,0,0,0,0,0,0,0,0,0,40994889,40965406,41198,41172,78,0,0,0,0,0,0,0,0
1778081172.8859322,g2.hpc.coe,40875,0.5001,0,100.0,2035.0,12288.0,28665753678,28979545808,31104187,31362690,736726,0,0,0,0,0,0,0,0,0,0,0,0,35427530,35397143,35695,35669,29,0,0,0,0,0,0,0,0
1778081173.386019,g2.hpc.coe,40875,0.5001,0,100.0,2035.0,12288.0,28706748705,29020511201,31145389,31403858,737208,0,0,0,0,0,0,0,0,0,0,0,0,40995027,40965393,41202,41168,482,0,0,0,0,0,0,0,0
1778081173.8860998,g2.hpc.coe,40875,0.5001,0,100.0,2035.0,12288.0,28742176344,29055908387,31181084,31439531,737228,0,0,0,0,0,0,0,0,0,0,0,0,35427639,35397186,35695,35673,20,0,0,0,0,0,0,0,0
1778081174.3861914,g2.hpc.coe,40875,0.5001,0,100.0,2035.0,12288.0,28776914007,29090618756,31216032,31474473,737253,0,0,0,0,0,0,0,0,0,0,0,0,34737663,34710369,34948,34942,25,0,0,0,0,0,0,0,0
1778081174.8862762,g2.hpc.coe,40875,0.5001,0,100.0,2035.0,12288.0,28817909155,29131584149,31257231,31515641,737585,0,0,0,0,0,0,0,0,0,0,0,0,40995148,40965393,41199,41168,332,0,0,0,0,0,0,0,0
1778081175.386361,g2.hpc.coe,40875,0.5001,0,100.0,2035.0,12288.0,28853336894,29166981391,31292920,31551322,737773,0,0,0,0,0,0,0,0,0,0,0,0,35427739,35397242,35689,35681,188,0,0,0,0,0,0,0,0
1778081175.886443,g2.hpc.coe,40875,0.5001,0,100.0,2035.0,12288.0,28894332164,29207946805,31334123,31592493,741356,0,0,0,0,0,0,0,0,0,0,0,0,40995270,40965414,41203,41171,3583,0,0,0,0,0,0,0,0
1778081176.3865418,g2.hpc.coe,40875,0.5001,0,100.0,2035.0,12288.0,28929760075,29243343991,31369823,31628166,741385,0,0,0,0,0,0,0,0,0,0,0,0,35427911,35397186,35700,35673,29,0,0,0,0,0,0,0,0
1778081176.8866336,g2.hpc.coe,40875,0.5001,0,100.0,2035.0,12288.0,28964498589,29278054786,31404789,31663113,741402,0,0,0,0,0,0,0,0,0,0,0,0,34738514,34710795,34966,34947,17,0,0,0,0,0,0,0,0
1778081177.3867226,g2.hpc.coe,40875,0.5001,0,100.0,2035.0,12288.0,29005493995,29319020221,31445989,31704287,743436,0,0,0,0,0,0,0,0,0,0,0,0,40995406,40965435,41200,41174,2034,0,0,0,0,0,0,0,0
1778081177.8868048,g2.hpc.coe,40875,0.5001,0,100.0,2035.0,12288.0,29040922027,29354417386,31481686,31739957,744229,0,0,0,0,0,0,0,0,0,0,0,0,35428032,35397165,35697,35670,793,0,0,0,0,0,0,0,0
1778081178.3868942,g2.hpc.coe,40875,0.5001,0,100.0,2035.0,12288.0,29081917451,29395382814,31522877,31781130,745280,0,0,0,0,0,0,0,0,0,0,0,0,40995424,40965428,41191,41173,1051,0,0,0,0,0,0,0,0
1778081178.8869762,g2.hpc.coe,40875,0.5001,0,100.0,2035.0,12288.0,29117345670,29430779986,31558585,31816801,745307,0,0,0,0,0,0,0,0,0,0,0,0,35428219,35397172,35708,35671,27,0,0,0,0,0,0,0,0
1778081179.3870587,g2.hpc.coe,40875,0.5001,0,100.0,2035.0,12288.0,29152083830,29465490292,31593534,31851734,745332,0,0,0,0,0,0,0,0,0,0,0,0,34738160,34710306,34949,34933,25,0,0,0,0,0,0,0,0
1778081179.8871422,g2.hpc.coe,40875,0.5001,0,100.0,2035.0,12288.0,29193078350,29506455684,31634724,31892904,746751,0,0,0,0,0,0,0,0,0,0,0,0,40994520,40965392,41190,41170,1419,0,0,0,0,0,0,0,0
1778081180.3872254,g2.hpc.coe,40875,0.5001,0,100.0,2035.0,12288.0,29228505637,29541852890,31670429,31928582,747835,0,0,0,0,0,0,0,0,0,0,0,0,35427287,35397206,35705,35678,1084,0,0,0,0,0,0,0,0
1778081180.8873096,g2.hpc.coe,40875,0.5001,0,100.0,2035.0,12288.0,29269500308,29582818345,31711627,31969761,748159,0,0,0,0,0,0,0,0,0,0,0,0,40994671,40965455,41198,41179,324,0,0,0,0,0,0,0,0
1778081181.387393,g2.hpc.coe,40875,0.5001,0,100.0,2035.0,12288.0,29304927669,29618215509,31747329,32005433,748319,0,0,0,0,0,0,0,0,0,0,0,0,35427361,35397164,35702,35672,160,0,0,0,0,0,0,0,0
1778081181.8874779,g2.hpc.coe,40875,0.5001,0,100.0,2035.0,12288.0,29341346352,29655218776,31784429,32042962,750930,0,0,0,0,0,0,0,0,0,0,0,0,36418683,37003267,37100,37529,2611,0,0,0,0,0,0,0,0
1778081182.387573,g2.hpc.coe,40875,0.5001,0,100.0,2035.0,12288.0,29381349821,29694578093,31824219,32082279,751831,0,0,0,0,0,0,0,0,0,0,0,0,40003469,39359317,39790,39317,901,0,0,0,0,0,0,0,0
1778081182.8876579,g2.hpc.coe,40875,0.5001,0,100.0,2035.0,12288.0,29416087329,29729288439,31859169,32117213,751854,0,0,0,0,0,0,0,0,0,0,0,0,34737508,34710346,34950,34934,23,0,0,0,0,0,0,0,0
1778081183.3877451,g2.hpc.coe,40875,0.5001,0,100.0,2035.0,12288.0,29457082265,29770253831,31900371,32158383,753259,0,0,0,0,0,0,0,0,0,0,0,0,40994936,40965392,41202,41170,1405,0,0,0,0,0,0,0,0
1778081183.8878279,g2.hpc.coe,40875,0.5001,0,100.0,2035.0,12288.0,29492509877,29805651044,31936075,32194062,753322,0,0,0,0,0,0,0,0,0,0,0,0,35427612,35397213,35704,35679,63,0,0,0,0,0,0,0,0
1778081184.387918,g2.hpc.coe,40875,0.5001,0,100.0,2035.0,12288.0,29531467327,29844581229,31975362,32233276,755179,0,0,0,0,0,0,0,0,0,0,0,0,38957450,38930185,39287,39214,1857,0,0,0,0,0,0,0,0
1778081184.8879998,g2.hpc.coe,40875,0.5001,0,100.0,2035.0,12288.0,29568932540,29882013700,32012966,32270914,755309,0,0,0,0,0,0,0,0,0,0,0,0,37465213,37432471,37604,37638,130,0,0,0,0,0,0,0,0
1778081185.3880808,g2.hpc.coe,40875,0.5001,0,100.0,2035.0,12288.0,29603670244,29916723964,32047917,32305841,755338,0,0,0,0,0,0,0,0,0,0,0,0,34737704,34710264,34951,34927,29,0,0,0,0,0,0,0,0
1778081185.888167,g2.hpc.coe,40875,0.5001,0,100.0,2035.0,12288.0,29644665447,29957689350,32089121,32347008,755520,0,0,0,0,0,0,0,0,0,0,0,0,40995203,40965386,41204,41167,182,0,0,0,0,0,0,0,0
1778081186.3882577,g2.hpc.coe,40875,0.5001,0,100.0,2035.0,12288.0,29680093199,29993086543,32124809,32382682,755545,0,0,0,0,0,0,0,0,0,0,0,0,35427752,35397193,35688,35674,25,0,0,0,0,0,0,0,0
1778081186.8883436,g2.hpc.coe,40875,0.5001,0,100.0,2035.0,12288.0,29721080777,30034044231,32165989,32423851,756844,0,0,0,0,0,0,0,0,0,0,0,0,40987578,40957688,41180,41169,1299,0,0,0,0,0,0,0,0
1778081187.3884294,g2.hpc.coe,40875,0.5001,0,100.0,2035.0,12288.0,29756516413,30069449185,32201711,32459532,758979,0,0,0,0,0,0,0,0,0,0,0,0,35435636,35404954,35722,35681,2135,0,0,0,0,0,0,0,0
1778081187.8885133,g2.hpc.coe,40875,0.5001,0,100.0,2035.0,12288.0,29791254425,30104159456,32236672,32494460,759000,0,0,0,0,0,0,0,0,0,0,0,0,34738012,34710271,34961,34928,21,0,0,0,0,0,0,0,0
1778081188.3885958,g2.hpc.coe,40875,0.5001,0,100.0,2035.0,12288.0,29832249816,30145124877,32277869,32535632,759028,0,0,0,0,0,0,0,0,0,0,0,0,40995391,40965421,41197,41172,28,0,0,0,0,0,0,0,0
1778081188.8886797,g2.hpc.coe,40875,0.5001,0,100.0,2035.0,12288.0,29867677945,30180522077,32313577,32571307,759053,0,0,0,0,0,0,0,0,0,0,0,0,35428129,35397200,35708,35675,25,0,0,0,0,0,0,0,0
1778081189.388767,g2.hpc.coe,40875,0.5001,0,100.0,2035.0,12288.0,29908673438,30221487470,32354773,32612475,759130,0,0,0,0,0,0,0,0,0,0,0,0,40995493,40965393,41196,41168,77,0,0,0,0,0,0,0,0
1778081189.888859,g2.hpc.coe,40875,0.5001,0,100.0,2035.0,12288.0,29944101627,30256884663,32390474,32648149,759149,0,0,0,0,0,0,0,0,0,0,0,0,35428189,35397193,35701,35674,19,0,0,0,0,0,0,0,0
1778081190.3889508,g2.hpc.coe,40875,0.5001,0,100.0,2035.0,12288.0,29978839847,30291594948,32425429,32683079,759165,0,0,0,0,0,0,0,0,0,0,0,0,34738220,34710285,34955,34930,16,0,0,0,0,0,0,0,0
1778081190.889034,g2.hpc.coe,40875,0.5001,0,100.0,2035.0,12288.0,30019834421,30332560361,32466624,32724252,760288,0,0,0,0,0,0,0,0,0,0,0,0,40994574,40965413,41195,41173,1123,0,0,0,0,0,0,0,0
1778081191.389118,g2.hpc.coe,40875,0.5001,0,100.0,2035.0,12288.0,30055261670,30367957504,32502321,32759921,762619,0,0,0,0,0,0,0,0,0,0,0,0,35427249,35397143,35697,35669,2331,0,0,0,0,0,0,0,0
1778081191.8892126,g2.hpc.coe,40875,0.5001,0,100.0,2035.0,12288.0,30096256918,30408923364,32543529,32801102,762853,0,0,0,0,0,0,0,0,0,0,0,0,40995248,40965860,41208,41181,234,0,0,0,0,0,0,0,0
1778081192.389298,g2.hpc.coe,40875,0.5001,0,100.0,2035.0,12288.0,30131684305,30444320570,32579230,32836780,762869,0,0,0,0,0,0,0,0,0,0,0,0,35427387,35397206,35701,35678,16,0,0,0,0,0,0,0,0
1778081192.8893838,g2.hpc.coe,40875,0.5001,0,100.0,2035.0,12288.0,30170799129,30483426850,32618862,32876383,764115,0,0,0,0,0,0,0,0,0,0,0,0,39114824,39106280,39632,39603,1246,0,0,0,0,0,0,0,0
1778081193.3894691,g2.hpc.coe,40875,0.5001,0,100.0,2035.0,12288.0,30207416484,30519996246,32655375,32912882,764408,0,0,0,0,0,0,0,0,0,0,0,0,36617355,36569396,36513,36499,293,0,0,0,0,0,0,0,0
1778081193.8895555,g2.hpc.coe,40875,0.5001,0,100.0,2035.0,12288.0,30242844005,30555393466,32691077,32948562,764431,0,0,0,0,0,0,0,0,0,0,0,0,35427521,35397220,35702,35680,23,0,0,0,0,0,0,0,0
1778081194.389643,g2.hpc.coe,40875,0.5001,0,100.0,2035.0,12288.0,30283838911,30596358823,32732272,32989727,764517,0,0,0,0,0,0,0,0,0,0,0,0,40994906,40965357,41195,41165,86,0,0,0,0,0,0,0,0
1778081194.8897305,g2.hpc.coe,40875,0.5001,0,100.0,2035.0,12288.0,30319266521,30631756044,32767971,33025405,764550,0,0,0,0,0,0,0,0,0,0,0,0,35427610,35397221,35699,35678,33,0,0,0,0,0,0,0,0
1778081195.3898156,g2.hpc.coe,40875,0.5001,0,100.0,2035.0,12288.0,30354004253,30666466350,32802937,33060338,764716,0,0,0,0,0,0,0,0,0,0,0,0,34737732,34710306,34966,34933,166,0,0,0,0,0,0,0,0
1778081195.889898,g2.hpc.coe,40875,0.5001,0,100.0,2035.0,12288.0,30394999308,30707431757,32844131,33101508,767567,0,0,0,0,0,0,0,0,0,0,0,0,40995055,40965407,41194,41170,2851,0,0,0,0,0,0,0,0
1778081196.3899796,g2.hpc.coe,40875,0.5001,0,100.0,2035.0,12288.0,30430427067,30742828992,32879831,33137188,768630,0,0,0,0,0,0,0,0,0,0,0,0,35427759,35397235,35700,35680,1063,0,0,0,0,0,0,0,0
1778081196.8900619,g2.hpc.coe,40875,0.5001,0,100.0,2035.0,12288.0,30471422169,30783794385,32921018,33178356,769554,0,0,0,0,0,0,0,0,0,0,0,0,40995102,40965393,41187,41168,924,0,0,0,0,0,0,0,0
1778081197.390149,g2.hpc.coe,40875,0.5001,0,100.0,2035.0,12288.0,30506850044,30819191599,32956721,33214033,769584,0,0,0,0,0,0,0,0,0,0,0,0,35427875,35397214,35703,35677,30,0,0,0,0,0,0,0,0
1778081197.8902347,g2.hpc.coe,40875,0.5001,0,100.0,2035.0,12288.0,30541587817,30853901919,32991659,33248968,769664,0,0,0,0,0,0,0,0,0,0,0,0,34737773,34710320,34938,34935,80,0,0,0,0,0,0,0,0
1778081198.390323,g2.hpc.coe,40875,0.5001,0,100.0,2035.0,12288.0,30582583081,30894867298,33032849,33290134,776101,0,0,0,0,0,0,0,0,0,0,0,0,40995264,40965379,41190,41166,6437,0,0,0,0,0,0,0,0
1778081198.890406,g2.hpc.coe,40875,0.5001,0,100.0,2035.0,12288.0,30618011098,30930264484,33068552,33325807,776122,0,0,0,0,0,0,0,0,0,0,0,0,35428017,35397186,35703,35673,21,0,0,0,0,0,0,0,0
1778081199.390494,g2.hpc.coe,40875,0.5001,0,100.0,2035.0,12288.0,30659006443,30971229877,33109740,33366975,777324,0,0,0,0,0,0,0,0,0,0,0,0,40995345,40965393,41188,41168,1202,0,0,0,0,0,0,0,0
1778081199.890576,g2.hpc.coe,40875,0.5001,0,100.0,2035.0,12288.0,30694434610,31006627007,33145451,33402640,777342,0,0,0,0,0,0,0,0,0,0,0,0,35428167,35397130,35711,35665,18,0,0,0,0,0,0,0,0
1778081200.3906689,g2.hpc.coe,40875,0.5001,0,100.0,2035.0,12288.0,30729172725,31041337306,33180402,33437572,777414,0,0,0,0,0,0,0,0,0,0,0,0,34738115,34710299,34951,34932,72,0,0,0,0,0,0,0,0
1778081200.8907516,g2.hpc.coe,40875,0.5001,0,100.0,2035.0,12288.0,30770168290,31082302734,33221599,33478745,779781,0,0,0,0,0,0,0,0,0,0,0,0,40995565,40965428,41197,41173,2367,0,0,0,0,0,0,0,0
1778081201.3908377,g2.hpc.coe,40875,0.5001,0,100.0,2035.0,12288.0,30805595441,31117699940,33257293,33514423,779804,0,0,0,0,0,0,0,0,0,0,0,0,35427151,35397206,35694,35678,23,0,0,0,0,0,0,0,0
1778081201.890921,g2.hpc.coe,40875,0.5001,0,100.0,2035.0,12288.0,30846590068,31158665297,33298493,33555588,781400,0,0,0,0,0,0,0,0,0,0,0,0,40994627,40965357,41200,41165,1596,0,0,0,0,0,0,0,0
1778081202.3910096,g2.hpc.coe,40875,0.5001,0,100.0,2035.0,12288.0,30882017426,31194062517,33334203,33591268,781413,0,0,0,0,0,0,0,0,0,0,0,0,35427358,35397220,35710,35680,13,0,0,0,0,0,0,0,0
1778081202.891094,g2.hpc.coe,40875,0.5001,0,100.0,2035.0,12288.0,30923012105,31235027888,33375397,33632435,782215,0,0,0,0,0,0,0,0,0,0,0,0,40994679,40965371,41194,41167,802,0,0,0,0,0,0,0,0
1778081203.391179,g2.hpc.coe,40875,0.5001,0,100.0,2035.0,12288.0,30958239172,31270425038,33411084,33668105,782375,0,0,0,0,0,0,0,0,0,0,0,0,35227067,35397150,35687,35670,160,0,0,0,0,0,0,0,0
1778081203.891261,g2.hpc.coe,40875,0.5001,0,100.0,2035.0,12288.0,30993176776,31305135329,33446033,33703038,782397,0,0,0,0,0,0,0,0,0,0,0,0,34937604,34710291,34949,34933,22,0,0,0,0,0,0,0,0
1778081204.391344,g2.hpc.coe,40875,0.5001,0,100.0,2035.0,12288.0,31034171632,31346100777,33487232,33744216,783123,0,0,0,0,0,0,0,0,0,0,0,0,40994856,40965448,41199,41178,726,0,0,0,0,0,0,0,0
1778081204.8914275,g2.hpc.coe,40875,0.5001,0,100.0,2035.0,12288.0,31069599163,31381497990,33522933,33779895,783441,0,0,0,0,0,0,0,0,0,0,0,0,35427531,35397213,35701,35679,318,0,0,0,0,0,0,0,0
1778081205.3915164,g2.hpc.coe,40875,0.5001,0,100.0,2035.0,12288.0,31110594100,31422463424,33564130,33821071,784367,0,0,0,0,0,0,0,0,0,0,0,0,40994937,40965434,41197,41176,926,0,0,0,0,0,0,0,0
1778081205.8916023,g2.hpc.coe,40875,0.5001,0,100.0,2035.0,12288.0,31146021769,31457860666,33599835,33856752,786740,0,0,0,0,0,0,0,0,0,0,0,0,35427669,35397242,35705,35681,2373,0,0,0,0,0,0,0,0
1778081206.3916914,g2.hpc.coe,40875,0.5001,0,100.0,2035.0,12288.0,31180759414,31492570951,33634786,33891682,789283,0,0,0,0,0,0,0,0,0,0,0,0,34737645,34710285,34951,34930,2543,0,0,0,0,0,0,0,0
1778081206.891782,g2.hpc.coe,40875,0.5001,0,100.0,2035.0,12288.0,31221755088,31533536805,33675996,33932860,789980,0,0,0,0,0,0,0,0,0,0,0,0,40995674,40965854,41210,41178,697,0,0,0,0,0,0,0,0
1778081207.3918688,g2.hpc.coe,40875,0.5001,0,100.0,2035.0,12288.0,31257182866,31568933998,33711694,33968534,791677,0,0,0,0,0,0,0,0,0,0,0,0,35427778,35397193,35698,35674,1697,0,0,0,0,0,0,0,0
1778081207.891972,g2.hpc.coe,40875,0.5001,0,100.0,2035.0,12288.0,31298178084,31609899433,33752895,34009708,791701,0,0,0,0,0,0,0,0,0,0,0,0,40995218,40965435,41201,41174,24,0,0,0,0,0,0,0,0
1778081208.392066,g2.hpc.coe,40875,0.5001,0,100.0,2035.0,12288.0,31333606213,31645296867,33788600,34045385,793646,0,0,0,0,0,0,0,0,0,0,0,0,35428129,35397434,35705,35677,1945,0,0,0,0,0,0,0,0
1778081208.8921733,g2.hpc.coe,40875,0.5001,0,100.0,2035.0,12288.0,31368344131,31680007180,33823554,34080319,793669,0,0,0,0,0,0,0,0,0,0,0,0,34737918,34710313,34954,34934,23,0,0,0,0,0,0,0,0
1778081209.3922632,g2.hpc.coe,40875,0.5001,0,100.0,2035.0,12288.0,31409339434,31720972615,33864747,34121493,795233,0,0,0,0,0,0,0,0,0,0,0,0,40995303,40965435,41193,41174,1564,0,0,0,0,0,0,0,0
1778081209.8923554,g2.hpc.coe,40875,0.5001,0,100.0,2035.0,12288.0,31444767399,31756369801,33900440,34157166,795431,0,0,0,0,0,0,0,0,0,0,0,0,35427965,35397186,35693,35673,198,0,0,0,0,0,0,0,0
1778081210.3924458,g2.hpc.coe,40875,0.5001,0,100.0,2035.0,12288.0,31485762791,31797335194,33941632,34198334,796956,0,0,0,0,0,0,0,0,0,0,0,0,40995392,40965393,41192,41168,1525,0,0,0,0,0,0,0,0
1778081210.8925383,g2.hpc.coe,40875,0.5001,0,100.0,2035.0,12288.0,31521190908,31832732429,33977331,34234014,796980,0,0,0,0,0,0,0,0,0,0,0,0,35428117,35397235,35699,35680,24,0,0,0,0,0,0,0,0
1778081211.3926299,g2.hpc.coe,40875,0.5001,0,100.0,2035.0,12288.0,31555929029,31867442721,34012280,34268945,797000,0,0,0,0,0,0,0,0,0,0,0,0,34738121,34710292,34949,34931,20,0,0,0,0,0,0,0,0
1778081211.892721,g2.hpc.coe,40875,0.5001,0,100.0,2035.0,12288.0,31597614580,31909094980,34054216,34310851,798152,0,0,0,0,0,0,0,0,0,0,0,0,41685551,41652259,41936,41906,1152,0,0,0,0,0,0,0,0
1778081212.3928163,g2.hpc.coe,40875,0.5001,0,100.0,2035.0,12288.0,31632351839,31943805250,34089179,34345781,798181,0,0,0,0,0,0,0,0,0,0,0,0,34737259,34710270,34963,34930,29,0,0,0,0,0,0,0,0
1778081212.8929133,g2.hpc.coe,40875,0.5001,0,100.0,2035.0,12288.0,31673346464,31984770642,34130376,34386951,798263,0,0,0,0,0,0,0,0,0,0,0,0,40994625,40965392,41197,41170,82,0,0,0,0,0,0,0,0
1778081213.393004,g2.hpc.coe,40875,0.5001,0,100.0,2035.0,12288.0,31708773813,32020167882,34166073,34422627,798283,0,0,0,0,0,0,0,0,0,0,0,0,35427349,35397240,35697,35676,20,0,0,0,0,0,0,0,0
1778081213.8930967,g2.hpc.coe,40875,0.5001,0,100.0,2035.0,12288.0,31743511095,32054878124,34201019,34457553,798313,0,0,0,0,0,0,0,0,0,0,0,0,34737282,34710242,34946,34926,30,0,0,0,0,0,0,0,0
1778081214.3932061,g2.hpc.coe,40875,0.5001,0,100.0,2035.0,12288.0,31784505854,32095843467,34242215,34498716,800735,0,0,0,0,0,0,0,0,0,0,0,0,40994759,40965343,41196,41163,2422,0,0,0,0,0,0,0,0
1778081214.8932986,g2.hpc.coe,40875,0.5001,0,100.0,2035.0,12288.0,31819933359,32131240652,34277923,34534391,801472,0,0,0,0,0,0,0,0,0,0,0,0,35427505,35397185,35708,35675,737,0,0,0,0,0,0,0,0
1778081215.3933904,g2.hpc.coe,40875,0.5001,0,100.0,2035.0,12288.0,31860928178,32172205995,34319114,34575554,802546,0,0,0,0,0,0,0,0,0,0,0,0,40994819,40965343,41191,41163,1074,0,0,0,0,0,0,0,0
1778081215.8934832,g2.hpc.coe,40875,0.5001,0,100.0,2035.0,12288.0,31896355708,32207603180,34354812,34611229,802575,0,0,0,0,0,0,0,0,0,0,0,0,35427530,35397185,35698,35675,29,0,0,0,0,0,0,0,0
1778081216.3935735,g2.hpc.coe,40875,0.5001,0,100.0,2035.0,12288.0,31931093276,32242313492,34389765,34646165,802599,0,0,0,0,0,0,0,0,0,0,0,0,34737568,34710312,34953,34936,24,0,0,0,0,0,0,0,0
1778081216.8936653,g2.hpc.coe,40875,0.5001,0,100.0,2035.0,12288.0,31972088267,32283278899,34430958,34687335,804870,0,0,0,0,0,0,0,0,0,0,0,0,40994991,40965407,41193,41170,2271,0,0,0,0,0,0,0,0
1778081217.3937547,g2.hpc.coe,40875,0.5001,0,100.0,2035.0,12288.0,32007515968,32318676120,34466658,34723013,805011,0,0,0,0,0,0,0,0,0,0,0,0,35427701,35397221,35700,35678,141,0,0,0,0,0,0,0,0
1778081217.8938453,g2.hpc.coe,40875,0.5001,0,100.0,2035.0,12288.0,32048511047,32359641527,34507850,34764183,806663,0,0,0,0,0,0,0,0,0,0,0,0,40995079,40965407,41192,41170,1652,0,0,0,0,0,0,0,0
1778081218.393935,g2.hpc.coe,40875,0.5001,0,100.0,2035.0,12288.0,32083938837,32395038748,34543549,34799861,806691,0,0,0,0,0,0,0,0,0,0,0,0,35427790,35397221,35699,35678,28,0,0,0,0,0,0,0,0
1778081218.894027,g2.hpc.coe,40875,0.5001,0,100.0,2035.0,12288.0,32118676616,32429749033,34578496,34834791,807323,0,0,0,0,0,0,0,0,0,0,0,0,34737779,34710285,34947,34930,632,0,0,0,0,0,0,0,0
1778081219.3941143,g2.hpc.coe,40875,0.5001,0,100.0,2035.0,12288.0,32159671851,32470714468,34619690,34875965,809696,0,0,0,0,0,0,0,0,0,0,0,0,40995235,40965435,41194,41174,2373,0,0,0,0,0,0,0,0
1778081219.894199,g2.hpc.coe,40875,0.5001,0,100.0,2035.0,12288.0,32195099804,32506111612,34655392,34911632,809720,0,0,0,0,0,0,0,0,0,0,0,0,35427953,35397144,35702,35667,24,0,0,0,0,0,0,0,0
1778081220.3942869,g2.hpc.coe,40875,0.5001,0,100.0,2035.0,12288.0,32236095162,32547077012,34696590,34952801,809990,0,0,0,0,0,0,0,0,0,0,0,0,40995358,40965400,41198,41169,270,0,0,0,0,0,0,0,0
1778081220.8943715,g2.hpc.coe,40875,0.5001,0,100.0,2035.0,12288.0,32271523223,32582474240,34732294,34988480,810333,0,0,0,0,0,0,0,0,0,0,0,0,35428061,35397228,35704,35679,343,0,0,0,0,0,0,0,0
1778081221.3944597,g2.hpc.coe,40875,0.5001,0,100.0,2035.0,12288.0,32308965593,32620275140,34770442,35026850,814089,0,0,0,0,0,0,0,0,0,0,0,0,37442370,37800900,38148,38370,3756,0,0,0,0,0,0,0,0
1778081221.8945513,g2.hpc.coe,40875,0.5001,0,100.0,2035.0,12288.0,32347947405,32658837287,34809206,35065332,815354,0,0,0,0,0,0,0,0,0,0,0,0,38981812,38562147,38764,38482,1265,0,0,0,0,0,0,0,0
1778081222.3946455,g2.hpc.coe,40875,0.5001,0,100.0,2035.0,12288.0,32382685637,32693547572,34844166,35100262,815376,0,0,0,0,0,0,0,0,0,0,0,0,34738232,34710285,34960,34930,22,0,0,0,0,0,0,0,0
1778081222.8947337,g2.hpc.coe,40875,0.5001,0,100.0,2035.0,12288.0,32423680151,32734512950,34885358,35141430,816181,0,0,0,0,0,0,0,0,0,0,0,0,40994514,40965378,41192,41168,805,0,0,0,0,0,0,0,0
1778081223.3948188,g2.hpc.coe,40875,0.5001,0,100.0,2035.0,12288.0,32459107348,32769910128,34921053,35177104,816474,0,0,0,0,0,0,0,0,0,0,0,0,35427197,35397178,35695,35674,293,0,0,0,0,0,0,0,0
1778081223.894903,g2.hpc.coe,40875,0.5001,0,100.0,2035.0,12288.0,32496972333,32808374507,34959892,35216208,818170,0,0,0,0,0,0,0,0,0,0,0,0,37864985,38464379,38839,39104,1696,0,0,0,0,0,0,0,0
1778081224.3949885,g2.hpc.coe,40875,0.5001,0,100.0,2035.0,12288.0,32535529298,32846272782,34997947,35253960,818584,0,0,0,0,0,0,0,0,0,0,0,0,38556965,37898275,38055,37752,414,0,0,0,0,0,0,0,0
1778081224.8950884,g2.hpc.coe,40875,0.5001,0,100.0,2035.0,12288.0,32570266642,32880983038,35032899,35288888,818606,0,0,0,0,0,0,0,0,0,0,0,0,34737344,34710256,34952,34928,22,0,0,0,0,0,0,0,0
1778081225.395175,g2.hpc.coe,40875,0.5001,0,100.0,2035.0,12288.0,32611261429,32921948444,35074096,35330060,820533,0,0,0,0,0,0,0,0,0,0,0,0,40994787,40965406,41197,41172,1927,0,0,0,0,0,0,0,0
1778081225.895259,g2.hpc.coe,40875,0.5001,0,100.0,2035.0,12288.0,32646688926,32957345622,35109800,35365734,820602,0,0,0,0,0,0,0,0,0,0,0,0,35427497,35397178,35704,35674,69,0,0,0,0,0,0,0,0
1778081226.39535,g2.hpc.coe,40875,0.5001,0,100.0,2035.0,12288.0,32687683751,32998311014,35150989,35406904,822103,0,0,0,0,0,0,0,0,0,0,0,0,40994825,40965392,41189,41170,1501,0,0,0,0,0,0,0,0
1778081226.895436,g2.hpc.coe,40875,0.5001,0,100.0,2035.0,12288.0,32723111314,33033708150,35186689,35442572,822239,0,0,0,0,0,0,0,0,0,0,0,0,35427563,35397136,35700,35668,136,0,0,0,0,0,0,0,0
1778081227.395522,g2.hpc.coe,40875,0.5001,0,100.0,2035.0,12288.0,32757848854,33068418435,35221633,35477502,822624,0,0,0,0,0,0,0,0,0,0,0,0,34737540,34710285,34944,34930,385,0,0,0,0,0,0,0,0
1778081227.8956077,g2.hpc.coe,40875,0.5001,0,100.0,2035.0,12288.0,32798843850,33109383870,35262824,35518676,824065,0,0,0,0,0,0,0,0,0,0,0,0,40994996,40965435,41191,41174,1441,0,0,0,0,0,0,0,0
1778081228.3956923,g2.hpc.coe,40875,0.5001,0,100.0,2035.0,12288.0,32834271557,33144781112,35298522,35554357,824094,0,0,0,0,0,0,0,0,0,0,0,0,35427707,35397242,35698,35681,29,0,0,0,0,0,0,0,0
1778081228.8957767,g2.hpc.coe,40875,0.5001,0,100.0,2035.0,12288.0,32875258901,33185746498,35339708,35595524,828516,0,0,0,0,0,0,0,0,0,0,0,0,40987344,40965386,41186,41167,4422,0,0,0,0,0,0,0,0
1778081229.3958797,g2.hpc.coe,40875,0.5001,0,100.0,2035.0,12288.0,32910694387,33221143663,35375402,35631194,829087,0,0,0,0,0,0,0,0,0,0,0,0,35435486,35397165,35694,35670,571,0,0,0,0,0,0,0,0
1778081229.895967,g2.hpc.coe,40875,0.5001,0,100.0,2035.0,12288.0,32945432185,33255853934,35410349,35666122,829114,0,0,0,0,0,0,0,0,0,0,0,0,34737798,34710271,34947,34928,27,0,0,0,0,0,0,0,0
1778081230.3960562,g2.hpc.coe,40875,0.5001,0,100.0,2035.0,12288.0,32986427516,33296819369,35451554,35707296,830776,0,0,0,0,0,0,0,0,0,0,0,0,40995331,40965435,41205,41174,1662,0,0,0,0,0,0,0,0
1778081230.8961415,g2.hpc.coe,40875,0.5001,0,100.0,2035.0,12288.0,33021855516,33332216576,35487260,35742972,830983,0,0,0,0,0,0,0,0,0,0,0,0,35428000,35397207,35706,35676,207,0,0,0,0,0,0,0,0
1778081231.3962257,g2.hpc.coe,40875,0.5001,0,100.0,2035.0,12288.0,33062850886,33373181969,35528457,35784140,833603,0,0,0,0,0,0,0,0,0,0,0,0,40995370,40965393,41197,41168,2620,0,0,0,0,0,0,0,0
1778081231.8963141,g2.hpc.coe,40875,0.5001,0,100.0,2035.0,12288.0,33098278925,33408579204,35564155,35819820,833631,0,0,0,0,0,0,0,0,0,0,0,0,35428039,35397235,35698,35680,28,0,0,0,0,0,0,0,0
1778081232.3964028,g2.hpc.coe,40875,0.5001,0,100.0,2035.0,12288.0,33133016988,33443289475,35599106,35854748,833658,0,0,0,0,0,0,0,0,0,0,0,0,34738063,34710271,34951,34928,27,0,0,0,0,0,0,0,0
1778081232.896486,g2.hpc.coe,40875,0.5001,0,100.0,2035.0,12288.0,33174012446,33484254889,35640293,35895919,836307,0,0,0,0,0,0,0,0,0,0,0,0,40995458,40965414,41187,41171,2649,0,0,0,0,0,0,0,0
1778081233.396572,g2.hpc.coe,40875,0.5001,0,100.0,2035.0,12288.0,33209440586,33519652026,35675983,35931585,837025,0,0,0,0,0,0,0,0,0,0,0,0,35428140,35397137,35690,35666,718,0,0,0,0,0,0,0,0
1778081233.8966563,g2.hpc.coe,40875,0.5001,0,100.0,2035.0,12288.0,33250435154,33560617369,35717180,35972748,838532,0,0,0,0,0,0,0,0,0,0,0,0,40994568,40965343,41197,41163,1507,0,0,0,0,0,0,0,0
1778081234.396747,g2.hpc.coe,40875,0.5001,0,100.0,2035.0,12288.0,33285862384,33596014603,35752877,36008430,838554,0,0,0,0,0,0,0,0,0,0,0,0,35427230,35397234,35697,35682,22,0,0,0,0,0,0,0,0
1778081234.896835,g2.hpc.coe,40875,0.5001,0,100.0,2035.0,12288.0,33320599729,33630724866,35787840,36043359,838577,0,0,0,0,0,0,0,0,0,0,0,0,34737345,34710263,34963,34929,23,0,0,0,0,0,0,0,0
1778081235.396926,g2.hpc.coe,40875,0.5001,0,100.0,2035.0,12288.0,33361594397,33671690244,35829031,36084527,842505,0,0,0,0,0,0,0,0,0,0,0,0,40994668,40965378,41191,41168,3928,0,0,0,0,0,0,0,0
1778081235.8970127,g2.hpc.coe,40875,0.5001,0,100.0,2035.0,12288.0,33397021783,33707087394,35864730,36120197,849631,0,0,0,0,0,0,0,0,0,0,0,0,35427386,35397150,35699,35670,7126,0,0,0,0,0,0,0,0
1778081236.3970978,g2.hpc.coe,40875,0.5001,0,100.0,2035.0,12288.0,33438016539,33748052737,35905920,36161360,850965,0,0,0,0,0,0,0,0,0,0,0,0,40994756,40965343,41190,41163,1334,0,0,0,0,0,0,0,0
1778081236.8971915,g2.hpc.coe,40875,0.5001,0,100.0,2035.0,12288.0,33473444620,33783450425,35941635,36197051,850990,0,0,0,0,0,0,0,0,0,0,0,0,35428081,35397688,35715,35691,25,0,0,0,0,0,0,0,0
1778081237.3972805,g2.hpc.coe,40875,0.5001,0,100.0,2035.0,12288.0,33508182140,33818160695,35976587,36231981,851011,0,0,0,0,0,0,0,0,0,0,0,0,34737520,34710270,34952,34930,21,0,0,0,0,0,0,0,0
1778081237.897381,g2.hpc.coe,40875,0.5001,0,100.0,2035.0,12288.0,33549867104,33859813009,36018530,36273897,853329,0,0,0,0,0,0,0,0,0,0,0,0,41684964,41652314,41943,41916,2318,0,0,0,0,0,0,0,0
1778081238.397473,g2.hpc.coe,40875,0.5001,0,100.0,2035.0,12288.0,33584604782,33894523287,36053491,36308826,853349,0,0,0,0,0,0,0,0,0,0,0,0,34737678,34710278,34961,34929,20,0,0,0,0,0,0,0,0
1778081238.89756,g2.hpc.coe,40875,0.5001,0,100.0,2035.0,12288.0,33625599853,33935488708,36094690,36349998,854312,0,0,0,0,0,0,0,0,0,0,0,0,40995071,40965421,41199,41172,963,0,0,0,0,0,0,0,0
1778081239.3976471,g2.hpc.coe,40875,0.5001,0,100.0,2035.0,12288.0,33661027585,33970885922,36130389,36385675,854330,0,0,0,0,0,0,0,0,0,0,0,0,35427732,35397214,35699,35677,18,0,0,0,0,0,0,0,0
1778081239.8977342,g2.hpc.coe,40875,0.5001,0,100.0,2035.0,12288.0,33695765278,34005596200,36165332,36420604,854354,0,0,0,0,0,0,0,0,0,0,0,0,34737693,34710278,34943,34929,24,0,0,0,0,0,0,0,0
1778081240.397821,g2.hpc.coe,40875,0.5001,0,100.0,2035.0,12288.0,33736760400,34046561593,36206518,36461772,855107,0,0,0,0,0,0,0,0,0,0,0,0,40995122,40965393,41186,41168,753,0,0,0,0,0,0,0,0
1778081240.897908,g2.hpc.coe,40875,0.5001,0,100.0,2035.0,12288.0,33772188253,34081958807,36242214,36497449,855129,0,0,0,0,0,0,0,0,0,0,0,0,35427853,35397214,35696,35677,22,0,0,0,0,0,0,0,0
1778081241.3979938,g2.hpc.coe,40875,0.5001,0,100.0,2035.0,12288.0,33813183497,34122924186,36283404,36538615,856806,0,0,0,0,0,0,0,0,0,0,0,0,40995244,40965379,41190,41166,1677,0,0,0,0,0,0,0,0
1778081241.8980768,g2.hpc.coe,40875,0.5001,0,100.0,2035.0,12288.0,33848611438,34158321365,36319099,36574287,856834,0,0,0,0,0,0,0,0,0,0,0,0,35427941,35397179,35695,35672,28,0,0,0,0,0,0,0,0
1778081242.398172,g2.hpc.coe,40875,0.5001,0,100.0,2035.0,12288.0,33883790251,34194088064,36355028,36610663,857838,0,0,0,0,0,0,0,0,0,0,0,0,35178813,35766699,35929,36376,1004,0,0,0,0,0,0,0,0
1778081242.8982558,g2.hpc.coe,40875,0.5001,0,100.0,2035.0,12288.0,33925034826,34234683958,36395986,36651130,858335,0,0,0,0,0,0,0,0,0,0,0,0,41244575,40595894,40958,40467,497,0,0,0,0,0,0,0,0
1778081243.3983445,g2.hpc.coe,40875,0.5001,0,100.0,2035.0,12288.0,33959772978,34269394271,36430945,36686064,859435,0,0,0,0,0,0,0,0,0,0,0,0,34738152,34710313,34959,34934,1100,0,0,0,0,0,0,0,0
1778081243.898429,g2.hpc.coe,40875,0.5001,0,100.0,2035.0,12288.0,34000768579,34310359733,36472143,36727235,860610,0,0,0,0,0,0,0,0,0,0,0,0,40995601,40965462,41198,41171,1175,0,0,0,0,0,0,0,0
1778081244.398513,g2.hpc.coe,40875,0.5001,0,100.0,2035.0,12288.0,34036196801,34345756961,36507840,36762914,863020,0,0,0,0,0,0,0,0,0,0,0,0,35428222,35397228,35697,35679,2410,0,0,0,0,0,0,0,0
1778081244.8985963,g2.hpc.coe,40875,0.5001,0,100.0,2035.0,12288.0,34073366376,34383631511,36545662,36801341,863773,0,0,0,0,0,0,0,0,0,0,0,0,37169575,37874550,37822,38427,753,0,0,0,0,0,0,0,0
1778081245.3986812,g2.hpc.coe,40875,0.5001,0,100.0,2035.0,12288.0,34112618692,34422119482,36584742,36839751,864339,0,0,0,0,0,0,0,0,0,0,0,0,39252316,38487971,39080,38410,566,0,0,0,0,0,0,0,0
1778081245.8987658,g2.hpc.coe,40875,0.5001,0,100.0,2035.0,12288.0,34147355979,34456829780,36619694,36874685,864362,0,0,0,0,0,0,0,0,0,0,0,0,34737287,34710298,34952,34934,23,0,0,0,0,0,0,0,0
1778081246.3988628,g2.hpc.coe,40875,0.5001,0,100.0,2035.0,12288.0,34188350708,34497795200,36660891,36915859,864969,0,0,0,0,0,0,0,0,0,0,0,0,40994729,40965420,41197,41174,607,0,0,0,0,0,0,0,0
1778081246.898948,g2.hpc.coe,40875,0.5001,0,100.0,2035.0,12288.0,34223778154,34533192308,36696596,36951523,865125,0,0,0,0,0,0,0,0,0,0,0,0,35427446,35397108,35705,35664,156,0,0,0,0,0,0,0,0
1778081247.3990347,g2.hpc.coe,40875,0.5001,0,100.0,2035.0,12288.0,34263586956,34573234697,36737102,36992146,867940,0,0,0,0,0,0,0,0,0,0,0,0,39808802,40042389,40506,40623,2815,0,0,0,0,0,0,0,0
1778081247.899122,g2.hpc.coe,40875,0.5001,0,100.0,2035.0,12288.0,34300200428,34609554913,36773485,37028372,868654,0,0,0,0,0,0,0,0,0,0,0,0,36613472,36320216,36383,36226,714,0,0,0,0,0,0,0,0
1778081248.399204,g2.hpc.coe,40875,0.5001,0,100.0,2035.0,12288.0,34334937945,34644265155,36808436,37063298,868673,0,0,0,0,0,0,0,0,0,0,0,0,34737517,34710242,34951,34926,19,0,0,0,0,0,0,0,0
1778081248.8992898,g2.hpc.coe,40875,0.5001,0,100.0,2035.0,12288.0,34375932982,34685230646,36849641,37104480,869859,0,0,0,0,0,0,0,0,0,0,0,0,40995037,40965491,41205,41182,1186,0,0,0,0,0,0,0,0
1778081249.399371,g2.hpc.coe,40875,0.5001,0,100.0,2035.0,12288.0,34411360631,34720627846,36885339,37140155,870093,0,0,0,0,0,0,0,0,0,0,0,0,35427649,35397200,35698,35675,234,0,0,0,0,0,0,0,0
1778081249.8994527,g2.hpc.coe,40875,0.5001,0,100.0,2035.0,12288.0,34452355735,34761593204,36926540,37181318,870401,0,0,0,0,0,0,0,0,0,0,0,0,40995104,40965358,41201,41163,308,0,0,0,0,0,0,0,0
1778081250.3995574,g2.hpc.coe,40875,0.5001,0,100.0,2035.0,12288.0,34487783458,34796990418,36962235,37216995,870528,0,0,0,0,0,0,0,0,0,0,0,0,35427723,35397214,35695,35677,127,0,0,0,0,0,0,0,0
1778081250.8996403,g2.hpc.coe,40875,0.5001,0,100.0,2035.0,12288.0,34522521206,34831700703,36997183,37251925,870813,0,0,0,0,0,0,0,0,0,0,0,0,34737748,34710285,34948,34930,285,0,0,0,0,0,0,0,0
1778081251.399723,g2.hpc.coe,40875,0.5001,0,100.0,2035.0,12288.0,34563516410,34872666061,37038378,37293088,873413,0,0,0,0,0,0,0,0,0,0,0,0,40995204,40965358,41195,41163,2600,0,0,0,0,0,0,0,0
1778081251.8998165,g2.hpc.coe,40875,0.5001,0,100.0,2035.0,12288.0,34598944962,34908063680,37074097,37328767,874187,0,0,0,0,0,0,0,0,0,0,0,0,35428552,35397619,35719,35679,774,0,0,0,0,0,0,0,0
1778081252.3999,g2.hpc.coe,40875,0.5001,0,100.0,2035.0,12288.0,34639940282,34949029080,37115295,37369936,877251,0,0,0,0,0,0,0,0,0,0,0,0,40995320,40965400,41198,41169,3064,0,0,0,0,0,0,0,0
1778081252.900001,g2.hpc.coe,40875,0.5001,0,100.0,2035.0,12288.0,34675368228,34984426238,37150988,37405605,877277,0,0,0,0,0,0,0,0,0,0,0,0,35427946,35397158,35693,35669,26,0,0,0,0,0,0,0,0
1778081253.4000921,g2.hpc.coe,40875,0.5001,0,100.0,2035.0,12288.0,34710626447,35020252824,37186904,37441985,877604,0,0,0,0,0,0,0,0,0,0,0,0,35258219,35826586,35916,36380,327,0,0,0,0,0,0,0,0
1778081253.9001822,g2.hpc.coe,40875,0.5001,0,100.0,2035.0,12288.0,34751101674,35060101979,37227134,37481712,879260,0,0,0,0,0,0,0,0,0,0,0,0,40475227,39849155,40230,39727,1656,0,0,0,0,0,0,0,0
1778081254.4002764,g2.hpc.coe,40875,0.5001,0,100.0,2035.0,12288.0,34786529812,35095499172,37262832,37517386,879293,0,0,0,0,0,0,0,0,0,0,0,0,35428138,35397193,35698,35674,33,0,0,0,0,0,0,0,0
1778081254.900367,g2.hpc.coe,40875,0.5001,0,100.0,2035.0,12288.0,34827525391,35136464572,37304031,37558555,879682,0,0,0,0,0,0,0,0,0,0,0,0,40995579,40965400,41199,41169,389,0,0,0,0,0,0,0,0
1778081255.400452,g2.hpc.coe,40875,0.5001,0,100.0,2035.0,12288.0,34862952619,35171861729,37339736,37594226,879701,0,0,0,0,0,0,0,0,0,0,0,0,35427228,35397157,35705,35671,19,0,0,0,0,0,0,0,0
1778081255.9005373,g2.hpc.coe,40875,0.5001,0,100.0,2035.0,12288.0,34897689857,35206571992,37374692,37629155,879723,0,0,0,0,0,0,0,0,0,0,0,0,34737238,34710263,34956,34929,22,0,0,0,0,0,0,0,0
1778081256.400625,g2.hpc.coe,40875,0.5001,0,100.0,2035.0,12288.0,34938684537,35247537461,37415893,37670336,879966,0,0,0,0,0,0,0,0,0,0,0,0,40994680,40965469,41201,41181,243,0,0,0,0,0,0,0,0
1778081256.9007084,g2.hpc.coe,40875,0.5001,0,100.0,2035.0,12288.0,34974111815,35282934681,37451585,37706016,879991,0,0,0,0,0,0,0,0,0,0,0,0,35427278,35397220,35692,35680,25,0,0,0,0,0,0,0,0
1778081257.4007936,g2.hpc.coe,40875,0.5001,0,100.0,2035.0,12288.0,35015106569,35323900129,37492783,37747194,880918,0,0,0,0,0,0,0,0,0,0,0,0,40994754,40965448,41198,41178,927,0,0,0,0,0,0,0,0
1778081257.9008806,g2.hpc.coe,40875,0.5001,0,100.0,2035.0,12288.0,35050533970,35359297293,37528479,37782866,880945,0,0,0,0,0,0,0,0,0,0,0,0,35427401,35397164,35696,35672,27,0,0,0,0,0,0,0,0
1778081258.4009733,g2.hpc.coe,40875,0.5001,0,100.0,2035.0,12288.0,35085271409,35394007542,37563430,37817793,881208,0,0,0,0,0,0,0,0,0,0,0,0,34737439,34710249,34951,34927,263,0,0,0,0,0,0,0,0
1778081258.9010608,g2.hpc.coe,40875,0.5001,0,100.0,2035.0,12288.0,35126266235,35434972934,37604618,37858963,883719,0,0,0,0,0,0,0,0,0,0,0,0,40994826,40965392,41188,41170,2511,0,0,0,0,0,0,0,0
1778081259.4011438,g2.hpc.coe,40875,0.5001,0,100.0,2035.0,12288.0,35161693800,35470370161,37640317,37894644,885211,0,0,0,0,0,0,0,0,0,0,0,0,35427565,35397227,35699,35681,1492,0,0,0,0,0,0,0,0
1778081259.901231,g2.hpc.coe,40875,0.5001,0,100.0,2035.0,12288.0,35202688855,35511335582,37681522,37935816,885718,0,0,0,0,0,0,0,0,0,0,0,0,40995055,40965421,41205,41172,507,0,0,0,0,0,0,0,0
1778081260.401315,g2.hpc.coe,40875,0.5001,0,100.0,2035.0,12288.0,35238116565,35546732747,37717226,37971486,885742,0,0,0,0,0,0,0,0,0,0,0,0,35427710,35397165,35704,35670,24,0,0,0,0,0,0,0,0
1778081260.9013999,g2.hpc.coe,40875,0.5001,0,100.0,2035.0,12288.0,35272854278,35581443039,37752180,38006759,885766,0,0,0,0,0,0,0,0,0,0,0,0,34737713,34710292,34954,35273,24,0,0,0,0,0,0,0,0
1778081261.4014885,g2.hpc.coe,40875,0.5001,0,100.0,2035.0,12288.0,35313849419,35622408432,37793377,38047585,888289,0,0,0,0,0,0,0,0,0,0,0,0,40995141,40965393,41197,40826,2523,0,0,0,0,0,0,0,0
1778081261.9015725,g2.hpc.coe,40875,0.5001,0,100.0,2035.0,12288.0,35349277250,35657805653,37829078,38083263,888316,0,0,0,0,0,0,0,0,0,0,0,0,35427831,35397221,35701,35678,27,0,0,0,0,0,0,0,0
1778081262.401664,g2.hpc.coe,40875,0.5001,0,100.0,2035.0,12288.0,35390272472,35698771039,37870273,38124430,889752,0,0,0,0,0,0,0,0,0,0,0,0,40995222,40965386,41195,41167,1436,0,0,0,0,0,0,0,0
1778081262.901748,g2.hpc.coe,40875,0.5001,0,100.0,2035.0,12288.0,35425700383,35734168155,37905972,38160093,890006,0,0,0,0,0,0,0,0,0,0,0,0,35427911,35397116,35699,35663,254,0,0,0,0,0,0,0,0
1778081263.4018393,g2.hpc.coe,40875,0.5001,0,100.0,2035.0,12288.0,35463140567,35772106130,37944056,38198658,892295,0,0,0,0,0,0,0,0,0,0,0,0,37440184,37937975,38084,38565,2289,0,0,0,0,0,0,0,0
1778081263.901932,g2.hpc.coe,40875,0.5001,0,100.0,2035.0,12288.0,35502123685,35810530825,37982863,38236947,892817,0,0,0,0,0,0,0,0,0,0,0,0,38983118,38424695,38807,38289,522,0,0,0,0,0,0,0,0
1778081264.4020193,g2.hpc.coe,40875,0.5001,0,100.0,2035.0,12288.0,35536861723,35845241040,38017816,38271867,892848,0,0,0,0,0,0,0,0,0,0,0,0,34738038,34710215,34953,34920,31,0,0,0,0,0,0,0,0
1778081264.9021058,g2.hpc.coe,40875,0.5001,0,100.0,2035.0,12288.0,35577857197,35886206461,38059011,38313039,893650,0,0,0,0,0,0,0,0,0,0,0,0,40995474,40965421,41195,41172,802,0,0,0,0,0,0,0,0
1778081265.4021924,g2.hpc.coe,40875,0.5001,0,100.0,2035.0,12288.0,35613285416,35921603633,38094718,38348710,893685,0,0,0,0,0,0,0,0,0,0,0,0,35428219,35397172,35707,35671,35,0,0,0,0,0,0,0,0
1778081265.9022787,g2.hpc.coe,40875,0.5001,0,100.0,2035.0,12288.0,35653167110,35961773747,38135736,38389860,899035,0,0,0,0,0,0,0,0,0,0,0,0,39881694,40170114,41018,41150,5350,0,0,0,0,0,0,0,0
1778081266.4023702,g2.hpc.coe,40875,0.5001,0,100.0,2035.0,12288.0,35689708147,35997966211,38171606,38425553,899695,0,0,0,0,0,0,0,0,0,0,0,0,36541037,36192464,35870,35693,660,0,0,0,0,0,0,0,0
1778081266.902464,g2.hpc.coe,40875,0.5001,0,100.0,2035.0,12288.0,35724446055,36032676907,38206581,38460488,899708,0,0,0,0,0,0,0,0,0,0,0,0,34737908,34710696,34975,34935,13,0,0,0,0,0,0,0,0
1778081267.402552,g2.hpc.coe,40875,0.5001,0,100.0,2035.0,12288.0,35765440684,36073642313,38247772,38501660,899734,0,0,0,0,0,0,0,0,0,0,0,0,40994629,40965406,41191,41172,26,0,0,0,0,0,0,0,0
1778081267.9026453,g2.hpc.coe,40875,0.5001,0,100.0,2035.0,12288.0,35800868079,36109039505,38283478,38537336,899854,0,0,0,0,0,0,0,0,0,0,0,0,35427395,35397192,35706,35676,120,0,0,0,0,0,0,0,0
1778081268.4027321,g2.hpc.coe,40875,0.5001,0,100.0,2035.0,12288.0,35841863045,36150005152,38324672,38578511,900301,0,0,0,0,0,0,0,0,0,0,0,0,40994966,40965647,41194,41175,447,0,0,0,0,0,0,0,0
1778081268.9028158,g2.hpc.coe,40875,0.5001,0,100.0,2035.0,12288.0,35877290550,36185402344,38360378,38614187,900332,0,0,0,0,0,0,0,0,0,0,0,0,35427505,35397192,35706,35676,31,0,0,0,0,0,0,0,0
1778081269.4028993,g2.hpc.coe,40875,0.5001,0,100.0,2035.0,12288.0,35912028050,36220112586,38395335,38649113,900356,0,0,0,0,0,0,0,0,0,0,0,0,34737500,34710242,34957,34926,24,0,0,0,0,0,0,0,0
1778081269.902981,g2.hpc.coe,40875,0.5001,0,100.0,2035.0,12288.0,35953022908,36261077992,38436525,38690285,901818,0,0,0,0,0,0,0,0,0,0,0,0,40994858,40965406,41190,41172,1462,0,0,0,0,0,0,0,0
1778081270.40307,g2.hpc.coe,40875,0.5001,0,100.0,2035.0,12288.0,35988450505,36296475184,38472226,38725961,901845,0,0,0,0,0,0,0,0,0,0,0,0,35427597,35397192,35701,35676,27,0,0,0,0,0,0,0,0
1778081270.903153,g2.hpc.coe,40875,0.5001,0,100.0,2035.0,12288.0,36029445529,36337440605,38513424,38767133,902356,0,0,0,0,0,0,0,0,0,0,0,0,40995024,40965421,41198,41172,511,0,0,0,0,0,0,0,0
1778081271.403236,g2.hpc.coe,40875,0.5001,0,100.0,2035.0,12288.0,36064873207,36372837798,38549121,38802807,902390,0,0,0,0,0,0,0,0,0,0,0,0,35427678,35397193,35697,35674,34,0,0,0,0,0,0,0,0
1778081271.9033203,g2.hpc.coe,40875,0.5001,0,100.0,2035.0,12288.0,36099610979,36407548055,38584081,38837733,902437,0,0,0,0,0,0,0,0,0,0,0,0,34737772,34710257,34960,34926,47,0,0,0,0,0,0,0,0
1778081272.4034033,g2.hpc.coe,40875,0.5001,0,100.0,2035.0,12288.0,36140606151,36448513490,38625280,38878907,904138,0,0,0,0,0,0,0,0,0,0,0,0,40995172,40965435,41199,41174,1701,0,0,0,0,0,0,0,0
1778081272.9034867,g2.hpc.coe,40875,0.5001,0,100.0,2035.0,12288.0,36176034104,36483910676,38660996,38914580,904254,0,0,0,0,0,0,0,0,0,0,0,0,35427953,35397186,35716,35673,116,0,0,0,0,0,0,0,0
1778081273.4035707,g2.hpc.coe,40875,0.5001,0,100.0,2035.0,12288.0,36217029294,36524876090,38702184,38955751,904490,0,0,0,0,0,0,0,0,0,0,0,0,40995190,40965414,41188,41171,236,0,0,0,0,0,0,0,0
1778081273.903653,g2.hpc.coe,40875,0.5001,0,100.0,2035.0,12288.0,36252457237,36560273311,38737885,38991429,904509,0,0,0,0,0,0,0,0,0,0,0,0,35427943,35397221,35701,35678,19,0,0,0,0,0,0,0,0
1778081274.4037406,g2.hpc.coe,40875,0.5001,0,100.0,2035.0,12288.0,36287195204,36594983610,38772839,39026361,904524,0,0,0,0,0,0,0,0,0,0,0,0,34737967,34710299,34954,34932,15,0,0,0,0,0,0,0,0
1778081274.9038231,g2.hpc.coe,40875,0.5001,0,100.0,2035.0,12288.0,36328190683,36635949058,38814039,39067530,905891,0,0,0,0,0,0,0,0,0,0,0,0,40995479,40965448,41200,41169,1367,0,0,0,0,0,0,0,0
1778081275.403906,g2.hpc.coe,40875,0.5001,0,100.0,2035.0,12288.0,36363618852,36671346328,38849752,39103215,906235,0,0,0,0,0,0,0,0,0,0,0,0,35428169,35397270,35713,35685,344,0,0,0,0,0,0,0,0
1778081275.9039903,g2.hpc.coe,40875,0.5001,0,100.0,2035.0,12288.0,36404614336,36712311658,38890946,39144374,906673,0,0,0,0,0,0,0,0,0,0,0,0,40995484,40965330,41194,41159,438,0,0,0,0,0,0,0,0
1778081276.404072,g2.hpc.coe,40875,0.5001,0,100.0,2035.0,12288.0,36440042489,36747708893,38926641,39180054,907382,0,0,0,0,0,0,0,0,0,0,0,0,35428153,35397235,35695,35680,709,0,0,0,0,0,0,0,0
1778081276.9041548,g2.hpc.coe,40875,0.5001,0,100.0,2035.0,12288.0,36474779626,36782419135,38961591,39214980,907411,0,0,0,0,0,0,0,0,0,0,0,0,34737137,34710242,34950,34926,29,0,0,0,0,0,0,0,0
1778081277.4042382,g2.hpc.coe,40875,0.5001,0,100.0,2035.0,12288.0,36515774198,36823384464,39002785,39256141,909586,0,0,0,0,0,0,0,0,0,0,0,0,40994572,40965329,41194,41161,2175,0,0,0,0,0,0,0,0
1778081277.90432,g2.hpc.coe,40875,0.5001,0,100.0,2035.0,12288.0,36551201488,36858781628,39038487,39291813,909661,0,0,0,0,0,0,0,0,0,0,0,0,35427290,35397164,35702,35672,75,0,0,0,0,0,0,0,0
1778081278.4044077,g2.hpc.coe,40875,0.5001,0,100.0,2035.0,12288.0,36592196190,36899747013,39079686,39332982,909683,0,0,0,0,0,0,0,0,0,0,0,0,40994702,40965385,41199,41169,22,0,0,0,0,0,0,0,0
1778081278.9044971,g2.hpc.coe,40875,0.5001,0,100.0,2035.0,12288.0,36627623567,36935144191,39115387,39368656,909707,0,0,0,0,0,0,0,0,0,0,0,0,35427377,35397178,35701,35674,24,0,0,0,0,0,0,0,0
1778081279.4045806,g2.hpc.coe,40875,0.5001,0,100.0,2035.0,12288.0,36668618342,36976109485,39156583,39409812,911960,0,0,0,0,0,0,0,0,0,0,0,0,40994775,40965294,41196,41156,2253,0,0,0,0,0,0,0,0
1778081279.904664,g2.hpc.coe,40875,0.5001,0,100.0,2035.0,12288.0,36703355805,37010969006,39191631,39444960,913702,0,0,0,0,0,0,0,0,0,0,0,0,34737463,34859521,35048,35148,1742,0,0,0,0,0,0,0,0
1778081280.4047515,g2.hpc.coe,40875,0.5001,0,100.0,2035.0,12288.0,36738783310,37046216926,39227238,39480415,913725,0,0,0,0,0,0,0,0,0,0,0,0,35427505,35247920,35607,35455,23,0,0,0,0,0,0,0,0
1778081280.9048376,g2.hpc.coe,40875,0.5001,0,100.0,2035.0,12288.0,36779778221,37087182269,39268433,39521578,915489,0,0,0,0,0,0,0,0,0,0,0,0,40994911,40965343,41195,41163,1764,0,0,0,0,0,0,0,0
1778081281.4049253,g2.hpc.coe,40875,0.5001,0,100.0,2035.0,12288.0,36815205892,37122579469,39304140,39557253,915524,0,0,0,0,0,0,0,0,0,0,0,0,35427671,35397200,35707,35675,35,0,0,0,0,0,0,0,0
1778081281.905022,g2.hpc.coe,40875,0.5001,0,100.0,2035.0,12288.0,36854200106,37161839304,39343799,39596945,920532,0,0,0,0,0,0,0,0,0,0,0,0,38994214,39259835,39659,39692,5008,0,0,0,0,0,0,0,0
1778081282.4051213,g2.hpc.coe,40875,0.5001,0,100.0,2035.0,12288.0,36891629316,37198942551,39381059,39634110,920558,0,0,0,0,0,0,0,0,0,0,0,0,37429210,37103247,37260,37165,26,0,0,0,0,0,0,0,0
1778081282.905205,g2.hpc.coe,40875,0.5001,0,100.0,2035.0,12288.0,36926367022,37233652822,39416007,39669038,920577,0,0,0,0,0,0,0,0,0,0,0,0,34737706,34710271,34948,34928,19,0,0,0,0,0,0,0,0
1778081283.405291,g2.hpc.coe,40875,0.5001,0,100.0,2035.0,12288.0,36967362149,37274618257,39457197,39710212,922555,0,0,0,0,0,0,0,0,0,0,0,0,40995127,40965435,41190,41174,1978,0,0,0,0,0,0,0,0
1778081283.9053817,g2.hpc.coe,40875,0.5001,0,100.0,2035.0,12288.0,37002789959,37310015513,39492890,39745895,922959,0,0,0,0,0,0,0,0,0,0,0,0,35427810,35397256,35693,35683,404,0,0,0,0,0,0,0,0
1778081284.40547,g2.hpc.coe,40875,0.5001,0,100.0,2035.0,12288.0,37043435293,37350973015,39534066,39787039,925500,0,0,0,0,0,0,0,0,0,0,0,0,40645334,40957502,41176,41144,2541,0,0,0,0,0,0,0,0
1778081284.9055552,g2.hpc.coe,40875,0.5001,0,100.0,2035.0,12288.0,37079213177,37386378134,39569786,39822742,925858,0,0,0,0,0,0,0,0,0,0,0,0,35777884,35405119,35720,35703,358,0,0,0,0,0,0,0,0
1778081285.405641,g2.hpc.coe,40875,0.5001,0,100.0,2035.0,12288.0,37113951148,37421088433,39604738,39857674,925879,0,0,0,0,0,0,0,0,0,0,0,0,34737971,34710299,34952,34932,21,0,0,0,0,0,0,0,0
1778081285.9057238,g2.hpc.coe,40875,0.5001,0,100.0,2035.0,12288.0,37154946547,37462053875,39645933,39898849,927198,0,0,0,0,0,0,0,0,0,0,0,0,40995399,40965442,41195,41175,1319,0,0,0,0,0,0,0,0
1778081286.405812,g2.hpc.coe,40875,0.5001,0,100.0,2035.0,12288.0,37190374629,37497451040,39681631,39934519,927224,0,0,0,0,0,0,0,0,0,0,0,0,35428082,35397165,35698,35670,26,0,0,0,0,0,0,0,0
1778081286.905893,g2.hpc.coe,40875,0.5001,0,100.0,2035.0,12288.0,37231370138,37538416454,39722826,39975690,930298,0,0,0,0,0,0,0,0,0,0,0,0,40995509,40965414,41195,41171,3074,0,0,0,0,0,0,0,0
1778081287.405979,g2.hpc.coe,40875,0.5001,0,100.0,2035.0,12288.0,37266798364,37573813619,39758529,40011360,931072,0,0,0,0,0,0,0,0,0,0,0,0,35428226,35397165,35703,35670,774,0,0,0,0,0,0,0,0
1778081287.9060614,g2.hpc.coe,40875,0.5001,0,100.0,2035.0,12288.0,37301535582,37608523889,39793488,40046290,931095,0,0,0,0,0,0,0,0,0,0,0,0,34737218,34710270,34959,34930,23,0,0,0,0,0,0,0,0
1778081288.4061465,g2.hpc.coe,40875,0.5001,0,100.0,2035.0,12288.0,37342530137,37649489281,39834677,40087460,934564,0,0,0,0,0,0,0,0,0,0,0,0,40994555,40965392,41189,41170,3469,0,0,0,0,0,0,0,0
1778081288.906232,g2.hpc.coe,40875,0.5001,0,100.0,2035.0,12288.0,37377957438,37684886466,39870378,40123135,934584,0,0,0,0,0,0,0,0,0,0,0,0,35427301,35397185,35701,35675,20,0,0,0,0,0,0,0,0
1778081289.4063315,g2.hpc.coe,40875,0.5001,0,100.0,2035.0,12288.0,37418952109,37725851893,39911570,40164310,936390,0,0,0,0,0,0,0,0,0,0,0,0,40994671,40965427,41192,41175,1806,0,0,0,0,0,0,0,0
1778081289.906415,g2.hpc.coe,40875,0.5001,0,100.0,2035.0,12288.0,37454379511,37761249106,39947272,40199989,936422,0,0,0,0,0,0,0,0,0,0,0,0,35427402,35397213,35702,35679,32,0,0,0,0,0,0,0,0
1778081290.406503,g2.hpc.coe,40875,0.5001,0,100.0,2035.0,12288.0,37489116930,37795959383,39982226,40234920,936441,0,0,0,0,0,0,0,0,0,0,0,0,34737419,34710277,34954,34931,19,0,0,0,0,0,0,0,0
1778081290.906587,g2.hpc.coe,40875,0.5001,0,100.0,2035.0,12288.0,37530111742,37836924761,40023418,40276088,937472,0,0,0,0,0,0,0,0,0,0,0,0,40994812,40965378,41192,41168,1031,0,0,0,0,0,0,0,0
1778081291.4066737,g2.hpc.coe,40875,0.5001,0,100.0,2035.0,12288.0,37565539286,37872321960,40059120,40311765,937501,0,0,0,0,0,0,0,0,0,0,0,0,35427544,35397199,35702,35677,29,0,0,0,0,0,0,0,0
1778081291.9067557,g2.hpc.coe,40875,0.5001,0,100.0,2035.0,12288.0,37606534123,37913287366,40100302,40352937,939644,0,0,0,0,0,0,0,0,0,0,0,0,40994837,40965406,41182,41172,2143,0,0,0,0,0,0,0,0
1778081292.406841,g2.hpc.coe,40875,0.5001,0,100.0,2035.0,12288.0,37641961805,37948684629,40136008,40388621,939668,0,0,0,0,0,0,0,0,0,0,0,0,35427682,35397263,35706,35684,24,0,0,0,0,0,0,0,0
1778081292.9069235,g2.hpc.coe,40875,0.5001,0,100.0,2035.0,12288.0,37682956871,37989650050,40177207,40429793,942114,0,0,0,0,0,0,0,0,0,0,0,0,40995066,40965421,41199,41172,2446,0,0,0,0,0,0,0,0
1778081293.4070094,g2.hpc.coe,40875,0.5001,0,100.0,2035.0,12288.0,37717694534,38024360356,40212153,40464726,942138,0,0,0,0,0,0,0,0,0,0,0,0,34737663,34710306,34946,34933,24,0,0,0,0,0,0,0,0
1778081293.9070928,g2.hpc.coe,40875,0.5001,0,100.0,2035.0,12288.0,37753122295,38059757591,40247850,40500406,942156,0,0,0,0,0,0,0,0,0,0,0,0,35427761,35397235,35697,35680,18,0,0,0,0,0,0,0,0
1778081294.407185,g2.hpc.coe,40875,0.5001,0,100.0,2035.0,12288.0,37794117489,38100722956,40289047,40541570,942193,0,0,0,0,0,0,0,0,0,0,0,0,40995194,40965365,41197,41164,37,0,0,0,0,0,0,0,0
1778081294.907274,g2.hpc.coe,40875,0.5001,0,100.0,2035.0,12288.0,37829545330,38136120121,40324742,40577240,942490,0,0,0,0,0,0,0,0,0,0,0,0,35427841,35397165,35695,35670,297,0,0,0,0,0,0,0,0
1778081295.4073613,g2.hpc.coe,40875,0.5001,0,100.0,2035.0,12288.0,37864283223,38170830371,40359694,40612165,943139,0,0,0,0,0,0,0,0,0,0,0,0,34737893,34710250,34952,34925,649,0,0,0,0,0,0,0,0
1778081295.9074438,g2.hpc.coe,40875,0.5001,0,100.0,2035.0,12288.0,37905278580,38211795771,40400894,40653334,948517,0,0,0,0,0,0,0,0,0,0,0,0,40995357,40965400,41200,41169,5378,0,0,0,0,0,0,0,0
1778081296.4075286,g2.hpc.coe,40875,0.5001,0,100.0,2035.0,12288.0,37940706606,38247192936,40436595,40689004,948677,0,0,0,0,0,0,0,0,0,0,0,0,35428026,35397165,35701,35670,160,0,0,0,0,0,0,0,0
1778081296.9076214,g2.hpc.coe,40875,0.5001,0,100.0,2035.0,12288.0,37981702590,38288158811,40477797,40730185,951363,0,0,0,0,0,0,0,0,0,0,0,0,40995984,40965875,41202,41181,2686,0,0,0,0,0,0,0,0
1778081297.4077115,g2.hpc.coe,40875,0.5001,0,100.0,2035.0,12288.0,38017130733,38323556011,40513499,40765860,951394,0,0,0,0,0,0,0,0,0,0,0,0,35428143,35397200,35702,35675,31,0,0,0,0,0,0,0,0
1778081297.9078066,g2.hpc.coe,40875,0.5001,0,100.0,2035.0,12288.0,38057817516,38364513534,40554670,40807005,952011,0,0,0,0,0,0,0,0,0,0,0,0,40686783,40957523,41171,41145,617,0,0,0,0,0,0,0,0
1778081298.4079068,g2.hpc.coe,40875,0.5001,0,100.0,2035.0,12288.0,38093554470,38399918548,40590392,40842695,952325,0,0,0,0,0,0,0,0,0,0,0,0,35736954,35405014,35722,35690,314,0,0,0,0,0,0,0,0
1778081298.9079967,g2.hpc.coe,40875,0.5001,0,100.0,2035.0,12288.0,38128291650,38434628783,40625343,40877620,952773,0,0,0,0,0,0,0,0,0,0,0,0,34737180,34710235,34951,34925,448,0,0,0,0,0,0,0,0
1778081299.4080853,g2.hpc.coe,40875,0.5001,0,100.0,2035.0,12288.0,38169286287,38475594119,40666541,40918782,953064,0,0,0,0,0,0,0,0,0,0,0,0,40994637,40965336,41198,41162,291,0,0,0,0,0,0,0,0
1778081299.9081755,g2.hpc.coe,40875,0.5001,0,100.0,2035.0,12288.0,38204713564,38510991248,40702236,40954449,953407,0,0,0,0,0,0,0,0,0,0,0,0,35427277,35397129,35695,35667,343,0,0,0,0,0,0,0,0
1778081300.408264,g2.hpc.coe,40875,0.5001,0,100.0,2035.0,12288.0,38239450971,38545701559,40737190,40989378,953492,0,0,0,0,0,0,0,0,0,0,0,0,34737407,34710311,34954,34929,85,0,0,0,0,0,0,0,0
1778081300.9083517,g2.hpc.coe,40875,0.5001,0,100.0,2035.0,12288.0,38280445659,38586666944,40778375,41030547,954244,0,0,0,0,0,0,0,0,0,0,0,0,40994688,40965385,41185,41169,752,0,0,0,0,0,0,0,0
1778081301.4084415,g2.hpc.coe,40875,0.5001,0,100.0,2035.0,12288.0,38315873155,38622064171,40814081,41066228,954263,0,0,0,0,0,0,0,0,0,0,0,0,35427496,35397227,35706,35681,19,0,0,0,0,0,0,0,0
1778081301.9085295,g2.hpc.coe,40875,0.5001,0,100.0,2035.0,12288.0,38356867979,38663029577,40855272,41107400,958097,0,0,0,0,0,0,0,0,0,0,0,0,40994824,40965406,41191,41172,3834,0,0,0,0,0,0,0,0
1778081302.4086242,g2.hpc.coe,40875,0.5001,0,100.0,2035.0,12288.0,38392295486,38698426734,40890966,41143071,958120,0,0,0,0,0,0,0,0,0,0,0,0,35427507,35397157,35694,35671,23,0,0,0,0,0,0,0,0
1778081302.9087188,g2.hpc.coe,40875,0.5001,0,100.0,2035.0,12288.0,38427420376,38734266277,40926751,41179491,958361,0,0,0,0,0,0,0,0,0,0,0,0,35124890,35839543,35785,36420,241,0,0,0,0,0,0,0,0
1778081303.408809,g2.hpc.coe,40875,0.5001,0,100.0,2035.0,12288.0,38468718093,38774789362,40967859,41219919,958716,0,0,0,0,0,0,0,0,0,0,0,0,41297717,40523085,41108,40428,355,0,0,0,0,0,0,0,0
1778081303.9089,g2.hpc.coe,40875,0.5001,0,100.0,2035.0,12288.0,38503455790,38809499654,41002814,41254850,958743,0,0,0,0,0,0,0,0,0,0,0,0,34737697,34710292,34955,34931,27,0,0,0,0,0,0,0,0
1778081304.408993,g2.hpc.coe,40875,0.5001,0,100.0,2035.0,12288.0,38544450908,38850465110,41044011,41296027,958829,0,0,0,0,0,0,0,0,0,0,0,0,40995118,40965456,41197,41177,86,0,0,0,0,0,0,0,0
1778081304.9090838,g2.hpc.coe,40875,0.5001,0,100.0,2035.0,12288.0,38579878729,38885862338,41079714,41331706,958909,0,0,0,0,0,0,0,0,0,0,0,0,35427821,35397228,35703,35679,80,0,0,0,0,0,0,0,0
1778081305.4091752,g2.hpc.coe,40875,0.5001,0,100.0,2035.0,12288.0,38618014179,38924149467,41118482,41370630,962427,0,0,0,0,0,0,0,0,0,0,0,0,38135450,38287129,38768,38924,3518,0,0,0,0,0,0,0,0
1778081305.9092615,g2.hpc.coe,40875,0.5001,0,100.0,2035.0,12288.0,38656301822,38962225000,41156600,41408552,962915,0,0,0,0,0,0,0,0,0,0,0,0,38287643,38075533,38118,37922,488,0,0,0,0,0,0,0,0
1778081306.4093533,g2.hpc.coe,40875,0.5001,0,100.0,2035.0,12288.0,38691039769,38996935362,41191557,41443493,962936,0,0,0,0,0,0,0,0,0,0,0,0,34737947,34710362,34957,34941,21,0,0,0,0,0,0,0,0
1778081306.9094431,g2.hpc.coe,40875,0.5001,0,100.0,2035.0,12288.0,38732035102,39037900762,41232751,41484662,963696,0,0,0,0,0,0,0,0,0,0,0,0,40995333,40965400,41194,41169,760,0,0,0,0,0,0,0,0
1778081307.4095364,g2.hpc.coe,40875,0.5001,0,100.0,2035.0,12288.0,38767463174,39073297955,41268456,41520336,963961,0,0,0,0,0,0,0,0,0,0,0,0,35428072,35397193,35705,35674,265,0,0,0,0,0,0,0,0
1778081307.9096303,g2.hpc.coe,40875,0.5001,0,100.0,2035.0,12288.0,38808450953,39114263123,41309659,41561504,965353,0,0,0,0,0,0,0,0,0,0,0,0,40987779,40965168,41203,41168,1392,0,0,0,0,0,0,0,0
1778081308.4097204,g2.hpc.coe,40875,0.5001,0,100.0,2035.0,12288.0,38843886798,39149660597,41345357,41597186,966500,0,0,0,0,0,0,0,0,0,0,0,0,35435845,35397474,35698,35682,1147,0,0,0,0,0,0,0,0
1778081308.9098122,g2.hpc.coe,40875,0.5001,0,100.0,2035.0,12288.0,38878624949,39184370840,41380307,41632110,966522,0,0,0,0,0,0,0,0,0,0,0,0,34738151,34710243,34950,34924,22,0,0,0,0,0,0,0,0
1778081309.4099028,g2.hpc.coe,40875,0.5001,0,100.0,2035.0,12288.0,38919619516,39225336225,41421506,41673279,966597,0,0,0,0,0,0,0,0,0,0,0,0,40994567,40965385,41199,41169,75,0,0,0,0,0,0,0,0
1778081309.9099946,g2.hpc.coe,40875,0.5001,0,100.0,2035.0,12288.0,38955046779,39260733410,41457210,41708954,967271,0,0,0,0,0,0,0,0,0,0,0,0,35427263,35397185,35704,35675,674,0,0,0,0,0,0,0,0
1778081310.410087,g2.hpc.coe,40875,0.5001,0,100.0,2035.0,12288.0,38996041371,39301698732,41498399,41750114,968927,0,0,0,0,0,0,0,0,0,0,0,0,40994592,40965322,41189,41160,1656,0,0,0,0,0,0,0,0
1778081310.9101746,g2.hpc.coe,40875,0.5001,0,100.0,2035.0,12288.0,39031468812,39337095986,41534108,41785792,970334,0,0,0,0,0,0,0,0,0,0,0,0,35427441,35397254,35709,35678,1407,0,0,0,0,0,0,0,0
1778081311.410259,g2.hpc.coe,40875,0.5001,0,100.0,2035.0,12288.0,39066206139,39371806256,41569057,41820722,973716,0,0,0,0,0,0,0,0,0,0,0,0,34737327,34710270,34949,34930,3382,0,0,0,0,0,0,0,0
1778081311.9103236,g2.hpc.coe,40875,0.5001,0,100.0,2035.0,12288.0,39107201497,39412772067,41610261,41861896,975003,0,0,0,0,0,0,0,0,0,0,0,0,40995358,40965811,41204,41174,1287,0,0,0,0,0,0,0,0
1778081312.410413,g2.hpc.coe,40875,0.5001,0,100.0,2035.0,12288.0,39142628865,39448169210,41645946,41897565,975026,0,0,0,0,0,0,0,0,0,0,0,0,35427368,35397143,35685,35669,23,0,0,0,0,0,0,0,0
1778081312.9105127,g2.hpc.coe,40875,0.5001,0,100.0,2035.0,12288.0,39183623736,39489134623,41687141,41938738,975933,0,0,0,0,0,0,0,0,0,0,0,0,40994871,40965413,41195,41173,907,0,0,0,0,0,0,0,0
1778081313.4106007,g2.hpc.coe,40875,0.5001,0,100.0,2035.0,12288.0,39219051262,39524531717,41722835,41974400,975987,0,0,0,0,0,0,0,0,0,0,0,0,35427526,35397094,35694,35662,54,0,0,0,0,0,0,0,0
1778081313.9106863,g2.hpc.coe,40875,0.5001,0,100.0,2035.0,12288.0,39253788869,39559242030,41757788,42009334,976010,0,0,0,0,0,0,0,0,0,0,0,0,34737607,34710313,34953,34934,23,0,0,0,0,0,0,0,0
1778081314.410775,g2.hpc.coe,40875,0.5001,0,100.0,2035.0,12288.0,39294783813,39600207493,41798971,42050512,977005,0,0,0,0,0,0,0,0,0,0,0,0,40994944,40965463,41183,41178,995,0,0,0,0,0,0,0,0
1778081314.9108646,g2.hpc.coe,40875,0.5001,0,100.0,2035.0,12288.0,39330211559,39635604665,41834674,42086183,977036,0,0,0,0,0,0,0,0,0,0,0,0,35427746,35397172,35703,35671,31,0,0,0,0,0,0,0,0
1778081315.4109495,g2.hpc.coe,40875,0.5001,0,100.0,2035.0,12288.0,39371206675,39676570135,41875868,42127362,977164,0,0,0,0,0,0,0,0,0,0,0,0,40995116,40965470,41194,41179,128,0,0,0,0,0,0,0,0
1778081315.911034,g2.hpc.coe,40875,0.5001,0,100.0,2035.0,12288.0,39406634522,39711967362,41911563,42163034,977183,0,0,0,0,0,0,0,0,0,0,0,0,35427847,35397227,35695,35672,19,0,0,0,0,0,0,0,0
1778081316.4111187,g2.hpc.coe,40875,0.5001,0,100.0,2035.0,12288.0,39441372323,39746677689,41946510,42197970,977203,0,0,0,0,0,0,0,0,0,0,0,0,34737801,34710327,34947,34936,20,0,0,0,0,0,0,0,0
1778081316.9112022,g2.hpc.coe,40875,0.5001,0,100.0,2035.0,12288.0,39482367630,39787643082,41987711,42239138,979861,0,0,0,0,0,0,0,0,0,0,0,0,40995307,40965393,41201,41168,2658,0,0,0,0,0,0,0,0
1778081317.4112866,g2.hpc.coe,40875,0.5001,0,100.0,2035.0,12288.0,39517795549,39823040268,42023405,42274811,979910,0,0,0,0,0,0,0,0,0,0,0,0,35427919,35397186,35694,35673,49,0,0,0,0,0,0,0,0
1778081317.9113712,g2.hpc.coe,40875,0.5001,0,100.0,2035.0,12288.0,39559480960,39864692583,42065351,42316725,982162,0,0,0,0,0,0,0,0,0,0,0,0,41685411,41652315,41946,41914,2252,0,0,0,0,0,0,0,0
1778081318.4114633,g2.hpc.coe,40875,0.5001,0,100.0,2035.0,12288.0,39594219000,39899402868,42100305,42351655,982184,0,0,0,0,0,0,0,0,0,0,0,0,34738040,34710285,34954,34930,22,0,0,0,0,0,0,0,0
1778081318.9115455,g2.hpc.coe,40875,0.5001,0,100.0,2035.0,12288.0,39628957067,39934913022,42135546,42387715,982280,0,0,0,0,0,0,0,0,0,0,0,0,34738067,35510154,35241,36060,96,0,0,0,0,0,0,0,0
1778081319.4116302,g2.hpc.coe,40875,0.5001,0,100.0,2035.0,12288.0,39669952542,39975078637,42176445,42427766,982861,0,0,0,0,0,0,0,0,0,0,0,0,40995475,40165615,40899,40051,581,0,0,0,0,0,0,0,0
1778081319.9117136,g2.hpc.coe,40875,0.5001,0,100.0,2035.0,12288.0,39705380832,40010475879,42212156,42463447,983140,0,0,0,0,0,0,0,0,0,0,0,0,35428290,35397242,35711,35681,279,0,0,0,0,0,0,0,0
1778081320.411798,g2.hpc.coe,40875,0.5001,0,100.0,2035.0,12288.0,39746375390,40051441215,42253351,42504609,983161,0,0,0,0,0,0,0,0,0,0,0,0,40994558,40965336,41195,41162,21,0,0,0,0,0,0,0,0
1778081320.9118812,g2.hpc.coe,40875,0.5001,0,100.0,2035.0,12288.0,39781802728,40086838462,42289054,42540286,983589,0,0,0,0,0,0,0,0,0,0,0,0,35427338,35397247,35703,35677,428,0,0,0,0,0,0,0,0
1778081321.411964,g2.hpc.coe,40875,0.5001,0,100.0,2035.0,12288.0,39816540020,40121718559,42324048,42576259,984704,0,0,0,0,0,0,0,0,0,0,0,0,34737292,34880097,34994,35973,1115,0,0,0,0,0,0,0,0
1778081321.9120476,g2.hpc.coe,40875,0.5001,0,100.0,2035.0,12288.0,39857534776,40162684193,42365298,42616575,985076,0,0,0,0,0,0,0,0,0,0,0,0,40994756,40965634,41250,40316,372,0,0,0,0,0,0,0,0
1778081322.4121406,g2.hpc.coe,40875,0.5001,0,100.0,2035.0,12288.0,39899219483,40204166508,42407145,42658312,986257,0,0,0,0,0,0,0,0,0,0,0,0,41684707,41482315,41847,41737,1181,0,0,0,0,0,0,0,0
1778081322.9122252,g2.hpc.coe,40875,0.5001,0,100.0,2035.0,12288.0,39933956890,40238876834,42442096,42693250,986293,0,0,0,0,0,0,0,0,0,0,0,0,34737407,34710326,34951,34938,36,0,0,0,0,0,0,0,0
1778081323.412309,g2.hpc.coe,40875,0.5001,0,100.0,2035.0,12288.0,39969384388,40274273956,42477797,42728916,986470,0,0,0,0,0,0,0,0,0,0,0,0,35427498,35397122,35701,35666,177,0,0,0,0,0,0,0,0
1778081323.9123952,g2.hpc.coe,40875,0.5001,0,100.0,2035.0,12288.0,40007122978,40312627636,42516231,42767802,986491,0,0,0,0,0,0,0,0,0,0,0,0,37738590,38353680,38434,38886,21,0,0,0,0,0,0,0,0
1778081324.4124792,g2.hpc.coe,40875,0.5001,0,100.0,2035.0,12288.0,40045806857,40350636442,42554691,42805748,986903,0,0,0,0,0,0,0,0,0,0,0,0,38683879,38008806,38460,37946,412,0,0,0,0,0,0,0,0
1778081324.9125657,g2.hpc.coe,40875,0.5001,0,100.0,2035.0,12288.0,40080544468,40385346713,42589642,42840676,986926,0,0,0,0,0,0,0,0,0,0,0,0,34737611,34710271,34951,34928,23,0,0,0,0,0,0,0,0
1778081325.4126472,g2.hpc.coe,40875,0.5001,0,100.0,2035.0,12288.0,40121539501,40426312120,42630835,42881846,987153,0,0,0,0,0,0,0,0,0,0,0,0,40995033,40965407,41193,41170,227,0,0,0,0,0,0,0,0
1778081325.9127285,g2.hpc.coe,40875,0.5001,0,100.0,2035.0,12288.0,40156967356,40461709403,42666542,42917526,988288,0,0,0,0,0,0,0,0,0,0,0,0,35427855,35397283,35707,35680,1135,0,0,0,0,0,0,0,0
1778081326.412816,g2.hpc.coe,40875,0.5001,0,100.0,2035.0,12288.0,40197765590,40502667112,42707721,42958679,996063,0,0,0,0,0,0,0,0,0,0,0,0,40798234,40957709,41179,41153,7775,0,0,0,0,0,0,0,0
1778081326.9129055,g2.hpc.coe,40875,0.5001,0,100.0,2035.0,12288.0,40233391029,40538072527,42743462,42994389,996348,0,0,0,0,0,0,0,0,0,0,0,0,35625439,35405415,35741,35710,285,0,0,0,0,0,0,0,0
1778081327.4129984,g2.hpc.coe,40875,0.5001,0,100.0,2035.0,12288.0,40268128857,40572782819,42778410,43029320,996619,0,0,0,0,0,0,0,0,0,0,0,0,34737828,34710292,34948,34931,271,0,0,0,0,0,0,0,0
1778081327.9130907,g2.hpc.coe,40875,0.5001,0,100.0,2035.0,12288.0,40309124120,40613748247,42819602,43070493,1002106,0,0,0,0,0,0,0,0,0,0,0,0,40995263,40965428,41192,41173,5487,0,0,0,0,0,0,0,0
1778081328.4131727,g2.hpc.coe,40875,0.5001,0,100.0,2035.0,12288.0,40344552407,40649145695,42855314,43106172,1002228,0,0,0,0,0,0,0,0,0,0,0,0,35428287,35397448,35712,35679,122,0,0,0,0,0,0,0,0
1778081328.913255,g2.hpc.coe,40875,0.5001,0,100.0,2035.0,12288.0,40385547858,40690111165,42896517,43147351,1002932,0,0,0,0,0,0,0,0,0,0,0,0,40995451,40965470,41203,41179,704,0,0,0,0,0,0,0,0
1778081329.4133468,g2.hpc.coe,40875,0.5001,0,100.0,2035.0,12288.0,40420975956,40725508344,42932220,43183023,1002955,0,0,0,0,0,0,0,0,0,0,0,0,35428098,35397179,35703,35672,23,0,0,0,0,0,0,0,0
1778081329.9134283,g2.hpc.coe,40875,0.5001,0,100.0,2035.0,12288.0,40455714114,40760218608,42967179,43217950,1002979,0,0,0,0,0,0,0,0,0,0,0,0,34738158,34710264,34959,34927,24,0,0,0,0,0,0,0,0
1778081330.4135213,g2.hpc.coe,40875,0.5001,0,100.0,2035.0,12288.0,40496709666,40801184043,43008376,43259124,1004769,0,0,0,0,0,0,0,0,0,0,0,0,40995552,40965435,41197,41174,1790,0,0,0,0,0,0,0,0
1778081330.9136057,g2.hpc.coe,40875,0.5001,0,100.0,2035.0,12288.0,40532136868,40836581277,43044079,43294806,1004796,0,0,0,0,0,0,0,0,0,0,0,0,35427202,35397234,35703,35682,27,0,0,0,0,0,0,0,0
1778081331.4136906,g2.hpc.coe,40875,0.5001,0,100.0,2035.0,12288.0,40573131433,40877546683,43085272,43335978,1008012,0,0,0,0,0,0,0,0,0,0,0,0,40994565,40965406,41193,41172,3216,0,0,0,0,0,0,0,0
1778081331.913775,g2.hpc.coe,40875,0.5001,0,100.0,2035.0,12288.0,40608558702,40912943854,43120971,43371651,1009235,0,0,0,0,0,0,0,0,0,0,0,0,35427269,35397171,35699,35673,1223,0,0,0,0,0,0,0,0
1778081332.4138598,g2.hpc.coe,40875,0.5001,0,100.0,2035.0,12288.0,40643295989,40947654173,43155922,43406588,1009270,0,0,0,0,0,0,0,0,0,0,0,0,34737287,34710319,34951,34937,35,0,0,0,0,0,0,0,0
1778081332.9139452,g2.hpc.coe,40875,0.5001,0,100.0,2035.0,12288.0,40684290732,40988619530,43197120,43447753,1013428,0,0,0,0,0,0,0,0,0,0,0,0,40994743,40965357,41198,41165,4158,0,0,0,0,0,0,0,0
1778081333.4140308,g2.hpc.coe,40875,0.5001,0,100.0,2035.0,12288.0,40719718144,41024016715,43232819,43483428,1013579,0,0,0,0,0,0,0,0,0,0,0,0,35427412,35397185,35699,35675,151,0,0,0,0,0,0,0,0
1778081333.9141123,g2.hpc.coe,40875,0.5001,0,100.0,2035.0,12288.0,40760712899,41064982114,43274005,43524599,1014288,0,0,0,0,0,0,0,0,0,0,0,0,40994755,40965399,41186,41171,709,0,0,0,0,0,0,0,0
1778081334.4142015,g2.hpc.coe,40875,0.5001,0,100.0,2035.0,12288.0,40796140414,41100379229,43309705,43560264,1014544,0,0,0,0,0,0,0,0,0,0,0,0,35427515,35397115,35700,35665,256,0,0,0,0,0,0,0,0
1778081334.9142864,g2.hpc.coe,40875,0.5001,0,100.0,2035.0,12288.0,40830877926,41135089478,43344654,43595191,1014569,0,0,0,0,0,0,0,0,0,0,0,0,34737512,34710249,34949,34927,25,0,0,0,0,0,0,0,0
1778081335.4143705,g2.hpc.coe,40875,0.5001,0,100.0,2035.0,12288.0,40871872839,41176054927,43385840,43636367,1016098,0,0,0,0,0,0,0,0,0,0,0,0,40994913,40965449,41186,41176,1529,0,0,0,0,0,0,0,0
1778081335.9144537,g2.hpc.coe,40875,0.5001,0,100.0,2035.0,12288.0,40907300533,41211452162,43421543,43672047,1016122,0,0,0,0,0,0,0,0,0,0,0,0,35427694,35397235,35703,35680,24,0,0,0,0,0,0,0,0
1778081336.4145384,g2.hpc.coe,40875,0.5001,0,100.0,2035.0,12288.0,40948295633,41252417631,43462733,43713219,1017957,0,0,0,0,0,0,0,0,0,0,0,0,40995100,40965469,41190,41172,1835,0,0,0,0,0,0,0,0
1778081336.9146206,g2.hpc.coe,40875,0.5001,0,100.0,2035.0,12288.0,40983723409,41287814775,43498434,43748886,1017984,0,0,0,0,0,0,0,0,0,0,0,0,35427776,35397144,35701,35667,27,0,0,0,0,0,0,0,0
1778081337.4147046,g2.hpc.coe,40875,0.5001,0,100.0,2035.0,12288.0,41018461202,41322524983,43533387,43783805,1018558,0,0,0,0,0,0,0,0,0,0,0,0,34737793,34710208,34953,34919,574,0,0,0,0,0,0,0,0
1778081337.9147878,g2.hpc.coe,40875,0.5001,0,100.0,2035.0,12288.0,41059456459,41363490418,43574588,43824979,1019323,0,0,0,0,0,0,0,0,0,0,0,0,40995257,40965435,41201,41174,765,0,0,0,0,0,0,0,0
1778081338.4148772,g2.hpc.coe,40875,0.5001,0,100.0,2035.0,12288.0,41094884483,41398887660,43610304,43860660,1019341,0,0,0,0,0,0,0,0,0,0,0,0,35428024,35397242,35716,35681,18,0,0,0,0,0,0,0,0
1778081338.914959,g2.hpc.coe,40875,0.5001,0,100.0,2035.0,12288.0,41135879793,41439853081,43651499,43901832,1019718,0,0,0,0,0,0,0,0,0,0,0,0,40995310,40965421,41195,41172,377,0,0,0,0,0,0,0,0
1778081339.4150445,g2.hpc.coe,40875,0.5001,0,100.0,2035.0,12288.0,41171307821,41475250309,43687202,43937511,1020129,0,0,0,0,0,0,0,0,0,0,0,0,35428028,35397228,35703,35679,411,0,0,0,0,0,0,0,0
1778081339.9151294,g2.hpc.coe,40875,0.5001,0,100.0,2035.0,12288.0,41206045845,41509960643,43722154,43972448,1020160,0,0,0,0,0,0,0,0,0,0,0,0,34738024,34710334,34952,34937,31,0,0,0,0,0,0,0,0
1778081340.4152145,g2.hpc.coe,40875,0.5001,0,100.0,2035.0,12288.0,41247041347,41550926001,43763356,44013611,1022246,0,0,0,0,0,0,0,0,0,0,0,0,40995502,40965358,41202,41163,2086,0,0,0,0,0,0,0,0
1778081340.9152968,g2.hpc.coe,40875,0.5001,0,100.0,2035.0,12288.0,41282469568,41586323222,43799064,44049289,1023244,0,0,0,0,0,0,0,0,0,0,0,0,35428221,35397221,35708,35678,998,0,0,0,0,0,0,0,0
1778081341.4153824,g2.hpc.coe,40875,0.5001,0,100.0,2035.0,12288.0,41323465188,41627288747,43840258,44090469,1027629,0,0,0,0,0,0,0,0,0,0,0,0,40995620,40965525,41194,41180,4385,0,0,0,0,0,0,0,0
1778081341.9154742,g2.hpc.coe,40875,0.5001,0,100.0,2035.0,12288.0,41358893011,41662686337,43875972,44126146,1027812,0,0,0,0,0,0,0,0,0,0,0,0,35427823,35397590,35714,35677,183,0,0,0,0,0,0,0,0
1778081342.4155622,g2.hpc.coe,40875,0.5001,0,100.0,2035.0,12288.0,41397840791,41701867205,43915168,44165736,1030496,0,0,0,0,0,0,0,0,0,0,0,0,38947780,39180868,39196,39590,2684,0,0,0,0,0,0,0,0
1778081342.91567,g2.hpc.coe,40875,0.5001,0,100.0,2035.0,12288.0,41435314925,41739048823,43952868,44202978,1032744,0,0,0,0,0,0,0,0,0,0,0,0,37474134,37181618,37700,37242,2248,0,0,0,0,0,0,0,0
1778081343.4157617,g2.hpc.coe,40875,0.5001,0,100.0,2035.0,12288.0,41470052266,41773759072,43987823,44237905,1032777,0,0,0,0,0,0,0,0,0,0,0,0,34737341,34710249,34955,34927,33,0,0,0,0,0,0,0,0
1778081343.915863,g2.hpc.coe,40875,0.5001,0,100.0,2035.0,12288.0,41511046937,41814724443,44029007,44279072,1033140,0,0,0,0,0,0,0,0,0,0,0,0,40994671,40965371,41184,41167,363,0,0,0,0,0,0,0,0
1778081344.4159558,g2.hpc.coe,40875,0.5001,0,100.0,2035.0,12288.0,41546474403,41850121649,44064710,44314750,1033158,0,0,0,0,0,0,0,0,0,0,0,0,35427466,35397206,35703,35678,18,0,0,0,0,0,0,0,0
1778081344.9160385,g2.hpc.coe,40875,0.5001,0,100.0,2035.0,12288.0,41585133853,41889051718,44103823,44353855,1034342,0,0,0,0,0,0,0,0,0,0,0,0,38659450,38930069,39113,39105,1184,0,0,0,0,0,0,0,0
1778081345.4161289,g2.hpc.coe,40875,0.5001,0,100.0,2035.0,12288.0,41622896653,41926484198,44141586,44391591,1035359,0,0,0,0,0,0,0,0,0,0,0,0,37762800,37432480,37763,37736,1017,0,0,0,0,0,0,0,0
1778081345.9162178,g2.hpc.coe,40875,0.5001,0,100.0,2035.0,12288.0,41657634113,41961194405,44176524,44426512,1035389,0,0,0,0,0,0,0,0,0,0,0,0,34737460,34710207,34938,34921,30,0,0,0,0,0,0,0,0
1778081346.4163089,g2.hpc.coe,40875,0.5001,0,100.0,2035.0,12288.0,41698629185,42002159902,44217720,44467688,1036262,0,0,0,0,0,0,0,0,0,0,0,0,40995072,40965497,41196,41176,873,0,0,0,0,0,0,0,0
1778081346.9163907,g2.hpc.coe,40875,0.5001,0,100.0,2035.0,12288.0,41734056940,42037557074,44253428,44503359,1038446,0,0,0,0,0,0,0,0,0,0,0,0,35427755,35397172,35708,35671,2184,0,0,0,0,0,0,0,0
1778081347.416474,g2.hpc.coe,40875,0.5001,0,100.0,2035.0,12288.0,41774358493,42078340062,44294588,44544510,1040306,0,0,0,0,0,0,0,0,0,0,0,0,40301553,40782988,41160,41151,1860,0,0,0,0,0,0,0,0
1778081347.9165576,g2.hpc.coe,40875,0.5001,0,100.0,2035.0,12288.0,41810479790,42113919730,44330317,44580211,1040995,0,0,0,0,0,0,0,0,0,0,0,0,36121297,35579668,35729,35701,689,0,0,0,0,0,0,0,0
1778081348.416641,g2.hpc.coe,40875,0.5001,0,100.0,2035.0,12288.0,41845217595,42148836482,44365467,44615675,1041253,0,0,0,0,0,0,0,0,0,0,0,0,34737805,34916752,35150,35464,258,0,0,0,0,0,0,0,0
1778081348.9167247,g2.hpc.coe,40875,0.5001,0,100.0,2035.0,12288.0,41886212843,42189595464,44406464,44656317,1044418,0,0,0,0,0,0,0,0,0,0,0,0,40995248,40758982,40997,40642,3165,0,0,0,0,0,0,0,0
1778081349.41681,g2.hpc.coe,40875,0.5001,0,100.0,2035.0,12288.0,41921640739,42224992692,44442158,44691996,1044445,0,0,0,0,0,0,0,0,0,0,0,0,35427896,35397228,35694,35679,27,0,0,0,0,0,0,0,0
1778081349.9168909,g2.hpc.coe,40875,0.5001,0,100.0,2035.0,12288.0,41962636145,42265958099,44483363,44733166,1046161,0,0,0,0,0,0,0,0,0,0,0,0,40995406,40965407,41205,41170,1716,0,0,0,0,0,0,0,0
1778081350.4169812,g2.hpc.coe,40875,0.5001,0,100.0,2035.0,12288.0,41998064213,42301355285,44519068,44768839,1046192,0,0,0,0,0,0,0,0,0,0,0,0,35428068,35397186,35705,35673,31,0,0,0,0,0,0,0,0
1778081350.9170647,g2.hpc.coe,40875,0.5001,0,100.0,2035.0,12288.0,42032802333,42336065605,44554030,44803774,1046216,0,0,0,0,0,0,0,0,0,0,0,0,34738120,34710320,34962,34935,24,0,0,0,0,0,0,0,0
1778081351.417156,g2.hpc.coe,40875,0.5001,0,100.0,2035.0,12288.0,42073797896,42377031109,44595228,44844951,1050247,0,0,0,0,0,0,0,0,0,0,0,0,40995563,40965504,41198,41177,4031,0,0,0,0,0,0,0,0
1778081351.9172385,g2.hpc.coe,40875,0.5001,0,100.0,2035.0,12288.0,42109225975,42412428365,44630910,44880634,1050262,0,0,0,0,0,0,0,0,0,0,0,0,35428079,35397256,35682,35683,15,0,0,0,0,0,0,0,0
1778081352.4173205,g2.hpc.coe,40875,0.5001,0,100.0,2035.0,12288.0,42150220545,42453393715,44672110,44921798,1052245,0,0,0,0,0,0,0,0,0,0,0,0,40994570,40965350,41200,41164,1983,0,0,0,0,0,0,0,0
1778081352.9174042,g2.hpc.coe,40875,0.5001,0,100.0,2035.0,12288.0,42185647805,42488790879,44707814,44957470,1053136,0,0,0,0,0,0,0,0,0,0,0,0,35427260,35397164,35704,35672,891,0,0,0,0,0,0,0,0
1778081353.4174874,g2.hpc.coe,40875,0.5001,0,100.0,2035.0,12288.0,42220385020,42523501135,44742761,44992398,1053169,0,0,0,0,0,0,0,0,0,0,0,0,34737215,34710256,34947,34928,33,0,0,0,0,0,0,0,0
1778081353.917569,g2.hpc.coe,40875,0.5001,0,100.0,2035.0,12288.0,42261379614,42564466513,44783944,45033566,1056750,0,0,0,0,0,0,0,0,0,0,0,0,40994594,40965378,41183,41168,3581,0,0,0,0,0,0,0,0
1778081354.4176593,g2.hpc.coe,40875,0.5001,0,100.0,2035.0,12288.0,42296807003,42599863719,44819646,45069244,1056901,0,0,0,0,0,0,0,0,0,0,0,0,35427389,35397206,35702,35678,151,0,0,0,0,0,0,0,0
1778081354.9177437,g2.hpc.coe,40875,0.5001,0,100.0,2035.0,12288.0,42337801763,42640829097,44860839,45110412,1057923,0,0,0,0,0,0,0,0,0,0,0,0,40994760,40965378,41193,41168,1022,0,0,0,0,0,0,0,0
1778081355.417827,g2.hpc.coe,40875,0.5001,0,100.0,2035.0,12288.0,42373229192,42676226282,44896533,45146087,1059048,0,0,0,0,0,0,0,0,0,0,0,0,35427429,35397185,35694,35675,1125,0,0,0,0,0,0,0,0
1778081355.9179108,g2.hpc.coe,40875,0.5001,0,100.0,2035.0,12288.0,42407966715,42710936517,44931490,45181012,1060304,0,0,0,0,0,0,0,0,0,0,0,0,34737523,34710235,34957,34925,1256,0,0,0,0,0,0,0,0
1778081356.4179983,g2.hpc.coe,40875,0.5001,0,100.0,2035.0,12288.0,42448961667,42751901888,44972690,45222179,1065874,0,0,0,0,0,0,0,0,0,0,0,0,40994952,40965371,41200,41167,5570,0,0,0,0,0,0,0,0
1778081356.9180884,g2.hpc.coe,40875,0.5001,0,100.0,2035.0,12288.0,42484390010,42787299576,45008409,45257861,1065890,0,0,0,0,0,0,0,0,0,0,0,0,35428343,35397688,35719,35682,16,0,0,0,0,0,0,0,0
1778081357.418179,g2.hpc.coe,40875,0.5001,0,100.0,2035.0,12288.0,42525385101,42828265018,45049613,45299036,1065984,0,0,0,0,0,0,0,0,0,0,0,0,40995091,40965442,41204,41175,94,0,0,0,0,0,0,0,0
1778081357.918263,g2.hpc.coe,40875,0.5001,0,100.0,2035.0,12288.0,42560812867,42863662162,45085319,45334703,1066086,0,0,0,0,0,0,0,0,0,0,0,0,35427766,35397144,35706,35667,102,0,0,0,0,0,0,0,0
1778081358.4183547,g2.hpc.coe,40875,0.5001,0,100.0,2035.0,12288.0,42595875053,42899050309,45121080,45370670,1066115,0,0,0,0,0,0,0,0,0,0,0,0,35062186,35388147,35761,35967,29,0,0,0,0,0,0,0,0
1778081358.9184382,g2.hpc.coe,40875,0.5001,0,100.0,2035.0,12288.0,42636545744,42939337882,45161461,45410807,1066740,0,0,0,0,0,0,0,0,0,0,0,0,40670691,40287573,40381,40137,625,0,0,0,0,0,0,0,0
1778081359.418521,g2.hpc.coe,40875,0.5001,0,100.0,2035.0,12288.0,42671973653,42974735103,45197167,45446485,1067556,0,0,0,0,0,0,0,0,0,0,0,0,35427909,35397221,35706,35678,816,0,0,0,0,0,0,0,0
1778081359.9186046,g2.hpc.coe,40875,0.5001,0,100.0,2035.0,12288.0,42712968960,43015700524,45238368,45487657,1067588,0,0,0,0,0,0,0,0,0,0,0,0,40995307,40965421,41201,41172,32,0,0,0,0,0,0,0,0
1778081360.4186902,g2.hpc.coe,40875,0.5001,0,100.0,2035.0,12288.0,42748396929,43051097703,45274069,45523329,1067653,0,0,0,0,0,0,0,0,0,0,0,0,35427969,35397179,35701,35672,65,0,0,0,0,0,0,0,0
1778081360.9187744,g2.hpc.coe,40875,0.5001,0,100.0,2035.0,12288.0,42783315131,43086108606,45309633,45558918,1067685,0,0,0,0,0,0,0,0,0,0,0,0,34918202,35010903,35564,35589,32,0,0,0,0,0,0,0,0
1778081361.4188638,g2.hpc.coe,40875,0.5001,0,100.0,2035.0,12288.0,42824733455,43127460415,45350960,45600189,1068694,0,0,0,0,0,0,0,0,0,0,0,0,41418324,41351809,41327,41271,1009,0,0,0,0,0,0,0,0
1778081361.918952,g2.hpc.coe,40875,0.5001,0,100.0,2035.0,12288.0,42859558421,43162170755,45385907,45635120,1068712,0,0,0,0,0,0,0,0,0,0,0,0,34824966,34710340,34947,34931,18,0,0,0,0,0,0,0,0
1778081362.4190423,g2.hpc.coe,40875,0.5001,0,100.0,2035.0,12288.0,42900553911,43203136155,45427098,45676289,1068743,0,0,0,0,0,0,0,0,0,0,0,0,40995490,40965400,41191,41169,31,0,0,0,0,0,0,0,0
1778081362.919125,g2.hpc.coe,40875,0.5001,0,100.0,2035.0,12288.0,42935982077,43238533355,45462791,45711964,1068772,0,0,0,0,0,0,0,0,0,0,0,0,35428166,35397200,35693,35675,29,0,0,0,0,0,0,0,0
1778081363.4192095,g2.hpc.coe,40875,0.5001,0,100.0,2035.0,12288.0,42973672980,43277081261,45501265,45751052,1071536,0,0,0,0,0,0,0,0,0,0,0,0,37690903,38547906,38474,39088,2764,0,0,0,0,0,0,0,0
1778081363.919292,g2.hpc.coe,40875,0.5001,0,100.0,2035.0,12288.0,43012403773,43314895897,45539669,45788804,1072413,0,0,0,0,0,0,0,0,0,0,0,0,38730793,37814636,38404,37752,877,0,0,0,0,0,0,0,0
1778081364.419376,g2.hpc.coe,40875,0.5001,0,100.0,2035.0,12288.0,43047141011,43349606125,45574616,45823728,1072436,0,0,0,0,0,0,0,0,0,0,0,0,34737238,34710228,34947,34924,23,0,0,0,0,0,0,0,0
1778081364.9194627,g2.hpc.coe,40875,0.5001,0,100.0,2035.0,12288.0,43088135685,43390571503,45615807,45864896,1072503,0,0,0,0,0,0,0,0,0,0,0,0,40994674,40965378,41191,41168,67,0,0,0,0,0,0,0,0
1778081365.4195452,g2.hpc.coe,40875,0.5001,0,100.0,2035.0,12288.0,43123563069,43425968646,45651505,45900565,1072814,0,0,0,0,0,0,0,0,0,0,0,0,35427384,35397143,35698,35669,311,0,0,0,0,0,0,0,0
1778081365.9196336,g2.hpc.coe,40875,0.5001,0,100.0,2035.0,12288.0,43163520136,43466126823,45692133,45941269,1074896,0,0,0,0,0,0,0,0,0,0,0,0,39957067,40158177,40628,40704,2082,0,0,0,0,0,0,0,0
1778081366.419722,g2.hpc.coe,40875,0.5001,0,100.0,2035.0,12288.0,43199985297,43502331167,45728391,45977402,1075471,0,0,0,0,0,0,0,0,0,0,0,0,36465161,36204344,36258,36133,575,0,0,0,0,0,0,0,0
1778081366.9198058,g2.hpc.coe,40875,0.5001,0,100.0,2035.0,12288.0,43234722864,43537041471,45763342,46012330,1075500,0,0,0,0,0,0,0,0,0,0,0,0,34737567,34710304,34951,34928,29,0,0,0,0,0,0,0,0
1778081367.4199064,g2.hpc.coe,40875,0.5001,0,100.0,2035.0,12288.0,43275717804,43578006835,45804537,46053496,1076026,0,0,0,0,0,0,0,0,0,0,0,0,40994940,40965364,41195,41166,526,0,0,0,0,0,0,0,0
1778081367.9199934,g2.hpc.coe,40875,0.5001,0,100.0,2035.0,12288.0,43311145400,43613403951,45840229,46089159,1076324,0,0,0,0,0,0,0,0,0,0,0,0,35427596,35397116,35692,35663,298,0,0,0,0,0,0,0,0
1778081368.4200773,g2.hpc.coe,40875,0.5001,0,100.0,2035.0,12288.0,43352140464,43654369323,45881426,46130324,1077223,0,0,0,0,0,0,0,0,0,0,0,0,40995064,40965372,41197,41165,899,0,0,0,0,0,0,0,0
1778081368.9201596,g2.hpc.coe,40875,0.5001,0,100.0,2035.0,12288.0,43387568204,43689766502,45917125,46165996,1077790,0,0,0,0,0,0,0,0,0,0,0,0,35427740,35397179,35699,35672,567,0,0,0,0,0,0,0,0
1778081369.420244,g2.hpc.coe,40875,0.5001,0,100.0,2035.0,12288.0,43422305962,43724476787,45952076,46200926,1077815,0,0,0,0,0,0,0,0,0,0,0,0,34737758,34710285,34951,34930,25,0,0,0,0,0,0,0,0
1778081369.9203277,g2.hpc.coe,40875,0.5001,0,100.0,2035.0,12288.0,43463301197,43765442222,45993277,46242100,1077852,0,0,0,0,0,0,0,0,0,0,0,0,40995235,40965435,41201,41174,37,0,0,0,0,0,0,0,0
1778081370.4204187,g2.hpc.coe,40875,0.5001,0,100.0,2035.0,12288.0,43498729080,43800839422,46028976,46277775,1077881,0,0,0,0,0,0,0,0,0,0,0,0,35427883,35397200,35699,35675,29,0,0,0,0,0,0,0,0
1778081370.920502,g2.hpc.coe,40875,0.5001,0,100.0,2035.0,12288.0,43539724340,43841804836,46070167,46318946,1078493,0,0,0,0,0,0,0,0,0,0,0,0,40995260,40965414,41191,41171,612,0,0,0,0,0,0,0,0
1778081371.4205885,g2.hpc.coe,40875,0.5001,0,100.0,2035.0,12288.0,43575152248,43877202008,46105856,46354617,1078630,0,0,0,0,0,0,0,0,0,0,0,0,35427908,35397172,35689,35671,137,0,0,0,0,0,0,0,0
1778081371.9206796,g2.hpc.coe,40875,0.5001,0,100.0,2035.0,12288.0,43609890920,43911912837,46140825,46389562,1078695,0,0,0,0,0,0,0,0,0,0,0,0,34738672,34710829,34969,34945,65,0,0,0,0,0,0,0,0
1778081372.420762,g2.hpc.coe,40875,0.5001,0,100.0,2035.0,12288.0,43650886344,43952878237,46182019,46430731,1079767,0,0,0,0,0,0,0,0,0,0,0,0,40995424,40965400,41194,41169,1072,0,0,0,0,0,0,0,0
1778081372.9208658,g2.hpc.coe,40875,0.5001,0,100.0,2035.0,12288.0,43686314466,43988275458,46217716,46466409,1080460,0,0,0,0,0,0,0,0,0,0,0,0,35428122,35397221,35697,35678,693,0,0,0,0,0,0,0,0
1778081373.4209535,g2.hpc.coe,40875,0.5001,0,100.0,2035.0,12288.0,43727310014,44029240886,46258912,46507582,1081779,0,0,0,0,0,0,0,0,0,0,0,0,40995548,40965428,41196,41173,1319,0,0,0,0,0,0,0,0
1778081373.9210472,g2.hpc.coe,40875,0.5001,0,100.0,2035.0,12288.0,43762737184,44064638064,46294610,46543256,1081801,0,0,0,0,0,0,0,0,0,0,0,0,35427170,35397178,35698,35674,22,0,0,0,0,0,0,0,0
1778081374.4211385,g2.hpc.coe,40875,0.5001,0,100.0,2035.0,12288.0,43797474400,44099348292,46329564,46578180,1082429,0,0,0,0,0,0,0,0,0,0,0,0,34737216,34710228,34954,34924,628,0,0,0,0,0,0,0,0
1778081374.9212291,g2.hpc.coe,40875,0.5001,0,100.0,2035.0,12288.0,43838469080,44140313649,46370766,46619345,1083691,0,0,0,0,0,0,0,0,0,0,0,0,40994680,40965357,41202,41165,1262,0,0,0,0,0,0,0,0
1778081375.421319,g2.hpc.coe,40875,0.5001,0,100.0,2035.0,12288.0,43873896366,44175710855,46406460,46655023,1083718,0,0,0,0,0,0,0,0,0,0,0,0,35427286,35397206,35694,35678,27,0,0,0,0,0,0,0,0
1778081375.9214113,g2.hpc.coe,40875,0.5001,0,100.0,2035.0,12288.0,43914891036,44216676247,46447647,46696193,1085305,0,0,0,0,0,0,0,0,0,0,0,0,40994670,40965392,41187,41170,1587,0,0,0,0,0,0,0,0
1778081376.4215038,g2.hpc.coe,40875,0.5001,0,100.0,2035.0,12288.0,43950318431,44252073453,46483343,46731871,1085399,0,0,0,0,0,0,0,0,0,0,0,0,35427395,35397206,35696,35678,94,0,0,0,0,0,0,0,0
1778081376.921596,g2.hpc.coe,40875,0.5001,0,100.0,2035.0,12288.0,43985055857,44286783765,46518293,46766807,1086299,0,0,0,0,0,0,0,0,0,0,0,0,34737426,34710312,34950,34936,900,0,0,0,0,0,0,0,0
1778081377.4216864,g2.hpc.coe,40875,0.5001,0,100.0,2035.0,12288.0,44026050712,44327749205,46559477,46807977,1087474,0,0,0,0,0,0,0,0,0,0,0,0,40994855,40965440,41184,41170,1175,0,0,0,0,0,0,0,0
1778081377.921772,g2.hpc.coe,40875,0.5001,0,100.0,2035.0,12288.0,44061478292,44363146418,46595179,46843656,1088185,0,0,0,0,0,0,0,0,0,0,0,0,35427580,35397213,35702,35679,711,0,0,0,0,0,0,0,0
1778081378.4218626,g2.hpc.coe,40875,0.5001,0,100.0,2035.0,12288.0,44102473201,44404111790,46636364,46884821,1089092,0,0,0,0,0,0,0,0,0,0,0,0,40994909,40965372,41185,41165,907,0,0,0,0,0,0,0,0
1778081378.9219475,g2.hpc.coe,40875,0.5001,0,100.0,2035.0,12288.0,44137900933,44439509004,46672072,46920498,1089129,0,0,0,0,0,0,0,0,0,0,0,0,35427732,35397214,35708,35677,37,0,0,0,0,0,0,0,0
1778081379.422033,g2.hpc.coe,40875,0.5001,0,100.0,2035.0,12288.0,44172638669,44474219289,46707030,46955428,1090524,0,0,0,0,0,0,0,0,0,0,0,0,34737736,34710285,34958,34930,1395,0,0,0,0,0,0,0,0
1778081379.9221177,g2.hpc.coe,40875,0.5001,0,100.0,2035.0,12288.0,44213633826,44515184668,46748230,46996594,1092342,0,0,0,0,0,0,0,0,0,0,0,0,40995157,40965379,41200,41166,1818,0,0,0,0,0,0,0,0
1778081380.4222012,g2.hpc.coe,40875,0.5001,0,100.0,2035.0,12288.0,44249061638,44550581875,46783929,47032270,1092361,0,0,0,0,0,0,0,0,0,0,0,0,35427812,35397207,35699,35676,19,0,0,0,0,0,0,0,0
1778081380.9222827,g2.hpc.coe,40875,0.5001,0,100.0,2035.0,12288.0,44290056849,44591547289,46825123,47073441,1094351,0,0,0,0,0,0,0,0,0,0,0,0,40995211,40965414,41194,41171,1990,0,0,0,0,0,0,0,0
1778081381.4223685,g2.hpc.coe,40875,0.5001,0,100.0,2035.0,12288.0,44325484771,44626944538,46860824,47109123,1094821,0,0,0,0,0,0,0,0,0,0,0,0,35427922,35397249,35701,35682,470,0,0,0,0,0,0,0,0
1778081381.9224527,g2.hpc.coe,40875,0.5001,0,100.0,2035.0,12288.0,44362294449,44664347209,46898381,47147140,1095728,0,0,0,0,0,0,0,0,0,0,0,0,36809678,37402671,37557,38017,907,0,0,0,0,0,0,0,0
1778081382.4225435,g2.hpc.coe,40875,0.5001,0,100.0,2035.0,12288.0,44401434178,44703007161,46937574,47185972,1096749,0,0,0,0,0,0,0,0,0,0,0,0,39139729,38659952,39193,38832,1021,0,0,0,0,0,0,0,0
1778081382.9226289,g2.hpc.coe,40875,0.5001,0,100.0,2035.0,12288.0,44436646228,44738017667,46972677,47220925,1096769,0,0,0,0,0,0,0,0,0,0,0,0,35212050,35010506,35103,34953,20,0,0,0,0,0,0,0,0
1778081383.4227154,g2.hpc.coe,40875,0.5001,0,100.0,2035.0,12288.0,44477641735,44778983130,47013877,47262103,1100984,0,0,0,0,0,0,0,0,0,0,0,0,40995507,40965463,41200,41178,4215,0,0,0,0,0,0,0,0
1778081383.9227982,g2.hpc.coe,40875,0.5001,0,100.0,2035.0,12288.0,44513069918,44814380337,47049579,47297779,1101006,0,0,0,0,0,0,0,0,0,0,0,0,35428183,35397207,35702,35676,22,0,0,0,0,0,0,0,0
1778081384.4228816,g2.hpc.coe,40875,0.5001,0,100.0,2035.0,12288.0,44552024849,44853673665,47089154,47337567,1102760,0,0,0,0,0,0,0,0,0,0,0,0,38954931,39293328,39575,39788,1754,0,0,0,0,0,0,0,0
1778081384.922965,g2.hpc.coe,40875,0.5001,0,100.0,2035.0,12288.0,44589492730,44890742866,47126479,47374615,1106473,0,0,0,0,0,0,0,0,0,0,0,0,37467881,37069201,37325,37048,3713,0,0,0,0,0,0,0,0
1778081385.4230497,g2.hpc.coe,40875,0.5001,0,100.0,2035.0,12288.0,44624229930,44925453129,47161427,47409544,1106497,0,0,0,0,0,0,0,0,0,0,0,0,34737200,34710263,34948,34929,24,0,0,0,0,0,0,0,0
1778081385.9231339,g2.hpc.coe,40875,0.5001,0,100.0,2035.0,12288.0,44665224566,44966418521,47202619,47450714,1109528,0,0,0,0,0,0,0,0,0,0,0,0,40994636,40965392,41192,41170,3031,0,0,0,0,0,0,0,0
1778081386.4232209,g2.hpc.coe,40875,0.5001,0,100.0,2035.0,12288.0,44700651885,45001815783,47238314,47486400,1109545,0,0,0,0,0,0,0,0,0,0,0,0,35427319,35397262,35695,35686,17,0,0,0,0,0,0,0,0
1778081386.9233134,g2.hpc.coe,40875,0.5001,0,100.0,2035.0,12288.0,44741647183,45042781629,47279513,47527579,1112671,0,0,0,0,0,0,0,0,0,0,0,0,40995298,40965846,41199,41179,3126,0,0,0,0,0,0,0,0
1778081387.4234061,g2.hpc.coe,40875,0.5001,0,100.0,2035.0,12288.0,44777074646,45078178890,47315206,47563258,1112697,0,0,0,0,0,0,0,0,0,0,0,0,35427463,35397261,35693,35679,26,0,0,0,0,0,0,0,0
1778081387.9235017,g2.hpc.coe,40875,0.5001,0,100.0,2035.0,12288.0,44811812015,45112889153,47350144,47598187,1112718,0,0,0,0,0,0,0,0,0,0,0,0,34737369,34710263,34938,34929,21,0,0,0,0,0,0,0,0
1778081388.423587,g2.hpc.coe,40875,0.5001,0,100.0,2035.0,12288.0,44852807153,45153854814,47391342,47639364,1114171,0,0,0,0,0,0,0,0,0,0,0,0,40995138,40965661,41198,41177,1453,0,0,0,0,0,0,0,0
1778081388.9236765,g2.hpc.coe,40875,0.5001,0,100.0,2035.0,12288.0,44888234725,45189251964,47427037,47675034,1114645,0,0,0,0,0,0,0,0,0,0,0,0,35427572,35397150,35695,35670,474,0,0,0,0,0,0,0,0
1778081389.423762,g2.hpc.coe,40875,0.5001,0,100.0,2035.0,12288.0,44929229717,45230217357,47468230,47716202,1114674,0,0,0,0,0,0,0,0,0,0,0,0,40994992,40965393,41193,41168,29,0,0,0,0,0,0,0,0
1778081389.923847,g2.hpc.coe,40875,0.5001,0,100.0,2035.0,12288.0,44964657426,45265614522,47503931,47751872,1114702,0,0,0,0,0,0,0,0,0,0,0,0,35427709,35397165,35701,35670,28,0,0,0,0,0,0,0,0
1778081390.4239452,g2.hpc.coe,40875,0.5001,0,100.0,2035.0,12288.0,44999395159,45300324828,47538885,47786805,1115041,0,0,0,0,0,0,0,0,0,0,0,0,34737733,34710306,34954,34933,339,0,0,0,0,0,0,0,0
1778081390.924031,g2.hpc.coe,40875,0.5001,0,100.0,2035.0,12288.0,45040390307,45341290200,47580080,47827970,1116415,0,0,0,0,0,0,0,0,0,0,0,0,40995148,40965372,41195,41165,1374,0,0,0,0,0,0,0,0
1778081391.4241145,g2.hpc.coe,40875,0.5001,0,100.0,2035.0,12288.0,45075818222,45376687365,47615790,47863640,1116434,0,0,0,0,0,0,0,0,0,0,0,0,35427915,35397165,35710,35670,19,0,0,0,0,0,0,0,0
1778081391.9241967,g2.hpc.coe,40875,0.5001,0,100.0,2035.0,12288.0,45116813444,45417652765,47656982,47904809,1116454,0,0,0,0,0,0,0,0,0,0,0,0,40995222,40965400,41192,41169,20,0,0,0,0,0,0,0,0
1778081392.4242804,g2.hpc.coe,40875,0.5001,0,100.0,2035.0,12288.0,45152241433,45453050006,47692680,47940483,1116473,0,0,0,0,0,0,0,0,0,0,0,0,35427989,35397241,35698,35674,19,0,0,0,0,0,0,0,0
1778081392.924366,g2.hpc.coe,40875,0.5001,0,100.0,2035.0,12288.0,45186979432,45487760319,47727638,47975417,1116491,0,0,0,0,0,0,0,0,0,0,0,0,34737999,34710313,34958,34934,18,0,0,0,0,0,0,0,0
1778081393.4244504,g2.hpc.coe,40875,0.5001,0,100.0,2035.0,12288.0,45227974768,45528725705,47768826,48016584,1117578,0,0,0,0,0,0,0,0,0,0,0,0,40995336,40965386,41188,41167,1087,0,0,0,0,0,0,0,0
1778081393.9245396,g2.hpc.coe,40875,0.5001,0,100.0,2035.0,12288.0,45263402878,45564122905,47804530,48052259,1117644,0,0,0,0,0,0,0,0,0,0,0,0,35428110,35397200,35704,35675,66,0,0,0,0,0,0,0,0
1778081394.4246294,g2.hpc.coe,40875,0.5001,0,100.0,2035.0,12288.0,45304398395,45605088319,47845728,48093430,1118048,0,0,0,0,0,0,0,0,0,0,0,0,40995517,40965414,41198,41171,404,0,0,0,0,0,0,0,0
1778081394.9247148,g2.hpc.coe,40875,0.5001,0,100.0,2035.0,12288.0,45339826651,45640485547,47881437,48129109,1118500,0,0,0,0,0,0,0,0,0,0,0,0,35428256,35397228,35709,35679,452,0,0,0,0,0,0,0,0
1778081395.4247997,g2.hpc.coe,40875,0.5001,0,100.0,2035.0,12288.0,45374563793,45675195817,47916387,48164039,1118520,0,0,0,0,0,0,0,0,0,0,0,0,34737142,34710270,34950,34930,20,0,0,0,0,0,0,0,0
1778081395.9248831,g2.hpc.coe,40875,0.5001,0,100.0,2035.0,12288.0,45415558413,45716161230,47957587,48205212,1119260,0,0,0,0,0,0,0,0,0,0,0,0,40994620,40965413,41200,41173,740,0,0,0,0,0,0,0,0
1778081396.4249687,g2.hpc.coe,40875,0.5001,0,100.0,2035.0,12288.0,45450985660,45751558408,47993282,48240886,1119275,0,0,0,0,0,0,0,0,0,0,0,0,35427247,35397178,35695,35674,15,0,0,0,0,0,0,0,0
1778081396.9250507,g2.hpc.coe,40875,0.5001,0,100.0,2035.0,12288.0,45491980291,45792523751,48034470,48282049,1119359,0,0,0,0,0,0,0,0,0,0,0,0,40994631,40965343,41188,41163,84,0,0,0,0,0,0,0,0
1778081397.4251356,g2.hpc.coe,40875,0.5001,0,100.0,2035.0,12288.0,45527407675,45827920936,48070171,48317724,1119597,0,0,0,0,0,0,0,0,0,0,0,0,35427384,35397185,35701,35675,238,0,0,0,0,0,0,0,0
1778081397.9252205,g2.hpc.coe,40875,0.5001,0,100.0,2035.0,12288.0,45562145132,45862631240,48105123,48352652,1119627,0,0,0,0,0,0,0,0,0,0,0,0,34737457,34710304,34952,34928,30,0,0,0,0,0,0,0,0
1778081398.425314,g2.hpc.coe,40875,0.5001,0,100.0,2035.0,12288.0,45603139948,45903766659,48146325,48393997,1120930,0,0,0,0,0,0,0,0,0,0,0,0,40994816,41135419,41202,41345,1303,0,0,0,0,0,0,0,0
1778081398.9253983,g2.hpc.coe,40875,0.5001,0,100.0,2035.0,12288.0,45638567447,45938993880,48182014,48429506,1121051,0,0,0,0,0,0,0,0,0,0,0,0,35427499,35227221,35689,35509,121,0,0,0,0,0,0,0,0
1778081399.4254827,g2.hpc.coe,40875,0.5001,0,100.0,2035.0,12288.0,45679562400,45979959195,48223214,48470665,1121127,0,0,0,0,0,0,0,0,0,0,0,0,40994953,40965315,41200,41159,76,0,0,0,0,0,0,0,0
1778081399.9255664,g2.hpc.coe,40875,0.5001,0,100.0,2035.0,12288.0,45714990016,46015356437,48258912,48506346,1121357,0,0,0,0,0,0,0,0,0,0,0,0,35427616,35397242,35698,35681,230,0,0,0,0,0,0,0,0
1778081400.4256501,g2.hpc.coe,40875,0.5001,0,100.0,2035.0,12288.0,45750197436,46051005703,48294852,48542595,1121779,0,0,0,0,0,0,0,0,0,0,0,0,35207420,35649266,35940,36249,422,0,0,0,0,0,0,0,0
1778081400.9257352,g2.hpc.coe,40875,0.5001,0,100.0,2035.0,12288.0,45790722810,46091117137,48335161,48582622,1124507,0,0,0,0,0,0,0,0,0,0,0,0,40525374,40111434,40309,40027,2728,0,0,0,0,0,0,0,0
1778081401.4258182,g2.hpc.coe,40875,0.5001,0,100.0,2035.0,12288.0,45826150625,46126429301,48370775,48618117,1124777,0,0,0,0,0,0,0,0,0,0,0,0,35427815,35312164,35614,35495,270,0,0,0,0,0,0,0,0
1778081401.9259102,g2.hpc.coe,40875,0.5001,0,100.0,2035.0,12288.0,45867146406,46167395148,48411983,48659294,1127021,0,0,0,0,0,0,0,0,0,0,0,0,40995781,40965847,41208,41177,2244,0,0,0,0,0,0,0,0
1778081402.426028,g2.hpc.coe,40875,0.5001,0,100.0,2035.0,12288.0,45902577534,46202899832,48447751,48695203,1135739,0,0,0,0,0,0,0,0,0,0,0,0,35431128,35504684,35768,35909,8718,0,0,0,0,0,0,0,0
1778081402.9260967,g2.hpc.coe,40875,0.5001,0,100.0,2035.0,12288.0,45941595076,46242235279,48487422,48734907,1136456,0,0,0,0,0,0,0,0,0,0,0,0,39017542,39335447,39671,39704,717,0,0,0,0,0,0,0,0
1778081403.426183,g2.hpc.coe,40875,0.5001,0,100.0,2035.0,12288.0,45979000809,46279262466,48524643,48772045,1137719,0,0,0,0,0,0,0,0,0,0,0,0,37405733,37027187,37221,37138,1263,0,0,0,0,0,0,0,0
1778081403.9262722,g2.hpc.coe,40875,0.5001,0,100.0,2035.0,12288.0,46013738840,46313972765,48559602,48806977,1137748,0,0,0,0,0,0,0,0,0,0,0,0,34738031,34710299,34959,34932,29,0,0,0,0,0,0,0,0
1778081404.4263568,g2.hpc.coe,40875,0.5001,0,100.0,2035.0,12288.0,46054734272,46354938165,48600800,48848146,1138284,0,0,0,0,0,0,0,0,0,0,0,0,40995432,40965400,41198,41169,536,0,0,0,0,0,0,0,0
1778081404.9264417,g2.hpc.coe,40875,0.5001,0,100.0,2035.0,12288.0,46090162451,46390335337,48636508,48883817,1138306,0,0,0,0,0,0,0,0,0,0,0,0,35428179,35397172,35708,35671,22,0,0,0,0,0,0,0,0
1778081405.4265306,g2.hpc.coe,40875,0.5001,0,100.0,2035.0,12288.0,46128466089,46428865623,48675497,48922912,1140069,0,0,0,0,0,0,0,0,0,0,0,0,38303638,38530286,38989,39095,1763,0,0,0,0,0,0,0,0
1778081405.9266136,g2.hpc.coe,40875,0.5001,0,100.0,2035.0,12288.0,46166586078,46466697874,48713387,48960652,1140810,0,0,0,0,0,0,0,0,0,0,0,0,38119989,37832251,37890,37740,741,0,0,0,0,0,0,0,0
1778081406.426702,g2.hpc.coe,40875,0.5001,0,100.0,2035.0,12288.0,46201323260,46501408172,48748339,48995586,1140836,0,0,0,0,0,0,0,0,0,0,0,0,34737182,34710298,34952,34934,26,0,0,0,0,0,0,0,0
1778081406.9267902,g2.hpc.coe,40875,0.5001,0,100.0,2035.0,12288.0,46242317912,46542373599,48789540,49036761,1141742,0,0,0,0,0,0,0,0,0,0,0,0,40994652,40965427,41201,41175,906,0,0,0,0,0,0,0,0
1778081407.4268725,g2.hpc.coe,40875,0.5001,0,100.0,2035.0,12288.0,46277745289,46577770756,48825250,49072432,1142308,0,0,0,0,0,0,0,0,0,0,0,0,35427377,35397157,35710,35671,566,0,0,0,0,0,0,0,0
1778081407.926954,g2.hpc.coe,40875,0.5001,0,100.0,2035.0,12288.0,46317374382,46617589489,48865603,49112816,1143147,0,0,0,0,0,0,0,0,0,0,0,0,39629093,39818733,40353,40384,839,0,0,0,0,0,0,0,0
1778081408.4270377,g2.hpc.coe,40875,0.5001,0,100.0,2035.0,12288.0,46354167656,46654133514,48902173,49149296,1143170,0,0,0,0,0,0,0,0,0,0,0,0,36793274,36544025,36570,36480,23,0,0,0,0,0,0,0,0
1778081408.9271216,g2.hpc.coe,40875,0.5001,0,100.0,2035.0,12288.0,46388905048,46688843777,48937121,49184225,1143207,0,0,0,0,0,0,0,0,0,0,0,0,34737392,34710263,34948,34929,37,0,0,0,0,0,0,0,0
1778081409.4272053,g2.hpc.coe,40875,0.5001,0,100.0,2035.0,12288.0,46429899861,46729809281,48978311,49225411,1144384,0,0,0,0,0,0,0,0,0,0,0,0,40994813,40965504,41190,41186,1177,0,0,0,0,0,0,0,0
1778081409.927291,g2.hpc.coe,40875,0.5001,0,100.0,2035.0,12288.0,46465327413,46765206529,49014012,49261095,1144402,0,0,0,0,0,0,0,0,0,0,0,0,35427552,35397248,35701,35684,18,0,0,0,0,0,0,0,0
1778081410.4273849,g2.hpc.coe,40875,0.5001,0,100.0,2035.0,12288.0,46506322293,46806171956,49055198,49302270,1146375,0,0,0,0,0,0,0,0,0,0,0,0,40994880,40965427,41186,41175,1973,0,0,0,0,0,0,0,0
1778081410.9274733,g2.hpc.coe,40875,0.5001,0,100.0,2035.0,12288.0,46541750011,46841569191,49090907,49337950,1147083,0,0,0,0,0,0,0,0,0,0,0,0,35427718,35397235,35709,35680,708,0,0,0,0,0,0,0,0
1778081411.4275565,g2.hpc.coe,40875,0.5001,0,100.0,2035.0,12288.0,46576487712,46876279497,49125863,49372883,1147553,0,0,0,0,0,0,0,0,0,0,0,0,34737701,34710306,34956,34933,470,0,0,0,0,0,0,0,0
1778081411.9276426,g2.hpc.coe,40875,0.5001,0,100.0,2035.0,12288.0,46617482898,46917244876,49167070,49414049,1148419,0,0,0,0,0,0,0,0,0,0,0,0,40995186,40965379,41207,41166,866,0,0,0,0,0,0,0,0
1778081412.4277332,g2.hpc.coe,40875,0.5001,0,100.0,2035.0,12288.0,46652910788,46952642069,49202783,49449723,1152897,0,0,0,0,0,0,0,0,0,0,0,0,35427890,35397193,35713,35674,4478,0,0,0,0,0,0,0,0
1778081412.9278257,g2.hpc.coe,40875,0.5001,0,100.0,2035.0,12288.0,46693906119,46993607566,49243988,49490899,1154489,0,0,0,0,0,0,0,0,0,0,0,0,40995331,40965497,41205,41176,1592,0,0,0,0,0,0,0,0
1778081413.4279115,g2.hpc.coe,40875,0.5001,0,100.0,2035.0,12288.0,46729334028,47029004773,49279690,49526575,1154516,0,0,0,0,0,0,0,0,0,0,0,0,35427909,35397207,35702,35676,27,0,0,0,0,0,0,0,0
1778081413.9280005,g2.hpc.coe,40875,0.5001,0,100.0,2035.0,12288.0,46764071954,47063715100,49314644,49561511,1154541,0,0,0,0,0,0,0,0,0,0,0,0,34737926,34710327,34954,34936,25,0,0,0,0,0,0,0,0
1778081414.4280899,g2.hpc.coe,40875,0.5001,0,100.0,2035.0,12288.0,46805067288,47104680500,49355838,49602680,1159550,0,0,0,0,0,0,0,0,0,0,0,0,40995334,40965400,41194,41169,5009,0,0,0,0,0,0,0,0
1778081414.9281778,g2.hpc.coe,40875,0.5001,0,100.0,2035.0,12288.0,46840495361,47140077714,49391543,49638357,1159660,0,0,0,0,0,0,0,0,0,0,0,0,35428073,35397214,35705,35677,110,0,0,0,0,0,0,0,0
1778081415.4282684,g2.hpc.coe,40875,0.5001,0,100.0,2035.0,12288.0,46881490818,47181043051,49432741,49679517,1164441,0,0,0,0,0,0,0,0,0,0,0,0,40995457,40965337,41198,41160,4781,0,0,0,0,0,0,0,0
1778081415.9283593,g2.hpc.coe,40875,0.5001,0,100.0,2035.0,12288.0,46916918966,47216440328,49468441,49715203,1164511,0,0,0,0,0,0,0,0,0,0,0,0,35428148,35397277,35700,35686,70,0,0,0,0,0,0,0,0
1778081416.4284494,g2.hpc.coe,40875,0.5001,0,100.0,2035.0,12288.0,46951657153,47251150669,49503396,49750141,1164537,0,0,0,0,0,0,0,0,0,0,0,0,34738187,34710341,34955,34938,26,0,0,0,0,0,0,0,0
1778081416.9285407,g2.hpc.coe,40875,0.5001,0,100.0,2035.0,12288.0,46992652253,47292116417,49544597,49791306,1166247,0,0,0,0,0,0,0,0,0,0,0,0,40995100,40965748,41201,41165,1710,0,0,0,0,0,0,0,0
1778081417.4286325,g2.hpc.coe,40875,0.5001,0,100.0,2035.0,12288.0,47028079455,47327513595,49580292,49826980,1166267,0,0,0,0,0,0,0,0,0,0,0,0,35427202,35397178,35695,35674,20,0,0,0,0,0,0,0,0
1778081417.9287312,g2.hpc.coe,40875,0.5001,0,100.0,2035.0,12288.0,47069074035,47368478924,49621479,49868141,1166673,0,0,0,0,0,0,0,0,0,0,0,0,40994580,40965329,41187,41161,406,0,0,0,0,0,0,0,0
1778081418.4288216,g2.hpc.coe,40875,0.5001,0,100.0,2035.0,12288.0,47104501388,47403876136,49657175,49903813,1166696,0,0,0,0,0,0,0,0,0,0,0,0,35427353,35397212,35696,35672,23,0,0,0,0,0,0,0,0
1778081418.9289107,g2.hpc.coe,40875,0.5001,0,100.0,2035.0,12288.0,47139238703,47438586406,49692122,49938743,1167715,0,0,0,0,0,0,0,0,0,0,0,0,34737315,34710270,34947,34930,1019,0,0,0,0,0,0,0,0
1778081419.4290001,g2.hpc.coe,40875,0.5001,0,100.0,2035.0,12288.0,47180233475,47479551756,49733316,49979907,1169270,0,0,0,0,0,0,0,0,0,0,0,0,40994772,40965350,41194,41164,1555,0,0,0,0,0,0,0,0
1778081419.9290886,g2.hpc.coe,40875,0.5001,0,100.0,2035.0,12288.0,47219781750,47519168775,49773419,50019764,1172901,0,0,0,0,0,0,0,0,0,0,0,0,39548275,39617019,40103,39857,3631,0,0,0,0,0,0,0,0
1778081420.4291778,g2.hpc.coe,40875,0.5001,0,100.0,2035.0,12288.0,47256655770,47555914417,49810203,50056764,1173395,0,0,0,0,0,0,0,0,0,0,0,0,36874020,36745642,36784,37000,494,0,0,0,0,0,0,0,0
1778081420.9292655,g2.hpc.coe,40875,0.5001,0,100.0,2035.0,12288.0,47292083370,47591311595,49845907,50092438,1173414,0,0,0,0,0,0,0,0,0,0,0,0,35427600,35397178,35704,35674,19,0,0,0,0,0,0,0,0
1778081421.4293525,g2.hpc.coe,40875,0.5001,0,100.0,2035.0,12288.0,47327140317,47626394846,49881632,50128135,1173979,0,0,0,0,0,0,0,0,0,0,0,0,35056947,35083251,35725,35697,565,0,0,0,0,0,0,0,0
1778081421.929445,g2.hpc.coe,40875,0.5001,0,100.0,2035.0,12288.0,47367816077,47667157328,49922072,50168718,1178824,0,0,0,0,0,0,0,0,0,0,0,0,40675760,40762482,40440,40583,4845,0,0,0,0,0,0,0,0
1778081422.4295366,g2.hpc.coe,40875,0.5001,0,100.0,2035.0,12288.0,47403243737,47702384550,49957754,50204222,1178859,0,0,0,0,0,0,0,0,0,0,0,0,35427660,35227222,35682,35504,35,0,0,0,0,0,0,0,0
1778081422.9296267,g2.hpc.coe,40875,0.5001,0,100.0,2035.0,12288.0,47444238816,47743349985,49998942,50245396,1179397,0,0,0,0,0,0,0,0,0,0,0,0,40995079,40965435,41188,41174,538,0,0,0,0,0,0,0,0
1778081423.4297152,g2.hpc.coe,40875,0.5001,0,100.0,2035.0,12288.0,47479666683,47778747240,50034639,50281072,1179428,0,0,0,0,0,0,0,0,0,0,0,0,35427867,35397255,35697,35676,31,0,0,0,0,0,0,0,0
1778081423.929798,g2.hpc.coe,40875,0.5001,0,100.0,2035.0,12288.0,47519781329,47818958061,50075351,50321783,1182931,0,0,0,0,0,0,0,0,0,0,0,0,40114646,40210821,40712,40711,3503,0,0,0,0,0,0,0,0
1778081424.4298985,g2.hpc.coe,40875,0.5001,0,100.0,2035.0,12288.0,47556089953,47855110082,50111533,50357931,1185533,0,0,0,0,0,0,0,0,0,0,0,0,36308624,36152021,36182,36148,2602,0,0,0,0,0,0,0,0
1778081424.9299824,g2.hpc.coe,40875,0.5001,0,100.0,2035.0,12288.0,47590827884,47889820388,50146484,50392864,1185860,0,0,0,0,0,0,0,0,0,0,0,0,34737931,34710306,34951,34933,327,0,0,0,0,0,0,0,0
1778081425.4300683,g2.hpc.coe,40875,0.5001,0,100.0,2035.0,12288.0,47631823265,47930785746,50187681,50434027,1186691,0,0,0,0,0,0,0,0,0,0,0,0,40995381,40965358,41197,41163,831,0,0,0,0,0,0,0,0
1778081425.930151,g2.hpc.coe,40875,0.5001,0,100.0,2035.0,12288.0,47667251287,47966182834,50223375,50469686,1186715,0,0,0,0,0,0,0,0,0,0,0,0,35428022,35397088,35694,35659,24,0,0,0,0,0,0,0,0
1778081426.4302423,g2.hpc.coe,40875,0.5001,0,100.0,2035.0,12288.0,47706717118,48005702564,50263398,50509730,1189274,0,0,0,0,0,0,0,0,0,0,0,0,39465831,39519730,40023,40044,2559,0,0,0,0,0,0,0,0
1778081426.9303265,g2.hpc.coe,40875,0.5001,0,100.0,2035.0,12288.0,47743674917,48042545399,50300267,50546525,1190793,0,0,0,0,0,0,0,0,0,0,0,0,36957799,36842835,36869,36795,1519,0,0,0,0,0,0,0,0
1778081427.4304152,g2.hpc.coe,40875,0.5001,0,100.0,2035.0,12288.0,47778413102,48077255684,50335218,50581455,1190816,0,0,0,0,0,0,0,0,0,0,0,0,34738185,34710285,34951,34930,23,0,0,0,0,0,0,0,0
1778081427.9305031,g2.hpc.coe,40875,0.5001,0,100.0,2035.0,12288.0,47819407599,48118221055,50376403,50622622,1192116,0,0,0,0,0,0,0,0,0,0,0,0,40994497,40965371,41185,41167,1300,0,0,0,0,0,0,0,0
1778081428.4305885,g2.hpc.coe,40875,0.5001,0,100.0,2035.0,12288.0,47854834919,48153618323,50412102,50658302,1192244,0,0,0,0,0,0,0,0,0,0,0,0,35427320,35397268,35699,35680,128,0,0,0,0,0,0,0,0
1778081428.930673,g2.hpc.coe,40875,0.5001,0,100.0,2035.0,12288.0,47895821848,48194583631,50453294,50699460,1193885,0,0,0,0,0,0,0,0,0,0,0,0,40986929,40965308,41192,41158,1641,0,0,0,0,0,0,0,0
1778081429.4307616,g2.hpc.coe,40875,0.5001,0,100.0,2035.0,12288.0,47931256905,48229980823,50488992,50735136,1194910,0,0,0,0,0,0,0,0,0,0,0,0,35435057,35397192,35698,35676,1025,0,0,0,0,0,0,0,0
1778081429.9308448,g2.hpc.coe,40875,0.5001,0,100.0,2035.0,12288.0,47965994233,48264691044,50523937,50770059,1194935,0,0,0,0,0,0,0,0,0,0,0,0,34737328,34710221,34945,34923,25,0,0,0,0,0,0,0,0
1778081430.4309359,g2.hpc.coe,40875,0.5001,0,100.0,2035.0,12288.0,48006989184,48305656595,50565138,50811230,1195995,0,0,0,0,0,0,0,0,0,0,0,0,40994951,40965551,41201,41171,1060,0,0,0,0,0,0,0,0
1778081430.931026,g2.hpc.coe,40875,0.5001,0,100.0,2035.0,12288.0,48042416744,48341053780,50600844,50846905,1197173,0,0,0,0,0,0,0,0,0,0,0,0,35427560,35397185,35706,35675,1178,0,0,0,0,0,0,0,0
1778081431.4311104,g2.hpc.coe,40875,0.5001,0,100.0,2035.0,12288.0,48083411652,48382019151,50642040,50888072,1204811,0,0,0,0,0,0,0,0,0,0,0,0,40994908,40965371,41196,41167,7638,0,0,0,0,0,0,0,0
1778081431.9311976,g2.hpc.coe,40875,0.5001,0,100.0,2035.0,12288.0,48118839867,48417416777,50677752,50923752,1204831,0,0,0,0,0,0,0,0,0,0,0,0,35428215,35397626,35712,35680,20,0,0,0,0,0,0,0,0
1778081432.4312844,g2.hpc.coe,40875,0.5001,0,100.0,2035.0,12288.0,48153577428,48452127083,50712694,50958685,1207009,0,0,0,0,0,0,0,0,0,0,0,0,34737561,34710306,34942,34933,2178,0,0,0,0,0,0,0,0
1778081432.9313753,g2.hpc.coe,40875,0.5001,0,100.0,2035.0,12288.0,48194572516,48493092448,50753893,50999849,1212755,0,0,0,0,0,0,0,0,0,0,0,0,40995088,40965365,41199,41164,5746,0,0,0,0,0,0,0,0
1778081433.4314587,g2.hpc.coe,40875,0.5001,0,100.0,2035.0,12288.0,48230000350,48528489745,50789595,51035531,1214119,0,0,0,0,0,0,0,0,0,0,0,0,35427834,35397297,35702,35682,1364,0,0,0,0,0,0,0,0
1778081433.931543,g2.hpc.coe,40875,0.5001,0,100.0,2035.0,12288.0,48270995485,48569455159,50830787,51076702,1214813,0,0,0,0,0,0,0,0,0,0,0,0,40995135,40965414,41192,41171,694,0,0,0,0,0,0,0,0
1778081434.4316337,g2.hpc.coe,40875,0.5001,0,100.0,2035.0,12288.0,48306423316,48604852345,50866484,51112375,1214836,0,0,0,0,0,0,0,0,0,0,0,0,35427831,35397186,35697,35673,23,0,0,0,0,0,0,0,0
1778081434.931719,g2.hpc.coe,40875,0.5001,0,100.0,2035.0,12288.0,48341161123,48639562658,50901427,51147309,1214860,0,0,0,0,0,0,0,0,0,0,0,0,34737807,34710313,34943,34934,24,0,0,0,0,0,0,0,0
1778081435.431803,g2.hpc.coe,40875,0.5001,0,100.0,2035.0,12288.0,48382156379,48680528079,50942616,51188481,1218546,0,0,0,0,0,0,0,0,0,0,0,0,40995256,40965421,41189,41172,3686,0,0,0,0,0,0,0,0
1778081435.9318862,g2.hpc.coe,40875,0.5001,0,100.0,2035.0,12288.0,48417584374,48715925293,50978316,51224158,1218565,0,0,0,0,0,0,0,0,0,0,0,0,35427995,35397214,35700,35677,19,0,0,0,0,0,0,0,0
1778081436.4319766,g2.hpc.coe,40875,0.5001,0,100.0,2035.0,12288.0,48458579788,48756890700,51019514,51265328,1219615,0,0,0,0,0,0,0,0,0,0,0,0,40995414,40965407,41198,41170,1050,0,0,0,0,0,0,0,0
1778081436.932061,g2.hpc.coe,40875,0.5001,0,100.0,2035.0,12288.0,48494008053,48792288023,51055220,51301001,1221978,0,0,0,0,0,0,0,0,0,0,0,0,35428265,35397323,35706,35673,2363,0,0,0,0,0,0,0,0
1778081437.4321442,g2.hpc.coe,40875,0.5001,0,100.0,2035.0,12288.0,48528746204,48826998280,51090176,51335927,1222043,0,0,0,0,0,0,0,0,0,0,0,0,34738151,34710257,34956,34926,65,0,0,0,0,0,0,0,0
1778081437.9322302,g2.hpc.coe,40875,0.5001,0,100.0,2035.0,12288.0,48569741742,48867963680,51131369,51377096,1222775,0,0,0,0,0,0,0,0,0,0,0,0,40995538,40965400,41193,41169,732,0,0,0,0,0,0,0,0
1778081438.432323,g2.hpc.coe,40875,0.5001,0,100.0,2035.0,12288.0,48605168894,48903360823,51167063,51412765,1222796,0,0,0,0,0,0,0,0,0,0,0,0,35427152,35397143,35694,35669,21,0,0,0,0,0,0,0,0
1778081438.9324095,g2.hpc.coe,40875,0.5001,0,100.0,2035.0,12288.0,48646163543,48944326229,51208266,51453937,1223515,0,0,0,0,0,0,0,0,0,0,0,0,40994649,40965406,41203,41172,719,0,0,0,0,0,0,0,0
1778081439.4324937,g2.hpc.coe,40875,0.5001,0,100.0,2035.0,12288.0,48681590748,48979723400,51243954,51489610,1223543,0,0,0,0,0,0,0,0,0,0,0,0,35427205,35397171,35688,35673,28,0,0,0,0,0,0,0,0
1778081439.932578,g2.hpc.coe,40875,0.5001,0,100.0,2035.0,12288.0,48716328020,49014624242,51279153,51525055,1224081,0,0,0,0,0,0,0,0,0,0,0,0,34737272,34900842,35199,35445,538,0,0,0,0,0,0,0,0
1778081440.4326622,g2.hpc.coe,40875,0.5001,0,100.0,2035.0,12288.0,48757322748,49055399139,51320267,51565721,1225706,0,0,0,0,0,0,0,0,0,0,0,0,40994728,40774897,41114,40666,1625,0,0,0,0,0,0,0,0
1778081440.9327464,g2.hpc.coe,40875,0.5001,0,100.0,2035.0,12288.0,48792750159,49090796233,51355792,51601383,1226933,0,0,0,0,0,0,0,0,0,0,0,0,35427411,35397094,35525,35662,1227,0,0,0,0,0,0,0,0
1778081441.4328296,g2.hpc.coe,40875,0.5001,0,100.0,2035.0,12288.0,48833744983,49131761674,51396986,51642560,1227991,0,0,0,0,0,0,0,0,0,0,0,0,40994824,40965441,41194,41177,1058,0,0,0,0,0,0,0,0
1778081441.9329157,g2.hpc.coe,40875,0.5001,0,100.0,2035.0,12288.0,48869172511,49167158803,51432686,51678227,1228015,0,0,0,0,0,0,0,0,0,0,0,0,35427528,35397129,35700,35667,24,0,0,0,0,0,0,0,0
1778081442.4330142,g2.hpc.coe,40875,0.5001,0,100.0,2035.0,12288.0,48906547435,49205149199,51471306,51717327,1231898,0,0,0,0,0,0,0,0,0,0,0,0,37374924,37990396,38620,39100,3883,0,0,0,0,0,0,0,0
1778081442.9330983,g2.hpc.coe,40875,0.5001,0,100.0,2035.0,12288.0,48945595035,49243521381,51509575,51755070,1232102,0,0,0,0,0,0,0,0,0,0,0,0,39047600,38372182,38269,37743,204,0,0,0,0,0,0,0,0
1778081443.4331849,g2.hpc.coe,40875,0.5001,0,100.0,2035.0,12288.0,48980332741,49278231666,51544534,51790000,1232124,0,0,0,0,0,0,0,0,0,0,0,0,34737706,34710285,34959,34930,22,0,0,0,0,0,0,0,0
1778081443.9332707,g2.hpc.coe,40875,0.5001,0,100.0,2035.0,12288.0,49021327924,49319197065,51585734,51831162,1232779,0,0,0,0,0,0,0,0,0,0,0,0,40995183,40965399,41200,41162,655,0,0,0,0,0,0,0,0
1778081444.433353,g2.hpc.coe,40875,0.5001,0,100.0,2035.0,12288.0,49056755699,49354594272,51621433,51866838,1232801,0,0,0,0,0,0,0,0,0,0,0,0,35427775,35397207,35699,35676,22,0,0,0,0,0,0,0,0
1778081444.9334383,g2.hpc.coe,40875,0.5001,0,100.0,2035.0,12288.0,49097750795,49395559679,51662616,51908008,1233696,0,0,0,0,0,0,0,0,0,0,0,0,40995096,40965407,41183,41170,895,0,0,0,0,0,0,0,0
1778081445.433525,g2.hpc.coe,40875,0.5001,0,100.0,2035.0,12288.0,49133178623,49430956879,51698309,51943683,1234343,0,0,0,0,0,0,0,0,0,0,0,0,35427828,35397200,35693,35675,647,0,0,0,0,0,0,0,0
1778081445.9336104,g2.hpc.coe,40875,0.5001,0,100.0,2035.0,12288.0,49167916559,49465667171,51733267,51978614,1236725,0,0,0,0,0,0,0,0,0,0,0,0,34737936,34710292,34958,34931,2382,0,0,0,0,0,0,0,0
1778081446.4337063,g2.hpc.coe,40875,0.5001,0,100.0,2035.0,12288.0,49208911805,49506632501,51774451,52019773,1237869,0,0,0,0,0,0,0,0,0,0,0,0,40995246,40965330,41184,41159,1144,0,0,0,0,0,0,0,0
1778081446.9338021,g2.hpc.coe,40875,0.5001,0,100.0,2035.0,12288.0,49244340461,49542030148,51810170,52055456,1238617,0,0,0,0,0,0,0,0,0,0,0,0,35428656,35397647,35719,35683,748,0,0,0,0,0,0,0,0
1778081447.4339027,g2.hpc.coe,40875,0.5001,0,100.0,2035.0,12288.0,49285328217,49582995576,51851372,52096629,1241305,0,0,0,0,0,0,0,0,0,0,0,0,40987756,40965428,41202,41173,2688,0,0,0,0,0,0,0,0
1778081447.9340096,g2.hpc.coe,40875,0.5001,0,100.0,2035.0,12288.0,49320764018,49618392748,51887066,52132300,1241327,0,0,0,0,0,0,0,0,0,0,0,0,35435801,35397172,35694,35671,22,0,0,0,0,0,0,0,0
1778081448.4340951,g2.hpc.coe,40875,0.5001,0,100.0,2035.0,12288.0,49355502459,49653103288,51922028,52167235,1241346,0,0,0,0,0,0,0,0,0,0,0,0,34738441,34710540,34962,34935,19,0,0,0,0,0,0,0,0
1778081448.934179,g2.hpc.coe,40875,0.5001,0,100.0,2035.0,12288.0,49396498156,49694068757,51963229,52208407,1243816,0,0,0,0,0,0,0,0,0,0,0,0,40995697,40965469,41201,41172,2470,0,0,0,0,0,0,0,0
1778081449.4342616,g2.hpc.coe,40875,0.5001,0,100.0,2035.0,12288.0,49431925313,49729465893,51998920,52244075,1243972,0,0,0,0,0,0,0,0,0,0,0,0,35427157,35397136,35691,35668,156,0,0,0,0,0,0,0,0
1778081449.934346,g2.hpc.coe,40875,0.5001,0,100.0,2035.0,12288.0,49472920002,49770431306,52040125,52285248,1244555,0,0,0,0,0,0,0,0,0,0,0,0,40994689,40965413,41205,41173,583,0,0,0,0,0,0,0,0
1778081450.4344387,g2.hpc.coe,40875,0.5001,0,100.0,2035.0,12288.0,49508347338,49805828379,52075828,52320907,1244637,0,0,0,0,0,0,0,0,0,0,0,0,35427336,35397073,35703,35659,82,0,0,0,0,0,0,0,0
1778081450.9345253,g2.hpc.coe,40875,0.5001,0,100.0,2035.0,12288.0,49543084755,49840538607,52110792,52355831,1244662,0,0,0,0,0,0,0,0,0,0,0,0,34737417,34710228,34964,34924,25,0,0,0,0,0,0,0,0
1778081451.4346125,g2.hpc.coe,40875,0.5001,0,100.0,2035.0,12288.0,49584079537,49881503992,52151990,52397000,1246653,0,0,0,0,0,0,0,0,0,0,0,0,40994782,40965385,41198,41169,1991,0,0,0,0,0,0,0,0
1778081451.9347022,g2.hpc.coe,40875,0.5001,0,100.0,2035.0,12288.0,49619506988,49916901212,52187689,52432680,1247892,0,0,0,0,0,0,0,0,0,0,0,0,35427451,35397220,35699,35680,1239,0,0,0,0,0,0,0,0
1778081452.4347928,g2.hpc.coe,40875,0.5001,0,100.0,2035.0,12288.0,49660501838,49957866646,52228883,52473856,1249952,0,0,0,0,0,0,0,0,0,0,0,0,40994850,40965434,41194,41176,2060,0,0,0,0,0,0,0,0
1778081452.9348772,g2.hpc.coe,40875,0.5001,0,100.0,2035.0,12288.0,49695929406,49993263845,52264585,52509533,1250502,0,0,0,0,0,0,0,0,0,0,0,0,35427568,35397199,35702,35677,550,0,0,0,0,0,0,0,0
1778081453.4349642,g2.hpc.coe,40875,0.5001,0,100.0,2035.0,12288.0,49730667035,50027974158,52299543,52544467,1250522,0,0,0,0,0,0,0,0,0,0,0,0,34737629,34710313,34958,34934,20,0,0,0,0,0,0,0,0
1778081453.9350467,g2.hpc.coe,40875,0.5001,0,100.0,2035.0,12288.0,49771662120,50068939634,52340739,52585640,1253073,0,0,0,0,0,0,0,0,0,0,0,0,40995085,40965476,41196,41173,2551,0,0,0,0,0,0,0,0
1778081454.4351346,g2.hpc.coe,40875,0.5001,0,100.0,2035.0,12288.0,49807089874,50104336820,52376445,52621313,1255780,0,0,0,0,0,0,0,0,0,0,0,0,35427754,35397186,35706,35673,2707,0,0,0,0,0,0,0,0
1778081454.9352198,g2.hpc.coe,40875,0.5001,0,100.0,2035.0,12288.0,49848084992,50145302227,52417641,52662483,1256085,0,0,0,0,0,0,0,0,0,0,0,0,40995118,40965407,41196,41170,305,0,0,0,0,0,0,0,0
1778081455.4353232,g2.hpc.coe,40875,0.5001,0,100.0,2035.0,12288.0,49883512779,50180699392,52453338,52698153,1256379,0,0,0,0,0,0,0,0,0,0,0,0,35427787,35397165,35697,35670,294,0,0,0,0,0,0,0,0
1778081455.9354064,g2.hpc.coe,40875,0.5001,0,100.0,2035.0,12288.0,49918250591,50215409635,52488288,52733077,1256901,0,0,0,0,0,0,0,0,0,0,0,0,34737812,34710243,34950,34924,522,0,0,0,0,0,0,0,0
1778081456.4354877,g2.hpc.coe,40875,0.5001,0,100.0,2035.0,12288.0,49959245804,50256375028,52529477,52774245,1257047,0,0,0,0,0,0,0,0,0,0,0,0,40995213,40965393,41189,41168,146,0,0,0,0,0,0,0,0
1778081456.9355767,g2.hpc.coe,40875,0.5001,0,100.0,2035.0,12288.0,49994673734,50291772249,52565174,52809923,1257072,0,0,0,0,0,0,0,0,0,0,0,0,35427930,35397221,35697,35678,25,0,0,0,0,0,0,0,0
1778081457.4356656,g2.hpc.coe,40875,0.5001,0,100.0,2035.0,12288.0,50035669119,50332737677,52606374,52851096,1258526,0,0,0,0,0,0,0,0,0,0,0,0,40995385,40965428,41200,41173,1454,0,0,0,0,0,0,0,0
1778081457.9357586,g2.hpc.coe,40875,0.5001,0,100.0,2035.0,12288.0,50071097215,50368134849,52642081,52886767,1258936,0,0,0,0,0,0,0,0,0,0,0,0,35428096,35397172,35707,35671,410,0,0,0,0,0,0,0,0
1778081458.4358482,g2.hpc.coe,40875,0.5001,0,100.0,2035.0,12288.0,50112092703,50409100291,52683282,52927942,1259570,0,0,0,0,0,0,0,0,0,0,0,0,40995488,40965442,41201,41175,634,0,0,0,0,0,0,0,0
1778081458.9359324,g2.hpc.coe,40875,0.5001,0,100.0,2035.0,12288.0,50146830920,50443810659,52718240,52962877,1259593,0,0,0,0,0,0,0,0,0,0,0,0,34738217,34710368,34958,34935,23,0,0,0,0,0,0,0,0
1778081459.4360185,g2.hpc.coe,40875,0.5001,0,100.0,2035.0,12288.0,50188516514,50485462960,52760182,53004789,1262015,0,0,0,0,0,0,0,0,0,0,0,0,41685594,41652301,41942,41912,2422,0,0,0,0,0,0,0,0
1778081459.9361017,g2.hpc.coe,40875,0.5001,0,100.0,2035.0,12288.0,50223253655,50520173181,52795130,53039712,1262035,0,0,0,0,0,0,0,0,0,0,0,0,34737141,34710221,34948,34923,20,0,0,0,0,0,0,0,0
1778081460.43619,g2.hpc.coe,40875,0.5001,0,100.0,2035.0,12288.0,50258680894,50555570331,52830829,53075382,1262120,0,0,0,0,0,0,0,0,0,0,0,0,35427239,35397150,35699,35670,85,0,0,0,0,0,0,0,0
1778081460.9362762,g2.hpc.coe,40875,0.5001,0,100.0,2035.0,12288.0,50298632229,50595663826,52871426,53116064,1270111,0,0,0,0,0,0,0,0,0,0,0,0,39951335,40093495,40597,40682,7991,0,0,0,0,0,0,0,0
1778081461.4363606,g2.hpc.coe,40875,0.5001,0,100.0,2035.0,12288.0,50334499385,50631416041,52907171,53151917,1270153,0,0,0,0,0,0,0,0,0,0,0,0,35867156,35752215,35745,35853,42,0,0,0,0,0,0,0,0
1778081461.9364538,g2.hpc.coe,40875,0.5001,0,100.0,2035.0,12288.0,50369840740,50666643668,52942678,53187169,1270174,0,0,0,0,0,0,0,0,0,0,0,0,35341355,35227627,35507,35252,21,0,0,0,0,0,0,0,0
1778081462.4365447,g2.hpc.coe,40875,0.5001,0,100.0,2035.0,12288.0,50410835541,50707609046,52983875,53228337,1272792,0,0,0,0,0,0,0,0,0,0,0,0,40994801,40965378,41197,41168,2618,0,0,0,0,0,0,0,0
1778081462.936633,g2.hpc.coe,40875,0.5001,0,100.0,2035.0,12288.0,50446263032,50743006189,53019576,53264006,1272812,0,0,0,0,0,0,0,0,0,0,0,0,35427491,35397143,35701,35669,20,0,0,0,0,0,0,0,0
1778081463.436717,g2.hpc.coe,40875,0.5001,0,100.0,2035.0,12288.0,50486715865,50783719078,53060745,53305152,1274562,0,0,0,0,0,0,0,0,0,0,0,0,40452833,40712889,41169,41146,1750,0,0,0,0,0,0,0,0
1778081463.936803,g2.hpc.coe,40875,0.5001,0,100.0,2035.0,12288.0,50522685522,50819368745,53096475,53340848,1277038,0,0,0,0,0,0,0,0,0,0,0,0,35969657,35649667,35730,35696,2476,0,0,0,0,0,0,0,0
1778081464.436887,g2.hpc.coe,40875,0.5001,0,100.0,2035.0,12288.0,50557423225,50854079064,53131431,53375776,1277063,0,0,0,0,0,0,0,0,0,0,0,0,34737703,34710319,34956,34928,25,0,0,0,0,0,0,0,0
1778081464.9369724,g2.hpc.coe,40875,0.5001,0,100.0,2035.0,12288.0,50598418272,50895044485,53172627,53416948,1278339,0,0,0,0,0,0,0,0,0,0,0,0,40995047,40965421,41196,41172,1276,0,0,0,0,0,0,0,0
1778081465.4370553,g2.hpc.coe,40875,0.5001,0,100.0,2035.0,12288.0,50633846009,50930441664,53208327,53452620,1279422,0,0,0,0,0,0,0,0,0,0,0,0,35427737,35397179,35700,35672,1083,0,0,0,0,0,0,0,0
1778081465.9371374,g2.hpc.coe,40875,0.5001,0,100.0,2035.0,12288.0,50674189942,50971020260,53249386,53493753,1280926,0,0,0,0,0,0,0,0,0,0,0,0,40343933,40578596,41059,41133,1504,0,0,0,0,0,0,0,0
1778081466.4372249,g2.hpc.coe,40875,0.5001,0,100.0,2035.0,12288.0,50710269006,51006804313,53285226,53529471,1280952,0,0,0,0,0,0,0,0,0,0,0,0,36079064,35784053,35840,35718,26,0,0,0,0,0,0,0,0
1778081466.937308,g2.hpc.coe,40875,0.5001,0,100.0,2035.0,12288.0,50750664409,51047452480,53326301,53570611,1285260,0,0,0,0,0,0,0,0,0,0,0,0,40395403,40648167,41075,41140,4308,0,0,0,0,0,0,0,0
1778081467.4373941,g2.hpc.coe,40875,0.5001,0,100.0,2035.0,12288.0,50786002137,51082479998,53361373,53605570,1286921,0,0,0,0,0,0,0,0,0,0,0,0,35337728,35027518,35072,34959,1661,0,0,0,0,0,0,0,0
1778081467.93748,g2.hpc.coe,40875,0.5001,0,100.0,2035.0,12288.0,50821430107,51117877184,53397072,53641243,1286972,0,0,0,0,0,0,0,0,0,0,0,0,35427970,35397186,35699,35673,51,0,0,0,0,0,0,0,0
1778081468.437566,g2.hpc.coe,40875,0.5001,0,100.0,2035.0,12288.0,50862425440,51158842556,53438261,53682408,1287537,0,0,0,0,0,0,0,0,0,0,0,0,40995333,40965372,41189,41165,565,0,0,0,0,0,0,0,0
1778081468.937653,g2.hpc.coe,40875,0.5001,0,100.0,2035.0,12288.0,50897853504,51194239728,53473960,53718079,1287565,0,0,0,0,0,0,0,0,0,0,0,0,35428064,35397172,35699,35671,28,0,0,0,0,0,0,0,0
1778081469.437738,g2.hpc.coe,40875,0.5001,0,100.0,2035.0,12288.0,50932591677,51228950054,53508913,53753008,1287596,0,0,0,0,0,0,0,0,0,0,0,0,34738173,34710326,34953,34929,31,0,0,0,0,0,0,0,0
1778081469.9378207,g2.hpc.coe,40875,0.5001,0,100.0,2035.0,12288.0,50973587146,51269915398,53550099,53794169,1289813,0,0,0,0,0,0,0,0,0,0,0,0,40995469,40965344,41186,41161,2217,0,0,0,0,0,0,0,0
1778081470.4379106,g2.hpc.coe,40875,0.5001,0,100.0,2035.0,12288.0,51009015326,51305312563,53585792,53829839,1289909,0,0,0,0,0,0,0,0,0,0,0,0,35428180,35397165,35693,35670,96,0,0,0,0,0,0,0,0
1778081470.938,g2.hpc.coe,40875,0.5001,0,100.0,2035.0,12288.0,51050009906,51346277906,53626988,53871002,1291490,0,0,0,0,0,0,0,0,0,0,0,0,40994580,40965343,41196,41163,1581,0,0,0,0,0,0,0,0
1778081471.4380908,g2.hpc.coe,40875,0.5001,0,100.0,2035.0,12288.0,51085437147,51381675154,53662684,53906686,1291514,0,0,0,0,0,0,0,0,0,0,0,0,35427241,35397248,35696,35684,24,0,0,0,0,0,0,0,0
1778081471.9381747,g2.hpc.coe,40875,0.5001,0,100.0,2035.0,12288.0,51120174483,51416385480,53697643,53941624,1291583,0,0,0,0,0,0,0,0,0,0,0,0,34737336,34710326,34959,34938,69,0,0,0,0,0,0,0,0
1778081472.4382613,g2.hpc.coe,40875,0.5001,0,100.0,2035.0,12288.0,51161169191,51457350886,53738837,53982796,1293829,0,0,0,0,0,0,0,0,0,0,0,0,40994708,40965406,41194,41172,2246,0,0,0,0,0,0,0,0
1778081472.9383457,g2.hpc.coe,40875,0.5001,0,100.0,2035.0,12288.0,51196596610,51492748127,53774538,54018479,1294775,0,0,0,0,0,0,0,0,0,0,0,0,35427419,35397241,35701,35683,946,0,0,0,0,0,0,0,0
1778081473.4384332,g2.hpc.coe,40875,0.5001,0,100.0,2035.0,12288.0,51237591407,51533713533,53815731,54059651,1295486,0,0,0,0,0,0,0,0,0,0,0,0,40994797,40965406,41193,41172,711,0,0,0,0,0,0,0,0
1778081473.9385173,g2.hpc.coe,40875,0.5001,0,100.0,2035.0,12288.0,51273018908,51569110753,53851430,54095331,1295732,0,0,0,0,0,0,0,0,0,0,0,0,35427501,35397220,35699,35680,246,0,0,0,0,0,0,0,0
1778081474.4386046,g2.hpc.coe,40875,0.5001,0,100.0,2035.0,12288.0,51307756503,51603821078,53886383,54130262,1296852,0,0,0,0,0,0,0,0,0,0,0,0,34737595,34710325,34953,34931,1120,0,0,0,0,0,0,0,0
1778081474.938689,g2.hpc.coe,40875,0.5001,0,100.0,2035.0,12288.0,51348751430,51644786527,53927572,54171438,1299278,0,0,0,0,0,0,0,0,0,0,0,0,40994927,40965449,41189,41176,2426,0,0,0,0,0,0,0,0
1778081475.4387724,g2.hpc.coe,40875,0.5001,0,100.0,2035.0,12288.0,51384179110,51680183748,53963274,54207116,1299677,0,0,0,0,0,0,0,0,0,0,0,0,35427680,35397221,35702,35678,399,0,0,0,0,0,0,0,0
1778081475.9388642,g2.hpc.coe,40875,0.5001,0,100.0,2035.0,12288.0,51425174133,51721149162,54004463,54248287,1300951,0,0,0,0,0,0,0,0,0,0,0,0,40995023,40965414,41189,41171,1274,0,0,0,0,0,0,0,0
1778081476.4389467,g2.hpc.coe,40875,0.5001,0,100.0,2035.0,12288.0,51460601937,51756546341,54040169,54283959,1300970,0,0,0,0,0,0,0,0,0,0,0,0,35427804,35397179,35706,35672,19,0,0,0,0,0,0,0,0
1778081476.9390414,g2.hpc.coe,40875,0.5001,0,100.0,2035.0,12288.0,51495340324,51791257080,54075136,54318898,1300991,0,0,0,0,0,0,0,0,0,0,0,0,34738387,34710739,34967,34939,21,0,0,0,0,0,0,0,0
1778081477.4391282,g2.hpc.coe,40875,0.5001,0,100.0,2035.0,12288.0,51536335560,51832222459,54116335,54360064,1302796,0,0,0,0,0,0,0,0,0,0,0,0,40995236,40965379,41199,41166,1805,0,0,0,0,0,0,0,0
1778081477.9392116,g2.hpc.coe,40875,0.5001,0,100.0,2035.0,12288.0,51571763479,51867619715,54152037,54395747,1303531,0,0,0,0,0,0,0,0,0,0,0,0,35427919,35397256,35702,35683,735,0,0,0,0,0,0,0,0
1778081478.439303,g2.hpc.coe,40875,0.5001,0,100.0,2035.0,12288.0,51612758797,51908585122,54193234,54436917,1303850,0,0,0,0,0,0,0,0,0,0,0,0,40995318,40965407,41197,41170,319,0,0,0,0,0,0,0,0
1778081478.939392,g2.hpc.coe,40875,0.5001,0,100.0,2035.0,12288.0,51648186741,51943982266,54228926,54472584,1303881,0,0,0,0,0,0,0,0,0,0,0,0,35427944,35397144,35692,35667,31,0,0,0,0,0,0,0,0
1778081479.4394758,g2.hpc.coe,40875,0.5001,0,100.0,2035.0,12288.0,51682924814,51978692606,54263877,54507515,1303903,0,0,0,0,0,0,0,0,0,0,0,0,34738073,34710340,34951,34931,22,0,0,0,0,0,0,0,0
1778081479.9395642,g2.hpc.coe,40875,0.5001,0,100.0,2035.0,12288.0,51724610332,52020344928,54305826,54549430,1305547,0,0,0,0,0,0,0,0,0,0,0,0,41685518,41652322,41949,41915,1644,0,0,0,0,0,0,0,0
1778081480.4396467,g2.hpc.coe,40875,0.5001,0,100.0,2035.0,12288.0,51759348460,52055055185,54340778,54584356,1305573,0,0,0,0,0,0,0,0,0,0,0,0,34738128,34710257,34952,34926,26,0,0,0,0,0,0,0,0
1778081480.9397285,g2.hpc.coe,40875,0.5001,0,100.0,2035.0,12288.0,51800344044,52096020634,54381977,54625532,1305609,0,0,0,0,0,0,0,0,0,0,0,0,40995584,40965449,41199,41176,36,0,0,0,0,0,0,0,0
1778081481.4398103,g2.hpc.coe,40875,0.5001,0,100.0,2035.0,12288.0,51835771292,52131417784,54417684,54661202,1305624,0,0,0,0,0,0,0,0,0,0,0,0,35427248,35397150,35707,35670,15,0,0,0,0,0,0,0,0
1778081481.939894,g2.hpc.coe,40875,0.5001,0,100.0,2035.0,12288.0,51873059369,52169300890,54455599,54699634,1306005,0,0,0,0,0,0,0,0,0,0,0,0,37288077,37883106,37915,38432,381,0,0,0,0,0,0,0,0
1778081482.439987,g2.hpc.coe,40875,0.5001,0,100.0,2035.0,12288.0,51912193204,52207780340,54494582,54738044,1307907,0,0,0,0,0,0,0,0,0,0,0,0,39133835,38479450,38983,38410,1902,0,0,0,0,0,0,0,0
1778081482.9400713,g2.hpc.coe,40875,0.5001,0,100.0,2035.0,12288.0,51946930516,52242490603,54529534,54772973,1307927,0,0,0,0,0,0,0,0,0,0,0,0,34737312,34710263,34952,34929,20,0,0,0,0,0,0,0,0
1778081483.4401593,g2.hpc.coe,40875,0.5001,0,100.0,2035.0,12288.0,51987925270,52283456016,54570731,54814146,1309957,0,0,0,0,0,0,0,0,0,0,0,0,40994754,40965413,41197,41173,2030,0,0,0,0,0,0,0,0
1778081483.9402494,g2.hpc.coe,40875,0.5001,0,100.0,2035.0,12288.0,52023352672,52318853208,54606426,54849822,1309983,0,0,0,0,0,0,0,0,0,0,0,0,35427402,35397192,35695,35676,26,0,0,0,0,0,0,0,0
1778081484.4403336,g2.hpc.coe,40875,0.5001,0,100.0,2035.0,12288.0,52063184111,52359281884,54647380,54890896,1310781,0,0,0,0,0,0,0,0,0,0,0,0,39831439,40428676,40954,41074,798,0,0,0,0,0,0,0,0
1778081484.9404206,g2.hpc.coe,40875,0.5001,0,100.0,2035.0,12288.0,52099775103,52395215924,54683321,54926680,1310797,0,0,0,0,0,0,0,0,0,0,0,0,36590992,35934040,35941,35784,16,0,0,0,0,0,0,0,0
1778081485.4405034,g2.hpc.coe,40875,0.5001,0,100.0,2035.0,12288.0,52134512611,52429926222,54718267,54961614,1310823,0,0,0,0,0,0,0,0,0,0,0,0,34737508,34710298,34946,34934,26,0,0,0,0,0,0,0,0
1778081485.9405906,g2.hpc.coe,40875,0.5001,0,100.0,2035.0,12288.0,52175507639,52470891622,54759467,55002783,1312509,0,0,0,0,0,0,0,0,0,0,0,0,40995028,40965400,41200,41169,1686,0,0,0,0,0,0,0,0
1778081486.4406786,g2.hpc.coe,40875,0.5001,0,100.0,2035.0,12288.0,52210935294,52506288829,54795162,55038459,1313466,0,0,0,0,0,0,0,0,0,0,0,0,35427655,35397207,35695,35676,957,0,0,0,0,0,0,0,0
1778081486.9407623,g2.hpc.coe,40875,0.5001,0,100.0,2035.0,12288.0,52251930257,52547254243,54836339,55079630,1314100,0,0,0,0,0,0,0,0,0,0,0,0,40994963,40965414,41177,41171,634,0,0,0,0,0,0,0,0
1778081487.4408479,g2.hpc.coe,40875,0.5001,0,100.0,2035.0,12288.0,52287358008,52582651478,54872034,55115310,1314114,0,0,0,0,0,0,0,0,0,0,0,0,35427751,35397235,35695,35680,14,0,0,0,0,0,0,0,0
1778081487.9409292,g2.hpc.coe,40875,0.5001,0,100.0,2035.0,12288.0,52328345585,52623616899,54913240,55156482,1314138,0,0,0,0,0,0,0,0,0,0,0,0,40987577,40965421,41206,41172,24,0,0,0,0,0,0,0,0
1778081488.441011,g2.hpc.coe,40875,0.5001,0,100.0,2035.0,12288.0,52363091155,52658327226,54948197,55191418,1314165,0,0,0,0,0,0,0,0,0,0,0,0,34745570,34710327,34957,34936,27,0,0,0,0,0,0,0,0
1778081488.9411032,g2.hpc.coe,40875,0.5001,0,100.0,2035.0,12288.0,52398519118,52693724398,54983902,55227089,1314877,0,0,0,0,0,0,0,0,0,0,0,0,35427963,35397172,35705,35671,712,0,0,0,0,0,0,0,0
1778081489.4411871,g2.hpc.coe,40875,0.5001,0,100.0,2035.0,12288.0,52439514389,52734689833,55025089,55268263,1315729,0,0,0,0,0,0,0,0,0,0,0,0,40995271,40965435,41187,41174,852,0,0,0,0,0,0,0,0
1778081489.9412751,g2.hpc.coe,40875,0.5001,0,100.0,2035.0,12288.0,52474942504,52770087137,55060793,55303946,1315846,0,0,0,0,0,0,0,0,0,0,0,0,35428115,35397304,35704,35683,117,0,0,0,0,0,0,0,0
1778081490.441362,g2.hpc.coe,40875,0.5001,0,100.0,2035.0,12288.0,52509680622,52804797513,55095756,55338889,1315876,0,0,0,0,0,0,0,0,0,0,0,0,34738118,34710376,34963,34943,30,0,0,0,0,0,0,0,0
1778081490.9414504,g2.hpc.coe,40875,0.5001,0,100.0,2035.0,12288.0,52550676107,52845762927,55136951,55380060,1316179,0,0,0,0,0,0,0,0,0,0,0,0,40995485,40965414,41195,41171,303,0,0,0,0,0,0,0,0
1778081491.4415324,g2.hpc.coe,40875,0.5001,0,100.0,2035.0,12288.0,52586104274,52881160141,55172649,55415737,1316201,0,0,0,0,0,0,0,0,0,0,0,0,35428167,35397214,35698,35677,22,0,0,0,0,0,0,0,0
1778081491.9416208,g2.hpc.coe,40875,0.5001,0,100.0,2035.0,12288.0,52627100511,52922126016,55213866,55456918,1317826,0,0,0,0,0,0,0,0,0,0,0,0,40996237,40965875,41217,41181,1625,0,0,0,0,0,0,0,0
1778081492.4417038,g2.hpc.coe,40875,0.5001,0,100.0,2035.0,12288.0,52662527713,52957523152,55249563,55492586,1317853,0,0,0,0,0,0,0,0,0,0,0,0,35427202,35397136,35697,35668,27,0,0,0,0,0,0,0,0
1778081492.9417953,g2.hpc.coe,40875,0.5001,0,100.0,2035.0,12288.0,52697264890,52992233408,55284506,55527514,1319230,0,0,0,0,0,0,0,0,0,0,0,0,34737177,34710256,34943,34928,1377,0,0,0,0,0,0,0,0
1778081493.441881,g2.hpc.coe,40875,0.5001,0,100.0,2035.0,12288.0,52738259545,53033198800,55325699,55568684,1320729,0,0,0,0,0,0,0,0,0,0,0,0,40994655,40965392,41193,41170,1499,0,0,0,0,0,0,0,0
1778081493.9419692,g2.hpc.coe,40875,0.5001,0,100.0,2035.0,12288.0,52773686841,53068596013,55361389,55604363,1320750,0,0,0,0,0,0,0,0,0,0,0,0,35427296,35397213,35690,35679,21,0,0,0,0,0,0,0,0
1778081494.442056,g2.hpc.coe,40875,0.5001,0,100.0,2035.0,12288.0,52814681571,53109561398,55402579,55645532,1321927,0,0,0,0,0,0,0,0,0,0,0,0,40994730,40965385,41190,41169,1177,0,0,0,0,0,0,0,0
1778081494.942143,g2.hpc.coe,40875,0.5001,0,100.0,2035.0,12288.0,52850109116,53144958680,55438282,55681214,1321957,0,0,0,0,0,0,0,0,0,0,0,0,35427545,35397282,35703,35682,30,0,0,0,0,0,0,0,0
1778081495.4422293,g2.hpc.coe,40875,0.5001,0,100.0,2035.0,12288.0,52884846609,53179668950,55473236,55716144,1321986,0,0,0,0,0,0,0,0,0,0,0,0,34737493,34710270,34954,34930,29,0,0,0,0,0,0,0,0
1778081495.9423149,g2.hpc.coe,40875,0.5001,0,100.0,2035.0,12288.0,52925841523,53220634335,55514432,55757313,1324673,0,0,0,0,0,0,0,0,0,0,0,0,40994914,40965385,41196,41169,2687,0,0,0,0,0,0,0,0
1778081496.4424038,g2.hpc.coe,40875,0.5001,0,100.0,2035.0,12288.0,52961269205,53256031577,55550141,55792994,1325626,0,0,0,0,0,0,0,0,0,0,0,0,35427682,35397242,35709,35681,953,0,0,0,0,0,0,0,0
1778081496.9424887,g2.hpc.coe,40875,0.5001,0,100.0,2035.0,12288.0,53002264209,53296997061,55591334,55834175,1326555,0,0,0,0,0,0,0,0,0,0,0,0,40995004,40965484,41193,41181,929,0,0,0,0,0,0,0,0
1778081497.44258,g2.hpc.coe,40875,0.5001,0,100.0,2035.0,12288.0,53037691847,53332394261,55627023,55869850,1326584,0,0,0,0,0,0,0,0,0,0,0,0,35427638,35397200,35689,35675,29,0,0,0,0,0,0,0,0
1778081497.9426644,g2.hpc.coe,40875,0.5001,0,100.0,2035.0,12288.0,53072429523,53367104518,55661967,55904776,1327547,0,0,0,0,0,0,0,0,0,0,0,0,34737676,34710257,34944,34926,963,0,0,0,0,0,0,0,0
1778081498.4427545,g2.hpc.coe,40875,0.5001,0,100.0,2035.0,12288.0,53114114442,53408756812,55703909,55946687,1329018,0,0,0,0,0,0,0,0,0,0,0,0,41684919,41652294,41942,41911,1471,0,0,0,0,0,0,0,0
1778081498.9428444,g2.hpc.coe,40875,0.5001,0,100.0,2035.0,12288.0,53148852603,53443467132,55738871,55981622,1329047,0,0,0,0,0,0,0,0,0,0,0,0,34738161,34710320,34962,34935,29,0,0,0,0,0,0,0,0
1778081499.4429293,g2.hpc.coe,40875,0.5001,0,100.0,2035.0,12288.0,53189847887,53484432511,55780070,56022788,1332842,0,0,0,0,0,0,0,0,0,0,0,0,40995284,40965379,41199,41166,3795,0,0,0,0,0,0,0,0
1778081499.9430225,g2.hpc.coe,40875,0.5001,0,100.0,2035.0,12288.0,53225275980,53519829689,55815781,56058453,1332865,0,0,0,0,0,0,0,0,0,0,0,0,35428093,35397178,35711,35665,23,0,0,0,0,0,0,0,0
1778081500.4431074,g2.hpc.coe,40875,0.5001,0,100.0,2035.0,12288.0,53261924973,53556972249,55853074,56096129,1333915,0,0,0,0,0,0,0,0,0,0,0,0,36648993,37142560,37293,37676,1050,0,0,0,0,0,0,0,0
1778081500.9431953,g2.hpc.coe,40875,0.5001,0,100.0,2035.0,12288.0,53301699323,53596192324,55892668,56135302,1335262,0,0,0,0,0,0,0,0,0,0,0,0,39774350,39220075,39594,39173,1347,0,0,0,0,0,0,0,0
1778081501.4432802,g2.hpc.coe,40875,0.5001,0,100.0,2035.0,12288.0,53336437396,53630902651,55927621,56170238,1335278,0,0,0,0,0,0,0,0,0,0,0,0,34738073,34710327,34953,34936,16,0,0,0,0,0,0,0,0
1778081501.9433694,g2.hpc.coe,40875,0.5001,0,100.0,2035.0,12288.0,53377432906,53671868086,55968816,56211412,1335550,0,0,0,0,0,0,0,0,0,0,0,0,40995510,40965435,41195,41174,272,0,0,0,0,0,0,0,0
1778081502.443458,g2.hpc.coe,40875,0.5001,0,100.0,2035.0,12288.0,53412861127,53707265300,56004518,56247089,1335578,0,0,0,0,0,0,0,0,0,0,0,0,35428221,35397214,35702,35677,28,0,0,0,0,0,0,0,0
1778081502.9435406,g2.hpc.coe,40875,0.5001,0,100.0,2035.0,12288.0,53452077174,53746702223,56044415,56287091,1336962,0,0,0,0,0,0,0,0,0,0,0,0,39216047,39436923,39897,40002,1384,0,0,0,0,0,0,0,0
1778081503.4436247,g2.hpc.coe,40875,0.5001,0,100.0,2035.0,12288.0,53489282856,53783627940,56081403,56323943,1336978,0,0,0,0,0,0,0,0,0,0,0,0,37205682,36925717,36988,36852,16,0,0,0,0,0,0,0,0
1778081503.9437106,g2.hpc.coe,40875,0.5001,0,100.0,2035.0,12288.0,53524020072,53818338203,56116348,56358872,1336999,0,0,0,0,0,0,0,0,0,0,0,0,34737216,34710263,34945,34929,21,0,0,0,0,0,0,0,0
1778081504.4437943,g2.hpc.coe,40875,0.5001,0,100.0,2035.0,12288.0,53565014745,53859303630,56157540,56400047,1337330,0,0,0,0,0,0,0,0,0,0,0,0,40994673,40965427,41192,41175,331,0,0,0,0,0,0,0,0
1778081504.943883,g2.hpc.coe,40875,0.5001,0,100.0,2035.0,12288.0,53600442122,53894700780,56193238,56435717,1337550,0,0,0,0,0,0,0,0,0,0,0,0,35427377,35397150,35698,35670,220,0,0,0,0,0,0,0,0
1778081505.4439657,g2.hpc.coe,40875,0.5001,0,100.0,2035.0,12288.0,53640699195,53935529586,56234194,56476858,1339054,0,0,0,0,0,0,0,0,0,0,0,0,40257073,40828806,40956,41141,1504,0,0,0,0,0,0,0,0
1778081505.9440486,g2.hpc.coe,40875,0.5001,0,100.0,2035.0,12288.0,53676864397,53971063426,56270124,56512565,1340200,0,0,0,0,0,0,0,0,0,0,0,0,36165202,35533840,35930,35707,1146,0,0,0,0,0,0,0,0
1778081506.4441383,g2.hpc.coe,40875,0.5001,0,100.0,2035.0,12288.0,53711601908,54005773703,56305077,56547496,1340228,0,0,0,0,0,0,0,0,0,0,0,0,34737511,34710277,34953,34931,28,0,0,0,0,0,0,0,0
1778081506.9442294,g2.hpc.coe,40875,0.5001,0,100.0,2035.0,12288.0,53752597393,54046739535,56346279,56588673,1340254,0,0,0,0,0,0,0,0,0,0,0,0,40995485,40965832,41202,41177,26,0,0,0,0,0,0,0,0
1778081507.4443176,g2.hpc.coe,40875,0.5001,0,100.0,2035.0,12288.0,53788024988,54082136742,56381972,56624349,1340644,0,0,0,0,0,0,0,0,0,0,0,0,35427595,35397207,35693,35676,390,0,0,0,0,0,0,0,0
1778081507.9444122,g2.hpc.coe,40875,0.5001,0,100.0,2035.0,12288.0,53829020052,54123102163,56423170,56665521,1341189,0,0,0,0,0,0,0,0,0,0,0,0,40995064,40965421,41198,41172,545,0,0,0,0,0,0,0,0
1778081508.4444978,g2.hpc.coe,40875,0.5001,0,100.0,2035.0,12288.0,53864448063,54158499660,56458877,56701207,1341850,0,0,0,0,0,0,0,0,0,0,0,0,35428011,35397497,35707,35686,661,0,0,0,0,0,0,0,0
1778081508.9445825,g2.hpc.coe,40875,0.5001,0,100.0,2035.0,12288.0,53899185842,54193209987,56493830,56736143,1341872,0,0,0,0,0,0,0,0,0,0,0,0,34737779,34710327,34953,34936,22,0,0,0,0,0,0,0,0
1778081509.4446697,g2.hpc.coe,40875,0.5001,0,100.0,2035.0,12288.0,53940180986,54234175380,56535019,56777311,1344117,0,0,0,0,0,0,0,0,0,0,0,0,40995144,40965393,41189,41168,2245,0,0,0,0,0,0,0,0
1778081509.9447522,g2.hpc.coe,40875,0.5001,0,100.0,2035.0,12288.0,53975608862,54269572594,56570718,56812988,1344171,0,0,0,0,0,0,0,0,0,0,0,0,35427876,35397214,35699,35677,54,0,0,0,0,0,0,0,0
1778081510.4448416,g2.hpc.coe,40875,0.5001,0,100.0,2035.0,12288.0,54016604297,54310538112,56611926,56854167,1344804,0,0,0,0,0,0,0,0,0,0,0,0,40995435,40965518,41208,41179,633,0,0,0,0,0,0,0,0
1778081510.9449291,g2.hpc.coe,40875,0.5001,0,100.0,2035.0,12288.0,54052032289,54345935340,56647628,56889846,1345243,0,0,0,0,0,0,0,0,0,0,0,0,35427992,35397228,35702,35679,439,0,0,0,0,0,0,0,0
1778081511.4450133,g2.hpc.coe,40875,0.5001,0,100.0,2035.0,12288.0,54086770271,54380645653,56682578,56924780,1345318,0,0,0,0,0,0,0,0,0,0,0,0,34737982,34710313,34950,34934,75,0,0,0,0,0,0,0,0
1778081511.9450986,g2.hpc.coe,40875,0.5001,0,100.0,2035.0,12288.0,54127765730,54421611095,56723778,56965955,1348975,0,0,0,0,0,0,0,0,0,0,0,0,40995459,40965442,41200,41175,3657,0,0,0,0,0,0,0,0
1778081512.4451864,g2.hpc.coe,40875,0.5001,0,100.0,2035.0,12288.0,54163193831,54457008344,56759473,57001637,1349114,0,0,0,0,0,0,0,0,0,0,0,0,35428101,35397249,35695,35682,139,0,0,0,0,0,0,0,0
1778081512.945276,g2.hpc.coe,40875,0.5001,0,100.0,2035.0,12288.0,54204189359,54497973786,56800667,57042812,1349916,0,0,0,0,0,0,0,0,0,0,0,0,40995528,40965442,41194,41175,802,0,0,0,0,0,0,0,0
1778081513.4453611,g2.hpc.coe,40875,0.5001,0,100.0,2035.0,12288.0,54239616502,54533370964,56836362,57078486,1349934,0,0,0,0,0,0,0,0,0,0,0,0,35427143,35397178,35695,35674,18,0,0,0,0,0,0,0,0
1778081513.9454458,g2.hpc.coe,40875,0.5001,0,100.0,2035.0,12288.0,54274353620,54568081297,56871303,57113425,1349956,0,0,0,0,0,0,0,0,0,0,0,0,34737118,34710333,34941,34939,22,0,0,0,0,0,0,0,0
1778081514.445536,g2.hpc.coe,40875,0.5001,0,100.0,2035.0,12288.0,54315348265,54609046696,56912501,57154596,1351958,0,0,0,0,0,0,0,0,0,0,0,0,40994645,40965399,41198,41171,2002,0,0,0,0,0,0,0,0
1778081514.945623,g2.hpc.coe,40875,0.5001,0,100.0,2035.0,12288.0,54350775585,54644443811,56948201,57190261,1352830,0,0,0,0,0,0,0,0,0,0,0,0,35427320,35397115,35700,35665,872,0,0,0,0,0,0,0,0
1778081515.445711,g2.hpc.coe,40875,0.5001,0,100.0,2035.0,12288.0,54391770374,54685409265,56989397,57231433,1354420,0,0,0,0,0,0,0,0,0,0,0,0,40994789,40965454,41196,41172,1590,0,0,0,0,0,0,0,0
1778081515.9457963,g2.hpc.coe,40875,0.5001,0,100.0,2035.0,12288.0,54427197755,54720806387,57025092,57267099,1354453,0,0,0,0,0,0,0,0,0,0,0,0,35427381,35397122,35695,35666,33,0,0,0,0,0,0,0,0
1778081516.4458826,g2.hpc.coe,40875,0.5001,0,100.0,2035.0,12288.0,54461935174,54755516692,57060042,57302034,1354530,0,0,0,0,0,0,0,0,0,0,0,0,34737419,34710305,34950,34935,77,0,0,0,0,0,0,0,0
1778081516.9459853,g2.hpc.coe,40875,0.5001,0,100.0,2035.0,12288.0,54502930022,54796482140,57101235,57343212,1357371,0,0,0,0,0,0,0,0,0,0,0,0,40994848,40965448,41193,41178,2841,0,0,0,0,0,0,0,0
1778081517.4460752,g2.hpc.coe,40875,0.5001,0,100.0,2035.0,12288.0,54538357609,54831879262,57136939,57378878,1357391,0,0,0,0,0,0,0,0,0,0,0,0,35427587,35397122,35704,35666,20,0,0,0,0,0,0,0,0
1778081517.946164,g2.hpc.coe,40875,0.5001,0,100.0,2035.0,12288.0,54579352511,54872844662,57178124,57420047,1358152,0,0,0,0,0,0,0,0,0,0,0,0,40994902,40965400,41185,41169,761,0,0,0,0,0,0,0,0
1778081518.446254,g2.hpc.coe,40875,0.5001,0,100.0,2035.0,12288.0,54614780201,54908241799,57213827,57455713,1358170,0,0,0,0,0,0,0,0,0,0,0,0,35427690,35397137,35703,35666,18,0,0,0,0,0,0,0,0
1778081518.9463396,g2.hpc.coe,40875,0.5001,0,100.0,2035.0,12288.0,54652001798,54945982136,57251691,57493949,1358813,0,0,0,0,0,0,0,0,0,0,0,0,37221597,37740337,37864,38236,643,0,0,0,0,0,0,0,0
1778081519.4464288,g2.hpc.coe,40875,0.5001,0,100.0,2035.0,12288.0,54691203067,54984604399,57290727,57532557,1359654,0,0,0,0,0,0,0,0,0,0,0,0,39201269,38622263,39036,38608,841,0,0,0,0,0,0,0,0
1778081519.9465172,g2.hpc.coe,40875,0.5001,0,100.0,2035.0,12288.0,54725940876,55019314691,57325683,57567488,1359668,0,0,0,0,0,0,0,0,0,0,0,0,34737809,34710292,34956,34931,14,0,0,0,0,0,0,0,0
1778081520.446601,g2.hpc.coe,40875,0.5001,0,100.0,2035.0,12288.0,54766936191,55060280174,57366884,57608662,1360948,0,0,0,0,0,0,0,0,0,0,0,0,40995315,40965483,41201,41174,1280,0,0,0,0,0,0,0,0
1778081520.9466896,g2.hpc.coe,40875,0.5001,0,100.0,2035.0,12288.0,54802364098,55095677374,57402584,57644337,1361454,0,0,0,0,0,0,0,0,0,0,0,0,35427907,35397200,35700,35675,506,0,0,0,0,0,0,0,0
1778081521.4467723,g2.hpc.coe,40875,0.5001,0,100.0,2035.0,12288.0,54841574760,55134880452,57442296,57684081,1362850,0,0,0,0,0,0,0,0,0,0,0,0,39210662,39203078,39712,39744,1396,0,0,0,0,0,0,0,0
1778081521.9468641,g2.hpc.coe,40875,0.5001,0,100.0,2035.0,12288.0,54878787992,55172040526,57479491,57721204,1362873,0,0,0,0,0,0,0,0,0,0,0,0,37213232,37160074,37195,37123,23,0,0,0,0,0,0,0,0
1778081522.4469545,g2.hpc.coe,40875,0.5001,0,100.0,2035.0,12288.0,54913526026,55206750839,57514445,57756138,1362889,0,0,0,0,0,0,0,0,0,0,0,0,34738034,34710313,34954,34934,16,0,0,0,0,0,0,0,0
1778081522.9470458,g2.hpc.coe,40875,0.5001,0,100.0,2035.0,12288.0,54954521530,55247716253,57555648,57797309,1364516,0,0,0,0,0,0,0,0,0,0,0,0,40995504,40965414,41203,41171,1627,0,0,0,0,0,0,0,0
1778081523.447132,g2.hpc.coe,40875,0.5001,0,100.0,2035.0,12288.0,54989949662,55283113446,57591344,57832983,1364681,0,0,0,0,0,0,0,0,0,0,0,0,35428132,35397193,35696,35674,165,0,0,0,0,0,0,0,0
1778081523.9472153,g2.hpc.coe,40875,0.5001,0,100.0,2035.0,12288.0,55030937302,55324071120,57632514,57874127,1368414,0,0,0,0,0,0,0,0,0,0,0,0,40987640,40957674,41170,41144,3733,0,0,0,0,0,0,0,0
1778081524.4473016,g2.hpc.coe,40875,0.5001,0,100.0,2035.0,12288.0,55066372423,55359476003,57668239,57909823,1368433,0,0,0,0,0,0,0,0,0,0,0,0,35435121,35404883,35725,35696,19,0,0,0,0,0,0,0,0
1778081524.9473882,g2.hpc.coe,40875,0.5001,0,100.0,2035.0,12288.0,55101109691,55394186287,57703198,57944755,1369511,0,0,0,0,0,0,0,0,0,0,0,0,34737268,34710284,34959,34932,1078,0,0,0,0,0,0,0,0
1778081525.4474726,g2.hpc.coe,40875,0.5001,0,100.0,2035.0,12288.0,55142104360,55435151714,57744396,57985930,1371191,0,0,0,0,0,0,0,0,0,0,0,0,40994669,40965427,41198,41175,1680,0,0,0,0,0,0,0,0
1778081525.9475565,g2.hpc.coe,40875,0.5001,0,100.0,2035.0,12288.0,55177531676,55470548940,57780085,58021604,1371213,0,0,0,0,0,0,0,0,0,0,0,0,35427316,35397226,35689,35674,22,0,0,0,0,0,0,0,0
1778081526.4476473,g2.hpc.coe,40875,0.5001,0,100.0,2035.0,12288.0,55218526378,55511514339,57821274,58062775,1373454,0,0,0,0,0,0,0,0,0,0,0,0,40994702,40965399,41189,41171,2241,0,0,0,0,0,0,0,0
1778081526.9477346,g2.hpc.coe,40875,0.5001,0,100.0,2035.0,12288.0,55253953798,55546911566,57856971,58098456,1376801,0,0,0,0,0,0,0,0,0,0,0,0,35427420,35397227,35697,35681,3347,0,0,0,0,0,0,0,0
1778081527.447821,g2.hpc.coe,40875,0.5001,0,100.0,2035.0,12288.0,55288691278,55581621808,57891926,58133382,1377797,0,0,0,0,0,0,0,0,0,0,0,0,34737480,34710242,34955,34926,996,0,0,0,0,0,0,0,0
1778081527.9479096,g2.hpc.coe,40875,0.5001,0,100.0,2035.0,12288.0,55329686137,55622587207,57933117,58174553,1379122,0,0,0,0,0,0,0,0,0,0,0,0,40994859,40965399,41191,41171,1325,0,0,0,0,0,0,0,0
1778081528.447996,g2.hpc.coe,40875,0.5001,0,100.0,2035.0,12288.0,55365113644,55657984420,57968806,58210232,1379145,0,0,0,0,0,0,0,0,0,0,0,0,35427507,35397213,35689,35679,23,0,0,0,0,0,0,0,0
1778081528.9480836,g2.hpc.coe,40875,0.5001,0,100.0,2035.0,12288.0,55406108635,55698949827,58010000,58251402,1380862,0,0,0,0,0,0,0,0,0,0,0,0,40994991,40965407,41194,41170,1717,0,0,0,0,0,0,0,0
1778081529.4481704,g2.hpc.coe,40875,0.5001,0,100.0,2035.0,12288.0,55441536344,55734347090,58045702,58287086,1380885,0,0,0,0,0,0,0,0,0,0,0,0,35427709,35397263,35702,35684,23,0,0,0,0,0,0,0,0
1778081529.9482555,g2.hpc.coe,40875,0.5001,0,100.0,2035.0,12288.0,55476274105,55769057417,58080661,58322022,1380906,0,0,0,0,0,0,0,0,0,0,0,0,34737761,34710327,34959,34936,21,0,0,0,0,0,0,0,0
1778081530.4483464,g2.hpc.coe,40875,0.5001,0,100.0,2035.0,12288.0,55517269246,55810022831,58121856,58363193,1383346,0,0,0,0,0,0,0,0,0,0,0,0,40995141,40965414,41195,41171,2440,0,0,0,0,0,0,0,0
1778081530.948433,g2.hpc.coe,40875,0.5001,0,100.0,2035.0,12288.0,55552697168,55845420058,58157559,58398865,1383653,0,0,0,0,0,0,0,0,0,0,0,0,35427922,35397227,35703,35672,307,0,0,0,0,0,0,0,0
1778081531.4485145,g2.hpc.coe,40875,0.5001,0,100.0,2035.0,12288.0,55593692460,55886385514,58198762,58440042,1386265,0,0,0,0,0,0,0,0,0,0,0,0,40995292,40965456,41203,41177,2612,0,0,0,0,0,0,0,0
1778081531.9486024,g2.hpc.coe,40875,0.5001,0,100.0,2035.0,12288.0,55629120379,55921782714,58234460,58475717,1387829,0,0,0,0,0,0,0,0,0,0,0,0,35427919,35397200,35698,35675,1564,0,0,0,0,0,0,0,0
1778081532.4486837,g2.hpc.coe,40875,0.5001,0,100.0,2035.0,12288.0,55663858274,55956492999,58269404,58510647,1388399,0,0,0,0,0,0,0,0,0,0,0,0,34737895,34710285,34944,34930,570,0,0,0,0,0,0,0,0
1778081532.9487705,g2.hpc.coe,40875,0.5001,0,100.0,2035.0,12288.0,55704853633,55997458329,58310596,58551806,1388850,0,0,0,0,0,0,0,0,0,0,0,0,40995359,40965330,41192,41159,451,0,0,0,0,0,0,0,0
1778081533.4488595,g2.hpc.coe,40875,0.5001,0,100.0,2035.0,12288.0,55740281703,56032855578,58346295,58587488,1388872,0,0,0,0,0,0,0,0,0,0,0,0,35428070,35397249,35699,35682,22,0,0,0,0,0,0,0,0
1778081533.948945,g2.hpc.coe,40875,0.5001,0,100.0,2035.0,12288.0,55781277221,56073820943,58387494,58628652,1389348,0,0,0,0,0,0,0,0,0,0,0,0,40995518,40965365,41199,41164,476,0,0,0,0,0,0,0,0
1778081534.4490373,g2.hpc.coe,40875,0.5001,0,100.0,2035.0,12288.0,55816705394,56109218143,58423192,58664327,1389377,0,0,0,0,0,0,0,0,0,0,0,0,35428173,35397200,35698,35675,29,0,0,0,0,0,0,0,0
1778081534.9491215,g2.hpc.coe,40875,0.5001,0,100.0,2035.0,12288.0,55851442516,56143928406,58458140,58699256,1389883,0,0,0,0,0,0,0,0,0,0,0,0,34737122,34710263,34948,34929,506,0,0,0,0,0,0,0,0
1778081535.4492068,g2.hpc.coe,40875,0.5001,0,100.0,2035.0,12288.0,55892437039,56184893777,58499327,58740423,1390888,0,0,0,0,0,0,0,0,0,0,0,0,40994523,40965371,41187,41167,1005,0,0,0,0,0,0,0,0
1778081535.9492927,g2.hpc.coe,40875,0.5001,0,100.0,2035.0,12288.0,55927864434,56220290926,58535035,58776086,1391620,0,0,0,0,0,0,0,0,0,0,0,0,35427395,35397149,35708,35663,732,0,0,0,0,0,0,0,0
1778081536.4493775,g2.hpc.coe,40875,0.5001,0,100.0,2035.0,12288.0,55968859130,56261256318,58576233,58817256,1393370,0,0,0,0,0,0,0,0,0,0,0,0,40994696,40965392,41198,41170,1750,0,0,0,0,0,0,0,0
1778081536.9494681,g2.hpc.coe,40875,0.5001,0,100.0,2035.0,12288.0,56004287110,56296653943,58611948,58852938,1393995,0,0,0,0,0,0,0,0,0,0,0,0,35427980,35397625,35715,35682,625,0,0,0,0,0,0,0,0
1778081537.4495566,g2.hpc.coe,40875,0.5001,0,100.0,2035.0,12288.0,56041066374,56334263195,58649896,58891181,1397042,0,0,0,0,0,0,0,0,0,0,0,0,36779264,37609252,37948,38243,3047,0,0,0,0,0,0,0,0
1778081537.9496515,g2.hpc.coe,40875,0.5001,0,100.0,2035.0,12288.0,56080709368,56373016478,58688846,58929777,1398200,0,0,0,0,0,0,0,0,0,0,0,0,39642994,38753283,38950,38596,1158,0,0,0,0,0,0,0,0
1778081538.4497414,g2.hpc.coe,40875,0.5001,0,100.0,2035.0,12288.0,56115446811,56407726755,58723792,58964708,1398215,0,0,0,0,0,0,0,0,0,0,0,0,34737443,34710277,34946,34931,15,0,0,0,0,0,0,0,0
1778081538.949824,g2.hpc.coe,40875,0.5001,0,100.0,2035.0,12288.0,56156441760,56448692196,58764992,59005885,1399075,0,0,0,0,0,0,0,0,0,0,0,0,40994949,40965441,41200,41177,860,0,0,0,0,0,0,0,0
1778081539.4499297,g2.hpc.coe,40875,0.5001,0,100.0,2035.0,12288.0,56191869343,56484089417,58800686,59041563,1399792,0,0,0,0,0,0,0,0,0,0,0,0,35427583,35397221,35694,35678,717,0,0,0,0,0,0,0,0
1778081539.9500396,g2.hpc.coe,40875,0.5001,0,100.0,2035.0,12288.0,56230235412,56522943132,58839785,59080659,1402420,0,0,0,0,0,0,0,0,0,0,0,0,38366069,38853715,39099,39096,2628,0,0,0,0,0,0,0,0
1778081540.4501245,g2.hpc.coe,40875,0.5001,0,100.0,2035.0,12288.0,56268292102,56560452003,58877583,59118405,1402635,0,0,0,0,0,0,0,0,0,0,0,0,38056690,37508871,37798,37746,215,0,0,0,0,0,0,0,0
1778081540.9502084,g2.hpc.coe,40875,0.5001,0,100.0,2035.0,12288.0,56303029988,56595162315,58912547,59153332,1402652,0,0,0,0,0,0,0,0,0,0,0,0,34737886,34710312,34964,34927,17,0,0,0,0,0,0,0,0
1778081541.450294,g2.hpc.coe,40875,0.5001,0,100.0,2035.0,12288.0,56344025134,56636127673,58953739,59194495,1403604,0,0,0,0,0,0,0,0,0,0,0,0,40995146,40965358,41192,41163,952,0,0,0,0,0,0,0,0
1778081541.950382,g2.hpc.coe,40875,0.5001,0,100.0,2035.0,12288.0,56379453054,56671524852,58989447,59230167,1406131,0,0,0,0,0,0,0,0,0,0,0,0,35427920,35397179,35708,35672,2527,0,0,0,0,0,0,0,0
1778081542.4504707,g2.hpc.coe,40875,0.5001,0,100.0,2035.0,12288.0,56419476152,56711967212,59030218,59271205,1408348,0,0,0,0,0,0,0,0,0,0,0,0,40023098,40442360,40771,41038,2217,0,0,0,0,0,0,0,0
1778081542.950552,g2.hpc.coe,40875,0.5001,0,100.0,2035.0,12288.0,56455876270,56747887459,59066341,59307012,1408457,0,0,0,0,0,0,0,0,0,0,0,0,36400118,35920247,36123,35807,109,0,0,0,0,0,0,0,0
1778081543.4506364,g2.hpc.coe,40875,0.5001,0,100.0,2035.0,12288.0,56490614282,56782597737,59101298,59341941,1408504,0,0,0,0,0,0,0,0,0,0,0,0,34738012,34710278,34957,34929,47,0,0,0,0,0,0,0,0
1778081543.9507213,g2.hpc.coe,40875,0.5001,0,100.0,2035.0,12288.0,56531609730,56823563095,59142499,59383104,1411680,0,0,0,0,0,0,0,0,0,0,0,0,40995448,40965358,41201,41163,3176,0,0,0,0,0,0,0,0
1778081544.4508066,g2.hpc.coe,40875,0.5001,0,100.0,2035.0,12288.0,56567037791,56858960295,59178193,59418779,1412521,0,0,0,0,0,0,0,0,0,0,0,0,35428061,35397200,35694,35675,841,0,0,0,0,0,0,0,0
1778081544.9508991,g2.hpc.coe,40875,0.5001,0,100.0,2035.0,12288.0,56608033307,56899925681,59219388,59459946,1414308,0,0,0,0,0,0,0,0,0,0,0,0,40995516,40965386,41195,41167,1787,0,0,0,0,0,0,0,0
1778081545.4509819,g2.hpc.coe,40875,0.5001,0,100.0,2035.0,12288.0,56643461457,56935322944,59255079,59495630,1414333,0,0,0,0,0,0,0,0,0,0,0,0,35428150,35397263,35691,35684,25,0,0,0,0,0,0,0,0
1778081545.9510643,g2.hpc.coe,40875,0.5001,0,100.0,2035.0,12288.0,56678198662,56970033207,59290035,59530559,1414356,0,0,0,0,0,0,0,0,0,0,0,0,34737205,34710263,34956,34929,23,0,0,0,0,0,0,0,0
1778081546.4511535,g2.hpc.coe,40875,0.5001,0,100.0,2035.0,12288.0,56719193253,57010998634,59331228,59571734,1417762,0,0,0,0,0,0,0,0,0,0,0,0,40994591,40965427,41193,41175,3406,0,0,0,0,0,0,0,0
1778081546.951239,g2.hpc.coe,40875,0.5001,0,100.0,2035.0,12288.0,56754620548,57046395868,59366927,59607416,1417859,0,0,0,0,0,0,0,0,0,0,0,0,35427295,35397234,35699,35682,97,0,0,0,0,0,0,0,0
1778081547.4513223,g2.hpc.coe,40875,0.5001,0,100.0,2035.0,12288.0,56795615270,57087361246,59408125,59648584,1418394,0,0,0,0,0,0,0,0,0,0,0,0,40994722,40965378,41198,41168,535,0,0,0,0,0,0,0,0
1778081547.951404,g2.hpc.coe,40875,0.5001,0,100.0,2035.0,12288.0,56831042660,57122758403,59443824,59684255,1418477,0,0,0,0,0,0,0,0,0,0,0,0,35427390,35397157,35699,35671,83,0,0,0,0,0,0,0,0
1778081548.451485,g2.hpc.coe,40875,0.5001,0,100.0,2035.0,12288.0,56865780117,57157468645,59478782,59719181,1418493,0,0,0,0,0,0,0,0,0,0,0,0,34737457,34710242,34958,34926,16,0,0,0,0,0,0,0,0
1778081548.9515667,g2.hpc.coe,40875,0.5001,0,100.0,2035.0,12288.0,56906774953,57198434002,59519976,59760346,1419675,0,0,0,0,0,0,0,0,0,0,0,0,40994836,40965357,41194,41165,1182,0,0,0,0,0,0,0,0
1778081549.4516492,g2.hpc.coe,40875,0.5001,0,100.0,2035.0,12288.0,56942202465,57233831222,59555672,59796026,1419701,0,0,0,0,0,0,0,0,0,0,0,0,35427512,35397220,35696,35680,26,0,0,0,0,0,0,0,0
1778081549.9517322,g2.hpc.coe,40875,0.5001,0,100.0,2035.0,12288.0,56983197480,57274796642,59596878,59837200,1421216,0,0,0,0,0,0,0,0,0,0,0,0,40995015,40965420,41206,41174,1515,0,0,0,0,0,0,0,0
1778081550.4518223,g2.hpc.coe,40875,0.5001,0,100.0,2035.0,12288.0,57018625109,57310193842,59632575,59872875,1421237,0,0,0,0,0,0,0,0,0,0,0,0,35427629,35397200,35697,35675,21,0,0,0,0,0,0,0,0
1778081550.9519076,g2.hpc.coe,40875,0.5001,0,100.0,2035.0,12288.0,57053362805,57344904148,59667531,59907808,1422054,0,0,0,0,0,0,0,0,0,0,0,0,34737696,34710306,34956,34933,817,0,0,0,0,0,0,0,0
1778081551.4519923,g2.hpc.coe,40875,0.5001,0,100.0,2035.0,12288.0,57094357951,57385869582,59708724,59948975,1426244,0,0,0,0,0,0,0,0,0,0,0,0,40995146,40965434,41193,41167,4190,0,0,0,0,0,0,0,0
1778081551.9520755,g2.hpc.coe,40875,0.5001,0,100.0,2035.0,12288.0,57129786297,57421267243,59744431,59984660,1426269,0,0,0,0,0,0,0,0,0,0,0,0,35428346,35397661,35707,35685,25,0,0,0,0,0,0,0,0
1778081552.4521596,g2.hpc.coe,40875,0.5001,0,100.0,2035.0,12288.0,57170781503,57462232608,59785628,60025824,1426750,0,0,0,0,0,0,0,0,0,0,0,0,40995206,40965365,41197,41164,481,0,0,0,0,0,0,0,0
1778081552.9522505,g2.hpc.coe,40875,0.5001,0,100.0,2035.0,12288.0,57206209385,57497629871,59821327,60061508,1426793,0,0,0,0,0,0,0,0,0,0,0,0,35427882,35397263,35699,35684,43,0,0,0,0,0,0,0,0
1778081553.4523351,g2.hpc.coe,40875,0.5001,0,100.0,2035.0,12288.0,57240947291,57532340114,59856279,60096432,1427086,0,0,0,0,0,0,0,0,0,0,0,0,34737906,34710243,34952,34924,293,0,0,0,0,0,0,0,0
1778081553.9524186,g2.hpc.coe,40875,0.5001,0,100.0,2035.0,12288.0,57281942584,57573305528,59897468,60137603,1428933,0,0,0,0,0,0,0,0,0,0,0,0,40995293,40965414,41189,41171,1847,0,0,0,0,0,0,0,0
1778081554.4525084,g2.hpc.coe,40875,0.5001,0,100.0,2035.0,12288.0,57317370637,57608702721,59933171,60173277,1429191,0,0,0,0,0,0,0,0,0,0,0,0,35428053,35397193,35703,35674,258,0,0,0,0,0,0,0,0
1778081554.9525943,g2.hpc.coe,40875,0.5001,0,100.0,2035.0,12288.0,57358366089,57649668128,59974369,60214447,1430866,0,0,0,0,0,0,0,0,0,0,0,0,40995452,40965407,41198,41170,1675,0,0,0,0,0,0,0,0
1778081555.4526818,g2.hpc.coe,40875,0.5001,0,100.0,2035.0,12288.0,57393794169,57685065356,60010060,60250126,1430889,0,0,0,0,0,0,0,0,0,0,0,0,35428080,35397228,35691,35679,23,0,0,0,0,0,0,0,0
1778081555.952769,g2.hpc.coe,40875,0.5001,0,100.0,2035.0,12288.0,57434789780,57726030700,60051265,60291287,1433723,0,0,0,0,0,0,0,0,0,0,0,0,40995611,40965344,41205,41161,2834,0,0,0,0,0,0,0,0
1778081556.4528594,g2.hpc.coe,40875,0.5001,0,100.0,2035.0,12288.0,57469526969,57760741011,60086213,60326216,1434187,0,0,0,0,0,0,0,0,0,0,0,0,34737189,34710311,34948,34929,464,0,0,0,0,0,0,0,0
1778081556.9529438,g2.hpc.coe,40875,0.5001,0,100.0,2035.0,12288.0,57504954208,57796138196,60121914,60361891,1435048,0,0,0,0,0,0,0,0,0,0,0,0,35427239,35397185,35701,35675,861,0,0,0,0,0,0,0,0
1778081557.4530334,g2.hpc.coe,40875,0.5001,0,100.0,2035.0,12288.0,57545948881,57837103448,60163115,60403041,1436719,0,0,0,0,0,0,0,0,0,0,0,0,40994673,40965252,41201,41150,1671,0,0,0,0,0,0,0,0
1778081557.9531174,g2.hpc.coe,40875,0.5001,0,100.0,2035.0,12288.0,57581376216,57872500549,60198816,60438704,1436741,0,0,0,0,0,0,0,0,0,0,0,0,35427335,35397101,35701,35663,22,0,0,0,0,0,0,0,0
1778081558.4532096,g2.hpc.coe,40875,0.5001,0,100.0,2035.0,12288.0,57618750866,57910318131,60236854,60477103,1439917,0,0,0,0,0,0,0,0,0,0,0,0,37374650,37817582,38038,38399,3176,0,0,0,0,0,0,0,0
1778081558.9532924,g2.hpc.coe,40875,0.5001,0,100.0,2035.0,12288.0,57657798351,57948863161,60275709,60515554,1440078,0,0,0,0,0,0,0,0,0,0,0,0,39047485,38545030,38855,38451,161,0,0,0,0,0,0,0,0
1778081559.4533753,g2.hpc.coe,40875,0.5001,0,100.0,2035.0,12288.0,57692535792,57983573382,60310661,60550477,1440475,0,0,0,0,0,0,0,0,0,0,0,0,34737441,34710221,34952,34923,397,0,0,0,0,0,0,0,0
1778081559.9534605,g2.hpc.coe,40875,0.5001,0,100.0,2035.0,12288.0,57733530683,58024538802,60351859,60591651,1442804,0,0,0,0,0,0,0,0,0,0,0,0,40994891,40965420,41198,41174,2329,0,0,0,0,0,0,0,0
1778081560.4535513,g2.hpc.coe,40875,0.5001,0,100.0,2035.0,12288.0,57768958187,58059935994,60387550,60627327,1442826,0,0,0,0,0,0,0,0,0,0,0,0,35427504,35397192,35691,35676,22,0,0,0,0,0,0,0,0
1778081560.9536428,g2.hpc.coe,40875,0.5001,0,100.0,2035.0,12288.0,57808934598,58100386558,60428246,60668362,1445414,0,0,0,0,0,0,0,0,0,0,0,0,39976411,40450564,40696,41035,2588,0,0,0,0,0,0,0,0
1778081561.4537287,g2.hpc.coe,40875,0.5001,0,100.0,2035.0,12288.0,57845380928,58136298677,60464448,60704176,1446210,0,0,0,0,0,0,0,0,0,0,0,0,36446330,35912119,36202,35814,796,0,0,0,0,0,0,0,0
1778081561.9538128,g2.hpc.coe,40875,0.5001,0,100.0,2035.0,12288.0,57880118644,58171008969,60499403,60739107,1447103,0,0,0,0,0,0,0,0,0,0,0,0,34737716,34710292,34955,34931,893,0,0,0,0,0,0,0,0
1778081562.453909,g2.hpc.coe,40875,0.5001,0,100.0,2035.0,12288.0,57921113698,58211974376,60540588,60780277,1448157,0,0,0,0,0,0,0,0,0,0,0,0,40995054,40965407,41185,41170,1054,0,0,0,0,0,0,0,0
1778081562.9539933,g2.hpc.coe,40875,0.5001,0,100.0,2035.0,12288.0,57956541518,58247371597,60576288,60815955,1448579,0,0,0,0,0,0,0,0,0,0,0,0,35427820,35397221,35700,35678,422,0,0,0,0,0,0,0,0
1778081563.454078,g2.hpc.coe,40875,0.5001,0,100.0,2035.0,12288.0,57997536765,58288337011,60617487,60857126,1449861,0,0,0,0,0,0,0,0,0,0,0,0,40995247,40965414,41199,41171,1282,0,0,0,0,0,0,0,0
1778081563.9541695,g2.hpc.coe,40875,0.5001,0,100.0,2035.0,12288.0,58032964688,58323734267,60653188,60892809,1449891,0,0,0,0,0,0,0,0,0,0,0,0,35427923,35397256,35701,35683,30,0,0,0,0,0,0,0,0
1778081564.454254,g2.hpc.coe,40875,0.5001,0,100.0,2035.0,12288.0,58067702621,58358444587,60688140,60927744,1449906,0,0,0,0,0,0,0,0,0,0,0,0,34737933,34710320,34952,34935,15,0,0,0,0,0,0,0,0
1778081564.9543405,g2.hpc.coe,40875,0.5001,0,100.0,2035.0,12288.0,58108697976,58399410001,60729334,60968915,1450452,0,0,0,0,0,0,0,0,0,0,0,0,40995355,40965414,41194,41171,546,0,0,0,0,0,0,0,0
1778081565.4544258,g2.hpc.coe,40875,0.5001,0,100.0,2035.0,12288.0,58144126020,58434807257,60765032,61004598,1450485,0,0,0,0,0,0,0,0,0,0,0,0,35428044,35397256,35698,35683,33,0,0,0,0,0,0,0,0
1778081565.9545114,g2.hpc.coe,40875,0.5001,0,100.0,2035.0,12288.0,58185121527,58475772692,60806232,61045772,1452343,0,0,0,0,0,0,0,0,0,0,0,0,40995507,40965435,41200,41174,1858,0,0,0,0,0,0,0,0
1778081566.4546018,g2.hpc.coe,40875,0.5001,0,100.0,2035.0,12288.0,58220549667,58511169947,60841921,61081448,1452821,0,0,0,0,0,0,0,0,0,0,0,0,35428140,35397255,35689,35676,478,0,0,0,0,0,0,0,0
1778081566.9546862,g2.hpc.coe,40875,0.5001,0,100.0,2035.0,12288.0,58255288442,58545880637,60876883,61116380,1453137,0,0,0,0,0,0,0,0,0,0,0,0,34738775,34710690,34962,34932,316,0,0,0,0,0,0,0,0
1778081567.4547737,g2.hpc.coe,40875,0.5001,0,100.0,2035.0,12288.0,58296282954,58586846001,60918071,61157546,1456304,0,0,0,0,0,0,0,0,0,0,0,0,40994512,40965364,41188,41166,3167,0,0,0,0,0,0,0,0
1778081567.9548793,g2.hpc.coe,40875,0.5001,0,100.0,2035.0,12288.0,58331710191,58622243144,60953768,61193215,1456326,0,0,0,0,0,0,0,0,0,0,0,0,35427237,35397143,35697,35669,22,0,0,0,0,0,0,0,0
1778081568.4549658,g2.hpc.coe,40875,0.5001,0,100.0,2035.0,12288.0,58372705098,58663208784,60994967,61234389,1457079,0,0,0,0,0,0,0,0,0,0,0,0,40994907,40965640,41199,41174,753,0,0,0,0,0,0,0,0
1778081568.95505,g2.hpc.coe,40875,0.5001,0,100.0,2035.0,12288.0,58408132432,58698605976,61030662,61270065,1457227,0,0,0,0,0,0,0,0,0,0,0,0,35427334,35397192,35695,35676,148,0,0,0,0,0,0,0,0
1778081569.455138,g2.hpc.coe,40875,0.5001,0,100.0,2035.0,12288.0,58442869747,58733316197,61065606,61304988,1457251,0,0,0,0,0,0,0,0,0,0,0,0,34737315,34710221,34944,34923,24,0,0,0,0,0,0,0,0
1778081569.955221,g2.hpc.coe,40875,0.5001,0,100.0,2035.0,12288.0,58483864497,58774281603,61106794,61346160,1459653,0,0,0,0,0,0,0,0,0,0,0,0,40994750,40965406,41188,41172,2402,0,0,0,0,0,0,0,0
1778081570.4553108,g2.hpc.coe,40875,0.5001,0,100.0,2035.0,12288.0,58519291972,58809678802,61142491,61381837,1459675,0,0,0,0,0,0,0,0,0,0,0,0,35427475,35397199,35697,35677,22,0,0,0,0,0,0,0,0
1778081570.9553952,g2.hpc.coe,40875,0.5001,0,100.0,2035.0,12288.0,58560286838,58850644271,61183682,61423018,1460962,0,0,0,0,0,0,0,0,0,0,0,0,40994866,40965469,41191,41181,1287,0,0,0,0,0,0,0,0
1778081571.4554796,g2.hpc.coe,40875,0.5001,0,100.0,2035.0,12288.0,58595714429,58886041491,61219382,61458698,1461213,0,0,0,0,0,0,0,0,0,0,0,0,35427591,35397220,35700,35680,251,0,0,0,0,0,0,0,0
1778081571.9555645,g2.hpc.coe,40875,0.5001,0,100.0,2035.0,12288.0,58630452144,58920751831,61254338,61493765,1464135,0,0,0,0,0,0,0,0,0,0,0,0,34737715,34710340,34956,35067,2922,0,0,0,0,0,0,0,0
1778081572.4556487,g2.hpc.coe,40875,0.5001,0,100.0,2035.0,12288.0,58671462700,58961958294,61295842,61535299,1466565,0,0,0,0,0,0,0,0,0,0,0,0,41010556,41206463,41504,41534,2430,0,0,0,0,0,0,0,0
1778081572.9557335,g2.hpc.coe,40875,0.5001,0,100.0,2035.0,12288.0,58706874926,58997114361,61331230,61570463,1466588,0,0,0,0,0,0,0,0,0,0,0,0,35412226,35156067,35388,35164,23,0,0,0,0,0,0,0,0
1778081573.4557955,g2.hpc.coe,40875,0.5001,0,100.0,2035.0,12288.0,58747870033,59038079740,61372419,61611629,1467226,0,0,0,0,0,0,0,0,0,0,0,0,40995107,40965379,41189,41166,638,0,0,0,0,0,0,0,0
1778081573.9558797,g2.hpc.coe,40875,0.5001,0,100.0,2035.0,12288.0,58783297829,59073476940,61408112,61647304,1467251,0,0,0,0,0,0,0,0,0,0,0,0,35427796,35397200,35693,35675,25,0,0,0,0,0,0,0,0
1778081574.4559703,g2.hpc.coe,40875,0.5001,0,100.0,2035.0,12288.0,58822011247,59112407108,61447413,61686450,1468313,0,0,0,0,0,0,0,0,0,0,0,0,38713418,38930168,39301,39146,1062,0,0,0,0,0,0,0,0
1778081574.9560547,g2.hpc.coe,40875,0.5001,0,100.0,2035.0,12288.0,58859720881,59149839652,61484988,61724164,1473982,0,0,0,0,0,0,0,0,0,0,0,0,37709634,37432544,37575,37714,5669,0,0,0,0,0,0,0,0
1778081575.4561417,g2.hpc.coe,40875,0.5001,0,100.0,2035.0,12288.0,58894458826,59184549986,61519938,61759101,1474004,0,0,0,0,0,0,0,0,0,0,0,0,34737945,34710334,34950,34937,22,0,0,0,0,0,0,0,0
1778081575.9562275,g2.hpc.coe,40875,0.5001,0,100.0,2035.0,12288.0,58935454255,59225515407,61561139,61800273,1475785,0,0,0,0,0,0,0,0,0,0,0,0,40995429,40965421,41201,41172,1781,0,0,0,0,0,0,0,0
1778081576.4563112,g2.hpc.coe,40875,0.5001,0,100.0,2035.0,12288.0,58970882374,59260912635,61596844,61835952,1475814,0,0,0,0,0,0,0,0,0,0,0,0,35428119,35397228,35705,35679,29,0,0,0,0,0,0,0,0
1778081576.956397,g2.hpc.coe,40875,0.5001,0,100.0,2035.0,12288.0,59010188113,59300471114,61636806,61876043,1478871,0,0,0,0,0,0,0,0,0,0,0,0,39305739,39558479,39962,40091,3057,0,0,0,0,0,0,0,0
1778081577.4564857,g2.hpc.coe,40875,0.5001,0,100.0,2035.0,12288.0,59047306130,59337275241,61673739,61912790,1479600,0,0,0,0,0,0,0,0,0,0,0,0,37118017,36804127,36933,36747,729,0,0,0,0,0,0,0,0
1778081577.956571,g2.hpc.coe,40875,0.5001,0,100.0,2035.0,12288.0,59082043330,59371985511,61708697,61947720,1480082,0,0,0,0,0,0,0,0,0,0,0,0,34737200,34710270,34958,34930,482,0,0,0,0,0,0,0,0
1778081578.4566607,g2.hpc.coe,40875,0.5001,0,100.0,2035.0,12288.0,59123037959,59412950938,61749898,61988895,1482829,0,0,0,0,0,0,0,0,0,0,0,0,40994629,40965427,41201,41175,2747,0,0,0,0,0,0,0,0
1778081578.956746,g2.hpc.coe,40875,0.5001,0,100.0,2035.0,12288.0,59158465243,59448348123,61785598,62024570,1482863,0,0,0,0,0,0,0,0,0,0,0,0,35427284,35397185,35700,35675,34,0,0,0,0,0,0,0,0
1778081579.4568372,g2.hpc.coe,40875,0.5001,0,100.0,2035.0,12288.0,59199459862,59489313466,61826784,62065733,1485376,0,0,0,0,0,0,0,0,0,0,0,0,40994619,40965343,41186,41163,2513,0,0,0,0,0,0,0,0
1778081579.956922,g2.hpc.coe,40875,0.5001,0,100.0,2035.0,12288.0,59234887185,59524710588,61862476,62101399,1485397,0,0,0,0,0,0,0,0,0,0,0,0,35427323,35397122,35692,35666,21,0,0,0,0,0,0,0,0
1778081580.4570103,g2.hpc.coe,40875,0.5001,0,100.0,2035.0,12288.0,59269624581,59559420858,61897428,62136329,1485423,0,0,0,0,0,0,0,0,0,0,0,0,34737396,34710270,34952,34930,26,0,0,0,0,0,0,0,0
1778081580.9571054,g2.hpc.coe,40875,0.5001,0,100.0,2035.0,12288.0,59310619427,59600386222,61938626,62177495,1489927,0,0,0,0,0,0,0,0,0,0,0,0,40994846,40965364,41198,41166,4504,0,0,0,0,0,0,0,0
1778081581.4571893,g2.hpc.coe,40875,0.5001,0,100.0,2035.0,12288.0,59346046928,59635783414,61974323,62213171,1489952,0,0,0,0,0,0,0,0,0,0,0,0,35427501,35397192,35697,35676,25,0,0,0,0,0,0,0,0
1778081581.9572797,g2.hpc.coe,40875,0.5001,0,100.0,2035.0,12288.0,59387042526,59676749315,62015534,62254351,1491429,0,0,0,0,0,0,0,0,0,0,0,0,40995598,40965901,41211,41180,1477,0,0,0,0,0,0,0,0
1778081582.4573736,g2.hpc.coe,40875,0.5001,0,100.0,2035.0,12288.0,59422470081,59712146515,62051223,62290026,1492218,0,0,0,0,0,0,0,0,0,0,0,0,35427555,35397200,35689,35675,789,0,0,0,0,0,0,0,0
1778081582.9574656,g2.hpc.coe,40875,0.5001,0,100.0,2035.0,12288.0,59457207731,59746856800,62086175,62324956,1492241,0,0,0,0,0,0,0,0,0,0,0,0,34737650,34710285,34952,34930,23,0,0,0,0,0,0,0,0
1778081583.4575505,g2.hpc.coe,40875,0.5001,0,100.0,2035.0,12288.0,59498202866,59787822235,62127378,62366130,1495477,0,0,0,0,0,0,0,0,0,0,0,0,40995135,40965435,41203,41174,3236,0,0,0,0,0,0,0,0
1778081583.9576545,g2.hpc.coe,40875,0.5001,0,100.0,2035.0,12288.0,59533630621,59823219463,62163075,62401809,1495503,0,0,0,0,0,0,0,0,0,0,0,0,35427755,35397228,35697,35679,26,0,0,0,0,0,0,0,0
1778081584.4577396,g2.hpc.coe,40875,0.5001,0,100.0,2035.0,12288.0,59574625795,59864184856,62204270,62442977,1496339,0,0,0,0,0,0,0,0,0,0,0,0,40995174,40965393,41195,41168,836,0,0,0,0,0,0,0,0
1778081584.957824,g2.hpc.coe,40875,0.5001,0,100.0,2035.0,12288.0,59610053687,59899582056,62239973,62478652,1496367,0,0,0,0,0,0,0,0,0,0,0,0,35427892,35397200,35703,35675,28,0,0,0,0,0,0,0,0
1778081585.4579098,g2.hpc.coe,40875,0.5001,0,100.0,2035.0,12288.0,59644791631,59934292327,62274933,62513580,1496393,0,0,0,0,0,0,0,0,0,0,0,0,34737944,34710271,34960,34928,26,0,0,0,0,0,0,0,0
1778081585.9579968,g2.hpc.coe,40875,0.5001,0,100.0,2035.0,12288.0,59685786962,59975257713,62316130,62554747,1498561,0,0,0,0,0,0,0,0,0,0,0,0,40995331,40965386,41197,41167,2168,0,0,0,0,0,0,0,0
1778081586.458088,g2.hpc.coe,40875,0.5001,0,100.0,2035.0,12288.0,59721214927,60010654920,62351823,62590423,1498588,0,0,0,0,0,0,0,0,0,0,0,0,35427965,35397207,35693,35676,27,0,0,0,0,0,0,0,0
1778081586.9581735,g2.hpc.coe,40875,0.5001,0,100.0,2035.0,12288.0,59762210479,60051620361,62393029,62631591,1499600,0,0,0,0,0,0,0,0,0,0,0,0,40995552,40965441,41206,41168,1012,0,0,0,0,0,0,0,0
1778081587.4582593,g2.hpc.coe,40875,0.5001,0,100.0,2035.0,12288.0,59797638589,60087017568,62428727,62667267,1499710,0,0,0,0,0,0,0,0,0,0,0,0,35428110,35397207,35698,35676,110,0,0,0,0,0,0,0,0
1778081587.9583457,g2.hpc.coe,40875,0.5001,0,100.0,2035.0,12288.0,59832376759,60121727853,62463683,62702197,1499739,0,0,0,0,0,0,0,0,0,0,0,0,34738170,34710285,34956,34930,29,0,0,0,0,0,0,0,0
1778081588.4584312,g2.hpc.coe,40875,0.5001,0,100.0,2035.0,12288.0,59873372357,60162693267,62504882,62743368,1501697,0,0,0,0,0,0,0,0,0,0,0,0,40995598,40965414,41199,41171,1958,0,0,0,0,0,0,0,0
1778081588.9585178,g2.hpc.coe,40875,0.5001,0,100.0,2035.0,12288.0,59908799507,60198090417,62540573,62779038,1503085,0,0,0,0,0,0,0,0,0,0,0,0,35427150,35397150,35691,35670,1388,0,0,0,0,0,0,0,0
1778081589.4586012,g2.hpc.coe,40875,0.5001,0,100.0,2035.0,12288.0,59949794098,60239055816,62581765,62820209,1503385,0,0,0,0,0,0,0,0,0,0,0,0,40994591,40965399,41192,41171,300,0,0,0,0,0,0,0,0
1778081589.9586856,g2.hpc.coe,40875,0.5001,0,100.0,2035.0,12288.0,59985221407,60274453022,62617465,62855887,1503403,0,0,0,0,0,0,0,0,0,0,0,0,35427309,35397206,35700,35678,18,0,0,0,0,0,0,0,0
1778081590.4587786,g2.hpc.coe,40875,0.5001,0,100.0,2035.0,12288.0,60019958712,60309163285,62652414,62890816,1506411,0,0,0,0,0,0,0,0,0,0,0,0,34737305,34710263,34949,34929,3008,0,0,0,0,0,0,0,0
1778081590.9588642,g2.hpc.coe,40875,0.5001,0,100.0,2035.0,12288.0,60061040052,60350471902,62693958,62932499,1506437,0,0,0,0,0,0,0,0,0,0,0,0,41081340,41308617,41544,41683,26,0,0,0,0,0,0,0,0
1778081591.458952,g2.hpc.coe,40875,0.5001,0,100.0,2035.0,12288.0,60096380884,60385525904,62729304,62967667,1506611,0,0,0,0,0,0,0,0,0,0,0,0,35340832,35054002,35346,35168,174,0,0,0,0,0,0,0,0
1778081591.9590352,g2.hpc.coe,40875,0.5001,0,100.0,2035.0,12288.0,60137375685,60426491345,62770492,63008844,1507612,0,0,0,0,0,0,0,0,0,0,0,0,40994801,40965441,41188,41177,1001,0,0,0,0,0,0,0,0
1778081592.4591198,g2.hpc.coe,40875,0.5001,0,100.0,2035.0,12288.0,60172803295,60461888564,62806192,63044517,1507927,0,0,0,0,0,0,0,0,0,0,0,0,35427610,35397219,35700,35673,315,0,0,0,0,0,0,0,0
1778081592.9592032,g2.hpc.coe,40875,0.5001,0,100.0,2035.0,12288.0,60211096136,60500763457,62845171,63083621,1508001,0,0,0,0,0,0,0,0,0,0,0,0,38292841,38874893,38979,39104,74,0,0,0,0,0,0,0,0
1778081593.4592886,g2.hpc.coe,40875,0.5001,0,100.0,2035.0,12288.0,60249225935,60538251255,62883090,63121374,1508922,0,0,0,0,0,0,0,0,0,0,0,0,38129799,37487798,37919,37753,921,0,0,0,0,0,0,0,0
1778081593.9593737,g2.hpc.coe,40875,0.5001,0,100.0,2035.0,12288.0,60283963540,60572961575,62918032,63156309,1508946,0,0,0,0,0,0,0,0,0,0,0,0,34737605,34710320,34942,34935,24,0,0,0,0,0,0,0,0
1778081594.4594631,g2.hpc.coe,40875,0.5001,0,100.0,2035.0,12288.0,60324958651,60613927038,62959228,63197487,1511243,0,0,0,0,0,0,0,0,0,0,0,0,40995111,40965463,41196,41178,2297,0,0,0,0,0,0,0,0
1778081594.9595466,g2.hpc.coe,40875,0.5001,0,100.0,2035.0,12288.0,60360386417,60649324224,62994923,63233160,1511259,0,0,0,0,0,0,0,0,0,0,0,0,35427766,35397186,35695,35673,16,0,0,0,0,0,0,0,0
1778081595.459634,g2.hpc.coe,40875,0.5001,0,100.0,2035.0,12288.0,60399344062,60688480297,63034167,63272801,1514065,0,0,0,0,0,0,0,0,0,0,0,0,38957645,39156073,39244,39641,2806,0,0,0,0,0,0,0,0
1778081595.9597278,g2.hpc.coe,40875,0.5001,0,100.0,2035.0,12288.0,60436809491,60725686789,63071815,63309999,1517271,0,0,0,0,0,0,0,0,0,0,0,0,37465429,37206492,37648,37198,3206,0,0,0,0,0,0,0,0
1778081596.459814,g2.hpc.coe,40875,0.5001,0,100.0,2035.0,12288.0,60471547363,60760397088,63106761,63344931,1517293,0,0,0,0,0,0,0,0,0,0,0,0,34737872,34710299,34946,34932,22,0,0,0,0,0,0,0,0
1778081596.9599028,g2.hpc.coe,40875,0.5001,0,100.0,2035.0,12288.0,60512543278,60801363033,63147966,63386122,1518342,0,0,0,0,0,0,0,0,0,0,0,0,40995915,40965945,41205,41191,1049,0,0,0,0,0,0,0,0
1778081597.459988,g2.hpc.coe,40875,0.5001,0,100.0,2035.0,12288.0,60547971401,60836760330,63183669,63421804,1518379,0,0,0,0,0,0,0,0,0,0,0,0,35428123,35397297,35703,35682,37,0,0,0,0,0,0,0,0
1778081597.9600778,g2.hpc.coe,40875,0.5001,0,100.0,2035.0,12288.0,60588966881,60877725688,63224870,63462967,1518407,0,0,0,0,0,0,0,0,0,0,0,0,40995480,40965358,41201,41163,28,0,0,0,0,0,0,0,0
1778081598.4601755,g2.hpc.coe,40875,0.5001,0,100.0,2035.0,12288.0,60624395107,60913122839,63260581,63498635,1518435,0,0,0,0,0,0,0,0,0,0,0,0,35428226,35397151,35711,35668,28,0,0,0,0,0,0,0,0
1778081598.9602597,g2.hpc.coe,40875,0.5001,0,100.0,2035.0,12288.0,60659133323,60947833110,63295540,63533563,1518457,0,0,0,0,0,0,0,0,0,0,0,0,34738216,34710271,34959,34928,22,0,0,0,0,0,0,0,0
1778081599.4603467,g2.hpc.coe,40875,0.5001,0,100.0,2035.0,12288.0,60700127871,60988798516,63336736,63574735,1520742,0,0,0,0,0,0,0,0,0,0,0,0,40994548,40965406,41196,41172,2285,0,0,0,0,0,0,0,0
1778081599.9604332,g2.hpc.coe,40875,0.5001,0,100.0,2035.0,12288.0,60735555158,61024195743,63372443,63610416,1520771,0,0,0,0,0,0,0,0,0,0,0,0,35427287,35397227,35707,35681,29,0,0,0,0,0,0,0,0
1778081600.4605234,g2.hpc.coe,40875,0.5001,0,100.0,2035.0,12288.0,60776549753,61065161114,63413632,63651583,1523379,0,0,0,0,0,0,0,0,0,0,0,0,40994595,40965371,41189,41167,2608,0,0,0,0,0,0,0,0
1778081600.9606087,g2.hpc.coe,40875,0.5001,0,100.0,2035.0,12288.0,60811977108,61100558299,63449335,63687258,1523419,0,0,0,0,0,0,0,0,0,0,0,0,35427355,35397185,35703,35675,40,0,0,0,0,0,0,0,0
1778081601.4606984,g2.hpc.coe,40875,0.5001,0,100.0,2035.0,12288.0,60846714396,61135268569,63484278,63722188,1523446,0,0,0,0,0,0,0,0,0,0,0,0,34737288,34710270,34943,34930,27,0,0,0,0,0,0,0,0
1778081601.9607837,g2.hpc.coe,40875,0.5001,0,100.0,2035.0,12288.0,60887709162,61176233982,63525471,63763361,1526684,0,0,0,0,0,0,0,0,0,0,0,0,40994766,40965413,41193,41173,3238,0,0,0,0,0,0,0,0
1778081602.4608724,g2.hpc.coe,40875,0.5001,0,100.0,2035.0,12288.0,60923136765,61211631180,63561180,63799031,1526735,0,0,0,0,0,0,0,0,0,0,0,0,35427603,35397198,35709,35670,51,0,0,0,0,0,0,0,0
1778081602.9609587,g2.hpc.coe,40875,0.5001,0,100.0,2035.0,12288.0,60964131640,61252596537,63602375,63840196,1527123,0,0,0,0,0,0,0,0,0,0,0,0,40994875,40965357,41195,41165,388,0,0,0,0,0,0,0,0
1778081603.4610434,g2.hpc.coe,40875,0.5001,0,100.0,2035.0,12288.0,60999559198,61287993715,63638073,63875870,1527143,0,0,0,0,0,0,0,0,0,0,0,0,35427558,35397178,35698,35674,20,0,0,0,0,0,0,0,0
1778081603.9611292,g2.hpc.coe,40875,0.5001,0,100.0,2035.0,12288.0,61034296844,61322704063,63673031,63910809,1527167,0,0,0,0,0,0,0,0,0,0,0,0,34737646,34710348,34958,34939,24,0,0,0,0,0,0,0,0
1778081604.4612179,g2.hpc.coe,40875,0.5001,0,100.0,2035.0,12288.0,61075291912,61363669470,63714231,63951979,1528754,0,0,0,0,0,0,0,0,0,0,0,0,40995068,40965407,41200,41170,1587,0,0,0,0,0,0,0,0
1778081604.9613066,g2.hpc.coe,40875,0.5001,0,100.0,2035.0,12288.0,61110719642,61399066628,63749931,63987648,1528779,0,0,0,0,0,0,0,0,0,0,0,0,35427730,35397158,35700,35669,25,0,0,0,0,0,0,0,0
1778081605.4613905,g2.hpc.coe,40875,0.5001,0,100.0,2035.0,12288.0,61151714749,61440032063,63791123,64028822,1530128,0,0,0,0,0,0,0,0,0,0,0,0,40995107,40965435,41192,41174,1349,0,0,0,0,0,0,0,0
1778081605.9614744,g2.hpc.coe,40875,0.5001,0,100.0,2035.0,12288.0,61187142539,61475429284,63826818,64064500,1530185,0,0,0,0,0,0,0,0,0,0,0,0,35427790,35397221,35695,35678,57,0,0,0,0,0,0,0,0
1778081606.4615638,g2.hpc.coe,40875,0.5001,0,100.0,2035.0,12288.0,61221880382,61510139541,63861770,64099426,1530205,0,0,0,0,0,0,0,0,0,0,0,0,34737843,34710257,34952,34926,20,0,0,0,0,0,0,0,0
1778081606.961649,g2.hpc.coe,40875,0.5001,0,100.0,2035.0,12288.0,61262875646,61551104948,63902964,64140596,1531380,0,0,0,0,0,0,0,0,0,0,0,0,40995264,40965407,41194,41170,1175,0,0,0,0,0,0,0,0
1778081607.461734,g2.hpc.coe,40875,0.5001,0,100.0,2035.0,12288.0,61298303698,61586502203,63938667,64176272,1532241,0,0,0,0,0,0,0,0,0,0,0,0,35428052,35397255,35703,35676,861,0,0,0,0,0,0,0,0
1778081607.961826,g2.hpc.coe,40875,0.5001,0,100.0,2035.0,12288.0,61339299114,61627467617,63979869,64217443,1534299,0,0,0,0,0,0,0,0,0,0,0,0,40995416,40965414,41202,41171,2058,0,0,0,0,0,0,0,0
1778081608.4619114,g2.hpc.coe,40875,0.5001,0,100.0,2035.0,12288.0,61374727177,61662864866,64015569,64253125,1534453,0,0,0,0,0,0,0,0,0,0,0,0,35428063,35397249,35700,35682,154,0,0,0,0,0,0,0,0
1778081608.9619958,g2.hpc.coe,40875,0.5001,0,100.0,2035.0,12288.0,61409465245,61697575179,64050517,64288059,1534477,0,0,0,0,0,0,0,0,0,0,0,0,34738068,34710313,34948,34934,24,0,0,0,0,0,0,0,0
1778081609.462081,g2.hpc.coe,40875,0.5001,0,100.0,2035.0,12288.0,61450460791,61738540649,64091715,64329238,1536366,0,0,0,0,0,0,0,0,0,0,0,0,40995546,40965470,41198,41179,1889,0,0,0,0,0,0,0,0
1778081609.962166,g2.hpc.coe,40875,0.5001,0,100.0,2035.0,12288.0,61485889040,61773937877,64127419,64364917,1536394,0,0,0,0,0,0,0,0,0,0,0,0,35428249,35397228,35704,35679,28,0,0,0,0,0,0,0,0
1778081610.4622557,g2.hpc.coe,40875,0.5001,0,100.0,2035.0,12288.0,61526883648,61814903248,64168620,64406084,1538077,0,0,0,0,0,0,0,0,0,0,0,0,40994608,40965371,41201,41167,1683,0,0,0,0,0,0,0,0
1778081610.9623399,g2.hpc.coe,40875,0.5001,0,100.0,2035.0,12288.0,61562310862,61850300426,64204313,64441758,1539378,0,0,0,0,0,0,0,0,0,0,0,0,35427214,35397178,35693,35674,1301,0,0,0,0,0,0,0,0
1778081611.4624226,g2.hpc.coe,40875,0.5001,0,100.0,2035.0,12288.0,61601267980,61889243969,64243910,64481202,1545341,0,0,0,0,0,0,0,0,0,0,0,0,38957118,38943543,39597,39444,5963,0,0,0,0,0,0,0,0
1778081611.9625077,g2.hpc.coe,40875,0.5001,0,100.0,2035.0,12288.0,61638733435,61926663443,64281215,64518610,1546905,0,0,0,0,0,0,0,0,0,0,0,0,37465455,37419474,37305,37408,1564,0,0,0,0,0,0,0,0
1778081612.4625957,g2.hpc.coe,40875,0.5001,0,100.0,2035.0,12288.0,61673470826,61961373664,64316169,64553533,1546935,0,0,0,0,0,0,0,0,0,0,0,0,34737391,34710221,34954,34923,30,0,0,0,0,0,0,0,0
1778081612.9626892,g2.hpc.coe,40875,0.5001,0,100.0,2035.0,12288.0,61714465694,62002339104,64357364,64594703,1549938,0,0,0,0,0,0,0,0,0,0,0,0,40994868,40965440,41195,41170,3003,0,0,0,0,0,0,0,0
1778081613.462773,g2.hpc.coe,40875,0.5001,0,100.0,2035.0,12288.0,61749893161,62037736310,64393059,64630381,1550169,0,0,0,0,0,0,0,0,0,0,0,0,35427467,35397206,35695,35678,231,0,0,0,0,0,0,0,0
1778081613.9628642,g2.hpc.coe,40875,0.5001,0,100.0,2035.0,12288.0,61789686651,62077934155,64433556,64671115,1552084,0,0,0,0,0,0,0,0,0,0,0,0,39793490,40197845,40497,40734,1915,0,0,0,0,0,0,0,0
1778081614.4629538,g2.hpc.coe,40875,0.5001,0,100.0,2035.0,12288.0,61826315703,62114098909,64469958,64707227,1552187,0,0,0,0,0,0,0,0,0,0,0,0,36629052,36164754,36402,36112,103,0,0,0,0,0,0,0,0
1778081614.9630394,g2.hpc.coe,40875,0.5001,0,100.0,2035.0,12288.0,61861053326,62148809215,64504909,64742160,1552218,0,0,0,0,0,0,0,0,0,0,0,0,34737623,34710306,34951,34933,31,0,0,0,0,0,0,0,0
1778081615.4631245,g2.hpc.coe,40875,0.5001,0,100.0,2035.0,12288.0,61902048385,62189774671,64546104,64783337,1554826,0,0,0,0,0,0,0,0,0,0,0,0,40995059,40965456,41195,41177,2608,0,0,0,0,0,0,0,0
1778081615.9632096,g2.hpc.coe,40875,0.5001,0,100.0,2035.0,12288.0,61937476106,62225171794,64581799,64819001,1554895,0,0,0,0,0,0,0,0,0,0,0,0,35427721,35397123,35695,35664,69,0,0,0,0,0,0,0,0
1778081616.4632926,g2.hpc.coe,40875,0.5001,0,100.0,2035.0,12288.0,61978471239,62266137089,64622991,64860155,1555859,0,0,0,0,0,0,0,0,0,0,0,0,40995133,40965295,41192,41154,964,0,0,0,0,0,0,0,0
1778081616.963379,g2.hpc.coe,40875,0.5001,0,100.0,2035.0,12288.0,62013899062,62301534282,64658687,64895829,1555933,0,0,0,0,0,0,0,0,0,0,0,0,35427823,35397193,35696,35674,74,0,0,0,0,0,0,0,0
1778081617.4634638,g2.hpc.coe,40875,0.5001,0,100.0,2035.0,12288.0,62048636937,62336244602,64693640,64930764,1555970,0,0,0,0,0,0,0,0,0,0,0,0,34737875,34710320,34953,34935,37,0,0,0,0,0,0,0,0
1778081617.9635472,g2.hpc.coe,40875,0.5001,0,100.0,2035.0,12288.0,62089632332,62377210001,64734840,64971926,1559700,0,0,0,0,0,0,0,0,0,0,0,0,40995395,40965399,41200,41162,3730,0,0,0,0,0,0,0,0
1778081618.4636374,g2.hpc.coe,40875,0.5001,0,100.0,2035.0,12288.0,62125060319,62412607187,64770539,65007599,1559719,0,0,0,0,0,0,0,0,0,0,0,0,35427987,35397186,35699,35673,19,0,0,0,0,0,0,0,0
1778081618.9637318,g2.hpc.coe,40875,0.5001,0,100.0,2035.0,12288.0,62166055676,62453572559,64811729,65048764,1560884,0,0,0,0,0,0,0,0,0,0,0,0,40995357,40965372,41190,41165,1165,0,0,0,0,0,0,0,0
1778081619.463825,g2.hpc.coe,40875,0.5001,0,100.0,2035.0,12288.0,62201483786,62488969745,64847432,65084437,1561648,0,0,0,0,0,0,0,0,0,0,0,0,35428110,35397186,35703,35673,764,0,0,0,0,0,0,0,0
1778081619.96391,g2.hpc.coe,40875,0.5001,0,100.0,2035.0,12288.0,62236221859,62523680058,64882377,65119371,1561663,0,0,0,0,0,0,0,0,0,0,0,0,34738073,34710313,34945,34934,15,0,0,0,0,0,0,0,0
1778081620.463992,g2.hpc.coe,40875,0.5001,0,100.0,2035.0,12288.0,62277217423,62564645486,64923574,65160544,1564877,0,0,0,0,0,0,0,0,0,0,0,0,40995564,40965428,41197,41173,3214,0,0,0,0,0,0,0,0
1778081620.9640749,g2.hpc.coe,40875,0.5001,0,100.0,2035.0,12288.0,62312644602,62600042685,64959272,65196221,1565144,0,0,0,0,0,0,0,0,0,0,0,0,35427179,35397199,35698,35677,267,0,0,0,0,0,0,0,0
1778081621.4641595,g2.hpc.coe,40875,0.5001,0,100.0,2035.0,12288.0,62353639277,62641008070,65000479,65237390,1565626,0,0,0,0,0,0,0,0,0,0,0,0,40994675,40965385,41207,41169,482,0,0,0,0,0,0,0,0
1778081621.964246,g2.hpc.coe,40875,0.5001,0,100.0,2035.0,12288.0,62389066600,62676405269,65036184,65273067,1565649,0,0,0,0,0,0,0,0,0,0,0,0,35427323,35397199,35705,35677,23,0,0,0,0,0,0,0,0
1778081622.4643369,g2.hpc.coe,40875,0.5001,0,100.0,2035.0,12288.0,62423803975,62711115497,65071146,65307991,1565721,0,0,0,0,0,0,0,0,0,0,0,0,34737375,34710228,34962,34924,72,0,0,0,0,0,0,0,0
1778081622.9644227,g2.hpc.coe,40875,0.5001,0,100.0,2035.0,12288.0,62464798828,62752080979,65112349,65349167,1568125,0,0,0,0,0,0,0,0,0,0,0,0,40994853,40965482,41203,41176,2404,0,0,0,0,0,0,0,0
1778081623.4645064,g2.hpc.coe,40875,0.5001,0,100.0,2035.0,12288.0,62500226168,62787478073,65148036,65384829,1568142,0,0,0,0,0,0,0,0,0,0,0,0,35427340,35397094,35687,35662,17,0,0,0,0,0,0,0,0
1778081623.9645944,g2.hpc.coe,40875,0.5001,0,100.0,2035.0,12288.0,62541220969,62828443465,65189227,65425999,1569267,0,0,0,0,0,0,0,0,0,0,0,0,40994801,40965392,41191,41170,1125,0,0,0,0,0,0,0,0
1778081624.4646826,g2.hpc.coe,40875,0.5001,0,100.0,2035.0,12288.0,62576648474,62863840657,65224924,65461675,1569287,0,0,0,0,0,0,0,0,0,0,0,0,35427505,35397192,35697,35676,20,0,0,0,0,0,0,0,0
1778081624.9647648,g2.hpc.coe,40875,0.5001,0,100.0,2035.0,12288.0,62611385962,62898550878,65259868,65496598,1569322,0,0,0,0,0,0,0,0,0,0,0,0,34737488,34710221,34944,34923,35,0,0,0,0,0,0,0,0
1778081625.4648466,g2.hpc.coe,40875,0.5001,0,100.0,2035.0,12288.0,62652380935,62939516285,65301061,65537768,1572044,0,0,0,0,0,0,0,0,0,0,0,0,40994973,40965407,41193,41170,2722,0,0,0,0,0,0,0,0
1778081625.964938,g2.hpc.coe,40875,0.5001,0,100.0,2035.0,12288.0,62687808598,62974913499,65336758,65573445,1573020,0,0,0,0,0,0,0,0,0,0,0,0,35427663,35397214,35697,35677,976,0,0,0,0,0,0,0,0
1778081626.4650288,g2.hpc.coe,40875,0.5001,0,100.0,2035.0,12288.0,62728803639,63015878906,65377947,65614615,1574559,0,0,0,0,0,0,0,0,0,0,0,0,40995041,40965407,41189,41170,1539,0,0,0,0,0,0,0,0
1778081626.965111,g2.hpc.coe,40875,0.5001,0,100.0,2035.0,12288.0,62764232027,63051276567,65413662,65650300,1574591,0,0,0,0,0,0,0,0,0,0,0,0,35428388,35397661,35715,35685,32,0,0,0,0,0,0,0,0
1778081627.4652,g2.hpc.coe,40875,0.5001,0,100.0,2035.0,12288.0,62798969796,63085986887,65448610,65685337,1575749,0,0,0,0,0,0,0,0,0,0,0,0,34737769,34710320,34948,35037,1158,0,0,0,0,0,0,0,0
1778081627.9652956,g2.hpc.coe,40875,0.5001,0,100.0,2035.0,12288.0,62840654898,63127639278,65490545,65727153,1576788,0,0,0,0,0,0,0,0,0,0,0,0,41685102,41652391,41935,41816,1039,0,0,0,0,0,0,0,0
1778081628.4653814,g2.hpc.coe,40875,0.5001,0,100.0,2035.0,12288.0,62875393186,63162349811,65525499,65762087,1576813,0,0,0,0,0,0,0,0,0,0,0,0,34738288,34710533,34954,34934,25,0,0,0,0,0,0,0,0
1778081628.965468,g2.hpc.coe,40875,0.5001,0,100.0,2035.0,12288.0,62916388634,63203315239,65566710,65803260,1578448,0,0,0,0,0,0,0,0,0,0,0,0,40995448,40965428,41211,41173,1635,0,0,0,0,0,0,0,0
1778081629.465555,g2.hpc.coe,40875,0.5001,0,100.0,2035.0,12288.0,62951816610,63238712432,65602404,65838934,1578467,0,0,0,0,0,0,0,0,0,0,0,0,35427976,35397193,35694,35674,19,0,0,0,0,0,0,0,0
1778081629.9656386,g2.hpc.coe,40875,0.5001,0,100.0,2035.0,12288.0,62989162131,63276796618,65640905,65878030,1579734,0,0,0,0,0,0,0,0,0,0,0,0,37345521,38084186,38501,39096,1267,0,0,0,0,0,0,0,0
1778081630.4657283,g2.hpc.coe,40875,0.5001,0,100.0,2035.0,12288.0,63028240098,63315075039,65679291,65915779,1579852,0,0,0,0,0,0,0,0,0,0,0,0,39077967,38278421,38386,37749,118,0,0,0,0,0,0,0,0
1778081630.965812,g2.hpc.coe,40875,0.5001,0,100.0,2035.0,12288.0,63062978251,63349785366,65714244,65950715,1579878,0,0,0,0,0,0,0,0,0,0,0,0,34738153,34710327,34953,34936,26,0,0,0,0,0,0,0,0
1778081631.4658964,g2.hpc.coe,40875,0.5001,0,100.0,2035.0,12288.0,63103973825,63390750808,65755439,65991890,1582917,0,0,0,0,0,0,0,0,0,0,0,0,40995574,40965442,41195,41175,3039,0,0,0,0,0,0,0,0
1778081631.9659805,g2.hpc.coe,40875,0.5001,0,100.0,2035.0,12288.0,63139401049,63426148028,65791140,66027570,1583740,0,0,0,0,0,0,0,0,0,0,0,0,35427224,35397220,35701,35680,823,0,0,0,0,0,0,0,0
1778081632.4660647,g2.hpc.coe,40875,0.5001,0,100.0,2035.0,12288.0,63180387939,63467112022,65832333,66068730,1586550,0,0,0,0,0,0,0,0,0,0,0,0,40986890,40963994,41193,41160,2810,0,0,0,0,0,0,0,0
1778081632.966149,g2.hpc.coe,40875,0.5001,0,100.0,2035.0,12288.0,63215822922,63502510563,65868027,66104409,1586566,0,0,0,0,0,0,0,0,0,0,0,0,35434983,35398541,35694,35679,16,0,0,0,0,0,0,0,0
1778081633.4662335,g2.hpc.coe,40875,0.5001,0,100.0,2035.0,12288.0,63250560279,63537220895,65902976,66139341,1586594,0,0,0,0,0,0,0,0,0,0,0,0,34737357,34710332,34949,34932,28,0,0,0,0,0,0,0,0
1778081633.966317,g2.hpc.coe,40875,0.5001,0,100.0,2035.0,12288.0,63291555016,63578186273,65944168,66180509,1588610,0,0,0,0,0,0,0,0,0,0,0,0,40994737,40965378,41192,41168,2016,0,0,0,0,0,0,0,0
1778081634.4664059,g2.hpc.coe,40875,0.5001,0,100.0,2035.0,12288.0,63326982450,63613583409,65979865,66216177,1588635,0,0,0,0,0,0,0,0,0,0,0,0,35427434,35397136,35697,35668,25,0,0,0,0,0,0,0,0
1778081634.966493,g2.hpc.coe,40875,0.5001,0,100.0,2035.0,12288.0,63367969571,63654541075,66021034,66257322,1589219,0,0,0,0,0,0,0,0,0,0,0,0,40987121,40957666,41169,41145,584,0,0,0,0,0,0,0,0
1778081635.4665773,g2.hpc.coe,40875,0.5001,0,100.0,2035.0,12288.0,63403404833,63689945951,66056757,66293017,1589640,0,0,0,0,0,0,0,0,0,0,0,0,35435262,35404876,35723,35695,421,0,0,0,0,0,0,0,0
1778081635.9666605,g2.hpc.coe,40875,0.5001,0,100.0,2035.0,12288.0,63438142395,63724656201,66091706,66327942,1589659,0,0,0,0,0,0,0,0,0,0,0,0,34737562,34710250,34949,34925,19,0,0,0,0,0,0,0,0
1778081636.4667456,g2.hpc.coe,40875,0.5001,0,100.0,2035.0,12288.0,63479137490,63765621573,66132913,66369107,1591123,0,0,0,0,0,0,0,0,0,0,0,0,40995095,40965372,41207,41165,1464,0,0,0,0,0,0,0,0
1778081636.9668303,g2.hpc.coe,40875,0.5001,0,100.0,2035.0,12288.0,63514565212,63801018829,66168615,66404790,1591143,0,0,0,0,0,0,0,0,0,0,0,0,35427722,35397256,35702,35683,20,0,0,0,0,0,0,0,0
1778081637.4669173,g2.hpc.coe,40875,0.5001,0,100.0,2035.0,12288.0,63555560312,63841984292,66209809,66445968,1592799,0,0,0,0,0,0,0,0,0,0,0,0,40995100,40965463,41194,41178,1656,0,0,0,0,0,0,0,0
1778081637.9670002,g2.hpc.coe,40875,0.5001,0,100.0,2035.0,12288.0,63590988109,63877381408,66245508,66481631,1593532,0,0,0,0,0,0,0,0,0,0,0,0,35427797,35397116,35699,35663,733,0,0,0,0,0,0,0,0
1778081638.4670918,g2.hpc.coe,40875,0.5001,0,100.0,2035.0,12288.0,63625726071,63912091713,66280471,66516557,1593612,0,0,0,0,0,0,0,0,0,0,0,0,34737962,34710305,34963,34926,80,0,0,0,0,0,0,0,0
1778081638.9671788,g2.hpc.coe,40875,0.5001,0,100.0,2035.0,12288.0,63666721244,63953057148,66321655,66557731,1596500,0,0,0,0,0,0,0,0,0,0,0,0,40995173,40965435,41184,41174,2888,0,0,0,0,0,0,0,0
1778081639.4672642,g2.hpc.coe,40875,0.5001,0,100.0,2035.0,12288.0,63702149149,63988454320,66357349,66593402,1596525,0,0,0,0,0,0,0,0,0,0,0,0,35427905,35397172,35694,35671,25,0,0,0,0,0,0,0,0
1778081639.9673495,g2.hpc.coe,40875,0.5001,0,100.0,2035.0,12288.0,63743144537,64029419741,66398550,66634574,1598044,0,0,0,0,0,0,0,0,0,0,0,0,40995388,40965421,41201,41172,1519,0,0,0,0,0,0,0,0
1778081640.4674363,g2.hpc.coe,40875,0.5001,0,100.0,2035.0,12288.0,63778572615,64064816927,66434255,66670247,1598221,0,0,0,0,0,0,0,0,0,0,0,0,35428078,35397186,35705,35673,177,0,0,0,0,0,0,0,0
1778081640.9675238,g2.hpc.coe,40875,0.5001,0,100.0,2035.0,12288.0,63813310703,64099527128,66469211,66705165,1598786,0,0,0,0,0,0,0,0,0,0,0,0,34738088,34710201,34956,34918,565,0,0,0,0,0,0,0,0
1778081641.4676075,g2.hpc.coe,40875,0.5001,0,100.0,2035.0,12288.0,63854306179,64140492486,66510402,66746328,1602991,0,0,0,0,0,0,0,0,0,0,0,0,40995476,40965358,41191,41163,4205,0,0,0,0,0,0,0,0
1778081641.9676933,g2.hpc.coe,40875,0.5001,0,100.0,2035.0,12288.0,63889734883,64175890091,66546102,66782005,1603018,0,0,0,0,0,0,0,0,0,0,0,0,35428704,35397605,35700,35677,27,0,0,0,0,0,0,0,0
1778081642.4677863,g2.hpc.coe,40875,0.5001,0,100.0,2035.0,12288.0,63930729415,64216855525,66587295,66823181,1603563,0,0,0,0,0,0,0,0,0,0,0,0,40994532,40965434,41193,41176,545,0,0,0,0,0,0,0,0
1778081642.967882,g2.hpc.coe,40875,0.5001,0,100.0,2035.0,12288.0,63966156622,64252252773,66622990,66858865,1603580,0,0,0,0,0,0,0,0,0,0,0,0,35427207,35397248,35695,35684,17,0,0,0,0,0,0,0,0
1778081643.4679687,g2.hpc.coe,40875,0.5001,0,100.0,2035.0,12288.0,64000893889,64286963056,66657934,66893790,1604352,0,0,0,0,0,0,0,0,0,0,0,0,34737267,34710283,34944,34925,772,0,0,0,0,0,0,0,0
1778081643.968053,g2.hpc.coe,40875,0.5001,0,100.0,2035.0,12288.0,64041888591,64327928399,66699131,66934953,1607256,0,0,0,0,0,0,0,0,0,0,0,0,40994702,40965343,41197,41163,2904,0,0,0,0,0,0,0,0
1778081644.4681382,g2.hpc.coe,40875,0.5001,0,100.0,2035.0,12288.0,64077315997,64363325570,66734834,66970626,1607275,0,0,0,0,0,0,0,0,0,0,0,0,35427406,35397171,35703,35673,19,0,0,0,0,0,0,0,0
1778081644.968222,g2.hpc.coe,40875,0.5001,0,100.0,2035.0,12288.0,64118310816,64404290997,66776034,67011801,1609916,0,0,0,0,0,0,0,0,0,0,0,0,40994819,40965427,41200,41175,2641,0,0,0,0,0,0,0,0
1778081645.4683073,g2.hpc.coe,40875,0.5001,0,100.0,2035.0,12288.0,64153738240,64439688203,66811726,67047479,1609938,0,0,0,0,0,0,0,0,0,0,0,0,35427424,35397206,35692,35678,22,0,0,0,0,0,0,0,0
1778081645.9683952,g2.hpc.coe,40875,0.5001,0,100.0,2035.0,12288.0,64188932015,64475114056,66847635,67083493,1610111,0,0,0,0,0,0,0,0,0,0,0,0,35193775,35425853,35909,36014,173,0,0,0,0,0,0,0,0
1778081646.4684954,g2.hpc.coe,40875,0.5001,0,100.0,2035.0,12288.0,64229470658,64515363802,66887872,67123612,1611217,0,0,0,0,0,0,0,0,0,0,0,0,40538643,40249746,40237,40119,1106,0,0,0,0,0,0,0,0
1778081646.968578,g2.hpc.coe,40875,0.5001,0,100.0,2035.0,12288.0,64264898353,64550761016,66923580,67159247,1613754,0,0,0,0,0,0,0,0,0,0,0,0,35427695,35397214,35708,35635,2537,0,0,0,0,0,0,0,0
1778081647.4686632,g2.hpc.coe,40875,0.5001,0,100.0,2035.0,12288.0,64305893390,64591726409,66964775,67200415,1614660,0,0,0,0,0,0,0,0,0,0,0,0,40995037,40965393,41195,41168,906,0,0,0,0,0,0,0,0
1778081647.9687536,g2.hpc.coe,40875,0.5001,0,100.0,2035.0,12288.0,64341321166,64627123560,67000481,67236083,1614966,0,0,0,0,0,0,0,0,0,0,0,0,35427776,35397151,35706,35668,306,0,0,0,0,0,0,0,0
1778081648.4688387,g2.hpc.coe,40875,0.5001,0,100.0,2035.0,12288.0,64380260176,64666053765,67039956,67275491,1616241,0,0,0,0,0,0,0,0,0,0,0,0,38939010,38930205,39475,39408,1275,0,0,0,0,0,0,0,0
1778081648.9689212,g2.hpc.coe,40875,0.5001,0,100.0,2035.0,12288.0,64417744185,64703486229,67077375,67312930,1616274,0,0,0,0,0,0,0,0,0,0,0,0,37484009,37432464,37419,37439,33,0,0,0,0,0,0,0,0
1778081649.4690068,g2.hpc.coe,40875,0.5001,0,100.0,2035.0,12288.0,64452482067,64738196570,67112332,67347868,1616403,0,0,0,0,0,0,0,0,0,0,0,0,34737882,34710341,34957,34938,129,0,0,0,0,0,0,0,0
1778081649.9690905,g2.hpc.coe,40875,0.5001,0,100.0,2035.0,12288.0,64493477385,64779161991,67153533,67389040,1617705,0,0,0,0,0,0,0,0,0,0,0,0,40995318,40965421,41201,41172,1302,0,0,0,0,0,0,0,0
1778081650.4691808,g2.hpc.coe,40875,0.5001,0,100.0,2035.0,12288.0,64528905337,64814559261,67189230,67424725,1618246,0,0,0,0,0,0,0,0,0,0,0,0,35427952,35397270,35697,35685,541,0,0,0,0,0,0,0,0
1778081650.9692647,g2.hpc.coe,40875,0.5001,0,100.0,2035.0,12288.0,64569892874,64855516956,67230410,67465872,1618434,0,0,0,0,0,0,0,0,0,0,0,0,40987537,40957695,41180,41147,188,0,0,0,0,0,0,0,0
1778081651.469352,g2.hpc.coe,40875,0.5001,0,100.0,2035.0,12288.0,64605328778,64890921875,67266125,67501571,1619557,0,0,0,0,0,0,0,0,0,0,0,0,35435904,35404919,35715,35699,1123,0,0,0,0,0,0,0,0
1778081651.969439,g2.hpc.coe,40875,0.5001,0,100.0,2035.0,12288.0,64640066830,64925632167,67301070,67536502,1619584,0,0,0,0,0,0,0,0,0,0,0,0,34738052,34710292,34945,34931,27,0,0,0,0,0,0,0,0
1778081652.4695306,g2.hpc.coe,40875,0.5001,0,100.0,2035.0,12288.0,64681062423,64966597553,67342274,67577669,1622235,0,0,0,0,0,0,0,0,0,0,0,0,40995593,40965386,41204,41167,2651,0,0,0,0,0,0,0,0
1778081652.969614,g2.hpc.coe,40875,0.5001,0,100.0,2035.0,12288.0,64716490643,65001994753,67377973,67613344,1623344,0,0,0,0,0,0,0,0,0,0,0,0,35428220,35397200,35699,35675,1109,0,0,0,0,0,0,0,0
1778081653.4696999,g2.hpc.coe,40875,0.5001,0,100.0,2035.0,12288.0,64757485179,65042960089,67419163,67654506,1623782,0,0,0,0,0,0,0,0,0,0,0,0,40994536,40965336,41190,41162,438,0,0,0,0,0,0,0,0
1778081653.9697828,g2.hpc.coe,40875,0.5001,0,100.0,2035.0,12288.0,64792912489,65078357281,67454869,67690182,1623808,0,0,0,0,0,0,0,0,0,0,0,0,35427310,35397192,35706,35676,26,0,0,0,0,0,0,0,0
1778081654.4698737,g2.hpc.coe,40875,0.5001,0,100.0,2035.0,12288.0,64827649789,65113067600,67489823,67725119,1624907,0,0,0,0,0,0,0,0,0,0,0,0,34737300,34710319,34954,34937,1099,0,0,0,0,0,0,0,0
1778081654.969958,g2.hpc.coe,40875,0.5001,0,100.0,2035.0,12288.0,64869334513,65154719963,67531763,67767042,1626363,0,0,0,0,0,0,0,0,0,0,0,0,41684724,41652363,41940,41923,1456,0,0,0,0,0,0,0,0
1778081655.4700444,g2.hpc.coe,40875,0.5001,0,100.0,2035.0,12288.0,64904071901,65189430233,67566716,67801972,1626382,0,0,0,0,0,0,0,0,0,0,0,0,34737388,34710270,34953,34930,19,0,0,0,0,0,0,0,0
1778081655.9701273,g2.hpc.coe,40875,0.5001,0,100.0,2035.0,12288.0,64945066662,65230395611,67607904,67843140,1629110,0,0,0,0,0,0,0,0,0,0,0,0,40994761,40965378,41188,41168,2728,0,0,0,0,0,0,0,0
1778081656.470219,g2.hpc.coe,40875,0.5001,0,100.0,2035.0,12288.0,64980494169,65265792754,67643604,67878809,1629133,0,0,0,0,0,0,0,0,0,0,0,0,35427507,35397143,35700,35669,23,0,0,0,0,0,0,0,0
1778081656.9703062,g2.hpc.coe,40875,0.5001,0,100.0,2035.0,12288.0,65015232308,65300503429,67678572,67913741,1629164,0,0,0,0,0,0,0,0,0,0,0,0,34738139,34710675,34968,34932,31,0,0,0,0,0,0,0,0
1778081657.4704058,g2.hpc.coe,40875,0.5001,0,100.0,2035.0,12288.0,65056227234,65341468801,67719761,67954906,1631011,0,0,0,0,0,0,0,0,0,0,0,0,40994926,40965372,41189,41165,1847,0,0,0,0,0,0,0,0
1778081657.9704974,g2.hpc.coe,40875,0.5001,0,100.0,2035.0,12288.0,65091654906,65376866001,67755462,67990581,1631033,0,0,0,0,0,0,0,0,0,0,0,0,35427672,35397200,35701,35675,22,0,0,0,0,0,0,0,0
1778081658.4705865,g2.hpc.coe,40875,0.5001,0,100.0,2035.0,12288.0,65132650004,65417831387,67796662,68031748,1632797,0,0,0,0,0,0,0,0,0,0,0,0,40995098,40965386,41200,41167,1764,0,0,0,0,0,0,0,0
1778081658.9706714,g2.hpc.coe,40875,0.5001,0,100.0,2035.0,12288.0,65168077834,65453228656,67832363,68067426,1632817,0,0,0,0,0,0,0,0,0,0,0,0,35427830,35397269,35701,35678,20,0,0,0,0,0,0,0,0
1778081659.4707549,g2.hpc.coe,40875,0.5001,0,100.0,2035.0,12288.0,65202815647,65487938927,67867320,68102354,1634650,0,0,0,0,0,0,0,0,0,0,0,0,34737813,34710271,34957,34928,1833,0,0,0,0,0,0,0,0
1778081659.9708388,g2.hpc.coe,40875,0.5001,0,100.0,2035.0,12288.0,65243810882,65528904327,67908519,68143523,1636399,0,0,0,0,0,0,0,0,0,0,0,0,40995235,40965400,41199,41169,1749,0,0,0,0,0,0,0,0
1778081660.4709241,g2.hpc.coe,40875,0.5001,0,100.0,2035.0,12288.0,65279238912,65564301534,67944237,68179199,1636557,0,0,0,0,0,0,0,0,0,0,0,0,35428030,35397207,35718,35676,158,0,0,0,0,0,0,0,0
1778081660.9710114,g2.hpc.coe,40875,0.5001,0,100.0,2035.0,12288.0,65320234130,65605266990,67985420,68220376,1637060,0,0,0,0,0,0,0,0,0,0,0,0,40995218,40965456,41183,41177,503,0,0,0,0,0,0,0,0
1778081661.4710982,g2.hpc.coe,40875,0.5001,0,100.0,2035.0,12288.0,65355662150,65640664204,68021123,68256053,1637131,0,0,0,0,0,0,0,0,0,0,0,0,35428020,35397214,35703,35677,71,0,0,0,0,0,0,0,0
1778081661.9711897,g2.hpc.coe,40875,0.5001,0,100.0,2035.0,12288.0,65390400230,65675374545,68056084,68290991,1638935,0,0,0,0,0,0,0,0,0,0,0,0,34738080,34710341,34961,34938,1804,0,0,0,0,0,0,0,0
1778081662.4712827,g2.hpc.coe,40875,0.5001,0,100.0,2035.0,12288.0,65431395718,65716339980,68097285,68332165,1640713,0,0,0,0,0,0,0,0,0,0,0,0,40995488,40965435,41201,41174,1778,0,0,0,0,0,0,0,0
1778081662.9713697,g2.hpc.coe,40875,0.5001,0,100.0,2035.0,12288.0,65466823841,65751737187,68132980,68367841,1640743,0,0,0,0,0,0,0,0,0,0,0,0,35428123,35397207,35695,35676,30,0,0,0,0,0,0,0,0
1778081663.471456,g2.hpc.coe,40875,0.5001,0,100.0,2035.0,12288.0,65507819404,65792702559,68174176,68409006,1643988,0,0,0,0,0,0,0,0,0,0,0,0,40995563,40965372,41196,41165,3245,0,0,0,0,0,0,0,0
1778081663.9715412,g2.hpc.coe,40875,0.5001,0,100.0,2035.0,12288.0,65543246645,65828099736,68209873,68444673,1644018,0,0,0,0,0,0,0,0,0,0,0,0,35427241,35397177,35697,35667,30,0,0,0,0,0,0,0,0
1778081664.47163,g2.hpc.coe,40875,0.5001,0,100.0,2035.0,12288.0,65579070666,65864413988,68246444,68481575,1644822,0,0,0,0,0,0,0,0,0,0,0,0,35824021,36314252,36571,36902,804,0,0,0,0,0,0,0,0
1778081664.9717166,g2.hpc.coe,40875,0.5001,0,100.0,2035.0,12288.0,65618978464,65903775384,68286014,68520771,1645612,0,0,0,0,0,0,0,0,0,0,0,0,39907798,39361396,39570,39196,790,0,0,0,0,0,0,0,0
1778081665.4718037,g2.hpc.coe,40875,0.5001,0,100.0,2035.0,12288.0,65654405798,65939172527,68321713,68556440,1645647,0,0,0,0,0,0,0,0,0,0,0,0,35427334,35397143,35699,35669,35,0,0,0,0,0,0,0,0
1778081665.9718878,g2.hpc.coe,40875,0.5001,0,100.0,2035.0,12288.0,65696090519,65980824750,68363649,68598343,1647592,0,0,0,0,0,0,0,0,0,0,0,0,41684721,41652223,41936,41903,1945,0,0,0,0,0,0,0,0
1778081666.471978,g2.hpc.coe,40875,0.5001,0,100.0,2035.0,12288.0,65730827912,66015535020,68398599,68633273,1647615,0,0,0,0,0,0,0,0,0,0,0,0,34737393,34710270,34950,34930,23,0,0,0,0,0,0,0,0
1778081666.9720645,g2.hpc.coe,40875,0.5001,0,100.0,2035.0,12288.0,65770511120,66055343418,68439005,68673644,1648608,0,0,0,0,0,0,0,0,0,0,0,0,39683208,39808398,40406,40371,993,0,0,0,0,0,0,0,0
1778081667.472151,g2.hpc.coe,40875,0.5001,0,100.0,2035.0,12288.0,65807250307,66091897569,68475498,68710114,1648634,0,0,0,0,0,0,0,0,0,0,0,0,36739187,36554151,36493,36470,26,0,0,0,0,0,0,0,0
1778081667.9722388,g2.hpc.coe,40875,0.5001,0,100.0,2035.0,12288.0,65841987898,66126607895,68510456,68745052,1648654,0,0,0,0,0,0,0,0,0,0,0,0,34737591,34710326,34958,34938,20,0,0,0,0,0,0,0,0
1778081668.4723227,g2.hpc.coe,40875,0.5001,0,100.0,2035.0,12288.0,65882982933,66167573330,68551657,68786226,1649444,0,0,0,0,0,0,0,0,0,0,0,0,40995035,40965435,41201,41174,790,0,0,0,0,0,0,0,0
1778081668.972406,g2.hpc.coe,40875,0.5001,0,100.0,2035.0,12288.0,65918410727,66202970557,68587363,68821898,1649467,0,0,0,0,0,0,0,0,0,0,0,0,35427794,35397227,35706,35672,23,0,0,0,0,0,0,0,0
1778081669.4724925,g2.hpc.coe,40875,0.5001,0,100.0,2035.0,12288.0,65959398180,66243928224,68628546,68863041,1651048,0,0,0,0,0,0,0,0,0,0,0,0,40987453,40957667,41183,41143,1581,0,0,0,0,0,0,0,0
1778081669.9725814,g2.hpc.coe,40875,0.5001,0,100.0,2035.0,12288.0,65994833712,66279333143,68664274,68898740,1651071,0,0,0,0,0,0,0,0,0,0,0,0,35435532,35404919,35728,35699,23,0,0,0,0,0,0,0,0
1778081670.4726756,g2.hpc.coe,40875,0.5001,0,100.0,2035.0,12288.0,66029571479,66314043407,68699221,68933667,1651096,0,0,0,0,0,0,0,0,0,0,0,0,34737767,34710264,34947,34927,25,0,0,0,0,0,0,0,0
1778081670.9727588,g2.hpc.coe,40875,0.5001,0,100.0,2035.0,12288.0,66070566696,66355008842,68740414,68974841,1654122,0,0,0,0,0,0,0,0,0,0,0,0,40995217,40965435,41193,41174,3026,0,0,0,0,0,0,0,0
1778081671.4728441,g2.hpc.coe,40875,0.5001,0,100.0,2035.0,12288.0,66105994589,66390406014,68776109,69010512,1654142,0,0,0,0,0,0,0,0,0,0,0,0,35427893,35397172,35695,35671,20,0,0,0,0,0,0,0,0
1778081671.972927,g2.hpc.coe,40875,0.5001,0,100.0,2035.0,12288.0,66146990502,66431371903,68817316,69051695,1655872,0,0,0,0,0,0,0,0,0,0,0,0,40995913,40965889,41207,41183,1730,0,0,0,0,0,0,0,0
1778081672.4730108,g2.hpc.coe,40875,0.5001,0,100.0,2035.0,12288.0,66182418483,66466769096,68853010,69087369,1655901,0,0,0,0,0,0,0,0,0,0,0,0,35427981,35397193,35694,35674,29,0,0,0,0,0,0,0,0
1778081672.9731007,g2.hpc.coe,40875,0.5001,0,100.0,2035.0,12288.0,66217156516,66501479409,68887961,69122303,1655916,0,0,0,0,0,0,0,0,0,0,0,0,34738033,34710313,34951,34934,15,0,0,0,0,0,0,0,0
1778081673.473187,g2.hpc.coe,40875,0.5001,0,100.0,2035.0,12288.0,66258152000,66542444830,68929156,69163475,1659058,0,0,0,0,0,0,0,0,0,0,0,0,40995484,40965421,41195,41172,3142,0,0,0,0,0,0,0,0
1778081673.97328,g2.hpc.coe,40875,0.5001,0,100.0,2035.0,12288.0,66293580166,66577842057,68964847,69199147,1660134,0,0,0,0,0,0,0,0,0,0,0,0,35428166,35397227,35691,35672,1076,0,0,0,0,0,0,0,0
1778081674.473371,g2.hpc.coe,40875,0.5001,0,100.0,2035.0,12288.0,66334575816,66618807485,69006050,69240320,1661316,0,0,0,0,0,0,0,0,0,0,0,0,40995650,40965428,41203,41173,1182,0,0,0,0,0,0,0,0
1778081674.9734585,g2.hpc.coe,40875,0.5001,0,100.0,2035.0,12288.0,66370003017,66654204691,69041747,69275998,1661637,0,0,0,0,0,0,0,0,0,0,0,0,35427201,35397206,35697,35678,321,0,0,0,0,0,0,0,0
1778081675.473542,g2.hpc.coe,40875,0.5001,0,100.0,2035.0,12288.0,66404740299,66688914933,69076705,69310924,1661758,0,0,0,0,0,0,0,0,0,0,0,0,34737282,34710242,34958,34926,121,0,0,0,0,0,0,0,0
1778081675.9736345,g2.hpc.coe,40875,0.5001,0,100.0,2035.0,12288.0,66445734890,66729880416,69117889,69352107,1664918,0,0,0,0,0,0,0,0,0,0,0,0,40994591,40965483,41184,41183,3160,0,0,0,0,0,0,0,0
1778081676.4737206,g2.hpc.coe,40875,0.5001,0,100.0,2035.0,12288.0,66481162199,66765277594,69153581,69387781,1665069,0,0,0,0,0,0,0,0,0,0,0,0,35427309,35397178,35692,35674,151,0,0,0,0,0,0,0,0
1778081676.9738035,g2.hpc.coe,40875,0.5001,0,100.0,2035.0,12288.0,66522156949,66806242972,69194774,69428949,1667669,0,0,0,0,0,0,0,0,0,0,0,0,40994750,40965378,41193,41168,2600,0,0,0,0,0,0,0,0
1778081677.473891,g2.hpc.coe,40875,0.5001,0,100.0,2035.0,12288.0,66557584417,66841640143,69230475,69464622,1667694,0,0,0,0,0,0,0,0,0,0,0,0,35427468,35397171,35701,35673,25,0,0,0,0,0,0,0,0
1778081677.973975,g2.hpc.coe,40875,0.5001,0,100.0,2035.0,12288.0,66592321902,66876350441,69265428,69499556,1667713,0,0,0,0,0,0,0,0,0,0,0,0,34737485,34710298,34953,34934,19,0,0,0,0,0,0,0,0
1778081678.4740648,g2.hpc.coe,40875,0.5001,0,100.0,2035.0,12288.0,66633316857,66917315805,69306630,69540722,1669627,0,0,0,0,0,0,0,0,0,0,0,0,40994955,40965364,41202,41166,1914,0,0,0,0,0,0,0,0
1778081678.9741535,g2.hpc.coe,40875,0.5001,0,100.0,2035.0,12288.0,66668744475,66952713054,69342330,69576404,1670254,0,0,0,0,0,0,0,0,0,0,0,0,35427618,35397249,35700,35682,627,0,0,0,0,0,0,0,0
1778081679.4742393,g2.hpc.coe,40875,0.5001,0,100.0,2035.0,12288.0,66709739583,66993678544,69383529,69617579,1672634,0,0,0,0,0,0,0,0,0,0,0,0,40995108,40965490,41199,41175,2380,0,0,0,0,0,0,0,0
1778081679.9743233,g2.hpc.coe,40875,0.5001,0,100.0,2035.0,12288.0,66745167311,67029075730,69419231,69653252,1672734,0,0,0,0,0,0,0,0,0,0,0,0,35427728,35397186,35702,35673,100,0,0,0,0,0,0,0,0
1778081680.4744096,g2.hpc.coe,40875,0.5001,0,100.0,2035.0,12288.0,66779905064,67063786050,69454186,69688187,1672795,0,0,0,0,0,0,0,0,0,0,0,0,34737753,34710320,34955,34935,61,0,0,0,0,0,0,0,0
1778081680.9744952,g2.hpc.coe,40875,0.5001,0,100.0,2035.0,12288.0,66820900133,67104751485,69495368,69729361,1674484,0,0,0,0,0,0,0,0,0,0,0,0,40995069,40965435,41182,41174,1689,0,0,0,0,0,0,0,0
1778081681.4745827,g2.hpc.coe,40875,0.5001,0,100.0,2035.0,12288.0,66856327997,67140148699,69531069,69765038,1674509,0,0,0,0,0,0,0,0,0,0,0,0,35427864,35397214,35701,35677,25,0,0,0,0,0,0,0,0
1778081681.974668,g2.hpc.coe,40875,0.5001,0,100.0,2035.0,12288.0,66897323295,67181114134,69572270,69806212,1675698,0,0,0,0,0,0,0,0,0,0,0,0,40995298,40965435,41201,41174,1189,0,0,0,0,0,0,0,0
1778081682.4747581,g2.hpc.coe,40875,0.5001,0,100.0,2035.0,12288.0,66932751311,67216511334,69607979,69841887,1675726,0,0,0,0,0,0,0,0,0,0,0,0,35428016,35397200,35709,35675,28,0,0,0,0,0,0,0,0
1778081682.974843,g2.hpc.coe,40875,0.5001,0,100.0,2035.0,12288.0,66967722097,67251977491,69643657,69878015,1676353,0,0,0,0,0,0,0,0,0,0,0,0,34970786,35466157,35678,36128,627,0,0,0,0,0,0,0,0
1778081683.474929,g2.hpc.coe,40875,0.5001,0,100.0,2035.0,12288.0,67008484771,67292187005,69684139,69917995,1678036,0,0,0,0,0,0,0,0,0,0,0,0,40762674,40209514,40482,39980,1683,0,0,0,0,0,0,0,0
1778081683.9750147,g2.hpc.coe,40875,0.5001,0,100.0,2035.0,12288.0,67043912887,67327584212,69719842,69953660,1678401,0,0,0,0,0,0,0,0,0,0,0,0,35428116,35397207,35703,35665,365,0,0,0,0,0,0,0,0
1778081684.475101,g2.hpc.coe,40875,0.5001,0,100.0,2035.0,12288.0,67084908508,67368549709,69761044,69994836,1679350,0,0,0,0,0,0,0,0,0,0,0,0,40995621,40965497,41202,41176,949,0,0,0,0,0,0,0,0
1778081684.9751844,g2.hpc.coe,40875,0.5001,0,100.0,2035.0,12288.0,67120336707,67403946972,69796743,70030520,1679389,0,0,0,0,0,0,0,0,0,0,0,0,35428199,35397263,35699,35684,39,0,0,0,0,0,0,0,0
1778081685.4752705,g2.hpc.coe,40875,0.5001,0,100.0,2035.0,12288.0,67157820512,67442349379,69834930,70069601,1680320,0,0,0,0,0,0,0,0,0,0,0,0,37483805,38402407,38187,39081,931,0,0,0,0,0,0,0,0
1778081685.9753597,g2.hpc.coe,40875,0.5001,0,100.0,2035.0,12288.0,67196758525,67480309486,69873641,70107356,1687374,0,0,0,0,0,0,0,0,0,0,0,0,38938013,37960107,38711,37755,7054,0,0,0,0,0,0,0,0
1778081686.4754503,g2.hpc.coe,40875,0.5001,0,100.0,2035.0,12288.0,67231495797,67515019728,69908594,70142282,1687393,0,0,0,0,0,0,0,0,0,0,0,0,34737272,34710242,34953,34926,19,0,0,0,0,0,0,0,0
1778081686.9755344,g2.hpc.coe,40875,0.5001,0,100.0,2035.0,12288.0,67272491077,67555985595,69949801,70183464,1689658,0,0,0,0,0,0,0,0,0,0,0,0,40995280,40965867,41207,41182,2265,0,0,0,0,0,0,0,0
1778081687.47562,g2.hpc.coe,40875,0.5001,0,100.0,2035.0,12288.0,67307918376,67591382801,69985488,70219142,1691661,0,0,0,0,0,0,0,0,0,0,0,0,35427299,35397206,35687,35678,2003,0,0,0,0,0,0,0,0
1778081687.9757152,g2.hpc.coe,40875,0.5001,0,100.0,2035.0,12288.0,67348913165,67632348228,70026683,70260317,1693083,0,0,0,0,0,0,0,0,0,0,0,0,40994789,40965427,41195,41175,1422,0,0,0,0,0,0,0,0
1778081688.4758022,g2.hpc.coe,40875,0.5001,0,100.0,2035.0,12288.0,67384340894,67667745682,70062386,70295999,1693101,0,0,0,0,0,0,0,0,0,0,0,0,35427729,35397454,35703,35682,18,0,0,0,0,0,0,0,0
1778081688.975889,g2.hpc.coe,40875,0.5001,0,100.0,2035.0,12288.0,67419078433,67702455945,70097341,70330928,1693126,0,0,0,0,0,0,0,0,0,0,0,0,34737539,34710263,34955,34929,25,0,0,0,0,0,0,0,0
1778081689.4759748,g2.hpc.coe,40875,0.5001,0,100.0,2035.0,12288.0,67460073463,67743421420,70138541,70372103,1697692,0,0,0,0,0,0,0,0,0,0,0,0,40995030,40965475,41200,41175,4566,0,0,0,0,0,0,0,0
1778081689.9760594,g2.hpc.coe,40875,0.5001,0,100.0,2035.0,12288.0,67495501086,67778818613,70174238,70407777,1697713,0,0,0,0,0,0,0,0,0,0,0,0,35427623,35397193,35697,35674,21,0,0,0,0,0,0,0,0
1778081690.4761515,g2.hpc.coe,40875,0.5001,0,100.0,2035.0,12288.0,67536488402,67819776266,70215408,70448927,1698627,0,0,0,0,0,0,0,0,0,0,0,0,40987316,40957653,41170,41150,914,0,0,0,0,0,0,0,0
1778081690.9762359,g2.hpc.coe,40875,0.5001,0,100.0,2035.0,12288.0,67571923818,67855181192,70251126,70484618,1698651,0,0,0,0,0,0,0,0,0,0,0,0,35435416,35404926,35718,35691,24,0,0,0,0,0,0,0,0
1778081691.4763243,g2.hpc.coe,40875,0.5001,0,100.0,2035.0,12288.0,67606661532,67889891512,70286072,70519553,1698675,0,0,0,0,0,0,0,0,0,0,0,0,34737714,34710320,34946,34935,24,0,0,0,0,0,0,0,0
1778081691.976408,g2.hpc.coe,40875,0.5001,0,100.0,2035.0,12288.0,67647656745,67930856954,70327271,70560728,1701212,0,0,0,0,0,0,0,0,0,0,0,0,40995213,40965442,41199,41175,2537,0,0,0,0,0,0,0,0
1778081692.4764907,g2.hpc.coe,40875,0.5001,0,100.0,2035.0,12288.0,67683084606,67966254161,70362968,70596404,1701248,0,0,0,0,0,0,0,0,0,0,0,0,35427861,35397207,35697,35676,36,0,0,0,0,0,0,0,0
1778081692.976596,g2.hpc.coe,40875,0.5001,0,100.0,2035.0,12288.0,67724079942,68007219596,70404171,70637578,1702383,0,0,0,0,0,0,0,0,0,0,0,0,40995336,40965435,41203,41174,1135,0,0,0,0,0,0,0,0
1778081693.4766898,g2.hpc.coe,40875,0.5001,0,100.0,2035.0,12288.0,67759507898,68042616824,70439868,70673257,1702407,0,0,0,0,0,0,0,0,0,0,0,0,35427956,35397228,35697,35679,24,0,0,0,0,0,0,0,0
1778081693.9767752,g2.hpc.coe,40875,0.5001,0,100.0,2035.0,12288.0,67794245920,68077327088,70474824,70708184,1702424,0,0,0,0,0,0,0,0,0,0,0,0,34738022,34710264,34956,34927,17,0,0,0,0,0,0,0,0
1778081694.4768648,g2.hpc.coe,40875,0.5001,0,100.0,2035.0,12288.0,67835241399,68118292571,70516018,70749358,1706165,0,0,0,0,0,0,0,0,0,0,0,0,40995479,40965483,41194,41174,3741,0,0,0,0,0,0,0,0
1778081694.976952,g2.hpc.coe,40875,0.5001,0,100.0,2035.0,12288.0,67870669534,68153689757,70551718,70785031,1706447,0,0,0,0,0,0,0,0,0,0,0,0,35428135,35397186,35700,35673,282,0,0,0,0,0,0,0,0
1778081695.47704,g2.hpc.coe,40875,0.5001,0,100.0,2035.0,12288.0,67911665095,68194655206,70592917,70826207,1707552,0,0,0,0,0,0,0,0,0,0,0,0,40995561,40965449,41199,41176,1105,0,0,0,0,0,0,0,0
1778081695.977127,g2.hpc.coe,40875,0.5001,0,100.0,2035.0,12288.0,67947093353,68230052483,70628621,70861893,1707579,0,0,0,0,0,0,0,0,0,0,0,0,35428258,35397277,35704,35686,27,0,0,0,0,0,0,0,0
1778081696.4772112,g2.hpc.coe,40875,0.5001,0,100.0,2035.0,12288.0,67981830504,68264762739,70663567,70896821,1707897,0,0,0,0,0,0,0,0,0,0,0,0,34737151,34710256,34946,34928,318,0,0,0,0,0,0,0,0
1778081696.9772985,g2.hpc.coe,40875,0.5001,0,100.0,2035.0,12288.0,68022825119,68305728117,70704761,70937989,1708662,0,0,0,0,0,0,0,0,0,0,0,0,40994615,40965378,41194,41168,765,0,0,0,0,0,0,0,0
1778081697.477383,g2.hpc.coe,40875,0.5001,0,100.0,2035.0,12288.0,68058252494,68341125309,70740469,70973665,1709223,0,0,0,0,0,0,0,0,0,0,0,0,35427375,35397192,35708,35676,561,0,0,0,0,0,0,0,0
1778081697.977466,g2.hpc.coe,40875,0.5001,0,100.0,2035.0,12288.0,68099247260,68382090722,70781671,71014838,1710346,0,0,0,0,0,0,0,0,0,0,0,0,40994766,40965413,41202,41173,1123,0,0,0,0,0,0,0,0
1778081698.4775565,g2.hpc.coe,40875,0.5001,0,100.0,2035.0,12288.0,68134674632,68417487921,70817365,71050515,1710368,0,0,0,0,0,0,0,0,0,0,0,0,35427372,35397199,35694,35677,22,0,0,0,0,0,0,0,0
1778081698.9776402,g2.hpc.coe,40875,0.5001,0,100.0,2035.0,12288.0,68169412056,68452198198,70852316,71085446,1710392,0,0,0,0,0,0,0,0,0,0,0,0,34737424,34710277,34951,34931,24,0,0,0,0,0,0,0,0
1778081699.4777248,g2.hpc.coe,40875,0.5001,0,100.0,2035.0,12288.0,68210406860,68493163541,70893503,71126609,1710891,0,0,0,0,0,0,0,0,0,0,0,0,40994804,40965343,41187,41163,499,0,0,0,0,0,0,0,0
1778081699.9778104,g2.hpc.coe,40875,0.5001,0,100.0,2035.0,12288.0,68245834459,68528560809,70929200,71162289,1710915,0,0,0,0,0,0,0,0,0,0,0,0,35427599,35397268,35697,35680,24,0,0,0,0,0,0,0,0
1778081700.4778955,g2.hpc.coe,40875,0.5001,0,100.0,2035.0,12288.0,68286829478,68569526160,70970402,71203451,1712116,0,0,0,0,0,0,0,0,0,0,0,0,40995019,40965351,41202,41162,1201,0,0,0,0,0,0,0,0
1778081700.977981,g2.hpc.coe,40875,0.5001,0,100.0,2035.0,12288.0,68322257131,68604923346,71006100,71239124,1714740,0,0,0,0,0,0,0,0,0,0,0,0,35427653,35397186,35698,35673,2624,0,0,0,0,0,0,0,0
1778081701.4780674,g2.hpc.coe,40875,0.5001,0,100.0,2035.0,12288.0,68356994837,68639633596,71041055,71274049,1715613,0,0,0,0,0,0,0,0,0,0,0,0,34737706,34710250,34955,34925,873,0,0,0,0,0,0,0,0
1778081701.9781542,g2.hpc.coe,40875,0.5001,0,100.0,2035.0,12288.0,68397990524,68680599415,71082260,71315222,1717446,0,0,0,0,0,0,0,0,0,0,0,0,40995687,40965819,41205,41173,1833,0,0,0,0,0,0,0,0
1778081702.4782426,g2.hpc.coe,40875,0.5001,0,100.0,2035.0,12288.0,68433418328,68715996580,71117959,71350892,1717470,0,0,0,0,0,0,0,0,0,0,0,0,35427804,35397165,35699,35670,24,0,0,0,0,0,0,0,0
1778081702.978339,g2.hpc.coe,40875,0.5001,0,100.0,2035.0,12288.0,68474413530,68756962029,71159153,71392068,1718840,0,0,0,0,0,0,0,0,0,0,0,0,40995202,40965449,41194,41176,1370,0,0,0,0,0,0,0,0
1778081703.478425,g2.hpc.coe,40875,0.5001,0,100.0,2035.0,12288.0,68509841422,68792359208,71194851,71427740,1718867,0,0,0,0,0,0,0,0,0,0,0,0,35427892,35397179,35698,35672,27,0,0,0,0,0,0,0,0
1778081703.9785104,g2.hpc.coe,40875,0.5001,0,100.0,2035.0,12288.0,68545898029,68828798069,71231637,71464762,1718888,0,0,0,0,0,0,0,0,0,0,0,0,36056607,36438861,36786,37022,21,0,0,0,0,0,0,0,0
1778081704.4785938,g2.hpc.coe,40875,0.5001,0,100.0,2035.0,12288.0,68585661345,68868205018,71271204,71504229,1720422,0,0,0,0,0,0,0,0,0,0,0,0,39763316,39406949,39567,39467,1534,0,0,0,0,0,0,0,0
1778081704.9786782,g2.hpc.coe,40875,0.5001,0,100.0,2035.0,12288.0,68621002991,68903432253,71306724,71539530,1720445,0,0,0,0,0,0,0,0,0,0,0,0,35341646,35227235,35520,35301,23,0,0,0,0,0,0,0,0
1778081705.4787621,g2.hpc.coe,40875,0.5001,0,100.0,2035.0,12288.0,68661998452,68944397695,71347921,71580705,1721982,0,0,0,0,0,0,0,0,0,0,0,0,40995461,40965442,41197,41175,1537,0,0,0,0,0,0,0,0
1778081705.9788487,g2.hpc.coe,40875,0.5001,0,100.0,2035.0,12288.0,68697426632,68979794874,71383624,71616377,1723634,0,0,0,0,0,0,0,0,0,0,0,0,35428180,35397179,35703,35672,1652,0,0,0,0,0,0,0,0
1778081706.478941,g2.hpc.coe,40875,0.5001,0,100.0,2035.0,12288.0,68735089680,69018347775,71421951,71655467,1725140,0,0,0,0,0,0,0,0,0,0,0,0,37663048,38552901,38327,39090,1506,0,0,0,0,0,0,0,0
1778081706.979024,g2.hpc.coe,40875,0.5001,0,100.0,2035.0,12288.0,68773849391,69056157431,71460519,71693217,1727533,0,0,0,0,0,0,0,0,0,0,0,0,38759711,37809656,38568,37750,2393,0,0,0,0,0,0,0,0
1778081707.479111,g2.hpc.coe,40875,0.5001,0,100.0,2035.0,12288.0,68808586589,69090867708,71495468,71728148,1727647,0,0,0,0,0,0,0,0,0,0,0,0,34737198,34710277,34949,34931,114,0,0,0,0,0,0,0,0
1778081707.9791946,g2.hpc.coe,40875,0.5001,0,100.0,2035.0,12288.0,68849581243,69131833051,71536664,71769311,1728052,0,0,0,0,0,0,0,0,0,0,0,0,40994654,40965343,41196,41163,405,0,0,0,0,0,0,0,0
1778081708.4792788,g2.hpc.coe,40875,0.5001,0,100.0,2035.0,12288.0,68885008573,69167230145,71572362,71804973,1728337,0,0,0,0,0,0,0,0,0,0,0,0,35427330,35397094,35698,35662,285,0,0,0,0,0,0,0,0
1778081708.9793634,g2.hpc.coe,40875,0.5001,0,100.0,2035.0,12288.0,68925330392,69207740308,71613318,71846039,1730094,0,0,0,0,0,0,0,0,0,0,0,0,40321819,40510163,40956,41066,1757,0,0,0,0,0,0,0,0
1778081709.479447,g2.hpc.coe,40875,0.5001,0,100.0,2035.0,12288.0,68961430749,69243592778,71649256,71881826,1730647,0,0,0,0,0,0,0,0,0,0,0,0,36100357,35852470,35938,35787,553,0,0,0,0,0,0,0,0
1778081709.979531,g2.hpc.coe,40875,0.5001,0,100.0,2035.0,12288.0,68996168213,69278303131,71684200,71916761,1730673,0,0,0,0,0,0,0,0,0,0,0,0,34737464,34710353,34944,34935,26,0,0,0,0,0,0,0,0
1778081710.4796243,g2.hpc.coe,40875,0.5001,0,100.0,2035.0,12288.0,69037163133,69319268474,71725400,71957924,1731328,0,0,0,0,0,0,0,0,0,0,0,0,40994920,40965343,41200,41163,655,0,0,0,0,0,0,0,0
1778081710.97971,g2.hpc.coe,40875,0.5001,0,100.0,2035.0,12288.0,69072590652,69354665610,71761091,71993592,1731914,0,0,0,0,0,0,0,0,0,0,0,0,35427519,35397136,35691,35668,586,0,0,0,0,0,0,0,0
1778081711.4797943,g2.hpc.coe,40875,0.5001,0,100.0,2035.0,12288.0,69113585668,69395631010,71802289,72034761,1736102,0,0,0,0,0,0,0,0,0,0,0,0,40995016,40965400,41198,41169,4188,0,0,0,0,0,0,0,0
1778081711.97988,g2.hpc.coe,40875,0.5001,0,100.0,2035.0,12288.0,69149013339,69431028112,71837986,72070422,1736124,0,0,0,0,0,0,0,0,0,0,0,0,35427671,35397102,35697,35661,22,0,0,0,0,0,0,0,0
1778081712.4799676,g2.hpc.coe,40875,0.5001,0,100.0,2035.0,12288.0,69183751111,69465738397,71872947,72105352,1736815,0,0,0,0,0,0,0,0,0,0,0,0,34737772,34710285,34961,34930,691,0,0,0,0,0,0,0,0
1778081712.9800594,g2.hpc.coe,40875,0.5001,0,100.0,2035.0,12288.0,69224746249,69506703769,71914142,72146517,1737851,0,0,0,0,0,0,0,0,0,0,0,0,40995138,40965372,41195,41165,1036,0,0,0,0,0,0,0,0
1778081713.4801416,g2.hpc.coe,40875,0.5001,0,100.0,2035.0,12288.0,69260174112,69542100955,71949846,72182190,1737882,0,0,0,0,0,0,0,0,0,0,0,0,35427863,35397186,35704,35673,31,0,0,0,0,0,0,0,0
1778081713.9802325,g2.hpc.coe,40875,0.5001,0,100.0,2035.0,12288.0,69301169311,69583066341,71991036,72223357,1738052,0,0,0,0,0,0,0,0,0,0,0,0,40995199,40965386,41190,41167,170,0,0,0,0,0,0,0,0
1778081714.4803221,g2.hpc.coe,40875,0.5001,0,100.0,2035.0,12288.0,69336597262,69618463548,72026739,72259033,1738103,0,0,0,0,0,0,0,0,0,0,0,0,35427951,35397207,35703,35676,51,0,0,0,0,0,0,0,0
1778081714.9804058,g2.hpc.coe,40875,0.5001,0,100.0,2035.0,12288.0,69371335308,69653173937,72061696,72293971,1738132,0,0,0,0,0,0,0,0,0,0,0,0,34738046,34710389,34957,34938,29,0,0,0,0,0,0,0,0
1778081715.4804904,g2.hpc.coe,40875,0.5001,0,100.0,2035.0,12288.0,69412330670,69694139358,72102889,72335143,1739013,0,0,0,0,0,0,0,0,0,0,0,0,40995362,40965421,41193,41172,881,0,0,0,0,0,0,0,0
1778081715.980574,g2.hpc.coe,40875,0.5001,0,100.0,2035.0,12288.0,69447758736,69729536558,72138588,72370818,1741804,0,0,0,0,0,0,0,0,0,0,0,0,35428066,35397200,35699,35675,2791,0,0,0,0,0,0,0,0
1778081716.4806585,g2.hpc.coe,40875,0.5001,0,100.0,2035.0,12288.0,69488754195,69770501951,72179779,72411986,1742365,0,0,0,0,0,0,0,0,0,0,0,0,40995459,40965393,41191,41168,561,0,0,0,0,0,0,0,0
1778081716.9807422,g2.hpc.coe,40875,0.5001,0,100.0,2035.0,12288.0,69524182959,69805899619,72215490,72447672,1743306,0,0,0,0,0,0,0,0,0,0,0,0,35428764,35397668,35711,35686,941,0,0,0,0,0,0,0,0
1778081717.4808302,g2.hpc.coe,40875,0.5001,0,100.0,2035.0,12288.0,69558920092,69840609910,72250440,72482605,1745518,0,0,0,0,0,0,0,0,0,0,0,0,34737133,34710291,34950,34933,2212,0,0,0,0,0,0,0,0
1778081717.9809198,g2.hpc.coe,40875,0.5001,0,100.0,2035.0,12288.0,69599914654,69881575351,72291633,72523782,1746531,0,0,0,0,0,0,0,0,0,0,0,0,40994562,40965441,41193,41177,1013,0,0,0,0,0,0,0,0
1778081718.481011,g2.hpc.coe,40875,0.5001,0,100.0,2035.0,12288.0,69635341899,69916972459,72327329,72559446,1746562,0,0,0,0,0,0,0,0,0,0,0,0,35427245,35397108,35696,35664,31,0,0,0,0,0,0,0,0
1778081718.981097,g2.hpc.coe,40875,0.5001,0,100.0,2035.0,12288.0,69676336564,69957937816,72368523,72600611,1748015,0,0,0,0,0,0,0,0,0,0,0,0,40994665,40965357,41194,41165,1453,0,0,0,0,0,0,0,0
1778081719.481181,g2.hpc.coe,40875,0.5001,0,100.0,2035.0,12288.0,69711763904,69993334973,72404219,72636282,1748488,0,0,0,0,0,0,0,0,0,0,0,0,35427340,35397157,35696,35671,473,0,0,0,0,0,0,0,0
1778081719.9812665,g2.hpc.coe,40875,0.5001,0,100.0,2035.0,12288.0,69746501276,70028045278,72439169,72671217,1748509,0,0,0,0,0,0,0,0,0,0,0,0,34737372,34710305,34950,34935,21,0,0,0,0,0,0,0,0
1778081720.4813533,g2.hpc.coe,40875,0.5001,0,100.0,2035.0,12288.0,69787496188,70069010753,72480369,72712392,1751972,0,0,0,0,0,0,0,0,0,0,0,0,40994912,40965475,41200,41175,3463,0,0,0,0,0,0,0,0
1778081720.9814382,g2.hpc.coe,40875,0.5001,0,100.0,2035.0,12288.0,69822923678,70104407952,72516066,72748069,1751997,0,0,0,0,0,0,0,0,0,0,0,0,35427490,35397199,35697,35677,25,0,0,0,0,0,0,0,0
1778081721.481523,g2.hpc.coe,40875,0.5001,0,100.0,2035.0,12288.0,69863918567,70145373281,72557258,72789230,1753253,0,0,0,0,0,0,0,0,0,0,0,0,40994889,40965329,41192,41161,1256,0,0,0,0,0,0,0,0
1778081721.9816096,g2.hpc.coe,40875,0.5001,0,100.0,2035.0,12288.0,69899346154,70180770390,72592953,72824892,1753277,0,0,0,0,0,0,0,0,0,0,0,0,35427587,35397109,35695,35662,24,0,0,0,0,0,0,0,0
1778081722.481702,g2.hpc.coe,40875,0.5001,0,100.0,2035.0,12288.0,69934553509,70216575803,72628883,72861301,1753788,0,0,0,0,0,0,0,0,0,0,0,0,35207355,35805413,35930,36409,511,0,0,0,0,0,0,0,0
1778081722.98179,g2.hpc.coe,40875,0.5001,0,100.0,2035.0,12288.0,69975768940,70257132878,72669855,72901720,1756852,0,0,0,0,0,0,0,0,0,0,0,0,41215431,40557075,40972,40419,3064,0,0,0,0,0,0,0,0
1778081723.481875,g2.hpc.coe,40875,0.5001,0,100.0,2035.0,12288.0,70010506751,70291843184,72704818,72936653,1757879,0,0,0,0,0,0,0,0,0,0,0,0,34737811,34710306,34963,34933,1027,0,0,0,0,0,0,0,0
1778081723.9819603,g2.hpc.coe,40875,0.5001,0,100.0,2035.0,12288.0,70051501879,70332808626,72746008,72977828,1760472,0,0,0,0,0,0,0,0,0,0,0,0,40995128,40965442,41190,41175,2593,0,0,0,0,0,0,0,0
1778081724.4820487,g2.hpc.coe,40875,0.5001,0,100.0,2035.0,12288.0,70086929767,70368205756,72781712,73013493,1760498,0,0,0,0,0,0,0,0,0,0,0,0,35427888,35397130,35704,35665,26,0,0,0,0,0,0,0,0
1778081724.9821582,g2.hpc.coe,40875,0.5001,0,100.0,2035.0,12288.0,70124080258,70405479749,72819514,73051350,1761773,0,0,0,0,0,0,0,0,0,0,0,0,37150491,37273993,37802,37857,1275,0,0,0,0,0,0,0,0
1778081725.4822445,g2.hpc.coe,40875,0.5001,0,100.0,2035.0,12288.0,70163141400,70444568446,72858593,73090343,1762443,0,0,0,0,0,0,0,0,0,0,0,0,39061142,39088697,39079,38993,670,0,0,0,0,0,0,0,0
1778081725.9823277,g2.hpc.coe,40875,0.5001,0,100.0,2035.0,12288.0,70198090869,70479278710,72893538,73125270,1762467,0,0,0,0,0,0,0,0,0,0,0,0,34949469,34710264,34945,34927,24,0,0,0,0,0,0,0,0
1778081726.4824176,g2.hpc.coe,40875,0.5001,0,100.0,2035.0,12288.0,70239086229,70520244131,72934727,73166442,1764434,0,0,0,0,0,0,0,0,0,0,0,0,40995360,40965421,41189,41172,1967,0,0,0,0,0,0,0,0
1778081726.982502,g2.hpc.coe,40875,0.5001,0,100.0,2035.0,12288.0,70274514307,70555641366,72970424,73202122,1764458,0,0,0,0,0,0,0,0,0,0,0,0,35428078,35397235,35697,35680,24,0,0,0,0,0,0,0,0
1778081727.4826043,g2.hpc.coe,40875,0.5001,0,100.0,2035.0,12288.0,70313829450,70595233848,73010576,73242280,1765084,0,0,0,0,0,0,0,0,0,0,0,0,39315143,39592482,40152,40158,626,0,0,0,0,0,0,0,0
1778081727.9826903,g2.hpc.coe,40875,0.5001,0,100.0,2035.0,12288.0,70350938119,70632003966,73047332,73278966,1765104,0,0,0,0,0,0,0,0,0,0,0,0,37108669,36770118,36756,36686,20,0,0,0,0,0,0,0,0
1778081728.482776,g2.hpc.coe,40875,0.5001,0,100.0,2035.0,12288.0,70385675298,70666714194,73082285,73313890,1765128,0,0,0,0,0,0,0,0,0,0,0,0,34737179,34710228,34953,34924,24,0,0,0,0,0,0,0,0
1778081728.982867,g2.hpc.coe,40875,0.5001,0,100.0,2035.0,12288.0,70426669891,70707679621,73123479,73355065,1767629,0,0,0,0,0,0,0,0,0,0,0,0,40994593,40965427,41194,41175,2501,0,0,0,0,0,0,0,0
1778081729.4829497,g2.hpc.coe,40875,0.5001,0,100.0,2035.0,12288.0,70462097139,70743076806,73159172,73390740,1767861,0,0,0,0,0,0,0,0,0,0,0,0,35427248,35397185,35693,35675,232,0,0,0,0,0,0,0,0
1778081729.9830337,g2.hpc.coe,40875,0.5001,0,100.0,2035.0,12288.0,70503084144,70784042163,73200370,73431905,1769712,0,0,0,0,0,0,0,0,0,0,0,0,40987005,40965357,41198,41165,1851,0,0,0,0,0,0,0,0
1778081730.4831226,g2.hpc.coe,40875,0.5001,0,100.0,2035.0,12288.0,70538519256,70819439382,73236062,73467578,1769729,0,0,0,0,0,0,0,0,0,0,0,0,35435112,35397219,35692,35673,17,0,0,0,0,0,0,0,0
1778081730.9832067,g2.hpc.coe,40875,0.5001,0,100.0,2035.0,12288.0,70573256666,70854149666,73271014,73502510,1770808,0,0,0,0,0,0,0,0,0,0,0,0,34737410,34710284,34952,34932,1079,0,0,0,0,0,0,0,0
1778081731.4832907,g2.hpc.coe,40875,0.5001,0,100.0,2035.0,12288.0,70614251414,70895115086,73312196,73543684,1773996,0,0,0,0,0,0,0,0,0,0,0,0,40994748,40965420,41182,41174,3188,0,0,0,0,0,0,0,0
1778081731.9833803,g2.hpc.coe,40875,0.5001,0,100.0,2035.0,12288.0,70649679495,70930512669,73347902,73579360,1774022,0,0,0,0,0,0,0,0,0,0,0,0,35428081,35397583,35706,35676,26,0,0,0,0,0,0,0,0
1778081732.4834661,g2.hpc.coe,40875,0.5001,0,100.0,2035.0,12288.0,70690674395,70971478054,73389092,73620529,1775190,0,0,0,0,0,0,0,0,0,0,0,0,40994900,40965385,41190,41169,1168,0,0,0,0,0,0,0,0
1778081732.983562,g2.hpc.coe,40875,0.5001,0,100.0,2035.0,12288.0,70726101965,71006875247,73424781,73656203,1775212,0,0,0,0,0,0,0,0,0,0,0,0,35427570,35397193,35689,35674,22,0,0,0,0,0,0,0,0
1778081733.483652,g2.hpc.coe,40875,0.5001,0,100.0,2035.0,12288.0,70760839608,71041585504,73459730,73691129,1775958,0,0,0,0,0,0,0,0,0,0,0,0,34737643,34710257,34949,34926,746,0,0,0,0,0,0,0,0
1778081733.9837427,g2.hpc.coe,40875,0.5001,0,100.0,2035.0,12288.0,70801834610,71082550946,73500912,73732304,1776819,0,0,0,0,0,0,0,0,0,0,0,0,40995002,40965442,41182,41175,861,0,0,0,0,0,0,0,0
1778081734.483832,g2.hpc.coe,40875,0.5001,0,100.0,2035.0,12288.0,70837262385,71117948111,73536610,73767974,1776840,0,0,0,0,0,0,0,0,0,0,0,0,35427775,35397165,35698,35670,21,0,0,0,0,0,0,0,0
1778081734.9839172,g2.hpc.coe,40875,0.5001,0,100.0,2035.0,12288.0,70878257608,71158913518,73577810,73809144,1778026,0,0,0,0,0,0,0,0,0,0,0,0,40995223,40965407,41200,41170,1186,0,0,0,0,0,0,0,0
1778081735.484011,g2.hpc.coe,40875,0.5001,0,100.0,2035.0,12288.0,70913685521,71194310766,73613505,73844819,1778213,0,0,0,0,0,0,0,0,0,0,0,0,35427913,35397248,35695,35675,187,0,0,0,0,0,0,0,0
1778081735.9840956,g2.hpc.coe,40875,0.5001,0,100.0,2035.0,12288.0,70948423472,71229021135,73648464,73879761,1778236,0,0,0,0,0,0,0,0,0,0,0,0,34737951,34710369,34959,34942,23,0,0,0,0,0,0,0,0
1778081736.4841855,g2.hpc.coe,40875,0.5001,0,100.0,2035.0,12288.0,70989418859,71269986584,73689667,73920937,1782301,0,0,0,0,0,0,0,0,0,0,0,0,40995387,40965449,41203,41176,4065,0,0,0,0,0,0,0,0
1778081736.9842749,g2.hpc.coe,40875,0.5001,0,100.0,2035.0,12288.0,71024846817,71305383770,73725357,73956610,1783494,0,0,0,0,0,0,0,0,0,0,0,0,35427958,35397186,35690,35673,1193,0,0,0,0,0,0,0,0
1778081737.4843626,g2.hpc.coe,40875,0.5001,0,100.0,2035.0,12288.0,71065842223,71346349184,73766549,73997781,1784793,0,0,0,0,0,0,0,0,0,0,0,0,40995406,40965414,41192,41171,1299,0,0,0,0,0,0,0,0
1778081737.9844518,g2.hpc.coe,40875,0.5001,0,100.0,2035.0,12288.0,71101270418,71381746349,73802257,74033451,1784813,0,0,0,0,0,0,0,0,0,0,0,0,35428195,35397165,35708,35670,20,0,0,0,0,0,0,0,0
1778081738.484544,g2.hpc.coe,40875,0.5001,0,100.0,2035.0,12288.0,71136008574,71416456634,73837209,74068381,1784829,0,0,0,0,0,0,0,0,0,0,0,0,34738156,34710285,34952,34930,16,0,0,0,0,0,0,0,0
1778081738.9846303,g2.hpc.coe,40875,0.5001,0,100.0,2035.0,12288.0,71177003111,71457421984,73878405,74109545,1786127,0,0,0,0,0,0,0,0,0,0,0,0,40994537,40965350,41196,41164,1298,0,0,0,0,0,0,0,0
1778081739.4847155,g2.hpc.coe,40875,0.5001,0,100.0,2035.0,12288.0,71212430366,71492819190,73914109,74145223,1786145,0,0,0,0,0,0,0,0,0,0,0,0,35427255,35397206,35704,35678,18,0,0,0,0,0,0,0,0
1778081739.9847991,g2.hpc.coe,40875,0.5001,0,100.0,2035.0,12288.0,71253424978,71533784666,73955302,74186405,1787678,0,0,0,0,0,0,0,0,0,0,0,0,40994612,40965476,41193,41182,1533,0,0,0,0,0,0,0,0
1778081740.484884,g2.hpc.coe,40875,0.5001,0,100.0,2035.0,12288.0,71288852308,71569181844,73991003,74222079,1787698,0,0,0,0,0,0,0,0,0,0,0,0,35427330,35397178,35701,35674,20,0,0,0,0,0,0,0,0
1778081740.98497,g2.hpc.coe,40875,0.5001,0,100.0,2035.0,12288.0,71323589640,71603892127,74025947,74257004,1787737,0,0,0,0,0,0,0,0,0,0,0,0,34737332,34710283,34944,34925,39,0,0,0,0,0,0,0,0
1778081741.485058,g2.hpc.coe,40875,0.5001,0,100.0,2035.0,12288.0,71364584436,71644857575,74067146,74298182,1789490,0,0,0,0,0,0,0,0,0,0,0,0,40994796,40965448,41199,41178,1753,0,0,0,0,0,0,0,0
1778081741.9851437,g2.hpc.coe,40875,0.5001,0,100.0,2035.0,12288.0,71400011894,71680254774,74102845,74333859,1789707,0,0,0,0,0,0,0,0,0,0,0,0,35427458,35397199,35699,35677,217,0,0,0,0,0,0,0,0
1778081742.485234,g2.hpc.coe,40875,0.5001,0,100.0,2035.0,12288.0,71441006737,71721220110,74144037,74375021,1792474,0,0,0,0,0,0,0,0,0,0,0,0,40994843,40965336,41192,41162,2767,0,0,0,0,0,0,0,0
1778081742.9853184,g2.hpc.coe,40875,0.5001,0,100.0,2035.0,12288.0,71476434241,71756617260,74179729,74410691,1793705,0,0,0,0,0,0,0,0,0,0,0,0,35427504,35397150,35692,35670,1231,0,0,0,0,0,0,0,0
1778081743.4854045,g2.hpc.coe,40875,0.5001,0,100.0,2035.0,12288.0,71512782097,71793772119,74216771,74448376,1794179,0,0,0,0,0,0,0,0,0,0,0,0,36347856,37154859,37042,37685,474,0,0,0,0,0,0,0,0
1778081743.9854918,g2.hpc.coe,40875,0.5001,0,100.0,2035.0,12288.0,71552856580,71832979860,74256616,74487535,1795046,0,0,0,0,0,0,0,0,0,0,0,0,40074483,39207741,39845,39159,867,0,0,0,0,0,0,0,0
1778081744.4855754,g2.hpc.coe,40875,0.5001,0,100.0,2035.0,12288.0,71587594470,71867690215,74291561,74522475,1795067,0,0,0,0,0,0,0,0,0,0,0,0,34737890,34710355,34945,34940,21,0,0,0,0,0,0,0,0
1778081744.9856725,g2.hpc.coe,40875,0.5001,0,100.0,2035.0,12288.0,71628589594,71908655622,74332757,74563645,1797275,0,0,0,0,0,0,0,0,0,0,0,0,40995124,40965407,41196,41170,2208,0,0,0,0,0,0,0,0
1778081745.4857585,g2.hpc.coe,40875,0.5001,0,100.0,2035.0,12288.0,71664017373,71944052857,74368452,74599325,1797526,0,0,0,0,0,0,0,0,0,0,0,0,35427779,35397235,35695,35680,251,0,0,0,0,0,0,0,0
1778081745.9858441,g2.hpc.coe,40875,0.5001,0,100.0,2035.0,12288.0,71702763937,71982983038,74407880,74638680,1798284,0,0,0,0,0,0,0,0,0,0,0,0,38746564,38930181,39428,39355,758,0,0,0,0,0,0,0,0
1778081746.4859333,g2.hpc.coe,40875,0.5001,0,100.0,2035.0,12288.0,71740440594,72020415610,74445352,74676184,1798310,0,0,0,0,0,0,0,0,0,0,0,0,37676657,37432572,37472,37504,26,0,0,0,0,0,0,0,0
1778081746.986023,g2.hpc.coe,40875,0.5001,0,100.0,2035.0,12288.0,71775179122,72055126293,74480318,74711115,1798331,0,0,0,0,0,0,0,0,0,0,0,0,34738528,34710683,34966,34931,21,0,0,0,0,0,0,0,0
1778081747.4861097,g2.hpc.coe,40875,0.5001,0,100.0,2035.0,12288.0,71816174464,72096091672,74521511,74752281,1799729,0,0,0,0,0,0,0,0,0,0,0,0,40995342,40965379,41193,41166,1398,0,0,0,0,0,0,0,0
1778081747.9862068,g2.hpc.coe,40875,0.5001,0,100.0,2035.0,12288.0,71851602496,72131488795,74557208,74787945,1799751,0,0,0,0,0,0,0,0,0,0,0,0,35428032,35397123,35697,35664,22,0,0,0,0,0,0,0,0
1778081748.4862952,g2.hpc.coe,40875,0.5001,0,100.0,2035.0,12288.0,71892598155,72172454534,74598401,74829131,1800790,0,0,0,0,0,0,0,0,0,0,0,0,40995659,40965739,41193,41186,1039,0,0,0,0,0,0,0,0
1778081748.9863853,g2.hpc.coe,40875,0.5001,0,100.0,2035.0,12288.0,71928026347,72207851818,74634103,74864818,1800811,0,0,0,0,0,0,0,0,0,0,0,0,35428192,35397284,35702,35687,21,0,0,0,0,0,0,0,0
1778081749.4864707,g2.hpc.coe,40875,0.5001,0,100.0,2035.0,12288.0,71962764507,72242562026,74669052,74899737,1803269,0,0,0,0,0,0,0,0,0,0,0,0,34738160,34710208,34949,34919,2458,0,0,0,0,0,0,0,0
1778081749.986557,g2.hpc.coe,40875,0.5001,0,100.0,2035.0,12288.0,72003759035,72283527390,74710243,74940903,1806395,0,0,0,0,0,0,0,0,0,0,0,0,40994528,40965364,41191,41166,3126,0,0,0,0,0,0,0,0
1778081750.4866474,g2.hpc.coe,40875,0.5001,0,100.0,2035.0,12288.0,72039186287,72318924568,74745943,74976577,1806415,0,0,0,0,0,0,0,0,0,0,0,0,35427252,35397178,35700,35674,20,0,0,0,0,0,0,0,0
1778081750.9867353,g2.hpc.coe,40875,0.5001,0,100.0,2035.0,12288.0,72080181008,72359890001,74787139,75017746,1806993,0,0,0,0,0,0,0,0,0,0,0,0,40994721,40965433,41196,41169,578,0,0,0,0,0,0,0,0
1778081751.4868207,g2.hpc.coe,40875,0.5001,0,100.0,2035.0,12288.0,72115608384,72395287186,74822843,75053421,1807010,0,0,0,0,0,0,0,0,0,0,0,0,35427376,35397185,35704,35675,17,0,0,0,0,0,0,0,0
1778081751.986906,g2.hpc.coe,40875,0.5001,0,100.0,2035.0,12288.0,72150345763,72429997498,74857797,75088357,1808663,0,0,0,0,0,0,0,0,0,0,0,0,34737379,34710312,34954,34936,1653,0,0,0,0,0,0,0,0
1778081752.486991,g2.hpc.coe,40875,0.5001,0,100.0,2035.0,12288.0,72191340585,72470962841,74898996,75129520,1809554,0,0,0,0,0,0,0,0,0,0,0,0,40994822,40965343,41199,41163,891,0,0,0,0,0,0,0,0
1778081752.9870768,g2.hpc.coe,40875,0.5001,0,100.0,2035.0,12288.0,72226768110,72506360026,74934701,75165195,1809577,0,0,0,0,0,0,0,0,0,0,0,0,35427525,35397185,35705,35675,23,0,0,0,0,0,0,0,0
1778081753.487167,g2.hpc.coe,40875,0.5001,0,100.0,2035.0,12288.0,72267763027,72547325509,74975900,75206378,1810535,0,0,0,0,0,0,0,0,0,0,0,0,40994917,40965483,41199,41183,958,0,0,0,0,0,0,0,0
1778081753.9872508,g2.hpc.coe,40875,0.5001,0,100.0,2035.0,12288.0,72303190605,72582722694,75011599,75242053,1810905,0,0,0,0,0,0,0,0,0,0,0,0,35427578,35397185,35699,35675,370,0,0,0,0,0,0,0,0
1778081754.4873414,g2.hpc.coe,40875,0.5001,0,100.0,2035.0,12288.0,72337928244,72617433021,75046554,75276989,1810965,0,0,0,0,0,0,0,0,0,0,0,0,34737639,34710327,34955,34936,60,0,0,0,0,0,0,0,0
1778081754.9874315,g2.hpc.coe,40875,0.5001,0,100.0,2035.0,12288.0,72378923347,72658398449,75087757,75318162,1812133,0,0,0,0,0,0,0,0,0,0,0,0,40995103,40965428,41203,41173,1168,0,0,0,0,0,0,0,0
1778081755.4875174,g2.hpc.coe,40875,0.5001,0,100.0,2035.0,12288.0,72414351112,72693795628,75123460,75353834,1814161,0,0,0,0,0,0,0,0,0,0,0,0,35427765,35397179,35703,35672,2028,0,0,0,0,0,0,0,0
1778081755.987612,g2.hpc.coe,40875,0.5001,0,100.0,2035.0,12288.0,72455346332,72734761062,75164657,75395001,1814826,0,0,0,0,0,0,0,0,0,0,0,0,40995220,40965434,41197,41167,665,0,0,0,0,0,0,0,0
1778081756.4877143,g2.hpc.coe,40875,0.5001,0,100.0,2035.0,12288.0,72490774122,72770158269,75200350,75430677,1815047,0,0,0,0,0,0,0,0,0,0,0,0,35427790,35397207,35693,35676,221,0,0,0,0,0,0,0,0
1778081756.9878066,g2.hpc.coe,40875,0.5001,0,100.0,2035.0,12288.0,72525511986,72804868596,75235303,75465613,1815146,0,0,0,0,0,0,0,0,0,0,0,0,34737864,34710327,34953,34936,99,0,0,0,0,0,0,0,0
1778081757.4878914,g2.hpc.coe,40875,0.5001,0,100.0,2035.0,12288.0,72566507334,72845833919,75276507,75506771,1816275,0,0,0,0,0,0,0,0,0,0,0,0,40995348,40965323,41204,41158,1129,0,0,0,0,0,0,0,0
1778081757.987977,g2.hpc.coe,40875,0.5001,0,100.0,2035.0,12288.0,72601935323,72881231147,75312208,75542450,1817343,0,0,0,0,0,0,0,0,0,0,0,0,35427989,35397228,35701,35679,1068,0,0,0,0,0,0,0,0
1778081758.4880672,g2.hpc.coe,40875,0.5001,0,100.0,2035.0,12288.0,72642930683,72922196533,75353400,75583617,1817487,0,0,0,0,0,0,0,0,0,0,0,0,40995360,40965386,41192,41167,144,0,0,0,0,0,0,0,0
1778081758.9881587,g2.hpc.coe,40875,0.5001,0,100.0,2035.0,12288.0,72678358796,72957593635,75389105,75619278,1817515,0,0,0,0,0,0,0,0,0,0,0,0,35428113,35397102,35705,35661,28,0,0,0,0,0,0,0,0
1778081759.488245,g2.hpc.coe,40875,0.5001,0,100.0,2035.0,12288.0,72713624393,72993462673,75425006,75655715,1819166,0,0,0,0,0,0,0,0,0,0,0,0,35265597,35869038,35901,36437,1651,0,0,0,0,0,0,0,0
1778081759.9883344,g2.hpc.coe,40875,0.5001,0,100.0,2035.0,12288.0,72754092459,73033408458,75465433,75695705,1820209,0,0,0,0,0,0,0,0,0,0,0,0,40468066,39945785,40427,39990,1043,0,0,0,0,0,0,0,0
1778081760.4884202,g2.hpc.coe,40875,0.5001,0,100.0,2035.0,12288.0,72789519606,73068666505,75500949,75731052,1820235,0,0,0,0,0,0,0,0,0,0,0,0,35427147,35258047,35516,35347,26,0,0,0,0,0,0,0,0
1778081760.9885051,g2.hpc.coe,40875,0.5001,0,100.0,2035.0,12288.0,72830514166,73109631932,75542141,75772227,1822046,0,0,0,0,0,0,0,0,0,0,0,0,40994560,40965427,41192,41175,1811,0,0,0,0,0,0,0,0
1778081761.4885905,g2.hpc.coe,40875,0.5001,0,100.0,2035.0,12288.0,72865941499,73145029193,75577842,75807906,1822078,0,0,0,0,0,0,0,0,0,0,0,0,35427333,35397261,35701,35679,32,0,0,0,0,0,0,0,0
1778081761.98868,g2.hpc.coe,40875,0.5001,0,100.0,2035.0,12288.0,72904387230,73183959709,75617042,75847197,1822100,0,0,0,0,0,0,0,0,0,0,0,0,38445731,38930516,39200,39291,22,0,0,0,0,0,0,0,0
1778081762.488772,g2.hpc.coe,40875,0.5001,0,100.0,2035.0,12288.0,72942364176,73221392252,75654755,75884764,1822291,0,0,0,0,0,0,0,0,0,0,0,0,37976946,37432543,37713,37567,191,0,0,0,0,0,0,0,0
1778081762.988869,g2.hpc.coe,40875,0.5001,0,100.0,2035.0,12288.0,72977101573,73256102564,75689708,75919700,1822307,0,0,0,0,0,0,0,0,0,0,0,0,34737397,34710312,34953,34936,16,0,0,0,0,0,0,0,0
1778081763.4889612,g2.hpc.coe,40875,0.5001,0,100.0,2035.0,12288.0,73018096433,73297067998,75730909,75960876,1824949,0,0,0,0,0,0,0,0,0,0,0,0,40994860,40965434,41201,41176,2642,0,0,0,0,0,0,0,0
1778081763.9890513,g2.hpc.coe,40875,0.5001,0,100.0,2035.0,12288.0,73053523948,73332465204,75766609,75996554,1824974,0,0,0,0,0,0,0,0,0,0,0,0,35427515,35397206,35700,35678,25,0,0,0,0,0,0,0,0
1778081764.4891438,g2.hpc.coe,40875,0.5001,0,100.0,2035.0,12288.0,73094518826,73373430575,75807799,76037721,1827512,0,0,0,0,0,0,0,0,0,0,0,0,40994878,40965371,41190,41167,2538,0,0,0,0,0,0,0,0
1778081764.9892356,g2.hpc.coe,40875,0.5001,0,100.0,2035.0,12288.0,73129946465,73408827824,75843501,76073403,1827593,0,0,0,0,0,0,0,0,0,0,0,0,35427639,35397249,35702,35682,81,0,0,0,0,0,0,0,0
1778081765.4893284,g2.hpc.coe,40875,0.5001,0,100.0,2035.0,12288.0,73164684094,73443538116,75878451,76108334,1828738,0,0,0,0,0,0,0,0,0,0,0,0,34737629,34710292,34950,34931,1145,0,0,0,0,0,0,0,0
1778081765.9894252,g2.hpc.coe,40875,0.5001,0,100.0,2035.0,12288.0,73205679201,73484503495,75919651,76149500,1832085,0,0,0,0,0,0,0,0,0,0,0,0,40995107,40965379,41200,41166,3347,0,0,0,0,0,0,0,0
1778081766.489517,g2.hpc.coe,40875,0.5001,0,100.0,2035.0,12288.0,73241107005,73519900778,75955347,76185180,1832113,0,0,0,0,0,0,0,0,0,0,0,0,35427804,35397283,35696,35680,28,0,0,0,0,0,0,0,0
1778081766.9896076,g2.hpc.coe,40875,0.5001,0,100.0,2035.0,12288.0,73282102193,73560866178,75996545,76226349,1833710,0,0,0,0,0,0,0,0,0,0,0,0,40995188,40965400,41198,41169,1597,0,0,0,0,0,0,0,0
1778081767.4896986,g2.hpc.coe,40875,0.5001,0,100.0,2035.0,12288.0,73317530092,73596263350,76032250,76262020,1833734,0,0,0,0,0,0,0,0,0,0,0,0,35427899,35397172,35705,35671,24,0,0,0,0,0,0,0,0
1778081767.9897902,g2.hpc.coe,40875,0.5001,0,100.0,2035.0,12288.0,73352268072,73630973698,76067216,76296959,1834330,0,0,0,0,0,0,0,0,0,0,0,0,34737980,34710348,34966,34939,596,0,0,0,0,0,0,0,0
1778081768.4898825,g2.hpc.coe,40875,0.5001,0,100.0,2035.0,12288.0,73393263312,73671939091,76108401,76338127,1837034,0,0,0,0,0,0,0,0,0,0,0,0,40995240,40965393,41185,41168,2704,0,0,0,0,0,0,0,0
1778081768.9899733,g2.hpc.coe,40875,0.5001,0,100.0,2035.0,12288.0,73428691312,73707336298,76144100,76373803,1837316,0,0,0,0,0,0,0,0,0,0,0,0,35428000,35397207,35699,35676,282,0,0,0,0,0,0,0,0
1778081769.490064,g2.hpc.coe,40875,0.5001,0,100.0,2035.0,12288.0,73469686697,73748301712,76185292,76414974,1837937,0,0,0,0,0,0,0,0,0,0,0,0,40995385,40965414,41192,41171,621,0,0,0,0,0,0,0,0
1778081769.9901557,g2.hpc.coe,40875,0.5001,0,100.0,2035.0,12288.0,73505114828,73783698940,76220996,76450653,1837957,0,0,0,0,0,0,0,0,0,0,0,0,35428131,35397228,35704,35679,20,0,0,0,0,0,0,0,0
1778081770.4902477,g2.hpc.coe,40875,0.5001,0,100.0,2035.0,12288.0,73539852893,73818409211,76255938,76485581,1839218,0,0,0,0,0,0,0,0,0,0,0,0,34738065,34710271,34942,34928,1261,0,0,0,0,0,0,0,0
1778081770.9903386,g2.hpc.coe,40875,0.5001,0,100.0,2035.0,12288.0,73580848527,73859374625,76297143,76526752,1841067,0,0,0,0,0,0,0,0,0,0,0,0,40995634,40965414,41205,41171,1849,0,0,0,0,0,0,0,0
1778081771.4904282,g2.hpc.coe,40875,0.5001,0,100.0,2035.0,12288.0,73616275811,73894771823,76332845,76562422,1841563,0,0,0,0,0,0,0,0,0,0,0,0,35427284,35397198,35702,35670,496,0,0,0,0,0,0,0,0
1778081771.990518,g2.hpc.coe,40875,0.5001,0,100.0,2035.0,12288.0,73657270466,73935737271,76374047,76603600,1843228,0,0,0,0,0,0,0,0,0,0,0,0,40994655,40965448,41202,41178,1665,0,0,0,0,0,0,0,0
1778081772.4906104,g2.hpc.coe,40875,0.5001,0,100.0,2035.0,12288.0,73692697692,73971134484,76409736,76639279,1843384,0,0,0,0,0,0,0,0,0,0,0,0,35427226,35397213,35689,35679,156,0,0,0,0,0,0,0,0
1778081772.9907026,g2.hpc.coe,40875,0.5001,0,100.0,2035.0,12288.0,73727435026,74005844698,76444690,76674201,1843778,0,0,0,0,0,0,0,0,0,0,0,0,34737334,34710214,34954,34922,394,0,0,0,0,0,0,0,0
1778081773.4907937,g2.hpc.coe,40875,0.5001,0,100.0,2035.0,12288.0,73768429747,74046810055,76485881,76715366,1845429,0,0,0,0,0,0,0,0,0,0,0,0,40994721,40965357,41191,41165,1651,0,0,0,0,0,0,0,0
1778081773.9908862,g2.hpc.coe,40875,0.5001,0,100.0,2035.0,12288.0,73803857137,74082207205,76521573,76751036,1845451,0,0,0,0,0,0,0,0,0,0,0,0,35427390,35397150,35692,35670,22,0,0,0,0,0,0,0,0
1778081774.4909778,g2.hpc.coe,40875,0.5001,0,100.0,2035.0,12288.0,73844851996,74123172653,76562770,76792214,1846736,0,0,0,0,0,0,0,0,0,0,0,0,40994859,40965448,41197,41178,1285,0,0,0,0,0,0,0,0
1778081774.9910703,g2.hpc.coe,40875,0.5001,0,100.0,2035.0,12288.0,73880279580,74158569838,76598476,76827889,1846760,0,0,0,0,0,0,0,0,0,0,0,0,35427584,35397185,35706,35675,24,0,0,0,0,0,0,0,0
1778081775.4911602,g2.hpc.coe,40875,0.5001,0,100.0,2035.0,12288.0,73915017209,74193441368,76633724,76863523,1848336,0,0,0,0,0,0,0,0,0,0,0,0,34737629,34871530,35248,35634,1576,0,0,0,0,0,0,0,0
1778081775.9912508,g2.hpc.coe,40875,0.5001,0,100.0,2035.0,12288.0,73956012205,74234245515,76674632,76904078,1851975,0,0,0,0,0,0,0,0,0,0,0,0,40994996,40804147,40908,40555,3639,0,0,0,0,0,0,0,0
1778081776.4913404,g2.hpc.coe,40875,0.5001,0,100.0,2035.0,12288.0,73991439996,74269642756,76710336,76939663,1853401,0,0,0,0,0,0,0,0,0,0,0,0,35427791,35397241,35704,35585,1426,0,0,0,0,0,0,0,0
1778081776.9914324,g2.hpc.coe,40875,0.5001,0,100.0,2035.0,12288.0,74032435724,74310608624,76751549,76980843,1853730,0,0,0,0,0,0,0,0,0,0,0,0,40995728,40965868,41213,41180,329,0,0,0,0,0,0,0,0
1778081777.491523,g2.hpc.coe,40875,0.5001,0,100.0,2035.0,12288.0,74067863534,74346005810,76787251,77016516,1853760,0,0,0,0,0,0,0,0,0,0,0,0,35427810,35397186,35702,35673,30,0,0,0,0,0,0,0,0
1778081777.991617,g2.hpc.coe,40875,0.5001,0,100.0,2035.0,12288.0,74106081519,74384935835,76826278,77055622,1855582,0,0,0,0,0,0,0,0,0,0,0,0,38217985,38930025,39027,39106,1822,0,0,0,0,0,0,0,0
1778081778.491709,g2.hpc.coe,40875,0.5001,0,100.0,2035.0,12288.0,74144286661,74422368501,76864152,77093373,1855611,0,0,0,0,0,0,0,0,0,0,0,0,38205142,37432666,37874,37751,29,0,0,0,0,0,0,0,0
1778081778.9917998,g2.hpc.coe,40875,0.5001,0,100.0,2035.0,12288.0,74179024625,74457078807,76899112,77128306,1855637,0,0,0,0,0,0,0,0,0,0,0,0,34737964,34710306,34960,34933,26,0,0,0,0,0,0,0,0
1778081779.491894,g2.hpc.coe,40875,0.5001,0,100.0,2035.0,12288.0,74220019920,74498044179,76940301,77169471,1857517,0,0,0,0,0,0,0,0,0,0,0,0,40995295,40965372,41189,41165,1880,0,0,0,0,0,0,0,0
1778081779.9919863,g2.hpc.coe,40875,0.5001,0,100.0,2035.0,12288.0,74255447953,74533441365,76976001,77205144,1857542,0,0,0,0,0,0,0,0,0,0,0,0,35428033,35397186,35700,35673,25,0,0,0,0,0,0,0,0
1778081780.4920785,g2.hpc.coe,40875,0.5001,0,100.0,2035.0,12288.0,74292770858,74571825437,77014261,77244173,1858141,0,0,0,0,0,0,0,0,0,0,0,0,37322905,38384072,38260,39029,599,0,0,0,0,0,0,0,0
1778081780.9921715,g2.hpc.coe,40875,0.5001,0,100.0,2035.0,12288.0,74331871557,74609803923,77052900,77281982,1858253,0,0,0,0,0,0,0,0,0,0,0,0,39100699,37978486,38639,37809,112,0,0,0,0,0,0,0,0
1778081781.4922633,g2.hpc.coe,40875,0.5001,0,100.0,2035.0,12288.0,74366609794,74644514319,77087856,77316921,1858277,0,0,0,0,0,0,0,0,0,0,0,0,34738237,34710396,34956,34939,24,0,0,0,0,0,0,0,0
1778081781.9923549,g2.hpc.coe,40875,0.5001,0,100.0,2035.0,12288.0,74407604394,74685479662,77129058,77358084,1860937,0,0,0,0,0,0,0,0,0,0,0,0,40994600,40965343,41202,41163,2660,0,0,0,0,0,0,0,0
1778081782.4924498,g2.hpc.coe,40875,0.5001,0,100.0,2035.0,12288.0,74443031599,74720876819,77164754,77393755,1860961,0,0,0,0,0,0,0,0,0,0,0,0,35427205,35397157,35696,35671,24,0,0,0,0,0,0,0,0
1778081782.9925396,g2.hpc.coe,40875,0.5001,0,100.0,2035.0,12288.0,74482266465,74760557569,77204670,77433975,1861353,0,0,0,0,0,0,0,0,0,0,0,0,39234866,39680750,39916,40220,392,0,0,0,0,0,0,0,0
1778081783.4926305,g2.hpc.coe,40875,0.5001,0,100.0,2035.0,12288.0,74519453544,74797239424,77241647,77470604,1861377,0,0,0,0,0,0,0,0,0,0,0,0,37187079,36681855,36977,36629,24,0,0,0,0,0,0,0,0
1778081783.9927208,g2.hpc.coe,40875,0.5001,0,100.0,2035.0,12288.0,74554190848,74831949729,77276593,77505539,1861589,0,0,0,0,0,0,0,0,0,0,0,0,34737304,34710305,34946,34935,212,0,0,0,0,0,0,0,0
1778081784.4928105,g2.hpc.coe,40875,0.5001,0,100.0,2035.0,12288.0,74595185692,74872915163,77317798,77546715,1866220,0,0,0,0,0,0,0,0,0,0,0,0,40994844,40965434,41205,41176,4631,0,0,0,0,0,0,0,0
1778081784.9929047,g2.hpc.coe,40875,0.5001,0,100.0,2035.0,12288.0,74630613177,74908312334,77353500,77582388,1866243,0,0,0,0,0,0,0,0,0,0,0,0,35427485,35397171,35702,35673,23,0,0,0,0,0,0,0,0
1778081785.4929953,g2.hpc.coe,40875,0.5001,0,100.0,2035.0,12288.0,74671608089,74949277649,77394701,77623547,1867677,0,0,0,0,0,0,0,0,0,0,0,0,40994912,40965315,41201,41159,1434,0,0,0,0,0,0,0,0
1778081785.9930906,g2.hpc.coe,40875,0.5001,0,100.0,2035.0,12288.0,74707035649,74984674778,77430400,77659214,1867699,0,0,0,0,0,0,0,0,0,0,0,0,35427560,35397129,35699,35667,22,0,0,0,0,0,0,0,0
1778081786.4931808,g2.hpc.coe,40875,0.5001,0,100.0,2035.0,12288.0,74741773283,75019385070,77465357,77694145,1868984,0,0,0,0,0,0,0,0,0,0,0,0,34737634,34710292,34957,34931,1285,0,0,0,0,0,0,0,0
1778081786.9932768,g2.hpc.coe,40875,0.5001,0,100.0,2035.0,12288.0,74782768339,75060350469,77506547,77735307,1873430,0,0,0,0,0,0,0,0,0,0,0,0,40995056,40965399,41190,41162,4446,0,0,0,0,0,0,0,0
1778081787.4933681,g2.hpc.coe,40875,0.5001,0,100.0,2035.0,12288.0,74818196099,75095747669,77542252,77770982,1873453,0,0,0,0,0,0,0,0,0,0,0,0,35427760,35397200,35705,35675,23,0,0,0,0,0,0,0,0
1778081787.993461,g2.hpc.coe,40875,0.5001,0,100.0,2035.0,12288.0,74859191195,75136713125,77583443,77812159,1874565,0,0,0,0,0,0,0,0,0,0,0,0,40995096,40965456,41191,41177,1112,0,0,0,0,0,0,0,0
1778081788.4935532,g2.hpc.coe,40875,0.5001,0,100.0,2035.0,12288.0,74894619051,75172110269,77619148,77847826,1874581,0,0,0,0,0,0,0,0,0,0,0,0,35427856,35397144,35705,35667,16,0,0,0,0,0,0,0,0
1778081788.9936428,g2.hpc.coe,40875,0.5001,0,100.0,2035.0,12288.0,74929356854,75206820561,77654095,77882757,1874684,0,0,0,0,0,0,0,0,0,0,0,0,34737803,34710292,34947,34931,103,0,0,0,0,0,0,0,0
1778081789.493731,g2.hpc.coe,40875,0.5001,0,100.0,2035.0,12288.0,74970352205,75247785968,77695302,77923927,1877317,0,0,0,0,0,0,0,0,0,0,0,0,40995351,40965407,41207,41170,2633,0,0,0,0,0,0,0,0
1778081789.9938195,g2.hpc.coe,40875,0.5001,0,100.0,2035.0,12288.0,75005780204,75283183231,77731007,77959611,1877346,0,0,0,0,0,0,0,0,0,0,0,0,35427999,35397263,35705,35684,29,0,0,0,0,0,0,0,0
1778081790.49391,g2.hpc.coe,40875,0.5001,0,100.0,2035.0,12288.0,75046775608,75324148666,77772208,78000785,1879149,0,0,0,0,0,0,0,0,0,0,0,0,40995404,40965435,41201,41174,1803,0,0,0,0,0,0,0,0
1778081790.9940026,g2.hpc.coe,40875,0.5001,0,100.0,2035.0,12288.0,75082203709,75359545943,77807914,78036471,1880801,0,0,0,0,0,0,0,0,0,0,0,0,35428101,35397277,35706,35686,1652,0,0,0,0,0,0,0,0
1778081791.4940946,g2.hpc.coe,40875,0.5001,0,100.0,2035.0,12288.0,75116941759,75394256284,77842860,78071409,1882038,0,0,0,0,0,0,0,0,0,0,0,0,34738050,34710341,34946,34938,1237,0,0,0,0,0,0,0,0
1778081791.9941838,g2.hpc.coe,40875,0.5001,0,100.0,2035.0,12288.0,75157937979,75435222242,77884074,78112595,1884143,0,0,0,0,0,0,0,0,0,0,0,0,40996220,40965958,41214,41186,2105,0,0,0,0,0,0,0,0
1778081792.4942913,g2.hpc.coe,40875,0.5001,0,100.0,2035.0,12288.0,75193366113,75470619456,77919762,78148272,1884165,0,0,0,0,0,0,0,0,0,0,0,0,35428134,35397214,35688,35677,22,0,0,0,0,0,0,0,0
1778081792.9943843,g2.hpc.coe,40875,0.5001,0,100.0,2035.0,12288.0,75234360675,75511584834,77960957,78189440,1885321,0,0,0,0,0,0,0,0,0,0,0,0,40994562,40965378,41195,41168,1156,0,0,0,0,0,0,0,0
1778081793.4944735,g2.hpc.coe,40875,0.5001,0,100.0,2035.0,12288.0,75269787920,75546982075,77996655,78225123,1885340,0,0,0,0,0,0,0,0,0,0,0,0,35427245,35397241,35698,35683,19,0,0,0,0,0,0,0,0
1778081793.9945636,g2.hpc.coe,40875,0.5001,0,100.0,2035.0,12288.0,75304525232,75581692359,78031612,78260055,1885360,0,0,0,0,0,0,0,0,0,0,0,0,34737312,34710284,34957,34932,20,0,0,0,0,0,0,0,0
1778081794.4946518,g2.hpc.coe,40875,0.5001,0,100.0,2035.0,12288.0,75345519874,75622657800,78072798,78301232,1886990,0,0,0,0,0,0,0,0,0,0,0,0,40994642,40965441,41186,41177,1630,0,0,0,0,0,0,0,0
1778081794.9947414,g2.hpc.coe,40875,0.5001,0,100.0,2035.0,12288.0,75380947227,75658054992,78108491,78336908,1887011,0,0,0,0,0,0,0,0,0,0,0,0,35427353,35397192,35693,35676,21,0,0,0,0,0,0,0,0
1778081795.494831,g2.hpc.coe,40875,0.5001,0,100.0,2035.0,12288.0,75421941972,75699020377,78149678,78378077,1887499,0,0,0,0,0,0,0,0,0,0,0,0,40994745,40965385,41187,41169,488,0,0,0,0,0,0,0,0
1778081795.994926,g2.hpc.coe,40875,0.5001,0,100.0,2035.0,12288.0,75457369455,75734417583,78185376,78413755,1887527,0,0,0,0,0,0,0,0,0,0,0,0,35427483,35397206,35698,35678,28,0,0,0,0,0,0,0,0
1778081796.495017,g2.hpc.coe,40875,0.5001,0,100.0,2035.0,12288.0,75493468871,75771037538,78222227,78450992,1887995,0,0,0,0,0,0,0,0,0,0,0,0,36099416,36619955,36851,37237,468,0,0,0,0,0,0,0,0
1778081796.9951074,g2.hpc.coe,40875,0.5001,0,100.0,2035.0,12288.0,75533101968,75810093307,78261522,78489857,1890684,0,0,0,0,0,0,0,0,0,0,0,0,39633097,39055769,39295,38865,2689,0,0,0,0,0,0,0,0
1778081797.4951987,g2.hpc.coe,40875,0.5001,0,100.0,2035.0,12288.0,75568529588,75845490458,78297217,78525525,1890705,0,0,0,0,0,0,0,0,0,0,0,0,35427620,35397151,35695,35668,21,0,0,0,0,0,0,0,0
1778081797.9952884,g2.hpc.coe,40875,0.5001,0,100.0,2035.0,12288.0,75609524613,75886455851,78338408,78566693,1891784,0,0,0,0,0,0,0,0,0,0,0,0,40995025,40965393,41191,41168,1079,0,0,0,0,0,0,0,0
1778081798.4953792,g2.hpc.coe,40875,0.5001,0,100.0,2035.0,12288.0,75644952377,75921852988,78374110,78602359,1892762,0,0,0,0,0,0,0,0,0,0,0,0,35427764,35397137,35702,35666,978,0,0,0,0,0,0,0,0
1778081798.9954708,g2.hpc.coe,40875,0.5001,0,100.0,2035.0,12288.0,75680327854,75957768265,78410204,78638830,1893228,0,0,0,0,0,0,0,0,0,0,0,0,35375477,35915277,36094,36471,466,0,0,0,0,0,0,0,0
1778081799.4955614,g2.hpc.coe,40875,0.5001,0,100.0,2035.0,12288.0,75720685370,75997528638,78450261,78678538,1894273,0,0,0,0,0,0,0,0,0,0,0,0,40357516,39760373,40057,39708,1045,0,0,0,0,0,0,0,0
1778081799.9956508,g2.hpc.coe,40875,0.5001,0,100.0,2035.0,12288.0,75756113341,76032925803,78485972,78714123,1894301,0,0,0,0,0,0,0,0,0,0,0,0,35427971,35397165,35711,35585,28,0,0,0,0,0,0,0,0
1778081800.495744,g2.hpc.coe,40875,0.5001,0,100.0,2035.0,12288.0,75797108640,76073891196,78527168,78755291,1895413,0,0,0,0,0,0,0,0,0,0,0,0,40995299,40965393,41196,41168,1112,0,0,0,0,0,0,0,0
1778081800.9958336,g2.hpc.coe,40875,0.5001,0,100.0,2035.0,12288.0,75832536622,76109288382,78562867,78790964,1895434,0,0,0,0,0,0,0,0,0,0,0,0,35427982,35397186,35699,35673,21,0,0,0,0,0,0,0,0
1778081801.495925,g2.hpc.coe,40875,0.5001,0,100.0,2035.0,12288.0,75869879001,76147032673,78600910,78829233,1898343,0,0,0,0,0,0,0,0,0,0,0,0,37342379,37744291,38043,38269,2909,0,0,0,0,0,0,0,0
1778081801.9960134,g2.hpc.coe,40875,0.5001,0,100.0,2035.0,12288.0,75908960150,76185651100,78639761,78867818,1900141,0,0,0,0,0,0,0,0,0,0,0,0,39081149,38618427,38851,38585,1798,0,0,0,0,0,0,0,0
1778081802.4961128,g2.hpc.coe,40875,0.5001,0,100.0,2035.0,12288.0,75943698260,76220361441,78674712,78902756,1901924,0,0,0,0,0,0,0,0,0,0,0,0,34738110,34710341,34951,34938,1783,0,0,0,0,0,0,0,0
1778081802.9962041,g2.hpc.coe,40875,0.5001,0,100.0,2035.0,12288.0,75984693869,76261326841,78715916,78943925,1901973,0,0,0,0,0,0,0,0,0,0,0,0,40995609,40965400,41204,41169,49,0,0,0,0,0,0,0,0
1778081803.4962666,g2.hpc.coe,40875,0.5001,0,100.0,2035.0,12288.0,76020121100,76296723956,78751622,78979590,1901998,0,0,0,0,0,0,0,0,0,0,0,0,35427231,35397115,35706,35665,25,0,0,0,0,0,0,0,0
1778081803.996327,g2.hpc.coe,40875,0.5001,0,100.0,2035.0,12288.0,76061115638,76337689320,78792810,79020756,1902702,0,0,0,0,0,0,0,0,0,0,0,0,40994538,40965364,41188,41166,704,0,0,0,0,0,0,0,0
1778081804.4964182,g2.hpc.coe,40875,0.5001,0,100.0,2035.0,12288.0,76096542929,76373086414,78828511,79056418,1903024,0,0,0,0,0,0,0,0,0,0,0,0,35427291,35397094,35701,35662,322,0,0,0,0,0,0,0,0
1778081804.9965074,g2.hpc.coe,40875,0.5001,0,100.0,2035.0,12288.0,76131280196,76407796684,78863458,79091348,1903052,0,0,0,0,0,0,0,0,0,0,0,0,34737267,34710270,34947,34930,28,0,0,0,0,0,0,0,0
1778081805.4965975,g2.hpc.coe,40875,0.5001,0,100.0,2035.0,12288.0,76172274884,76448762090,78904647,79132520,1903272,0,0,0,0,0,0,0,0,0,0,0,0,40994688,40965406,41189,41172,220,0,0,0,0,0,0,0,0
1778081805.9966862,g2.hpc.coe,40875,0.5001,0,100.0,2035.0,12288.0,76207702283,76484159303,78940343,79168199,1905200,0,0,0,0,0,0,0,0,0,0,0,0,35427399,35397213,35696,35679,1928,0,0,0,0,0,0,0,0
1778081806.496776,g2.hpc.coe,40875,0.5001,0,100.0,2035.0,12288.0,76248697151,76525124716,78981544,79209372,1906129,0,0,0,0,0,0,0,0,0,0,0,0,40994868,40965413,41201,41173,929,0,0,0,0,0,0,0,0
1778081806.9968677,g2.hpc.coe,40875,0.5001,0,100.0,2035.0,12288.0,76284125302,76560522306,79017262,79245049,1906155,0,0,0,0,0,0,0,0,0,0,0,0,35428151,35397590,35718,35677,26,0,0,0,0,0,0,0,0
1778081807.496958,g2.hpc.coe,40875,0.5001,0,100.0,2035.0,12288.0,76318862919,76595232673,79052216,79279986,1906933,0,0,0,0,0,0,0,0,0,0,0,0,34737617,34710367,34954,34937,778,0,0,0,0,0,0,0,0
1778081807.997052,g2.hpc.coe,40875,0.5001,0,100.0,2035.0,12288.0,76359857902,76636198087,79093411,79321157,1907866,0,0,0,0,0,0,0,0,0,0,0,0,40994983,40965414,41195,41171,933,0,0,0,0,0,0,0,0
1778081808.4971461,g2.hpc.coe,40875,0.5001,0,100.0,2035.0,12288.0,76395285783,76671595514,79129108,79356833,1908490,0,0,0,0,0,0,0,0,0,0,0,0,35427881,35397427,35697,35676,624,0,0,0,0,0,0,0,0
1778081808.9972095,g2.hpc.coe,40875,0.5001,0,100.0,2035.0,12288.0,76436280835,76712560942,79170297,79398006,1910580,0,0,0,0,0,0,0,0,0,0,0,0,40995052,40965428,41189,41173,2090,0,0,0,0,0,0,0,0
1778081809.4973004,g2.hpc.coe,40875,0.5001,0,100.0,2035.0,12288.0,76471708611,76747958079,79205997,79433672,1910597,0,0,0,0,0,0,0,0,0,0,0,0,35427776,35397137,35700,35666,17,0,0,0,0,0,0,0,0
1778081809.9973931,g2.hpc.coe,40875,0.5001,0,100.0,2035.0,12288.0,76506446397,76782668364,79240948,79468602,1910721,0,0,0,0,0,0,0,0,0,0,0,0,34737786,34710285,34951,34930,124,0,0,0,0,0,0,0,0
1778081810.4974847,g2.hpc.coe,40875,0.5001,0,100.0,2035.0,12288.0,76547441605,76823633771,79282141,79509772,1912177,0,0,0,0,0,0,0,0,0,0,0,0,40995208,40965407,41193,41170,1456,0,0,0,0,0,0,0,0
1778081810.9975736,g2.hpc.coe,40875,0.5001,0,100.0,2035.0,12288.0,76582869482,76859031013,79317835,79545453,1912608,0,0,0,0,0,0,0,0,0,0,0,0,35427877,35397242,35694,35681,431,0,0,0,0,0,0,0,0
1778081811.4976645,g2.hpc.coe,40875,0.5001,0,100.0,2035.0,12288.0,76623864842,76899996357,79359036,79586614,1913794,0,0,0,0,0,0,0,0,0,0,0,0,40995360,40965344,41201,41161,1186,0,0,0,0,0,0,0,0
1778081811.9977562,g2.hpc.coe,40875,0.5001,0,100.0,2035.0,12288.0,76659292857,76935393585,79394736,79622293,1916468,0,0,0,0,0,0,0,0,0,0,0,0,35428015,35397228,35700,35679,2674,0,0,0,0,0,0,0,0
1778081812.4978487,g2.hpc.coe,40875,0.5001,0,100.0,2035.0,12288.0,76694030967,76970103925,79429690,79657224,1916489,0,0,0,0,0,0,0,0,0,0,0,0,34738110,34710340,34954,34931,21,0,0,0,0,0,0,0,0
1778081812.9979389,g2.hpc.coe,40875,0.5001,0,100.0,2035.0,12288.0,76735026464,77011069346,79470888,79698396,1917705,0,0,0,0,0,0,0,0,0,0,0,0,40995497,40965421,41198,41172,1216,0,0,0,0,0,0,0,0
1778081813.498028,g2.hpc.coe,40875,0.5001,0,100.0,2035.0,12288.0,76770454672,77046466497,79506593,79734064,1917727,0,0,0,0,0,0,0,0,0,0,0,0,35428208,35397151,35705,35668,22,0,0,0,0,0,0,0,0
1778081813.9981189,g2.hpc.coe,40875,0.5001,0,100.0,2035.0,12288.0,76811450208,77087431897,79547783,79775233,1918812,0,0,0,0,0,0,0,0,0,0,0,0,40995536,40965400,41190,41169,1085,0,0,0,0,0,0,0,0
1778081814.4982088,g2.hpc.coe,40875,0.5001,0,100.0,2035.0,12288.0,76846877387,77122829040,79583478,79810902,1918844,0,0,0,0,0,0,0,0,0,0,0,0,35427179,35397143,35695,35669,32,0,0,0,0,0,0,0,0
1778081814.9982998,g2.hpc.coe,40875,0.5001,0,100.0,2035.0,12288.0,76881614654,77157539310,79618435,79845832,1919378,0,0,0,0,0,0,0,0,0,0,0,0,34737267,34710270,34957,34930,534,0,0,0,0,0,0,0,0
1778081815.4983897,g2.hpc.coe,40875,0.5001,0,100.0,2035.0,12288.0,76922609343,77198504730,79659634,79887006,1921501,0,0,0,0,0,0,0,0,0,0,0,0,40994689,40965420,41199,41174,2123,0,0,0,0,0,0,0,0
1778081815.9984803,g2.hpc.coe,40875,0.5001,0,100.0,2035.0,12288.0,76958036708,77233901936,79695335,79922684,1921672,0,0,0,0,0,0,0,0,0,0,0,0,35427365,35397206,35701,35678,171,0,0,0,0,0,0,0,0
1778081816.4985704,g2.hpc.coe,40875,0.5001,0,100.0,2035.0,12288.0,76999031450,77274867286,79736528,79963848,1922915,0,0,0,0,0,0,0,0,0,0,0,0,40994742,40965350,41193,41164,1243,0,0,0,0,0,0,0,0
1778081816.99866,g2.hpc.coe,40875,0.5001,0,100.0,2035.0,12288.0,77034458868,77310264513,79772223,79999529,1923031,0,0,0,0,0,0,0,0,0,0,0,0,35427418,35397227,35695,35681,116,0,0,0,0,0,0,0,0
1778081817.4987497,g2.hpc.coe,40875,0.5001,0,100.0,2035.0,12288.0,77069196423,77344974831,79807178,80034808,1923514,0,0,0,0,0,0,0,0,0,0,0,0,34737555,34710318,34955,35279,483,0,0,0,0,0,0,0,0
1778081817.998836,g2.hpc.coe,40875,0.5001,0,100.0,2035.0,12288.0,77110707869,77386627075,79849114,80076369,1923615,0,0,0,0,0,0,0,0,0,0,0,0,41511446,41652244,41936,41561,101,0,0,0,0,0,0,0,0
1778081818.4989257,g2.hpc.coe,40875,0.5001,0,100.0,2035.0,12288.0,77145618905,77421337388,79884069,80111299,1923649,0,0,0,0,0,0,0,0,0,0,0,0,34911036,34710313,34955,34930,34,0,0,0,0,0,0,0,0
1778081818.9990118,g2.hpc.coe,40875,0.5001,0,100.0,2035.0,12288.0,77186613984,77462302809,79925274,80152471,1924164,0,0,0,0,0,0,0,0,0,0,0,0,40995079,40965421,41205,41172,515,0,0,0,0,0,0,0,0
1778081819.4991043,g2.hpc.coe,40875,0.5001,0,100.0,2035.0,12288.0,77222041683,77497700023,79960973,80188148,1924218,0,0,0,0,0,0,0,0,0,0,0,0,35427699,35397214,35699,35677,54,0,0,0,0,0,0,0,0
1778081819.9991891,g2.hpc.coe,40875,0.5001,0,100.0,2035.0,12288.0,77260320313,77536165475,80000103,80227264,1925836,0,0,0,0,0,0,0,0,0,0,0,0,38278630,38465452,39130,39116,1618,0,0,0,0,0,0,0,0
1778081820.4992764,g2.hpc.coe,40875,0.5001,0,100.0,2035.0,12288.0,77298464681,77574062616,80037881,80264991,1925863,0,0,0,0,0,0,0,0,0,0,0,0,38144368,37897141,37778,37727,27,0,0,0,0,0,0,0,0
1778081820.999364,g2.hpc.coe,40875,0.5001,0,100.0,2035.0,12288.0,77333202493,77608772880,80072832,80299918,1931289,0,0,0,0,0,0,0,0,0,0,0,0,34737812,34710264,34951,34927,5426,0,0,0,0,0,0,0,0
1778081821.4994512,g2.hpc.coe,40875,0.5001,0,100.0,2035.0,12288.0,77374197755,77649738252,80114029,80341083,1936662,0,0,0,0,0,0,0,0,0,0,0,0,40995262,40965372,41197,41165,5373,0,0,0,0,0,0,0,0
1778081821.999543,g2.hpc.coe,40875,0.5001,0,100.0,2035.0,12288.0,77409626294,77685135934,80149742,80376771,1936856,0,0,0,0,0,0,0,0,0,0,0,0,35428539,35397682,35713,35688,194,0,0,0,0,0,0,0,0
1778081822.4996378,g2.hpc.coe,40875,0.5001,0,100.0,2035.0,12288.0,77449642213,77725367566,80190440,80417550,1938016,0,0,0,0,0,0,0,0,0,0,0,0,40015919,40231632,40698,40779,1160,0,0,0,0,0,0,0,0
1778081822.9997373,g2.hpc.coe,40875,0.5001,0,100.0,2035.0,12288.0,77486049726,77761498631,80226635,80453622,1938039,0,0,0,0,0,0,0,0,0,0,0,0,36407513,36131065,36195,36072,23,0,0,0,0,0,0,0,0
1778081823.4998257,g2.hpc.coe,40875,0.5001,0,100.0,2035.0,12288.0,77520787812,77796208895,80261591,80488549,1940346,0,0,0,0,0,0,0,0,0,0,0,0,34738086,34710264,34956,34927,2307,0,0,0,0,0,0,0,0
1778081823.9999146,g2.hpc.coe,40875,0.5001,0,100.0,2035.0,12288.0,77561783251,77837174295,80302777,80529718,1942552,0,0,0,0,0,0,0,0,0,0,0,0,40995439,40965400,41186,41169,2206,0,0,0,0,0,0,0,0
1778081824.5000014,g2.hpc.coe,40875,0.5001,0,100.0,2035.0,12288.0,77597211499,77872571460,80338484,80565388,1942572,0,0,0,0,0,0,0,0,0,0,0,0,35428248,35397165,35707,35670,20,0,0,0,0,0,0,0,0
1778081825.0000887,g2.hpc.coe,40875,0.5001,0,100.0,2035.0,12288.0,77638206091,77913536887,80379686,80606563,1943942,0,0,0,0,0,0,0,0,0,0,0,0,40994592,40965427,41202,41175,1370,0,0,0,0,0,0,0,0
1778081825.5001771,g2.hpc.coe,40875,0.5001,0,100.0,2035.0,12288.0,77673633282,77948934065,80415379,80642237,1944204,0,0,0,0,0,0,0,0,0,0,0,0,35427191,35397178,35693,35674,262,0,0,0,0,0,0,0,0
1778081826.0002675,g2.hpc.coe,40875,0.5001,0,100.0,2035.0,12288.0,77708370491,77983644314,80450324,80677164,1945045,0,0,0,0,0,0,0,0,0,0,0,0,34737209,34710249,34945,34927,841,0,0,0,0,0,0,0,0
1778081826.50036,g2.hpc.coe,40875,0.5001,0,100.0,2035.0,12288.0,77749365150,78024609755,80491515,80718341,1946497,0,0,0,0,0,0,0,0,0,0,0,0,40994659,40965441,41191,41177,1452,0,0,0,0,0,0,0,0
1778081827.0004468,g2.hpc.coe,40875,0.5001,0,100.0,2035.0,12288.0,77784792484,78060006863,80527208,80754005,1946844,0,0,0,0,0,0,0,0,0,0,0,0,35427334,35397108,35693,35664,347,0,0,0,0,0,0,0,0
1778081827.5005345,g2.hpc.coe,40875,0.5001,0,100.0,2035.0,12288.0,77825787259,78100972297,80568402,80795181,1948555,0,0,0,0,0,0,0,0,0,0,0,0,40994775,40965434,41194,41176,1711,0,0,0,0,0,0,0,0
1778081828.000624,g2.hpc.coe,40875,0.5001,0,100.0,2035.0,12288.0,77861214843,78136369572,80604108,80830862,1948581,0,0,0,0,0,0,0,0,0,0,0,0,35427584,35397275,35706,35681,26,0,0,0,0,0,0,0,0
1778081828.5007124,g2.hpc.coe,40875,0.5001,0,100.0,2035.0,12288.0,77895952416,78171079828,80639071,80865790,1949567,0,0,0,0,0,0,0,0,0,0,0,0,34737573,34710256,34963,34928,986,0,0,0,0,0,0,0,0
1778081829.000803,g2.hpc.coe,40875,0.5001,0,100.0,2035.0,12288.0,77936947313,78212045283,80680262,80906969,1951801,0,0,0,0,0,0,0,0,0,0,0,0,40994897,40965455,41191,41179,2234,0,0,0,0,0,0,0,0
1778081829.5008898,g2.hpc.coe,40875,0.5001,0,100.0,2035.0,12288.0,77972374971,78247442441,80715965,80942638,1952354,0,0,0,0,0,0,0,0,0,0,0,0,35427658,35397158,35703,35669,553,0,0,0,0,0,0,0,0
1778081830.0009792,g2.hpc.coe,40875,0.5001,0,100.0,2035.0,12288.0,78013369979,78288407862,80757156,80983810,1954440,0,0,0,0,0,0,0,0,0,0,0,0,40995008,40965421,41191,41172,2086,0,0,0,0,0,0,0,0
1778081830.5010695,g2.hpc.coe,40875,0.5001,0,100.0,2035.0,12288.0,78048797705,78323805111,80792855,81019492,1954469,0,0,0,0,0,0,0,0,0,0,0,0,35427726,35397249,35699,35682,29,0,0,0,0,0,0,0,0
1778081831.001157,g2.hpc.coe,40875,0.5001,0,100.0,2035.0,12288.0,78083535448,78358515396,80827806,81054422,1954812,0,0,0,0,0,0,0,0,0,0,0,0,34737743,34710285,34951,34930,343,0,0,0,0,0,0,0,0
1778081831.501245,g2.hpc.coe,40875,0.5001,0,100.0,2035.0,12288.0,78124530543,78399480775,80868989,81095588,1956215,0,0,0,0,0,0,0,0,0,0,0,0,40995095,40965379,41183,41166,1403,0,0,0,0,0,0,0,0
1778081832.001338,g2.hpc.coe,40875,0.5001,0,100.0,2035.0,12288.0,78159958425,78434878003,80904690,81131267,1958775,0,0,0,0,0,0,0,0,0,0,0,0,35427882,35397228,35701,35679,2560,0,0,0,0,0,0,0,0
1778081832.5014222,g2.hpc.coe,40875,0.5001,0,100.0,2035.0,12288.0,78200953678,78475843452,80945882,81172443,1960084,0,0,0,0,0,0,0,0,0,0,0,0,40995253,40965449,41192,41176,1309,0,0,0,0,0,0,0,0
1778081833.001508,g2.hpc.coe,40875,0.5001,0,100.0,2035.0,12288.0,78236381719,78511240686,80981583,81208116,1960110,0,0,0,0,0,0,0,0,0,0,0,0,35428041,35397234,35701,35673,26,0,0,0,0,0,0,0,0
1778081833.5015955,g2.hpc.coe,40875,0.5001,0,100.0,2035.0,12288.0,78271119700,78545950992,81016534,81243272,1960230,0,0,0,0,0,0,0,0,0,0,0,0,34737981,34710306,34951,35156,120,0,0,0,0,0,0,0,0
1778081834.0016782,g2.hpc.coe,40875,0.5001,0,100.0,2035.0,12288.0,78312115124,78586916378,81057730,81284216,1961205,0,0,0,0,0,0,0,0,0,0,0,0,40995424,40965386,41196,40944,975,0,0,0,0,0,0,0,0
1778081834.501768,g2.hpc.coe,40875,0.5001,0,100.0,2035.0,12288.0,78347543281,78622313557,81093434,81319888,1961233,0,0,0,0,0,0,0,0,0,0,0,0,35428157,35397179,35704,35672,28,0,0,0,0,0,0,0,0
1778081835.0018766,g2.hpc.coe,40875,0.5001,0,100.0,2035.0,12288.0,78388538759,78663278992,81134622,81361062,1962572,0,0,0,0,0,0,0,0,0,0,0,0,40995478,40965435,41188,41174,1339,0,0,0,0,0,0,0,0
1778081835.5019617,g2.hpc.coe,40875,0.5001,0,100.0,2035.0,12288.0,78423967025,78698676185,81170328,81396736,1962599,0,0,0,0,0,0,0,0,0,0,0,0,35428266,35397193,35706,35674,27,0,0,0,0,0,0,0,0
1778081836.0020478,g2.hpc.coe,40875,0.5001,0,100.0,2035.0,12288.0,78464961580,78739641528,81211521,81437899,1963250,0,0,0,0,0,0,0,0,0,0,0,0,40994555,40965343,41193,41163,651,0,0,0,0,0,0,0,0
1778081836.502133,g2.hpc.coe,40875,0.5001,0,100.0,2035.0,12288.0,78500388866,78775038748,81247224,81473579,1963288,0,0,0,0,0,0,0,0,0,0,0,0,35427286,35397220,35703,35680,38,0,0,0,0,0,0,0,0
1778081837.0022213,g2.hpc.coe,40875,0.5001,0,100.0,2035.0,12288.0,78535126708,78809749430,81282184,81508512,1963310,0,0,0,0,0,0,0,0,0,0,0,0,34737842,34710682,34960,34933,22,0,0,0,0,0,0,0,0
1778081837.5023098,g2.hpc.coe,40875,0.5001,0,100.0,2035.0,12288.0,78576121440,78850714857,81323382,81549687,1966306,0,0,0,0,0,0,0,0,0,0,0,0,40994732,40965427,41198,41175,2996,0,0,0,0,0,0,0,0
1778081838.002394,g2.hpc.coe,40875,0.5001,0,100.0,2035.0,12288.0,78611548876,78886112125,81359077,81585367,1966324,0,0,0,0,0,0,0,0,0,0,0,0,35427436,35397268,35695,35680,18,0,0,0,0,0,0,0,0
1778081838.5024824,g2.hpc.coe,40875,0.5001,0,100.0,2035.0,12288.0,78652543689,78927077566,81400273,81626544,1966357,0,0,0,0,0,0,0,0,0,0,0,0,40994813,40965441,41196,41177,33,0,0,0,0,0,0,0,0
1778081839.0025697,g2.hpc.coe,40875,0.5001,0,100.0,2035.0,12288.0,78687971122,78962474744,81435963,81662218,1966761,0,0,0,0,0,0,0,0,0,0,0,0,35427433,35397178,35690,35674,404,0,0,0,0,0,0,0,0
1778081839.5026553,g2.hpc.coe,40875,0.5001,0,100.0,2035.0,12288.0,78722708678,78997184979,81470920,81697143,1968089,0,0,0,0,0,0,0,0,0,0,0,0,34737556,34710235,34957,34925,1328,0,0,0,0,0,0,0,0
1778081840.0027413,g2.hpc.coe,40875,0.5001,0,100.0,2035.0,12288.0,78763703643,79038150372,81512115,81738311,1969149,0,0,0,0,0,0,0,0,0,0,0,0,40994965,40965393,41195,41168,1060,0,0,0,0,0,0,0,0
1778081840.5028262,g2.hpc.coe,40875,0.5001,0,100.0,2035.0,12288.0,78799131333,79073547607,81547819,81773991,1969475,0,0,0,0,0,0,0,0,0,0,0,0,35427690,35397235,35704,35680,326,0,0,0,0,0,0,0,0
1778081841.0029097,g2.hpc.coe,40875,0.5001,0,100.0,2035.0,12288.0,78840126344,79114512979,81589007,81815156,1969502,0,0,0,0,0,0,0,0,0,0,0,0,40995011,40965372,41188,41165,27,0,0,0,0,0,0,0,0
1778081841.5029967,g2.hpc.coe,40875,0.5001,0,100.0,2035.0,12288.0,78875554080,79149910137,81624704,81850825,1969535,0,0,0,0,0,0,0,0,0,0,0,0,35427736,35397158,35697,35669,33,0,0,0,0,0,0,0,0
1778081842.0030828,g2.hpc.coe,40875,0.5001,0,100.0,2035.0,12288.0,78910291924,79184620415,81659666,81885754,1969632,0,0,0,0,0,0,0,0,0,0,0,0,34737844,34710278,34962,34929,97,0,0,0,0,0,0,0,0
1778081842.5031743,g2.hpc.coe,40875,0.5001,0,100.0,2035.0,12288.0,78951287155,79225585822,81700865,81926924,1970555,0,0,0,0,0,0,0,0,0,0,0,0,40995231,40965407,41199,41170,923,0,0,0,0,0,0,0,0
1778081843.0032866,g2.hpc.coe,40875,0.5001,0,100.0,2035.0,12288.0,78986715125,79260983098,81736566,81962603,1970802,0,0,0,0,0,0,0,0,0,0,0,0,35427970,35397276,35701,35679,247,0,0,0,0,0,0,0,0
1778081843.5033731,g2.hpc.coe,40875,0.5001,0,100.0,2035.0,12288.0,79027710430,79301948491,81777762,82003771,1970824,0,0,0,0,0,0,0,0,0,0,0,0,40995305,40965393,41196,41168,22,0,0,0,0,0,0,0,0
1778081844.0034578,g2.hpc.coe,40875,0.5001,0,100.0,2035.0,12288.0,79063138355,79337345684,81813452,82039445,1970847,0,0,0,0,0,0,0,0,0,0,0,0,35427925,35397193,35690,35674,23,0,0,0,0,0,0,0,0
1778081844.5035408,g2.hpc.coe,40875,0.5001,0,100.0,2035.0,12288.0,79097876353,79372055997,81848402,82074379,1970873,0,0,0,0,0,0,0,0,0,0,0,0,34737998,34710313,34950,34934,26,0,0,0,0,0,0,0,0
1778081845.0036259,g2.hpc.coe,40875,0.5001,0,100.0,2035.0,12288.0,79138871843,79413021432,81889604,82115553,1972573,0,0,0,0,0,0,0,0,0,0,0,0,40995490,40965435,41202,41174,1700,0,0,0,0,0,0,0,0
1778081845.50371,g2.hpc.coe,40875,0.5001,0,100.0,2035.0,12288.0,79174300010,79448418639,81925306,82151229,1972603,0,0,0,0,0,0,0,0,0,0,0,0,35428167,35397207,35702,35676,30,0,0,0,0,0,0,0,0
1778081846.003793,g2.hpc.coe,40875,0.5001,0,100.0,2035.0,12288.0,79215295596,79489384102,81966506,82192407,1972725,0,0,0,0,0,0,0,0,0,0,0,0,40995586,40965463,41200,41178,122,0,0,0,0,0,0,0,0
1778081846.5038812,g2.hpc.coe,40875,0.5001,0,100.0,2035.0,12288.0,79250722677,79524781266,82002190,82228079,1972893,0,0,0,0,0,0,0,0,0,0,0,0,35427081,35397164,35684,35672,168,0,0,0,0,0,0,0,0
1778081847.003965,g2.hpc.coe,40875,0.5001,0,100.0,2035.0,12288.0,79285459930,79559491585,82037148,82263016,1972916,0,0,0,0,0,0,0,0,0,0,0,0,34737253,34710319,34958,34937,23,0,0,0,0,0,0,0,0
1778081847.5040476,g2.hpc.coe,40875,0.5001,0,100.0,2035.0,12288.0,79326454527,79600456998,82078337,82304189,1976000,0,0,0,0,0,0,0,0,0,0,0,0,40994597,40965413,41189,41173,3084,0,0,0,0,0,0,0,0
1778081848.0041332,g2.hpc.coe,40875,0.5001,0,100.0,2035.0,12288.0,79361881884,79635854232,82114040,82339871,1976024,0,0,0,0,0,0,0,0,0,0,0,0,35427357,35397234,35703,35682,24,0,0,0,0,0,0,0,0
1778081848.5042186,g2.hpc.coe,40875,0.5001,0,100.0,2035.0,12288.0,79402876640,79676819672,82155229,82381041,1976434,0,0,0,0,0,0,0,0,0,0,0,0,40994756,40965440,41189,41170,410,0,0,0,0,0,0,0,0
1778081849.0043027,g2.hpc.coe,40875,0.5001,0,100.0,2035.0,12288.0,79438304114,79712216829,82190935,82416712,1976812,0,0,0,0,0,0,0,0,0,0,0,0,35427474,35397157,35706,35671,378,0,0,0,0,0,0,0,0
1778081849.5043879,g2.hpc.coe,40875,0.5001,0,100.0,2035.0,12288.0,79473041612,79746927064,82225894,82451637,1976932,0,0,0,0,0,0,0,0,0,0,0,0,34737498,34710235,34959,34925,120,0,0,0,0,0,0,0,0
1778081850.0044749,g2.hpc.coe,40875,0.5001,0,100.0,2035.0,12288.0,79514036406,79787892400,82267077,82492799,1978417,0,0,0,0,0,0,0,0,0,0,0,0,40994794,40965336,41183,41162,1485,0,0,0,0,0,0,0,0
1778081850.5045671,g2.hpc.coe,40875,0.5001,0,100.0,2035.0,12288.0,79549463981,79823289578,82302777,82528473,1979373,0,0,0,0,0,0,0,0,0,0,0,0,35427575,35397178,35700,35674,956,0,0,0,0,0,0,0,0
1778081851.0046532,g2.hpc.coe,40875,0.5001,0,100.0,2035.0,12288.0,79590458998,79864254957,82343976,82569639,1980152,0,0,0,0,0,0,0,0,0,0,0,0,40995017,40965379,41199,41166,779,0,0,0,0,0,0,0,0
1778081851.5047367,g2.hpc.coe,40875,0.5001,0,100.0,2035.0,12288.0,79625886635,79899652157,82379669,82605314,1980211,0,0,0,0,0,0,0,0,0,0,0,0,35427637,35397200,35693,35675,59,0,0,0,0,0,0,0,0
1778081852.004821,g2.hpc.coe,40875,0.5001,0,100.0,2035.0,12288.0,79664327621,79938582702,82418815,82644507,1980388,0,0,0,0,0,0,0,0,0,0,0,0,38440986,38930545,39146,39193,177,0,0,0,0,0,0,0,0
1778081852.5049052,g2.hpc.coe,40875,0.5001,0,100.0,2035.0,12288.0,79702136716,79976014989,82456587,82682173,1981500,0,0,0,0,0,0,0,0,0,0,0,0,37809095,37432287,37772,37666,1112,0,0,0,0,0,0,0,0
1778081853.0049944,g2.hpc.coe,40875,0.5001,0,100.0,2035.0,12288.0,79737047893,80010725566,82491529,82717107,1981528,0,0,0,0,0,0,0,0,0,0,0,0,34911177,34710577,34942,34934,28,0,0,0,0,0,0,0,0
1778081853.5050783,g2.hpc.coe,40875,0.5001,0,100.0,2035.0,12288.0,79778043211,80051690979,82532728,82758271,1981952,0,0,0,0,0,0,0,0,0,0,0,0,40995318,40965413,41199,41164,424,0,0,0,0,0,0,0,0
1778081854.0051653,g2.hpc.coe,40875,0.5001,0,100.0,2035.0,12288.0,79813471198,80087088186,82568437,82793947,1981975,0,0,0,0,0,0,0,0,0,0,0,0,35427987,35397207,35709,35676,23,0,0,0,0,0,0,0,0
1778081854.5052555,g2.hpc.coe,40875,0.5001,0,100.0,2035.0,12288.0,79852275446,80126377131,82607861,82833574,1982015,0,0,0,0,0,0,0,0,0,0,0,0,38804248,39288945,39424,39627,40,0,0,0,0,0,0,0,0
1778081855.0053403,g2.hpc.coe,40875,0.5001,0,100.0,2035.0,12288.0,79889894504,80163450758,82645327,82870787,1982582,0,0,0,0,0,0,0,0,0,0,0,0,37619058,37073627,37466,37213,567,0,0,0,0,0,0,0,0
1778081855.5054238,g2.hpc.coe,40875,0.5001,0,100.0,2035.0,12288.0,79924632604,80198161043,82680288,82905717,1982678,0,0,0,0,0,0,0,0,0,0,0,0,34738100,34710285,34961,34930,96,0,0,0,0,0,0,0,0
1778081856.0055091,g2.hpc.coe,40875,0.5001,0,100.0,2035.0,12288.0,79965628077,80239126471,82721482,82946890,1983966,0,0,0,0,0,0,0,0,0,0,0,0,40995473,40965428,41194,41173,1288,0,0,0,0,0,0,0,0
1778081856.5055923,g2.hpc.coe,40875,0.5001,0,100.0,2035.0,12288.0,80001056261,80274523650,82757183,82982562,1984187,0,0,0,0,0,0,0,0,0,0,0,0,35428184,35397179,35701,35672,221,0,0,0,0,0,0,0,0
1778081857.0056825,g2.hpc.coe,40875,0.5001,0,100.0,2035.0,12288.0,80042044174,80315489085,82798385,83023736,1984319,0,0,0,0,0,0,0,0,0,0,0,0,40987913,40965435,41202,41174,132,0,0,0,0,0,0,0,0
1778081857.5057707,g2.hpc.coe,40875,0.5001,0,100.0,2035.0,12288.0,80077479091,80350886305,82834083,83059416,1984745,0,0,0,0,0,0,0,0,0,0,0,0,35434917,35397220,35698,35680,426,0,0,0,0,0,0,0,0
1778081858.0058675,g2.hpc.coe,40875,0.5001,0,100.0,2035.0,12288.0,80112216376,80385596596,82869042,83094349,1984770,0,0,0,0,0,0,0,0,0,0,0,0,34737285,34710291,34959,34933,25,0,0,0,0,0,0,0,0
1778081858.5059574,g2.hpc.coe,40875,0.5001,0,100.0,2035.0,12288.0,80153211111,80426562043,82910238,83135520,1985413,0,0,0,0,0,0,0,0,0,0,0,0,40994735,40965447,41196,41171,643,0,0,0,0,0,0,0,0
1778081859.00605,g2.hpc.coe,40875,0.5001,0,100.0,2035.0,12288.0,80188638438,80461959298,82945933,83171205,1985652,0,0,0,0,0,0,0,0,0,0,0,0,35427327,35397255,35695,35685,239,0,0,0,0,0,0,0,0
1778081859.5061388,g2.hpc.coe,40875,0.5001,0,100.0,2035.0,12288.0,80229633212,80502924662,82987130,83212371,1985676,0,0,0,0,0,0,0,0,0,0,0,0,40994774,40965364,41197,41166,24,0,0,0,0,0,0,0,0
1778081860.0062246,g2.hpc.coe,40875,0.5001,0,100.0,2035.0,12288.0,80265060717,80538321847,83022837,83248046,1985725,0,0,0,0,0,0,0,0,0,0,0,0,35427505,35397185,35707,35675,49,0,0,0,0,0,0,0,0
1778081860.5063093,g2.hpc.coe,40875,0.5001,0,100.0,2035.0,12288.0,80299798191,80573032117,83057789,83282976,1985742,0,0,0,0,0,0,0,0,0,0,0,0,34737474,34710270,34952,34930,17,0,0,0,0,0,0,0,0
1778081861.0064058,g2.hpc.coe,40875,0.5001,0,100.0,2035.0,12288.0,80340793093,80613997502,83098984,83324145,1986334,0,0,0,0,0,0,0,0,0,0,0,0,40994902,40965385,41195,41169,592,0,0,0,0,0,0,0,0
1778081861.5064898,g2.hpc.coe,40875,0.5001,0,100.0,2035.0,12288.0,80376220714,80649394695,83134685,83359819,1987138,0,0,0,0,0,0,0,0,0,0,0,0,35427621,35397193,35701,35674,804,0,0,0,0,0,0,0,0
1778081862.0065758,g2.hpc.coe,40875,0.5001,0,100.0,2035.0,12288.0,80417215671,80690360088,83175872,83400987,1987165,0,0,0,0,0,0,0,0,0,0,0,0,40994957,40965393,41187,41168,27,0,0,0,0,0,0,0,0
1778081862.5066652,g2.hpc.coe,40875,0.5001,0,100.0,2035.0,12288.0,80452643331,80725757379,83211565,83436675,1987187,0,0,0,0,0,0,0,0,0,0,0,0,35427660,35397291,35693,35688,22,0,0,0,0,0,0,0,0
1778081863.00675,g2.hpc.coe,40875,0.5001,0,100.0,2035.0,12288.0,80487381086,80760467608,83246521,83471597,1987210,0,0,0,0,0,0,0,0,0,0,0,0,34737755,34710229,34956,34922,23,0,0,0,0,0,0,0,0
1778081863.506834,g2.hpc.coe,40875,0.5001,0,100.0,2035.0,12288.0,80528376290,80801433028,83287714,83512762,1990516,0,0,0,0,0,0,0,0,0,0,0,0,40995204,40965420,41193,41165,3306,0,0,0,0,0,0,0,0
1778081864.0069177,g2.hpc.coe,40875,0.5001,0,100.0,2035.0,12288.0,80563804156,80836830305,83323416,83548448,1990650,0,0,0,0,0,0,0,0,0,0,0,0,35427866,35397277,35702,35686,134,0,0,0,0,0,0,0,0
1778081864.5070024,g2.hpc.coe,40875,0.5001,0,100.0,2035.0,12288.0,80604799441,80877795754,83364616,83589624,1990674,0,0,0,0,0,0,0,0,0,0,0,0,40995285,40965449,41200,41176,24,0,0,0,0,0,0,0,0
1778081865.0070927,g2.hpc.coe,40875,0.5001,0,100.0,2035.0,12288.0,80640227395,80913192933,83400317,83625296,1990696,0,0,0,0,0,0,0,0,0,0,0,0,35427954,35397179,35701,35672,22,0,0,0,0,0,0,0,0
1778081865.507178,g2.hpc.coe,40875,0.5001,0,100.0,2035.0,12288.0,80674965415,80947903183,83435277,83660221,1991495,0,0,0,0,0,0,0,0,0,0,0,0,34738020,34710250,34960,34925,799,0,0,0,0,0,0,0,0
1778081866.007262,g2.hpc.coe,40875,0.5001,0,100.0,2035.0,12288.0,80715960815,80988868527,83476473,83701382,1995109,0,0,0,0,0,0,0,0,0,0,0,0,40995400,40965344,41196,41161,3614,0,0,0,0,0,0,0,0
1778081866.5073538,g2.hpc.coe,40875,0.5001,0,100.0,2035.0,12288.0,80751388905,81024265713,83512173,83737055,1995133,0,0,0,0,0,0,0,0,0,0,0,0,35428090,35397186,35700,35673,24,0,0,0,0,0,0,0,0
1778081867.0074472,g2.hpc.coe,40875,0.5001,0,100.0,2035.0,12288.0,80792385065,81065231553,83553390,83778231,1995760,0,0,0,0,0,0,0,0,0,0,0,0,40996160,40965840,41217,41176,627,0,0,0,0,0,0,0,0
1778081867.5075395,g2.hpc.coe,40875,0.5001,0,100.0,2035.0,12288.0,80827813293,81100628718,83589094,83813901,1996667,0,0,0,0,0,0,0,0,0,0,0,0,35428228,35397165,35704,35670,907,0,0,0,0,0,0,0,0
1778081868.0076334,g2.hpc.coe,40875,0.5001,0,100.0,2035.0,12288.0,80866644518,81139558731,83628307,83853331,1997190,0,0,0,0,0,0,0,0,0,0,0,0,38831225,38930013,39213,39430,523,0,0,0,0,0,0,0,0
1778081868.5077178,g2.hpc.coe,40875,0.5001,0,100.0,2035.0,12288.0,80904235030,81176991148,83665982,83890725,1998279,0,0,0,0,0,0,0,0,0,0,0,0,37590512,37432417,37675,37394,1089,0,0,0,0,0,0,0,0
1778081869.0078037,g2.hpc.coe,40875,0.5001,0,100.0,2035.0,12288.0,80938972546,81211701673,83700939,83925660,1998769,0,0,0,0,0,0,0,0,0,0,0,0,34737516,34710525,34957,34935,490,0,0,0,0,0,0,0,0
1778081869.5078917,g2.hpc.coe,40875,0.5001,0,100.0,2035.0,12288.0,80979967277,81252667009,83742138,83966822,1998809,0,0,0,0,0,0,0,0,0,0,0,0,40994731,40965336,41199,41162,40,0,0,0,0,0,0,0,0
1778081870.007976,g2.hpc.coe,40875,0.5001,0,100.0,2035.0,12288.0,81015394634,81288064187,83777834,84002496,1998840,0,0,0,0,0,0,0,0,0,0,0,0,35427357,35397178,35696,35674,31,0,0,0,0,0,0,0,0
1778081870.5080645,g2.hpc.coe,40875,0.5001,0,100.0,2035.0,12288.0,81053402923,81326448168,83816436,84041387,1998869,0,0,0,0,0,0,0,0,0,0,0,0,38008289,38383981,38602,38891,29,0,0,0,0,0,0,0,0
1778081871.0081503,g2.hpc.coe,40875,0.5001,0,100.0,2035.0,12288.0,81091816854,81364426757,83854723,84079340,1999286,0,0,0,0,0,0,0,0,0,0,0,0,38413931,37978589,38287,37953,417,0,0,0,0,0,0,0,0
1778081871.5082347,g2.hpc.coe,40875,0.5001,0,100.0,2035.0,12288.0,81126554351,81399137027,83889675,84114270,1999309,0,0,0,0,0,0,0,0,0,0,0,0,34737497,34710270,34952,34930,23,0,0,0,0,0,0,0,0
1778081872.0083203,g2.hpc.coe,40875,0.5001,0,100.0,2035.0,12288.0,81167549326,81440102314,83930877,84155425,2003037,0,0,0,0,0,0,0,0,0,0,0,0,40994975,40965287,41202,41155,3728,0,0,0,0,0,0,0,0
1778081872.5084047,g2.hpc.coe,40875,0.5001,0,100.0,2035.0,12288.0,81202976992,81475499493,83966581,84191097,2003313,0,0,0,0,0,0,0,0,0,0,0,0,35427666,35397179,35704,35672,276,0,0,0,0,0,0,0,0
1778081873.0084903,g2.hpc.coe,40875,0.5001,0,100.0,2035.0,12288.0,81242403885,81515542297,84006894,84231876,2003331,0,0,0,0,0,0,0,0,0,0,0,0,39426893,40042804,40313,40779,18,0,0,0,0,0,0,0,0
1778081873.5085742,g2.hpc.coe,40875,0.5001,0,100.0,2035.0,12288.0,81279399719,81551862079,84043470,84267939,2003531,0,0,0,0,0,0,0,0,0,0,0,0,36995834,36319782,36576,36063,200,0,0,0,0,0,0,0,0
1778081874.0086608,g2.hpc.coe,40875,0.5001,0,100.0,2035.0,12288.0,81314137498,81586572391,84078417,84302866,2003546,0,0,0,0,0,0,0,0,0,0,0,0,34737779,34710312,34947,34927,15,0,0,0,0,0,0,0,0
1778081874.5087495,g2.hpc.coe,40875,0.5001,0,100.0,2035.0,12288.0,81355132663,81627537819,84119610,84344039,2003572,0,0,0,0,0,0,0,0,0,0,0,0,40995165,40965428,41193,41173,26,0,0,0,0,0,0,0,0
1778081875.008838,g2.hpc.coe,40875,0.5001,0,100.0,2035.0,12288.0,81390560560,81662935089,84155313,84379724,2003806,0,0,0,0,0,0,0,0,0,0,0,0,35427897,35397270,35703,35685,234,0,0,0,0,0,0,0,0
1778081875.5089252,g2.hpc.coe,40875,0.5001,0,100.0,2035.0,12288.0,81431555848,81703900475,84196510,84420891,2003840,0,0,0,0,0,0,0,0,0,0,0,0,40995288,40965386,41197,41167,34,0,0,0,0,0,0,0,0
1778081876.0090127,g2.hpc.coe,40875,0.5001,0,100.0,2035.0,12288.0,81466983826,81739297696,84232211,84456569,2004705,0,0,0,0,0,0,0,0,0,0,0,0,35427978,35397221,35701,35678,865,0,0,0,0,0,0,0,0
1778081876.5091012,g2.hpc.coe,40875,0.5001,0,100.0,2035.0,12288.0,81501721849,81774007925,84267168,84491491,2004724,0,0,0,0,0,0,0,0,0,0,0,0,34738023,34710229,34957,34922,19,0,0,0,0,0,0,0,0
1778081877.0091934,g2.hpc.coe,40875,0.5001,0,100.0,2035.0,12288.0,81542717280,81814973395,84308365,84532670,2005048,0,0,0,0,0,0,0,0,0,0,0,0,40995431,40965470,41197,41179,324,0,0,0,0,0,0,0,0
1778081877.509284,g2.hpc.coe,40875,0.5001,0,100.0,2035.0,12288.0,81578145339,81850370630,84344055,84568350,2005075,0,0,0,0,0,0,0,0,0,0,0,0,35428059,35397235,35690,35680,27,0,0,0,0,0,0,0,0
1778081878.0093737,g2.hpc.coe,40875,0.5001,0,100.0,2035.0,12288.0,81619140845,81891336030,84385247,84609519,2005110,0,0,0,0,0,0,0,0,0,0,0,0,40995506,40965400,41192,41169,35,0,0,0,0,0,0,0,0
1778081878.509464,g2.hpc.coe,40875,0.5001,0,100.0,2035.0,12288.0,81654569068,81926733251,84420947,84645197,2005555,0,0,0,0,0,0,0,0,0,0,0,0,35428223,35397221,35700,35678,445,0,0,0,0,0,0,0,0
1778081879.0095592,g2.hpc.coe,40875,0.5001,0,100.0,2035.0,12288.0,81689306325,81961443618,84455900,84680134,2005581,0,0,0,0,0,0,0,0,0,0,0,0,34737257,34710367,34953,34937,26,0,0,0,0,0,0,0,0
1778081879.509648,g2.hpc.coe,40875,0.5001,0,100.0,2035.0,12288.0,81730300961,82002409017,84497098,84721305,2006326,0,0,0,0,0,0,0,0,0,0,0,0,40994636,40965399,41198,41171,745,0,0,0,0,0,0,0,0
1778081880.0097413,g2.hpc.coe,40875,0.5001,0,100.0,2035.0,12288.0,81765728266,82037806237,84532797,84756985,2006348,0,0,0,0,0,0,0,0,0,0,0,0,35427305,35397220,35699,35680,22,0,0,0,0,0,0,0,0
1778081880.50983,g2.hpc.coe,40875,0.5001,0,100.0,2035.0,12288.0,81806722948,82078771643,84573988,84798157,2006436,0,0,0,0,0,0,0,0,0,0,0,0,40994682,40965406,41191,41172,88,0,0,0,0,0,0,0,0
1778081881.009919,g2.hpc.coe,40875,0.5001,0,100.0,2035.0,12288.0,81842150361,82114168891,84609689,84833841,2008227,0,0,0,0,0,0,0,0,0,0,0,0,35427413,35397248,35701,35684,1791,0,0,0,0,0,0,0,0
1778081881.5100079,g2.hpc.coe,40875,0.5001,0,100.0,2035.0,12288.0,81876887757,82148879168,84644637,84868772,2008261,0,0,0,0,0,0,0,0,0,0,0,0,34737396,34710277,34948,34931,34,0,0,0,0,0,0,0,0
1778081882.0101004,g2.hpc.coe,40875,0.5001,0,100.0,2035.0,12288.0,81917883239,82189844979,84685850,84909946,2010891,0,0,0,0,0,0,0,0,0,0,0,0,40995482,40965811,41213,41174,2630,0,0,0,0,0,0,0,0
1778081882.51019,g2.hpc.coe,40875,0.5001,0,100.0,2035.0,12288.0,81953310817,82225242213,84721554,84945628,2011274,0,0,0,0,0,0,0,0,0,0,0,0,35427578,35397234,35704,35682,383,0,0,0,0,0,0,0,0
1778081883.010287,g2.hpc.coe,40875,0.5001,0,100.0,2035.0,12288.0,81994305745,82266207648,84762744,84986802,2011296,0,0,0,0,0,0,0,0,0,0,0,0,40994928,40965435,41190,41174,22,0,0,0,0,0,0,0,0
1778081883.5103815,g2.hpc.coe,40875,0.5001,0,100.0,2035.0,12288.0,82029733404,82301604848,84798444,85022477,2012712,0,0,0,0,0,0,0,0,0,0,0,0,35427659,35397200,35700,35675,1416,0,0,0,0,0,0,0,0
1778081884.010473,g2.hpc.coe,40875,0.5001,0,100.0,2035.0,12288.0,82064471228,82336315279,84833408,85057421,2013043,0,0,0,0,0,0,0,0,0,0,0,0,34737824,34710431,34964,34944,331,0,0,0,0,0,0,0,0
1778081884.510565,g2.hpc.coe,40875,0.5001,0,100.0,2035.0,12288.0,82105466390,82377280651,84874611,85098586,2015017,0,0,0,0,0,0,0,0,0,0,0,0,40995162,40965372,41203,41165,1974,0,0,0,0,0,0,0,0
1778081885.0106544,g2.hpc.coe,40875,0.5001,0,100.0,2035.0,12288.0,82140894171,82412677844,84910308,85134260,2015347,0,0,0,0,0,0,0,0,0,0,0,0,35427781,35397193,35697,35674,330,0,0,0,0,0,0,0,0
1778081885.510744,g2.hpc.coe,40875,0.5001,0,100.0,2035.0,12288.0,82181889365,82453643195,84951502,85175422,2015598,0,0,0,0,0,0,0,0,0,0,0,0,40995194,40965351,41194,41162,251,0,0,0,0,0,0,0,0
1778081886.0108318,g2.hpc.coe,40875,0.5001,0,100.0,2035.0,12288.0,82217317249,82489040388,84987200,85211096,2015618,0,0,0,0,0,0,0,0,0,0,0,0,35427884,35397193,35698,35674,20,0,0,0,0,0,0,0,0
1778081886.5109239,g2.hpc.coe,40875,0.5001,0,100.0,2035.0,12288.0,82252055143,82523750680,85022149,85246381,2015643,0,0,0,0,0,0,0,0,0,0,0,0,34737894,34710292,34949,35285,25,0,0,0,0,0,0,0,0
1778081887.0110157,g2.hpc.coe,40875,0.5001,0,100.0,2035.0,12288.0,82293050501,82564716094,85063346,85287198,2016232,0,0,0,0,0,0,0,0,0,0,0,0,40995358,40965414,41197,40817,589,0,0,0,0,0,0,0,0
1778081887.5111005,g2.hpc.coe,40875,0.5001,0,100.0,2035.0,12288.0,82328478583,82600113308,85099052,85322875,2016258,0,0,0,0,0,0,0,0,0,0,0,0,35428082,35397214,35706,35677,26,0,0,0,0,0,0,0,0
1778081888.0111918,g2.hpc.coe,40875,0.5001,0,100.0,2035.0,12288.0,82369474071,82641078799,85140254,85364057,2017176,0,0,0,0,0,0,0,0,0,0,0,0,40995488,40965491,41202,41182,918,0,0,0,0,0,0,0,0
1778081888.5112798,g2.hpc.coe,40875,0.5001,0,100.0,2035.0,12288.0,82404902194,82676475950,85175950,85399725,2017307,0,0,0,0,0,0,0,0,0,0,0,0,35428123,35397151,35696,35668,131,0,0,0,0,0,0,0,0
1778081889.0113761,g2.hpc.coe,40875,0.5001,0,100.0,2035.0,12288.0,82443667542,82715531645,85215426,85439339,2017334,0,0,0,0,0,0,0,0,0,0,0,0,38765348,39055695,39476,39614,27,0,0,0,0,0,0,0,0
1778081889.5114603,g2.hpc.coe,40875,0.5001,0,100.0,2035.0,12288.0,82481324977,82752838548,85252842,85476564,2017661,0,0,0,0,0,0,0,0,0,0,0,0,37657435,37306903,37416,37225,327,0,0,0,0,0,0,0,0
1778081890.0115469,g2.hpc.coe,40875,0.5001,0,100.0,2035.0,12288.0,82516062173,82787548839,85287792,85511497,2017682,0,0,0,0,0,0,0,0,0,0,0,0,34737196,34710291,34950,34933,21,0,0,0,0,0,0,0,0
1778081890.5116367,g2.hpc.coe,40875,0.5001,0,100.0,2035.0,12288.0,82557056797,82828514203,85328985,85552663,2018041,0,0,0,0,0,0,0,0,0,0,0,0,40994624,40965364,41193,41166,359,0,0,0,0,0,0,0,0
1778081891.0117226,g2.hpc.coe,40875,0.5001,0,100.0,2035.0,12288.0,82592484160,82863911374,85364689,85588336,2019071,0,0,0,0,0,0,0,0,0,0,0,0,35427363,35397171,35704,35673,1030,0,0,0,0,0,0,0,0
1778081891.5118072,g2.hpc.coe,40875,0.5001,0,100.0,2035.0,12288.0,82633225778,82904868945,85405857,85629486,2019106,0,0,0,0,0,0,0,0,0,0,0,0,40741618,40957571,41168,41150,35,0,0,0,0,0,0,0,0
1778081892.0118937,g2.hpc.coe,40875,0.5001,0,100.0,2035.0,12288.0,82668906289,82940273902,85441579,85665174,2019126,0,0,0,0,0,0,0,0,0,0,0,0,35680511,35404957,35722,35688,20,0,0,0,0,0,0,0,0
1778081892.511981,g2.hpc.coe,40875,0.5001,0,100.0,2035.0,12288.0,82703643807,82974984158,85476541,85700102,2019149,0,0,0,0,0,0,0,0,0,0,0,0,34737518,34710256,34962,34928,23,0,0,0,0,0,0,0,0
1778081893.0120707,g2.hpc.coe,40875,0.5001,0,100.0,2035.0,12288.0,82744638627,83015949606,85517728,85741280,2019950,0,0,0,0,0,0,0,0,0,0,0,0,40994820,40965448,41187,41178,801,0,0,0,0,0,0,0,0
1778081893.5121546,g2.hpc.coe,40875,0.5001,0,100.0,2035.0,12288.0,82780066221,83051346756,85553431,85776950,2020266,0,0,0,0,0,0,0,0,0,0,0,0,35427594,35397150,35703,35670,316,0,0,0,0,0,0,0,0
1778081894.012241,g2.hpc.coe,40875,0.5001,0,100.0,2035.0,12288.0,82821061173,83092312149,85594621,85818118,2020293,0,0,0,0,0,0,0,0,0,0,0,0,40994952,40965393,41190,41168,27,0,0,0,0,0,0,0,0
1778081894.5123322,g2.hpc.coe,40875,0.5001,0,100.0,2035.0,12288.0,82856488940,83127709418,85630324,85853796,2020601,0,0,0,0,0,0,0,0,0,0,0,0,35427767,35397269,35703,35678,308,0,0,0,0,0,0,0,0
1778081895.0124166,g2.hpc.coe,40875,0.5001,0,100.0,2035.0,12288.0,82891226655,83162419647,85665278,85888718,2020748,0,0,0,0,0,0,0,0,0,0,0,0,34737715,34710229,34954,34922,147,0,0,0,0,0,0,0,0
1778081895.5125055,g2.hpc.coe,40875,0.5001,0,100.0,2035.0,12288.0,82932221798,83203385089,85706475,85929893,2021928,0,0,0,0,0,0,0,0,0,0,0,0,40995143,40965442,41197,41175,1180,0,0,0,0,0,0,0,0
1778081896.012595,g2.hpc.coe,40875,0.5001,0,100.0,2035.0,12288.0,82967649673,83238782317,85742182,85965572,2022531,0,0,0,0,0,0,0,0,0,0,0,0,35427875,35397228,35707,35679,603,0,0,0,0,0,0,0,0
1778081896.5126827,g2.hpc.coe,40875,0.5001,0,100.0,2035.0,12288.0,83008644898,83279747745,85783377,86006745,2022558,0,0,0,0,0,0,0,0,0,0,0,0,40995225,40965428,41195,41173,27,0,0,0,0,0,0,0,0
1778081897.012774,g2.hpc.coe,40875,0.5001,0,100.0,2035.0,12288.0,83044073371,83315145434,85819084,86042434,2022648,0,0,0,0,0,0,0,0,0,0,0,0,35428473,35397689,35707,35689,90,0,0,0,0,0,0,0,0
1778081897.5128613,g2.hpc.coe,40875,0.5001,0,100.0,2035.0,12288.0,83078811331,83349855677,85854039,86077358,2022986,0,0,0,0,0,0,0,0,0,0,0,0,34737960,34710243,34955,34924,338,0,0,0,0,0,0,0,0
1778081898.012957,g2.hpc.coe,40875,0.5001,0,100.0,2035.0,12288.0,83119806649,83390821098,85895227,86118530,2024256,0,0,0,0,0,0,0,0,0,0,0,0,40995318,40965421,41188,41172,1270,0,0,0,0,0,0,0,0
1778081898.5130467,g2.hpc.coe,40875,0.5001,0,100.0,2035.0,12288.0,83155234790,83426218298,85930938,86154205,2024902,0,0,0,0,0,0,0,0,0,0,0,0,35428141,35397200,35711,35675,646,0,0,0,0,0,0,0,0
1778081899.013134,g2.hpc.coe,40875,0.5001,0,100.0,2035.0,12288.0,83196230275,83467183677,85972134,86195371,2024933,0,0,0,0,0,0,0,0,0,0,0,0,40995485,40965379,41196,41166,31,0,0,0,0,0,0,0,0
1778081899.5132263,g2.hpc.coe,40875,0.5001,0,100.0,2035.0,12288.0,83231658561,83502580897,86007841,86231042,2025087,0,0,0,0,0,0,0,0,0,0,0,0,35428286,35397220,35707,35671,154,0,0,0,0,0,0,0,0
1778081900.013311,g2.hpc.coe,40875,0.5001,0,100.0,2035.0,12288.0,83266396760,83537291217,86042794,86265977,2025133,0,0,0,0,0,0,0,0,0,0,0,0,34738199,34710320,34953,34935,46,0,0,0,0,0,0,0,0
1778081900.5133977,g2.hpc.coe,40875,0.5001,0,100.0,2035.0,12288.0,83307391312,83578256546,86083987,86307138,2027726,0,0,0,0,0,0,0,0,0,0,0,0,40994552,40965329,41193,41161,2593,0,0,0,0,0,0,0,0
1778081901.013487,g2.hpc.coe,40875,0.5001,0,100.0,2035.0,12288.0,83342818589,83613653724,86119689,86342812,2027804,0,0,0,0,0,0,0,0,0,0,0,0,35427277,35397178,35702,35674,78,0,0,0,0,0,0,0,0
1778081901.513584,g2.hpc.coe,40875,0.5001,0,100.0,2035.0,12288.0,83383813285,83654619116,86160889,86383982,2027824,0,0,0,0,0,0,0,0,0,0,0,0,40994696,40965392,41200,41170,20,0,0,0,0,0,0,0,0
1778081902.0136724,g2.hpc.coe,40875,0.5001,0,100.0,2035.0,12288.0,83419240629,83690016266,86196587,86419652,2030514,0,0,0,0,0,0,0,0,0,0,0,0,35427344,35397150,35698,35670,2690,0,0,0,0,0,0,0,0
1778081902.51376,g2.hpc.coe,40875,0.5001,0,100.0,2035.0,12288.0,83454348799,83725610970,86232406,86455840,2032197,0,0,0,0,0,0,0,0,0,0,0,0,35108170,35594704,35819,36188,1683,0,0,0,0,0,0,0,0
1778081903.0138838,g2.hpc.coe,40875,0.5001,0,100.0,2035.0,12288.0,83494972732,83765691879,86272723,86495745,2033150,0,0,0,0,0,0,0,0,0,0,0,0,40623933,40080909,40317,39905,953,0,0,0,0,0,0,0,0
1778081903.5139735,g2.hpc.coe,40875,0.5001,0,100.0,2035.0,12288.0,83530400226,83801089120,86308422,86531428,2033177,0,0,0,0,0,0,0,0,0,0,0,0,35427494,35397241,35699,35683,27,0,0,0,0,0,0,0,0
1778081904.0140638,g2.hpc.coe,40875,0.5001,0,100.0,2035.0,12288.0,83571395167,83842054498,86349623,86572596,2033201,0,0,0,0,0,0,0,0,0,0,0,0,40994941,40965378,41201,41168,24,0,0,0,0,0,0,0,0
1778081904.5141528,g2.hpc.coe,40875,0.5001,0,100.0,2035.0,12288.0,83606822897,83877451739,86385331,86608270,2033231,0,0,0,0,0,0,0,0,0,0,0,0,35427730,35397241,35708,35674,30,0,0,0,0,0,0,0,0
1778081905.014258,g2.hpc.coe,40875,0.5001,0,100.0,2035.0,12288.0,83641950903,83913211031,86421218,86644649,2033262,0,0,0,0,0,0,0,0,0,0,0,0,35128006,35759292,35887,36379,31,0,0,0,0,0,0,0,0
1778081905.5143433,g2.hpc.coe,40875,0.5001,0,100.0,2035.0,12288.0,83683245647,83953814332,86462231,86685113,2033433,0,0,0,0,0,0,0,0,0,0,0,0,41294744,40603301,41013,40464,171,0,0,0,0,0,0,0,0
1778081906.0144348,g2.hpc.coe,40875,0.5001,0,100.0,2035.0,12288.0,83717983335,83988524617,86497178,86720043,2033457,0,0,0,0,0,0,0,0,0,0,0,0,34737688,34710285,34947,34930,24,0,0,0,0,0,0,0,0
1778081906.5145257,g2.hpc.coe,40875,0.5001,0,100.0,2035.0,12288.0,83758978508,84029490066,86538376,86761219,2033552,0,0,0,0,0,0,0,0,0,0,0,0,40995173,40965449,41198,41176,95,0,0,0,0,0,0,0,0
1778081907.0146122,g2.hpc.coe,40875,0.5001,0,100.0,2035.0,12288.0,83794406363,84064887273,86574077,86796895,2033705,0,0,0,0,0,0,0,0,0,0,0,0,35427855,35397207,35701,35676,153,0,0,0,0,0,0,0,0
1778081907.5146976,g2.hpc.coe,40875,0.5001,0,100.0,2035.0,12288.0,83832824240,84103793554,86613211,86835991,2037445,0,0,0,0,0,0,0,0,0,0,0,0,38417877,38906281,39134,39096,3740,0,0,0,0,0,0,0,0
1778081908.0147848,g2.hpc.coe,40875,0.5001,0,100.0,2035.0,12288.0,83870829750,84141249859,86651000,86873737,2037470,0,0,0,0,0,0,0,0,0,0,0,0,38005510,37456305,37789,37746,25,0,0,0,0,0,0,0,0
1778081908.5148785,g2.hpc.coe,40875,0.5001,0,100.0,2035.0,12288.0,83905567740,84175960151,86685956,86908668,2037486,0,0,0,0,0,0,0,0,0,0,0,0,34737990,34710292,34956,34931,16,0,0,0,0,0,0,0,0
1778081909.014966,g2.hpc.coe,40875,0.5001,0,100.0,2035.0,12288.0,83946563109,84216925579,86727148,86949841,2040212,0,0,0,0,0,0,0,0,0,0,0,0,40995369,40965428,41192,41173,2726,0,0,0,0,0,0,0,0
1778081909.5150557,g2.hpc.coe,40875,0.5001,0,100.0,2035.0,12288.0,83981991280,84252322834,86762851,86985517,2041013,0,0,0,0,0,0,0,0,0,0,0,0,35428171,35397255,35703,35676,801,0,0,0,0,0,0,0,0
1778081910.0151422,g2.hpc.coe,40875,0.5001,0,100.0,2035.0,12288.0,84022016648,84292842491,86803541,87026564,2042849,0,0,0,0,0,0,0,0,0,0,0,0,40025368,40519657,40690,41047,1836,0,0,0,0,0,0,0,0
1778081910.5152328,g2.hpc.coe,40875,0.5001,0,100.0,2035.0,12288.0,84058414986,84328685476,86839747,87062367,2042862,0,0,0,0,0,0,0,0,0,0,0,0,36398338,35842985,36206,35803,13,0,0,0,0,0,0,0,0
1778081911.01532,g2.hpc.coe,40875,0.5001,0,100.0,2035.0,12288.0,84093152161,84363395662,86874701,87097285,2045848,0,0,0,0,0,0,0,0,0,0,0,0,34737175,34710186,34954,34918,2986,0,0,0,0,0,0,0,0
1778081911.5154097,g2.hpc.coe,40875,0.5001,0,100.0,2035.0,12288.0,84134146786,84404360991,86915901,87138446,2050003,0,0,0,0,0,0,0,0,0,0,0,0,40994625,40965329,41200,41161,4155,0,0,0,0,0,0,0,0
1778081912.0155008,g2.hpc.coe,40875,0.5001,0,100.0,2035.0,12288.0,84169574667,84439758609,86951614,87174127,2050341,0,0,0,0,0,0,0,0,0,0,0,0,35427881,35397618,35713,35681,338,0,0,0,0,0,0,0,0
1778081912.5155847,g2.hpc.coe,40875,0.5001,0,100.0,2035.0,12288.0,84210569359,84480723980,86992810,87215294,2050930,0,0,0,0,0,0,0,0,0,0,0,0,40994692,40965371,41196,41167,589,0,0,0,0,0,0,0,0
1778081913.0156808,g2.hpc.coe,40875,0.5001,0,100.0,2035.0,12288.0,84245996685,84516121186,87028502,87250972,2050942,0,0,0,0,0,0,0,0,0,0,0,0,35427326,35397206,35692,35678,12,0,0,0,0,0,0,0,0
1778081913.515772,g2.hpc.coe,40875,0.5001,0,100.0,2035.0,12288.0,84280734050,84550831442,87063449,87285900,2051224,0,0,0,0,0,0,0,0,0,0,0,0,34737365,34710256,34947,34928,282,0,0,0,0,0,0,0,0
1778081914.0158637,g2.hpc.coe,40875,0.5001,0,100.0,2035.0,12288.0,84321728857,84591796855,87104641,87327073,2053286,0,0,0,0,0,0,0,0,0,0,0,0,40994807,40965413,41192,41173,2062,0,0,0,0,0,0,0,0
1778081914.5159488,g2.hpc.coe,40875,0.5001,0,100.0,2035.0,12288.0,84357156347,84627194005,87140336,87362743,2053379,0,0,0,0,0,0,0,0,0,0,0,0,35427490,35397150,35695,35670,93,0,0,0,0,0,0,0,0
1778081915.0160315,g2.hpc.coe,40875,0.5001,0,100.0,2035.0,12288.0,84398151313,84668159473,87181528,87403917,2054237,0,0,0,0,0,0,0,0,0,0,0,0,40994966,40965468,41192,41174,858,0,0,0,0,0,0,0,0
1778081915.5161145,g2.hpc.coe,40875,0.5001,0,100.0,2035.0,12288.0,84433578969,84703556708,87217231,87439597,2054259,0,0,0,0,0,0,0,0,0,0,0,0,35427656,35397235,35703,35680,22,0,0,0,0,0,0,0,0
1778081916.0162027,g2.hpc.coe,40875,0.5001,0,100.0,2035.0,12288.0,84468316692,84738267000,87252193,87474528,2054291,0,0,0,0,0,0,0,0,0,0,0,0,34737723,34710292,34962,34931,32,0,0,0,0,0,0,0,0
1778081916.5162847,g2.hpc.coe,40875,0.5001,0,100.0,2035.0,12288.0,84509311759,84779232421,87293386,87515700,2056360,0,0,0,0,0,0,0,0,0,0,0,0,40995067,40965421,41193,41172,2069,0,0,0,0,0,0,0,0
1778081917.0163677,g2.hpc.coe,40875,0.5001,0,100.0,2035.0,12288.0,84544739537,84814629649,87329086,87551379,2058132,0,0,0,0,0,0,0,0,0,0,0,0,35427778,35397228,35700,35679,1772,0,0,0,0,0,0,0,0
1778081917.516453,g2.hpc.coe,40875,0.5001,0,100.0,2035.0,12288.0,84585734791,84855595049,87370292,87592548,2059445,0,0,0,0,0,0,0,0,0,0,0,0,40995254,40965400,41206,41169,1313,0,0,0,0,0,0,0,0
1778081918.0165412,g2.hpc.coe,40875,0.5001,0,100.0,2035.0,12288.0,84621162686,84890992256,87405995,87628224,2059471,0,0,0,0,0,0,0,0,0,0,0,0,35427895,35397207,35703,35676,26,0,0,0,0,0,0,0,0
1778081918.516628,g2.hpc.coe,40875,0.5001,0,100.0,2035.0,12288.0,84655900536,84925702576,87440941,87663159,2059735,0,0,0,0,0,0,0,0,0,0,0,0,34737850,34710320,34946,34935,264,0,0,0,0,0,0,0,0
1778081919.0167124,g2.hpc.coe,40875,0.5001,0,100.0,2035.0,12288.0,84697585858,84967354912,87482880,87705076,2061158,0,0,0,0,0,0,0,0,0,0,0,0,41685322,41652336,41939,41917,1423,0,0,0,0,0,0,0,0
1778081919.5167944,g2.hpc.coe,40875,0.5001,0,100.0,2035.0,12288.0,84732323859,85002065190,87517834,87740005,2061177,0,0,0,0,0,0,0,0,0,0,0,0,34738001,34710278,34954,34929,19,0,0,0,0,0,0,0,0
1778081920.0168781,g2.hpc.coe,40875,0.5001,0,100.0,2035.0,12288.0,84773319352,85043030631,87559031,87781173,2061862,0,0,0,0,0,0,0,0,0,0,0,0,40995493,40965441,41197,41168,685,0,0,0,0,0,0,0,0
1778081920.5169687,g2.hpc.coe,40875,0.5001,0,100.0,2035.0,12288.0,84808747430,85078427817,87594724,87816846,2061885,0,0,0,0,0,0,0,0,0,0,0,0,35428078,35397186,35693,35673,23,0,0,0,0,0,0,0,0
1778081921.0170543,g2.hpc.coe,40875,0.5001,0,100.0,2035.0,12288.0,84843485568,85113138095,87629675,87851775,2062697,0,0,0,0,0,0,0,0,0,0,0,0,34738138,34710278,34951,34929,812,0,0,0,0,0,0,0,0
1778081921.5171359,g2.hpc.coe,40875,0.5001,0,100.0,2035.0,12288.0,84884481170,85154103565,87670874,87892954,2064399,0,0,0,0,0,0,0,0,0,0,0,0,40995602,40965470,41199,41179,1702,0,0,0,0,0,0,0,0
1778081922.0172193,g2.hpc.coe,40875,0.5001,0,100.0,2035.0,12288.0,84919908394,85189500764,87706575,87928631,2064680,0,0,0,0,0,0,0,0,0,0,0,0,35427224,35397199,35701,35677,281,0,0,0,0,0,0,0,0
1778081922.517307,g2.hpc.coe,40875,0.5001,0,100.0,2035.0,12288.0,84960903058,85230466149,87747777,87969800,2067184,0,0,0,0,0,0,0,0,0,0,0,0,40994664,40965385,41202,41169,2504,0,0,0,0,0,0,0,0
1778081923.0173905,g2.hpc.coe,40875,0.5001,0,100.0,2035.0,12288.0,84996330391,85265863355,87783480,88005478,2067378,0,0,0,0,0,0,0,0,0,0,0,0,35427333,35397206,35703,35678,194,0,0,0,0,0,0,0,0
1778081923.5174751,g2.hpc.coe,40875,0.5001,0,100.0,2035.0,12288.0,85031067742,85300573583,87818435,88040402,2069470,0,0,0,0,0,0,0,0,0,0,0,0,34737351,34710228,34955,34924,2092,0,0,0,0,0,0,0,0
1778081924.0175588,g2.hpc.coe,40875,0.5001,0,100.0,2035.0,12288.0,85072752239,85342225890,87860374,88082317,2069961,0,0,0,0,0,0,0,0,0,0,0,0,41684497,41652307,41939,41915,491,0,0,0,0,0,0,0,0
1778081924.517643,g2.hpc.coe,40875,0.5001,0,100.0,2035.0,12288.0,85107489957,85376936153,87895330,88117246,2069982,0,0,0,0,0,0,0,0,0,0,0,0,34737718,34710263,34956,34929,21,0,0,0,0,0,0,0,0
1778081925.0177243,g2.hpc.coe,40875,0.5001,0,100.0,2035.0,12288.0,85148484874,85417901544,87936525,88158409,2071515,0,0,0,0,0,0,0,0,0,0,0,0,40994917,40965391,41195,41163,1533,0,0,0,0,0,0,0,0
1778081925.517809,g2.hpc.coe,40875,0.5001,0,100.0,2035.0,12288.0,85183912376,85453298736,87972218,88194085,2071574,0,0,0,0,0,0,0,0,0,0,0,0,35427502,35397192,35693,35676,59,0,0,0,0,0,0,0,0
1778081926.017893,g2.hpc.coe,40875,0.5001,0,100.0,2035.0,12288.0,85223377687,85492817044,88012271,88234196,2077988,0,0,0,0,0,0,0,0,0,0,0,0,39465311,39518308,40053,40111,6414,0,0,0,0,0,0,0,0
1778081926.5179808,g2.hpc.coe,40875,0.5001,0,100.0,2035.0,12288.0,85260334945,85529661343,88049105,88270930,2078070,0,0,0,0,0,0,0,0,0,0,0,0,36957258,36844299,36834,36734,82,0,0,0,0,0,0,0,0
1778081927.0180743,g2.hpc.coe,40875,0.5001,0,100.0,2035.0,12288.0,85295073245,85564372117,88084074,88305874,2080174,0,0,0,0,0,0,0,0,0,0,0,0,34738300,34710774,34969,34944,2104,0,0,0,0,0,0,0,0
1778081927.5181575,g2.hpc.coe,40875,0.5001,0,100.0,2035.0,12288.0,85336068366,85605337601,88125271,88347055,2081579,0,0,0,0,0,0,0,0,0,0,0,0,40995121,40965484,41197,41181,1405,0,0,0,0,0,0,0,0
1778081928.0182405,g2.hpc.coe,40875,0.5001,0,100.0,2035.0,12288.0,85371496177,85640734878,88160972,88382741,2081605,0,0,0,0,0,0,0,0,0,0,0,0,35427811,35397277,35701,35686,26,0,0,0,0,0,0,0,0
1778081928.518321,g2.hpc.coe,40875,0.5001,0,100.0,2035.0,12288.0,85412491345,85681700299,88202162,88423913,2083671,0,0,0,0,0,0,0,0,0,0,0,0,40995168,40965421,41190,41172,2066,0,0,0,0,0,0,0,0
1778081929.0184119,g2.hpc.coe,40875,0.5001,0,100.0,2035.0,12288.0,85447919558,85717097782,88237875,88459597,2083914,0,0,0,0,0,0,0,0,0,0,0,0,35428213,35397483,35713,35684,243,0,0,0,0,0,0,0,0
1778081929.5184963,g2.hpc.coe,40875,0.5001,0,100.0,2035.0,12288.0,85482657420,85751808081,88272817,88494529,2084462,0,0,0,0,0,0,0,0,0,0,0,0,34737862,34710299,34942,34932,548,0,0,0,0,0,0,0,0
1778081930.0185857,g2.hpc.coe,40875,0.5001,0,100.0,2035.0,12288.0,85523652773,85792773550,88314004,88535701,2087005,0,0,0,0,0,0,0,0,0,0,0,0,40995353,40965469,41187,41172,2543,0,0,0,0,0,0,0,0
1778081930.5186703,g2.hpc.coe,40875,0.5001,0,100.0,2035.0,12288.0,85559080858,85828170729,88349710,88571373,2087683,0,0,0,0,0,0,0,0,0,0,0,0,35428085,35397179,35706,35672,678,0,0,0,0,0,0,0,0
1778081931.0187535,g2.hpc.coe,40875,0.5001,0,100.0,2035.0,12288.0,85600076286,85869136115,88390903,88612540,2088632,0,0,0,0,0,0,0,0,0,0,0,0,40995428,40965386,41193,41167,949,0,0,0,0,0,0,0,0
1778081931.518837,g2.hpc.coe,40875,0.5001,0,100.0,2035.0,12288.0,85635504468,85904533301,88426607,88648213,2088661,0,0,0,0,0,0,0,0,0,0,0,0,35428182,35397186,35704,35673,29,0,0,0,0,0,0,0,0
1778081932.0189216,g2.hpc.coe,40875,0.5001,0,100.0,2035.0,12288.0,85670242625,85939243586,88461557,88683143,2091237,0,0,0,0,0,0,0,0,0,0,0,0,34738157,34710285,34950,34930,2576,0,0,0,0,0,0,0,0
1778081932.5190039,g2.hpc.coe,40875,0.5001,0,100.0,2035.0,12288.0,85711716693,85980895664,88503507,88725064,2093770,0,0,0,0,0,0,0,0,0,0,0,0,41474068,41652078,41950,41921,2533,0,0,0,0,0,0,0,0
1778081933.0190883,g2.hpc.coe,40875,0.5001,0,100.0,2035.0,12288.0,85746664491,86015606205,88538463,88759994,2093786,0,0,0,0,0,0,0,0,0,0,0,0,34947798,34710541,34956,34930,16,0,0,0,0,0,0,0,0
1778081933.519174,g2.hpc.coe,40875,0.5001,0,100.0,2035.0,12288.0,85787659097,86056571569,88579653,88801160,2094023,0,0,0,0,0,0,0,0,0,0,0,0,40994606,40965364,41190,41166,237,0,0,0,0,0,0,0,0
1778081934.0192587,g2.hpc.coe,40875,0.5001,0,100.0,2035.0,12288.0,85823086386,86091968761,88615346,88836836,2094043,0,0,0,0,0,0,0,0,0,0,0,0,35427289,35397192,35693,35676,20,0,0,0,0,0,0,0,0
1778081934.5193465,g2.hpc.coe,40875,0.5001,0,100.0,2035.0,12288.0,85857823762,86126678989,88650301,88871760,2094136,0,0,0,0,0,0,0,0,0,0,0,0,34737376,34710228,34955,34924,93,0,0,0,0,0,0,0,0
1778081935.0194328,g2.hpc.coe,40875,0.5001,0,100.0,2035.0,12288.0,85898818567,86167644339,88691499,88912924,2096716,0,0,0,0,0,0,0,0,0,0,0,0,40994805,40965350,41198,41164,2580,0,0,0,0,0,0,0,0
1778081935.519517,g2.hpc.coe,40875,0.5001,0,100.0,2035.0,12288.0,85934246125,86203041523,88727201,88948592,2097017,0,0,0,0,0,0,0,0,0,0,0,0,35427558,35397184,35702,35668,301,0,0,0,0,0,0,0,0
1778081936.0196033,g2.hpc.coe,40875,0.5001,0,100.0,2035.0,12288.0,85975241025,86244006908,88768399,88989761,2098163,0,0,0,0,0,0,0,0,0,0,0,0,40994900,40965385,41198,41169,1146,0,0,0,0,0,0,0,0
1778081936.5196838,g2.hpc.coe,40875,0.5001,0,100.0,2035.0,12288.0,86010668587,86279404044,88804097,89025429,2098192,0,0,0,0,0,0,0,0,0,0,0,0,35427562,35397136,35698,35668,29,0,0,0,0,0,0,0,0
1778081937.019766,g2.hpc.coe,40875,0.5001,0,100.0,2035.0,12288.0,86045406245,86314114378,88839056,89060366,2099159,0,0,0,0,0,0,0,0,0,0,0,0,34737658,34710334,34959,34937,967,0,0,0,0,0,0,0,0
1778081937.5198507,g2.hpc.coe,40875,0.5001,0,100.0,2035.0,12288.0,86086401296,86355079736,88880253,89101529,2099894,0,0,0,0,0,0,0,0,0,0,0,0,40995051,40965358,41197,41163,735,0,0,0,0,0,0,0,0
1778081938.0199344,g2.hpc.coe,40875,0.5001,0,100.0,2035.0,12288.0,86121829086,86390476929,88915961,89137203,2099913,0,0,0,0,0,0,0,0,0,0,0,0,35427790,35397193,35708,35674,19,0,0,0,0,0,0,0,0
1778081938.5200193,g2.hpc.coe,40875,0.5001,0,100.0,2035.0,12288.0,86162824261,86431442329,88957162,89178372,2100553,0,0,0,0,0,0,0,0,0,0,0,0,40995175,40965400,41201,41169,640,0,0,0,0,0,0,0,0
1778081939.0201051,g2.hpc.coe,40875,0.5001,0,100.0,2035.0,12288.0,86198252069,86466839536,88992859,89214048,2100579,0,0,0,0,0,0,0,0,0,0,0,0,35427808,35397207,35697,35676,26,0,0,0,0,0,0,0,0
1778081939.5201898,g2.hpc.coe,40875,0.5001,0,100.0,2035.0,12288.0,86232989874,86501549758,89027805,89248969,2101162,0,0,0,0,0,0,0,0,0,0,0,0,34737805,34710222,34946,34921,583,0,0,0,0,0,0,0,0
1778081940.0202782,g2.hpc.coe,40875,0.5001,0,100.0,2035.0,12288.0,86274675138,86543201961,89069742,89290867,2104088,0,0,0,0,0,0,0,0,0,0,0,0,41685264,41652203,41937,41898,2926,0,0,0,0,0,0,0,0
1778081940.520365,g2.hpc.coe,40875,0.5001,0,100.0,2035.0,12288.0,86309413060,86577912287,89104682,89325796,2104111,0,0,0,0,0,0,0,0,0,0,0,0,34737922,34710326,34940,34929,23,0,0,0,0,0,0,0,0
1778081941.02045,g2.hpc.coe,40875,0.5001,0,100.0,2035.0,12288.0,86350408473,86618877729,89145883,89366971,2107141,0,0,0,0,0,0,0,0,0,0,0,0,40995413,40965442,41201,41175,3030,0,0,0,0,0,0,0,0
1778081941.5205336,g2.hpc.coe,40875,0.5001,0,100.0,2035.0,12288.0,86385836526,86654274922,89181581,89402645,2107429,0,0,0,0,0,0,0,0,0,0,0,0,35428053,35397193,35698,35674,288,0,0,0,0,0,0,0,0
1778081942.020624,g2.hpc.coe,40875,0.5001,0,100.0,2035.0,12288.0,86422245204,86691315367,89218762,89440281,2108959,0,0,0,0,0,0,0,0,0,0,0,0,36408678,37040445,37181,37636,1530,0,0,0,0,0,0,0,0
1778081942.5207105,g2.hpc.coe,40875,0.5001,0,100.0,2035.0,12288.0,86461570805,86730036062,89257929,89478953,2109597,0,0,0,0,0,0,0,0,0,0,0,0,39325601,38720695,39167,38672,638,0,0,0,0,0,0,0,0
1778081943.0207975,g2.hpc.coe,40875,0.5001,0,100.0,2035.0,12288.0,86496999038,86765348268,89293450,89514429,2109619,0,0,0,0,0,0,0,0,0,0,0,0,35428233,35312206,35521,35476,22,0,0,0,0,0,0,0,0
1778081943.5208855,g2.hpc.coe,40875,0.5001,0,100.0,2035.0,12288.0,86537993615,86806313660,89334646,89555599,2110984,0,0,0,0,0,0,0,0,0,0,0,0,40994577,40965392,41196,41170,1365,0,0,0,0,0,0,0,0
1778081944.0209768,g2.hpc.coe,40875,0.5001,0,100.0,2035.0,12288.0,86573420854,86841710796,89370342,89591267,2111260,0,0,0,0,0,0,0,0,0,0,0,0,35427239,35397136,35696,35668,276,0,0,0,0,0,0,0,0
1778081944.5210621,g2.hpc.coe,40875,0.5001,0,100.0,2035.0,12288.0,86610871822,86880044248,89408470,89630123,2112260,0,0,0,0,0,0,0,0,0,0,0,0,37450968,38333452,38128,38856,1000,0,0,0,0,0,0,0,0
1778081945.0211473,g2.hpc.coe,40875,0.5001,0,100.0,2035.0,12288.0,86649325932,86917766536,89446999,89668069,2112466,0,0,0,0,0,0,0,0,0,0,0,0,38454110,37722288,38529,37946,206,0,0,0,0,0,0,0,0
1778081945.5212326,g2.hpc.coe,40875,0.5001,0,100.0,2035.0,12288.0,86684580278,86952783691,89482182,89703042,2112843,0,0,0,0,0,0,0,0,0,0,0,0,35254346,35017155,35183,34973,377,0,0,0,0,0,0,0,0
1778081946.0213146,g2.hpc.coe,40875,0.5001,0,100.0,2035.0,12288.0,86725575087,86993749125,89523377,89744218,2115881,0,0,0,0,0,0,0,0,0,0,0,0,40994809,40965434,41195,41176,3038,0,0,0,0,0,0,0,0
1778081946.521401,g2.hpc.coe,40875,0.5001,0,100.0,2035.0,12288.0,86761002579,87029146268,89559075,89779887,2115900,0,0,0,0,0,0,0,0,0,0,0,0,35427492,35397143,35698,35669,19,0,0,0,0,0,0,0,0
1778081947.0214856,g2.hpc.coe,40875,0.5001,0,100.0,2035.0,12288.0,86801306062,87070076475,89600209,89821028,2116904,0,0,0,0,0,0,0,0,0,0,0,0,40303483,40930207,41134,41141,1004,0,0,0,0,0,0,0,0
1778081947.5215702,g2.hpc.coe,40875,0.5001,0,100.0,2035.0,12288.0,86837425122,87105508874,89635973,89856734,2117443,0,0,0,0,0,0,0,0,0,0,0,0,36119060,35432399,35764,35706,539,0,0,0,0,0,0,0,0
1778081948.0216548,g2.hpc.coe,40875,0.5001,0,100.0,2035.0,12288.0,86872162770,87140219145,89670927,89891662,2117470,0,0,0,0,0,0,0,0,0,0,0,0,34737648,34710271,34954,34928,27,0,0,0,0,0,0,0,0
1778081948.521739,g2.hpc.coe,40875,0.5001,0,100.0,2035.0,12288.0,86913157826,87181184531,89712121,89932829,2118540,0,0,0,0,0,0,0,0,0,0,0,0,40995056,40965386,41194,41167,1070,0,0,0,0,0,0,0,0
1778081949.0218277,g2.hpc.coe,40875,0.5001,0,100.0,2035.0,12288.0,86948585628,87216581717,89747827,89968502,2118918,0,0,0,0,0,0,0,0,0,0,0,0,35427802,35397186,35706,35673,378,0,0,0,0,0,0,0,0
1778081949.521917,g2.hpc.coe,40875,0.5001,0,100.0,2035.0,12288.0,86989057234,87257479683,89788990,90009643,2120073,0,0,0,0,0,0,0,0,0,0,0,0,40471606,40897966,41163,41141,1155,0,0,0,0,0,0,0,0
1778081950.0220065,g2.hpc.coe,40875,0.5001,0,100.0,2035.0,12288.0,87025008536,87292944310,89824707,90045345,2120196,0,0,0,0,0,0,0,0,0,0,0,0,35951302,35464627,35717,35702,123,0,0,0,0,0,0,0,0
1778081950.5220942,g2.hpc.coe,40875,0.5001,0,100.0,2035.0,12288.0,87059746493,87327654699,89859662,90080283,2120227,0,0,0,0,0,0,0,0,0,0,0,0,34737957,34710389,34955,34938,31,0,0,0,0,0,0,0,0
1778081951.0221894,g2.hpc.coe,40875,0.5001,0,100.0,2035.0,12288.0,87100741843,87368620071,89900864,90121448,2120675,0,0,0,0,0,0,0,0,0,0,0,0,40995350,40965372,41202,41165,448,0,0,0,0,0,0,0,0
1778081951.5222747,g2.hpc.coe,40875,0.5001,0,100.0,2035.0,12288.0,87136169834,87404017306,89936563,90157128,2121180,0,0,0,0,0,0,0,0,0,0,0,0,35427991,35397235,35699,35680,505,0,0,0,0,0,0,0,0
1778081952.0223658,g2.hpc.coe,40875,0.5001,0,100.0,2035.0,12288.0,87177165231,87444982678,89977758,90198293,2121955,0,0,0,0,0,0,0,0,0,0,0,0,40995397,40965372,41195,41165,775,0,0,0,0,0,0,0,0
1778081952.5224485,g2.hpc.coe,40875,0.5001,0,100.0,2035.0,12288.0,87212593318,87480379815,90013457,90233959,2122402,0,0,0,0,0,0,0,0,0,0,0,0,35428087,35397137,35699,35666,447,0,0,0,0,0,0,0,0
1778081953.022536,g2.hpc.coe,40875,0.5001,0,100.0,2035.0,12288.0,87247331521,87515090114,90048420,90268891,2122432,0,0,0,0,0,0,0,0,0,0,0,0,34738203,34710299,34963,34932,30,0,0,0,0,0,0,0,0
1778081953.5226219,g2.hpc.coe,40875,0.5001,0,100.0,2035.0,12288.0,87288327076,87556055542,90089615,90310064,2124202,0,0,0,0,0,0,0,0,0,0,0,0,40995555,40965428,41195,41173,1770,0,0,0,0,0,0,0,0
1778081954.0227067,g2.hpc.coe,40875,0.5001,0,100.0,2035.0,12288.0,87323754288,87591452713,90125317,90345737,2124531,0,0,0,0,0,0,0,0,0,0,0,0,35427212,35397171,35702,35673,329,0,0,0,0,0,0,0,0
1778081954.522795,g2.hpc.coe,40875,0.5001,0,100.0,2035.0,12288.0,87364748884,87632418133,90166512,90386911,2125794,0,0,0,0,0,0,0,0,0,0,0,0,40994596,40965420,41195,41174,1263,0,0,0,0,0,0,0,0
1778081955.022889,g2.hpc.coe,40875,0.5001,0,100.0,2035.0,12288.0,87400176212,87667815304,90202217,90422584,2125818,0,0,0,0,0,0,0,0,0,0,0,0,35427328,35397171,35705,35673,24,0,0,0,0,0,0,0,0
1778081955.522976,g2.hpc.coe,40875,0.5001,0,100.0,2035.0,12288.0,87439534599,87707314255,90242274,90462681,2128272,0,0,0,0,0,0,0,0,0,0,0,0,39358387,39498951,40057,40097,2454,0,0,0,0,0,0,0,0
1778081956.023062,g2.hpc.coe,40875,0.5001,0,100.0,2035.0,12288.0,87475908316,87743491042,90278365,90498688,2129974,0,0,0,0,0,0,0,0,0,0,0,0,36373717,36176787,36091,36007,1702,0,0,0,0,0,0,0,0
1778081956.523151,g2.hpc.coe,40875,0.5001,0,100.0,2035.0,12288.0,87511335731,87778888143,90314062,90534351,2130286,0,0,0,0,0,0,0,0,0,0,0,0,35427415,35397101,35697,35663,312,0,0,0,0,0,0,0,0
1778081957.0232408,g2.hpc.coe,40875,0.5001,0,100.0,2035.0,12288.0,87552331173,87819854031,90355272,90575536,2131364,0,0,0,0,0,0,0,0,0,0,0,0,40995442,40965888,41210,41185,1078,0,0,0,0,0,0,0,0
1778081957.52333,g2.hpc.coe,40875,0.5001,0,100.0,2035.0,12288.0,87587758648,87855251209,90390964,90611210,2131393,0,0,0,0,0,0,0,0,0,0,0,0,35427475,35397178,35692,35674,29,0,0,0,0,0,0,0,0
1778081958.0234222,g2.hpc.coe,40875,0.5001,0,100.0,2035.0,12288.0,87622496203,87889961437,90425917,90646134,2132394,0,0,0,0,0,0,0,0,0,0,0,0,34737555,34710228,34953,34924,1001,0,0,0,0,0,0,0,0
1778081958.5235093,g2.hpc.coe,40875,0.5001,0,100.0,2035.0,12288.0,87663491139,87930926872,90467104,90687308,2132663,0,0,0,0,0,0,0,0,0,0,0,0,40994936,40965435,41187,41174,269,0,0,0,0,0,0,0,0
1778081959.0236006,g2.hpc.coe,40875,0.5001,0,100.0,2035.0,12288.0,87698918835,87966324058,90502805,90722981,2133807,0,0,0,0,0,0,0,0,0,0,0,0,35427696,35397186,35701,35673,1144,0,0,0,0,0,0,0,0
1778081959.5236864,g2.hpc.coe,40875,0.5001,0,100.0,2035.0,12288.0,87739913895,88007289444,90543996,90764148,2135976,0,0,0,0,0,0,0,0,0,0,0,0,40995060,40965386,41191,41167,2169,0,0,0,0,0,0,0,0
1778081960.0237737,g2.hpc.coe,40875,0.5001,0,100.0,2035.0,12288.0,87775341659,88042686658,90579693,90799825,2136229,0,0,0,0,0,0,0,0,0,0,0,0,35427764,35397214,35697,35677,253,0,0,0,0,0,0,0,0
1778081960.5238605,g2.hpc.coe,40875,0.5001,0,100.0,2035.0,12288.0,87810309167,88077906199,90615342,90835655,2138045,0,0,0,0,0,0,0,0,0,0,0,0,34967508,35219541,35649,35830,1816,0,0,0,0,0,0,0,0
1778081961.0239527,g2.hpc.coe,40875,0.5001,0,100.0,2035.0,12288.0,87851074750,88118362356,90655839,90875919,2138417,0,0,0,0,0,0,0,0,0,0,0,0,40765583,40456157,40497,40264,372,0,0,0,0,0,0,0,0
1778081961.5240376,g2.hpc.coe,40875,0.5001,0,100.0,2035.0,12288.0,87886502784,88153759626,90691554,90911604,2138441,0,0,0,0,0,0,0,0,0,0,0,0,35428034,35397270,35715,35685,24,0,0,0,0,0,0,0,0
1778081962.0241253,g2.hpc.coe,40875,0.5001,0,100.0,2035.0,12288.0,87927498125,88194725005,90732751,90952770,2139695,0,0,0,0,0,0,0,0,0,0,0,0,40995341,40965379,41197,41166,1254,0,0,0,0,0,0,0,0
1778081962.5242112,g2.hpc.coe,40875,0.5001,0,100.0,2035.0,12288.0,87962926072,88230122191,90768440,90988443,2139721,0,0,0,0,0,0,0,0,0,0,0,0,35427947,35397186,35689,35673,26,0,0,0,0,0,0,0,0
1778081963.024303,g2.hpc.coe,40875,0.5001,0,100.0,2035.0,12288.0,87998573743,88265992934,90804757,91024894,2140984,0,0,0,0,0,0,0,0,0,0,0,0,35647671,35870743,36317,36451,1263,0,0,0,0,0,0,0,0
1778081963.5243907,g2.hpc.coe,40875,0.5001,0,100.0,2035.0,12288.0,88039349594,88306484854,90845330,91065296,2142177,0,0,0,0,0,0,0,0,0,0,0,0,40775851,40491920,40573,40402,1193,0,0,0,0,0,0,0,0
1778081964.0244775,g2.hpc.coe,40875,0.5001,0,100.0,2035.0,12288.0,88074087802,88341195111,90880290,91100222,2142204,0,0,0,0,0,0,0,0,0,0,0,0,34738208,34710257,34960,34926,27,0,0,0,0,0,0,0,0
1778081964.5245616,g2.hpc.coe,40875,0.5001,0,100.0,2035.0,12288.0,88115083404,88382160476,90921488,91141386,2146023,0,0,0,0,0,0,0,0,0,0,0,0,40995602,40965365,41198,41164,3819,0,0,0,0,0,0,0,0
1778081965.0246494,g2.hpc.coe,40875,0.5001,0,100.0,2035.0,12288.0,88150510600,88417557584,90957184,91177050,2146076,0,0,0,0,0,0,0,0,0,0,0,0,35427196,35397108,35696,35664,53,0,0,0,0,0,0,0,0
1778081965.5247383,g2.hpc.coe,40875,0.5001,0,100.0,2035.0,12288.0,88190737499,88457942641,90998064,91218021,2146572,0,0,0,0,0,0,0,0,0,0,0,0,40226899,40385057,40880,40971,496,0,0,0,0,0,0,0,0
1778081966.0248272,g2.hpc.coe,40875,0.5001,0,100.0,2035.0,12288.0,88226932555,88493920153,91034072,91253887,2146595,0,0,0,0,0,0,0,0,0,0,0,0,36195056,35977512,36008,35866,23,0,0,0,0,0,0,0,0
1778081966.5249152,g2.hpc.coe,40875,0.5001,0,100.0,2035.0,12288.0,88261669885,88528630458,91069023,91288822,2146619,0,0,0,0,0,0,0,0,0,0,0,0,34737330,34710305,34951,34935,24,0,0,0,0,0,0,0,0
1778081967.0250015,g2.hpc.coe,40875,0.5001,0,100.0,2035.0,12288.0,88302664755,88569595815,91110233,91329987,2148325,0,0,0,0,0,0,0,0,0,0,0,0,40994870,40965357,41210,41165,1706,0,0,0,0,0,0,0,0
1778081967.525094,g2.hpc.coe,40875,0.5001,0,100.0,2035.0,12288.0,88338092182,88604993007,91145928,91365663,2148433,0,0,0,0,0,0,0,0,0,0,0,0,35427427,35397192,35695,35676,108,0,0,0,0,0,0,0,0
1778081968.0251832,g2.hpc.coe,40875,0.5001,0,100.0,2035.0,12288.0,88379086994,88645958378,91187116,91406830,2149560,0,0,0,0,0,0,0,0,0,0,0,0,40994812,40965371,41188,41167,1127,0,0,0,0,0,0,0,0
1778081968.5252693,g2.hpc.coe,40875,0.5001,0,100.0,2035.0,12288.0,88414514524,88681355619,91222812,91442513,2149590,0,0,0,0,0,0,0,0,0,0,0,0,35427530,35397241,35696,35683,30,0,0,0,0,0,0,0,0
1778081969.0253577,g2.hpc.coe,40875,0.5001,0,100.0,2035.0,12288.0,88449252100,88716065890,91257762,91477441,2150716,0,0,0,0,0,0,0,0,0,0,0,0,34737576,34710271,34950,34928,1126,0,0,0,0,0,0,0,0
1778081969.5254455,g2.hpc.coe,40875,0.5001,0,100.0,2035.0,12288.0,88490247077,88757031248,91298951,91518604,2151836,0,0,0,0,0,0,0,0,0,0,0,0,40994977,40965358,41189,41163,1120,0,0,0,0,0,0,0,0
1778081970.0255322,g2.hpc.coe,40875,0.5001,0,100.0,2035.0,12288.0,88525674807,88792428455,91334653,91554280,2151976,0,0,0,0,0,0,0,0,0,0,0,0,35427730,35397207,35702,35676,140,0,0,0,0,0,0,0,0
1778081970.5256193,g2.hpc.coe,40875,0.5001,0,100.0,2035.0,12288.0,88566669929,88833393827,91375849,91595445,2153054,0,0,0,0,0,0,0,0,0,0,0,0,40995122,40965372,41196,41165,1078,0,0,0,0,0,0,0,0
1778081971.0257094,g2.hpc.coe,40875,0.5001,0,100.0,2035.0,12288.0,88602097762,88868791089,91411543,91631122,2155811,0,0,0,0,0,0,0,0,0,0,0,0,35427833,35397262,35694,35677,2757,0,0,0,0,0,0,0,0
1778081971.525797,g2.hpc.coe,40875,0.5001,0,100.0,2035.0,12288.0,88636835599,88903501339,91446496,91666047,2157605,0,0,0,0,0,0,0,0,0,0,0,0,34737837,34710250,34953,34925,1794,0,0,0,0,0,0,0,0
1778081972.025883,g2.hpc.coe,40875,0.5001,0,100.0,2035.0,12288.0,88677831375,88944467200,91487693,91707226,2160533,0,0,0,0,0,0,0,0,0,0,0,0,40995776,40965861,41197,41179,2928,0,0,0,0,0,0,0,0
1778081972.5259693,g2.hpc.coe,40875,0.5001,0,100.0,2035.0,12288.0,88713259351,88979864337,91523396,91742892,2160558,0,0,0,0,0,0,0,0,0,0,0,0,35427976,35397137,35703,35666,25,0,0,0,0,0,0,0,0
1778081973.0260608,g2.hpc.coe,40875,0.5001,0,100.0,2035.0,12288.0,88754254754,89020829765,91564598,91784065,2161142,0,0,0,0,0,0,0,0,0,0,0,0,40995403,40965428,41202,41173,584,0,0,0,0,0,0,0,0
1778081973.5261502,g2.hpc.coe,40875,0.5001,0,100.0,2035.0,12288.0,88789682777,89056227014,91600294,91819747,2161169,0,0,0,0,0,0,0,0,0,0,0,0,35428023,35397249,35696,35682,27,0,0,0,0,0,0,0,0
1778081974.0262396,g2.hpc.coe,40875,0.5001,0,100.0,2035.0,12288.0,88824420838,89090937320,91635245,91854680,2162216,0,0,0,0,0,0,0,0,0,0,0,0,34738061,34710306,34951,34933,1047,0,0,0,0,0,0,0,0
1778081974.5263271,g2.hpc.coe,40875,0.5001,0,100.0,2035.0,12288.0,88865416329,89131902678,91676437,91895843,2164624,0,0,0,0,0,0,0,0,0,0,0,0,40995491,40965358,41192,41163,2408,0,0,0,0,0,0,0,0
1778081975.0264165,g2.hpc.coe,40875,0.5001,0,100.0,2035.0,12288.0,88900844531,89167299892,91712136,91931520,2164932,0,0,0,0,0,0,0,0,0,0,0,0,35428202,35397214,35699,35677,308,0,0,0,0,0,0,0,0
1778081975.5265045,g2.hpc.coe,40875,0.5001,0,100.0,2035.0,12288.0,88941839120,89208265333,91753336,91972697,2169477,0,0,0,0,0,0,0,0,0,0,0,0,40994589,40965441,41200,41177,4545,0,0,0,0,0,0,0,0
1778081976.0265932,g2.hpc.coe,40875,0.5001,0,100.0,2035.0,12288.0,88977266392,89243662469,91789039,92008365,2169578,0,0,0,0,0,0,0,0,0,0,0,0,35427272,35397136,35703,35668,101,0,0,0,0,0,0,0,0
1778081976.5266793,g2.hpc.coe,40875,0.5001,0,100.0,2035.0,12288.0,89012003674,89278372808,91823986,92043298,2169851,0,0,0,0,0,0,0,0,0,0,0,0,34737282,34710339,34947,34933,273,0,0,0,0,0,0,0,0
1778081977.0267684,g2.hpc.coe,40875,0.5001,0,100.0,2035.0,12288.0,89052998378,89319338249,91865182,92084475,2174069,0,0,0,0,0,0,0,0,0,0,0,0,40994704,40965441,41196,41177,4218,0,0,0,0,0,0,0,0
1778081977.5268598,g2.hpc.coe,40875,0.5001,0,100.0,2035.0,12288.0,89088425751,89354735490,91900879,92120158,2174444,0,0,0,0,0,0,0,0,0,0,0,0,35427373,35397241,35697,35683,375,0,0,0,0,0,0,0,0
1778081978.026957,g2.hpc.coe,40875,0.5001,0,100.0,2035.0,12288.0,89129420495,89395700854,91942067,92161324,2176093,0,0,0,0,0,0,0,0,0,0,0,0,40994744,40965364,41188,41166,1649,0,0,0,0,0,0,0,0
1778081978.5270467,g2.hpc.coe,40875,0.5001,0,100.0,2035.0,12288.0,89164848020,89431098109,91977772,92197009,2176119,0,0,0,0,0,0,0,0,0,0,0,0,35427525,35397255,35705,35685,26,0,0,0,0,0,0,0,0
1778081979.0271375,g2.hpc.coe,40875,0.5001,0,100.0,2035.0,12288.0,89199585513,89465808400,92012722,92231942,2176450,0,0,0,0,0,0,0,0,0,0,0,0,34737493,34710291,34950,34933,331,0,0,0,0,0,0,0,0
1778081979.527228,g2.hpc.coe,40875,0.5001,0,100.0,2035.0,12288.0,89240580477,89506773757,92053921,92273107,2177855,0,0,0,0,0,0,0,0,0,0,0,0,40994964,40965357,41199,41165,1405,0,0,0,0,0,0,0,0
1778081980.0273204,g2.hpc.coe,40875,0.5001,0,100.0,2035.0,12288.0,89276008146,89542171013,92089624,92308790,2177880,0,0,0,0,0,0,0,0,0,0,0,0,35427669,35397256,35703,35683,25,0,0,0,0,0,0,0,0
1778081980.5274096,g2.hpc.coe,40875,0.5001,0,100.0,2035.0,12288.0,89317003276,89583136448,92130831,92349964,2179684,0,0,0,0,0,0,0,0,0,0,0,0,40995130,40965435,41207,41174,1804,0,0,0,0,0,0,0,0
1778081981.0275,g2.hpc.coe,40875,0.5001,0,100.0,2035.0,12288.0,89352431019,89618533655,92166531,92385640,2179704,0,0,0,0,0,0,0,0,0,0,0,0,35427743,35397207,35700,35676,20,0,0,0,0,0,0,0,0
1778081981.527589,g2.hpc.coe,40875,0.5001,0,100.0,2035.0,12288.0,89387168842,89653243981,92201483,92420569,2180167,0,0,0,0,0,0,0,0,0,0,0,0,34737823,34710326,34952,34929,463,0,0,0,0,0,0,0,0
1778081982.0276773,g2.hpc.coe,40875,0.5001,0,100.0,2035.0,12288.0,89428840368,89694896338,92243425,92462489,2181884,0,0,0,0,0,0,0,0,0,0,0,0,41671526,41652357,41942,41920,1717,0,0,0,0,0,0,0,0
1778081982.5277672,g2.hpc.coe,40875,0.5001,0,100.0,2035.0,12288.0,89463591854,89729606644,92278369,92497422,2181911,0,0,0,0,0,0,0,0,0,0,0,0,34751486,34710306,34944,34933,27,0,0,0,0,0,0,0,0
1778081983.0278614,g2.hpc.coe,40875,0.5001,0,100.0,2035.0,12288.0,89504587173,89770572100,92319569,92538599,2183470,0,0,0,0,0,0,0,0,0,0,0,0,40995319,40965456,41200,41177,1559,0,0,0,0,0,0,0,0
1778081983.527954,g2.hpc.coe,40875,0.5001,0,100.0,2035.0,12288.0,89540015196,89805969300,92355275,92574274,2183491,0,0,0,0,0,0,0,0,0,0,0,0,35428023,35397200,35706,35675,21,0,0,0,0,0,0,0,0
1778081984.0280435,g2.hpc.coe,40875,0.5001,0,100.0,2035.0,12288.0,89579750365,89846039324,92395759,92614890,2184270,0,0,0,0,0,0,0,0,0,0,0,0,39735169,40070024,40484,40616,779,0,0,0,0,0,0,0,0
1778081984.5281322,g2.hpc.coe,40875,0.5001,0,100.0,2035.0,12288.0,89616438581,89882331928,92432160,92651122,2184457,0,0,0,0,0,0,0,0,0,0,0,0,36688216,36292604,36401,36232,187,0,0,0,0,0,0,0,0
1778081985.0282228,g2.hpc.coe,40875,0.5001,0,100.0,2035.0,12288.0,89651176690,89917042213,92467112,92686052,2184480,0,0,0,0,0,0,0,0,0,0,0,0,34738109,34710285,34952,34930,23,0,0,0,0,0,0,0,0
1778081985.5283115,g2.hpc.coe,40875,0.5001,0,100.0,2035.0,12288.0,89692172213,89958007634,92508305,92727224,2185146,0,0,0,0,0,0,0,0,0,0,0,0,40995523,40965421,41193,41172,666,0,0,0,0,0,0,0,0
1778081986.0283978,g2.hpc.coe,40875,0.5001,0,100.0,2035.0,12288.0,89727599323,89993404833,92543995,92762901,2185909,0,0,0,0,0,0,0,0,0,0,0,0,35427110,35397199,35690,35677,763,0,0,0,0,0,0,0,0
1778081986.5284853,g2.hpc.coe,40875,0.5001,0,100.0,2035.0,12288.0,89766810431,90032840735,92583992,92802838,2187070,0,0,0,0,0,0,0,0,0,0,0,0,39211108,39435902,39997,39937,1161,0,0,0,0,0,0,0,0
1778081987.0285764,g2.hpc.coe,40875,0.5001,0,100.0,2035.0,12288.0,89804021814,90069767842,92620900,92839745,2187338,0,0,0,0,0,0,0,0,0,0,0,0,37211383,36927107,36908,36907,268,0,0,0,0,0,0,0,0
1778081987.528668,g2.hpc.coe,40875,0.5001,0,100.0,2035.0,12288.0,89838759150,90104478168,92655858,92874683,2187647,0,0,0,0,0,0,0,0,0,0,0,0,34737336,34710326,34958,34938,309,0,0,0,0,0,0,0,0
1778081988.0287628,g2.hpc.coe,40875,0.5001,0,100.0,2035.0,12288.0,89879753865,90145443518,92697052,92915847,2188747,0,0,0,0,0,0,0,0,0,0,0,0,40994715,40965350,41194,41164,1100,0,0,0,0,0,0,0,0
1778081988.5288613,g2.hpc.coe,40875,0.5001,0,100.0,2035.0,12288.0,89915181368,90180840654,92732764,92951515,2190472,0,0,0,0,0,0,0,0,0,0,0,0,35427503,35397136,35712,35668,1725,0,0,0,0,0,0,0,0
1778081989.028951,g2.hpc.coe,40875,0.5001,0,100.0,2035.0,12288.0,89956168724,90221798582,92773940,92992689,2191648,0,0,0,0,0,0,0,0,0,0,0,0,40987356,40957928,41176,41174,1176,0,0,0,0,0,0,0,0
1778081989.5290399,g2.hpc.coe,40875,0.5001,0,100.0,2035.0,12288.0,89991603987,90257203500,92809666,93028367,2191938,0,0,0,0,0,0,0,0,0,0,0,0,35435263,35404918,35726,35678,290,0,0,0,0,0,0,0,0
1778081990.0291321,g2.hpc.coe,40875,0.5001,0,100.0,2035.0,12288.0,90026341597,90291913728,92844629,93063291,2192010,0,0,0,0,0,0,0,0,0,0,0,0,34737610,34710228,34963,34924,72,0,0,0,0,0,0,0,0
1778081990.5292196,g2.hpc.coe,40875,0.5001,0,100.0,2035.0,12288.0,90067336580,90332879114,92885825,93104458,2193015,0,0,0,0,0,0,0,0,0,0,0,0,40994983,40965386,41196,41167,1005,0,0,0,0,0,0,0,0
1778081991.029282,g2.hpc.coe,40875,0.5001,0,100.0,2035.0,12288.0,90102764274,90368276314,92921528,93140133,2193085,0,0,0,0,0,0,0,0,0,0,0,0,35427694,35397200,35703,35675,70,0,0,0,0,0,0,0,0
1778081991.529363,g2.hpc.coe,40875,0.5001,0,100.0,2035.0,12288.0,90143759359,90409241762,92962716,93181302,2194718,0,0,0,0,0,0,0,0,0,0,0,0,40995085,40965448,41188,41169,1633,0,0,0,0,0,0,0,0
1778081992.029443,g2.hpc.coe,40875,0.5001,0,100.0,2035.0,12288.0,90179187092,90444638962,92998411,93216977,2197322,0,0,0,0,0,0,0,0,0,0,0,0,35427733,35397200,35695,35675,2604,0,0,0,0,0,0,0,0
1778081992.5295267,g2.hpc.coe,40875,0.5001,0,100.0,2035.0,12288.0,90213924801,90479349261,93033352,93251909,2197338,0,0,0,0,0,0,0,0,0,0,0,0,34737709,34710299,34941,34932,16,0,0,0,0,0,0,0,0
1778081993.029618,g2.hpc.coe,40875,0.5001,0,100.0,2035.0,12288.0,90254920015,90520314710,93074547,93293085,2200923,0,0,0,0,0,0,0,0,0,0,0,0,40995214,40965449,41195,41176,3585,0,0,0,0,0,0,0,0
1778081993.5297012,g2.hpc.coe,40875,0.5001,0,100.0,2035.0,12288.0,90290347954,90555711889,93110251,93328757,2200946,0,0,0,0,0,0,0,0,0,0,0,0,35427939,35397179,35704,35672,23,0,0,0,0,0,0,0,0
1778081994.0297837,g2.hpc.coe,40875,0.5001,0,100.0,2035.0,12288.0,90331343278,90596677268,93151448,93369923,2202437,0,0,0,0,0,0,0,0,0,0,0,0,40995324,40965379,41197,41166,1491,0,0,0,0,0,0,0,0
1778081994.5298707,g2.hpc.coe,40875,0.5001,0,100.0,2035.0,12288.0,90366771299,90632074503,93187150,93405603,2202529,0,0,0,0,0,0,0,0,0,0,0,0,35428021,35397235,35702,35680,92,0,0,0,0,0,0,0,0
1778081995.0299556,g2.hpc.coe,40875,0.5001,0,100.0,2035.0,12288.0,90404403172,90670257157,93225431,93444319,2203299,0,0,0,0,0,0,0,0,0,0,0,0,37631873,38182654,38281,38716,770,0,0,0,0,0,0,0,0
1778081995.5300357,g2.hpc.coe,40875,0.5001,0,100.0,2035.0,12288.0,90442504706,90707750090,93263287,93481688,2204408,0,0,0,0,0,0,0,0,0,0,0,0,38101534,37492933,37856,37369,1109,0,0,0,0,0,0,0,0
1778081996.0301178,g2.hpc.coe,40875,0.5001,0,100.0,2035.0,12288.0,90477932906,90743147304,93298992,93517365,2204430,0,0,0,0,0,0,0,0,0,0,0,0,35428200,35397214,35705,35677,22,0,0,0,0,0,0,0,0
1778081996.5302005,g2.hpc.coe,40875,0.5001,0,100.0,2035.0,12288.0,90518928545,90784112787,93340191,93558539,2206268,0,0,0,0,0,0,0,0,0,0,0,0,40995639,40965483,41199,41174,1838,0,0,0,0,0,0,0,0
1778081997.0302923,g2.hpc.coe,40875,0.5001,0,100.0,2035.0,12288.0,90554355836,90819510007,93375901,93594219,2206847,0,0,0,0,0,0,0,0,0,0,0,0,35427291,35397220,35710,35680,579,0,0,0,0,0,0,0,0
1778081997.5303774,g2.hpc.coe,40875,0.5001,0,100.0,2035.0,12288.0,90589093053,90854220235,93410852,93629143,2208164,0,0,0,0,0,0,0,0,0,0,0,0,34737217,34710228,34951,34924,1317,0,0,0,0,0,0,0,0
1778081998.0304601,g2.hpc.coe,40875,0.5001,0,100.0,2035.0,12288.0,90630087685,90895185669,93452044,93670319,2208761,0,0,0,0,0,0,0,0,0,0,0,0,40994632,40965434,41192,41176,597,0,0,0,0,0,0,0,0
1778081998.5305479,g2.hpc.coe,40875,0.5001,0,100.0,2035.0,12288.0,90665515084,90930582882,93487751,93705998,2212688,0,0,0,0,0,0,0,0,0,0,0,0,35427399,35397213,35707,35679,3927,0,0,0,0,0,0,0,0
1778081999.030634,g2.hpc.coe,40875,0.5001,0,100.0,2035.0,12288.0,90706509784,90971548295,93528939,93747171,2214459,0,0,0,0,0,0,0,0,0,0,0,0,40994700,40965413,41188,41173,1771,0,0,0,0,0,0,0,0
1778081999.5307167,g2.hpc.coe,40875,0.5001,0,100.0,2035.0,12288.0,90741937202,91006945529,93564635,93782853,2214689,0,0,0,0,0,0,0,0,0,0,0,0,35427418,35397234,35696,35682,230,0,0,0,0,0,0,0,0
1778082000.0307999,g2.hpc.coe,40875,0.5001,0,100.0,2035.0,12288.0,90776674658,91041655792,93599586,93817782,2214976,0,0,0,0,0,0,0,0,0,0,0,0,34737456,34710263,34951,34929,287,0,0,0,0,0,0,0,0
1778082000.5308824,g2.hpc.coe,40875,0.5001,0,100.0,2035.0,12288.0,90817669494,91082621219,93640773,93858957,2215085,0,0,0,0,0,0,0,0,0,0,0,0,40994836,40965427,41187,41175,109,0,0,0,0,0,0,0,0
1778082001.03097,g2.hpc.coe,40875,0.5001,0,100.0,2035.0,12288.0,90853097090,91118018397,93676474,93894631,2215504,0,0,0,0,0,0,0,0,0,0,0,0,35427596,35397178,35701,35674,419,0,0,0,0,0,0,0,0
1778082001.5310524,g2.hpc.coe,40875,0.5001,0,100.0,2035.0,12288.0,90894092134,91158983853,93717675,93935808,2217276,0,0,0,0,0,0,0,0,0,0,0,0,40995044,40965456,41201,41177,1772,0,0,0,0,0,0,0,0
1778082002.0311432,g2.hpc.coe,40875,0.5001,0,100.0,2035.0,12288.0,90929520588,91194381541,93753402,93971490,2217537,0,0,0,0,0,0,0,0,0,0,0,0,35428454,35397688,35727,35682,261,0,0,0,0,0,0,0,0
1778082002.5312297,g2.hpc.coe,40875,0.5001,0,100.0,2035.0,12288.0,90965211257,91230545231,93789806,94008225,2220316,0,0,0,0,0,0,0,0,0,0,0,0,35690669,36163690,36404,36735,2779,0,0,0,0,0,0,0,0
1778082003.0313163,g2.hpc.coe,40875,0.5001,0,100.0,2035.0,12288.0,91005253493,91270184574,93829731,94047856,2220337,0,0,0,0,0,0,0,0,0,0,0,0,40042236,39639343,39925,39631,21,0,0,0,0,0,0,0,0
1778082003.531397,g2.hpc.coe,40875,0.5001,0,100.0,2035.0,12288.0,91040681223,91305454475,93865239,94083271,2221663,0,0,0,0,0,0,0,0,0,0,0,0,35427730,35269901,35508,35415,1326,0,0,0,0,0,0,0,0
1778082004.0314817,g2.hpc.coe,40875,0.5001,0,100.0,2035.0,12288.0,91081676562,91346419889,93906448,94124442,2224382,0,0,0,0,0,0,0,0,0,0,0,0,40995339,40965414,41209,41171,2719,0,0,0,0,0,0,0,0
1778082004.5315628,g2.hpc.coe,40875,0.5001,0,100.0,2035.0,12288.0,91117104451,91381817054,93942141,94160112,2224457,0,0,0,0,0,0,0,0,0,0,0,0,35427889,35397165,35693,35670,75,0,0,0,0,0,0,0,0
1778082005.0316489,g2.hpc.coe,40875,0.5001,0,100.0,2035.0,12288.0,91155047510,91420383328,93980775,94199198,2225969,0,0,0,0,0,0,0,0,0,0,0,0,37943059,38566274,38634,39086,1512,0,0,0,0,0,0,0,0
1778082005.5317323,g2.hpc.coe,40875,0.5001,0,100.0,2035.0,12288.0,91193527878,91458179689,94019044,94236961,2225989,0,0,0,0,0,0,0,0,0,0,0,0,38480368,37796361,38269,37763,20,0,0,0,0,0,0,0,0
1778082006.0318115,g2.hpc.coe,40875,0.5001,0,100.0,2035.0,12288.0,91228265908,91492889904,94053993,94271881,2226374,0,0,0,0,0,0,0,0,0,0,0,0,34738030,34710215,34949,34920,385,0,0,0,0,0,0,0,0
1778082006.531899,g2.hpc.coe,40875,0.5001,0,100.0,2035.0,12288.0,91269261389,91533855353,94095186,94313057,2227988,0,0,0,0,0,0,0,0,0,0,0,0,40995481,40965449,41193,41176,1614,0,0,0,0,0,0,0,0
1778082007.0319862,g2.hpc.coe,40875,0.5001,0,100.0,2035.0,12288.0,91304689630,91569252538,94130884,94348723,2230336,0,0,0,0,0,0,0,0,0,0,0,0,35428241,35397185,35698,35666,2348,0,0,0,0,0,0,0,0
1778082007.5320673,g2.hpc.coe,40875,0.5001,0,100.0,2035.0,12288.0,91345342477,91610164295,94172058,94389868,2231690,0,0,0,0,0,0,0,0,0,0,0,0,40652847,40911757,41174,41145,1354,0,0,0,0,0,0,0,0
1778082008.0321503,g2.hpc.coe,40875,0.5001,0,100.0,2035.0,12288.0,91381111443,91645615122,94207785,94425569,2231717,0,0,0,0,0,0,0,0,0,0,0,0,35768966,35450827,35727,35701,27,0,0,0,0,0,0,0,0
1778082008.532233,g2.hpc.coe,40875,0.5001,0,100.0,2035.0,12288.0,91415848680,91680325413,94242735,94460502,2231759,0,0,0,0,0,0,0,0,0,0,0,0,34737237,34710291,34950,34933,42,0,0,0,0,0,0,0,0
1778082009.0323224,g2.hpc.coe,40875,0.5001,0,100.0,2035.0,12288.0,91456843275,91721290812,94283918,94501673,2234481,0,0,0,0,0,0,0,0,0,0,0,0,40994595,40965399,41183,41171,2722,0,0,0,0,0,0,0,0
1778082009.5324078,g2.hpc.coe,40875,0.5001,0,100.0,2035.0,12288.0,91492270560,91756687962,94319605,94537343,2235026,0,0,0,0,0,0,0,0,0,0,0,0,35427285,35397150,35687,35670,545,0,0,0,0,0,0,0,0
1778082010.0324905,g2.hpc.coe,40875,0.5001,0,100.0,2035.0,12288.0,91533265293,91797653354,94360794,94578513,2236482,0,0,0,0,0,0,0,0,0,0,0,0,40994733,40965392,41189,41170,1456,0,0,0,0,0,0,0,0
1778082010.5325768,g2.hpc.coe,40875,0.5001,0,100.0,2035.0,12288.0,91568692765,91833050518,94396494,94614185,2236499,0,0,0,0,0,0,0,0,0,0,0,0,35427472,35397164,35700,35672,17,0,0,0,0,0,0,0,0
1778082011.032664,g2.hpc.coe,40875,0.5001,0,100.0,2035.0,12288.0,91603430262,91867760718,94431447,94649105,2237531,0,0,0,0,0,0,0,0,0,0,0,0,34737497,34710200,34953,34920,1032,0,0,0,0,0,0,0,0
1778082011.5327437,g2.hpc.coe,40875,0.5001,0,100.0,2035.0,12288.0,91644425208,91908726173,94472646,94690284,2237814,0,0,0,0,0,0,0,0,0,0,0,0,40994946,40965455,41199,41179,283,0,0,0,0,0,0,0,0
1778082012.032824,g2.hpc.coe,40875,0.5001,0,100.0,2035.0,12288.0,91679852838,91944123463,94508337,94725965,2237993,0,0,0,0,0,0,0,0,0,0,0,0,35427630,35397290,35691,35681,179,0,0,0,0,0,0,0,0
1778082012.5329103,g2.hpc.coe,40875,0.5001,0,100.0,2035.0,12288.0,91720847846,91985088870,94549529,94767135,2238890,0,0,0,0,0,0,0,0,0,0,0,0,40995008,40965407,41192,41170,897,0,0,0,0,0,0,0,0
1778082013.032996,g2.hpc.coe,40875,0.5001,0,100.0,2035.0,12288.0,91756275613,92020486063,94585235,94802809,2239167,0,0,0,0,0,0,0,0,0,0,0,0,35427767,35397193,35706,35674,277,0,0,0,0,0,0,0,0
1778082013.5330763,g2.hpc.coe,40875,0.5001,0,100.0,2035.0,12288.0,91791013384,92055196341,94620191,94837738,2239192,0,0,0,0,0,0,0,0,0,0,0,0,34737771,34710278,34956,34929,25,0,0,0,0,0,0,0,0
1778082014.0331643,g2.hpc.coe,40875,0.5001,0,100.0,2035.0,12288.0,91832008569,92096161790,94661388,94878914,2239279,0,0,0,0,0,0,0,0,0,0,0,0,40995185,40965449,41197,41176,87,0,0,0,0,0,0,0,0
1778082014.533253,g2.hpc.coe,40875,0.5001,0,100.0,2035.0,12288.0,91867436437,92131558955,94697088,94914584,2239438,0,0,0,0,0,0,0,0,0,0,0,0,35427868,35397165,35700,35670,159,0,0,0,0,0,0,0,0
1778082015.0333402,g2.hpc.coe,40875,0.5001,0,100.0,2035.0,12288.0,91908431745,92172524369,94738289,94955755,2241088,0,0,0,0,0,0,0,0,0,0,0,0,40995308,40965414,41201,41171,1650,0,0,0,0,0,0,0,0
1778082015.5334237,g2.hpc.coe,40875,0.5001,0,100.0,2035.0,12288.0,91943859680,92207921548,94773985,94991427,2241114,0,0,0,0,0,0,0,0,0,0,0,0,35427935,35397179,35696,35672,26,0,0,0,0,0,0,0,0
1778082016.033507,g2.hpc.coe,40875,0.5001,0,100.0,2035.0,12288.0,91978597633,92242631749,94808933,95026345,2245352,0,0,0,0,0,0,0,0,0,0,0,0,34737953,34710201,34948,34918,4238,0,0,0,0,0,0,0,0
1778082016.5335913,g2.hpc.coe,40875,0.5001,0,100.0,2035.0,12288.0,92019593008,92283597163,94850123,95067516,2245812,0,0,0,0,0,0,0,0,0,0,0,0,40995375,40965414,41190,41171,460,0,0,0,0,0,0,0,0
1778082017.0336792,g2.hpc.coe,40875,0.5001,0,100.0,2035.0,12288.0,92055021800,92318994837,94885838,95103196,2245831,0,0,0,0,0,0,0,0,0,0,0,0,35428792,35397674,35715,35680,19,0,0,0,0,0,0,0,0
1778082017.5337636,g2.hpc.coe,40875,0.5001,0,100.0,2035.0,12288.0,92096017362,92359960251,94927039,95144367,2248338,0,0,0,0,0,0,0,0,0,0,0,0,40995562,40965414,41201,41171,2507,0,0,0,0,0,0,0,0
1778082018.03385,g2.hpc.coe,40875,0.5001,0,100.0,2035.0,12288.0,92131445614,92395357486,94962744,95180047,2248697,0,0,0,0,0,0,0,0,0,0,0,0,35428252,35397235,35705,35680,359,0,0,0,0,0,0,0,0
1778082018.5339417,g2.hpc.coe,40875,0.5001,0,100.0,2035.0,12288.0,92166182801,92430652537,94997790,95216576,2249129,0,0,0,0,0,0,0,0,0,0,0,0,34737187,35295051,35046,36529,432,0,0,0,0,0,0,0,0
1778082019.0340288,g2.hpc.coe,40875,0.5001,0,100.0,2035.0,12288.0,92207177466,92471033218,95038900,95256157,2251086,0,0,0,0,0,0,0,0,0,0,0,0,40994665,40380681,41110,39581,1957,0,0,0,0,0,0,0,0
1778082019.534111,g2.hpc.coe,40875,0.5001,0,100.0,2035.0,12288.0,92242604744,92506430326,95074596,95291821,2251641,0,0,0,0,0,0,0,0,0,0,0,0,35427278,35397108,35696,35664,555,0,0,0,0,0,0,0,0
1778082020.0341926,g2.hpc.coe,40875,0.5001,0,100.0,2035.0,12288.0,92283599448,92547395725,95115791,95332992,2253342,0,0,0,0,0,0,0,0,0,0,0,0,40994704,40965399,41195,41171,1701,0,0,0,0,0,0,0,0
1778082020.5342748,g2.hpc.coe,40875,0.5001,0,100.0,2035.0,12288.0,92319026856,92582792882,95151492,95368663,2253396,0,0,0,0,0,0,0,0,0,0,0,0,35427408,35397157,35701,35671,54,0,0,0,0,0,0,0,0
1778082021.0343623,g2.hpc.coe,40875,0.5001,0,100.0,2035.0,12288.0,92353969225,92618237566,95187128,95404729,2254832,0,0,0,0,0,0,0,0,0,0,0,0,34942369,35444684,35636,36066,1436,0,0,0,0,0,0,0,0
1778082021.5344443,g2.hpc.coe,40875,0.5001,0,100.0,2035.0,12288.0,92394759109,92658468523,95227637,95444760,2254861,0,0,0,0,0,0,0,0,0,0,0,0,40789884,40230957,40509,40031,29,0,0,0,0,0,0,0,0
1778082022.0345244,g2.hpc.coe,40875,0.5001,0,100.0,2035.0,12288.0,92430186639,92693865701,95263335,95480434,2254894,0,0,0,0,0,0,0,0,0,0,0,0,35427530,35397178,35698,35674,33,0,0,0,0,0,0,0,0
1778082022.53461,g2.hpc.coe,40875,0.5001,0,100.0,2035.0,12288.0,92471181617,92734831155,95304526,95521606,2256335,0,0,0,0,0,0,0,0,0,0,0,0,40994978,40965454,41191,41172,1441,0,0,0,0,0,0,0,0
1778082023.0346975,g2.hpc.coe,40875,0.5001,0,100.0,2035.0,12288.0,92506609222,92770228376,95340219,95557284,2256477,0,0,0,0,0,0,0,0,0,0,0,0,35427605,35397221,35693,35678,142,0,0,0,0,0,0,0,0
1778082023.5347779,g2.hpc.coe,40875,0.5001,0,100.0,2035.0,12288.0,92546531640,92810496383,95380840,95598108,2256606,0,0,0,0,0,0,0,0,0,0,0,0,39922418,40268007,40621,40824,129,0,0,0,0,0,0,0,0
1778082024.0348608,g2.hpc.coe,40875,0.5001,0,100.0,2035.0,12288.0,92583032032,92846591011,95417115,95634133,2257281,0,0,0,0,0,0,0,0,0,0,0,0,36500392,36094628,36275,36025,675,0,0,0,0,0,0,0,0
1778082024.534946,g2.hpc.coe,40875,0.5001,0,100.0,2035.0,12288.0,92617769765,92881301275,95452062,95669060,2257378,0,0,0,0,0,0,0,0,0,0,0,0,34737733,34710264,34947,34927,97,0,0,0,0,0,0,0,0
1778082025.035035,g2.hpc.coe,40875,0.5001,0,100.0,2035.0,12288.0,92658764954,92922266710,95493256,95710234,2257692,0,0,0,0,0,0,0,0,0,0,0,0,40995189,40965435,41194,41174,314,0,0,0,0,0,0,0,0
1778082025.535115,g2.hpc.coe,40875,0.5001,0,100.0,2035.0,12288.0,92694192881,92957663903,95528961,95745908,2257714,0,0,0,0,0,0,0,0,0,0,0,0,35427927,35397193,35705,35674,22,0,0,0,0,0,0,0,0
1778082026.0351982,g2.hpc.coe,40875,0.5001,0,100.0,2035.0,12288.0,92735188130,92998629345,95570150,95787083,2258930,0,0,0,0,0,0,0,0,0,0,0,0,40995249,40965442,41189,41175,1216,0,0,0,0,0,0,0,0
1778082026.5352824,g2.hpc.coe,40875,0.5001,0,100.0,2035.0,12288.0,92770616027,93034026510,95605837,95822753,2258945,0,0,0,0,0,0,0,0,0,0,0,0,35427897,35397165,35687,35670,15,0,0,0,0,0,0,0,0
1778082027.0353682,g2.hpc.coe,40875,0.5001,0,100.0,2035.0,12288.0,92805354018,93068736802,95640787,95857684,2259164,0,0,0,0,0,0,0,0,0,0,0,0,34737991,34710292,34950,34931,219,0,0,0,0,0,0,0,0
1778082027.535451,g2.hpc.coe,40875,0.5001,0,100.0,2035.0,12288.0,92846349543,93109702208,95681986,95898847,2261717,0,0,0,0,0,0,0,0,0,0,0,0,40995525,40965406,41199,41163,2553,0,0,0,0,0,0,0,0
1778082028.0355334,g2.hpc.coe,40875,0.5001,0,100.0,2035.0,12288.0,92881777724,93145099457,95717691,95934529,2262214,0,0,0,0,0,0,0,0,0,0,0,0,35428181,35397249,35705,35682,497,0,0,0,0,0,0,0,0
1778082028.5356169,g2.hpc.coe,40875,0.5001,0,100.0,2035.0,12288.0,92922773254,93186064927,95758884,95975708,2263879,0,0,0,0,0,0,0,0,0,0,0,0,40995530,40965470,41193,41179,1665,0,0,0,0,0,0,0,0
1778082029.0357025,g2.hpc.coe,40875,0.5001,0,100.0,2035.0,12288.0,92958200504,93221462119,95794593,96011384,2264321,0,0,0,0,0,0,0,0,0,0,0,0,35427250,35397192,35709,35676,442,0,0,0,0,0,0,0,0
1778082029.5357838,g2.hpc.coe,40875,0.5001,0,100.0,2035.0,12288.0,92992937709,93256172361,95829545,96046310,2266618,0,0,0,0,0,0,0,0,0,0,0,0,34737205,34710242,34952,34926,2297,0,0,0,0,0,0,0,0
1778082030.0358648,g2.hpc.coe,40875,0.5001,0,100.0,2035.0,12288.0,93033932350,93297137788,95870741,96087485,2267318,0,0,0,0,0,0,0,0,0,0,0,0,40994641,40965427,41196,41175,700,0,0,0,0,0,0,0,0
1778082030.5359504,g2.hpc.coe,40875,0.5001,0,100.0,2035.0,12288.0,93069359660,93332534980,95906438,96123161,2267598,0,0,0,0,0,0,0,0,0,0,0,0,35427310,35397192,35697,35676,280,0,0,0,0,0,0,0,0
1778082031.0360365,g2.hpc.coe,40875,0.5001,0,100.0,2035.0,12288.0,93110354425,93373500323,95947638,96164324,2275721,0,0,0,0,0,0,0,0,0,0,0,0,40994765,40965343,41200,41163,8123,0,0,0,0,0,0,0,0
1778082031.536122,g2.hpc.coe,40875,0.5001,0,100.0,2035.0,12288.0,93145781733,93408897452,95983321,96199991,2275745,0,0,0,0,0,0,0,0,0,0,0,0,35427308,35397129,35683,35667,24,0,0,0,0,0,0,0,0
1778082032.0362096,g2.hpc.coe,40875,0.5001,0,100.0,2035.0,12288.0,93180519771,93443608169,96018286,96234929,2276556,0,0,0,0,0,0,0,0,0,0,0,0,34738038,34710717,34965,34938,811,0,0,0,0,0,0,0,0
1778082032.536294,g2.hpc.coe,40875,0.5001,0,100.0,2035.0,12288.0,93221514700,93484573644,96059480,96276104,2277405,0,0,0,0,0,0,0,0,0,0,0,0,40994929,40965475,41194,41175,849,0,0,0,0,0,0,0,0
1778082033.03638,g2.hpc.coe,40875,0.5001,0,100.0,2035.0,12288.0,93256942220,93519970871,96095173,96311785,2277458,0,0,0,0,0,0,0,0,0,0,0,0,35427520,35397227,35693,35681,53,0,0,0,0,0,0,0,0
1778082033.5364616,g2.hpc.coe,40875,0.5001,0,100.0,2035.0,12288.0,93297937237,93560936257,96136373,96352952,2278369,0,0,0,0,0,0,0,0,0,0,0,0,40995017,40965386,41200,41167,911,0,0,0,0,0,0,0,0
1778082034.0365448,g2.hpc.coe,40875,0.5001,0,100.0,2035.0,12288.0,93333364874,93596333450,96172067,96388626,2278392,0,0,0,0,0,0,0,0,0,0,0,0,35427637,35397193,35694,35674,23,0,0,0,0,0,0,0,0
1778082034.5366287,g2.hpc.coe,40875,0.5001,0,100.0,2035.0,12288.0,93368102549,93631043707,96207016,96423552,2280098,0,0,0,0,0,0,0,0,0,0,0,0,34737675,34710257,34949,34926,1706,0,0,0,0,0,0,0,0
1778082035.0367148,g2.hpc.coe,40875,0.5001,0,100.0,2035.0,12288.0,93409097653,93672009114,96248208,96464722,2280754,0,0,0,0,0,0,0,0,0,0,0,0,40995104,40965407,41192,41170,656,0,0,0,0,0,0,0,0
1778082035.5367956,g2.hpc.coe,40875,0.5001,0,100.0,2035.0,12288.0,93444525475,93707406286,96283908,96500393,2280783,0,0,0,0,0,0,0,0,0,0,0,0,35427822,35397172,35700,35671,29,0,0,0,0,0,0,0,0
1778082036.0368755,g2.hpc.coe,40875,0.5001,0,100.0,2035.0,12288.0,93485520710,93748371665,96325105,96541559,2281831,0,0,0,0,0,0,0,0,0,0,0,0,40995235,40965379,41197,41166,1048,0,0,0,0,0,0,0,0
1778082036.5369575,g2.hpc.coe,40875,0.5001,0,100.0,2035.0,12288.0,93520948677,93783768865,96360812,96577234,2281858,0,0,0,0,0,0,0,0,0,0,0,0,35427967,35397200,35707,35675,27,0,0,0,0,0,0,0,0
1778082037.0370438,g2.hpc.coe,40875,0.5001,0,100.0,2035.0,12288.0,93555686668,93818479136,96395772,96612162,2284129,0,0,0,0,0,0,0,0,0,0,0,0,34737991,34710271,34960,34928,2271,0,0,0,0,0,0,0,0
1778082037.5371242,g2.hpc.coe,40875,0.5001,0,100.0,2035.0,12288.0,93596682053,93859444640,96436961,96653339,2284181,0,0,0,0,0,0,0,0,0,0,0,0,40995385,40965504,41189,41177,52,0,0,0,0,0,0,0,0
1778082038.0372133,g2.hpc.coe,40875,0.5001,0,100.0,2035.0,12288.0,93632110135,93894841833,96472664,96689013,2284208,0,0,0,0,0,0,0,0,0,0,0,0,35428082,35397193,35703,35674,27,0,0,0,0,0,0,0,0
1778082038.5372992,g2.hpc.coe,40875,0.5001,0,100.0,2035.0,12288.0,93673105609,93935807247,96513859,96730184,2284583,0,0,0,0,0,0,0,0,0,0,0,0,40995474,40965414,41195,41171,375,0,0,0,0,0,0,0,0
1778082039.037386,g2.hpc.coe,40875,0.5001,0,100.0,2035.0,12288.0,93708533829,93971204489,96549566,96765865,2284785,0,0,0,0,0,0,0,0,0,0,0,0,35428220,35397242,35707,35681,202,0,0,0,0,0,0,0,0
1778082039.5374684,g2.hpc.coe,40875,0.5001,0,100.0,2035.0,12288.0,93743272003,94006243317,96584946,96801460,2285585,0,0,0,0,0,0,0,0,0,0,0,0,34738174,35038828,35380,35595,800,0,0,0,0,0,0,0,0
1778082040.0375552,g2.hpc.coe,40875,0.5001,0,100.0,2035.0,12288.0,93784266594,94046880103,96625742,96842045,2285710,0,0,0,0,0,0,0,0,0,0,0,0,40994591,40636786,40796,40585,125,0,0,0,0,0,0,0,0
1778082040.5376358,g2.hpc.coe,40875,0.5001,0,100.0,2035.0,12288.0,93819693840,94082277288,96661413,96877631,2285741,0,0,0,0,0,0,0,0,0,0,0,0,35427246,35397185,35671,35586,31,0,0,0,0,0,0,0,0
1778082041.037721,g2.hpc.coe,40875,0.5001,0,100.0,2035.0,12288.0,93860688498,94123242687,96702608,96918802,2287036,0,0,0,0,0,0,0,0,0,0,0,0,40994658,40965399,41195,41171,1295,0,0,0,0,0,0,0,0
1778082041.5378027,g2.hpc.coe,40875,0.5001,0,100.0,2035.0,12288.0,93896115811,94158639858,96738302,96954475,2287168,0,0,0,0,0,0,0,0,0,0,0,0,35427313,35397171,35694,35673,132,0,0,0,0,0,0,0,0
1778082042.0378878,g2.hpc.coe,40875,0.5001,0,100.0,2035.0,12288.0,93934315780,94197244338,96777134,96993573,2287620,0,0,0,0,0,0,0,0,0,0,0,0,38199969,38604480,38832,39098,452,0,0,0,0,0,0,0,0
1778082042.537973,g2.hpc.coe,40875,0.5001,0,100.0,2035.0,12288.0,93972537981,94235002435,96815192,97031320,2287641,0,0,0,0,0,0,0,0,0,0,0,0,38222201,37758097,38058,37747,21,0,0,0,0,0,0,0,0
1778082043.0380611,g2.hpc.coe,40875,0.5001,0,100.0,2035.0,12288.0,94007275596,94269712753,96850156,97066250,2288461,0,0,0,0,0,0,0,0,0,0,0,0,34737615,34710318,34964,34930,820,0,0,0,0,0,0,0,0
1778082043.5381455,g2.hpc.coe,40875,0.5001,0,100.0,2035.0,12288.0,94048270528,94310678145,96891356,97107420,2290823,0,0,0,0,0,0,0,0,0,0,0,0,40994932,40965392,41200,41170,2362,0,0,0,0,0,0,0,0
1778082044.038235,g2.hpc.coe,40875,0.5001,0,100.0,2035.0,12288.0,94083698102,94346075401,96927051,97143103,2290845,0,0,0,0,0,0,0,0,0,0,0,0,35427574,35397256,35695,35683,22,0,0,0,0,0,0,0,0
1778082044.5383177,g2.hpc.coe,40875,0.5001,0,100.0,2035.0,12288.0,94124012961,94386573789,96967998,97184138,2291343,0,0,0,0,0,0,0,0,0,0,0,0,40314859,40498388,40947,41035,498,0,0,0,0,0,0,0,0
1778082045.0384028,g2.hpc.coe,40875,0.5001,0,100.0,2035.0,12288.0,94160120813,94422438064,97003946,97219956,2291366,0,0,0,0,0,0,0,0,0,0,0,0,36107852,35864275,35948,35818,23,0,0,0,0,0,0,0,0
1778082045.5384865,g2.hpc.coe,40875,0.5001,0,100.0,2035.0,12288.0,94194858492,94457148384,97038892,97254891,2292662,0,0,0,0,0,0,0,0,0,0,0,0,34737679,34710320,34946,34935,1296,0,0,0,0,0,0,0,0
1778082046.038573,g2.hpc.coe,40875,0.5001,0,100.0,2035.0,12288.0,94235853635,94498113840,97080086,97296068,2299565,0,0,0,0,0,0,0,0,0,0,0,0,40995143,40965456,41194,41177,6903,0,0,0,0,0,0,0,0
1778082046.538657,g2.hpc.coe,40875,0.5001,0,100.0,2035.0,12288.0,94271281517,94533511040,97115791,97331743,2299586,0,0,0,0,0,0,0,0,0,0,0,0,35427882,35397200,35705,35675,21,0,0,0,0,0,0,0,0
1778082047.0387442,g2.hpc.coe,40875,0.5001,0,100.0,2035.0,12288.0,94312277363,94574476901,97157000,97372922,2300950,0,0,0,0,0,0,0,0,0,0,0,0,40995846,40965861,41209,41179,1364,0,0,0,0,0,0,0,0
1778082047.5388248,g2.hpc.coe,40875,0.5001,0,100.0,2035.0,12288.0,94347705242,94609874129,97192691,97408601,2300972,0,0,0,0,0,0,0,0,0,0,0,0,35427879,35397228,35691,35679,22,0,0,0,0,0,0,0,0
1778082048.038915,g2.hpc.coe,40875,0.5001,0,100.0,2035.0,12288.0,94382443244,94644584448,97227640,97443529,2300991,0,0,0,0,0,0,0,0,0,0,0,0,34738002,34710319,34949,34928,19,0,0,0,0,0,0,0,0
1778082048.5390007,g2.hpc.coe,40875,0.5001,0,100.0,2035.0,12288.0,94423438646,94685549897,97268837,97484705,2302401,0,0,0,0,0,0,0,0,0,0,0,0,40995402,40965449,41197,41176,1410,0,0,0,0,0,0,0,0
1778082049.039088,g2.hpc.coe,40875,0.5001,0,100.0,2035.0,12288.0,94458867051,94720947338,97304551,97520383,2302448,0,0,0,0,0,0,0,0,0,0,0,0,35428405,35397441,35714,35678,47,0,0,0,0,0,0,0,0
1778082049.5391726,g2.hpc.coe,40875,0.5001,0,100.0,2035.0,12288.0,94499862578,94761912738,97345748,97561552,2303018,0,0,0,0,0,0,0,0,0,0,0,0,40995527,40965400,41197,41169,570,0,0,0,0,0,0,0,0
1778082050.0392613,g2.hpc.coe,40875,0.5001,0,100.0,2035.0,12288.0,94535290773,94797309945,97381448,97597228,2303038,0,0,0,0,0,0,0,0,0,0,0,0,35428195,35397207,35700,35676,20,0,0,0,0,0,0,0,0
1778082050.5393476,g2.hpc.coe,40875,0.5001,0,100.0,2035.0,12288.0,94570027924,94832020250,97416399,97632163,2303835,0,0,0,0,0,0,0,0,0,0,0,0,34737151,34710305,34951,34935,797,0,0,0,0,0,0,0,0
1778082051.0394328,g2.hpc.coe,40875,0.5001,0,100.0,2035.0,12288.0,94611022455,94872985684,97457586,97673339,2305326,0,0,0,0,0,0,0,0,0,0,0,0,40994531,40965434,41187,41176,1491,0,0,0,0,0,0,0,0
1778082051.5395162,g2.hpc.coe,40875,0.5001,0,100.0,2035.0,12288.0,94646449760,94908382897,97493289,97709018,2305488,0,0,0,0,0,0,0,0,0,0,0,0,35427305,35397213,35703,35679,162,0,0,0,0,0,0,0,0
1778082052.0396023,g2.hpc.coe,40875,0.5001,0,100.0,2035.0,12288.0,94687444415,94949348268,97534480,97750185,2305858,0,0,0,0,0,0,0,0,0,0,0,0,40994655,40965371,41191,41167,370,0,0,0,0,0,0,0,0
1778082052.539683,g2.hpc.coe,40875,0.5001,0,100.0,2035.0,12288.0,94722871732,94984745404,97570171,97785853,2306122,0,0,0,0,0,0,0,0,0,0,0,0,35427317,35397136,35691,35668,264,0,0,0,0,0,0,0,0
1778082053.0397701,g2.hpc.coe,40875,0.5001,0,100.0,2035.0,12288.0,94757609269,95019455701,97605134,97820780,2306567,0,0,0,0,0,0,0,0,0,0,0,0,34737537,34710297,34963,34927,445,0,0,0,0,0,0,0,0
1778082053.5398674,g2.hpc.coe,40875,0.5001,0,100.0,2035.0,12288.0,94798604165,95060421079,97646339,97861948,2306978,0,0,0,0,0,0,0,0,0,0,0,0,40994896,40965378,41205,41168,411,0,0,0,0,0,0,0,0
1778082054.0399723,g2.hpc.coe,40875,0.5001,0,100.0,2035.0,12288.0,94834031695,95095818201,97682040,97897614,2307003,0,0,0,0,0,0,0,0,0,0,0,0,35427530,35397122,35701,35666,25,0,0,0,0,0,0,0,0
1778082054.540059,g2.hpc.coe,40875,0.5001,0,100.0,2035.0,12288.0,94875026658,95136783607,97723241,97938786,2308471,0,0,0,0,0,0,0,0,0,0,0,0,40994963,40965406,41201,41172,1468,0,0,0,0,0,0,0,0
1778082055.040146,g2.hpc.coe,40875,0.5001,0,100.0,2035.0,12288.0,94910454347,95172180807,97758949,97974461,2308498,0,0,0,0,0,0,0,0,0,0,0,0,35427689,35397200,35708,35675,27,0,0,0,0,0,0,0,0
1778082055.5402453,g2.hpc.coe,40875,0.5001,0,100.0,2035.0,12288.0,94945191962,95206891092,97793896,98009391,2310007,0,0,0,0,0,0,0,0,0,0,0,0,34737615,34710285,34947,34930,1509,0,0,0,0,0,0,0,0
1778082056.0403292,g2.hpc.coe,40875,0.5001,0,100.0,2035.0,12288.0,94986187006,95247856471,97835086,98050557,2310818,0,0,0,0,0,0,0,0,0,0,0,0,40995044,40965379,41190,41166,811,0,0,0,0,0,0,0,0
1778082056.5404096,g2.hpc.coe,40875,0.5001,0,100.0,2035.0,12288.0,95021614761,95283253657,97870783,98086230,2310836,0,0,0,0,0,0,0,0,0,0,0,0,35427755,35397186,35697,35673,18,0,0,0,0,0,0,0,0
1778082057.0404708,g2.hpc.coe,40875,0.5001,0,100.0,2035.0,12288.0,95062609928,95324219071,97911977,98127401,2311881,0,0,0,0,0,0,0,0,0,0,0,0,40995167,40965414,41194,41171,1045,0,0,0,0,0,0,0,0
1778082057.540555,g2.hpc.coe,40875,0.5001,0,100.0,2035.0,12288.0,95098037813,95359616250,97947679,98163073,2312641,0,0,0,0,0,0,0,0,0,0,0,0,35427885,35397179,35702,35672,760,0,0,0,0,0,0,0,0
1778082058.0406132,g2.hpc.coe,40875,0.5001,0,100.0,2035.0,12288.0,95132815915,95394997997,97983104,98198992,2312668,0,0,0,0,0,0,0,0,0,0,0,0,34778102,35381747,35425,35919,27,0,0,0,0,0,0,0,0
1778082058.5406985,g2.hpc.coe,40875,0.5001,0,100.0,2035.0,12288.0,95174374172,95435978905,98024562,98239918,2312696,0,0,0,0,0,0,0,0,0,0,0,0,41558257,40980908,41458,40926,28,0,0,0,0,0,0,0,0
1778082059.0407636,g2.hpc.coe,40875,0.5001,0,100.0,2035.0,12288.0,95209199033,95470689127,98059517,98274839,2312717,0,0,0,0,0,0,0,0,0,0,0,0,34824861,34710222,34955,34921,21,0,0,0,0,0,0,0,0
1778082059.540846,g2.hpc.coe,40875,0.5001,0,100.0,2035.0,12288.0,95250194501,95511654604,98100720,98316019,2313976,0,0,0,0,0,0,0,0,0,0,0,0,40995468,40965477,41203,41180,1259,0,0,0,0,0,0,0,0
1778082060.0409136,g2.hpc.coe,40875,0.5001,0,100.0,2035.0,12288.0,95285622583,95547051811,98136414,98351695,2313994,0,0,0,0,0,0,0,0,0,0,0,0,35428082,35397207,35694,35676,18,0,0,0,0,0,0,0,0
1778082060.5409963,g2.hpc.coe,40875,0.5001,0,100.0,2035.0,12288.0,95321488796,95583550427,98173015,98388842,2316010,0,0,0,0,0,0,0,0,0,0,0,0,35866213,36498616,36601,37147,2016,0,0,0,0,0,0,0,0
1778082061.041082,g2.hpc.coe,40875,0.5001,0,100.0,2035.0,12288.0,95362046076,95623414432,98213307,98428542,2316160,0,0,0,0,0,0,0,0,0,0,0,0,40557280,39864005,40292,39700,150,0,0,0,0,0,0,0,0
1778082061.5411873,g2.hpc.coe,40875,0.5001,0,100.0,2035.0,12288.0,95396783460,95658124758,98248254,98463480,2316581,0,0,0,0,0,0,0,0,0,0,0,0,34737384,34710326,34947,34938,421,0,0,0,0,0,0,0,0
1778082062.041279,g2.hpc.coe,40875,0.5001,0,100.0,2035.0,12288.0,95437778659,95699090611,98289461,98504660,2319674,0,0,0,0,0,0,0,0,0,0,0,0,40995199,40965853,41207,41180,3093,0,0,0,0,0,0,0,0
1778082062.5413663,g2.hpc.coe,40875,0.5001,0,100.0,2035.0,12288.0,95473205926,95734487838,98325155,98540341,2319701,0,0,0,0,0,0,0,0,0,0,0,0,35427267,35397227,35694,35681,27,0,0,0,0,0,0,0,0
1778082063.041459,g2.hpc.coe,40875,0.5001,0,100.0,2035.0,12288.0,95512816408,95774273503,98365428,98580636,2319748,0,0,0,0,0,0,0,0,0,0,0,0,39610482,39785665,40273,40295,47,0,0,0,0,0,0,0,0
1778082063.541541,g2.hpc.coe,40875,0.5001,0,100.0,2035.0,12288.0,95549628085,95810850421,98402048,98617180,2319772,0,0,0,0,0,0,0,0,0,0,0,0,36811677,36576918,36620,36544,24,0,0,0,0,0,0,0,0
1778082064.041632,g2.hpc.coe,40875,0.5001,0,100.0,2035.0,12288.0,95584365569,95845560663,98437009,98652106,2319798,0,0,0,0,0,0,0,0,0,0,0,0,34737484,34710242,34961,34926,26,0,0,0,0,0,0,0,0
1778082064.5417142,g2.hpc.coe,40875,0.5001,0,100.0,2035.0,12288.0,95625360432,95886526097,98478206,98693282,2321072,0,0,0,0,0,0,0,0,0,0,0,0,40994863,40965434,41197,41176,1274,0,0,0,0,0,0,0,0
1778082065.041804,g2.hpc.coe,40875,0.5001,0,100.0,2035.0,12288.0,95660787908,95921923275,98513896,98728956,2321551,0,0,0,0,0,0,0,0,0,0,0,0,35427476,35397178,35690,35674,479,0,0,0,0,0,0,0,0
1778082065.541886,g2.hpc.coe,40875,0.5001,0,100.0,2035.0,12288.0,95701782832,95962888584,98555086,98770112,2322214,0,0,0,0,0,0,0,0,0,0,0,0,40994924,40965309,41190,41156,663,0,0,0,0,0,0,0,0
1778082066.041948,g2.hpc.coe,40875,0.5001,0,100.0,2035.0,12288.0,95737210495,95998285777,98590787,98805786,2322243,0,0,0,0,0,0,0,0,0,0,0,0,35427663,35397193,35701,35674,29,0,0,0,0,0,0,0,0
1778082066.542033,g2.hpc.coe,40875,0.5001,0,100.0,2035.0,12288.0,95771948203,96032996034,98625744,98840712,2322374,0,0,0,0,0,0,0,0,0,0,0,0,34737708,34710257,34957,34926,131,0,0,0,0,0,0,0,0
1778082067.0420969,g2.hpc.coe,40875,0.5001,0,100.0,2035.0,12288.0,95812943319,96073961483,98666941,98881888,2323813,0,0,0,0,0,0,0,0,0,0,0,0,40995116,40965449,41197,41176,1439,0,0,0,0,0,0,0,0
1778082067.5421796,g2.hpc.coe,40875,0.5001,0,100.0,2035.0,12288.0,95848371118,96109358690,98702641,98917564,2324157,0,0,0,0,0,0,0,0,0,0,0,0,35427799,35397207,35700,35676,344,0,0,0,0,0,0,0,0
1778082068.0422614,g2.hpc.coe,40875,0.5001,0,100.0,2035.0,12288.0,95889366315,96150324139,98743836,98958740,2325508,0,0,0,0,0,0,0,0,0,0,0,0,40995197,40965449,41195,41176,1351,0,0,0,0,0,0,0,0
1778082068.5423424,g2.hpc.coe,40875,0.5001,0,100.0,2035.0,12288.0,95924794286,96185721401,98779538,98994417,2325946,0,0,0,0,0,0,0,0,0,0,0,0,35427971,35397262,35702,35677,438,0,0,0,0,0,0,0,0
1778082069.0424297,g2.hpc.coe,40875,0.5001,0,100.0,2035.0,12288.0,95959532247,96220431693,98814497,99029348,2326701,0,0,0,0,0,0,0,0,0,0,0,0,34737961,34710292,34959,34931,755,0,0,0,0,0,0,0,0
1778082069.54251,g2.hpc.coe,40875,0.5001,0,100.0,2035.0,12288.0,96000527616,96261397128,98855696,99070522,2329407,0,0,0,0,0,0,0,0,0,0,0,0,40995369,40965435,41199,41174,2706,0,0,0,0,0,0,0,0
1778082070.042599,g2.hpc.coe,40875,0.5001,0,100.0,2035.0,12288.0,96035955632,96296794342,98891393,99106199,2329955,0,0,0,0,0,0,0,0,0,0,0,0,35428016,35397214,35697,35677,548,0,0,0,0,0,0,0,0
1778082070.5426874,g2.hpc.coe,40875,0.5001,0,100.0,2035.0,12288.0,96076951082,96337759805,98932590,99147377,2330670,0,0,0,0,0,0,0,0,0,0,0,0,40995450,40965463,41197,41178,715,0,0,0,0,0,0,0,0
1778082071.0427845,g2.hpc.coe,40875,0.5001,0,100.0,2035.0,12288.0,96112379230,96373157054,98968290,99183059,2330884,0,0,0,0,0,0,0,0,0,0,0,0,35428148,35397249,35700,35682,214,0,0,0,0,0,0,0,0
1778082071.542868,g2.hpc.coe,40875,0.5001,0,100.0,2035.0,12288.0,96147117409,96407867325,99003244,99217987,2332665,0,0,0,0,0,0,0,0,0,0,0,0,34738179,34710271,34954,34928,1781,0,0,0,0,0,0,0,0
1778082072.042951,g2.hpc.coe,40875,0.5001,0,100.0,2035.0,12288.0,96188111963,96448832689,99044441,99259153,2333365,0,0,0,0,0,0,0,0,0,0,0,0,40994554,40965364,41197,41166,700,0,0,0,0,0,0,0,0
1778082072.5430346,g2.hpc.coe,40875,0.5001,0,100.0,2035.0,12288.0,96223539165,96484229874,99080136,99294828,2333387,0,0,0,0,0,0,0,0,0,0,0,0,35427202,35397185,35695,35675,22,0,0,0,0,0,0,0,0
1778082073.0431204,g2.hpc.coe,40875,0.5001,0,100.0,2035.0,12288.0,96264533723,96525195231,99121320,99335993,2334359,0,0,0,0,0,0,0,0,0,0,0,0,40994558,40965357,41184,41165,972,0,0,0,0,0,0,0,0
1778082073.5432029,g2.hpc.coe,40875,0.5001,0,100.0,2035.0,12288.0,96299961188,96560592506,99157030,99371674,2336005,0,0,0,0,0,0,0,0,0,0,0,0,35427465,35397275,35710,35681,1646,0,0,0,0,0,0,0,0
1778082074.0432842,g2.hpc.coe,40875,0.5001,0,100.0,2035.0,12288.0,96340955905,96601557877,99198223,99412841,2337467,0,0,0,0,0,0,0,0,0,0,0,0,40994717,40965371,41193,41167,1462,0,0,0,0,0,0,0,0
1778082074.5433707,g2.hpc.coe,40875,0.5001,0,100.0,2035.0,12288.0,96375693324,96636268154,99233178,99447772,2337589,0,0,0,0,0,0,0,0,0,0,0,0,34737419,34710277,34955,34931,122,0,0,0,0,0,0,0,0
1778082075.04346,g2.hpc.coe,40875,0.5001,0,100.0,2035.0,12288.0,96411120758,96671665325,99268872,99483445,2338413,0,0,0,0,0,0,0,0,0,0,0,0,35427434,35397171,35694,35673,824,0,0,0,0,0,0,0,0
1778082075.5435479,g2.hpc.coe,40875,0.5001,0,100.0,2035.0,12288.0,96452115562,96712630745,99310057,99524619,2340561,0,0,0,0,0,0,0,0,0,0,0,0,40994804,40965420,41185,41174,2148,0,0,0,0,0,0,0,0
1778082076.0436323,g2.hpc.coe,40875,0.5001,0,100.0,2035.0,12288.0,96487543140,96748027951,99345758,99560297,2342590,0,0,0,0,0,0,0,0,0,0,0,0,35427578,35397206,35701,35678,2029,0,0,0,0,0,0,0,0
1778082076.5437155,g2.hpc.coe,40875,0.5001,0,100.0,2035.0,12288.0,96522280758,96782738208,99380712,99595223,2344166,0,0,0,0,0,0,0,0,0,0,0,0,34737618,34710257,34954,34926,1576,0,0,0,0,0,0,0,0
1778082077.0438135,g2.hpc.coe,40875,0.5001,0,100.0,2035.0,12288.0,96563966422,96824391019,99422669,99637152,2344184,0,0,0,0,0,0,0,0,0,0,0,0,41685664,41652811,41957,41929,18,0,0,0,0,0,0,0,0
1778082077.5438957,g2.hpc.coe,40875,0.5001,0,100.0,2035.0,12288.0,96598704114,96859101304,99457620,99672082,2344205,0,0,0,0,0,0,0,0,0,0,0,0,34737692,34710285,34951,34930,21,0,0,0,0,0,0,0,0
1778082078.0439775,g2.hpc.coe,40875,0.5001,0,100.0,2035.0,12288.0,96639699186,96900066718,99498807,99713253,2346841,0,0,0,0,0,0,0,0,0,0,0,0,40995072,40965414,41187,41171,2636,0,0,0,0,0,0,0,0
1778082078.5440621,g2.hpc.coe,40875,0.5001,0,100.0,2035.0,12288.0,96675127088,96935463966,99534509,99748928,2347402,0,0,0,0,0,0,0,0,0,0,0,0,35427902,35397248,35702,35675,561,0,0,0,0,0,0,0,0
1778082079.0441487,g2.hpc.coe,40875,0.5001,0,100.0,2035.0,12288.0,96711127946,96972207820,99571378,99786290,2347947,0,0,0,0,0,0,0,0,0,0,0,0,36000858,36743854,36869,37362,545,0,0,0,0,0,0,0,0
1778082079.5442312,g2.hpc.coe,40875,0.5001,0,100.0,2035.0,12288.0,96751550093,97011826587,99611403,99825775,2348535,0,0,0,0,0,0,0,0,0,0,0,0,40422147,39618767,40025,39485,588,0,0,0,0,0,0,0,0
1778082080.0443218,g2.hpc.coe,40875,0.5001,0,100.0,2035.0,12288.0,96786288149,97046536872,99646353,99860705,2348565,0,0,0,0,0,0,0,0,0,0,0,0,34738056,34710285,34950,34930,30,0,0,0,0,0,0,0,0
1778082080.5444033,g2.hpc.coe,40875,0.5001,0,100.0,2035.0,12288.0,96827283495,97087502293,99687545,99901877,2350440,0,0,0,0,0,0,0,0,0,0,0,0,40995346,40965421,41192,41172,1875,0,0,0,0,0,0,0,0
1778082081.0444918,g2.hpc.coe,40875,0.5001,0,100.0,2035.0,12288.0,96862711496,97122899521,99723236,99937556,2350465,0,0,0,0,0,0,0,0,0,0,0,0,35428001,35397228,35691,35679,25,0,0,0,0,0,0,0,0
1778082081.5445735,g2.hpc.coe,40875,0.5001,0,100.0,2035.0,12288.0,96901925505,97162294529,99763174,99977501,2352623,0,0,0,0,0,0,0,0,0,0,0,0,39214009,39395008,39938,39945,2158,0,0,0,0,0,0,0,0
1778082082.0446553,g2.hpc.coe,40875,0.5001,0,100.0,2035.0,12288.0,96939135196,97199262107,99800138,100014398,2352761,0,0,0,0,0,0,0,0,0,0,0,0,37209691,36967578,36964,36897,138,0,0,0,0,0,0,0,0
1778082082.5447466,g2.hpc.coe,40875,0.5001,0,100.0,2035.0,12288.0,96973873423,97233972336,99835095,100049320,2353333,0,0,0,0,0,0,0,0,0,0,0,0,34738227,34710229,34957,34922,572,0,0,0,0,0,0,0,0
1778082083.044834,g2.hpc.coe,40875,0.5001,0,100.0,2035.0,12288.0,97014867976,97274937679,99876288,100090483,2354135,0,0,0,0,0,0,0,0,0,0,0,0,40994553,40965343,41193,41163,802,0,0,0,0,0,0,0,0
1778082083.5449147,g2.hpc.coe,40875,0.5001,0,100.0,2035.0,12288.0,97050295226,97310334822,99911986,100126152,2354151,0,0,0,0,0,0,0,0,0,0,0,0,35427250,35397143,35698,35669,16,0,0,0,0,0,0,0,0
1778082084.044999,g2.hpc.coe,40875,0.5001,0,100.0,2035.0,12288.0,97091138315,97351292371,99953157,100167292,2355717,0,0,0,0,0,0,0,0,0,0,0,0,40843089,40957549,41171,41140,1566,0,0,0,0,0,0,0,0
1778082084.5450833,g2.hpc.coe,40875,0.5001,0,100.0,2035.0,12288.0,97126717283,97386697391,99988879,100202989,2355784,0,0,0,0,0,0,0,0,0,0,0,0,35578968,35405020,35722,35697,67,0,0,0,0,0,0,0,0
1778082085.0451903,g2.hpc.coe,40875,0.5001,0,100.0,2035.0,12288.0,97161454639,97421407675,100023828,100237921,2356081,0,0,0,0,0,0,0,0,0,0,0,0,34737356,34710284,34949,34932,297,0,0,0,0,0,0,0,0
1778082085.5452716,g2.hpc.coe,40875,0.5001,0,100.0,2035.0,12288.0,97202449446,97462373039,100065023,100279087,2358681,0,0,0,0,0,0,0,0,0,0,0,0,40994807,40965364,41195,41166,2600,0,0,0,0,0,0,0,0
1778082086.045358,g2.hpc.coe,40875,0.5001,0,100.0,2035.0,12288.0,97237876985,97497770196,100100728,100314758,2358732,0,0,0,0,0,0,0,0,0,0,0,0,35427539,35397157,35705,35671,51,0,0,0,0,0,0,0,0
1778082086.545443,g2.hpc.coe,40875,0.5001,0,100.0,2035.0,12288.0,97278871909,97538735616,100141926,100355932,2359187,0,0,0,0,0,0,0,0,0,0,0,0,40994924,40965420,41198,41174,455,0,0,0,0,0,0,0,0
1778082087.0455317,g2.hpc.coe,40875,0.5001,0,100.0,2035.0,12288.0,97314299489,97574132865,100177621,100391614,2359209,0,0,0,0,0,0,0,0,0,0,0,0,35427580,35397249,35695,35682,22,0,0,0,0,0,0,0,0
1778082087.5456161,g2.hpc.coe,40875,0.5001,0,100.0,2035.0,12288.0,97349037136,97608843157,100212575,100426545,2359607,0,0,0,0,0,0,0,0,0,0,0,0,34737647,34710292,34954,34931,398,0,0,0,0,0,0,0,0
1778082088.0457046,g2.hpc.coe,40875,0.5001,0,100.0,2035.0,12288.0,97390032219,97649808536,100253773,100467711,2362073,0,0,0,0,0,0,0,0,0,0,0,0,40995083,40965379,41198,41166,2466,0,0,0,0,0,0,0,0
1778082088.5457845,g2.hpc.coe,40875,0.5001,0,100.0,2035.0,12288.0,97425459944,97685205778,100289468,100503392,2362173,0,0,0,0,0,0,0,0,0,0,0,0,35427725,35397242,35695,35681,100,0,0,0,0,0,0,0,0
1778082089.0458694,g2.hpc.coe,40875,0.5001,0,100.0,2035.0,12288.0,97466455159,97726171212,100330662,100544559,2363433,0,0,0,0,0,0,0,0,0,0,0,0,40995215,40965434,41194,41167,1260,0,0,0,0,0,0,0,0
1778082089.5459492,g2.hpc.coe,40875,0.5001,0,100.0,2035.0,12288.0,97501882973,97761568391,100366356,100580231,2363460,0,0,0,0,0,0,0,0,0,0,0,0,35427814,35397179,35694,35672,27,0,0,0,0,0,0,0,0
1778082090.0460355,g2.hpc.coe,40875,0.5001,0,100.0,2035.0,12288.0,97536620812,97796278711,100401303,100615166,2363805,0,0,0,0,0,0,0,0,0,0,0,0,34737839,34710320,34947,34935,345,0,0,0,0,0,0,0,0
1778082090.546122,g2.hpc.coe,40875,0.5001,0,100.0,2035.0,12288.0,97577616095,97837244118,100442495,100656336,2366237,0,0,0,0,0,0,0,0,0,0,0,0,40995283,40965407,41192,41170,2432,0,0,0,0,0,0,0,0
1778082091.0462098,g2.hpc.coe,40875,0.5001,0,100.0,2035.0,12288.0,97613044103,97872641311,100478196,100692010,2366418,0,0,0,0,0,0,0,0,0,0,0,0,35428008,35397193,35701,35674,181,0,0,0,0,0,0,0,0
1778082091.546295,g2.hpc.coe,40875,0.5001,0,100.0,2035.0,12288.0,97654039503,97913606774,100519391,100733188,2368139,0,0,0,0,0,0,0,0,0,0,0,0,40995400,40965463,41195,41178,1721,0,0,0,0,0,0,0,0
1778082092.0463848,g2.hpc.coe,40875,0.5001,0,100.0,2035.0,12288.0,97689468159,97949004428,100555099,100768872,2368158,0,0,0,0,0,0,0,0,0,0,0,0,35428656,35397654,35708,35684,19,0,0,0,0,0,0,0,0
1778082092.5464666,g2.hpc.coe,40875,0.5001,0,100.0,2035.0,12288.0,97724206324,97983714664,100590056,100803795,2369456,0,0,0,0,0,0,0,0,0,0,0,0,34738165,34710236,34957,34923,1298,0,0,0,0,0,0,0,0
1778082093.0465581,g2.hpc.coe,40875,0.5001,0,100.0,2035.0,12288.0,97765201891,98024680022,100631252,100844958,2371206,0,0,0,0,0,0,0,0,0,0,0,0,40995567,40965358,41196,41163,1750,0,0,0,0,0,0,0,0
1778082093.54664,g2.hpc.coe,40875,0.5001,0,100.0,2035.0,12288.0,97800629115,98060077249,100666955,100880639,2371229,0,0,0,0,0,0,0,0,0,0,0,0,35427224,35397227,35703,35681,23,0,0,0,0,0,0,0,0
1778082094.0467234,g2.hpc.coe,40875,0.5001,0,100.0,2035.0,12288.0,97841623787,98101042745,100708151,100921817,2372060,0,0,0,0,0,0,0,0,0,0,0,0,40994672,40965496,41196,41178,831,0,0,0,0,0,0,0,0
1778082094.5468106,g2.hpc.coe,40875,0.5001,0,100.0,2035.0,12288.0,97877051135,98136439930,100743858,100957492,2372084,0,0,0,0,0,0,0,0,0,0,0,0,35427348,35397185,35707,35675,24,0,0,0,0,0,0,0,0
1778082095.0468967,g2.hpc.coe,40875,0.5001,0,100.0,2035.0,12288.0,97911788487,98171150179,100778815,100992419,2374005,0,0,0,0,0,0,0,0,0,0,0,0,34737352,34710249,34957,34927,1921,0,0,0,0,0,0,0,0
1778082095.5469797,g2.hpc.coe,40875,0.5001,0,100.0,2035.0,12288.0,97952783276,98212115529,100820016,101033583,2377300,0,0,0,0,0,0,0,0,0,0,0,0,40994789,40965350,41201,41164,3295,0,0,0,0,0,0,0,0
1778082096.0470672,g2.hpc.coe,40875,0.5001,0,100.0,2035.0,12288.0,97988210671,98247512714,100855709,101069258,2377326,0,0,0,0,0,0,0,0,0,0,0,0,35427395,35397185,35693,35675,26,0,0,0,0,0,0,0,0
1778082096.547149,g2.hpc.coe,40875,0.5001,0,100.0,2035.0,12288.0,98029205472,98288478113,100896898,101110429,2380285,0,0,0,0,0,0,0,0,0,0,0,0,40994801,40965399,41189,41171,2959,0,0,0,0,0,0,0,0
1778082097.047239,g2.hpc.coe,40875,0.5001,0,100.0,2035.0,12288.0,98064633054,98323875228,100932604,101146094,2383482,0,0,0,0,0,0,0,0,0,0,0,0,35427582,35397115,35706,35665,3197,0,0,0,0,0,0,0,0
1778082097.5473254,g2.hpc.coe,40875,0.5001,0,100.0,2035.0,12288.0,98105627966,98364840578,100973795,101187258,2385076,0,0,0,0,0,0,0,0,0,0,0,0,40994912,40965350,41191,41164,1594,0,0,0,0,0,0,0,0
1778082098.047408,g2.hpc.coe,40875,0.5001,0,100.0,2035.0,12288.0,98141055555,98400237715,101009486,101222924,2385097,0,0,0,0,0,0,0,0,0,0,0,0,35427589,35397137,35691,35666,21,0,0,0,0,0,0,0,0
1778082098.5474968,g2.hpc.coe,40875,0.5001,0,100.0,2035.0,12288.0,98175793267,98434948028,101044444,101257858,2385117,0,0,0,0,0,0,0,0,0,0,0,0,34737712,34710313,34958,34934,20,0,0,0,0,0,0,0,0
1778082099.0475829,g2.hpc.coe,40875,0.5001,0,100.0,2035.0,12288.0,98216788457,98475913462,101085643,101299025,2388038,0,0,0,0,0,0,0,0,0,0,0,0,40995190,40965434,41199,41167,2921,0,0,0,0,0,0,0,0
1778082099.5476642,g2.hpc.coe,40875,0.5001,0,100.0,2035.0,12288.0,98252216218,98511310641,101121338,101334697,2388702,0,0,0,0,0,0,0,0,0,0,0,0,35427761,35397179,35695,35672,664,0,0,0,0,0,0,0,0
1778082100.0477452,g2.hpc.coe,40875,0.5001,0,100.0,2035.0,12288.0,98291342826,98550745552,101161156,101374588,2389471,0,0,0,0,0,0,0,0,0,0,0,0,39126608,39434911,39818,39891,769,0,0,0,0,0,0,0,0
1778082100.5478277,g2.hpc.coe,40875,0.5001,0,100.0,2035.0,12288.0,98328639265,98587673255,101198227,101411543,2389990,0,0,0,0,0,0,0,0,0,0,0,0,37296439,36927703,37071,36955,519,0,0,0,0,0,0,0,0
1778082101.047913,g2.hpc.coe,40875,0.5001,0,100.0,2035.0,12288.0,98363377218,98622383554,101233185,101446475,2390008,0,0,0,0,0,0,0,0,0,0,0,0,34737953,34710299,34958,34932,18,0,0,0,0,0,0,0,0
1778082101.5479958,g2.hpc.coe,40875,0.5001,0,100.0,2035.0,12288.0,98404372586,98663348961,101274384,101487645,2391525,0,0,0,0,0,0,0,0,0,0,0,0,40995368,40965407,41199,41170,1517,0,0,0,0,0,0,0,0
1778082102.0480838,g2.hpc.coe,40875,0.5001,0,100.0,2035.0,12288.0,98439800651,98698746112,101310088,101523313,2391548,0,0,0,0,0,0,0,0,0,0,0,0,35428065,35397151,35704,35668,23,0,0,0,0,0,0,0,0
1778082102.5481713,g2.hpc.coe,40875,0.5001,0,100.0,2035.0,12288.0,98480796101,98739711533,101351285,101564485,2391982,0,0,0,0,0,0,0,0,0,0,0,0,40995450,40965421,41197,41172,434,0,0,0,0,0,0,0,0
1778082103.0482612,g2.hpc.coe,40875,0.5001,0,100.0,2035.0,12288.0,98516224257,98775108747,101386986,101600162,2391998,0,0,0,0,0,0,0,0,0,0,0,0,35428156,35397214,35701,35677,16,0,0,0,0,0,0,0,0
1778082103.5483463,g2.hpc.coe,40875,0.5001,0,100.0,2035.0,12288.0,98550962431,98809819032,101421939,101635092,2392766,0,0,0,0,0,0,0,0,0,0,0,0,34738174,34710285,34953,34930,768,0,0,0,0,0,0,0,0
1778082104.048428,g2.hpc.coe,40875,0.5001,0,100.0,2035.0,12288.0,98591957035,98850784521,101463136,101676269,2394237,0,0,0,0,0,0,0,0,0,0,0,0,40994604,40965489,41197,41177,1471,0,0,0,0,0,0,0,0
1778082104.5485086,g2.hpc.coe,40875,0.5001,0,100.0,2035.0,12288.0,98627384331,98886181762,101498842,101711952,2395105,0,0,0,0,0,0,0,0,0,0,0,0,35427296,35397241,35706,35683,868,0,0,0,0,0,0,0,0
1778082105.0485928,g2.hpc.coe,40875,0.5001,0,100.0,2035.0,12288.0,98668379025,98927147147,101540045,101753121,2397805,0,0,0,0,0,0,0,0,0,0,0,0,40994694,40965385,41203,41169,2700,0,0,0,0,0,0,0,0
1778082105.548675,g2.hpc.coe,40875,0.5001,0,100.0,2035.0,12288.0,98703806354,98962544318,101575744,101788794,2397830,0,0,0,0,0,0,0,0,0,0,0,0,35427329,35397171,35699,35673,25,0,0,0,0,0,0,0,0
1778082106.0487623,g2.hpc.coe,40875,0.5001,0,100.0,2035.0,12288.0,98738543722,98997254567,101610698,101823721,2400132,0,0,0,0,0,0,0,0,0,0,0,0,34737368,34710249,34954,34927,2302,0,0,0,0,0,0,0,0
1778082106.5488474,g2.hpc.coe,40875,0.5001,0,100.0,2035.0,12288.0,98779538526,99038219973,101651896,101864893,2402417,0,0,0,0,0,0,0,0,0,0,0,0,40994804,40965406,41198,41172,2285,0,0,0,0,0,0,0,0
1778082107.0489352,g2.hpc.coe,40875,0.5001,0,100.0,2035.0,12288.0,98814966587,99073617549,101687607,101900568,2402448,0,0,0,0,0,0,0,0,0,0,0,0,35428061,35397576,35711,35675,31,0,0,0,0,0,0,0,0
1778082107.549018,g2.hpc.coe,40875,0.5001,0,100.0,2035.0,12288.0,98855961474,99114582941,101728803,101941738,2404312,0,0,0,0,0,0,0,0,0,0,0,0,40994887,40965392,41196,41170,1864,0,0,0,0,0,0,0,0
1778082108.0491061,g2.hpc.coe,40875,0.5001,0,100.0,2035.0,12288.0,98891388953,99149980063,101764489,101977404,2404333,0,0,0,0,0,0,0,0,0,0,0,0,35427479,35397122,35686,35666,21,0,0,0,0,0,0,0,0
1778082108.5491912,g2.hpc.coe,40875,0.5001,0,100.0,2035.0,12288.0,98926126521,99184690404,101799435,102012342,2404497,0,0,0,0,0,0,0,0,0,0,0,0,34737568,34710341,34946,34938,164,0,0,0,0,0,0,0,0
1778082109.049276,g2.hpc.coe,40875,0.5001,0,100.0,2035.0,12288.0,98967121831,99225656101,101840637,102053522,2407293,0,0,0,0,0,0,0,0,0,0,0,0,40995310,40965697,41202,41180,2796,0,0,0,0,0,0,0,0
1778082109.5493567,g2.hpc.coe,40875,0.5001,0,100.0,2035.0,12288.0,99002549624,99261053300,101876334,102089190,2407586,0,0,0,0,0,0,0,0,0,0,0,0,35427793,35397199,35697,35668,293,0,0,0,0,0,0,0,0
1778082110.0494401,g2.hpc.coe,40875,0.5001,0,100.0,2035.0,12288.0,99043544676,99302018686,101917517,102130357,2409435,0,0,0,0,0,0,0,0,0,0,0,0,40995052,40965386,41183,41167,1849,0,0,0,0,0,0,0,0
1778082110.5495267,g2.hpc.coe,40875,0.5001,0,100.0,2035.0,12288.0,99078972481,99337415886,101953213,102166032,2409457,0,0,0,0,0,0,0,0,0,0,0,0,35427805,35397200,35696,35675,22,0,0,0,0,0,0,0,0
1778082111.049615,g2.hpc.coe,40875,0.5001,0,100.0,2035.0,12288.0,99113710381,99372126171,101988172,102200962,2411071,0,0,0,0,0,0,0,0,0,0,0,0,34737900,34710285,34959,34930,1614,0,0,0,0,0,0,0,0
1778082111.5497003,g2.hpc.coe,40875,0.5001,0,100.0,2035.0,12288.0,99154705612,99413091592,102029360,102242134,2413621,0,0,0,0,0,0,0,0,0,0,0,0,40995231,40965421,41188,41172,2550,0,0,0,0,0,0,0,0
1778082112.049789,g2.hpc.coe,40875,0.5001,0,100.0,2035.0,12288.0,99190133464,99448488771,102065042,102277806,2416404,0,0,0,0,0,0,0,0,0,0,0,0,35427852,35397179,35682,35672,2783,0,0,0,0,0,0,0,0
1778082112.5498707,g2.hpc.coe,40875,0.5001,0,100.0,2035.0,12288.0,99231128813,99489454255,102106233,102318987,2419311,0,0,0,0,0,0,0,0,0,0,0,0,40995349,40965484,41191,41181,2907,0,0,0,0,0,0,0,0
1778082113.049958,g2.hpc.coe,40875,0.5001,0,100.0,2035.0,12288.0,99266556881,99524851441,102141932,102354660,2419330,0,0,0,0,0,0,0,0,0,0,0,0,35428068,35397186,35699,35673,19,0,0,0,0,0,0,0,0
1778082113.5500467,g2.hpc.coe,40875,0.5001,0,100.0,2035.0,12288.0,99301294960,99559561670,102177044,102389720,2419352,0,0,0,0,0,0,0,0,0,0,0,0,34738079,34710229,35112,35060,22,0,0,0,0,0,0,0,0
1778082114.0501297,g2.hpc.coe,40875,0.5001,0,100.0,2035.0,12288.0,99342290482,99600527105,102218073,102430756,2420128,0,0,0,0,0,0,0,0,0,0,0,0,40995522,40965435,41029,41036,776,0,0,0,0,0,0,0,0
1778082114.5502164,g2.hpc.coe,40875,0.5001,0,100.0,2035.0,12288.0,99377717704,99635924338,102253770,102466431,2420153,0,0,0,0,0,0,0,0,0,0,0,0,35427222,35397233,35697,35675,25,0,0,0,0,0,0,0,0
1778082115.0503027,g2.hpc.coe,40875,0.5001,0,100.0,2035.0,12288.0,99418712248,99676889730,102294960,102507601,2422674,0,0,0,0,0,0,0,0,0,0,0,0,40994544,40965392,41190,41170,2521,0,0,0,0,0,0,0,0
1778082115.550387,g2.hpc.coe,40875,0.5001,0,100.0,2035.0,12288.0,99454139517,99712286908,102330659,102543275,2422783,0,0,0,0,0,0,0,0,0,0,0,0,35427269,35397178,35699,35674,109,0,0,0,0,0,0,0,0
1778082116.0504668,g2.hpc.coe,40875,0.5001,0,100.0,2035.0,12288.0,99488876755,99747435882,102365941,102578914,2423218,0,0,0,0,0,0,0,0,0,0,0,0,34737238,35148974,35282,35639,435,0,0,0,0,0,0,0,0
1778082116.5505486,g2.hpc.coe,40875,0.5001,0,100.0,2035.0,12288.0,99529957986,99788076321,102407015,102619667,2423628,0,0,0,0,0,0,0,0,0,0,0,0,41081231,40640439,41074,40753,410,0,0,0,0,0,0,0,0
1778082117.0506332,g2.hpc.coe,40875,0.5001,0,100.0,2035.0,12288.0,99565298829,99823359573,102442488,102655024,2423655,0,0,0,0,0,0,0,0,0,0,0,0,35340843,35283252,35473,35357,27,0,0,0,0,0,0,0,0
1778082117.5507128,g2.hpc.coe,40875,0.5001,0,100.0,2035.0,12288.0,99606293642,99864324937,102483682,102696190,2425424,0,0,0,0,0,0,0,0,0,0,0,0,40994813,40965364,41194,41166,1769,0,0,0,0,0,0,0,0
1778082118.0507998,g2.hpc.coe,40875,0.5001,0,100.0,2035.0,12288.0,99641721103,99899722122,102519374,102731865,2425481,0,0,0,0,0,0,0,0,0,0,0,0,35427461,35397185,35692,35675,57,0,0,0,0,0,0,0,0
1778082118.550885,g2.hpc.coe,40875,0.5001,0,100.0,2035.0,12288.0,99681836528,99940149308,102560184,102772890,2426965,0,0,0,0,0,0,0,0,0,0,0,0,40115425,40427186,40810,41025,1484,0,0,0,0,0,0,0,0
1778082119.0509737,g2.hpc.coe,40875,0.5001,0,100.0,2035.0,12288.0,99718143696,99976084707,102596276,102808709,2426987,0,0,0,0,0,0,0,0,0,0,0,0,36307168,35935399,36092,35819,22,0,0,0,0,0,0,0,0
1778082119.551062,g2.hpc.coe,40875,0.5001,0,100.0,2035.0,12288.0,99752881433,100010795033,102631232,102843638,2427034,0,0,0,0,0,0,0,0,0,0,0,0,34737737,34710326,34956,34929,47,0,0,0,0,0,0,0,0
1778082120.0511656,g2.hpc.coe,40875,0.5001,0,100.0,2035.0,12288.0,99793876480,100051760384,102672423,102884800,2430837,0,0,0,0,0,0,0,0,0,0,0,0,40995047,40965351,41191,41162,3803,0,0,0,0,0,0,0,0
1778082120.5512464,g2.hpc.coe,40875,0.5001,0,100.0,2035.0,12288.0,99829304218,100087157640,102708118,102920483,2430857,0,0,0,0,0,0,0,0,0,0,0,0,35427738,35397256,35695,35683,20,0,0,0,0,0,0,0,0
1778082121.051333,g2.hpc.coe,40875,0.5001,0,100.0,2035.0,12288.0,99870291632,100128115342,102749307,102961631,2435486,0,0,0,0,0,0,0,0,0,0,0,0,40987414,40957702,41189,41148,4629,0,0,0,0,0,0,0,0
1778082121.5514133,g2.hpc.coe,40875,0.5001,0,100.0,2035.0,12288.0,99905727358,100163520289,102785027,102997334,2435514,0,0,0,0,0,0,0,0,0,0,0,0,35435726,35404947,35720,35703,28,0,0,0,0,0,0,0,0
1778082122.051501,g2.hpc.coe,40875,0.5001,0,100.0,2035.0,12288.0,99940465882,100198231028,102819998,103032273,2436487,0,0,0,0,0,0,0,0,0,0,0,0,34738524,34710739,34971,34939,973,0,0,0,0,0,0,0,0
1778082122.5515888,g2.hpc.coe,40875,0.5001,0,100.0,2035.0,12288.0,99981461199,100239196379,102861193,103073435,2438356,0,0,0,0,0,0,0,0,0,0,0,0,40995317,40965351,41195,41162,1869,0,0,0,0,0,0,0,0
1778082123.0516763,g2.hpc.coe,40875,0.5001,0,100.0,2035.0,12288.0,100016889172,100274593614,102896887,103109115,2438531,0,0,0,0,0,0,0,0,0,0,0,0,35427973,35397235,35694,35680,175,0,0,0,0,0,0,0,0
1778082123.5517638,g2.hpc.coe,40875,0.5001,0,100.0,2035.0,12288.0,100057884615,100315559035,102938086,103150287,2439104,0,0,0,0,0,0,0,0,0,0,0,0,40995443,40965421,41199,41172,573,0,0,0,0,0,0,0,0
1778082124.0518508,g2.hpc.coe,40875,0.5001,0,100.0,2035.0,12288.0,100093312771,100350956235,102973790,103185962,2439125,0,0,0,0,0,0,0,0,0,0,0,0,35428156,35397200,35704,35675,21,0,0,0,0,0,0,0,0
1778082124.5519347,g2.hpc.coe,40875,0.5001,0,100.0,2035.0,12288.0,100128050993,100385666589,103008746,103220895,2440084,0,0,0,0,0,0,0,0,0,0,0,0,34738222,34710354,34956,34933,959,0,0,0,0,0,0,0,0
1778082125.052024,g2.hpc.coe,40875,0.5001,0,100.0,2035.0,12288.0,100169046521,100426631982,103049932,103262063,2442120,0,0,0,0,0,0,0,0,0,0,0,0,40995528,40965393,41186,41168,2036,0,0,0,0,0,0,0,0
1778082125.5521061,g2.hpc.coe,40875,0.5001,0,100.0,2035.0,12288.0,100204473727,100462029139,103085630,103297734,2442161,0,0,0,0,0,0,0,0,0,0,0,0,35427206,35397157,35698,35671,41,0,0,0,0,0,0,0,0
1778082126.0521874,g2.hpc.coe,40875,0.5001,0,100.0,2035.0,12288.0,100245468255,100502994489,103126812,103338898,2444465,0,0,0,0,0,0,0,0,0,0,0,0,40994528,40965350,41182,41164,2304,0,0,0,0,0,0,0,0
1778082126.5522716,g2.hpc.coe,40875,0.5001,0,100.0,2035.0,12288.0,100280895530,100538391702,103162506,103374577,2444558,0,0,0,0,0,0,0,0,0,0,0,0,35427275,35397213,35694,35679,93,0,0,0,0,0,0,0,0
1778082127.052359,g2.hpc.coe,40875,0.5001,0,100.0,2035.0,12288.0,100315632810,100573101972,103197450,103409507,2449616,0,0,0,0,0,0,0,0,0,0,0,0,34737280,34710270,34944,34930,5058,0,0,0,0,0,0,0,0
1778082127.552439,g2.hpc.coe,40875,0.5001,0,100.0,2035.0,12288.0,100356627540,100614067280,103238640,103450665,2450514,0,0,0,0,0,0,0,0,0,0,0,0,40994730,40965308,41190,41158,898,0,0,0,0,0,0,0,0
1778082128.0525265,g2.hpc.coe,40875,0.5001,0,100.0,2035.0,12288.0,100392054982,100649464486,103274337,103486343,2450543,0,0,0,0,0,0,0,0,0,0,0,0,35427442,35397206,35697,35678,29,0,0,0,0,0,0,0,0
1778082128.5526066,g2.hpc.coe,40875,0.5001,0,100.0,2035.0,12288.0,100433049830,100690429864,103315530,103527511,2455190,0,0,0,0,0,0,0,0,0,0,0,0,40994848,40965378,41193,41168,4647,0,0,0,0,0,0,0,0
1778082129.0526943,g2.hpc.coe,40875,0.5001,0,100.0,2035.0,12288.0,100468477425,100725827035,103351235,103563184,2455229,0,0,0,0,0,0,0,0,0,0,0,0,35427595,35397171,35705,35673,39,0,0,0,0,0,0,0,0
1778082129.5527742,g2.hpc.coe,40875,0.5001,0,100.0,2035.0,12288.0,100503215012,100760537306,103386186,103598112,2455589,0,0,0,0,0,0,0,0,0,0,0,0,34737587,34710271,34951,34928,360,0,0,0,0,0,0,0,0
1778082130.0528655,g2.hpc.coe,40875,0.5001,0,100.0,2035.0,12288.0,100544210169,100801502782,103427391,103639285,2455618,0,0,0,0,0,0,0,0,0,0,0,0,40995157,40965476,41205,41173,29,0,0,0,0,0,0,0,0
1778082130.5529518,g2.hpc.coe,40875,0.5001,0,100.0,2035.0,12288.0,100579637883,100836899989,103463090,103674961,2455637,0,0,0,0,0,0,0,0,0,0,0,0,35427714,35397207,35699,35676,19,0,0,0,0,0,0,0,0
1778082131.0530393,g2.hpc.coe,40875,0.5001,0,100.0,2035.0,12288.0,100620632976,100877865452,103504281,103716139,2456288,0,0,0,0,0,0,0,0,0,0,0,0,40995093,40965463,41191,41178,651,0,0,0,0,0,0,0,0
1778082131.5531194,g2.hpc.coe,40875,0.5001,0,100.0,2035.0,12288.0,100656060815,100913262687,103539984,103751819,2456308,0,0,0,0,0,0,0,0,0,0,0,0,35427839,35397235,35703,35680,20,0,0,0,0,0,0,0,0
1778082132.053219,g2.hpc.coe,40875,0.5001,0,100.0,2035.0,12288.0,100690798701,100947973028,103574943,103786885,2457906,0,0,0,0,0,0,0,0,0,0,0,0,34737886,34710341,34959,35066,1598,0,0,0,0,0,0,0,0
1778082132.5533025,g2.hpc.coe,40875,0.5001,0,100.0,2035.0,12288.0,100731793933,100988938484,103616133,103827934,2458128,0,0,0,0,0,0,0,0,0,0,0,0,40995232,40965456,41190,41049,222,0,0,0,0,0,0,0,0
1778082133.0533895,g2.hpc.coe,40875,0.5001,0,100.0,2035.0,12288.0,100767221869,101024335740,103651829,103863617,2458145,0,0,0,0,0,0,0,0,0,0,0,0,35427936,35397256,35696,35683,17,0,0,0,0,0,0,0,0
1778082133.5534701,g2.hpc.coe,40875,0.5001,0,100.0,2035.0,12288.0,100808217254,101065301084,103693027,103904778,2460762,0,0,0,0,0,0,0,0,0,0,0,0,40995385,40965344,41198,41161,2617,0,0,0,0,0,0,0,0
1778082134.053557,g2.hpc.coe,40875,0.5001,0,100.0,2035.0,12288.0,100843645239,101100698256,103728716,103940449,2460784,0,0,0,0,0,0,0,0,0,0,0,0,35427985,35397172,35689,35671,22,0,0,0,0,0,0,0,0
1778082134.5536427,g2.hpc.coe,40875,0.5001,0,100.0,2035.0,12288.0,100881458613,101139396901,103767325,103979539,2460969,0,0,0,0,0,0,0,0,0,0,0,0,37813374,38698645,38609,39090,185,0,0,0,0,0,0,0,0
1778082135.0537293,g2.hpc.coe,40875,0.5001,0,100.0,2035.0,12288.0,100920068973,101177060862,103805614,104017287,2461170,0,0,0,0,0,0,0,0,0,0,0,0,38610360,37663961,38289,37748,201,0,0,0,0,0,0,0,0
1778082135.5538106,g2.hpc.coe,40875,0.5001,0,100.0,2035.0,12288.0,100954807145,101211771182,103840563,104052222,2461848,0,0,0,0,0,0,0,0,0,0,0,0,34738172,34710320,34949,34935,678,0,0,0,0,0,0,0,0
1778082136.053894,g2.hpc.coe,40875,0.5001,0,100.0,2035.0,12288.0,100995801741,101252736553,103881762,104093389,2465193,0,0,0,0,0,0,0,0,0,0,0,0,40994596,40965371,41199,41167,3345,0,0,0,0,0,0,0,0
1778082136.5539758,g2.hpc.coe,40875,0.5001,0,100.0,2035.0,12288.0,101031229007,101288133689,103917462,104129057,2465544,0,0,0,0,0,0,0,0,0,0,0,0,35427266,35397136,35700,35668,351,0,0,0,0,0,0,0,0
1778082137.054041,g2.hpc.coe,40875,0.5001,0,100.0,2035.0,12288.0,101072224253,101329099605,103958668,104170246,2466226,0,0,0,0,0,0,0,0,0,0,0,0,40995246,40965916,41206,41189,682,0,0,0,0,0,0,0,0
1778082137.5541232,g2.hpc.coe,40875,0.5001,0,100.0,2035.0,12288.0,101107651623,101364496790,103994369,104205921,2466599,0,0,0,0,0,0,0,0,0,0,0,0,35427370,35397185,35701,35675,373,0,0,0,0,0,0,0,0
1778082138.0542085,g2.hpc.coe,40875,0.5001,0,100.0,2035.0,12288.0,101142389012,101399207039,104029322,104240848,2466709,0,0,0,0,0,0,0,0,0,0,0,0,34737389,34710249,34953,34927,110,0,0,0,0,0,0,0,0
1778082138.554293,g2.hpc.coe,40875,0.5001,0,100.0,2035.0,12288.0,101183383775,101440172438,104070510,104282019,2469131,0,0,0,0,0,0,0,0,0,0,0,0,40994763,40965399,41188,41171,2422,0,0,0,0,0,0,0,0
1778082139.0543773,g2.hpc.coe,40875,0.5001,0,100.0,2035.0,12288.0,101218811334,101475569651,104106217,104317698,2469153,0,0,0,0,0,0,0,0,0,0,0,0,35427559,35397213,35707,35679,22,0,0,0,0,0,0,0,0
1778082139.554458,g2.hpc.coe,40875,0.5001,0,100.0,2035.0,12288.0,101259806264,101516535036,104147415,104358867,2470097,0,0,0,0,0,0,0,0,0,0,0,0,40994930,40965385,41198,41169,944,0,0,0,0,0,0,0,0
1778082140.0545416,g2.hpc.coe,40875,0.5001,0,100.0,2035.0,12288.0,101295233970,101551932333,104183118,104394549,2470328,0,0,0,0,0,0,0,0,0,0,0,0,35427706,35397297,35703,35682,231,0,0,0,0,0,0,0,0
1778082140.5546222,g2.hpc.coe,40875,0.5001,0,100.0,2035.0,12288.0,101336228963,101592897726,104224309,104435717,2471264,0,0,0,0,0,0,0,0,0,0,0,0,40994993,40965393,41191,41168,936,0,0,0,0,0,0,0,0
1778082141.054709,g2.hpc.coe,40875,0.5001,0,100.0,2035.0,12288.0,101370966645,101627608011,104259260,104470647,2471286,0,0,0,0,0,0,0,0,0,0,0,0,34737682,34710285,34951,34930,22,0,0,0,0,0,0,0,0
1778082141.5547993,g2.hpc.coe,40875,0.5001,0,100.0,2035.0,12288.0,101406394433,101663005204,104294963,104506321,2471653,0,0,0,0,0,0,0,0,0,0,0,0,35427788,35397193,35703,35674,367,0,0,0,0,0,0,0,0
1778082142.0548823,g2.hpc.coe,40875,0.5001,0,100.0,2035.0,12288.0,101447389649,101703970597,104336165,104547489,2473611,0,0,0,0,0,0,0,0,0,0,0,0,40995216,40965393,41202,41168,1958,0,0,0,0,0,0,0,0
1778082142.5549664,g2.hpc.coe,40875,0.5001,0,100.0,2035.0,12288.0,101482817570,101739367832,104371873,104583169,2473640,0,0,0,0,0,0,0,0,0,0,0,0,35427921,35397235,35708,35680,29,0,0,0,0,0,0,0,0
1778082143.0550518,g2.hpc.coe,40875,0.5001,0,100.0,2035.0,12288.0,101517555440,101774078103,104406823,104618097,2474429,0,0,0,0,0,0,0,0,0,0,0,0,34737870,34710271,34950,34928,789,0,0,0,0,0,0,0,0
1778082143.5551383,g2.hpc.coe,40875,0.5001,0,100.0,2035.0,12288.0,101558550802,101815043538,104448025,104659271,2475117,0,0,0,0,0,0,0,0,0,0,0,0,40995362,40965435,41202,41174,688,0,0,0,0,0,0,0,0
1778082144.0552258,g2.hpc.coe,40875,0.5001,0,100.0,2035.0,12288.0,101593978806,101850440808,104483724,104694956,2475387,0,0,0,0,0,0,0,0,0,0,0,0,35428004,35397270,35699,35685,270,0,0,0,0,0,0,0,0
1778082144.5553071,g2.hpc.coe,40875,0.5001,0,100.0,2035.0,12288.0,101634974210,101891406257,104524918,104736132,2476594,0,0,0,0,0,0,0,0,0,0,0,0,40995404,40965449,41194,41176,1207,0,0,0,0,0,0,0,0
1778082145.0553925,g2.hpc.coe,40875,0.5001,0,100.0,2035.0,12288.0,101670402418,101926803463,104560621,104771801,2476621,0,0,0,0,0,0,0,0,0,0,0,0,35428208,35397206,35703,35669,27,0,0,0,0,0,0,0,0
1778082145.555485,g2.hpc.coe,40875,0.5001,0,100.0,2035.0,12288.0,101705140623,101961513706,104595582,104806725,2476710,0,0,0,0,0,0,0,0,0,0,0,0,34738205,34710243,34961,34924,89,0,0,0,0,0,0,0,0
1778082146.0555723,g2.hpc.coe,40875,0.5001,0,100.0,2035.0,12288.0,101746136265,102002479155,104636787,104847901,2476729,0,0,0,0,0,0,0,0,0,0,0,0,40995642,40965449,41205,41176,19,0,0,0,0,0,0,0,0
1778082146.555656,g2.hpc.coe,40875,0.5001,0,100.0,2035.0,12288.0,101781563466,102037876326,104672485,104883574,2477684,0,0,0,0,0,0,0,0,0,0,0,0,35427201,35397171,35698,35673,955,0,0,0,0,0,0,0,0
1778082147.0557454,g2.hpc.coe,40875,0.5001,0,100.0,2035.0,12288.0,101822558074,102078841690,104713679,104924740,2479227,0,0,0,0,0,0,0,0,0,0,0,0,40994608,40965364,41194,41166,1543,0,0,0,0,0,0,0,0
1778082147.5558286,g2.hpc.coe,40875,0.5001,0,100.0,2035.0,12288.0,101857985352,102114238763,104749374,104960399,2479251,0,0,0,0,0,0,0,0,0,0,0,0,35427278,35397073,35695,35659,24,0,0,0,0,0,0,0,0
1778082148.0559165,g2.hpc.coe,40875,0.5001,0,100.0,2035.0,12288.0,101892722648,102148949026,104784321,104995328,2479272,0,0,0,0,0,0,0,0,0,0,0,0,34737296,34710263,34947,34929,21,0,0,0,0,0,0,0,0
1778082148.5559976,g2.hpc.coe,40875,0.5001,0,100.0,2035.0,12288.0,101933717388,102189914376,104825513,105036492,2479304,0,0,0,0,0,0,0,0,0,0,0,0,40994740,40965350,41192,41164,32,0,0,0,0,0,0,0,0
1778082149.0560863,g2.hpc.coe,40875,0.5001,0,100.0,2035.0,12288.0,101969144818,102225311568,104861209,105072168,2479335,0,0,0,0,0,0,0,0,0,0,0,0,35427430,35397192,35696,35676,31,0,0,0,0,0,0,0,0
1778082149.556168,g2.hpc.coe,40875,0.5001,0,100.0,2035.0,12288.0,102010139655,102266276939,104902401,105113335,2479365,0,0,0,0,0,0,0,0,0,0,0,0,40994837,40965371,41192,41167,30,0,0,0,0,0,0,0,0
1778082150.056271,g2.hpc.coe,40875,0.5001,0,100.0,2035.0,12288.0,102045567238,102301674117,104938105,105149009,2480867,0,0,0,0,0,0,0,0,0,0,0,0,35427583,35397178,35704,35674,1502,0,0,0,0,0,0,0,0
1778082150.5563586,g2.hpc.coe,40875,0.5001,0,100.0,2035.0,12288.0,102080304855,102336384485,104973052,105183944,2480992,0,0,0,0,0,0,0,0,0,0,0,0,34737617,34710368,34947,34935,125,0,0,0,0,0,0,0,0
1778082151.0564466,g2.hpc.coe,40875,0.5001,0,100.0,2035.0,12288.0,102121917443,102378036835,105014990,105225863,2484434,0,0,0,0,0,0,0,0,0,0,0,0,41612588,41652350,41938,41919,3442,0,0,0,0,0,0,0,0
1778082151.5565307,g2.hpc.coe,40875,0.5001,0,100.0,2035.0,12288.0,102156727575,102412747092,105049945,105260789,2484460,0,0,0,0,0,0,0,0,0,0,0,0,34810132,34710257,34955,34926,26,0,0,0,0,0,0,0,0
1778082152.056618,g2.hpc.coe,40875,0.5001,0,100.0,2035.0,12288.0,102197723257,102453712995,105091149,105301974,2487458,0,0,0,0,0,0,0,0,0,0,0,0,40995682,40965903,41204,41185,2998,0,0,0,0,0,0,0,0
1778082152.556702,g2.hpc.coe,40875,0.5001,0,100.0,2035.0,12288.0,102233151092,102489110209,105126852,105337651,2487480,0,0,0,0,0,0,0,0,0,0,0,0,35427835,35397214,35703,35677,22,0,0,0,0,0,0,0,0
1778082153.0567906,g2.hpc.coe,40875,0.5001,0,100.0,2035.0,12288.0,102271798608,102528040321,105166230,105376955,2489540,0,0,0,0,0,0,0,0,0,0,0,0,38647516,38930112,39378,39304,2060,0,0,0,0,0,0,0,0
1778082153.5568762,g2.hpc.coe,40875,0.5001,0,100.0,2035.0,12288.0,102309573903,102565472830,105203740,105414498,2489604,0,0,0,0,0,0,0,0,0,0,0,0,37775295,37432509,37510,37543,64,0,0,0,0,0,0,0,0
1778082154.0569656,g2.hpc.coe,40875,0.5001,0,100.0,2035.0,12288.0,102344312096,102600183080,105238692,105449423,2489625,0,0,0,0,0,0,0,0,0,0,0,0,34738193,34710250,34952,34925,21,0,0,0,0,0,0,0,0
1778082154.5570552,g2.hpc.coe,40875,0.5001,0,100.0,2035.0,12288.0,102385307413,102641148522,105279881,105490598,2491231,0,0,0,0,0,0,0,0,0,0,0,0,40995317,40965442,41189,41175,1606,0,0,0,0,0,0,0,0
1778082155.0571418,g2.hpc.coe,40875,0.5001,0,100.0,2035.0,12288.0,102420735442,102676545750,105315577,105526277,2491259,0,0,0,0,0,0,0,0,0,0,0,0,35428029,35397228,35696,35679,28,0,0,0,0,0,0,0,0
1778082155.557227,g2.hpc.coe,40875,0.5001,0,100.0,2035.0,12288.0,102458111042,102714800293,105353695,105565086,2493194,0,0,0,0,0,0,0,0,0,0,0,0,37375600,38254543,38118,38809,1935,0,0,0,0,0,0,0,0
1778082156.0573077,g2.hpc.coe,40875,0.5001,0,100.0,2035.0,12288.0,102497159165,102752908405,105392477,105603122,2493226,0,0,0,0,0,0,0,0,0,0,0,0,39048123,38108112,38782,38036,32,0,0,0,0,0,0,0,0
1778082156.5573893,g2.hpc.coe,40875,0.5001,0,100.0,2035.0,12288.0,102531897297,102787618725,105427421,105638057,2493786,0,0,0,0,0,0,0,0,0,0,0,0,34738132,34710320,34944,34935,560,0,0,0,0,0,0,0,0
1778082157.0574756,g2.hpc.coe,40875,0.5001,0,100.0,2035.0,12288.0,102572891853,102828584103,105468615,105679225,2498048,0,0,0,0,0,0,0,0,0,0,0,0,40994556,40965378,41194,41168,4262,0,0,0,0,0,0,0,0
1778082157.5575573,g2.hpc.coe,40875,0.5001,0,100.0,2035.0,12288.0,102608319212,102863981316,105504329,105714904,2498079,0,0,0,0,0,0,0,0,0,0,0,0,35427359,35397213,35714,35679,31,0,0,0,0,0,0,0,0
1778082158.0576432,g2.hpc.coe,40875,0.5001,0,100.0,2035.0,12288.0,102649313887,102904946722,105545526,105756076,2498122,0,0,0,0,0,0,0,0,0,0,0,0,40994675,40965406,41197,41172,43,0,0,0,0,0,0,0,0
1778082158.5577319,g2.hpc.coe,40875,0.5001,0,100.0,2035.0,12288.0,102684741175,102940343893,105581216,105791749,2498299,0,0,0,0,0,0,0,0,0,0,0,0,35427288,35397171,35690,35673,177,0,0,0,0,0,0,0,0
1778082159.0578287,g2.hpc.coe,40875,0.5001,0,100.0,2035.0,12288.0,102719478580,102975054142,105616172,105826676,2498318,0,0,0,0,0,0,0,0,0,0,0,0,34737405,34710249,34956,34927,19,0,0,0,0,0,0,0,0
1778082159.5578966,g2.hpc.coe,40875,0.5001,0,100.0,2035.0,12288.0,102760473366,103016019555,105657364,105867849,2500979,0,0,0,0,0,0,0,0,0,0,0,0,40994786,40965413,41192,41173,2661,0,0,0,0,0,0,0,0
1778082160.057981,g2.hpc.coe,40875,0.5001,0,100.0,2035.0,12288.0,102795900787,103051416782,105693052,105903530,2502195,0,0,0,0,0,0,0,0,0,0,0,0,35427421,35397227,35688,35681,1216,0,0,0,0,0,0,0,0
1778082160.558038,g2.hpc.coe,40875,0.5001,0,100.0,2035.0,12288.0,102836887993,103092382180,105734240,105944694,2504099,0,0,0,0,0,0,0,0,0,0,0,0,40987206,40965398,41188,41164,1904,0,0,0,0,0,0,0,0
1778082161.058125,g2.hpc.coe,40875,0.5001,0,100.0,2035.0,12288.0,102872323280,103127779345,105769934,105980364,2504912,0,0,0,0,0,0,0,0,0,0,0,0,35435287,35397165,35694,35670,813,0,0,0,0,0,0,0,0
1778082161.558212,g2.hpc.coe,40875,0.5001,0,100.0,2035.0,12288.0,102907060923,103162489630,105804887,106015294,2507273,0,0,0,0,0,0,0,0,0,0,0,0,34737643,34710285,34953,34930,2361,0,0,0,0,0,0,0,0
1778082162.058296,g2.hpc.coe,40875,0.5001,0,100.0,2035.0,12288.0,102948056009,103203455051,105846085,106056466,2512267,0,0,0,0,0,0,0,0,0,0,0,0,40995086,40965421,41198,41172,4994,0,0,0,0,0,0,0,0
1778082162.5583808,g2.hpc.coe,40875,0.5001,0,100.0,2035.0,12288.0,102983483772,103238852272,105881785,106092144,2512510,0,0,0,0,0,0,0,0,0,0,0,0,35427763,35397221,35700,35678,243,0,0,0,0,0,0,0,0
1778082163.0584698,g2.hpc.coe,40875,0.5001,0,100.0,2035.0,12288.0,103024478942,103279817644,105922981,106133309,2512898,0,0,0,0,0,0,0,0,0,0,0,0,40995170,40965372,41196,41165,388,0,0,0,0,0,0,0,0
1778082163.558558,g2.hpc.coe,40875,0.5001,0,100.0,2035.0,12288.0,103059906817,103315214816,105958683,106168980,2515372,0,0,0,0,0,0,0,0,0,0,0,0,35427875,35397172,35702,35671,2474,0,0,0,0,0,0,0,0
1778082164.0586457,g2.hpc.coe,40875,0.5001,0,100.0,2035.0,12288.0,103094644703,103349925171,105993636,106203920,2516113,0,0,0,0,0,0,0,0,0,0,0,0,34737886,34710355,34953,34940,741,0,0,0,0,0,0,0,0
1778082164.5587318,g2.hpc.coe,40875,0.5001,0,100.0,2035.0,12288.0,103135640033,103390890571,106034834,106245089,2516140,0,0,0,0,0,0,0,0,0,0,0,0,40995330,40965400,41198,41169,27,0,0,0,0,0,0,0,0
1778082165.058818,g2.hpc.coe,40875,0.5001,0,100.0,2035.0,12288.0,103171068019,103426287771,106070531,106280764,2516169,0,0,0,0,0,0,0,0,0,0,0,0,35427986,35397200,35697,35675,29,0,0,0,0,0,0,0,0
1778082165.5589018,g2.hpc.coe,40875,0.5001,0,100.0,2035.0,12288.0,103212063453,103467253282,106111721,106321942,2516667,0,0,0,0,0,0,0,0,0,0,0,0,40995434,40965511,41190,41178,498,0,0,0,0,0,0,0,0
1778082166.0589828,g2.hpc.coe,40875,0.5001,0,100.0,2035.0,12288.0,103247491585,103502650461,106147425,106357614,2516858,0,0,0,0,0,0,0,0,0,0,0,0,35428132,35397179,35704,35672,191,0,0,0,0,0,0,0,0
1778082166.5590742,g2.hpc.coe,40875,0.5001,0,100.0,2035.0,12288.0,103282229799,103537360795,106182388,106392551,2517746,0,0,0,0,0,0,0,0,0,0,0,0,34738214,34710334,34963,34937,888,0,0,0,0,0,0,0,0
1778082167.0591638,g2.hpc.coe,40875,0.5001,0,100.0,2035.0,12288.0,103323225960,103578326642,106223596,106433728,2519102,0,0,0,0,0,0,0,0,0,0,0,0,40996161,40965847,41208,41177,1356,0,0,0,0,0,0,0,0
1778082167.5592453,g2.hpc.coe,40875,0.5001,0,100.0,2035.0,12288.0,103358653171,103613723799,106259296,106469399,2519130,0,0,0,0,0,0,0,0,0,0,0,0,35427211,35397157,35700,35671,28,0,0,0,0,0,0,0,0
1778082168.059336,g2.hpc.coe,40875,0.5001,0,100.0,2035.0,12288.0,103399647698,103654689226,106300479,106510574,2521656,0,0,0,0,0,0,0,0,0,0,0,0,40994527,40965427,41183,41175,2526,0,0,0,0,0,0,0,0
1778082168.55942,g2.hpc.coe,40875,0.5001,0,100.0,2035.0,12288.0,103435074999,103690086355,106336178,106546241,2521938,0,0,0,0,0,0,0,0,0,0,0,0,35427301,35397129,35699,35667,282,0,0,0,0,0,0,0,0
1778082169.0595047,g2.hpc.coe,40875,0.5001,0,100.0,2035.0,12288.0,103469812674,103724796908,106371148,106581180,2523575,0,0,0,0,0,0,0,0,0,0,0,0,34737675,34710553,34970,34939,1637,0,0,0,0,0,0,0,0
1778082169.559585,g2.hpc.coe,40875,0.5001,0,100.0,2035.0,12288.0,103510807439,103765762307,106412342,106622351,2523602,0,0,0,0,0,0,0,0,0,0,0,0,40994765,40965399,41194,41171,27,0,0,0,0,0,0,0,0
1778082170.0596762,g2.hpc.coe,40875,0.5001,0,100.0,2035.0,12288.0,103546234844,103801159485,106448035,106658025,2523933,0,0,0,0,0,0,0,0,0,0,0,0,35427405,35397178,35693,35674,331,0,0,0,0,0,0,0,0
1778082170.5597644,g2.hpc.coe,40875,0.5001,0,100.0,2035.0,12288.0,103587229726,103842124912,106489234,106699200,2525533,0,0,0,0,0,0,0,0,0,0,0,0,40994882,40965427,41199,41175,1600,0,0,0,0,0,0,0,0
1778082171.0598607,g2.hpc.coe,40875,0.5001,0,100.0,2035.0,12288.0,103622657341,103877522208,106524934,106734884,2525556,0,0,0,0,0,0,0,0,0,0,0,0,35427615,35397296,35700,35684,23,0,0,0,0,0,0,0,0
1778082171.5599413,g2.hpc.coe,40875,0.5001,0,100.0,2035.0,12288.0,103657394919,103912232514,106559885,106770041,2525865,0,0,0,0,0,0,0,0,0,0,0,0,34737578,34710306,34951,35157,309,0,0,0,0,0,0,0,0
1778082172.0600224,g2.hpc.coe,40875,0.5001,0,100.0,2035.0,12288.0,103699079971,103953884794,106601829,106811726,2525894,0,0,0,0,0,0,0,0,0,0,0,0,41685052,41652280,41944,41685,29,0,0,0,0,0,0,0,0
1778082172.5601044,g2.hpc.coe,40875,0.5001,0,100.0,2035.0,12288.0,103733817646,103988595065,106636780,106846654,2525988,0,0,0,0,0,0,0,0,0,0,0,0,34737675,34710271,34951,34928,94,0,0,0,0,0,0,0,0
1778082173.0601914,g2.hpc.coe,40875,0.5001,0,100.0,2035.0,12288.0,103774812730,104029560542,106677971,106887834,2528910,0,0,0,0,0,0,0,0,0,0,0,0,40995084,40965477,41191,41180,2922,0,0,0,0,0,0,0,0
1778082173.5602725,g2.hpc.coe,40875,0.5001,0,100.0,2035.0,12288.0,103810240505,104064957742,106713666,106923509,2529322,0,0,0,0,0,0,0,0,0,0,0,0,35427775,35397200,35695,35675,412,0,0,0,0,0,0,0,0
1778082174.0603576,g2.hpc.coe,40875,0.5001,0,100.0,2035.0,12288.0,103847789752,104102818444,106751874,106961915,2529703,0,0,0,0,0,0,0,0,0,0,0,0,37549247,37860702,38208,38406,381,0,0,0,0,0,0,0,0
1778082174.5604444,g2.hpc.coe,40875,0.5001,0,100.0,2035.0,12288.0,103886663552,104141320433,106790551,107000366,2529726,0,0,0,0,0,0,0,0,0,0,0,0,38873800,38501989,38677,38451,23,0,0,0,0,0,0,0,0
1778082175.0605288,g2.hpc.coe,40875,0.5001,0,100.0,2035.0,12288.0,103921401436,104176030704,106825497,107035294,2530230,0,0,0,0,0,0,0,0,0,0,0,0,34737884,34710271,34946,34928,504,0,0,0,0,0,0,0,0
1778082175.5606105,g2.hpc.coe,40875,0.5001,0,100.0,2035.0,12288.0,103962396806,104216996153,106866694,107076470,2531257,0,0,0,0,0,0,0,0,0,0,0,0,40995370,40965449,41197,41176,1027,0,0,0,0,0,0,0,0
1778082176.0607014,g2.hpc.coe,40875,0.5001,0,100.0,2035.0,12288.0,103997824937,104252393422,106902396,107112148,2532448,0,0,0,0,0,0,0,0,0,0,0,0,35428131,35397269,35702,35678,1191,0,0,0,0,0,0,0,0
1778082176.5607843,g2.hpc.coe,40875,0.5001,0,100.0,2035.0,12288.0,104038820398,104293358808,106943592,107153315,2533213,0,0,0,0,0,0,0,0,0,0,0,0,40995461,40965386,41196,41167,765,0,0,0,0,0,0,0,0
1778082177.0608711,g2.hpc.coe,40875,0.5001,0,100.0,2035.0,12288.0,104074248620,104328755952,106979300,107188982,2533936,0,0,0,0,0,0,0,0,0,0,0,0,35428222,35397144,35708,35667,723,0,0,0,0,0,0,0,0
1778082177.5609539,g2.hpc.coe,40875,0.5001,0,100.0,2035.0,12288.0,104108986847,104363466251,107014258,107223914,2533961,0,0,0,0,0,0,0,0,0,0,0,0,34738227,34710299,34958,34932,25,0,0,0,0,0,0,0,0
1778082178.0610163,g2.hpc.coe,40875,0.5001,0,100.0,2035.0,12288.0,104149981408,104404431629,107055453,107265082,2536687,0,0,0,0,0,0,0,0,0,0,0,0,40994561,40965378,41195,41168,2726,0,0,0,0,0,0,0,0
1778082178.561106,g2.hpc.coe,40875,0.5001,0,100.0,2035.0,12288.0,104185408681,104439828821,107091155,107300758,2536720,0,0,0,0,0,0,0,0,0,0,0,0,35427273,35397192,35702,35676,33,0,0,0,0,0,0,0,0
1778082179.0611823,g2.hpc.coe,40875,0.5001,0,100.0,2035.0,12288.0,104226403248,104480794171,107132337,107341922,2539517,0,0,0,0,0,0,0,0,0,0,0,0,40994567,40965350,41182,41164,2797,0,0,0,0,0,0,0,0
1778082179.5612624,g2.hpc.coe,40875,0.5001,0,100.0,2035.0,12288.0,104261830562,104516191349,107168031,107377596,2540801,0,0,0,0,0,0,0,0,0,0,0,0,35427314,35397178,35694,35674,1284,0,0,0,0,0,0,0,0
1778082180.0613496,g2.hpc.coe,40875,0.5001,0,100.0,2035.0,12288.0,104296567916,104550901570,107202980,107412519,2541061,0,0,0,0,0,0,0,0,0,0,0,0,34737354,34710221,34949,34923,260,0,0,0,0,0,0,0,0
1778082180.5614297,g2.hpc.coe,40875,0.5001,0,100.0,2035.0,12288.0,104337562658,104591866962,107244166,107453689,2542576,0,0,0,0,0,0,0,0,0,0,0,0,40994742,40965392,41186,41170,1515,0,0,0,0,0,0,0,0
1778082181.0615149,g2.hpc.coe,40875,0.5001,0,100.0,2035.0,12288.0,104372990210,104627264202,107279864,107489365,2546858,0,0,0,0,0,0,0,0,0,0,0,0,35427552,35397240,35698,35676,4282,0,0,0,0,0,0,0,0
1778082181.5615966,g2.hpc.coe,40875,0.5001,0,100.0,2035.0,12288.0,104413985148,104668229580,107321064,107530533,2546921,0,0,0,0,0,0,0,0,0,0,0,0,40994938,40965378,41200,41168,63,0,0,0,0,0,0,0,0
1778082182.0616834,g2.hpc.coe,40875,0.5001,0,100.0,2035.0,12288.0,104449413315,104703627262,107356771,107566221,2547881,0,0,0,0,0,0,0,0,0,0,0,0,35428167,35397682,35707,35688,960,0,0,0,0,0,0,0,0
1778082182.561772,g2.hpc.coe,40875,0.5001,0,100.0,2035.0,12288.0,104484150963,104738337582,107391725,107601156,2549056,0,0,0,0,0,0,0,0,0,0,0,0,34737648,34710320,34954,34935,1175,0,0,0,0,0,0,0,0
1778082183.0618598,g2.hpc.coe,40875,0.5001,0,100.0,2035.0,12288.0,104525836064,104779989981,107433669,107643082,2549212,0,0,0,0,0,0,0,0,0,0,0,0,41685101,41652399,41944,41926,156,0,0,0,0,0,0,0,0
1778082183.5619428,g2.hpc.coe,40875,0.5001,0,100.0,2035.0,12288.0,104560573830,104814700287,107468626,107678015,2549239,0,0,0,0,0,0,0,0,0,0,0,0,34737766,34710306,34957,34933,27,0,0,0,0,0,0,0,0
1778082184.0620327,g2.hpc.coe,40875,0.5001,0,100.0,2035.0,12288.0,104601569040,104855665687,107509828,107719184,2551721,0,0,0,0,0,0,0,0,0,0,0,0,40995210,40965400,41202,41169,2482,0,0,0,0,0,0,0,0
1778082184.5621147,g2.hpc.coe,40875,0.5001,0,100.0,2035.0,12288.0,104636996983,104891062866,107545540,107754856,2551754,0,0,0,0,0,0,0,0,0,0,0,0,35427943,35397179,35712,35672,33,0,0,0,0,0,0,0,0
1778082185.0621793,g2.hpc.coe,40875,0.5001,0,100.0,2035.0,12288.0,104671734811,104925773193,107580485,107789792,2551834,0,0,0,0,0,0,0,0,0,0,0,0,34737828,34710327,34945,34936,80,0,0,0,0,0,0,0,0
1778082185.5622642,g2.hpc.coe,40875,0.5001,0,100.0,2035.0,12288.0,104712730055,104966738586,107621671,107830960,2552802,0,0,0,0,0,0,0,0,0,0,0,0,40995244,40965393,41186,41168,968,0,0,0,0,0,0,0,0
1778082186.0623481,g2.hpc.coe,40875,0.5001,0,100.0,2035.0,12288.0,104748158179,105002135820,107657379,107866633,2553632,0,0,0,0,0,0,0,0,0,0,0,0,35428124,35397234,35708,35673,830,0,0,0,0,0,0,0,0
1778082186.5624359,g2.hpc.coe,40875,0.5001,0,100.0,2035.0,12288.0,104789153562,105043101255,107698571,107907807,2557679,0,0,0,0,0,0,0,0,0,0,0,0,40995383,40965435,41192,41174,4047,0,0,0,0,0,0,0,0
1778082187.0625226,g2.hpc.coe,40875,0.5001,0,100.0,2035.0,12288.0,104824581678,105078498469,107734273,107943484,2558557,0,0,0,0,0,0,0,0,0,0,0,0,35428116,35397214,35702,35677,878,0,0,0,0,0,0,0,0
1778082187.5626059,g2.hpc.coe,40875,0.5001,0,100.0,2035.0,12288.0,104859319786,105113208733,107769221,107978411,2559621,0,0,0,0,0,0,0,0,0,0,0,0,34738108,34710264,34948,34927,1064,0,0,0,0,0,0,0,0
1778082188.062686,g2.hpc.coe,40875,0.5001,0,100.0,2035.0,12288.0,104900315338,105154174077,107810414,108019572,2559875,0,0,0,0,0,0,0,0,0,0,0,0,40995552,40965344,41193,41161,254,0,0,0,0,0,0,0,0
1778082188.5627692,g2.hpc.coe,40875,0.5001,0,100.0,2035.0,12288.0,104935742478,105189571220,107846104,108055241,2560941,0,0,0,0,0,0,0,0,0,0,0,0,35427140,35397143,35690,35669,1066,0,0,0,0,0,0,0,0
1778082189.0628598,g2.hpc.coe,40875,0.5001,0,100.0,2035.0,12288.0,104976737109,105230536598,107887302,108096409,2561758,0,0,0,0,0,0,0,0,0,0,0,0,40994631,40965378,41198,41168,817,0,0,0,0,0,0,0,0
1778082189.562941,g2.hpc.coe,40875,0.5001,0,100.0,2035.0,12288.0,105012164353,105265933776,107922993,108132083,2561805,0,0,0,0,0,0,0,0,0,0,0,0,35427244,35397178,35691,35674,47,0,0,0,0,0,0,0,0
1778082190.0630267,g2.hpc.coe,40875,0.5001,0,100.0,2035.0,12288.0,105049422614,105303893237,107960984,108170621,2562745,0,0,0,0,0,0,0,0,0,0,0,0,37258261,37959461,37991,38538,940,0,0,0,0,0,0,0,0
1778082190.5631163,g2.hpc.coe,40875,0.5001,0,100.0,2035.0,12288.0,105087896427,105341694383,107999186,108208348,2562764,0,0,0,0,0,0,0,0,0,0,0,0,38473813,37801146,38202,37727,19,0,0,0,0,0,0,0,0
1778082191.0632012,g2.hpc.coe,40875,0.5001,0,100.0,2035.0,12288.0,105123323845,105377006497,108034834,108243840,2562790,0,0,0,0,0,0,0,0,0,0,0,0,35427418,35312114,35648,35492,26,0,0,0,0,0,0,0,0
1778082191.5632832,g2.hpc.coe,40875,0.5001,0,100.0,2035.0,12288.0,105164318794,105417971909,108076036,108285006,2565943,0,0,0,0,0,0,0,0,0,0,0,0,40994949,40965412,41202,41166,3153,0,0,0,0,0,0,0,0
1778082192.063368,g2.hpc.coe,40875,0.5001,0,100.0,2035.0,12288.0,105199746372,105453369059,108111740,108320676,2565965,0,0,0,0,0,0,0,0,0,0,0,0,35427578,35397150,35704,35670,22,0,0,0,0,0,0,0,0
1778082192.5634499,g2.hpc.coe,40875,0.5001,0,100.0,2035.0,12288.0,105237300527,105491648176,108149988,108359496,2566680,0,0,0,0,0,0,0,0,0,0,0,0,37554155,38279117,38248,38820,715,0,0,0,0,0,0,0,0
1778082193.0635371,g2.hpc.coe,40875,0.5001,0,100.0,2035.0,12288.0,105276168915,105529731673,108188623,108397522,2566696,0,0,0,0,0,0,0,0,0,0,0,0,38868388,38083497,38635,38026,16,0,0,0,0,0,0,0,0
1778082193.563621,g2.hpc.coe,40875,0.5001,0,100.0,2035.0,12288.0,105310906638,105564441909,108223581,108432445,2567083,0,0,0,0,0,0,0,0,0,0,0,0,34737723,34710236,34958,34923,387,0,0,0,0,0,0,0,0
1778082194.0637088,g2.hpc.coe,40875,0.5001,0,100.0,2035.0,12288.0,105351901790,105605407365,108264782,108473622,2569456,0,0,0,0,0,0,0,0,0,0,0,0,40995152,40965456,41201,41177,2373,0,0,0,0,0,0,0,0
1778082194.563796,g2.hpc.coe,40875,0.5001,0,100.0,2035.0,12288.0,105387329619,105640804565,108300485,108509297,2570290,0,0,0,0,0,0,0,0,0,0,0,0,35427829,35397200,35703,35675,834,0,0,0,0,0,0,0,0
1778082195.0638814,g2.hpc.coe,40875,0.5001,0,100.0,2035.0,12288.0,105427872864,105681544227,108341641,108550448,2571214,0,0,0,0,0,0,0,0,0,0,0,0,40543245,40739662,41156,41151,924,0,0,0,0,0,0,0,0
1778082195.5639634,g2.hpc.coe,40875,0.5001,0,100.0,2035.0,12288.0,105463752740,105717167235,108377381,108586151,2571239,0,0,0,0,0,0,0,0,0,0,0,0,35879876,35623008,35740,35703,25,0,0,0,0,0,0,0,0
1778082196.064049,g2.hpc.coe,40875,0.5001,0,100.0,2035.0,12288.0,105498490741,105751877464,108412344,108621073,2571799,0,0,0,0,0,0,0,0,0,0,0,0,34738001,34710229,34963,34922,560,0,0,0,0,0,0,0,0
1778082196.5641081,g2.hpc.coe,40875,0.5001,0,100.0,2035.0,12288.0,105539486228,105792842982,108453549,108662252,2573260,0,0,0,0,0,0,0,0,0,0,0,0,40995487,40965518,41205,41179,1461,0,0,0,0,0,0,0,0
1778082197.0641985,g2.hpc.coe,40875,0.5001,0,100.0,2035.0,12288.0,105574914832,105828240643,108489256,108697937,2573469,0,0,0,0,0,0,0,0,0,0,0,0,35428604,35397661,35707,35685,209,0,0,0,0,0,0,0,0
1778082197.5642824,g2.hpc.coe,40875,0.5001,0,100.0,2035.0,12288.0,105615910325,105869206029,108530457,108739104,2574782,0,0,0,0,0,0,0,0,0,0,0,0,40995493,40965386,41201,41167,1313,0,0,0,0,0,0,0,0
1778082198.0643704,g2.hpc.coe,40875,0.5001,0,100.0,2035.0,12288.0,105651338538,105904603306,108566164,108774790,2574823,0,0,0,0,0,0,0,0,0,0,0,0,35428213,35397277,35707,35686,41,0,0,0,0,0,0,0,0
1778082198.564457,g2.hpc.coe,40875,0.5001,0,100.0,2035.0,12288.0,105686076728,105939313668,108601117,108809731,2575671,0,0,0,0,0,0,0,0,0,0,0,0,34738190,34710362,34953,34941,848,0,0,0,0,0,0,0,0
1778082199.0645456,g2.hpc.coe,40875,0.5001,0,100.0,2035.0,12288.0,105727071307,105980279116,108642315,108850909,2576874,0,0,0,0,0,0,0,0,0,0,0,0,40994579,40965448,41198,41178,1203,0,0,0,0,0,0,0,0
1778082199.5646296,g2.hpc.coe,40875,0.5001,0,100.0,2035.0,12288.0,105762498584,106015676301,108678018,108886584,2576898,0,0,0,0,0,0,0,0,0,0,0,0,35427277,35397185,35703,35675,24,0,0,0,0,0,0,0,0
1778082200.0647178,g2.hpc.coe,40875,0.5001,0,100.0,2035.0,12288.0,105803493275,106056641728,108719218,108927759,2577392,0,0,0,0,0,0,0,0,0,0,0,0,40994691,40965427,41200,41175,494,0,0,0,0,0,0,0,0
1778082200.5648038,g2.hpc.coe,40875,0.5001,0,100.0,2035.0,12288.0,105838920608,106092038927,108754915,108963436,2577415,0,0,0,0,0,0,0,0,0,0,0,0,35427333,35397199,35697,35677,23,0,0,0,0,0,0,0,0
1778082201.064892,g2.hpc.coe,40875,0.5001,0,100.0,2035.0,12288.0,105873658015,106126749176,108789872,108998363,2577865,0,0,0,0,0,0,0,0,0,0,0,0,34737407,34710249,34957,34927,450,0,0,0,0,0,0,0,0
1778082201.5649743,g2.hpc.coe,40875,0.5001,0,100.0,2035.0,12288.0,105914652845,106167714672,108831062,109039541,2578160,0,0,0,0,0,0,0,0,0,0,0,0,40994830,40965496,41190,41178,295,0,0,0,0,0,0,0,0
1778082202.0650551,g2.hpc.coe,40875,0.5001,0,100.0,2035.0,12288.0,105950080435,106203111850,108866775,109075215,2581604,0,0,0,0,0,0,0,0,0,0,0,0,35427590,35397178,35713,35674,3444,0,0,0,0,0,0,0,0
1778082202.5651155,g2.hpc.coe,40875,0.5001,0,100.0,2035.0,12288.0,105991075341,106244077228,108907971,109116383,2583085,0,0,0,0,0,0,0,0,0,0,0,0,40994906,40965378,41196,41168,1481,0,0,0,0,0,0,0,0
1778082203.0652006,g2.hpc.coe,40875,0.5001,0,100.0,2035.0,12288.0,106026502939,106279474358,108943669,109152048,2583108,0,0,0,0,0,0,0,0,0,0,0,0,35427598,35397130,35698,35665,23,0,0,0,0,0,0,0,0
1778082203.565284,g2.hpc.coe,40875,0.5001,0,100.0,2035.0,12288.0,106067497944,106320439793,108984863,109193222,2583982,0,0,0,0,0,0,0,0,0,0,0,0,40995005,40965435,41194,41174,874,0,0,0,0,0,0,0,0
1778082204.0653653,g2.hpc.coe,40875,0.5001,0,100.0,2035.0,12288.0,106102235560,106355150085,109019806,109228153,2584012,0,0,0,0,0,0,0,0,0,0,0,0,34737616,34710292,34943,34931,30,0,0,0,0,0,0,0,0
1778082204.5654528,g2.hpc.coe,40875,0.5001,0,100.0,2035.0,12288.0,106140505765,106394294125,109058839,109267929,2584579,0,0,0,0,0,0,0,0,0,0,0,0,38270205,39144040,39033,39776,567,0,0,0,0,0,0,0,0
1778082205.065553,g2.hpc.coe,40875,0.5001,0,100.0,2035.0,12288.0,106178658539,106431512804,109096710,109305014,2584661,0,0,0,0,0,0,0,0,0,0,0,0,38152774,37218679,37871,37085,82,0,0,0,0,0,0,0,0
1778082205.5656435,g2.hpc.coe,40875,0.5001,0,100.0,2035.0,12288.0,106214086394,106466910032,109132410,109340693,2584815,0,0,0,0,0,0,0,0,0,0,0,0,35427855,35397228,35700,35679,154,0,0,0,0,0,0,0,0
1778082206.0657294,g2.hpc.coe,40875,0.5001,0,100.0,2035.0,12288.0,106248824254,106501620254,109167360,109375614,2585880,0,0,0,0,0,0,0,0,0,0,0,0,34737860,34710222,34950,34921,1065,0,0,0,0,0,0,0,0
1778082206.565815,g2.hpc.coe,40875,0.5001,0,100.0,2035.0,12288.0,106289819663,106542585709,109208561,109416784,2585916,0,0,0,0,0,0,0,0,0,0,0,0,40995409,40965455,41201,41170,36,0,0,0,0,0,0,0,0
1778082207.0658998,g2.hpc.coe,40875,0.5001,0,100.0,2035.0,12288.0,106325247706,106577982895,109244267,109452457,2586993,0,0,0,0,0,0,0,0,0,0,0,0,35428043,35397186,35706,35673,1077,0,0,0,0,0,0,0,0
1778082207.565985,g2.hpc.coe,40875,0.5001,0,100.0,2035.0,12288.0,106366243114,106618948330,109285463,109493631,2590572,0,0,0,0,0,0,0,0,0,0,0,0,40995408,40965435,41196,41174,3579,0,0,0,0,0,0,0,0
1778082208.0660734,g2.hpc.coe,40875,0.5001,0,100.0,2035.0,12288.0,106401671269,106654345558,109321171,109529310,2590593,0,0,0,0,0,0,0,0,0,0,0,0,35428155,35397228,35708,35679,21,0,0,0,0,0,0,0,0
1778082208.5661554,g2.hpc.coe,40875,0.5001,0,100.0,2035.0,12288.0,106436409436,106689055885,109356128,109564246,2593510,0,0,0,0,0,0,0,0,0,0,0,0,34738167,34710327,34957,34936,2917,0,0,0,0,0,0,0,0
1778082209.0662444,g2.hpc.coe,40875,0.5001,0,100.0,2035.0,12288.0,106477404984,106730021320,109397321,109605420,2593534,0,0,0,0,0,0,0,0,0,0,0,0,40995548,40965435,41193,41174,24,0,0,0,0,0,0,0,0
1778082209.5663247,g2.hpc.coe,40875,0.5001,0,100.0,2035.0,12288.0,106512832183,106765418533,109433020,109641099,2593560,0,0,0,0,0,0,0,0,0,0,0,0,35427199,35397213,35699,35679,26,0,0,0,0,0,0,0,0
1778082210.0664105,g2.hpc.coe,40875,0.5001,0,100.0,2035.0,12288.0,106553826725,106806383939,109474206,109682271,2594690,0,0,0,0,0,0,0,0,0,0,0,0,40994542,40965406,41186,41172,1130,0,0,0,0,0,0,0,0
1778082210.5664966,g2.hpc.coe,40875,0.5001,0,100.0,2035.0,12288.0,106589254021,106841781054,109509905,109717936,2594713,0,0,0,0,0,0,0,0,0,0,0,0,35427296,35397115,35699,35665,23,0,0,0,0,0,0,0,0
1778082211.0665836,g2.hpc.coe,40875,0.5001,0,100.0,2035.0,12288.0,106625948733,106879361529,109547251,109756019,2596125,0,0,0,0,0,0,0,0,0,0,0,0,36694712,37580475,37346,38083,1412,0,0,0,0,0,0,0,0
1778082211.5666654,g2.hpc.coe,40875,0.5001,0,100.0,2035.0,12288.0,106664986108,106917557950,109586171,109794320,2596145,0,0,0,0,0,0,0,0,0,0,0,0,39037375,38196421,38920,38301,20,0,0,0,0,0,0,0,0
1778082212.0667574,g2.hpc.coe,40875,0.5001,0,100.0,2035.0,12288.0,106700414166,106952854312,109621760,109829707,2596206,0,0,0,0,0,0,0,0,0,0,0,0,35428058,35296362,35589,35387,61,0,0,0,0,0,0,0,0
1778082212.5668437,g2.hpc.coe,40875,0.5001,0,100.0,2035.0,12288.0,106741409043,106993819662,109662959,109870871,2598431,0,0,0,0,0,0,0,0,0,0,0,0,40994877,40965350,41199,41164,2225,0,0,0,0,0,0,0,0
1778082213.0669293,g2.hpc.coe,40875,0.5001,0,100.0,2035.0,12288.0,106776836555,107029216847,109698654,109906546,2598453,0,0,0,0,0,0,0,0,0,0,0,0,35427512,35397185,35695,35675,22,0,0,0,0,0,0,0,0
1778082213.567011,g2.hpc.coe,40875,0.5001,0,100.0,2035.0,12288.0,106816300400,107068868093,109738857,109946794,2600057,0,0,0,0,0,0,0,0,0,0,0,0,39463845,39651246,40203,40248,1604,0,0,0,0,0,0,0,0
1778082214.0670962,g2.hpc.coe,40875,0.5001,0,100.0,2035.0,12288.0,106853259210,107105579454,109775554,109983391,2600080,0,0,0,0,0,0,0,0,0,0,0,0,36958810,36711361,36697,36597,23,0,0,0,0,0,0,0,0
1778082214.5671794,g2.hpc.coe,40875,0.5001,0,100.0,2035.0,12288.0,106887996901,107140289795,109810508,110018329,2600358,0,0,0,0,0,0,0,0,0,0,0,0,34737691,34710341,34954,34938,278,0,0,0,0,0,0,0,0
1778082215.0672681,g2.hpc.coe,40875,0.5001,0,100.0,2035.0,12288.0,106928992078,107181255202,109851713,110059499,2601694,0,0,0,0,0,0,0,0,0,0,0,0,40995177,40965407,41205,41170,1336,0,0,0,0,0,0,0,0
1778082215.5673482,g2.hpc.coe,40875,0.5001,0,100.0,2035.0,12288.0,106964419876,107216652409,109887412,110095175,2601771,0,0,0,0,0,0,0,0,0,0,0,0,35427798,35397207,35699,35676,77,0,0,0,0,0,0,0,0
1778082216.0674388,g2.hpc.coe,40875,0.5001,0,100.0,2035.0,12288.0,107005407162,107257610118,109928578,110136324,2602673,0,0,0,0,0,0,0,0,0,0,0,0,40987286,40957709,41166,41149,902,0,0,0,0,0,0,0,0
1778082216.5675223,g2.hpc.coe,40875,0.5001,0,100.0,2035.0,12288.0,107040842927,107293014939,109964299,110172009,2602699,0,0,0,0,0,0,0,0,0,0,0,0,35435765,35404821,35721,35685,26,0,0,0,0,0,0,0,0
1778082217.0676079,g2.hpc.coe,40875,0.5001,0,100.0,2035.0,12288.0,107075580995,107327725328,109999263,110206947,2604461,0,0,0,0,0,0,0,0,0,0,0,0,34738068,34710389,34964,34938,1762,0,0,0,0,0,0,0,0
1778082217.5676894,g2.hpc.coe,40875,0.5001,0,100.0,2035.0,12288.0,107116576346,107368690672,110040458,110248108,2606158,0,0,0,0,0,0,0,0,0,0,0,0,40995351,40965344,41195,41161,1697,0,0,0,0,0,0,0,0
1778082218.0677795,g2.hpc.coe,40875,0.5001,0,100.0,2035.0,12288.0,107152004353,107404087942,110076152,110283793,2606299,0,0,0,0,0,0,0,0,0,0,0,0,35428007,35397270,35694,35685,141,0,0,0,0,0,0,0,0
1778082218.5678637,g2.hpc.coe,40875,0.5001,0,100.0,2035.0,12288.0,107192999830,107445053370,110117351,110324966,2608968,0,0,0,0,0,0,0,0,0,0,0,0,40995477,40965428,41199,41173,2669,0,0,0,0,0,0,0,0
1778082219.067924,g2.hpc.coe,40875,0.5001,0,100.0,2035.0,12288.0,107228428027,107480450549,110153056,110360638,2608997,0,0,0,0,0,0,0,0,0,0,0,0,35428197,35397179,35705,35672,29,0,0,0,0,0,0,0,0
1778082219.5680056,g2.hpc.coe,40875,0.5001,0,100.0,2035.0,12288.0,107263166235,107515160848,110188012,110395570,2609741,0,0,0,0,0,0,0,0,0,0,0,0,34738208,34710299,34956,34932,744,0,0,0,0,0,0,0,0
1778082220.068092,g2.hpc.coe,40875,0.5001,0,100.0,2035.0,12288.0,107304160798,107556126254,110229208,110436742,2610307,0,0,0,0,0,0,0,0,0,0,0,0,40994563,40965406,41196,41172,566,0,0,0,0,0,0,0,0
1778082220.5681717,g2.hpc.coe,40875,0.5001,0,100.0,2035.0,12288.0,107339588079,107591523453,110264912,110472419,2610345,0,0,0,0,0,0,0,0,0,0,0,0,35427281,35397199,35704,35677,38,0,0,0,0,0,0,0,0
1778082221.0682602,g2.hpc.coe,40875,0.5001,0,100.0,2035.0,12288.0,107380582781,107632488887,110306114,110513595,2613457,0,0,0,0,0,0,0,0,0,0,0,0,40994702,40965434,41202,41176,3112,0,0,0,0,0,0,0,0
1778082221.5683408,g2.hpc.coe,40875,0.5001,0,100.0,2035.0,12288.0,107416010153,107667886044,110341817,110549266,2613492,0,0,0,0,0,0,0,0,0,0,0,0,35427372,35397157,35703,35671,35,0,0,0,0,0,0,0,0
1778082222.0684297,g2.hpc.coe,40875,0.5001,0,100.0,2035.0,12288.0,107450747599,107702596362,110376771,110584196,2613516,0,0,0,0,0,0,0,0,0,0,0,0,34737446,34710318,34954,34930,24,0,0,0,0,0,0,0,0
1778082222.5685146,g2.hpc.coe,40875,0.5001,0,100.0,2035.0,12288.0,107492338375,107744248634,110418719,110626106,2613975,0,0,0,0,0,0,0,0,0,0,0,0,41590776,41652272,41948,41910,459,0,0,0,0,0,0,0,0
1778082223.068599,g2.hpc.coe,40875,0.5001,0,100.0,2035.0,12288.0,107527169978,107778958939,110453678,110661041,2615158,0,0,0,0,0,0,0,0,0,0,0,0,34831603,34710305,34959,34935,1183,0,0,0,0,0,0,0,0
1778082223.568679,g2.hpc.coe,40875,0.5001,0,100.0,2035.0,12288.0,107568164951,107819924359,110494884,110702215,2620516,0,0,0,0,0,0,0,0,0,0,0,0,40994973,40965420,41206,41174,5358,0,0,0,0,0,0,0,0
1778082224.0687604,g2.hpc.coe,40875,0.5001,0,100.0,2035.0,12288.0,107603592581,107855321601,110530587,110737896,2620552,0,0,0,0,0,0,0,0,0,0,0,0,35427630,35397242,35703,35681,36,0,0,0,0,0,0,0,0
1778082224.568846,g2.hpc.coe,40875,0.5001,0,100.0,2035.0,12288.0,107638330236,107890031907,110565543,110772829,2620759,0,0,0,0,0,0,0,0,0,0,0,0,34737655,34710306,34956,34933,207,0,0,0,0,0,0,0,0
1778082225.0689318,g2.hpc.coe,40875,0.5001,0,100.0,2035.0,12288.0,107679325209,107930997300,110606726,110813997,2621037,0,0,0,0,0,0,0,0,0,0,0,0,40994973,40965393,41183,41168,278,0,0,0,0,0,0,0,0
1778082225.5690148,g2.hpc.coe,40875,0.5001,0,100.0,2035.0,12288.0,107714752992,107966394465,110642430,110849667,2621520,0,0,0,0,0,0,0,0,0,0,0,0,35427783,35397165,35704,35670,483,0,0,0,0,0,0,0,0
1778082226.069108,g2.hpc.coe,40875,0.5001,0,100.0,2035.0,12288.0,107755748111,108007359851,110683620,110890834,2624184,0,0,0,0,0,0,0,0,0,0,0,0,40995119,40965386,41190,41167,2664,0,0,0,0,0,0,0,0
1778082226.569196,g2.hpc.coe,40875,0.5001,0,100.0,2035.0,12288.0,107791176005,108042757072,110719326,110926512,2624238,0,0,0,0,0,0,0,0,0,0,0,0,35427894,35397221,35706,35678,54,0,0,0,0,0,0,0,0
1778082227.0692935,g2.hpc.coe,40875,0.5001,0,100.0,2035.0,12288.0,107826535639,108078581171,110755365,110963066,2624760,0,0,0,0,0,0,0,0,0,0,0,0,35359634,35824099,36039,36554,522,0,0,0,0,0,0,0,0
1778082227.5693803,g2.hpc.coe,40875,0.5001,0,100.0,2035.0,12288.0,107866909888,108118603377,110795674,111002986,2625525,0,0,0,0,0,0,0,0,0,0,0,0,40374249,40022206,40309,39920,765,0,0,0,0,0,0,0,0
1778082228.0694711,g2.hpc.coe,40875,0.5001,0,100.0,2035.0,12288.0,107902337893,108153830536,110831195,111038306,2625553,0,0,0,0,0,0,0,0,0,0,0,0,35428005,35227159,35521,35320,28,0,0,0,0,0,0,0,0
1778082228.5695577,g2.hpc.coe,40875,0.5001,0,100.0,2035.0,12288.0,107943333311,108194795887,110872393,111079468,2627023,0,0,0,0,0,0,0,0,0,0,0,0,40995418,40965351,41198,41162,1470,0,0,0,0,0,0,0,0
1778082229.0696442,g2.hpc.coe,40875,0.5001,0,100.0,2035.0,12288.0,107978761586,108230193356,110908087,111115150,2627051,0,0,0,0,0,0,0,0,0,0,0,0,35428275,35397469,35694,35682,28,0,0,0,0,0,0,0,0
1778082229.5697246,g2.hpc.coe,40875,0.5001,0,100.0,2035.0,12288.0,108015720886,108267758510,110945828,111153535,2627983,0,0,0,0,0,0,0,0,0,0,0,0,36959300,37565154,37741,38385,932,0,0,0,0,0,0,0,0
1778082230.0698113,g2.hpc.coe,40875,0.5001,0,100.0,2035.0,12288.0,108055185270,108306555970,110984975,111191996,2628009,0,0,0,0,0,0,0,0,0,0,0,0,39464384,38797460,39147,38461,26,0,0,0,0,0,0,0,0
1778082230.5698962,g2.hpc.coe,40875,0.5001,0,100.0,2035.0,12288.0,108089922456,108341266219,111019929,111226923,2628106,0,0,0,0,0,0,0,0,0,0,0,0,34737186,34710249,34954,34927,97,0,0,0,0,0,0,0,0
1778082231.0699828,g2.hpc.coe,40875,0.5001,0,100.0,2035.0,12288.0,108130917044,108382231681,111061122,111268103,2631257,0,0,0,0,0,0,0,0,0,0,0,0,40994588,40965462,41193,41180,3151,0,0,0,0,0,0,0,0
1778082231.5700657,g2.hpc.coe,40875,0.5001,0,100.0,2035.0,12288.0,108166344316,108417628929,111096818,111303787,2631930,0,0,0,0,0,0,0,0,0,0,0,0,35427272,35397248,35696,35684,673,0,0,0,0,0,0,0,0
1778082232.0701542,g2.hpc.coe,40875,0.5001,0,100.0,2035.0,12288.0,108204426872,108456502854,111135616,111342886,2634230,0,0,0,0,0,0,0,0,0,0,0,0,38082556,38873925,38798,39099,2300,0,0,0,0,0,0,0,0
1778082232.5702338,g2.hpc.coe,40875,0.5001,0,100.0,2035.0,12288.0,108242766510,108493991568,111173718,111380634,2634259,0,0,0,0,0,0,0,0,0,0,0,0,38339638,37488714,38102,37748,29,0,0,0,0,0,0,0,0
1778082233.0703216,g2.hpc.coe,40875,0.5001,0,100.0,2035.0,12288.0,108277503926,108528701845,111208670,111415565,2635506,0,0,0,0,0,0,0,0,0,0,0,0,34737416,34710277,34952,34931,1247,0,0,0,0,0,0,0,0
1778082233.5704038,g2.hpc.coe,40875,0.5001,0,100.0,2035.0,12288.0,108318498751,108569667237,111249862,111456735,2637478,0,0,0,0,0,0,0,0,0,0,0,0,40994825,40965392,41192,41170,1972,0,0,0,0,0,0,0,0
1778082234.0704858,g2.hpc.coe,40875,0.5001,0,100.0,2035.0,12288.0,108353926309,108605064443,111285564,111492413,2637507,0,0,0,0,0,0,0,0,0,0,0,0,35427558,35397206,35702,35678,29,0,0,0,0,0,0,0,0
1778082234.5705695,g2.hpc.coe,40875,0.5001,0,100.0,2035.0,12288.0,108394913445,108646022144,111326741,111533563,2639062,0,0,0,0,0,0,0,0,0,0,0,0,40987136,40957701,41177,41150,1555,0,0,0,0,0,0,0,0
1778082235.0706573,g2.hpc.coe,40875,0.5001,0,100.0,2035.0,12288.0,108430348943,108681427042,111362464,111569259,2639400,0,0,0,0,0,0,0,0,0,0,0,0,35435498,35404898,35723,35696,338,0,0,0,0,0,0,0,0
1778082235.5707388,g2.hpc.coe,40875,0.5001,0,100.0,2035.0,12288.0,108471343957,108722392442,111403653,111610428,2641205,0,0,0,0,0,0,0,0,0,0,0,0,40995014,40965400,41189,41169,1805,0,0,0,0,0,0,0,0
1778082236.070821,g2.hpc.coe,40875,0.5001,0,100.0,2035.0,12288.0,108506081695,108757102699,111438607,111645354,2641224,0,0,0,0,0,0,0,0,0,0,0,0,34737738,34710257,34954,34926,19,0,0,0,0,0,0,0,0
1778082236.570891,g2.hpc.coe,40875,0.5001,0,100.0,2035.0,12288.0,108541509504,108792499920,111474308,111681032,2641556,0,0,0,0,0,0,0,0,0,0,0,0,35427809,35397221,35701,35678,332,0,0,0,0,0,0,0,0
1778082237.0709515,g2.hpc.coe,40875,0.5001,0,100.0,2035.0,12288.0,108582504762,108833465348,111515511,111722205,2643015,0,0,0,0,0,0,0,0,0,0,0,0,40995258,40965428,41203,41173,1459,0,0,0,0,0,0,0,0
1778082237.5710347,g2.hpc.coe,40875,0.5001,0,100.0,2035.0,12288.0,108617932739,108868862673,111551213,111757891,2643045,0,0,0,0,0,0,0,0,0,0,0,0,35427977,35397325,35702,35686,30,0,0,0,0,0,0,0,0
1778082238.0711205,g2.hpc.coe,40875,0.5001,0,100.0,2035.0,12288.0,108652670713,108903572979,111586173,111792824,2643613,0,0,0,0,0,0,0,0,0,0,0,0,34737974,34710306,34960,34933,568,0,0,0,0,0,0,0,0
1778082238.5712044,g2.hpc.coe,40875,0.5001,0,100.0,2035.0,12288.0,108693666082,108944538414,111627371,111833998,2644015,0,0,0,0,0,0,0,0,0,0,0,0,40995369,40965435,41198,41174,402,0,0,0,0,0,0,0,0
1778082239.071294,g2.hpc.coe,40875,0.5001,0,100.0,2035.0,12288.0,108729094065,108979935628,111663062,111869675,2644353,0,0,0,0,0,0,0,0,0,0,0,0,35427983,35397214,35691,35677,338,0,0,0,0,0,0,0,0
1778082239.5713754,g2.hpc.coe,40875,0.5001,0,100.0,2035.0,12288.0,108770089517,109020901056,111704258,111910848,2647631,0,0,0,0,0,0,0,0,0,0,0,0,40995452,40965428,41196,41173,3278,0,0,0,0,0,0,0,0
1778082240.0714576,g2.hpc.coe,40875,0.5001,0,100.0,2035.0,12288.0,108805517647,109056298277,111739954,111946526,2647659,0,0,0,0,0,0,0,0,0,0,0,0,35428130,35397221,35696,35678,28,0,0,0,0,0,0,0,0
1778082240.5715377,g2.hpc.coe,40875,0.5001,0,100.0,2035.0,12288.0,108840255873,109091008562,111774913,111981456,2648605,0,0,0,0,0,0,0,0,0,0,0,0,34738226,34710285,34959,34930,946,0,0,0,0,0,0,0,0
1778082241.0716226,g2.hpc.coe,40875,0.5001,0,100.0,2035.0,12288.0,108881250461,109131973982,111816113,112022630,2650375,0,0,0,0,0,0,0,0,0,0,0,0,40994588,40965420,41200,41174,1770,0,0,0,0,0,0,0,0
1778082241.571705,g2.hpc.coe,40875,0.5001,0,100.0,2035.0,12288.0,108916677656,109167371146,111851805,112058302,2650398,0,0,0,0,0,0,0,0,0,0,0,0,35427195,35397164,35692,35672,23,0,0,0,0,0,0,0,0
1778082242.0717921,g2.hpc.coe,40875,0.5001,0,100.0,2035.0,12288.0,108957672949,109208336978,111893020,112099479,2653873,0,0,0,0,0,0,0,0,0,0,0,0,40995293,40965832,41215,41177,3475,0,0,0,0,0,0,0,0
1778082242.5718765,g2.hpc.coe,40875,0.5001,0,100.0,2035.0,12288.0,108993100381,109243734169,111928723,112135148,2654387,0,0,0,0,0,0,0,0,0,0,0,0,35427432,35397191,35703,35669,514,0,0,0,0,0,0,0,0
1778082243.0719626,g2.hpc.coe,40875,0.5001,0,100.0,2035.0,12288.0,109027837664,109278444411,111963663,112170074,2655058,0,0,0,0,0,0,0,0,0,0,0,0,34737283,34710242,34940,34926,671,0,0,0,0,0,0,0,0
1778082243.5720427,g2.hpc.coe,40875,0.5001,0,100.0,2035.0,12288.0,109068832446,109319409838,112004856,112211249,2655078,0,0,0,0,0,0,0,0,0,0,0,0,40994782,40965427,41193,41175,20,0,0,0,0,0,0,0,0
1778082244.0721264,g2.hpc.coe,40875,0.5001,0,100.0,2035.0,12288.0,109104259905,109354806988,112040551,112246919,2655101,0,0,0,0,0,0,0,0,0,0,0,0,35427459,35397150,35695,35670,23,0,0,0,0,0,0,0,0
1778082244.5721848,g2.hpc.coe,40875,0.5001,0,100.0,2035.0,12288.0,109145254742,109395772359,112081738,112288086,2658385,0,0,0,0,0,0,0,0,0,0,0,0,40994837,40965371,41187,41167,3284,0,0,0,0,0,0,0,0
1778082245.07227,g2.hpc.coe,40875,0.5001,0,100.0,2035.0,12288.0,109180682277,109431169572,112117430,112323765,2658816,0,0,0,0,0,0,0,0,0,0,0,0,35427535,35397213,35692,35679,431,0,0,0,0,0,0,0,0
1778082245.572351,g2.hpc.coe,40875,0.5001,0,100.0,2035.0,12288.0,109215419937,109465879850,112152387,112358694,2659629,0,0,0,0,0,0,0,0,0,0,0,0,34737660,34710278,34957,34929,813,0,0,0,0,0,0,0,0
1778082246.0724382,g2.hpc.coe,40875,0.5001,0,100.0,2035.0,12288.0,109256415012,109506845243,112193585,112399862,2659661,0,0,0,0,0,0,0,0,0,0,0,0,40995075,40965393,41198,41168,32,0,0,0,0,0,0,0,0
1778082246.5725245,g2.hpc.coe,40875,0.5001,0,100.0,2035.0,12288.0,109291842820,109542242492,112229293,112435544,2659680,0,0,0,0,0,0,0,0,0,0,0,0,35427808,35397249,35708,35682,19,0,0,0,0,0,0,0,0
1778082247.0726116,g2.hpc.coe,40875,0.5001,0,100.0,2035.0,12288.0,109332837950,109583207822,112270485,112476703,2664838,0,0,0,0,0,0,0,0,0,0,0,0,40995130,40965330,41192,41159,5158,0,0,0,0,0,0,0,0
1778082247.572697,g2.hpc.coe,40875,0.5001,0,100.0,2035.0,12288.0,109368265834,109618605070,112306181,112512378,2665019,0,0,0,0,0,0,0,0,0,0,0,0,35427884,35397248,35696,35675,181,0,0,0,0,0,0,0,0
1778082248.072785,g2.hpc.coe,40875,0.5001,0,100.0,2035.0,12288.0,109409261097,109659570498,112347378,112553551,2666945,0,0,0,0,0,0,0,0,0,0,0,0,40995263,40965428,41197,41173,1926,0,0,0,0,0,0,0,0
1778082248.572883,g2.hpc.coe,40875,0.5001,0,100.0,2035.0,12288.0,109444689057,109694967684,112383080,112589224,2667396,0,0,0,0,0,0,0,0,0,0,0,0,35427960,35397186,35702,35673,451,0,0,0,0,0,0,0,0
1778082249.0729685,g2.hpc.coe,40875,0.5001,0,100.0,2035.0,12288.0,109479427043,109729677955,112418035,112624152,2668359,0,0,0,0,0,0,0,0,0,0,0,0,34737986,34710271,34955,34928,963,0,0,0,0,0,0,0,0
1778082249.5730588,g2.hpc.coe,40875,0.5001,0,100.0,2035.0,12288.0,109520422424,109770643369,112459228,112665323,2670273,0,0,0,0,0,0,0,0,0,0,0,0,40995381,40965414,41193,41171,1914,0,0,0,0,0,0,0,0
1778082250.0731404,g2.hpc.coe,40875,0.5001,0,100.0,2035.0,12288.0,109555850482,109806040534,112494923,112700993,2670429,0,0,0,0,0,0,0,0,0,0,0,0,35428058,35397165,35695,35670,156,0,0,0,0,0,0,0,0
1778082250.5732248,g2.hpc.coe,40875,0.5001,0,100.0,2035.0,12288.0,109595286879,109845555833,112534920,112741052,2672095,0,0,0,0,0,0,0,0,0,0,0,0,39436397,39515299,39997,40059,1666,0,0,0,0,0,0,0,0
1778082251.0733113,g2.hpc.coe,40875,0.5001,0,100.0,2035.0,12288.0,109632274138,109882403148,112571810,112777839,2672123,0,0,0,0,0,0,0,0,0,0,0,0,36987259,36847315,36890,36787,28,0,0,0,0,0,0,0,0
1778082251.5733926,g2.hpc.coe,40875,0.5001,0,100.0,2035.0,12288.0,109667011266,109917113439,112606756,112812772,2672166,0,0,0,0,0,0,0,0,0,0,0,0,34737128,34710291,34946,34933,43,0,0,0,0,0,0,0,0
1778082252.0734794,g2.hpc.coe,40875,0.5001,0,100.0,2035.0,12288.0,109708005809,109958078831,112647943,112853942,2673286,0,0,0,0,0,0,0,0,0,0,0,0,40994543,40965392,41187,41170,1120,0,0,0,0,0,0,0,0
1778082252.5735612,g2.hpc.coe,40875,0.5001,0,100.0,2035.0,12288.0,109743433169,109993476029,112683643,112889612,2674016,0,0,0,0,0,0,0,0,0,0,0,0,35427360,35397198,35700,35670,730,0,0,0,0,0,0,0,0
1778082253.0736468,g2.hpc.coe,40875,0.5001,0,100.0,2035.0,12288.0,109782583998,110032718745,112723404,112929398,2676439,0,0,0,0,0,0,0,0,0,0,0,0,39150829,39242716,39761,39786,2423,0,0,0,0,0,0,0,0
1778082253.573727,g2.hpc.coe,40875,0.5001,0,100.0,2035.0,12288.0,109819855240,110069838543,112760535,112966448,2676461,0,0,0,0,0,0,0,0,0,0,0,0,37271242,37119798,37131,37050,22,0,0,0,0,0,0,0,0
1778082254.0738075,g2.hpc.coe,40875,0.5001,0,100.0,2035.0,12288.0,109854592653,110104548834,112795487,113001381,2677486,0,0,0,0,0,0,0,0,0,0,0,0,34737413,34710291,34952,34933,1025,0,0,0,0,0,0,0,0
1778082254.5738928,g2.hpc.coe,40875,0.5001,0,100.0,2035.0,12288.0,109895587552,110145514296,112836690,113042561,2679238,0,0,0,0,0,0,0,0,0,0,0,0,40994899,40965462,41203,41180,1752,0,0,0,0,0,0,0,0
1778082255.0739834,g2.hpc.coe,40875,0.5001,0,100.0,2035.0,12288.0,109931015093,110180911502,112872390,113078239,2679264,0,0,0,0,0,0,0,0,0,0,0,0,35427541,35397206,35700,35678,26,0,0,0,0,0,0,0,0
1778082255.574066,g2.hpc.coe,40875,0.5001,0,100.0,2035.0,12288.0,109972002406,110221869168,112913591,113119407,2682308,0,0,0,0,0,0,0,0,0,0,0,0,40987313,40957666,41201,41168,3044,0,0,0,0,0,0,0,0
1778082256.0741472,g2.hpc.coe,40875,0.5001,0,100.0,2035.0,12288.0,110007437849,110257274059,112949308,113155079,2683994,0,0,0,0,0,0,0,0,0,0,0,0,35435443,35404891,35717,35672,1686,0,0,0,0,0,0,0,0
1778082256.5742283,g2.hpc.coe,40875,0.5001,0,100.0,2035.0,12288.0,110042175501,110291984400,112984257,113190017,2684406,0,0,0,0,0,0,0,0,0,0,0,0,34737652,34710341,34949,34938,412,0,0,0,0,0,0,0,0
1778082257.0743206,g2.hpc.coe,40875,0.5001,0,100.0,2035.0,12288.0,110083171204,110332950233,113025466,113231192,2686055,0,0,0,0,0,0,0,0,0,0,0,0,40995703,40965833,41209,41175,1649,0,0,0,0,0,0,0,0
1778082257.5744016,g2.hpc.coe,40875,0.5001,0,100.0,2035.0,12288.0,110118598948,110368347461,113061158,113266871,2686239,0,0,0,0,0,0,0,0,0,0,0,0,35427744,35397228,35692,35679,184,0,0,0,0,0,0,0,0
1778082258.074494,g2.hpc.coe,40875,0.5001,0,100.0,2035.0,12288.0,110159594218,110409312874,113102354,113308035,2686823,0,0,0,0,0,0,0,0,0,0,0,0,40995270,40965413,41196,41164,584,0,0,0,0,0,0,0,0
1778082258.574579,g2.hpc.coe,40875,0.5001,0,100.0,2035.0,12288.0,110195022102,110444710102,113138052,113343714,2686853,0,0,0,0,0,0,0,0,0,0,0,0,35427884,35397228,35698,35679,30,0,0,0,0,0,0,0,0
1778082259.0746636,g2.hpc.coe,40875,0.5001,0,100.0,2035.0,12288.0,110229760011,110479420429,113173003,113378650,2687170,0,0,0,0,0,0,0,0,0,0,0,0,34737909,34710327,34951,34936,317,0,0,0,0,0,0,0,0
1778082259.574747,g2.hpc.coe,40875,0.5001,0,100.0,2035.0,12288.0,110270755266,110520385808,113214185,113419816,2687259,0,0,0,0,0,0,0,0,0,0,0,0,40995255,40965379,41182,41166,89,0,0,0,0,0,0,0,0
1778082260.0748355,g2.hpc.coe,40875,0.5001,0,100.0,2035.0,12288.0,110306183337,110555783015,113249889,113455492,2687293,0,0,0,0,0,0,0,0,0,0,0,0,35428071,35397207,35704,35676,34,0,0,0,0,0,0,0,0
1778082260.5749161,g2.hpc.coe,40875,0.5001,0,100.0,2035.0,12288.0,110347178800,110596748436,113291087,113496664,2689594,0,0,0,0,0,0,0,0,0,0,0,0,40995463,40965421,41198,41172,2301,0,0,0,0,0,0,0,0
1778082261.075002,g2.hpc.coe,40875,0.5001,0,100.0,2035.0,12288.0,110382606983,110632145622,113326791,113532337,2690092,0,0,0,0,0,0,0,0,0,0,0,0,35428183,35397186,35704,35673,498,0,0,0,0,0,0,0,0
1778082261.5750852,g2.hpc.coe,40875,0.5001,0,100.0,2035.0,12288.0,110417345171,110666855893,113361745,113567265,2691096,0,0,0,0,0,0,0,0,0,0,0,0,34738188,34710271,34954,34928,1004,0,0,0,0,0,0,0,0
1778082262.0751703,g2.hpc.coe,40875,0.5001,0,100.0,2035.0,12288.0,110458339665,110707821299,113402932,113608437,2691525,0,0,0,0,0,0,0,0,0,0,0,0,40994494,40965406,41187,41172,429,0,0,0,0,0,0,0,0
1778082262.5752552,g2.hpc.coe,40875,0.5001,0,100.0,2035.0,12288.0,110493766927,110743218435,113438634,113644105,2692446,0,0,0,0,0,0,0,0,0,0,0,0,35427262,35397136,35702,35668,921,0,0,0,0,0,0,0,0
1778082263.0753405,g2.hpc.coe,40875,0.5001,0,100.0,2035.0,12288.0,110534761630,110784183896,113479828,113685278,2695123,0,0,0,0,0,0,0,0,0,0,0,0,40994703,40965461,41194,41173,2677,0,0,0,0,0,0,0,0
1778082263.5754244,g2.hpc.coe,40875,0.5001,0,100.0,2035.0,12288.0,110570188989,110819581102,113515530,113720956,2695874,0,0,0,0,0,0,0,0,0,0,0,0,35427359,35397206,35702,35678,751,0,0,0,0,0,0,0,0
1778082264.0755122,g2.hpc.coe,40875,0.5001,0,100.0,2035.0,12288.0,110604926346,110854291428,113550481,113755894,2696412,0,0,0,0,0,0,0,0,0,0,0,0,34737357,34710326,34951,34938,538,0,0,0,0,0,0,0,0
1778082264.5755928,g2.hpc.coe,40875,0.5001,0,100.0,2035.0,12288.0,110645921196,110895256813,113591684,113797063,2696822,0,0,0,0,0,0,0,0,0,0,0,0,40994850,40965385,41203,41169,410,0,0,0,0,0,0,0,0
1778082265.0756774,g2.hpc.coe,40875,0.5001,0,100.0,2035.0,12288.0,110681348709,110930653907,113627387,113832725,2696849,0,0,0,0,0,0,0,0,0,0,0,0,35427513,35397094,35703,35662,27,0,0,0,0,0,0,0,0
1778082265.5757577,g2.hpc.coe,40875,0.5001,0,100.0,2035.0,12288.0,110722343544,110971619292,113668574,113873894,2701057,0,0,0,0,0,0,0,0,0,0,0,0,40994835,40965385,41187,41169,4208,0,0,0,0,0,0,0,0
1778082266.07584,g2.hpc.coe,40875,0.5001,0,100.0,2035.0,12288.0,110757771140,111007016505,113704275,113909573,2701223,0,0,0,0,0,0,0,0,0,0,0,0,35427596,35397213,35701,35679,166,0,0,0,0,0,0,0,0
1778082266.5759232,g2.hpc.coe,40875,0.5001,0,100.0,2035.0,12288.0,110793579212,111043654468,113740757,113946754,2702530,0,0,0,0,0,0,0,0,0,0,0,0,35808072,36637963,36482,37181,1307,0,0,0,0,0,0,0,0
1778082267.0760086,g2.hpc.coe,40875,0.5001,0,100.0,2035.0,12288.0,110833677061,111083122179,113781037,113986423,2703513,0,0,0,0,0,0,0,0,0,0,0,0,40097849,39467711,40280,39669,983,0,0,0,0,0,0,0,0
1778082267.576089,g2.hpc.coe,40875,0.5001,0,100.0,2035.0,12288.0,110868931683,111118089453,113816139,114021356,2703534,0,0,0,0,0,0,0,0,0,0,0,0,35254622,34967274,35102,34933,21,0,0,0,0,0,0,0,0
1778082268.0761707,g2.hpc.coe,40875,0.5001,0,100.0,2035.0,12288.0,110909926839,111159054908,113857326,114062526,2703606,0,0,0,0,0,0,0,0,0,0,0,0,40995156,40965455,41187,41170,72,0,0,0,0,0,0,0,0
1778082268.576261,g2.hpc.coe,40875,0.5001,0,100.0,2035.0,12288.0,110945354644,111194452094,113893020,114098199,2703649,0,0,0,0,0,0,0,0,0,0,0,0,35427805,35397186,35694,35673,43,0,0,0,0,0,0,0,0
1778082269.0763447,g2.hpc.coe,40875,0.5001,0,100.0,2035.0,12288.0,110984156742,111233382171,113932450,114137474,2704080,0,0,0,0,0,0,0,0,0,0,0,0,38802098,38930077,39430,39275,431,0,0,0,0,0,0,0,0
1778082269.5764246,g2.hpc.coe,40875,0.5001,0,100.0,2035.0,12288.0,111021777785,111270814680,113969908,114175041,2704107,0,0,0,0,0,0,0,0,0,0,0,0,37621043,37432509,37458,37567,27,0,0,0,0,0,0,0,0
1778082270.0765066,g2.hpc.coe,40875,0.5001,0,100.0,2035.0,12288.0,111056515733,111305524944,114004858,114209968,2705780,0,0,0,0,0,0,0,0,0,0,0,0,34737948,34710264,34950,34927,1673,0,0,0,0,0,0,0,0
1778082270.5765932,g2.hpc.coe,40875,0.5001,0,100.0,2035.0,12288.0,111097511202,111346490421,114046064,114251148,2706543,0,0,0,0,0,0,0,0,0,0,0,0,40995469,40965477,41206,41180,763,0,0,0,0,0,0,0,0
1778082271.0766785,g2.hpc.coe,40875,0.5001,0,100.0,2035.0,12288.0,111132939327,111381887656,114081769,114286828,2710591,0,0,0,0,0,0,0,0,0,0,0,0,35428125,35397235,35705,35680,4048,0,0,0,0,0,0,0,0
1778082271.57676,g2.hpc.coe,40875,0.5001,0,100.0,2035.0,12288.0,111173683769,111422845339,114122936,114327977,2712722,0,0,0,0,0,0,0,0,0,0,0,0,40744442,40957683,41167,41149,2131,0,0,0,0,0,0,0,0
1778082272.0768492,g2.hpc.coe,40875,0.5001,0,100.0,2035.0,12288.0,111209363601,111458250682,114158673,114363677,2712748,0,0,0,0,0,0,0,0,0,0,0,0,35679832,35405343,35737,35700,26,0,0,0,0,0,0,0,0
1778082272.5769072,g2.hpc.coe,40875,0.5001,0,100.0,2035.0,12288.0,111244100747,111492960952,114193622,114398607,2714625,0,0,0,0,0,0,0,0,0,0,0,0,34737146,34710270,34949,34930,1877,0,0,0,0,0,0,0,0
1778082273.0769744,g2.hpc.coe,40875,0.5001,0,100.0,2035.0,12288.0,111285095414,111533926483,114234818,114439790,2716115,0,0,0,0,0,0,0,0,0,0,0,0,40994667,40965531,41196,41183,1490,0,0,0,0,0,0,0,0
1778082273.577058,g2.hpc.coe,40875,0.5001,0,100.0,2035.0,12288.0,111320522702,111569323675,114270517,114475466,2716519,0,0,0,0,0,0,0,0,0,0,0,0,35427288,35397192,35699,35676,404,0,0,0,0,0,0,0,0
1778082274.0771146,g2.hpc.coe,40875,0.5001,0,100.0,2035.0,12288.0,111361517439,111610289067,114311718,114516636,2718108,0,0,0,0,0,0,0,0,0,0,0,0,40994737,40965392,41201,41170,1589,0,0,0,0,0,0,0,0
1778082274.5771992,g2.hpc.coe,40875,0.5001,0,100.0,2035.0,12288.0,111396944846,111645686294,114347420,114552317,2718210,0,0,0,0,0,0,0,0,0,0,0,0,35427407,35397227,35702,35681,102,0,0,0,0,0,0,0,0
1778082275.077285,g2.hpc.coe,40875,0.5001,0,100.0,2035.0,12288.0,111431682187,111680396578,114382362,114587249,2718364,0,0,0,0,0,0,0,0,0,0,0,0,34737341,34710284,34942,34932,154,0,0,0,0,0,0,0,0
1778082275.577367,g2.hpc.coe,40875,0.5001,0,100.0,2035.0,12288.0,111472677021,111721361928,114423556,114628413,2721113,0,0,0,0,0,0,0,0,0,0,0,0,40994834,40965350,41194,41164,2749,0,0,0,0,0,0,0,0
1778082276.0774488,g2.hpc.coe,40875,0.5001,0,100.0,2035.0,12288.0,111508104609,111756759141,114459263,114664092,2721132,0,0,0,0,0,0,0,0,0,0,0,0,35427588,35397213,35707,35679,19,0,0,0,0,0,0,0,0
1778082276.5775328,g2.hpc.coe,40875,0.5001,0,100.0,2035.0,12288.0,111549099533,111797724540,114500456,114705263,2722786,0,0,0,0,0,0,0,0,0,0,0,0,40994924,40965399,41193,41171,1654,0,0,0,0,0,0,0,0
1778082277.0776172,g2.hpc.coe,40875,0.5001,0,100.0,2035.0,12288.0,111584527219,111833121761,114536161,114740941,2722808,0,0,0,0,0,0,0,0,0,0,0,0,35427686,35397221,35705,35678,22,0,0,0,0,0,0,0,0
1778082277.5777009,g2.hpc.coe,40875,0.5001,0,100.0,2035.0,12288.0,111619264945,111867832053,114571121,114775872,2723656,0,0,0,0,0,0,0,0,0,0,0,0,34737726,34710292,34960,34931,848,0,0,0,0,0,0,0,0
1778082278.07779,g2.hpc.coe,40875,0.5001,0,100.0,2035.0,12288.0,111660260016,111908797467,114612312,114817043,2724573,0,0,0,0,0,0,0,0,0,0,0,0,40995071,40965414,41191,41171,917,0,0,0,0,0,0,0,0
1778082278.5778785,g2.hpc.coe,40875,0.5001,0,100.0,2035.0,12288.0,111695687848,111944194743,114648008,114852722,2724595,0,0,0,0,0,0,0,0,0,0,0,0,35427832,35397276,35696,35679,22,0,0,0,0,0,0,0,0
1778082279.0779674,g2.hpc.coe,40875,0.5001,0,100.0,2035.0,12288.0,111736683044,111985160122,114689203,114893888,2726390,0,0,0,0,0,0,0,0,0,0,0,0,40995196,40965379,41195,41166,1795,0,0,0,0,0,0,0,0
1778082279.578049,g2.hpc.coe,40875,0.5001,0,100.0,2035.0,12288.0,111772110952,112020557308,114724905,114929561,2726646,0,0,0,0,0,0,0,0,0,0,0,0,35427908,35397186,35702,35673,256,0,0,0,0,0,0,0,0
1778082280.0781362,g2.hpc.coe,40875,0.5001,0,100.0,2035.0,12288.0,111806848837,112055267558,114759853,114964486,2727185,0,0,0,0,0,0,0,0,0,0,0,0,34737885,34710250,34948,34925,539,0,0,0,0,0,0,0,0
1778082280.578216,g2.hpc.coe,40875,0.5001,0,100.0,2035.0,12288.0,111847844214,112096232986,114801053,115005659,2727209,0,0,0,0,0,0,0,0,0,0,0,0,40995377,40965428,41200,41173,24,0,0,0,0,0,0,0,0
1778082281.0783043,g2.hpc.coe,40875,0.5001,0,100.0,2035.0,12288.0,111883272233,112131630137,114836750,115041327,2727666,0,0,0,0,0,0,0,0,0,0,0,0,35428019,35397151,35697,35668,457,0,0,0,0,0,0,0,0
1778082281.5783873,g2.hpc.coe,40875,0.5001,0,100.0,2035.0,12288.0,111924267735,112172595516,114877954,115082493,2729188,0,0,0,0,0,0,0,0,0,0,0,0,40995502,40965379,41204,41166,1522,0,0,0,0,0,0,0,0
1778082282.0784786,g2.hpc.coe,40875,0.5001,0,100.0,2035.0,12288.0,111959695929,112207992688,114913660,115118164,2729219,0,0,0,0,0,0,0,0,0,0,0,0,35428194,35397172,35706,35671,31,0,0,0,0,0,0,0,0
1778082282.5785618,g2.hpc.coe,40875,0.5001,0,100.0,2035.0,12288.0,112000691516,112248958144,114954860,115159341,2730393,0,0,0,0,0,0,0,0,0,0,0,0,40995587,40965456,41200,41177,1174,0,0,0,0,0,0,0,0
1778082283.078646,g2.hpc.coe,40875,0.5001,0,100.0,2035.0,12288.0,112036118768,112284355308,114990568,115195013,2730434,0,0,0,0,0,0,0,0,0,0,0,0,35427252,35397164,35708,35672,41,0,0,0,0,0,0,0,0
1778082283.578729,g2.hpc.coe,40875,0.5001,0,100.0,2035.0,12288.0,112070855996,112319065577,115025513,115229936,2731276,0,0,0,0,0,0,0,0,0,0,0,0,34737228,34710269,34945,34923,842,0,0,0,0,0,0,0,0
1778082284.0788188,g2.hpc.coe,40875,0.5001,0,100.0,2035.0,12288.0,112111850598,112360030969,115066702,115271106,2733022,0,0,0,0,0,0,0,0,0,0,0,0,40994602,40965392,41189,41170,1746,0,0,0,0,0,0,0,0
1778082284.5789142,g2.hpc.coe,40875,0.5001,0,100.0,2035.0,12288.0,112147277933,112395428175,115102401,115306784,2733187,0,0,0,0,0,0,0,0,0,0,0,0,35427335,35397206,35699,35678,165,0,0,0,0,0,0,0,0
1778082285.0789976,g2.hpc.coe,40875,0.5001,0,100.0,2035.0,12288.0,112188272646,112436393574,115143592,115347955,2733492,0,0,0,0,0,0,0,0,0,0,0,0,40994713,40965399,41191,41171,305,0,0,0,0,0,0,0,0
1778082285.579078,g2.hpc.coe,40875,0.5001,0,100.0,2035.0,12288.0,112223010048,112471229744,115178723,115383218,2733559,0,0,0,0,0,0,0,0,0,0,0,0,34737402,34836170,35131,35263,67,0,0,0,0,0,0,0,0
1778082286.0791738,g2.hpc.coe,40875,0.5001,0,100.0,2035.0,12288.0,112258437479,112506501008,115214235,115418557,2733936,0,0,0,0,0,0,0,0,0,0,0,0,35427431,35271264,35512,35339,377,0,0,0,0,0,0,0,0
1778082286.5792599,g2.hpc.coe,40875,0.5001,0,100.0,2035.0,12288.0,112299432373,112547466393,115255431,115459726,2735108,0,0,0,0,0,0,0,0,0,0,0,0,40994894,40965385,41196,41169,1172,0,0,0,0,0,0,0,0
1778082287.079346,g2.hpc.coe,40875,0.5001,0,100.0,2035.0,12288.0,112334860531,112582864025,115291141,115495409,2735126,0,0,0,0,0,0,0,0,0,0,0,0,35428158,35397632,35710,35683,18,0,0,0,0,0,0,0,0
1778082287.5794322,g2.hpc.coe,40875,0.5001,0,100.0,2035.0,12288.0,112373552123,112621918369,115330473,115535006,2736835,0,0,0,0,0,0,0,0,0,0,0,0,38691592,39054344,39332,39597,1709,0,0,0,0,0,0,0,0
1778082288.0795271,g2.hpc.coe,40875,0.5001,0,100.0,2035.0,12288.0,112411283115,112659226583,115368020,115572247,2736863,0,0,0,0,0,0,0,0,0,0,0,0,37730992,37308214,37547,37241,28,0,0,0,0,0,0,0,0
1778082288.579611,g2.hpc.coe,40875,0.5001,0,100.0,2035.0,12288.0,112446020971,112693937014,115402983,115607191,2737413,0,0,0,0,0,0,0,0,0,0,0,0,34737856,34710431,34963,34944,550,0,0,0,0,0,0,0,0
1778082289.0796988,g2.hpc.coe,40875,0.5001,0,100.0,2035.0,12288.0,112487016394,112734902648,115444186,115648362,2738535,0,0,0,0,0,0,0,0,0,0,0,0,40995423,40965634,41203,41171,1122,0,0,0,0,0,0,0,0
1778082289.5797846,g2.hpc.coe,40875,0.5001,0,100.0,2035.0,12288.0,112522444203,112770299855,115479879,115684038,2738563,0,0,0,0,0,0,0,0,0,0,0,0,35427809,35397207,35693,35676,28,0,0,0,0,0,0,0,0
1778082290.0798717,g2.hpc.coe,40875,0.5001,0,100.0,2035.0,12288.0,112562212224,112810271034,115520409,115724653,2739531,0,0,0,0,0,0,0,0,0,0,0,0,39768021,39971179,40530,40615,968,0,0,0,0,0,0,0,0
1778082290.579956,g2.hpc.coe,40875,0.5001,0,100.0,2035.0,12288.0,112598867422,112846662504,115556779,115760889,2739596,0,0,0,0,0,0,0,0,0,0,0,0,36655198,36391470,36370,36236,65,0,0,0,0,0,0,0,0
1778082291.0800414,g2.hpc.coe,40875,0.5001,0,100.0,2035.0,12288.0,112633605409,112881372810,115591735,115795822,2739621,0,0,0,0,0,0,0,0,0,0,0,0,34737987,34710306,34956,34933,25,0,0,0,0,0,0,0,0
1778082291.5801277,g2.hpc.coe,40875,0.5001,0,100.0,2035.0,12288.0,112674600748,112922338203,115632923,115836990,2742175,0,0,0,0,0,0,0,0,0,0,0,0,40995339,40965393,41188,41168,2554,0,0,0,0,0,0,0,0
1778082292.08021,g2.hpc.coe,40875,0.5001,0,100.0,2035.0,12288.0,112710028806,112957735452,115668619,115872672,2742245,0,0,0,0,0,0,0,0,0,0,0,0,35428058,35397249,35696,35682,70,0,0,0,0,0,0,0,0
1778082292.5802915,g2.hpc.coe,40875,0.5001,0,100.0,2035.0,12288.0,112751016559,112998693133,115709786,115913817,2742783,0,0,0,0,0,0,0,0,0,0,0,0,40987753,40957681,41167,41145,538,0,0,0,0,0,0,0,0
1778082293.080377,g2.hpc.coe,40875,0.5001,0,100.0,2035.0,12288.0,112786452455,113034098073,115745507,115949519,2742810,0,0,0,0,0,0,0,0,0,0,0,0,35435896,35404940,35721,35702,27,0,0,0,0,0,0,0,0
1778082293.5804605,g2.hpc.coe,40875,0.5001,0,100.0,2035.0,12288.0,112821189708,113068808349,115780463,115984443,2743452,0,0,0,0,0,0,0,0,0,0,0,0,34737253,34710276,34956,34924,642,0,0,0,0,0,0,0,0
1778082294.0805461,g2.hpc.coe,40875,0.5001,0,100.0,2035.0,12288.0,112862184314,113109773734,115821660,116025612,2745059,0,0,0,0,0,0,0,0,0,0,0,0,40994606,40965385,41197,41169,1607,0,0,0,0,0,0,0,0
1778082294.5806305,g2.hpc.coe,40875,0.5001,0,100.0,2035.0,12288.0,112897611569,113145170968,115857355,116061294,2745089,0,0,0,0,0,0,0,0,0,0,0,0,35427255,35397234,35695,35682,30,0,0,0,0,0,0,0,0
1778082295.080717,g2.hpc.coe,40875,0.5001,0,100.0,2035.0,12288.0,112938606308,113186136374,115898557,116102466,2746406,0,0,0,0,0,0,0,0,0,0,0,0,40994739,40965406,41202,41172,1317,0,0,0,0,0,0,0,0
1778082295.5807986,g2.hpc.coe,40875,0.5001,0,100.0,2035.0,12288.0,112974033737,113221533601,115934263,116138147,2746428,0,0,0,0,0,0,0,0,0,0,0,0,35427429,35397227,35706,35681,22,0,0,0,0,0,0,0,0
1778082296.0808783,g2.hpc.coe,40875,0.5001,0,100.0,2035.0,12288.0,113008771115,113256243836,115969211,116173072,2747391,0,0,0,0,0,0,0,0,0,0,0,0,34737378,34710235,34948,34925,963,0,0,0,0,0,0,0,0
1778082296.580965,g2.hpc.coe,40875,0.5001,0,100.0,2035.0,12288.0,113049765902,113297209186,116010399,116214236,2747514,0,0,0,0,0,0,0,0,0,0,0,0,40994787,40965350,41188,41164,123,0,0,0,0,0,0,0,0
1778082297.0810502,g2.hpc.coe,40875,0.5001,0,100.0,2035.0,12288.0,113085193463,113332606420,116046103,116249918,2747532,0,0,0,0,0,0,0,0,0,0,0,0,35427561,35397234,35704,35682,18,0,0,0,0,0,0,0,0
1778082297.581105,g2.hpc.coe,40875,0.5001,0,100.0,2035.0,12288.0,113126188431,113373571784,116087303,116291084,2751578,0,0,0,0,0,0,0,0,0,0,0,0,40994968,40965364,41200,41166,4046,0,0,0,0,0,0,0,0
1778082298.0811937,g2.hpc.coe,40875,0.5001,0,100.0,2035.0,12288.0,113161616104,113408968977,116123007,116326758,2751712,0,0,0,0,0,0,0,0,0,0,0,0,35427673,35397193,35704,35674,134,0,0,0,0,0,0,0,0
1778082298.5812798,g2.hpc.coe,40875,0.5001,0,100.0,2035.0,12288.0,113196353775,113443679290,116157960,116361692,2752346,0,0,0,0,0,0,0,0,0,0,0,0,34737671,34710313,34953,34934,634,0,0,0,0,0,0,0,0
1778082299.081365,g2.hpc.coe,40875,0.5001,0,100.0,2035.0,12288.0,113237348966,113484644759,116199162,116402864,2752460,0,0,0,0,0,0,0,0,0,0,0,0,40995191,40965469,41202,41172,114,0,0,0,0,0,0,0,0
1778082299.5814502,g2.hpc.coe,40875,0.5001,0,100.0,2035.0,12288.0,113272776771,113520041994,116234864,116438544,2755044,0,0,0,0,0,0,0,0,0,0,0,0,35427805,35397235,35702,35680,2584,0,0,0,0,0,0,0,0
1778082300.0815365,g2.hpc.coe,40875,0.5001,0,100.0,2035.0,12288.0,113313771969,113561007436,116276060,116479719,2760220,0,0,0,0,0,0,0,0,0,0,0,0,40995198,40965442,41196,41175,5176,0,0,0,0,0,0,0,0
1778082300.5816228,g2.hpc.coe,40875,0.5001,0,100.0,2035.0,12288.0,113349199858,113596404531,116311760,116515379,2760258,0,0,0,0,0,0,0,0,0,0,0,0,35427889,35397095,35700,35660,38,0,0,0,0,0,0,0,0
1778082301.08171,g2.hpc.coe,40875,0.5001,0,100.0,2035.0,12288.0,113390195147,113637369931,116352955,116556548,2771478,0,0,0,0,0,0,0,0,0,0,0,0,40995289,40965400,41195,41169,11220,0,0,0,0,0,0,0,0
1778082301.5818172,g2.hpc.coe,40875,0.5001,0,100.0,2035.0,12288.0,113424936301,113672301711,116387987,116591879,2776130,0,0,0,0,0,0,0,0,0,0,0,0,34741154,34931780,35032,35331,4652,0,0,0,0,0,0,0,0
1778082302.0819087,g2.hpc.coe,40875,0.5001,0,100.0,2035.0,12288.0,113460365002,113707585361,116423700,116627397,2776151,0,0,0,0,0,0,0,0,0,0,0,0,35428701,35283650,35713,35518,21,0,0,0,0,0,0,0,0
1778082302.5819974,g2.hpc.coe,40875,0.5001,0,100.0,2035.0,12288.0,113501360437,113748550768,116464895,116668567,2776551,0,0,0,0,0,0,0,0,0,0,0,0,40995435,40965407,41195,41170,400,0,0,0,0,0,0,0,0
1778082303.0820904,g2.hpc.coe,40875,0.5001,0,100.0,2035.0,12288.0,113536788515,113783948010,116500585,116704248,2776864,0,0,0,0,0,0,0,0,0,0,0,0,35428078,35397242,35690,35681,313,0,0,0,0,0,0,0,0
1778082303.582174,g2.hpc.coe,40875,0.5001,0,100.0,2035.0,12288.0,113571526682,113818658267,116535537,116739174,2776890,0,0,0,0,0,0,0,0,0,0,0,0,34738167,34710257,34952,34926,26,0,0,0,0,0,0,0,0
1778082304.0822659,g2.hpc.coe,40875,0.5001,0,100.0,2035.0,12288.0,113612521350,113859623665,116576741,116780338,2776911,0,0,0,0,0,0,0,0,0,0,0,0,40994668,40965398,41204,41164,21,0,0,0,0,0,0,0,0
1778082304.5823476,g2.hpc.coe,40875,0.5001,0,100.0,2035.0,12288.0,113647948575,113895020815,116612439,116816008,2776934,0,0,0,0,0,0,0,0,0,0,0,0,35427225,35397150,35698,35670,23,0,0,0,0,0,0,0,0
1778082305.0824332,g2.hpc.coe,40875,0.5001,0,100.0,2035.0,12288.0,113688943130,113935986116,116653622,116857165,2778029,0,0,0,0,0,0,0,0,0,0,0,0,40994555,40965301,41183,41157,1095,0,0,0,0,0,0,0,0
1778082305.5825152,g2.hpc.coe,40875,0.5001,0,100.0,2035.0,12288.0,113724370467,113971383294,116689322,116892839,2778184,0,0,0,0,0,0,0,0,0,0,0,0,35427337,35397178,35700,35674,155,0,0,0,0,0,0,0,0
1778082306.0826056,g2.hpc.coe,40875,0.5001,0,100.0,2035.0,12288.0,113762981471,114010313335,116728614,116932190,2778204,0,0,0,0,0,0,0,0,0,0,0,0,38611004,38930041,39292,39351,20,0,0,0,0,0,0,0,0
1778082306.582689,g2.hpc.coe,40875,0.5001,0,100.0,2035.0,12288.0,113800275680,114047218360,116765732,116969283,2778230,0,0,0,0,0,0,0,0,0,0,0,0,37294209,36905025,37118,37093,26,0,0,0,0,0,0,0,0
1778082307.0827742,g2.hpc.coe,40875,0.5001,0,100.0,2035.0,12288.0,113835530055,114082456057,116801164,117004602,2779410,0,0,0,0,0,0,0,0,0,0,0,0,35254375,35237697,35432,35319,1180,0,0,0,0,0,0,0,0
1778082307.5828645,g2.hpc.coe,40875,0.5001,0,100.0,2035.0,12288.0,113876524930,114123421449,116842358,117045772,2780654,0,0,0,0,0,0,0,0,0,0,0,0,40994875,40965392,41194,41170,1244,0,0,0,0,0,0,0,0
1778082308.0829494,g2.hpc.coe,40875,0.5001,0,100.0,2035.0,12288.0,113911952566,114158818655,116878066,117081450,2780677,0,0,0,0,0,0,0,0,0,0,0,0,35427636,35397206,35708,35678,23,0,0,0,0,0,0,0,0
1778082308.5830297,g2.hpc.coe,40875,0.5001,0,100.0,2035.0,12288.0,113949672693,114197184677,116916541,117120409,2780934,0,0,0,0,0,0,0,0,0,0,0,0,37720127,38366022,38475,38959,257,0,0,0,0,0,0,0,0
1778082309.0831165,g2.hpc.coe,40875,0.5001,0,100.0,2035.0,12288.0,113988249355,114235181254,116954971,117158287,2780964,0,0,0,0,0,0,0,0,0,0,0,0,38576662,37996577,38430,37878,30,0,0,0,0,0,0,0,0
1778082309.5832007,g2.hpc.coe,40875,0.5001,0,100.0,2035.0,12288.0,114023113133,114269891455,116989928,117193205,2780987,0,0,0,0,0,0,0,0,0,0,0,0,34863778,34710201,34957,34918,23,0,0,0,0,0,0,0,0
1778082310.083289,g2.hpc.coe,40875,0.5001,0,100.0,2035.0,12288.0,114064108365,114310856876,117031136,117234377,2782328,0,0,0,0,0,0,0,0,0,0,0,0,40995232,40965421,41208,41172,1341,0,0,0,0,0,0,0,0
1778082310.5833733,g2.hpc.coe,40875,0.5001,0,100.0,2035.0,12288.0,114099536175,114346254104,117066832,117270056,2782356,0,0,0,0,0,0,0,0,0,0,0,0,35427810,35397228,35696,35679,28,0,0,0,0,0,0,0,0
1778082311.0834582,g2.hpc.coe,40875,0.5001,0,100.0,2035.0,12288.0,114139056581,114386388544,117107345,117310867,2782389,0,0,0,0,0,0,0,0,0,0,0,0,39520406,40134440,40513,40811,33,0,0,0,0,0,0,0,0
1778082311.583545,g2.hpc.coe,40875,0.5001,0,100.0,2035.0,12288.0,114175959355,114422616753,117143728,117346907,2794871,0,0,0,0,0,0,0,0,0,0,0,0,36902774,36228209,36383,36040,12482,0,0,0,0,0,0,0,0
1778082312.08363,g2.hpc.coe,40875,0.5001,0,100.0,2035.0,12288.0,114210697351,114457327080,117178686,117381843,2796151,0,0,0,0,0,0,0,0,0,0,0,0,34737996,34710327,34958,34936,1280,0,0,0,0,0,0,0,0
1778082312.5837114,g2.hpc.coe,40875,0.5001,0,100.0,2035.0,12288.0,114251692714,114498292557,117219878,117423023,2799719,0,0,0,0,0,0,0,0,0,0,0,0,40995363,40965477,41192,41180,3568,0,0,0,0,0,0,0,0
1778082313.083796,g2.hpc.coe,40875,0.5001,0,100.0,2035.0,12288.0,114287120831,114533689750,117255583,117458697,2800223,0,0,0,0,0,0,0,0,0,0,0,0,35428117,35397193,35705,35674,504,0,0,0,0,0,0,0,0
1778082313.5838768,g2.hpc.coe,40875,0.5001,0,100.0,2035.0,12288.0,114328116327,114574655143,117296778,117499865,2802749,0,0,0,0,0,0,0,0,0,0,0,0,40995496,40965393,41195,41168,2526,0,0,0,0,0,0,0,0
1778082314.0839653,g2.hpc.coe,40875,0.5001,0,100.0,2035.0,12288.0,114363544612,114610052447,117332482,117535548,2803054,0,0,0,0,0,0,0,0,0,0,0,0,35428285,35397304,35704,35683,305,0,0,0,0,0,0,0,0
1778082314.5840504,g2.hpc.coe,40875,0.5001,0,100.0,2035.0,12288.0,114398281806,114644762745,117367439,117570482,2803184,0,0,0,0,0,0,0,0,0,0,0,0,34737194,34710298,34957,34934,130,0,0,0,0,0,0,0,0
1778082315.0841365,g2.hpc.coe,40875,0.5001,0,100.0,2035.0,12288.0,114439276360,114685728123,117408629,117611650,2804067,0,0,0,0,0,0,0,0,0,0,0,0,40994554,40965378,41190,41168,883,0,0,0,0,0,0,0,0
1778082315.5842202,g2.hpc.coe,40875,0.5001,0,100.0,2035.0,12288.0,114474703703,114721125294,117444337,117647323,2804090,0,0,0,0,0,0,0,0,0,0,0,0,35427343,35397171,35708,35673,23,0,0,0,0,0,0,0,0
1778082316.0843084,g2.hpc.coe,40875,0.5001,0,100.0,2035.0,12288.0,114515698361,114762090721,117485528,117688498,2805601,0,0,0,0,0,0,0,0,0,0,0,0,40994658,40965427,41191,41175,1511,0,0,0,0,0,0,0,0
1778082316.58439,g2.hpc.coe,40875,0.5001,0,100.0,2035.0,12288.0,114551125745,114797487948,117521228,117724179,2805622,0,0,0,0,0,0,0,0,0,0,0,0,35427384,35397227,35700,35681,21,0,0,0,0,0,0,0,0
1778082317.0844831,g2.hpc.coe,40875,0.5001,0,100.0,2035.0,12288.0,114585863749,114832198616,117556192,117759110,2806915,0,0,0,0,0,0,0,0,0,0,0,0,34738004,34710668,34964,34931,1293,0,0,0,0,0,0,0,0
1778082317.5845659,g2.hpc.coe,40875,0.5001,0,100.0,2035.0,12288.0,114626858588,114873164015,117597388,117800281,2809060,0,0,0,0,0,0,0,0,0,0,0,0,40994839,40965399,41196,41171,2145,0,0,0,0,0,0,0,0
1778082318.084661,g2.hpc.coe,40875,0.5001,0,100.0,2035.0,12288.0,114662286104,114908561116,117633086,117835944,2809088,0,0,0,0,0,0,0,0,0,0,0,0,35427516,35397101,35698,35663,28,0,0,0,0,0,0,0,0
1778082318.5847468,g2.hpc.coe,40875,0.5001,0,100.0,2035.0,12288.0,114703281096,114949526487,117674290,117877111,2809627,0,0,0,0,0,0,0,0,0,0,0,0,40994992,40965371,41204,41167,539,0,0,0,0,0,0,0,0
1778082319.0848327,g2.hpc.coe,40875,0.5001,0,100.0,2035.0,12288.0,114738708772,114984923763,117709988,117912790,2809649,0,0,0,0,0,0,0,0,0,0,0,0,35427676,35397276,35698,35679,22,0,0,0,0,0,0,0,0
1778082319.584922,g2.hpc.coe,40875,0.5001,0,100.0,2035.0,12288.0,114773446497,115019634069,117744947,117947723,2809781,0,0,0,0,0,0,0,0,0,0,0,0,34737725,34710306,34959,34933,132,0,0,0,0,0,0,0,0
1778082320.0850132,g2.hpc.coe,40875,0.5001,0,100.0,2035.0,12288.0,114814441594,115060599560,117786143,117988905,2809811,0,0,0,0,0,0,0,0,0,0,0,0,40995097,40965491,41196,41182,30,0,0,0,0,0,0,0,0
1778082320.5851014,g2.hpc.coe,40875,0.5001,0,100.0,2035.0,12288.0,114849869354,115095996739,117821839,118024577,2809839,0,0,0,0,0,0,0,0,0,0,0,0,35427760,35397179,35696,35672,28,0,0,0,0,0,0,0,0
1778082321.0851684,g2.hpc.coe,40875,0.5001,0,100.0,2035.0,12288.0,114890864471,115136962153,117863024,118065748,2812425,0,0,0,0,0,0,0,0,0,0,0,0,40995117,40965414,41185,41171,2586,0,0,0,0,0,0,0,0
1778082321.5852516,g2.hpc.coe,40875,0.5001,0,100.0,2035.0,12288.0,114926292300,115172359423,117898716,118101433,2812864,0,0,0,0,0,0,0,0,0,0,0,0,35427829,35397270,35692,35685,439,0,0,0,0,0,0,0,0
1778082322.0853422,g2.hpc.coe,40875,0.5001,0,100.0,2035.0,12288.0,114961030148,115207069708,117933660,118136363,2813450,0,0,0,0,0,0,0,0,0,0,0,0,34737848,34710285,34944,34930,586,0,0,0,0,0,0,0,0
1778082322.5854099,g2.hpc.coe,40875,0.5001,0,100.0,2035.0,12288.0,115002715589,115248722016,117975614,118178276,2813841,0,0,0,0,0,0,0,0,0,0,0,0,41685441,41652308,41954,41913,391,0,0,0,0,0,0,0,0
1778082323.085497,g2.hpc.coe,40875,0.5001,0,100.0,2035.0,12288.0,115037453632,115283432287,118010572,118213204,2813861,0,0,0,0,0,0,0,0,0,0,0,0,34738043,34710271,34958,34928,20,0,0,0,0,0,0,0,0
1778082323.5855665,g2.hpc.coe,40875,0.5001,0,100.0,2035.0,12288.0,115078449091,115324397736,118051771,118254380,2815330,0,0,0,0,0,0,0,0,0,0,0,0,40995459,40965449,41199,41176,1469,0,0,0,0,0,0,0,0
1778082324.0856583,g2.hpc.coe,40875,0.5001,0,100.0,2035.0,12288.0,115113877165,115359794915,118087461,118290052,2815351,0,0,0,0,0,0,0,0,0,0,0,0,35428074,35397179,35690,35672,21,0,0,0,0,0,0,0,0
1778082324.5857437,g2.hpc.coe,40875,0.5001,0,100.0,2035.0,12288.0,115148615432,115394505199,118122419,118324975,2815374,0,0,0,0,0,0,0,0,0,0,0,0,34738267,34710284,34958,34923,23,0,0,0,0,0,0,0,0
1778082325.085832,g2.hpc.coe,40875,0.5001,0,100.0,2035.0,12288.0,115190299986,115436157520,118164360,118366892,2815411,0,0,0,0,0,0,0,0,0,0,0,0,41684554,41652321,41941,41917,37,0,0,0,0,0,0,0,0
1778082325.5859172,g2.hpc.coe,40875,0.5001,0,100.0,2035.0,12288.0,115225037205,115470867804,118199314,118401824,2815438,0,0,0,0,0,0,0,0,0,0,0,0,34737219,34710284,34954,34932,27,0,0,0,0,0,0,0,0
1778082326.0859902,g2.hpc.coe,40875,0.5001,0,100.0,2035.0,12288.0,115266031839,115511833210,118240509,118442996,2816620,0,0,0,0,0,0,0,0,0,0,0,0,40994634,40965406,41195,41172,1182,0,0,0,0,0,0,0,0
1778082326.5860767,g2.hpc.coe,40875,0.5001,0,100.0,2035.0,12288.0,115301459115,115547230388,118276201,118478670,2816817,0,0,0,0,0,0,0,0,0,0,0,0,35427276,35397178,35692,35674,197,0,0,0,0,0,0,0,0
1778082327.0861614,g2.hpc.coe,40875,0.5001,0,100.0,2035.0,12288.0,115338408258,115584531276,118313912,118516550,2816837,0,0,0,0,0,0,0,0,0,0,0,0,36949143,37300888,37711,37880,20,0,0,0,0,0,0,0,0
1778082327.5862448,g2.hpc.coe,40875,0.5001,0,100.0,2035.0,12288.0,115377881179,115623592979,118353082,118555517,2818562,0,0,0,0,0,0,0,0,0,0,0,0,39472921,39061703,39170,38967,1725,0,0,0,0,0,0,0,0
1778082328.0863295,g2.hpc.coe,40875,0.5001,0,100.0,2035.0,12288.0,115412618586,115658303249,118388028,118590447,2818586,0,0,0,0,0,0,0,0,0,0,0,0,34737407,34710270,34946,34930,24,0,0,0,0,0,0,0,0
1778082328.5864003,g2.hpc.coe,40875,0.5001,0,100.0,2035.0,12288.0,115453613506,115699268627,118429229,118631615,2819784,0,0,0,0,0,0,0,0,0,0,0,0,40994920,40965378,41201,41168,1198,0,0,0,0,0,0,0,0
1778082329.0864854,g2.hpc.coe,40875,0.5001,0,100.0,2035.0,12288.0,115489041054,115734665749,118464925,118667281,2820380,0,0,0,0,0,0,0,0,0,0,0,0,35427548,35397122,35696,35666,596,0,0,0,0,0,0,0,0
1778082329.5865693,g2.hpc.coe,40875,0.5001,0,100.0,2035.0,12288.0,115526098725,115771803217,118502684,118705041,2820407,0,0,0,0,0,0,0,0,0,0,0,0,37057671,37137468,37759,37760,27,0,0,0,0,0,0,0,0
1778082330.08666,g2.hpc.coe,40875,0.5001,0,100.0,2035.0,12288.0,115565463712,115811028362,118541808,118744120,2820490,0,0,0,0,0,0,0,0,0,0,0,0,39364987,39225145,39124,39079,83,0,0,0,0,0,0,0,0
1778082330.58675,g2.hpc.coe,40875,0.5001,0,100.0,2035.0,12288.0,115600201425,115845738682,118576761,118779055,2820511,0,0,0,0,0,0,0,0,0,0,0,0,34737713,34710320,34953,34935,21,0,0,0,0,0,0,0,0
1778082331.0868158,g2.hpc.coe,40875,0.5001,0,100.0,2035.0,12288.0,115641196546,115886704138,118617954,118820232,2823220,0,0,0,0,0,0,0,0,0,0,0,0,40995121,40965456,41193,41177,2709,0,0,0,0,0,0,0,0
1778082331.586899,g2.hpc.coe,40875,0.5001,0,100.0,2035.0,12288.0,115676624358,115922101373,118653651,118855912,2823311,0,0,0,0,0,0,0,0,0,0,0,0,35427812,35397235,35697,35680,91,0,0,0,0,0,0,0,0
1778082332.0869653,g2.hpc.coe,40875,0.5001,0,100.0,2035.0,12288.0,115717620186,115963067241,118694857,118897092,2824580,0,0,0,0,0,0,0,0,0,0,0,0,40995828,40965868,41206,41180,1269,0,0,0,0,0,0,0,0
1778082332.5870519,g2.hpc.coe,40875,0.5001,0,100.0,2035.0,12288.0,115753048159,115998464455,118730563,118932769,2824601,0,0,0,0,0,0,0,0,0,0,0,0,35427973,35397214,35706,35677,21,0,0,0,0,0,0,0,0
1778082333.0871453,g2.hpc.coe,40875,0.5001,0,100.0,2035.0,12288.0,115787786115,116033174712,118765516,118967695,2824627,0,0,0,0,0,0,0,0,0,0,0,0,34737956,34710257,34953,34926,26,0,0,0,0,0,0,0,0
1778082333.587234,g2.hpc.coe,40875,0.5001,0,100.0,2035.0,12288.0,115828781473,116074140133,118806708,119008867,2828632,0,0,0,0,0,0,0,0,0,0,0,0,40995358,40965421,41192,41172,4005,0,0,0,0,0,0,0,0
1778082334.0873194,g2.hpc.coe,40875,0.5001,0,100.0,2035.0,12288.0,115864209570,116109537277,118842411,119044534,2828652,0,0,0,0,0,0,0,0,0,0,0,0,35428097,35397144,35703,35667,20,0,0,0,0,0,0,0,0
1778082334.5873904,g2.hpc.coe,40875,0.5001,0,100.0,2035.0,12288.0,115905205159,116150502746,118883611,119085706,2828690,0,0,0,0,0,0,0,0,0,0,0,0,40995589,40965469,41200,41172,38,0,0,0,0,0,0,0,0
1778082335.0874743,g2.hpc.coe,40875,0.5001,0,100.0,2035.0,12288.0,115940633410,116185899995,118919320,119121388,2828797,0,0,0,0,0,0,0,0,0,0,0,0,35428251,35397249,35709,35682,107,0,0,0,0,0,0,0,0
1778082335.5875647,g2.hpc.coe,40875,0.5001,0,100.0,2035.0,12288.0,115975370563,116220610251,118954272,119156316,2829185,0,0,0,0,0,0,0,0,0,0,0,0,34737153,34710256,34952,34928,388,0,0,0,0,0,0,0,0
1778082336.0876536,g2.hpc.coe,40875,0.5001,0,100.0,2035.0,12288.0,116016365230,116261575671,118995479,119197490,2829711,0,0,0,0,0,0,0,0,0,0,0,0,40994667,40965420,41207,41174,526,0,0,0,0,0,0,0,0
1778082336.5877416,g2.hpc.coe,40875,0.5001,0,100.0,2035.0,12288.0,116051792511,116296972842,119031179,119233163,2829744,0,0,0,0,0,0,0,0,0,0,0,0,35427281,35397171,35700,35673,33,0,0,0,0,0,0,0,0
1778082337.0878077,g2.hpc.coe,40875,0.5001,0,100.0,2035.0,12288.0,116092787240,116337938220,119072381,119274331,2834303,0,0,0,0,0,0,0,0,0,0,0,0,40994729,40965378,41202,41168,4559,0,0,0,0,0,0,0,0
1778082337.5878913,g2.hpc.coe,40875,0.5001,0,100.0,2035.0,12288.0,116128214583,116373335405,119108076,119310006,2834742,0,0,0,0,0,0,0,0,0,0,0,0,35427343,35397185,35695,35675,439,0,0,0,0,0,0,0,0
1778082338.0879765,g2.hpc.coe,40875,0.5001,0,100.0,2035.0,12288.0,116162951938,116408045703,119143022,119344940,2834761,0,0,0,0,0,0,0,0,0,0,0,0,34737355,34710298,34946,34934,19,0,0,0,0,0,0,0,0
1778082338.5880687,g2.hpc.coe,40875,0.5001,0,100.0,2035.0,12288.0,116204636738,116449698052,119184957,119386861,2834788,0,0,0,0,0,0,0,0,0,0,0,0,41684800,41652349,41935,41921,27,0,0,0,0,0,0,0,0
1778082339.0881546,g2.hpc.coe,40875,0.5001,0,100.0,2035.0,12288.0,116239374232,116484408322,119219909,119421791,2834805,0,0,0,0,0,0,0,0,0,0,0,0,34737494,34710270,34952,34930,17,0,0,0,0,0,0,0,0
1778082339.5882223,g2.hpc.coe,40875,0.5001,0,100.0,2035.0,12288.0,116280369140,116525373755,119261095,119462960,2837736,0,0,0,0,0,0,0,0,0,0,0,0,40994908,40965433,41186,41169,2931,0,0,0,0,0,0,0,0
1778082340.0883083,g2.hpc.coe,40875,0.5001,0,100.0,2035.0,12288.0,116315796777,116560770934,119296793,119498632,2837763,0,0,0,0,0,0,0,0,0,0,0,0,35427637,35397179,35698,35672,27,0,0,0,0,0,0,0,0
1778082340.5883946,g2.hpc.coe,40875,0.5001,0,100.0,2035.0,12288.0,116350534411,116595481254,119331742,119533567,2837783,0,0,0,0,0,0,0,0,0,0,0,0,34737634,34710320,34949,34935,20,0,0,0,0,0,0,0,0
1778082341.0884593,g2.hpc.coe,40875,0.5001,0,100.0,2035.0,12288.0,116391529481,116636446654,119372935,119574736,2837813,0,0,0,0,0,0,0,0,0,0,0,0,40995070,40965400,41193,41169,30,0,0,0,0,0,0,0,0
1778082341.588543,g2.hpc.coe,40875,0.5001,0,100.0,2035.0,12288.0,116426957277,116671843868,119408637,119610413,2837839,0,0,0,0,0,0,0,0,0,0,0,0,35427796,35397214,35702,35677,26,0,0,0,0,0,0,0,0
1778082342.088614,g2.hpc.coe,40875,0.5001,0,100.0,2035.0,12288.0,116467952367,116712809275,119449819,119651583,2840917,0,0,0,0,0,0,0,0,0,0,0,0,40995090,40965407,41182,41170,3078,0,0,0,0,0,0,0,0
1778082342.5887036,g2.hpc.coe,40875,0.5001,0,100.0,2035.0,12288.0,116503380218,116748206524,119485515,119687265,2840934,0,0,0,0,0,0,0,0,0,0,0,0,35427851,35397249,35696,35682,17,0,0,0,0,0,0,0,0
1778082343.0887883,g2.hpc.coe,40875,0.5001,0,100.0,2035.0,12288.0,116538118122,116782916837,119520468,119722199,2841066,0,0,0,0,0,0,0,0,0,0,0,0,34737904,34710313,34953,34934,132,0,0,0,0,0,0,0,0
1778082343.5888746,g2.hpc.coe,40875,0.5001,0,100.0,2035.0,12288.0,116579113456,116823882237,119561664,119763368,2842609,0,0,0,0,0,0,0,0,0,0,0,0,40995334,40965400,41196,41169,1543,0,0,0,0,0,0,0,0
1778082344.088967,g2.hpc.coe,40875,0.5001,0,100.0,2035.0,12288.0,116614541460,116859279479,119597361,119799049,2842633,0,0,0,0,0,0,0,0,0,0,0,0,35428004,35397242,35697,35681,24,0,0,0,0,0,0,0,0
1778082344.5890346,g2.hpc.coe,40875,0.5001,0,100.0,2035.0,12288.0,116655536828,116900244865,119638548,119840216,2842654,0,0,0,0,0,0,0,0,0,0,0,0,40995368,40965386,41187,41167,21,0,0,0,0,0,0,0,0
1778082345.08912,g2.hpc.coe,40875,0.5001,0,100.0,2035.0,12288.0,116690964986,116935642113,119674242,119875891,2842710,0,0,0,0,0,0,0,0,0,0,0,0,35428158,35397248,35694,35675,56,0,0,0,0,0,0,0,0
1778082345.5892055,g2.hpc.coe,40875,0.5001,0,100.0,2035.0,12288.0,116726763231,116972061416,119710757,119912949,2842733,0,0,0,0,0,0,0,0,0,0,0,0,35798245,36419303,36515,37058,23,0,0,0,0,0,0,0,0
1778082346.089296,g2.hpc.coe,40875,0.5001,0,100.0,2035.0,12288.0,116766912171,117011811258,119751125,119952738,2843567,0,0,0,0,0,0,0,0,0,0,0,0,40148940,39749842,40368,39789,834,0,0,0,0,0,0,0,0
1778082346.5893855,g2.hpc.coe,40875,0.5001,0,100.0,2035.0,12288.0,116802124927,117046714975,119786093,119987666,2843584,0,0,0,0,0,0,0,0,0,0,0,0,35212756,34903717,34968,34928,17,0,0,0,0,0,0,0,0
1778082347.089451,g2.hpc.coe,40875,0.5001,0,100.0,2035.0,12288.0,116843120247,117087680786,119827313,120028840,2843906,0,0,0,0,0,0,0,0,0,0,0,0,40995320,40965811,41220,41174,322,0,0,0,0,0,0,0,0
1778082347.5895367,g2.hpc.coe,40875,0.5001,0,100.0,2035.0,12288.0,116878547593,117123077985,119863016,120064517,2843927,0,0,0,0,0,0,0,0,0,0,0,0,35427346,35397199,35703,35677,21,0,0,0,0,0,0,0,0
1778082348.089636,g2.hpc.coe,40875,0.5001,0,100.0,2035.0,12288.0,116919534419,117164035686,119904185,120105667,2843951,0,0,0,0,0,0,0,0,0,0,0,0,40986826,40957701,41169,41150,24,0,0,0,0,0,0,0,0
1778082348.589724,g2.hpc.coe,40875,0.5001,0,100.0,2035.0,12288.0,116954969718,117199440583,119939908,120141365,2843975,0,0,0,0,0,0,0,0,0,0,0,0,35435299,35404897,35723,35698,24,0,0,0,0,0,0,0,0
1778082349.0898108,g2.hpc.coe,40875,0.5001,0,100.0,2035.0,12288.0,116989707373,117234151094,119974859,120176298,2843999,0,0,0,0,0,0,0,0,0,0,0,0,34737655,34710511,34951,34933,24,0,0,0,0,0,0,0,0
1778082349.5898745,g2.hpc.coe,40875,0.5001,0,100.0,2035.0,12288.0,117030702243,117275116521,120016052,120217473,2845749,0,0,0,0,0,0,0,0,0,0,0,0,40994870,40965427,41193,41175,1750,0,0,0,0,0,0,0,0
1778082350.08996,g2.hpc.coe,40875,0.5001,0,100.0,2035.0,12288.0,117066129873,117310513768,120051752,120253150,2845786,0,0,0,0,0,0,0,0,0,0,0,0,35427630,35397247,35700,35677,37,0,0,0,0,0,0,0,0
1778082350.590024,g2.hpc.coe,40875,0.5001,0,100.0,2035.0,12288.0,117105768444,117350572165,120092107,120293847,2846621,0,0,0,0,0,0,0,0,0,0,0,0,39638571,40058397,40355,40697,835,0,0,0,0,0,0,0,0
1778082351.0901105,g2.hpc.coe,40875,0.5001,0,100.0,2035.0,12288.0,117142552589,117386876347,120128655,120329991,2846652,0,0,0,0,0,0,0,0,0,0,0,0,36784145,36304182,36548,36144,31,0,0,0,0,0,0,0,0
1778082351.5901942,g2.hpc.coe,40875,0.5001,0,100.0,2035.0,12288.0,117177290258,117421586653,120163603,120364924,2850466,0,0,0,0,0,0,0,0,0,0,0,0,34737669,34710306,34948,34933,3814,0,0,0,0,0,0,0,0
1778082352.090268,g2.hpc.coe,40875,0.5001,0,100.0,2035.0,12288.0,117218285350,117462552046,120204793,120406092,2852755,0,0,0,0,0,0,0,0,0,0,0,0,40995092,40965393,41190,41168,2289,0,0,0,0,0,0,0,0
1778082352.5903614,g2.hpc.coe,40875,0.5001,0,100.0,2035.0,12288.0,117253713161,117497949253,120240491,120441768,2853264,0,0,0,0,0,0,0,0,0,0,0,0,35427811,35397207,35698,35676,509,0,0,0,0,0,0,0,0
1778082353.0904455,g2.hpc.coe,40875,0.5001,0,100.0,2035.0,12288.0,117294708414,117538914681,120281690,120482941,2854447,0,0,0,0,0,0,0,0,0,0,0,0,40995253,40965428,41199,41173,1183,0,0,0,0,0,0,0,0
1778082353.5905302,g2.hpc.coe,40875,0.5001,0,100.0,2035.0,12288.0,117330136421,117574311944,120317402,120518625,2854467,0,0,0,0,0,0,0,0,0,0,0,0,35428007,35397263,35712,35684,20,0,0,0,0,0,0,0,0
1778082354.0906222,g2.hpc.coe,40875,0.5001,0,100.0,2035.0,12288.0,117364874404,117609022180,120352360,120553548,2854520,0,0,0,0,0,0,0,0,0,0,0,0,34737983,34710236,34958,34923,53,0,0,0,0,0,0,0,0
1778082354.590709,g2.hpc.coe,40875,0.5001,0,100.0,2035.0,12288.0,117405869740,117649987566,120393550,120594715,2855475,0,0,0,0,0,0,0,0,0,0,0,0,40995336,40965386,41190,41167,955,0,0,0,0,0,0,0,0
1778082355.0907974,g2.hpc.coe,40875,0.5001,0,100.0,2035.0,12288.0,117441297836,117685384828,120429245,120630392,2855500,0,0,0,0,0,0,0,0,0,0,0,0,35428096,35397262,35695,35677,25,0,0,0,0,0,0,0,0
1778082355.5908613,g2.hpc.coe,40875,0.5001,0,100.0,2035.0,12288.0,117482293305,117726350242,120470438,120671563,2855556,0,0,0,0,0,0,0,0,0,0,0,0,40995469,40965414,41193,41171,56,0,0,0,0,0,0,0,0
1778082356.090952,g2.hpc.coe,40875,0.5001,0,100.0,2035.0,12288.0,117517721485,117761747393,120506138,120707231,2855583,0,0,0,0,0,0,0,0,0,0,0,0,35428180,35397151,35700,35668,27,0,0,0,0,0,0,0,0
1778082356.5910373,g2.hpc.coe,40875,0.5001,0,100.0,2035.0,12288.0,117552459719,117796457741,120541095,120742170,2855600,0,0,0,0,0,0,0,0,0,0,0,0,34738234,34710348,34957,34939,17,0,0,0,0,0,0,0,0
1778082357.091129,g2.hpc.coe,40875,0.5001,0,100.0,2035.0,12288.0,117593454384,117837423063,120582303,120783330,2855841,0,0,0,0,0,0,0,0,0,0,0,0,40994665,40965322,41208,41160,241,0,0,0,0,0,0,0,0
1778082357.5912216,g2.hpc.coe,40875,0.5001,0,100.0,2035.0,12288.0,117628881614,117872820241,120617997,120819004,2856767,0,0,0,0,0,0,0,0,0,0,0,0,35427230,35397178,35694,35674,926,0,0,0,0,0,0,0,0
1778082358.091294,g2.hpc.coe,40875,0.5001,0,100.0,2035.0,12288.0,117669876292,117913785626,120659193,120860173,2858051,0,0,0,0,0,0,0,0,0,0,0,0,40994678,40965385,41196,41169,1284,0,0,0,0,0,0,0,0
1778082358.5913842,g2.hpc.coe,40875,0.5001,0,100.0,2035.0,12288.0,117705303591,117949182762,120694883,120895841,2858084,0,0,0,0,0,0,0,0,0,0,0,0,35427299,35397136,35690,35668,33,0,0,0,0,0,0,0,0
1778082359.091476,g2.hpc.coe,40875,0.5001,0,100.0,2035.0,12288.0,117740040965,117983893060,120729833,120930775,2858112,0,0,0,0,0,0,0,0,0,0,0,0,34737374,34710298,34950,34934,28,0,0,0,0,0,0,0,0
1778082359.591539,g2.hpc.coe,40875,0.5001,0,100.0,2035.0,12288.0,117781035782,118024858452,120771028,120971945,2858535,0,0,0,0,0,0,0,0,0,0,0,0,40994817,40965392,41195,41170,423,0,0,0,0,0,0,0,0
1778082360.0916255,g2.hpc.coe,40875,0.5001,0,100.0,2035.0,12288.0,117816463317,118060255671,120806722,121007618,2858556,0,0,0,0,0,0,0,0,0,0,0,0,35427535,35397219,35694,35673,21,0,0,0,0,0,0,0,0
1778082360.5916932,g2.hpc.coe,40875,0.5001,0,100.0,2035.0,12288.0,117857458280,118101221028,120847924,121048783,2862884,0,0,0,0,0,0,0,0,0,0,0,0,40994963,40965357,41202,41165,4328,0,0,0,0,0,0,0,0
1778082361.091776,g2.hpc.coe,40875,0.5001,0,100.0,2035.0,12288.0,117892885886,118136618249,120883621,121084461,2865835,0,0,0,0,0,0,0,0,0,0,0,0,35427606,35397221,35697,35678,2951,0,0,0,0,0,0,0,0
1778082361.5918627,g2.hpc.coe,40875,0.5001,0,100.0,2035.0,12288.0,117927623518,118171328499,120918571,121119386,2865855,0,0,0,0,0,0,0,0,0,0,0,0,34737632,34710250,34950,34925,20,0,0,0,0,0,0,0,0
1778082362.091956,g2.hpc.coe,40875,0.5001,0,100.0,2035.0,12288.0,117968619251,118212294430,120959786,121160575,2865883,0,0,0,0,0,0,0,0,0,0,0,0,40995733,40965931,41215,41189,28,0,0,0,0,0,0,0,0
1778082362.5920444,g2.hpc.coe,40875,0.5001,0,100.0,2035.0,12288.0,118004047058,118247691686,120995491,121196258,2865900,0,0,0,0,0,0,0,0,0,0,0,0,35427807,35397256,35705,35683,17,0,0,0,0,0,0,0,0
1778082363.0921195,g2.hpc.coe,40875,0.5001,0,100.0,2035.0,12288.0,118045042216,118288657086,121036684,121237427,2866195,0,0,0,0,0,0,0,0,0,0,0,0,40995158,40965400,41193,41169,295,0,0,0,0,0,0,0,0
1778082363.5922053,g2.hpc.coe,40875,0.5001,0,100.0,2035.0,12288.0,118080470121,118324054244,121072389,121273096,2866583,0,0,0,0,0,0,0,0,0,0,0,0,35427905,35397158,35705,35669,388,0,0,0,0,0,0,0,0
1778082364.0922947,g2.hpc.coe,40875,0.5001,0,100.0,2035.0,12288.0,118115761143,118359816874,121108899,121309541,2866601,0,0,0,0,0,0,0,0,0,0,0,0,35291022,35762630,36510,36445,18,0,0,0,0,0,0,0,0
1778082364.5923798,g2.hpc.coe,40875,0.5001,0,100.0,2035.0,12288.0,118156203327,118399729845,121148536,121349183,2866884,0,0,0,0,0,0,0,0,0,0,0,0,40442184,39912971,39637,39642,283,0,0,0,0,0,0,0,0
1778082365.0924656,g2.hpc.coe,40875,0.5001,0,100.0,2035.0,12288.0,118191631336,118435127066,121184235,121384861,2866955,0,0,0,0,0,0,0,0,0,0,0,0,35428009,35397221,35699,35678,71,0,0,0,0,0,0,0,0
1778082365.592534,g2.hpc.coe,40875,0.5001,0,100.0,2035.0,12288.0,118232626842,118476092549,121225434,121426035,2868238,0,0,0,0,0,0,0,0,0,0,0,0,40995506,40965483,41199,41174,1283,0,0,0,0,0,0,0,0
1778082366.0926244,g2.hpc.coe,40875,0.5001,0,100.0,2035.0,12288.0,118268055005,118511489714,121261139,121461705,2869505,0,0,0,0,0,0,0,0,0,0,0,0,35428163,35397165,35705,35670,1267,0,0,0,0,0,0,0,0
1778082366.5927155,g2.hpc.coe,40875,0.5001,0,100.0,2035.0,12288.0,118307051191,118550942779,121300869,121501724,2869526,0,0,0,0,0,0,0,0,0,0,0,0,38996186,39453065,39730,40019,21,0,0,0,0,0,0,0,0
1778082367.0928,g2.hpc.coe,40875,0.5001,0,100.0,2035.0,12288.0,118344478765,118587852314,121338035,121538549,2870867,0,0,0,0,0,0,0,0,0,0,0,0,37427574,36909535,37166,36825,1341,0,0,0,0,0,0,0,0
1778082367.5928853,g2.hpc.coe,40875,0.5001,0,100.0,2035.0,12288.0,118379215997,118622562549,121372993,121573474,2871320,0,0,0,0,0,0,0,0,0,0,0,0,34737232,34710235,34958,34925,453,0,0,0,0,0,0,0,0
1778082368.0929558,g2.hpc.coe,40875,0.5001,0,100.0,2035.0,12288.0,118420210588,118663527990,121414184,121614651,2873554,0,0,0,0,0,0,0,0,0,0,0,0,40994591,40965441,41191,41177,2234,0,0,0,0,0,0,0,0
1778082368.5930402,g2.hpc.coe,40875,0.5001,0,100.0,2035.0,12288.0,118455637884,118698925217,121449881,121650332,2873700,0,0,0,0,0,0,0,0,0,0,0,0,35427296,35397227,35697,35681,146,0,0,0,0,0,0,0,0
1778082369.0931046,g2.hpc.coe,40875,0.5001,0,100.0,2035.0,12288.0,118496624840,118739890591,121491069,121691519,2873742,0,0,0,0,0,0,0,0,0,0,0,0,40986956,40965374,41188,41187,42,0,0,0,0,0,0,0,0
1778082369.593192,g2.hpc.coe,40875,0.5001,0,100.0,2035.0,12288.0,118532059988,118775287927,121526772,121727196,2873761,0,0,0,0,0,0,0,0,0,0,0,0,35435148,35397336,35703,35677,19,0,0,0,0,0,0,0,0
1778082370.0932763,g2.hpc.coe,40875,0.5001,0,100.0,2035.0,12288.0,118566797358,118809998162,121561715,121762121,2873791,0,0,0,0,0,0,0,0,0,0,0,0,34737370,34710235,34943,34925,30,0,0,0,0,0,0,0,0
1778082370.5933473,g2.hpc.coe,40875,0.5001,0,100.0,2035.0,12288.0,118607792311,118850963553,121602914,121803284,2876301,0,0,0,0,0,0,0,0,0,0,0,0,40994953,40965391,41199,41163,2510,0,0,0,0,0,0,0,0
1778082371.0934348,g2.hpc.coe,40875,0.5001,0,100.0,2035.0,12288.0,118643219850,118886360675,121638611,121838950,2876324,0,0,0,0,0,0,0,0,0,0,0,0,35427539,35397122,35697,35666,23,0,0,0,0,0,0,0,0
1778082371.5935202,g2.hpc.coe,40875,0.5001,0,100.0,2035.0,12288.0,118684207113,118927325864,121679806,121880121,2876348,0,0,0,0,0,0,0,0,0,0,0,0,40987263,40965189,41195,41171,24,0,0,0,0,0,0,0,0
1778082372.0936112,g2.hpc.coe,40875,0.5001,0,100.0,2035.0,12288.0,118719642539,118962723317,121715512,121915800,2876371,0,0,0,0,0,0,0,0,0,0,0,0,35435426,35397453,35706,35679,23,0,0,0,0,0,0,0,0
1778082372.5936966,g2.hpc.coe,40875,0.5001,0,100.0,2035.0,12288.0,118754380244,118997433623,121750466,121950733,2876394,0,0,0,0,0,0,0,0,0,0,0,0,34737705,34710306,34954,34933,23,0,0,0,0,0,0,0,0
1778082373.093781,g2.hpc.coe,40875,0.5001,0,100.0,2035.0,12288.0,118795375357,119038399037,121791660,121991904,2879036,0,0,0,0,0,0,0,0,0,0,0,0,40995113,40965414,41194,41171,2642,0,0,0,0,0,0,0,0
1778082373.593868,g2.hpc.coe,40875,0.5001,0,100.0,2035.0,12288.0,118830803196,119073796265,121827363,122027583,2879056,0,0,0,0,0,0,0,0,0,0,0,0,35427839,35397228,35703,35679,20,0,0,0,0,0,0,0,0
1778082374.0939398,g2.hpc.coe,40875,0.5001,0,100.0,2035.0,12288.0,118871798455,119114761749,121868564,122068764,2879102,0,0,0,0,0,0,0,0,0,0,0,0,40995259,40965484,41201,41181,46,0,0,0,0,0,0,0,0
1778082374.5940266,g2.hpc.coe,40875,0.5001,0,100.0,2035.0,12288.0,118907226356,119150158907,121904262,122104433,2879491,0,0,0,0,0,0,0,0,0,0,0,0,35427901,35397158,35698,35669,389,0,0,0,0,0,0,0,0
1778082375.0941107,g2.hpc.coe,40875,0.5001,0,100.0,2035.0,12288.0,118941964262,119184869185,121939210,122139362,2879624,0,0,0,0,0,0,0,0,0,0,0,0,34737906,34710278,34948,34929,133,0,0,0,0,0,0,0,0
1778082375.5941937,g2.hpc.coe,40875,0.5001,0,100.0,2035.0,12288.0,118982959716,119225834675,121980409,122180537,2879784,0,0,0,0,0,0,0,0,0,0,0,0,40995454,40965490,41199,41175,160,0,0,0,0,0,0,0,0
1778082376.0942876,g2.hpc.coe,40875,0.5001,0,100.0,2035.0,12288.0,119018387784,119261231917,122016110,122216218,2883637,0,0,0,0,0,0,0,0,0,0,0,0,35428068,35397242,35701,35681,3853,0,0,0,0,0,0,0,0
1778082376.5943546,g2.hpc.coe,40875,0.5001,0,100.0,2035.0,12288.0,119059383288,119302197324,122057309,122257388,2883912,0,0,0,0,0,0,0,0,0,0,0,0,40995504,40965407,41199,41170,275,0,0,0,0,0,0,0,0
1778082377.0944374,g2.hpc.coe,40875,0.5001,0,100.0,2035.0,12288.0,119094812057,119337594971,122093020,122293071,2883943,0,0,0,0,0,0,0,0,0,0,0,0,35428769,35397647,35711,35683,31,0,0,0,0,0,0,0,0
1778082377.5945215,g2.hpc.coe,40875,0.5001,0,100.0,2035.0,12288.0,119129550298,119372305249,122127979,122328000,2883965,0,0,0,0,0,0,0,0,0,0,0,0,34738241,34710278,34959,34929,22,0,0,0,0,0,0,0,0
1778082378.094595,g2.hpc.coe,40875,0.5001,0,100.0,2035.0,12288.0,119171234868,119413957570,122169918,122369917,2883986,0,0,0,0,0,0,0,0,0,0,0,0,41684570,41652321,41939,41917,21,0,0,0,0,0,0,0,0
1778082378.5946844,g2.hpc.coe,40875,0.5001,0,100.0,2035.0,12288.0,119205972138,119448667784,122204875,122404839,2884011,0,0,0,0,0,0,0,0,0,0,0,0,34737270,34710214,34957,34922,25,0,0,0,0,0,0,0,0
1778082379.0947528,g2.hpc.coe,40875,0.5001,0,100.0,2035.0,12288.0,119246966740,119489633134,122246061,122446003,2884578,0,0,0,0,0,0,0,0,0,0,0,0,40994602,40965350,41186,41164,567,0,0,0,0,0,0,0,0
1778082379.5948422,g2.hpc.coe,40875,0.5001,0,100.0,2035.0,12288.0,119282394088,119525030284,122281759,122481673,2885266,0,0,0,0,0,0,0,0,0,0,0,0,35427348,35397150,35698,35670,688,0,0,0,0,0,0,0,0
1778082380.0949314,g2.hpc.coe,40875,0.5001,0,100.0,2035.0,12288.0,119317131448,119559740526,122316708,122516741,2885295,0,0,0,0,0,0,0,0,0,0,0,0,34737360,34710242,34949,35068,29,0,0,0,0,0,0,0,0
1778082380.595016,g2.hpc.coe,40875,0.5001,0,100.0,2035.0,12288.0,119358126315,119600705945,122357902,122557766,2885325,0,0,0,0,0,0,0,0,0,0,0,0,40994867,40965419,41194,41025,30,0,0,0,0,0,0,0,0
1778082381.0951002,g2.hpc.coe,40875,0.5001,0,100.0,2035.0,12288.0,119393553746,119636103130,122393591,122593441,2885350,0,0,0,0,0,0,0,0,0,0,0,0,35427431,35397185,35689,35675,25,0,0,0,0,0,0,0,0
1778082381.5951688,g2.hpc.coe,40875,0.5001,0,100.0,2035.0,12288.0,119434548674,119677068550,122434789,122634615,2885421,0,0,0,0,0,0,0,0,0,0,0,0,40994928,40965420,41198,41174,71,0,0,0,0,0,0,0,0
1778082382.0952604,g2.hpc.coe,40875,0.5001,0,100.0,2035.0,12288.0,119469976273,119712465687,122470486,122670281,2889476,0,0,0,0,0,0,0,0,0,0,0,0,35427599,35397137,35697,35666,4055,0,0,0,0,0,0,0,0
1778082382.5953486,g2.hpc.coe,40875,0.5001,0,100.0,2035.0,12288.0,119506563163,119749620261,122507841,122708079,2889508,0,0,0,0,0,0,0,0,0,0,0,0,36586890,37154574,37355,37798,32,0,0,0,0,0,0,0,0
1778082383.0954342,g2.hpc.coe,40875,0.5001,0,100.0,2035.0,12288.0,119545708952,119788141372,122546629,122746380,2890005,0,0,0,0,0,0,0,0,0,0,0,0,39145789,38521111,38788,38301,497,0,0,0,0,0,0,0,0
1778082383.5955176,g2.hpc.coe,40875,0.5001,0,100.0,2035.0,12288.0,119581136704,119823538565,122582327,122782054,2890487,0,0,0,0,0,0,0,0,0,0,0,0,35427752,35397193,35698,35674,482,0,0,0,0,0,0,0,0
1778082384.0955908,g2.hpc.coe,40875,0.5001,0,100.0,2035.0,12288.0,119622131863,119864504084,122623521,122823240,2892056,0,0,0,0,0,0,0,0,0,0,0,0,40995159,40965519,41194,41186,1569,0,0,0,0,0,0,0,0
1778082384.5956736,g2.hpc.coe,40875,0.5001,0,100.0,2035.0,12288.0,119657559720,119899901284,122659220,122858915,2893029,0,0,0,0,0,0,0,0,0,0,0,0,35427857,35397200,35699,35675,973,0,0,0,0,0,0,0,0
1778082385.0957577,g2.hpc.coe,40875,0.5001,0,100.0,2035.0,12288.0,119694634102,119937101874,122697022,122896747,2893068,0,0,0,0,0,0,0,0,0,0,0,0,37074382,37200590,37802,37832,39,0,0,0,0,0,0,0,0
1778082385.5958433,g2.hpc.coe,40875,0.5001,0,100.0,2035.0,12288.0,119733982973,119976263814,122736119,122935749,2893094,0,0,0,0,0,0,0,0,0,0,0,0,39348871,39161940,39097,39002,26,0,0,0,0,0,0,0,0
1778082386.0959342,g2.hpc.coe,40875,0.5001,0,100.0,2035.0,12288.0,119768721072,120010974119,122771079,122970675,2893118,0,0,0,0,0,0,0,0,0,0,0,0,34738099,34710305,34960,34926,24,0,0,0,0,0,0,0,0
1778082386.5960042,g2.hpc.coe,40875,0.5001,0,100.0,2035.0,12288.0,119809716488,120051939540,122812275,123011847,2893845,0,0,0,0,0,0,0,0,0,0,0,0,40995416,40965421,41196,41172,727,0,0,0,0,0,0,0,0
1778082387.0960894,g2.hpc.coe,40875,0.5001,0,100.0,2035.0,12288.0,119845144638,120087336747,122847979,123047523,2893934,0,0,0,0,0,0,0,0,0,0,0,0,35428150,35397207,35704,35676,89,0,0,0,0,0,0,0,0
1778082387.5961518,g2.hpc.coe,40875,0.5001,0,100.0,2035.0,12288.0,119885362602,120127714912,122888842,123088517,2894247,0,0,0,0,0,0,0,0,0,0,0,0,40217964,40378165,40863,40994,313,0,0,0,0,0,0,0,0
1778082388.0962448,g2.hpc.coe,40875,0.5001,0,100.0,2035.0,12288.0,119921568371,120163699403,122924873,123124375,2894693,0,0,0,0,0,0,0,0,0,0,0,0,36205769,35984491,36031,35858,446,0,0,0,0,0,0,0,0
1778082388.5963306,g2.hpc.coe,40875,0.5001,0,100.0,2035.0,12288.0,119956305569,120198409624,122959827,123159298,2894792,0,0,0,0,0,0,0,0,0,0,0,0,34737198,34710221,34954,34923,99,0,0,0,0,0,0,0,0
1778082389.0964153,g2.hpc.coe,40875,0.5001,0,100.0,2035.0,12288.0,119997300217,120239375030,123001027,123200470,2895704,0,0,0,0,0,0,0,0,0,0,0,0,40994648,40965406,41200,41172,912,0,0,0,0,0,0,0,0
1778082389.596498,g2.hpc.coe,40875,0.5001,0,100.0,2035.0,12288.0,120032727570,120274772187,123036733,123236141,2895733,0,0,0,0,0,0,0,0,0,0,0,0,35427353,35397157,35706,35671,29,0,0,0,0,0,0,0,0
1778082390.0965724,g2.hpc.coe,40875,0.5001,0,100.0,2035.0,12288.0,120073722266,120315737572,123077926,123277310,2895891,0,0,0,0,0,0,0,0,0,0,0,0,40994696,40965385,41193,41169,158,0,0,0,0,0,0,0,0
1778082390.5966604,g2.hpc.coe,40875,0.5001,0,100.0,2035.0,12288.0,120109149723,120351134743,123113633,123312983,2895917,0,0,0,0,0,0,0,0,0,0,0,0,35427457,35397171,35707,35673,26,0,0,0,0,0,0,0,0
1778082391.0967464,g2.hpc.coe,40875,0.5001,0,100.0,2035.0,12288.0,120143887178,120385845054,123148580,123347912,2904815,0,0,0,0,0,0,0,0,0,0,0,0,34737455,34710311,34947,34929,8898,0,0,0,0,0,0,0,0
1778082391.596834,g2.hpc.coe,40875,0.5001,0,100.0,2035.0,12288.0,120184882000,120426810460,123189770,123389084,2905739,0,0,0,0,0,0,0,0,0,0,0,0,40994822,40965406,41190,41172,924,0,0,0,0,0,0,0,0
1778082392.0969222,g2.hpc.coe,40875,0.5001,0,100.0,2035.0,12288.0,120220310149,120462208064,123225481,123424763,2905767,0,0,0,0,0,0,0,0,0,0,0,0,35428149,35397604,35711,35679,28,0,0,0,0,0,0,0,0
1778082392.5970163,g2.hpc.coe,40875,0.5001,0,100.0,2035.0,12288.0,120261305083,120503173485,123266671,123465935,2906205,0,0,0,0,0,0,0,0,0,0,0,0,40994934,40965421,41190,41172,438,0,0,0,0,0,0,0,0
1778082393.0971012,g2.hpc.coe,40875,0.5001,0,100.0,2035.0,12288.0,120296732707,120538570692,123302365,123501611,2906275,0,0,0,0,0,0,0,0,0,0,0,0,35427624,35397207,35694,35676,70,0,0,0,0,0,0,0,0
1778082393.5971875,g2.hpc.coe,40875,0.5001,0,100.0,2035.0,12288.0,120331470434,120573281005,123337323,123536545,2906337,0,0,0,0,0,0,0,0,0,0,0,0,34737727,34710313,34958,34934,62,0,0,0,0,0,0,0,0
1778082394.0972745,g2.hpc.coe,40875,0.5001,0,100.0,2035.0,12288.0,120372465590,120614246440,123378524,123577719,2906623,0,0,0,0,0,0,0,0,0,0,0,0,40995156,40965435,41201,41174,286,0,0,0,0,0,0,0,0
1778082394.59736,g2.hpc.coe,40875,0.5001,0,100.0,2035.0,12288.0,120407893360,120649643689,123414218,123613401,2907826,0,0,0,0,0,0,0,0,0,0,0,0,35427770,35397249,35694,35682,1203,0,0,0,0,0,0,0,0
1778082395.097446,g2.hpc.coe,40875,0.5001,0,100.0,2035.0,12288.0,120448888565,120690609131,123455412,123654576,2908047,0,0,0,0,0,0,0,0,0,0,0,0,40995205,40965442,41194,41175,221,0,0,0,0,0,0,0,0
1778082395.5975301,g2.hpc.coe,40875,0.5001,0,100.0,2035.0,12288.0,120484316453,120726006366,123491109,123690256,2908070,0,0,0,0,0,0,0,0,0,0,0,0,35427888,35397235,35697,35680,23,0,0,0,0,0,0,0,0
1778082396.0976112,g2.hpc.coe,40875,0.5001,0,100.0,2035.0,12288.0,120519054729,120760716960,123526067,123725198,2908096,0,0,0,0,0,0,0,0,0,0,0,0,34738276,34710594,34958,34942,26,0,0,0,0,0,0,0,0
1778082396.5976956,g2.hpc.coe,40875,0.5001,0,100.0,2035.0,12288.0,120560050086,120801682416,123567262,123766375,2908135,0,0,0,0,0,0,0,0,0,0,0,0,40995357,40965456,41195,41177,39,0,0,0,0,0,0,0,0
1778082397.097784,g2.hpc.coe,40875,0.5001,0,100.0,2035.0,12288.0,120595478141,120837079560,123602962,123802042,2908166,0,0,0,0,0,0,0,0,0,0,0,0,35428055,35397144,35700,35667,31,0,0,0,0,0,0,0,0
1778082397.5978837,g2.hpc.coe,40875,0.5001,0,100.0,2035.0,12288.0,120636473602,120878045016,123644158,123843219,2910096,0,0,0,0,0,0,0,0,0,0,0,0,40995461,40965456,41196,41177,1930,0,0,0,0,0,0,0,0
1778082398.0979733,g2.hpc.coe,40875,0.5001,0,100.0,2035.0,12288.0,120671901734,120913442237,123679853,123878897,2910233,0,0,0,0,0,0,0,0,0,0,0,0,35428132,35397221,35695,35678,137,0,0,0,0,0,0,0,0
1778082398.598058,g2.hpc.coe,40875,0.5001,0,100.0,2035.0,12288.0,120706639885,120948152522,123714800,123913827,2910328,0,0,0,0,0,0,0,0,0,0,0,0,34738151,34710285,34947,34930,95,0,0,0,0,0,0,0,0
1778082399.0981417,g2.hpc.coe,40875,0.5001,0,100.0,2035.0,12288.0,120747634481,120989117858,123756000,123954989,2910499,0,0,0,0,0,0,0,0,0,0,0,0,40994596,40965336,41200,41162,171,0,0,0,0,0,0,0,0
1778082399.5982234,g2.hpc.coe,40875,0.5001,0,100.0,2035.0,12288.0,120783061740,121024515029,123791700,123990662,2910519,0,0,0,0,0,0,0,0,0,0,0,0,35427259,35397171,35700,35673,20,0,0,0,0,0,0,0,0
1778082400.0983114,g2.hpc.coe,40875,0.5001,0,100.0,2035.0,12288.0,120824056433,121065480491,123832900,124031842,2911819,0,0,0,0,0,0,0,0,0,0,0,0,40994693,40965462,41200,41180,1300,0,0,0,0,0,0,0,0
1778082400.5983918,g2.hpc.coe,40875,0.5001,0,100.0,2035.0,12288.0,120859483817,121100877711,123868604,124067522,2911842,0,0,0,0,0,0,0,0,0,0,0,0,35427384,35397220,35704,35680,23,0,0,0,0,0,0,0,0
1778082401.0984766,g2.hpc.coe,40875,0.5001,0,100.0,2035.0,12288.0,120894471574,121135933710,123904354,124103186,2912054,0,0,0,0,0,0,0,0,0,0,0,0,34987757,35055999,35750,35664,212,0,0,0,0,0,0,0,0
1778082401.5985582,g2.hpc.coe,40875,0.5001,0,100.0,2035.0,12288.0,120935906110,121177240301,123945502,124144362,2912500,0,0,0,0,0,0,0,0,0,0,0,0,41434536,41306591,41148,41176,446,0,0,0,0,0,0,0,0
1778082402.0986485,g2.hpc.coe,40875,0.5001,0,100.0,2035.0,12288.0,120970643603,121211950620,123980457,124179299,2912526,0,0,0,0,0,0,0,0,0,0,0,0,34737493,34710319,34955,34937,26,0,0,0,0,0,0,0,0
1778082402.598734,g2.hpc.coe,40875,0.5001,0,100.0,2035.0,12288.0,121011638498,121252916019,124021651,124220470,2915306,0,0,0,0,0,0,0,0,0,0,0,0,40994895,40965399,41194,41171,2780,0,0,0,0,0,0,0,0
1778082403.0988228,g2.hpc.coe,40875,0.5001,0,100.0,2035.0,12288.0,121047066112,121288313205,124057351,124256143,2915334,0,0,0,0,0,0,0,0,0,0,0,0,35427614,35397186,35700,35673,28,0,0,0,0,0,0,0,0
1778082403.5989037,g2.hpc.coe,40875,0.5001,0,100.0,2035.0,12288.0,121086152333,121327748969,124097148,124296113,2915368,0,0,0,0,0,0,0,0,0,0,0,0,39086221,39435764,39797,39970,34,0,0,0,0,0,0,0,0
1778082404.0989847,g2.hpc.coe,40875,0.5001,0,100.0,2035.0,12288.0,121123488718,121364675700,124134229,124332972,2915821,0,0,0,0,0,0,0,0,0,0,0,0,37336385,36926731,37081,36859,453,0,0,0,0,0,0,0,0
1778082404.5990644,g2.hpc.coe,40875,0.5001,0,100.0,2035.0,12288.0,121158226441,121399385964,124169180,124367899,2915854,0,0,0,0,0,0,0,0,0,0,0,0,34737723,34710264,34951,34927,33,0,0,0,0,0,0,0,0
1778082405.099152,g2.hpc.coe,40875,0.5001,0,100.0,2035.0,12288.0,121199221608,121440351392,124210376,124409072,2917768,0,0,0,0,0,0,0,0,0,0,0,0,40995167,40965428,41196,41173,1914,0,0,0,0,0,0,0,0
1778082405.5992317,g2.hpc.coe,40875,0.5001,0,100.0,2035.0,12288.0,121234649486,121475748613,124246079,124444750,2917806,0,0,0,0,0,0,0,0,0,0,0,0,35427878,35397221,35703,35678,38,0,0,0,0,0,0,0,0
1778082406.0993133,g2.hpc.coe,40875,0.5001,0,100.0,2035.0,12288.0,121275637087,121516712492,124287282,124485934,2918115,0,0,0,0,0,0,0,0,0,0,0,0,40987601,40963879,41203,41184,309,0,0,0,0,0,0,0,0
1778082406.599398,g2.hpc.coe,40875,0.5001,0,100.0,2035.0,12288.0,121311072844,121552111408,124322988,124521615,2918298,0,0,0,0,0,0,0,0,0,0,0,0,35435757,35398916,35706,35681,183,0,0,0,0,0,0,0,0
1778082407.0994878,g2.hpc.coe,40875,0.5001,0,100.0,2035.0,12288.0,121345811461,121586822084,124357958,124556545,2918321,0,0,0,0,0,0,0,0,0,0,0,0,34738617,34710676,34970,34930,23,0,0,0,0,0,0,0,0
1778082407.599574,g2.hpc.coe,40875,0.5001,0,100.0,2035.0,12288.0,121386806857,121627787554,124399152,124597724,2918472,0,0,0,0,0,0,0,0,0,0,0,0,40995396,40965470,41194,41179,151,0,0,0,0,0,0,0,0
1778082408.0996678,g2.hpc.coe,40875,0.5001,0,100.0,2035.0,12288.0,121422234971,121663184768,124434854,124633401,2918498,0,0,0,0,0,0,0,0,0,0,0,0,35428114,35397214,35702,35677,26,0,0,0,0,0,0,0,0
1778082408.599753,g2.hpc.coe,40875,0.5001,0,100.0,2035.0,12288.0,121463230472,121704150210,124476047,124674576,2919005,0,0,0,0,0,0,0,0,0,0,0,0,40995501,40965442,41193,41175,507,0,0,0,0,0,0,0,0
1778082409.0998394,g2.hpc.coe,40875,0.5001,0,100.0,2035.0,12288.0,121498658934,121739547658,124511751,124710255,2920099,0,0,0,0,0,0,0,0,0,0,0,0,35428462,35397448,35704,35679,1094,0,0,0,0,0,0,0,0
1778082409.5998988,g2.hpc.coe,40875,0.5001,0,100.0,2035.0,12288.0,121533396182,121774257991,124546711,124745194,2920163,0,0,0,0,0,0,0,0,0,0,0,0,34737248,34710333,34960,34939,64,0,0,0,0,0,0,0,0
1778082410.0999928,g2.hpc.coe,40875,0.5001,0,100.0,2035.0,12288.0,121574390803,121815223362,124587908,124786361,2920199,0,0,0,0,0,0,0,0,0,0,0,0,40994621,40965371,41197,41167,36,0,0,0,0,0,0,0,0
1778082410.6000786,g2.hpc.coe,40875,0.5001,0,100.0,2035.0,12288.0,121609818142,121850620540,124623613,124822035,2920574,0,0,0,0,0,0,0,0,0,0,0,0,35427339,35397178,35705,35674,375,0,0,0,0,0,0,0,0
1778082411.1001625,g2.hpc.coe,40875,0.5001,0,100.0,2035.0,12288.0,121650812881,121891585848,124664813,124863193,2921645,0,0,0,0,0,0,0,0,0,0,0,0,40994739,40965308,41200,41158,1071,0,0,0,0,0,0,0,0
1778082411.6002471,g2.hpc.coe,40875,0.5001,0,100.0,2035.0,12288.0,121686240332,121926983088,124700511,124898869,2924329,0,0,0,0,0,0,0,0,0,0,0,0,35427451,35397240,35698,35676,2684,0,0,0,0,0,0,0,0
1778082412.1003313,g2.hpc.coe,40875,0.5001,0,100.0,2035.0,12288.0,121720977795,121961693393,124735469,124933804,2924350,0,0,0,0,0,0,0,0,0,0,0,0,34737463,34710305,34958,34935,21,0,0,0,0,0,0,0,0
1778082412.6004148,g2.hpc.coe,40875,0.5001,0,100.0,2035.0,12288.0,121761972673,122002658757,124776668,124974970,2924509,0,0,0,0,0,0,0,0,0,0,0,0,40994878,40965364,41199,41166,159,0,0,0,0,0,0,0,0
1778082413.100502,g2.hpc.coe,40875,0.5001,0,100.0,2035.0,12288.0,121797400249,122038055970,124812372,125010649,2924540,0,0,0,0,0,0,0,0,0,0,0,0,35427576,35397213,35704,35679,31,0,0,0,0,0,0,0,0
1778082413.6005845,g2.hpc.coe,40875,0.5001,0,100.0,2035.0,12288.0,121838395204,122079021391,124853566,125051821,2925274,0,0,0,0,0,0,0,0,0,0,0,0,40994955,40965421,41194,41172,734,0,0,0,0,0,0,0,0
1778082414.1006715,g2.hpc.coe,40875,0.5001,0,100.0,2035.0,12288.0,121873822815,122114418633,124889259,125087502,2925300,0,0,0,0,0,0,0,0,0,0,0,0,35427611,35397242,35693,35681,26,0,0,0,0,0,0,0,0
1778082414.600756,g2.hpc.coe,40875,0.5001,0,100.0,2035.0,12288.0,121908808725,122150183698,124925074,125123762,2925323,0,0,0,0,0,0,0,0,0,0,0,0,34985910,35765065,35815,36260,23,0,0,0,0,0,0,0,0
1778082415.1008217,g2.hpc.coe,40875,0.5001,0,100.0,2035.0,12288.0,121949555532,122190094297,124965486,125163774,2925356,0,0,0,0,0,0,0,0,0,0,0,0,40746807,39910599,40412,40012,33,0,0,0,0,0,0,0,0
1778082415.6009078,g2.hpc.coe,40875,0.5001,0,100.0,2035.0,12288.0,121984983372,122225491525,125001101,125199277,2925380,0,0,0,0,0,0,0,0,0,0,0,0,35427840,35397228,35615,35503,24,0,0,0,0,0,0,0,0
1778082416.1009753,g2.hpc.coe,40875,0.5001,0,100.0,2035.0,12288.0,122025978472,122266456897,125042281,125240442,2925993,0,0,0,0,0,0,0,0,0,0,0,0,40995100,40965372,41180,41165,613,0,0,0,0,0,0,0,0
1778082416.6010582,g2.hpc.coe,40875,0.5001,0,100.0,2035.0,12288.0,122061406480,122301854208,125077987,125276126,2927139,0,0,0,0,0,0,0,0,0,0,0,0,35428008,35397311,35706,35684,1146,0,0,0,0,0,0,0,0
1778082417.1011431,g2.hpc.coe,40875,0.5001,0,100.0,2035.0,12288.0,122096144353,122336808611,125113207,125311766,2927160,0,0,0,0,0,0,0,0,0,0,0,0,34737873,34954403,35220,35640,21,0,0,0,0,0,0,0,0
1778082417.6012304,g2.hpc.coe,40875,0.5001,0,100.0,2035.0,12288.0,122137139732,122377529900,125154131,125352226,2927223,0,0,0,0,0,0,0,0,0,0,0,0,40995379,40721289,40924,40460,63,0,0,0,0,0,0,0,0
1778082418.1013193,g2.hpc.coe,40875,0.5001,0,100.0,2035.0,12288.0,122172567795,122412927149,125189833,125387908,2927251,0,0,0,0,0,0,0,0,0,0,0,0,35428063,35397249,35702,35682,28,0,0,0,0,0,0,0,0
1778082418.6013901,g2.hpc.coe,40875,0.5001,0,100.0,2035.0,12288.0,122213563250,122453892493,125231029,125429069,2930289,0,0,0,0,0,0,0,0,0,0,0,0,40995455,40965344,41196,41161,3038,0,0,0,0,0,0,0,0
1778082419.1014743,g2.hpc.coe,40875,0.5001,0,100.0,2035.0,12288.0,122248991383,122489289714,125266725,125464747,2931036,0,0,0,0,0,0,0,0,0,0,0,0,35428133,35397221,35696,35678,747,0,0,0,0,0,0,0,0
1778082419.6015594,g2.hpc.coe,40875,0.5001,0,100.0,2035.0,12288.0,122287133390,122527779908,125305560,125503848,2931056,0,0,0,0,0,0,0,0,0,0,0,0,38142007,38490194,38835,39101,20,0,0,0,0,0,0,0,0
1778082420.101651,g2.hpc.coe,40875,0.5001,0,100.0,2035.0,12288.0,122325414197,122565652320,125343627,125541594,2931442,0,0,0,0,0,0,0,0,0,0,0,0,38280807,37872412,38067,37746,386,0,0,0,0,0,0,0,0
1778082420.6017416,g2.hpc.coe,40875,0.5001,0,100.0,2035.0,12288.0,122360151420,122600362597,125378579,125576525,2931475,0,0,0,0,0,0,0,0,0,0,0,0,34737223,34710277,34952,34931,33,0,0,0,0,0,0,0,0
1778082421.1018093,g2.hpc.coe,40875,0.5001,0,100.0,2035.0,12288.0,122401146065,122641327996,125419773,125617696,2933549,0,0,0,0,0,0,0,0,0,0,0,0,40994645,40965399,41194,41171,2074,0,0,0,0,0,0,0,0
1778082421.6018941,g2.hpc.coe,40875,0.5001,0,100.0,2035.0,12288.0,122436573436,122676725208,125455467,125653368,2933650,0,0,0,0,0,0,0,0,0,0,0,0,35427371,35397212,35694,35672,101,0,0,0,0,0,0,0,0
1778082422.1019788,g2.hpc.coe,40875,0.5001,0,100.0,2035.0,12288.0,122477568823,122717690991,125496679,125694538,2934036,0,0,0,0,0,0,0,0,0,0,0,0,40995387,40965783,41212,41170,386,0,0,0,0,0,0,0,0
1778082422.6020672,g2.hpc.coe,40875,0.5001,0,100.0,2035.0,12288.0,122512996278,122753088190,125532380,125730215,2934064,0,0,0,0,0,0,0,0,0,0,0,0,35427455,35397199,35701,35677,28,0,0,0,0,0,0,0,0
1778082423.1021614,g2.hpc.coe,40875,0.5001,0,100.0,2035.0,12288.0,122547733786,122787798418,125567338,125765139,2934099,0,0,0,0,0,0,0,0,0,0,0,0,34737508,34710228,34958,34924,35,0,0,0,0,0,0,0,0
1778082423.6022472,g2.hpc.coe,40875,0.5001,0,100.0,2035.0,12288.0,122588728612,122828763810,125608523,125806309,2935594,0,0,0,0,0,0,0,0,0,0,0,0,40994826,40965392,41185,41170,1495,0,0,0,0,0,0,0,0
1778082424.1023414,g2.hpc.coe,40875,0.5001,0,100.0,2035.0,12288.0,122624156151,122864160968,125644213,125841978,2935615,0,0,0,0,0,0,0,0,0,0,0,0,35427539,35397158,35690,35669,21,0,0,0,0,0,0,0,0
1778082424.6024046,g2.hpc.coe,40875,0.5001,0,100.0,2035.0,12288.0,122665151075,122905126410,125685396,125883153,2935796,0,0,0,0,0,0,0,0,0,0,0,0,40994924,40965442,41183,41175,181,0,0,0,0,0,0,0,0
1778082425.1024907,g2.hpc.coe,40875,0.5001,0,100.0,2035.0,12288.0,122700578872,122940523680,125721109,125918838,2935823,0,0,0,0,0,0,0,0,0,0,0,0,35427797,35397270,35713,35685,27,0,0,0,0,0,0,0,0
1778082425.6025813,g2.hpc.coe,40875,0.5001,0,100.0,2035.0,12288.0,122735316576,122975234014,125756058,125953775,2936131,0,0,0,0,0,0,0,0,0,0,0,0,34737704,34710334,34949,34937,308,0,0,0,0,0,0,0,0
1778082426.1026714,g2.hpc.coe,40875,0.5001,0,100.0,2035.0,12288.0,122776311821,123016199463,125797266,125994951,2936175,0,0,0,0,0,0,0,0,0,0,0,0,40995245,40965449,41208,41176,44,0,0,0,0,0,0,0,0
1778082426.6027596,g2.hpc.coe,40875,0.5001,0,100.0,2035.0,12288.0,122811739750,123051596670,125832977,126030627,2936194,0,0,0,0,0,0,0,0,0,0,0,0,35427929,35397207,35711,35676,19,0,0,0,0,0,0,0,0
1778082427.1028268,g2.hpc.coe,40875,0.5001,0,100.0,2035.0,12288.0,122852734966,123092562154,125874167,126071808,2937459,0,0,0,0,0,0,0,0,0,0,0,0,40995216,40965484,41190,41181,1265,0,0,0,0,0,0,0,0
1778082427.6029136,g2.hpc.coe,40875,0.5001,0,100.0,2035.0,12288.0,122888162936,123127959305,125909870,126107476,2938377,0,0,0,0,0,0,0,0,0,0,0,0,35427970,35397151,35703,35668,918,0,0,0,0,0,0,0,0
1778082428.1030006,g2.hpc.coe,40875,0.5001,0,100.0,2035.0,12288.0,122929158299,123168924691,125951067,126148643,2938443,0,0,0,0,0,0,0,0,0,0,0,0,40995363,40965386,41197,41167,66,0,0,0,0,0,0,0,0
1778082428.603085,g2.hpc.coe,40875,0.5001,0,100.0,2035.0,12288.0,122963896309,123203634983,125986018,126183574,2938496,0,0,0,0,0,0,0,0,0,0,0,0,34738010,34710292,34951,34931,53,0,0,0,0,0,0,0,0
1778082429.1031694,g2.hpc.coe,40875,0.5001,0,100.0,2035.0,12288.0,122999324390,123239032204,126021716,126219252,2938519,0,0,0,0,0,0,0,0,0,0,0,0,35428081,35397221,35698,35678,23,0,0,0,0,0,0,0,0
1778082429.603238,g2.hpc.coe,40875,0.5001,0,100.0,2035.0,12288.0,123040319864,123279997597,126062906,126260420,2939151,0,0,0,0,0,0,0,0,0,0,0,0,40995474,40965393,41190,41168,632,0,0,0,0,0,0,0,0
1778082430.1033278,g2.hpc.coe,40875,0.5001,0,100.0,2035.0,12288.0,123075748064,123315394769,126098605,126296091,2939500,0,0,0,0,0,0,0,0,0,0,0,0,35428200,35397172,35699,35671,349,0,0,0,0,0,0,0,0
1778082430.6034174,g2.hpc.coe,40875,0.5001,0,100.0,2035.0,12288.0,123110485243,123350105004,126133558,126331016,2939577,0,0,0,0,0,0,0,0,0,0,0,0,34737179,34710235,34953,34925,77,0,0,0,0,0,0,0,0
1778082431.1035025,g2.hpc.coe,40875,0.5001,0,100.0,2035.0,12288.0,123151479851,123391070417,126174754,126372189,2939608,0,0,0,0,0,0,0,0,0,0,0,0,40994608,40965413,41196,41173,31,0,0,0,0,0,0,0,0
1778082431.6035888,g2.hpc.coe,40875,0.5001,0,100.0,2035.0,12288.0,123186907171,123426467609,126210457,126407865,2939695,0,0,0,0,0,0,0,0,0,0,0,0,35427320,35397192,35703,35676,87,0,0,0,0,0,0,0,0
1778082432.1036623,g2.hpc.coe,40875,0.5001,0,100.0,2035.0,12288.0,123227901932,123467433056,126251652,126449036,2942615,0,0,0,0,0,0,0,0,0,0,0,0,40994761,40965447,41195,41171,2920,0,0,0,0,0,0,0,0
1778082432.6037555,g2.hpc.coe,40875,0.5001,0,100.0,2035.0,12288.0,123263329342,123502830241,126287354,126484711,2942636,0,0,0,0,0,0,0,0,0,0,0,0,35427410,35397185,35702,35675,21,0,0,0,0,0,0,0,0
1778082433.1038423,g2.hpc.coe,40875,0.5001,0,100.0,2035.0,12288.0,123298066736,123537540539,126322303,126519645,2942755,0,0,0,0,0,0,0,0,0,0,0,0,34737394,34710298,34949,34934,119,0,0,0,0,0,0,0,0
1778082433.603907,g2.hpc.coe,40875,0.5001,0,100.0,2035.0,12288.0,123339061608,123578505889,126363502,126560809,2942948,0,0,0,0,0,0,0,0,0,0,0,0,40994872,40965350,41199,41164,193,0,0,0,0,0,0,0,0
1778082434.103998,g2.hpc.coe,40875,0.5001,0,100.0,2035.0,12288.0,123374489136,123613903060,126399200,126596482,2943154,0,0,0,0,0,0,0,0,0,0,0,0,35427528,35397171,35698,35673,206,0,0,0,0,0,0,0,0
1778082434.6040692,g2.hpc.coe,40875,0.5001,0,100.0,2035.0,12288.0,123415484021,123654868438,126440387,126637650,2945376,0,0,0,0,0,0,0,0,0,0,0,0,40994885,40965378,41187,41168,2222,0,0,0,0,0,0,0,0
1778082435.1041532,g2.hpc.coe,40875,0.5001,0,100.0,2035.0,12288.0,123450911696,123690265652,126476090,126673327,2945400,0,0,0,0,0,0,0,0,0,0,0,0,35427675,35397214,35703,35677,24,0,0,0,0,0,0,0,0
1778082435.604237,g2.hpc.coe,40875,0.5001,0,100.0,2035.0,12288.0,123486888642,123726562415,126512821,126710234,2947824,0,0,0,0,0,0,0,0,0,0,0,0,35976946,36296763,36731,36907,2424,0,0,0,0,0,0,0,0
1778082436.1043282,g2.hpc.coe,40875,0.5001,0,100.0,2035.0,12288.0,123526999156,123766628002,126552978,126750175,2949108,0,0,0,0,0,0,0,0,0,0,0,0,40110514,40065587,40157,39941,1284,0,0,0,0,0,0,0,0
1778082436.6044154,g2.hpc.coe,40875,0.5001,0,100.0,2035.0,12288.0,123562072259,123801338565,126587935,126785105,2949131,0,0,0,0,0,0,0,0,0,0,0,0,35073103,34710563,34957,34930,23,0,0,0,0,0,0,0,0
1778082437.1044805,g2.hpc.coe,40875,0.5001,0,100.0,2035.0,12288.0,123603068115,123842304530,126629145,126826292,2951325,0,0,0,0,0,0,0,0,0,0,0,0,40995856,40965965,41210,41187,2194,0,0,0,0,0,0,0,0
1778082437.6045668,g2.hpc.coe,40875,0.5001,0,100.0,2035.0,12288.0,123638496069,123877701660,126664853,126861957,2951543,0,0,0,0,0,0,0,0,0,0,0,0,35427954,35397130,35708,35665,218,0,0,0,0,0,0,0,0
1778082438.1046593,g2.hpc.coe,40875,0.5001,0,100.0,2035.0,12288.0,123679483655,123918659362,126706025,126903128,2951572,0,0,0,0,0,0,0,0,0,0,0,0,40987586,40957702,41172,41171,29,0,0,0,0,0,0,0,0
1778082438.6047525,g2.hpc.coe,40875,0.5001,0,100.0,2035.0,12288.0,123714919411,123954064246,126741755,126938799,2951598,0,0,0,0,0,0,0,0,0,0,0,0,35435756,35404884,35730,35671,26,0,0,0,0,0,0,0,0
1778082439.104845,g2.hpc.coe,40875,0.5001,0,100.0,2035.0,12288.0,123749657474,123988774503,126776714,126973725,2951624,0,0,0,0,0,0,0,0,0,0,0,0,34738063,34710257,34959,34926,26,0,0,0,0,0,0,0,0
1778082439.604912,g2.hpc.coe,40875,0.5001,0,100.0,2035.0,12288.0,123790652973,124029739938,126817917,127014899,2954062,0,0,0,0,0,0,0,0,0,0,0,0,40995499,40965435,41203,41174,2438,0,0,0,0,0,0,0,0
1778082440.1050034,g2.hpc.coe,40875,0.5001,0,100.0,2035.0,12288.0,123826081136,124065137159,126853618,127050577,2954084,0,0,0,0,0,0,0,0,0,0,0,0,35428163,35397221,35701,35678,22,0,0,0,0,0,0,0,0
1778082440.60509,g2.hpc.coe,40875,0.5001,0,100.0,2035.0,12288.0,123866914846,124106094840,126894800,127091722,2954235,0,0,0,0,0,0,0,0,0,0,0,0,40833710,40957681,41182,41145,151,0,0,0,0,0,0,0,0
1778082441.1051826,g2.hpc.coe,40875,0.5001,0,100.0,2035.0,12288.0,123902503974,124141499709,126930525,127127416,2954421,0,0,0,0,0,0,0,0,0,0,0,0,35589128,35404869,35725,35694,186,0,0,0,0,0,0,0,0
1778082441.6052682,g2.hpc.coe,40875,0.5001,0,100.0,2035.0,12288.0,123937241170,124176209944,126965474,127162341,2954441,0,0,0,0,0,0,0,0,0,0,0,0,34737196,34710235,34949,34925,20,0,0,0,0,0,0,0,0
1778082442.1053402,g2.hpc.coe,40875,0.5001,0,100.0,2035.0,12288.0,123978235852,124217175426,127006665,127203517,2956346,0,0,0,0,0,0,0,0,0,0,0,0,40994682,40965482,41191,41176,1905,0,0,0,0,0,0,0,0
1778082442.6054294,g2.hpc.coe,40875,0.5001,0,100.0,2035.0,12288.0,124013663162,124252572611,127042360,127239192,2956366,0,0,0,0,0,0,0,0,0,0,0,0,35427310,35397185,35695,35675,20,0,0,0,0,0,0,0,0
1778082443.105492,g2.hpc.coe,40875,0.5001,0,100.0,2035.0,12288.0,124054657899,124293537989,127083554,127280360,2956493,0,0,0,0,0,0,0,0,0,0,0,0,40994737,40965378,41194,41168,127,0,0,0,0,0,0,0,0
1778082443.6055846,g2.hpc.coe,40875,0.5001,0,100.0,2035.0,12288.0,124090085306,124328935174,127119249,127316035,2956522,0,0,0,0,0,0,0,0,0,0,0,0,35427407,35397185,35695,35675,29,0,0,0,0,0,0,0,0
1778082444.1056716,g2.hpc.coe,40875,0.5001,0,100.0,2035.0,12288.0,124124822780,124363645416,127154203,127350961,2956539,0,0,0,0,0,0,0,0,0,0,0,0,34737474,34710242,34954,34926,17,0,0,0,0,0,0,0,0
1778082444.6057587,g2.hpc.coe,40875,0.5001,0,100.0,2035.0,12288.0,124165817684,124404610780,127195400,127392127,2956648,0,0,0,0,0,0,0,0,0,0,0,0,40994904,40965364,41197,41166,109,0,0,0,0,0,0,0,0
1778082445.1058419,g2.hpc.coe,40875,0.5001,0,100.0,2035.0,12288.0,124201245272,124440007965,127231100,127427802,2956672,0,0,0,0,0,0,0,0,0,0,0,0,35427588,35397185,35700,35675,24,0,0,0,0,0,0,0,0
1778082445.6059065,g2.hpc.coe,40875,0.5001,0,100.0,2035.0,12288.0,124242240330,124480973337,127272303,127468967,2957250,0,0,0,0,0,0,0,0,0,0,0,0,40995058,40965372,41203,41165,578,0,0,0,0,0,0,0,0
1778082446.105997,g2.hpc.coe,40875,0.5001,0,100.0,2035.0,12288.0,124277668058,124516370558,127308007,127504645,2958196,0,0,0,0,0,0,0,0,0,0,0,0,35427728,35397221,35704,35678,946,0,0,0,0,0,0,0,0
1778082446.6060836,g2.hpc.coe,40875,0.5001,0,100.0,2035.0,12288.0,124312405811,124551080836,127342964,127539574,2958222,0,0,0,0,0,0,0,0,0,0,0,0,34737753,34710278,34957,34929,26,0,0,0,0,0,0,0,0
1778082447.1061697,g2.hpc.coe,40875,0.5001,0,100.0,2035.0,12288.0,124353401042,124592046326,127384164,127580749,2958676,0,0,0,0,0,0,0,0,0,0,0,0,40995231,40965490,41200,41175,454,0,0,0,0,0,0,0,0
1778082447.606262,g2.hpc.coe,40875,0.5001,0,100.0,2035.0,12288.0,124388828861,124627443456,127419858,127616414,2964236,0,0,0,0,0,0,0,0,0,0,0,0,35427819,35397130,35694,35665,5560,0,0,0,0,0,0,0,0
1778082448.1063354,g2.hpc.coe,40875,0.5001,0,100.0,2035.0,12288.0,124429824113,124668408856,127461054,127657583,2965506,0,0,0,0,0,0,0,0,0,0,0,0,40995252,40965400,41196,41169,1270,0,0,0,0,0,0,0,0
1778082448.6064203,g2.hpc.coe,40875,0.5001,0,100.0,2035.0,12288.0,124465251993,124703806028,127496745,127693254,2965532,0,0,0,0,0,0,0,0,0,0,0,0,35427880,35397172,35691,35671,26,0,0,0,0,0,0,0,0
1778082449.1065042,g2.hpc.coe,40875,0.5001,0,100.0,2035.0,12288.0,124499990018,124738516278,127531706,127728179,2965553,0,0,0,0,0,0,0,0,0,0,0,0,34738025,34710250,34961,34925,21,0,0,0,0,0,0,0,0
1778082449.6065912,g2.hpc.coe,40875,0.5001,0,100.0,2035.0,12288.0,124540985472,124779481664,127572910,127769346,2965833,0,0,0,0,0,0,0,0,0,0,0,0,40995454,40965386,41204,41167,280,0,0,0,0,0,0,0,0
1778082450.1066852,g2.hpc.coe,40875,0.5001,0,100.0,2035.0,12288.0,124576413582,124814878871,127608613,127805022,2965863,0,0,0,0,0,0,0,0,0,0,0,0,35428110,35397207,35703,35676,30,0,0,0,0,0,0,0,0
1778082450.6067562,g2.hpc.coe,40875,0.5001,0,100.0,2035.0,12288.0,124617409107,124855844264,127649811,127846190,2965893,0,0,0,0,0,0,0,0,0,0,0,0,40995525,40965393,41198,41168,30,0,0,0,0,0,0,0,0
1778082451.10684,g2.hpc.coe,40875,0.5001,0,100.0,2035.0,12288.0,124652837266,124891241548,127685505,127881877,2967405,0,0,0,0,0,0,0,0,0,0,0,0,35428159,35397284,35694,35687,1512,0,0,0,0,0,0,0,0
1778082451.6069257,g2.hpc.coe,40875,0.5001,0,100.0,2035.0,12288.0,124687574467,124925951874,127720462,127916815,2968168,0,0,0,0,0,0,0,0,0,0,0,0,34737201,34710326,34957,34938,763,0,0,0,0,0,0,0,0
1778082452.1069949,g2.hpc.coe,40875,0.5001,0,100.0,2035.0,12288.0,124728742813,124967306214,127762313,127958741,2968359,0,0,0,0,0,0,0,0,0,0,0,0,41168346,41354340,41851,41926,191,0,0,0,0,0,0,0,0
1778082452.6070817,g2.hpc.coe,40875,0.5001,0,100.0,2035.0,12288.0,124763997020,125002314953,127797369,127993669,2968379,0,0,0,0,0,0,0,0,0,0,0,0,35254207,35008739,35056,34928,20,0,0,0,0,0,0,0,0
1778082453.1071594,g2.hpc.coe,40875,0.5001,0,100.0,2035.0,12288.0,124804991671,125043280366,127838558,128034842,2968605,0,0,0,0,0,0,0,0,0,0,0,0,40994651,40965413,41189,41173,226,0,0,0,0,0,0,0,0
1778082453.6072447,g2.hpc.coe,40875,0.5001,0,100.0,2035.0,12288.0,124840419124,125078677544,127874267,128070516,2968628,0,0,0,0,0,0,0,0,0,0,0,0,35427453,35397178,35709,35674,23,0,0,0,0,0,0,0,0
1778082454.1073294,g2.hpc.coe,40875,0.5001,0,100.0,2035.0,12288.0,124876582274,125115136845,127911138,128107578,2968655,0,0,0,0,0,0,0,0,0,0,0,0,36163150,36459301,36871,37062,27,0,0,0,0,0,0,0,0
1778082454.6074166,g2.hpc.coe,40875,0.5001,0,100.0,2035.0,12288.0,124916841331,125155040107,127951152,128147359,2968816,0,0,0,0,0,0,0,0,0,0,0,0,40259057,39903262,40014,39781,161,0,0,0,0,0,0,0,0
1778082455.1075037,g2.hpc.coe,40875,0.5001,0,100.0,2035.0,12288.0,124951578844,125189750377,127986105,128182289,2968840,0,0,0,0,0,0,0,0,0,0,0,0,34737513,34710270,34953,34930,24,0,0,0,0,0,0,0,0
1778082455.607588,g2.hpc.coe,40875,0.5001,0,100.0,2035.0,12288.0,124992573808,125230715783,128027304,128223461,2970677,0,0,0,0,0,0,0,0,0,0,0,0,40994964,40965406,41199,41172,1837,0,0,0,0,0,0,0,0
1778082456.1076746,g2.hpc.coe,40875,0.5001,0,100.0,2035.0,12288.0,125028001400,125266112962,128062996,128259133,2972708,0,0,0,0,0,0,0,0,0,0,0,0,35427592,35397179,35692,35672,2031,0,0,0,0,0,0,0,0
1778082456.6077545,g2.hpc.coe,40875,0.5001,0,100.0,2035.0,12288.0,125065884327,125304441588,128101602,128298029,2972937,0,0,0,0,0,0,0,0,0,0,0,0,37882927,38328626,38606,38896,229,0,0,0,0,0,0,0,0
1778082457.1078417,g2.hpc.coe,40875,0.5001,0,100.0,2035.0,12288.0,125104424138,125342475548,128139883,128335975,2973575,0,0,0,0,0,0,0,0,0,0,0,0,38539811,38033960,38281,37946,638,0,0,0,0,0,0,0,0
1778082457.6079276,g2.hpc.coe,40875,0.5001,0,100.0,2035.0,12288.0,125139161994,125377185895,128174839,128370907,2973609,0,0,0,0,0,0,0,0,0,0,0,0,34737856,34710347,34956,34932,34,0,0,0,0,0,0,0,0
1778082458.1080081,g2.hpc.coe,40875,0.5001,0,100.0,2035.0,12288.0,125180157181,125418151288,128216033,128412075,2974635,0,0,0,0,0,0,0,0,0,0,0,0,40995187,40965393,41194,41168,1026,0,0,0,0,0,0,0,0
1778082458.6080945,g2.hpc.coe,40875,0.5001,0,100.0,2035.0,12288.0,125215585136,125453548397,128251742,128447737,2974657,0,0,0,0,0,0,0,0,0,0,0,0,35427955,35397109,35709,35662,22,0,0,0,0,0,0,0,0
1778082459.1081789,g2.hpc.coe,40875,0.5001,0,100.0,2035.0,12288.0,125256580442,125494513853,128292939,128488914,2974971,0,0,0,0,0,0,0,0,0,0,0,0,40995306,40965456,41197,41177,314,0,0,0,0,0,0,0,0
1778082459.6082606,g2.hpc.coe,40875,0.5001,0,100.0,2035.0,12288.0,125292008432,125529911102,128328639,128524596,2974987,0,0,0,0,0,0,0,0,0,0,0,0,35427990,35397249,35700,35682,16,0,0,0,0,0,0,0,0
1778082460.108348,g2.hpc.coe,40875,0.5001,0,100.0,2035.0,12288.0,125326746419,125564621422,128363588,128559531,2975324,0,0,0,0,0,0,0,0,0,0,0,0,34737987,34710320,34949,34935,337,0,0,0,0,0,0,0,0
1778082460.6084318,g2.hpc.coe,40875,0.5001,0,100.0,2035.0,12288.0,125367741920,125605586801,128404792,128600697,2976299,0,0,0,0,0,0,0,0,0,0,0,0,40995501,40965379,41204,41166,975,0,0,0,0,0,0,0,0
1778082461.1085186,g2.hpc.coe,40875,0.5001,0,100.0,2035.0,12288.0,125403170161,125640983994,128440505,128636371,2976327,0,0,0,0,0,0,0,0,0,0,0,0,35428241,35397193,35713,35674,28,0,0,0,0,0,0,0,0
1778082461.608605,g2.hpc.coe,40875,0.5001,0,100.0,2035.0,12288.0,125444165739,125681949429,128481704,128677545,2976673,0,0,0,0,0,0,0,0,0,0,0,0,40995578,40965435,41199,41174,346,0,0,0,0,0,0,0,0
1778082462.1086903,g2.hpc.coe,40875,0.5001,0,100.0,2035.0,12288.0,125479592911,125717346551,128517401,128713211,2977410,0,0,0,0,0,0,0,0,0,0,0,0,35427172,35397122,35697,35666,737,0,0,0,0,0,0,0,0
1778082462.6087759,g2.hpc.coe,40875,0.5001,0,100.0,2035.0,12288.0,125514330228,125752056855,128552359,128748139,2977434,0,0,0,0,0,0,0,0,0,0,0,0,34737317,34710304,34958,34928,24,0,0,0,0,0,0,0,0
1778082463.108862,g2.hpc.coe,40875,0.5001,0,100.0,2035.0,12288.0,125555324870,125793022247,128593554,128789309,2977598,0,0,0,0,0,0,0,0,0,0,0,0,40994642,40965392,41195,41170,164,0,0,0,0,0,0,0,0
1778082463.6089478,g2.hpc.coe,40875,0.5001,0,100.0,2035.0,12288.0,125590752181,125828419411,128629250,128824981,2977621,0,0,0,0,0,0,0,0,0,0,0,0,35427311,35397164,35696,35672,23,0,0,0,0,0,0,0,0
1778082464.109032,g2.hpc.coe,40875,0.5001,0,100.0,2035.0,12288.0,125631746983,125869384859,128670454,128866159,2979813,0,0,0,0,0,0,0,0,0,0,0,0,40994802,40965448,41204,41178,2192,0,0,0,0,0,0,0,0
1778082464.6091125,g2.hpc.coe,40875,0.5001,0,100.0,2035.0,12288.0,125667174461,125904782037,128706160,128901833,2979839,0,0,0,0,0,0,0,0,0,0,0,0,35427478,35397178,35706,35674,26,0,0,0,0,0,0,0,0
1778082465.1091995,g2.hpc.coe,40875,0.5001,0,100.0,2035.0,12288.0,125701911916,125939492349,128741112,128936769,2979866,0,0,0,0,0,0,0,0,0,0,0,0,34737455,34710312,34952,34936,27,0,0,0,0,0,0,0,0
1778082465.60928,g2.hpc.coe,40875,0.5001,0,100.0,2035.0,12288.0,125742906898,125980457741,128782321,128977939,2980434,0,0,0,0,0,0,0,0,0,0,0,0,40994982,40965392,41209,41170,568,0,0,0,0,0,0,0,0
1778082466.109368,g2.hpc.coe,40875,0.5001,0,100.0,2035.0,12288.0,125778334536,126015854933,128818029,129013615,2981448,0,0,0,0,0,0,0,0,0,0,0,0,35427638,35397192,35708,35676,1014,0,0,0,0,0,0,0,0
1778082466.6094537,g2.hpc.coe,40875,0.5001,0,100.0,2035.0,12288.0,125819329490,126056820431,128859218,129054798,2982100,0,0,0,0,0,0,0,0,0,0,0,0,40994954,40965498,41189,41183,652,0,0,0,0,0,0,0,0
1778082467.1095436,g2.hpc.coe,40875,0.5001,0,100.0,2035.0,12288.0,125854757793,126092218050,128894931,129090477,2982127,0,0,0,0,0,0,0,0,0,0,0,0,35428303,35397619,35713,35679,27,0,0,0,0,0,0,0,0
1778082467.6096268,g2.hpc.coe,40875,0.5001,0,100.0,2035.0,12288.0,125889495625,126126928425,128929891,129125413,2983465,0,0,0,0,0,0,0,0,0,0,0,0,34737832,34710375,34960,34936,1338,0,0,0,0,0,0,0,0
1778082468.1097155,g2.hpc.coe,40875,0.5001,0,100.0,2035.0,12288.0,125930490754,126167893860,128971084,129166587,2983685,0,0,0,0,0,0,0,0,0,0,0,0,40995129,40965435,41193,41174,220,0,0,0,0,0,0,0,0
1778082468.6097963,g2.hpc.coe,40875,0.5001,0,100.0,2035.0,12288.0,125965918615,126203291102,129006787,129202268,2983704,0,0,0,0,0,0,0,0,0,0,0,0,35427861,35397242,35703,35681,19,0,0,0,0,0,0,0,0
1778082469.1098995,g2.hpc.coe,40875,0.5001,0,100.0,2035.0,12288.0,126006914140,126244256736,129047991,129243439,2983911,0,0,0,0,0,0,0,0,0,0,0,0,40995525,40965634,41204,41171,207,0,0,0,0,0,0,0,0
1778082469.6099842,g2.hpc.coe,40875,0.5001,0,100.0,2035.0,12288.0,126042342086,126279653929,129083690,129279113,2984156,0,0,0,0,0,0,0,0,0,0,0,0,35427946,35397193,35699,35674,245,0,0,0,0,0,0,0,0
1778082470.110073,g2.hpc.coe,40875,0.5001,0,100.0,2035.0,12288.0,126077080077,126314364207,129118647,129314042,2984495,0,0,0,0,0,0,0,0,0,0,0,0,34737991,34710278,34957,34929,339,0,0,0,0,0,0,0,0
1778082470.6101575,g2.hpc.coe,40875,0.5001,0,100.0,2035.0,12288.0,126118075491,126355329558,129159846,129355204,2984908,0,0,0,0,0,0,0,0,0,0,0,0,40995414,40965351,41199,41162,413,0,0,0,0,0,0,0,0
1778082471.1102412,g2.hpc.coe,40875,0.5001,0,100.0,2035.0,12288.0,126153503589,126390726765,129195548,129390880,2985060,0,0,0,0,0,0,0,0,0,0,0,0,35428098,35397207,35702,35676,152,0,0,0,0,0,0,0,0
1778082471.610325,g2.hpc.coe,40875,0.5001,0,100.0,2035.0,12288.0,126194499059,126431692221,129236739,129432057,2986410,0,0,0,0,0,0,0,0,0,0,0,0,40995470,40965456,41191,41177,1350,0,0,0,0,0,0,0,0
1778082472.1104138,g2.hpc.coe,40875,0.5001,0,100.0,2035.0,12288.0,126229927248,126467089407,129272438,129467730,2988024,0,0,0,0,0,0,0,0,0,0,0,0,35428189,35397186,35699,35673,1614,0,0,0,0,0,0,0,0
1778082472.6104975,g2.hpc.coe,40875,0.5001,0,100.0,2035.0,12288.0,126265369028,126502902955,129308602,129504104,2988451,0,0,0,0,0,0,0,0,0,0,0,0,35441780,35813548,36164,36374,427,0,0,0,0,0,0,0,0
1778082473.1105838,g2.hpc.coe,40875,0.5001,0,100.0,2035.0,12288.0,126305659049,126542765068,129348583,129543823,2988480,0,0,0,0,0,0,0,0,0,0,0,0,40290021,39862113,39981,39719,29,0,0,0,0,0,0,0,0
1778082473.6106668,g2.hpc.coe,40875,0.5001,0,100.0,2035.0,12288.0,126341086379,126578162232,129384289,129579495,2988502,0,0,0,0,0,0,0,0,0,0,0,0,35427330,35397164,35706,35672,22,0,0,0,0,0,0,0,0
1778082474.1107547,g2.hpc.coe,40875,0.5001,0,100.0,2035.0,12288.0,126382081053,126619127610,129425482,129620663,2992390,0,0,0,0,0,0,0,0,0,0,0,0,40994674,40965378,41193,41168,3888,0,0,0,0,0,0,0,0
1778082474.6108434,g2.hpc.coe,40875,0.5001,0,100.0,2035.0,12288.0,126417508460,126654524809,129461185,129656340,2993559,0,0,0,0,0,0,0,0,0,0,0,0,35427407,35397199,35703,35677,1169,0,0,0,0,0,0,0,0
1778082475.1109061,g2.hpc.coe,40875,0.5001,0,100.0,2035.0,12288.0,126456465744,126693851135,129500768,129696182,2994469,0,0,0,0,0,0,0,0,0,0,0,0,38957284,39326326,39583,39842,910,0,0,0,0,0,0,0,0
1778082475.6109862,g2.hpc.coe,40875,0.5001,0,100.0,2035.0,12288.0,126493930744,126730887330,129538082,129733177,2994794,0,0,0,0,0,0,0,0,0,0,0,0,37465000,37036195,37314,36995,325,0,0,0,0,0,0,0,0
1778082476.1110744,g2.hpc.coe,40875,0.5001,0,100.0,2035.0,12288.0,126528668239,126765597642,129573033,129768113,2994868,0,0,0,0,0,0,0,0,0,0,0,0,34737495,34710312,34951,34936,74,0,0,0,0,0,0,0,0
1778082476.611156,g2.hpc.coe,40875,0.5001,0,100.0,2035.0,12288.0,126569663164,126806563090,129614227,129809291,2996164,0,0,0,0,0,0,0,0,0,0,0,0,40994925,40965448,41194,41178,1296,0,0,0,0,0,0,0,0
1778082477.1112423,g2.hpc.coe,40875,0.5001,0,100.0,2035.0,12288.0,126605090809,126841960304,129649927,129844968,2996903,0,0,0,0,0,0,0,0,0,0,0,0,35427645,35397214,35700,35677,739,0,0,0,0,0,0,0,0
1778082477.6113238,g2.hpc.coe,40875,0.5001,0,100.0,2035.0,12288.0,126646085846,126882925746,129691121,129886143,2996984,0,0,0,0,0,0,0,0,0,0,0,0,40995037,40965442,41194,41175,81,0,0,0,0,0,0,0,0
1778082478.111413,g2.hpc.coe,40875,0.5001,0,100.0,2035.0,12288.0,126681513672,126918322959,129726824,129921813,2997013,0,0,0,0,0,0,0,0,0,0,0,0,35427826,35397213,35703,35670,29,0,0,0,0,0,0,0,0
1778082478.6114979,g2.hpc.coe,40875,0.5001,0,100.0,2035.0,12288.0,126716251369,126953033265,129761767,129956746,2997037,0,0,0,0,0,0,0,0,0,0,0,0,34737697,34710306,34943,34933,24,0,0,0,0,0,0,0,0
1778082479.1115847,g2.hpc.coe,40875,0.5001,0,100.0,2035.0,12288.0,126757246524,126993998700,129802957,129997920,2999428,0,0,0,0,0,0,0,0,0,0,0,0,40995155,40965435,41190,41174,2391,0,0,0,0,0,0,0,0
1778082479.6116643,g2.hpc.coe,40875,0.5001,0,100.0,2035.0,12288.0,126792674412,127029395921,129838657,130033598,3000720,0,0,0,0,0,0,0,0,0,0,0,0,35427888,35397221,35700,35678,1292,0,0,0,0,0,0,0,0
1778082480.1117501,g2.hpc.coe,40875,0.5001,0,100.0,2035.0,12288.0,126833669707,127070361328,129879853,130074768,3001380,0,0,0,0,0,0,0,0,0,0,0,0,40995295,40965407,41196,41170,660,0,0,0,0,0,0,0,0
1778082480.6118305,g2.hpc.coe,40875,0.5001,0,100.0,2035.0,12288.0,126869097720,127105758500,129915557,130110439,3001676,0,0,0,0,0,0,0,0,0,0,0,0,35428013,35397172,35704,35671,296,0,0,0,0,0,0,0,0
1778082481.1119173,g2.hpc.coe,40875,0.5001,0,100.0,2035.0,12288.0,126903835689,127140468778,129950504,130145368,3006620,0,0,0,0,0,0,0,0,0,0,0,0,34737969,34710278,34947,34929,4944,0,0,0,0,0,0,0,0
1778082481.6119976,g2.hpc.coe,40875,0.5001,0,100.0,2035.0,12288.0,126944831137,127181434220,129991701,130186543,3006675,0,0,0,0,0,0,0,0,0,0,0,0,40995448,40965442,41197,41175,55,0,0,0,0,0,0,0,0
1778082482.1120992,g2.hpc.coe,40875,0.5001,0,100.0,2035.0,12288.0,126980259914,127216831867,130027417,130222226,3006706,0,0,0,0,0,0,0,0,0,0,0,0,35428777,35397647,35716,35683,31,0,0,0,0,0,0,0,0
1778082482.6121852,g2.hpc.coe,40875,0.5001,0,100.0,2035.0,12288.0,127021255481,127257797267,130068615,130263395,3008027,0,0,0,0,0,0,0,0,0,0,0,0,40995567,40965400,41198,41169,1321,0,0,0,0,0,0,0,0
1778082483.1122775,g2.hpc.coe,40875,0.5001,0,100.0,2035.0,12288.0,127056682762,127293194549,130104319,130299077,3008146,0,0,0,0,0,0,0,0,0,0,0,0,35427281,35397282,35704,35682,119,0,0,0,0,0,0,0,0
1778082483.6123633,g2.hpc.coe,40875,0.5001,0,100.0,2035.0,12288.0,127091419929,127327904798,130139265,130334004,3008179,0,0,0,0,0,0,0,0,0,0,0,0,34737167,34710249,34946,34927,33,0,0,0,0,0,0,0,0
1778082484.1124444,g2.hpc.coe,40875,0.5001,0,100.0,2035.0,12288.0,127132414623,127368870190,130180468,130375174,3008224,0,0,0,0,0,0,0,0,0,0,0,0,40994694,40965392,41203,41170,45,0,0,0,0,0,0,0,0
1778082484.6125243,g2.hpc.coe,40875,0.5001,0,100.0,2035.0,12288.0,127167842008,127404267375,130216175,130410849,3008305,0,0,0,0,0,0,0,0,0,0,0,0,35427385,35397185,35707,35675,81,0,0,0,0,0,0,0,0
1778082485.1126087,g2.hpc.coe,40875,0.5001,0,100.0,2035.0,12288.0,127208836771,127445232760,130257374,130452018,3008869,0,0,0,0,0,0,0,0,0,0,0,0,40994763,40965385,41199,41169,564,0,0,0,0,0,0,0,0
1778082485.6126919,g2.hpc.coe,40875,0.5001,0,100.0,2035.0,12288.0,127244264218,127480629931,130293076,130487691,3008891,0,0,0,0,0,0,0,0,0,0,0,0,35427447,35397171,35702,35673,22,0,0,0,0,0,0,0,0
1778082486.1127799,g2.hpc.coe,40875,0.5001,0,100.0,2035.0,12288.0,127279001677,127515340159,130328029,130522615,3009179,0,0,0,0,0,0,0,0,0,0,0,0,34737459,34710228,34953,34924,288,0,0,0,0,0,0,0,0
1778082486.6128669,g2.hpc.coe,40875,0.5001,0,100.0,2035.0,12288.0,127319996551,127556305551,130369223,130563785,3009501,0,0,0,0,0,0,0,0,0,0,0,0,40994874,40965392,41194,41170,322,0,0,0,0,0,0,0,0
1778082487.1129537,g2.hpc.coe,40875,0.5001,0,100.0,2035.0,12288.0,127355424088,127591702799,130404917,130599469,3012130,0,0,0,0,0,0,0,0,0,0,0,0,35427537,35397248,35694,35684,2629,0,0,0,0,0,0,0,0
1778082487.6130388,g2.hpc.coe,40875,0.5001,0,100.0,2035.0,12288.0,127396419138,127632668255,130446120,130640646,3012744,0,0,0,0,0,0,0,0,0,0,0,0,40995050,40965456,41203,41177,614,0,0,0,0,0,0,0,0
1778082488.113125,g2.hpc.coe,40875,0.5001,0,100.0,2035.0,12288.0,127431846851,127668065566,130481814,130676330,3012842,0,0,0,0,0,0,0,0,0,0,0,0,35427713,35397311,35694,35684,98,0,0,0,0,0,0,0,0
1778082488.6132078,g2.hpc.coe,40875,0.5001,0,100.0,2035.0,12288.0,127466584617,127702775872,130516774,130711263,3012900,0,0,0,0,0,0,0,0,0,0,0,0,34737766,34710306,34960,34933,58,0,0,0,0,0,0,0,0
1778082489.1132922,g2.hpc.coe,40875,0.5001,0,100.0,2035.0,12288.0,127507579645,127743741216,130557953,130752424,3012925,0,0,0,0,0,0,0,0,0,0,0,0,40995028,40965344,41179,41161,25,0,0,0,0,0,0,0,0
1778082489.613374,g2.hpc.coe,40875,0.5001,0,100.0,2035.0,12288.0,127543007426,127779138395,130593645,130788096,3012947,0,0,0,0,0,0,0,0,0,0,0,0,35427781,35397179,35692,35672,22,0,0,0,0,0,0,0,0
1778082490.1134624,g2.hpc.coe,40875,0.5001,0,100.0,2035.0,12288.0,127584002536,127820103753,130634822,130829259,3013813,0,0,0,0,0,0,0,0,0,0,0,0,40995110,40965358,41177,41163,866,0,0,0,0,0,0,0,0
1778082490.6135476,g2.hpc.coe,40875,0.5001,0,100.0,2035.0,12288.0,127619430428,127855500939,130670516,130864932,3013839,0,0,0,0,0,0,0,0,0,0,0,0,35427892,35397186,35694,35673,26,0,0,0,0,0,0,0,0
1778082491.113635,g2.hpc.coe,40875,0.5001,0,100.0,2035.0,12288.0,127654737052,127891341539,130706645,130901376,3014787,0,0,0,0,0,0,0,0,0,0,0,0,35306624,35840600,36129,36444,948,0,0,0,0,0,0,0,0
1778082491.613722,g2.hpc.coe,40875,0.5001,0,100.0,2035.0,12288.0,127695163826,127931176652,130746672,130941205,3014997,0,0,0,0,0,0,0,0,0,0,0,0,40426774,39835113,40027,39829,210,0,0,0,0,0,0,0,0
1778082492.1138086,g2.hpc.coe,40875,0.5001,0,100.0,2035.0,12288.0,127730591927,127966573894,130782375,130976716,3015142,0,0,0,0,0,0,0,0,0,0,0,0,35428101,35397242,35703,35511,145,0,0,0,0,0,0,0,0
1778082492.6138904,g2.hpc.coe,40875,0.5001,0,100.0,2035.0,12288.0,127771587386,128007539315,130823565,131017888,3016119,0,0,0,0,0,0,0,0,0,0,0,0,40995459,40965421,41190,41172,977,0,0,0,0,0,0,0,0
1778082493.113975,g2.hpc.coe,40875,0.5001,0,100.0,2035.0,12288.0,127807015592,128042936501,130859267,131053561,3016188,0,0,0,0,0,0,0,0,0,0,0,0,35428206,35397186,35702,35673,69,0,0,0,0,0,0,0,0
1778082493.614056,g2.hpc.coe,40875,0.5001,0,100.0,2035.0,12288.0,127843017949,128079663824,130895948,131090846,3016403,0,0,0,0,0,0,0,0,0,0,0,0,36002357,36727323,36681,37285,215,0,0,0,0,0,0,0,0
1778082494.1141458,g2.hpc.coe,40875,0.5001,0,100.0,2035.0,12288.0,127883437476,128119299112,130936169,131130404,3016427,0,0,0,0,0,0,0,0,0,0,0,0,40419527,39635288,40221,39558,24,0,0,0,0,0,0,0,0
1778082494.6142302,g2.hpc.coe,40875,0.5001,0,100.0,2035.0,12288.0,127918174708,128154009417,130971118,131165339,3016460,0,0,0,0,0,0,0,0,0,0,0,0,34737232,34710305,34949,34935,33,0,0,0,0,0,0,0,0
1778082495.114314,g2.hpc.coe,40875,0.5001,0,100.0,2035.0,12288.0,127959169363,128194974809,131012309,131206509,3017768,0,0,0,0,0,0,0,0,0,0,0,0,40994655,40965392,41191,41170,1308,0,0,0,0,0,0,0,0
1778082495.6143966,g2.hpc.coe,40875,0.5001,0,100.0,2035.0,12288.0,127994596800,128230372008,131048017,131242186,3017792,0,0,0,0,0,0,0,0,0,0,0,0,35427437,35397199,35708,35677,24,0,0,0,0,0,0,0,0
1778082496.1144874,g2.hpc.coe,40875,0.5001,0,100.0,2035.0,12288.0,128033553963,128269554892,131087250,131281788,3027185,0,0,0,0,0,0,0,0,0,0,0,0,38957163,39182884,39233,39602,9393,0,0,0,0,0,0,0,0
1778082496.6145675,g2.hpc.coe,40875,0.5001,0,100.0,2035.0,12288.0,128071018932,128306734543,131124894,131319025,3027314,0,0,0,0,0,0,0,0,0,0,0,0,37464969,37179651,37644,37237,129,0,0,0,0,0,0,0,0
1778082497.1146548,g2.hpc.coe,40875,0.5001,0,100.0,2035.0,12288.0,128105756933,128341445288,131159844,131353967,3027338,0,0,0,0,0,0,0,0,0,0,0,0,34738001,34710745,34950,34942,24,0,0,0,0,0,0,0,0
1778082497.6147416,g2.hpc.coe,40875,0.5001,0,100.0,2035.0,12288.0,128146751845,128382410757,131201037,131395148,3028631,0,0,0,0,0,0,0,0,0,0,0,0,40994912,40965469,41193,41181,1293,0,0,0,0,0,0,0,0
1778082498.1148293,g2.hpc.coe,40875,0.5001,0,100.0,2035.0,12288.0,128182179526,128417808006,131236743,131430830,3028657,0,0,0,0,0,0,0,0,0,0,0,0,35427681,35397249,35706,35682,26,0,0,0,0,0,0,0,0
1778082498.6149151,g2.hpc.coe,40875,0.5001,0,100.0,2035.0,12288.0,128223174712,128458773503,131277950,131472006,3030909,0,0,0,0,0,0,0,0,0,0,0,0,40995186,40965497,41207,41176,2252,0,0,0,0,0,0,0,0
1778082499.1149998,g2.hpc.coe,40875,0.5001,0,100.0,2035.0,12288.0,128258602484,128494170731,131313655,131507685,3030930,0,0,0,0,0,0,0,0,0,0,0,0,35427772,35397228,35705,35679,21,0,0,0,0,0,0,0,0
1778082499.6150823,g2.hpc.coe,40875,0.5001,0,100.0,2035.0,12288.0,128293340218,128528881002,131348604,131542613,3030948,0,0,0,0,0,0,0,0,0,0,0,0,34737734,34710271,34949,34928,18,0,0,0,0,0,0,0,0
1778082500.1151652,g2.hpc.coe,40875,0.5001,0,100.0,2035.0,12288.0,128334335431,128569846409,131389803,131583783,3031318,0,0,0,0,0,0,0,0,0,0,0,0,40995213,40965407,41199,41170,370,0,0,0,0,0,0,0,0
1778082500.615248,g2.hpc.coe,40875,0.5001,0,100.0,2035.0,12288.0,128369763307,128605243665,131425502,131619466,3031343,0,0,0,0,0,0,0,0,0,0,0,0,35427876,35397256,35699,35683,25,0,0,0,0,0,0,0,0
1778082501.1153345,g2.hpc.coe,40875,0.5001,0,100.0,2035.0,12288.0,128410758575,128646209107,131466695,131660641,3032466,0,0,0,0,0,0,0,0,0,0,0,0,40995268,40965442,41193,41175,1123,0,0,0,0,0,0,0,0
1778082501.6154149,g2.hpc.coe,40875,0.5001,0,100.0,2035.0,12288.0,128446186527,128681606321,131502391,131696318,3032510,0,0,0,0,0,0,0,0,0,0,0,0,35427952,35397214,35696,35677,44,0,0,0,0,0,0,0,0
1778082502.1155002,g2.hpc.coe,40875,0.5001,0,100.0,2035.0,12288.0,128480924546,128716316606,131537346,131731248,3032967,0,0,0,0,0,0,0,0,0,0,0,0,34738019,34710285,34955,34930,457,0,0,0,0,0,0,0,0
1778082502.615584,g2.hpc.coe,40875,0.5001,0,100.0,2035.0,12288.0,128521919960,128757282034,131578539,131772421,3032997,0,0,0,0,0,0,0,0,0,0,0,0,40995414,40965428,41193,41173,30,0,0,0,0,0,0,0,0
1778082503.1156697,g2.hpc.coe,40875,0.5001,0,100.0,2035.0,12288.0,128557348079,128792679262,131614236,131808100,3033028,0,0,0,0,0,0,0,0,0,0,0,0,35428119,35397228,35697,35679,31,0,0,0,0,0,0,0,0
1778082503.6157546,g2.hpc.coe,40875,0.5001,0,100.0,2035.0,12288.0,128598343668,128833644724,131655429,131849271,3035426,0,0,0,0,0,0,0,0,0,0,0,0,40995589,40965462,41193,41171,2398,0,0,0,0,0,0,0,0
1778082504.1158435,g2.hpc.coe,40875,0.5001,0,100.0,2035.0,12288.0,128633770796,128869041846,131691121,131884937,3035448,0,0,0,0,0,0,0,0,0,0,0,0,35427128,35397122,35692,35666,22,0,0,0,0,0,0,0,0
1778082504.6159286,g2.hpc.coe,40875,0.5001,0,100.0,2035.0,12288.0,128668508012,128903752088,131726075,131919863,3035531,0,0,0,0,0,0,0,0,0,0,0,0,34737216,34710242,34954,34926,83,0,0,0,0,0,0,0,0
1778082505.1160128,g2.hpc.coe,40875,0.5001,0,100.0,2035.0,12288.0,128709502700,128944717410,131767278,131961023,3035848,0,0,0,0,0,0,0,0,0,0,0,0,40994688,40965322,41203,41160,317,0,0,0,0,0,0,0,0
1778082505.6160934,g2.hpc.coe,40875,0.5001,0,100.0,2035.0,12288.0,128744929953,128980114553,131802967,131996692,3035872,0,0,0,0,0,0,0,0,0,0,0,0,35427253,35397143,35689,35669,24,0,0,0,0,0,0,0,0
1778082506.116179,g2.hpc.coe,40875,0.5001,0,100.0,2035.0,12288.0,128785924682,129021079903,131844162,132037856,3036227,0,0,0,0,0,0,0,0,0,0,0,0,40994729,40965350,41195,41164,355,0,0,0,0,0,0,0,0
1778082506.6162648,g2.hpc.coe,40875,0.5001,0,100.0,2035.0,12288.0,128821352109,129056477081,131879862,132073530,3036323,0,0,0,0,0,0,0,0,0,0,0,0,35427427,35397178,35700,35674,96,0,0,0,0,0,0,0,0
1778082507.116352,g2.hpc.coe,40875,0.5001,0,100.0,2035.0,12288.0,128856089540,129091187316,131914812,132108455,3036341,0,0,0,0,0,0,0,0,0,0,0,0,34737431,34710235,34950,34925,18,0,0,0,0,0,0,0,0
1778082507.616436,g2.hpc.coe,40875,0.5001,0,100.0,2035.0,12288.0,128897084358,129132152722,131955999,132149627,3036378,0,0,0,0,0,0,0,0,0,0,0,0,40994818,40965406,41187,41172,37,0,0,0,0,0,0,0,0
1778082508.1165206,g2.hpc.coe,40875,0.5001,0,100.0,2035.0,12288.0,128932511895,129167549956,131991694,132185309,3036409,0,0,0,0,0,0,0,0,0,0,0,0,35427537,35397234,35695,35682,31,0,0,0,0,0,0,0,0
1778082508.6166036,g2.hpc.coe,40875,0.5001,0,100.0,2035.0,12288.0,128973507000,129208515446,132032897,132226484,3037211,0,0,0,0,0,0,0,0,0,0,0,0,40995105,40965490,41203,41175,802,0,0,0,0,0,0,0,0
1778082509.1166887,g2.hpc.coe,40875,0.5001,0,100.0,2035.0,12288.0,129008934705,129243912590,132068600,132262151,3037925,0,0,0,0,0,0,0,0,0,0,0,0,35427705,35397144,35703,35667,714,0,0,0,0,0,0,0,0
1778082509.616772,g2.hpc.coe,40875,0.5001,0,100.0,2035.0,12288.0,129049929789,129284878025,132109795,132303325,3037941,0,0,0,0,0,0,0,0,0,0,0,0,40995084,40965435,41195,41174,16,0,0,0,0,0,0,0,0
1778082510.11686,g2.hpc.coe,40875,0.5001,0,100.0,2035.0,12288.0,129085357563,129320275176,132145494,132338993,3037965,0,0,0,0,0,0,0,0,0,0,0,0,35427774,35397151,35699,35668,24,0,0,0,0,0,0,0,0
1778082510.6169465,g2.hpc.coe,40875,0.5001,0,100.0,2035.0,12288.0,129120095348,129354985433,132180444,132373919,3037990,0,0,0,0,0,0,0,0,0,0,0,0,34737785,34710257,34950,34926,25,0,0,0,0,0,0,0,0
1778082511.1170352,g2.hpc.coe,40875,0.5001,0,100.0,2035.0,12288.0,129161090569,129395950840,132221638,132415089,3041578,0,0,0,0,0,0,0,0,0,0,0,0,40995221,40965407,41194,41170,3588,0,0,0,0,0,0,0,0
1778082511.6171196,g2.hpc.coe,40875,0.5001,0,100.0,2035.0,12288.0,129196518460,129431348089,132257333,132450771,3044529,0,0,0,0,0,0,0,0,0,0,0,0,35427891,35397249,35695,35682,2951,0,0,0,0,0,0,0,0
1778082512.1172063,g2.hpc.coe,40875,0.5001,0,100.0,2035.0,12288.0,129235476778,129470278639,132296564,132490153,3044685,0,0,0,0,0,0,0,0,0,0,0,0,38958318,38930550,39231,39382,156,0,0,0,0,0,0,0,0
1778082512.6172884,g2.hpc.coe,40875,0.5001,0,100.0,2035.0,12288.0,129272942231,129507711220,132334237,132527635,3044714,0,0,0,0,0,0,0,0,0,0,0,0,37465453,37432581,37673,37482,29,0,0,0,0,0,0,0,0
1778082513.1173735,g2.hpc.coe,40875,0.5001,0,100.0,2035.0,12288.0,129307680434,129542421491,132369189,132562563,3044730,0,0,0,0,0,0,0,0,0,0,0,0,34738203,34710271,34952,34928,16,0,0,0,0,0,0,0,0
1778082513.6174567,g2.hpc.coe,40875,0.5001,0,100.0,2035.0,12288.0,129348675956,129583386898,132410389,132603733,3046471,0,0,0,0,0,0,0,0,0,0,0,0,40995522,40965407,41200,41170,1741,0,0,0,0,0,0,0,0
1778082514.117545,g2.hpc.coe,40875,0.5001,0,100.0,2035.0,12288.0,129384104154,129618784167,132446084,132639411,3046945,0,0,0,0,0,0,0,0,0,0,0,0,35428198,35397269,35695,35678,474,0,0,0,0,0,0,0,0
1778082514.6176317,g2.hpc.coe,40875,0.5001,0,100.0,2035.0,12288.0,129424816189,129659741736,132487248,132680557,3046969,0,0,0,0,0,0,0,0,0,0,0,0,40712035,40957569,41164,41146,24,0,0,0,0,0,0,0,0
1778082515.117717,g2.hpc.coe,40875,0.5001,0,100.0,2035.0,12288.0,129460525878,129695146674,132522974,132716246,3046999,0,0,0,0,0,0,0,0,0,0,0,0,35709689,35404938,35726,35689,30,0,0,0,0,0,0,0,0
1778082515.6178007,g2.hpc.coe,40875,0.5001,0,100.0,2035.0,12288.0,129495263124,129729856958,132557926,132751178,3047030,0,0,0,0,0,0,0,0,0,0,0,0,34737246,34710284,34952,34932,31,0,0,0,0,0,0,0,0
1778082516.1178892,g2.hpc.coe,40875,0.5001,0,100.0,2035.0,12288.0,129536257772,129770822287,132599117,132792339,3047587,0,0,0,0,0,0,0,0,0,0,0,0,40994648,40965329,41191,41161,557,0,0,0,0,0,0,0,0
1778082516.6179695,g2.hpc.coe,40875,0.5001,0,100.0,2035.0,12288.0,129571685069,129806219479,132634806,132828015,3047615,0,0,0,0,0,0,0,0,0,0,0,0,35427297,35397192,35689,35676,28,0,0,0,0,0,0,0,0
1778082517.118052,g2.hpc.coe,40875,0.5001,0,100.0,2035.0,12288.0,129612672088,129847177159,132675974,132869185,3047925,0,0,0,0,0,0,0,0,0,0,0,0,40987019,40957680,41168,41170,310,0,0,0,0,0,0,0,0
1778082517.6181347,g2.hpc.coe,40875,0.5001,0,100.0,2035.0,12288.0,129648107194,129882582049,132711684,132904859,3048023,0,0,0,0,0,0,0,0,0,0,0,0,35435106,35404890,35710,35674,98,0,0,0,0,0,0,0,0
1778082518.1182194,g2.hpc.coe,40875,0.5001,0,100.0,2035.0,12288.0,129682844690,129917292340,132746637,132939792,3048046,0,0,0,0,0,0,0,0,0,0,0,0,34737496,34710291,34953,34933,23,0,0,0,0,0,0,0,0
1778082518.6183028,g2.hpc.coe,40875,0.5001,0,100.0,2035.0,12288.0,129724529653,129958944654,132788582,132981708,3048235,0,0,0,0,0,0,0,0,0,0,0,0,41684963,41652314,41945,41916,189,0,0,0,0,0,0,0,0
1778082519.1183887,g2.hpc.coe,40875,0.5001,0,100.0,2035.0,12288.0,129759267331,129993654980,132823536,133016637,3048483,0,0,0,0,0,0,0,0,0,0,0,0,34737678,34710326,34954,34929,248,0,0,0,0,0,0,0,0
1778082519.6184742,g2.hpc.coe,40875,0.5001,0,100.0,2035.0,12288.0,129800262334,130034620352,132864727,133057802,3050959,0,0,0,0,0,0,0,0,0,0,0,0,40995003,40965372,41191,41165,2476,0,0,0,0,0,0,0,0
1778082520.1185596,g2.hpc.coe,40875,0.5001,0,100.0,2035.0,12288.0,129835690042,130070017510,132900424,133093471,3051042,0,0,0,0,0,0,0,0,0,0,0,0,35427708,35397158,35697,35669,83,0,0,0,0,0,0,0,0
1778082520.6186428,g2.hpc.coe,40875,0.5001,0,100.0,2035.0,12288.0,129870427811,130104727781,132935379,133128399,3051168,0,0,0,0,0,0,0,0,0,0,0,0,34737769,34710271,34955,34928,126,0,0,0,0,0,0,0,0
1778082521.1187272,g2.hpc.coe,40875,0.5001,0,100.0,2035.0,12288.0,129911423065,130145693202,132976585,133169571,3051942,0,0,0,0,0,0,0,0,0,0,0,0,40995254,40965421,41206,41172,774,0,0,0,0,0,0,0,0
1778082521.6188114,g2.hpc.coe,40875,0.5001,0,100.0,2035.0,12288.0,129946850975,130181090381,133012290,133205243,3051962,0,0,0,0,0,0,0,0,0,0,0,0,35427910,35397179,35705,35672,20,0,0,0,0,0,0,0,0
1778082522.118899,g2.hpc.coe,40875,0.5001,0,100.0,2035.0,12288.0,129987846299,130222055788,133053492,133246413,3052128,0,0,0,0,0,0,0,0,0,0,0,0,40995324,40965407,41202,41170,166,0,0,0,0,0,0,0,0
1778082522.6189592,g2.hpc.coe,40875,0.5001,0,100.0,2035.0,12288.0,130023274299,130257453016,133089196,133282092,3052371,0,0,0,0,0,0,0,0,0,0,0,0,35428000,35397228,35704,35679,243,0,0,0,0,0,0,0,0
1778082523.1190517,g2.hpc.coe,40875,0.5001,0,100.0,2035.0,12288.0,130058012262,130292163308,133124144,133317023,3052387,0,0,0,0,0,0,0,0,0,0,0,0,34737963,34710292,34948,34931,16,0,0,0,0,0,0,0,0
1778082523.6191344,g2.hpc.coe,40875,0.5001,0,100.0,2035.0,12288.0,130099007710,130333128750,133165343,133358198,3052733,0,0,0,0,0,0,0,0,0,0,0,0,40995448,40965442,41199,41175,346,0,0,0,0,0,0,0,0
1778082524.1192176,g2.hpc.coe,40875,0.5001,0,100.0,2035.0,12288.0,130134435850,130368525998,133201035,133393873,3052749,0,0,0,0,0,0,0,0,0,0,0,0,35428140,35397248,35692,35675,16,0,0,0,0,0,0,0,0
1778082524.6193,g2.hpc.coe,40875,0.5001,0,100.0,2035.0,12288.0,130175431446,130409491356,133242239,133435036,3052965,0,0,0,0,0,0,0,0,0,0,0,0,40995596,40965358,41204,41163,216,0,0,0,0,0,0,0,0
1778082525.1193867,g2.hpc.coe,40875,0.5001,0,100.0,2035.0,12288.0,130210859704,130444888542,133277943,133470709,3053644,0,0,0,0,0,0,0,0,0,0,0,0,35428258,35397186,35704,35673,679,0,0,0,0,0,0,0,0
1778082525.6194677,g2.hpc.coe,40875,0.5001,0,100.0,2035.0,12288.0,130245596870,130479598847,133312891,133505644,3054201,0,0,0,0,0,0,0,0,0,0,0,0,34737166,34710305,34948,34935,557,0,0,0,0,0,0,0,0
1778082526.119549,g2.hpc.coe,40875,0.5001,0,100.0,2035.0,12288.0,130286591466,130520564246,133354082,133546815,3055477,0,0,0,0,0,0,0,0,0,0,0,0,40994596,40965399,41191,41171,1276,0,0,0,0,0,0,0,0
1778082526.619634,g2.hpc.coe,40875,0.5001,0,100.0,2035.0,12288.0,130322018802,130555961410,133389784,133582487,3055499,0,0,0,0,0,0,0,0,0,0,0,0,35427336,35397164,35702,35672,22,0,0,0,0,0,0,0,0
1778082527.1197212,g2.hpc.coe,40875,0.5001,0,100.0,2035.0,12288.0,130363014076,130596927249,133430984,133623665,3057327,0,0,0,0,0,0,0,0,0,0,0,0,40995274,40965839,41200,41178,1828,0,0,0,0,0,0,0,0
1778082527.6198041,g2.hpc.coe,40875,0.5001,0,100.0,2035.0,12288.0,130398441481,130632324469,133466682,133659345,3057470,0,0,0,0,0,0,0,0,0,0,0,0,35427405,35397220,35698,35680,143,0,0,0,0,0,0,0,0
1778082528.1199179,g2.hpc.coe,40875,0.5001,0,100.0,2035.0,12288.0,130434827285,130669619116,133503719,133697138,3057496,0,0,0,0,0,0,0,0,0,0,0,0,36385804,37294647,37037,37793,26,0,0,0,0,0,0,0,0
1778082528.6200023,g2.hpc.coe,40875,0.5001,0,100.0,2035.0,12288.0,130474173779,130708000187,133542828,133735453,3057867,0,0,0,0,0,0,0,0,0,0,0,0,39346494,38381071,39109,38315,371,0,0,0,0,0,0,0,0
1778082529.1200876,g2.hpc.coe,40875,0.5001,0,100.0,2035.0,12288.0,130509601693,130743397675,133578535,133771133,3057895,0,0,0,0,0,0,0,0,0,0,0,0,35427914,35397488,35707,35680,28,0,0,0,0,0,0,0,0
1778082529.6201694,g2.hpc.coe,40875,0.5001,0,100.0,2035.0,12288.0,130550596674,130784363082,133619728,133812303,3059757,0,0,0,0,0,0,0,0,0,0,0,0,40994981,40965407,41193,41170,1862,0,0,0,0,0,0,0,0
1778082530.1202574,g2.hpc.coe,40875,0.5001,0,100.0,2035.0,12288.0,130586024254,130819760331,133655414,133847985,3059785,0,0,0,0,0,0,0,0,0,0,0,0,35427580,35397249,35686,35682,28,0,0,0,0,0,0,0,0
1778082530.6203434,g2.hpc.coe,40875,0.5001,0,100.0,2035.0,12288.0,130621626280,130855856289,133691799,133884730,3060064,0,0,0,0,0,0,0,0,0,0,0,0,35602026,36095958,36385,36745,279,0,0,0,0,0,0,0,0
1778082531.12043,g2.hpc.coe,40875,0.5001,0,100.0,2035.0,12288.0,130662446821,130896123001,133732302,133924839,3060089,0,0,0,0,0,0,0,0,0,0,0,0,40820541,40266712,40503,40109,25,0,0,0,0,0,0,0,0
1778082531.6205144,g2.hpc.coe,40875,0.5001,0,100.0,2035.0,12288.0,130697184850,130930833300,133767254,133959771,3060113,0,0,0,0,0,0,0,0,0,0,0,0,34738029,34710299,34952,34932,24,0,0,0,0,0,0,0,0
1778082532.120596,g2.hpc.coe,40875,0.5001,0,100.0,2035.0,12288.0,130738180044,130971798721,133808445,134000943,3060571,0,0,0,0,0,0,0,0,0,0,0,0,40995194,40965421,41191,41172,458,0,0,0,0,0,0,0,0
1778082532.6206791,g2.hpc.coe,40875,0.5001,0,100.0,2035.0,12288.0,130773607964,131007195956,133844145,134036623,3060599,0,0,0,0,0,0,0,0,0,0,0,0,35427920,35397235,35700,35680,28,0,0,0,0,0,0,0,0
1778082533.1207695,g2.hpc.coe,40875,0.5001,0,100.0,2035.0,12288.0,130814603346,131048161363,133885349,134077793,3060638,0,0,0,0,0,0,0,0,0,0,0,0,40995382,40965407,41204,41170,39,0,0,0,0,0,0,0,0
1778082533.6208613,g2.hpc.coe,40875,0.5001,0,100.0,2035.0,12288.0,130850031419,131083558451,133921057,134113452,3060657,0,0,0,0,0,0,0,0,0,0,0,0,35428073,35397088,35708,35659,19,0,0,0,0,0,0,0,0
1778082534.1209483,g2.hpc.coe,40875,0.5001,0,100.0,2035.0,12288.0,130884769461,131118268722,133956010,134148380,3060676,0,0,0,0,0,0,0,0,0,0,0,0,34738042,34710271,34953,34928,19,0,0,0,0,0,0,0,0
1778082534.621034,g2.hpc.coe,40875,0.5001,0,100.0,2035.0,12288.0,130925764934,131159234150,133997204,134189553,3061717,0,0,0,0,0,0,0,0,0,0,0,0,40995473,40965428,41194,41173,1041,0,0,0,0,0,0,0,0
1778082535.1211188,g2.hpc.coe,40875,0.5001,0,100.0,2035.0,12288.0,130961193084,131194631336,134032900,134225226,3061738,0,0,0,0,0,0,0,0,0,0,0,0,35428150,35397186,35696,35673,21,0,0,0,0,0,0,0,0
1778082535.6212003,g2.hpc.coe,40875,0.5001,0,100.0,2035.0,12288.0,131002188661,131235596792,134074095,134266403,3063232,0,0,0,0,0,0,0,0,0,0,0,0,40995577,40965456,41195,41177,1494,0,0,0,0,0,0,0,0
1778082536.1212835,g2.hpc.coe,40875,0.5001,0,100.0,2035.0,12288.0,131037615959,131270994005,134109806,134302082,3063256,0,0,0,0,0,0,0,0,0,0,0,0,35427298,35397213,35711,35679,24,0,0,0,0,0,0,0,0
1778082536.6213684,g2.hpc.coe,40875,0.5001,0,100.0,2035.0,12288.0,131072353192,131305704247,134144757,134337008,3063281,0,0,0,0,0,0,0,0,0,0,0,0,34737233,34710242,34951,34926,25,0,0,0,0,0,0,0,0
1778082537.1214538,g2.hpc.coe,40875,0.5001,0,100.0,2035.0,12288.0,131113347861,131346669632,134185952,134378177,3063766,0,0,0,0,0,0,0,0,0,0,0,0,40994669,40965385,41195,41169,485,0,0,0,0,0,0,0,0
1778082537.621536,g2.hpc.coe,40875,0.5001,0,100.0,2035.0,12288.0,131148775221,131382066838,134221651,134413855,3063792,0,0,0,0,0,0,0,0,0,0,0,0,35427360,35397206,35699,35678,26,0,0,0,0,0,0,0,0
1778082538.1216161,g2.hpc.coe,40875,0.5001,0,100.0,2035.0,12288.0,131189770001,131423032216,134262848,134455023,3065903,0,0,0,0,0,0,0,0,0,0,0,0,40994780,40965378,41197,41168,2111,0,0,0,0,0,0,0,0
1778082538.6217015,g2.hpc.coe,40875,0.5001,0,100.0,2035.0,12288.0,131225197507,131458429352,134298554,134490691,3065923,0,0,0,0,0,0,0,0,0,0,0,0,35427506,35397136,35706,35668,20,0,0,0,0,0,0,0,0
1778082539.121787,g2.hpc.coe,40875,0.5001,0,100.0,2035.0,12288.0,131259934990,131493139650,134333506,134525625,3066563,0,0,0,0,0,0,0,0,0,0,0,0,34737483,34710298,34952,34934,640,0,0,0,0,0,0,0,0
1778082539.6218684,g2.hpc.coe,40875,0.5001,0,100.0,2035.0,12288.0,131300929972,131534105048,134374702,134566789,3066593,0,0,0,0,0,0,0,0,0,0,0,0,40994982,40965398,41196,41164,30,0,0,0,0,0,0,0,0
1778082540.1219497,g2.hpc.coe,40875,0.5001,0,100.0,2035.0,12288.0,131336357541,131569502248,134410394,134602464,3066623,0,0,0,0,0,0,0,0,0,0,0,0,35427569,35397200,35692,35675,30,0,0,0,0,0,0,0,0
1778082540.62203,g2.hpc.coe,40875,0.5001,0,100.0,2035.0,12288.0,131378042637,131611154619,134452343,134644386,3067759,0,0,0,0,0,0,0,0,0,0,0,0,41685096,41652371,41949,41922,1136,0,0,0,0,0,0,0,0
1778082541.122119,g2.hpc.coe,40875,0.5001,0,100.0,2035.0,12288.0,131412780357,131645864918,134487299,134679318,3070021,0,0,0,0,0,0,0,0,0,0,0,0,34737720,34710299,34956,34932,2262,0,0,0,0,0,0,0,0
1778082541.622199,g2.hpc.coe,40875,0.5001,0,100.0,2035.0,12288.0,131447518097,131680575238,134522251,134714253,3070041,0,0,0,0,0,0,0,0,0,0,0,0,34737740,34710320,34952,34935,20,0,0,0,0,0,0,0,0
1778082542.1222882,g2.hpc.coe,40875,0.5001,0,100.0,2035.0,12288.0,131488513904,131721541113,134563463,134755434,3070076,0,0,0,0,0,0,0,0,0,0,0,0,40995807,40965875,41212,41181,35,0,0,0,0,0,0,0,0
1778082542.6223757,g2.hpc.coe,40875,0.5001,0,100.0,2035.0,12288.0,131523941806,131756938355,134599168,134791115,3070123,0,0,0,0,0,0,0,0,0,0,0,0,35427902,35397242,35705,35681,47,0,0,0,0,0,0,0,0
1778082543.1224608,g2.hpc.coe,40875,0.5001,0,100.0,2035.0,12288.0,131564937059,131797903762,134640361,134832285,3071480,0,0,0,0,0,0,0,0,0,0,0,0,40995253,40965407,41193,41170,1357,0,0,0,0,0,0,0,0
1778082543.6225486,g2.hpc.coe,40875,0.5001,0,100.0,2035.0,12288.0,131600364975,131833300948,134676054,134867958,3072117,0,0,0,0,0,0,0,0,0,0,0,0,35427916,35397186,35693,35673,637,0,0,0,0,0,0,0,0
1778082544.1226351,g2.hpc.coe,40875,0.5001,0,100.0,2035.0,12288.0,131635102986,131868011226,134711010,134902887,3072147,0,0,0,0,0,0,0,0,0,0,0,0,34738011,34710278,34956,34929,30,0,0,0,0,0,0,0,0
1778082544.622719,g2.hpc.coe,40875,0.5001,0,100.0,2035.0,12288.0,131676098476,131908976793,134752207,134944073,3072175,0,0,0,0,0,0,0,0,0,0,0,0,40995490,40965567,41197,41186,28,0,0,0,0,0,0,0,0
1778082545.1228044,g2.hpc.coe,40875,0.5001,0,100.0,2035.0,12288.0,131711526594,131944374077,134787906,134979760,3072198,0,0,0,0,0,0,0,0,0,0,0,0,35428118,35397284,35699,35687,23,0,0,0,0,0,0,0,0
1778082545.6228871,g2.hpc.coe,40875,0.5001,0,100.0,2035.0,12288.0,131752522168,131985339484,134829108,135020930,3073997,0,0,0,0,0,0,0,0,0,0,0,0,40995574,40965407,41202,41170,1799,0,0,0,0,0,0,0,0
1778082546.122973,g2.hpc.coe,40875,0.5001,0,100.0,2035.0,12288.0,131787950440,132020736677,134864815,135056604,3074219,0,0,0,0,0,0,0,0,0,0,0,0,35428272,35397193,35707,35674,222,0,0,0,0,0,0,0,0
1778082546.6230571,g2.hpc.coe,40875,0.5001,0,100.0,2035.0,12288.0,131822687613,132055446947,134899765,135091534,3074856,0,0,0,0,0,0,0,0,0,0,0,0,34737173,34710270,34950,34930,637,0,0,0,0,0,0,0,0
1778082547.1231437,g2.hpc.coe,40875,0.5001,0,100.0,2035.0,12288.0,131863789384,132096669638,134941413,135133405,3077653,0,0,0,0,0,0,0,0,0,0,0,0,41101771,41222691,41648,41871,2797,0,0,0,0,0,0,0,0
1778082547.6232245,g2.hpc.coe,40875,0.5001,0,100.0,2035.0,12288.0,131899109524,132131809594,134976657,135168389,3079713,0,0,0,0,0,0,0,0,0,0,0,0,35320140,35139956,35244,34984,2060,0,0,0,0,0,0,0,0
1778082548.1233208,g2.hpc.coe,40875,0.5001,0,100.0,2035.0,12288.0,131940104190,132172775063,135017845,135209570,3081189,0,0,0,0,0,0,0,0,0,0,0,0,40994666,40965469,41188,41181,1476,0,0,0,0,0,0,0,0
1778082548.623404,g2.hpc.coe,40875,0.5001,0,100.0,2035.0,12288.0,131975531673,132208172255,135053555,135245246,3081705,0,0,0,0,0,0,0,0,0,0,0,0,35427483,35397192,35710,35676,516,0,0,0,0,0,0,0,0
1778082549.1234882,g2.hpc.coe,40875,0.5001,0,100.0,2035.0,12288.0,132011103536,132244184691,135089850,135281828,3082683,0,0,0,0,0,0,0,0,0,0,0,0,35571863,36012436,36295,36582,978,0,0,0,0,0,0,0,0
1778082549.6235683,g2.hpc.coe,40875,0.5001,0,100.0,2035.0,12288.0,132051954037,132284534999,135130447,135322108,3082713,0,0,0,0,0,0,0,0,0,0,0,0,40850501,40350308,40597,40280,30,0,0,0,0,0,0,0,0
1778082550.1236546,g2.hpc.coe,40875,0.5001,0,100.0,2035.0,12288.0,132086691545,132319245206,135165396,135357029,3082740,0,0,0,0,0,0,0,0,0,0,0,0,34737508,34710207,34949,34921,27,0,0,0,0,0,0,0,0
1778082550.6237373,g2.hpc.coe,40875,0.5001,0,100.0,2035.0,12288.0,132128376583,132360897556,135207344,135398948,3082989,0,0,0,0,0,0,0,0,0,0,0,0,41685038,41652350,41948,41919,249,0,0,0,0,0,0,0,0
1778082551.1238267,g2.hpc.coe,40875,0.5001,0,100.0,2035.0,12288.0,132163114161,132395607820,135242287,135433875,3083007,0,0,0,0,0,0,0,0,0,0,0,0,34737578,34710264,34943,34927,18,0,0,0,0,0,0,0,0
1778082551.6239078,g2.hpc.coe,40875,0.5001,0,100.0,2035.0,12288.0,132201545153,132434199695,135281389,135473123,3083451,0,0,0,0,0,0,0,0,0,0,0,0,38430992,38591875,39102,39248,444,0,0,0,0,0,0,0,0
1778082552.1239893,g2.hpc.coe,40875,0.5001,0,100.0,2035.0,12288.0,132239536971,132471970441,135319178,135510722,3083476,0,0,0,0,0,0,0,0,0,0,0,0,37991818,37770746,37789,37599,25,0,0,0,0,0,0,0,0
1778082552.6240735,g2.hpc.coe,40875,0.5001,0,100.0,2035.0,12288.0,132274274779,132506680747,135354133,135545655,3083504,0,0,0,0,0,0,0,0,0,0,0,0,34737808,34710306,34955,34933,28,0,0,0,0,0,0,0,0
1778082553.124163,g2.hpc.coe,40875,0.5001,0,100.0,2035.0,12288.0,132315269960,132547646140,135395323,135586823,3083665,0,0,0,0,0,0,0,0,0,0,0,0,40995181,40965393,41190,41168,161,0,0,0,0,0,0,0,0
1778082553.6242511,g2.hpc.coe,40875,0.5001,0,100.0,2035.0,12288.0,132350697916,132583043389,135431029,135622505,3083690,0,0,0,0,0,0,0,0,0,0,0,0,35427956,35397249,35706,35682,25,0,0,0,0,0,0,0,0
1778082554.1243315,g2.hpc.coe,40875,0.5001,0,100.0,2035.0,12288.0,132390974922,132623747423,135471935,135663635,3083925,0,0,0,0,0,0,0,0,0,0,0,0,40277006,40704034,40906,41130,235,0,0,0,0,0,0,0,0
1778082554.6244144,g2.hpc.coe,40875,0.5001,0,100.0,2035.0,12288.0,132427121197,132659405988,135507911,135699342,3083976,0,0,0,0,0,0,0,0,0,0,0,0,36146275,35658565,35976,35707,51,0,0,0,0,0,0,0,0
1778082555.1245039,g2.hpc.coe,40875,0.5001,0,100.0,2035.0,12288.0,132461859290,132694116231,135542870,135734266,3083998,0,0,0,0,0,0,0,0,0,0,0,0,34738093,34710243,34959,34924,22,0,0,0,0,0,0,0,0
1778082555.6245837,g2.hpc.coe,40875,0.5001,0,100.0,2035.0,12288.0,132502854736,132735081694,135584061,135775444,3084024,0,0,0,0,0,0,0,0,0,0,0,0,40995446,40965463,41191,41178,26,0,0,0,0,0,0,0,0
1778082556.1246665,g2.hpc.coe,40875,0.5001,0,100.0,2035.0,12288.0,132538282865,132770478859,135619755,135811114,3084464,0,0,0,0,0,0,0,0,0,0,0,0,35428129,35397165,35694,35670,440,0,0,0,0,0,0,0,0
1778082556.6247513,g2.hpc.coe,40875,0.5001,0,100.0,2035.0,12288.0,132579278394,132811444280,135660944,135852286,3084591,0,0,0,0,0,0,0,0,0,0,0,0,40995529,40965421,41189,41172,127,0,0,0,0,0,0,0,0
1778082557.1248436,g2.hpc.coe,40875,0.5001,0,100.0,2035.0,12288.0,132614706218,132846841891,135696657,135887966,3084612,0,0,0,0,0,0,0,0,0,0,0,0,35427824,35397611,35713,35680,21,0,0,0,0,0,0,0,0
1778082557.6249282,g2.hpc.coe,40875,0.5001,0,100.0,2035.0,12288.0,132649443458,132881552168,135731610,135922897,3084647,0,0,0,0,0,0,0,0,0,0,0,0,34737240,34710277,34953,34931,35,0,0,0,0,0,0,0,0
1778082558.125016,g2.hpc.coe,40875,0.5001,0,100.0,2035.0,12288.0,132690438107,132922517595,135772803,135964072,3084850,0,0,0,0,0,0,0,0,0,0,0,0,40994649,40965427,41193,41175,203,0,0,0,0,0,0,0,0
1778082558.6251059,g2.hpc.coe,40875,0.5001,0,100.0,2035.0,12288.0,132725865467,132957914780,135808503,135999747,3084901,0,0,0,0,0,0,0,0,0,0,0,0,35427360,35397185,35700,35675,51,0,0,0,0,0,0,0,0
1778082559.125178,g2.hpc.coe,40875,0.5001,0,100.0,2035.0,12288.0,132766860192,132998880165,135849693,136040916,3084928,0,0,0,0,0,0,0,0,0,0,0,0,40994725,40965385,41190,41169,27,0,0,0,0,0,0,0,0
1778082559.6252606,g2.hpc.coe,40875,0.5001,0,100.0,2035.0,12288.0,132802287684,133034277350,135885398,136076591,3084953,0,0,0,0,0,0,0,0,0,0,0,0,35427492,35397185,35705,35675,25,0,0,0,0,0,0,0,0
1778082560.1253464,g2.hpc.coe,40875,0.5001,0,100.0,2035.0,12288.0,132837025216,133068987703,135920349,136111526,3084979,0,0,0,0,0,0,0,0,0,0,0,0,34737532,34710353,34951,34935,26,0,0,0,0,0,0,0,0
1778082560.6254327,g2.hpc.coe,40875,0.5001,0,100.0,2035.0,12288.0,132878020142,133109953123,135961547,136152700,3085005,0,0,0,0,0,0,0,0,0,0,0,0,40994926,40965420,41198,41174,26,0,0,0,0,0,0,0,0
1778082561.1255243,g2.hpc.coe,40875,0.5001,0,100.0,2035.0,12288.0,132913447816,133145350274,135997255,136188368,3085023,0,0,0,0,0,0,0,0,0,0,0,0,35427674,35397151,35708,35668,18,0,0,0,0,0,0,0,0
1778082561.6255913,g2.hpc.coe,40875,0.5001,0,100.0,2035.0,12288.0,132954442819,133186315695,136038448,136229540,3086931,0,0,0,0,0,0,0,0,0,0,0,0,40995003,40965421,41193,41172,1908,0,0,0,0,0,0,0,0
1778082562.125677,g2.hpc.coe,40875,0.5001,0,100.0,2035.0,12288.0,132989870555,133221712853,136074151,136265209,3088043,0,0,0,0,0,0,0,0,0,0,0,0,35427736,35397158,35703,35669,1112,0,0,0,0,0,0,0,0
1778082562.6257627,g2.hpc.coe,40875,0.5001,0,100.0,2035.0,12288.0,133025165634,133257464857,136110211,136301597,3088068,0,0,0,0,0,0,0,0,0,0,0,0,35295079,35752004,36060,36388,25,0,0,0,0,0,0,0,0
1778082563.1258268,g2.hpc.coe,40875,0.5001,0,100.0,2035.0,12288.0,133065603494,133297388552,136150304,136341310,3088097,0,0,0,0,0,0,0,0,0,0,0,0,40437860,39923695,40093,39713,29,0,0,0,0,0,0,0,0
1778082563.6259131,g2.hpc.coe,40875,0.5001,0,100.0,2035.0,12288.0,133101031369,133332785766,136186006,136376987,3088823,0,0,0,0,0,0,0,0,0,0,0,0,35427875,35397214,35702,35677,726,0,0,0,0,0,0,0,0
1778082564.1259866,g2.hpc.coe,40875,0.5001,0,100.0,2035.0,12288.0,133142026665,133373751166,136227206,136418156,3092475,0,0,0,0,0,0,0,0,0,0,0,0,40995296,40965400,41200,41169,3652,0,0,0,0,0,0,0,0
1778082564.6260703,g2.hpc.coe,40875,0.5001,0,100.0,2035.0,12288.0,133177454631,133409148394,136262907,136453835,3094203,0,0,0,0,0,0,0,0,0,0,0,0,35427966,35397228,35701,35679,1728,0,0,0,0,0,0,0,0
1778082565.1261568,g2.hpc.coe,40875,0.5001,0,100.0,2035.0,12288.0,133215507926,133447427055,136301683,136492721,3094232,0,0,0,0,0,0,0,0,0,0,0,0,38053295,38278661,38776,38886,29,0,0,0,0,0,0,0,0
1778082565.6262417,g2.hpc.coe,40875,0.5001,0,100.0,2035.0,12288.0,133253878207,133485511056,136339816,136530681,3095088,0,0,0,0,0,0,0,0,0,0,0,0,38370281,38084001,38133,37960,856,0,0,0,0,0,0,0,0
1778082566.1263306,g2.hpc.coe,40875,0.5001,0,100.0,2035.0,12288.0,133288616261,133520221369,136374765,136565615,3095682,0,0,0,0,0,0,0,0,0,0,0,0,34738054,34710313,34949,34934,594,0,0,0,0,0,0,0,0
1778082566.6263978,g2.hpc.coe,40875,0.5001,0,100.0,2035.0,12288.0,133329611781,133561186825,136415960,136606792,3096198,0,0,0,0,0,0,0,0,0,0,0,0,40995520,40965456,41195,41177,516,0,0,0,0,0,0,0,0
1778082567.1264842,g2.hpc.coe,40875,0.5001,0,100.0,2035.0,12288.0,133365039977,133596583997,136451657,136642463,3096228,0,0,0,0,0,0,0,0,0,0,0,0,35428196,35397172,35697,35671,30,0,0,0,0,0,0,0,0
1778082567.6265745,g2.hpc.coe,40875,0.5001,0,100.0,2035.0,12288.0,133406034526,133637549473,136492850,136683645,3096258,0,0,0,0,0,0,0,0,0,0,0,0,40994549,40965476,41193,41182,30,0,0,0,0,0,0,0,0
1778082568.1266599,g2.hpc.coe,40875,0.5001,0,100.0,2035.0,12288.0,133441461758,133672946623,136528546,136719315,3096282,0,0,0,0,0,0,0,0,0,0,0,0,35427232,35397150,35696,35670,24,0,0,0,0,0,0,0,0
1778082568.6267443,g2.hpc.coe,40875,0.5001,0,100.0,2035.0,12288.0,133476199058,133707656914,136563501,136754248,3096311,0,0,0,0,0,0,0,0,0,0,0,0,34737300,34710291,34955,34933,29,0,0,0,0,0,0,0,0
1778082569.126809,g2.hpc.coe,40875,0.5001,0,100.0,2035.0,12288.0,133517193766,133748622285,136604696,136795415,3096518,0,0,0,0,0,0,0,0,0,0,0,0,40994708,40965371,41195,41167,207,0,0,0,0,0,0,0,0
1778082569.6268964,g2.hpc.coe,40875,0.5001,0,100.0,2035.0,12288.0,133552621207,133784019449,136640401,136831087,3096537,0,0,0,0,0,0,0,0,0,0,0,0,35427441,35397164,35705,35672,19,0,0,0,0,0,0,0,0
1778082570.1269853,g2.hpc.coe,40875,0.5001,0,100.0,2035.0,12288.0,133592794332,133824726177,136681287,136872231,3097587,0,0,0,0,0,0,0,0,0,0,0,0,40173125,40706728,40886,41144,1050,0,0,0,0,0,0,0,0
1778082570.6270747,g2.hpc.coe,40875,0.5001,0,100.0,2035.0,12288.0,133629043571,133860382081,136717295,136907933,3098044,0,0,0,0,0,0,0,0,0,0,0,0,36249239,35655904,36008,35702,457,0,0,0,0,0,0,0,0
1778082571.1271586,g2.hpc.coe,40875,0.5001,0,100.0,2035.0,12288.0,133663781072,133895092323,136752244,136942859,3098599,0,0,0,0,0,0,0,0,0,0,0,0,34737501,34710242,34949,34926,555,0,0,0,0,0,0,0,0
1778082571.627243,g2.hpc.coe,40875,0.5001,0,100.0,2035.0,12288.0,133704776025,133936057765,136793437,136984034,3101775,0,0,0,0,0,0,0,0,0,0,0,0,40994953,40965442,41193,41175,3176,0,0,0,0,0,0,0,0
1778082572.1273315,g2.hpc.coe,40875,0.5001,0,100.0,2035.0,12288.0,133740204320,133971455391,136829153,137019714,3101805,0,0,0,0,0,0,0,0,0,0,0,0,35428295,35397626,35716,35680,30,0,0,0,0,0,0,0,0
1778082572.6273947,g2.hpc.coe,40875,0.5001,0,100.0,2035.0,12288.0,133781199349,134012420819,136870343,137060887,3102659,0,0,0,0,0,0,0,0,0,0,0,0,40995029,40965428,41190,41173,854,0,0,0,0,0,0,0,0
1778082573.1274903,g2.hpc.coe,40875,0.5001,0,100.0,2035.0,12288.0,133816627125,134047817998,136906045,137096559,3102681,0,0,0,0,0,0,0,0,0,0,0,0,35427776,35397179,35702,35672,22,0,0,0,0,0,0,0,0
1778082573.6275756,g2.hpc.coe,40875,0.5001,0,100.0,2035.0,12288.0,133851364926,134082528276,136941000,137131488,3102751,0,0,0,0,0,0,0,0,0,0,0,0,34737801,34710278,34955,34929,70,0,0,0,0,0,0,0,0
1778082574.127666,g2.hpc.coe,40875,0.5001,0,100.0,2035.0,12288.0,133892360143,134123493711,136982196,137172662,3102787,0,0,0,0,0,0,0,0,0,0,0,0,40995217,40965435,41196,41174,36,0,0,0,0,0,0,0,0
1778082574.6277542,g2.hpc.coe,40875,0.5001,0,100.0,2035.0,12288.0,133927787994,134158890911,137017888,137208337,3102818,0,0,0,0,0,0,0,0,0,0,0,0,35427851,35397200,35692,35675,31,0,0,0,0,0,0,0,0
1778082575.1278229,g2.hpc.coe,40875,0.5001,0,100.0,2035.0,12288.0,133968783413,134199856394,137059090,137249511,3103449,0,0,0,0,0,0,0,0,0,0,0,0,40995419,40965483,41202,41174,631,0,0,0,0,0,0,0,0
1778082575.6279104,g2.hpc.coe,40875,0.5001,0,100.0,2035.0,12288.0,134004211396,134235253587,137094787,137285185,3103466,0,0,0,0,0,0,0,0,0,0,0,0,35427983,35397193,35697,35674,17,0,0,0,0,0,0,0,0
1778082576.1279993,g2.hpc.coe,40875,0.5001,0,100.0,2035.0,12288.0,134038949454,134269963928,137129744,137320123,3103653,0,0,0,0,0,0,0,0,0,0,0,0,34738058,34710341,34957,34938,187,0,0,0,0,0,0,0,0
1778082576.6280866,g2.hpc.coe,40875,0.5001,0,100.0,2035.0,12288.0,134079944900,134310929349,137170938,137361295,3103713,0,0,0,0,0,0,0,0,0,0,0,0,40995446,40965421,41194,41172,60,0,0,0,0,0,0,0,0
1778082577.128173,g2.hpc.coe,40875,0.5001,0,100.0,2035.0,12288.0,134115373065,134346326514,137206638,137396965,3104589,0,0,0,0,0,0,0,0,0,0,0,0,35428165,35397165,35700,35670,876,0,0,0,0,0,0,0,0
1778082577.6282418,g2.hpc.coe,40875,0.5001,0,100.0,2035.0,12288.0,134156368609,134387291963,137247830,137438141,3104992,0,0,0,0,0,0,0,0,0,0,0,0,40995544,40965449,41192,41176,403,0,0,0,0,0,0,0,0
1778082578.1283324,g2.hpc.coe,40875,0.5001,0,100.0,2035.0,12288.0,134191795754,134422689190,137283521,137473822,3105389,0,0,0,0,0,0,0,0,0,0,0,0,35427145,35397227,35691,35681,397,0,0,0,0,0,0,0,0
1778082578.6284213,g2.hpc.coe,40875,0.5001,0,100.0,2035.0,12288.0,134226532974,134457399446,137318472,137508750,3105409,0,0,0,0,0,0,0,0,0,0,0,0,34737220,34710256,34951,34928,20,0,0,0,0,0,0,0,0
1778082579.1285057,g2.hpc.coe,40875,0.5001,0,100.0,2035.0,12288.0,134267527645,134498364775,137359669,137549911,3106072,0,0,0,0,0,0,0,0,0,0,0,0,40994671,40965329,41197,41161,663,0,0,0,0,0,0,0,0
1778082579.6285903,g2.hpc.coe,40875,0.5001,0,100.0,2035.0,12288.0,134302955006,134533761974,137395370,137585588,3106084,0,0,0,0,0,0,0,0,0,0,0,0,35427361,35397199,35701,35677,12,0,0,0,0,0,0,0,0
1778082580.1286633,g2.hpc.coe,40875,0.5001,0,100.0,2035.0,12288.0,134343949788,134574727345,137436569,137626755,3106802,0,0,0,0,0,0,0,0,0,0,0,0,40994782,40965371,41199,41167,718,0,0,0,0,0,0,0,0
1778082580.6287482,g2.hpc.coe,40875,0.5001,0,100.0,2035.0,12288.0,134379377268,134610124557,137472264,137662427,3107032,0,0,0,0,0,0,0,0,0,0,0,0,35427480,35397212,35695,35672,230,0,0,0,0,0,0,0,0
1778082581.1288338,g2.hpc.coe,40875,0.5001,0,100.0,2035.0,12288.0,134414114731,134644834750,137507215,137697346,3107055,0,0,0,0,0,0,0,0,0,0,0,0,34737463,34710193,34951,34919,23,0,0,0,0,0,0,0,0
1778082581.628899,g2.hpc.coe,40875,0.5001,0,100.0,2035.0,12288.0,134455109589,134685800135,137548404,137738515,3107085,0,0,0,0,0,0,0,0,0,0,0,0,40994858,40965385,41189,41169,30,0,0,0,0,0,0,0,0
1778082582.1289904,g2.hpc.coe,40875,0.5001,0,100.0,2035.0,12288.0,134490537208,134721197342,137584105,137774191,3107109,0,0,0,0,0,0,0,0,0,0,0,0,35427619,35397207,35701,35676,24,0,0,0,0,0,0,0,0
1778082582.6290615,g2.hpc.coe,40875,0.5001,0,100.0,2035.0,12288.0,134531532199,134762162770,137625297,137815364,3109220,0,0,0,0,0,0,0,0,0,0,0,0,40994991,40965428,41192,41173,2111,0,0,0,0,0,0,0,0
1778082583.1291468,g2.hpc.coe,40875,0.5001,0,100.0,2035.0,12288.0,134566959874,134797559963,137660992,137851038,3109424,0,0,0,0,0,0,0,0,0,0,0,0,35427675,35397193,35695,35674,204,0,0,0,0,0,0,0,0
1778082583.6292322,g2.hpc.coe,40875,0.5001,0,100.0,2035.0,12288.0,134603032752,134834272867,137697786,137888401,3109908,0,0,0,0,0,0,0,0,0,0,0,0,36072878,36712904,36794,37363,484,0,0,0,0,0,0,0,0
1778082584.1293232,g2.hpc.coe,40875,0.5001,0,100.0,2035.0,12288.0,134643382727,134873922598,137737878,137927887,3111245,0,0,0,0,0,0,0,0,0,0,0,0,40349975,39649731,40092,39486,1337,0,0,0,0,0,0,0,0
1778082584.6294096,g2.hpc.coe,40875,0.5001,0,100.0,2035.0,12288.0,134678120553,134908632855,137772830,137962813,3111310,0,0,0,0,0,0,0,0,0,0,0,0,34737826,34710257,34952,34926,65,0,0,0,0,0,0,0,0
1778082585.1294734,g2.hpc.coe,40875,0.5001,0,100.0,2035.0,12288.0,134719115816,134949598262,137814026,138003983,3113804,0,0,0,0,0,0,0,0,0,0,0,0,40995263,40965407,41196,41170,2494,0,0,0,0,0,0,0,0
1778082585.629558,g2.hpc.coe,40875,0.5001,0,100.0,2035.0,12288.0,134754543798,134984995461,137849721,138039651,3113834,0,0,0,0,0,0,0,0,0,0,0,0,35427982,35397199,35695,35668,30,0,0,0,0,0,0,0,0
1778082586.1296499,g2.hpc.coe,40875,0.5001,0,100.0,2035.0,12288.0,134795539214,135025960882,137890925,138080823,3116526,0,0,0,0,0,0,0,0,0,0,0,0,40995416,40965421,41204,41172,2692,0,0,0,0,0,0,0,0
1778082586.629748,g2.hpc.coe,40875,0.5001,0,100.0,2035.0,12288.0,134830967237,135061358166,137926621,138116510,3116933,0,0,0,0,0,0,0,0,0,0,0,0,35428023,35397284,35696,35687,407,0,0,0,0,0,0,0,0
1778082587.129832,g2.hpc.coe,40875,0.5001,0,100.0,2035.0,12288.0,134865705908,135096068891,137961585,138151447,3116964,0,0,0,0,0,0,0,0,0,0,0,0,34738671,34710725,34964,34937,31,0,0,0,0,0,0,0,0
1778082587.6299002,g2.hpc.coe,40875,0.5001,0,100.0,2035.0,12288.0,134906701401,135137034242,138002777,138192609,3119569,0,0,0,0,0,0,0,0,0,0,0,0,40995493,40965351,41192,41162,2605,0,0,0,0,0,0,0,0
1778082588.1299884,g2.hpc.coe,40875,0.5001,0,100.0,2035.0,12288.0,134942129627,135172431435,138038479,138228283,3119591,0,0,0,0,0,0,0,0,0,0,0,0,35428226,35397193,35702,35674,22,0,0,0,0,0,0,0,0
