timestamp,node_id,job_id,polling_interval_actual,gpu_index,gpu_util_pct,gpu_mem_used_mb,gpu_mem_total_mb,ib_port_xmit_data,ib_port_rcv_data,ib_port_xmit_packets,ib_port_rcv_packets,ib_port_xmit_wait,ib_port_xmit_discards,ib_excessive_buffer_overrun_errors,ib_link_downed,ib_link_error_recovery,ib_symbol_error,ib_local_link_integrity_errors,ib_port_rcv_remote_physical_errors,ib_port_rcv_errors,ib_sq_num_rnr,ib_sq_num_to,ib_rq_num_oos,ib_sq_num_oos,ib_port_xmit_data_delta,ib_port_rcv_data_delta,ib_port_xmit_packets_delta,ib_port_rcv_packets_delta,ib_port_xmit_wait_delta,ib_port_xmit_discards_delta,ib_excessive_buffer_overrun_errors_delta,ib_symbol_error_delta,ib_port_rcv_errors_delta,ib_sq_num_rnr_delta,ib_sq_num_to_delta,ib_rq_num_oos_delta,ib_sq_num_oos_delta,label
,label,,,,,,,,,,,,,,,,,,,,,,,,,,,,,,,,,,,,,idle
1778096619.2473192,g2.hpc.coe,41393.0,,0.0,0.0,0.0,12288.0,136137395396.0,136368419715.0,139260262.0,139445655.0,3127583.0,0.0,0.0,0.0,0.0,0.0,0.0,0.0,0.0,0.0,0.0,0.0,0.0,,,,,,,,,,,,,,idle
,idle,,,,,,,,,,,,,,,,,,,,,,,,,,,,,,,,,,,,,idle
1778096619.7474525,g2.hpc.coe,41393.0,0.5001,0.0,0.0,0.0,12288.0,136137395727.0,136368419772.0,139260265.0,139445656.0,3127583.0,0.0,0.0,0.0,0.0,0.0,0.0,0.0,0.0,0.0,0.0,0.0,0.0,331.0,57.0,3.0,1.0,0.0,0.0,0.0,0.0,0.0,0.0,0.0,0.0,0.0,idle
,idle,,,,,,,,,,,,,,,,,,,,,,,,,,,,,,,,,,,,,idle
1778096620.2475643,g2.hpc.coe,41393.0,0.5001,0.0,0.0,0.0,12288.0,136137396078.0,136368419829.0,139260267.0,139445657.0,3127583.0,0.0,0.0,0.0,0.0,0.0,0.0,0.0,0.0,0.0,0.0,0.0,0.0,351.0,57.0,2.0,1.0,0.0,0.0,0.0,0.0,0.0,0.0,0.0,0.0,0.0,idle
,idle,,,,,,,,,,,,,,,,,,,,,,,,,,,,,,,,,,,,,idle
1778096620.747692,g2.hpc.coe,41393.0,0.5001,0.0,0.0,0.0,12288.0,136137396471.0,136368419886.0,139260269.0,139445658.0,3127583.0,0.0,0.0,0.0,0.0,0.0,0.0,0.0,0.0,0.0,0.0,0.0,0.0,393.0,57.0,2.0,1.0,0.0,0.0,0.0,0.0,0.0,0.0,0.0,0.0,0.0,idle
,idle,,,,,,,,,,,,,,,,,,,,,,,,,,,,,,,,,,,,,idle
1778096621.2478364,g2.hpc.coe,41393.0,0.5001,0.0,0.0,0.0,12288.0,136137396906.0,136368419943.0,139260271.0,139445659.0,3127583.0,0.0,0.0,0.0,0.0,0.0,0.0,0.0,0.0,0.0,0.0,0.0,0.0,435.0,57.0,2.0,1.0,0.0,0.0,0.0,0.0,0.0,0.0,0.0,0.0,0.0,idle
,idle,,,,,,,,,,,,,,,,,,,,,,,,,,,,,,,,,,,,,idle
1778096621.747942,g2.hpc.coe,41393.0,0.5001,0.0,0.0,0.0,12288.0,136137397383.0,136368420000.0,139260273.0,139445660.0,3127583.0,0.0,0.0,0.0,0.0,0.0,0.0,0.0,0.0,0.0,0.0,0.0,0.0,477.0,57.0,2.0,1.0,0.0,0.0,0.0,0.0,0.0,0.0,0.0,0.0,0.0,idle
,idle,,,,,,,,,,,,,,,,,,,,,,,,,,,,,,,,,,,,,idle
1778096622.2480695,g2.hpc.coe,41393.0,0.5001,0.0,0.0,0.0,12288.0,136137397902.0,136368420057.0,139260275.0,139445661.0,3127583.0,0.0,0.0,0.0,0.0,0.0,0.0,0.0,0.0,0.0,0.0,0.0,0.0,519.0,57.0,2.0,1.0,0.0,0.0,0.0,0.0,0.0,0.0,0.0,0.0,0.0,idle
,idle,,,,,,,,,,,,,,,,,,,,,,,,,,,,,,,,,,,,,idle
1778096622.7482026,g2.hpc.coe,41393.0,0.5001,0.0,0.0,0.0,12288.0,136137398486.0,136368420136.0,139260278.0,139445663.0,3127583.0,0.0,0.0,0.0,0.0,0.0,0.0,0.0,0.0,0.0,0.0,0.0,0.0,584.0,79.0,3.0,2.0,0.0,0.0,0.0,0.0,0.0,0.0,0.0,0.0,0.0,idle
,idle,,,,,,,,,,,,,,,,,,,,,,,,,,,,,,,,,,,,,idle
1778096623.2483442,g2.hpc.coe,41393.0,0.5001,0.0,0.0,0.0,12288.0,136137399112.0,136368420215.0,139260281.0,139445665.0,3127583.0,0.0,0.0,0.0,0.0,0.0,0.0,0.0,0.0,0.0,0.0,0.0,0.0,626.0,79.0,3.0,2.0,0.0,0.0,0.0,0.0,0.0,0.0,0.0,0.0,0.0,idle
,idle,,,,,,,,,,,,,,,,,,,,,,,,,,,,,,,,,,,,,idle
1778096623.7484777,g2.hpc.coe,41393.0,0.5001,0.0,0.0,0.0,12288.0,136137399780.0,136368420294.0,139260284.0,139445667.0,3127583.0,0.0,0.0,0.0,0.0,0.0,0.0,0.0,0.0,0.0,0.0,0.0,0.0,668.0,79.0,3.0,2.0,0.0,0.0,0.0,0.0,0.0,0.0,0.0,0.0,0.0,idle
,idle,,,,,,,,,,,,,,,,,,,,,,,,,,,,,,,,,,,,,idle
1778096624.248611,g2.hpc.coe,41393.0,0.5001,0.0,0.0,0.0,12288.0,136137400490.0,136368420373.0,139260287.0,139445669.0,3127583.0,0.0,0.0,0.0,0.0,0.0,0.0,0.0,0.0,0.0,0.0,0.0,0.0,710.0,79.0,3.0,2.0,0.0,0.0,0.0,0.0,0.0,0.0,0.0,0.0,0.0,idle
,idle,,,,,,,,,,,,,,,,,,,,,,,,,,,,,,,,,,,,,idle
1778096624.7487545,g2.hpc.coe,41393.0,0.5001,0.0,0.0,0.0,12288.0,136137401505.0,136368420619.0,139260294.0,139445674.0,3127583.0,0.0,0.0,0.0,0.0,0.0,0.0,0.0,0.0,0.0,0.0,0.0,0.0,1015.0,246.0,7.0,5.0,0.0,0.0,0.0,0.0,0.0,0.0,0.0,0.0,0.0,idle
,idle,,,,,,,,,,,,,,,,,,,,,,,,,,,,,,,,,,,,,idle
1778096625.248916,g2.hpc.coe,41393.0,0.5002,0.0,0.0,0.0,12288.0,136137402278.0,136368420698.0,139260296.0,139445676.0,3127583.0,0.0,0.0,0.0,0.0,0.0,0.0,0.0,0.0,0.0,0.0,0.0,0.0,773.0,79.0,2.0,2.0,0.0,0.0,0.0,0.0,0.0,0.0,0.0,0.0,0.0,idle
,idle,,,,,,,,,,,,,,,,,,,,,,,,,,,,,,,,,,,,,idle
1778096625.749043,g2.hpc.coe,41393.0,0.5001,0.0,0.0,0.0,12288.0,136137403137.0,136368420777.0,139260300.0,139445678.0,3127583.0,0.0,0.0,0.0,0.0,0.0,0.0,0.0,0.0,0.0,0.0,0.0,0.0,859.0,79.0,4.0,2.0,0.0,0.0,0.0,0.0,0.0,0.0,0.0,0.0,0.0,idle
,idle,,,,,,,,,,,,,,,,,,,,,,,,,,,,,,,,,,,,,idle
1778096626.2491744,g2.hpc.coe,41393.0,0.5001,0.0,0.0,0.0,12288.0,136137404016.0,136368420856.0,139260303.0,139445680.0,3127583.0,0.0,0.0,0.0,0.0,0.0,0.0,0.0,0.0,0.0,0.0,0.0,0.0,879.0,79.0,3.0,2.0,0.0,0.0,0.0,0.0,0.0,0.0,0.0,0.0,0.0,idle
,idle,,,,,,,,,,,,,,,,,,,,,,,,,,,,,,,,,,,,,idle
1778096626.7493007,g2.hpc.coe,41393.0,0.5001,0.0,0.0,0.0,12288.0,136137404938.0,136368420935.0,139260306.0,139445682.0,3127583.0,0.0,0.0,0.0,0.0,0.0,0.0,0.0,0.0,0.0,0.0,0.0,0.0,922.0,79.0,3.0,2.0,0.0,0.0,0.0,0.0,0.0,0.0,0.0,0.0,0.0,idle
,idle,,,,,,,,,,,,,,,,,,,,,,,,,,,,,,,,,,,,,idle
1778096627.2494123,g2.hpc.coe,41393.0,0.5001,0.0,0.0,0.0,12288.0,136137406525.0,136368421461.0,139260324.0,139445692.0,3127583.0,0.0,0.0,0.0,0.0,0.0,0.0,0.0,0.0,0.0,0.0,0.0,0.0,1587.0,526.0,18.0,10.0,0.0,0.0,0.0,0.0,0.0,0.0,0.0,0.0,0.0,idle
,idle,,,,,,,,,,,,,,,,,,,,,,,,,,,,,,,,,,,,,idle
1778096627.7495182,g2.hpc.coe,41393.0,0.5001,0.0,0.0,0.0,12288.0,136137407532.0,136368421540.0,139260327.0,139445694.0,3127583.0,0.0,0.0,0.0,0.0,0.0,0.0,0.0,0.0,0.0,0.0,0.0,0.0,1007.0,79.0,3.0,2.0,0.0,0.0,0.0,0.0,0.0,0.0,0.0,0.0,0.0,idle
,idle,,,,,,,,,,,,,,,,,,,,,,,,,,,,,,,,,,,,,idle
1778096628.24965,g2.hpc.coe,41393.0,0.5001,0.0,0.0,0.0,12288.0,136137408582.0,136368421619.0,139260330.0,139445696.0,3127583.0,0.0,0.0,0.0,0.0,0.0,0.0,0.0,0.0,0.0,0.0,0.0,0.0,1050.0,79.0,3.0,2.0,0.0,0.0,0.0,0.0,0.0,0.0,0.0,0.0,0.0,idle
,idle,,,,,,,,,,,,,,,,,,,,,,,,,,,,,,,,,,,,,idle
1778096628.7497785,g2.hpc.coe,41393.0,0.5001,0.0,0.0,0.0,12288.0,136137409696.0,136368421698.0,139260334.0,139445698.0,3127583.0,0.0,0.0,0.0,0.0,0.0,0.0,0.0,0.0,0.0,0.0,0.0,0.0,1114.0,79.0,4.0,2.0,0.0,0.0,0.0,0.0,0.0,0.0,0.0,0.0,0.0,idle
,idle,,,,,,,,,,,,,,,,,,,,,,,,,,,,,,,,,,,,,idle
1778096629.2499144,g2.hpc.coe,41393.0,0.5001,0.0,0.0,0.0,12288.0,136137410852.0,136368421777.0,139260338.0,139445700.0,3127583.0,0.0,0.0,0.0,0.0,0.0,0.0,0.0,0.0,0.0,0.0,0.0,0.0,1156.0,79.0,4.0,2.0,0.0,0.0,0.0,0.0,0.0,0.0,0.0,0.0,0.0,idle
,idle,,,,,,,,,,,,,,,,,,,,,,,,,,,,,,,,,,,,,idle
1778096629.7500458,g2.hpc.coe,41393.0,0.5001,0.0,0.0,0.0,12288.0,136137411060.0,136368421889.0,139260342.0,139445702.0,3127583.0,0.0,0.0,0.0,0.0,0.0,0.0,0.0,0.0,0.0,0.0,0.0,0.0,208.0,112.0,4.0,2.0,0.0,0.0,0.0,0.0,0.0,0.0,0.0,0.0,0.0,idle
,idle,,,,,,,,,,,,,,,,,,,,,,,,,,,,,,,,,,,,,idle
1778096630.2501688,g2.hpc.coe,41393.0,0.5001,0.0,0.0,0.0,12288.0,136137411233.0,136368421946.0,139260344.0,139445703.0,3127583.0,0.0,0.0,0.0,0.0,0.0,0.0,0.0,0.0,0.0,0.0,0.0,0.0,173.0,57.0,2.0,1.0,0.0,0.0,0.0,0.0,0.0,0.0,0.0,0.0,0.0,idle
,idle,,,,,,,,,,,,,,,,,,,,,,,,,,,,,,,,,,,,,idle
1778096630.7503004,g2.hpc.coe,41393.0,0.5001,0.0,0.0,0.0,12288.0,136137411448.0,136368422003.0,139260346.0,139445704.0,3127583.0,0.0,0.0,0.0,0.0,0.0,0.0,0.0,0.0,0.0,0.0,0.0,0.0,215.0,57.0,2.0,1.0,0.0,0.0,0.0,0.0,0.0,0.0,0.0,0.0,0.0,idle
,idle,,,,,,,,,,,,,,,,,,,,,,,,,,,,,,,,,,,,,idle
1778096631.250424,g2.hpc.coe,41393.0,0.5001,0.0,0.0,0.0,12288.0,136137411706.0,136368422060.0,139260348.0,139445705.0,3127583.0,0.0,0.0,0.0,0.0,0.0,0.0,0.0,0.0,0.0,0.0,0.0,0.0,258.0,57.0,2.0,1.0,0.0,0.0,0.0,0.0,0.0,0.0,0.0,0.0,0.0,idle
,idle,,,,,,,,,,,,,,,,,,,,,,,,,,,,,,,,,,,,,idle
1778096631.750537,g2.hpc.coe,41393.0,0.5001,0.0,0.0,0.0,12288.0,136137412006.0,136368422117.0,139260350.0,139445706.0,3127583.0,0.0,0.0,0.0,0.0,0.0,0.0,0.0,0.0,0.0,0.0,0.0,0.0,300.0,57.0,2.0,1.0,0.0,0.0,0.0,0.0,0.0,0.0,0.0,0.0,0.0,idle
,idle,,,,,,,,,,,,,,,,,,,,,,,,,,,,,,,,,,,,,idle
1778096632.250656,g2.hpc.coe,41393.0,0.5001,0.0,0.0,0.0,12288.0,136137412348.0,136368422174.0,139260352.0,139445707.0,3127583.0,0.0,0.0,0.0,0.0,0.0,0.0,0.0,0.0,0.0,0.0,0.0,0.0,342.0,57.0,2.0,1.0,0.0,0.0,0.0,0.0,0.0,0.0,0.0,0.0,0.0,idle
,idle,,,,,,,,,,,,,,,,,,,,,,,,,,,,,,,,,,,,,idle
1778096632.750786,g2.hpc.coe,41393.0,0.5001,0.0,0.0,0.0,12288.0,136137412732.0,136368422231.0,139260354.0,139445708.0,3127583.0,0.0,0.0,0.0,0.0,0.0,0.0,0.0,0.0,0.0,0.0,0.0,0.0,384.0,57.0,2.0,1.0,0.0,0.0,0.0,0.0,0.0,0.0,0.0,0.0,0.0,idle
,idle,,,,,,,,,,,,,,,,,,,,,,,,,,,,,,,,,,,,,idle
1778096633.2508938,g2.hpc.coe,41393.0,0.5001,0.0,0.0,0.0,12288.0,136137413158.0,136368422288.0,139260356.0,139445709.0,3127583.0,0.0,0.0,0.0,0.0,0.0,0.0,0.0,0.0,0.0,0.0,0.0,0.0,426.0,57.0,2.0,1.0,0.0,0.0,0.0,0.0,0.0,0.0,0.0,0.0,0.0,idle
,idle,,,,,,,,,,,,,,,,,,,,,,,,,,,,,,,,,,,,,idle
1778096633.7510126,g2.hpc.coe,41393.0,0.5001,0.0,0.0,0.0,12288.0,136137413626.0,136368422345.0,139260358.0,139445710.0,3127583.0,0.0,0.0,0.0,0.0,0.0,0.0,0.0,0.0,0.0,0.0,0.0,0.0,468.0,57.0,2.0,1.0,0.0,0.0,0.0,0.0,0.0,0.0,0.0,0.0,0.0,idle
,idle,,,,,,,,,,,,,,,,,,,,,,,,,,,,,,,,,,,,,idle
1778096634.2511418,g2.hpc.coe,41393.0,0.5001,0.0,0.0,0.0,12288.0,136137414137.0,136368422402.0,139260360.0,139445711.0,3127583.0,0.0,0.0,0.0,0.0,0.0,0.0,0.0,0.0,0.0,0.0,0.0,0.0,511.0,57.0,2.0,1.0,0.0,0.0,0.0,0.0,0.0,0.0,0.0,0.0,0.0,idle
,idle,,,,,,,,,,,,,,,,,,,,,,,,,,,,,,,,,,,,,idle
1778096634.7512767,g2.hpc.coe,41393.0,0.5001,0.0,0.0,0.0,12288.0,136137414789.0,136368422536.0,139260365.0,139445714.0,3127583.0,0.0,0.0,0.0,0.0,0.0,0.0,0.0,0.0,0.0,0.0,0.0,0.0,652.0,134.0,5.0,3.0,0.0,0.0,0.0,0.0,0.0,0.0,0.0,0.0,0.0,idle
,idle,,,,,,,,,,,,,,,,,,,,,,,,,,,,,,,,,,,,,idle
1778096635.2514122,g2.hpc.coe,41393.0,0.5001,0.0,0.0,0.0,12288.0,136137415406.0,136368422615.0,139260368.0,139445716.0,3127583.0,0.0,0.0,0.0,0.0,0.0,0.0,0.0,0.0,0.0,0.0,0.0,0.0,617.0,79.0,3.0,2.0,0.0,0.0,0.0,0.0,0.0,0.0,0.0,0.0,0.0,idle
,idle,,,,,,,,,,,,,,,,,,,,,,,,,,,,,,,,,,,,,idle
1778096635.75154,g2.hpc.coe,41393.0,0.5001,0.0,0.0,0.0,12288.0,136137416066.0,136368422694.0,139260371.0,139445718.0,3127583.0,0.0,0.0,0.0,0.0,0.0,0.0,0.0,0.0,0.0,0.0,0.0,0.0,660.0,79.0,3.0,2.0,0.0,0.0,0.0,0.0,0.0,0.0,0.0,0.0,0.0,idle
,idle,,,,,,,,,,,,,,,,,,,,,,,,,,,,,,,,,,,,,idle
1778096636.2516663,g2.hpc.coe,41393.0,0.5001,0.0,0.0,0.0,12288.0,136137416767.0,136368422773.0,139260374.0,139445720.0,3127583.0,0.0,0.0,0.0,0.0,0.0,0.0,0.0,0.0,0.0,0.0,0.0,0.0,701.0,79.0,3.0,2.0,0.0,0.0,0.0,0.0,0.0,0.0,0.0,0.0,0.0,idle
,idle,,,,,,,,,,,,,,,,,,,,,,,,,,,,,,,,,,,,,idle
1778096636.7517917,g2.hpc.coe,41393.0,0.5001,0.0,0.0,0.0,12288.0,136137417511.0,136368422852.0,139260377.0,139445722.0,3127583.0,0.0,0.0,0.0,0.0,0.0,0.0,0.0,0.0,0.0,0.0,0.0,0.0,744.0,79.0,3.0,2.0,0.0,0.0,0.0,0.0,0.0,0.0,0.0,0.0,0.0,idle
,idle,,,,,,,,,,,,,,,,,,,,,,,,,,,,,,,,,,,,,idle
1778096637.2519238,g2.hpc.coe,41393.0,0.5001,0.0,0.0,0.0,12288.0,136137418297.0,136368422931.0,139260380.0,139445724.0,3127583.0,0.0,0.0,0.0,0.0,0.0,0.0,0.0,0.0,0.0,0.0,0.0,0.0,786.0,79.0,3.0,2.0,0.0,0.0,0.0,0.0,0.0,0.0,0.0,0.0,0.0,idle
,idle,,,,,,,,,,,,,,,,,,,,,,,,,,,,,,,,,,,,,idle
1778096637.75203,g2.hpc.coe,41393.0,0.5001,0.0,0.0,0.0,12288.0,136137419125.0,136368423010.0,139260383.0,139445726.0,3127583.0,0.0,0.0,0.0,0.0,0.0,0.0,0.0,0.0,0.0,0.0,0.0,0.0,828.0,79.0,3.0,2.0,0.0,0.0,0.0,0.0,0.0,0.0,0.0,0.0,0.0,idle
,idle,,,,,,,,,,,,,,,,,,,,,,,,,,,,,,,,,,,,,idle
1778096638.2521584,g2.hpc.coe,41393.0,0.5001,0.0,0.0,0.0,12288.0,136137419995.0,136368423089.0,139260386.0,139445728.0,3127583.0,0.0,0.0,0.0,0.0,0.0,0.0,0.0,0.0,0.0,0.0,0.0,0.0,870.0,79.0,3.0,2.0,0.0,0.0,0.0,0.0,0.0,0.0,0.0,0.0,0.0,idle
,idle,,,,,,,,,,,,,,,,,,,,,,,,,,,,,,,,,,,,,idle
1778096638.7522652,g2.hpc.coe,41393.0,0.5001,0.0,0.0,0.0,12288.0,136137420907.0,136368423168.0,139260389.0,139445730.0,3127583.0,0.0,0.0,0.0,0.0,0.0,0.0,0.0,0.0,0.0,0.0,0.0,0.0,912.0,79.0,3.0,2.0,0.0,0.0,0.0,0.0,0.0,0.0,0.0,0.0,0.0,idle
,idle,,,,,,,,,,,,,,,,,,,,,,,,,,,,,,,,,,,,,idle
1778096639.2523997,g2.hpc.coe,41393.0,0.5001,0.0,0.0,0.0,12288.0,136137421861.0,136368423247.0,139260392.0,139445732.0,3127583.0,0.0,0.0,0.0,0.0,0.0,0.0,0.0,0.0,0.0,0.0,0.0,0.0,954.0,79.0,3.0,2.0,0.0,0.0,0.0,0.0,0.0,0.0,0.0,0.0,0.0,idle
,idle,,,,,,,,,,,,,,,,,,,,,,,,,,,,,,,,,,,,,idle
1778096639.7525373,g2.hpc.coe,41393.0,0.5001,0.0,0.0,0.0,12288.0,136137422913.0,136368423381.0,139260396.0,139445735.0,3127583.0,0.0,0.0,0.0,0.0,0.0,0.0,0.0,0.0,0.0,0.0,0.0,0.0,1052.0,134.0,4.0,3.0,0.0,0.0,0.0,0.0,0.0,0.0,0.0,0.0,0.0,idle
,idle,,,,,,,,,,,,,,,,,,,,,,,,,,,,,,,,,,,,,idle
1778096640.252674,g2.hpc.coe,41393.0,0.5001,0.0,0.0,0.0,12288.0,136137423974.0,136368423460.0,139260400.0,139445737.0,3127583.0,0.0,0.0,0.0,0.0,0.0,0.0,0.0,0.0,0.0,0.0,0.0,0.0,1061.0,79.0,4.0,2.0,0.0,0.0,0.0,0.0,0.0,0.0,0.0,0.0,0.0,idle
,idle,,,,,,,,,,,,,,,,,,,,,,,,,,,,,,,,,,,,,idle
1778096640.7527947,g2.hpc.coe,41393.0,0.5001,0.0,0.0,0.0,12288.0,136137425078.0,136368423539.0,139260404.0,139445739.0,3127583.0,0.0,0.0,0.0,0.0,0.0,0.0,0.0,0.0,0.0,0.0,0.0,0.0,1104.0,79.0,4.0,2.0,0.0,0.0,0.0,0.0,0.0,0.0,0.0,0.0,0.0,idle
,idle,,,,,,,,,,,,,,,,,,,,,,,,,,,,,,,,,,,,,idle
1778096641.2529013,g2.hpc.coe,41393.0,0.5001,0.0,0.0,0.0,12288.0,136137426224.0,136368423618.0,139260408.0,139445741.0,3127583.0,0.0,0.0,0.0,0.0,0.0,0.0,0.0,0.0,0.0,0.0,0.0,0.0,1146.0,79.0,4.0,2.0,0.0,0.0,0.0,0.0,0.0,0.0,0.0,0.0,0.0,idle
,idle,,,,,,,,,,,,,,,,,,,,,,,,,,,,,,,,,,,,,idle
1778096641.7530234,g2.hpc.coe,41393.0,0.5001,0.0,0.0,0.0,12288.0,136137427413.0,136368423697.0,139260412.0,139445743.0,3127583.0,0.0,0.0,0.0,0.0,0.0,0.0,0.0,0.0,0.0,0.0,0.0,0.0,1189.0,79.0,4.0,2.0,0.0,0.0,0.0,0.0,0.0,0.0,0.0,0.0,0.0,idle
,idle,,,,,,,,,,,,,,,,,,,,,,,,,,,,,,,,,,,,,idle
1778096642.253157,g2.hpc.coe,41393.0,0.5001,0.0,0.0,0.0,12288.0,136137428199.0,136368424201.0,139260429.0,139445752.0,3127583.0,0.0,0.0,0.0,0.0,0.0,0.0,0.0,0.0,0.0,0.0,0.0,0.0,786.0,504.0,17.0,9.0,0.0,0.0,0.0,0.0,0.0,0.0,0.0,0.0,0.0,idle
,idle,,,,,,,,,,,,,,,,,,,,,,,,,,,,,,,,,,,,,idle
1778096642.7532852,g2.hpc.coe,41393.0,0.5001,0.0,0.0,0.0,12288.0,136137428405.0,136368424258.0,139260431.0,139445753.0,3127583.0,0.0,0.0,0.0,0.0,0.0,0.0,0.0,0.0,0.0,0.0,0.0,0.0,206.0,57.0,2.0,1.0,0.0,0.0,0.0,0.0,0.0,0.0,0.0,0.0,0.0,idle
,idle,,,,,,,,,,,,,,,,,,,,,,,,,,,,,,,,,,,,,idle
1778096643.2534158,g2.hpc.coe,41393.0,0.5001,0.0,0.0,0.0,12288.0,136137428653.0,136368424315.0,139260433.0,139445754.0,3127583.0,0.0,0.0,0.0,0.0,0.0,0.0,0.0,0.0,0.0,0.0,0.0,0.0,248.0,57.0,2.0,1.0,0.0,0.0,0.0,0.0,0.0,0.0,0.0,0.0,0.0,idle
,idle,,,,,,,,,,,,,,,,,,,,,,,,,,,,,,,,,,,,,idle
1778096643.753539,g2.hpc.coe,41393.0,0.5001,0.0,0.0,0.0,12288.0,136137428944.0,136368424372.0,139260435.0,139445755.0,3127583.0,0.0,0.0,0.0,0.0,0.0,0.0,0.0,0.0,0.0,0.0,0.0,0.0,291.0,57.0,2.0,1.0,0.0,0.0,0.0,0.0,0.0,0.0,0.0,0.0,0.0,idle
,idle,,,,,,,,,,,,,,,,,,,,,,,,,,,,,,,,,,,,,idle
1778096644.2536664,g2.hpc.coe,41393.0,0.5001,0.0,0.0,0.0,12288.0,136137429277.0,136368424429.0,139260437.0,139445756.0,3127583.0,0.0,0.0,0.0,0.0,0.0,0.0,0.0,0.0,0.0,0.0,0.0,0.0,333.0,57.0,2.0,1.0,0.0,0.0,0.0,0.0,0.0,0.0,0.0,0.0,0.0,idle
,idle,,,,,,,,,,,,,,,,,,,,,,,,,,,,,,,,,,,,,idle
1778096644.7538016,g2.hpc.coe,41393.0,0.5001,0.0,0.0,0.0,12288.0,136137429652.0,136368424486.0,139260439.0,139445757.0,3127583.0,0.0,0.0,0.0,0.0,0.0,0.0,0.0,0.0,0.0,0.0,0.0,0.0,375.0,57.0,2.0,1.0,0.0,0.0,0.0,0.0,0.0,0.0,0.0,0.0,0.0,idle
,idle,,,,,,,,,,,,,,,,,,,,,,,,,,,,,,,,,,,,,idle
1778096645.2539294,g2.hpc.coe,41393.0,0.5001,0.0,0.0,0.0,12288.0,136137430146.0,136368424598.0,139260443.0,139445759.0,3127583.0,0.0,0.0,0.0,0.0,0.0,0.0,0.0,0.0,0.0,0.0,0.0,0.0,494.0,112.0,4.0,2.0,0.0,0.0,0.0,0.0,0.0,0.0,0.0,0.0,0.0,idle
,idle,,,,,,,,,,,,,,,,,,,,,,,,,,,,,,,,,,,,,idle
1778096645.7540526,g2.hpc.coe,41393.0,0.5001,0.0,0.0,0.0,12288.0,136137430606.0,136368424655.0,139260445.0,139445760.0,3127583.0,0.0,0.0,0.0,0.0,0.0,0.0,0.0,0.0,0.0,0.0,0.0,0.0,460.0,57.0,2.0,1.0,0.0,0.0,0.0,0.0,0.0,0.0,0.0,0.0,0.0,idle
,idle,,,,,,,,,,,,,,,,,,,,,,,,,,,,,,,,,,,,,idle
1778096646.25418,g2.hpc.coe,41393.0,0.5001,0.0,0.0,0.0,12288.0,136137431108.0,136368424712.0,139260447.0,139445761.0,3127583.0,0.0,0.0,0.0,0.0,0.0,0.0,0.0,0.0,0.0,0.0,0.0,0.0,502.0,57.0,2.0,1.0,0.0,0.0,0.0,0.0,0.0,0.0,0.0,0.0,0.0,idle
,idle,,,,,,,,,,,,,,,,,,,,,,,,,,,,,,,,,,,,,idle
1778096646.7542827,g2.hpc.coe,41393.0,0.5001,0.0,0.0,0.0,12288.0,136137431674.0,136368424791.0,139260450.0,139445763.0,3127583.0,0.0,0.0,0.0,0.0,0.0,0.0,0.0,0.0,0.0,0.0,0.0,0.0,566.0,79.0,3.0,2.0,0.0,0.0,0.0,0.0,0.0,0.0,0.0,0.0,0.0,idle
,idle,,,,,,,,,,,,,,,,,,,,,,,,,,,,,,,,,,,,,idle
1778096647.2544162,g2.hpc.coe,41393.0,0.5001,0.0,0.0,0.0,12288.0,136137432282.0,136368424870.0,139260453.0,139445765.0,3127583.0,0.0,0.0,0.0,0.0,0.0,0.0,0.0,0.0,0.0,0.0,0.0,0.0,608.0,79.0,3.0,2.0,0.0,0.0,0.0,0.0,0.0,0.0,0.0,0.0,0.0,idle
,idle,,,,,,,,,,,,,,,,,,,,,,,,,,,,,,,,,,,,,idle
1778096647.7545457,g2.hpc.coe,41393.0,0.5001,0.0,0.0,0.0,12288.0,136137432932.0,136368424949.0,139260456.0,139445767.0,3127583.0,0.0,0.0,0.0,0.0,0.0,0.0,0.0,0.0,0.0,0.0,0.0,0.0,650.0,79.0,3.0,2.0,0.0,0.0,0.0,0.0,0.0,0.0,0.0,0.0,0.0,idle
,idle,,,,,,,,,,,,,,,,,,,,,,,,,,,,,,,,,,,,,idle
1778096648.254672,g2.hpc.coe,41393.0,0.5001,0.0,0.0,0.0,12288.0,136137433624.0,136368425028.0,139260459.0,139445769.0,3127583.0,0.0,0.0,0.0,0.0,0.0,0.0,0.0,0.0,0.0,0.0,0.0,0.0,692.0,79.0,3.0,2.0,0.0,0.0,0.0,0.0,0.0,0.0,0.0,0.0,0.0,idle
,idle,,,,,,,,,,,,,,,,,,,,,,,,,,,,,,,,,,,,,idle
1778096648.754773,g2.hpc.coe,41393.0,0.5001,0.0,0.0,0.0,12288.0,136137434358.0,136368425107.0,139260462.0,139445771.0,3127583.0,0.0,0.0,0.0,0.0,0.0,0.0,0.0,0.0,0.0,0.0,0.0,0.0,734.0,79.0,3.0,2.0,0.0,0.0,0.0,0.0,0.0,0.0,0.0,0.0,0.0,idle
,idle,,,,,,,,,,,,,,,,,,,,,,,,,,,,,,,,,,,,,idle
1778096649.2549007,g2.hpc.coe,41393.0,0.5001,0.0,0.0,0.0,12288.0,136137435134.0,136368425186.0,139260465.0,139445773.0,3127583.0,0.0,0.0,0.0,0.0,0.0,0.0,0.0,0.0,0.0,0.0,0.0,0.0,776.0,79.0,3.0,2.0,0.0,0.0,0.0,0.0,0.0,0.0,0.0,0.0,0.0,idle
,idle,,,,,,,,,,,,,,,,,,,,,,,,,,,,,,,,,,,,,idle
1778096649.755023,g2.hpc.coe,41393.0,0.5001,0.0,0.0,0.0,12288.0,136137435953.0,136368425265.0,139260468.0,139445775.0,3127583.0,0.0,0.0,0.0,0.0,0.0,0.0,0.0,0.0,0.0,0.0,0.0,0.0,819.0,79.0,3.0,2.0,0.0,0.0,0.0,0.0,0.0,0.0,0.0,0.0,0.0,idle
,idle,,,,,,,,,,,,,,,,,,,,,,,,,,,,,,,,,,,,,idle
1778096650.255144,g2.hpc.coe,41393.0,0.5001,0.0,0.0,0.0,12288.0,136137436891.0,136368425399.0,139260473.0,139445778.0,3127583.0,0.0,0.0,0.0,0.0,0.0,0.0,0.0,0.0,0.0,0.0,0.0,0.0,938.0,134.0,5.0,3.0,0.0,0.0,0.0,0.0,0.0,0.0,0.0,0.0,0.0,idle
,idle,,,,,,,,,,,,,,,,,,,,,,,,,,,,,,,,,,,,,idle
1778096650.7552729,g2.hpc.coe,41393.0,0.5001,0.0,0.0,0.0,12288.0,136137437794.0,136368425478.0,139260476.0,139445780.0,3127583.0,0.0,0.0,0.0,0.0,0.0,0.0,0.0,0.0,0.0,0.0,0.0,0.0,903.0,79.0,3.0,2.0,0.0,0.0,0.0,0.0,0.0,0.0,0.0,0.0,0.0,idle
,idle,,,,,,,,,,,,,,,,,,,,,,,,,,,,,,,,,,,,,idle
1778096651.255401,g2.hpc.coe,41393.0,0.5001,0.0,0.0,0.0,12288.0,136137438739.0,136368425557.0,139260479.0,139445782.0,3127583.0,0.0,0.0,0.0,0.0,0.0,0.0,0.0,0.0,0.0,0.0,0.0,0.0,945.0,79.0,3.0,2.0,0.0,0.0,0.0,0.0,0.0,0.0,0.0,0.0,0.0,idle
,idle,,,,,,,,,,,,,,,,,,,,,,,,,,,,,,,,,,,,,idle
1778096651.7555065,g2.hpc.coe,41393.0,0.5001,0.0,0.0,0.0,12288.0,136137439727.0,136368425636.0,139260482.0,139445784.0,3127583.0,0.0,0.0,0.0,0.0,0.0,0.0,0.0,0.0,0.0,0.0,0.0,0.0,988.0,79.0,3.0,2.0,0.0,0.0,0.0,0.0,0.0,0.0,0.0,0.0,0.0,idle
,idle,,,,,,,,,,,,,,,,,,,,,,,,,,,,,,,,,,,,,idle
1778096652.2556288,g2.hpc.coe,41393.0,0.5001,0.0,0.0,0.0,12288.0,136137440757.0,136368425715.0,139260485.0,139445786.0,3127583.0,0.0,0.0,0.0,0.0,0.0,0.0,0.0,0.0,0.0,0.0,0.0,0.0,1030.0,79.0,3.0,2.0,0.0,0.0,0.0,0.0,0.0,0.0,0.0,0.0,0.0,idle
,idle,,,,,,,,,,,,,,,,,,,,,,,,,,,,,,,,,,,,,idle
1778096652.7557542,g2.hpc.coe,41393.0,0.5001,0.0,0.0,0.0,12288.0,136137441851.0,136368425794.0,139260489.0,139445788.0,3127583.0,0.0,0.0,0.0,0.0,0.0,0.0,0.0,0.0,0.0,0.0,0.0,0.0,1094.0,79.0,4.0,2.0,0.0,0.0,0.0,0.0,0.0,0.0,0.0,0.0,0.0,idle
,idle,,,,,,,,,,,,,,,,,,,,,,,,,,,,,,,,,,,,,idle
1778096653.2558658,g2.hpc.coe,41393.0,0.5001,0.0,0.0,0.0,12288.0,136137442988.0,136368425873.0,139260493.0,139445790.0,3127583.0,0.0,0.0,0.0,0.0,0.0,0.0,0.0,0.0,0.0,0.0,0.0,0.0,1137.0,79.0,4.0,2.0,0.0,0.0,0.0,0.0,0.0,0.0,0.0,0.0,0.0,idle
,idle,,,,,,,,,,,,,,,,,,,,,,,,,,,,,,,,,,,,,idle
1778096653.7559936,g2.hpc.coe,41393.0,0.5001,0.0,0.0,0.0,12288.0,136137444167.0,136368425952.0,139260497.0,139445792.0,3127583.0,0.0,0.0,0.0,0.0,0.0,0.0,0.0,0.0,0.0,0.0,0.0,0.0,1179.0,79.0,4.0,2.0,0.0,0.0,0.0,0.0,0.0,0.0,0.0,0.0,0.0,idle
,idle,,,,,,,,,,,,,,,,,,,,,,,,,,,,,,,,,,,,,idle
1778096654.2561038,g2.hpc.coe,41393.0,0.5001,0.0,0.0,0.0,12288.0,136137444321.0,136368426009.0,139260499.0,139445793.0,3127583.0,0.0,0.0,0.0,0.0,0.0,0.0,0.0,0.0,0.0,0.0,0.0,0.0,154.0,57.0,2.0,1.0,0.0,0.0,0.0,0.0,0.0,0.0,0.0,0.0,0.0,idle
,idle,,,,,,,,,,,,,,,,,,,,,,,,,,,,,,,,,,,,,idle
1778096654.75623,g2.hpc.coe,41393.0,0.5001,0.0,0.0,0.0,12288.0,136137444517.0,136368426066.0,139260501.0,139445794.0,3127583.0,0.0,0.0,0.0,0.0,0.0,0.0,0.0,0.0,0.0,0.0,0.0,0.0,196.0,57.0,2.0,1.0,0.0,0.0,0.0,0.0,0.0,0.0,0.0,0.0,0.0,idle
,idle,,,,,,,,,,,,,,,,,,,,,,,,,,,,,,,,,,,,,idle
1778096655.2563577,g2.hpc.coe,41393.0,0.5001,0.0,0.0,0.0,12288.0,136137444832.0,136368426178.0,139260505.0,139445796.0,3127583.0,0.0,0.0,0.0,0.0,0.0,0.0,0.0,0.0,0.0,0.0,0.0,0.0,315.0,112.0,4.0,2.0,0.0,0.0,0.0,0.0,0.0,0.0,0.0,0.0,0.0,idle
,idle,,,,,,,,,,,,,,,,,,,,,,,,,,,,,,,,,,,,,idle
1778096655.7564692,g2.hpc.coe,41393.0,0.5001,0.0,0.0,0.0,12288.0,136137445112.0,136368426235.0,139260507.0,139445797.0,3127583.0,0.0,0.0,0.0,0.0,0.0,0.0,0.0,0.0,0.0,0.0,0.0,0.0,280.0,57.0,2.0,1.0,0.0,0.0,0.0,0.0,0.0,0.0,0.0,0.0,0.0,idle
,idle,,,,,,,,,,,,,,,,,,,,,,,,,,,,,,,,,,,,,idle
1778096656.256595,g2.hpc.coe,41393.0,0.5001,0.0,0.0,0.0,12288.0,136137445435.0,136368426292.0,139260509.0,139445798.0,3127583.0,0.0,0.0,0.0,0.0,0.0,0.0,0.0,0.0,0.0,0.0,0.0,0.0,323.0,57.0,2.0,1.0,0.0,0.0,0.0,0.0,0.0,0.0,0.0,0.0,0.0,idle
,idle,,,,,,,,,,,,,,,,,,,,,,,,,,,,,,,,,,,,,idle
1778096656.7567255,g2.hpc.coe,41393.0,0.5001,0.0,0.0,0.0,12288.0,136137445800.0,136368426349.0,139260511.0,139445799.0,3127583.0,0.0,0.0,0.0,0.0,0.0,0.0,0.0,0.0,0.0,0.0,0.0,0.0,365.0,57.0,2.0,1.0,0.0,0.0,0.0,0.0,0.0,0.0,0.0,0.0,0.0,idle
,idle,,,,,,,,,,,,,,,,,,,,,,,,,,,,,,,,,,,,,idle
1778096657.2568512,g2.hpc.coe,41393.0,0.5001,0.0,0.0,0.0,12288.0,136137446830.0,136368426853.0,139260528.0,139445808.0,3127583.0,0.0,0.0,0.0,0.0,0.0,0.0,0.0,0.0,0.0,0.0,0.0,0.0,1030.0,504.0,17.0,9.0,0.0,0.0,0.0,0.0,0.0,0.0,0.0,0.0,0.0,idle
,idle,,,,,,,,,,,,,,,,,,,,,,,,,,,,,,,,,,,,,idle
1778096657.7569804,g2.hpc.coe,41393.0,0.5001,0.0,0.0,0.0,12288.0,136137447280.0,136368426910.0,139260530.0,139445809.0,3127583.0,0.0,0.0,0.0,0.0,0.0,0.0,0.0,0.0,0.0,0.0,0.0,0.0,450.0,57.0,2.0,1.0,0.0,0.0,0.0,0.0,0.0,0.0,0.0,0.0,0.0,idle
,idle,,,,,,,,,,,,,,,,,,,,,,,,,,,,,,,,,,,,,idle
1778096658.2571118,g2.hpc.coe,41393.0,0.5001,0.0,0.0,0.0,12288.0,136137447772.0,136368426967.0,139260532.0,139445810.0,3127583.0,0.0,0.0,0.0,0.0,0.0,0.0,0.0,0.0,0.0,0.0,0.0,0.0,492.0,57.0,2.0,1.0,0.0,0.0,0.0,0.0,0.0,0.0,0.0,0.0,0.0,idle
,idle,,,,,,,,,,,,,,,,,,,,,,,,,,,,,,,,,,,,,idle
1778096658.7572372,g2.hpc.coe,41393.0,0.5001,0.0,0.0,0.0,12288.0,136137448307.0,136368427024.0,139260534.0,139445811.0,3127583.0,0.0,0.0,0.0,0.0,0.0,0.0,0.0,0.0,0.0,0.0,0.0,0.0,535.0,57.0,2.0,1.0,0.0,0.0,0.0,0.0,0.0,0.0,0.0,0.0,0.0,idle
,idle,,,,,,,,,,,,,,,,,,,,,,,,,,,,,,,,,,,,,idle
1778096659.2573488,g2.hpc.coe,41393.0,0.5001,0.0,0.0,0.0,12288.0,136137448906.0,136368427103.0,139260537.0,139445813.0,3127583.0,0.0,0.0,0.0,0.0,0.0,0.0,0.0,0.0,0.0,0.0,0.0,0.0,599.0,79.0,3.0,2.0,0.0,0.0,0.0,0.0,0.0,0.0,0.0,0.0,0.0,idle
,idle,,,,,,,,,,,,,,,,,,,,,,,,,,,,,,,,,,,,,idle
1778096659.75748,g2.hpc.coe,41393.0,0.5001,0.0,0.0,0.0,12288.0,136137449547.0,136368427182.0,139260540.0,139445815.0,3127583.0,0.0,0.0,0.0,0.0,0.0,0.0,0.0,0.0,0.0,0.0,0.0,0.0,641.0,79.0,3.0,2.0,0.0,0.0,0.0,0.0,0.0,0.0,0.0,0.0,0.0,idle
,idle,,,,,,,,,,,,,,,,,,,,,,,,,,,,,,,,,,,,,idle
1778096660.2576292,g2.hpc.coe,41393.0,0.5001,0.0,0.0,0.0,12288.0,136137450307.0,136368427316.0,139260545.0,139445818.0,3127583.0,0.0,0.0,0.0,0.0,0.0,0.0,0.0,0.0,0.0,0.0,0.0,0.0,760.0,134.0,5.0,3.0,0.0,0.0,0.0,0.0,0.0,0.0,0.0,0.0,0.0,idle
,idle,,,,,,,,,,,,,,,,,,,,,,,,,,,,,,,,,,,,,idle
1778096660.7577498,g2.hpc.coe,41393.0,0.5001,0.0,0.0,0.0,12288.0,136137451032.0,136368427395.0,139260548.0,139445820.0,3127583.0,0.0,0.0,0.0,0.0,0.0,0.0,0.0,0.0,0.0,0.0,0.0,0.0,725.0,79.0,3.0,2.0,0.0,0.0,0.0,0.0,0.0,0.0,0.0,0.0,0.0,idle
,idle,,,,,,,,,,,,,,,,,,,,,,,,,,,,,,,,,,,,,idle
1778096661.2578793,g2.hpc.coe,41393.0,0.5001,0.0,0.0,0.0,12288.0,136137451800.0,136368427474.0,139260551.0,139445822.0,3127583.0,0.0,0.0,0.0,0.0,0.0,0.0,0.0,0.0,0.0,0.0,0.0,0.0,768.0,79.0,3.0,2.0,0.0,0.0,0.0,0.0,0.0,0.0,0.0,0.0,0.0,idle
,idle,,,,,,,,,,,,,,,,,,,,,,,,,,,,,,,,,,,,,idle
1778096661.75801,g2.hpc.coe,41393.0,0.5001,0.0,0.0,0.0,12288.0,136137452610.0,136368427553.0,139260554.0,139445824.0,3127583.0,0.0,0.0,0.0,0.0,0.0,0.0,0.0,0.0,0.0,0.0,0.0,0.0,810.0,79.0,3.0,2.0,0.0,0.0,0.0,0.0,0.0,0.0,0.0,0.0,0.0,idle
,idle,,,,,,,,,,,,,,,,,,,,,,,,,,,,,,,,,,,,,idle
1778096662.258119,g2.hpc.coe,41393.0,0.5001,0.0,0.0,0.0,12288.0,136137453462.0,136368427632.0,139260557.0,139445826.0,3127583.0,0.0,0.0,0.0,0.0,0.0,0.0,0.0,0.0,0.0,0.0,0.0,0.0,852.0,79.0,3.0,2.0,0.0,0.0,0.0,0.0,0.0,0.0,0.0,0.0,0.0,idle
,idle,,,,,,,,,,,,,,,,,,,,,,,,,,,,,,,,,,,,,idle
1778096662.758243,g2.hpc.coe,41393.0,0.5001,0.0,0.0,0.0,12288.0,136137454356.0,136368427711.0,139260560.0,139445828.0,3127583.0,0.0,0.0,0.0,0.0,0.0,0.0,0.0,0.0,0.0,0.0,0.0,0.0,894.0,79.0,3.0,2.0,0.0,0.0,0.0,0.0,0.0,0.0,0.0,0.0,0.0,idle
,idle,,,,,,,,,,,,,,,,,,,,,,,,,,,,,,,,,,,,,idle
1778096663.2583692,g2.hpc.coe,41393.0,0.5001,0.0,0.0,0.0,12288.0,136137455293.0,136368427790.0,139260563.0,139445830.0,3127583.0,0.0,0.0,0.0,0.0,0.0,0.0,0.0,0.0,0.0,0.0,0.0,0.0,937.0,79.0,3.0,2.0,0.0,0.0,0.0,0.0,0.0,0.0,0.0,0.0,0.0,idle
,idle,,,,,,,,,,,,,,,,,,,,,,,,,,,,,,,,,,,,,idle
1778096663.7584906,g2.hpc.coe,41393.0,0.5001,0.0,0.0,0.0,12288.0,136137456272.0,136368427869.0,139260566.0,139445832.0,3127583.0,0.0,0.0,0.0,0.0,0.0,0.0,0.0,0.0,0.0,0.0,0.0,0.0,979.0,79.0,3.0,2.0,0.0,0.0,0.0,0.0,0.0,0.0,0.0,0.0,0.0,idle
,idle,,,,,,,,,,,,,,,,,,,,,,,,,,,,,,,,,,,,,idle
1778096664.2586205,g2.hpc.coe,41393.0,0.5001,0.0,0.0,0.0,12288.0,136137457293.0,136368427948.0,139260569.0,139445834.0,3127583.0,0.0,0.0,0.0,0.0,0.0,0.0,0.0,0.0,0.0,0.0,0.0,0.0,1021.0,79.0,3.0,2.0,0.0,0.0,0.0,0.0,0.0,0.0,0.0,0.0,0.0,idle
,idle,,,,,,,,,,,,,,,,,,,,,,,,,,,,,,,,,,,,,idle
1778096664.758743,g2.hpc.coe,41393.0,0.5001,0.0,0.0,0.0,12288.0,136137458379.0,136368428027.0,139260573.0,139445836.0,3127583.0,0.0,0.0,0.0,0.0,0.0,0.0,0.0,0.0,0.0,0.0,0.0,0.0,1086.0,79.0,4.0,2.0,0.0,0.0,0.0,0.0,0.0,0.0,0.0,0.0,0.0,idle
,idle,,,,,,,,,,,,,,,,,,,,,,,,,,,,,,,,,,,,,idle
1778096665.2589004,g2.hpc.coe,41393.0,0.5002,0.0,0.0,0.0,12288.0,136137459507.0,136368428106.0,139260577.0,139445838.0,3127583.0,0.0,0.0,0.0,0.0,0.0,0.0,0.0,0.0,0.0,0.0,0.0,0.0,1128.0,79.0,4.0,2.0,0.0,0.0,0.0,0.0,0.0,0.0,0.0,0.0,0.0,idle
,idle,,,,,,,,,,,,,,,,,,,,,,,,,,,,,,,,,,,,,idle
1778096665.759027,g2.hpc.coe,41393.0,0.5001,0.0,0.0,0.0,12288.0,136137460754.0,136368428240.0,139260583.0,139445841.0,3127583.0,0.0,0.0,0.0,0.0,0.0,0.0,0.0,0.0,0.0,0.0,0.0,0.0,1247.0,134.0,6.0,3.0,0.0,0.0,0.0,0.0,0.0,0.0,0.0,0.0,0.0,idle
,idle,,,,,,,,,,,,,,,,,,,,,,,,,,,,,,,,,,,,,idle
1778096666.2591636,g2.hpc.coe,41393.0,0.5001,0.0,0.0,0.0,12288.0,136137460899.0,136368428297.0,139260585.0,139445842.0,3127583.0,0.0,0.0,0.0,0.0,0.0,0.0,0.0,0.0,0.0,0.0,0.0,0.0,145.0,57.0,2.0,1.0,0.0,0.0,0.0,0.0,0.0,0.0,0.0,0.0,0.0,idle
,idle,,,,,,,,,,,,,,,,,,,,,,,,,,,,,,,,,,,,,idle
1778096666.759286,g2.hpc.coe,41393.0,0.5001,0.0,0.0,0.0,12288.0,136137461086.0,136368428354.0,139260587.0,139445843.0,3127583.0,0.0,0.0,0.0,0.0,0.0,0.0,0.0,0.0,0.0,0.0,0.0,0.0,187.0,57.0,2.0,1.0,0.0,0.0,0.0,0.0,0.0,0.0,0.0,0.0,0.0,idle
,idle,,,,,,,,,,,,,,,,,,,,,,,,,,,,,,,,,,,,,idle
1778096667.2594116,g2.hpc.coe,41393.0,0.5001,0.0,0.0,0.0,12288.0,136137461315.0,136368428411.0,139260589.0,139445844.0,3127583.0,0.0,0.0,0.0,0.0,0.0,0.0,0.0,0.0,0.0,0.0,0.0,0.0,229.0,57.0,2.0,1.0,0.0,0.0,0.0,0.0,0.0,0.0,0.0,0.0,0.0,idle
,idle,,,,,,,,,,,,,,,,,,,,,,,,,,,,,,,,,,,,,idle
1778096667.759534,g2.hpc.coe,41393.0,0.5001,0.0,0.0,0.0,12288.0,136137461586.0,136368428468.0,139260591.0,139445845.0,3127583.0,0.0,0.0,0.0,0.0,0.0,0.0,0.0,0.0,0.0,0.0,0.0,0.0,271.0,57.0,2.0,1.0,0.0,0.0,0.0,0.0,0.0,0.0,0.0,0.0,0.0,idle
,idle,,,,,,,,,,,,,,,,,,,,,,,,,,,,,,,,,,,,,idle
1778096668.2596529,g2.hpc.coe,41393.0,0.5001,0.0,0.0,0.0,12288.0,136137461900.0,136368428525.0,139260593.0,139445846.0,3127583.0,0.0,0.0,0.0,0.0,0.0,0.0,0.0,0.0,0.0,0.0,0.0,0.0,314.0,57.0,2.0,1.0,0.0,0.0,0.0,0.0,0.0,0.0,0.0,0.0,0.0,idle
,idle,,,,,,,,,,,,,,,,,,,,,,,,,,,,,,,,,,,,,idle
1778096668.7597754,g2.hpc.coe,41393.0,0.5001,0.0,0.0,0.0,12288.0,136137462256.0,136368428582.0,139260595.0,139445847.0,3127583.0,0.0,0.0,0.0,0.0,0.0,0.0,0.0,0.0,0.0,0.0,0.0,0.0,356.0,57.0,2.0,1.0,0.0,0.0,0.0,0.0,0.0,0.0,0.0,0.0,0.0,idle
,idle,,,,,,,,,,,,,,,,,,,,,,,,,,,,,,,,,,,,,idle
1778096669.259904,g2.hpc.coe,41393.0,0.5001,0.0,0.0,0.0,12288.0,136137462654.0,136368428639.0,139260597.0,139445848.0,3127583.0,0.0,0.0,0.0,0.0,0.0,0.0,0.0,0.0,0.0,0.0,0.0,0.0,398.0,57.0,2.0,1.0,0.0,0.0,0.0,0.0,0.0,0.0,0.0,0.0,0.0,idle
,idle,,,,,,,,,,,,,,,,,,,,,,,,,,,,,,,,,,,,,idle
1778096669.7600284,g2.hpc.coe,41393.0,0.5001,0.0,0.0,0.0,12288.0,136137463094.0,136368428696.0,139260599.0,139445849.0,3127583.0,0.0,0.0,0.0,0.0,0.0,0.0,0.0,0.0,0.0,0.0,0.0,0.0,440.0,57.0,2.0,1.0,0.0,0.0,0.0,0.0,0.0,0.0,0.0,0.0,0.0,idle
,idle,,,,,,,,,,,,,,,,,,,,,,,,,,,,,,,,,,,,,idle
1778096670.260159,g2.hpc.coe,41393.0,0.5001,0.0,0.0,0.0,12288.0,136137463576.0,136368428753.0,139260601.0,139445850.0,3127583.0,0.0,0.0,0.0,0.0,0.0,0.0,0.0,0.0,0.0,0.0,0.0,0.0,482.0,57.0,2.0,1.0,0.0,0.0,0.0,0.0,0.0,0.0,0.0,0.0,0.0,idle
,idle,,,,,,,,,,,,,,,,,,,,,,,,,,,,,,,,,,,,,idle
1778096670.7602656,g2.hpc.coe,41393.0,0.5001,0.0,0.0,0.0,12288.0,136137464177.0,136368428865.0,139260605.0,139445852.0,3127583.0,0.0,0.0,0.0,0.0,0.0,0.0,0.0,0.0,0.0,0.0,0.0,0.0,601.0,112.0,4.0,2.0,0.0,0.0,0.0,0.0,0.0,0.0,0.0,0.0,0.0,idle
,idle,,,,,,,,,,,,,,,,,,,,,,,,,,,,,,,,,,,,,idle
1778096671.260389,g2.hpc.coe,41393.0,0.5001,0.0,0.0,0.0,12288.0,136137464766.0,136368428944.0,139260608.0,139445854.0,3127583.0,0.0,0.0,0.0,0.0,0.0,0.0,0.0,0.0,0.0,0.0,0.0,0.0,589.0,79.0,3.0,2.0,0.0,0.0,0.0,0.0,0.0,0.0,0.0,0.0,0.0,idle
,idle,,,,,,,,,,,,,,,,,,,,,,,,,,,,,,,,,,,,,idle
1778096671.7605286,g2.hpc.coe,41393.0,0.5001,0.0,0.0,0.0,12288.0,136137465397.0,136368429023.0,139260611.0,139445856.0,3127583.0,0.0,0.0,0.0,0.0,0.0,0.0,0.0,0.0,0.0,0.0,0.0,0.0,631.0,79.0,3.0,2.0,0.0,0.0,0.0,0.0,0.0,0.0,0.0,0.0,0.0,idle
,idle,,,,,,,,,,,,,,,,,,,,,,,,,,,,,,,,,,,,,idle
1778096672.260638,g2.hpc.coe,41393.0,0.5001,0.0,0.0,0.0,12288.0,136137466693.0,136368429549.0,139260629.0,139445866.0,3127583.0,0.0,0.0,0.0,0.0,0.0,0.0,0.0,0.0,0.0,0.0,0.0,0.0,1296.0,526.0,18.0,10.0,0.0,0.0,0.0,0.0,0.0,0.0,0.0,0.0,0.0,idle
,idle,,,,,,,,,,,,,,,,,,,,,,,,,,,,,,,,,,,,,idle
1778096672.7607577,g2.hpc.coe,41393.0,0.5001,0.0,0.0,0.0,12288.0,136137467409.0,136368429628.0,139260632.0,139445868.0,3127583.0,0.0,0.0,0.0,0.0,0.0,0.0,0.0,0.0,0.0,0.0,0.0,0.0,716.0,79.0,3.0,2.0,0.0,0.0,0.0,0.0,0.0,0.0,0.0,0.0,0.0,idle
,idle,,,,,,,,,,,,,,,,,,,,,,,,,,,,,,,,,,,,,idle
1778096673.2608726,g2.hpc.coe,41393.0,0.5001,0.0,0.0,0.0,12288.0,136137468167.0,136368429707.0,139260635.0,139445870.0,3127583.0,0.0,0.0,0.0,0.0,0.0,0.0,0.0,0.0,0.0,0.0,0.0,0.0,758.0,79.0,3.0,2.0,0.0,0.0,0.0,0.0,0.0,0.0,0.0,0.0,0.0,idle
,idle,,,,,,,,,,,,,,,,,,,,,,,,,,,,,,,,,,,,,idle
1778096673.7609951,g2.hpc.coe,41393.0,0.5001,0.0,0.0,0.0,12288.0,136137468968.0,136368429786.0,139260638.0,139445872.0,3127583.0,0.0,0.0,0.0,0.0,0.0,0.0,0.0,0.0,0.0,0.0,0.0,0.0,801.0,79.0,3.0,2.0,0.0,0.0,0.0,0.0,0.0,0.0,0.0,0.0,0.0,idle
,idle,,,,,,,,,,,,,,,,,,,,,,,,,,,,,,,,,,,,,idle
1778096674.261101,g2.hpc.coe,41393.0,0.5001,0.0,0.0,0.0,12288.0,136137469811.0,136368429865.0,139260641.0,139445874.0,3127583.0,0.0,0.0,0.0,0.0,0.0,0.0,0.0,0.0,0.0,0.0,0.0,0.0,843.0,79.0,3.0,2.0,0.0,0.0,0.0,0.0,0.0,0.0,0.0,0.0,0.0,idle
,idle,,,,,,,,,,,,,,,,,,,,,,,,,,,,,,,,,,,,,idle
1778096674.7612317,g2.hpc.coe,41393.0,0.5001,0.0,0.0,0.0,12288.0,136137470696.0,136368429944.0,139260644.0,139445876.0,3127583.0,0.0,0.0,0.0,0.0,0.0,0.0,0.0,0.0,0.0,0.0,0.0,0.0,885.0,79.0,3.0,2.0,0.0,0.0,0.0,0.0,0.0,0.0,0.0,0.0,0.0,idle
,idle,,,,,,,,,,,,,,,,,,,,,,,,,,,,,,,,,,,,,idle
1778096675.2613578,g2.hpc.coe,41393.0,0.5001,0.0,0.0,0.0,12288.0,136137471623.0,136368430023.0,139260647.0,139445878.0,3127583.0,0.0,0.0,0.0,0.0,0.0,0.0,0.0,0.0,0.0,0.0,0.0,0.0,927.0,79.0,3.0,2.0,0.0,0.0,0.0,0.0,0.0,0.0,0.0,0.0,0.0,idle
,idle,,,,,,,,,,,,,,,,,,,,,,,,,,,,,,,,,,,,,idle
1778096675.7614627,g2.hpc.coe,41393.0,0.5001,0.0,0.0,0.0,12288.0,136137472669.0,136368430157.0,139260652.0,139445881.0,3127583.0,0.0,0.0,0.0,0.0,0.0,0.0,0.0,0.0,0.0,0.0,0.0,0.0,1046.0,134.0,5.0,3.0,0.0,0.0,0.0,0.0,0.0,0.0,0.0,0.0,0.0,idle
,idle,,,,,,,,,,,,,,,,,,,,,,,,,,,,,,,,,,,,,idle
1778096676.2615936,g2.hpc.coe,41393.0,0.5001,0.0,0.0,0.0,12288.0,136137473681.0,136368430236.0,139260655.0,139445883.0,3127583.0,0.0,0.0,0.0,0.0,0.0,0.0,0.0,0.0,0.0,0.0,0.0,0.0,1012.0,79.0,3.0,2.0,0.0,0.0,0.0,0.0,0.0,0.0,0.0,0.0,0.0,idle
,idle,,,,,,,,,,,,,,,,,,,,,,,,,,,,,,,,,,,,,idle
1778096676.761696,g2.hpc.coe,41393.0,0.5001,0.0,0.0,0.0,12288.0,136137474736.0,136368430315.0,139260658.0,139445885.0,3127583.0,0.0,0.0,0.0,0.0,0.0,0.0,0.0,0.0,0.0,0.0,0.0,0.0,1055.0,79.0,3.0,2.0,0.0,0.0,0.0,0.0,0.0,0.0,0.0,0.0,0.0,idle
,idle,,,,,,,,,,,,,,,,,,,,,,,,,,,,,,,,,,,,,idle
1778096677.261819,g2.hpc.coe,41393.0,0.5001,0.0,0.0,0.0,12288.0,136137475855.0,136368430394.0,139260662.0,139445887.0,3127583.0,0.0,0.0,0.0,0.0,0.0,0.0,0.0,0.0,0.0,0.0,0.0,0.0,1119.0,79.0,4.0,2.0,0.0,0.0,0.0,0.0,0.0,0.0,0.0,0.0,0.0,idle
,idle,,,,,,,,,,,,,,,,,,,,,,,,,,,,,,,,,,,,,idle
1778096677.761947,g2.hpc.coe,41393.0,0.5001,0.0,0.0,0.0,12288.0,136137477016.0,136368430473.0,139260666.0,139445889.0,3127583.0,0.0,0.0,0.0,0.0,0.0,0.0,0.0,0.0,0.0,0.0,0.0,0.0,1161.0,79.0,4.0,2.0,0.0,0.0,0.0,0.0,0.0,0.0,0.0,0.0,0.0,idle
,idle,,,,,,,,,,,,,,,,,,,,,,,,,,,,,,,,,,,,,idle
1778096678.262075,g2.hpc.coe,41393.0,0.5001,0.0,0.0,0.0,12288.0,136137477152.0,136368430530.0,139260668.0,139445890.0,3127583.0,0.0,0.0,0.0,0.0,0.0,0.0,0.0,0.0,0.0,0.0,0.0,0.0,136.0,57.0,2.0,1.0,0.0,0.0,0.0,0.0,0.0,0.0,0.0,0.0,0.0,idle
,idle,,,,,,,,,,,,,,,,,,,,,,,,,,,,,,,,,,,,,idle
1778096678.7622056,g2.hpc.coe,41393.0,0.5001,0.0,0.0,0.0,12288.0,136137477330.0,136368430587.0,139260670.0,139445891.0,3127583.0,0.0,0.0,0.0,0.0,0.0,0.0,0.0,0.0,0.0,0.0,0.0,0.0,178.0,57.0,2.0,1.0,0.0,0.0,0.0,0.0,0.0,0.0,0.0,0.0,0.0,idle
,idle,,,,,,,,,,,,,,,,,,,,,,,,,,,,,,,,,,,,,idle
1778096679.2623112,g2.hpc.coe,41393.0,0.5001,0.0,0.0,0.0,12288.0,136137477807.0,136368430899.0,139260677.0,139445897.0,3127583.0,0.0,0.0,0.0,0.0,0.0,0.0,0.0,0.0,0.0,0.0,0.0,0.0,477.0,312.0,7.0,6.0,0.0,0.0,0.0,0.0,0.0,0.0,0.0,0.0,0.0,idle
,idle,,,,,,,,,,,,,,,,,,,,,,,,,,,,,,,,,,,,,idle
1778096679.762418,g2.hpc.coe,41393.0,0.5001,0.0,0.0,0.0,12288.0,136137478091.0,136368430956.0,139260680.0,139445898.0,3127583.0,0.0,0.0,0.0,0.0,0.0,0.0,0.0,0.0,0.0,0.0,0.0,0.0,284.0,57.0,3.0,1.0,0.0,0.0,0.0,0.0,0.0,0.0,0.0,0.0,0.0,idle
,idle,,,,,,,,,,,,,,,,,,,,,,,,,,,,,,,,,,,,,idle
1778096680.2625434,g2.hpc.coe,41393.0,0.5001,0.0,0.0,0.0,12288.0,136137478395.0,136368431013.0,139260682.0,139445899.0,3127583.0,0.0,0.0,0.0,0.0,0.0,0.0,0.0,0.0,0.0,0.0,0.0,0.0,304.0,57.0,2.0,1.0,0.0,0.0,0.0,0.0,0.0,0.0,0.0,0.0,0.0,idle
,idle,,,,,,,,,,,,,,,,,,,,,,,,,,,,,,,,,,,,,idle
1778096680.7626634,g2.hpc.coe,41393.0,0.5001,0.0,0.0,0.0,12288.0,136137478819.0,136368431125.0,139260686.0,139445901.0,3127583.0,0.0,0.0,0.0,0.0,0.0,0.0,0.0,0.0,0.0,0.0,0.0,0.0,424.0,112.0,4.0,2.0,0.0,0.0,0.0,0.0,0.0,0.0,0.0,0.0,0.0,idle
,idle,,,,,,,,,,,,,,,,,,,,,,,,,,,,,,,,,,,,,idle
1778096681.2627869,g2.hpc.coe,41393.0,0.5001,0.0,0.0,0.0,12288.0,136137479208.0,136368431182.0,139260688.0,139445902.0,3127583.0,0.0,0.0,0.0,0.0,0.0,0.0,0.0,0.0,0.0,0.0,0.0,0.0,389.0,57.0,2.0,1.0,0.0,0.0,0.0,0.0,0.0,0.0,0.0,0.0,0.0,idle
,idle,,,,,,,,,,,,,,,,,,,,,,,,,,,,,,,,,,,,,idle
1778096681.7628908,g2.hpc.coe,41393.0,0.5001,0.0,0.0,0.0,12288.0,136137479639.0,136368431239.0,139260690.0,139445903.0,3127583.0,0.0,0.0,0.0,0.0,0.0,0.0,0.0,0.0,0.0,0.0,0.0,0.0,431.0,57.0,2.0,1.0,0.0,0.0,0.0,0.0,0.0,0.0,0.0,0.0,0.0,idle
,idle,,,,,,,,,,,,,,,,,,,,,,,,,,,,,,,,,,,,,idle
1778096682.2630217,g2.hpc.coe,41393.0,0.5001,0.0,0.0,0.0,12288.0,136137480113.0,136368431296.0,139260692.0,139445904.0,3127583.0,0.0,0.0,0.0,0.0,0.0,0.0,0.0,0.0,0.0,0.0,0.0,0.0,474.0,57.0,2.0,1.0,0.0,0.0,0.0,0.0,0.0,0.0,0.0,0.0,0.0,idle
,idle,,,,,,,,,,,,,,,,,,,,,,,,,,,,,,,,,,,,,idle
1778096682.7631493,g2.hpc.coe,41393.0,0.5001,0.0,0.0,0.0,12288.0,136137480629.0,136368431353.0,139260694.0,139445905.0,3127583.0,0.0,0.0,0.0,0.0,0.0,0.0,0.0,0.0,0.0,0.0,0.0,0.0,516.0,57.0,2.0,1.0,0.0,0.0,0.0,0.0,0.0,0.0,0.0,0.0,0.0,idle
,idle,,,,,,,,,,,,,,,,,,,,,,,,,,,,,,,,,,,,,idle
1778096683.2632744,g2.hpc.coe,41393.0,0.5001,0.0,0.0,0.0,12288.0,136137481209.0,136368431432.0,139260697.0,139445907.0,3127583.0,0.0,0.0,0.0,0.0,0.0,0.0,0.0,0.0,0.0,0.0,0.0,0.0,580.0,79.0,3.0,2.0,0.0,0.0,0.0,0.0,0.0,0.0,0.0,0.0,0.0,idle
,idle,,,,,,,,,,,,,,,,,,,,,,,,,,,,,,,,,,,,,idle
1778096683.7633972,g2.hpc.coe,41393.0,0.5001,0.0,0.0,0.0,12288.0,136137481831.0,136368431511.0,139260700.0,139445909.0,3127583.0,0.0,0.0,0.0,0.0,0.0,0.0,0.0,0.0,0.0,0.0,0.0,0.0,622.0,79.0,3.0,2.0,0.0,0.0,0.0,0.0,0.0,0.0,0.0,0.0,0.0,idle
,idle,,,,,,,,,,,,,,,,,,,,,,,,,,,,,,,,,,,,,idle
1778096684.2635305,g2.hpc.coe,41393.0,0.5001,0.0,0.0,0.0,12288.0,136137482496.0,136368431590.0,139260703.0,139445911.0,3127583.0,0.0,0.0,0.0,0.0,0.0,0.0,0.0,0.0,0.0,0.0,0.0,0.0,665.0,79.0,3.0,2.0,0.0,0.0,0.0,0.0,0.0,0.0,0.0,0.0,0.0,idle
,idle,,,,,,,,,,,,,,,,,,,,,,,,,,,,,,,,,,,,,idle
1778096684.763656,g2.hpc.coe,41393.0,0.5001,0.0,0.0,0.0,12288.0,136137483203.0,136368431669.0,139260706.0,139445913.0,3127583.0,0.0,0.0,0.0,0.0,0.0,0.0,0.0,0.0,0.0,0.0,0.0,0.0,707.0,79.0,3.0,2.0,0.0,0.0,0.0,0.0,0.0,0.0,0.0,0.0,0.0,idle
,idle,,,,,,,,,,,,,,,,,,,,,,,,,,,,,,,,,,,,,idle
1778096685.2637825,g2.hpc.coe,41393.0,0.5001,0.0,0.0,0.0,12288.0,136137483952.0,136368431748.0,139260709.0,139445915.0,3127583.0,0.0,0.0,0.0,0.0,0.0,0.0,0.0,0.0,0.0,0.0,0.0,0.0,749.0,79.0,3.0,2.0,0.0,0.0,0.0,0.0,0.0,0.0,0.0,0.0,0.0,idle
,idle,,,,,,,,,,,,,,,,,,,,,,,,,,,,,,,,,,,,,idle
1778096685.7638805,g2.hpc.coe,41393.0,0.5001,0.0,0.0,0.0,12288.0,136137484743.0,136368431827.0,139260712.0,139445917.0,3127583.0,0.0,0.0,0.0,0.0,0.0,0.0,0.0,0.0,0.0,0.0,0.0,0.0,791.0,79.0,3.0,2.0,0.0,0.0,0.0,0.0,0.0,0.0,0.0,0.0,0.0,idle
,idle,,,,,,,,,,,,,,,,,,,,,,,,,,,,,,,,,,,,,idle
1778096686.2640023,g2.hpc.coe,41393.0,0.5001,0.0,0.0,0.0,12288.0,136137485654.0,136368431961.0,139260717.0,139445920.0,3127583.0,0.0,0.0,0.0,0.0,0.0,0.0,0.0,0.0,0.0,0.0,0.0,0.0,911.0,134.0,5.0,3.0,0.0,0.0,0.0,0.0,0.0,0.0,0.0,0.0,0.0,idle
,idle,,,,,,,,,,,,,,,,,,,,,,,,,,,,,,,,,,,,,idle
1778096686.764118,g2.hpc.coe,41393.0,0.5001,0.0,0.0,0.0,12288.0,136137486530.0,136368432040.0,139260720.0,139445922.0,3127583.0,0.0,0.0,0.0,0.0,0.0,0.0,0.0,0.0,0.0,0.0,0.0,0.0,876.0,79.0,3.0,2.0,0.0,0.0,0.0,0.0,0.0,0.0,0.0,0.0,0.0,idle
,idle,,,,,,,,,,,,,,,,,,,,,,,,,,,,,,,,,,,,,idle
1778096687.264255,g2.hpc.coe,41393.0,0.5001,0.0,0.0,0.0,12288.0,136137488071.0,136368432566.0,139260738.0,139445932.0,3127583.0,0.0,0.0,0.0,0.0,0.0,0.0,0.0,0.0,0.0,0.0,0.0,0.0,1541.0,526.0,18.0,10.0,0.0,0.0,0.0,0.0,0.0,0.0,0.0,0.0,0.0,idle
,idle,,,,,,,,,,,,,,,,,,,,,,,,,,,,,,,,,,,,,idle
1778096687.764386,g2.hpc.coe,41393.0,0.5001,0.0,0.0,0.0,12288.0,136137489032.0,136368432645.0,139260741.0,139445934.0,3127583.0,0.0,0.0,0.0,0.0,0.0,0.0,0.0,0.0,0.0,0.0,0.0,0.0,961.0,79.0,3.0,2.0,0.0,0.0,0.0,0.0,0.0,0.0,0.0,0.0,0.0,idle
,idle,,,,,,,,,,,,,,,,,,,,,,,,,,,,,,,,,,,,,idle
1778096688.26452,g2.hpc.coe,41393.0,0.5001,0.0,0.0,0.0,12288.0,136137490035.0,136368432724.0,139260744.0,139445936.0,3127583.0,0.0,0.0,0.0,0.0,0.0,0.0,0.0,0.0,0.0,0.0,0.0,0.0,1003.0,79.0,3.0,2.0,0.0,0.0,0.0,0.0,0.0,0.0,0.0,0.0,0.0,idle
,idle,,,,,,,,,,,,,,,,,,,,,,,,,,,,,,,,,,,,,idle
1778096688.764649,g2.hpc.coe,41393.0,0.5001,0.0,0.0,0.0,12288.0,136137491080.0,136368432803.0,139260747.0,139445938.0,3127583.0,0.0,0.0,0.0,0.0,0.0,0.0,0.0,0.0,0.0,0.0,0.0,0.0,1045.0,79.0,3.0,2.0,0.0,0.0,0.0,0.0,0.0,0.0,0.0,0.0,0.0,idle
,idle,,,,,,,,,,,,,,,,,,,,,,,,,,,,,,,,,,,,,idle
1778096689.2647765,g2.hpc.coe,41393.0,0.5001,0.0,0.0,0.0,12288.0,136137492190.0,136368432882.0,139260751.0,139445940.0,3127583.0,0.0,0.0,0.0,0.0,0.0,0.0,0.0,0.0,0.0,0.0,0.0,0.0,1110.0,79.0,4.0,2.0,0.0,0.0,0.0,0.0,0.0,0.0,0.0,0.0,0.0,idle
,idle,,,,,,,,,,,,,,,,,,,,,,,,,,,,,,,,,,,,,idle
1778096689.7648988,g2.hpc.coe,41393.0,0.5001,0.0,0.0,0.0,12288.0,136137493342.0,136368432961.0,139260755.0,139445942.0,3127583.0,0.0,0.0,0.0,0.0,0.0,0.0,0.0,0.0,0.0,0.0,0.0,0.0,1152.0,79.0,4.0,2.0,0.0,0.0,0.0,0.0,0.0,0.0,0.0,0.0,0.0,idle
,idle,,,,,,,,,,,,,,,,,,,,,,,,,,,,,,,,,,,,,idle
1778096690.2650063,g2.hpc.coe,41393.0,0.5001,0.0,0.0,0.0,12288.0,136137493469.0,136368433018.0,139260757.0,139445943.0,3127583.0,0.0,0.0,0.0,0.0,0.0,0.0,0.0,0.0,0.0,0.0,0.0,0.0,127.0,57.0,2.0,1.0,0.0,0.0,0.0,0.0,0.0,0.0,0.0,0.0,0.0,idle
,idle,,,,,,,,,,,,,,,,,,,,,,,,,,,,,,,,,,,,,idle
1778096690.765134,g2.hpc.coe,41393.0,0.5001,0.0,0.0,0.0,12288.0,136137493638.0,136368433075.0,139260759.0,139445944.0,3127583.0,0.0,0.0,0.0,0.0,0.0,0.0,0.0,0.0,0.0,0.0,0.0,0.0,169.0,57.0,2.0,1.0,0.0,0.0,0.0,0.0,0.0,0.0,0.0,0.0,0.0,idle
,idle,,,,,,,,,,,,,,,,,,,,,,,,,,,,,,,,,,,,,idle
1778096691.2652564,g2.hpc.coe,41393.0,0.5001,0.0,0.0,0.0,12288.0,136137493926.0,136368433187.0,139260763.0,139445946.0,3127583.0,0.0,0.0,0.0,0.0,0.0,0.0,0.0,0.0,0.0,0.0,0.0,0.0,288.0,112.0,4.0,2.0,0.0,0.0,0.0,0.0,0.0,0.0,0.0,0.0,0.0,idle
,idle,,,,,,,,,,,,,,,,,,,,,,,,,,,,,,,,,,,,,idle
1778096691.7653866,g2.hpc.coe,41393.0,0.5001,0.0,0.0,0.0,12288.0,136137494179.0,136368433244.0,139260765.0,139445947.0,3127583.0,0.0,0.0,0.0,0.0,0.0,0.0,0.0,0.0,0.0,0.0,0.0,0.0,253.0,57.0,2.0,1.0,0.0,0.0,0.0,0.0,0.0,0.0,0.0,0.0,0.0,idle
,idle,,,,,,,,,,,,,,,,,,,,,,,,,,,,,,,,,,,,,idle
1778096692.2654934,g2.hpc.coe,41393.0,0.5001,0.0,0.0,0.0,12288.0,136137494475.0,136368433301.0,139260767.0,139445948.0,3127583.0,0.0,0.0,0.0,0.0,0.0,0.0,0.0,0.0,0.0,0.0,0.0,0.0,296.0,57.0,2.0,1.0,0.0,0.0,0.0,0.0,0.0,0.0,0.0,0.0,0.0,idle
,idle,,,,,,,,,,,,,,,,,,,,,,,,,,,,,,,,,,,,,idle
1778096692.7656014,g2.hpc.coe,41393.0,0.5001,0.0,0.0,0.0,12288.0,136137494813.0,136368433358.0,139260769.0,139445949.0,3127583.0,0.0,0.0,0.0,0.0,0.0,0.0,0.0,0.0,0.0,0.0,0.0,0.0,338.0,57.0,2.0,1.0,0.0,0.0,0.0,0.0,0.0,0.0,0.0,0.0,0.0,idle
,idle,,,,,,,,,,,,,,,,,,,,,,,,,,,,,,,,,,,,,idle
1778096693.2657075,g2.hpc.coe,41393.0,0.5001,0.0,0.0,0.0,12288.0,136137495193.0,136368433415.0,139260771.0,139445950.0,3127583.0,0.0,0.0,0.0,0.0,0.0,0.0,0.0,0.0,0.0,0.0,0.0,0.0,380.0,57.0,2.0,1.0,0.0,0.0,0.0,0.0,0.0,0.0,0.0,0.0,0.0,idle
,idle,,,,,,,,,,,,,,,,,,,,,,,,,,,,,,,,,,,,,idle
1778096693.7658436,g2.hpc.coe,41393.0,0.5001,0.0,0.0,0.0,12288.0,136137495615.0,136368433472.0,139260773.0,139445951.0,3127583.0,0.0,0.0,0.0,0.0,0.0,0.0,0.0,0.0,0.0,0.0,0.0,0.0,422.0,57.0,2.0,1.0,0.0,0.0,0.0,0.0,0.0,0.0,0.0,0.0,0.0,idle
,idle,,,,,,,,,,,,,,,,,,,,,,,,,,,,,,,,,,,,,idle
1778096694.26595,g2.hpc.coe,41393.0,0.5001,0.0,0.0,0.0,12288.0,136137496080.0,136368433529.0,139260775.0,139445952.0,3127583.0,0.0,0.0,0.0,0.0,0.0,0.0,0.0,0.0,0.0,0.0,0.0,0.0,465.0,57.0,2.0,1.0,0.0,0.0,0.0,0.0,0.0,0.0,0.0,0.0,0.0,idle
,idle,,,,,,,,,,,,,,,,,,,,,,,,,,,,,,,,,,,,,idle
1778096694.766089,g2.hpc.coe,41393.0,0.5001,0.0,0.0,0.0,12288.0,136137496586.0,136368433586.0,139260777.0,139445953.0,3127583.0,0.0,0.0,0.0,0.0,0.0,0.0,0.0,0.0,0.0,0.0,0.0,0.0,506.0,57.0,2.0,1.0,0.0,0.0,0.0,0.0,0.0,0.0,0.0,0.0,0.0,idle
,idle,,,,,,,,,,,,,,,,,,,,,,,,,,,,,,,,,,,,,idle
1778096695.2662246,g2.hpc.coe,41393.0,0.5001,0.0,0.0,0.0,12288.0,136137497156.0,136368433665.0,139260780.0,139445955.0,3127583.0,0.0,0.0,0.0,0.0,0.0,0.0,0.0,0.0,0.0,0.0,0.0,0.0,570.0,79.0,3.0,2.0,0.0,0.0,0.0,0.0,0.0,0.0,0.0,0.0,0.0,idle
,idle,,,,,,,,,,,,,,,,,,,,,,,,,,,,,,,,,,,,,idle
1778096695.7663536,g2.hpc.coe,41393.0,0.5001,0.0,0.0,0.0,12288.0,136137497769.0,136368433744.0,139260783.0,139445957.0,3127583.0,0.0,0.0,0.0,0.0,0.0,0.0,0.0,0.0,0.0,0.0,0.0,0.0,613.0,79.0,3.0,2.0,0.0,0.0,0.0,0.0,0.0,0.0,0.0,0.0,0.0,idle
,idle,,,,,,,,,,,,,,,,,,,,,,,,,,,,,,,,,,,,,idle
1778096696.2664812,g2.hpc.coe,41393.0,0.5001,0.0,0.0,0.0,12288.0,136137498501.0,136368433878.0,139260788.0,139445960.0,3127583.0,0.0,0.0,0.0,0.0,0.0,0.0,0.0,0.0,0.0,0.0,0.0,0.0,732.0,134.0,5.0,3.0,0.0,0.0,0.0,0.0,0.0,0.0,0.0,0.0,0.0,idle
,idle,,,,,,,,,,,,,,,,,,,,,,,,,,,,,,,,,,,,,idle
1778096696.7666037,g2.hpc.coe,41393.0,0.5001,0.0,0.0,0.0,12288.0,136137499198.0,136368433957.0,139260791.0,139445962.0,3127583.0,0.0,0.0,0.0,0.0,0.0,0.0,0.0,0.0,0.0,0.0,0.0,0.0,697.0,79.0,3.0,2.0,0.0,0.0,0.0,0.0,0.0,0.0,0.0,0.0,0.0,idle
,idle,,,,,,,,,,,,,,,,,,,,,,,,,,,,,,,,,,,,,idle
1778096697.2667046,g2.hpc.coe,41393.0,0.5001,0.0,0.0,0.0,12288.0,136137499938.0,136368434036.0,139260794.0,139445964.0,3127583.0,0.0,0.0,0.0,0.0,0.0,0.0,0.0,0.0,0.0,0.0,0.0,0.0,740.0,79.0,3.0,2.0,0.0,0.0,0.0,0.0,0.0,0.0,0.0,0.0,0.0,idle
,idle,,,,,,,,,,,,,,,,,,,,,,,,,,,,,,,,,,,,,idle
1778096697.7668257,g2.hpc.coe,41393.0,0.5001,0.0,0.0,0.0,12288.0,136137500720.0,136368434115.0,139260797.0,139445966.0,3127583.0,0.0,0.0,0.0,0.0,0.0,0.0,0.0,0.0,0.0,0.0,0.0,0.0,782.0,79.0,3.0,2.0,0.0,0.0,0.0,0.0,0.0,0.0,0.0,0.0,0.0,idle
,idle,,,,,,,,,,,,,,,,,,,,,,,,,,,,,,,,,,,,,idle
1778096698.266934,g2.hpc.coe,41393.0,0.5001,0.0,0.0,0.0,12288.0,136137501544.0,136368434194.0,139260800.0,139445968.0,3127583.0,0.0,0.0,0.0,0.0,0.0,0.0,0.0,0.0,0.0,0.0,0.0,0.0,824.0,79.0,3.0,2.0,0.0,0.0,0.0,0.0,0.0,0.0,0.0,0.0,0.0,idle
,idle,,,,,,,,,,,,,,,,,,,,,,,,,,,,,,,,,,,,,idle
1778096698.767043,g2.hpc.coe,41393.0,0.5001,0.0,0.0,0.0,12288.0,136137502410.0,136368434273.0,139260803.0,139445970.0,3127583.0,0.0,0.0,0.0,0.0,0.0,0.0,0.0,0.0,0.0,0.0,0.0,0.0,866.0,79.0,3.0,2.0,0.0,0.0,0.0,0.0,0.0,0.0,0.0,0.0,0.0,idle
,idle,,,,,,,,,,,,,,,,,,,,,,,,,,,,,,,,,,,,,idle
1778096699.2671683,g2.hpc.coe,41393.0,0.5001,0.0,0.0,0.0,12288.0,136137503318.0,136368434352.0,139260806.0,139445972.0,3127583.0,0.0,0.0,0.0,0.0,0.0,0.0,0.0,0.0,0.0,0.0,0.0,0.0,908.0,79.0,3.0,2.0,0.0,0.0,0.0,0.0,0.0,0.0,0.0,0.0,0.0,idle
,idle,,,,,,,,,,,,,,,,,,,,,,,,,,,,,,,,,,,,,idle
1778096699.7672915,g2.hpc.coe,41393.0,0.5001,0.0,0.0,0.0,12288.0,136137504268.0,136368434431.0,139260809.0,139445974.0,3127583.0,0.0,0.0,0.0,0.0,0.0,0.0,0.0,0.0,0.0,0.0,0.0,0.0,950.0,79.0,3.0,2.0,0.0,0.0,0.0,0.0,0.0,0.0,0.0,0.0,0.0,idle
,idle,,,,,,,,,,,,,,,,,,,,,,,,,,,,,,,,,,,,,idle
1778096700.2674246,g2.hpc.coe,41393.0,0.5001,0.0,0.0,0.0,12288.0,136137505261.0,136368434510.0,139260812.0,139445976.0,3127583.0,0.0,0.0,0.0,0.0,0.0,0.0,0.0,0.0,0.0,0.0,0.0,0.0,993.0,79.0,3.0,2.0,0.0,0.0,0.0,0.0,0.0,0.0,0.0,0.0,0.0,idle
,idle,,,,,,,,,,,,,,,,,,,,,,,,,,,,,,,,,,,,,idle
1778096700.767544,g2.hpc.coe,41393.0,0.5001,0.0,0.0,0.0,12288.0,136137506296.0,136368434589.0,139260815.0,139445978.0,3127583.0,0.0,0.0,0.0,0.0,0.0,0.0,0.0,0.0,0.0,0.0,0.0,0.0,1035.0,79.0,3.0,2.0,0.0,0.0,0.0,0.0,0.0,0.0,0.0,0.0,0.0,idle
,idle,,,,,,,,,,,,,,,,,,,,,,,,,,,,,,,,,,,,,idle
1778096701.2676718,g2.hpc.coe,41393.0,0.5001,0.0,0.0,0.0,12288.0,136137507472.0,136368434723.0,139260821.0,139445981.0,3127583.0,0.0,0.0,0.0,0.0,0.0,0.0,0.0,0.0,0.0,0.0,0.0,0.0,1176.0,134.0,6.0,3.0,0.0,0.0,0.0,0.0,0.0,0.0,0.0,0.0,0.0,idle
,idle,,,,,,,,,,,,,,,,,,,,,,,,,,,,,,,,,,,,,idle
1778096701.7678194,g2.hpc.coe,41393.0,0.5001,0.0,0.0,0.0,12288.0,136137511679.0,136368542207.0,139260889.0,139446217.0,3127583.0,0.0,0.0,0.0,0.0,0.0,0.0,0.0,0.0,0.0,0.0,0.0,0.0,4207.0,107484.0,68.0,236.0,0.0,0.0,0.0,0.0,0.0,0.0,0.0,0.0,0.0,idle
,idle,,,,,,,,,,,,,,,,,,,,,,,,,,,,,,,,,,,,,idle
1778096702.2679417,g2.hpc.coe,41393.0,0.5001,0.0,0.0,0.0,12288.0,136137513466.0,136368542733.0,139260907.0,139446227.0,3127583.0,0.0,0.0,0.0,0.0,0.0,0.0,0.0,0.0,0.0,0.0,0.0,0.0,1787.0,526.0,18.0,10.0,0.0,0.0,0.0,0.0,0.0,0.0,0.0,0.0,0.0,idle
,idle,,,,,,,,,,,,,,,,,,,,,,,,,,,,,,,,,,,,,idle
1778096702.7680674,g2.hpc.coe,41393.0,0.5001,0.0,0.0,0.0,12288.0,136137513627.0,136368542790.0,139260909.0,139446228.0,3127583.0,0.0,0.0,0.0,0.0,0.0,0.0,0.0,0.0,0.0,0.0,0.0,0.0,161.0,57.0,2.0,1.0,0.0,0.0,0.0,0.0,0.0,0.0,0.0,0.0,0.0,idle
,idle,,,,,,,,,,,,,,,,,,,,,,,,,,,,,,,,,,,,,idle
1778096703.2681932,g2.hpc.coe,41393.0,0.5001,0.0,0.0,0.0,12288.0,136137513831.0,136368542847.0,139260911.0,139446229.0,3127583.0,0.0,0.0,0.0,0.0,0.0,0.0,0.0,0.0,0.0,0.0,0.0,0.0,204.0,57.0,2.0,1.0,0.0,0.0,0.0,0.0,0.0,0.0,0.0,0.0,0.0,idle
,idle,,,,,,,,,,,,,,,,,,,,,,,,,,,,,,,,,,,,,idle
1778096703.7683015,g2.hpc.coe,41393.0,0.5001,0.0,0.0,0.0,12288.0,136137514077.0,136368542904.0,139260913.0,139446230.0,3127583.0,0.0,0.0,0.0,0.0,0.0,0.0,0.0,0.0,0.0,0.0,0.0,0.0,246.0,57.0,2.0,1.0,0.0,0.0,0.0,0.0,0.0,0.0,0.0,0.0,0.0,idle
,idle,,,,,,,,,,,,,,,,,,,,,,,,,,,,,,,,,,,,,idle
1778096704.2684088,g2.hpc.coe,41393.0,0.5001,0.0,0.0,0.0,12288.0,136137514365.0,136368542961.0,139260915.0,139446231.0,3127583.0,0.0,0.0,0.0,0.0,0.0,0.0,0.0,0.0,0.0,0.0,0.0,0.0,288.0,57.0,2.0,1.0,0.0,0.0,0.0,0.0,0.0,0.0,0.0,0.0,0.0,idle
,idle,,,,,,,,,,,,,,,,,,,,,,,,,,,,,,,,,,,,,idle
1778096704.7685294,g2.hpc.coe,41393.0,0.5001,0.0,0.0,0.0,12288.0,136137514695.0,136368543018.0,139260917.0,139446232.0,3127583.0,0.0,0.0,0.0,0.0,0.0,0.0,0.0,0.0,0.0,0.0,0.0,0.0,330.0,57.0,2.0,1.0,0.0,0.0,0.0,0.0,0.0,0.0,0.0,0.0,0.0,idle
,idle,,,,,,,,,,,,,,,,,,,,,,,,,,,,,,,,,,,,,idle
1778096705.268659,g2.hpc.coe,41393.0,0.5001,0.0,0.0,0.0,12288.0,136137515068.0,136368543075.0,139260919.0,139446233.0,3127583.0,0.0,0.0,0.0,0.0,0.0,0.0,0.0,0.0,0.0,0.0,0.0,0.0,373.0,57.0,2.0,1.0,0.0,0.0,0.0,0.0,0.0,0.0,0.0,0.0,0.0,idle
,idle,,,,,,,,,,,,,,,,,,,,,,,,,,,,,,,,,,,,,idle
1778096705.7687676,g2.hpc.coe,41393.0,0.5001,0.0,0.0,0.0,12288.0,136137515483.0,136368543132.0,139260921.0,139446234.0,3127583.0,0.0,0.0,0.0,0.0,0.0,0.0,0.0,0.0,0.0,0.0,0.0,0.0,415.0,57.0,2.0,1.0,0.0,0.0,0.0,0.0,0.0,0.0,0.0,0.0,0.0,idle
,idle,,,,,,,,,,,,,,,,,,,,,,,,,,,,,,,,,,,,,idle
1778096706.268873,g2.hpc.coe,41393.0,0.5001,0.0,0.0,0.0,12288.0,136137515940.0,136368543189.0,139260923.0,139446235.0,3127583.0,0.0,0.0,0.0,0.0,0.0,0.0,0.0,0.0,0.0,0.0,0.0,0.0,457.0,57.0,2.0,1.0,0.0,0.0,0.0,0.0,0.0,0.0,0.0,0.0,0.0,idle
,idle,,,,,,,,,,,,,,,,,,,,,,,,,,,,,,,,,,,,,idle
1778096706.7689817,g2.hpc.coe,41393.0,0.5001,0.0,0.0,0.0,12288.0,136137516439.0,136368543246.0,139260925.0,139446236.0,3127583.0,0.0,0.0,0.0,0.0,0.0,0.0,0.0,0.0,0.0,0.0,0.0,0.0,499.0,57.0,2.0,1.0,0.0,0.0,0.0,0.0,0.0,0.0,0.0,0.0,0.0,idle
,idle,,,,,,,,,,,,,,,,,,,,,,,,,,,,,,,,,,,,,idle
1778096707.2690873,g2.hpc.coe,41393.0,0.5001,0.0,0.0,0.0,12288.0,136137516980.0,136368543303.0,139260927.0,139446237.0,3127583.0,0.0,0.0,0.0,0.0,0.0,0.0,0.0,0.0,0.0,0.0,0.0,0.0,541.0,57.0,2.0,1.0,0.0,0.0,0.0,0.0,0.0,0.0,0.0,0.0,0.0,idle
,idle,,,,,,,,,,,,,,,,,,,,,,,,,,,,,,,,,,,,,idle
1778096707.769217,g2.hpc.coe,41393.0,0.5001,0.0,0.0,0.0,12288.0,136137517585.0,136368543382.0,139260930.0,139446239.0,3127583.0,0.0,0.0,0.0,0.0,0.0,0.0,0.0,0.0,0.0,0.0,0.0,0.0,605.0,79.0,3.0,2.0,0.0,0.0,0.0,0.0,0.0,0.0,0.0,0.0,0.0,idle
,idle,,,,,,,,,,,,,,,,,,,,,,,,,,,,,,,,,,,,,idle
1778096708.2693226,g2.hpc.coe,41393.0,0.5001,0.0,0.0,0.0,12288.0,136137518232.0,136368543461.0,139260933.0,139446241.0,3127583.0,0.0,0.0,0.0,0.0,0.0,0.0,0.0,0.0,0.0,0.0,0.0,0.0,647.0,79.0,3.0,2.0,0.0,0.0,0.0,0.0,0.0,0.0,0.0,0.0,0.0,idle
,idle,,,,,,,,,,,,,,,,,,,,,,,,,,,,,,,,,,,,,idle
1778096708.7694614,g2.hpc.coe,41393.0,0.5001,0.0,0.0,0.0,12288.0,136137518922.0,136368543540.0,139260936.0,139446243.0,3127583.0,0.0,0.0,0.0,0.0,0.0,0.0,0.0,0.0,0.0,0.0,0.0,0.0,690.0,79.0,3.0,2.0,0.0,0.0,0.0,0.0,0.0,0.0,0.0,0.0,0.0,idle
,idle,,,,,,,,,,,,,,,,,,,,,,,,,,,,,,,,,,,,,idle
1778096709.2695887,g2.hpc.coe,41393.0,0.5001,0.0,0.0,0.0,12288.0,136137519654.0,136368543619.0,139260939.0,139446245.0,3127583.0,0.0,0.0,0.0,0.0,0.0,0.0,0.0,0.0,0.0,0.0,0.0,0.0,732.0,79.0,3.0,2.0,0.0,0.0,0.0,0.0,0.0,0.0,0.0,0.0,0.0,idle
,idle,,,,,,,,,,,,,,,,,,,,,,,,,,,,,,,,,,,,,idle
1778096709.769714,g2.hpc.coe,41393.0,0.5001,0.0,0.0,0.0,12288.0,136137520428.0,136368543698.0,139260942.0,139446247.0,3127583.0,0.0,0.0,0.0,0.0,0.0,0.0,0.0,0.0,0.0,0.0,0.0,0.0,774.0,79.0,3.0,2.0,0.0,0.0,0.0,0.0,0.0,0.0,0.0,0.0,0.0,idle
,idle,,,,,,,,,,,,,,,,,,,,,,,,,,,,,,,,,,,,,idle
1778096710.269836,g2.hpc.coe,41393.0,0.5001,0.0,0.0,0.0,12288.0,136137521244.0,136368543777.0,139260945.0,139446249.0,3127583.0,0.0,0.0,0.0,0.0,0.0,0.0,0.0,0.0,0.0,0.0,0.0,0.0,816.0,79.0,3.0,2.0,0.0,0.0,0.0,0.0,0.0,0.0,0.0,0.0,0.0,idle
,idle,,,,,,,,,,,,,,,,,,,,,,,,,,,,,,,,,,,,,idle
1778096710.7699685,g2.hpc.coe,41393.0,0.5001,0.0,0.0,0.0,12288.0,136137522102.0,136368543856.0,139260948.0,139446251.0,3127583.0,0.0,0.0,0.0,0.0,0.0,0.0,0.0,0.0,0.0,0.0,0.0,0.0,858.0,79.0,3.0,2.0,0.0,0.0,0.0,0.0,0.0,0.0,0.0,0.0,0.0,idle
,idle,,,,,,,,,,,,,,,,,,,,,,,,,,,,,,,,,,,,,idle
1778096711.270095,g2.hpc.coe,41393.0,0.5001,0.0,0.0,0.0,12288.0,136137523003.0,136368543935.0,139260951.0,139446253.0,3127583.0,0.0,0.0,0.0,0.0,0.0,0.0,0.0,0.0,0.0,0.0,0.0,0.0,901.0,79.0,3.0,2.0,0.0,0.0,0.0,0.0,0.0,0.0,0.0,0.0,0.0,idle
,idle,,,,,,,,,,,,,,,,,,,,,,,,,,,,,,,,,,,,,idle
1778096711.7702124,g2.hpc.coe,41393.0,0.5001,0.0,0.0,0.0,12288.0,136137524023.0,136368544069.0,139260956.0,139446256.0,3127583.0,0.0,0.0,0.0,0.0,0.0,0.0,0.0,0.0,0.0,0.0,0.0,0.0,1020.0,134.0,5.0,3.0,0.0,0.0,0.0,0.0,0.0,0.0,0.0,0.0,0.0,idle
,idle,,,,,,,,,,,,,,,,,,,,,,,,,,,,,,,,,,,,,idle
1778096712.2703264,g2.hpc.coe,41393.0,0.5001,0.0,0.0,0.0,12288.0,136137525009.0,136368544148.0,139260959.0,139446258.0,3127583.0,0.0,0.0,0.0,0.0,0.0,0.0,0.0,0.0,0.0,0.0,0.0,0.0,986.0,79.0,3.0,2.0,0.0,0.0,0.0,0.0,0.0,0.0,0.0,0.0,0.0,idle
,idle,,,,,,,,,,,,,,,,,,,,,,,,,,,,,,,,,,,,,idle
1778096712.7704682,g2.hpc.coe,41393.0,0.5001,0.0,0.0,0.0,12288.0,136137526037.0,136368544227.0,139260962.0,139446260.0,3127583.0,0.0,0.0,0.0,0.0,0.0,0.0,0.0,0.0,0.0,0.0,0.0,0.0,1028.0,79.0,3.0,2.0,0.0,0.0,0.0,0.0,0.0,0.0,0.0,0.0,0.0,idle
,idle,,,,,,,,,,,,,,,,,,,,,,,,,,,,,,,,,,,,,idle
1778096713.270599,g2.hpc.coe,41393.0,0.5001,0.0,0.0,0.0,12288.0,136137527129.0,136368544306.0,139260966.0,139446262.0,3127583.0,0.0,0.0,0.0,0.0,0.0,0.0,0.0,0.0,0.0,0.0,0.0,0.0,1092.0,79.0,4.0,2.0,0.0,0.0,0.0,0.0,0.0,0.0,0.0,0.0,0.0,idle
,idle,,,,,,,,,,,,,,,,,,,,,,,,,,,,,,,,,,,,,idle
1778096713.7707226,g2.hpc.coe,41393.0,0.5001,0.0,0.0,0.0,12288.0,136137528264.0,136368544385.0,139260970.0,139446264.0,3127583.0,0.0,0.0,0.0,0.0,0.0,0.0,0.0,0.0,0.0,0.0,0.0,0.0,1135.0,79.0,4.0,2.0,0.0,0.0,0.0,0.0,0.0,0.0,0.0,0.0,0.0,idle
,idle,,,,,,,,,,,,,,,,,,,,,,,,,,,,,,,,,,,,,idle
1778096714.2708411,g2.hpc.coe,41393.0,0.5001,0.0,0.0,0.0,12288.0,136137529441.0,136368544464.0,139260974.0,139446266.0,3127583.0,0.0,0.0,0.0,0.0,0.0,0.0,0.0,0.0,0.0,0.0,0.0,0.0,1177.0,79.0,4.0,2.0,0.0,0.0,0.0,0.0,0.0,0.0,0.0,0.0,0.0,idle
,idle,,,,,,,,,,,,,,,,,,,,,,,,,,,,,,,,,,,,,idle
1778096714.7709744,g2.hpc.coe,41393.0,0.5001,0.0,0.0,0.0,12288.0,136137529593.0,136368544521.0,139260976.0,139446267.0,3127583.0,0.0,0.0,0.0,0.0,0.0,0.0,0.0,0.0,0.0,0.0,0.0,0.0,152.0,57.0,2.0,1.0,0.0,0.0,0.0,0.0,0.0,0.0,0.0,0.0,0.0,idle
,idle,,,,,,,,,,,,,,,,,,,,,,,,,,,,,,,,,,,,,idle
1778096715.2711098,g2.hpc.coe,41393.0,0.5001,0.0,0.0,0.0,12288.0,136137529787.0,136368544578.0,139260978.0,139446268.0,3127583.0,0.0,0.0,0.0,0.0,0.0,0.0,0.0,0.0,0.0,0.0,0.0,0.0,194.0,57.0,2.0,1.0,0.0,0.0,0.0,0.0,0.0,0.0,0.0,0.0,0.0,idle
,idle,,,,,,,,,,,,,,,,,,,,,,,,,,,,,,,,,,,,,idle
1778096715.7712395,g2.hpc.coe,41393.0,0.5001,0.0,0.0,0.0,12288.0,136137530023.0,136368544635.0,139260980.0,139446269.0,3127583.0,0.0,0.0,0.0,0.0,0.0,0.0,0.0,0.0,0.0,0.0,0.0,0.0,236.0,57.0,2.0,1.0,0.0,0.0,0.0,0.0,0.0,0.0,0.0,0.0,0.0,idle
,idle,,,,,,,,,,,,,,,,,,,,,,,,,,,,,,,,,,,,,idle
1778096716.2713718,g2.hpc.coe,41393.0,0.5001,0.0,0.0,0.0,12288.0,136137530301.0,136368544692.0,139260982.0,139446270.0,3127583.0,0.0,0.0,0.0,0.0,0.0,0.0,0.0,0.0,0.0,0.0,0.0,0.0,278.0,57.0,2.0,1.0,0.0,0.0,0.0,0.0,0.0,0.0,0.0,0.0,0.0,idle
,idle,,,,,,,,,,,,,,,,,,,,,,,,,,,,,,,,,,,,,idle
1778096716.771502,g2.hpc.coe,41393.0,0.5001,0.0,0.0,0.0,12288.0,136137530699.0,136368544804.0,139260986.0,139446272.0,3127583.0,0.0,0.0,0.0,0.0,0.0,0.0,0.0,0.0,0.0,0.0,0.0,0.0,398.0,112.0,4.0,2.0,0.0,0.0,0.0,0.0,0.0,0.0,0.0,0.0,0.0,idle
,idle,,,,,,,,,,,,,,,,,,,,,,,,,,,,,,,,,,,,,idle
1778096717.2716336,g2.hpc.coe,41393.0,0.5001,0.0,0.0,0.0,12288.0,136137531685.0,136368545308.0,139261003.0,139446281.0,3127583.0,0.0,0.0,0.0,0.0,0.0,0.0,0.0,0.0,0.0,0.0,0.0,0.0,986.0,504.0,17.0,9.0,0.0,0.0,0.0,0.0,0.0,0.0,0.0,0.0,0.0,idle
,idle,,,,,,,,,,,,,,,,,,,,,,,,,,,,,,,,,,,,,idle
1778096717.7717416,g2.hpc.coe,41393.0,0.5001,0.0,0.0,0.0,12288.0,136137532091.0,136368545365.0,139261005.0,139446282.0,3127583.0,0.0,0.0,0.0,0.0,0.0,0.0,0.0,0.0,0.0,0.0,0.0,0.0,406.0,57.0,2.0,1.0,0.0,0.0,0.0,0.0,0.0,0.0,0.0,0.0,0.0,idle
,idle,,,,,,,,,,,,,,,,,,,,,,,,,,,,,,,,,,,,,idle
1778096718.2718823,g2.hpc.coe,41393.0,0.5001,0.0,0.0,0.0,12288.0,136137532539.0,136368545422.0,139261007.0,139446283.0,3127583.0,0.0,0.0,0.0,0.0,0.0,0.0,0.0,0.0,0.0,0.0,0.0,0.0,448.0,57.0,2.0,1.0,0.0,0.0,0.0,0.0,0.0,0.0,0.0,0.0,0.0,idle
,idle,,,,,,,,,,,,,,,,,,,,,,,,,,,,,,,,,,,,,idle
1778096718.771998,g2.hpc.coe,41393.0,0.5001,0.0,0.0,0.0,12288.0,136137533029.0,136368545479.0,139261009.0,139446284.0,3127583.0,0.0,0.0,0.0,0.0,0.0,0.0,0.0,0.0,0.0,0.0,0.0,0.0,490.0,57.0,2.0,1.0,0.0,0.0,0.0,0.0,0.0,0.0,0.0,0.0,0.0,idle
,idle,,,,,,,,,,,,,,,,,,,,,,,,,,,,,,,,,,,,,idle
1778096719.2721343,g2.hpc.coe,41393.0,0.5001,0.0,0.0,0.0,12288.0,136137533561.0,136368545536.0,139261011.0,139446285.0,3127583.0,0.0,0.0,0.0,0.0,0.0,0.0,0.0,0.0,0.0,0.0,0.0,0.0,532.0,57.0,2.0,1.0,0.0,0.0,0.0,0.0,0.0,0.0,0.0,0.0,0.0,idle
,idle,,,,,,,,,,,,,,,,,,,,,,,,,,,,,,,,,,,,,idle
1778096719.772261,g2.hpc.coe,41393.0,0.5001,0.0,0.0,0.0,12288.0,136137534157.0,136368545615.0,139261014.0,139446287.0,3127583.0,0.0,0.0,0.0,0.0,0.0,0.0,0.0,0.0,0.0,0.0,0.0,0.0,596.0,79.0,3.0,2.0,0.0,0.0,0.0,0.0,0.0,0.0,0.0,0.0,0.0,idle
,idle,,,,,,,,,,,,,,,,,,,,,,,,,,,,,,,,,,,,,idle
1778096720.272392,g2.hpc.coe,41393.0,0.5001,0.0,0.0,0.0,12288.0,136137534796.0,136368545694.0,139261017.0,139446289.0,3127583.0,0.0,0.0,0.0,0.0,0.0,0.0,0.0,0.0,0.0,0.0,0.0,0.0,639.0,79.0,3.0,2.0,0.0,0.0,0.0,0.0,0.0,0.0,0.0,0.0,0.0,idle
,idle,,,,,,,,,,,,,,,,,,,,,,,,,,,,,,,,,,,,,idle
1778096720.7725215,g2.hpc.coe,41393.0,0.5001,0.0,0.0,0.0,12288.0,136137535477.0,136368545773.0,139261020.0,139446291.0,3127583.0,0.0,0.0,0.0,0.0,0.0,0.0,0.0,0.0,0.0,0.0,0.0,0.0,681.0,79.0,3.0,2.0,0.0,0.0,0.0,0.0,0.0,0.0,0.0,0.0,0.0,idle
,idle,,,,,,,,,,,,,,,,,,,,,,,,,,,,,,,,,,,,,idle
1778096721.2726564,g2.hpc.coe,41393.0,0.5001,0.0,0.0,0.0,12288.0,136137536200.0,136368545852.0,139261023.0,139446293.0,3127583.0,0.0,0.0,0.0,0.0,0.0,0.0,0.0,0.0,0.0,0.0,0.0,0.0,723.0,79.0,3.0,2.0,0.0,0.0,0.0,0.0,0.0,0.0,0.0,0.0,0.0,idle
,idle,,,,,,,,,,,,,,,,,,,,,,,,,,,,,,,,,,,,,idle
1778096721.7727866,g2.hpc.coe,41393.0,0.5001,0.0,0.0,0.0,12288.0,136137537042.0,136368545986.0,139261028.0,139446296.0,3127583.0,0.0,0.0,0.0,0.0,0.0,0.0,0.0,0.0,0.0,0.0,0.0,0.0,842.0,134.0,5.0,3.0,0.0,0.0,0.0,0.0,0.0,0.0,0.0,0.0,0.0,idle
,idle,,,,,,,,,,,,,,,,,,,,,,,,,,,,,,,,,,,,,idle
1778096722.2729154,g2.hpc.coe,41393.0,0.5001,0.0,0.0,0.0,12288.0,136137537850.0,136368546065.0,139261031.0,139446298.0,3127583.0,0.0,0.0,0.0,0.0,0.0,0.0,0.0,0.0,0.0,0.0,0.0,0.0,808.0,79.0,3.0,2.0,0.0,0.0,0.0,0.0,0.0,0.0,0.0,0.0,0.0,idle
,idle,,,,,,,,,,,,,,,,,,,,,,,,,,,,,,,,,,,,,idle
1778096722.7730465,g2.hpc.coe,41393.0,0.5001,0.0,0.0,0.0,12288.0,136137538700.0,136368546144.0,139261034.0,139446300.0,3127583.0,0.0,0.0,0.0,0.0,0.0,0.0,0.0,0.0,0.0,0.0,0.0,0.0,850.0,79.0,3.0,2.0,0.0,0.0,0.0,0.0,0.0,0.0,0.0,0.0,0.0,idle
,idle,,,,,,,,,,,,,,,,,,,,,,,,,,,,,,,,,,,,,idle
1778096723.2731748,g2.hpc.coe,41393.0,0.5001,0.0,0.0,0.0,12288.0,136137539592.0,136368546223.0,139261037.0,139446302.0,3127583.0,0.0,0.0,0.0,0.0,0.0,0.0,0.0,0.0,0.0,0.0,0.0,0.0,892.0,79.0,3.0,2.0,0.0,0.0,0.0,0.0,0.0,0.0,0.0,0.0,0.0,idle
,idle,,,,,,,,,,,,,,,,,,,,,,,,,,,,,,,,,,,,,idle
1778096723.7732513,g2.hpc.coe,41393.0,0.5001,0.0,0.0,0.0,12288.0,136137540526.0,136368546302.0,139261040.0,139446304.0,3127583.0,0.0,0.0,0.0,0.0,0.0,0.0,0.0,0.0,0.0,0.0,0.0,0.0,934.0,79.0,3.0,2.0,0.0,0.0,0.0,0.0,0.0,0.0,0.0,0.0,0.0,idle
,idle,,,,,,,,,,,,,,,,,,,,,,,,,,,,,,,,,,,,,idle
1778096724.2733865,g2.hpc.coe,41393.0,0.5001,0.0,0.0,0.0,12288.0,136137541503.0,136368546381.0,139261043.0,139446306.0,3127583.0,0.0,0.0,0.0,0.0,0.0,0.0,0.0,0.0,0.0,0.0,0.0,0.0,977.0,79.0,3.0,2.0,0.0,0.0,0.0,0.0,0.0,0.0,0.0,0.0,0.0,idle
,idle,,,,,,,,,,,,,,,,,,,,,,,,,,,,,,,,,,,,,idle
1778096724.773522,g2.hpc.coe,41393.0,0.5001,0.0,0.0,0.0,12288.0,136137542522.0,136368546460.0,139261046.0,139446308.0,3127583.0,0.0,0.0,0.0,0.0,0.0,0.0,0.0,0.0,0.0,0.0,0.0,0.0,1019.0,79.0,3.0,2.0,0.0,0.0,0.0,0.0,0.0,0.0,0.0,0.0,0.0,idle
,idle,,,,,,,,,,,,,,,,,,,,,,,,,,,,,,,,,,,,,idle
1778096725.273679,g2.hpc.coe,41393.0,0.5002,0.0,0.0,0.0,12288.0,136137543583.0,136368546539.0,139261049.0,139446310.0,3127583.0,0.0,0.0,0.0,0.0,0.0,0.0,0.0,0.0,0.0,0.0,0.0,0.0,1061.0,79.0,3.0,2.0,0.0,0.0,0.0,0.0,0.0,0.0,0.0,0.0,0.0,idle
,idle,,,,,,,,,,,,,,,,,,,,,,,,,,,,,,,,,,,,,idle
1778096725.773821,g2.hpc.coe,41393.0,0.5001,0.0,0.0,0.0,12288.0,136137544708.0,136368546618.0,139261053.0,139446312.0,3127583.0,0.0,0.0,0.0,0.0,0.0,0.0,0.0,0.0,0.0,0.0,0.0,0.0,1125.0,79.0,4.0,2.0,0.0,0.0,0.0,0.0,0.0,0.0,0.0,0.0,0.0,idle
,idle,,,,,,,,,,,,,,,,,,,,,,,,,,,,,,,,,,,,,idle
1778096726.2739372,g2.hpc.coe,41393.0,0.5001,0.0,0.0,0.0,12288.0,136137545876.0,136368546697.0,139261057.0,139446314.0,3127583.0,0.0,0.0,0.0,0.0,0.0,0.0,0.0,0.0,0.0,0.0,0.0,0.0,1168.0,79.0,4.0,2.0,0.0,0.0,0.0,0.0,0.0,0.0,0.0,0.0,0.0,idle
,idle,,,,,,,,,,,,,,,,,,,,,,,,,,,,,,,,,,,,,idle
1778096726.774066,g2.hpc.coe,41393.0,0.5001,0.0,0.0,0.0,12288.0,136137546073.0,136368546809.0,139261060.0,139446316.0,3127583.0,0.0,0.0,0.0,0.0,0.0,0.0,0.0,0.0,0.0,0.0,0.0,0.0,197.0,112.0,3.0,2.0,0.0,0.0,0.0,0.0,0.0,0.0,0.0,0.0,0.0,idle
,idle,,,,,,,,,,,,,,,,,,,,,,,,,,,,,,,,,,,,,idle
1778096727.274196,g2.hpc.coe,41393.0,0.5001,0.0,0.0,0.0,12288.0,136137546279.0,136368546866.0,139261063.0,139446317.0,3127583.0,0.0,0.0,0.0,0.0,0.0,0.0,0.0,0.0,0.0,0.0,0.0,0.0,206.0,57.0,3.0,1.0,0.0,0.0,0.0,0.0,0.0,0.0,0.0,0.0,0.0,idle
,idle,,,,,,,,,,,,,,,,,,,,,,,,,,,,,,,,,,,,,idle
1778096727.7743027,g2.hpc.coe,41393.0,0.5001,0.0,0.0,0.0,12288.0,136137546506.0,136368546923.0,139261065.0,139446318.0,3127583.0,0.0,0.0,0.0,0.0,0.0,0.0,0.0,0.0,0.0,0.0,0.0,0.0,227.0,57.0,2.0,1.0,0.0,0.0,0.0,0.0,0.0,0.0,0.0,0.0,0.0,idle
,idle,,,,,,,,,,,,,,,,,,,,,,,,,,,,,,,,,,,,,idle
1778096728.2744377,g2.hpc.coe,41393.0,0.5001,0.0,0.0,0.0,12288.0,136137546775.0,136368546980.0,139261067.0,139446319.0,3127583.0,0.0,0.0,0.0,0.0,0.0,0.0,0.0,0.0,0.0,0.0,0.0,0.0,269.0,57.0,2.0,1.0,0.0,0.0,0.0,0.0,0.0,0.0,0.0,0.0,0.0,idle
,idle,,,,,,,,,,,,,,,,,,,,,,,,,,,,,,,,,,,,,idle
1778096728.7745628,g2.hpc.coe,41393.0,0.5001,0.0,0.0,0.0,12288.0,136137547086.0,136368547037.0,139261069.0,139446320.0,3127583.0,0.0,0.0,0.0,0.0,0.0,0.0,0.0,0.0,0.0,0.0,0.0,0.0,311.0,57.0,2.0,1.0,0.0,0.0,0.0,0.0,0.0,0.0,0.0,0.0,0.0,idle
,idle,,,,,,,,,,,,,,,,,,,,,,,,,,,,,,,,,,,,,idle
1778096729.2746985,g2.hpc.coe,41393.0,0.5001,0.0,0.0,0.0,12288.0,136137547439.0,136368547094.0,139261071.0,139446321.0,3127583.0,0.0,0.0,0.0,0.0,0.0,0.0,0.0,0.0,0.0,0.0,0.0,0.0,353.0,57.0,2.0,1.0,0.0,0.0,0.0,0.0,0.0,0.0,0.0,0.0,0.0,idle
,idle,,,,,,,,,,,,,,,,,,,,,,,,,,,,,,,,,,,,,idle
1778096729.7748344,g2.hpc.coe,41393.0,0.5001,0.0,0.0,0.0,12288.0,136137547835.0,136368547151.0,139261073.0,139446322.0,3127583.0,0.0,0.0,0.0,0.0,0.0,0.0,0.0,0.0,0.0,0.0,0.0,0.0,396.0,57.0,2.0,1.0,0.0,0.0,0.0,0.0,0.0,0.0,0.0,0.0,0.0,idle
,idle,,,,,,,,,,,,,,,,,,,,,,,,,,,,,,,,,,,,,idle
1778096730.2749815,g2.hpc.coe,41393.0,0.5001,0.0,0.0,0.0,12288.0,136137548273.0,136368547208.0,139261075.0,139446323.0,3127583.0,0.0,0.0,0.0,0.0,0.0,0.0,0.0,0.0,0.0,0.0,0.0,0.0,438.0,57.0,2.0,1.0,0.0,0.0,0.0,0.0,0.0,0.0,0.0,0.0,0.0,idle
,idle,,,,,,,,,,,,,,,,,,,,,,,,,,,,,,,,,,,,,idle
1778096730.7750912,g2.hpc.coe,41393.0,0.5001,0.0,0.0,0.0,12288.0,136137548753.0,136368547265.0,139261077.0,139446324.0,3127583.0,0.0,0.0,0.0,0.0,0.0,0.0,0.0,0.0,0.0,0.0,0.0,0.0,480.0,57.0,2.0,1.0,0.0,0.0,0.0,0.0,0.0,0.0,0.0,0.0,0.0,idle
,idle,,,,,,,,,,,,,,,,,,,,,,,,,,,,,,,,,,,,,idle
1778096731.2752242,g2.hpc.coe,41393.0,0.5001,0.0,0.0,0.0,12288.0,136137549275.0,136368547322.0,139261079.0,139446325.0,3127583.0,0.0,0.0,0.0,0.0,0.0,0.0,0.0,0.0,0.0,0.0,0.0,0.0,522.0,57.0,2.0,1.0,0.0,0.0,0.0,0.0,0.0,0.0,0.0,0.0,0.0,idle
,idle,,,,,,,,,,,,,,,,,,,,,,,,,,,,,,,,,,,,,idle
1778096731.7753658,g2.hpc.coe,41393.0,0.5001,0.0,0.0,0.0,12288.0,136137549862.0,136368547401.0,139261082.0,139446327.0,3127583.0,0.0,0.0,0.0,0.0,0.0,0.0,0.0,0.0,0.0,0.0,0.0,0.0,587.0,79.0,3.0,2.0,0.0,0.0,0.0,0.0,0.0,0.0,0.0,0.0,0.0,idle
,idle,,,,,,,,,,,,,,,,,,,,,,,,,,,,,,,,,,,,,idle
1778096732.2755058,g2.hpc.coe,41393.0,0.5001,0.0,0.0,0.0,12288.0,136137551147.0,136368547982.0,139261100.0,139446338.0,3127583.0,0.0,0.0,0.0,0.0,0.0,0.0,0.0,0.0,0.0,0.0,0.0,0.0,1285.0,581.0,18.0,11.0,0.0,0.0,0.0,0.0,0.0,0.0,0.0,0.0,0.0,idle
,idle,,,,,,,,,,,,,,,,,,,,,,,,,,,,,,,,,,,,,idle
1778096732.775635,g2.hpc.coe,41393.0,0.5001,0.0,0.0,0.0,12288.0,136137551819.0,136368548061.0,139261103.0,139446340.0,3127583.0,0.0,0.0,0.0,0.0,0.0,0.0,0.0,0.0,0.0,0.0,0.0,0.0,672.0,79.0,3.0,2.0,0.0,0.0,0.0,0.0,0.0,0.0,0.0,0.0,0.0,idle
,idle,,,,,,,,,,,,,,,,,,,,,,,,,,,,,,,,,,,,,idle
1778096733.2757602,g2.hpc.coe,41393.0,0.5001,0.0,0.0,0.0,12288.0,136137552533.0,136368548140.0,139261106.0,139446342.0,3127583.0,0.0,0.0,0.0,0.0,0.0,0.0,0.0,0.0,0.0,0.0,0.0,0.0,714.0,79.0,3.0,2.0,0.0,0.0,0.0,0.0,0.0,0.0,0.0,0.0,0.0,idle
,idle,,,,,,,,,,,,,,,,,,,,,,,,,,,,,,,,,,,,,idle
1778096733.7758942,g2.hpc.coe,41393.0,0.5001,0.0,0.0,0.0,12288.0,136137553289.0,136368548219.0,139261109.0,139446344.0,3127583.0,0.0,0.0,0.0,0.0,0.0,0.0,0.0,0.0,0.0,0.0,0.0,0.0,756.0,79.0,3.0,2.0,0.0,0.0,0.0,0.0,0.0,0.0,0.0,0.0,0.0,idle
,idle,,,,,,,,,,,,,,,,,,,,,,,,,,,,,,,,,,,,,idle
1778096734.276013,g2.hpc.coe,41393.0,0.5001,0.0,0.0,0.0,12288.0,136137554088.0,136368548298.0,139261112.0,139446346.0,3127583.0,0.0,0.0,0.0,0.0,0.0,0.0,0.0,0.0,0.0,0.0,0.0,0.0,799.0,79.0,3.0,2.0,0.0,0.0,0.0,0.0,0.0,0.0,0.0,0.0,0.0,idle
,idle,,,,,,,,,,,,,,,,,,,,,,,,,,,,,,,,,,,,,idle
1778096734.776138,g2.hpc.coe,41393.0,0.5001,0.0,0.0,0.0,12288.0,136137554929.0,136368548377.0,139261115.0,139446348.0,3127583.0,0.0,0.0,0.0,0.0,0.0,0.0,0.0,0.0,0.0,0.0,0.0,0.0,841.0,79.0,3.0,2.0,0.0,0.0,0.0,0.0,0.0,0.0,0.0,0.0,0.0,idle
,idle,,,,,,,,,,,,,,,,,,,,,,,,,,,,,,,,,,,,,idle
1778096735.2762616,g2.hpc.coe,41393.0,0.5001,0.0,0.0,0.0,12288.0,136137555812.0,136368548456.0,139261118.0,139446350.0,3127583.0,0.0,0.0,0.0,0.0,0.0,0.0,0.0,0.0,0.0,0.0,0.0,0.0,883.0,79.0,3.0,2.0,0.0,0.0,0.0,0.0,0.0,0.0,0.0,0.0,0.0,idle
,idle,,,,,,,,,,,,,,,,,,,,,,,,,,,,,,,,,,,,,idle
1778096735.7764106,g2.hpc.coe,41393.0,0.5001,0.0,0.0,0.0,12288.0,136137556737.0,136368548535.0,139261121.0,139446352.0,3127583.0,0.0,0.0,0.0,0.0,0.0,0.0,0.0,0.0,0.0,0.0,0.0,0.0,925.0,79.0,3.0,2.0,0.0,0.0,0.0,0.0,0.0,0.0,0.0,0.0,0.0,idle
,idle,,,,,,,,,,,,,,,,,,,,,,,,,,,,,,,,,,,,,idle
1778096736.2765455,g2.hpc.coe,41393.0,0.5001,0.0,0.0,0.0,12288.0,136137559122.0,136368549559.0,139261153.0,139446369.0,3127583.0,0.0,0.0,0.0,0.0,0.0,0.0,0.0,0.0,0.0,0.0,0.0,0.0,2385.0,1024.0,32.0,17.0,0.0,0.0,0.0,0.0,0.0,0.0,0.0,0.0,0.0,idle
,idle,,,,,,,,,,,,,,,,,,,,,,,,,,,,,,,,,,,,,idle
1778096736.776674,g2.hpc.coe,41393.0,0.5001,0.0,0.0,0.0,12288.0,136137560133.0,136368549638.0,139261156.0,139446371.0,3127583.0,0.0,0.0,0.0,0.0,0.0,0.0,0.0,0.0,0.0,0.0,0.0,0.0,1011.0,79.0,3.0,2.0,0.0,0.0,0.0,0.0,0.0,0.0,0.0,0.0,0.0,idle
,idle,,,,,,,,,,,,,,,,,,,,,,,,,,,,,,,,,,,,,idle
1778096737.2768114,g2.hpc.coe,41393.0,0.5001,0.0,0.0,0.0,12288.0,136137561263.0,136368549772.0,139261161.0,139446374.0,3127583.0,0.0,0.0,0.0,0.0,0.0,0.0,0.0,0.0,0.0,0.0,0.0,0.0,1130.0,134.0,5.0,3.0,0.0,0.0,0.0,0.0,0.0,0.0,0.0,0.0,0.0,idle
,idle,,,,,,,,,,,,,,,,,,,,,,,,,,,,,,,,,,,,,idle
1778096737.7769566,g2.hpc.coe,41393.0,0.5001,0.0,0.0,0.0,12288.0,136137562381.0,136368549851.0,139261165.0,139446376.0,3127583.0,0.0,0.0,0.0,0.0,0.0,0.0,0.0,0.0,0.0,0.0,0.0,0.0,1118.0,79.0,4.0,2.0,0.0,0.0,0.0,0.0,0.0,0.0,0.0,0.0,0.0,idle
,idle,,,,,,,,,,,,,,,,,,,,,,,,,,,,,,,,,,,,,idle
1778096738.2770877,g2.hpc.coe,41393.0,0.5001,0.0,0.0,0.0,12288.0,136137563541.0,136368549930.0,139261169.0,139446378.0,3127583.0,0.0,0.0,0.0,0.0,0.0,0.0,0.0,0.0,0.0,0.0,0.0,0.0,1160.0,79.0,4.0,2.0,0.0,0.0,0.0,0.0,0.0,0.0,0.0,0.0,0.0,idle
,idle,,,,,,,,,,,,,,,,,,,,,,,,,,,,,,,,,,,,,idle
1778096738.777212,g2.hpc.coe,41393.0,0.5001,0.0,0.0,0.0,12288.0,136137563676.0,136368549987.0,139261171.0,139446379.0,3127583.0,0.0,0.0,0.0,0.0,0.0,0.0,0.0,0.0,0.0,0.0,0.0,0.0,135.0,57.0,2.0,1.0,0.0,0.0,0.0,0.0,0.0,0.0,0.0,0.0,0.0,idle
,idle,,,,,,,,,,,,,,,,,,,,,,,,,,,,,,,,,,,,,idle
1778096739.277317,g2.hpc.coe,41393.0,0.5001,0.0,0.0,0.0,12288.0,136137564110.0,136368550299.0,139261178.0,139446385.0,3127583.0,0.0,0.0,0.0,0.0,0.0,0.0,0.0,0.0,0.0,0.0,0.0,0.0,434.0,312.0,7.0,6.0,0.0,0.0,0.0,0.0,0.0,0.0,0.0,0.0,0.0,idle
,idle,,,,,,,,,,,,,,,,,,,,,,,,,,,,,,,,,,,,,idle
1778096739.777441,g2.hpc.coe,41393.0,0.5001,0.0,0.0,0.0,12288.0,136137564351.0,136368550356.0,139261181.0,139446386.0,3127583.0,0.0,0.0,0.0,0.0,0.0,0.0,0.0,0.0,0.0,0.0,0.0,0.0,241.0,57.0,3.0,1.0,0.0,0.0,0.0,0.0,0.0,0.0,0.0,0.0,0.0,idle
,idle,,,,,,,,,,,,,,,,,,,,,,,,,,,,,,,,,,,,,idle
1778096740.2775676,g2.hpc.coe,41393.0,0.5001,0.0,0.0,0.0,12288.0,136137564612.0,136368550413.0,139261183.0,139446387.0,3127583.0,0.0,0.0,0.0,0.0,0.0,0.0,0.0,0.0,0.0,0.0,0.0,0.0,261.0,57.0,2.0,1.0,0.0,0.0,0.0,0.0,0.0,0.0,0.0,0.0,0.0,idle
,idle,,,,,,,,,,,,,,,,,,,,,,,,,,,,,,,,,,,,,idle
1778096740.7776947,g2.hpc.coe,41393.0,0.5001,0.0,0.0,0.0,12288.0,136137564915.0,136368550470.0,139261185.0,139446388.0,3127583.0,0.0,0.0,0.0,0.0,0.0,0.0,0.0,0.0,0.0,0.0,0.0,0.0,303.0,57.0,2.0,1.0,0.0,0.0,0.0,0.0,0.0,0.0,0.0,0.0,0.0,idle
,idle,,,,,,,,,,,,,,,,,,,,,,,,,,,,,,,,,,,,,idle
1778096741.2778254,g2.hpc.coe,41393.0,0.5001,0.0,0.0,0.0,12288.0,136137565261.0,136368550527.0,139261187.0,139446389.0,3127583.0,0.0,0.0,0.0,0.0,0.0,0.0,0.0,0.0,0.0,0.0,0.0,0.0,346.0,57.0,2.0,1.0,0.0,0.0,0.0,0.0,0.0,0.0,0.0,0.0,0.0,idle
,idle,,,,,,,,,,,,,,,,,,,,,,,,,,,,,,,,,,,,,idle
1778096741.7779474,g2.hpc.coe,41393.0,0.5001,0.0,0.0,0.0,12288.0,136137565649.0,136368550584.0,139261189.0,139446390.0,3127583.0,0.0,0.0,0.0,0.0,0.0,0.0,0.0,0.0,0.0,0.0,0.0,0.0,388.0,57.0,2.0,1.0,0.0,0.0,0.0,0.0,0.0,0.0,0.0,0.0,0.0,idle
,idle,,,,,,,,,,,,,,,,,,,,,,,,,,,,,,,,,,,,,idle
1778096742.278069,g2.hpc.coe,41393.0,0.5001,0.0,0.0,0.0,12288.0,136137566156.0,136368550696.0,139261193.0,139446392.0,3127583.0,0.0,0.0,0.0,0.0,0.0,0.0,0.0,0.0,0.0,0.0,0.0,0.0,507.0,112.0,4.0,2.0,0.0,0.0,0.0,0.0,0.0,0.0,0.0,0.0,0.0,idle
,idle,,,,,,,,,,,,,,,,,,,,,,,,,,,,,,,,,,,,,idle
1778096742.778207,g2.hpc.coe,41393.0,0.5001,0.0,0.0,0.0,12288.0,136137566628.0,136368550753.0,139261195.0,139446393.0,3127583.0,0.0,0.0,0.0,0.0,0.0,0.0,0.0,0.0,0.0,0.0,0.0,0.0,472.0,57.0,2.0,1.0,0.0,0.0,0.0,0.0,0.0,0.0,0.0,0.0,0.0,idle
,idle,,,,,,,,,,,,,,,,,,,,,,,,,,,,,,,,,,,,,idle
1778096743.27834,g2.hpc.coe,41393.0,0.5001,0.0,0.0,0.0,12288.0,136137567142.0,136368550810.0,139261197.0,139446394.0,3127583.0,0.0,0.0,0.0,0.0,0.0,0.0,0.0,0.0,0.0,0.0,0.0,0.0,514.0,57.0,2.0,1.0,0.0,0.0,0.0,0.0,0.0,0.0,0.0,0.0,0.0,idle
,idle,,,,,,,,,,,,,,,,,,,,,,,,,,,,,,,,,,,,,idle
1778096743.778452,g2.hpc.coe,41393.0,0.5001,0.0,0.0,0.0,12288.0,136137567720.0,136368550889.0,139261200.0,139446396.0,3127583.0,0.0,0.0,0.0,0.0,0.0,0.0,0.0,0.0,0.0,0.0,0.0,0.0,578.0,79.0,3.0,2.0,0.0,0.0,0.0,0.0,0.0,0.0,0.0,0.0,0.0,idle
,idle,,,,,,,,,,,,,,,,,,,,,,,,,,,,,,,,,,,,,idle
1778096744.278577,g2.hpc.coe,41393.0,0.5001,0.0,0.0,0.0,12288.0,136137568340.0,136368550968.0,139261203.0,139446398.0,3127583.0,0.0,0.0,0.0,0.0,0.0,0.0,0.0,0.0,0.0,0.0,0.0,0.0,620.0,79.0,3.0,2.0,0.0,0.0,0.0,0.0,0.0,0.0,0.0,0.0,0.0,idle
,idle,,,,,,,,,,,,,,,,,,,,,,,,,,,,,,,,,,,,,idle
1778096744.778705,g2.hpc.coe,41393.0,0.5001,0.0,0.0,0.0,12288.0,136137569002.0,136368551047.0,139261206.0,139446400.0,3127583.0,0.0,0.0,0.0,0.0,0.0,0.0,0.0,0.0,0.0,0.0,0.0,0.0,662.0,79.0,3.0,2.0,0.0,0.0,0.0,0.0,0.0,0.0,0.0,0.0,0.0,idle
,idle,,,,,,,,,,,,,,,,,,,,,,,,,,,,,,,,,,,,,idle
1778096745.278832,g2.hpc.coe,41393.0,0.5001,0.0,0.0,0.0,12288.0,136137569706.0,136368551126.0,139261209.0,139446402.0,3127583.0,0.0,0.0,0.0,0.0,0.0,0.0,0.0,0.0,0.0,0.0,0.0,0.0,704.0,79.0,3.0,2.0,0.0,0.0,0.0,0.0,0.0,0.0,0.0,0.0,0.0,idle
,idle,,,,,,,,,,,,,,,,,,,,,,,,,,,,,,,,,,,,,idle
1778096745.7789402,g2.hpc.coe,41393.0,0.5001,0.0,0.0,0.0,12288.0,136137570452.0,136368551205.0,139261212.0,139446404.0,3127583.0,0.0,0.0,0.0,0.0,0.0,0.0,0.0,0.0,0.0,0.0,0.0,0.0,746.0,79.0,3.0,2.0,0.0,0.0,0.0,0.0,0.0,0.0,0.0,0.0,0.0,idle
,idle,,,,,,,,,,,,,,,,,,,,,,,,,,,,,,,,,,,,,idle
1778096746.2790506,g2.hpc.coe,41393.0,0.5001,0.0,0.0,0.0,12288.0,136137571240.0,136368551284.0,139261215.0,139446406.0,3127583.0,0.0,0.0,0.0,0.0,0.0,0.0,0.0,0.0,0.0,0.0,0.0,0.0,788.0,79.0,3.0,2.0,0.0,0.0,0.0,0.0,0.0,0.0,0.0,0.0,0.0,idle
,idle,,,,,,,,,,,,,,,,,,,,,,,,,,,,,,,,,,,,,idle
1778096746.7791789,g2.hpc.coe,41393.0,0.5001,0.0,0.0,0.0,12288.0,136137572071.0,136368551363.0,139261218.0,139446408.0,3127583.0,0.0,0.0,0.0,0.0,0.0,0.0,0.0,0.0,0.0,0.0,0.0,0.0,831.0,79.0,3.0,2.0,0.0,0.0,0.0,0.0,0.0,0.0,0.0,0.0,0.0,idle
,idle,,,,,,,,,,,,,,,,,,,,,,,,,,,,,,,,,,,,,idle
1778096747.2793045,g2.hpc.coe,41393.0,0.5001,0.0,0.0,0.0,12288.0,136137573644.0,136368551944.0,139261238.0,139446419.0,3127583.0,0.0,0.0,0.0,0.0,0.0,0.0,0.0,0.0,0.0,0.0,0.0,0.0,1573.0,581.0,20.0,11.0,0.0,0.0,0.0,0.0,0.0,0.0,0.0,0.0,0.0,idle
,idle,,,,,,,,,,,,,,,,,,,,,,,,,,,,,,,,,,,,,idle
1778096747.7794063,g2.hpc.coe,41393.0,0.5001,0.0,0.0,0.0,12288.0,136137574560.0,136368552023.0,139261241.0,139446421.0,3127583.0,0.0,0.0,0.0,0.0,0.0,0.0,0.0,0.0,0.0,0.0,0.0,0.0,916.0,79.0,3.0,2.0,0.0,0.0,0.0,0.0,0.0,0.0,0.0,0.0,0.0,idle
,idle,,,,,,,,,,,,,,,,,,,,,,,,,,,,,,,,,,,,,idle
1778096748.2795348,g2.hpc.coe,41393.0,0.5001,0.0,0.0,0.0,12288.0,136137575518.0,136368552102.0,139261244.0,139446423.0,3127583.0,0.0,0.0,0.0,0.0,0.0,0.0,0.0,0.0,0.0,0.0,0.0,0.0,958.0,79.0,3.0,2.0,0.0,0.0,0.0,0.0,0.0,0.0,0.0,0.0,0.0,idle
,idle,,,,,,,,,,,,,,,,,,,,,,,,,,,,,,,,,,,,,idle
1778096748.7796707,g2.hpc.coe,41393.0,0.5001,0.0,0.0,0.0,12288.0,136137576519.0,136368552181.0,139261247.0,139446425.0,3127583.0,0.0,0.0,0.0,0.0,0.0,0.0,0.0,0.0,0.0,0.0,0.0,0.0,1001.0,79.0,3.0,2.0,0.0,0.0,0.0,0.0,0.0,0.0,0.0,0.0,0.0,idle
,idle,,,,,,,,,,,,,,,,,,,,,,,,,,,,,,,,,,,,,idle
1778096749.2798004,g2.hpc.coe,41393.0,0.5001,0.0,0.0,0.0,12288.0,136137577562.0,136368552260.0,139261250.0,139446427.0,3127583.0,0.0,0.0,0.0,0.0,0.0,0.0,0.0,0.0,0.0,0.0,0.0,0.0,1043.0,79.0,3.0,2.0,0.0,0.0,0.0,0.0,0.0,0.0,0.0,0.0,0.0,idle
,idle,,,,,,,,,,,,,,,,,,,,,,,,,,,,,,,,,,,,,idle
1778096749.7799263,g2.hpc.coe,41393.0,0.5001,0.0,0.0,0.0,12288.0,136137578670.0,136368552339.0,139261254.0,139446429.0,3127583.0,0.0,0.0,0.0,0.0,0.0,0.0,0.0,0.0,0.0,0.0,0.0,0.0,1108.0,79.0,4.0,2.0,0.0,0.0,0.0,0.0,0.0,0.0,0.0,0.0,0.0,idle
,idle,,,,,,,,,,,,,,,,,,,,,,,,,,,,,,,,,,,,,idle
1778096750.2800343,g2.hpc.coe,41393.0,0.5001,0.0,0.0,0.0,12288.0,136137579820.0,136368552418.0,139261258.0,139446431.0,3127583.0,0.0,0.0,0.0,0.0,0.0,0.0,0.0,0.0,0.0,0.0,0.0,0.0,1150.0,79.0,4.0,2.0,0.0,0.0,0.0,0.0,0.0,0.0,0.0,0.0,0.0,idle
,idle,,,,,,,,,,,,,,,,,,,,,,,,,,,,,,,,,,,,,idle
1778096750.780162,g2.hpc.coe,41393.0,0.5001,0.0,0.0,0.0,12288.0,136137579945.0,136368552475.0,139261260.0,139446432.0,3127583.0,0.0,0.0,0.0,0.0,0.0,0.0,0.0,0.0,0.0,0.0,0.0,0.0,125.0,57.0,2.0,1.0,0.0,0.0,0.0,0.0,0.0,0.0,0.0,0.0,0.0,idle
,idle,,,,,,,,,,,,,,,,,,,,,,,,,,,,,,,,,,,,,idle
1778096751.2802913,g2.hpc.coe,41393.0,0.5001,0.0,0.0,0.0,12288.0,136137580112.0,136368552532.0,139261262.0,139446433.0,3127583.0,0.0,0.0,0.0,0.0,0.0,0.0,0.0,0.0,0.0,0.0,0.0,0.0,167.0,57.0,2.0,1.0,0.0,0.0,0.0,0.0,0.0,0.0,0.0,0.0,0.0,idle
,idle,,,,,,,,,,,,,,,,,,,,,,,,,,,,,,,,,,,,,idle
1778096751.7804146,g2.hpc.coe,41393.0,0.5001,0.0,0.0,0.0,12288.0,136137580321.0,136368552589.0,139261264.0,139446434.0,3127583.0,0.0,0.0,0.0,0.0,0.0,0.0,0.0,0.0,0.0,0.0,0.0,0.0,209.0,57.0,2.0,1.0,0.0,0.0,0.0,0.0,0.0,0.0,0.0,0.0,0.0,idle
,idle,,,,,,,,,,,,,,,,,,,,,,,,,,,,,,,,,,,,,idle
1778096752.2805471,g2.hpc.coe,41393.0,0.5001,0.0,0.0,0.0,12288.0,136137580572.0,136368552646.0,139261266.0,139446435.0,3127583.0,0.0,0.0,0.0,0.0,0.0,0.0,0.0,0.0,0.0,0.0,0.0,0.0,251.0,57.0,2.0,1.0,0.0,0.0,0.0,0.0,0.0,0.0,0.0,0.0,0.0,idle
,idle,,,,,,,,,,,,,,,,,,,,,,,,,,,,,,,,,,,,,idle
1778096752.7806706,g2.hpc.coe,41393.0,0.5001,0.0,0.0,0.0,12288.0,136137580942.0,136368552758.0,139261270.0,139446437.0,3127583.0,0.0,0.0,0.0,0.0,0.0,0.0,0.0,0.0,0.0,0.0,0.0,0.0,370.0,112.0,4.0,2.0,0.0,0.0,0.0,0.0,0.0,0.0,0.0,0.0,0.0,idle
,idle,,,,,,,,,,,,,,,,,,,,,,,,,,,,,,,,,,,,,idle
1778096753.2807975,g2.hpc.coe,41393.0,0.5001,0.0,0.0,0.0,12288.0,136137581278.0,136368552815.0,139261272.0,139446438.0,3127583.0,0.0,0.0,0.0,0.0,0.0,0.0,0.0,0.0,0.0,0.0,0.0,0.0,336.0,57.0,2.0,1.0,0.0,0.0,0.0,0.0,0.0,0.0,0.0,0.0,0.0,idle
,idle,,,,,,,,,,,,,,,,,,,,,,,,,,,,,,,,,,,,,idle
1778096753.780922,g2.hpc.coe,41393.0,0.5001,0.0,0.0,0.0,12288.0,136137581656.0,136368552872.0,139261274.0,139446439.0,3127583.0,0.0,0.0,0.0,0.0,0.0,0.0,0.0,0.0,0.0,0.0,0.0,0.0,378.0,57.0,2.0,1.0,0.0,0.0,0.0,0.0,0.0,0.0,0.0,0.0,0.0,idle
,idle,,,,,,,,,,,,,,,,,,,,,,,,,,,,,,,,,,,,,idle
1778096754.2810314,g2.hpc.coe,41393.0,0.5001,0.0,0.0,0.0,12288.0,136137582076.0,136368552929.0,139261276.0,139446440.0,3127583.0,0.0,0.0,0.0,0.0,0.0,0.0,0.0,0.0,0.0,0.0,0.0,0.0,420.0,57.0,2.0,1.0,0.0,0.0,0.0,0.0,0.0,0.0,0.0,0.0,0.0,idle
,idle,,,,,,,,,,,,,,,,,,,,,,,,,,,,,,,,,,,,,idle
1778096754.7811532,g2.hpc.coe,41393.0,0.5001,0.0,0.0,0.0,12288.0,136137582538.0,136368552986.0,139261278.0,139446441.0,3127583.0,0.0,0.0,0.0,0.0,0.0,0.0,0.0,0.0,0.0,0.0,0.0,0.0,462.0,57.0,2.0,1.0,0.0,0.0,0.0,0.0,0.0,0.0,0.0,0.0,0.0,idle
,idle,,,,,,,,,,,,,,,,,,,,,,,,,,,,,,,,,,,,,idle
1778096755.281279,g2.hpc.coe,41393.0,0.5001,0.0,0.0,0.0,12288.0,136137583043.0,136368553043.0,139261280.0,139446442.0,3127583.0,0.0,0.0,0.0,0.0,0.0,0.0,0.0,0.0,0.0,0.0,0.0,0.0,505.0,57.0,2.0,1.0,0.0,0.0,0.0,0.0,0.0,0.0,0.0,0.0,0.0,idle
,idle,,,,,,,,,,,,,,,,,,,,,,,,,,,,,,,,,,,,,idle
1778096755.7814105,g2.hpc.coe,41393.0,0.5001,0.0,0.0,0.0,12288.0,136137583612.0,136368553122.0,139261283.0,139446444.0,3127583.0,0.0,0.0,0.0,0.0,0.0,0.0,0.0,0.0,0.0,0.0,0.0,0.0,569.0,79.0,3.0,2.0,0.0,0.0,0.0,0.0,0.0,0.0,0.0,0.0,0.0,idle
,idle,,,,,,,,,,,,,,,,,,,,,,,,,,,,,,,,,,,,,idle
1778096756.2815487,g2.hpc.coe,41393.0,0.5001,0.0,0.0,0.0,12288.0,136137584223.0,136368553201.0,139261286.0,139446446.0,3127583.0,0.0,0.0,0.0,0.0,0.0,0.0,0.0,0.0,0.0,0.0,0.0,0.0,611.0,79.0,3.0,2.0,0.0,0.0,0.0,0.0,0.0,0.0,0.0,0.0,0.0,idle
,idle,,,,,,,,,,,,,,,,,,,,,,,,,,,,,,,,,,,,,idle
1778096756.781679,g2.hpc.coe,41393.0,0.5001,0.0,0.0,0.0,12288.0,136137584876.0,136368553280.0,139261289.0,139446448.0,3127583.0,0.0,0.0,0.0,0.0,0.0,0.0,0.0,0.0,0.0,0.0,0.0,0.0,653.0,79.0,3.0,2.0,0.0,0.0,0.0,0.0,0.0,0.0,0.0,0.0,0.0,idle
,idle,,,,,,,,,,,,,,,,,,,,,,,,,,,,,,,,,,,,,idle
1778096757.2818103,g2.hpc.coe,41393.0,0.5001,0.0,0.0,0.0,12288.0,136137585571.0,136368553359.0,139261292.0,139446450.0,3127583.0,0.0,0.0,0.0,0.0,0.0,0.0,0.0,0.0,0.0,0.0,0.0,0.0,695.0,79.0,3.0,2.0,0.0,0.0,0.0,0.0,0.0,0.0,0.0,0.0,0.0,idle
,idle,,,,,,,,,,,,,,,,,,,,,,,,,,,,,,,,,,,,,idle
1778096757.7819357,g2.hpc.coe,41393.0,0.5001,0.0,0.0,0.0,12288.0,136137586386.0,136368553493.0,139261297.0,139446453.0,3127583.0,0.0,0.0,0.0,0.0,0.0,0.0,0.0,0.0,0.0,0.0,0.0,0.0,815.0,134.0,5.0,3.0,0.0,0.0,0.0,0.0,0.0,0.0,0.0,0.0,0.0,idle
,idle,,,,,,,,,,,,,,,,,,,,,,,,,,,,,,,,,,,,,idle
1778096758.2820635,g2.hpc.coe,41393.0,0.5001,0.0,0.0,0.0,12288.0,136137587166.0,136368553572.0,139261300.0,139446455.0,3127583.0,0.0,0.0,0.0,0.0,0.0,0.0,0.0,0.0,0.0,0.0,0.0,0.0,780.0,79.0,3.0,2.0,0.0,0.0,0.0,0.0,0.0,0.0,0.0,0.0,0.0,idle
,idle,,,,,,,,,,,,,,,,,,,,,,,,,,,,,,,,,,,,,idle
1778096758.7821867,g2.hpc.coe,41393.0,0.5001,0.0,0.0,0.0,12288.0,136137587988.0,136368553651.0,139261303.0,139446457.0,3127583.0,0.0,0.0,0.0,0.0,0.0,0.0,0.0,0.0,0.0,0.0,0.0,0.0,822.0,79.0,3.0,2.0,0.0,0.0,0.0,0.0,0.0,0.0,0.0,0.0,0.0,idle
,idle,,,,,,,,,,,,,,,,,,,,,,,,,,,,,,,,,,,,,idle
1778096759.2823174,g2.hpc.coe,41393.0,0.5001,0.0,0.0,0.0,12288.0,136137588853.0,136368553730.0,139261306.0,139446459.0,3127583.0,0.0,0.0,0.0,0.0,0.0,0.0,0.0,0.0,0.0,0.0,0.0,0.0,865.0,79.0,3.0,2.0,0.0,0.0,0.0,0.0,0.0,0.0,0.0,0.0,0.0,idle
,idle,,,,,,,,,,,,,,,,,,,,,,,,,,,,,,,,,,,,,idle
1778096759.7824545,g2.hpc.coe,41393.0,0.5001,0.0,0.0,0.0,12288.0,136137589760.0,136368553809.0,139261309.0,139446461.0,3127583.0,0.0,0.0,0.0,0.0,0.0,0.0,0.0,0.0,0.0,0.0,0.0,0.0,907.0,79.0,3.0,2.0,0.0,0.0,0.0,0.0,0.0,0.0,0.0,0.0,0.0,idle
,idle,,,,,,,,,,,,,,,,,,,,,,,,,,,,,,,,,,,,,idle
1778096760.2825837,g2.hpc.coe,41393.0,0.5001,0.0,0.0,0.0,12288.0,136137590709.0,136368553888.0,139261312.0,139446463.0,3127583.0,0.0,0.0,0.0,0.0,0.0,0.0,0.0,0.0,0.0,0.0,0.0,0.0,949.0,79.0,3.0,2.0,0.0,0.0,0.0,0.0,0.0,0.0,0.0,0.0,0.0,idle
,idle,,,,,,,,,,,,,,,,,,,,,,,,,,,,,,,,,,,,,idle
1778096760.782706,g2.hpc.coe,41393.0,0.5001,0.0,0.0,0.0,12288.0,136137591700.0,136368553967.0,139261315.0,139446465.0,3127583.0,0.0,0.0,0.0,0.0,0.0,0.0,0.0,0.0,0.0,0.0,0.0,0.0,991.0,79.0,3.0,2.0,0.0,0.0,0.0,0.0,0.0,0.0,0.0,0.0,0.0,idle
,idle,,,,,,,,,,,,,,,,,,,,,,,,,,,,,,,,,,,,,idle
1778096761.282831,g2.hpc.coe,41393.0,0.5001,0.0,0.0,0.0,12288.0,136137592733.0,136368554046.0,139261318.0,139446467.0,3127583.0,0.0,0.0,0.0,0.0,0.0,0.0,0.0,0.0,0.0,0.0,0.0,0.0,1033.0,79.0,3.0,2.0,0.0,0.0,0.0,0.0,0.0,0.0,0.0,0.0,0.0,idle
,idle,,,,,,,,,,,,,,,,,,,,,,,,,,,,,,,,,,,,,idle
1778096761.782956,g2.hpc.coe,41393.0,0.5001,0.0,0.0,0.0,12288.0,136137593831.0,136368554125.0,139261322.0,139446469.0,3127583.0,0.0,0.0,0.0,0.0,0.0,0.0,0.0,0.0,0.0,0.0,0.0,0.0,1098.0,79.0,4.0,2.0,0.0,0.0,0.0,0.0,0.0,0.0,0.0,0.0,0.0,idle
,idle,,,,,,,,,,,,,,,,,,,,,,,,,,,,,,,,,,,,,idle
1778096762.2830834,g2.hpc.coe,41393.0,0.5001,0.0,0.0,0.0,12288.0,136137595594.0,136368554651.0,139261341.0,139446479.0,3127583.0,0.0,0.0,0.0,0.0,0.0,0.0,0.0,0.0,0.0,0.0,0.0,0.0,1763.0,526.0,19.0,10.0,0.0,0.0,0.0,0.0,0.0,0.0,0.0,0.0,0.0,idle
,idle,,,,,,,,,,,,,,,,,,,,,,,,,,,,,,,,,,,,,idle
1778096762.7832031,g2.hpc.coe,41393.0,0.5001,0.0,0.0,0.0,12288.0,136137596854.0,136368554785.0,139261347.0,139446482.0,3127583.0,0.0,0.0,0.0,0.0,0.0,0.0,0.0,0.0,0.0,0.0,0.0,0.0,1260.0,134.0,6.0,3.0,0.0,0.0,0.0,0.0,0.0,0.0,0.0,0.0,0.0,idle
,idle,,,,,,,,,,,,,,,,,,,,,,,,,,,,,,,,,,,,,idle
1778096763.2833352,g2.hpc.coe,41393.0,0.5001,0.0,0.0,0.0,12288.0,136137597012.0,136368554842.0,139261349.0,139446483.0,3127583.0,0.0,0.0,0.0,0.0,0.0,0.0,0.0,0.0,0.0,0.0,0.0,0.0,158.0,57.0,2.0,1.0,0.0,0.0,0.0,0.0,0.0,0.0,0.0,0.0,0.0,idle
,idle,,,,,,,,,,,,,,,,,,,,,,,,,,,,,,,,,,,,,idle
1778096763.7834609,g2.hpc.coe,41393.0,0.5001,0.0,0.0,0.0,12288.0,136137597212.0,136368554899.0,139261351.0,139446484.0,3127583.0,0.0,0.0,0.0,0.0,0.0,0.0,0.0,0.0,0.0,0.0,0.0,0.0,200.0,57.0,2.0,1.0,0.0,0.0,0.0,0.0,0.0,0.0,0.0,0.0,0.0,idle
,idle,,,,,,,,,,,,,,,,,,,,,,,,,,,,,,,,,,,,,idle
1778096764.2835755,g2.hpc.coe,41393.0,0.5001,0.0,0.0,0.0,12288.0,136137597455.0,136368554956.0,139261353.0,139446485.0,3127583.0,0.0,0.0,0.0,0.0,0.0,0.0,0.0,0.0,0.0,0.0,0.0,0.0,243.0,57.0,2.0,1.0,0.0,0.0,0.0,0.0,0.0,0.0,0.0,0.0,0.0,idle
,idle,,,,,,,,,,,,,,,,,,,,,,,,,,,,,,,,,,,,,idle
1778096764.783704,g2.hpc.coe,41393.0,0.5001,0.0,0.0,0.0,12288.0,136137597740.0,136368555013.0,139261355.0,139446486.0,3127583.0,0.0,0.0,0.0,0.0,0.0,0.0,0.0,0.0,0.0,0.0,0.0,0.0,285.0,57.0,2.0,1.0,0.0,0.0,0.0,0.0,0.0,0.0,0.0,0.0,0.0,idle
,idle,,,,,,,,,,,,,,,,,,,,,,,,,,,,,,,,,,,,,idle
1778096765.2838333,g2.hpc.coe,41393.0,0.5001,0.0,0.0,0.0,12288.0,136137598067.0,136368555070.0,139261357.0,139446487.0,3127583.0,0.0,0.0,0.0,0.0,0.0,0.0,0.0,0.0,0.0,0.0,0.0,0.0,327.0,57.0,2.0,1.0,0.0,0.0,0.0,0.0,0.0,0.0,0.0,0.0,0.0,idle
,idle,,,,,,,,,,,,,,,,,,,,,,,,,,,,,,,,,,,,,idle
1778096765.783966,g2.hpc.coe,41393.0,0.5001,0.0,0.0,0.0,12288.0,136137598436.0,136368555127.0,139261359.0,139446488.0,3127583.0,0.0,0.0,0.0,0.0,0.0,0.0,0.0,0.0,0.0,0.0,0.0,0.0,369.0,57.0,2.0,1.0,0.0,0.0,0.0,0.0,0.0,0.0,0.0,0.0,0.0,idle
,idle,,,,,,,,,,,,,,,,,,,,,,,,,,,,,,,,,,,,,idle
1778096766.2840924,g2.hpc.coe,41393.0,0.5001,0.0,0.0,0.0,12288.0,136137598847.0,136368555184.0,139261361.0,139446489.0,3127583.0,0.0,0.0,0.0,0.0,0.0,0.0,0.0,0.0,0.0,0.0,0.0,0.0,411.0,57.0,2.0,1.0,0.0,0.0,0.0,0.0,0.0,0.0,0.0,0.0,0.0,idle
,idle,,,,,,,,,,,,,,,,,,,,,,,,,,,,,,,,,,,,,idle
1778096766.7842195,g2.hpc.coe,41393.0,0.5001,0.0,0.0,0.0,12288.0,136137599300.0,136368555241.0,139261363.0,139446490.0,3127583.0,0.0,0.0,0.0,0.0,0.0,0.0,0.0,0.0,0.0,0.0,0.0,0.0,453.0,57.0,2.0,1.0,0.0,0.0,0.0,0.0,0.0,0.0,0.0,0.0,0.0,idle
,idle,,,,,,,,,,,,,,,,,,,,,,,,,,,,,,,,,,,,,idle
1778096767.2843587,g2.hpc.coe,41393.0,0.5001,0.0,0.0,0.0,12288.0,136137599796.0,136368555298.0,139261365.0,139446491.0,3127583.0,0.0,0.0,0.0,0.0,0.0,0.0,0.0,0.0,0.0,0.0,0.0,0.0,496.0,57.0,2.0,1.0,0.0,0.0,0.0,0.0,0.0,0.0,0.0,0.0,0.0,idle
,idle,,,,,,,,,,,,,,,,,,,,,,,,,,,,,,,,,,,,,idle
1778096767.7844849,g2.hpc.coe,41393.0,0.5001,0.0,0.0,0.0,12288.0,136137600411.0,136368555410.0,139261369.0,139446493.0,3127583.0,0.0,0.0,0.0,0.0,0.0,0.0,0.0,0.0,0.0,0.0,0.0,0.0,615.0,112.0,4.0,2.0,0.0,0.0,0.0,0.0,0.0,0.0,0.0,0.0,0.0,idle
,idle,,,,,,,,,,,,,,,,,,,,,,,,,,,,,,,,,,,,,idle
1778096768.284618,g2.hpc.coe,41393.0,0.5001,0.0,0.0,0.0,12288.0,136137601013.0,136368555489.0,139261372.0,139446495.0,3127583.0,0.0,0.0,0.0,0.0,0.0,0.0,0.0,0.0,0.0,0.0,0.0,0.0,602.0,79.0,3.0,2.0,0.0,0.0,0.0,0.0,0.0,0.0,0.0,0.0,0.0,idle
,idle,,,,,,,,,,,,,,,,,,,,,,,,,,,,,,,,,,,,,idle
1778096768.7847495,g2.hpc.coe,41393.0,0.5001,0.0,0.0,0.0,12288.0,136137601657.0,136368555568.0,139261375.0,139446497.0,3127583.0,0.0,0.0,0.0,0.0,0.0,0.0,0.0,0.0,0.0,0.0,0.0,0.0,644.0,79.0,3.0,2.0,0.0,0.0,0.0,0.0,0.0,0.0,0.0,0.0,0.0,idle
,idle,,,,,,,,,,,,,,,,,,,,,,,,,,,,,,,,,,,,,idle
1778096769.2848802,g2.hpc.coe,41393.0,0.5001,0.0,0.0,0.0,12288.0,136137602344.0,136368555647.0,139261378.0,139446499.0,3127583.0,0.0,0.0,0.0,0.0,0.0,0.0,0.0,0.0,0.0,0.0,0.0,0.0,687.0,79.0,3.0,2.0,0.0,0.0,0.0,0.0,0.0,0.0,0.0,0.0,0.0,idle
,idle,,,,,,,,,,,,,,,,,,,,,,,,,,,,,,,,,,,,,idle
1778096769.7849846,g2.hpc.coe,41393.0,0.5001,0.0,0.0,0.0,12288.0,136137603073.0,136368555726.0,139261381.0,139446501.0,3127583.0,0.0,0.0,0.0,0.0,0.0,0.0,0.0,0.0,0.0,0.0,0.0,0.0,729.0,79.0,3.0,2.0,0.0,0.0,0.0,0.0,0.0,0.0,0.0,0.0,0.0,idle
,idle,,,,,,,,,,,,,,,,,,,,,,,,,,,,,,,,,,,,,idle
1778096770.285102,g2.hpc.coe,41393.0,0.5001,0.0,0.0,0.0,12288.0,136137603844.0,136368555805.0,139261384.0,139446503.0,3127583.0,0.0,0.0,0.0,0.0,0.0,0.0,0.0,0.0,0.0,0.0,0.0,0.0,771.0,79.0,3.0,2.0,0.0,0.0,0.0,0.0,0.0,0.0,0.0,0.0,0.0,idle
,idle,,,,,,,,,,,,,,,,,,,,,,,,,,,,,,,,,,,,,idle
1778096770.7852285,g2.hpc.coe,41393.0,0.5001,0.0,0.0,0.0,12288.0,136137604657.0,136368555884.0,139261387.0,139446505.0,3127583.0,0.0,0.0,0.0,0.0,0.0,0.0,0.0,0.0,0.0,0.0,0.0,0.0,813.0,79.0,3.0,2.0,0.0,0.0,0.0,0.0,0.0,0.0,0.0,0.0,0.0,idle
,idle,,,,,,,,,,,,,,,,,,,,,,,,,,,,,,,,,,,,,idle
1778096771.2853432,g2.hpc.coe,41393.0,0.5001,0.0,0.0,0.0,12288.0,136137605512.0,136368555963.0,139261390.0,139446507.0,3127583.0,0.0,0.0,0.0,0.0,0.0,0.0,0.0,0.0,0.0,0.0,0.0,0.0,855.0,79.0,3.0,2.0,0.0,0.0,0.0,0.0,0.0,0.0,0.0,0.0,0.0,idle
,idle,,,,,,,,,,,,,,,,,,,,,,,,,,,,,,,,,,,,,idle
1778096771.7854793,g2.hpc.coe,41393.0,0.5001,0.0,0.0,0.0,12288.0,136137606410.0,136368556042.0,139261393.0,139446509.0,3127583.0,0.0,0.0,0.0,0.0,0.0,0.0,0.0,0.0,0.0,0.0,0.0,0.0,898.0,79.0,3.0,2.0,0.0,0.0,0.0,0.0,0.0,0.0,0.0,0.0,0.0,idle
,idle,,,,,,,,,,,,,,,,,,,,,,,,,,,,,,,,,,,,,idle
1778096772.285604,g2.hpc.coe,41393.0,0.5001,0.0,0.0,0.0,12288.0,136137607350.0,136368556121.0,139261396.0,139446511.0,3127583.0,0.0,0.0,0.0,0.0,0.0,0.0,0.0,0.0,0.0,0.0,0.0,0.0,940.0,79.0,3.0,2.0,0.0,0.0,0.0,0.0,0.0,0.0,0.0,0.0,0.0,idle
,idle,,,,,,,,,,,,,,,,,,,,,,,,,,,,,,,,,,,,,idle
1778096772.785732,g2.hpc.coe,41393.0,0.5001,0.0,0.0,0.0,12288.0,136137608332.0,136368556200.0,139261399.0,139446513.0,3127583.0,0.0,0.0,0.0,0.0,0.0,0.0,0.0,0.0,0.0,0.0,0.0,0.0,982.0,79.0,3.0,2.0,0.0,0.0,0.0,0.0,0.0,0.0,0.0,0.0,0.0,idle
,idle,,,,,,,,,,,,,,,,,,,,,,,,,,,,,,,,,,,,,idle
1778096773.2858777,g2.hpc.coe,41393.0,0.5001,0.0,0.0,0.0,12288.0,136137609433.0,136368556334.0,139261404.0,139446516.0,3127583.0,0.0,0.0,0.0,0.0,0.0,0.0,0.0,0.0,0.0,0.0,0.0,0.0,1101.0,134.0,5.0,3.0,0.0,0.0,0.0,0.0,0.0,0.0,0.0,0.0,0.0,idle
,idle,,,,,,,,,,,,,,,,,,,,,,,,,,,,,,,,,,,,,idle
1778096773.786003,g2.hpc.coe,41393.0,0.5001,0.0,0.0,0.0,12288.0,136137610522.0,136368556413.0,139261408.0,139446518.0,3127583.0,0.0,0.0,0.0,0.0,0.0,0.0,0.0,0.0,0.0,0.0,0.0,0.0,1089.0,79.0,4.0,2.0,0.0,0.0,0.0,0.0,0.0,0.0,0.0,0.0,0.0,idle
,idle,,,,,,,,,,,,,,,,,,,,,,,,,,,,,,,,,,,,,idle
1778096774.2861338,g2.hpc.coe,41393.0,0.5001,0.0,0.0,0.0,12288.0,136137611653.0,136368556492.0,139261412.0,139446520.0,3127583.0,0.0,0.0,0.0,0.0,0.0,0.0,0.0,0.0,0.0,0.0,0.0,0.0,1131.0,79.0,4.0,2.0,0.0,0.0,0.0,0.0,0.0,0.0,0.0,0.0,0.0,idle
,idle,,,,,,,,,,,,,,,,,,,,,,,,,,,,,,,,,,,,,idle
1778096774.7862604,g2.hpc.coe,41393.0,0.5001,0.0,0.0,0.0,12288.0,136137612826.0,136368556571.0,139261416.0,139446522.0,3127583.0,0.0,0.0,0.0,0.0,0.0,0.0,0.0,0.0,0.0,0.0,0.0,0.0,1173.0,79.0,4.0,2.0,0.0,0.0,0.0,0.0,0.0,0.0,0.0,0.0,0.0,idle
,idle,,,,,,,,,,,,,,,,,,,,,,,,,,,,,,,,,,,,,idle
1778096775.2863934,g2.hpc.coe,41393.0,0.5001,0.0,0.0,0.0,12288.0,136137612974.0,136368556628.0,139261418.0,139446523.0,3127583.0,0.0,0.0,0.0,0.0,0.0,0.0,0.0,0.0,0.0,0.0,0.0,0.0,148.0,57.0,2.0,1.0,0.0,0.0,0.0,0.0,0.0,0.0,0.0,0.0,0.0,idle
,idle,,,,,,,,,,,,,,,,,,,,,,,,,,,,,,,,,,,,,idle
1778096775.786516,g2.hpc.coe,41393.0,0.5001,0.0,0.0,0.0,12288.0,136137613164.0,136368556685.0,139261420.0,139446524.0,3127583.0,0.0,0.0,0.0,0.0,0.0,0.0,0.0,0.0,0.0,0.0,0.0,0.0,190.0,57.0,2.0,1.0,0.0,0.0,0.0,0.0,0.0,0.0,0.0,0.0,0.0,idle
,idle,,,,,,,,,,,,,,,,,,,,,,,,,,,,,,,,,,,,,idle
1778096776.2866476,g2.hpc.coe,41393.0,0.5001,0.0,0.0,0.0,12288.0,136137613396.0,136368556742.0,139261422.0,139446525.0,3127583.0,0.0,0.0,0.0,0.0,0.0,0.0,0.0,0.0,0.0,0.0,0.0,0.0,232.0,57.0,2.0,1.0,0.0,0.0,0.0,0.0,0.0,0.0,0.0,0.0,0.0,idle
,idle,,,,,,,,,,,,,,,,,,,,,,,,,,,,,,,,,,,,,idle
1778096776.786778,g2.hpc.coe,41393.0,0.5001,0.0,0.0,0.0,12288.0,136137613670.0,136368556799.0,139261424.0,139446526.0,3127583.0,0.0,0.0,0.0,0.0,0.0,0.0,0.0,0.0,0.0,0.0,0.0,0.0,274.0,57.0,2.0,1.0,0.0,0.0,0.0,0.0,0.0,0.0,0.0,0.0,0.0,idle
,idle,,,,,,,,,,,,,,,,,,,,,,,,,,,,,,,,,,,,,idle
1778096777.2869115,g2.hpc.coe,41393.0,0.5001,0.0,0.0,0.0,12288.0,136137614609.0,136368557303.0,139261441.0,139446535.0,3127583.0,0.0,0.0,0.0,0.0,0.0,0.0,0.0,0.0,0.0,0.0,0.0,0.0,939.0,504.0,17.0,9.0,0.0,0.0,0.0,0.0,0.0,0.0,0.0,0.0,0.0,idle
,idle,,,,,,,,,,,,,,,,,,,,,,,,,,,,,,,,,,,,,idle
1778096777.7870526,g2.hpc.coe,41393.0,0.5001,0.0,0.0,0.0,12288.0,136137614968.0,136368557360.0,139261443.0,139446536.0,3127583.0,0.0,0.0,0.0,0.0,0.0,0.0,0.0,0.0,0.0,0.0,0.0,0.0,359.0,57.0,2.0,1.0,0.0,0.0,0.0,0.0,0.0,0.0,0.0,0.0,0.0,idle
,idle,,,,,,,,,,,,,,,,,,,,,,,,,,,,,,,,,,,,,idle
1778096778.2871587,g2.hpc.coe,41393.0,0.5001,0.0,0.0,0.0,12288.0,136137615446.0,136368557472.0,139261447.0,139446538.0,3127583.0,0.0,0.0,0.0,0.0,0.0,0.0,0.0,0.0,0.0,0.0,0.0,0.0,478.0,112.0,4.0,2.0,0.0,0.0,0.0,0.0,0.0,0.0,0.0,0.0,0.0,idle
,idle,,,,,,,,,,,,,,,,,,,,,,,,,,,,,,,,,,,,,idle
1778096778.7872655,g2.hpc.coe,41393.0,0.5001,0.0,0.0,0.0,12288.0,136137615890.0,136368557529.0,139261449.0,139446539.0,3127583.0,0.0,0.0,0.0,0.0,0.0,0.0,0.0,0.0,0.0,0.0,0.0,0.0,444.0,57.0,2.0,1.0,0.0,0.0,0.0,0.0,0.0,0.0,0.0,0.0,0.0,idle
,idle,,,,,,,,,,,,,,,,,,,,,,,,,,,,,,,,,,,,,idle
1778096779.287393,g2.hpc.coe,41393.0,0.5001,0.0,0.0,0.0,12288.0,136137616376.0,136368557586.0,139261451.0,139446540.0,3127583.0,0.0,0.0,0.0,0.0,0.0,0.0,0.0,0.0,0.0,0.0,0.0,0.0,486.0,57.0,2.0,1.0,0.0,0.0,0.0,0.0,0.0,0.0,0.0,0.0,0.0,idle
,idle,,,,,,,,,,,,,,,,,,,,,,,,,,,,,,,,,,,,,idle
1778096779.7875257,g2.hpc.coe,41393.0,0.5001,0.0,0.0,0.0,12288.0,136137616904.0,136368557643.0,139261453.0,139446541.0,3127583.0,0.0,0.0,0.0,0.0,0.0,0.0,0.0,0.0,0.0,0.0,0.0,0.0,528.0,57.0,2.0,1.0,0.0,0.0,0.0,0.0,0.0,0.0,0.0,0.0,0.0,idle
,idle,,,,,,,,,,,,,,,,,,,,,,,,,,,,,,,,,,,,,idle
1778096780.2876372,g2.hpc.coe,41393.0,0.5001,0.0,0.0,0.0,12288.0,136137617497.0,136368557722.0,139261456.0,139446543.0,3127583.0,0.0,0.0,0.0,0.0,0.0,0.0,0.0,0.0,0.0,0.0,0.0,0.0,593.0,79.0,3.0,2.0,0.0,0.0,0.0,0.0,0.0,0.0,0.0,0.0,0.0,idle
,idle,,,,,,,,,,,,,,,,,,,,,,,,,,,,,,,,,,,,,idle
1778096780.7877612,g2.hpc.coe,41393.0,0.5001,0.0,0.0,0.0,12288.0,136137618132.0,136368557801.0,139261459.0,139446545.0,3127583.0,0.0,0.0,0.0,0.0,0.0,0.0,0.0,0.0,0.0,0.0,0.0,0.0,635.0,79.0,3.0,2.0,0.0,0.0,0.0,0.0,0.0,0.0,0.0,0.0,0.0,idle
,idle,,,,,,,,,,,,,,,,,,,,,,,,,,,,,,,,,,,,,idle
1778096781.2879117,g2.hpc.coe,41393.0,0.5002,0.0,0.0,0.0,12288.0,136137618809.0,136368557880.0,139261462.0,139446547.0,3127583.0,0.0,0.0,0.0,0.0,0.0,0.0,0.0,0.0,0.0,0.0,0.0,0.0,677.0,79.0,3.0,2.0,0.0,0.0,0.0,0.0,0.0,0.0,0.0,0.0,0.0,idle
,idle,,,,,,,,,,,,,,,,,,,,,,,,,,,,,,,,,,,,,idle
1778096781.7880204,g2.hpc.coe,41393.0,0.5001,0.0,0.0,0.0,12288.0,136137619528.0,136368557959.0,139261465.0,139446549.0,3127583.0,0.0,0.0,0.0,0.0,0.0,0.0,0.0,0.0,0.0,0.0,0.0,0.0,719.0,79.0,3.0,2.0,0.0,0.0,0.0,0.0,0.0,0.0,0.0,0.0,0.0,idle
,idle,,,,,,,,,,,,,,,,,,,,,,,,,,,,,,,,,,,,,idle
1778096782.2881503,g2.hpc.coe,41393.0,0.5001,0.0,0.0,0.0,12288.0,136137620290.0,136368558038.0,139261468.0,139446551.0,3127583.0,0.0,0.0,0.0,0.0,0.0,0.0,0.0,0.0,0.0,0.0,0.0,0.0,762.0,79.0,3.0,2.0,0.0,0.0,0.0,0.0,0.0,0.0,0.0,0.0,0.0,idle
,idle,,,,,,,,,,,,,,,,,,,,,,,,,,,,,,,,,,,,,idle
1778096782.7882698,g2.hpc.coe,41393.0,0.5001,0.0,0.0,0.0,12288.0,136137621094.0,136368558117.0,139261471.0,139446553.0,3127583.0,0.0,0.0,0.0,0.0,0.0,0.0,0.0,0.0,0.0,0.0,0.0,0.0,804.0,79.0,3.0,2.0,0.0,0.0,0.0,0.0,0.0,0.0,0.0,0.0,0.0,idle
,idle,,,,,,,,,,,,,,,,,,,,,,,,,,,,,,,,,,,,,idle
1778096783.288396,g2.hpc.coe,41393.0,0.5001,0.0,0.0,0.0,12288.0,136137622017.0,136368558251.0,139261476.0,139446556.0,3127583.0,0.0,0.0,0.0,0.0,0.0,0.0,0.0,0.0,0.0,0.0,0.0,0.0,923.0,134.0,5.0,3.0,0.0,0.0,0.0,0.0,0.0,0.0,0.0,0.0,0.0,idle
,idle,,,,,,,,,,,,,,,,,,,,,,,,,,,,,,,,,,,,,idle
1778096783.7885194,g2.hpc.coe,41393.0,0.5001,0.0,0.0,0.0,12288.0,136137622905.0,136368558330.0,139261479.0,139446558.0,3127583.0,0.0,0.0,0.0,0.0,0.0,0.0,0.0,0.0,0.0,0.0,0.0,0.0,888.0,79.0,3.0,2.0,0.0,0.0,0.0,0.0,0.0,0.0,0.0,0.0,0.0,idle
,idle,,,,,,,,,,,,,,,,,,,,,,,,,,,,,,,,,,,,,idle
1778096784.2886474,g2.hpc.coe,41393.0,0.5001,0.0,0.0,0.0,12288.0,136137623836.0,136368558409.0,139261482.0,139446560.0,3127583.0,0.0,0.0,0.0,0.0,0.0,0.0,0.0,0.0,0.0,0.0,0.0,0.0,931.0,79.0,3.0,2.0,0.0,0.0,0.0,0.0,0.0,0.0,0.0,0.0,0.0,idle
,idle,,,,,,,,,,,,,,,,,,,,,,,,,,,,,,,,,,,,,idle
1778096784.788757,g2.hpc.coe,41393.0,0.5001,0.0,0.0,0.0,12288.0,136137624809.0,136368558488.0,139261485.0,139446562.0,3127583.0,0.0,0.0,0.0,0.0,0.0,0.0,0.0,0.0,0.0,0.0,0.0,0.0,973.0,79.0,3.0,2.0,0.0,0.0,0.0,0.0,0.0,0.0,0.0,0.0,0.0,idle
,idle,,,,,,,,,,,,,,,,,,,,,,,,,,,,,,,,,,,,,idle
1778096785.288886,g2.hpc.coe,41393.0,0.5001,0.0,0.0,0.0,12288.0,136137625824.0,136368558567.0,139261488.0,139446564.0,3127583.0,0.0,0.0,0.0,0.0,0.0,0.0,0.0,0.0,0.0,0.0,0.0,0.0,1015.0,79.0,3.0,2.0,0.0,0.0,0.0,0.0,0.0,0.0,0.0,0.0,0.0,idle
,idle,,,,,,,,,,,,,,,,,,,,,,,,,,,,,,,,,,,,,idle
1778096785.789012,g2.hpc.coe,41393.0,0.5001,0.0,0.0,0.0,12288.0,136137626881.0,136368558646.0,139261491.0,139446566.0,3127583.0,0.0,0.0,0.0,0.0,0.0,0.0,0.0,0.0,0.0,0.0,0.0,0.0,1057.0,79.0,3.0,2.0,0.0,0.0,0.0,0.0,0.0,0.0,0.0,0.0,0.0,idle
,idle,,,,,,,,,,,,,,,,,,,,,,,,,,,,,,,,,,,,,idle
1778096786.2891166,g2.hpc.coe,41393.0,0.5001,0.0,0.0,0.0,12288.0,136137628003.0,136368558725.0,139261495.0,139446568.0,3127583.0,0.0,0.0,0.0,0.0,0.0,0.0,0.0,0.0,0.0,0.0,0.0,0.0,1122.0,79.0,4.0,2.0,0.0,0.0,0.0,0.0,0.0,0.0,0.0,0.0,0.0,idle
,idle,,,,,,,,,,,,,,,,,,,,,,,,,,,,,,,,,,,,,idle
1778096786.789244,g2.hpc.coe,41393.0,0.5001,0.0,0.0,0.0,12288.0,136137629167.0,136368558804.0,139261499.0,139446570.0,3127583.0,0.0,0.0,0.0,0.0,0.0,0.0,0.0,0.0,0.0,0.0,0.0,0.0,1164.0,79.0,4.0,2.0,0.0,0.0,0.0,0.0,0.0,0.0,0.0,0.0,0.0,idle
,idle,,,,,,,,,,,,,,,,,,,,,,,,,,,,,,,,,,,,,idle
1778096787.28938,g2.hpc.coe,41393.0,0.5001,0.0,0.0,0.0,12288.0,136137629305.0,136368558861.0,139261501.0,139446571.0,3127583.0,0.0,0.0,0.0,0.0,0.0,0.0,0.0,0.0,0.0,0.0,0.0,0.0,138.0,57.0,2.0,1.0,0.0,0.0,0.0,0.0,0.0,0.0,0.0,0.0,0.0,idle
,idle,,,,,,,,,,,,,,,,,,,,,,,,,,,,,,,,,,,,,idle
1778096787.789518,g2.hpc.coe,41393.0,0.5001,0.0,0.0,0.0,12288.0,136137629485.0,136368558918.0,139261503.0,139446572.0,3127583.0,0.0,0.0,0.0,0.0,0.0,0.0,0.0,0.0,0.0,0.0,0.0,0.0,180.0,57.0,2.0,1.0,0.0,0.0,0.0,0.0,0.0,0.0,0.0,0.0,0.0,idle
,idle,,,,,,,,,,,,,,,,,,,,,,,,,,,,,,,,,,,,,idle
1778096788.289646,g2.hpc.coe,41393.0,0.5001,0.0,0.0,0.0,12288.0,136137629784.0,136368559030.0,139261507.0,139446574.0,3127583.0,0.0,0.0,0.0,0.0,0.0,0.0,0.0,0.0,0.0,0.0,0.0,0.0,299.0,112.0,4.0,2.0,0.0,0.0,0.0,0.0,0.0,0.0,0.0,0.0,0.0,idle
,idle,,,,,,,,,,,,,,,,,,,,,,,,,,,,,,,,,,,,,idle
1778096788.7897775,g2.hpc.coe,41393.0,0.5001,0.0,0.0,0.0,12288.0,136137630049.0,136368559087.0,139261509.0,139446575.0,3127583.0,0.0,0.0,0.0,0.0,0.0,0.0,0.0,0.0,0.0,0.0,0.0,0.0,265.0,57.0,2.0,1.0,0.0,0.0,0.0,0.0,0.0,0.0,0.0,0.0,0.0,idle
,idle,,,,,,,,,,,,,,,,,,,,,,,,,,,,,,,,,,,,,idle
1778096789.2899055,g2.hpc.coe,41393.0,0.5001,0.0,0.0,0.0,12288.0,136137630356.0,136368559144.0,139261511.0,139446576.0,3127583.0,0.0,0.0,0.0,0.0,0.0,0.0,0.0,0.0,0.0,0.0,0.0,0.0,307.0,57.0,2.0,1.0,0.0,0.0,0.0,0.0,0.0,0.0,0.0,0.0,0.0,idle
,idle,,,,,,,,,,,,,,,,,,,,,,,,,,,,,,,,,,,,,idle
1778096789.7900422,g2.hpc.coe,41393.0,0.5001,0.0,0.0,0.0,12288.0,136137630705.0,136368559201.0,139261513.0,139446577.0,3127583.0,0.0,0.0,0.0,0.0,0.0,0.0,0.0,0.0,0.0,0.0,0.0,0.0,349.0,57.0,2.0,1.0,0.0,0.0,0.0,0.0,0.0,0.0,0.0,0.0,0.0,idle
,idle,,,,,,,,,,,,,,,,,,,,,,,,,,,,,,,,,,,,,idle
1778096790.290181,g2.hpc.coe,41393.0,0.5001,0.0,0.0,0.0,12288.0,136137631096.0,136368559258.0,139261515.0,139446578.0,3127583.0,0.0,0.0,0.0,0.0,0.0,0.0,0.0,0.0,0.0,0.0,0.0,0.0,391.0,57.0,2.0,1.0,0.0,0.0,0.0,0.0,0.0,0.0,0.0,0.0,0.0,idle
,idle,,,,,,,,,,,,,,,,,,,,,,,,,,,,,,,,,,,,,idle
1778096790.790307,g2.hpc.coe,41393.0,0.5001,0.0,0.0,0.0,12288.0,136137631529.0,136368559315.0,139261517.0,139446579.0,3127583.0,0.0,0.0,0.0,0.0,0.0,0.0,0.0,0.0,0.0,0.0,0.0,0.0,433.0,57.0,2.0,1.0,0.0,0.0,0.0,0.0,0.0,0.0,0.0,0.0,0.0,idle
,idle,,,,,,,,,,,,,,,,,,,,,,,,,,,,,,,,,,,,,idle
1778096791.2904336,g2.hpc.coe,41393.0,0.5001,0.0,0.0,0.0,12288.0,136137632004.0,136368559372.0,139261519.0,139446580.0,3127583.0,0.0,0.0,0.0,0.0,0.0,0.0,0.0,0.0,0.0,0.0,0.0,0.0,475.0,57.0,2.0,1.0,0.0,0.0,0.0,0.0,0.0,0.0,0.0,0.0,0.0,idle
,idle,,,,,,,,,,,,,,,,,,,,,,,,,,,,,,,,,,,,,idle
1778096791.7905576,g2.hpc.coe,41393.0,0.5001,0.0,0.0,0.0,12288.0,136137632522.0,136368559429.0,139261521.0,139446581.0,3127583.0,0.0,0.0,0.0,0.0,0.0,0.0,0.0,0.0,0.0,0.0,0.0,0.0,518.0,57.0,2.0,1.0,0.0,0.0,0.0,0.0,0.0,0.0,0.0,0.0,0.0,idle
,idle,,,,,,,,,,,,,,,,,,,,,,,,,,,,,,,,,,,,,idle
1778096792.2906926,g2.hpc.coe,41393.0,0.5001,0.0,0.0,0.0,12288.0,136137633727.0,136368559955.0,139261539.0,139446591.0,3127583.0,0.0,0.0,0.0,0.0,0.0,0.0,0.0,0.0,0.0,0.0,0.0,0.0,1205.0,526.0,18.0,10.0,0.0,0.0,0.0,0.0,0.0,0.0,0.0,0.0,0.0,idle
,idle,,,,,,,,,,,,,,,,,,,,,,,,,,,,,,,,,,,,,idle
1778096792.7908206,g2.hpc.coe,41393.0,0.5001,0.0,0.0,0.0,12288.0,136137634352.0,136368560034.0,139261542.0,139446593.0,3127583.0,0.0,0.0,0.0,0.0,0.0,0.0,0.0,0.0,0.0,0.0,0.0,0.0,625.0,79.0,3.0,2.0,0.0,0.0,0.0,0.0,0.0,0.0,0.0,0.0,0.0,idle
,idle,,,,,,,,,,,,,,,,,,,,,,,,,,,,,,,,,,,,,idle
1778096793.2909565,g2.hpc.coe,41393.0,0.5001,0.0,0.0,0.0,12288.0,136137635019.0,136368560113.0,139261545.0,139446595.0,3127583.0,0.0,0.0,0.0,0.0,0.0,0.0,0.0,0.0,0.0,0.0,0.0,0.0,667.0,79.0,3.0,2.0,0.0,0.0,0.0,0.0,0.0,0.0,0.0,0.0,0.0,idle
,idle,,,,,,,,,,,,,,,,,,,,,,,,,,,,,,,,,,,,,idle
1778096793.7910814,g2.hpc.coe,41393.0,0.5001,0.0,0.0,0.0,12288.0,136137636069.0,136368560445.0,139261555.0,139446601.0,3127583.0,0.0,0.0,0.0,0.0,0.0,0.0,0.0,0.0,0.0,0.0,0.0,0.0,1050.0,332.0,10.0,6.0,0.0,0.0,0.0,0.0,0.0,0.0,0.0,0.0,0.0,idle
,idle,,,,,,,,,,,,,,,,,,,,,,,,,,,,,,,,,,,,,idle
1778096794.2912004,g2.hpc.coe,41393.0,0.5001,0.0,0.0,0.0,12288.0,136137636822.0,136368560524.0,139261558.0,139446603.0,3127583.0,0.0,0.0,0.0,0.0,0.0,0.0,0.0,0.0,0.0,0.0,0.0,0.0,753.0,79.0,3.0,2.0,0.0,0.0,0.0,0.0,0.0,0.0,0.0,0.0,0.0,idle
,idle,,,,,,,,,,,,,,,,,,,,,,,,,,,,,,,,,,,,,idle
1778096794.7913244,g2.hpc.coe,41393.0,0.5001,0.0,0.0,0.0,12288.0,136137637617.0,136368560603.0,139261561.0,139446605.0,3127583.0,0.0,0.0,0.0,0.0,0.0,0.0,0.0,0.0,0.0,0.0,0.0,0.0,795.0,79.0,3.0,2.0,0.0,0.0,0.0,0.0,0.0,0.0,0.0,0.0,0.0,idle
,idle,,,,,,,,,,,,,,,,,,,,,,,,,,,,,,,,,,,,,idle
1778096795.2914517,g2.hpc.coe,41393.0,0.5001,0.0,0.0,0.0,12288.0,136137638454.0,136368560682.0,139261564.0,139446607.0,3127583.0,0.0,0.0,0.0,0.0,0.0,0.0,0.0,0.0,0.0,0.0,0.0,0.0,837.0,79.0,3.0,2.0,0.0,0.0,0.0,0.0,0.0,0.0,0.0,0.0,0.0,idle
,idle,,,,,,,,,,,,,,,,,,,,,,,,,,,,,,,,,,,,,idle
1778096795.7915864,g2.hpc.coe,41393.0,0.5001,0.0,0.0,0.0,12288.0,136137639333.0,136368560761.0,139261567.0,139446609.0,3127583.0,0.0,0.0,0.0,0.0,0.0,0.0,0.0,0.0,0.0,0.0,0.0,0.0,879.0,79.0,3.0,2.0,0.0,0.0,0.0,0.0,0.0,0.0,0.0,0.0,0.0,idle
,idle,,,,,,,,,,,,,,,,,,,,,,,,,,,,,,,,,,,,,idle
1778096796.291719,g2.hpc.coe,41393.0,0.5001,0.0,0.0,0.0,12288.0,136137640255.0,136368560840.0,139261570.0,139446611.0,3127583.0,0.0,0.0,0.0,0.0,0.0,0.0,0.0,0.0,0.0,0.0,0.0,0.0,922.0,79.0,3.0,2.0,0.0,0.0,0.0,0.0,0.0,0.0,0.0,0.0,0.0,idle
,idle,,,,,,,,,,,,,,,,,,,,,,,,,,,,,,,,,,,,,idle
1778096796.7918434,g2.hpc.coe,41393.0,0.5001,0.0,0.0,0.0,12288.0,136137641219.0,136368560919.0,139261573.0,139446613.0,3127583.0,0.0,0.0,0.0,0.0,0.0,0.0,0.0,0.0,0.0,0.0,0.0,0.0,964.0,79.0,3.0,2.0,0.0,0.0,0.0,0.0,0.0,0.0,0.0,0.0,0.0,idle
,idle,,,,,,,,,,,,,,,,,,,,,,,,,,,,,,,,,,,,,idle
1778096797.2919767,g2.hpc.coe,41393.0,0.5001,0.0,0.0,0.0,12288.0,136137642225.0,136368560998.0,139261576.0,139446615.0,3127583.0,0.0,0.0,0.0,0.0,0.0,0.0,0.0,0.0,0.0,0.0,0.0,0.0,1006.0,79.0,3.0,2.0,0.0,0.0,0.0,0.0,0.0,0.0,0.0,0.0,0.0,idle
,idle,,,,,,,,,,,,,,,,,,,,,,,,,,,,,,,,,,,,,idle
1778096797.792107,g2.hpc.coe,41393.0,0.5001,0.0,0.0,0.0,12288.0,136137643273.0,136368561077.0,139261579.0,139446617.0,3127583.0,0.0,0.0,0.0,0.0,0.0,0.0,0.0,0.0,0.0,0.0,0.0,0.0,1048.0,79.0,3.0,2.0,0.0,0.0,0.0,0.0,0.0,0.0,0.0,0.0,0.0,idle
,idle,,,,,,,,,,,,,,,,,,,,,,,,,,,,,,,,,,,,,idle
1778096798.292243,g2.hpc.coe,41393.0,0.5001,0.0,0.0,0.0,12288.0,136137644386.0,136368561156.0,139261583.0,139446619.0,3127583.0,0.0,0.0,0.0,0.0,0.0,0.0,0.0,0.0,0.0,0.0,0.0,0.0,1113.0,79.0,4.0,2.0,0.0,0.0,0.0,0.0,0.0,0.0,0.0,0.0,0.0,idle
,idle,,,,,,,,,,,,,,,,,,,,,,,,,,,,,,,,,,,,,idle
1778096798.792368,g2.hpc.coe,41393.0,0.5001,0.0,0.0,0.0,12288.0,136137645618.0,136368561290.0,139261589.0,139446622.0,3127583.0,0.0,0.0,0.0,0.0,0.0,0.0,0.0,0.0,0.0,0.0,0.0,0.0,1232.0,134.0,6.0,3.0,0.0,0.0,0.0,0.0,0.0,0.0,0.0,0.0,0.0,idle
,idle,,,,,,,,,,,,,,,,,,,,,,,,,,,,,,,,,,,,,idle
1778096799.292498,g2.hpc.coe,41393.0,0.5001,0.0,0.0,0.0,12288.0,136137646005.0,136368561602.0,139261596.0,139446628.0,3127583.0,0.0,0.0,0.0,0.0,0.0,0.0,0.0,0.0,0.0,0.0,0.0,0.0,387.0,312.0,7.0,6.0,0.0,0.0,0.0,0.0,0.0,0.0,0.0,0.0,0.0,idle
,idle,,,,,,,,,,,,,,,,,,,,,,,,,,,,,,,,,,,,,idle
1778096799.7926087,g2.hpc.coe,41393.0,0.5001,0.0,0.0,0.0,12288.0,136137646199.0,136368561659.0,139261599.0,139446629.0,3127583.0,0.0,0.0,0.0,0.0,0.0,0.0,0.0,0.0,0.0,0.0,0.0,0.0,194.0,57.0,3.0,1.0,0.0,0.0,0.0,0.0,0.0,0.0,0.0,0.0,0.0,idle
,idle,,,,,,,,,,,,,,,,,,,,,,,,,,,,,,,,,,,,,idle
1778096800.2927327,g2.hpc.coe,41393.0,0.5001,0.0,0.0,0.0,12288.0,136137646413.0,136368561716.0,139261601.0,139446630.0,3127583.0,0.0,0.0,0.0,0.0,0.0,0.0,0.0,0.0,0.0,0.0,0.0,0.0,214.0,57.0,2.0,1.0,0.0,0.0,0.0,0.0,0.0,0.0,0.0,0.0,0.0,idle
,idle,,,,,,,,,,,,,,,,,,,,,,,,,,,,,,,,,,,,,idle
1778096800.7928696,g2.hpc.coe,41393.0,0.5001,0.0,0.0,0.0,12288.0,136137646670.0,136368561773.0,139261603.0,139446631.0,3127583.0,0.0,0.0,0.0,0.0,0.0,0.0,0.0,0.0,0.0,0.0,0.0,0.0,257.0,57.0,2.0,1.0,0.0,0.0,0.0,0.0,0.0,0.0,0.0,0.0,0.0,idle
,idle,,,,,,,,,,,,,,,,,,,,,,,,,,,,,,,,,,,,,idle
1778096801.2930014,g2.hpc.coe,41393.0,0.5001,0.0,0.0,0.0,12288.0,136137646969.0,136368561830.0,139261605.0,139446632.0,3127583.0,0.0,0.0,0.0,0.0,0.0,0.0,0.0,0.0,0.0,0.0,0.0,0.0,299.0,57.0,2.0,1.0,0.0,0.0,0.0,0.0,0.0,0.0,0.0,0.0,0.0,idle
,idle,,,,,,,,,,,,,,,,,,,,,,,,,,,,,,,,,,,,,idle
1778096801.7931328,g2.hpc.coe,41393.0,0.5001,0.0,0.0,0.0,12288.0,136137647310.0,136368561887.0,139261607.0,139446633.0,3127583.0,0.0,0.0,0.0,0.0,0.0,0.0,0.0,0.0,0.0,0.0,0.0,0.0,341.0,57.0,2.0,1.0,0.0,0.0,0.0,0.0,0.0,0.0,0.0,0.0,0.0,idle
,idle,,,,,,,,,,,,,,,,,,,,,,,,,,,,,,,,,,,,,idle
1778096802.2932377,g2.hpc.coe,41393.0,0.5001,0.0,0.0,0.0,12288.0,136137647693.0,136368561944.0,139261609.0,139446634.0,3127583.0,0.0,0.0,0.0,0.0,0.0,0.0,0.0,0.0,0.0,0.0,0.0,0.0,383.0,57.0,2.0,1.0,0.0,0.0,0.0,0.0,0.0,0.0,0.0,0.0,0.0,idle
,idle,,,,,,,,,,,,,,,,,,,,,,,,,,,,,,,,,,,,,idle
1778096802.7933772,g2.hpc.coe,41393.0,0.5001,0.0,0.0,0.0,12288.0,136137648119.0,136368562001.0,139261611.0,139446635.0,3127583.0,0.0,0.0,0.0,0.0,0.0,0.0,0.0,0.0,0.0,0.0,0.0,0.0,426.0,57.0,2.0,1.0,0.0,0.0,0.0,0.0,0.0,0.0,0.0,0.0,0.0,idle
,idle,,,,,,,,,,,,,,,,,,,,,,,,,,,,,,,,,,,,,idle
1778096803.2934844,g2.hpc.coe,41393.0,0.5001,0.0,0.0,0.0,12288.0,136137648587.0,136368562058.0,139261613.0,139446636.0,3127583.0,0.0,0.0,0.0,0.0,0.0,0.0,0.0,0.0,0.0,0.0,0.0,0.0,468.0,57.0,2.0,1.0,0.0,0.0,0.0,0.0,0.0,0.0,0.0,0.0,0.0,idle
,idle,,,,,,,,,,,,,,,,,,,,,,,,,,,,,,,,,,,,,idle
1778096803.7936113,g2.hpc.coe,41393.0,0.5001,0.0,0.0,0.0,12288.0,136137649174.0,136368562170.0,139261617.0,139446638.0,3127583.0,0.0,0.0,0.0,0.0,0.0,0.0,0.0,0.0,0.0,0.0,0.0,0.0,587.0,112.0,4.0,2.0,0.0,0.0,0.0,0.0,0.0,0.0,0.0,0.0,0.0,idle
,idle,,,,,,,,,,,,,,,,,,,,,,,,,,,,,,,,,,,,,idle
1778096804.2937355,g2.hpc.coe,41393.0,0.5001,0.0,0.0,0.0,12288.0,136137649749.0,136368562249.0,139261620.0,139446640.0,3127583.0,0.0,0.0,0.0,0.0,0.0,0.0,0.0,0.0,0.0,0.0,0.0,0.0,575.0,79.0,3.0,2.0,0.0,0.0,0.0,0.0,0.0,0.0,0.0,0.0,0.0,idle
,idle,,,,,,,,,,,,,,,,,,,,,,,,,,,,,,,,,,,,,idle
1778096804.7938778,g2.hpc.coe,41393.0,0.5001,0.0,0.0,0.0,12288.0,136137650366.0,136368562328.0,139261623.0,139446642.0,3127583.0,0.0,0.0,0.0,0.0,0.0,0.0,0.0,0.0,0.0,0.0,0.0,0.0,617.0,79.0,3.0,2.0,0.0,0.0,0.0,0.0,0.0,0.0,0.0,0.0,0.0,idle
,idle,,,,,,,,,,,,,,,,,,,,,,,,,,,,,,,,,,,,,idle
1778096805.2940135,g2.hpc.coe,41393.0,0.5001,0.0,0.0,0.0,12288.0,136137651025.0,136368562407.0,139261626.0,139446644.0,3127583.0,0.0,0.0,0.0,0.0,0.0,0.0,0.0,0.0,0.0,0.0,0.0,0.0,659.0,79.0,3.0,2.0,0.0,0.0,0.0,0.0,0.0,0.0,0.0,0.0,0.0,idle
,idle,,,,,,,,,,,,,,,,,,,,,,,,,,,,,,,,,,,,,idle
1778096805.794137,g2.hpc.coe,41393.0,0.5001,0.0,0.0,0.0,12288.0,136137651726.0,136368562486.0,139261629.0,139446646.0,3127583.0,0.0,0.0,0.0,0.0,0.0,0.0,0.0,0.0,0.0,0.0,0.0,0.0,701.0,79.0,3.0,2.0,0.0,0.0,0.0,0.0,0.0,0.0,0.0,0.0,0.0,idle
,idle,,,,,,,,,,,,,,,,,,,,,,,,,,,,,,,,,,,,,idle
1778096806.2942584,g2.hpc.coe,41393.0,0.5001,0.0,0.0,0.0,12288.0,136137652469.0,136368562565.0,139261632.0,139446648.0,3127583.0,0.0,0.0,0.0,0.0,0.0,0.0,0.0,0.0,0.0,0.0,0.0,0.0,743.0,79.0,3.0,2.0,0.0,0.0,0.0,0.0,0.0,0.0,0.0,0.0,0.0,idle
,idle,,,,,,,,,,,,,,,,,,,,,,,,,,,,,,,,,,,,,idle
1778096806.7943823,g2.hpc.coe,41393.0,0.5001,0.0,0.0,0.0,12288.0,136137653255.0,136368562644.0,139261635.0,139446650.0,3127583.0,0.0,0.0,0.0,0.0,0.0,0.0,0.0,0.0,0.0,0.0,0.0,0.0,786.0,79.0,3.0,2.0,0.0,0.0,0.0,0.0,0.0,0.0,0.0,0.0,0.0,idle
,idle,,,,,,,,,,,,,,,,,,,,,,,,,,,,,,,,,,,,,idle
1778096807.294506,g2.hpc.coe,41393.0,0.5001,0.0,0.0,0.0,12288.0,136137654706.0,136368563170.0,139261653.0,139446660.0,3127583.0,0.0,0.0,0.0,0.0,0.0,0.0,0.0,0.0,0.0,0.0,0.0,0.0,1451.0,526.0,18.0,10.0,0.0,0.0,0.0,0.0,0.0,0.0,0.0,0.0,0.0,idle
,idle,,,,,,,,,,,,,,,,,,,,,,,,,,,,,,,,,,,,,idle
1778096807.7946348,g2.hpc.coe,41393.0,0.5001,0.0,0.0,0.0,12288.0,136137655577.0,136368563249.0,139261656.0,139446662.0,3127583.0,0.0,0.0,0.0,0.0,0.0,0.0,0.0,0.0,0.0,0.0,0.0,0.0,871.0,79.0,3.0,2.0,0.0,0.0,0.0,0.0,0.0,0.0,0.0,0.0,0.0,idle
,idle,,,,,,,,,,,,,,,,,,,,,,,,,,,,,,,,,,,,,idle
1778096808.2947736,g2.hpc.coe,41393.0,0.5001,0.0,0.0,0.0,12288.0,136137656490.0,136368563328.0,139261659.0,139446664.0,3127583.0,0.0,0.0,0.0,0.0,0.0,0.0,0.0,0.0,0.0,0.0,0.0,0.0,913.0,79.0,3.0,2.0,0.0,0.0,0.0,0.0,0.0,0.0,0.0,0.0,0.0,idle
,idle,,,,,,,,,,,,,,,,,,,,,,,,,,,,,,,,,,,,,idle
1778096808.7949028,g2.hpc.coe,41393.0,0.5001,0.0,0.0,0.0,12288.0,136137657522.0,136368563462.0,139261664.0,139446667.0,3127583.0,0.0,0.0,0.0,0.0,0.0,0.0,0.0,0.0,0.0,0.0,0.0,0.0,1032.0,134.0,5.0,3.0,0.0,0.0,0.0,0.0,0.0,0.0,0.0,0.0,0.0,idle
,idle,,,,,,,,,,,,,,,,,,,,,,,,,,,,,,,,,,,,,idle
1778096809.2950406,g2.hpc.coe,41393.0,0.5001,0.0,0.0,0.0,12288.0,136137658520.0,136368563541.0,139261667.0,139446669.0,3127583.0,0.0,0.0,0.0,0.0,0.0,0.0,0.0,0.0,0.0,0.0,0.0,0.0,998.0,79.0,3.0,2.0,0.0,0.0,0.0,0.0,0.0,0.0,0.0,0.0,0.0,idle
,idle,,,,,,,,,,,,,,,,,,,,,,,,,,,,,,,,,,,,,idle
1778096809.795159,g2.hpc.coe,41393.0,0.5001,0.0,0.0,0.0,12288.0,136137659560.0,136368563620.0,139261670.0,139446671.0,3127583.0,0.0,0.0,0.0,0.0,0.0,0.0,0.0,0.0,0.0,0.0,0.0,0.0,1040.0,79.0,3.0,2.0,0.0,0.0,0.0,0.0,0.0,0.0,0.0,0.0,0.0,idle
,idle,,,,,,,,,,,,,,,,,,,,,,,,,,,,,,,,,,,,,idle
1778096810.2952914,g2.hpc.coe,41393.0,0.5001,0.0,0.0,0.0,12288.0,136137660665.0,136368563699.0,139261674.0,139446673.0,3127583.0,0.0,0.0,0.0,0.0,0.0,0.0,0.0,0.0,0.0,0.0,0.0,0.0,1105.0,79.0,4.0,2.0,0.0,0.0,0.0,0.0,0.0,0.0,0.0,0.0,0.0,idle
,idle,,,,,,,,,,,,,,,,,,,,,,,,,,,,,,,,,,,,,idle
1778096810.795417,g2.hpc.coe,41393.0,0.5001,0.0,0.0,0.0,12288.0,136137661812.0,136368563778.0,139261678.0,139446675.0,3127583.0,0.0,0.0,0.0,0.0,0.0,0.0,0.0,0.0,0.0,0.0,0.0,0.0,1147.0,79.0,4.0,2.0,0.0,0.0,0.0,0.0,0.0,0.0,0.0,0.0,0.0,idle
,idle,,,,,,,,,,,,,,,,,,,,,,,,,,,,,,,,,,,,,idle
1778096811.2955527,g2.hpc.coe,41393.0,0.5001,0.0,0.0,0.0,12288.0,136137663001.0,136368563857.0,139261682.0,139446677.0,3127583.0,0.0,0.0,0.0,0.0,0.0,0.0,0.0,0.0,0.0,0.0,0.0,0.0,1189.0,79.0,4.0,2.0,0.0,0.0,0.0,0.0,0.0,0.0,0.0,0.0,0.0,idle
,idle,,,,,,,,,,,,,,,,,,,,,,,,,,,,,,,,,,,,,idle
1778096811.7956767,g2.hpc.coe,41393.0,0.5001,0.0,0.0,0.0,12288.0,136137663165.0,136368563914.0,139261684.0,139446678.0,3127583.0,0.0,0.0,0.0,0.0,0.0,0.0,0.0,0.0,0.0,0.0,0.0,0.0,164.0,57.0,2.0,1.0,0.0,0.0,0.0,0.0,0.0,0.0,0.0,0.0,0.0,idle
,idle,,,,,,,,,,,,,,,,,,,,,,,,,,,,,,,,,,,,,idle
1778096812.2958028,g2.hpc.coe,41393.0,0.5001,0.0,0.0,0.0,12288.0,136137663371.0,136368563971.0,139261686.0,139446679.0,3127583.0,0.0,0.0,0.0,0.0,0.0,0.0,0.0,0.0,0.0,0.0,0.0,0.0,206.0,57.0,2.0,1.0,0.0,0.0,0.0,0.0,0.0,0.0,0.0,0.0,0.0,idle
,idle,,,,,,,,,,,,,,,,,,,,,,,,,,,,,,,,,,,,,idle
1778096812.7959075,g2.hpc.coe,41393.0,0.5001,0.0,0.0,0.0,12288.0,136137663619.0,136368564028.0,139261688.0,139446680.0,3127583.0,0.0,0.0,0.0,0.0,0.0,0.0,0.0,0.0,0.0,0.0,0.0,0.0,248.0,57.0,2.0,1.0,0.0,0.0,0.0,0.0,0.0,0.0,0.0,0.0,0.0,idle
,idle,,,,,,,,,,,,,,,,,,,,,,,,,,,,,,,,,,,,,idle
1778096813.2960153,g2.hpc.coe,41393.0,0.5001,0.0,0.0,0.0,12288.0,136137663910.0,136368564085.0,139261690.0,139446681.0,3127583.0,0.0,0.0,0.0,0.0,0.0,0.0,0.0,0.0,0.0,0.0,0.0,0.0,291.0,57.0,2.0,1.0,0.0,0.0,0.0,0.0,0.0,0.0,0.0,0.0,0.0,idle
,idle,,,,,,,,,,,,,,,,,,,,,,,,,,,,,,,,,,,,,idle
1778096813.7961388,g2.hpc.coe,41393.0,0.5001,0.0,0.0,0.0,12288.0,136137664243.0,136368564142.0,139261692.0,139446682.0,3127583.0,0.0,0.0,0.0,0.0,0.0,0.0,0.0,0.0,0.0,0.0,0.0,0.0,333.0,57.0,2.0,1.0,0.0,0.0,0.0,0.0,0.0,0.0,0.0,0.0,0.0,idle
,idle,,,,,,,,,,,,,,,,,,,,,,,,,,,,,,,,,,,,,idle
1778096814.2962646,g2.hpc.coe,41393.0,0.5001,0.0,0.0,0.0,12288.0,136137664618.0,136368564199.0,139261694.0,139446683.0,3127583.0,0.0,0.0,0.0,0.0,0.0,0.0,0.0,0.0,0.0,0.0,0.0,0.0,375.0,57.0,2.0,1.0,0.0,0.0,0.0,0.0,0.0,0.0,0.0,0.0,0.0,idle
,idle,,,,,,,,,,,,,,,,,,,,,,,,,,,,,,,,,,,,,idle
1778096814.7963705,g2.hpc.coe,41393.0,0.5001,0.0,0.0,0.0,12288.0,136137665035.0,136368564256.0,139261696.0,139446684.0,3127583.0,0.0,0.0,0.0,0.0,0.0,0.0,0.0,0.0,0.0,0.0,0.0,0.0,417.0,57.0,2.0,1.0,0.0,0.0,0.0,0.0,0.0,0.0,0.0,0.0,0.0,idle
,idle,,,,,,,,,,,,,,,,,,,,,,,,,,,,,,,,,,,,,idle
1778096815.2964754,g2.hpc.coe,41393.0,0.5001,0.0,0.0,0.0,12288.0,136137665495.0,136368564313.0,139261698.0,139446685.0,3127583.0,0.0,0.0,0.0,0.0,0.0,0.0,0.0,0.0,0.0,0.0,0.0,0.0,460.0,57.0,2.0,1.0,0.0,0.0,0.0,0.0,0.0,0.0,0.0,0.0,0.0,idle
,idle,,,,,,,,,,,,,,,,,,,,,,,,,,,,,,,,,,,,,idle
1778096815.7965846,g2.hpc.coe,41393.0,0.5001,0.0,0.0,0.0,12288.0,136137665997.0,136368564370.0,139261700.0,139446686.0,3127583.0,0.0,0.0,0.0,0.0,0.0,0.0,0.0,0.0,0.0,0.0,0.0,0.0,502.0,57.0,2.0,1.0,0.0,0.0,0.0,0.0,0.0,0.0,0.0,0.0,0.0,idle
,idle,,,,,,,,,,,,,,,,,,,,,,,,,,,,,,,,,,,,,idle
1778096816.296725,g2.hpc.coe,41393.0,0.5001,0.0,0.0,0.0,12288.0,136137666563.0,136368564449.0,139261703.0,139446688.0,3127583.0,0.0,0.0,0.0,0.0,0.0,0.0,0.0,0.0,0.0,0.0,0.0,0.0,566.0,79.0,3.0,2.0,0.0,0.0,0.0,0.0,0.0,0.0,0.0,0.0,0.0,idle
,idle,,,,,,,,,,,,,,,,,,,,,,,,,,,,,,,,,,,,,idle
1778096816.796827,g2.hpc.coe,41393.0,0.5001,0.0,0.0,0.0,12288.0,136137667171.0,136368564528.0,139261706.0,139446690.0,3127583.0,0.0,0.0,0.0,0.0,0.0,0.0,0.0,0.0,0.0,0.0,0.0,0.0,608.0,79.0,3.0,2.0,0.0,0.0,0.0,0.0,0.0,0.0,0.0,0.0,0.0,idle
,idle,,,,,,,,,,,,,,,,,,,,,,,,,,,,,,,,,,,,,idle
1778096817.2969556,g2.hpc.coe,41393.0,0.5001,0.0,0.0,0.0,12288.0,136137667821.0,136368564607.0,139261709.0,139446692.0,3127583.0,0.0,0.0,0.0,0.0,0.0,0.0,0.0,0.0,0.0,0.0,0.0,0.0,650.0,79.0,3.0,2.0,0.0,0.0,0.0,0.0,0.0,0.0,0.0,0.0,0.0,idle
,idle,,,,,,,,,,,,,,,,,,,,,,,,,,,,,,,,,,,,,idle
1778096817.797058,g2.hpc.coe,41393.0,0.5001,0.0,0.0,0.0,12288.0,136137668513.0,136368564686.0,139261712.0,139446694.0,3127583.0,0.0,0.0,0.0,0.0,0.0,0.0,0.0,0.0,0.0,0.0,0.0,0.0,692.0,79.0,3.0,2.0,0.0,0.0,0.0,0.0,0.0,0.0,0.0,0.0,0.0,idle
,idle,,,,,,,,,,,,,,,,,,,,,,,,,,,,,,,,,,,,,idle
1778096818.2971866,g2.hpc.coe,41393.0,0.5001,0.0,0.0,0.0,12288.0,136137669248.0,136368564765.0,139261715.0,139446696.0,3127583.0,0.0,0.0,0.0,0.0,0.0,0.0,0.0,0.0,0.0,0.0,0.0,0.0,735.0,79.0,3.0,2.0,0.0,0.0,0.0,0.0,0.0,0.0,0.0,0.0,0.0,idle
,idle,,,,,,,,,,,,,,,,,,,,,,,,,,,,,,,,,,,,,idle
1778096818.7973068,g2.hpc.coe,41393.0,0.5001,0.0,0.0,0.0,12288.0,136137670025.0,136368564844.0,139261718.0,139446698.0,3127583.0,0.0,0.0,0.0,0.0,0.0,0.0,0.0,0.0,0.0,0.0,0.0,0.0,777.0,79.0,3.0,2.0,0.0,0.0,0.0,0.0,0.0,0.0,0.0,0.0,0.0,idle
,idle,,,,,,,,,,,,,,,,,,,,,,,,,,,,,,,,,,,,,idle
1778096819.2974384,g2.hpc.coe,41393.0,0.5001,0.0,0.0,0.0,12288.0,136137670921.0,136368564978.0,139261723.0,139446701.0,3127583.0,0.0,0.0,0.0,0.0,0.0,0.0,0.0,0.0,0.0,0.0,0.0,0.0,896.0,134.0,5.0,3.0,0.0,0.0,0.0,0.0,0.0,0.0,0.0,0.0,0.0,idle
,idle,,,,,,,,,,,,,,,,,,,,,,,,,,,,,,,,,,,,,idle
1778096819.7975388,g2.hpc.coe,41393.0,0.5001,0.0,0.0,0.0,12288.0,136137671783.0,136368565057.0,139261726.0,139446703.0,3127583.0,0.0,0.0,0.0,0.0,0.0,0.0,0.0,0.0,0.0,0.0,0.0,0.0,862.0,79.0,3.0,2.0,0.0,0.0,0.0,0.0,0.0,0.0,0.0,0.0,0.0,idle
,idle,,,,,,,,,,,,,,,,,,,,,,,,,,,,,,,,,,,,,idle
1778096820.2976696,g2.hpc.coe,41393.0,0.5001,0.0,0.0,0.0,12288.0,136137672687.0,136368565136.0,139261729.0,139446705.0,3127583.0,0.0,0.0,0.0,0.0,0.0,0.0,0.0,0.0,0.0,0.0,0.0,0.0,904.0,79.0,3.0,2.0,0.0,0.0,0.0,0.0,0.0,0.0,0.0,0.0,0.0,idle
,idle,,,,,,,,,,,,,,,,,,,,,,,,,,,,,,,,,,,,,idle
1778096820.7977922,g2.hpc.coe,41393.0,0.5001,0.0,0.0,0.0,12288.0,136137673633.0,136368565215.0,139261732.0,139446707.0,3127583.0,0.0,0.0,0.0,0.0,0.0,0.0,0.0,0.0,0.0,0.0,0.0,0.0,946.0,79.0,3.0,2.0,0.0,0.0,0.0,0.0,0.0,0.0,0.0,0.0,0.0,idle
,idle,,,,,,,,,,,,,,,,,,,,,,,,,,,,,,,,,,,,,idle
1778096821.2979224,g2.hpc.coe,41393.0,0.5001,0.0,0.0,0.0,12288.0,136137674621.0,136368565294.0,139261735.0,139446709.0,3127583.0,0.0,0.0,0.0,0.0,0.0,0.0,0.0,0.0,0.0,0.0,0.0,0.0,988.0,79.0,3.0,2.0,0.0,0.0,0.0,0.0,0.0,0.0,0.0,0.0,0.0,idle
,idle,,,,,,,,,,,,,,,,,,,,,,,,,,,,,,,,,,,,,idle
1778096821.7980435,g2.hpc.coe,41393.0,0.5001,0.0,0.0,0.0,12288.0,136137675652.0,136368565373.0,139261738.0,139446711.0,3127583.0,0.0,0.0,0.0,0.0,0.0,0.0,0.0,0.0,0.0,0.0,0.0,0.0,1031.0,79.0,3.0,2.0,0.0,0.0,0.0,0.0,0.0,0.0,0.0,0.0,0.0,idle
,idle,,,,,,,,,,,,,,,,,,,,,,,,,,,,,,,,,,,,,idle
1778096822.2981706,g2.hpc.coe,41393.0,0.5001,0.0,0.0,0.0,12288.0,136137677370.0,136368565899.0,139261757.0,139446721.0,3127583.0,0.0,0.0,0.0,0.0,0.0,0.0,0.0,0.0,0.0,0.0,0.0,0.0,1718.0,526.0,19.0,10.0,0.0,0.0,0.0,0.0,0.0,0.0,0.0,0.0,0.0,idle
,idle,,,,,,,,,,,,,,,,,,,,,,,,,,,,,,,,,,,,,idle
1778096822.7982955,g2.hpc.coe,41393.0,0.5001,0.0,0.0,0.0,12288.0,136137678508.0,136368565978.0,139261761.0,139446723.0,3127583.0,0.0,0.0,0.0,0.0,0.0,0.0,0.0,0.0,0.0,0.0,0.0,0.0,1138.0,79.0,4.0,2.0,0.0,0.0,0.0,0.0,0.0,0.0,0.0,0.0,0.0,idle
,idle,,,,,,,,,,,,,,,,,,,,,,,,,,,,,,,,,,,,,idle
1778096823.2984293,g2.hpc.coe,41393.0,0.5001,0.0,0.0,0.0,12288.0,136137679689.0,136368566057.0,139261765.0,139446725.0,3127583.0,0.0,0.0,0.0,0.0,0.0,0.0,0.0,0.0,0.0,0.0,0.0,0.0,1181.0,79.0,4.0,2.0,0.0,0.0,0.0,0.0,0.0,0.0,0.0,0.0,0.0,idle
,idle,,,,,,,,,,,,,,,,,,,,,,,,,,,,,,,,,,,,,idle
1778096823.7985368,g2.hpc.coe,41393.0,0.5001,0.0,0.0,0.0,12288.0,136137679844.0,136368566114.0,139261767.0,139446726.0,3127583.0,0.0,0.0,0.0,0.0,0.0,0.0,0.0,0.0,0.0,0.0,0.0,0.0,155.0,57.0,2.0,1.0,0.0,0.0,0.0,0.0,0.0,0.0,0.0,0.0,0.0,idle
,idle,,,,,,,,,,,,,,,,,,,,,,,,,,,,,,,,,,,,,idle
1778096824.2986588,g2.hpc.coe,41393.0,0.5001,0.0,0.0,0.0,12288.0,136137680119.0,136368566226.0,139261771.0,139446728.0,3127583.0,0.0,0.0,0.0,0.0,0.0,0.0,0.0,0.0,0.0,0.0,0.0,0.0,275.0,112.0,4.0,2.0,0.0,0.0,0.0,0.0,0.0,0.0,0.0,0.0,0.0,idle
,idle,,,,,,,,,,,,,,,,,,,,,,,,,,,,,,,,,,,,,idle
1778096824.79878,g2.hpc.coe,41393.0,0.5001,0.0,0.0,0.0,12288.0,136137680359.0,136368566283.0,139261773.0,139446729.0,3127583.0,0.0,0.0,0.0,0.0,0.0,0.0,0.0,0.0,0.0,0.0,0.0,0.0,240.0,57.0,2.0,1.0,0.0,0.0,0.0,0.0,0.0,0.0,0.0,0.0,0.0,idle
,idle,,,,,,,,,,,,,,,,,,,,,,,,,,,,,,,,,,,,,idle
1778096825.2989202,g2.hpc.coe,41393.0,0.5001,0.0,0.0,0.0,12288.0,136137680641.0,136368566340.0,139261775.0,139446730.0,3127583.0,0.0,0.0,0.0,0.0,0.0,0.0,0.0,0.0,0.0,0.0,0.0,0.0,282.0,57.0,2.0,1.0,0.0,0.0,0.0,0.0,0.0,0.0,0.0,0.0,0.0,idle
,idle,,,,,,,,,,,,,,,,,,,,,,,,,,,,,,,,,,,,,idle
1778096825.7990444,g2.hpc.coe,41393.0,0.5001,0.0,0.0,0.0,12288.0,136137680965.0,136368566397.0,139261777.0,139446731.0,3127583.0,0.0,0.0,0.0,0.0,0.0,0.0,0.0,0.0,0.0,0.0,0.0,0.0,324.0,57.0,2.0,1.0,0.0,0.0,0.0,0.0,0.0,0.0,0.0,0.0,0.0,idle
,idle,,,,,,,,,,,,,,,,,,,,,,,,,,,,,,,,,,,,,idle
1778096826.2991734,g2.hpc.coe,41393.0,0.5001,0.0,0.0,0.0,12288.0,136137681331.0,136368566454.0,139261779.0,139446732.0,3127583.0,0.0,0.0,0.0,0.0,0.0,0.0,0.0,0.0,0.0,0.0,0.0,0.0,366.0,57.0,2.0,1.0,0.0,0.0,0.0,0.0,0.0,0.0,0.0,0.0,0.0,idle
,idle,,,,,,,,,,,,,,,,,,,,,,,,,,,,,,,,,,,,,idle
1778096826.7993014,g2.hpc.coe,41393.0,0.5001,0.0,0.0,0.0,12288.0,136137681740.0,136368566511.0,139261781.0,139446733.0,3127583.0,0.0,0.0,0.0,0.0,0.0,0.0,0.0,0.0,0.0,0.0,0.0,0.0,409.0,57.0,2.0,1.0,0.0,0.0,0.0,0.0,0.0,0.0,0.0,0.0,0.0,idle
,idle,,,,,,,,,,,,,,,,,,,,,,,,,,,,,,,,,,,,,idle
1778096827.2994227,g2.hpc.coe,41393.0,0.5001,0.0,0.0,0.0,12288.0,136137682191.0,136368566568.0,139261783.0,139446734.0,3127583.0,0.0,0.0,0.0,0.0,0.0,0.0,0.0,0.0,0.0,0.0,0.0,0.0,451.0,57.0,2.0,1.0,0.0,0.0,0.0,0.0,0.0,0.0,0.0,0.0,0.0,idle
,idle,,,,,,,,,,,,,,,,,,,,,,,,,,,,,,,,,,,,,idle
1778096827.799548,g2.hpc.coe,41393.0,0.5001,0.0,0.0,0.0,12288.0,136137682684.0,136368566625.0,139261785.0,139446735.0,3127583.0,0.0,0.0,0.0,0.0,0.0,0.0,0.0,0.0,0.0,0.0,0.0,0.0,493.0,57.0,2.0,1.0,0.0,0.0,0.0,0.0,0.0,0.0,0.0,0.0,0.0,idle
,idle,,,,,,,,,,,,,,,,,,,,,,,,,,,,,,,,,,,,,idle
1778096828.2996583,g2.hpc.coe,41393.0,0.5001,0.0,0.0,0.0,12288.0,136137683219.0,136368566682.0,139261787.0,139446736.0,3127583.0,0.0,0.0,0.0,0.0,0.0,0.0,0.0,0.0,0.0,0.0,0.0,0.0,535.0,57.0,2.0,1.0,0.0,0.0,0.0,0.0,0.0,0.0,0.0,0.0,0.0,idle
,idle,,,,,,,,,,,,,,,,,,,,,,,,,,,,,,,,,,,,,idle
1778096828.7997646,g2.hpc.coe,41393.0,0.5001,0.0,0.0,0.0,12288.0,136137683819.0,136368566761.0,139261790.0,139446738.0,3127583.0,0.0,0.0,0.0,0.0,0.0,0.0,0.0,0.0,0.0,0.0,0.0,0.0,600.0,79.0,3.0,2.0,0.0,0.0,0.0,0.0,0.0,0.0,0.0,0.0,0.0,idle
,idle,,,,,,,,,,,,,,,,,,,,,,,,,,,,,,,,,,,,,idle
1778096829.299894,g2.hpc.coe,41393.0,0.5001,0.0,0.0,0.0,12288.0,136137684538.0,136368566895.0,139261795.0,139446741.0,3127583.0,0.0,0.0,0.0,0.0,0.0,0.0,0.0,0.0,0.0,0.0,0.0,0.0,719.0,134.0,5.0,3.0,0.0,0.0,0.0,0.0,0.0,0.0,0.0,0.0,0.0,idle
,idle,,,,,,,,,,,,,,,,,,,,,,,,,,,,,,,,,,,,,idle
1778096829.8000205,g2.hpc.coe,41393.0,0.5001,0.0,0.0,0.0,12288.0,136137685222.0,136368566974.0,139261798.0,139446743.0,3127583.0,0.0,0.0,0.0,0.0,0.0,0.0,0.0,0.0,0.0,0.0,0.0,0.0,684.0,79.0,3.0,2.0,0.0,0.0,0.0,0.0,0.0,0.0,0.0,0.0,0.0,idle
,idle,,,,,,,,,,,,,,,,,,,,,,,,,,,,,,,,,,,,,idle
1778096830.3001454,g2.hpc.coe,41393.0,0.5001,0.0,0.0,0.0,12288.0,136137685948.0,136368567053.0,139261801.0,139446745.0,3127583.0,0.0,0.0,0.0,0.0,0.0,0.0,0.0,0.0,0.0,0.0,0.0,0.0,726.0,79.0,3.0,2.0,0.0,0.0,0.0,0.0,0.0,0.0,0.0,0.0,0.0,idle
,idle,,,,,,,,,,,,,,,,,,,,,,,,,,,,,,,,,,,,,idle
1778096830.8002665,g2.hpc.coe,41393.0,0.5001,0.0,0.0,0.0,12288.0,136137686717.0,136368567132.0,139261804.0,139446747.0,3127583.0,0.0,0.0,0.0,0.0,0.0,0.0,0.0,0.0,0.0,0.0,0.0,0.0,769.0,79.0,3.0,2.0,0.0,0.0,0.0,0.0,0.0,0.0,0.0,0.0,0.0,idle
,idle,,,,,,,,,,,,,,,,,,,,,,,,,,,,,,,,,,,,,idle
1778096831.3003876,g2.hpc.coe,41393.0,0.5001,0.0,0.0,0.0,12288.0,136137687528.0,136368567211.0,139261807.0,139446749.0,3127583.0,0.0,0.0,0.0,0.0,0.0,0.0,0.0,0.0,0.0,0.0,0.0,0.0,811.0,79.0,3.0,2.0,0.0,0.0,0.0,0.0,0.0,0.0,0.0,0.0,0.0,idle
,idle,,,,,,,,,,,,,,,,,,,,,,,,,,,,,,,,,,,,,idle
1778096831.800517,g2.hpc.coe,41393.0,0.5001,0.0,0.0,0.0,12288.0,136137688381.0,136368567290.0,139261810.0,139446751.0,3127583.0,0.0,0.0,0.0,0.0,0.0,0.0,0.0,0.0,0.0,0.0,0.0,0.0,853.0,79.0,3.0,2.0,0.0,0.0,0.0,0.0,0.0,0.0,0.0,0.0,0.0,idle
,idle,,,,,,,,,,,,,,,,,,,,,,,,,,,,,,,,,,,,,idle
1778096832.3006527,g2.hpc.coe,41393.0,0.5001,0.0,0.0,0.0,12288.0,136137689276.0,136368567369.0,139261813.0,139446753.0,3127583.0,0.0,0.0,0.0,0.0,0.0,0.0,0.0,0.0,0.0,0.0,0.0,0.0,895.0,79.0,3.0,2.0,0.0,0.0,0.0,0.0,0.0,0.0,0.0,0.0,0.0,idle
,idle,,,,,,,,,,,,,,,,,,,,,,,,,,,,,,,,,,,,,idle
1778096832.800774,g2.hpc.coe,41393.0,0.5001,0.0,0.0,0.0,12288.0,136137690213.0,136368567448.0,139261816.0,139446755.0,3127583.0,0.0,0.0,0.0,0.0,0.0,0.0,0.0,0.0,0.0,0.0,0.0,0.0,937.0,79.0,3.0,2.0,0.0,0.0,0.0,0.0,0.0,0.0,0.0,0.0,0.0,idle
,idle,,,,,,,,,,,,,,,,,,,,,,,,,,,,,,,,,,,,,idle
1778096833.300888,g2.hpc.coe,41393.0,0.5001,0.0,0.0,0.0,12288.0,136137691192.0,136368567527.0,139261819.0,139446757.0,3127583.0,0.0,0.0,0.0,0.0,0.0,0.0,0.0,0.0,0.0,0.0,0.0,0.0,979.0,79.0,3.0,2.0,0.0,0.0,0.0,0.0,0.0,0.0,0.0,0.0,0.0,idle
,idle,,,,,,,,,,,,,,,,,,,,,,,,,,,,,,,,,,,,,idle
1778096833.8010168,g2.hpc.coe,41393.0,0.5001,0.0,0.0,0.0,12288.0,136137692213.0,136368567606.0,139261822.0,139446759.0,3127583.0,0.0,0.0,0.0,0.0,0.0,0.0,0.0,0.0,0.0,0.0,0.0,0.0,1021.0,79.0,3.0,2.0,0.0,0.0,0.0,0.0,0.0,0.0,0.0,0.0,0.0,idle
,idle,,,,,,,,,,,,,,,,,,,,,,,,,,,,,,,,,,,,,idle
1778096834.301134,g2.hpc.coe,41393.0,0.5001,0.0,0.0,0.0,12288.0,136137693354.0,136368567740.0,139261827.0,139446762.0,3127583.0,0.0,0.0,0.0,0.0,0.0,0.0,0.0,0.0,0.0,0.0,0.0,0.0,1141.0,134.0,5.0,3.0,0.0,0.0,0.0,0.0,0.0,0.0,0.0,0.0,0.0,idle
,idle,,,,,,,,,,,,,,,,,,,,,,,,,,,,,,,,,,,,,idle
1778096834.8012516,g2.hpc.coe,41393.0,0.5001,0.0,0.0,0.0,12288.0,136137694505.0,136368567819.0,139261832.0,139446764.0,3127583.0,0.0,0.0,0.0,0.0,0.0,0.0,0.0,0.0,0.0,0.0,0.0,0.0,1151.0,79.0,5.0,2.0,0.0,0.0,0.0,0.0,0.0,0.0,0.0,0.0,0.0,idle
,idle,,,,,,,,,,,,,,,,,,,,,,,,,,,,,,,,,,,,,idle
1778096835.3013802,g2.hpc.coe,41393.0,0.5001,0.0,0.0,0.0,12288.0,136137695676.0,136368567898.0,139261836.0,139446766.0,3127583.0,0.0,0.0,0.0,0.0,0.0,0.0,0.0,0.0,0.0,0.0,0.0,0.0,1171.0,79.0,4.0,2.0,0.0,0.0,0.0,0.0,0.0,0.0,0.0,0.0,0.0,idle
,idle,,,,,,,,,,,,,,,,,,,,,,,,,,,,,,,,,,,,,idle
1778096835.8015034,g2.hpc.coe,41393.0,0.5001,0.0,0.0,0.0,12288.0,136137695822.0,136368567955.0,139261838.0,139446767.0,3127583.0,0.0,0.0,0.0,0.0,0.0,0.0,0.0,0.0,0.0,0.0,0.0,0.0,146.0,57.0,2.0,1.0,0.0,0.0,0.0,0.0,0.0,0.0,0.0,0.0,0.0,idle
,idle,,,,,,,,,,,,,,,,,,,,,,,,,,,,,,,,,,,,,idle
1778096836.3016284,g2.hpc.coe,41393.0,0.5001,0.0,0.0,0.0,12288.0,136137696010.0,136368568012.0,139261840.0,139446768.0,3127583.0,0.0,0.0,0.0,0.0,0.0,0.0,0.0,0.0,0.0,0.0,0.0,0.0,188.0,57.0,2.0,1.0,0.0,0.0,0.0,0.0,0.0,0.0,0.0,0.0,0.0,idle
,idle,,,,,,,,,,,,,,,,,,,,,,,,,,,,,,,,,,,,,idle
1778096836.801756,g2.hpc.coe,41393.0,0.5001,0.0,0.0,0.0,12288.0,136137696240.0,136368568069.0,139261842.0,139446769.0,3127583.0,0.0,0.0,0.0,0.0,0.0,0.0,0.0,0.0,0.0,0.0,0.0,0.0,230.0,57.0,2.0,1.0,0.0,0.0,0.0,0.0,0.0,0.0,0.0,0.0,0.0,idle
,idle,,,,,,,,,,,,,,,,,,,,,,,,,,,,,,,,,,,,,idle
1778096837.301882,g2.hpc.coe,41393.0,0.5001,0.0,0.0,0.0,12288.0,136137697135.0,136368568573.0,139261859.0,139446778.0,3127583.0,0.0,0.0,0.0,0.0,0.0,0.0,0.0,0.0,0.0,0.0,0.0,0.0,895.0,504.0,17.0,9.0,0.0,0.0,0.0,0.0,0.0,0.0,0.0,0.0,0.0,idle
,idle,,,,,,,,,,,,,,,,,,,,,,,,,,,,,,,,,,,,,idle
1778096837.8019838,g2.hpc.coe,41393.0,0.5001,0.0,0.0,0.0,12288.0,136137697450.0,136368568630.0,139261861.0,139446779.0,3127583.0,0.0,0.0,0.0,0.0,0.0,0.0,0.0,0.0,0.0,0.0,0.0,0.0,315.0,57.0,2.0,1.0,0.0,0.0,0.0,0.0,0.0,0.0,0.0,0.0,0.0,idle
,idle,,,,,,,,,,,,,,,,,,,,,,,,,,,,,,,,,,,,,idle
1778096838.3020964,g2.hpc.coe,41393.0,0.5001,0.0,0.0,0.0,12288.0,136137697807.0,136368568687.0,139261863.0,139446780.0,3127583.0,0.0,0.0,0.0,0.0,0.0,0.0,0.0,0.0,0.0,0.0,0.0,0.0,357.0,57.0,2.0,1.0,0.0,0.0,0.0,0.0,0.0,0.0,0.0,0.0,0.0,idle
,idle,,,,,,,,,,,,,,,,,,,,,,,,,,,,,,,,,,,,,idle
1778096838.802219,g2.hpc.coe,41393.0,0.5001,0.0,0.0,0.0,12288.0,136137698206.0,136368568744.0,139261865.0,139446781.0,3127583.0,0.0,0.0,0.0,0.0,0.0,0.0,0.0,0.0,0.0,0.0,0.0,0.0,399.0,57.0,2.0,1.0,0.0,0.0,0.0,0.0,0.0,0.0,0.0,0.0,0.0,idle
,idle,,,,,,,,,,,,,,,,,,,,,,,,,,,,,,,,,,,,,idle
1778096839.3023307,g2.hpc.coe,41393.0,0.5001,0.0,0.0,0.0,12288.0,136137698647.0,136368568801.0,139261867.0,139446782.0,3127583.0,0.0,0.0,0.0,0.0,0.0,0.0,0.0,0.0,0.0,0.0,0.0,0.0,441.0,57.0,2.0,1.0,0.0,0.0,0.0,0.0,0.0,0.0,0.0,0.0,0.0,idle
,idle,,,,,,,,,,,,,,,,,,,,,,,,,,,,,,,,,,,,,idle
1778096839.802457,g2.hpc.coe,41393.0,0.5001,0.0,0.0,0.0,12288.0,136137699208.0,136368568913.0,139261871.0,139446784.0,3127583.0,0.0,0.0,0.0,0.0,0.0,0.0,0.0,0.0,0.0,0.0,0.0,0.0,561.0,112.0,4.0,2.0,0.0,0.0,0.0,0.0,0.0,0.0,0.0,0.0,0.0,idle
,idle,,,,,,,,,,,,,,,,,,,,,,,,,,,,,,,,,,,,,idle
1778096840.3025808,g2.hpc.coe,41393.0,0.5001,0.0,0.0,0.0,12288.0,136137699734.0,136368568970.0,139261873.0,139446785.0,3127583.0,0.0,0.0,0.0,0.0,0.0,0.0,0.0,0.0,0.0,0.0,0.0,0.0,526.0,57.0,2.0,1.0,0.0,0.0,0.0,0.0,0.0,0.0,0.0,0.0,0.0,idle
,idle,,,,,,,,,,,,,,,,,,,,,,,,,,,,,,,,,,,,,idle
1778096840.8027046,g2.hpc.coe,41393.0,0.5001,0.0,0.0,0.0,12288.0,136137700324.0,136368569049.0,139261876.0,139446787.0,3127583.0,0.0,0.0,0.0,0.0,0.0,0.0,0.0,0.0,0.0,0.0,0.0,0.0,590.0,79.0,3.0,2.0,0.0,0.0,0.0,0.0,0.0,0.0,0.0,0.0,0.0,idle
,idle,,,,,,,,,,,,,,,,,,,,,,,,,,,,,,,,,,,,,idle
1778096841.302811,g2.hpc.coe,41393.0,0.5001,0.0,0.0,0.0,12288.0,136137700957.0,136368569128.0,139261879.0,139446789.0,3127583.0,0.0,0.0,0.0,0.0,0.0,0.0,0.0,0.0,0.0,0.0,0.0,0.0,633.0,79.0,3.0,2.0,0.0,0.0,0.0,0.0,0.0,0.0,0.0,0.0,0.0,idle
,idle,,,,,,,,,,,,,,,,,,,,,,,,,,,,,,,,,,,,,idle
1778096841.8029325,g2.hpc.coe,41393.0,0.5001,0.0,0.0,0.0,12288.0,136137701632.0,136368569207.0,139261882.0,139446791.0,3127583.0,0.0,0.0,0.0,0.0,0.0,0.0,0.0,0.0,0.0,0.0,0.0,0.0,675.0,79.0,3.0,2.0,0.0,0.0,0.0,0.0,0.0,0.0,0.0,0.0,0.0,idle
,idle,,,,,,,,,,,,,,,,,,,,,,,,,,,,,,,,,,,,,idle
1778096842.3030431,g2.hpc.coe,41393.0,0.5001,0.0,0.0,0.0,12288.0,136137702349.0,136368569286.0,139261885.0,139446793.0,3127583.0,0.0,0.0,0.0,0.0,0.0,0.0,0.0,0.0,0.0,0.0,0.0,0.0,717.0,79.0,3.0,2.0,0.0,0.0,0.0,0.0,0.0,0.0,0.0,0.0,0.0,idle
,idle,,,,,,,,,,,,,,,,,,,,,,,,,,,,,,,,,,,,,idle
1778096842.8031476,g2.hpc.coe,41393.0,0.5001,0.0,0.0,0.0,12288.0,136137703108.0,136368569365.0,139261888.0,139446795.0,3127583.0,0.0,0.0,0.0,0.0,0.0,0.0,0.0,0.0,0.0,0.0,0.0,0.0,759.0,79.0,3.0,2.0,0.0,0.0,0.0,0.0,0.0,0.0,0.0,0.0,0.0,idle
,idle,,,,,,,,,,,,,,,,,,,,,,,,,,,,,,,,,,,,,idle
1778096843.3032715,g2.hpc.coe,41393.0,0.5001,0.0,0.0,0.0,12288.0,136137703909.0,136368569444.0,139261891.0,139446797.0,3127583.0,0.0,0.0,0.0,0.0,0.0,0.0,0.0,0.0,0.0,0.0,0.0,0.0,801.0,79.0,3.0,2.0,0.0,0.0,0.0,0.0,0.0,0.0,0.0,0.0,0.0,idle
,idle,,,,,,,,,,,,,,,,,,,,,,,,,,,,,,,,,,,,,idle
1778096843.8034017,g2.hpc.coe,41393.0,0.5001,0.0,0.0,0.0,12288.0,136137704753.0,136368569523.0,139261894.0,139446799.0,3127583.0,0.0,0.0,0.0,0.0,0.0,0.0,0.0,0.0,0.0,0.0,0.0,0.0,844.0,79.0,3.0,2.0,0.0,0.0,0.0,0.0,0.0,0.0,0.0,0.0,0.0,idle
,idle,,,,,,,,,,,,,,,,,,,,,,,,,,,,,,,,,,,,,idle
1778096844.3035102,g2.hpc.coe,41393.0,0.5001,0.0,0.0,0.0,12288.0,136137705639.0,136368569602.0,139261897.0,139446801.0,3127583.0,0.0,0.0,0.0,0.0,0.0,0.0,0.0,0.0,0.0,0.0,0.0,0.0,886.0,79.0,3.0,2.0,0.0,0.0,0.0,0.0,0.0,0.0,0.0,0.0,0.0,idle
,idle,,,,,,,,,,,,,,,,,,,,,,,,,,,,,,,,,,,,,idle
1778096844.803638,g2.hpc.coe,41393.0,0.5001,0.0,0.0,0.0,12288.0,136137706644.0,136368569736.0,139261902.0,139446804.0,3127583.0,0.0,0.0,0.0,0.0,0.0,0.0,0.0,0.0,0.0,0.0,0.0,0.0,1005.0,134.0,5.0,3.0,0.0,0.0,0.0,0.0,0.0,0.0,0.0,0.0,0.0,idle
,idle,,,,,,,,,,,,,,,,,,,,,,,,,,,,,,,,,,,,,idle
1778096845.3037417,g2.hpc.coe,41393.0,0.5001,0.0,0.0,0.0,12288.0,136137707615.0,136368569815.0,139261905.0,139446806.0,3127583.0,0.0,0.0,0.0,0.0,0.0,0.0,0.0,0.0,0.0,0.0,0.0,0.0,971.0,79.0,3.0,2.0,0.0,0.0,0.0,0.0,0.0,0.0,0.0,0.0,0.0,idle
,idle,,,,,,,,,,,,,,,,,,,,,,,,,,,,,,,,,,,,,idle
1778096845.80387,g2.hpc.coe,41393.0,0.5001,0.0,0.0,0.0,12288.0,136137708628.0,136368569894.0,139261908.0,139446808.0,3127583.0,0.0,0.0,0.0,0.0,0.0,0.0,0.0,0.0,0.0,0.0,0.0,0.0,1013.0,79.0,3.0,2.0,0.0,0.0,0.0,0.0,0.0,0.0,0.0,0.0,0.0,idle
,idle,,,,,,,,,,,,,,,,,,,,,,,,,,,,,,,,,,,,,idle
1778096846.3039744,g2.hpc.coe,41393.0,0.5001,0.0,0.0,0.0,12288.0,136137709683.0,136368569973.0,139261911.0,139446810.0,3127583.0,0.0,0.0,0.0,0.0,0.0,0.0,0.0,0.0,0.0,0.0,0.0,0.0,1055.0,79.0,3.0,2.0,0.0,0.0,0.0,0.0,0.0,0.0,0.0,0.0,0.0,idle
,idle,,,,,,,,,,,,,,,,,,,,,,,,,,,,,,,,,,,,,idle
1778096846.8040788,g2.hpc.coe,41393.0,0.5001,0.0,0.0,0.0,12288.0,136137710802.0,136368570052.0,139261915.0,139446812.0,3127583.0,0.0,0.0,0.0,0.0,0.0,0.0,0.0,0.0,0.0,0.0,0.0,0.0,1119.0,79.0,4.0,2.0,0.0,0.0,0.0,0.0,0.0,0.0,0.0,0.0,0.0,idle
,idle,,,,,,,,,,,,,,,,,,,,,,,,,,,,,,,,,,,,,idle
1778096847.3042088,g2.hpc.coe,41393.0,0.5001,0.0,0.0,0.0,12288.0,136137711964.0,136368570131.0,139261919.0,139446814.0,3127583.0,0.0,0.0,0.0,0.0,0.0,0.0,0.0,0.0,0.0,0.0,0.0,0.0,1162.0,79.0,4.0,2.0,0.0,0.0,0.0,0.0,0.0,0.0,0.0,0.0,0.0,idle
,idle,,,,,,,,,,,,,,,,,,,,,,,,,,,,,,,,,,,,,idle
1778096847.8043566,g2.hpc.coe,41393.0,0.5001,0.0,0.0,0.0,12288.0,136137712100.0,136368570188.0,139261921.0,139446815.0,3127583.0,0.0,0.0,0.0,0.0,0.0,0.0,0.0,0.0,0.0,0.0,0.0,0.0,136.0,57.0,2.0,1.0,0.0,0.0,0.0,0.0,0.0,0.0,0.0,0.0,0.0,idle
,idle,,,,,,,,,,,,,,,,,,,,,,,,,,,,,,,,,,,,,idle
1778096848.3044803,g2.hpc.coe,41393.0,0.5001,0.0,0.0,0.0,12288.0,136137712279.0,136368570245.0,139261923.0,139446816.0,3127583.0,0.0,0.0,0.0,0.0,0.0,0.0,0.0,0.0,0.0,0.0,0.0,0.0,179.0,57.0,2.0,1.0,0.0,0.0,0.0,0.0,0.0,0.0,0.0,0.0,0.0,idle
,idle,,,,,,,,,,,,,,,,,,,,,,,,,,,,,,,,,,,,,idle
1778096848.8046088,g2.hpc.coe,41393.0,0.5001,0.0,0.0,0.0,12288.0,136137712500.0,136368570302.0,139261925.0,139446817.0,3127583.0,0.0,0.0,0.0,0.0,0.0,0.0,0.0,0.0,0.0,0.0,0.0,0.0,221.0,57.0,2.0,1.0,0.0,0.0,0.0,0.0,0.0,0.0,0.0,0.0,0.0,idle
,idle,,,,,,,,,,,,,,,,,,,,,,,,,,,,,,,,,,,,,idle
1778096849.3047345,g2.hpc.coe,41393.0,0.5001,0.0,0.0,0.0,12288.0,136137712763.0,136368570359.0,139261927.0,139446818.0,3127583.0,0.0,0.0,0.0,0.0,0.0,0.0,0.0,0.0,0.0,0.0,0.0,0.0,263.0,57.0,2.0,1.0,0.0,0.0,0.0,0.0,0.0,0.0,0.0,0.0,0.0,idle
,idle,,,,,,,,,,,,,,,,,,,,,,,,,,,,,,,,,,,,,idle
1778096849.804844,g2.hpc.coe,41393.0,0.5001,0.0,0.0,0.0,12288.0,136137713145.0,136368570471.0,139261931.0,139446820.0,3127583.0,0.0,0.0,0.0,0.0,0.0,0.0,0.0,0.0,0.0,0.0,0.0,0.0,382.0,112.0,4.0,2.0,0.0,0.0,0.0,0.0,0.0,0.0,0.0,0.0,0.0,idle
,idle,,,,,,,,,,,,,,,,,,,,,,,,,,,,,,,,,,,,,idle
1778096850.3049595,g2.hpc.coe,41393.0,0.5001,0.0,0.0,0.0,12288.0,136137713493.0,136368570528.0,139261933.0,139446821.0,3127583.0,0.0,0.0,0.0,0.0,0.0,0.0,0.0,0.0,0.0,0.0,0.0,0.0,348.0,57.0,2.0,1.0,0.0,0.0,0.0,0.0,0.0,0.0,0.0,0.0,0.0,idle
,idle,,,,,,,,,,,,,,,,,,,,,,,,,,,,,,,,,,,,,idle
1778096850.8050752,g2.hpc.coe,41393.0,0.5001,0.0,0.0,0.0,12288.0,136137713883.0,136368570585.0,139261935.0,139446822.0,3127583.0,0.0,0.0,0.0,0.0,0.0,0.0,0.0,0.0,0.0,0.0,0.0,0.0,390.0,57.0,2.0,1.0,0.0,0.0,0.0,0.0,0.0,0.0,0.0,0.0,0.0,idle
,idle,,,,,,,,,,,,,,,,,,,,,,,,,,,,,,,,,,,,,idle
1778096851.3051972,g2.hpc.coe,41393.0,0.5001,0.0,0.0,0.0,12288.0,136137714315.0,136368570642.0,139261937.0,139446823.0,3127583.0,0.0,0.0,0.0,0.0,0.0,0.0,0.0,0.0,0.0,0.0,0.0,0.0,432.0,57.0,2.0,1.0,0.0,0.0,0.0,0.0,0.0,0.0,0.0,0.0,0.0,idle
,idle,,,,,,,,,,,,,,,,,,,,,,,,,,,,,,,,,,,,,idle
1778096851.805299,g2.hpc.coe,41393.0,0.5001,0.0,0.0,0.0,12288.0,136137714790.0,136368570699.0,139261939.0,139446824.0,3127583.0,0.0,0.0,0.0,0.0,0.0,0.0,0.0,0.0,0.0,0.0,0.0,0.0,475.0,57.0,2.0,1.0,0.0,0.0,0.0,0.0,0.0,0.0,0.0,0.0,0.0,idle
,idle,,,,,,,,,,,,,,,,,,,,,,,,,,,,,,,,,,,,,idle
1778096852.3054285,g2.hpc.coe,41393.0,0.5001,0.0,0.0,0.0,12288.0,136137715930.0,136368571203.0,139261956.0,139446833.0,3127583.0,0.0,0.0,0.0,0.0,0.0,0.0,0.0,0.0,0.0,0.0,0.0,0.0,1140.0,504.0,17.0,9.0,0.0,0.0,0.0,0.0,0.0,0.0,0.0,0.0,0.0,idle
,idle,,,,,,,,,,,,,,,,,,,,,,,,,,,,,,,,,,,,,idle
1778096852.8055508,g2.hpc.coe,41393.0,0.5001,0.0,0.0,0.0,12288.0,136137716512.0,136368571282.0,139261959.0,139446835.0,3127583.0,0.0,0.0,0.0,0.0,0.0,0.0,0.0,0.0,0.0,0.0,0.0,0.0,582.0,79.0,3.0,2.0,0.0,0.0,0.0,0.0,0.0,0.0,0.0,0.0,0.0,idle
,idle,,,,,,,,,,,,,,,,,,,,,,,,,,,,,,,,,,,,,idle
1778096853.3056786,g2.hpc.coe,41393.0,0.5001,0.0,0.0,0.0,12288.0,136137717136.0,136368571361.0,139261962.0,139446837.0,3127583.0,0.0,0.0,0.0,0.0,0.0,0.0,0.0,0.0,0.0,0.0,0.0,0.0,624.0,79.0,3.0,2.0,0.0,0.0,0.0,0.0,0.0,0.0,0.0,0.0,0.0,idle
,idle,,,,,,,,,,,,,,,,,,,,,,,,,,,,,,,,,,,,,idle
1778096853.8058035,g2.hpc.coe,41393.0,0.5001,0.0,0.0,0.0,12288.0,136137717802.0,136368571440.0,139261965.0,139446839.0,3127583.0,0.0,0.0,0.0,0.0,0.0,0.0,0.0,0.0,0.0,0.0,0.0,0.0,666.0,79.0,3.0,2.0,0.0,0.0,0.0,0.0,0.0,0.0,0.0,0.0,0.0,idle
,idle,,,,,,,,,,,,,,,,,,,,,,,,,,,,,,,,,,,,,idle
1778096854.3059354,g2.hpc.coe,41393.0,0.5001,0.0,0.0,0.0,12288.0,136137718510.0,136368571519.0,139261968.0,139446841.0,3127583.0,0.0,0.0,0.0,0.0,0.0,0.0,0.0,0.0,0.0,0.0,0.0,0.0,708.0,79.0,3.0,2.0,0.0,0.0,0.0,0.0,0.0,0.0,0.0,0.0,0.0,idle
,idle,,,,,,,,,,,,,,,,,,,,,,,,,,,,,,,,,,,,,idle
1778096854.8060424,g2.hpc.coe,41393.0,0.5001,0.0,0.0,0.0,12288.0,136137719338.0,136368571653.0,139261973.0,139446844.0,3127583.0,0.0,0.0,0.0,0.0,0.0,0.0,0.0,0.0,0.0,0.0,0.0,0.0,828.0,134.0,5.0,3.0,0.0,0.0,0.0,0.0,0.0,0.0,0.0,0.0,0.0,idle
,idle,,,,,,,,,,,,,,,,,,,,,,,,,,,,,,,,,,,,,idle
1778096855.3061678,g2.hpc.coe,41393.0,0.5001,0.0,0.0,0.0,12288.0,136137720131.0,136368571732.0,139261976.0,139446846.0,3127583.0,0.0,0.0,0.0,0.0,0.0,0.0,0.0,0.0,0.0,0.0,0.0,0.0,793.0,79.0,3.0,2.0,0.0,0.0,0.0,0.0,0.0,0.0,0.0,0.0,0.0,idle
,idle,,,,,,,,,,,,,,,,,,,,,,,,,,,,,,,,,,,,,idle
1778096855.806294,g2.hpc.coe,41393.0,0.5001,0.0,0.0,0.0,12288.0,136137720966.0,136368571811.0,139261979.0,139446848.0,3127583.0,0.0,0.0,0.0,0.0,0.0,0.0,0.0,0.0,0.0,0.0,0.0,0.0,835.0,79.0,3.0,2.0,0.0,0.0,0.0,0.0,0.0,0.0,0.0,0.0,0.0,idle
,idle,,,,,,,,,,,,,,,,,,,,,,,,,,,,,,,,,,,,,idle
1778096856.306419,g2.hpc.coe,41393.0,0.5001,0.0,0.0,0.0,12288.0,136137721843.0,136368571890.0,139261982.0,139446850.0,3127583.0,0.0,0.0,0.0,0.0,0.0,0.0,0.0,0.0,0.0,0.0,0.0,0.0,877.0,79.0,3.0,2.0,0.0,0.0,0.0,0.0,0.0,0.0,0.0,0.0,0.0,idle
,idle,,,,,,,,,,,,,,,,,,,,,,,,,,,,,,,,,,,,,idle
1778096856.8065248,g2.hpc.coe,41393.0,0.5001,0.0,0.0,0.0,12288.0,136137722763.0,136368571969.0,139261985.0,139446852.0,3127583.0,0.0,0.0,0.0,0.0,0.0,0.0,0.0,0.0,0.0,0.0,0.0,0.0,920.0,79.0,3.0,2.0,0.0,0.0,0.0,0.0,0.0,0.0,0.0,0.0,0.0,idle
,idle,,,,,,,,,,,,,,,,,,,,,,,,,,,,,,,,,,,,,idle
1778096857.306649,g2.hpc.coe,41393.0,0.5001,0.0,0.0,0.0,12288.0,136137723725.0,136368572048.0,139261988.0,139446854.0,3127583.0,0.0,0.0,0.0,0.0,0.0,0.0,0.0,0.0,0.0,0.0,0.0,0.0,962.0,79.0,3.0,2.0,0.0,0.0,0.0,0.0,0.0,0.0,0.0,0.0,0.0,idle
,idle,,,,,,,,,,,,,,,,,,,,,,,,,,,,,,,,,,,,,idle
1778096857.8067515,g2.hpc.coe,41393.0,0.5001,0.0,0.0,0.0,12288.0,136137724729.0,136368572127.0,139261991.0,139446856.0,3127583.0,0.0,0.0,0.0,0.0,0.0,0.0,0.0,0.0,0.0,0.0,0.0,0.0,1004.0,79.0,3.0,2.0,0.0,0.0,0.0,0.0,0.0,0.0,0.0,0.0,0.0,idle
,idle,,,,,,,,,,,,,,,,,,,,,,,,,,,,,,,,,,,,,idle
1778096858.3068836,g2.hpc.coe,41393.0,0.5001,0.0,0.0,0.0,12288.0,136137725775.0,136368572206.0,139261994.0,139446858.0,3127583.0,0.0,0.0,0.0,0.0,0.0,0.0,0.0,0.0,0.0,0.0,0.0,0.0,1046.0,79.0,3.0,2.0,0.0,0.0,0.0,0.0,0.0,0.0,0.0,0.0,0.0,idle
,idle,,,,,,,,,,,,,,,,,,,,,,,,,,,,,,,,,,,,,idle
1778096858.807008,g2.hpc.coe,41393.0,0.5001,0.0,0.0,0.0,12288.0,136137726886.0,136368572285.0,139261998.0,139446860.0,3127583.0,0.0,0.0,0.0,0.0,0.0,0.0,0.0,0.0,0.0,0.0,0.0,0.0,1111.0,79.0,4.0,2.0,0.0,0.0,0.0,0.0,0.0,0.0,0.0,0.0,0.0,idle
,idle,,,,,,,,,,,,,,,,,,,,,,,,,,,,,,,,,,,,,idle
1778096859.3071463,g2.hpc.coe,41393.0,0.5001,0.0,0.0,0.0,12288.0,136137728296.0,136368572619.0,139262007.0,139446867.0,3127583.0,0.0,0.0,0.0,0.0,0.0,0.0,0.0,0.0,0.0,0.0,0.0,0.0,1410.0,334.0,9.0,7.0,0.0,0.0,0.0,0.0,0.0,0.0,0.0,0.0,0.0,idle
,idle,,,,,,,,,,,,,,,,,,,,,,,,,,,,,,,,,,,,,idle
1778096859.8072696,g2.hpc.coe,41393.0,0.5001,0.0,0.0,0.0,12288.0,136137728446.0,136368572676.0,139262010.0,139446868.0,3127583.0,0.0,0.0,0.0,0.0,0.0,0.0,0.0,0.0,0.0,0.0,0.0,0.0,150.0,57.0,3.0,1.0,0.0,0.0,0.0,0.0,0.0,0.0,0.0,0.0,0.0,idle
,idle,,,,,,,,,,,,,,,,,,,,,,,,,,,,,,,,,,,,,idle
1778096860.3073945,g2.hpc.coe,41393.0,0.5001,0.0,0.0,0.0,12288.0,136137728693.0,136368572788.0,139262014.0,139446870.0,3127583.0,0.0,0.0,0.0,0.0,0.0,0.0,0.0,0.0,0.0,0.0,0.0,0.0,247.0,112.0,4.0,2.0,0.0,0.0,0.0,0.0,0.0,0.0,0.0,0.0,0.0,idle
,idle,,,,,,,,,,,,,,,,,,,,,,,,,,,,,,,,,,,,,idle
1778096860.8075063,g2.hpc.coe,41393.0,0.5001,0.0,0.0,0.0,12288.0,136137728906.0,136368572845.0,139262016.0,139446871.0,3127583.0,0.0,0.0,0.0,0.0,0.0,0.0,0.0,0.0,0.0,0.0,0.0,0.0,213.0,57.0,2.0,1.0,0.0,0.0,0.0,0.0,0.0,0.0,0.0,0.0,0.0,idle
,idle,,,,,,,,,,,,,,,,,,,,,,,,,,,,,,,,,,,,,idle
1778096861.3076353,g2.hpc.coe,41393.0,0.5001,0.0,0.0,0.0,12288.0,136137729161.0,136368572902.0,139262018.0,139446872.0,3127583.0,0.0,0.0,0.0,0.0,0.0,0.0,0.0,0.0,0.0,0.0,0.0,0.0,255.0,57.0,2.0,1.0,0.0,0.0,0.0,0.0,0.0,0.0,0.0,0.0,0.0,idle
,idle,,,,,,,,,,,,,,,,,,,,,,,,,,,,,,,,,,,,,idle
1778096861.8077557,g2.hpc.coe,41393.0,0.5001,0.0,0.0,0.0,12288.0,136137729458.0,136368572959.0,139262020.0,139446873.0,3127583.0,0.0,0.0,0.0,0.0,0.0,0.0,0.0,0.0,0.0,0.0,0.0,0.0,297.0,57.0,2.0,1.0,0.0,0.0,0.0,0.0,0.0,0.0,0.0,0.0,0.0,idle
,idle,,,,,,,,,,,,,,,,,,,,,,,,,,,,,,,,,,,,,idle
1778096862.3078735,g2.hpc.coe,41393.0,0.5001,0.0,0.0,0.0,12288.0,136137729797.0,136368573016.0,139262022.0,139446874.0,3127583.0,0.0,0.0,0.0,0.0,0.0,0.0,0.0,0.0,0.0,0.0,0.0,0.0,339.0,57.0,2.0,1.0,0.0,0.0,0.0,0.0,0.0,0.0,0.0,0.0,0.0,idle
,idle,,,,,,,,,,,,,,,,,,,,,,,,,,,,,,,,,,,,,idle
1778096862.807979,g2.hpc.coe,41393.0,0.5001,0.0,0.0,0.0,12288.0,136137730179.0,136368573073.0,139262024.0,139446875.0,3127583.0,0.0,0.0,0.0,0.0,0.0,0.0,0.0,0.0,0.0,0.0,0.0,0.0,382.0,57.0,2.0,1.0,0.0,0.0,0.0,0.0,0.0,0.0,0.0,0.0,0.0,idle
,idle,,,,,,,,,,,,,,,,,,,,,,,,,,,,,,,,,,,,,idle
1778096863.3081064,g2.hpc.coe,41393.0,0.5001,0.0,0.0,0.0,12288.0,136137730603.0,136368573130.0,139262026.0,139446876.0,3127583.0,0.0,0.0,0.0,0.0,0.0,0.0,0.0,0.0,0.0,0.0,0.0,0.0,424.0,57.0,2.0,1.0,0.0,0.0,0.0,0.0,0.0,0.0,0.0,0.0,0.0,idle
,idle,,,,,,,,,,,,,,,,,,,,,,,,,,,,,,,,,,,,,idle
1778096863.8082314,g2.hpc.coe,41393.0,0.5001,0.0,0.0,0.0,12288.0,136137731069.0,136368573187.0,139262028.0,139446877.0,3127583.0,0.0,0.0,0.0,0.0,0.0,0.0,0.0,0.0,0.0,0.0,0.0,0.0,466.0,57.0,2.0,1.0,0.0,0.0,0.0,0.0,0.0,0.0,0.0,0.0,0.0,idle
,idle,,,,,,,,,,,,,,,,,,,,,,,,,,,,,,,,,,,,,idle
1778096864.3083596,g2.hpc.coe,41393.0,0.5001,0.0,0.0,0.0,12288.0,136137731577.0,136368573244.0,139262030.0,139446878.0,3127583.0,0.0,0.0,0.0,0.0,0.0,0.0,0.0,0.0,0.0,0.0,0.0,0.0,508.0,57.0,2.0,1.0,0.0,0.0,0.0,0.0,0.0,0.0,0.0,0.0,0.0,idle
,idle,,,,,,,,,,,,,,,,,,,,,,,,,,,,,,,,,,,,,idle
1778096864.8084838,g2.hpc.coe,41393.0,0.5001,0.0,0.0,0.0,12288.0,136137732150.0,136368573323.0,139262033.0,139446880.0,3127583.0,0.0,0.0,0.0,0.0,0.0,0.0,0.0,0.0,0.0,0.0,0.0,0.0,573.0,79.0,3.0,2.0,0.0,0.0,0.0,0.0,0.0,0.0,0.0,0.0,0.0,idle
,idle,,,,,,,,,,,,,,,,,,,,,,,,,,,,,,,,,,,,,idle
1778096865.3085945,g2.hpc.coe,41393.0,0.5001,0.0,0.0,0.0,12288.0,136137732842.0,136368573457.0,139262038.0,139446883.0,3127583.0,0.0,0.0,0.0,0.0,0.0,0.0,0.0,0.0,0.0,0.0,0.0,0.0,692.0,134.0,5.0,3.0,0.0,0.0,0.0,0.0,0.0,0.0,0.0,0.0,0.0,idle
,idle,,,,,,,,,,,,,,,,,,,,,,,,,,,,,,,,,,,,,idle
1778096865.8087187,g2.hpc.coe,41393.0,0.5001,0.0,0.0,0.0,12288.0,136137733499.0,136368573536.0,139262041.0,139446885.0,3127583.0,0.0,0.0,0.0,0.0,0.0,0.0,0.0,0.0,0.0,0.0,0.0,0.0,657.0,79.0,3.0,2.0,0.0,0.0,0.0,0.0,0.0,0.0,0.0,0.0,0.0,idle
,idle,,,,,,,,,,,,,,,,,,,,,,,,,,,,,,,,,,,,,idle
1778096866.308841,g2.hpc.coe,41393.0,0.5001,0.0,0.0,0.0,12288.0,136137734199.0,136368573615.0,139262044.0,139446887.0,3127583.0,0.0,0.0,0.0,0.0,0.0,0.0,0.0,0.0,0.0,0.0,0.0,0.0,700.0,79.0,3.0,2.0,0.0,0.0,0.0,0.0,0.0,0.0,0.0,0.0,0.0,idle
,idle,,,,,,,,,,,,,,,,,,,,,,,,,,,,,,,,,,,,,idle
1778096866.8089652,g2.hpc.coe,41393.0,0.5001,0.0,0.0,0.0,12288.0,136137734941.0,136368573694.0,139262047.0,139446889.0,3127583.0,0.0,0.0,0.0,0.0,0.0,0.0,0.0,0.0,0.0,0.0,0.0,0.0,742.0,79.0,3.0,2.0,0.0,0.0,0.0,0.0,0.0,0.0,0.0,0.0,0.0,idle
,idle,,,,,,,,,,,,,,,,,,,,,,,,,,,,,,,,,,,,,idle
1778096867.309088,g2.hpc.coe,41393.0,0.5001,0.0,0.0,0.0,12288.0,136137736348.0,136368574220.0,139262065.0,139446899.0,3127583.0,0.0,0.0,0.0,0.0,0.0,0.0,0.0,0.0,0.0,0.0,0.0,0.0,1407.0,526.0,18.0,10.0,0.0,0.0,0.0,0.0,0.0,0.0,0.0,0.0,0.0,idle
,idle,,,,,,,,,,,,,,,,,,,,,,,,,,,,,,,,,,,,,idle
1778096867.809208,g2.hpc.coe,41393.0,0.5001,0.0,0.0,0.0,12288.0,136137737175.0,136368574299.0,139262068.0,139446901.0,3127583.0,0.0,0.0,0.0,0.0,0.0,0.0,0.0,0.0,0.0,0.0,0.0,0.0,827.0,79.0,3.0,2.0,0.0,0.0,0.0,0.0,0.0,0.0,0.0,0.0,0.0,idle
,idle,,,,,,,,,,,,,,,,,,,,,,,,,,,,,,,,,,,,,idle
1778096868.3093514,g2.hpc.coe,41393.0,0.5001,0.0,0.0,0.0,12288.0,136137738044.0,136368574378.0,139262071.0,139446903.0,3127583.0,0.0,0.0,0.0,0.0,0.0,0.0,0.0,0.0,0.0,0.0,0.0,0.0,869.0,79.0,3.0,2.0,0.0,0.0,0.0,0.0,0.0,0.0,0.0,0.0,0.0,idle
,idle,,,,,,,,,,,,,,,,,,,,,,,,,,,,,,,,,,,,,idle
1778096868.809481,g2.hpc.coe,41393.0,0.5001,0.0,0.0,0.0,12288.0,136137738955.0,136368574457.0,139262074.0,139446905.0,3127583.0,0.0,0.0,0.0,0.0,0.0,0.0,0.0,0.0,0.0,0.0,0.0,0.0,911.0,79.0,3.0,2.0,0.0,0.0,0.0,0.0,0.0,0.0,0.0,0.0,0.0,idle
,idle,,,,,,,,,,,,,,,,,,,,,,,,,,,,,,,,,,,,,idle
1778096869.309605,g2.hpc.coe,41393.0,0.5001,0.0,0.0,0.0,12288.0,136137739908.0,136368574536.0,139262077.0,139446907.0,3127583.0,0.0,0.0,0.0,0.0,0.0,0.0,0.0,0.0,0.0,0.0,0.0,0.0,953.0,79.0,3.0,2.0,0.0,0.0,0.0,0.0,0.0,0.0,0.0,0.0,0.0,idle
,idle,,,,,,,,,,,,,,,,,,,,,,,,,,,,,,,,,,,,,idle
1778096869.8097117,g2.hpc.coe,41393.0,0.5001,0.0,0.0,0.0,12288.0,136137740903.0,136368574615.0,139262080.0,139446909.0,3127583.0,0.0,0.0,0.0,0.0,0.0,0.0,0.0,0.0,0.0,0.0,0.0,0.0,995.0,79.0,3.0,2.0,0.0,0.0,0.0,0.0,0.0,0.0,0.0,0.0,0.0,idle
,idle,,,,,,,,,,,,,,,,,,,,,,,,,,,,,,,,,,,,,idle
1778096870.3098383,g2.hpc.coe,41393.0,0.5001,0.0,0.0,0.0,12288.0,136137742017.0,136368574749.0,139262085.0,139446912.0,3127583.0,0.0,0.0,0.0,0.0,0.0,0.0,0.0,0.0,0.0,0.0,0.0,0.0,1114.0,134.0,5.0,3.0,0.0,0.0,0.0,0.0,0.0,0.0,0.0,0.0,0.0,idle
,idle,,,,,,,,,,,,,,,,,,,,,,,,,,,,,,,,,,,,,idle
1778096870.809966,g2.hpc.coe,41393.0,0.5001,0.0,0.0,0.0,12288.0,136137743119.0,136368574828.0,139262089.0,139446914.0,3127583.0,0.0,0.0,0.0,0.0,0.0,0.0,0.0,0.0,0.0,0.0,0.0,0.0,1102.0,79.0,4.0,2.0,0.0,0.0,0.0,0.0,0.0,0.0,0.0,0.0,0.0,idle
,idle,,,,,,,,,,,,,,,,,,,,,,,,,,,,,,,,,,,,,idle
1778096871.310094,g2.hpc.coe,41393.0,0.5001,0.0,0.0,0.0,12288.0,136137744263.0,136368574907.0,139262093.0,139446916.0,3127583.0,0.0,0.0,0.0,0.0,0.0,0.0,0.0,0.0,0.0,0.0,0.0,0.0,1144.0,79.0,4.0,2.0,0.0,0.0,0.0,0.0,0.0,0.0,0.0,0.0,0.0,idle
,idle,,,,,,,,,,,,,,,,,,,,,,,,,,,,,,,,,,,,,idle
1778096871.810225,g2.hpc.coe,41393.0,0.5001,0.0,0.0,0.0,12288.0,136137745450.0,136368574986.0,139262097.0,139446918.0,3127583.0,0.0,0.0,0.0,0.0,0.0,0.0,0.0,0.0,0.0,0.0,0.0,0.0,1187.0,79.0,4.0,2.0,0.0,0.0,0.0,0.0,0.0,0.0,0.0,0.0,0.0,idle
,idle,,,,,,,,,,,,,,,,,,,,,,,,,,,,,,,,,,,,,idle
1778096872.3103564,g2.hpc.coe,41393.0,0.5001,0.0,0.0,0.0,12288.0,136137745611.0,136368575043.0,139262099.0,139446919.0,3127583.0,0.0,0.0,0.0,0.0,0.0,0.0,0.0,0.0,0.0,0.0,0.0,0.0,161.0,57.0,2.0,1.0,0.0,0.0,0.0,0.0,0.0,0.0,0.0,0.0,0.0,idle
,idle,,,,,,,,,,,,,,,,,,,,,,,,,,,,,,,,,,,,,idle
1778096872.810468,g2.hpc.coe,41393.0,0.5001,0.0,0.0,0.0,12288.0,136137745814.0,136368575100.0,139262101.0,139446920.0,3127583.0,0.0,0.0,0.0,0.0,0.0,0.0,0.0,0.0,0.0,0.0,0.0,0.0,203.0,57.0,2.0,1.0,0.0,0.0,0.0,0.0,0.0,0.0,0.0,0.0,0.0,idle
,idle,,,,,,,,,,,,,,,,,,,,,,,,,,,,,,,,,,,,,idle
1778096873.310597,g2.hpc.coe,41393.0,0.5001,0.0,0.0,0.0,12288.0,136137746059.0,136368575157.0,139262103.0,139446921.0,3127583.0,0.0,0.0,0.0,0.0,0.0,0.0,0.0,0.0,0.0,0.0,0.0,0.0,245.0,57.0,2.0,1.0,0.0,0.0,0.0,0.0,0.0,0.0,0.0,0.0,0.0,idle
,idle,,,,,,,,,,,,,,,,,,,,,,,,,,,,,,,,,,,,,idle
1778096873.8107188,g2.hpc.coe,41393.0,0.5001,0.0,0.0,0.0,12288.0,136137746346.0,136368575214.0,139262105.0,139446922.0,3127583.0,0.0,0.0,0.0,0.0,0.0,0.0,0.0,0.0,0.0,0.0,0.0,0.0,287.0,57.0,2.0,1.0,0.0,0.0,0.0,0.0,0.0,0.0,0.0,0.0,0.0,idle
,idle,,,,,,,,,,,,,,,,,,,,,,,,,,,,,,,,,,,,,idle
1778096874.3108485,g2.hpc.coe,41393.0,0.5001,0.0,0.0,0.0,12288.0,136137746675.0,136368575271.0,139262107.0,139446923.0,3127583.0,0.0,0.0,0.0,0.0,0.0,0.0,0.0,0.0,0.0,0.0,0.0,0.0,329.0,57.0,2.0,1.0,0.0,0.0,0.0,0.0,0.0,0.0,0.0,0.0,0.0,idle
,idle,,,,,,,,,,,,,,,,,,,,,,,,,,,,,,,,,,,,,idle
1778096874.810974,g2.hpc.coe,41393.0,0.5001,0.0,0.0,0.0,12288.0,136137747047.0,136368575328.0,139262109.0,139446924.0,3127583.0,0.0,0.0,0.0,0.0,0.0,0.0,0.0,0.0,0.0,0.0,0.0,0.0,372.0,57.0,2.0,1.0,0.0,0.0,0.0,0.0,0.0,0.0,0.0,0.0,0.0,idle
,idle,,,,,,,,,,,,,,,,,,,,,,,,,,,,,,,,,,,,,idle
1778096875.3111062,g2.hpc.coe,41393.0,0.5001,0.0,0.0,0.0,12288.0,136137747538.0,136368575440.0,139262113.0,139446926.0,3127583.0,0.0,0.0,0.0,0.0,0.0,0.0,0.0,0.0,0.0,0.0,0.0,0.0,491.0,112.0,4.0,2.0,0.0,0.0,0.0,0.0,0.0,0.0,0.0,0.0,0.0,idle
,idle,,,,,,,,,,,,,,,,,,,,,,,,,,,,,,,,,,,,,idle
1778096875.8112094,g2.hpc.coe,41393.0,0.5001,0.0,0.0,0.0,12288.0,136137747994.0,136368575497.0,139262115.0,139446927.0,3127583.0,0.0,0.0,0.0,0.0,0.0,0.0,0.0,0.0,0.0,0.0,0.0,0.0,456.0,57.0,2.0,1.0,0.0,0.0,0.0,0.0,0.0,0.0,0.0,0.0,0.0,idle
,idle,,,,,,,,,,,,,,,,,,,,,,,,,,,,,,,,,,,,,idle
1778096876.3113449,g2.hpc.coe,41393.0,0.5001,0.0,0.0,0.0,12288.0,136137748492.0,136368575554.0,139262117.0,139446928.0,3127583.0,0.0,0.0,0.0,0.0,0.0,0.0,0.0,0.0,0.0,0.0,0.0,0.0,498.0,57.0,2.0,1.0,0.0,0.0,0.0,0.0,0.0,0.0,0.0,0.0,0.0,idle
,idle,,,,,,,,,,,,,,,,,,,,,,,,,,,,,,,,,,,,,idle
1778096876.8114758,g2.hpc.coe,41393.0,0.5001,0.0,0.0,0.0,12288.0,136137749033.0,136368575611.0,139262119.0,139446929.0,3127583.0,0.0,0.0,0.0,0.0,0.0,0.0,0.0,0.0,0.0,0.0,0.0,0.0,541.0,57.0,2.0,1.0,0.0,0.0,0.0,0.0,0.0,0.0,0.0,0.0,0.0,idle
,idle,,,,,,,,,,,,,,,,,,,,,,,,,,,,,,,,,,,,,idle
1778096877.3116045,g2.hpc.coe,41393.0,0.5001,0.0,0.0,0.0,12288.0,136137749638.0,136368575690.0,139262122.0,139446931.0,3127583.0,0.0,0.0,0.0,0.0,0.0,0.0,0.0,0.0,0.0,0.0,0.0,0.0,605.0,79.0,3.0,2.0,0.0,0.0,0.0,0.0,0.0,0.0,0.0,0.0,0.0,idle
,idle,,,,,,,,,,,,,,,,,,,,,,,,,,,,,,,,,,,,,idle
1778096877.8117366,g2.hpc.coe,41393.0,0.5001,0.0,0.0,0.0,12288.0,136137750285.0,136368575769.0,139262125.0,139446933.0,3127583.0,0.0,0.0,0.0,0.0,0.0,0.0,0.0,0.0,0.0,0.0,0.0,0.0,647.0,79.0,3.0,2.0,0.0,0.0,0.0,0.0,0.0,0.0,0.0,0.0,0.0,idle
,idle,,,,,,,,,,,,,,,,,,,,,,,,,,,,,,,,,,,,,idle
1778096878.3118412,g2.hpc.coe,41393.0,0.5001,0.0,0.0,0.0,12288.0,136137750974.0,136368575848.0,139262128.0,139446935.0,3127583.0,0.0,0.0,0.0,0.0,0.0,0.0,0.0,0.0,0.0,0.0,0.0,0.0,689.0,79.0,3.0,2.0,0.0,0.0,0.0,0.0,0.0,0.0,0.0,0.0,0.0,idle
,idle,,,,,,,,,,,,,,,,,,,,,,,,,,,,,,,,,,,,,idle
1778096878.8119645,g2.hpc.coe,41393.0,0.5001,0.0,0.0,0.0,12288.0,136137751706.0,136368575927.0,139262131.0,139446937.0,3127583.0,0.0,0.0,0.0,0.0,0.0,0.0,0.0,0.0,0.0,0.0,0.0,0.0,732.0,79.0,3.0,2.0,0.0,0.0,0.0,0.0,0.0,0.0,0.0,0.0,0.0,idle
,idle,,,,,,,,,,,,,,,,,,,,,,,,,,,,,,,,,,,,,idle
1778096879.312098,g2.hpc.coe,41393.0,0.5001,0.0,0.0,0.0,12288.0,136137752480.0,136368576006.0,139262134.0,139446939.0,3127583.0,0.0,0.0,0.0,0.0,0.0,0.0,0.0,0.0,0.0,0.0,0.0,0.0,774.0,79.0,3.0,2.0,0.0,0.0,0.0,0.0,0.0,0.0,0.0,0.0,0.0,idle
,idle,,,,,,,,,,,,,,,,,,,,,,,,,,,,,,,,,,,,,idle
1778096879.812237,g2.hpc.coe,41393.0,0.5001,0.0,0.0,0.0,12288.0,136137753296.0,136368576085.0,139262137.0,139446941.0,3127583.0,0.0,0.0,0.0,0.0,0.0,0.0,0.0,0.0,0.0,0.0,0.0,0.0,816.0,79.0,3.0,2.0,0.0,0.0,0.0,0.0,0.0,0.0,0.0,0.0,0.0,idle
,idle,,,,,,,,,,,,,,,,,,,,,,,,,,,,,,,,,,,,,idle
1778096880.3123622,g2.hpc.coe,41393.0,0.5001,0.0,0.0,0.0,12288.0,136137754154.0,136368576164.0,139262140.0,139446943.0,3127583.0,0.0,0.0,0.0,0.0,0.0,0.0,0.0,0.0,0.0,0.0,0.0,0.0,858.0,79.0,3.0,2.0,0.0,0.0,0.0,0.0,0.0,0.0,0.0,0.0,0.0,idle
,idle,,,,,,,,,,,,,,,,,,,,,,,,,,,,,,,,,,,,,idle
1778096880.8124754,g2.hpc.coe,41393.0,0.5001,0.0,0.0,0.0,12288.0,136137755131.0,136368576298.0,139262145.0,139446946.0,3127583.0,0.0,0.0,0.0,0.0,0.0,0.0,0.0,0.0,0.0,0.0,0.0,0.0,977.0,134.0,5.0,3.0,0.0,0.0,0.0,0.0,0.0,0.0,0.0,0.0,0.0,idle
,idle,,,,,,,,,,,,,,,,,,,,,,,,,,,,,,,,,,,,,idle
1778096881.312608,g2.hpc.coe,41393.0,0.5001,0.0,0.0,0.0,12288.0,136137756074.0,136368576377.0,139262148.0,139446948.0,3127583.0,0.0,0.0,0.0,0.0,0.0,0.0,0.0,0.0,0.0,0.0,0.0,0.0,943.0,79.0,3.0,2.0,0.0,0.0,0.0,0.0,0.0,0.0,0.0,0.0,0.0,idle
,idle,,,,,,,,,,,,,,,,,,,,,,,,,,,,,,,,,,,,,idle
1778096881.812727,g2.hpc.coe,41393.0,0.5001,0.0,0.0,0.0,12288.0,136137757059.0,136368576456.0,139262151.0,139446950.0,3127583.0,0.0,0.0,0.0,0.0,0.0,0.0,0.0,0.0,0.0,0.0,0.0,0.0,985.0,79.0,3.0,2.0,0.0,0.0,0.0,0.0,0.0,0.0,0.0,0.0,0.0,idle
,idle,,,,,,,,,,,,,,,,,,,,,,,,,,,,,,,,,,,,,idle
1778096882.3128314,g2.hpc.coe,41393.0,0.5001,0.0,0.0,0.0,12288.0,136137758709.0,136368576982.0,139262169.0,139446960.0,3127583.0,0.0,0.0,0.0,0.0,0.0,0.0,0.0,0.0,0.0,0.0,0.0,0.0,1650.0,526.0,18.0,10.0,0.0,0.0,0.0,0.0,0.0,0.0,0.0,0.0,0.0,idle
,idle,,,,,,,,,,,,,,,,,,,,,,,,,,,,,,,,,,,,,idle
1778096882.8129685,g2.hpc.coe,41393.0,0.5001,0.0,0.0,0.0,12288.0,136137759801.0,136368577061.0,139262173.0,139446962.0,3127583.0,0.0,0.0,0.0,0.0,0.0,0.0,0.0,0.0,0.0,0.0,0.0,0.0,1092.0,79.0,4.0,2.0,0.0,0.0,0.0,0.0,0.0,0.0,0.0,0.0,0.0,idle
,idle,,,,,,,,,,,,,,,,,,,,,,,,,,,,,,,,,,,,,idle
1778096883.3131,g2.hpc.coe,41393.0,0.5001,0.0,0.0,0.0,12288.0,136137760935.0,136368577140.0,139262177.0,139446964.0,3127583.0,0.0,0.0,0.0,0.0,0.0,0.0,0.0,0.0,0.0,0.0,0.0,0.0,1134.0,79.0,4.0,2.0,0.0,0.0,0.0,0.0,0.0,0.0,0.0,0.0,0.0,idle
,idle,,,,,,,,,,,,,,,,,,,,,,,,,,,,,,,,,,,,,idle
1778096883.813231,g2.hpc.coe,41393.0,0.5001,0.0,0.0,0.0,12288.0,136137762112.0,136368577219.0,139262181.0,139446966.0,3127583.0,0.0,0.0,0.0,0.0,0.0,0.0,0.0,0.0,0.0,0.0,0.0,0.0,1177.0,79.0,4.0,2.0,0.0,0.0,0.0,0.0,0.0,0.0,0.0,0.0,0.0,idle
,idle,,,,,,,,,,,,,,,,,,,,,,,,,,,,,,,,,,,,,idle
1778096884.3133626,g2.hpc.coe,41393.0,0.5001,0.0,0.0,0.0,12288.0,136137762263.0,136368577276.0,139262183.0,139446967.0,3127583.0,0.0,0.0,0.0,0.0,0.0,0.0,0.0,0.0,0.0,0.0,0.0,0.0,151.0,57.0,2.0,1.0,0.0,0.0,0.0,0.0,0.0,0.0,0.0,0.0,0.0,idle
,idle,,,,,,,,,,,,,,,,,,,,,,,,,,,,,,,,,,,,,idle
1778096884.813467,g2.hpc.coe,41393.0,0.5001,0.0,0.0,0.0,12288.0,136137762456.0,136368577333.0,139262185.0,139446968.0,3127583.0,0.0,0.0,0.0,0.0,0.0,0.0,0.0,0.0,0.0,0.0,0.0,0.0,193.0,57.0,2.0,1.0,0.0,0.0,0.0,0.0,0.0,0.0,0.0,0.0,0.0,idle
,idle,,,,,,,,,,,,,,,,,,,,,,,,,,,,,,,,,,,,,idle
1778096885.3135886,g2.hpc.coe,41393.0,0.5001,0.0,0.0,0.0,12288.0,136137762691.0,136368577390.0,139262187.0,139446969.0,3127583.0,0.0,0.0,0.0,0.0,0.0,0.0,0.0,0.0,0.0,0.0,0.0,0.0,235.0,57.0,2.0,1.0,0.0,0.0,0.0,0.0,0.0,0.0,0.0,0.0,0.0,idle
,idle,,,,,,,,,,,,,,,,,,,,,,,,,,,,,,,,,,,,,idle
1778096885.8137116,g2.hpc.coe,41393.0,0.5001,0.0,0.0,0.0,12288.0,136137763046.0,136368577502.0,139262191.0,139446971.0,3127583.0,0.0,0.0,0.0,0.0,0.0,0.0,0.0,0.0,0.0,0.0,0.0,0.0,355.0,112.0,4.0,2.0,0.0,0.0,0.0,0.0,0.0,0.0,0.0,0.0,0.0,idle
,idle,,,,,,,,,,,,,,,,,,,,,,,,,,,,,,,,,,,,,idle
1778096886.3138368,g2.hpc.coe,41393.0,0.5001,0.0,0.0,0.0,12288.0,136137763366.0,136368577559.0,139262193.0,139446972.0,3127583.0,0.0,0.0,0.0,0.0,0.0,0.0,0.0,0.0,0.0,0.0,0.0,0.0,320.0,57.0,2.0,1.0,0.0,0.0,0.0,0.0,0.0,0.0,0.0,0.0,0.0,idle
,idle,,,,,,,,,,,,,,,,,,,,,,,,,,,,,,,,,,,,,idle
1778096886.813965,g2.hpc.coe,41393.0,0.5001,0.0,0.0,0.0,12288.0,136137763728.0,136368577616.0,139262195.0,139446973.0,3127583.0,0.0,0.0,0.0,0.0,0.0,0.0,0.0,0.0,0.0,0.0,0.0,0.0,362.0,57.0,2.0,1.0,0.0,0.0,0.0,0.0,0.0,0.0,0.0,0.0,0.0,idle
,idle,,,,,,,,,,,,,,,,,,,,,,,,,,,,,,,,,,,,,idle
1778096887.3140986,g2.hpc.coe,41393.0,0.5001,0.0,0.0,0.0,12288.0,136137764133.0,136368577673.0,139262197.0,139446974.0,3127583.0,0.0,0.0,0.0,0.0,0.0,0.0,0.0,0.0,0.0,0.0,0.0,0.0,405.0,57.0,2.0,1.0,0.0,0.0,0.0,0.0,0.0,0.0,0.0,0.0,0.0,idle
,idle,,,,,,,,,,,,,,,,,,,,,,,,,,,,,,,,,,,,,idle
1778096887.814222,g2.hpc.coe,41393.0,0.5001,0.0,0.0,0.0,12288.0,136137764580.0,136368577730.0,139262199.0,139446975.0,3127583.0,0.0,0.0,0.0,0.0,0.0,0.0,0.0,0.0,0.0,0.0,0.0,0.0,447.0,57.0,2.0,1.0,0.0,0.0,0.0,0.0,0.0,0.0,0.0,0.0,0.0,idle
,idle,,,,,,,,,,,,,,,,,,,,,,,,,,,,,,,,,,,,,idle
1778096888.3143263,g2.hpc.coe,41393.0,0.5001,0.0,0.0,0.0,12288.0,136137765069.0,136368577787.0,139262201.0,139446976.0,3127583.0,0.0,0.0,0.0,0.0,0.0,0.0,0.0,0.0,0.0,0.0,0.0,0.0,489.0,57.0,2.0,1.0,0.0,0.0,0.0,0.0,0.0,0.0,0.0,0.0,0.0,idle
,idle,,,,,,,,,,,,,,,,,,,,,,,,,,,,,,,,,,,,,idle
1778096888.8144534,g2.hpc.coe,41393.0,0.5001,0.0,0.0,0.0,12288.0,136137765600.0,136368577844.0,139262203.0,139446977.0,3127583.0,0.0,0.0,0.0,0.0,0.0,0.0,0.0,0.0,0.0,0.0,0.0,0.0,531.0,57.0,2.0,1.0,0.0,0.0,0.0,0.0,0.0,0.0,0.0,0.0,0.0,idle
,idle,,,,,,,,,,,,,,,,,,,,,,,,,,,,,,,,,,,,,idle
1778096889.3145633,g2.hpc.coe,41393.0,0.5001,0.0,0.0,0.0,12288.0,136137766196.0,136368577923.0,139262206.0,139446979.0,3127583.0,0.0,0.0,0.0,0.0,0.0,0.0,0.0,0.0,0.0,0.0,0.0,0.0,596.0,79.0,3.0,2.0,0.0,0.0,0.0,0.0,0.0,0.0,0.0,0.0,0.0,idle
,idle,,,,,,,,,,,,,,,,,,,,,,,,,,,,,,,,,,,,,idle
1778096889.8146803,g2.hpc.coe,41393.0,0.5001,0.0,0.0,0.0,12288.0,136137766834.0,136368578002.0,139262209.0,139446981.0,3127583.0,0.0,0.0,0.0,0.0,0.0,0.0,0.0,0.0,0.0,0.0,0.0,0.0,638.0,79.0,3.0,2.0,0.0,0.0,0.0,0.0,0.0,0.0,0.0,0.0,0.0,idle
,idle,,,,,,,,,,,,,,,,,,,,,,,,,,,,,,,,,,,,,idle
1778096890.314804,g2.hpc.coe,41393.0,0.5001,0.0,0.0,0.0,12288.0,136137767514.0,136368578081.0,139262212.0,139446983.0,3127583.0,0.0,0.0,0.0,0.0,0.0,0.0,0.0,0.0,0.0,0.0,0.0,0.0,680.0,79.0,3.0,2.0,0.0,0.0,0.0,0.0,0.0,0.0,0.0,0.0,0.0,idle
,idle,,,,,,,,,,,,,,,,,,,,,,,,,,,,,,,,,,,,,idle
1778096890.8149242,g2.hpc.coe,41393.0,0.5001,0.0,0.0,0.0,12288.0,136137768313.0,136368578215.0,139262217.0,139446986.0,3127583.0,0.0,0.0,0.0,0.0,0.0,0.0,0.0,0.0,0.0,0.0,0.0,0.0,799.0,134.0,5.0,3.0,0.0,0.0,0.0,0.0,0.0,0.0,0.0,0.0,0.0,idle
,idle,,,,,,,,,,,,,,,,,,,,,,,,,,,,,,,,,,,,,idle
1778096891.315048,g2.hpc.coe,41393.0,0.5001,0.0,0.0,0.0,12288.0,136137769078.0,136368578294.0,139262220.0,139446988.0,3127583.0,0.0,0.0,0.0,0.0,0.0,0.0,0.0,0.0,0.0,0.0,0.0,0.0,765.0,79.0,3.0,2.0,0.0,0.0,0.0,0.0,0.0,0.0,0.0,0.0,0.0,idle
,idle,,,,,,,,,,,,,,,,,,,,,,,,,,,,,,,,,,,,,idle
1778096891.8151746,g2.hpc.coe,41393.0,0.5001,0.0,0.0,0.0,12288.0,136137769885.0,136368578373.0,139262223.0,139446990.0,3127583.0,0.0,0.0,0.0,0.0,0.0,0.0,0.0,0.0,0.0,0.0,0.0,0.0,807.0,79.0,3.0,2.0,0.0,0.0,0.0,0.0,0.0,0.0,0.0,0.0,0.0,idle
,idle,,,,,,,,,,,,,,,,,,,,,,,,,,,,,,,,,,,,,idle
1778096892.315305,g2.hpc.coe,41393.0,0.5001,0.0,0.0,0.0,12288.0,136137770734.0,136368578452.0,139262226.0,139446992.0,3127583.0,0.0,0.0,0.0,0.0,0.0,0.0,0.0,0.0,0.0,0.0,0.0,0.0,849.0,79.0,3.0,2.0,0.0,0.0,0.0,0.0,0.0,0.0,0.0,0.0,0.0,idle
,idle,,,,,,,,,,,,,,,,,,,,,,,,,,,,,,,,,,,,,idle
1778096892.815428,g2.hpc.coe,41393.0,0.5001,0.0,0.0,0.0,12288.0,136137771625.0,136368578531.0,139262229.0,139446994.0,3127583.0,0.0,0.0,0.0,0.0,0.0,0.0,0.0,0.0,0.0,0.0,0.0,0.0,891.0,79.0,3.0,2.0,0.0,0.0,0.0,0.0,0.0,0.0,0.0,0.0,0.0,idle
,idle,,,,,,,,,,,,,,,,,,,,,,,,,,,,,,,,,,,,,idle
1778096893.3155308,g2.hpc.coe,41393.0,0.5001,0.0,0.0,0.0,12288.0,136137772558.0,136368578610.0,139262232.0,139446996.0,3127583.0,0.0,0.0,0.0,0.0,0.0,0.0,0.0,0.0,0.0,0.0,0.0,0.0,933.0,79.0,3.0,2.0,0.0,0.0,0.0,0.0,0.0,0.0,0.0,0.0,0.0,idle
,idle,,,,,,,,,,,,,,,,,,,,,,,,,,,,,,,,,,,,,idle
1778096893.815667,g2.hpc.coe,41393.0,0.5001,0.0,0.0,0.0,12288.0,136137773533.0,136368578689.0,139262235.0,139446998.0,3127583.0,0.0,0.0,0.0,0.0,0.0,0.0,0.0,0.0,0.0,0.0,0.0,0.0,975.0,79.0,3.0,2.0,0.0,0.0,0.0,0.0,0.0,0.0,0.0,0.0,0.0,idle
,idle,,,,,,,,,,,,,,,,,,,,,,,,,,,,,,,,,,,,,idle
1778096894.3157914,g2.hpc.coe,41393.0,0.5001,0.0,0.0,0.0,12288.0,136137774550.0,136368578768.0,139262238.0,139447000.0,3127583.0,0.0,0.0,0.0,0.0,0.0,0.0,0.0,0.0,0.0,0.0,0.0,0.0,1017.0,79.0,3.0,2.0,0.0,0.0,0.0,0.0,0.0,0.0,0.0,0.0,0.0,idle
,idle,,,,,,,,,,,,,,,,,,,,,,,,,,,,,,,,,,,,,idle
1778096894.8159132,g2.hpc.coe,41393.0,0.5001,0.0,0.0,0.0,12288.0,136137775610.0,136368578847.0,139262241.0,139447002.0,3127583.0,0.0,0.0,0.0,0.0,0.0,0.0,0.0,0.0,0.0,0.0,0.0,0.0,1060.0,79.0,3.0,2.0,0.0,0.0,0.0,0.0,0.0,0.0,0.0,0.0,0.0,idle
,idle,,,,,,,,,,,,,,,,,,,,,,,,,,,,,,,,,,,,,idle
1778096895.3160295,g2.hpc.coe,41393.0,0.5001,0.0,0.0,0.0,12288.0,136137776734.0,136368578926.0,139262245.0,139447004.0,3127583.0,0.0,0.0,0.0,0.0,0.0,0.0,0.0,0.0,0.0,0.0,0.0,0.0,1124.0,79.0,4.0,2.0,0.0,0.0,0.0,0.0,0.0,0.0,0.0,0.0,0.0,idle
,idle,,,,,,,,,,,,,,,,,,,,,,,,,,,,,,,,,,,,,idle
1778096895.8161528,g2.hpc.coe,41393.0,0.5001,0.0,0.0,0.0,12288.0,136137777978.0,136368579060.0,139262251.0,139447007.0,3127583.0,0.0,0.0,0.0,0.0,0.0,0.0,0.0,0.0,0.0,0.0,0.0,0.0,1244.0,134.0,6.0,3.0,0.0,0.0,0.0,0.0,0.0,0.0,0.0,0.0,0.0,idle
,idle,,,,,,,,,,,,,,,,,,,,,,,,,,,,,,,,,,,,,idle
1778096896.316279,g2.hpc.coe,41393.0,0.5001,0.0,0.0,0.0,12288.0,136137778120.0,136368579117.0,139262253.0,139447008.0,3127583.0,0.0,0.0,0.0,0.0,0.0,0.0,0.0,0.0,0.0,0.0,0.0,0.0,142.0,57.0,2.0,1.0,0.0,0.0,0.0,0.0,0.0,0.0,0.0,0.0,0.0,idle
,idle,,,,,,,,,,,,,,,,,,,,,,,,,,,,,,,,,,,,,idle
1778096896.8163805,g2.hpc.coe,41393.0,0.5001,0.0,0.0,0.0,12288.0,136137778304.0,136368579174.0,139262255.0,139447009.0,3127583.0,0.0,0.0,0.0,0.0,0.0,0.0,0.0,0.0,0.0,0.0,0.0,0.0,184.0,57.0,2.0,1.0,0.0,0.0,0.0,0.0,0.0,0.0,0.0,0.0,0.0,idle
,idle,,,,,,,,,,,,,,,,,,,,,,,,,,,,,,,,,,,,,idle
1778096897.3164854,g2.hpc.coe,41393.0,0.5001,0.0,0.0,0.0,12288.0,136137779153.0,136368579678.0,139262272.0,139447018.0,3127583.0,0.0,0.0,0.0,0.0,0.0,0.0,0.0,0.0,0.0,0.0,0.0,0.0,849.0,504.0,17.0,9.0,0.0,0.0,0.0,0.0,0.0,0.0,0.0,0.0,0.0,idle
,idle,,,,,,,,,,,,,,,,,,,,,,,,,,,,,,,,,,,,,idle
1778096897.816612,g2.hpc.coe,41393.0,0.5001,0.0,0.0,0.0,12288.0,136137779422.0,136368579735.0,139262274.0,139447019.0,3127583.0,0.0,0.0,0.0,0.0,0.0,0.0,0.0,0.0,0.0,0.0,0.0,0.0,269.0,57.0,2.0,1.0,0.0,0.0,0.0,0.0,0.0,0.0,0.0,0.0,0.0,idle
,idle,,,,,,,,,,,,,,,,,,,,,,,,,,,,,,,,,,,,,idle
1778096898.3167424,g2.hpc.coe,41393.0,0.5001,0.0,0.0,0.0,12288.0,136137779733.0,136368579792.0,139262276.0,139447020.0,3127583.0,0.0,0.0,0.0,0.0,0.0,0.0,0.0,0.0,0.0,0.0,0.0,0.0,311.0,57.0,2.0,1.0,0.0,0.0,0.0,0.0,0.0,0.0,0.0,0.0,0.0,idle
,idle,,,,,,,,,,,,,,,,,,,,,,,,,,,,,,,,,,,,,idle
1778096898.816874,g2.hpc.coe,41393.0,0.5001,0.0,0.0,0.0,12288.0,136137780086.0,136368579849.0,139262278.0,139447021.0,3127583.0,0.0,0.0,0.0,0.0,0.0,0.0,0.0,0.0,0.0,0.0,0.0,0.0,353.0,57.0,2.0,1.0,0.0,0.0,0.0,0.0,0.0,0.0,0.0,0.0,0.0,idle
,idle,,,,,,,,,,,,,,,,,,,,,,,,,,,,,,,,,,,,,idle
1778096899.3169813,g2.hpc.coe,41393.0,0.5001,0.0,0.0,0.0,12288.0,136137780481.0,136368579906.0,139262280.0,139447022.0,3127583.0,0.0,0.0,0.0,0.0,0.0,0.0,0.0,0.0,0.0,0.0,0.0,0.0,395.0,57.0,2.0,1.0,0.0,0.0,0.0,0.0,0.0,0.0,0.0,0.0,0.0,idle
,idle,,,,,,,,,,,,,,,,,,,,,,,,,,,,,,,,,,,,,idle
1778096899.817128,g2.hpc.coe,41393.0,0.5001,0.0,0.0,0.0,12288.0,136137780918.0,136368579963.0,139262282.0,139447023.0,3127583.0,0.0,0.0,0.0,0.0,0.0,0.0,0.0,0.0,0.0,0.0,0.0,0.0,437.0,57.0,2.0,1.0,0.0,0.0,0.0,0.0,0.0,0.0,0.0,0.0,0.0,idle
,idle,,,,,,,,,,,,,,,,,,,,,,,,,,,,,,,,,,,,,idle
1778096900.3172576,g2.hpc.coe,41393.0,0.5001,0.0,0.0,0.0,12288.0,136137781397.0,136368580020.0,139262284.0,139447024.0,3127583.0,0.0,0.0,0.0,0.0,0.0,0.0,0.0,0.0,0.0,0.0,0.0,0.0,479.0,57.0,2.0,1.0,0.0,0.0,0.0,0.0,0.0,0.0,0.0,0.0,0.0,idle
,idle,,,,,,,,,,,,,,,,,,,,,,,,,,,,,,,,,,,,,idle
1778096900.8173585,g2.hpc.coe,41393.0,0.5001,0.0,0.0,0.0,12288.0,136137781918.0,136368580077.0,139262286.0,139447025.0,3127583.0,0.0,0.0,0.0,0.0,0.0,0.0,0.0,0.0,0.0,0.0,0.0,0.0,521.0,57.0,2.0,1.0,0.0,0.0,0.0,0.0,0.0,0.0,0.0,0.0,0.0,idle
,idle,,,,,,,,,,,,,,,,,,,,,,,,,,,,,,,,,,,,,idle
1778096901.3174891,g2.hpc.coe,41393.0,0.5001,0.0,0.0,0.0,12288.0,136137782559.0,136368580211.0,139262290.0,139447028.0,3127583.0,0.0,0.0,0.0,0.0,0.0,0.0,0.0,0.0,0.0,0.0,0.0,0.0,641.0,134.0,4.0,3.0,0.0,0.0,0.0,0.0,0.0,0.0,0.0,0.0,0.0,idle
,idle,,,,,,,,,,,,,,,,,,,,,,,,,,,,,,,,,,,,,idle
1778096901.817612,g2.hpc.coe,41393.0,0.5001,0.0,0.0,0.0,12288.0,136137783187.0,136368580290.0,139262293.0,139447030.0,3127583.0,0.0,0.0,0.0,0.0,0.0,0.0,0.0,0.0,0.0,0.0,0.0,0.0,628.0,79.0,3.0,2.0,0.0,0.0,0.0,0.0,0.0,0.0,0.0,0.0,0.0,idle
,idle,,,,,,,,,,,,,,,,,,,,,,,,,,,,,,,,,,,,,idle
1778096902.3177426,g2.hpc.coe,41393.0,0.5001,0.0,0.0,0.0,12288.0,136137783857.0,136368580369.0,139262296.0,139447032.0,3127583.0,0.0,0.0,0.0,0.0,0.0,0.0,0.0,0.0,0.0,0.0,0.0,0.0,670.0,79.0,3.0,2.0,0.0,0.0,0.0,0.0,0.0,0.0,0.0,0.0,0.0,idle
,idle,,,,,,,,,,,,,,,,,,,,,,,,,,,,,,,,,,,,,idle
1778096902.817843,g2.hpc.coe,41393.0,0.5001,0.0,0.0,0.0,12288.0,136137784569.0,136368580448.0,139262299.0,139447034.0,3127583.0,0.0,0.0,0.0,0.0,0.0,0.0,0.0,0.0,0.0,0.0,0.0,0.0,712.0,79.0,3.0,2.0,0.0,0.0,0.0,0.0,0.0,0.0,0.0,0.0,0.0,idle
,idle,,,,,,,,,,,,,,,,,,,,,,,,,,,,,,,,,,,,,idle
1778096903.317967,g2.hpc.coe,41393.0,0.5001,0.0,0.0,0.0,12288.0,136137785323.0,136368580527.0,139262302.0,139447036.0,3127583.0,0.0,0.0,0.0,0.0,0.0,0.0,0.0,0.0,0.0,0.0,0.0,0.0,754.0,79.0,3.0,2.0,0.0,0.0,0.0,0.0,0.0,0.0,0.0,0.0,0.0,idle
,idle,,,,,,,,,,,,,,,,,,,,,,,,,,,,,,,,,,,,,idle
1778096903.8180895,g2.hpc.coe,41393.0,0.5001,0.0,0.0,0.0,12288.0,136137786119.0,136368580606.0,139262305.0,139447038.0,3127583.0,0.0,0.0,0.0,0.0,0.0,0.0,0.0,0.0,0.0,0.0,0.0,0.0,796.0,79.0,3.0,2.0,0.0,0.0,0.0,0.0,0.0,0.0,0.0,0.0,0.0,idle
,idle,,,,,,,,,,,,,,,,,,,,,,,,,,,,,,,,,,,,,idle
1778096904.3182173,g2.hpc.coe,41393.0,0.5001,0.0,0.0,0.0,12288.0,136137786958.0,136368580685.0,139262308.0,139447040.0,3127583.0,0.0,0.0,0.0,0.0,0.0,0.0,0.0,0.0,0.0,0.0,0.0,0.0,839.0,79.0,3.0,2.0,0.0,0.0,0.0,0.0,0.0,0.0,0.0,0.0,0.0,idle
,idle,,,,,,,,,,,,,,,,,,,,,,,,,,,,,,,,,,,,,idle
1778096904.8183527,g2.hpc.coe,41393.0,0.5001,0.0,0.0,0.0,12288.0,136137787839.0,136368580764.0,139262311.0,139447042.0,3127583.0,0.0,0.0,0.0,0.0,0.0,0.0,0.0,0.0,0.0,0.0,0.0,0.0,881.0,79.0,3.0,2.0,0.0,0.0,0.0,0.0,0.0,0.0,0.0,0.0,0.0,idle
,idle,,,,,,,,,,,,,,,,,,,,,,,,,,,,,,,,,,,,,idle
1778096905.3184786,g2.hpc.coe,41393.0,0.5001,0.0,0.0,0.0,12288.0,136137788762.0,136368580843.0,139262314.0,139447044.0,3127583.0,0.0,0.0,0.0,0.0,0.0,0.0,0.0,0.0,0.0,0.0,0.0,0.0,923.0,79.0,3.0,2.0,0.0,0.0,0.0,0.0,0.0,0.0,0.0,0.0,0.0,idle
,idle,,,,,,,,,,,,,,,,,,,,,,,,,,,,,,,,,,,,,idle
1778096905.8186069,g2.hpc.coe,41393.0,0.5001,0.0,0.0,0.0,12288.0,136137789727.0,136368580922.0,139262317.0,139447046.0,3127583.0,0.0,0.0,0.0,0.0,0.0,0.0,0.0,0.0,0.0,0.0,0.0,0.0,965.0,79.0,3.0,2.0,0.0,0.0,0.0,0.0,0.0,0.0,0.0,0.0,0.0,idle
,idle,,,,,,,,,,,,,,,,,,,,,,,,,,,,,,,,,,,,,idle
1778096906.318713,g2.hpc.coe,41393.0,0.5001,0.0,0.0,0.0,12288.0,136137790812.0,136368581056.0,139262322.0,139447049.0,3127583.0,0.0,0.0,0.0,0.0,0.0,0.0,0.0,0.0,0.0,0.0,0.0,0.0,1085.0,134.0,5.0,3.0,0.0,0.0,0.0,0.0,0.0,0.0,0.0,0.0,0.0,idle
,idle,,,,,,,,,,,,,,,,,,,,,,,,,,,,,,,,,,,,,idle
1778096906.8188157,g2.hpc.coe,41393.0,0.5001,0.0,0.0,0.0,12288.0,136137791862.0,136368581135.0,139262325.0,139447051.0,3127583.0,0.0,0.0,0.0,0.0,0.0,0.0,0.0,0.0,0.0,0.0,0.0,0.0,1050.0,79.0,3.0,2.0,0.0,0.0,0.0,0.0,0.0,0.0,0.0,0.0,0.0,idle
,idle,,,,,,,,,,,,,,,,,,,,,,,,,,,,,,,,,,,,,idle
1778096907.3189394,g2.hpc.coe,41393.0,0.5001,0.0,0.0,0.0,12288.0,136137792977.0,136368581214.0,139262329.0,139447053.0,3127583.0,0.0,0.0,0.0,0.0,0.0,0.0,0.0,0.0,0.0,0.0,0.0,0.0,1115.0,79.0,4.0,2.0,0.0,0.0,0.0,0.0,0.0,0.0,0.0,0.0,0.0,idle
,idle,,,,,,,,,,,,,,,,,,,,,,,,,,,,,,,,,,,,,idle
1778096907.8190732,g2.hpc.coe,41393.0,0.5001,0.0,0.0,0.0,12288.0,136137794134.0,136368581293.0,139262333.0,139447055.0,3127583.0,0.0,0.0,0.0,0.0,0.0,0.0,0.0,0.0,0.0,0.0,0.0,0.0,1157.0,79.0,4.0,2.0,0.0,0.0,0.0,0.0,0.0,0.0,0.0,0.0,0.0,idle
,idle,,,,,,,,,,,,,,,,,,,,,,,,,,,,,,,,,,,,,idle
1778096908.3192005,g2.hpc.coe,41393.0,0.5001,0.0,0.0,0.0,12288.0,136137794266.0,136368581350.0,139262335.0,139447056.0,3127583.0,0.0,0.0,0.0,0.0,0.0,0.0,0.0,0.0,0.0,0.0,0.0,0.0,132.0,57.0,2.0,1.0,0.0,0.0,0.0,0.0,0.0,0.0,0.0,0.0,0.0,idle
,idle,,,,,,,,,,,,,,,,,,,,,,,,,,,,,,,,,,,,,idle
1778096908.8193247,g2.hpc.coe,41393.0,0.5001,0.0,0.0,0.0,12288.0,136137794440.0,136368581407.0,139262337.0,139447057.0,3127583.0,0.0,0.0,0.0,0.0,0.0,0.0,0.0,0.0,0.0,0.0,0.0,0.0,174.0,57.0,2.0,1.0,0.0,0.0,0.0,0.0,0.0,0.0,0.0,0.0,0.0,idle
,idle,,,,,,,,,,,,,,,,,,,,,,,,,,,,,,,,,,,,,idle
1778096909.3194568,g2.hpc.coe,41393.0,0.5001,0.0,0.0,0.0,12288.0,136137794656.0,136368581464.0,139262339.0,139447058.0,3127583.0,0.0,0.0,0.0,0.0,0.0,0.0,0.0,0.0,0.0,0.0,0.0,0.0,216.0,57.0,2.0,1.0,0.0,0.0,0.0,0.0,0.0,0.0,0.0,0.0,0.0,idle
,idle,,,,,,,,,,,,,,,,,,,,,,,,,,,,,,,,,,,,,idle
1778096909.8195765,g2.hpc.coe,41393.0,0.5001,0.0,0.0,0.0,12288.0,136137794914.0,136368581521.0,139262341.0,139447059.0,3127583.0,0.0,0.0,0.0,0.0,0.0,0.0,0.0,0.0,0.0,0.0,0.0,0.0,258.0,57.0,2.0,1.0,0.0,0.0,0.0,0.0,0.0,0.0,0.0,0.0,0.0,idle
,idle,,,,,,,,,,,,,,,,,,,,,,,,,,,,,,,,,,,,,idle
1778096910.319731,g2.hpc.coe,41393.0,0.5002,0.0,0.0,0.0,12288.0,136137795215.0,136368581578.0,139262343.0,139447060.0,3127583.0,0.0,0.0,0.0,0.0,0.0,0.0,0.0,0.0,0.0,0.0,0.0,0.0,301.0,57.0,2.0,1.0,0.0,0.0,0.0,0.0,0.0,0.0,0.0,0.0,0.0,idle
,idle,,,,,,,,,,,,,,,,,,,,,,,,,,,,,,,,,,,,,idle
1778096910.8198774,g2.hpc.coe,41393.0,0.5001,0.0,0.0,0.0,12288.0,136137795558.0,136368581635.0,139262345.0,139447061.0,3127583.0,0.0,0.0,0.0,0.0,0.0,0.0,0.0,0.0,0.0,0.0,0.0,0.0,343.0,57.0,2.0,1.0,0.0,0.0,0.0,0.0,0.0,0.0,0.0,0.0,0.0,idle
,idle,,,,,,,,,,,,,,,,,,,,,,,,,,,,,,,,,,,,,idle
1778096911.3199987,g2.hpc.coe,41393.0,0.5001,0.0,0.0,0.0,12288.0,136137796020.0,136368581747.0,139262349.0,139447063.0,3127583.0,0.0,0.0,0.0,0.0,0.0,0.0,0.0,0.0,0.0,0.0,0.0,0.0,462.0,112.0,4.0,2.0,0.0,0.0,0.0,0.0,0.0,0.0,0.0,0.0,0.0,idle
,idle,,,,,,,,,,,,,,,,,,,,,,,,,,,,,,,,,,,,,idle
1778096911.8201296,g2.hpc.coe,41393.0,0.5001,0.0,0.0,0.0,12288.0,136137796447.0,136368581804.0,139262351.0,139447064.0,3127583.0,0.0,0.0,0.0,0.0,0.0,0.0,0.0,0.0,0.0,0.0,0.0,0.0,427.0,57.0,2.0,1.0,0.0,0.0,0.0,0.0,0.0,0.0,0.0,0.0,0.0,idle
,idle,,,,,,,,,,,,,,,,,,,,,,,,,,,,,,,,,,,,,idle
1778096912.3202631,g2.hpc.coe,41393.0,0.5001,0.0,0.0,0.0,12288.0,136137797540.0,136368582308.0,139262368.0,139447073.0,3127583.0,0.0,0.0,0.0,0.0,0.0,0.0,0.0,0.0,0.0,0.0,0.0,0.0,1093.0,504.0,17.0,9.0,0.0,0.0,0.0,0.0,0.0,0.0,0.0,0.0,0.0,idle
,idle,,,,,,,,,,,,,,,,,,,,,,,,,,,,,,,,,,,,,idle
1778096912.8203917,g2.hpc.coe,41393.0,0.5001,0.0,0.0,0.0,12288.0,136137798053.0,136368582365.0,139262370.0,139447074.0,3127583.0,0.0,0.0,0.0,0.0,0.0,0.0,0.0,0.0,0.0,0.0,0.0,0.0,513.0,57.0,2.0,1.0,0.0,0.0,0.0,0.0,0.0,0.0,0.0,0.0,0.0,idle
,idle,,,,,,,,,,,,,,,,,,,,,,,,,,,,,,,,,,,,,idle
1778096913.320515,g2.hpc.coe,41393.0,0.5001,0.0,0.0,0.0,12288.0,136137798630.0,136368582444.0,139262373.0,139447076.0,3127583.0,0.0,0.0,0.0,0.0,0.0,0.0,0.0,0.0,0.0,0.0,0.0,0.0,577.0,79.0,3.0,2.0,0.0,0.0,0.0,0.0,0.0,0.0,0.0,0.0,0.0,idle
,idle,,,,,,,,,,,,,,,,,,,,,,,,,,,,,,,,,,,,,idle
1778096913.820622,g2.hpc.coe,41393.0,0.5001,0.0,0.0,0.0,12288.0,136137799249.0,136368582523.0,139262376.0,139447078.0,3127583.0,0.0,0.0,0.0,0.0,0.0,0.0,0.0,0.0,0.0,0.0,0.0,0.0,619.0,79.0,3.0,2.0,0.0,0.0,0.0,0.0,0.0,0.0,0.0,0.0,0.0,idle
,idle,,,,,,,,,,,,,,,,,,,,,,,,,,,,,,,,,,,,,idle
1778096914.3207498,g2.hpc.coe,41393.0,0.5001,0.0,0.0,0.0,12288.0,136137799910.0,136368582602.0,139262379.0,139447080.0,3127583.0,0.0,0.0,0.0,0.0,0.0,0.0,0.0,0.0,0.0,0.0,0.0,0.0,661.0,79.0,3.0,2.0,0.0,0.0,0.0,0.0,0.0,0.0,0.0,0.0,0.0,idle
,idle,,,,,,,,,,,,,,,,,,,,,,,,,,,,,,,,,,,,,idle
1778096914.8208838,g2.hpc.coe,41393.0,0.5001,0.0,0.0,0.0,12288.0,136137800613.0,136368582681.0,139262382.0,139447082.0,3127583.0,0.0,0.0,0.0,0.0,0.0,0.0,0.0,0.0,0.0,0.0,0.0,0.0,703.0,79.0,3.0,2.0,0.0,0.0,0.0,0.0,0.0,0.0,0.0,0.0,0.0,idle
,idle,,,,,,,,,,,,,,,,,,,,,,,,,,,,,,,,,,,,,idle
1778096915.3210232,g2.hpc.coe,41393.0,0.5001,0.0,0.0,0.0,12288.0,136137801359.0,136368582760.0,139262385.0,139447084.0,3127583.0,0.0,0.0,0.0,0.0,0.0,0.0,0.0,0.0,0.0,0.0,0.0,0.0,746.0,79.0,3.0,2.0,0.0,0.0,0.0,0.0,0.0,0.0,0.0,0.0,0.0,idle
,idle,,,,,,,,,,,,,,,,,,,,,,,,,,,,,,,,,,,,,idle
1778096915.8211284,g2.hpc.coe,41393.0,0.5001,0.0,0.0,0.0,12288.0,136137802147.0,136368582839.0,139262388.0,139447086.0,3127583.0,0.0,0.0,0.0,0.0,0.0,0.0,0.0,0.0,0.0,0.0,0.0,0.0,788.0,79.0,3.0,2.0,0.0,0.0,0.0,0.0,0.0,0.0,0.0,0.0,0.0,idle
,idle,,,,,,,,,,,,,,,,,,,,,,,,,,,,,,,,,,,,,idle
1778096916.3212562,g2.hpc.coe,41393.0,0.5001,0.0,0.0,0.0,12288.0,136137803054.0,136368582973.0,139262393.0,139447089.0,3127583.0,0.0,0.0,0.0,0.0,0.0,0.0,0.0,0.0,0.0,0.0,0.0,0.0,907.0,134.0,5.0,3.0,0.0,0.0,0.0,0.0,0.0,0.0,0.0,0.0,0.0,idle
,idle,,,,,,,,,,,,,,,,,,,,,,,,,,,,,,,,,,,,,idle
1778096916.8213866,g2.hpc.coe,41393.0,0.5001,0.0,0.0,0.0,12288.0,136137803927.0,136368583052.0,139262396.0,139447091.0,3127583.0,0.0,0.0,0.0,0.0,0.0,0.0,0.0,0.0,0.0,0.0,0.0,0.0,873.0,79.0,3.0,2.0,0.0,0.0,0.0,0.0,0.0,0.0,0.0,0.0,0.0,idle
,idle,,,,,,,,,,,,,,,,,,,,,,,,,,,,,,,,,,,,,idle
1778096917.321513,g2.hpc.coe,41393.0,0.5001,0.0,0.0,0.0,12288.0,136137804842.0,136368583131.0,139262399.0,139447093.0,3127583.0,0.0,0.0,0.0,0.0,0.0,0.0,0.0,0.0,0.0,0.0,0.0,0.0,915.0,79.0,3.0,2.0,0.0,0.0,0.0,0.0,0.0,0.0,0.0,0.0,0.0,idle
,idle,,,,,,,,,,,,,,,,,,,,,,,,,,,,,,,,,,,,,idle
1778096917.8216448,g2.hpc.coe,41393.0,0.5001,0.0,0.0,0.0,12288.0,136137805799.0,136368583210.0,139262402.0,139447095.0,3127583.0,0.0,0.0,0.0,0.0,0.0,0.0,0.0,0.0,0.0,0.0,0.0,0.0,957.0,79.0,3.0,2.0,0.0,0.0,0.0,0.0,0.0,0.0,0.0,0.0,0.0,idle
,idle,,,,,,,,,,,,,,,,,,,,,,,,,,,,,,,,,,,,,idle
1778096918.3217754,g2.hpc.coe,41393.0,0.5001,0.0,0.0,0.0,12288.0,136137806798.0,136368583289.0,139262405.0,139447097.0,3127583.0,0.0,0.0,0.0,0.0,0.0,0.0,0.0,0.0,0.0,0.0,0.0,0.0,999.0,79.0,3.0,2.0,0.0,0.0,0.0,0.0,0.0,0.0,0.0,0.0,0.0,idle
,idle,,,,,,,,,,,,,,,,,,,,,,,,,,,,,,,,,,,,,idle
1778096918.821919,g2.hpc.coe,41393.0,0.5001,0.0,0.0,0.0,12288.0,136137807839.0,136368583368.0,139262408.0,139447099.0,3127583.0,0.0,0.0,0.0,0.0,0.0,0.0,0.0,0.0,0.0,0.0,0.0,0.0,1041.0,79.0,3.0,2.0,0.0,0.0,0.0,0.0,0.0,0.0,0.0,0.0,0.0,idle
,idle,,,,,,,,,,,,,,,,,,,,,,,,,,,,,,,,,,,,,idle
1778096919.3220527,g2.hpc.coe,41393.0,0.5001,0.0,0.0,0.0,12288.0,136137809202.0,136368583702.0,139262417.0,139447106.0,3127583.0,0.0,0.0,0.0,0.0,0.0,0.0,0.0,0.0,0.0,0.0,0.0,0.0,1363.0,334.0,9.0,7.0,0.0,0.0,0.0,0.0,0.0,0.0,0.0,0.0,0.0,idle
,idle,,,,,,,,,,,,,,,,,,,,,,,,,,,,,,,,,,,,,idle
1778096919.822193,g2.hpc.coe,41393.0,0.5001,0.0,0.0,0.0,12288.0,136137810372.0,136368583781.0,139262422.0,139447108.0,3127583.0,0.0,0.0,0.0,0.0,0.0,0.0,0.0,0.0,0.0,0.0,0.0,0.0,1170.0,79.0,5.0,2.0,0.0,0.0,0.0,0.0,0.0,0.0,0.0,0.0,0.0,idle
,idle,,,,,,,,,,,,,,,,,,,,,,,,,,,,,,,,,,,,,idle
1778096920.3223245,g2.hpc.coe,41393.0,0.5001,0.0,0.0,0.0,12288.0,136137810495.0,136368583838.0,139262424.0,139447109.0,3127583.0,0.0,0.0,0.0,0.0,0.0,0.0,0.0,0.0,0.0,0.0,0.0,0.0,123.0,57.0,2.0,1.0,0.0,0.0,0.0,0.0,0.0,0.0,0.0,0.0,0.0,idle
,idle,,,,,,,,,,,,,,,,,,,,,,,,,,,,,,,,,,,,,idle
1778096920.8224337,g2.hpc.coe,41393.0,0.5001,0.0,0.0,0.0,12288.0,136137810660.0,136368583895.0,139262426.0,139447110.0,3127583.0,0.0,0.0,0.0,0.0,0.0,0.0,0.0,0.0,0.0,0.0,0.0,0.0,165.0,57.0,2.0,1.0,0.0,0.0,0.0,0.0,0.0,0.0,0.0,0.0,0.0,idle
,idle,,,,,,,,,,,,,,,,,,,,,,,,,,,,,,,,,,,,,idle
1778096921.3225389,g2.hpc.coe,41393.0,0.5001,0.0,0.0,0.0,12288.0,136137810867.0,136368583952.0,139262428.0,139447111.0,3127583.0,0.0,0.0,0.0,0.0,0.0,0.0,0.0,0.0,0.0,0.0,0.0,0.0,207.0,57.0,2.0,1.0,0.0,0.0,0.0,0.0,0.0,0.0,0.0,0.0,0.0,idle
,idle,,,,,,,,,,,,,,,,,,,,,,,,,,,,,,,,,,,,,idle
1778096921.8226724,g2.hpc.coe,41393.0,0.5001,0.0,0.0,0.0,12288.0,136137811117.0,136368584009.0,139262430.0,139447112.0,3127583.0,0.0,0.0,0.0,0.0,0.0,0.0,0.0,0.0,0.0,0.0,0.0,0.0,250.0,57.0,2.0,1.0,0.0,0.0,0.0,0.0,0.0,0.0,0.0,0.0,0.0,idle
,idle,,,,,,,,,,,,,,,,,,,,,,,,,,,,,,,,,,,,,idle
1778096922.3227932,g2.hpc.coe,41393.0,0.5001,0.0,0.0,0.0,12288.0,136137811409.0,136368584066.0,139262432.0,139447113.0,3127583.0,0.0,0.0,0.0,0.0,0.0,0.0,0.0,0.0,0.0,0.0,0.0,0.0,292.0,57.0,2.0,1.0,0.0,0.0,0.0,0.0,0.0,0.0,0.0,0.0,0.0,idle
,idle,,,,,,,,,,,,,,,,,,,,,,,,,,,,,,,,,,,,,idle
1778096922.8229334,g2.hpc.coe,41393.0,0.5001,0.0,0.0,0.0,12288.0,136137811743.0,136368584123.0,139262434.0,139447114.0,3127583.0,0.0,0.0,0.0,0.0,0.0,0.0,0.0,0.0,0.0,0.0,0.0,0.0,334.0,57.0,2.0,1.0,0.0,0.0,0.0,0.0,0.0,0.0,0.0,0.0,0.0,idle
,idle,,,,,,,,,,,,,,,,,,,,,,,,,,,,,,,,,,,,,idle
1778096923.323072,g2.hpc.coe,41393.0,0.5001,0.0,0.0,0.0,12288.0,136137812119.0,136368584180.0,139262436.0,139447115.0,3127583.0,0.0,0.0,0.0,0.0,0.0,0.0,0.0,0.0,0.0,0.0,0.0,0.0,376.0,57.0,2.0,1.0,0.0,0.0,0.0,0.0,0.0,0.0,0.0,0.0,0.0,idle
,idle,,,,,,,,,,,,,,,,,,,,,,,,,,,,,,,,,,,,,idle
1778096923.8231983,g2.hpc.coe,41393.0,0.5001,0.0,0.0,0.0,12288.0,136137812537.0,136368584237.0,139262438.0,139447116.0,3127583.0,0.0,0.0,0.0,0.0,0.0,0.0,0.0,0.0,0.0,0.0,0.0,0.0,418.0,57.0,2.0,1.0,0.0,0.0,0.0,0.0,0.0,0.0,0.0,0.0,0.0,idle
,idle,,,,,,,,,,,,,,,,,,,,,,,,,,,,,,,,,,,,,idle
1778096924.323331,g2.hpc.coe,41393.0,0.5001,0.0,0.0,0.0,12288.0,136137812998.0,136368584294.0,139262440.0,139447117.0,3127583.0,0.0,0.0,0.0,0.0,0.0,0.0,0.0,0.0,0.0,0.0,0.0,0.0,461.0,57.0,2.0,1.0,0.0,0.0,0.0,0.0,0.0,0.0,0.0,0.0,0.0,idle
,idle,,,,,,,,,,,,,,,,,,,,,,,,,,,,,,,,,,,,,idle
1778096924.8234513,g2.hpc.coe,41393.0,0.5001,0.0,0.0,0.0,12288.0,136137813501.0,136368584351.0,139262442.0,139447118.0,3127583.0,0.0,0.0,0.0,0.0,0.0,0.0,0.0,0.0,0.0,0.0,0.0,0.0,503.0,57.0,2.0,1.0,0.0,0.0,0.0,0.0,0.0,0.0,0.0,0.0,0.0,idle
,idle,,,,,,,,,,,,,,,,,,,,,,,,,,,,,,,,,,,,,idle
1778096925.3235798,g2.hpc.coe,41393.0,0.5001,0.0,0.0,0.0,12288.0,136137814068.0,136368584430.0,139262445.0,139447120.0,3127583.0,0.0,0.0,0.0,0.0,0.0,0.0,0.0,0.0,0.0,0.0,0.0,0.0,567.0,79.0,3.0,2.0,0.0,0.0,0.0,0.0,0.0,0.0,0.0,0.0,0.0,idle
,idle,,,,,,,,,,,,,,,,,,,,,,,,,,,,,,,,,,,,,idle
1778096925.823701,g2.hpc.coe,41393.0,0.5001,0.0,0.0,0.0,12288.0,136137814677.0,136368584509.0,139262448.0,139447122.0,3127583.0,0.0,0.0,0.0,0.0,0.0,0.0,0.0,0.0,0.0,0.0,0.0,0.0,609.0,79.0,3.0,2.0,0.0,0.0,0.0,0.0,0.0,0.0,0.0,0.0,0.0,idle
,idle,,,,,,,,,,,,,,,,,,,,,,,,,,,,,,,,,,,,,idle
1778096926.323798,g2.hpc.coe,41393.0,0.5001,0.0,0.0,0.0,12288.0,136137815328.0,136368584588.0,139262451.0,139447124.0,3127583.0,0.0,0.0,0.0,0.0,0.0,0.0,0.0,0.0,0.0,0.0,0.0,0.0,651.0,79.0,3.0,2.0,0.0,0.0,0.0,0.0,0.0,0.0,0.0,0.0,0.0,idle
,idle,,,,,,,,,,,,,,,,,,,,,,,,,,,,,,,,,,,,,idle
1778096926.8239176,g2.hpc.coe,41393.0,0.5001,0.0,0.0,0.0,12288.0,136137816098.0,136368584722.0,139262456.0,139447127.0,3127583.0,0.0,0.0,0.0,0.0,0.0,0.0,0.0,0.0,0.0,0.0,0.0,0.0,770.0,134.0,5.0,3.0,0.0,0.0,0.0,0.0,0.0,0.0,0.0,0.0,0.0,idle
,idle,,,,,,,,,,,,,,,,,,,,,,,,,,,,,,,,,,,,,idle
1778096927.3240502,g2.hpc.coe,41393.0,0.5001,0.0,0.0,0.0,12288.0,136137817457.0,136368585248.0,139262474.0,139447137.0,3127583.0,0.0,0.0,0.0,0.0,0.0,0.0,0.0,0.0,0.0,0.0,0.0,0.0,1359.0,526.0,18.0,10.0,0.0,0.0,0.0,0.0,0.0,0.0,0.0,0.0,0.0,idle
,idle,,,,,,,,,,,,,,,,,,,,,,,,,,,,,,,,,,,,,idle
1778096927.8241758,g2.hpc.coe,41393.0,0.5001,0.0,0.0,0.0,12288.0,136137818236.0,136368585327.0,139262477.0,139447139.0,3127583.0,0.0,0.0,0.0,0.0,0.0,0.0,0.0,0.0,0.0,0.0,0.0,0.0,779.0,79.0,3.0,2.0,0.0,0.0,0.0,0.0,0.0,0.0,0.0,0.0,0.0,idle
,idle,,,,,,,,,,,,,,,,,,,,,,,,,,,,,,,,,,,,,idle
1778096928.3243074,g2.hpc.coe,41393.0,0.5001,0.0,0.0,0.0,12288.0,136137819057.0,136368585406.0,139262480.0,139447141.0,3127583.0,0.0,0.0,0.0,0.0,0.0,0.0,0.0,0.0,0.0,0.0,0.0,0.0,821.0,79.0,3.0,2.0,0.0,0.0,0.0,0.0,0.0,0.0,0.0,0.0,0.0,idle
,idle,,,,,,,,,,,,,,,,,,,,,,,,,,,,,,,,,,,,,idle
1778096928.8244152,g2.hpc.coe,41393.0,0.5001,0.0,0.0,0.0,12288.0,136137819921.0,136368585485.0,139262483.0,139447143.0,3127583.0,0.0,0.0,0.0,0.0,0.0,0.0,0.0,0.0,0.0,0.0,0.0,0.0,864.0,79.0,3.0,2.0,0.0,0.0,0.0,0.0,0.0,0.0,0.0,0.0,0.0,idle
,idle,,,,,,,,,,,,,,,,,,,,,,,,,,,,,,,,,,,,,idle
1778096929.3245575,g2.hpc.coe,41393.0,0.5001,0.0,0.0,0.0,12288.0,136137820827.0,136368585564.0,139262486.0,139447145.0,3127583.0,0.0,0.0,0.0,0.0,0.0,0.0,0.0,0.0,0.0,0.0,0.0,0.0,906.0,79.0,3.0,2.0,0.0,0.0,0.0,0.0,0.0,0.0,0.0,0.0,0.0,idle
,idle,,,,,,,,,,,,,,,,,,,,,,,,,,,,,,,,,,,,,idle
1778096929.8246806,g2.hpc.coe,41393.0,0.5001,0.0,0.0,0.0,12288.0,136137821775.0,136368585643.0,139262489.0,139447147.0,3127583.0,0.0,0.0,0.0,0.0,0.0,0.0,0.0,0.0,0.0,0.0,0.0,0.0,948.0,79.0,3.0,2.0,0.0,0.0,0.0,0.0,0.0,0.0,0.0,0.0,0.0,idle
,idle,,,,,,,,,,,,,,,,,,,,,,,,,,,,,,,,,,,,,idle
1778096930.3247857,g2.hpc.coe,41393.0,0.5001,0.0,0.0,0.0,12288.0,136137822765.0,136368585722.0,139262492.0,139447149.0,3127583.0,0.0,0.0,0.0,0.0,0.0,0.0,0.0,0.0,0.0,0.0,0.0,0.0,990.0,79.0,3.0,2.0,0.0,0.0,0.0,0.0,0.0,0.0,0.0,0.0,0.0,idle
,idle,,,,,,,,,,,,,,,,,,,,,,,,,,,,,,,,,,,,,idle
1778096930.8249178,g2.hpc.coe,41393.0,0.5001,0.0,0.0,0.0,12288.0,136137823798.0,136368585801.0,139262495.0,139447151.0,3127583.0,0.0,0.0,0.0,0.0,0.0,0.0,0.0,0.0,0.0,0.0,0.0,0.0,1033.0,79.0,3.0,2.0,0.0,0.0,0.0,0.0,0.0,0.0,0.0,0.0,0.0,idle
,idle,,,,,,,,,,,,,,,,,,,,,,,,,,,,,,,,,,,,,idle
1778096931.325045,g2.hpc.coe,41393.0,0.5001,0.0,0.0,0.0,12288.0,136137824895.0,136368585880.0,139262499.0,139447153.0,3127583.0,0.0,0.0,0.0,0.0,0.0,0.0,0.0,0.0,0.0,0.0,0.0,0.0,1097.0,79.0,4.0,2.0,0.0,0.0,0.0,0.0,0.0,0.0,0.0,0.0,0.0,idle
,idle,,,,,,,,,,,,,,,,,,,,,,,,,,,,,,,,,,,,,idle
1778096931.8251514,g2.hpc.coe,41393.0,0.5001,0.0,0.0,0.0,12288.0,136137826111.0,136368586014.0,139262505.0,139447156.0,3127583.0,0.0,0.0,0.0,0.0,0.0,0.0,0.0,0.0,0.0,0.0,0.0,0.0,1216.0,134.0,6.0,3.0,0.0,0.0,0.0,0.0,0.0,0.0,0.0,0.0,0.0,idle
,idle,,,,,,,,,,,,,,,,,,,,,,,,,,,,,,,,,,,,,idle
1778096932.3252804,g2.hpc.coe,41393.0,0.5001,0.0,0.0,0.0,12288.0,136137827293.0,136368586093.0,139262509.0,139447158.0,3127583.0,0.0,0.0,0.0,0.0,0.0,0.0,0.0,0.0,0.0,0.0,0.0,0.0,1182.0,79.0,4.0,2.0,0.0,0.0,0.0,0.0,0.0,0.0,0.0,0.0,0.0,idle
,idle,,,,,,,,,,,,,,,,,,,,,,,,,,,,,,,,,,,,,idle
1778096932.8254,g2.hpc.coe,41393.0,0.5001,0.0,0.0,0.0,12288.0,136137827450.0,136368586150.0,139262511.0,139447159.0,3127583.0,0.0,0.0,0.0,0.0,0.0,0.0,0.0,0.0,0.0,0.0,0.0,0.0,157.0,57.0,2.0,1.0,0.0,0.0,0.0,0.0,0.0,0.0,0.0,0.0,0.0,idle
,idle,,,,,,,,,,,,,,,,,,,,,,,,,,,,,,,,,,,,,idle
1778096933.325511,g2.hpc.coe,41393.0,0.5001,0.0,0.0,0.0,12288.0,136137827649.0,136368586207.0,139262513.0,139447160.0,3127583.0,0.0,0.0,0.0,0.0,0.0,0.0,0.0,0.0,0.0,0.0,0.0,0.0,199.0,57.0,2.0,1.0,0.0,0.0,0.0,0.0,0.0,0.0,0.0,0.0,0.0,idle
,idle,,,,,,,,,,,,,,,,,,,,,,,,,,,,,,,,,,,,,idle
1778096933.825639,g2.hpc.coe,41393.0,0.5001,0.0,0.0,0.0,12288.0,136137827890.0,136368586264.0,139262515.0,139447161.0,3127583.0,0.0,0.0,0.0,0.0,0.0,0.0,0.0,0.0,0.0,0.0,0.0,0.0,241.0,57.0,2.0,1.0,0.0,0.0,0.0,0.0,0.0,0.0,0.0,0.0,0.0,idle
,idle,,,,,,,,,,,,,,,,,,,,,,,,,,,,,,,,,,,,,idle
1778096934.3257685,g2.hpc.coe,41393.0,0.5001,0.0,0.0,0.0,12288.0,136137828173.0,136368586321.0,139262517.0,139447162.0,3127583.0,0.0,0.0,0.0,0.0,0.0,0.0,0.0,0.0,0.0,0.0,0.0,0.0,283.0,57.0,2.0,1.0,0.0,0.0,0.0,0.0,0.0,0.0,0.0,0.0,0.0,idle
,idle,,,,,,,,,,,,,,,,,,,,,,,,,,,,,,,,,,,,,idle
1778096934.8258924,g2.hpc.coe,41393.0,0.5001,0.0,0.0,0.0,12288.0,136137828498.0,136368586378.0,139262519.0,139447163.0,3127583.0,0.0,0.0,0.0,0.0,0.0,0.0,0.0,0.0,0.0,0.0,0.0,0.0,325.0,57.0,2.0,1.0,0.0,0.0,0.0,0.0,0.0,0.0,0.0,0.0,0.0,idle
,idle,,,,,,,,,,,,,,,,,,,,,,,,,,,,,,,,,,,,,idle
1778096935.3260138,g2.hpc.coe,41393.0,0.5001,0.0,0.0,0.0,12288.0,136137828865.0,136368586435.0,139262521.0,139447164.0,3127583.0,0.0,0.0,0.0,0.0,0.0,0.0,0.0,0.0,0.0,0.0,0.0,0.0,367.0,57.0,2.0,1.0,0.0,0.0,0.0,0.0,0.0,0.0,0.0,0.0,0.0,idle
,idle,,,,,,,,,,,,,,,,,,,,,,,,,,,,,,,,,,,,,idle
1778096935.8261204,g2.hpc.coe,41393.0,0.5001,0.0,0.0,0.0,12288.0,136137829275.0,136368586492.0,139262523.0,139447165.0,3127583.0,0.0,0.0,0.0,0.0,0.0,0.0,0.0,0.0,0.0,0.0,0.0,0.0,410.0,57.0,2.0,1.0,0.0,0.0,0.0,0.0,0.0,0.0,0.0,0.0,0.0,idle
,idle,,,,,,,,,,,,,,,,,,,,,,,,,,,,,,,,,,,,,idle
1778096936.3262525,g2.hpc.coe,41393.0,0.5001,0.0,0.0,0.0,12288.0,136137829727.0,136368586549.0,139262525.0,139447166.0,3127583.0,0.0,0.0,0.0,0.0,0.0,0.0,0.0,0.0,0.0,0.0,0.0,0.0,452.0,57.0,2.0,1.0,0.0,0.0,0.0,0.0,0.0,0.0,0.0,0.0,0.0,idle
,idle,,,,,,,,,,,,,,,,,,,,,,,,,,,,,,,,,,,,,idle
1778096936.826378,g2.hpc.coe,41393.0,0.5001,0.0,0.0,0.0,12288.0,136137830298.0,136368586661.0,139262529.0,139447168.0,3127583.0,0.0,0.0,0.0,0.0,0.0,0.0,0.0,0.0,0.0,0.0,0.0,0.0,571.0,112.0,4.0,2.0,0.0,0.0,0.0,0.0,0.0,0.0,0.0,0.0,0.0,idle
,idle,,,,,,,,,,,,,,,,,,,,,,,,,,,,,,,,,,,,,idle
1778096937.326498,g2.hpc.coe,41393.0,0.5001,0.0,0.0,0.0,12288.0,136137830835.0,136368586718.0,139262531.0,139447169.0,3127583.0,0.0,0.0,0.0,0.0,0.0,0.0,0.0,0.0,0.0,0.0,0.0,0.0,537.0,57.0,2.0,1.0,0.0,0.0,0.0,0.0,0.0,0.0,0.0,0.0,0.0,idle
,idle,,,,,,,,,,,,,,,,,,,,,,,,,,,,,,,,,,,,,idle
1778096937.8266282,g2.hpc.coe,41393.0,0.5001,0.0,0.0,0.0,12288.0,136137831436.0,136368586797.0,139262534.0,139447171.0,3127583.0,0.0,0.0,0.0,0.0,0.0,0.0,0.0,0.0,0.0,0.0,0.0,0.0,601.0,79.0,3.0,2.0,0.0,0.0,0.0,0.0,0.0,0.0,0.0,0.0,0.0,idle
,idle,,,,,,,,,,,,,,,,,,,,,,,,,,,,,,,,,,,,,idle
1778096938.326769,g2.hpc.coe,41393.0,0.5001,0.0,0.0,0.0,12288.0,136137832079.0,136368586876.0,139262537.0,139447173.0,3127583.0,0.0,0.0,0.0,0.0,0.0,0.0,0.0,0.0,0.0,0.0,0.0,0.0,643.0,79.0,3.0,2.0,0.0,0.0,0.0,0.0,0.0,0.0,0.0,0.0,0.0,idle
,idle,,,,,,,,,,,,,,,,,,,,,,,,,,,,,,,,,,,,,idle
1778096938.826909,g2.hpc.coe,41393.0,0.5001,0.0,0.0,0.0,12288.0,136137832764.0,136368586955.0,139262540.0,139447175.0,3127583.0,0.0,0.0,0.0,0.0,0.0,0.0,0.0,0.0,0.0,0.0,0.0,0.0,685.0,79.0,3.0,2.0,0.0,0.0,0.0,0.0,0.0,0.0,0.0,0.0,0.0,idle
,idle,,,,,,,,,,,,,,,,,,,,,,,,,,,,,,,,,,,,,idle
1778096939.3270392,g2.hpc.coe,41393.0,0.5001,0.0,0.0,0.0,12288.0,136137833491.0,136368587034.0,139262543.0,139447177.0,3127583.0,0.0,0.0,0.0,0.0,0.0,0.0,0.0,0.0,0.0,0.0,0.0,0.0,727.0,79.0,3.0,2.0,0.0,0.0,0.0,0.0,0.0,0.0,0.0,0.0,0.0,idle
,idle,,,,,,,,,,,,,,,,,,,,,,,,,,,,,,,,,,,,,idle
1778096939.8271718,g2.hpc.coe,41393.0,0.5001,0.0,0.0,0.0,12288.0,136137834260.0,136368587113.0,139262546.0,139447179.0,3127583.0,0.0,0.0,0.0,0.0,0.0,0.0,0.0,0.0,0.0,0.0,0.0,0.0,769.0,79.0,3.0,2.0,0.0,0.0,0.0,0.0,0.0,0.0,0.0,0.0,0.0,idle
,idle,,,,,,,,,,,,,,,,,,,,,,,,,,,,,,,,,,,,,idle
1778096940.327294,g2.hpc.coe,41393.0,0.5001,0.0,0.0,0.0,12288.0,136137835071.0,136368587192.0,139262549.0,139447181.0,3127583.0,0.0,0.0,0.0,0.0,0.0,0.0,0.0,0.0,0.0,0.0,0.0,0.0,811.0,79.0,3.0,2.0,0.0,0.0,0.0,0.0,0.0,0.0,0.0,0.0,0.0,idle
,idle,,,,,,,,,,,,,,,,,,,,,,,,,,,,,,,,,,,,,idle
1778096940.827404,g2.hpc.coe,41393.0,0.5001,0.0,0.0,0.0,12288.0,136137835924.0,136368587271.0,139262552.0,139447183.0,3127583.0,0.0,0.0,0.0,0.0,0.0,0.0,0.0,0.0,0.0,0.0,0.0,0.0,853.0,79.0,3.0,2.0,0.0,0.0,0.0,0.0,0.0,0.0,0.0,0.0,0.0,idle
,idle,,,,,,,,,,,,,,,,,,,,,,,,,,,,,,,,,,,,,idle
1778096941.327546,g2.hpc.coe,41393.0,0.5001,0.0,0.0,0.0,12288.0,136137836819.0,136368587350.0,139262555.0,139447185.0,3127583.0,0.0,0.0,0.0,0.0,0.0,0.0,0.0,0.0,0.0,0.0,0.0,0.0,895.0,79.0,3.0,2.0,0.0,0.0,0.0,0.0,0.0,0.0,0.0,0.0,0.0,idle
,idle,,,,,,,,,,,,,,,,,,,,,,,,,,,,,,,,,,,,,idle
1778096941.827675,g2.hpc.coe,41393.0,0.5001,0.0,0.0,0.0,12288.0,136137837811.0,136368587484.0,139262559.0,139447188.0,3127583.0,0.0,0.0,0.0,0.0,0.0,0.0,0.0,0.0,0.0,0.0,0.0,0.0,992.0,134.0,4.0,3.0,0.0,0.0,0.0,0.0,0.0,0.0,0.0,0.0,0.0,idle
,idle,,,,,,,,,,,,,,,,,,,,,,,,,,,,,,,,,,,,,idle
1778096942.3278108,g2.hpc.coe,41393.0,0.5001,0.0,0.0,0.0,12288.0,136137839436.0,136368588010.0,139262578.0,139447198.0,3127583.0,0.0,0.0,0.0,0.0,0.0,0.0,0.0,0.0,0.0,0.0,0.0,0.0,1625.0,526.0,19.0,10.0,0.0,0.0,0.0,0.0,0.0,0.0,0.0,0.0,0.0,idle
,idle,,,,,,,,,,,,,,,,,,,,,,,,,,,,,,,,,,,,,idle
1778096942.827935,g2.hpc.coe,41393.0,0.5001,0.0,0.0,0.0,12288.0,136137840459.0,136368588089.0,139262581.0,139447200.0,3127583.0,0.0,0.0,0.0,0.0,0.0,0.0,0.0,0.0,0.0,0.0,0.0,0.0,1023.0,79.0,3.0,2.0,0.0,0.0,0.0,0.0,0.0,0.0,0.0,0.0,0.0,idle
,idle,,,,,,,,,,,,,,,,,,,,,,,,,,,,,,,,,,,,,idle
1778096943.3280609,g2.hpc.coe,41393.0,0.5001,0.0,0.0,0.0,12288.0,136137841546.0,136368588168.0,139262585.0,139447202.0,3127583.0,0.0,0.0,0.0,0.0,0.0,0.0,0.0,0.0,0.0,0.0,0.0,0.0,1087.0,79.0,4.0,2.0,0.0,0.0,0.0,0.0,0.0,0.0,0.0,0.0,0.0,idle
,idle,,,,,,,,,,,,,,,,,,,,,,,,,,,,,,,,,,,,,idle
1778096943.8281963,g2.hpc.coe,41393.0,0.5001,0.0,0.0,0.0,12288.0,136137842676.0,136368588247.0,139262589.0,139447204.0,3127583.0,0.0,0.0,0.0,0.0,0.0,0.0,0.0,0.0,0.0,0.0,0.0,0.0,1130.0,79.0,4.0,2.0,0.0,0.0,0.0,0.0,0.0,0.0,0.0,0.0,0.0,idle
,idle,,,,,,,,,,,,,,,,,,,,,,,,,,,,,,,,,,,,,idle
1778096944.3283074,g2.hpc.coe,41393.0,0.5001,0.0,0.0,0.0,12288.0,136137843848.0,136368588326.0,139262593.0,139447206.0,3127583.0,0.0,0.0,0.0,0.0,0.0,0.0,0.0,0.0,0.0,0.0,0.0,0.0,1172.0,79.0,4.0,2.0,0.0,0.0,0.0,0.0,0.0,0.0,0.0,0.0,0.0,idle
,idle,,,,,,,,,,,,,,,,,,,,,,,,,,,,,,,,,,,,,idle
1778096944.828437,g2.hpc.coe,41393.0,0.5001,0.0,0.0,0.0,12288.0,136137843995.0,136368588383.0,139262595.0,139447207.0,3127583.0,0.0,0.0,0.0,0.0,0.0,0.0,0.0,0.0,0.0,0.0,0.0,0.0,147.0,57.0,2.0,1.0,0.0,0.0,0.0,0.0,0.0,0.0,0.0,0.0,0.0,idle
,idle,,,,,,,,,,,,,,,,,,,,,,,,,,,,,,,,,,,,,idle
1778096945.328567,g2.hpc.coe,41393.0,0.5001,0.0,0.0,0.0,12288.0,136137844184.0,136368588440.0,139262597.0,139447208.0,3127583.0,0.0,0.0,0.0,0.0,0.0,0.0,0.0,0.0,0.0,0.0,0.0,0.0,189.0,57.0,2.0,1.0,0.0,0.0,0.0,0.0,0.0,0.0,0.0,0.0,0.0,idle
,idle,,,,,,,,,,,,,,,,,,,,,,,,,,,,,,,,,,,,,idle
1778096945.8286874,g2.hpc.coe,41393.0,0.5001,0.0,0.0,0.0,12288.0,136137844415.0,136368588497.0,139262599.0,139447209.0,3127583.0,0.0,0.0,0.0,0.0,0.0,0.0,0.0,0.0,0.0,0.0,0.0,0.0,231.0,57.0,2.0,1.0,0.0,0.0,0.0,0.0,0.0,0.0,0.0,0.0,0.0,idle
,idle,,,,,,,,,,,,,,,,,,,,,,,,,,,,,,,,,,,,,idle
1778096946.3288057,g2.hpc.coe,41393.0,0.5001,0.0,0.0,0.0,12288.0,136137844688.0,136368588554.0,139262601.0,139447210.0,3127583.0,0.0,0.0,0.0,0.0,0.0,0.0,0.0,0.0,0.0,0.0,0.0,0.0,273.0,57.0,2.0,1.0,0.0,0.0,0.0,0.0,0.0,0.0,0.0,0.0,0.0,idle
,idle,,,,,,,,,,,,,,,,,,,,,,,,,,,,,,,,,,,,,idle
1778096946.828936,g2.hpc.coe,41393.0,0.5001,0.0,0.0,0.0,12288.0,136137845003.0,136368588611.0,139262603.0,139447211.0,3127583.0,0.0,0.0,0.0,0.0,0.0,0.0,0.0,0.0,0.0,0.0,0.0,0.0,315.0,57.0,2.0,1.0,0.0,0.0,0.0,0.0,0.0,0.0,0.0,0.0,0.0,idle
,idle,,,,,,,,,,,,,,,,,,,,,,,,,,,,,,,,,,,,,idle
1778096947.329037,g2.hpc.coe,41393.0,0.5001,0.0,0.0,0.0,12288.0,136137845437.0,136368588723.0,139262607.0,139447213.0,3127583.0,0.0,0.0,0.0,0.0,0.0,0.0,0.0,0.0,0.0,0.0,0.0,0.0,434.0,112.0,4.0,2.0,0.0,0.0,0.0,0.0,0.0,0.0,0.0,0.0,0.0,idle
,idle,,,,,,,,,,,,,,,,,,,,,,,,,,,,,,,,,,,,,idle
1778096947.8291705,g2.hpc.coe,41393.0,0.5001,0.0,0.0,0.0,12288.0,136137845837.0,136368588780.0,139262609.0,139447214.0,3127583.0,0.0,0.0,0.0,0.0,0.0,0.0,0.0,0.0,0.0,0.0,0.0,0.0,400.0,57.0,2.0,1.0,0.0,0.0,0.0,0.0,0.0,0.0,0.0,0.0,0.0,idle
,idle,,,,,,,,,,,,,,,,,,,,,,,,,,,,,,,,,,,,,idle
1778096948.3292994,g2.hpc.coe,41393.0,0.5001,0.0,0.0,0.0,12288.0,136137846279.0,136368588837.0,139262611.0,139447215.0,3127583.0,0.0,0.0,0.0,0.0,0.0,0.0,0.0,0.0,0.0,0.0,0.0,0.0,442.0,57.0,2.0,1.0,0.0,0.0,0.0,0.0,0.0,0.0,0.0,0.0,0.0,idle
,idle,,,,,,,,,,,,,,,,,,,,,,,,,,,,,,,,,,,,,idle
1778096948.8294215,g2.hpc.coe,41393.0,0.5001,0.0,0.0,0.0,12288.0,136137846763.0,136368588894.0,139262613.0,139447216.0,3127583.0,0.0,0.0,0.0,0.0,0.0,0.0,0.0,0.0,0.0,0.0,0.0,0.0,484.0,57.0,2.0,1.0,0.0,0.0,0.0,0.0,0.0,0.0,0.0,0.0,0.0,idle
,idle,,,,,,,,,,,,,,,,,,,,,,,,,,,,,,,,,,,,,idle
1778096949.3295429,g2.hpc.coe,41393.0,0.5001,0.0,0.0,0.0,12288.0,136137847289.0,136368588951.0,139262615.0,139447217.0,3127583.0,0.0,0.0,0.0,0.0,0.0,0.0,0.0,0.0,0.0,0.0,0.0,0.0,526.0,57.0,2.0,1.0,0.0,0.0,0.0,0.0,0.0,0.0,0.0,0.0,0.0,idle
,idle,,,,,,,,,,,,,,,,,,,,,,,,,,,,,,,,,,,,,idle
1778096949.829653,g2.hpc.coe,41393.0,0.5001,0.0,0.0,0.0,12288.0,136137847880.0,136368589030.0,139262618.0,139447219.0,3127583.0,0.0,0.0,0.0,0.0,0.0,0.0,0.0,0.0,0.0,0.0,0.0,0.0,591.0,79.0,3.0,2.0,0.0,0.0,0.0,0.0,0.0,0.0,0.0,0.0,0.0,idle
,idle,,,,,,,,,,,,,,,,,,,,,,,,,,,,,,,,,,,,,idle
1778096950.329786,g2.hpc.coe,41393.0,0.5001,0.0,0.0,0.0,12288.0,136137848513.0,136368589109.0,139262621.0,139447221.0,3127583.0,0.0,0.0,0.0,0.0,0.0,0.0,0.0,0.0,0.0,0.0,0.0,0.0,633.0,79.0,3.0,2.0,0.0,0.0,0.0,0.0,0.0,0.0,0.0,0.0,0.0,idle
,idle,,,,,,,,,,,,,,,,,,,,,,,,,,,,,,,,,,,,,idle
1778096950.8299074,g2.hpc.coe,41393.0,0.5001,0.0,0.0,0.0,12288.0,136137849188.0,136368589188.0,139262624.0,139447223.0,3127583.0,0.0,0.0,0.0,0.0,0.0,0.0,0.0,0.0,0.0,0.0,0.0,0.0,675.0,79.0,3.0,2.0,0.0,0.0,0.0,0.0,0.0,0.0,0.0,0.0,0.0,idle
,idle,,,,,,,,,,,,,,,,,,,,,,,,,,,,,,,,,,,,,idle
1778096951.330039,g2.hpc.coe,41393.0,0.5001,0.0,0.0,0.0,12288.0,136137849905.0,136368589267.0,139262627.0,139447225.0,3127583.0,0.0,0.0,0.0,0.0,0.0,0.0,0.0,0.0,0.0,0.0,0.0,0.0,717.0,79.0,3.0,2.0,0.0,0.0,0.0,0.0,0.0,0.0,0.0,0.0,0.0,idle
,idle,,,,,,,,,,,,,,,,,,,,,,,,,,,,,,,,,,,,,idle
1778096951.830167,g2.hpc.coe,41393.0,0.5001,0.0,0.0,0.0,12288.0,136137850664.0,136368589346.0,139262630.0,139447227.0,3127583.0,0.0,0.0,0.0,0.0,0.0,0.0,0.0,0.0,0.0,0.0,0.0,0.0,759.0,79.0,3.0,2.0,0.0,0.0,0.0,0.0,0.0,0.0,0.0,0.0,0.0,idle
,idle,,,,,,,,,,,,,,,,,,,,,,,,,,,,,,,,,,,,,idle
1778096952.3302913,g2.hpc.coe,41393.0,0.5001,0.0,0.0,0.0,12288.0,136137851542.0,136368589480.0,139262635.0,139447230.0,3127583.0,0.0,0.0,0.0,0.0,0.0,0.0,0.0,0.0,0.0,0.0,0.0,0.0,878.0,134.0,5.0,3.0,0.0,0.0,0.0,0.0,0.0,0.0,0.0,0.0,0.0,idle
,idle,,,,,,,,,,,,,,,,,,,,,,,,,,,,,,,,,,,,,idle
1778096952.8303998,g2.hpc.coe,41393.0,0.5001,0.0,0.0,0.0,12288.0,136137852385.0,136368589559.0,139262638.0,139447232.0,3127583.0,0.0,0.0,0.0,0.0,0.0,0.0,0.0,0.0,0.0,0.0,0.0,0.0,843.0,79.0,3.0,2.0,0.0,0.0,0.0,0.0,0.0,0.0,0.0,0.0,0.0,idle
,idle,,,,,,,,,,,,,,,,,,,,,,,,,,,,,,,,,,,,,idle
1778096953.330529,g2.hpc.coe,41393.0,0.5001,0.0,0.0,0.0,12288.0,136137853271.0,136368589638.0,139262641.0,139447234.0,3127583.0,0.0,0.0,0.0,0.0,0.0,0.0,0.0,0.0,0.0,0.0,0.0,0.0,886.0,79.0,3.0,2.0,0.0,0.0,0.0,0.0,0.0,0.0,0.0,0.0,0.0,idle
,idle,,,,,,,,,,,,,,,,,,,,,,,,,,,,,,,,,,,,,idle
1778096953.8306508,g2.hpc.coe,41393.0,0.5001,0.0,0.0,0.0,12288.0,136137854199.0,136368589717.0,139262644.0,139447236.0,3127583.0,0.0,0.0,0.0,0.0,0.0,0.0,0.0,0.0,0.0,0.0,0.0,0.0,928.0,79.0,3.0,2.0,0.0,0.0,0.0,0.0,0.0,0.0,0.0,0.0,0.0,idle
,idle,,,,,,,,,,,,,,,,,,,,,,,,,,,,,,,,,,,,,idle
1778096954.3307714,g2.hpc.coe,41393.0,0.5001,0.0,0.0,0.0,12288.0,136137855169.0,136368589796.0,139262647.0,139447238.0,3127583.0,0.0,0.0,0.0,0.0,0.0,0.0,0.0,0.0,0.0,0.0,0.0,0.0,970.0,79.0,3.0,2.0,0.0,0.0,0.0,0.0,0.0,0.0,0.0,0.0,0.0,idle
,idle,,,,,,,,,,,,,,,,,,,,,,,,,,,,,,,,,,,,,idle
1778096954.8308978,g2.hpc.coe,41393.0,0.5001,0.0,0.0,0.0,12288.0,136137856181.0,136368589875.0,139262650.0,139447240.0,3127583.0,0.0,0.0,0.0,0.0,0.0,0.0,0.0,0.0,0.0,0.0,0.0,0.0,1012.0,79.0,3.0,2.0,0.0,0.0,0.0,0.0,0.0,0.0,0.0,0.0,0.0,idle
,idle,,,,,,,,,,,,,,,,,,,,,,,,,,,,,,,,,,,,,idle
1778096955.331018,g2.hpc.coe,41393.0,0.5001,0.0,0.0,0.0,12288.0,136137857236.0,136368589954.0,139262653.0,139447242.0,3127583.0,0.0,0.0,0.0,0.0,0.0,0.0,0.0,0.0,0.0,0.0,0.0,0.0,1055.0,79.0,3.0,2.0,0.0,0.0,0.0,0.0,0.0,0.0,0.0,0.0,0.0,idle
,idle,,,,,,,,,,,,,,,,,,,,,,,,,,,,,,,,,,,,,idle
1778096955.8311522,g2.hpc.coe,41393.0,0.5001,0.0,0.0,0.0,12288.0,136137858355.0,136368590033.0,139262657.0,139447244.0,3127583.0,0.0,0.0,0.0,0.0,0.0,0.0,0.0,0.0,0.0,0.0,0.0,0.0,1119.0,79.0,4.0,2.0,0.0,0.0,0.0,0.0,0.0,0.0,0.0,0.0,0.0,idle
,idle,,,,,,,,,,,,,,,,,,,,,,,,,,,,,,,,,,,,,idle
1778096956.331265,g2.hpc.coe,41393.0,0.5001,0.0,0.0,0.0,12288.0,136137859516.0,136368590112.0,139262661.0,139447246.0,3127583.0,0.0,0.0,0.0,0.0,0.0,0.0,0.0,0.0,0.0,0.0,0.0,0.0,1161.0,79.0,4.0,2.0,0.0,0.0,0.0,0.0,0.0,0.0,0.0,0.0,0.0,idle
,idle,,,,,,,,,,,,,,,,,,,,,,,,,,,,,,,,,,,,,idle
1778096956.8313694,g2.hpc.coe,41393.0,0.5001,0.0,0.0,0.0,12288.0,136137859652.0,136368590169.0,139262663.0,139447247.0,3127583.0,0.0,0.0,0.0,0.0,0.0,0.0,0.0,0.0,0.0,0.0,0.0,0.0,136.0,57.0,2.0,1.0,0.0,0.0,0.0,0.0,0.0,0.0,0.0,0.0,0.0,idle
,idle,,,,,,,,,,,,,,,,,,,,,,,,,,,,,,,,,,,,,idle
1778096957.3314764,g2.hpc.coe,41393.0,0.5001,0.0,0.0,0.0,12288.0,136137860530.0,136368590728.0,139262682.0,139447257.0,3127583.0,0.0,0.0,0.0,0.0,0.0,0.0,0.0,0.0,0.0,0.0,0.0,0.0,878.0,559.0,19.0,10.0,0.0,0.0,0.0,0.0,0.0,0.0,0.0,0.0,0.0,idle
,idle,,,,,,,,,,,,,,,,,,,,,,,,,,,,,,,,,,,,,idle
1778096957.831601,g2.hpc.coe,41393.0,0.5001,0.0,0.0,0.0,12288.0,136137860751.0,136368590785.0,139262684.0,139447258.0,3127583.0,0.0,0.0,0.0,0.0,0.0,0.0,0.0,0.0,0.0,0.0,0.0,0.0,221.0,57.0,2.0,1.0,0.0,0.0,0.0,0.0,0.0,0.0,0.0,0.0,0.0,idle
,idle,,,,,,,,,,,,,,,,,,,,,,,,,,,,,,,,,,,,,idle
1778096958.331737,g2.hpc.coe,41393.0,0.5001,0.0,0.0,0.0,12288.0,136137861014.0,136368590842.0,139262686.0,139447259.0,3127583.0,0.0,0.0,0.0,0.0,0.0,0.0,0.0,0.0,0.0,0.0,0.0,0.0,263.0,57.0,2.0,1.0,0.0,0.0,0.0,0.0,0.0,0.0,0.0,0.0,0.0,idle
,idle,,,,,,,,,,,,,,,,,,,,,,,,,,,,,,,,,,,,,idle
1778096958.8318768,g2.hpc.coe,41393.0,0.5001,0.0,0.0,0.0,12288.0,136137861319.0,136368590899.0,139262688.0,139447260.0,3127583.0,0.0,0.0,0.0,0.0,0.0,0.0,0.0,0.0,0.0,0.0,0.0,0.0,305.0,57.0,2.0,1.0,0.0,0.0,0.0,0.0,0.0,0.0,0.0,0.0,0.0,idle
,idle,,,,,,,,,,,,,,,,,,,,,,,,,,,,,,,,,,,,,idle
1778096959.3320043,g2.hpc.coe,41393.0,0.5001,0.0,0.0,0.0,12288.0,136137861666.0,136368590956.0,139262690.0,139447261.0,3127583.0,0.0,0.0,0.0,0.0,0.0,0.0,0.0,0.0,0.0,0.0,0.0,0.0,347.0,57.0,2.0,1.0,0.0,0.0,0.0,0.0,0.0,0.0,0.0,0.0,0.0,idle
,idle,,,,,,,,,,,,,,,,,,,,,,,,,,,,,,,,,,,,,idle
1778096959.8321388,g2.hpc.coe,41393.0,0.5001,0.0,0.0,0.0,12288.0,136137862056.0,136368591013.0,139262692.0,139447262.0,3127583.0,0.0,0.0,0.0,0.0,0.0,0.0,0.0,0.0,0.0,0.0,0.0,0.0,390.0,57.0,2.0,1.0,0.0,0.0,0.0,0.0,0.0,0.0,0.0,0.0,0.0,idle
,idle,,,,,,,,,,,,,,,,,,,,,,,,,,,,,,,,,,,,,idle
1778096960.3322475,g2.hpc.coe,41393.0,0.5001,0.0,0.0,0.0,12288.0,136137862488.0,136368591070.0,139262694.0,139447263.0,3127583.0,0.0,0.0,0.0,0.0,0.0,0.0,0.0,0.0,0.0,0.0,0.0,0.0,432.0,57.0,2.0,1.0,0.0,0.0,0.0,0.0,0.0,0.0,0.0,0.0,0.0,idle
,idle,,,,,,,,,,,,,,,,,,,,,,,,,,,,,,,,,,,,,idle
1778096960.8323996,g2.hpc.coe,41393.0,0.5002,0.0,0.0,0.0,12288.0,136137862962.0,136368591127.0,139262696.0,139447264.0,3127583.0,0.0,0.0,0.0,0.0,0.0,0.0,0.0,0.0,0.0,0.0,0.0,0.0,474.0,57.0,2.0,1.0,0.0,0.0,0.0,0.0,0.0,0.0,0.0,0.0,0.0,idle
,idle,,,,,,,,,,,,,,,,,,,,,,,,,,,,,,,,,,,,,idle
1778096961.332511,g2.hpc.coe,41393.0,0.5001,0.0,0.0,0.0,12288.0,136137863478.0,136368591184.0,139262698.0,139447265.0,3127583.0,0.0,0.0,0.0,0.0,0.0,0.0,0.0,0.0,0.0,0.0,0.0,0.0,516.0,57.0,2.0,1.0,0.0,0.0,0.0,0.0,0.0,0.0,0.0,0.0,0.0,idle
,idle,,,,,,,,,,,,,,,,,,,,,,,,,,,,,,,,,,,,,idle
1778096961.8326223,g2.hpc.coe,41393.0,0.5001,0.0,0.0,0.0,12288.0,136137864058.0,136368591263.0,139262701.0,139447267.0,3127583.0,0.0,0.0,0.0,0.0,0.0,0.0,0.0,0.0,0.0,0.0,0.0,0.0,580.0,79.0,3.0,2.0,0.0,0.0,0.0,0.0,0.0,0.0,0.0,0.0,0.0,idle
,idle,,,,,,,,,,,,,,,,,,,,,,,,,,,,,,,,,,,,,idle
1778096962.3327382,g2.hpc.coe,41393.0,0.5001,0.0,0.0,0.0,12288.0,136137864758.0,136368591397.0,139262706.0,139447270.0,3127583.0,0.0,0.0,0.0,0.0,0.0,0.0,0.0,0.0,0.0,0.0,0.0,0.0,700.0,134.0,5.0,3.0,0.0,0.0,0.0,0.0,0.0,0.0,0.0,0.0,0.0,idle
,idle,,,,,,,,,,,,,,,,,,,,,,,,,,,,,,,,,,,,,idle
1778096962.8328798,g2.hpc.coe,41393.0,0.5001,0.0,0.0,0.0,12288.0,136137865423.0,136368591476.0,139262709.0,139447272.0,3127583.0,0.0,0.0,0.0,0.0,0.0,0.0,0.0,0.0,0.0,0.0,0.0,0.0,665.0,79.0,3.0,2.0,0.0,0.0,0.0,0.0,0.0,0.0,0.0,0.0,0.0,idle
,idle,,,,,,,,,,,,,,,,,,,,,,,,,,,,,,,,,,,,,idle
1778096963.3330026,g2.hpc.coe,41393.0,0.5001,0.0,0.0,0.0,12288.0,136137866130.0,136368591555.0,139262712.0,139447274.0,3127583.0,0.0,0.0,0.0,0.0,0.0,0.0,0.0,0.0,0.0,0.0,0.0,0.0,707.0,79.0,3.0,2.0,0.0,0.0,0.0,0.0,0.0,0.0,0.0,0.0,0.0,idle
,idle,,,,,,,,,,,,,,,,,,,,,,,,,,,,,,,,,,,,,idle
1778096963.833122,g2.hpc.coe,41393.0,0.5001,0.0,0.0,0.0,12288.0,136137866880.0,136368591634.0,139262715.0,139447276.0,3127583.0,0.0,0.0,0.0,0.0,0.0,0.0,0.0,0.0,0.0,0.0,0.0,0.0,750.0,79.0,3.0,2.0,0.0,0.0,0.0,0.0,0.0,0.0,0.0,0.0,0.0,idle
,idle,,,,,,,,,,,,,,,,,,,,,,,,,,,,,,,,,,,,,idle
1778096964.333251,g2.hpc.coe,41393.0,0.5001,0.0,0.0,0.0,12288.0,136137867672.0,136368591713.0,139262718.0,139447278.0,3127583.0,0.0,0.0,0.0,0.0,0.0,0.0,0.0,0.0,0.0,0.0,0.0,0.0,792.0,79.0,3.0,2.0,0.0,0.0,0.0,0.0,0.0,0.0,0.0,0.0,0.0,idle
,idle,,,,,,,,,,,,,,,,,,,,,,,,,,,,,,,,,,,,,idle
1778096964.8333747,g2.hpc.coe,41393.0,0.5001,0.0,0.0,0.0,12288.0,136137868506.0,136368591792.0,139262721.0,139447280.0,3127583.0,0.0,0.0,0.0,0.0,0.0,0.0,0.0,0.0,0.0,0.0,0.0,0.0,834.0,79.0,3.0,2.0,0.0,0.0,0.0,0.0,0.0,0.0,0.0,0.0,0.0,idle
,idle,,,,,,,,,,,,,,,,,,,,,,,,,,,,,,,,,,,,,idle
1778096965.3334928,g2.hpc.coe,41393.0,0.5001,0.0,0.0,0.0,12288.0,136137869382.0,136368591871.0,139262724.0,139447282.0,3127583.0,0.0,0.0,0.0,0.0,0.0,0.0,0.0,0.0,0.0,0.0,0.0,0.0,876.0,79.0,3.0,2.0,0.0,0.0,0.0,0.0,0.0,0.0,0.0,0.0,0.0,idle
,idle,,,,,,,,,,,,,,,,,,,,,,,,,,,,,,,,,,,,,idle
1778096965.833624,g2.hpc.coe,41393.0,0.5001,0.0,0.0,0.0,12288.0,136137870300.0,136368591950.0,139262727.0,139447284.0,3127583.0,0.0,0.0,0.0,0.0,0.0,0.0,0.0,0.0,0.0,0.0,0.0,0.0,918.0,79.0,3.0,2.0,0.0,0.0,0.0,0.0,0.0,0.0,0.0,0.0,0.0,idle
,idle,,,,,,,,,,,,,,,,,,,,,,,,,,,,,,,,,,,,,idle
1778096966.333737,g2.hpc.coe,41393.0,0.5001,0.0,0.0,0.0,12288.0,136137871260.0,136368592029.0,139262730.0,139447286.0,3127583.0,0.0,0.0,0.0,0.0,0.0,0.0,0.0,0.0,0.0,0.0,0.0,0.0,960.0,79.0,3.0,2.0,0.0,0.0,0.0,0.0,0.0,0.0,0.0,0.0,0.0,idle
,idle,,,,,,,,,,,,,,,,,,,,,,,,,,,,,,,,,,,,,idle
1778096966.8338792,g2.hpc.coe,41393.0,0.5001,0.0,0.0,0.0,12288.0,136137872262.0,136368592108.0,139262733.0,139447288.0,3127583.0,0.0,0.0,0.0,0.0,0.0,0.0,0.0,0.0,0.0,0.0,0.0,0.0,1002.0,79.0,3.0,2.0,0.0,0.0,0.0,0.0,0.0,0.0,0.0,0.0,0.0,idle
,idle,,,,,,,,,,,,,,,,,,,,,,,,,,,,,,,,,,,,,idle
1778096967.3340058,g2.hpc.coe,41393.0,0.5001,0.0,0.0,0.0,12288.0,136137873307.0,136368592187.0,139262736.0,139447290.0,3127583.0,0.0,0.0,0.0,0.0,0.0,0.0,0.0,0.0,0.0,0.0,0.0,0.0,1045.0,79.0,3.0,2.0,0.0,0.0,0.0,0.0,0.0,0.0,0.0,0.0,0.0,idle
,idle,,,,,,,,,,,,,,,,,,,,,,,,,,,,,,,,,,,,,idle
1778096967.834109,g2.hpc.coe,41393.0,0.5001,0.0,0.0,0.0,12288.0,136137874493.0,136368592321.0,139262742.0,139447293.0,3127583.0,0.0,0.0,0.0,0.0,0.0,0.0,0.0,0.0,0.0,0.0,0.0,0.0,1186.0,134.0,6.0,3.0,0.0,0.0,0.0,0.0,0.0,0.0,0.0,0.0,0.0,idle
,idle,,,,,,,,,,,,,,,,,,,,,,,,,,,,,,,,,,,,,idle
1778096968.3342333,g2.hpc.coe,41393.0,0.5001,0.0,0.0,0.0,12288.0,136137875645.0,136368592400.0,139262746.0,139447295.0,3127583.0,0.0,0.0,0.0,0.0,0.0,0.0,0.0,0.0,0.0,0.0,0.0,0.0,1152.0,79.0,4.0,2.0,0.0,0.0,0.0,0.0,0.0,0.0,0.0,0.0,0.0,idle
,idle,,,,,,,,,,,,,,,,,,,,,,,,,,,,,,,,,,,,,idle
1778096968.834339,g2.hpc.coe,41393.0,0.5001,0.0,0.0,0.0,12288.0,136137875771.0,136368592457.0,139262748.0,139447296.0,3127583.0,0.0,0.0,0.0,0.0,0.0,0.0,0.0,0.0,0.0,0.0,0.0,0.0,126.0,57.0,2.0,1.0,0.0,0.0,0.0,0.0,0.0,0.0,0.0,0.0,0.0,idle
,idle,,,,,,,,,,,,,,,,,,,,,,,,,,,,,,,,,,,,,idle
1778096969.334467,g2.hpc.coe,41393.0,0.5001,0.0,0.0,0.0,12288.0,136137875940.0,136368592514.0,139262750.0,139447297.0,3127583.0,0.0,0.0,0.0,0.0,0.0,0.0,0.0,0.0,0.0,0.0,0.0,0.0,169.0,57.0,2.0,1.0,0.0,0.0,0.0,0.0,0.0,0.0,0.0,0.0,0.0,idle
,idle,,,,,,,,,,,,,,,,,,,,,,,,,,,,,,,,,,,,,idle
1778096969.8345788,g2.hpc.coe,41393.0,0.5001,0.0,0.0,0.0,12288.0,136137876151.0,136368592571.0,139262752.0,139447298.0,3127583.0,0.0,0.0,0.0,0.0,0.0,0.0,0.0,0.0,0.0,0.0,0.0,0.0,211.0,57.0,2.0,1.0,0.0,0.0,0.0,0.0,0.0,0.0,0.0,0.0,0.0,idle
,idle,,,,,,,,,,,,,,,,,,,,,,,,,,,,,,,,,,,,,idle
1778096970.334711,g2.hpc.coe,41393.0,0.5001,0.0,0.0,0.0,12288.0,136137876404.0,136368592628.0,139262754.0,139447299.0,3127583.0,0.0,0.0,0.0,0.0,0.0,0.0,0.0,0.0,0.0,0.0,0.0,0.0,253.0,57.0,2.0,1.0,0.0,0.0,0.0,0.0,0.0,0.0,0.0,0.0,0.0,idle
,idle,,,,,,,,,,,,,,,,,,,,,,,,,,,,,,,,,,,,,idle
1778096970.834815,g2.hpc.coe,41393.0,0.5001,0.0,0.0,0.0,12288.0,136137876699.0,136368592685.0,139262756.0,139447300.0,3127583.0,0.0,0.0,0.0,0.0,0.0,0.0,0.0,0.0,0.0,0.0,0.0,0.0,295.0,57.0,2.0,1.0,0.0,0.0,0.0,0.0,0.0,0.0,0.0,0.0,0.0,idle
,idle,,,,,,,,,,,,,,,,,,,,,,,,,,,,,,,,,,,,,idle
1778096971.334947,g2.hpc.coe,41393.0,0.5001,0.0,0.0,0.0,12288.0,136137877036.0,136368592742.0,139262758.0,139447301.0,3127583.0,0.0,0.0,0.0,0.0,0.0,0.0,0.0,0.0,0.0,0.0,0.0,0.0,337.0,57.0,2.0,1.0,0.0,0.0,0.0,0.0,0.0,0.0,0.0,0.0,0.0,idle
,idle,,,,,,,,,,,,,,,,,,,,,,,,,,,,,,,,,,,,,idle
1778096971.8350728,g2.hpc.coe,41393.0,0.5001,0.0,0.0,0.0,12288.0,136137877415.0,136368592799.0,139262760.0,139447302.0,3127583.0,0.0,0.0,0.0,0.0,0.0,0.0,0.0,0.0,0.0,0.0,0.0,0.0,379.0,57.0,2.0,1.0,0.0,0.0,0.0,0.0,0.0,0.0,0.0,0.0,0.0,idle
,idle,,,,,,,,,,,,,,,,,,,,,,,,,,,,,,,,,,,,,idle
1778096972.3351946,g2.hpc.coe,41393.0,0.5001,0.0,0.0,0.0,12288.0,136137878459.0,136368593303.0,139262777.0,139447311.0,3127583.0,0.0,0.0,0.0,0.0,0.0,0.0,0.0,0.0,0.0,0.0,0.0,0.0,1044.0,504.0,17.0,9.0,0.0,0.0,0.0,0.0,0.0,0.0,0.0,0.0,0.0,idle
,idle,,,,,,,,,,,,,,,,,,,,,,,,,,,,,,,,,,,,,idle
1778096972.8353324,g2.hpc.coe,41393.0,0.5001,0.0,0.0,0.0,12288.0,136137879000.0,136368593415.0,139262781.0,139447313.0,3127583.0,0.0,0.0,0.0,0.0,0.0,0.0,0.0,0.0,0.0,0.0,0.0,0.0,541.0,112.0,4.0,2.0,0.0,0.0,0.0,0.0,0.0,0.0,0.0,0.0,0.0,idle
,idle,,,,,,,,,,,,,,,,,,,,,,,,,,,,,,,,,,,,,idle
1778096973.3354566,g2.hpc.coe,41393.0,0.5001,0.0,0.0,0.0,12288.0,136137879507.0,136368593472.0,139262783.0,139447314.0,3127583.0,0.0,0.0,0.0,0.0,0.0,0.0,0.0,0.0,0.0,0.0,0.0,0.0,507.0,57.0,2.0,1.0,0.0,0.0,0.0,0.0,0.0,0.0,0.0,0.0,0.0,idle
,idle,,,,,,,,,,,,,,,,,,,,,,,,,,,,,,,,,,,,,idle
1778096973.8355875,g2.hpc.coe,41393.0,0.5001,0.0,0.0,0.0,12288.0,136137880078.0,136368593551.0,139262786.0,139447316.0,3127583.0,0.0,0.0,0.0,0.0,0.0,0.0,0.0,0.0,0.0,0.0,0.0,0.0,571.0,79.0,3.0,2.0,0.0,0.0,0.0,0.0,0.0,0.0,0.0,0.0,0.0,idle
,idle,,,,,,,,,,,,,,,,,,,,,,,,,,,,,,,,,,,,,idle
1778096974.3357155,g2.hpc.coe,41393.0,0.5001,0.0,0.0,0.0,12288.0,136137880691.0,136368593630.0,139262789.0,139447318.0,3127583.0,0.0,0.0,0.0,0.0,0.0,0.0,0.0,0.0,0.0,0.0,0.0,0.0,613.0,79.0,3.0,2.0,0.0,0.0,0.0,0.0,0.0,0.0,0.0,0.0,0.0,idle
,idle,,,,,,,,,,,,,,,,,,,,,,,,,,,,,,,,,,,,,idle
1778096974.8358393,g2.hpc.coe,41393.0,0.5001,0.0,0.0,0.0,12288.0,136137881346.0,136368593709.0,139262792.0,139447320.0,3127583.0,0.0,0.0,0.0,0.0,0.0,0.0,0.0,0.0,0.0,0.0,0.0,0.0,655.0,79.0,3.0,2.0,0.0,0.0,0.0,0.0,0.0,0.0,0.0,0.0,0.0,idle
,idle,,,,,,,,,,,,,,,,,,,,,,,,,,,,,,,,,,,,,idle
1778096975.3359497,g2.hpc.coe,41393.0,0.5001,0.0,0.0,0.0,12288.0,136137882044.0,136368593788.0,139262795.0,139447322.0,3127583.0,0.0,0.0,0.0,0.0,0.0,0.0,0.0,0.0,0.0,0.0,0.0,0.0,698.0,79.0,3.0,2.0,0.0,0.0,0.0,0.0,0.0,0.0,0.0,0.0,0.0,idle
,idle,,,,,,,,,,,,,,,,,,,,,,,,,,,,,,,,,,,,,idle
1778096975.8360777,g2.hpc.coe,41393.0,0.5001,0.0,0.0,0.0,12288.0,136137882784.0,136368593867.0,139262798.0,139447324.0,3127583.0,0.0,0.0,0.0,0.0,0.0,0.0,0.0,0.0,0.0,0.0,0.0,0.0,740.0,79.0,3.0,2.0,0.0,0.0,0.0,0.0,0.0,0.0,0.0,0.0,0.0,idle
,idle,,,,,,,,,,,,,,,,,,,,,,,,,,,,,,,,,,,,,idle
1778096976.3361971,g2.hpc.coe,41393.0,0.5001,0.0,0.0,0.0,12288.0,136137883566.0,136368593946.0,139262801.0,139447326.0,3127583.0,0.0,0.0,0.0,0.0,0.0,0.0,0.0,0.0,0.0,0.0,0.0,0.0,782.0,79.0,3.0,2.0,0.0,0.0,0.0,0.0,0.0,0.0,0.0,0.0,0.0,idle
,idle,,,,,,,,,,,,,,,,,,,,,,,,,,,,,,,,,,,,,idle
1778096976.8363209,g2.hpc.coe,41393.0,0.5001,0.0,0.0,0.0,12288.0,136137884390.0,136368594025.0,139262804.0,139447328.0,3127583.0,0.0,0.0,0.0,0.0,0.0,0.0,0.0,0.0,0.0,0.0,0.0,0.0,824.0,79.0,3.0,2.0,0.0,0.0,0.0,0.0,0.0,0.0,0.0,0.0,0.0,idle
,idle,,,,,,,,,,,,,,,,,,,,,,,,,,,,,,,,,,,,,idle
1778096977.3364437,g2.hpc.coe,41393.0,0.5001,0.0,0.0,0.0,12288.0,136137885257.0,136368594104.0,139262807.0,139447330.0,3127583.0,0.0,0.0,0.0,0.0,0.0,0.0,0.0,0.0,0.0,0.0,0.0,0.0,867.0,79.0,3.0,2.0,0.0,0.0,0.0,0.0,0.0,0.0,0.0,0.0,0.0,idle
,idle,,,,,,,,,,,,,,,,,,,,,,,,,,,,,,,,,,,,,idle
1778096977.8365688,g2.hpc.coe,41393.0,0.5001,0.0,0.0,0.0,12288.0,136137886243.0,136368594238.0,139262812.0,139447333.0,3127583.0,0.0,0.0,0.0,0.0,0.0,0.0,0.0,0.0,0.0,0.0,0.0,0.0,986.0,134.0,5.0,3.0,0.0,0.0,0.0,0.0,0.0,0.0,0.0,0.0,0.0,idle
,idle,,,,,,,,,,,,,,,,,,,,,,,,,,,,,,,,,,,,,idle
1778096978.336694,g2.hpc.coe,41393.0,0.5001,0.0,0.0,0.0,12288.0,136137887194.0,136368594317.0,139262815.0,139447335.0,3127583.0,0.0,0.0,0.0,0.0,0.0,0.0,0.0,0.0,0.0,0.0,0.0,0.0,951.0,79.0,3.0,2.0,0.0,0.0,0.0,0.0,0.0,0.0,0.0,0.0,0.0,idle
,idle,,,,,,,,,,,,,,,,,,,,,,,,,,,,,,,,,,,,,idle
1778096978.8368237,g2.hpc.coe,41393.0,0.5001,0.0,0.0,0.0,12288.0,136137888187.0,136368594396.0,139262818.0,139447337.0,3127583.0,0.0,0.0,0.0,0.0,0.0,0.0,0.0,0.0,0.0,0.0,0.0,0.0,993.0,79.0,3.0,2.0,0.0,0.0,0.0,0.0,0.0,0.0,0.0,0.0,0.0,idle
,idle,,,,,,,,,,,,,,,,,,,,,,,,,,,,,,,,,,,,,idle
1778096979.3369362,g2.hpc.coe,41393.0,0.5001,0.0,0.0,0.0,12288.0,136137889480.0,136368594730.0,139262826.0,139447344.0,3127583.0,0.0,0.0,0.0,0.0,0.0,0.0,0.0,0.0,0.0,0.0,0.0,0.0,1293.0,334.0,8.0,7.0,0.0,0.0,0.0,0.0,0.0,0.0,0.0,0.0,0.0,idle
,idle,,,,,,,,,,,,,,,,,,,,,,,,,,,,,,,,,,,,,idle
1778096979.8370798,g2.hpc.coe,41393.0,0.5001,0.0,0.0,0.0,12288.0,136137890602.0,136368594809.0,139262831.0,139447346.0,3127583.0,0.0,0.0,0.0,0.0,0.0,0.0,0.0,0.0,0.0,0.0,0.0,0.0,1122.0,79.0,5.0,2.0,0.0,0.0,0.0,0.0,0.0,0.0,0.0,0.0,0.0,idle
,idle,,,,,,,,,,,,,,,,,,,,,,,,,,,,,,,,,,,,,idle
1778096980.3372087,g2.hpc.coe,41393.0,0.5001,0.0,0.0,0.0,12288.0,136137891745.0,136368594888.0,139262835.0,139447348.0,3127583.0,0.0,0.0,0.0,0.0,0.0,0.0,0.0,0.0,0.0,0.0,0.0,0.0,1143.0,79.0,4.0,2.0,0.0,0.0,0.0,0.0,0.0,0.0,0.0,0.0,0.0,idle
,idle,,,,,,,,,,,,,,,,,,,,,,,,,,,,,,,,,,,,,idle
1778096980.8373296,g2.hpc.coe,41393.0,0.5001,0.0,0.0,0.0,12288.0,136137892930.0,136368594967.0,139262839.0,139447350.0,3127583.0,0.0,0.0,0.0,0.0,0.0,0.0,0.0,0.0,0.0,0.0,0.0,0.0,1185.0,79.0,4.0,2.0,0.0,0.0,0.0,0.0,0.0,0.0,0.0,0.0,0.0,idle
,idle,,,,,,,,,,,,,,,,,,,,,,,,,,,,,,,,,,,,,idle
1778096981.337458,g2.hpc.coe,41393.0,0.5001,0.0,0.0,0.0,12288.0,136137893090.0,136368595024.0,139262841.0,139447351.0,3127583.0,0.0,0.0,0.0,0.0,0.0,0.0,0.0,0.0,0.0,0.0,0.0,0.0,160.0,57.0,2.0,1.0,0.0,0.0,0.0,0.0,0.0,0.0,0.0,0.0,0.0,idle
,idle,,,,,,,,,,,,,,,,,,,,,,,,,,,,,,,,,,,,,idle
1778096981.837572,g2.hpc.coe,41393.0,0.5001,0.0,0.0,0.0,12288.0,136137893292.0,136368595081.0,139262843.0,139447352.0,3127583.0,0.0,0.0,0.0,0.0,0.0,0.0,0.0,0.0,0.0,0.0,0.0,0.0,202.0,57.0,2.0,1.0,0.0,0.0,0.0,0.0,0.0,0.0,0.0,0.0,0.0,idle
,idle,,,,,,,,,,,,,,,,,,,,,,,,,,,,,,,,,,,,,idle
1778096982.337679,g2.hpc.coe,41393.0,0.5001,0.0,0.0,0.0,12288.0,136137893536.0,136368595138.0,139262845.0,139447353.0,3127583.0,0.0,0.0,0.0,0.0,0.0,0.0,0.0,0.0,0.0,0.0,0.0,0.0,244.0,57.0,2.0,1.0,0.0,0.0,0.0,0.0,0.0,0.0,0.0,0.0,0.0,idle
,idle,,,,,,,,,,,,,,,,,,,,,,,,,,,,,,,,,,,,,idle
1778096982.8377812,g2.hpc.coe,41393.0,0.5001,0.0,0.0,0.0,12288.0,136137893899.0,136368595250.0,139262849.0,139447355.0,3127583.0,0.0,0.0,0.0,0.0,0.0,0.0,0.0,0.0,0.0,0.0,0.0,0.0,363.0,112.0,4.0,2.0,0.0,0.0,0.0,0.0,0.0,0.0,0.0,0.0,0.0,idle
,idle,,,,,,,,,,,,,,,,,,,,,,,,,,,,,,,,,,,,,idle
1778096983.3379092,g2.hpc.coe,41393.0,0.5001,0.0,0.0,0.0,12288.0,136137894228.0,136368595307.0,139262851.0,139447356.0,3127583.0,0.0,0.0,0.0,0.0,0.0,0.0,0.0,0.0,0.0,0.0,0.0,0.0,329.0,57.0,2.0,1.0,0.0,0.0,0.0,0.0,0.0,0.0,0.0,0.0,0.0,idle
,idle,,,,,,,,,,,,,,,,,,,,,,,,,,,,,,,,,,,,,idle
1778096983.838037,g2.hpc.coe,41393.0,0.5001,0.0,0.0,0.0,12288.0,136137894599.0,136368595364.0,139262853.0,139447357.0,3127583.0,0.0,0.0,0.0,0.0,0.0,0.0,0.0,0.0,0.0,0.0,0.0,0.0,371.0,57.0,2.0,1.0,0.0,0.0,0.0,0.0,0.0,0.0,0.0,0.0,0.0,idle
,idle,,,,,,,,,,,,,,,,,,,,,,,,,,,,,,,,,,,,,idle
1778096984.3381448,g2.hpc.coe,41393.0,0.5001,0.0,0.0,0.0,12288.0,136137895012.0,136368595421.0,139262855.0,139447358.0,3127583.0,0.0,0.0,0.0,0.0,0.0,0.0,0.0,0.0,0.0,0.0,0.0,0.0,413.0,57.0,2.0,1.0,0.0,0.0,0.0,0.0,0.0,0.0,0.0,0.0,0.0,idle
,idle,,,,,,,,,,,,,,,,,,,,,,,,,,,,,,,,,,,,,idle
1778096984.8382788,g2.hpc.coe,41393.0,0.5001,0.0,0.0,0.0,12288.0,136137895467.0,136368595478.0,139262857.0,139447359.0,3127583.0,0.0,0.0,0.0,0.0,0.0,0.0,0.0,0.0,0.0,0.0,0.0,0.0,455.0,57.0,2.0,1.0,0.0,0.0,0.0,0.0,0.0,0.0,0.0,0.0,0.0,idle
,idle,,,,,,,,,,,,,,,,,,,,,,,,,,,,,,,,,,,,,idle
1778096985.3383915,g2.hpc.coe,41393.0,0.5001,0.0,0.0,0.0,12288.0,136137895965.0,136368595535.0,139262859.0,139447360.0,3127583.0,0.0,0.0,0.0,0.0,0.0,0.0,0.0,0.0,0.0,0.0,0.0,0.0,498.0,57.0,2.0,1.0,0.0,0.0,0.0,0.0,0.0,0.0,0.0,0.0,0.0,idle
,idle,,,,,,,,,,,,,,,,,,,,,,,,,,,,,,,,,,,,,idle
1778096985.838523,g2.hpc.coe,41393.0,0.5001,0.0,0.0,0.0,12288.0,136137896505.0,136368595592.0,139262861.0,139447361.0,3127583.0,0.0,0.0,0.0,0.0,0.0,0.0,0.0,0.0,0.0,0.0,0.0,0.0,540.0,57.0,2.0,1.0,0.0,0.0,0.0,0.0,0.0,0.0,0.0,0.0,0.0,idle
,idle,,,,,,,,,,,,,,,,,,,,,,,,,,,,,,,,,,,,,idle
1778096986.338646,g2.hpc.coe,41393.0,0.5001,0.0,0.0,0.0,12288.0,136137897109.0,136368595671.0,139262864.0,139447363.0,3127583.0,0.0,0.0,0.0,0.0,0.0,0.0,0.0,0.0,0.0,0.0,0.0,0.0,604.0,79.0,3.0,2.0,0.0,0.0,0.0,0.0,0.0,0.0,0.0,0.0,0.0,idle
,idle,,,,,,,,,,,,,,,,,,,,,,,,,,,,,,,,,,,,,idle
1778096986.8387682,g2.hpc.coe,41393.0,0.5001,0.0,0.0,0.0,12288.0,136137897755.0,136368595750.0,139262867.0,139447365.0,3127583.0,0.0,0.0,0.0,0.0,0.0,0.0,0.0,0.0,0.0,0.0,0.0,0.0,646.0,79.0,3.0,2.0,0.0,0.0,0.0,0.0,0.0,0.0,0.0,0.0,0.0,idle
,idle,,,,,,,,,,,,,,,,,,,,,,,,,,,,,,,,,,,,,idle
1778096987.3388996,g2.hpc.coe,41393.0,0.5001,0.0,0.0,0.0,12288.0,136137899066.0,136368596276.0,139262885.0,139447375.0,3127583.0,0.0,0.0,0.0,0.0,0.0,0.0,0.0,0.0,0.0,0.0,0.0,0.0,1311.0,526.0,18.0,10.0,0.0,0.0,0.0,0.0,0.0,0.0,0.0,0.0,0.0,idle
,idle,,,,,,,,,,,,,,,,,,,,,,,,,,,,,,,,,,,,,idle
1778096987.8390045,g2.hpc.coe,41393.0,0.5001,0.0,0.0,0.0,12288.0,136137899797.0,136368596355.0,139262888.0,139447377.0,3127583.0,0.0,0.0,0.0,0.0,0.0,0.0,0.0,0.0,0.0,0.0,0.0,0.0,731.0,79.0,3.0,2.0,0.0,0.0,0.0,0.0,0.0,0.0,0.0,0.0,0.0,idle
,idle,,,,,,,,,,,,,,,,,,,,,,,,,,,,,,,,,,,,,idle
1778096988.339114,g2.hpc.coe,41393.0,0.5001,0.0,0.0,0.0,12288.0,136137900648.0,136368596489.0,139262893.0,139447380.0,3127583.0,0.0,0.0,0.0,0.0,0.0,0.0,0.0,0.0,0.0,0.0,0.0,0.0,851.0,134.0,5.0,3.0,0.0,0.0,0.0,0.0,0.0,0.0,0.0,0.0,0.0,idle
,idle,,,,,,,,,,,,,,,,,,,,,,,,,,,,,,,,,,,,,idle
1778096988.83924,g2.hpc.coe,41393.0,0.5001,0.0,0.0,0.0,12288.0,136137901464.0,136368596568.0,139262896.0,139447382.0,3127583.0,0.0,0.0,0.0,0.0,0.0,0.0,0.0,0.0,0.0,0.0,0.0,0.0,816.0,79.0,3.0,2.0,0.0,0.0,0.0,0.0,0.0,0.0,0.0,0.0,0.0,idle
,idle,,,,,,,,,,,,,,,,,,,,,,,,,,,,,,,,,,,,,idle
1778096989.3393476,g2.hpc.coe,41393.0,0.5001,0.0,0.0,0.0,12288.0,136137902322.0,136368596647.0,139262899.0,139447384.0,3127583.0,0.0,0.0,0.0,0.0,0.0,0.0,0.0,0.0,0.0,0.0,0.0,0.0,858.0,79.0,3.0,2.0,0.0,0.0,0.0,0.0,0.0,0.0,0.0,0.0,0.0,idle
,idle,,,,,,,,,,,,,,,,,,,,,,,,,,,,,,,,,,,,,idle
1778096989.8394766,g2.hpc.coe,41393.0,0.5001,0.0,0.0,0.0,12288.0,136137903222.0,136368596726.0,139262902.0,139447386.0,3127583.0,0.0,0.0,0.0,0.0,0.0,0.0,0.0,0.0,0.0,0.0,0.0,0.0,900.0,79.0,3.0,2.0,0.0,0.0,0.0,0.0,0.0,0.0,0.0,0.0,0.0,idle
,idle,,,,,,,,,,,,,,,,,,,,,,,,,,,,,,,,,,,,,idle
1778096990.339602,g2.hpc.coe,41393.0,0.5001,0.0,0.0,0.0,12288.0,136137904164.0,136368596805.0,139262905.0,139447388.0,3127583.0,0.0,0.0,0.0,0.0,0.0,0.0,0.0,0.0,0.0,0.0,0.0,0.0,942.0,79.0,3.0,2.0,0.0,0.0,0.0,0.0,0.0,0.0,0.0,0.0,0.0,idle
,idle,,,,,,,,,,,,,,,,,,,,,,,,,,,,,,,,,,,,,idle
1778096990.8397243,g2.hpc.coe,41393.0,0.5001,0.0,0.0,0.0,12288.0,136137905148.0,136368596884.0,139262908.0,139447390.0,3127583.0,0.0,0.0,0.0,0.0,0.0,0.0,0.0,0.0,0.0,0.0,0.0,0.0,984.0,79.0,3.0,2.0,0.0,0.0,0.0,0.0,0.0,0.0,0.0,0.0,0.0,idle
,idle,,,,,,,,,,,,,,,,,,,,,,,,,,,,,,,,,,,,,idle
1778096991.3398736,g2.hpc.coe,41393.0,0.5001,0.0,0.0,0.0,12288.0,136137906174.0,136368596963.0,139262911.0,139447392.0,3127583.0,0.0,0.0,0.0,0.0,0.0,0.0,0.0,0.0,0.0,0.0,0.0,0.0,1026.0,79.0,3.0,2.0,0.0,0.0,0.0,0.0,0.0,0.0,0.0,0.0,0.0,idle
,idle,,,,,,,,,,,,,,,,,,,,,,,,,,,,,,,,,,,,,idle
1778096991.8399978,g2.hpc.coe,41393.0,0.5001,0.0,0.0,0.0,12288.0,136137907265.0,136368597042.0,139262915.0,139447394.0,3127583.0,0.0,0.0,0.0,0.0,0.0,0.0,0.0,0.0,0.0,0.0,0.0,0.0,1091.0,79.0,4.0,2.0,0.0,0.0,0.0,0.0,0.0,0.0,0.0,0.0,0.0,idle
,idle,,,,,,,,,,,,,,,,,,,,,,,,,,,,,,,,,,,,,idle
1778096992.3401687,g2.hpc.coe,41393.0,0.5002,0.0,0.0,0.0,12288.0,136137908398.0,136368597121.0,139262919.0,139447396.0,3127583.0,0.0,0.0,0.0,0.0,0.0,0.0,0.0,0.0,0.0,0.0,0.0,0.0,1133.0,79.0,4.0,2.0,0.0,0.0,0.0,0.0,0.0,0.0,0.0,0.0,0.0,idle
,idle,,,,,,,,,,,,,,,,,,,,,,,,,,,,,,,,,,,,,idle
1778096992.8402889,g2.hpc.coe,41393.0,0.5001,0.0,0.0,0.0,12288.0,136137909574.0,136368597200.0,139262923.0,139447398.0,3127583.0,0.0,0.0,0.0,0.0,0.0,0.0,0.0,0.0,0.0,0.0,0.0,0.0,1176.0,79.0,4.0,2.0,0.0,0.0,0.0,0.0,0.0,0.0,0.0,0.0,0.0,idle
,idle,,,,,,,,,,,,,,,,,,,,,,,,,,,,,,,,,,,,,idle
1778096993.3403947,g2.hpc.coe,41393.0,0.5001,0.0,0.0,0.0,12288.0,136137909801.0,136368597312.0,139262927.0,139447400.0,3127583.0,0.0,0.0,0.0,0.0,0.0,0.0,0.0,0.0,0.0,0.0,0.0,0.0,227.0,112.0,4.0,2.0,0.0,0.0,0.0,0.0,0.0,0.0,0.0,0.0,0.0,idle
,idle,,,,,,,,,,,,,,,,,,,,,,,,,,,,,,,,,,,,,idle
1778096993.8405185,g2.hpc.coe,41393.0,0.5001,0.0,0.0,0.0,12288.0,136137909994.0,136368597369.0,139262929.0,139447401.0,3127583.0,0.0,0.0,0.0,0.0,0.0,0.0,0.0,0.0,0.0,0.0,0.0,0.0,193.0,57.0,2.0,1.0,0.0,0.0,0.0,0.0,0.0,0.0,0.0,0.0,0.0,idle
,idle,,,,,,,,,,,,,,,,,,,,,,,,,,,,,,,,,,,,,idle
1778096994.3406518,g2.hpc.coe,41393.0,0.5001,0.0,0.0,0.0,12288.0,136137910229.0,136368597426.0,139262931.0,139447402.0,3127583.0,0.0,0.0,0.0,0.0,0.0,0.0,0.0,0.0,0.0,0.0,0.0,0.0,235.0,57.0,2.0,1.0,0.0,0.0,0.0,0.0,0.0,0.0,0.0,0.0,0.0,idle
,idle,,,,,,,,,,,,,,,,,,,,,,,,,,,,,,,,,,,,,idle
1778096994.840758,g2.hpc.coe,41393.0,0.5001,0.0,0.0,0.0,12288.0,136137910506.0,136368597483.0,139262933.0,139447403.0,3127583.0,0.0,0.0,0.0,0.0,0.0,0.0,0.0,0.0,0.0,0.0,0.0,0.0,277.0,57.0,2.0,1.0,0.0,0.0,0.0,0.0,0.0,0.0,0.0,0.0,0.0,idle
,idle,,,,,,,,,,,,,,,,,,,,,,,,,,,,,,,,,,,,,idle
1778096995.3408897,g2.hpc.coe,41393.0,0.5001,0.0,0.0,0.0,12288.0,136137910825.0,136368597540.0,139262935.0,139447404.0,3127583.0,0.0,0.0,0.0,0.0,0.0,0.0,0.0,0.0,0.0,0.0,0.0,0.0,319.0,57.0,2.0,1.0,0.0,0.0,0.0,0.0,0.0,0.0,0.0,0.0,0.0,idle
,idle,,,,,,,,,,,,,,,,,,,,,,,,,,,,,,,,,,,,,idle
1778096995.8410275,g2.hpc.coe,41393.0,0.5001,0.0,0.0,0.0,12288.0,136137911187.0,136368597597.0,139262937.0,139447405.0,3127583.0,0.0,0.0,0.0,0.0,0.0,0.0,0.0,0.0,0.0,0.0,0.0,0.0,362.0,57.0,2.0,1.0,0.0,0.0,0.0,0.0,0.0,0.0,0.0,0.0,0.0,idle
,idle,,,,,,,,,,,,,,,,,,,,,,,,,,,,,,,,,,,,,idle
1778096996.3411477,g2.hpc.coe,41393.0,0.5001,0.0,0.0,0.0,12288.0,136137911591.0,136368597654.0,139262939.0,139447406.0,3127583.0,0.0,0.0,0.0,0.0,0.0,0.0,0.0,0.0,0.0,0.0,0.0,0.0,404.0,57.0,2.0,1.0,0.0,0.0,0.0,0.0,0.0,0.0,0.0,0.0,0.0,idle
,idle,,,,,,,,,,,,,,,,,,,,,,,,,,,,,,,,,,,,,idle
1778096996.8412774,g2.hpc.coe,41393.0,0.5001,0.0,0.0,0.0,12288.0,136137912037.0,136368597711.0,139262941.0,139447407.0,3127583.0,0.0,0.0,0.0,0.0,0.0,0.0,0.0,0.0,0.0,0.0,0.0,0.0,446.0,57.0,2.0,1.0,0.0,0.0,0.0,0.0,0.0,0.0,0.0,0.0,0.0,idle
,idle,,,,,,,,,,,,,,,,,,,,,,,,,,,,,,,,,,,,,idle
1778096997.3414187,g2.hpc.coe,41393.0,0.5001,0.0,0.0,0.0,12288.0,136137912525.0,136368597768.0,139262943.0,139447408.0,3127583.0,0.0,0.0,0.0,0.0,0.0,0.0,0.0,0.0,0.0,0.0,0.0,0.0,488.0,57.0,2.0,1.0,0.0,0.0,0.0,0.0,0.0,0.0,0.0,0.0,0.0,idle
,idle,,,,,,,,,,,,,,,,,,,,,,,,,,,,,,,,,,,,,idle
1778096997.8415508,g2.hpc.coe,41393.0,0.5001,0.0,0.0,0.0,12288.0,136137913056.0,136368597825.0,139262945.0,139447409.0,3127583.0,0.0,0.0,0.0,0.0,0.0,0.0,0.0,0.0,0.0,0.0,0.0,0.0,531.0,57.0,2.0,1.0,0.0,0.0,0.0,0.0,0.0,0.0,0.0,0.0,0.0,idle
,idle,,,,,,,,,,,,,,,,,,,,,,,,,,,,,,,,,,,,,idle
1778096998.3416595,g2.hpc.coe,41393.0,0.5001,0.0,0.0,0.0,12288.0,136137913728.0,136368597959.0,139262950.0,139447412.0,3127583.0,0.0,0.0,0.0,0.0,0.0,0.0,0.0,0.0,0.0,0.0,0.0,0.0,672.0,134.0,5.0,3.0,0.0,0.0,0.0,0.0,0.0,0.0,0.0,0.0,0.0,idle
,idle,,,,,,,,,,,,,,,,,,,,,,,,,,,,,,,,,,,,,idle
1778096998.841782,g2.hpc.coe,41393.0,0.5001,0.0,0.0,0.0,12288.0,136137914365.0,136368598038.0,139262953.0,139447414.0,3127583.0,0.0,0.0,0.0,0.0,0.0,0.0,0.0,0.0,0.0,0.0,0.0,0.0,637.0,79.0,3.0,2.0,0.0,0.0,0.0,0.0,0.0,0.0,0.0,0.0,0.0,idle
,idle,,,,,,,,,,,,,,,,,,,,,,,,,,,,,,,,,,,,,idle
1778096999.3418956,g2.hpc.coe,41393.0,0.5001,0.0,0.0,0.0,12288.0,136137915045.0,136368598117.0,139262956.0,139447416.0,3127583.0,0.0,0.0,0.0,0.0,0.0,0.0,0.0,0.0,0.0,0.0,0.0,0.0,680.0,79.0,3.0,2.0,0.0,0.0,0.0,0.0,0.0,0.0,0.0,0.0,0.0,idle
,idle,,,,,,,,,,,,,,,,,,,,,,,,,,,,,,,,,,,,,idle
1778096999.8420188,g2.hpc.coe,41393.0,0.5001,0.0,0.0,0.0,12288.0,136137915767.0,136368598196.0,139262959.0,139447418.0,3127583.0,0.0,0.0,0.0,0.0,0.0,0.0,0.0,0.0,0.0,0.0,0.0,0.0,722.0,79.0,3.0,2.0,0.0,0.0,0.0,0.0,0.0,0.0,0.0,0.0,0.0,idle
,idle,,,,,,,,,,,,,,,,,,,,,,,,,,,,,,,,,,,,,idle
1778097000.3421314,g2.hpc.coe,41393.0,0.5001,0.0,0.0,0.0,12288.0,136137916531.0,136368598275.0,139262962.0,139447420.0,3127583.0,0.0,0.0,0.0,0.0,0.0,0.0,0.0,0.0,0.0,0.0,0.0,0.0,764.0,79.0,3.0,2.0,0.0,0.0,0.0,0.0,0.0,0.0,0.0,0.0,0.0,idle
,idle,,,,,,,,,,,,,,,,,,,,,,,,,,,,,,,,,,,,,idle
1778097000.8422625,g2.hpc.coe,41393.0,0.5001,0.0,0.0,0.0,12288.0,136137917337.0,136368598354.0,139262965.0,139447422.0,3127583.0,0.0,0.0,0.0,0.0,0.0,0.0,0.0,0.0,0.0,0.0,0.0,0.0,806.0,79.0,3.0,2.0,0.0,0.0,0.0,0.0,0.0,0.0,0.0,0.0,0.0,idle
,idle,,,,,,,,,,,,,,,,,,,,,,,,,,,,,,,,,,,,,idle
1778097001.3423774,g2.hpc.coe,41393.0,0.5001,0.0,0.0,0.0,12288.0,136137918186.0,136368598433.0,139262968.0,139447424.0,3127583.0,0.0,0.0,0.0,0.0,0.0,0.0,0.0,0.0,0.0,0.0,0.0,0.0,849.0,79.0,3.0,2.0,0.0,0.0,0.0,0.0,0.0,0.0,0.0,0.0,0.0,idle
,idle,,,,,,,,,,,,,,,,,,,,,,,,,,,,,,,,,,,,,idle
1778097001.842492,g2.hpc.coe,41393.0,0.5001,0.0,0.0,0.0,12288.0,136137919077.0,136368598512.0,139262971.0,139447426.0,3127583.0,0.0,0.0,0.0,0.0,0.0,0.0,0.0,0.0,0.0,0.0,0.0,0.0,891.0,79.0,3.0,2.0,0.0,0.0,0.0,0.0,0.0,0.0,0.0,0.0,0.0,idle
,idle,,,,,,,,,,,,,,,,,,,,,,,,,,,,,,,,,,,,,idle
1778097002.34262,g2.hpc.coe,41393.0,0.5001,0.0,0.0,0.0,12288.0,136137920611.0,136368599038.0,139262988.0,139447436.0,3127583.0,0.0,0.0,0.0,0.0,0.0,0.0,0.0,0.0,0.0,0.0,0.0,0.0,1534.0,526.0,17.0,10.0,0.0,0.0,0.0,0.0,0.0,0.0,0.0,0.0,0.0,idle
,idle,,,,,,,,,,,,,,,,,,,,,,,,,,,,,,,,,,,,,idle
1778097002.8427284,g2.hpc.coe,41393.0,0.5001,0.0,0.0,0.0,12288.0,136137921587.0,136368599117.0,139262991.0,139447438.0,3127583.0,0.0,0.0,0.0,0.0,0.0,0.0,0.0,0.0,0.0,0.0,0.0,0.0,976.0,79.0,3.0,2.0,0.0,0.0,0.0,0.0,0.0,0.0,0.0,0.0,0.0,idle
,idle,,,,,,,,,,,,,,,,,,,,,,,,,,,,,,,,,,,,,idle
1778097003.3428705,g2.hpc.coe,41393.0,0.5001,0.0,0.0,0.0,12288.0,136137922683.0,136368599251.0,139262996.0,139447441.0,3127583.0,0.0,0.0,0.0,0.0,0.0,0.0,0.0,0.0,0.0,0.0,0.0,0.0,1096.0,134.0,5.0,3.0,0.0,0.0,0.0,0.0,0.0,0.0,0.0,0.0,0.0,idle
,idle,,,,,,,,,,,,,,,,,,,,,,,,,,,,,,,,,,,,,idle
1778097003.842973,g2.hpc.coe,41393.0,0.5001,0.0,0.0,0.0,12288.0,136137923744.0,136368599330.0,139262999.0,139447443.0,3127583.0,0.0,0.0,0.0,0.0,0.0,0.0,0.0,0.0,0.0,0.0,0.0,0.0,1061.0,79.0,3.0,2.0,0.0,0.0,0.0,0.0,0.0,0.0,0.0,0.0,0.0,idle
,idle,,,,,,,,,,,,,,,,,,,,,,,,,,,,,,,,,,,,,idle
1778097004.3430958,g2.hpc.coe,41393.0,0.5001,0.0,0.0,0.0,12288.0,136137924870.0,136368599409.0,139263003.0,139447445.0,3127583.0,0.0,0.0,0.0,0.0,0.0,0.0,0.0,0.0,0.0,0.0,0.0,0.0,1126.0,79.0,4.0,2.0,0.0,0.0,0.0,0.0,0.0,0.0,0.0,0.0,0.0,idle
,idle,,,,,,,,,,,,,,,,,,,,,,,,,,,,,,,,,,,,,idle
1778097004.8432236,g2.hpc.coe,41393.0,0.5001,0.0,0.0,0.0,12288.0,136137926038.0,136368599488.0,139263007.0,139447447.0,3127583.0,0.0,0.0,0.0,0.0,0.0,0.0,0.0,0.0,0.0,0.0,0.0,0.0,1168.0,79.0,4.0,2.0,0.0,0.0,0.0,0.0,0.0,0.0,0.0,0.0,0.0,idle
,idle,,,,,,,,,,,,,,,,,,,,,,,,,,,,,,,,,,,,,idle
1778097005.343336,g2.hpc.coe,41393.0,0.5001,0.0,0.0,0.0,12288.0,136137926181.0,136368599545.0,139263009.0,139447448.0,3127583.0,0.0,0.0,0.0,0.0,0.0,0.0,0.0,0.0,0.0,0.0,0.0,0.0,143.0,57.0,2.0,1.0,0.0,0.0,0.0,0.0,0.0,0.0,0.0,0.0,0.0,idle
,idle,,,,,,,,,,,,,,,,,,,,,,,,,,,,,,,,,,,,,idle
1778097005.843447,g2.hpc.coe,41393.0,0.5001,0.0,0.0,0.0,12288.0,136137926366.0,136368599602.0,139263011.0,139447449.0,3127583.0,0.0,0.0,0.0,0.0,0.0,0.0,0.0,0.0,0.0,0.0,0.0,0.0,185.0,57.0,2.0,1.0,0.0,0.0,0.0,0.0,0.0,0.0,0.0,0.0,0.0,idle
,idle,,,,,,,,,,,,,,,,,,,,,,,,,,,,,,,,,,,,,idle
1778097006.3435626,g2.hpc.coe,41393.0,0.5001,0.0,0.0,0.0,12288.0,136137926593.0,136368599659.0,139263013.0,139447450.0,3127583.0,0.0,0.0,0.0,0.0,0.0,0.0,0.0,0.0,0.0,0.0,0.0,0.0,227.0,57.0,2.0,1.0,0.0,0.0,0.0,0.0,0.0,0.0,0.0,0.0,0.0,idle
,idle,,,,,,,,,,,,,,,,,,,,,,,,,,,,,,,,,,,,,idle
1778097006.843696,g2.hpc.coe,41393.0,0.5001,0.0,0.0,0.0,12288.0,136137926862.0,136368599716.0,139263015.0,139447451.0,3127583.0,0.0,0.0,0.0,0.0,0.0,0.0,0.0,0.0,0.0,0.0,0.0,0.0,269.0,57.0,2.0,1.0,0.0,0.0,0.0,0.0,0.0,0.0,0.0,0.0,0.0,idle
,idle,,,,,,,,,,,,,,,,,,,,,,,,,,,,,,,,,,,,,idle
1778097007.3438363,g2.hpc.coe,41393.0,0.5001,0.0,0.0,0.0,12288.0,136137927173.0,136368599773.0,139263017.0,139447452.0,3127583.0,0.0,0.0,0.0,0.0,0.0,0.0,0.0,0.0,0.0,0.0,0.0,0.0,311.0,57.0,2.0,1.0,0.0,0.0,0.0,0.0,0.0,0.0,0.0,0.0,0.0,idle
,idle,,,,,,,,,,,,,,,,,,,,,,,,,,,,,,,,,,,,,idle
1778097007.843961,g2.hpc.coe,41393.0,0.5001,0.0,0.0,0.0,12288.0,136137927526.0,136368599830.0,139263019.0,139447453.0,3127583.0,0.0,0.0,0.0,0.0,0.0,0.0,0.0,0.0,0.0,0.0,0.0,0.0,353.0,57.0,2.0,1.0,0.0,0.0,0.0,0.0,0.0,0.0,0.0,0.0,0.0,idle
,idle,,,,,,,,,,,,,,,,,,,,,,,,,,,,,,,,,,,,,idle
1778097008.3440666,g2.hpc.coe,41393.0,0.5001,0.0,0.0,0.0,12288.0,136137927921.0,136368599887.0,139263021.0,139447454.0,3127583.0,0.0,0.0,0.0,0.0,0.0,0.0,0.0,0.0,0.0,0.0,0.0,0.0,395.0,57.0,2.0,1.0,0.0,0.0,0.0,0.0,0.0,0.0,0.0,0.0,0.0,idle
,idle,,,,,,,,,,,,,,,,,,,,,,,,,,,,,,,,,,,,,idle
1778097008.844174,g2.hpc.coe,41393.0,0.5001,0.0,0.0,0.0,12288.0,136137928414.0,136368599999.0,139263024.0,139447456.0,3127583.0,0.0,0.0,0.0,0.0,0.0,0.0,0.0,0.0,0.0,0.0,0.0,0.0,493.0,112.0,3.0,2.0,0.0,0.0,0.0,0.0,0.0,0.0,0.0,0.0,0.0,idle
,idle,,,,,,,,,,,,,,,,,,,,,,,,,,,,,,,,,,,,,idle
1778097009.3443034,g2.hpc.coe,41393.0,0.5001,0.0,0.0,0.0,12288.0,136137928894.0,136368600056.0,139263026.0,139447457.0,3127583.0,0.0,0.0,0.0,0.0,0.0,0.0,0.0,0.0,0.0,0.0,0.0,0.0,480.0,57.0,2.0,1.0,0.0,0.0,0.0,0.0,0.0,0.0,0.0,0.0,0.0,idle
,idle,,,,,,,,,,,,,,,,,,,,,,,,,,,,,,,,,,,,,idle
1778097009.8444276,g2.hpc.coe,41393.0,0.5001,0.0,0.0,0.0,12288.0,136137929416.0,136368600113.0,139263028.0,139447458.0,3127583.0,0.0,0.0,0.0,0.0,0.0,0.0,0.0,0.0,0.0,0.0,0.0,0.0,522.0,57.0,2.0,1.0,0.0,0.0,0.0,0.0,0.0,0.0,0.0,0.0,0.0,idle
,idle,,,,,,,,,,,,,,,,,,,,,,,,,,,,,,,,,,,,,idle
1778097010.3445387,g2.hpc.coe,41393.0,0.5001,0.0,0.0,0.0,12288.0,136137930003.0,136368600192.0,139263031.0,139447460.0,3127583.0,0.0,0.0,0.0,0.0,0.0,0.0,0.0,0.0,0.0,0.0,0.0,0.0,587.0,79.0,3.0,2.0,0.0,0.0,0.0,0.0,0.0,0.0,0.0,0.0,0.0,idle
,idle,,,,,,,,,,,,,,,,,,,,,,,,,,,,,,,,,,,,,idle
1778097010.844663,g2.hpc.coe,41393.0,0.5001,0.0,0.0,0.0,12288.0,136137930632.0,136368600271.0,139263034.0,139447462.0,3127583.0,0.0,0.0,0.0,0.0,0.0,0.0,0.0,0.0,0.0,0.0,0.0,0.0,629.0,79.0,3.0,2.0,0.0,0.0,0.0,0.0,0.0,0.0,0.0,0.0,0.0,idle
,idle,,,,,,,,,,,,,,,,,,,,,,,,,,,,,,,,,,,,,idle
1778097011.3447945,g2.hpc.coe,41393.0,0.5001,0.0,0.0,0.0,12288.0,136137931303.0,136368600350.0,139263037.0,139447464.0,3127583.0,0.0,0.0,0.0,0.0,0.0,0.0,0.0,0.0,0.0,0.0,0.0,0.0,671.0,79.0,3.0,2.0,0.0,0.0,0.0,0.0,0.0,0.0,0.0,0.0,0.0,idle
,idle,,,,,,,,,,,,,,,,,,,,,,,,,,,,,,,,,,,,,idle
1778097011.8449144,g2.hpc.coe,41393.0,0.5001,0.0,0.0,0.0,12288.0,136137932016.0,136368600429.0,139263040.0,139447466.0,3127583.0,0.0,0.0,0.0,0.0,0.0,0.0,0.0,0.0,0.0,0.0,0.0,0.0,713.0,79.0,3.0,2.0,0.0,0.0,0.0,0.0,0.0,0.0,0.0,0.0,0.0,idle
,idle,,,,,,,,,,,,,,,,,,,,,,,,,,,,,,,,,,,,,idle
1778097012.345044,g2.hpc.coe,41393.0,0.5001,0.0,0.0,0.0,12288.0,136137932772.0,136368600508.0,139263043.0,139447468.0,3127583.0,0.0,0.0,0.0,0.0,0.0,0.0,0.0,0.0,0.0,0.0,0.0,0.0,756.0,79.0,3.0,2.0,0.0,0.0,0.0,0.0,0.0,0.0,0.0,0.0,0.0,idle
,idle,,,,,,,,,,,,,,,,,,,,,,,,,,,,,,,,,,,,,idle
1778097012.8451612,g2.hpc.coe,41393.0,0.5001,0.0,0.0,0.0,12288.0,136137933570.0,136368600587.0,139263046.0,139447470.0,3127583.0,0.0,0.0,0.0,0.0,0.0,0.0,0.0,0.0,0.0,0.0,0.0,0.0,798.0,79.0,3.0,2.0,0.0,0.0,0.0,0.0,0.0,0.0,0.0,0.0,0.0,idle
,idle,,,,,,,,,,,,,,,,,,,,,,,,,,,,,,,,,,,,,idle
1778097013.3452957,g2.hpc.coe,41393.0,0.5001,0.0,0.0,0.0,12288.0,136137934410.0,136368600666.0,139263049.0,139447472.0,3127583.0,0.0,0.0,0.0,0.0,0.0,0.0,0.0,0.0,0.0,0.0,0.0,0.0,840.0,79.0,3.0,2.0,0.0,0.0,0.0,0.0,0.0,0.0,0.0,0.0,0.0,idle
,idle,,,,,,,,,,,,,,,,,,,,,,,,,,,,,,,,,,,,,idle
1778097013.845418,g2.hpc.coe,41393.0,0.5001,0.0,0.0,0.0,12288.0,136137935369.0,136368600800.0,139263054.0,139447475.0,3127583.0,0.0,0.0,0.0,0.0,0.0,0.0,0.0,0.0,0.0,0.0,0.0,0.0,959.0,134.0,5.0,3.0,0.0,0.0,0.0,0.0,0.0,0.0,0.0,0.0,0.0,idle
,idle,,,,,,,,,,,,,,,,,,,,,,,,,,,,,,,,,,,,,idle
1778097014.345527,g2.hpc.coe,41393.0,0.5001,0.0,0.0,0.0,12288.0,136137936294.0,136368600879.0,139263057.0,139447477.0,3127583.0,0.0,0.0,0.0,0.0,0.0,0.0,0.0,0.0,0.0,0.0,0.0,0.0,925.0,79.0,3.0,2.0,0.0,0.0,0.0,0.0,0.0,0.0,0.0,0.0,0.0,idle
,idle,,,,,,,,,,,,,,,,,,,,,,,,,,,,,,,,,,,,,idle
1778097014.8456542,g2.hpc.coe,41393.0,0.5001,0.0,0.0,0.0,12288.0,136137937261.0,136368600958.0,139263060.0,139447479.0,3127583.0,0.0,0.0,0.0,0.0,0.0,0.0,0.0,0.0,0.0,0.0,0.0,0.0,967.0,79.0,3.0,2.0,0.0,0.0,0.0,0.0,0.0,0.0,0.0,0.0,0.0,idle
,idle,,,,,,,,,,,,,,,,,,,,,,,,,,,,,,,,,,,,,idle
1778097015.3457935,g2.hpc.coe,41393.0,0.5001,0.0,0.0,0.0,12288.0,136137938270.0,136368601037.0,139263063.0,139447481.0,3127583.0,0.0,0.0,0.0,0.0,0.0,0.0,0.0,0.0,0.0,0.0,0.0,0.0,1009.0,79.0,3.0,2.0,0.0,0.0,0.0,0.0,0.0,0.0,0.0,0.0,0.0,idle
,idle,,,,,,,,,,,,,,,,,,,,,,,,,,,,,,,,,,,,,idle
1778097015.8459182,g2.hpc.coe,41393.0,0.5001,0.0,0.0,0.0,12288.0,136137939321.0,136368601116.0,139263066.0,139447483.0,3127583.0,0.0,0.0,0.0,0.0,0.0,0.0,0.0,0.0,0.0,0.0,0.0,0.0,1051.0,79.0,3.0,2.0,0.0,0.0,0.0,0.0,0.0,0.0,0.0,0.0,0.0,idle
,idle,,,,,,,,,,,,,,,,,,,,,,,,,,,,,,,,,,,,,idle
1778097016.3460393,g2.hpc.coe,41393.0,0.5001,0.0,0.0,0.0,12288.0,136137940437.0,136368601195.0,139263070.0,139447485.0,3127583.0,0.0,0.0,0.0,0.0,0.0,0.0,0.0,0.0,0.0,0.0,0.0,0.0,1116.0,79.0,4.0,2.0,0.0,0.0,0.0,0.0,0.0,0.0,0.0,0.0,0.0,idle
,idle,,,,,,,,,,,,,,,,,,,,,,,,,,,,,,,,,,,,,idle
1778097016.8461723,g2.hpc.coe,41393.0,0.5001,0.0,0.0,0.0,12288.0,136137941595.0,136368601274.0,139263074.0,139447487.0,3127583.0,0.0,0.0,0.0,0.0,0.0,0.0,0.0,0.0,0.0,0.0,0.0,0.0,1158.0,79.0,4.0,2.0,0.0,0.0,0.0,0.0,0.0,0.0,0.0,0.0,0.0,idle
,idle,,,,,,,,,,,,,,,,,,,,,,,,,,,,,,,,,,,,,idle
1778097017.3463058,g2.hpc.coe,41393.0,0.5001,0.0,0.0,0.0,12288.0,136137942351.0,136368601778.0,139263091.0,139447496.0,3127583.0,0.0,0.0,0.0,0.0,0.0,0.0,0.0,0.0,0.0,0.0,0.0,0.0,756.0,504.0,17.0,9.0,0.0,0.0,0.0,0.0,0.0,0.0,0.0,0.0,0.0,idle
,idle,,,,,,,,,,,,,,,,,,,,,,,,,,,,,,,,,,,,,idle
1778097017.8464189,g2.hpc.coe,41393.0,0.5001,0.0,0.0,0.0,12288.0,136137942527.0,136368601835.0,139263093.0,139447497.0,3127583.0,0.0,0.0,0.0,0.0,0.0,0.0,0.0,0.0,0.0,0.0,0.0,0.0,176.0,57.0,2.0,1.0,0.0,0.0,0.0,0.0,0.0,0.0,0.0,0.0,0.0,idle
,idle,,,,,,,,,,,,,,,,,,,,,,,,,,,,,,,,,,,,,idle
1778097018.346555,g2.hpc.coe,41393.0,0.5001,0.0,0.0,0.0,12288.0,136137942745.0,136368601892.0,139263095.0,139447498.0,3127583.0,0.0,0.0,0.0,0.0,0.0,0.0,0.0,0.0,0.0,0.0,0.0,0.0,218.0,57.0,2.0,1.0,0.0,0.0,0.0,0.0,0.0,0.0,0.0,0.0,0.0,idle
,idle,,,,,,,,,,,,,,,,,,,,,,,,,,,,,,,,,,,,,idle
1778097018.8466828,g2.hpc.coe,41393.0,0.5001,0.0,0.0,0.0,12288.0,136137943082.0,136368602004.0,139263099.0,139447500.0,3127583.0,0.0,0.0,0.0,0.0,0.0,0.0,0.0,0.0,0.0,0.0,0.0,0.0,337.0,112.0,4.0,2.0,0.0,0.0,0.0,0.0,0.0,0.0,0.0,0.0,0.0,idle
,idle,,,,,,,,,,,,,,,,,,,,,,,,,,,,,,,,,,,,,idle
1778097019.3468175,g2.hpc.coe,41393.0,0.5001,0.0,0.0,0.0,12288.0,136137943384.0,136368602061.0,139263101.0,139447501.0,3127583.0,0.0,0.0,0.0,0.0,0.0,0.0,0.0,0.0,0.0,0.0,0.0,0.0,302.0,57.0,2.0,1.0,0.0,0.0,0.0,0.0,0.0,0.0,0.0,0.0,0.0,idle
,idle,,,,,,,,,,,,,,,,,,,,,,,,,,,,,,,,,,,,,idle
1778097019.846941,g2.hpc.coe,41393.0,0.5001,0.0,0.0,0.0,12288.0,136137943729.0,136368602118.0,139263103.0,139447502.0,3127583.0,0.0,0.0,0.0,0.0,0.0,0.0,0.0,0.0,0.0,0.0,0.0,0.0,345.0,57.0,2.0,1.0,0.0,0.0,0.0,0.0,0.0,0.0,0.0,0.0,0.0,idle
,idle,,,,,,,,,,,,,,,,,,,,,,,,,,,,,,,,,,,,,idle
1778097020.3470452,g2.hpc.coe,41393.0,0.5001,0.0,0.0,0.0,12288.0,136137944116.0,136368602175.0,139263105.0,139447503.0,3127583.0,0.0,0.0,0.0,0.0,0.0,0.0,0.0,0.0,0.0,0.0,0.0,0.0,387.0,57.0,2.0,1.0,0.0,0.0,0.0,0.0,0.0,0.0,0.0,0.0,0.0,idle
,idle,,,,,,,,,,,,,,,,,,,,,,,,,,,,,,,,,,,,,idle
1778097020.847151,g2.hpc.coe,41393.0,0.5001,0.0,0.0,0.0,12288.0,136137944545.0,136368602232.0,139263107.0,139447504.0,3127583.0,0.0,0.0,0.0,0.0,0.0,0.0,0.0,0.0,0.0,0.0,0.0,0.0,429.0,57.0,2.0,1.0,0.0,0.0,0.0,0.0,0.0,0.0,0.0,0.0,0.0,idle
,idle,,,,,,,,,,,,,,,,,,,,,,,,,,,,,,,,,,,,,idle
1778097021.3472743,g2.hpc.coe,41393.0,0.5001,0.0,0.0,0.0,12288.0,136137945016.0,136368602289.0,139263109.0,139447505.0,3127583.0,0.0,0.0,0.0,0.0,0.0,0.0,0.0,0.0,0.0,0.0,0.0,0.0,471.0,57.0,2.0,1.0,0.0,0.0,0.0,0.0,0.0,0.0,0.0,0.0,0.0,idle
,idle,,,,,,,,,,,,,,,,,,,,,,,,,,,,,,,,,,,,,idle
1778097021.8474035,g2.hpc.coe,41393.0,0.5001,0.0,0.0,0.0,12288.0,136137945529.0,136368602346.0,139263111.0,139447506.0,3127583.0,0.0,0.0,0.0,0.0,0.0,0.0,0.0,0.0,0.0,0.0,0.0,0.0,513.0,57.0,2.0,1.0,0.0,0.0,0.0,0.0,0.0,0.0,0.0,0.0,0.0,idle
,idle,,,,,,,,,,,,,,,,,,,,,,,,,,,,,,,,,,,,,idle
1778097022.347534,g2.hpc.coe,41393.0,0.5001,0.0,0.0,0.0,12288.0,136137946106.0,136368602425.0,139263114.0,139447508.0,3127583.0,0.0,0.0,0.0,0.0,0.0,0.0,0.0,0.0,0.0,0.0,0.0,0.0,577.0,79.0,3.0,2.0,0.0,0.0,0.0,0.0,0.0,0.0,0.0,0.0,0.0,idle
,idle,,,,,,,,,,,,,,,,,,,,,,,,,,,,,,,,,,,,,idle
1778097022.8476725,g2.hpc.coe,41393.0,0.5001,0.0,0.0,0.0,12288.0,136137946725.0,136368602504.0,139263117.0,139447510.0,3127583.0,0.0,0.0,0.0,0.0,0.0,0.0,0.0,0.0,0.0,0.0,0.0,0.0,619.0,79.0,3.0,2.0,0.0,0.0,0.0,0.0,0.0,0.0,0.0,0.0,0.0,idle
,idle,,,,,,,,,,,,,,,,,,,,,,,,,,,,,,,,,,,,,idle
1778097023.347799,g2.hpc.coe,41393.0,0.5001,0.0,0.0,0.0,12288.0,136137947387.0,136368602583.0,139263120.0,139447512.0,3127583.0,0.0,0.0,0.0,0.0,0.0,0.0,0.0,0.0,0.0,0.0,0.0,0.0,662.0,79.0,3.0,2.0,0.0,0.0,0.0,0.0,0.0,0.0,0.0,0.0,0.0,idle
,idle,,,,,,,,,,,,,,,,,,,,,,,,,,,,,,,,,,,,,idle
1778097023.8479035,g2.hpc.coe,41393.0,0.5001,0.0,0.0,0.0,12288.0,136137948168.0,136368602717.0,139263125.0,139447515.0,3127583.0,0.0,0.0,0.0,0.0,0.0,0.0,0.0,0.0,0.0,0.0,0.0,0.0,781.0,134.0,5.0,3.0,0.0,0.0,0.0,0.0,0.0,0.0,0.0,0.0,0.0,idle
,idle,,,,,,,,,,,,,,,,,,,,,,,,,,,,,,,,,,,,,idle
1778097024.348036,g2.hpc.coe,41393.0,0.5001,0.0,0.0,0.0,12288.0,136137948914.0,136368602796.0,139263128.0,139447517.0,3127583.0,0.0,0.0,0.0,0.0,0.0,0.0,0.0,0.0,0.0,0.0,0.0,0.0,746.0,79.0,3.0,2.0,0.0,0.0,0.0,0.0,0.0,0.0,0.0,0.0,0.0,idle
,idle,,,,,,,,,,,,,,,,,,,,,,,,,,,,,,,,,,,,,idle
1778097024.8481443,g2.hpc.coe,41393.0,0.5001,0.0,0.0,0.0,12288.0,136137949702.0,136368602875.0,139263131.0,139447519.0,3127583.0,0.0,0.0,0.0,0.0,0.0,0.0,0.0,0.0,0.0,0.0,0.0,0.0,788.0,79.0,3.0,2.0,0.0,0.0,0.0,0.0,0.0,0.0,0.0,0.0,0.0,idle
,idle,,,,,,,,,,,,,,,,,,,,,,,,,,,,,,,,,,,,,idle
1778097025.3482716,g2.hpc.coe,41393.0,0.5001,0.0,0.0,0.0,12288.0,136137950532.0,136368602954.0,139263134.0,139447521.0,3127583.0,0.0,0.0,0.0,0.0,0.0,0.0,0.0,0.0,0.0,0.0,0.0,0.0,830.0,79.0,3.0,2.0,0.0,0.0,0.0,0.0,0.0,0.0,0.0,0.0,0.0,idle
,idle,,,,,,,,,,,,,,,,,,,,,,,,,,,,,,,,,,,,,idle
1778097025.8483996,g2.hpc.coe,41393.0,0.5001,0.0,0.0,0.0,12288.0,136137951405.0,136368603033.0,139263137.0,139447523.0,3127583.0,0.0,0.0,0.0,0.0,0.0,0.0,0.0,0.0,0.0,0.0,0.0,0.0,873.0,79.0,3.0,2.0,0.0,0.0,0.0,0.0,0.0,0.0,0.0,0.0,0.0,idle
,idle,,,,,,,,,,,,,,,,,,,,,,,,,,,,,,,,,,,,,idle
1778097026.3485384,g2.hpc.coe,41393.0,0.5001,0.0,0.0,0.0,12288.0,136137952320.0,136368603112.0,139263140.0,139447525.0,3127583.0,0.0,0.0,0.0,0.0,0.0,0.0,0.0,0.0,0.0,0.0,0.0,0.0,915.0,79.0,3.0,2.0,0.0,0.0,0.0,0.0,0.0,0.0,0.0,0.0,0.0,idle
,idle,,,,,,,,,,,,,,,,,,,,,,,,,,,,,,,,,,,,,idle
1778097026.8486683,g2.hpc.coe,41393.0,0.5001,0.0,0.0,0.0,12288.0,136137953277.0,136368603191.0,139263143.0,139447527.0,3127583.0,0.0,0.0,0.0,0.0,0.0,0.0,0.0,0.0,0.0,0.0,0.0,0.0,957.0,79.0,3.0,2.0,0.0,0.0,0.0,0.0,0.0,0.0,0.0,0.0,0.0,idle
,idle,,,,,,,,,,,,,,,,,,,,,,,,,,,,,,,,,,,,,idle
1778097027.3487926,g2.hpc.coe,41393.0,0.5001,0.0,0.0,0.0,12288.0,136137954276.0,136368603270.0,139263146.0,139447529.0,3127583.0,0.0,0.0,0.0,0.0,0.0,0.0,0.0,0.0,0.0,0.0,0.0,0.0,999.0,79.0,3.0,2.0,0.0,0.0,0.0,0.0,0.0,0.0,0.0,0.0,0.0,idle
,idle,,,,,,,,,,,,,,,,,,,,,,,,,,,,,,,,,,,,,idle
1778097027.848917,g2.hpc.coe,41393.0,0.5001,0.0,0.0,0.0,12288.0,136137955318.0,136368603349.0,139263149.0,139447531.0,3127583.0,0.0,0.0,0.0,0.0,0.0,0.0,0.0,0.0,0.0,0.0,0.0,0.0,1042.0,79.0,3.0,2.0,0.0,0.0,0.0,0.0,0.0,0.0,0.0,0.0,0.0,idle
,idle,,,,,,,,,,,,,,,,,,,,,,,,,,,,,,,,,,,,,idle
1778097028.3490388,g2.hpc.coe,41393.0,0.5001,0.0,0.0,0.0,12288.0,136137956424.0,136368603428.0,139263153.0,139447533.0,3127583.0,0.0,0.0,0.0,0.0,0.0,0.0,0.0,0.0,0.0,0.0,0.0,0.0,1106.0,79.0,4.0,2.0,0.0,0.0,0.0,0.0,0.0,0.0,0.0,0.0,0.0,idle
,idle,,,,,,,,,,,,,,,,,,,,,,,,,,,,,,,,,,,,,idle
1778097028.8491735,g2.hpc.coe,41393.0,0.5001,0.0,0.0,0.0,12288.0,136137957627.0,136368603562.0,139263158.0,139447536.0,3127583.0,0.0,0.0,0.0,0.0,0.0,0.0,0.0,0.0,0.0,0.0,0.0,0.0,1203.0,134.0,5.0,3.0,0.0,0.0,0.0,0.0,0.0,0.0,0.0,0.0,0.0,idle
,idle,,,,,,,,,,,,,,,,,,,,,,,,,,,,,,,,,,,,,idle
1778097029.34931,g2.hpc.coe,41393.0,0.5001,0.0,0.0,0.0,12288.0,136137957772.0,136368603619.0,139263161.0,139447537.0,3127583.0,0.0,0.0,0.0,0.0,0.0,0.0,0.0,0.0,0.0,0.0,0.0,0.0,145.0,57.0,3.0,1.0,0.0,0.0,0.0,0.0,0.0,0.0,0.0,0.0,0.0,idle
,idle,,,,,,,,,,,,,,,,,,,,,,,,,,,,,,,,,,,,,idle
1778097029.8494325,g2.hpc.coe,41393.0,0.5001,0.0,0.0,0.0,12288.0,136137957937.0,136368603676.0,139263163.0,139447538.0,3127583.0,0.0,0.0,0.0,0.0,0.0,0.0,0.0,0.0,0.0,0.0,0.0,0.0,165.0,57.0,2.0,1.0,0.0,0.0,0.0,0.0,0.0,0.0,0.0,0.0,0.0,idle
,idle,,,,,,,,,,,,,,,,,,,,,,,,,,,,,,,,,,,,,idle
1778097030.349545,g2.hpc.coe,41393.0,0.5001,0.0,0.0,0.0,12288.0,136137958144.0,136368603733.0,139263165.0,139447539.0,3127583.0,0.0,0.0,0.0,0.0,0.0,0.0,0.0,0.0,0.0,0.0,0.0,0.0,207.0,57.0,2.0,1.0,0.0,0.0,0.0,0.0,0.0,0.0,0.0,0.0,0.0,idle
,idle,,,,,,,,,,,,,,,,,,,,,,,,,,,,,,,,,,,,,idle
1778097030.8496714,g2.hpc.coe,41393.0,0.5001,0.0,0.0,0.0,12288.0,136137958393.0,136368603790.0,139263167.0,139447540.0,3127583.0,0.0,0.0,0.0,0.0,0.0,0.0,0.0,0.0,0.0,0.0,0.0,0.0,249.0,57.0,2.0,1.0,0.0,0.0,0.0,0.0,0.0,0.0,0.0,0.0,0.0,idle
,idle,,,,,,,,,,,,,,,,,,,,,,,,,,,,,,,,,,,,,idle
1778097031.349805,g2.hpc.coe,41393.0,0.5001,0.0,0.0,0.0,12288.0,136137958684.0,136368603847.0,139263169.0,139447541.0,3127583.0,0.0,0.0,0.0,0.0,0.0,0.0,0.0,0.0,0.0,0.0,0.0,0.0,291.0,57.0,2.0,1.0,0.0,0.0,0.0,0.0,0.0,0.0,0.0,0.0,0.0,idle
,idle,,,,,,,,,,,,,,,,,,,,,,,,,,,,,,,,,,,,,idle
1778097031.8499231,g2.hpc.coe,41393.0,0.5001,0.0,0.0,0.0,12288.0,136137959017.0,136368603904.0,139263171.0,139447542.0,3127583.0,0.0,0.0,0.0,0.0,0.0,0.0,0.0,0.0,0.0,0.0,0.0,0.0,333.0,57.0,2.0,1.0,0.0,0.0,0.0,0.0,0.0,0.0,0.0,0.0,0.0,idle
,idle,,,,,,,,,,,,,,,,,,,,,,,,,,,,,,,,,,,,,idle
1778097032.3500469,g2.hpc.coe,41393.0,0.5001,0.0,0.0,0.0,12288.0,136137959994.0,136368604408.0,139263187.0,139447551.0,3127583.0,0.0,0.0,0.0,0.0,0.0,0.0,0.0,0.0,0.0,0.0,0.0,0.0,977.0,504.0,16.0,9.0,0.0,0.0,0.0,0.0,0.0,0.0,0.0,0.0,0.0,idle
,idle,,,,,,,,,,,,,,,,,,,,,,,,,,,,,,,,,,,,,idle
1778097032.8501892,g2.hpc.coe,41393.0,0.5001,0.0,0.0,0.0,12288.0,136137960412.0,136368604465.0,139263189.0,139447552.0,3127583.0,0.0,0.0,0.0,0.0,0.0,0.0,0.0,0.0,0.0,0.0,0.0,0.0,418.0,57.0,2.0,1.0,0.0,0.0,0.0,0.0,0.0,0.0,0.0,0.0,0.0,idle
,idle,,,,,,,,,,,,,,,,,,,,,,,,,,,,,,,,,,,,,idle
1778097033.350294,g2.hpc.coe,41393.0,0.5001,0.0,0.0,0.0,12288.0,136137960873.0,136368604522.0,139263191.0,139447553.0,3127583.0,0.0,0.0,0.0,0.0,0.0,0.0,0.0,0.0,0.0,0.0,0.0,0.0,461.0,57.0,2.0,1.0,0.0,0.0,0.0,0.0,0.0,0.0,0.0,0.0,0.0,idle
,idle,,,,,,,,,,,,,,,,,,,,,,,,,,,,,,,,,,,,,idle
1778097033.850419,g2.hpc.coe,41393.0,0.5001,0.0,0.0,0.0,12288.0,136137961376.0,136368604579.0,139263193.0,139447554.0,3127583.0,0.0,0.0,0.0,0.0,0.0,0.0,0.0,0.0,0.0,0.0,0.0,0.0,503.0,57.0,2.0,1.0,0.0,0.0,0.0,0.0,0.0,0.0,0.0,0.0,0.0,idle
,idle,,,,,,,,,,,,,,,,,,,,,,,,,,,,,,,,,,,,,idle
1778097034.3505528,g2.hpc.coe,41393.0,0.5001,0.0,0.0,0.0,12288.0,136137962020.0,136368604713.0,139263198.0,139447557.0,3127583.0,0.0,0.0,0.0,0.0,0.0,0.0,0.0,0.0,0.0,0.0,0.0,0.0,644.0,134.0,5.0,3.0,0.0,0.0,0.0,0.0,0.0,0.0,0.0,0.0,0.0,idle
,idle,,,,,,,,,,,,,,,,,,,,,,,,,,,,,,,,,,,,,idle
1778097034.850684,g2.hpc.coe,41393.0,0.5001,0.0,0.0,0.0,12288.0,136137962629.0,136368604792.0,139263201.0,139447559.0,3127583.0,0.0,0.0,0.0,0.0,0.0,0.0,0.0,0.0,0.0,0.0,0.0,0.0,609.0,79.0,3.0,2.0,0.0,0.0,0.0,0.0,0.0,0.0,0.0,0.0,0.0,idle
,idle,,,,,,,,,,,,,,,,,,,,,,,,,,,,,,,,,,,,,idle
1778097035.3507943,g2.hpc.coe,41393.0,0.5001,0.0,0.0,0.0,12288.0,136137963280.0,136368604871.0,139263204.0,139447561.0,3127583.0,0.0,0.0,0.0,0.0,0.0,0.0,0.0,0.0,0.0,0.0,0.0,0.0,651.0,79.0,3.0,2.0,0.0,0.0,0.0,0.0,0.0,0.0,0.0,0.0,0.0,idle
,idle,,,,,,,,,,,,,,,,,,,,,,,,,,,,,,,,,,,,,idle
1778097035.8509204,g2.hpc.coe,41393.0,0.5001,0.0,0.0,0.0,12288.0,136137963973.0,136368604950.0,139263207.0,139447563.0,3127583.0,0.0,0.0,0.0,0.0,0.0,0.0,0.0,0.0,0.0,0.0,0.0,0.0,693.0,79.0,3.0,2.0,0.0,0.0,0.0,0.0,0.0,0.0,0.0,0.0,0.0,idle
,idle,,,,,,,,,,,,,,,,,,,,,,,,,,,,,,,,,,,,,idle
1778097036.351028,g2.hpc.coe,41393.0,0.5001,0.0,0.0,0.0,12288.0,136137964709.0,136368605029.0,139263210.0,139447565.0,3127583.0,0.0,0.0,0.0,0.0,0.0,0.0,0.0,0.0,0.0,0.0,0.0,0.0,736.0,79.0,3.0,2.0,0.0,0.0,0.0,0.0,0.0,0.0,0.0,0.0,0.0,idle
,idle,,,,,,,,,,,,,,,,,,,,,,,,,,,,,,,,,,,,,idle
1778097036.8511517,g2.hpc.coe,41393.0,0.5001,0.0,0.0,0.0,12288.0,136137965487.0,136368605108.0,139263213.0,139447567.0,3127583.0,0.0,0.0,0.0,0.0,0.0,0.0,0.0,0.0,0.0,0.0,0.0,0.0,778.0,79.0,3.0,2.0,0.0,0.0,0.0,0.0,0.0,0.0,0.0,0.0,0.0,idle
,idle,,,,,,,,,,,,,,,,,,,,,,,,,,,,,,,,,,,,,idle
1778097037.3512616,g2.hpc.coe,41393.0,0.5001,0.0,0.0,0.0,12288.0,136137966307.0,136368605187.0,139263216.0,139447569.0,3127583.0,0.0,0.0,0.0,0.0,0.0,0.0,0.0,0.0,0.0,0.0,0.0,0.0,820.0,79.0,3.0,2.0,0.0,0.0,0.0,0.0,0.0,0.0,0.0,0.0,0.0,idle
,idle,,,,,,,,,,,,,,,,,,,,,,,,,,,,,,,,,,,,,idle
1778097037.8513844,g2.hpc.coe,41393.0,0.5001,0.0,0.0,0.0,12288.0,136137967169.0,136368605266.0,139263219.0,139447571.0,3127583.0,0.0,0.0,0.0,0.0,0.0,0.0,0.0,0.0,0.0,0.0,0.0,0.0,862.0,79.0,3.0,2.0,0.0,0.0,0.0,0.0,0.0,0.0,0.0,0.0,0.0,idle
,idle,,,,,,,,,,,,,,,,,,,,,,,,,,,,,,,,,,,,,idle
1778097038.3515184,g2.hpc.coe,41393.0,0.5001,0.0,0.0,0.0,12288.0,136137968073.0,136368605345.0,139263222.0,139447573.0,3127583.0,0.0,0.0,0.0,0.0,0.0,0.0,0.0,0.0,0.0,0.0,0.0,0.0,904.0,79.0,3.0,2.0,0.0,0.0,0.0,0.0,0.0,0.0,0.0,0.0,0.0,idle
,idle,,,,,,,,,,,,,,,,,,,,,,,,,,,,,,,,,,,,,idle
1778097038.935299,g2.hpc.coe,41393.0,0.5838,0.0,0.0,0.0,12288.0,136137968998.0,136368605424.0,139263224.0,139447575.0,3127583.0,0.0,0.0,0.0,0.0,0.0,0.0,0.0,0.0,0.0,0.0,0.0,0.0,925.0,79.0,2.0,2.0,0.0,0.0,0.0,0.0,0.0,0.0,0.0,0.0,0.0,idle
,idle,,,,,,,,,,,,,,,,,,,,,,,,,,,,,,,,,,,,,idle
1778097039.435423,g2.hpc.coe,41393.0,0.5001,0.0,0.0,0.0,12288.0,136137970365.0,136368605813.0,139263236.0,139447583.0,3127583.0,0.0,0.0,0.0,0.0,0.0,0.0,0.0,0.0,0.0,0.0,0.0,0.0,1367.0,389.0,12.0,8.0,0.0,0.0,0.0,0.0,0.0,0.0,0.0,0.0,0.0,idle
,idle,,,,,,,,,,,,,,,,,,,,,,,,,,,,,,,,,,,,,idle
1778097039.9355545,g2.hpc.coe,41393.0,0.5001,0.0,0.0,0.0,12288.0,136137971418.0,136368605892.0,139263240.0,139447585.0,3127583.0,0.0,0.0,0.0,0.0,0.0,0.0,0.0,0.0,0.0,0.0,0.0,0.0,1053.0,79.0,4.0,2.0,0.0,0.0,0.0,0.0,0.0,0.0,0.0,0.0,0.0,idle
,idle,,,,,,,,,,,,,,,,,,,,,,,,,,,,,,,,,,,,,idle
1778097040.435686,g2.hpc.coe,41393.0,0.5001,0.0,0.0,0.0,12288.0,136137972514.0,136368605971.0,139263244.0,139447587.0,3127583.0,0.0,0.0,0.0,0.0,0.0,0.0,0.0,0.0,0.0,0.0,0.0,0.0,1096.0,79.0,4.0,2.0,0.0,0.0,0.0,0.0,0.0,0.0,0.0,0.0,0.0,idle
,idle,,,,,,,,,,,,,,,,,,,,,,,,,,,,,,,,,,,,,idle
1778097040.9358137,g2.hpc.coe,41393.0,0.5001,0.0,0.0,0.0,12288.0,136137973652.0,136368606050.0,139263248.0,139447589.0,3127583.0,0.0,0.0,0.0,0.0,0.0,0.0,0.0,0.0,0.0,0.0,0.0,0.0,1138.0,79.0,4.0,2.0,0.0,0.0,0.0,0.0,0.0,0.0,0.0,0.0,0.0,idle
,idle,,,,,,,,,,,,,,,,,,,,,,,,,,,,,,,,,,,,,idle
1778097041.4359326,g2.hpc.coe,41393.0,0.5001,0.0,0.0,0.0,12288.0,136137974833.0,136368606129.0,139263252.0,139447591.0,3127583.0,0.0,0.0,0.0,0.0,0.0,0.0,0.0,0.0,0.0,0.0,0.0,0.0,1181.0,79.0,4.0,2.0,0.0,0.0,0.0,0.0,0.0,0.0,0.0,0.0,0.0,idle
,idle,,,,,,,,,,,,,,,,,,,,,,,,,,,,,,,,,,,,,idle
1778097041.9360723,g2.hpc.coe,41393.0,0.5001,0.0,0.0,0.0,12288.0,136137974988.0,136368606186.0,139263254.0,139447592.0,3127583.0,0.0,0.0,0.0,0.0,0.0,0.0,0.0,0.0,0.0,0.0,0.0,0.0,155.0,57.0,2.0,1.0,0.0,0.0,0.0,0.0,0.0,0.0,0.0,0.0,0.0,idle
,idle,,,,,,,,,,,,,,,,,,,,,,,,,,,,,,,,,,,,,idle
1778097042.4362054,g2.hpc.coe,41393.0,0.5001,0.0,0.0,0.0,12288.0,136137975185.0,136368606243.0,139263256.0,139447593.0,3127583.0,0.0,0.0,0.0,0.0,0.0,0.0,0.0,0.0,0.0,0.0,0.0,0.0,197.0,57.0,2.0,1.0,0.0,0.0,0.0,0.0,0.0,0.0,0.0,0.0,0.0,idle
,idle,,,,,,,,,,,,,,,,,,,,,,,,,,,,,,,,,,,,,idle
1778097042.9363282,g2.hpc.coe,41393.0,0.5001,0.0,0.0,0.0,12288.0,136137975425.0,136368606300.0,139263258.0,139447594.0,3127583.0,0.0,0.0,0.0,0.0,0.0,0.0,0.0,0.0,0.0,0.0,0.0,0.0,240.0,57.0,2.0,1.0,0.0,0.0,0.0,0.0,0.0,0.0,0.0,0.0,0.0,idle
,idle,,,,,,,,,,,,,,,,,,,,,,,,,,,,,,,,,,,,,idle
1778097043.4364583,g2.hpc.coe,41393.0,0.5001,0.0,0.0,0.0,12288.0,136137975707.0,136368606357.0,139263260.0,139447595.0,3127583.0,0.0,0.0,0.0,0.0,0.0,0.0,0.0,0.0,0.0,0.0,0.0,0.0,282.0,57.0,2.0,1.0,0.0,0.0,0.0,0.0,0.0,0.0,0.0,0.0,0.0,idle
,idle,,,,,,,,,,,,,,,,,,,,,,,,,,,,,,,,,,,,,idle
1778097043.9365852,g2.hpc.coe,41393.0,0.5001,0.0,0.0,0.0,12288.0,136137976031.0,136368606414.0,139263262.0,139447596.0,3127583.0,0.0,0.0,0.0,0.0,0.0,0.0,0.0,0.0,0.0,0.0,0.0,0.0,324.0,57.0,2.0,1.0,0.0,0.0,0.0,0.0,0.0,0.0,0.0,0.0,0.0,idle
,idle,,,,,,,,,,,,,,,,,,,,,,,,,,,,,,,,,,,,,idle
1778097044.4367085,g2.hpc.coe,41393.0,0.5001,0.0,0.0,0.0,12288.0,136137976474.0,136368606526.0,139263266.0,139447598.0,3127583.0,0.0,0.0,0.0,0.0,0.0,0.0,0.0,0.0,0.0,0.0,0.0,0.0,443.0,112.0,4.0,2.0,0.0,0.0,0.0,0.0,0.0,0.0,0.0,0.0,0.0,idle
,idle,,,,,,,,,,,,,,,,,,,,,,,,,,,,,,,,,,,,,idle
1778097044.9368465,g2.hpc.coe,41393.0,0.5001,0.0,0.0,0.0,12288.0,136137976883.0,136368606583.0,139263268.0,139447599.0,3127583.0,0.0,0.0,0.0,0.0,0.0,0.0,0.0,0.0,0.0,0.0,0.0,0.0,409.0,57.0,2.0,1.0,0.0,0.0,0.0,0.0,0.0,0.0,0.0,0.0,0.0,idle
,idle,,,,,,,,,,,,,,,,,,,,,,,,,,,,,,,,,,,,,idle
1778097045.436979,g2.hpc.coe,41393.0,0.5001,0.0,0.0,0.0,12288.0,136137977334.0,136368606640.0,139263270.0,139447600.0,3127583.0,0.0,0.0,0.0,0.0,0.0,0.0,0.0,0.0,0.0,0.0,0.0,0.0,451.0,57.0,2.0,1.0,0.0,0.0,0.0,0.0,0.0,0.0,0.0,0.0,0.0,idle
,idle,,,,,,,,,,,,,,,,,,,,,,,,,,,,,,,,,,,,,idle
1778097045.9371328,g2.hpc.coe,41393.0,0.5002,0.0,0.0,0.0,12288.0,136137977827.0,136368606697.0,139263272.0,139447601.0,3127583.0,0.0,0.0,0.0,0.0,0.0,0.0,0.0,0.0,0.0,0.0,0.0,0.0,493.0,57.0,2.0,1.0,0.0,0.0,0.0,0.0,0.0,0.0,0.0,0.0,0.0,idle
,idle,,,,,,,,,,,,,,,,,,,,,,,,,,,,,,,,,,,,,idle
1778097046.4372675,g2.hpc.coe,41393.0,0.5001,0.0,0.0,0.0,12288.0,136137978362.0,136368606754.0,139263274.0,139447602.0,3127583.0,0.0,0.0,0.0,0.0,0.0,0.0,0.0,0.0,0.0,0.0,0.0,0.0,535.0,57.0,2.0,1.0,0.0,0.0,0.0,0.0,0.0,0.0,0.0,0.0,0.0,idle
,idle,,,,,,,,,,,,,,,,,,,,,,,,,,,,,,,,,,,,,idle
1778097046.9374,g2.hpc.coe,41393.0,0.5001,0.0,0.0,0.0,12288.0,136137979585.0,136368607280.0,139263292.0,139447612.0,3127583.0,0.0,0.0,0.0,0.0,0.0,0.0,0.0,0.0,0.0,0.0,0.0,0.0,1223.0,526.0,18.0,10.0,0.0,0.0,0.0,0.0,0.0,0.0,0.0,0.0,0.0,idle
,idle,,,,,,,,,,,,,,,,,,,,,,,,,,,,,,,,,,,,,idle
1778097047.4375246,g2.hpc.coe,41393.0,0.5001,0.0,0.0,0.0,12288.0,136137980227.0,136368607359.0,139263295.0,139447614.0,3127583.0,0.0,0.0,0.0,0.0,0.0,0.0,0.0,0.0,0.0,0.0,0.0,0.0,642.0,79.0,3.0,2.0,0.0,0.0,0.0,0.0,0.0,0.0,0.0,0.0,0.0,idle
,idle,,,,,,,,,,,,,,,,,,,,,,,,,,,,,,,,,,,,,idle
1778097047.9376392,g2.hpc.coe,41393.0,0.5001,0.0,0.0,0.0,12288.0,136137980911.0,136368607438.0,139263298.0,139447616.0,3127583.0,0.0,0.0,0.0,0.0,0.0,0.0,0.0,0.0,0.0,0.0,0.0,0.0,684.0,79.0,3.0,2.0,0.0,0.0,0.0,0.0,0.0,0.0,0.0,0.0,0.0,idle
,idle,,,,,,,,,,,,,,,,,,,,,,,,,,,,,,,,,,,,,idle
1778097048.4377654,g2.hpc.coe,41393.0,0.5001,0.0,0.0,0.0,12288.0,136137981638.0,136368607517.0,139263301.0,139447618.0,3127583.0,0.0,0.0,0.0,0.0,0.0,0.0,0.0,0.0,0.0,0.0,0.0,0.0,727.0,79.0,3.0,2.0,0.0,0.0,0.0,0.0,0.0,0.0,0.0,0.0,0.0,idle
,idle,,,,,,,,,,,,,,,,,,,,,,,,,,,,,,,,,,,,,idle
1778097048.937874,g2.hpc.coe,41393.0,0.5001,0.0,0.0,0.0,12288.0,136137982407.0,136368607596.0,139263304.0,139447620.0,3127583.0,0.0,0.0,0.0,0.0,0.0,0.0,0.0,0.0,0.0,0.0,0.0,0.0,769.0,79.0,3.0,2.0,0.0,0.0,0.0,0.0,0.0,0.0,0.0,0.0,0.0,idle
,idle,,,,,,,,,,,,,,,,,,,,,,,,,,,,,,,,,,,,,idle
1778097049.4379966,g2.hpc.coe,41393.0,0.5001,0.0,0.0,0.0,12288.0,136137983295.0,136368607730.0,139263309.0,139447623.0,3127583.0,0.0,0.0,0.0,0.0,0.0,0.0,0.0,0.0,0.0,0.0,0.0,0.0,888.0,134.0,5.0,3.0,0.0,0.0,0.0,0.0,0.0,0.0,0.0,0.0,0.0,idle
,idle,,,,,,,,,,,,,,,,,,,,,,,,,,,,,,,,,,,,,idle
1778097049.9381166,g2.hpc.coe,41393.0,0.5001,0.0,0.0,0.0,12288.0,136137984148.0,136368607809.0,139263312.0,139447625.0,3127583.0,0.0,0.0,0.0,0.0,0.0,0.0,0.0,0.0,0.0,0.0,0.0,0.0,853.0,79.0,3.0,2.0,0.0,0.0,0.0,0.0,0.0,0.0,0.0,0.0,0.0,idle
,idle,,,,,,,,,,,,,,,,,,,,,,,,,,,,,,,,,,,,,idle
1778097050.4382448,g2.hpc.coe,41393.0,0.5001,0.0,0.0,0.0,12288.0,136137985044.0,136368607888.0,139263315.0,139447627.0,3127583.0,0.0,0.0,0.0,0.0,0.0,0.0,0.0,0.0,0.0,0.0,0.0,0.0,896.0,79.0,3.0,2.0,0.0,0.0,0.0,0.0,0.0,0.0,0.0,0.0,0.0,idle
,idle,,,,,,,,,,,,,,,,,,,,,,,,,,,,,,,,,,,,,idle
1778097050.938383,g2.hpc.coe,41393.0,0.5001,0.0,0.0,0.0,12288.0,136137985982.0,136368607967.0,139263318.0,139447629.0,3127583.0,0.0,0.0,0.0,0.0,0.0,0.0,0.0,0.0,0.0,0.0,0.0,0.0,938.0,79.0,3.0,2.0,0.0,0.0,0.0,0.0,0.0,0.0,0.0,0.0,0.0,idle
,idle,,,,,,,,,,,,,,,,,,,,,,,,,,,,,,,,,,,,,idle
1778097051.4385073,g2.hpc.coe,41393.0,0.5001,0.0,0.0,0.0,12288.0,136137986962.0,136368608046.0,139263321.0,139447631.0,3127583.0,0.0,0.0,0.0,0.0,0.0,0.0,0.0,0.0,0.0,0.0,0.0,0.0,980.0,79.0,3.0,2.0,0.0,0.0,0.0,0.0,0.0,0.0,0.0,0.0,0.0,idle
,idle,,,,,,,,,,,,,,,,,,,,,,,,,,,,,,,,,,,,,idle
1778097051.9386318,g2.hpc.coe,41393.0,0.5001,0.0,0.0,0.0,12288.0,136137987984.0,136368608125.0,139263324.0,139447633.0,3127583.0,0.0,0.0,0.0,0.0,0.0,0.0,0.0,0.0,0.0,0.0,0.0,0.0,1022.0,79.0,3.0,2.0,0.0,0.0,0.0,0.0,0.0,0.0,0.0,0.0,0.0,idle
,idle,,,,,,,,,,,,,,,,,,,,,,,,,,,,,,,,,,,,,idle
1778097052.4387567,g2.hpc.coe,41393.0,0.5001,0.0,0.0,0.0,12288.0,136137989071.0,136368608204.0,139263328.0,139447635.0,3127583.0,0.0,0.0,0.0,0.0,0.0,0.0,0.0,0.0,0.0,0.0,0.0,0.0,1087.0,79.0,4.0,2.0,0.0,0.0,0.0,0.0,0.0,0.0,0.0,0.0,0.0,idle
,idle,,,,,,,,,,,,,,,,,,,,,,,,,,,,,,,,,,,,,idle
1778097052.9388783,g2.hpc.coe,41393.0,0.5001,0.0,0.0,0.0,12288.0,136137990200.0,136368608283.0,139263332.0,139447637.0,3127583.0,0.0,0.0,0.0,0.0,0.0,0.0,0.0,0.0,0.0,0.0,0.0,0.0,1129.0,79.0,4.0,2.0,0.0,0.0,0.0,0.0,0.0,0.0,0.0,0.0,0.0,idle
,idle,,,,,,,,,,,,,,,,,,,,,,,,,,,,,,,,,,,,,idle
1778097053.4390075,g2.hpc.coe,41393.0,0.5001,0.0,0.0,0.0,12288.0,136137991372.0,136368608362.0,139263336.0,139447639.0,3127583.0,0.0,0.0,0.0,0.0,0.0,0.0,0.0,0.0,0.0,0.0,0.0,0.0,1172.0,79.0,4.0,2.0,0.0,0.0,0.0,0.0,0.0,0.0,0.0,0.0,0.0,idle
,idle,,,,,,,,,,,,,,,,,,,,,,,,,,,,,,,,,,,,,idle
1778097053.9391098,g2.hpc.coe,41393.0,0.5001,0.0,0.0,0.0,12288.0,136137991518.0,136368608419.0,139263338.0,139447640.0,3127583.0,0.0,0.0,0.0,0.0,0.0,0.0,0.0,0.0,0.0,0.0,0.0,0.0,146.0,57.0,2.0,1.0,0.0,0.0,0.0,0.0,0.0,0.0,0.0,0.0,0.0,idle
,idle,,,,,,,,,,,,,,,,,,,,,,,,,,,,,,,,,,,,,idle
1778097054.4392462,g2.hpc.coe,41393.0,0.5001,0.0,0.0,0.0,12288.0,136137991707.0,136368608476.0,139263340.0,139447641.0,3127583.0,0.0,0.0,0.0,0.0,0.0,0.0,0.0,0.0,0.0,0.0,0.0,0.0,189.0,57.0,2.0,1.0,0.0,0.0,0.0,0.0,0.0,0.0,0.0,0.0,0.0,idle
,idle,,,,,,,,,,,,,,,,,,,,,,,,,,,,,,,,,,,,,idle
1778097054.9393702,g2.hpc.coe,41393.0,0.5001,0.0,0.0,0.0,12288.0,136137991938.0,136368608533.0,139263342.0,139447642.0,3127583.0,0.0,0.0,0.0,0.0,0.0,0.0,0.0,0.0,0.0,0.0,0.0,0.0,231.0,57.0,2.0,1.0,0.0,0.0,0.0,0.0,0.0,0.0,0.0,0.0,0.0,idle
,idle,,,,,,,,,,,,,,,,,,,,,,,,,,,,,,,,,,,,,idle
1778097055.4395032,g2.hpc.coe,41393.0,0.5001,0.0,0.0,0.0,12288.0,136137992211.0,136368608590.0,139263344.0,139447643.0,3127583.0,0.0,0.0,0.0,0.0,0.0,0.0,0.0,0.0,0.0,0.0,0.0,0.0,273.0,57.0,2.0,1.0,0.0,0.0,0.0,0.0,0.0,0.0,0.0,0.0,0.0,idle
,idle,,,,,,,,,,,,,,,,,,,,,,,,,,,,,,,,,,,,,idle
1778097055.9396305,g2.hpc.coe,41393.0,0.5001,0.0,0.0,0.0,12288.0,136137992526.0,136368608647.0,139263346.0,139447644.0,3127583.0,0.0,0.0,0.0,0.0,0.0,0.0,0.0,0.0,0.0,0.0,0.0,0.0,315.0,57.0,2.0,1.0,0.0,0.0,0.0,0.0,0.0,0.0,0.0,0.0,0.0,idle
,idle,,,,,,,,,,,,,,,,,,,,,,,,,,,,,,,,,,,,,idle
1778097056.4397645,g2.hpc.coe,41393.0,0.5001,0.0,0.0,0.0,12288.0,136137992884.0,136368608704.0,139263348.0,139447645.0,3127583.0,0.0,0.0,0.0,0.0,0.0,0.0,0.0,0.0,0.0,0.0,0.0,0.0,358.0,57.0,2.0,1.0,0.0,0.0,0.0,0.0,0.0,0.0,0.0,0.0,0.0,idle
,idle,,,,,,,,,,,,,,,,,,,,,,,,,,,,,,,,,,,,,idle
1778097056.9398866,g2.hpc.coe,41393.0,0.5001,0.0,0.0,0.0,12288.0,136137993284.0,136368608761.0,139263350.0,139447646.0,3127583.0,0.0,0.0,0.0,0.0,0.0,0.0,0.0,0.0,0.0,0.0,0.0,0.0,400.0,57.0,2.0,1.0,0.0,0.0,0.0,0.0,0.0,0.0,0.0,0.0,0.0,idle
,idle,,,,,,,,,,,,,,,,,,,,,,,,,,,,,,,,,,,,,idle
1778097057.439992,g2.hpc.coe,41393.0,0.5001,0.0,0.0,0.0,12288.0,136137993726.0,136368608818.0,139263352.0,139447647.0,3127583.0,0.0,0.0,0.0,0.0,0.0,0.0,0.0,0.0,0.0,0.0,0.0,0.0,442.0,57.0,2.0,1.0,0.0,0.0,0.0,0.0,0.0,0.0,0.0,0.0,0.0,idle
,idle,,,,,,,,,,,,,,,,,,,,,,,,,,,,,,,,,,,,,idle
1778097057.9401011,g2.hpc.coe,41393.0,0.5001,0.0,0.0,0.0,12288.0,136137994210.0,136368608875.0,139263354.0,139447648.0,3127583.0,0.0,0.0,0.0,0.0,0.0,0.0,0.0,0.0,0.0,0.0,0.0,0.0,484.0,57.0,2.0,1.0,0.0,0.0,0.0,0.0,0.0,0.0,0.0,0.0,0.0,idle
,idle,,,,,,,,,,,,,,,,,,,,,,,,,,,,,,,,,,,,,idle
1778097058.4402316,g2.hpc.coe,41393.0,0.5001,0.0,0.0,0.0,12288.0,136137994736.0,136368608932.0,139263356.0,139447649.0,3127583.0,0.0,0.0,0.0,0.0,0.0,0.0,0.0,0.0,0.0,0.0,0.0,0.0,526.0,57.0,2.0,1.0,0.0,0.0,0.0,0.0,0.0,0.0,0.0,0.0,0.0,idle
,idle,,,,,,,,,,,,,,,,,,,,,,,,,,,,,,,,,,,,,idle
1778097058.9403522,g2.hpc.coe,41393.0,0.5001,0.0,0.0,0.0,12288.0,136137995327.0,136368609011.0,139263359.0,139447651.0,3127583.0,0.0,0.0,0.0,0.0,0.0,0.0,0.0,0.0,0.0,0.0,0.0,0.0,591.0,79.0,3.0,2.0,0.0,0.0,0.0,0.0,0.0,0.0,0.0,0.0,0.0,idle
,idle,,,,,,,,,,,,,,,,,,,,,,,,,,,,,,,,,,,,,idle
1778097059.4404857,g2.hpc.coe,41393.0,0.5001,0.0,0.0,0.0,12288.0,136137995960.0,136368609090.0,139263362.0,139447653.0,3127583.0,0.0,0.0,0.0,0.0,0.0,0.0,0.0,0.0,0.0,0.0,0.0,0.0,633.0,79.0,3.0,2.0,0.0,0.0,0.0,0.0,0.0,0.0,0.0,0.0,0.0,idle
,idle,,,,,,,,,,,,,,,,,,,,,,,,,,,,,,,,,,,,,idle
1778097059.9406114,g2.hpc.coe,41393.0,0.5001,0.0,0.0,0.0,12288.0,136137996712.0,136368609224.0,139263367.0,139447656.0,3127583.0,0.0,0.0,0.0,0.0,0.0,0.0,0.0,0.0,0.0,0.0,0.0,0.0,752.0,134.0,5.0,3.0,0.0,0.0,0.0,0.0,0.0,0.0,0.0,0.0,0.0,idle
,idle,,,,,,,,,,,,,,,,,,,,,,,,,,,,,,,,,,,,,idle
1778097060.4407258,g2.hpc.coe,41393.0,0.5001,0.0,0.0,0.0,12288.0,136137997430.0,136368609303.0,139263370.0,139447658.0,3127583.0,0.0,0.0,0.0,0.0,0.0,0.0,0.0,0.0,0.0,0.0,0.0,0.0,718.0,79.0,3.0,2.0,0.0,0.0,0.0,0.0,0.0,0.0,0.0,0.0,0.0,idle
,idle,,,,,,,,,,,,,,,,,,,,,,,,,,,,,,,,,,,,,idle
1778097060.9408376,g2.hpc.coe,41393.0,0.5001,0.0,0.0,0.0,12288.0,136137998190.0,136368609382.0,139263373.0,139447660.0,3127583.0,0.0,0.0,0.0,0.0,0.0,0.0,0.0,0.0,0.0,0.0,0.0,0.0,760.0,79.0,3.0,2.0,0.0,0.0,0.0,0.0,0.0,0.0,0.0,0.0,0.0,idle
,idle,,,,,,,,,,,,,,,,,,,,,,,,,,,,,,,,,,,,,idle
1778097061.44097,g2.hpc.coe,41393.0,0.5001,0.0,0.0,0.0,12288.0,136137998992.0,136368609461.0,139263376.0,139447662.0,3127583.0,0.0,0.0,0.0,0.0,0.0,0.0,0.0,0.0,0.0,0.0,0.0,0.0,802.0,79.0,3.0,2.0,0.0,0.0,0.0,0.0,0.0,0.0,0.0,0.0,0.0,idle
,idle,,,,,,,,,,,,,,,,,,,,,,,,,,,,,,,,,,,,,idle
1778097061.9411,g2.hpc.coe,41393.0,0.5001,0.0,0.0,0.0,12288.0,136138000459.0,136368609987.0,139263394.0,139447672.0,3127583.0,0.0,0.0,0.0,0.0,0.0,0.0,0.0,0.0,0.0,0.0,0.0,0.0,1467.0,526.0,18.0,10.0,0.0,0.0,0.0,0.0,0.0,0.0,0.0,0.0,0.0,idle
,idle,,,,,,,,,,,,,,,,,,,,,,,,,,,,,,,,,,,,,idle
1778097062.441234,g2.hpc.coe,41393.0,0.5001,0.0,0.0,0.0,12288.0,136138001345.0,136368610066.0,139263397.0,139447674.0,3127583.0,0.0,0.0,0.0,0.0,0.0,0.0,0.0,0.0,0.0,0.0,0.0,0.0,886.0,79.0,3.0,2.0,0.0,0.0,0.0,0.0,0.0,0.0,0.0,0.0,0.0,idle
,idle,,,,,,,,,,,,,,,,,,,,,,,,,,,,,,,,,,,,,idle
1778097062.9413216,g2.hpc.coe,41393.0,0.5001,0.0,0.0,0.0,12288.0,136138002273.0,136368610145.0,139263400.0,139447676.0,3127583.0,0.0,0.0,0.0,0.0,0.0,0.0,0.0,0.0,0.0,0.0,0.0,0.0,928.0,79.0,3.0,2.0,0.0,0.0,0.0,0.0,0.0,0.0,0.0,0.0,0.0,idle
,idle,,,,,,,,,,,,,,,,,,,,,,,,,,,,,,,,,,,,,idle
1778097063.4414496,g2.hpc.coe,41393.0,0.5001,0.0,0.0,0.0,12288.0,136138003244.0,136368610224.0,139263403.0,139447678.0,3127583.0,0.0,0.0,0.0,0.0,0.0,0.0,0.0,0.0,0.0,0.0,0.0,0.0,971.0,79.0,3.0,2.0,0.0,0.0,0.0,0.0,0.0,0.0,0.0,0.0,0.0,idle
,idle,,,,,,,,,,,,,,,,,,,,,,,,,,,,,,,,,,,,,idle
1778097063.9415824,g2.hpc.coe,41393.0,0.5001,0.0,0.0,0.0,12288.0,136138004257.0,136368610303.0,139263406.0,139447680.0,3127583.0,0.0,0.0,0.0,0.0,0.0,0.0,0.0,0.0,0.0,0.0,0.0,0.0,1013.0,79.0,3.0,2.0,0.0,0.0,0.0,0.0,0.0,0.0,0.0,0.0,0.0,idle
,idle,,,,,,,,,,,,,,,,,,,,,,,,,,,,,,,,,,,,,idle
1778097064.4417148,g2.hpc.coe,41393.0,0.5001,0.0,0.0,0.0,12288.0,136138005312.0,136368610382.0,139263409.0,139447682.0,3127583.0,0.0,0.0,0.0,0.0,0.0,0.0,0.0,0.0,0.0,0.0,0.0,0.0,1055.0,79.0,3.0,2.0,0.0,0.0,0.0,0.0,0.0,0.0,0.0,0.0,0.0,idle
,idle,,,,,,,,,,,,,,,,,,,,,,,,,,,,,,,,,,,,,idle
1778097064.9418366,g2.hpc.coe,41393.0,0.5001,0.0,0.0,0.0,12288.0,136138006509.0,136368610516.0,139263415.0,139447685.0,3127583.0,0.0,0.0,0.0,0.0,0.0,0.0,0.0,0.0,0.0,0.0,0.0,0.0,1197.0,134.0,6.0,3.0,0.0,0.0,0.0,0.0,0.0,0.0,0.0,0.0,0.0,idle
,idle,,,,,,,,,,,,,,,,,,,,,,,,,,,,,,,,,,,,,idle
1778097065.4419422,g2.hpc.coe,41393.0,0.5001,0.0,0.0,0.0,12288.0,136138007672.0,136368610595.0,139263419.0,139447687.0,3127583.0,0.0,0.0,0.0,0.0,0.0,0.0,0.0,0.0,0.0,0.0,0.0,0.0,1163.0,79.0,4.0,2.0,0.0,0.0,0.0,0.0,0.0,0.0,0.0,0.0,0.0,idle
,idle,,,,,,,,,,,,,,,,,,,,,,,,,,,,,,,,,,,,,idle
1778097065.9420712,g2.hpc.coe,41393.0,0.5001,0.0,0.0,0.0,12288.0,136138007809.0,136368610652.0,139263421.0,139447688.0,3127583.0,0.0,0.0,0.0,0.0,0.0,0.0,0.0,0.0,0.0,0.0,0.0,0.0,137.0,57.0,2.0,1.0,0.0,0.0,0.0,0.0,0.0,0.0,0.0,0.0,0.0,idle
,idle,,,,,,,,,,,,,,,,,,,,,,,,,,,,,,,,,,,,,idle
1778097066.4422064,g2.hpc.coe,41393.0,0.5001,0.0,0.0,0.0,12288.0,136138007988.0,136368610709.0,139263423.0,139447689.0,3127583.0,0.0,0.0,0.0,0.0,0.0,0.0,0.0,0.0,0.0,0.0,0.0,0.0,179.0,57.0,2.0,1.0,0.0,0.0,0.0,0.0,0.0,0.0,0.0,0.0,0.0,idle
,idle,,,,,,,,,,,,,,,,,,,,,,,,,,,,,,,,,,,,,idle
1778097066.9423409,g2.hpc.coe,41393.0,0.5001,0.0,0.0,0.0,12288.0,136138008210.0,136368610766.0,139263425.0,139447690.0,3127583.0,0.0,0.0,0.0,0.0,0.0,0.0,0.0,0.0,0.0,0.0,0.0,0.0,222.0,57.0,2.0,1.0,0.0,0.0,0.0,0.0,0.0,0.0,0.0,0.0,0.0,idle
,idle,,,,,,,,,,,,,,,,,,,,,,,,,,,,,,,,,,,,,idle
1778097067.442451,g2.hpc.coe,41393.0,0.5001,0.0,0.0,0.0,12288.0,136138008474.0,136368610823.0,139263427.0,139447691.0,3127583.0,0.0,0.0,0.0,0.0,0.0,0.0,0.0,0.0,0.0,0.0,0.0,0.0,264.0,57.0,2.0,1.0,0.0,0.0,0.0,0.0,0.0,0.0,0.0,0.0,0.0,idle
,idle,,,,,,,,,,,,,,,,,,,,,,,,,,,,,,,,,,,,,idle
1778097067.9425771,g2.hpc.coe,41393.0,0.5001,0.0,0.0,0.0,12288.0,136138008780.0,136368610880.0,139263429.0,139447692.0,3127583.0,0.0,0.0,0.0,0.0,0.0,0.0,0.0,0.0,0.0,0.0,0.0,0.0,306.0,57.0,2.0,1.0,0.0,0.0,0.0,0.0,0.0,0.0,0.0,0.0,0.0,idle
,idle,,,,,,,,,,,,,,,,,,,,,,,,,,,,,,,,,,,,,idle
1778097068.4427006,g2.hpc.coe,41393.0,0.5001,0.0,0.0,0.0,12288.0,136138009128.0,136368610937.0,139263431.0,139447693.0,3127583.0,0.0,0.0,0.0,0.0,0.0,0.0,0.0,0.0,0.0,0.0,0.0,0.0,348.0,57.0,2.0,1.0,0.0,0.0,0.0,0.0,0.0,0.0,0.0,0.0,0.0,idle
,idle,,,,,,,,,,,,,,,,,,,,,,,,,,,,,,,,,,,,,idle
1778097068.9428267,g2.hpc.coe,41393.0,0.5001,0.0,0.0,0.0,12288.0,136138009518.0,136368610994.0,139263433.0,139447694.0,3127583.0,0.0,0.0,0.0,0.0,0.0,0.0,0.0,0.0,0.0,0.0,0.0,0.0,390.0,57.0,2.0,1.0,0.0,0.0,0.0,0.0,0.0,0.0,0.0,0.0,0.0,idle
,idle,,,,,,,,,,,,,,,,,,,,,,,,,,,,,,,,,,,,,idle
1778097069.442952,g2.hpc.coe,41393.0,0.5001,0.0,0.0,0.0,12288.0,136138009951.0,136368611051.0,139263435.0,139447695.0,3127583.0,0.0,0.0,0.0,0.0,0.0,0.0,0.0,0.0,0.0,0.0,0.0,0.0,433.0,57.0,2.0,1.0,0.0,0.0,0.0,0.0,0.0,0.0,0.0,0.0,0.0,idle
,idle,,,,,,,,,,,,,,,,,,,,,,,,,,,,,,,,,,,,,idle
1778097069.943059,g2.hpc.coe,41393.0,0.5001,0.0,0.0,0.0,12288.0,136138010503.0,136368611163.0,139263439.0,139447697.0,3127583.0,0.0,0.0,0.0,0.0,0.0,0.0,0.0,0.0,0.0,0.0,0.0,0.0,552.0,112.0,4.0,2.0,0.0,0.0,0.0,0.0,0.0,0.0,0.0,0.0,0.0,idle
,idle,,,,,,,,,,,,,,,,,,,,,,,,,,,,,,,,,,,,,idle
1778097070.4431667,g2.hpc.coe,41393.0,0.5001,0.0,0.0,0.0,12288.0,136138011020.0,136368611220.0,139263441.0,139447698.0,3127583.0,0.0,0.0,0.0,0.0,0.0,0.0,0.0,0.0,0.0,0.0,0.0,0.0,517.0,57.0,2.0,1.0,0.0,0.0,0.0,0.0,0.0,0.0,0.0,0.0,0.0,idle
,idle,,,,,,,,,,,,,,,,,,,,,,,,,,,,,,,,,,,,,idle
1778097070.9432702,g2.hpc.coe,41393.0,0.5001,0.0,0.0,0.0,12288.0,136138011601.0,136368611299.0,139263444.0,139447700.0,3127583.0,0.0,0.0,0.0,0.0,0.0,0.0,0.0,0.0,0.0,0.0,0.0,0.0,581.0,79.0,3.0,2.0,0.0,0.0,0.0,0.0,0.0,0.0,0.0,0.0,0.0,idle
,idle,,,,,,,,,,,,,,,,,,,,,,,,,,,,,,,,,,,,,idle
1778097071.4433954,g2.hpc.coe,41393.0,0.5001,0.0,0.0,0.0,12288.0,136138012224.0,136368611378.0,139263447.0,139447702.0,3127583.0,0.0,0.0,0.0,0.0,0.0,0.0,0.0,0.0,0.0,0.0,0.0,0.0,623.0,79.0,3.0,2.0,0.0,0.0,0.0,0.0,0.0,0.0,0.0,0.0,0.0,idle
,idle,,,,,,,,,,,,,,,,,,,,,,,,,,,,,,,,,,,,,idle
1778097071.943501,g2.hpc.coe,41393.0,0.5001,0.0,0.0,0.0,12288.0,136138012890.0,136368611457.0,139263450.0,139447704.0,3127583.0,0.0,0.0,0.0,0.0,0.0,0.0,0.0,0.0,0.0,0.0,0.0,0.0,666.0,79.0,3.0,2.0,0.0,0.0,0.0,0.0,0.0,0.0,0.0,0.0,0.0,idle
,idle,,,,,,,,,,,,,,,,,,,,,,,,,,,,,,,,,,,,,idle
1778097072.4436245,g2.hpc.coe,41393.0,0.5001,0.0,0.0,0.0,12288.0,136138013598.0,136368611536.0,139263453.0,139447706.0,3127583.0,0.0,0.0,0.0,0.0,0.0,0.0,0.0,0.0,0.0,0.0,0.0,0.0,708.0,79.0,3.0,2.0,0.0,0.0,0.0,0.0,0.0,0.0,0.0,0.0,0.0,idle
,idle,,,,,,,,,,,,,,,,,,,,,,,,,,,,,,,,,,,,,idle
1778097072.943766,g2.hpc.coe,41393.0,0.5001,0.0,0.0,0.0,12288.0,136138014348.0,136368611615.0,139263456.0,139447708.0,3127583.0,0.0,0.0,0.0,0.0,0.0,0.0,0.0,0.0,0.0,0.0,0.0,0.0,750.0,79.0,3.0,2.0,0.0,0.0,0.0,0.0,0.0,0.0,0.0,0.0,0.0,idle
,idle,,,,,,,,,,,,,,,,,,,,,,,,,,,,,,,,,,,,,idle
1778097073.443891,g2.hpc.coe,41393.0,0.5001,0.0,0.0,0.0,12288.0,136138015140.0,136368611694.0,139263459.0,139447710.0,3127583.0,0.0,0.0,0.0,0.0,0.0,0.0,0.0,0.0,0.0,0.0,0.0,0.0,792.0,79.0,3.0,2.0,0.0,0.0,0.0,0.0,0.0,0.0,0.0,0.0,0.0,idle
,idle,,,,,,,,,,,,,,,,,,,,,,,,,,,,,,,,,,,,,idle
1778097073.9440207,g2.hpc.coe,41393.0,0.5001,0.0,0.0,0.0,12288.0,136138015974.0,136368611773.0,139263462.0,139447712.0,3127583.0,0.0,0.0,0.0,0.0,0.0,0.0,0.0,0.0,0.0,0.0,0.0,0.0,834.0,79.0,3.0,2.0,0.0,0.0,0.0,0.0,0.0,0.0,0.0,0.0,0.0,idle
,idle,,,,,,,,,,,,,,,,,,,,,,,,,,,,,,,,,,,,,idle
1778097074.4441323,g2.hpc.coe,41393.0,0.5001,0.0,0.0,0.0,12288.0,136138016850.0,136368611852.0,139263465.0,139447714.0,3127583.0,0.0,0.0,0.0,0.0,0.0,0.0,0.0,0.0,0.0,0.0,0.0,0.0,876.0,79.0,3.0,2.0,0.0,0.0,0.0,0.0,0.0,0.0,0.0,0.0,0.0,idle
,idle,,,,,,,,,,,,,,,,,,,,,,,,,,,,,,,,,,,,,idle
1778097074.9442542,g2.hpc.coe,41393.0,0.5001,0.0,0.0,0.0,12288.0,136138017824.0,136368611986.0,139263469.0,139447717.0,3127583.0,0.0,0.0,0.0,0.0,0.0,0.0,0.0,0.0,0.0,0.0,0.0,0.0,974.0,134.0,4.0,3.0,0.0,0.0,0.0,0.0,0.0,0.0,0.0,0.0,0.0,idle
,idle,,,,,,,,,,,,,,,,,,,,,,,,,,,,,,,,,,,,,idle
1778097075.4443822,g2.hpc.coe,41393.0,0.5001,0.0,0.0,0.0,12288.0,136138018807.0,136368612065.0,139263473.0,139447719.0,3127583.0,0.0,0.0,0.0,0.0,0.0,0.0,0.0,0.0,0.0,0.0,0.0,0.0,983.0,79.0,4.0,2.0,0.0,0.0,0.0,0.0,0.0,0.0,0.0,0.0,0.0,idle
,idle,,,,,,,,,,,,,,,,,,,,,,,,,,,,,,,,,,,,,idle
1778097075.9445095,g2.hpc.coe,41393.0,0.5001,0.0,0.0,0.0,12288.0,136138019810.0,136368612144.0,139263476.0,139447721.0,3127583.0,0.0,0.0,0.0,0.0,0.0,0.0,0.0,0.0,0.0,0.0,0.0,0.0,1003.0,79.0,3.0,2.0,0.0,0.0,0.0,0.0,0.0,0.0,0.0,0.0,0.0,idle
,idle,,,,,,,,,,,,,,,,,,,,,,,,,,,,,,,,,,,,,idle
1778097076.4446418,g2.hpc.coe,41393.0,0.5001,0.0,0.0,0.0,12288.0,136138020856.0,136368612223.0,139263479.0,139447723.0,3127583.0,0.0,0.0,0.0,0.0,0.0,0.0,0.0,0.0,0.0,0.0,0.0,0.0,1046.0,79.0,3.0,2.0,0.0,0.0,0.0,0.0,0.0,0.0,0.0,0.0,0.0,idle
,idle,,,,,,,,,,,,,,,,,,,,,,,,,,,,,,,,,,,,,idle
1778097076.944754,g2.hpc.coe,41393.0,0.5001,0.0,0.0,0.0,12288.0,136138022589.0,136368612749.0,139263498.0,139447733.0,3127583.0,0.0,0.0,0.0,0.0,0.0,0.0,0.0,0.0,0.0,0.0,0.0,0.0,1733.0,526.0,19.0,10.0,0.0,0.0,0.0,0.0,0.0,0.0,0.0,0.0,0.0,idle
,idle,,,,,,,,,,,,,,,,,,,,,,,,,,,,,,,,,,,,,idle
1778097077.4448848,g2.hpc.coe,41393.0,0.5001,0.0,0.0,0.0,12288.0,136138023742.0,136368612828.0,139263502.0,139447735.0,3127583.0,0.0,0.0,0.0,0.0,0.0,0.0,0.0,0.0,0.0,0.0,0.0,0.0,1153.0,79.0,4.0,2.0,0.0,0.0,0.0,0.0,0.0,0.0,0.0,0.0,0.0,idle
,idle,,,,,,,,,,,,,,,,,,,,,,,,,,,,,,,,,,,,,idle
1778097077.945007,g2.hpc.coe,41393.0,0.5001,0.0,0.0,0.0,12288.0,136138023870.0,136368612885.0,139263504.0,139447736.0,3127583.0,0.0,0.0,0.0,0.0,0.0,0.0,0.0,0.0,0.0,0.0,0.0,0.0,128.0,57.0,2.0,1.0,0.0,0.0,0.0,0.0,0.0,0.0,0.0,0.0,0.0,idle
,idle,,,,,,,,,,,,,,,,,,,,,,,,,,,,,,,,,,,,,idle
1778097078.4451468,g2.hpc.coe,41393.0,0.5001,0.0,0.0,0.0,12288.0,136138024040.0,136368612942.0,139263506.0,139447737.0,3127583.0,0.0,0.0,0.0,0.0,0.0,0.0,0.0,0.0,0.0,0.0,0.0,0.0,170.0,57.0,2.0,1.0,0.0,0.0,0.0,0.0,0.0,0.0,0.0,0.0,0.0,idle
,idle,,,,,,,,,,,,,,,,,,,,,,,,,,,,,,,,,,,,,idle
1778097078.9452713,g2.hpc.coe,41393.0,0.5001,0.0,0.0,0.0,12288.0,136138024252.0,136368612999.0,139263508.0,139447738.0,3127583.0,0.0,0.0,0.0,0.0,0.0,0.0,0.0,0.0,0.0,0.0,0.0,0.0,212.0,57.0,2.0,1.0,0.0,0.0,0.0,0.0,0.0,0.0,0.0,0.0,0.0,idle
,idle,,,,,,,,,,,,,,,,,,,,,,,,,,,,,,,,,,,,,idle
1778097079.4453993,g2.hpc.coe,41393.0,0.5001,0.0,0.0,0.0,12288.0,136138024507.0,136368613056.0,139263510.0,139447739.0,3127583.0,0.0,0.0,0.0,0.0,0.0,0.0,0.0,0.0,0.0,0.0,0.0,0.0,255.0,57.0,2.0,1.0,0.0,0.0,0.0,0.0,0.0,0.0,0.0,0.0,0.0,idle
,idle,,,,,,,,,,,,,,,,,,,,,,,,,,,,,,,,,,,,,idle
1778097079.945508,g2.hpc.coe,41393.0,0.5001,0.0,0.0,0.0,12288.0,136138024804.0,136368613113.0,139263512.0,139447740.0,3127583.0,0.0,0.0,0.0,0.0,0.0,0.0,0.0,0.0,0.0,0.0,0.0,0.0,297.0,57.0,2.0,1.0,0.0,0.0,0.0,0.0,0.0,0.0,0.0,0.0,0.0,idle
,idle,,,,,,,,,,,,,,,,,,,,,,,,,,,,,,,,,,,,,idle
1778097080.4456282,g2.hpc.coe,41393.0,0.5001,0.0,0.0,0.0,12288.0,136138025220.0,136368613225.0,139263516.0,139447742.0,3127583.0,0.0,0.0,0.0,0.0,0.0,0.0,0.0,0.0,0.0,0.0,0.0,0.0,416.0,112.0,4.0,2.0,0.0,0.0,0.0,0.0,0.0,0.0,0.0,0.0,0.0,idle
,idle,,,,,,,,,,,,,,,,,,,,,,,,,,,,,,,,,,,,,idle
1778097080.9457312,g2.hpc.coe,41393.0,0.5001,0.0,0.0,0.0,12288.0,136138025601.0,136368613282.0,139263518.0,139447743.0,3127583.0,0.0,0.0,0.0,0.0,0.0,0.0,0.0,0.0,0.0,0.0,0.0,0.0,381.0,57.0,2.0,1.0,0.0,0.0,0.0,0.0,0.0,0.0,0.0,0.0,0.0,idle
,idle,,,,,,,,,,,,,,,,,,,,,,,,,,,,,,,,,,,,,idle
1778097081.4458723,g2.hpc.coe,41393.0,0.5001,0.0,0.0,0.0,12288.0,136138026025.0,136368613339.0,139263520.0,139447744.0,3127583.0,0.0,0.0,0.0,0.0,0.0,0.0,0.0,0.0,0.0,0.0,0.0,0.0,424.0,57.0,2.0,1.0,0.0,0.0,0.0,0.0,0.0,0.0,0.0,0.0,0.0,idle
,idle,,,,,,,,,,,,,,,,,,,,,,,,,,,,,,,,,,,,,idle
1778097081.9460032,g2.hpc.coe,41393.0,0.5001,0.0,0.0,0.0,12288.0,136138026491.0,136368613396.0,139263522.0,139447745.0,3127583.0,0.0,0.0,0.0,0.0,0.0,0.0,0.0,0.0,0.0,0.0,0.0,0.0,466.0,57.0,2.0,1.0,0.0,0.0,0.0,0.0,0.0,0.0,0.0,0.0,0.0,idle
,idle,,,,,,,,,,,,,,,,,,,,,,,,,,,,,,,,,,,,,idle
1778097082.4461377,g2.hpc.coe,41393.0,0.5001,0.0,0.0,0.0,12288.0,136138026999.0,136368613453.0,139263524.0,139447746.0,3127583.0,0.0,0.0,0.0,0.0,0.0,0.0,0.0,0.0,0.0,0.0,0.0,0.0,508.0,57.0,2.0,1.0,0.0,0.0,0.0,0.0,0.0,0.0,0.0,0.0,0.0,idle
,idle,,,,,,,,,,,,,,,,,,,,,,,,,,,,,,,,,,,,,idle
1778097082.9462657,g2.hpc.coe,41393.0,0.5001,0.0,0.0,0.0,12288.0,136138027571.0,136368613532.0,139263527.0,139447748.0,3127583.0,0.0,0.0,0.0,0.0,0.0,0.0,0.0,0.0,0.0,0.0,0.0,0.0,572.0,79.0,3.0,2.0,0.0,0.0,0.0,0.0,0.0,0.0,0.0,0.0,0.0,idle
,idle,,,,,,,,,,,,,,,,,,,,,,,,,,,,,,,,,,,,,idle
1778097083.4463756,g2.hpc.coe,41393.0,0.5001,0.0,0.0,0.0,12288.0,136138028186.0,136368613611.0,139263530.0,139447750.0,3127583.0,0.0,0.0,0.0,0.0,0.0,0.0,0.0,0.0,0.0,0.0,0.0,0.0,615.0,79.0,3.0,2.0,0.0,0.0,0.0,0.0,0.0,0.0,0.0,0.0,0.0,idle
,idle,,,,,,,,,,,,,,,,,,,,,,,,,,,,,,,,,,,,,idle
1778097083.946505,g2.hpc.coe,41393.0,0.5001,0.0,0.0,0.0,12288.0,136138028843.0,136368613690.0,139263533.0,139447752.0,3127583.0,0.0,0.0,0.0,0.0,0.0,0.0,0.0,0.0,0.0,0.0,0.0,0.0,657.0,79.0,3.0,2.0,0.0,0.0,0.0,0.0,0.0,0.0,0.0,0.0,0.0,idle
,idle,,,,,,,,,,,,,,,,,,,,,,,,,,,,,,,,,,,,,idle
1778097084.4466352,g2.hpc.coe,41393.0,0.5001,0.0,0.0,0.0,12288.0,136138029542.0,136368613769.0,139263536.0,139447754.0,3127583.0,0.0,0.0,0.0,0.0,0.0,0.0,0.0,0.0,0.0,0.0,0.0,0.0,699.0,79.0,3.0,2.0,0.0,0.0,0.0,0.0,0.0,0.0,0.0,0.0,0.0,idle
,idle,,,,,,,,,,,,,,,,,,,,,,,,,,,,,,,,,,,,,idle
1778097084.9467683,g2.hpc.coe,41393.0,0.5001,0.0,0.0,0.0,12288.0,136138030283.0,136368613848.0,139263539.0,139447756.0,3127583.0,0.0,0.0,0.0,0.0,0.0,0.0,0.0,0.0,0.0,0.0,0.0,0.0,741.0,79.0,3.0,2.0,0.0,0.0,0.0,0.0,0.0,0.0,0.0,0.0,0.0,idle
,idle,,,,,,,,,,,,,,,,,,,,,,,,,,,,,,,,,,,,,idle
1778097085.4469228,g2.hpc.coe,41393.0,0.5002,0.0,0.0,0.0,12288.0,136138031143.0,136368613982.0,139263544.0,139447759.0,3127583.0,0.0,0.0,0.0,0.0,0.0,0.0,0.0,0.0,0.0,0.0,0.0,0.0,860.0,134.0,5.0,3.0,0.0,0.0,0.0,0.0,0.0,0.0,0.0,0.0,0.0,idle
,idle,,,,,,,,,,,,,,,,,,,,,,,,,,,,,,,,,,,,,idle
1778097085.9470491,g2.hpc.coe,41393.0,0.5001,0.0,0.0,0.0,12288.0,136138031969.0,136368614061.0,139263547.0,139447761.0,3127583.0,0.0,0.0,0.0,0.0,0.0,0.0,0.0,0.0,0.0,0.0,0.0,0.0,826.0,79.0,3.0,2.0,0.0,0.0,0.0,0.0,0.0,0.0,0.0,0.0,0.0,idle
,idle,,,,,,,,,,,,,,,,,,,,,,,,,,,,,,,,,,,,,idle
1778097086.447177,g2.hpc.coe,41393.0,0.5001,0.0,0.0,0.0,12288.0,136138032837.0,136368614140.0,139263550.0,139447763.0,3127583.0,0.0,0.0,0.0,0.0,0.0,0.0,0.0,0.0,0.0,0.0,0.0,0.0,868.0,79.0,3.0,2.0,0.0,0.0,0.0,0.0,0.0,0.0,0.0,0.0,0.0,idle
,idle,,,,,,,,,,,,,,,,,,,,,,,,,,,,,,,,,,,,,idle
1778097086.9473014,g2.hpc.coe,41393.0,0.5001,0.0,0.0,0.0,12288.0,136138033747.0,136368614219.0,139263553.0,139447765.0,3127583.0,0.0,0.0,0.0,0.0,0.0,0.0,0.0,0.0,0.0,0.0,0.0,0.0,910.0,79.0,3.0,2.0,0.0,0.0,0.0,0.0,0.0,0.0,0.0,0.0,0.0,idle
,idle,,,,,,,,,,,,,,,,,,,,,,,,,,,,,,,,,,,,,idle
1778097087.4474297,g2.hpc.coe,41393.0,0.5001,0.0,0.0,0.0,12288.0,136138034699.0,136368614298.0,139263556.0,139447767.0,3127583.0,0.0,0.0,0.0,0.0,0.0,0.0,0.0,0.0,0.0,0.0,0.0,0.0,952.0,79.0,3.0,2.0,0.0,0.0,0.0,0.0,0.0,0.0,0.0,0.0,0.0,idle
,idle,,,,,,,,,,,,,,,,,,,,,,,,,,,,,,,,,,,,,idle
1778097087.9475555,g2.hpc.coe,41393.0,0.5001,0.0,0.0,0.0,12288.0,136138035694.0,136368614377.0,139263559.0,139447769.0,3127583.0,0.0,0.0,0.0,0.0,0.0,0.0,0.0,0.0,0.0,0.0,0.0,0.0,995.0,79.0,3.0,2.0,0.0,0.0,0.0,0.0,0.0,0.0,0.0,0.0,0.0,idle
,idle,,,,,,,,,,,,,,,,,,,,,,,,,,,,,,,,,,,,,idle
1778097088.447684,g2.hpc.coe,41393.0,0.5001,0.0,0.0,0.0,12288.0,136138036731.0,136368614456.0,139263562.0,139447771.0,3127583.0,0.0,0.0,0.0,0.0,0.0,0.0,0.0,0.0,0.0,0.0,0.0,0.0,1037.0,79.0,3.0,2.0,0.0,0.0,0.0,0.0,0.0,0.0,0.0,0.0,0.0,idle
,idle,,,,,,,,,,,,,,,,,,,,,,,,,,,,,,,,,,,,,idle
1778097088.947805,g2.hpc.coe,41393.0,0.5001,0.0,0.0,0.0,12288.0,136138037832.0,136368614535.0,139263566.0,139447773.0,3127583.0,0.0,0.0,0.0,0.0,0.0,0.0,0.0,0.0,0.0,0.0,0.0,0.0,1101.0,79.0,4.0,2.0,0.0,0.0,0.0,0.0,0.0,0.0,0.0,0.0,0.0,idle
,idle,,,,,,,,,,,,,,,,,,,,,,,,,,,,,,,,,,,,,idle
1778097089.4479327,g2.hpc.coe,41393.0,0.5001,0.0,0.0,0.0,12288.0,136138038975.0,136368614614.0,139263570.0,139447775.0,3127583.0,0.0,0.0,0.0,0.0,0.0,0.0,0.0,0.0,0.0,0.0,0.0,0.0,1143.0,79.0,4.0,2.0,0.0,0.0,0.0,0.0,0.0,0.0,0.0,0.0,0.0,idle
,idle,,,,,,,,,,,,,,,,,,,,,,,,,,,,,,,,,,,,,idle
1778097089.9480655,g2.hpc.coe,41393.0,0.5001,0.0,0.0,0.0,12288.0,136138040161.0,136368614693.0,139263574.0,139447777.0,3127583.0,0.0,0.0,0.0,0.0,0.0,0.0,0.0,0.0,0.0,0.0,0.0,0.0,1186.0,79.0,4.0,2.0,0.0,0.0,0.0,0.0,0.0,0.0,0.0,0.0,0.0,idle
,idle,,,,,,,,,,,,,,,,,,,,,,,,,,,,,,,,,,,,,idle
1778097090.448175,g2.hpc.coe,41393.0,0.5001,0.0,0.0,0.0,12288.0,136138040398.0,136368614805.0,139263578.0,139447779.0,3127583.0,0.0,0.0,0.0,0.0,0.0,0.0,0.0,0.0,0.0,0.0,0.0,0.0,237.0,112.0,4.0,2.0,0.0,0.0,0.0,0.0,0.0,0.0,0.0,0.0,0.0,idle
,idle,,,,,,,,,,,,,,,,,,,,,,,,,,,,,,,,,,,,,idle
1778097090.9483123,g2.hpc.coe,41393.0,0.5001,0.0,0.0,0.0,12288.0,136138040601.0,136368614862.0,139263580.0,139447780.0,3127583.0,0.0,0.0,0.0,0.0,0.0,0.0,0.0,0.0,0.0,0.0,0.0,0.0,203.0,57.0,2.0,1.0,0.0,0.0,0.0,0.0,0.0,0.0,0.0,0.0,0.0,idle
,idle,,,,,,,,,,,,,,,,,,,,,,,,,,,,,,,,,,,,,idle
1778097091.4484465,g2.hpc.coe,41393.0,0.5001,0.0,0.0,0.0,12288.0,136138040846.0,136368614919.0,139263582.0,139447781.0,3127583.0,0.0,0.0,0.0,0.0,0.0,0.0,0.0,0.0,0.0,0.0,0.0,0.0,245.0,57.0,2.0,1.0,0.0,0.0,0.0,0.0,0.0,0.0,0.0,0.0,0.0,idle
,idle,,,,,,,,,,,,,,,,,,,,,,,,,,,,,,,,,,,,,idle
1778097091.9485643,g2.hpc.coe,41393.0,0.5001,0.0,0.0,0.0,12288.0,136138041756.0,136368615423.0,139263599.0,139447790.0,3127583.0,0.0,0.0,0.0,0.0,0.0,0.0,0.0,0.0,0.0,0.0,0.0,0.0,910.0,504.0,17.0,9.0,0.0,0.0,0.0,0.0,0.0,0.0,0.0,0.0,0.0,idle
,idle,,,,,,,,,,,,,,,,,,,,,,,,,,,,,,,,,,,,,idle
1778097092.448666,g2.hpc.coe,41393.0,0.5001,0.0,0.0,0.0,12288.0,136138042086.0,136368615480.0,139263601.0,139447791.0,3127583.0,0.0,0.0,0.0,0.0,0.0,0.0,0.0,0.0,0.0,0.0,0.0,0.0,330.0,57.0,2.0,1.0,0.0,0.0,0.0,0.0,0.0,0.0,0.0,0.0,0.0,idle
,idle,,,,,,,,,,,,,,,,,,,,,,,,,,,,,,,,,,,,,idle
1778097092.9487617,g2.hpc.coe,41393.0,0.5001,0.0,0.0,0.0,12288.0,136138042458.0,136368615537.0,139263603.0,139447792.0,3127583.0,0.0,0.0,0.0,0.0,0.0,0.0,0.0,0.0,0.0,0.0,0.0,0.0,372.0,57.0,2.0,1.0,0.0,0.0,0.0,0.0,0.0,0.0,0.0,0.0,0.0,idle
,idle,,,,,,,,,,,,,,,,,,,,,,,,,,,,,,,,,,,,,idle
1778097093.4488924,g2.hpc.coe,41393.0,0.5001,0.0,0.0,0.0,12288.0,136138042872.0,136368615594.0,139263605.0,139447793.0,3127583.0,0.0,0.0,0.0,0.0,0.0,0.0,0.0,0.0,0.0,0.0,0.0,0.0,414.0,57.0,2.0,1.0,0.0,0.0,0.0,0.0,0.0,0.0,0.0,0.0,0.0,idle
,idle,,,,,,,,,,,,,,,,,,,,,,,,,,,,,,,,,,,,,idle
1778097093.9490163,g2.hpc.coe,41393.0,0.5001,0.0,0.0,0.0,12288.0,136138043328.0,136368615651.0,139263607.0,139447794.0,3127583.0,0.0,0.0,0.0,0.0,0.0,0.0,0.0,0.0,0.0,0.0,0.0,0.0,456.0,57.0,2.0,1.0,0.0,0.0,0.0,0.0,0.0,0.0,0.0,0.0,0.0,idle
,idle,,,,,,,,,,,,,,,,,,,,,,,,,,,,,,,,,,,,,idle
1778097094.4491494,g2.hpc.coe,41393.0,0.5001,0.0,0.0,0.0,12288.0,136138043827.0,136368615708.0,139263609.0,139447795.0,3127583.0,0.0,0.0,0.0,0.0,0.0,0.0,0.0,0.0,0.0,0.0,0.0,0.0,499.0,57.0,2.0,1.0,0.0,0.0,0.0,0.0,0.0,0.0,0.0,0.0,0.0,idle
,idle,,,,,,,,,,,,,,,,,,,,,,,,,,,,,,,,,,,,,idle
1778097094.949278,g2.hpc.coe,41393.0,0.5001,0.0,0.0,0.0,12288.0,136138044368.0,136368615765.0,139263611.0,139447796.0,3127583.0,0.0,0.0,0.0,0.0,0.0,0.0,0.0,0.0,0.0,0.0,0.0,0.0,541.0,57.0,2.0,1.0,0.0,0.0,0.0,0.0,0.0,0.0,0.0,0.0,0.0,idle
,idle,,,,,,,,,,,,,,,,,,,,,,,,,,,,,,,,,,,,,idle
1778097095.4494023,g2.hpc.coe,41393.0,0.5001,0.0,0.0,0.0,12288.0,136138045050.0,136368615899.0,139263616.0,139447799.0,3127583.0,0.0,0.0,0.0,0.0,0.0,0.0,0.0,0.0,0.0,0.0,0.0,0.0,682.0,134.0,5.0,3.0,0.0,0.0,0.0,0.0,0.0,0.0,0.0,0.0,0.0,idle
,idle,,,,,,,,,,,,,,,,,,,,,,,,,,,,,,,,,,,,,idle
1778097095.9495225,g2.hpc.coe,41393.0,0.5001,0.0,0.0,0.0,12288.0,136138045697.0,136368615978.0,139263619.0,139447801.0,3127583.0,0.0,0.0,0.0,0.0,0.0,0.0,0.0,0.0,0.0,0.0,0.0,0.0,647.0,79.0,3.0,2.0,0.0,0.0,0.0,0.0,0.0,0.0,0.0,0.0,0.0,idle
,idle,,,,,,,,,,,,,,,,,,,,,,,,,,,,,,,,,,,,,idle
1778097096.449644,g2.hpc.coe,41393.0,0.5001,0.0,0.0,0.0,12288.0,136138046387.0,136368616057.0,139263622.0,139447803.0,3127583.0,0.0,0.0,0.0,0.0,0.0,0.0,0.0,0.0,0.0,0.0,0.0,0.0,690.0,79.0,3.0,2.0,0.0,0.0,0.0,0.0,0.0,0.0,0.0,0.0,0.0,idle
,idle,,,,,,,,,,,,,,,,,,,,,,,,,,,,,,,,,,,,,idle
1778097096.9497454,g2.hpc.coe,41393.0,0.5001,0.0,0.0,0.0,12288.0,136138047119.0,136368616136.0,139263625.0,139447805.0,3127583.0,0.0,0.0,0.0,0.0,0.0,0.0,0.0,0.0,0.0,0.0,0.0,0.0,732.0,79.0,3.0,2.0,0.0,0.0,0.0,0.0,0.0,0.0,0.0,0.0,0.0,idle
,idle,,,,,,,,,,,,,,,,,,,,,,,,,,,,,,,,,,,,,idle
1778097097.4498708,g2.hpc.coe,41393.0,0.5001,0.0,0.0,0.0,12288.0,136138047893.0,136368616215.0,139263628.0,139447807.0,3127583.0,0.0,0.0,0.0,0.0,0.0,0.0,0.0,0.0,0.0,0.0,0.0,0.0,774.0,79.0,3.0,2.0,0.0,0.0,0.0,0.0,0.0,0.0,0.0,0.0,0.0,idle
,idle,,,,,,,,,,,,,,,,,,,,,,,,,,,,,,,,,,,,,idle
1778097097.9500012,g2.hpc.coe,41393.0,0.5001,0.0,0.0,0.0,12288.0,136138048709.0,136368616294.0,139263631.0,139447809.0,3127583.0,0.0,0.0,0.0,0.0,0.0,0.0,0.0,0.0,0.0,0.0,0.0,0.0,816.0,79.0,3.0,2.0,0.0,0.0,0.0,0.0,0.0,0.0,0.0,0.0,0.0,idle
,idle,,,,,,,,,,,,,,,,,,,,,,,,,,,,,,,,,,,,,idle
1778097098.4501348,g2.hpc.coe,41393.0,0.5001,0.0,0.0,0.0,12288.0,136138049567.0,136368616373.0,139263634.0,139447811.0,3127583.0,0.0,0.0,0.0,0.0,0.0,0.0,0.0,0.0,0.0,0.0,0.0,0.0,858.0,79.0,3.0,2.0,0.0,0.0,0.0,0.0,0.0,0.0,0.0,0.0,0.0,idle
,idle,,,,,,,,,,,,,,,,,,,,,,,,,,,,,,,,,,,,,idle
1778097098.9502554,g2.hpc.coe,41393.0,0.5001,0.0,0.0,0.0,12288.0,136138050468.0,136368616452.0,139263637.0,139447813.0,3127583.0,0.0,0.0,0.0,0.0,0.0,0.0,0.0,0.0,0.0,0.0,0.0,0.0,901.0,79.0,3.0,2.0,0.0,0.0,0.0,0.0,0.0,0.0,0.0,0.0,0.0,idle
,idle,,,,,,,,,,,,,,,,,,,,,,,,,,,,,,,,,,,,,idle
1778097099.4504046,g2.hpc.coe,41393.0,0.5001,0.0,0.0,0.0,12288.0,136138051668.0,136368616786.0,139263645.0,139447820.0,3127583.0,0.0,0.0,0.0,0.0,0.0,0.0,0.0,0.0,0.0,0.0,0.0,0.0,1200.0,334.0,8.0,7.0,0.0,0.0,0.0,0.0,0.0,0.0,0.0,0.0,0.0,idle
,idle,,,,,,,,,,,,,,,,,,,,,,,,,,,,,,,,,,,,,idle
1778097099.9505272,g2.hpc.coe,41393.0,0.5001,0.0,0.0,0.0,12288.0,136138052676.0,136368616865.0,139263649.0,139447822.0,3127583.0,0.0,0.0,0.0,0.0,0.0,0.0,0.0,0.0,0.0,0.0,0.0,0.0,1008.0,79.0,4.0,2.0,0.0,0.0,0.0,0.0,0.0,0.0,0.0,0.0,0.0,idle
,idle,,,,,,,,,,,,,,,,,,,,,,,,,,,,,,,,,,,,,idle
1778097100.450646,g2.hpc.coe,41393.0,0.5001,0.0,0.0,0.0,12288.0,136138053704.0,136368616944.0,139263652.0,139447824.0,3127583.0,0.0,0.0,0.0,0.0,0.0,0.0,0.0,0.0,0.0,0.0,0.0,0.0,1028.0,79.0,3.0,2.0,0.0,0.0,0.0,0.0,0.0,0.0,0.0,0.0,0.0,idle
,idle,,,,,,,,,,,,,,,,,,,,,,,,,,,,,,,,,,,,,idle
1778097100.950746,g2.hpc.coe,41393.0,0.5001,0.0,0.0,0.0,12288.0,136138054873.0,136368617078.0,139263658.0,139447827.0,3127583.0,0.0,0.0,0.0,0.0,0.0,0.0,0.0,0.0,0.0,0.0,0.0,0.0,1169.0,134.0,6.0,3.0,0.0,0.0,0.0,0.0,0.0,0.0,0.0,0.0,0.0,idle
,idle,,,,,,,,,,,,,,,,,,,,,,,,,,,,,,,,,,,,,idle
1778097101.4508815,g2.hpc.coe,41393.0,0.5001,0.0,0.0,0.0,12288.0,136138056008.0,136368617157.0,139263662.0,139447829.0,3127583.0,0.0,0.0,0.0,0.0,0.0,0.0,0.0,0.0,0.0,0.0,0.0,0.0,1135.0,79.0,4.0,2.0,0.0,0.0,0.0,0.0,0.0,0.0,0.0,0.0,0.0,idle
,idle,,,,,,,,,,,,,,,,,,,,,,,,,,,,,,,,,,,,,idle
1778097101.9510076,g2.hpc.coe,41393.0,0.5001,0.0,0.0,0.0,12288.0,136138057185.0,136368617236.0,139263666.0,139447831.0,3127583.0,0.0,0.0,0.0,0.0,0.0,0.0,0.0,0.0,0.0,0.0,0.0,0.0,1177.0,79.0,4.0,2.0,0.0,0.0,0.0,0.0,0.0,0.0,0.0,0.0,0.0,idle
,idle,,,,,,,,,,,,,,,,,,,,,,,,,,,,,,,,,,,,,idle
1778097102.4511442,g2.hpc.coe,41393.0,0.5001,0.0,0.0,0.0,12288.0,136138057337.0,136368617293.0,139263668.0,139447832.0,3127583.0,0.0,0.0,0.0,0.0,0.0,0.0,0.0,0.0,0.0,0.0,0.0,0.0,152.0,57.0,2.0,1.0,0.0,0.0,0.0,0.0,0.0,0.0,0.0,0.0,0.0,idle
,idle,,,,,,,,,,,,,,,,,,,,,,,,,,,,,,,,,,,,,idle
1778097102.9512756,g2.hpc.coe,41393.0,0.5001,0.0,0.0,0.0,12288.0,136138057531.0,136368617350.0,139263670.0,139447833.0,3127583.0,0.0,0.0,0.0,0.0,0.0,0.0,0.0,0.0,0.0,0.0,0.0,0.0,194.0,57.0,2.0,1.0,0.0,0.0,0.0,0.0,0.0,0.0,0.0,0.0,0.0,idle
,idle,,,,,,,,,,,,,,,,,,,,,,,,,,,,,,,,,,,,,idle
1778097103.4514036,g2.hpc.coe,41393.0,0.5001,0.0,0.0,0.0,12288.0,136138057767.0,136368617407.0,139263672.0,139447834.0,3127583.0,0.0,0.0,0.0,0.0,0.0,0.0,0.0,0.0,0.0,0.0,0.0,0.0,236.0,57.0,2.0,1.0,0.0,0.0,0.0,0.0,0.0,0.0,0.0,0.0,0.0,idle
,idle,,,,,,,,,,,,,,,,,,,,,,,,,,,,,,,,,,,,,idle
1778097103.9515245,g2.hpc.coe,41393.0,0.5001,0.0,0.0,0.0,12288.0,136138058046.0,136368617464.0,139263674.0,139447835.0,3127583.0,0.0,0.0,0.0,0.0,0.0,0.0,0.0,0.0,0.0,0.0,0.0,0.0,279.0,57.0,2.0,1.0,0.0,0.0,0.0,0.0,0.0,0.0,0.0,0.0,0.0,idle
,idle,,,,,,,,,,,,,,,,,,,,,,,,,,,,,,,,,,,,,idle
1778097104.451646,g2.hpc.coe,41393.0,0.5001,0.0,0.0,0.0,12288.0,136138058367.0,136368617521.0,139263676.0,139447836.0,3127583.0,0.0,0.0,0.0,0.0,0.0,0.0,0.0,0.0,0.0,0.0,0.0,0.0,321.0,57.0,2.0,1.0,0.0,0.0,0.0,0.0,0.0,0.0,0.0,0.0,0.0,idle
,idle,,,,,,,,,,,,,,,,,,,,,,,,,,,,,,,,,,,,,idle
1778097104.9517758,g2.hpc.coe,41393.0,0.5001,0.0,0.0,0.0,12288.0,136138058730.0,136368617578.0,139263678.0,139447837.0,3127583.0,0.0,0.0,0.0,0.0,0.0,0.0,0.0,0.0,0.0,0.0,0.0,0.0,363.0,57.0,2.0,1.0,0.0,0.0,0.0,0.0,0.0,0.0,0.0,0.0,0.0,idle
,idle,,,,,,,,,,,,,,,,,,,,,,,,,,,,,,,,,,,,,idle
1778097105.4519062,g2.hpc.coe,41393.0,0.5001,0.0,0.0,0.0,12288.0,136138059135.0,136368617635.0,139263680.0,139447838.0,3127583.0,0.0,0.0,0.0,0.0,0.0,0.0,0.0,0.0,0.0,0.0,0.0,0.0,405.0,57.0,2.0,1.0,0.0,0.0,0.0,0.0,0.0,0.0,0.0,0.0,0.0,idle
,idle,,,,,,,,,,,,,,,,,,,,,,,,,,,,,,,,,,,,,idle
1778097105.9520342,g2.hpc.coe,41393.0,0.5001,0.0,0.0,0.0,12288.0,136138059659.0,136368617747.0,139263684.0,139447840.0,3127583.0,0.0,0.0,0.0,0.0,0.0,0.0,0.0,0.0,0.0,0.0,0.0,0.0,524.0,112.0,4.0,2.0,0.0,0.0,0.0,0.0,0.0,0.0,0.0,0.0,0.0,idle
,idle,,,,,,,,,,,,,,,,,,,,,,,,,,,,,,,,,,,,,idle
1778097106.452163,g2.hpc.coe,41393.0,0.5001,0.0,0.0,0.0,12288.0,136138060149.0,136368617804.0,139263686.0,139447841.0,3127583.0,0.0,0.0,0.0,0.0,0.0,0.0,0.0,0.0,0.0,0.0,0.0,0.0,490.0,57.0,2.0,1.0,0.0,0.0,0.0,0.0,0.0,0.0,0.0,0.0,0.0,idle
,idle,,,,,,,,,,,,,,,,,,,,,,,,,,,,,,,,,,,,,idle
1778097106.9522886,g2.hpc.coe,41393.0,0.5001,0.0,0.0,0.0,12288.0,136138061304.0,136368618308.0,139263703.0,139447850.0,3127583.0,0.0,0.0,0.0,0.0,0.0,0.0,0.0,0.0,0.0,0.0,0.0,0.0,1155.0,504.0,17.0,9.0,0.0,0.0,0.0,0.0,0.0,0.0,0.0,0.0,0.0,idle
,idle,,,,,,,,,,,,,,,,,,,,,,,,,,,,,,,,,,,,,idle
1778097107.452412,g2.hpc.coe,41393.0,0.5001,0.0,0.0,0.0,12288.0,136138061901.0,136368618387.0,139263706.0,139447852.0,3127583.0,0.0,0.0,0.0,0.0,0.0,0.0,0.0,0.0,0.0,0.0,0.0,0.0,597.0,79.0,3.0,2.0,0.0,0.0,0.0,0.0,0.0,0.0,0.0,0.0,0.0,idle
,idle,,,,,,,,,,,,,,,,,,,,,,,,,,,,,,,,,,,,,idle
1778097107.9525242,g2.hpc.coe,41393.0,0.5001,0.0,0.0,0.0,12288.0,136138062540.0,136368618466.0,139263709.0,139447854.0,3127583.0,0.0,0.0,0.0,0.0,0.0,0.0,0.0,0.0,0.0,0.0,0.0,0.0,639.0,79.0,3.0,2.0,0.0,0.0,0.0,0.0,0.0,0.0,0.0,0.0,0.0,idle
,idle,,,,,,,,,,,,,,,,,,,,,,,,,,,,,,,,,,,,,idle
1778097108.4526503,g2.hpc.coe,41393.0,0.5001,0.0,0.0,0.0,12288.0,136138063221.0,136368618545.0,139263712.0,139447856.0,3127583.0,0.0,0.0,0.0,0.0,0.0,0.0,0.0,0.0,0.0,0.0,0.0,0.0,681.0,79.0,3.0,2.0,0.0,0.0,0.0,0.0,0.0,0.0,0.0,0.0,0.0,idle
,idle,,,,,,,,,,,,,,,,,,,,,,,,,,,,,,,,,,,,,idle
1778097108.9527588,g2.hpc.coe,41393.0,0.5001,0.0,0.0,0.0,12288.0,136138063945.0,136368618624.0,139263715.0,139447858.0,3127583.0,0.0,0.0,0.0,0.0,0.0,0.0,0.0,0.0,0.0,0.0,0.0,0.0,724.0,79.0,3.0,2.0,0.0,0.0,0.0,0.0,0.0,0.0,0.0,0.0,0.0,idle
,idle,,,,,,,,,,,,,,,,,,,,,,,,,,,,,,,,,,,,,idle
1778097109.4529004,g2.hpc.coe,41393.0,0.5001,0.0,0.0,0.0,12288.0,136138064711.0,136368618703.0,139263718.0,139447860.0,3127583.0,0.0,0.0,0.0,0.0,0.0,0.0,0.0,0.0,0.0,0.0,0.0,0.0,766.0,79.0,3.0,2.0,0.0,0.0,0.0,0.0,0.0,0.0,0.0,0.0,0.0,idle
,idle,,,,,,,,,,,,,,,,,,,,,,,,,,,,,,,,,,,,,idle
1778097109.9530237,g2.hpc.coe,41393.0,0.5001,0.0,0.0,0.0,12288.0,136138065519.0,136368618782.0,139263721.0,139447862.0,3127583.0,0.0,0.0,0.0,0.0,0.0,0.0,0.0,0.0,0.0,0.0,0.0,0.0,808.0,79.0,3.0,2.0,0.0,0.0,0.0,0.0,0.0,0.0,0.0,0.0,0.0,idle
,idle,,,,,,,,,,,,,,,,,,,,,,,,,,,,,,,,,,,,,idle
1778097110.453155,g2.hpc.coe,41393.0,0.5001,0.0,0.0,0.0,12288.0,136138066369.0,136368618861.0,139263724.0,139447864.0,3127583.0,0.0,0.0,0.0,0.0,0.0,0.0,0.0,0.0,0.0,0.0,0.0,0.0,850.0,79.0,3.0,2.0,0.0,0.0,0.0,0.0,0.0,0.0,0.0,0.0,0.0,idle
,idle,,,,,,,,,,,,,,,,,,,,,,,,,,,,,,,,,,,,,idle
1778097110.9532871,g2.hpc.coe,41393.0,0.5001,0.0,0.0,0.0,12288.0,136138067338.0,136368618995.0,139263729.0,139447867.0,3127583.0,0.0,0.0,0.0,0.0,0.0,0.0,0.0,0.0,0.0,0.0,0.0,0.0,969.0,134.0,5.0,3.0,0.0,0.0,0.0,0.0,0.0,0.0,0.0,0.0,0.0,idle
,idle,,,,,,,,,,,,,,,,,,,,,,,,,,,,,,,,,,,,,idle
1778097111.4534,g2.hpc.coe,41393.0,0.5001,0.0,0.0,0.0,12288.0,136138068273.0,136368619074.0,139263732.0,139447869.0,3127583.0,0.0,0.0,0.0,0.0,0.0,0.0,0.0,0.0,0.0,0.0,0.0,0.0,935.0,79.0,3.0,2.0,0.0,0.0,0.0,0.0,0.0,0.0,0.0,0.0,0.0,idle
,idle,,,,,,,,,,,,,,,,,,,,,,,,,,,,,,,,,,,,,idle
1778097111.953525,g2.hpc.coe,41393.0,0.5001,0.0,0.0,0.0,12288.0,136138069250.0,136368619153.0,139263735.0,139447871.0,3127583.0,0.0,0.0,0.0,0.0,0.0,0.0,0.0,0.0,0.0,0.0,0.0,0.0,977.0,79.0,3.0,2.0,0.0,0.0,0.0,0.0,0.0,0.0,0.0,0.0,0.0,idle
,idle,,,,,,,,,,,,,,,,,,,,,,,,,,,,,,,,,,,,,idle
1778097112.4536595,g2.hpc.coe,41393.0,0.5001,0.0,0.0,0.0,12288.0,136138070269.0,136368619232.0,139263738.0,139447873.0,3127583.0,0.0,0.0,0.0,0.0,0.0,0.0,0.0,0.0,0.0,0.0,0.0,0.0,1019.0,79.0,3.0,2.0,0.0,0.0,0.0,0.0,0.0,0.0,0.0,0.0,0.0,idle
,idle,,,,,,,,,,,,,,,,,,,,,,,,,,,,,,,,,,,,,idle
1778097112.9537845,g2.hpc.coe,41393.0,0.5001,0.0,0.0,0.0,12288.0,136138071331.0,136368619311.0,139263741.0,139447875.0,3127583.0,0.0,0.0,0.0,0.0,0.0,0.0,0.0,0.0,0.0,0.0,0.0,0.0,1062.0,79.0,3.0,2.0,0.0,0.0,0.0,0.0,0.0,0.0,0.0,0.0,0.0,idle
,idle,,,,,,,,,,,,,,,,,,,,,,,,,,,,,,,,,,,,,idle
1778097113.453912,g2.hpc.coe,41393.0,0.5001,0.0,0.0,0.0,12288.0,136138072457.0,136368619390.0,139263745.0,139447877.0,3127583.0,0.0,0.0,0.0,0.0,0.0,0.0,0.0,0.0,0.0,0.0,0.0,0.0,1126.0,79.0,4.0,2.0,0.0,0.0,0.0,0.0,0.0,0.0,0.0,0.0,0.0,idle
,idle,,,,,,,,,,,,,,,,,,,,,,,,,,,,,,,,,,,,,idle
1778097113.954039,g2.hpc.coe,41393.0,0.5001,0.0,0.0,0.0,12288.0,136138073625.0,136368619469.0,139263749.0,139447879.0,3127583.0,0.0,0.0,0.0,0.0,0.0,0.0,0.0,0.0,0.0,0.0,0.0,0.0,1168.0,79.0,4.0,2.0,0.0,0.0,0.0,0.0,0.0,0.0,0.0,0.0,0.0,idle
,idle,,,,,,,,,,,,,,,,,,,,,,,,,,,,,,,,,,,,,idle
1778097114.454169,g2.hpc.coe,41393.0,0.5001,0.0,0.0,0.0,12288.0,136138073768.0,136368619526.0,139263751.0,139447880.0,3127583.0,0.0,0.0,0.0,0.0,0.0,0.0,0.0,0.0,0.0,0.0,0.0,0.0,143.0,57.0,2.0,1.0,0.0,0.0,0.0,0.0,0.0,0.0,0.0,0.0,0.0,idle
,idle,,,,,,,,,,,,,,,,,,,,,,,,,,,,,,,,,,,,,idle
1778097114.9542973,g2.hpc.coe,41393.0,0.5001,0.0,0.0,0.0,12288.0,136138073953.0,136368619583.0,139263753.0,139447881.0,3127583.0,0.0,0.0,0.0,0.0,0.0,0.0,0.0,0.0,0.0,0.0,0.0,0.0,185.0,57.0,2.0,1.0,0.0,0.0,0.0,0.0,0.0,0.0,0.0,0.0,0.0,idle
,idle,,,,,,,,,,,,,,,,,,,,,,,,,,,,,,,,,,,,,idle
1778097115.45442,g2.hpc.coe,41393.0,0.5001,0.0,0.0,0.0,12288.0,136138074180.0,136368619640.0,139263755.0,139447882.0,3127583.0,0.0,0.0,0.0,0.0,0.0,0.0,0.0,0.0,0.0,0.0,0.0,0.0,227.0,57.0,2.0,1.0,0.0,0.0,0.0,0.0,0.0,0.0,0.0,0.0,0.0,idle
,idle,,,,,,,,,,,,,,,,,,,,,,,,,,,,,,,,,,,,,idle
1778097115.954546,g2.hpc.coe,41393.0,0.5001,0.0,0.0,0.0,12288.0,136138074526.0,136368619752.0,139263759.0,139447884.0,3127583.0,0.0,0.0,0.0,0.0,0.0,0.0,0.0,0.0,0.0,0.0,0.0,0.0,346.0,112.0,4.0,2.0,0.0,0.0,0.0,0.0,0.0,0.0,0.0,0.0,0.0,idle
,idle,,,,,,,,,,,,,,,,,,,,,,,,,,,,,,,,,,,,,idle
1778097116.4546714,g2.hpc.coe,41393.0,0.5001,0.0,0.0,0.0,12288.0,136138074838.0,136368619809.0,139263761.0,139447885.0,3127583.0,0.0,0.0,0.0,0.0,0.0,0.0,0.0,0.0,0.0,0.0,0.0,0.0,312.0,57.0,2.0,1.0,0.0,0.0,0.0,0.0,0.0,0.0,0.0,0.0,0.0,idle
,idle,,,,,,,,,,,,,,,,,,,,,,,,,,,,,,,,,,,,,idle
1778097116.9547982,g2.hpc.coe,41393.0,0.5001,0.0,0.0,0.0,12288.0,136138075192.0,136368619866.0,139263763.0,139447886.0,3127583.0,0.0,0.0,0.0,0.0,0.0,0.0,0.0,0.0,0.0,0.0,0.0,0.0,354.0,57.0,2.0,1.0,0.0,0.0,0.0,0.0,0.0,0.0,0.0,0.0,0.0,idle
,idle,,,,,,,,,,,,,,,,,,,,,,,,,,,,,,,,,,,,,idle
1778097117.4549222,g2.hpc.coe,41393.0,0.5001,0.0,0.0,0.0,12288.0,136138075588.0,136368619923.0,139263765.0,139447887.0,3127583.0,0.0,0.0,0.0,0.0,0.0,0.0,0.0,0.0,0.0,0.0,0.0,0.0,396.0,57.0,2.0,1.0,0.0,0.0,0.0,0.0,0.0,0.0,0.0,0.0,0.0,idle
,idle,,,,,,,,,,,,,,,,,,,,,,,,,,,,,,,,,,,,,idle
1778097117.9550457,g2.hpc.coe,41393.0,0.5001,0.0,0.0,0.0,12288.0,136138076026.0,136368619980.0,139263767.0,139447888.0,3127583.0,0.0,0.0,0.0,0.0,0.0,0.0,0.0,0.0,0.0,0.0,0.0,0.0,438.0,57.0,2.0,1.0,0.0,0.0,0.0,0.0,0.0,0.0,0.0,0.0,0.0,idle
,idle,,,,,,,,,,,,,,,,,,,,,,,,,,,,,,,,,,,,,idle
1778097118.4551792,g2.hpc.coe,41393.0,0.5001,0.0,0.0,0.0,12288.0,136138076507.0,136368620037.0,139263769.0,139447889.0,3127583.0,0.0,0.0,0.0,0.0,0.0,0.0,0.0,0.0,0.0,0.0,0.0,0.0,481.0,57.0,2.0,1.0,0.0,0.0,0.0,0.0,0.0,0.0,0.0,0.0,0.0,idle
,idle,,,,,,,,,,,,,,,,,,,,,,,,,,,,,,,,,,,,,idle
1778097118.9553056,g2.hpc.coe,41393.0,0.5001,0.0,0.0,0.0,12288.0,136138077030.0,136368620094.0,139263771.0,139447890.0,3127583.0,0.0,0.0,0.0,0.0,0.0,0.0,0.0,0.0,0.0,0.0,0.0,0.0,523.0,57.0,2.0,1.0,0.0,0.0,0.0,0.0,0.0,0.0,0.0,0.0,0.0,idle
,idle,,,,,,,,,,,,,,,,,,,,,,,,,,,,,,,,,,,,,idle
1778097119.455417,g2.hpc.coe,41393.0,0.5001,0.0,0.0,0.0,12288.0,136138077617.0,136368620173.0,139263774.0,139447892.0,3127583.0,0.0,0.0,0.0,0.0,0.0,0.0,0.0,0.0,0.0,0.0,0.0,0.0,587.0,79.0,3.0,2.0,0.0,0.0,0.0,0.0,0.0,0.0,0.0,0.0,0.0,idle
,idle,,,,,,,,,,,,,,,,,,,,,,,,,,,,,,,,,,,,,idle
1778097119.955544,g2.hpc.coe,41393.0,0.5001,0.0,0.0,0.0,12288.0,136138078246.0,136368620252.0,139263777.0,139447894.0,3127583.0,0.0,0.0,0.0,0.0,0.0,0.0,0.0,0.0,0.0,0.0,0.0,0.0,629.0,79.0,3.0,2.0,0.0,0.0,0.0,0.0,0.0,0.0,0.0,0.0,0.0,idle
,idle,,,,,,,,,,,,,,,,,,,,,,,,,,,,,,,,,,,,,idle
1778097120.455655,g2.hpc.coe,41393.0,0.5001,0.0,0.0,0.0,12288.0,136138078917.0,136368620331.0,139263780.0,139447896.0,3127583.0,0.0,0.0,0.0,0.0,0.0,0.0,0.0,0.0,0.0,0.0,0.0,0.0,671.0,79.0,3.0,2.0,0.0,0.0,0.0,0.0,0.0,0.0,0.0,0.0,0.0,idle
,idle,,,,,,,,,,,,,,,,,,,,,,,,,,,,,,,,,,,,,idle
1778097120.9557838,g2.hpc.coe,41393.0,0.5001,0.0,0.0,0.0,12288.0,136138079630.0,136368620410.0,139263783.0,139447898.0,3127583.0,0.0,0.0,0.0,0.0,0.0,0.0,0.0,0.0,0.0,0.0,0.0,0.0,713.0,79.0,3.0,2.0,0.0,0.0,0.0,0.0,0.0,0.0,0.0,0.0,0.0,idle
,idle,,,,,,,,,,,,,,,,,,,,,,,,,,,,,,,,,,,,,idle
1778097121.4559124,g2.hpc.coe,41393.0,0.5001,0.0,0.0,0.0,12288.0,136138080463.0,136368620544.0,139263788.0,139447901.0,3127583.0,0.0,0.0,0.0,0.0,0.0,0.0,0.0,0.0,0.0,0.0,0.0,0.0,833.0,134.0,5.0,3.0,0.0,0.0,0.0,0.0,0.0,0.0,0.0,0.0,0.0,idle
,idle,,,,,,,,,,,,,,,,,,,,,,,,,,,,,,,,,,,,,idle
1778097121.956042,g2.hpc.coe,41393.0,0.5001,0.0,0.0,0.0,12288.0,136138081884.0,136368621070.0,139263806.0,139447911.0,3127583.0,0.0,0.0,0.0,0.0,0.0,0.0,0.0,0.0,0.0,0.0,0.0,0.0,1421.0,526.0,18.0,10.0,0.0,0.0,0.0,0.0,0.0,0.0,0.0,0.0,0.0,idle
,idle,,,,,,,,,,,,,,,,,,,,,,,,,,,,,,,,,,,,,idle
1778097122.4561777,g2.hpc.coe,41393.0,0.5001,0.0,0.0,0.0,12288.0,136138082725.0,136368621149.0,139263809.0,139447913.0,3127583.0,0.0,0.0,0.0,0.0,0.0,0.0,0.0,0.0,0.0,0.0,0.0,0.0,841.0,79.0,3.0,2.0,0.0,0.0,0.0,0.0,0.0,0.0,0.0,0.0,0.0,idle
,idle,,,,,,,,,,,,,,,,,,,,,,,,,,,,,,,,,,,,,idle
1778097122.956248,g2.hpc.coe,41393.0,0.5001,0.0,0.0,0.0,12288.0,136138083608.0,136368621228.0,139263812.0,139447915.0,3127583.0,0.0,0.0,0.0,0.0,0.0,0.0,0.0,0.0,0.0,0.0,0.0,0.0,883.0,79.0,3.0,2.0,0.0,0.0,0.0,0.0,0.0,0.0,0.0,0.0,0.0,idle
,idle,,,,,,,,,,,,,,,,,,,,,,,,,,,,,,,,,,,,,idle
1778097123.4563696,g2.hpc.coe,41393.0,0.5001,0.0,0.0,0.0,12288.0,136138084533.0,136368621307.0,139263815.0,139447917.0,3127583.0,0.0,0.0,0.0,0.0,0.0,0.0,0.0,0.0,0.0,0.0,0.0,0.0,925.0,79.0,3.0,2.0,0.0,0.0,0.0,0.0,0.0,0.0,0.0,0.0,0.0,idle
,idle,,,,,,,,,,,,,,,,,,,,,,,,,,,,,,,,,,,,,idle
1778097123.956493,g2.hpc.coe,41393.0,0.5001,0.0,0.0,0.0,12288.0,136138085501.0,136368621386.0,139263818.0,139447919.0,3127583.0,0.0,0.0,0.0,0.0,0.0,0.0,0.0,0.0,0.0,0.0,0.0,0.0,968.0,79.0,3.0,2.0,0.0,0.0,0.0,0.0,0.0,0.0,0.0,0.0,0.0,idle
,idle,,,,,,,,,,,,,,,,,,,,,,,,,,,,,,,,,,,,,idle
1778097124.4566092,g2.hpc.coe,41393.0,0.5001,0.0,0.0,0.0,12288.0,136138086511.0,136368621465.0,139263821.0,139447921.0,3127583.0,0.0,0.0,0.0,0.0,0.0,0.0,0.0,0.0,0.0,0.0,0.0,0.0,1010.0,79.0,3.0,2.0,0.0,0.0,0.0,0.0,0.0,0.0,0.0,0.0,0.0,idle
,idle,,,,,,,,,,,,,,,,,,,,,,,,,,,,,,,,,,,,,idle
1778097124.95672,g2.hpc.coe,41393.0,0.5001,0.0,0.0,0.0,12288.0,136138087563.0,136368621544.0,139263824.0,139447923.0,3127583.0,0.0,0.0,0.0,0.0,0.0,0.0,0.0,0.0,0.0,0.0,0.0,0.0,1052.0,79.0,3.0,2.0,0.0,0.0,0.0,0.0,0.0,0.0,0.0,0.0,0.0,idle
,idle,,,,,,,,,,,,,,,,,,,,,,,,,,,,,,,,,,,,,idle
1778097125.456845,g2.hpc.coe,41393.0,0.5001,0.0,0.0,0.0,12288.0,136138088679.0,136368621623.0,139263828.0,139447925.0,3127583.0,0.0,0.0,0.0,0.0,0.0,0.0,0.0,0.0,0.0,0.0,0.0,0.0,1116.0,79.0,4.0,2.0,0.0,0.0,0.0,0.0,0.0,0.0,0.0,0.0,0.0,idle
,idle,,,,,,,,,,,,,,,,,,,,,,,,,,,,,,,,,,,,,idle
1778097125.956972,g2.hpc.coe,41393.0,0.5001,0.0,0.0,0.0,12288.0,136138089838.0,136368621702.0,139263832.0,139447927.0,3127583.0,0.0,0.0,0.0,0.0,0.0,0.0,0.0,0.0,0.0,0.0,0.0,0.0,1159.0,79.0,4.0,2.0,0.0,0.0,0.0,0.0,0.0,0.0,0.0,0.0,0.0,idle
,idle,,,,,,,,,,,,,,,,,,,,,,,,,,,,,,,,,,,,,idle
1778097126.457106,g2.hpc.coe,41393.0,0.5001,0.0,0.0,0.0,12288.0,136138090048.0,136368621814.0,139263836.0,139447929.0,3127583.0,0.0,0.0,0.0,0.0,0.0,0.0,0.0,0.0,0.0,0.0,0.0,0.0,210.0,112.0,4.0,2.0,0.0,0.0,0.0,0.0,0.0,0.0,0.0,0.0,0.0,idle
,idle,,,,,,,,,,,,,,,,,,,,,,,,,,,,,,,,,,,,,idle
1778097126.9571774,g2.hpc.coe,41393.0,0.5001,0.0,0.0,0.0,12288.0,136138090224.0,136368621871.0,139263838.0,139447930.0,3127583.0,0.0,0.0,0.0,0.0,0.0,0.0,0.0,0.0,0.0,0.0,0.0,0.0,176.0,57.0,2.0,1.0,0.0,0.0,0.0,0.0,0.0,0.0,0.0,0.0,0.0,idle
,idle,,,,,,,,,,,,,,,,,,,,,,,,,,,,,,,,,,,,,idle
1778097127.4573002,g2.hpc.coe,41393.0,0.5001,0.0,0.0,0.0,12288.0,136138090442.0,136368621928.0,139263840.0,139447931.0,3127583.0,0.0,0.0,0.0,0.0,0.0,0.0,0.0,0.0,0.0,0.0,0.0,0.0,218.0,57.0,2.0,1.0,0.0,0.0,0.0,0.0,0.0,0.0,0.0,0.0,0.0,idle
,idle,,,,,,,,,,,,,,,,,,,,,,,,,,,,,,,,,,,,,idle
1778097127.957407,g2.hpc.coe,41393.0,0.5001,0.0,0.0,0.0,12288.0,136138090702.0,136368621985.0,139263842.0,139447932.0,3127583.0,0.0,0.0,0.0,0.0,0.0,0.0,0.0,0.0,0.0,0.0,0.0,0.0,260.0,57.0,2.0,1.0,0.0,0.0,0.0,0.0,0.0,0.0,0.0,0.0,0.0,idle
,idle,,,,,,,,,,,,,,,,,,,,,,,,,,,,,,,,,,,,,idle
1778097128.4575193,g2.hpc.coe,41393.0,0.5001,0.0,0.0,0.0,12288.0,136138091004.0,136368622042.0,139263844.0,139447933.0,3127583.0,0.0,0.0,0.0,0.0,0.0,0.0,0.0,0.0,0.0,0.0,0.0,0.0,302.0,57.0,2.0,1.0,0.0,0.0,0.0,0.0,0.0,0.0,0.0,0.0,0.0,idle
,idle,,,,,,,,,,,,,,,,,,,,,,,,,,,,,,,,,,,,,idle
1778097128.957646,g2.hpc.coe,41393.0,0.5001,0.0,0.0,0.0,12288.0,136138091348.0,136368622099.0,139263846.0,139447934.0,3127583.0,0.0,0.0,0.0,0.0,0.0,0.0,0.0,0.0,0.0,0.0,0.0,0.0,344.0,57.0,2.0,1.0,0.0,0.0,0.0,0.0,0.0,0.0,0.0,0.0,0.0,idle
,idle,,,,,,,,,,,,,,,,,,,,,,,,,,,,,,,,,,,,,idle
1778097129.45777,g2.hpc.coe,41393.0,0.5001,0.0,0.0,0.0,12288.0,136138091734.0,136368622156.0,139263848.0,139447935.0,3127583.0,0.0,0.0,0.0,0.0,0.0,0.0,0.0,0.0,0.0,0.0,0.0,0.0,386.0,57.0,2.0,1.0,0.0,0.0,0.0,0.0,0.0,0.0,0.0,0.0,0.0,idle
,idle,,,,,,,,,,,,,,,,,,,,,,,,,,,,,,,,,,,,,idle
1778097129.957873,g2.hpc.coe,41393.0,0.5001,0.0,0.0,0.0,12288.0,136138092163.0,136368622213.0,139263850.0,139447936.0,3127583.0,0.0,0.0,0.0,0.0,0.0,0.0,0.0,0.0,0.0,0.0,0.0,0.0,429.0,57.0,2.0,1.0,0.0,0.0,0.0,0.0,0.0,0.0,0.0,0.0,0.0,idle
,idle,,,,,,,,,,,,,,,,,,,,,,,,,,,,,,,,,,,,,idle
1778097130.4580016,g2.hpc.coe,41393.0,0.5001,0.0,0.0,0.0,12288.0,136138092634.0,136368622270.0,139263852.0,139447937.0,3127583.0,0.0,0.0,0.0,0.0,0.0,0.0,0.0,0.0,0.0,0.0,0.0,0.0,471.0,57.0,2.0,1.0,0.0,0.0,0.0,0.0,0.0,0.0,0.0,0.0,0.0,idle
,idle,,,,,,,,,,,,,,,,,,,,,,,,,,,,,,,,,,,,,idle
1778097130.958127,g2.hpc.coe,41393.0,0.5001,0.0,0.0,0.0,12288.0,136138093147.0,136368622327.0,139263854.0,139447938.0,3127583.0,0.0,0.0,0.0,0.0,0.0,0.0,0.0,0.0,0.0,0.0,0.0,0.0,513.0,57.0,2.0,1.0,0.0,0.0,0.0,0.0,0.0,0.0,0.0,0.0,0.0,idle
,idle,,,,,,,,,,,,,,,,,,,,,,,,,,,,,,,,,,,,,idle
1778097131.4582517,g2.hpc.coe,41393.0,0.5001,0.0,0.0,0.0,12288.0,136138093801.0,136368622461.0,139263859.0,139447941.0,3127583.0,0.0,0.0,0.0,0.0,0.0,0.0,0.0,0.0,0.0,0.0,0.0,0.0,654.0,134.0,5.0,3.0,0.0,0.0,0.0,0.0,0.0,0.0,0.0,0.0,0.0,idle
,idle,,,,,,,,,,,,,,,,,,,,,,,,,,,,,,,,,,,,,idle
1778097131.9583738,g2.hpc.coe,41393.0,0.5001,0.0,0.0,0.0,12288.0,136138094420.0,136368622540.0,139263862.0,139447943.0,3127583.0,0.0,0.0,0.0,0.0,0.0,0.0,0.0,0.0,0.0,0.0,0.0,0.0,619.0,79.0,3.0,2.0,0.0,0.0,0.0,0.0,0.0,0.0,0.0,0.0,0.0,idle
,idle,,,,,,,,,,,,,,,,,,,,,,,,,,,,,,,,,,,,,idle
1778097132.4584997,g2.hpc.coe,41393.0,0.5001,0.0,0.0,0.0,12288.0,136138095082.0,136368622619.0,139263865.0,139447945.0,3127583.0,0.0,0.0,0.0,0.0,0.0,0.0,0.0,0.0,0.0,0.0,0.0,0.0,662.0,79.0,3.0,2.0,0.0,0.0,0.0,0.0,0.0,0.0,0.0,0.0,0.0,idle
,idle,,,,,,,,,,,,,,,,,,,,,,,,,,,,,,,,,,,,,idle
1778097132.9586265,g2.hpc.coe,41393.0,0.5001,0.0,0.0,0.0,12288.0,136138095786.0,136368622698.0,139263868.0,139447947.0,3127583.0,0.0,0.0,0.0,0.0,0.0,0.0,0.0,0.0,0.0,0.0,0.0,0.0,704.0,79.0,3.0,2.0,0.0,0.0,0.0,0.0,0.0,0.0,0.0,0.0,0.0,idle
,idle,,,,,,,,,,,,,,,,,,,,,,,,,,,,,,,,,,,,,idle
1778097133.4587398,g2.hpc.coe,41393.0,0.5001,0.0,0.0,0.0,12288.0,136138096532.0,136368622777.0,139263871.0,139447949.0,3127583.0,0.0,0.0,0.0,0.0,0.0,0.0,0.0,0.0,0.0,0.0,0.0,0.0,746.0,79.0,3.0,2.0,0.0,0.0,0.0,0.0,0.0,0.0,0.0,0.0,0.0,idle
,idle,,,,,,,,,,,,,,,,,,,,,,,,,,,,,,,,,,,,,idle
1778097133.958894,g2.hpc.coe,41393.0,0.5002,0.0,0.0,0.0,12288.0,136138097320.0,136368622856.0,139263874.0,139447951.0,3127583.0,0.0,0.0,0.0,0.0,0.0,0.0,0.0,0.0,0.0,0.0,0.0,0.0,788.0,79.0,3.0,2.0,0.0,0.0,0.0,0.0,0.0,0.0,0.0,0.0,0.0,idle
,idle,,,,,,,,,,,,,,,,,,,,,,,,,,,,,,,,,,,,,idle
1778097134.4590263,g2.hpc.coe,41393.0,0.5001,0.0,0.0,0.0,12288.0,136138098150.0,136368622935.0,139263877.0,139447953.0,3127583.0,0.0,0.0,0.0,0.0,0.0,0.0,0.0,0.0,0.0,0.0,0.0,0.0,830.0,79.0,3.0,2.0,0.0,0.0,0.0,0.0,0.0,0.0,0.0,0.0,0.0,idle
,idle,,,,,,,,,,,,,,,,,,,,,,,,,,,,,,,,,,,,,idle
1778097134.959151,g2.hpc.coe,41393.0,0.5001,0.0,0.0,0.0,12288.0,136138099023.0,136368623014.0,139263880.0,139447955.0,3127583.0,0.0,0.0,0.0,0.0,0.0,0.0,0.0,0.0,0.0,0.0,0.0,0.0,873.0,79.0,3.0,2.0,0.0,0.0,0.0,0.0,0.0,0.0,0.0,0.0,0.0,idle
,idle,,,,,,,,,,,,,,,,,,,,,,,,,,,,,,,,,,,,,idle
1778097135.459259,g2.hpc.coe,41393.0,0.5001,0.0,0.0,0.0,12288.0,136138099938.0,136368623093.0,139263883.0,139447957.0,3127583.0,0.0,0.0,0.0,0.0,0.0,0.0,0.0,0.0,0.0,0.0,0.0,0.0,915.0,79.0,3.0,2.0,0.0,0.0,0.0,0.0,0.0,0.0,0.0,0.0,0.0,idle
,idle,,,,,,,,,,,,,,,,,,,,,,,,,,,,,,,,,,,,,idle
1778097135.9593852,g2.hpc.coe,41393.0,0.5001,0.0,0.0,0.0,12288.0,136138100895.0,136368623172.0,139263886.0,139447959.0,3127583.0,0.0,0.0,0.0,0.0,0.0,0.0,0.0,0.0,0.0,0.0,0.0,0.0,957.0,79.0,3.0,2.0,0.0,0.0,0.0,0.0,0.0,0.0,0.0,0.0,0.0,idle
,idle,,,,,,,,,,,,,,,,,,,,,,,,,,,,,,,,,,,,,idle
1778097136.4595203,g2.hpc.coe,41393.0,0.5001,0.0,0.0,0.0,12288.0,136138101971.0,136368623306.0,139263891.0,139447962.0,3127583.0,0.0,0.0,0.0,0.0,0.0,0.0,0.0,0.0,0.0,0.0,0.0,0.0,1076.0,134.0,5.0,3.0,0.0,0.0,0.0,0.0,0.0,0.0,0.0,0.0,0.0,idle
,idle,,,,,,,,,,,,,,,,,,,,,,,,,,,,,,,,,,,,,idle
1778097136.959627,g2.hpc.coe,41393.0,0.5001,0.0,0.0,0.0,12288.0,136138103636.0,136368623832.0,139263909.0,139447972.0,3127583.0,0.0,0.0,0.0,0.0,0.0,0.0,0.0,0.0,0.0,0.0,0.0,0.0,1665.0,526.0,18.0,10.0,0.0,0.0,0.0,0.0,0.0,0.0,0.0,0.0,0.0,idle
,idle,,,,,,,,,,,,,,,,,,,,,,,,,,,,,,,,,,,,,idle
1778097137.4597478,g2.hpc.coe,41393.0,0.5001,0.0,0.0,0.0,12288.0,136138104743.0,136368623911.0,139263913.0,139447974.0,3127583.0,0.0,0.0,0.0,0.0,0.0,0.0,0.0,0.0,0.0,0.0,0.0,0.0,1107.0,79.0,4.0,2.0,0.0,0.0,0.0,0.0,0.0,0.0,0.0,0.0,0.0,idle
,idle,,,,,,,,,,,,,,,,,,,,,,,,,,,,,,,,,,,,,idle
1778097137.9598432,g2.hpc.coe,41393.0,0.5001,0.0,0.0,0.0,12288.0,136138105892.0,136368623990.0,139263917.0,139447976.0,3127583.0,0.0,0.0,0.0,0.0,0.0,0.0,0.0,0.0,0.0,0.0,0.0,0.0,1149.0,79.0,4.0,2.0,0.0,0.0,0.0,0.0,0.0,0.0,0.0,0.0,0.0,idle
,idle,,,,,,,,,,,,,,,,,,,,,,,,,,,,,,,,,,,,,idle
1778097138.4599552,g2.hpc.coe,41393.0,0.5001,0.0,0.0,0.0,12288.0,136138106016.0,136368624047.0,139263919.0,139447977.0,3127583.0,0.0,0.0,0.0,0.0,0.0,0.0,0.0,0.0,0.0,0.0,0.0,0.0,124.0,57.0,2.0,1.0,0.0,0.0,0.0,0.0,0.0,0.0,0.0,0.0,0.0,idle
,idle,,,,,,,,,,,,,,,,,,,,,,,,,,,,,,,,,,,,,idle
1778097138.9600928,g2.hpc.coe,41393.0,0.5001,0.0,0.0,0.0,12288.0,136138106182.0,136368624104.0,139263921.0,139447978.0,3127583.0,0.0,0.0,0.0,0.0,0.0,0.0,0.0,0.0,0.0,0.0,0.0,0.0,166.0,57.0,2.0,1.0,0.0,0.0,0.0,0.0,0.0,0.0,0.0,0.0,0.0,idle
,idle,,,,,,,,,,,,,,,,,,,,,,,,,,,,,,,,,,,,,idle
1778097139.4602203,g2.hpc.coe,41393.0,0.5001,0.0,0.0,0.0,12288.0,136138106390.0,136368624161.0,139263923.0,139447979.0,3127583.0,0.0,0.0,0.0,0.0,0.0,0.0,0.0,0.0,0.0,0.0,0.0,0.0,208.0,57.0,2.0,1.0,0.0,0.0,0.0,0.0,0.0,0.0,0.0,0.0,0.0,idle
,idle,,,,,,,,,,,,,,,,,,,,,,,,,,,,,,,,,,,,,idle
1778097139.960354,g2.hpc.coe,41393.0,0.5001,0.0,0.0,0.0,12288.0,136138106641.0,136368624218.0,139263925.0,139447980.0,3127583.0,0.0,0.0,0.0,0.0,0.0,0.0,0.0,0.0,0.0,0.0,0.0,0.0,251.0,57.0,2.0,1.0,0.0,0.0,0.0,0.0,0.0,0.0,0.0,0.0,0.0,idle
,idle,,,,,,,,,,,,,,,,,,,,,,,,,,,,,,,,,,,,,idle
1778097140.4604845,g2.hpc.coe,41393.0,0.5001,0.0,0.0,0.0,12288.0,136138106934.0,136368624275.0,139263927.0,139447981.0,3127583.0,0.0,0.0,0.0,0.0,0.0,0.0,0.0,0.0,0.0,0.0,0.0,0.0,293.0,57.0,2.0,1.0,0.0,0.0,0.0,0.0,0.0,0.0,0.0,0.0,0.0,idle
,idle,,,,,,,,,,,,,,,,,,,,,,,,,,,,,,,,,,,,,idle
1778097140.9605985,g2.hpc.coe,41393.0,0.5001,0.0,0.0,0.0,12288.0,136138107269.0,136368624332.0,139263929.0,139447982.0,3127583.0,0.0,0.0,0.0,0.0,0.0,0.0,0.0,0.0,0.0,0.0,0.0,0.0,335.0,57.0,2.0,1.0,0.0,0.0,0.0,0.0,0.0,0.0,0.0,0.0,0.0,idle
,idle,,,,,,,,,,,,,,,,,,,,,,,,,,,,,,,,,,,,,idle
1778097141.460704,g2.hpc.coe,41393.0,0.5001,0.0,0.0,0.0,12288.0,136138107646.0,136368624389.0,139263931.0,139447983.0,3127583.0,0.0,0.0,0.0,0.0,0.0,0.0,0.0,0.0,0.0,0.0,0.0,0.0,377.0,57.0,2.0,1.0,0.0,0.0,0.0,0.0,0.0,0.0,0.0,0.0,0.0,idle
,idle,,,,,,,,,,,,,,,,,,,,,,,,,,,,,,,,,,,,,idle
1778097141.9608307,g2.hpc.coe,41393.0,0.5001,0.0,0.0,0.0,12288.0,136138108120.0,136368624501.0,139263934.0,139447985.0,3127583.0,0.0,0.0,0.0,0.0,0.0,0.0,0.0,0.0,0.0,0.0,0.0,0.0,474.0,112.0,3.0,2.0,0.0,0.0,0.0,0.0,0.0,0.0,0.0,0.0,0.0,idle
,idle,,,,,,,,,,,,,,,,,,,,,,,,,,,,,,,,,,,,,idle
1778097142.4609616,g2.hpc.coe,41393.0,0.5001,0.0,0.0,0.0,12288.0,136138108582.0,136368624558.0,139263936.0,139447986.0,3127583.0,0.0,0.0,0.0,0.0,0.0,0.0,0.0,0.0,0.0,0.0,0.0,0.0,462.0,57.0,2.0,1.0,0.0,0.0,0.0,0.0,0.0,0.0,0.0,0.0,0.0,idle
,idle,,,,,,,,,,,,,,,,,,,,,,,,,,,,,,,,,,,,,idle
1778097142.9610877,g2.hpc.coe,41393.0,0.5001,0.0,0.0,0.0,12288.0,136138109086.0,136368624615.0,139263938.0,139447987.0,3127583.0,0.0,0.0,0.0,0.0,0.0,0.0,0.0,0.0,0.0,0.0,0.0,0.0,504.0,57.0,2.0,1.0,0.0,0.0,0.0,0.0,0.0,0.0,0.0,0.0,0.0,idle
,idle,,,,,,,,,,,,,,,,,,,,,,,,,,,,,,,,,,,,,idle
1778097143.4612134,g2.hpc.coe,41393.0,0.5001,0.0,0.0,0.0,12288.0,136138109654.0,136368624694.0,139263941.0,139447989.0,3127583.0,0.0,0.0,0.0,0.0,0.0,0.0,0.0,0.0,0.0,0.0,0.0,0.0,568.0,79.0,3.0,2.0,0.0,0.0,0.0,0.0,0.0,0.0,0.0,0.0,0.0,idle
,idle,,,,,,,,,,,,,,,,,,,,,,,,,,,,,,,,,,,,,idle
1778097143.9613204,g2.hpc.coe,41393.0,0.5001,0.0,0.0,0.0,12288.0,136138110265.0,136368624773.0,139263944.0,139447991.0,3127583.0,0.0,0.0,0.0,0.0,0.0,0.0,0.0,0.0,0.0,0.0,0.0,0.0,611.0,79.0,3.0,2.0,0.0,0.0,0.0,0.0,0.0,0.0,0.0,0.0,0.0,idle
,idle,,,,,,,,,,,,,,,,,,,,,,,,,,,,,,,,,,,,,idle
1778097144.4614506,g2.hpc.coe,41393.0,0.5001,0.0,0.0,0.0,12288.0,136138110918.0,136368624852.0,139263947.0,139447993.0,3127583.0,0.0,0.0,0.0,0.0,0.0,0.0,0.0,0.0,0.0,0.0,0.0,0.0,653.0,79.0,3.0,2.0,0.0,0.0,0.0,0.0,0.0,0.0,0.0,0.0,0.0,idle
,idle,,,,,,,,,,,,,,,,,,,,,,,,,,,,,,,,,,,,,idle
1778097144.961574,g2.hpc.coe,41393.0,0.5001,0.0,0.0,0.0,12288.0,136138111613.0,136368624931.0,139263950.0,139447995.0,3127583.0,0.0,0.0,0.0,0.0,0.0,0.0,0.0,0.0,0.0,0.0,0.0,0.0,695.0,79.0,3.0,2.0,0.0,0.0,0.0,0.0,0.0,0.0,0.0,0.0,0.0,idle
,idle,,,,,,,,,,,,,,,,,,,,,,,,,,,,,,,,,,,,,idle
1778097145.461704,g2.hpc.coe,41393.0,0.5001,0.0,0.0,0.0,12288.0,136138112350.0,136368625010.0,139263953.0,139447997.0,3127583.0,0.0,0.0,0.0,0.0,0.0,0.0,0.0,0.0,0.0,0.0,0.0,0.0,737.0,79.0,3.0,2.0,0.0,0.0,0.0,0.0,0.0,0.0,0.0,0.0,0.0,idle
,idle,,,,,,,,,,,,,,,,,,,,,,,,,,,,,,,,,,,,,idle
1778097145.96183,g2.hpc.coe,41393.0,0.5001,0.0,0.0,0.0,12288.0,136138113129.0,136368625089.0,139263956.0,139447999.0,3127583.0,0.0,0.0,0.0,0.0,0.0,0.0,0.0,0.0,0.0,0.0,0.0,0.0,779.0,79.0,3.0,2.0,0.0,0.0,0.0,0.0,0.0,0.0,0.0,0.0,0.0,idle
,idle,,,,,,,,,,,,,,,,,,,,,,,,,,,,,,,,,,,,,idle
1778097146.461966,g2.hpc.coe,41393.0,0.5001,0.0,0.0,0.0,12288.0,136138113950.0,136368625168.0,139263959.0,139448001.0,3127583.0,0.0,0.0,0.0,0.0,0.0,0.0,0.0,0.0,0.0,0.0,0.0,0.0,821.0,79.0,3.0,2.0,0.0,0.0,0.0,0.0,0.0,0.0,0.0,0.0,0.0,idle
,idle,,,,,,,,,,,,,,,,,,,,,,,,,,,,,,,,,,,,,idle
1778097146.9620814,g2.hpc.coe,41393.0,0.5001,0.0,0.0,0.0,12288.0,136138114890.0,136368625302.0,139263964.0,139448004.0,3127583.0,0.0,0.0,0.0,0.0,0.0,0.0,0.0,0.0,0.0,0.0,0.0,0.0,940.0,134.0,5.0,3.0,0.0,0.0,0.0,0.0,0.0,0.0,0.0,0.0,0.0,idle
,idle,,,,,,,,,,,,,,,,,,,,,,,,,,,,,,,,,,,,,idle
1778097147.4622238,g2.hpc.coe,41393.0,0.5001,0.0,0.0,0.0,12288.0,136138115795.0,136368625381.0,139263967.0,139448006.0,3127583.0,0.0,0.0,0.0,0.0,0.0,0.0,0.0,0.0,0.0,0.0,0.0,0.0,905.0,79.0,3.0,2.0,0.0,0.0,0.0,0.0,0.0,0.0,0.0,0.0,0.0,idle
,idle,,,,,,,,,,,,,,,,,,,,,,,,,,,,,,,,,,,,,idle
1778097147.9623291,g2.hpc.coe,41393.0,0.5001,0.0,0.0,0.0,12288.0,136138116743.0,136368625460.0,139263970.0,139448008.0,3127583.0,0.0,0.0,0.0,0.0,0.0,0.0,0.0,0.0,0.0,0.0,0.0,0.0,948.0,79.0,3.0,2.0,0.0,0.0,0.0,0.0,0.0,0.0,0.0,0.0,0.0,idle
,idle,,,,,,,,,,,,,,,,,,,,,,,,,,,,,,,,,,,,,idle
1778097148.462453,g2.hpc.coe,41393.0,0.5001,0.0,0.0,0.0,12288.0,136138117733.0,136368625539.0,139263973.0,139448010.0,3127583.0,0.0,0.0,0.0,0.0,0.0,0.0,0.0,0.0,0.0,0.0,0.0,0.0,990.0,79.0,3.0,2.0,0.0,0.0,0.0,0.0,0.0,0.0,0.0,0.0,0.0,idle
,idle,,,,,,,,,,,,,,,,,,,,,,,,,,,,,,,,,,,,,idle
1778097148.962557,g2.hpc.coe,41393.0,0.5001,0.0,0.0,0.0,12288.0,136138118765.0,136368625618.0,139263976.0,139448012.0,3127583.0,0.0,0.0,0.0,0.0,0.0,0.0,0.0,0.0,0.0,0.0,0.0,0.0,1032.0,79.0,3.0,2.0,0.0,0.0,0.0,0.0,0.0,0.0,0.0,0.0,0.0,idle
,idle,,,,,,,,,,,,,,,,,,,,,,,,,,,,,,,,,,,,,idle
1778097149.462679,g2.hpc.coe,41393.0,0.5001,0.0,0.0,0.0,12288.0,136138119861.0,136368625697.0,139263980.0,139448014.0,3127583.0,0.0,0.0,0.0,0.0,0.0,0.0,0.0,0.0,0.0,0.0,0.0,0.0,1096.0,79.0,4.0,2.0,0.0,0.0,0.0,0.0,0.0,0.0,0.0,0.0,0.0,idle
,idle,,,,,,,,,,,,,,,,,,,,,,,,,,,,,,,,,,,,,idle
1778097149.9628112,g2.hpc.coe,41393.0,0.5001,0.0,0.0,0.0,12288.0,136138121000.0,136368625776.0,139263984.0,139448016.0,3127583.0,0.0,0.0,0.0,0.0,0.0,0.0,0.0,0.0,0.0,0.0,0.0,0.0,1139.0,79.0,4.0,2.0,0.0,0.0,0.0,0.0,0.0,0.0,0.0,0.0,0.0,idle
,idle,,,,,,,,,,,,,,,,,,,,,,,,,,,,,,,,,,,,,idle
1778097150.462937,g2.hpc.coe,41393.0,0.5001,0.0,0.0,0.0,12288.0,136138122181.0,136368625855.0,139263988.0,139448018.0,3127583.0,0.0,0.0,0.0,0.0,0.0,0.0,0.0,0.0,0.0,0.0,0.0,0.0,1181.0,79.0,4.0,2.0,0.0,0.0,0.0,0.0,0.0,0.0,0.0,0.0,0.0,idle
,idle,,,,,,,,,,,,,,,,,,,,,,,,,,,,,,,,,,,,,idle
1778097150.96307,g2.hpc.coe,41393.0,0.5001,0.0,0.0,0.0,12288.0,136138122336.0,136368625912.0,139263990.0,139448019.0,3127583.0,0.0,0.0,0.0,0.0,0.0,0.0,0.0,0.0,0.0,0.0,0.0,0.0,155.0,57.0,2.0,1.0,0.0,0.0,0.0,0.0,0.0,0.0,0.0,0.0,0.0,idle
,idle,,,,,,,,,,,,,,,,,,,,,,,,,,,,,,,,,,,,,idle
1778097151.4631937,g2.hpc.coe,41393.0,0.5001,0.0,0.0,0.0,12288.0,136138122533.0,136368625969.0,139263992.0,139448020.0,3127583.0,0.0,0.0,0.0,0.0,0.0,0.0,0.0,0.0,0.0,0.0,0.0,0.0,197.0,57.0,2.0,1.0,0.0,0.0,0.0,0.0,0.0,0.0,0.0,0.0,0.0,idle
,idle,,,,,,,,,,,,,,,,,,,,,,,,,,,,,,,,,,,,,idle
1778097151.9633255,g2.hpc.coe,41393.0,0.5001,0.0,0.0,0.0,12288.0,136138123472.0,136368626528.0,139264011.0,139448030.0,3127583.0,0.0,0.0,0.0,0.0,0.0,0.0,0.0,0.0,0.0,0.0,0.0,0.0,939.0,559.0,19.0,10.0,0.0,0.0,0.0,0.0,0.0,0.0,0.0,0.0,0.0,idle
,idle,,,,,,,,,,,,,,,,,,,,,,,,,,,,,,,,,,,,,idle
1778097152.4634528,g2.hpc.coe,41393.0,0.5001,0.0,0.0,0.0,12288.0,136138123754.0,136368626585.0,139264013.0,139448031.0,3127583.0,0.0,0.0,0.0,0.0,0.0,0.0,0.0,0.0,0.0,0.0,0.0,0.0,282.0,57.0,2.0,1.0,0.0,0.0,0.0,0.0,0.0,0.0,0.0,0.0,0.0,idle
,idle,,,,,,,,,,,,,,,,,,,,,,,,,,,,,,,,,,,,,idle
1778097152.9635773,g2.hpc.coe,41393.0,0.5001,0.0,0.0,0.0,12288.0,136138124079.0,136368626642.0,139264015.0,139448032.0,3127583.0,0.0,0.0,0.0,0.0,0.0,0.0,0.0,0.0,0.0,0.0,0.0,0.0,325.0,57.0,2.0,1.0,0.0,0.0,0.0,0.0,0.0,0.0,0.0,0.0,0.0,idle
,idle,,,,,,,,,,,,,,,,,,,,,,,,,,,,,,,,,,,,,idle
1778097153.4637036,g2.hpc.coe,41393.0,0.5001,0.0,0.0,0.0,12288.0,136138124446.0,136368626699.0,139264017.0,139448033.0,3127583.0,0.0,0.0,0.0,0.0,0.0,0.0,0.0,0.0,0.0,0.0,0.0,0.0,367.0,57.0,2.0,1.0,0.0,0.0,0.0,0.0,0.0,0.0,0.0,0.0,0.0,idle
,idle,,,,,,,,,,,,,,,,,,,,,,,,,,,,,,,,,,,,,idle
1778097153.963845,g2.hpc.coe,41393.0,0.5001,0.0,0.0,0.0,12288.0,136138124855.0,136368626756.0,139264019.0,139448034.0,3127583.0,0.0,0.0,0.0,0.0,0.0,0.0,0.0,0.0,0.0,0.0,0.0,0.0,409.0,57.0,2.0,1.0,0.0,0.0,0.0,0.0,0.0,0.0,0.0,0.0,0.0,idle
,idle,,,,,,,,,,,,,,,,,,,,,,,,,,,,,,,,,,,,,idle
1778097154.4639757,g2.hpc.coe,41393.0,0.5001,0.0,0.0,0.0,12288.0,136138125306.0,136368626813.0,139264021.0,139448035.0,3127583.0,0.0,0.0,0.0,0.0,0.0,0.0,0.0,0.0,0.0,0.0,0.0,0.0,451.0,57.0,2.0,1.0,0.0,0.0,0.0,0.0,0.0,0.0,0.0,0.0,0.0,idle
,idle,,,,,,,,,,,,,,,,,,,,,,,,,,,,,,,,,,,,,idle
1778097154.9641018,g2.hpc.coe,41393.0,0.5001,0.0,0.0,0.0,12288.0,136138125799.0,136368626870.0,139264023.0,139448036.0,3127583.0,0.0,0.0,0.0,0.0,0.0,0.0,0.0,0.0,0.0,0.0,0.0,0.0,493.0,57.0,2.0,1.0,0.0,0.0,0.0,0.0,0.0,0.0,0.0,0.0,0.0,idle
,idle,,,,,,,,,,,,,,,,,,,,,,,,,,,,,,,,,,,,,idle
1778097155.4642105,g2.hpc.coe,41393.0,0.5001,0.0,0.0,0.0,12288.0,136138126335.0,136368626927.0,139264025.0,139448037.0,3127583.0,0.0,0.0,0.0,0.0,0.0,0.0,0.0,0.0,0.0,0.0,0.0,0.0,536.0,57.0,2.0,1.0,0.0,0.0,0.0,0.0,0.0,0.0,0.0,0.0,0.0,idle
,idle,,,,,,,,,,,,,,,,,,,,,,,,,,,,,,,,,,,,,idle
1778097155.9643288,g2.hpc.coe,41393.0,0.5001,0.0,0.0,0.0,12288.0,136138126935.0,136368627006.0,139264028.0,139448039.0,3127583.0,0.0,0.0,0.0,0.0,0.0,0.0,0.0,0.0,0.0,0.0,0.0,0.0,600.0,79.0,3.0,2.0,0.0,0.0,0.0,0.0,0.0,0.0,0.0,0.0,0.0,idle
,idle,,,,,,,,,,,,,,,,,,,,,,,,,,,,,,,,,,,,,idle
1778097156.4644625,g2.hpc.coe,41393.0,0.5001,0.0,0.0,0.0,12288.0,136138127577.0,136368627085.0,139264031.0,139448041.0,3127583.0,0.0,0.0,0.0,0.0,0.0,0.0,0.0,0.0,0.0,0.0,0.0,0.0,642.0,79.0,3.0,2.0,0.0,0.0,0.0,0.0,0.0,0.0,0.0,0.0,0.0,idle
,idle,,,,,,,,,,,,,,,,,,,,,,,,,,,,,,,,,,,,,idle
1778097156.96459,g2.hpc.coe,41393.0,0.5001,0.0,0.0,0.0,12288.0,136138128338.0,136368627219.0,139264036.0,139448044.0,3127583.0,0.0,0.0,0.0,0.0,0.0,0.0,0.0,0.0,0.0,0.0,0.0,0.0,761.0,134.0,5.0,3.0,0.0,0.0,0.0,0.0,0.0,0.0,0.0,0.0,0.0,idle
,idle,,,,,,,,,,,,,,,,,,,,,,,,,,,,,,,,,,,,,idle
1778097157.4647205,g2.hpc.coe,41393.0,0.5001,0.0,0.0,0.0,12288.0,136138129064.0,136368627298.0,139264039.0,139448046.0,3127583.0,0.0,0.0,0.0,0.0,0.0,0.0,0.0,0.0,0.0,0.0,0.0,0.0,726.0,79.0,3.0,2.0,0.0,0.0,0.0,0.0,0.0,0.0,0.0,0.0,0.0,idle
,idle,,,,,,,,,,,,,,,,,,,,,,,,,,,,,,,,,,,,,idle
1778097157.9648492,g2.hpc.coe,41393.0,0.5001,0.0,0.0,0.0,12288.0,136138129833.0,136368627377.0,139264042.0,139448048.0,3127583.0,0.0,0.0,0.0,0.0,0.0,0.0,0.0,0.0,0.0,0.0,0.0,0.0,769.0,79.0,3.0,2.0,0.0,0.0,0.0,0.0,0.0,0.0,0.0,0.0,0.0,idle
,idle,,,,,,,,,,,,,,,,,,,,,,,,,,,,,,,,,,,,,idle
1778097158.4649842,g2.hpc.coe,41393.0,0.5001,0.0,0.0,0.0,12288.0,136138130644.0,136368627456.0,139264045.0,139448050.0,3127583.0,0.0,0.0,0.0,0.0,0.0,0.0,0.0,0.0,0.0,0.0,0.0,0.0,811.0,79.0,3.0,2.0,0.0,0.0,0.0,0.0,0.0,0.0,0.0,0.0,0.0,idle
,idle,,,,,,,,,,,,,,,,,,,,,,,,,,,,,,,,,,,,,idle
1778097158.9651062,g2.hpc.coe,41393.0,0.5001,0.0,0.0,0.0,12288.0,136138131497.0,136368627535.0,139264048.0,139448052.0,3127583.0,0.0,0.0,0.0,0.0,0.0,0.0,0.0,0.0,0.0,0.0,0.0,0.0,853.0,79.0,3.0,2.0,0.0,0.0,0.0,0.0,0.0,0.0,0.0,0.0,0.0,idle
,idle,,,,,,,,,,,,,,,,,,,,,,,,,,,,,,,,,,,,,idle
1778097159.4652314,g2.hpc.coe,41393.0,0.5001,0.0,0.0,0.0,12288.0,136138132649.0,136368627869.0,139264056.0,139448059.0,3127583.0,0.0,0.0,0.0,0.0,0.0,0.0,0.0,0.0,0.0,0.0,0.0,0.0,1152.0,334.0,8.0,7.0,0.0,0.0,0.0,0.0,0.0,0.0,0.0,0.0,0.0,idle
,idle,,,,,,,,,,,,,,,,,,,,,,,,,,,,,,,,,,,,,idle
1778097159.9653606,g2.hpc.coe,41393.0,0.5001,0.0,0.0,0.0,12288.0,136138133609.0,136368627948.0,139264060.0,139448061.0,3127583.0,0.0,0.0,0.0,0.0,0.0,0.0,0.0,0.0,0.0,0.0,0.0,0.0,960.0,79.0,4.0,2.0,0.0,0.0,0.0,0.0,0.0,0.0,0.0,0.0,0.0,idle
,idle,,,,,,,,,,,,,,,,,,,,,,,,,,,,,,,,,,,,,idle
1778097160.4654858,g2.hpc.coe,41393.0,0.5001,0.0,0.0,0.0,12288.0,136138134589.0,136368628027.0,139264063.0,139448063.0,3127583.0,0.0,0.0,0.0,0.0,0.0,0.0,0.0,0.0,0.0,0.0,0.0,0.0,980.0,79.0,3.0,2.0,0.0,0.0,0.0,0.0,0.0,0.0,0.0,0.0,0.0,idle
,idle,,,,,,,,,,,,,,,,,,,,,,,,,,,,,,,,,,,,,idle
1778097160.9656167,g2.hpc.coe,41393.0,0.5001,0.0,0.0,0.0,12288.0,136138135612.0,136368628106.0,139264066.0,139448065.0,3127583.0,0.0,0.0,0.0,0.0,0.0,0.0,0.0,0.0,0.0,0.0,0.0,0.0,1023.0,79.0,3.0,2.0,0.0,0.0,0.0,0.0,0.0,0.0,0.0,0.0,0.0,idle
,idle,,,,,,,,,,,,,,,,,,,,,,,,,,,,,,,,,,,,,idle
1778097161.4657483,g2.hpc.coe,41393.0,0.5001,0.0,0.0,0.0,12288.0,136138136699.0,136368628185.0,139264070.0,139448067.0,3127583.0,0.0,0.0,0.0,0.0,0.0,0.0,0.0,0.0,0.0,0.0,0.0,0.0,1087.0,79.0,4.0,2.0,0.0,0.0,0.0,0.0,0.0,0.0,0.0,0.0,0.0,idle
,idle,,,,,,,,,,,,,,,,,,,,,,,,,,,,,,,,,,,,,idle
1778097161.965846,g2.hpc.coe,41393.0,0.5001,0.0,0.0,0.0,12288.0,136138137884.0,136368628319.0,139264075.0,139448070.0,3127583.0,0.0,0.0,0.0,0.0,0.0,0.0,0.0,0.0,0.0,0.0,0.0,0.0,1185.0,134.0,5.0,3.0,0.0,0.0,0.0,0.0,0.0,0.0,0.0,0.0,0.0,idle
,idle,,,,,,,,,,,,,,,,,,,,,,,,,,,,,,,,,,,,,idle
1778097162.465971,g2.hpc.coe,41393.0,0.5001,0.0,0.0,0.0,12288.0,136138139078.0,136368628398.0,139264080.0,139448072.0,3127583.0,0.0,0.0,0.0,0.0,0.0,0.0,0.0,0.0,0.0,0.0,0.0,0.0,1194.0,79.0,5.0,2.0,0.0,0.0,0.0,0.0,0.0,0.0,0.0,0.0,0.0,idle
,idle,,,,,,,,,,,,,,,,,,,,,,,,,,,,,,,,,,,,,idle
1778097162.966081,g2.hpc.coe,41393.0,0.5001,0.0,0.0,0.0,12288.0,136138139224.0,136368628455.0,139264082.0,139448073.0,3127583.0,0.0,0.0,0.0,0.0,0.0,0.0,0.0,0.0,0.0,0.0,0.0,0.0,146.0,57.0,2.0,1.0,0.0,0.0,0.0,0.0,0.0,0.0,0.0,0.0,0.0,idle
,idle,,,,,,,,,,,,,,,,,,,,,,,,,,,,,,,,,,,,,idle
1778097163.4662068,g2.hpc.coe,41393.0,0.5001,0.0,0.0,0.0,12288.0,136138139413.0,136368628512.0,139264084.0,139448074.0,3127583.0,0.0,0.0,0.0,0.0,0.0,0.0,0.0,0.0,0.0,0.0,0.0,0.0,189.0,57.0,2.0,1.0,0.0,0.0,0.0,0.0,0.0,0.0,0.0,0.0,0.0,idle
,idle,,,,,,,,,,,,,,,,,,,,,,,,,,,,,,,,,,,,,idle
1778097163.9663298,g2.hpc.coe,41393.0,0.5001,0.0,0.0,0.0,12288.0,136138139644.0,136368628569.0,139264086.0,139448075.0,3127583.0,0.0,0.0,0.0,0.0,0.0,0.0,0.0,0.0,0.0,0.0,0.0,0.0,231.0,57.0,2.0,1.0,0.0,0.0,0.0,0.0,0.0,0.0,0.0,0.0,0.0,idle
,idle,,,,,,,,,,,,,,,,,,,,,,,,,,,,,,,,,,,,,idle
1778097164.4664488,g2.hpc.coe,41393.0,0.5001,0.0,0.0,0.0,12288.0,136138139917.0,136368628626.0,139264088.0,139448076.0,3127583.0,0.0,0.0,0.0,0.0,0.0,0.0,0.0,0.0,0.0,0.0,0.0,0.0,273.0,57.0,2.0,1.0,0.0,0.0,0.0,0.0,0.0,0.0,0.0,0.0,0.0,idle
,idle,,,,,,,,,,,,,,,,,,,,,,,,,,,,,,,,,,,,,idle
1778097164.9665782,g2.hpc.coe,41393.0,0.5001,0.0,0.0,0.0,12288.0,136138140232.0,136368628683.0,139264090.0,139448077.0,3127583.0,0.0,0.0,0.0,0.0,0.0,0.0,0.0,0.0,0.0,0.0,0.0,0.0,315.0,57.0,2.0,1.0,0.0,0.0,0.0,0.0,0.0,0.0,0.0,0.0,0.0,idle
,idle,,,,,,,,,,,,,,,,,,,,,,,,,,,,,,,,,,,,,idle
1778097165.4667077,g2.hpc.coe,41393.0,0.5001,0.0,0.0,0.0,12288.0,136138140590.0,136368628740.0,139264092.0,139448078.0,3127583.0,0.0,0.0,0.0,0.0,0.0,0.0,0.0,0.0,0.0,0.0,0.0,0.0,358.0,57.0,2.0,1.0,0.0,0.0,0.0,0.0,0.0,0.0,0.0,0.0,0.0,idle
,idle,,,,,,,,,,,,,,,,,,,,,,,,,,,,,,,,,,,,,idle
1778097165.9668276,g2.hpc.coe,41393.0,0.5001,0.0,0.0,0.0,12288.0,136138140990.0,136368628797.0,139264094.0,139448079.0,3127583.0,0.0,0.0,0.0,0.0,0.0,0.0,0.0,0.0,0.0,0.0,0.0,0.0,400.0,57.0,2.0,1.0,0.0,0.0,0.0,0.0,0.0,0.0,0.0,0.0,0.0,idle
,idle,,,,,,,,,,,,,,,,,,,,,,,,,,,,,,,,,,,,,idle
1778097166.4669576,g2.hpc.coe,41393.0,0.5001,0.0,0.0,0.0,12288.0,136138141432.0,136368628854.0,139264096.0,139448080.0,3127583.0,0.0,0.0,0.0,0.0,0.0,0.0,0.0,0.0,0.0,0.0,0.0,0.0,442.0,57.0,2.0,1.0,0.0,0.0,0.0,0.0,0.0,0.0,0.0,0.0,0.0,idle
,idle,,,,,,,,,,,,,,,,,,,,,,,,,,,,,,,,,,,,,idle
1778097166.9670868,g2.hpc.coe,41393.0,0.5001,0.0,0.0,0.0,12288.0,136138142539.0,136368629358.0,139264113.0,139448089.0,3127583.0,0.0,0.0,0.0,0.0,0.0,0.0,0.0,0.0,0.0,0.0,0.0,0.0,1107.0,504.0,17.0,9.0,0.0,0.0,0.0,0.0,0.0,0.0,0.0,0.0,0.0,idle
,idle,,,,,,,,,,,,,,,,,,,,,,,,,,,,,,,,,,,,,idle
1778097167.4672124,g2.hpc.coe,41393.0,0.5001,0.0,0.0,0.0,12288.0,136138143143.0,136368629470.0,139264117.0,139448091.0,3127583.0,0.0,0.0,0.0,0.0,0.0,0.0,0.0,0.0,0.0,0.0,0.0,0.0,604.0,112.0,4.0,2.0,0.0,0.0,0.0,0.0,0.0,0.0,0.0,0.0,0.0,idle
,idle,,,,,,,,,,,,,,,,,,,,,,,,,,,,,,,,,,,,,idle
1778097167.9672933,g2.hpc.coe,41393.0,0.5001,0.0,0.0,0.0,12288.0,136138143735.0,136368629549.0,139264120.0,139448093.0,3127583.0,0.0,0.0,0.0,0.0,0.0,0.0,0.0,0.0,0.0,0.0,0.0,0.0,592.0,79.0,3.0,2.0,0.0,0.0,0.0,0.0,0.0,0.0,0.0,0.0,0.0,idle
,idle,,,,,,,,,,,,,,,,,,,,,,,,,,,,,,,,,,,,,idle
1778097168.467415,g2.hpc.coe,41393.0,0.5001,0.0,0.0,0.0,12288.0,136138144369.0,136368629628.0,139264123.0,139448095.0,3127583.0,0.0,0.0,0.0,0.0,0.0,0.0,0.0,0.0,0.0,0.0,0.0,0.0,634.0,79.0,3.0,2.0,0.0,0.0,0.0,0.0,0.0,0.0,0.0,0.0,0.0,idle
,idle,,,,,,,,,,,,,,,,,,,,,,,,,,,,,,,,,,,,,idle
1778097168.9675202,g2.hpc.coe,41393.0,0.5001,0.0,0.0,0.0,12288.0,136138145045.0,136368629707.0,139264126.0,139448097.0,3127583.0,0.0,0.0,0.0,0.0,0.0,0.0,0.0,0.0,0.0,0.0,0.0,0.0,676.0,79.0,3.0,2.0,0.0,0.0,0.0,0.0,0.0,0.0,0.0,0.0,0.0,idle
,idle,,,,,,,,,,,,,,,,,,,,,,,,,,,,,,,,,,,,,idle
1778097169.4676456,g2.hpc.coe,41393.0,0.5001,0.0,0.0,0.0,12288.0,136138145763.0,136368629786.0,139264129.0,139448099.0,3127583.0,0.0,0.0,0.0,0.0,0.0,0.0,0.0,0.0,0.0,0.0,0.0,0.0,718.0,79.0,3.0,2.0,0.0,0.0,0.0,0.0,0.0,0.0,0.0,0.0,0.0,idle
,idle,,,,,,,,,,,,,,,,,,,,,,,,,,,,,,,,,,,,,idle
1778097169.967769,g2.hpc.coe,41393.0,0.5001,0.0,0.0,0.0,12288.0,136138146524.0,136368629865.0,139264132.0,139448101.0,3127583.0,0.0,0.0,0.0,0.0,0.0,0.0,0.0,0.0,0.0,0.0,0.0,0.0,761.0,79.0,3.0,2.0,0.0,0.0,0.0,0.0,0.0,0.0,0.0,0.0,0.0,idle
,idle,,,,,,,,,,,,,,,,,,,,,,,,,,,,,,,,,,,,,idle
1778097170.4678752,g2.hpc.coe,41393.0,0.5001,0.0,0.0,0.0,12288.0,136138147327.0,136368629944.0,139264135.0,139448103.0,3127583.0,0.0,0.0,0.0,0.0,0.0,0.0,0.0,0.0,0.0,0.0,0.0,0.0,803.0,79.0,3.0,2.0,0.0,0.0,0.0,0.0,0.0,0.0,0.0,0.0,0.0,idle
,idle,,,,,,,,,,,,,,,,,,,,,,,,,,,,,,,,,,,,,idle
1778097170.9679976,g2.hpc.coe,41393.0,0.5001,0.0,0.0,0.0,12288.0,136138148172.0,136368630023.0,139264138.0,139448105.0,3127583.0,0.0,0.0,0.0,0.0,0.0,0.0,0.0,0.0,0.0,0.0,0.0,0.0,845.0,79.0,3.0,2.0,0.0,0.0,0.0,0.0,0.0,0.0,0.0,0.0,0.0,idle
,idle,,,,,,,,,,,,,,,,,,,,,,,,,,,,,,,,,,,,,idle
1778097171.468106,g2.hpc.coe,41393.0,0.5001,0.0,0.0,0.0,12288.0,136138149059.0,136368630102.0,139264141.0,139448107.0,3127583.0,0.0,0.0,0.0,0.0,0.0,0.0,0.0,0.0,0.0,0.0,0.0,0.0,887.0,79.0,3.0,2.0,0.0,0.0,0.0,0.0,0.0,0.0,0.0,0.0,0.0,idle
,idle,,,,,,,,,,,,,,,,,,,,,,,,,,,,,,,,,,,,,idle
1778097171.9682307,g2.hpc.coe,41393.0,0.5001,0.0,0.0,0.0,12288.0,136138149988.0,136368630181.0,139264144.0,139448109.0,3127583.0,0.0,0.0,0.0,0.0,0.0,0.0,0.0,0.0,0.0,0.0,0.0,0.0,929.0,79.0,3.0,2.0,0.0,0.0,0.0,0.0,0.0,0.0,0.0,0.0,0.0,idle
,idle,,,,,,,,,,,,,,,,,,,,,,,,,,,,,,,,,,,,,idle
1778097172.4683335,g2.hpc.coe,41393.0,0.5001,0.0,0.0,0.0,12288.0,136138151036.0,136368630315.0,139264149.0,139448112.0,3127583.0,0.0,0.0,0.0,0.0,0.0,0.0,0.0,0.0,0.0,0.0,0.0,0.0,1048.0,134.0,5.0,3.0,0.0,0.0,0.0,0.0,0.0,0.0,0.0,0.0,0.0,idle
,idle,,,,,,,,,,,,,,,,,,,,,,,,,,,,,,,,,,,,,idle
1778097172.9684508,g2.hpc.coe,41393.0,0.5001,0.0,0.0,0.0,12288.0,136138152050.0,136368630394.0,139264152.0,139448114.0,3127583.0,0.0,0.0,0.0,0.0,0.0,0.0,0.0,0.0,0.0,0.0,0.0,0.0,1014.0,79.0,3.0,2.0,0.0,0.0,0.0,0.0,0.0,0.0,0.0,0.0,0.0,idle
,idle,,,,,,,,,,,,,,,,,,,,,,,,,,,,,,,,,,,,,idle
1778097173.4685614,g2.hpc.coe,41393.0,0.5001,0.0,0.0,0.0,12288.0,136138153107.0,136368630473.0,139264155.0,139448116.0,3127583.0,0.0,0.0,0.0,0.0,0.0,0.0,0.0,0.0,0.0,0.0,0.0,0.0,1057.0,79.0,3.0,2.0,0.0,0.0,0.0,0.0,0.0,0.0,0.0,0.0,0.0,idle
,idle,,,,,,,,,,,,,,,,,,,,,,,,,,,,,,,,,,,,,idle
1778097173.968691,g2.hpc.coe,41393.0,0.5001,0.0,0.0,0.0,12288.0,136138154228.0,136368630552.0,139264159.0,139448118.0,3127583.0,0.0,0.0,0.0,0.0,0.0,0.0,0.0,0.0,0.0,0.0,0.0,0.0,1121.0,79.0,4.0,2.0,0.0,0.0,0.0,0.0,0.0,0.0,0.0,0.0,0.0,idle
,idle,,,,,,,,,,,,,,,,,,,,,,,,,,,,,,,,,,,,,idle
1778097174.4688213,g2.hpc.coe,41393.0,0.5001,0.0,0.0,0.0,12288.0,136138155392.0,136368630631.0,139264163.0,139448120.0,3127583.0,0.0,0.0,0.0,0.0,0.0,0.0,0.0,0.0,0.0,0.0,0.0,0.0,1164.0,79.0,4.0,2.0,0.0,0.0,0.0,0.0,0.0,0.0,0.0,0.0,0.0,idle
,idle,,,,,,,,,,,,,,,,,,,,,,,,,,,,,,,,,,,,,idle
1778097174.9689398,g2.hpc.coe,41393.0,0.5001,0.0,0.0,0.0,12288.0,136138155530.0,136368630688.0,139264165.0,139448121.0,3127583.0,0.0,0.0,0.0,0.0,0.0,0.0,0.0,0.0,0.0,0.0,0.0,0.0,138.0,57.0,2.0,1.0,0.0,0.0,0.0,0.0,0.0,0.0,0.0,0.0,0.0,idle
,idle,,,,,,,,,,,,,,,,,,,,,,,,,,,,,,,,,,,,,idle
1778097175.4690723,g2.hpc.coe,41393.0,0.5001,0.0,0.0,0.0,12288.0,136138155710.0,136368630745.0,139264167.0,139448122.0,3127583.0,0.0,0.0,0.0,0.0,0.0,0.0,0.0,0.0,0.0,0.0,0.0,0.0,180.0,57.0,2.0,1.0,0.0,0.0,0.0,0.0,0.0,0.0,0.0,0.0,0.0,idle
,idle,,,,,,,,,,,,,,,,,,,,,,,,,,,,,,,,,,,,,idle
1778097175.9691973,g2.hpc.coe,41393.0,0.5001,0.0,0.0,0.0,12288.0,136138155933.0,136368630802.0,139264169.0,139448123.0,3127583.0,0.0,0.0,0.0,0.0,0.0,0.0,0.0,0.0,0.0,0.0,0.0,0.0,223.0,57.0,2.0,1.0,0.0,0.0,0.0,0.0,0.0,0.0,0.0,0.0,0.0,idle
,idle,,,,,,,,,,,,,,,,,,,,,,,,,,,,,,,,,,,,,idle
1778097176.4693222,g2.hpc.coe,41393.0,0.5001,0.0,0.0,0.0,12288.0,136138156198.0,136368630859.0,139264171.0,139448124.0,3127583.0,0.0,0.0,0.0,0.0,0.0,0.0,0.0,0.0,0.0,0.0,0.0,0.0,265.0,57.0,2.0,1.0,0.0,0.0,0.0,0.0,0.0,0.0,0.0,0.0,0.0,idle
,idle,,,,,,,,,,,,,,,,,,,,,,,,,,,,,,,,,,,,,idle
1778097176.9694436,g2.hpc.coe,41393.0,0.5001,0.0,0.0,0.0,12288.0,136138156505.0,136368630916.0,139264173.0,139448125.0,3127583.0,0.0,0.0,0.0,0.0,0.0,0.0,0.0,0.0,0.0,0.0,0.0,0.0,307.0,57.0,2.0,1.0,0.0,0.0,0.0,0.0,0.0,0.0,0.0,0.0,0.0,idle
,idle,,,,,,,,,,,,,,,,,,,,,,,,,,,,,,,,,,,,,idle
1778097177.469569,g2.hpc.coe,41393.0,0.5001,0.0,0.0,0.0,12288.0,136138156931.0,136368631028.0,139264177.0,139448127.0,3127583.0,0.0,0.0,0.0,0.0,0.0,0.0,0.0,0.0,0.0,0.0,0.0,0.0,426.0,112.0,4.0,2.0,0.0,0.0,0.0,0.0,0.0,0.0,0.0,0.0,0.0,idle
,idle,,,,,,,,,,,,,,,,,,,,,,,,,,,,,,,,,,,,,idle
1778097177.969699,g2.hpc.coe,41393.0,0.5001,0.0,0.0,0.0,12288.0,136138157323.0,136368631085.0,139264179.0,139448128.0,3127583.0,0.0,0.0,0.0,0.0,0.0,0.0,0.0,0.0,0.0,0.0,0.0,0.0,392.0,57.0,2.0,1.0,0.0,0.0,0.0,0.0,0.0,0.0,0.0,0.0,0.0,idle
,idle,,,,,,,,,,,,,,,,,,,,,,,,,,,,,,,,,,,,,idle
1778097178.4698265,g2.hpc.coe,41393.0,0.5001,0.0,0.0,0.0,12288.0,136138157757.0,136368631142.0,139264181.0,139448129.0,3127583.0,0.0,0.0,0.0,0.0,0.0,0.0,0.0,0.0,0.0,0.0,0.0,0.0,434.0,57.0,2.0,1.0,0.0,0.0,0.0,0.0,0.0,0.0,0.0,0.0,0.0,idle
,idle,,,,,,,,,,,,,,,,,,,,,,,,,,,,,,,,,,,,,idle
1778097178.9699366,g2.hpc.coe,41393.0,0.5001,0.0,0.0,0.0,12288.0,136138158233.0,136368631199.0,139264183.0,139448130.0,3127583.0,0.0,0.0,0.0,0.0,0.0,0.0,0.0,0.0,0.0,0.0,0.0,0.0,476.0,57.0,2.0,1.0,0.0,0.0,0.0,0.0,0.0,0.0,0.0,0.0,0.0,idle
,idle,,,,,,,,,,,,,,,,,,,,,,,,,,,,,,,,,,,,,idle
1778097179.4700463,g2.hpc.coe,41393.0,0.5001,0.0,0.0,0.0,12288.0,136138158751.0,136368631256.0,139264185.0,139448131.0,3127583.0,0.0,0.0,0.0,0.0,0.0,0.0,0.0,0.0,0.0,0.0,0.0,0.0,518.0,57.0,2.0,1.0,0.0,0.0,0.0,0.0,0.0,0.0,0.0,0.0,0.0,idle
,idle,,,,,,,,,,,,,,,,,,,,,,,,,,,,,,,,,,,,,idle
1778097179.9701731,g2.hpc.coe,41393.0,0.5001,0.0,0.0,0.0,12288.0,136138159334.0,136368631335.0,139264188.0,139448133.0,3127583.0,0.0,0.0,0.0,0.0,0.0,0.0,0.0,0.0,0.0,0.0,0.0,0.0,583.0,79.0,3.0,2.0,0.0,0.0,0.0,0.0,0.0,0.0,0.0,0.0,0.0,idle
,idle,,,,,,,,,,,,,,,,,,,,,,,,,,,,,,,,,,,,,idle
1778097180.470296,g2.hpc.coe,41393.0,0.5001,0.0,0.0,0.0,12288.0,136138159959.0,136368631414.0,139264191.0,139448135.0,3127583.0,0.0,0.0,0.0,0.0,0.0,0.0,0.0,0.0,0.0,0.0,0.0,0.0,625.0,79.0,3.0,2.0,0.0,0.0,0.0,0.0,0.0,0.0,0.0,0.0,0.0,idle
,idle,,,,,,,,,,,,,,,,,,,,,,,,,,,,,,,,,,,,,idle
1778097180.9704227,g2.hpc.coe,41393.0,0.5001,0.0,0.0,0.0,12288.0,136138160626.0,136368631493.0,139264194.0,139448137.0,3127583.0,0.0,0.0,0.0,0.0,0.0,0.0,0.0,0.0,0.0,0.0,0.0,0.0,667.0,79.0,3.0,2.0,0.0,0.0,0.0,0.0,0.0,0.0,0.0,0.0,0.0,idle
,idle,,,,,,,,,,,,,,,,,,,,,,,,,,,,,,,,,,,,,idle
1778097181.4705446,g2.hpc.coe,41393.0,0.5001,0.0,0.0,0.0,12288.0,136138161335.0,136368631572.0,139264197.0,139448139.0,3127583.0,0.0,0.0,0.0,0.0,0.0,0.0,0.0,0.0,0.0,0.0,0.0,0.0,709.0,79.0,3.0,2.0,0.0,0.0,0.0,0.0,0.0,0.0,0.0,0.0,0.0,idle
,idle,,,,,,,,,,,,,,,,,,,,,,,,,,,,,,,,,,,,,idle
1778097181.9706712,g2.hpc.coe,41393.0,0.5001,0.0,0.0,0.0,12288.0,136138162710.0,136368632098.0,139264215.0,139448149.0,3127583.0,0.0,0.0,0.0,0.0,0.0,0.0,0.0,0.0,0.0,0.0,0.0,0.0,1375.0,526.0,18.0,10.0,0.0,0.0,0.0,0.0,0.0,0.0,0.0,0.0,0.0,idle
,idle,,,,,,,,,,,,,,,,,,,,,,,,,,,,,,,,,,,,,idle
1778097182.4708126,g2.hpc.coe,41393.0,0.5001,0.0,0.0,0.0,12288.0,136138163582.0,136368632232.0,139264220.0,139448152.0,3127583.0,0.0,0.0,0.0,0.0,0.0,0.0,0.0,0.0,0.0,0.0,0.0,0.0,872.0,134.0,5.0,3.0,0.0,0.0,0.0,0.0,0.0,0.0,0.0,0.0,0.0,idle
,idle,,,,,,,,,,,,,,,,,,,,,,,,,,,,,,,,,,,,,idle
1778097182.9709344,g2.hpc.coe,41393.0,0.5001,0.0,0.0,0.0,12288.0,136138164419.0,136368632311.0,139264223.0,139448154.0,3127583.0,0.0,0.0,0.0,0.0,0.0,0.0,0.0,0.0,0.0,0.0,0.0,0.0,837.0,79.0,3.0,2.0,0.0,0.0,0.0,0.0,0.0,0.0,0.0,0.0,0.0,idle
,idle,,,,,,,,,,,,,,,,,,,,,,,,,,,,,,,,,,,,,idle
1778097183.471068,g2.hpc.coe,41393.0,0.5001,0.0,0.0,0.0,12288.0,136138165299.0,136368632390.0,139264226.0,139448156.0,3127583.0,0.0,0.0,0.0,0.0,0.0,0.0,0.0,0.0,0.0,0.0,0.0,0.0,880.0,79.0,3.0,2.0,0.0,0.0,0.0,0.0,0.0,0.0,0.0,0.0,0.0,idle
,idle,,,,,,,,,,,,,,,,,,,,,,,,,,,,,,,,,,,,,idle
1778097183.9711883,g2.hpc.coe,41393.0,0.5001,0.0,0.0,0.0,12288.0,136138166221.0,136368632469.0,139264229.0,139448158.0,3127583.0,0.0,0.0,0.0,0.0,0.0,0.0,0.0,0.0,0.0,0.0,0.0,0.0,922.0,79.0,3.0,2.0,0.0,0.0,0.0,0.0,0.0,0.0,0.0,0.0,0.0,idle
,idle,,,,,,,,,,,,,,,,,,,,,,,,,,,,,,,,,,,,,idle
1778097184.471308,g2.hpc.coe,41393.0,0.5001,0.0,0.0,0.0,12288.0,136138167185.0,136368632548.0,139264232.0,139448160.0,3127583.0,0.0,0.0,0.0,0.0,0.0,0.0,0.0,0.0,0.0,0.0,0.0,0.0,964.0,79.0,3.0,2.0,0.0,0.0,0.0,0.0,0.0,0.0,0.0,0.0,0.0,idle
,idle,,,,,,,,,,,,,,,,,,,,,,,,,,,,,,,,,,,,,idle
1778097184.971413,g2.hpc.coe,41393.0,0.5001,0.0,0.0,0.0,12288.0,136138168191.0,136368632627.0,139264235.0,139448162.0,3127583.0,0.0,0.0,0.0,0.0,0.0,0.0,0.0,0.0,0.0,0.0,0.0,0.0,1006.0,79.0,3.0,2.0,0.0,0.0,0.0,0.0,0.0,0.0,0.0,0.0,0.0,idle
,idle,,,,,,,,,,,,,,,,,,,,,,,,,,,,,,,,,,,,,idle
1778097185.471541,g2.hpc.coe,41393.0,0.5001,0.0,0.0,0.0,12288.0,136138169239.0,136368632706.0,139264238.0,139448164.0,3127583.0,0.0,0.0,0.0,0.0,0.0,0.0,0.0,0.0,0.0,0.0,0.0,0.0,1048.0,79.0,3.0,2.0,0.0,0.0,0.0,0.0,0.0,0.0,0.0,0.0,0.0,idle
,idle,,,,,,,,,,,,,,,,,,,,,,,,,,,,,,,,,,,,,idle
1778097185.9716685,g2.hpc.coe,41393.0,0.5001,0.0,0.0,0.0,12288.0,136138170352.0,136368632785.0,139264242.0,139448166.0,3127583.0,0.0,0.0,0.0,0.0,0.0,0.0,0.0,0.0,0.0,0.0,0.0,0.0,1113.0,79.0,4.0,2.0,0.0,0.0,0.0,0.0,0.0,0.0,0.0,0.0,0.0,idle
,idle,,,,,,,,,,,,,,,,,,,,,,,,,,,,,,,,,,,,,idle
1778097186.4718113,g2.hpc.coe,41393.0,0.5001,0.0,0.0,0.0,12288.0,136138171507.0,136368632864.0,139264246.0,139448168.0,3127583.0,0.0,0.0,0.0,0.0,0.0,0.0,0.0,0.0,0.0,0.0,0.0,0.0,1155.0,79.0,4.0,2.0,0.0,0.0,0.0,0.0,0.0,0.0,0.0,0.0,0.0,idle
,idle,,,,,,,,,,,,,,,,,,,,,,,,,,,,,,,,,,,,,idle
1778097186.9719365,g2.hpc.coe,41393.0,0.5001,0.0,0.0,0.0,12288.0,136138171637.0,136368632921.0,139264248.0,139448169.0,3127583.0,0.0,0.0,0.0,0.0,0.0,0.0,0.0,0.0,0.0,0.0,0.0,0.0,130.0,57.0,2.0,1.0,0.0,0.0,0.0,0.0,0.0,0.0,0.0,0.0,0.0,idle
,idle,,,,,,,,,,,,,,,,,,,,,,,,,,,,,,,,,,,,,idle
1778097187.472072,g2.hpc.coe,41393.0,0.5001,0.0,0.0,0.0,12288.0,136138171809.0,136368632978.0,139264250.0,139448170.0,3127583.0,0.0,0.0,0.0,0.0,0.0,0.0,0.0,0.0,0.0,0.0,0.0,0.0,172.0,57.0,2.0,1.0,0.0,0.0,0.0,0.0,0.0,0.0,0.0,0.0,0.0,idle
,idle,,,,,,,,,,,,,,,,,,,,,,,,,,,,,,,,,,,,,idle
1778097187.972203,g2.hpc.coe,41393.0,0.5001,0.0,0.0,0.0,12288.0,136138172100.0,136368633090.0,139264254.0,139448172.0,3127583.0,0.0,0.0,0.0,0.0,0.0,0.0,0.0,0.0,0.0,0.0,0.0,0.0,291.0,112.0,4.0,2.0,0.0,0.0,0.0,0.0,0.0,0.0,0.0,0.0,0.0,idle
,idle,,,,,,,,,,,,,,,,,,,,,,,,,,,,,,,,,,,,,idle
1778097188.47231,g2.hpc.coe,41393.0,0.5001,0.0,0.0,0.0,12288.0,136138172356.0,136368633147.0,139264256.0,139448173.0,3127583.0,0.0,0.0,0.0,0.0,0.0,0.0,0.0,0.0,0.0,0.0,0.0,0.0,256.0,57.0,2.0,1.0,0.0,0.0,0.0,0.0,0.0,0.0,0.0,0.0,0.0,idle
,idle,,,,,,,,,,,,,,,,,,,,,,,,,,,,,,,,,,,,,idle
1778097188.972424,g2.hpc.coe,41393.0,0.5001,0.0,0.0,0.0,12288.0,136138172654.0,136368633204.0,139264258.0,139448174.0,3127583.0,0.0,0.0,0.0,0.0,0.0,0.0,0.0,0.0,0.0,0.0,0.0,0.0,298.0,57.0,2.0,1.0,0.0,0.0,0.0,0.0,0.0,0.0,0.0,0.0,0.0,idle
,idle,,,,,,,,,,,,,,,,,,,,,,,,,,,,,,,,,,,,,idle
1778097189.4725535,g2.hpc.coe,41393.0,0.5001,0.0,0.0,0.0,12288.0,136138172994.0,136368633261.0,139264260.0,139448175.0,3127583.0,0.0,0.0,0.0,0.0,0.0,0.0,0.0,0.0,0.0,0.0,0.0,0.0,340.0,57.0,2.0,1.0,0.0,0.0,0.0,0.0,0.0,0.0,0.0,0.0,0.0,idle
,idle,,,,,,,,,,,,,,,,,,,,,,,,,,,,,,,,,,,,,idle
1778097189.9726777,g2.hpc.coe,41393.0,0.5001,0.0,0.0,0.0,12288.0,136138173376.0,136368633318.0,139264262.0,139448176.0,3127583.0,0.0,0.0,0.0,0.0,0.0,0.0,0.0,0.0,0.0,0.0,0.0,0.0,382.0,57.0,2.0,1.0,0.0,0.0,0.0,0.0,0.0,0.0,0.0,0.0,0.0,idle
,idle,,,,,,,,,,,,,,,,,,,,,,,,,,,,,,,,,,,,,idle
1778097190.4728117,g2.hpc.coe,41393.0,0.5001,0.0,0.0,0.0,12288.0,136138173801.0,136368633375.0,139264264.0,139448177.0,3127583.0,0.0,0.0,0.0,0.0,0.0,0.0,0.0,0.0,0.0,0.0,0.0,0.0,425.0,57.0,2.0,1.0,0.0,0.0,0.0,0.0,0.0,0.0,0.0,0.0,0.0,idle
,idle,,,,,,,,,,,,,,,,,,,,,,,,,,,,,,,,,,,,,idle
1778097190.972945,g2.hpc.coe,41393.0,0.5001,0.0,0.0,0.0,12288.0,136138174268.0,136368633432.0,139264266.0,139448178.0,3127583.0,0.0,0.0,0.0,0.0,0.0,0.0,0.0,0.0,0.0,0.0,0.0,0.0,467.0,57.0,2.0,1.0,0.0,0.0,0.0,0.0,0.0,0.0,0.0,0.0,0.0,idle
,idle,,,,,,,,,,,,,,,,,,,,,,,,,,,,,,,,,,,,,idle
1778097191.4730723,g2.hpc.coe,41393.0,0.5001,0.0,0.0,0.0,12288.0,136138174777.0,136368633489.0,139264268.0,139448179.0,3127583.0,0.0,0.0,0.0,0.0,0.0,0.0,0.0,0.0,0.0,0.0,0.0,0.0,509.0,57.0,2.0,1.0,0.0,0.0,0.0,0.0,0.0,0.0,0.0,0.0,0.0,idle
,idle,,,,,,,,,,,,,,,,,,,,,,,,,,,,,,,,,,,,,idle
1778097191.9731977,g2.hpc.coe,41393.0,0.5001,0.0,0.0,0.0,12288.0,136138175350.0,136368633568.0,139264271.0,139448181.0,3127583.0,0.0,0.0,0.0,0.0,0.0,0.0,0.0,0.0,0.0,0.0,0.0,0.0,573.0,79.0,3.0,2.0,0.0,0.0,0.0,0.0,0.0,0.0,0.0,0.0,0.0,idle
,idle,,,,,,,,,,,,,,,,,,,,,,,,,,,,,,,,,,,,,idle
1778097192.4733238,g2.hpc.coe,41393.0,0.5001,0.0,0.0,0.0,12288.0,136138175965.0,136368633647.0,139264274.0,139448183.0,3127583.0,0.0,0.0,0.0,0.0,0.0,0.0,0.0,0.0,0.0,0.0,0.0,0.0,615.0,79.0,3.0,2.0,0.0,0.0,0.0,0.0,0.0,0.0,0.0,0.0,0.0,idle
,idle,,,,,,,,,,,,,,,,,,,,,,,,,,,,,,,,,,,,,idle
1778097192.9734538,g2.hpc.coe,41393.0,0.5001,0.0,0.0,0.0,12288.0,136138176700.0,136368633781.0,139264279.0,139448186.0,3127583.0,0.0,0.0,0.0,0.0,0.0,0.0,0.0,0.0,0.0,0.0,0.0,0.0,735.0,134.0,5.0,3.0,0.0,0.0,0.0,0.0,0.0,0.0,0.0,0.0,0.0,idle
,idle,,,,,,,,,,,,,,,,,,,,,,,,,,,,,,,,,,,,,idle
1778097193.4735746,g2.hpc.coe,41393.0,0.5001,0.0,0.0,0.0,12288.0,136138177400.0,136368633860.0,139264282.0,139448188.0,3127583.0,0.0,0.0,0.0,0.0,0.0,0.0,0.0,0.0,0.0,0.0,0.0,0.0,700.0,79.0,3.0,2.0,0.0,0.0,0.0,0.0,0.0,0.0,0.0,0.0,0.0,idle
,idle,,,,,,,,,,,,,,,,,,,,,,,,,,,,,,,,,,,,,idle
1778097193.9737053,g2.hpc.coe,41393.0,0.5001,0.0,0.0,0.0,12288.0,136138178142.0,136368633939.0,139264285.0,139448190.0,3127583.0,0.0,0.0,0.0,0.0,0.0,0.0,0.0,0.0,0.0,0.0,0.0,0.0,742.0,79.0,3.0,2.0,0.0,0.0,0.0,0.0,0.0,0.0,0.0,0.0,0.0,idle
,idle,,,,,,,,,,,,,,,,,,,,,,,,,,,,,,,,,,,,,idle
1778097194.4738195,g2.hpc.coe,41393.0,0.5001,0.0,0.0,0.0,12288.0,136138178927.0,136368634018.0,139264288.0,139448192.0,3127583.0,0.0,0.0,0.0,0.0,0.0,0.0,0.0,0.0,0.0,0.0,0.0,0.0,785.0,79.0,3.0,2.0,0.0,0.0,0.0,0.0,0.0,0.0,0.0,0.0,0.0,idle
,idle,,,,,,,,,,,,,,,,,,,,,,,,,,,,,,,,,,,,,idle
1778097194.973949,g2.hpc.coe,41393.0,0.5001,0.0,0.0,0.0,12288.0,136138179754.0,136368634097.0,139264291.0,139448194.0,3127583.0,0.0,0.0,0.0,0.0,0.0,0.0,0.0,0.0,0.0,0.0,0.0,0.0,827.0,79.0,3.0,2.0,0.0,0.0,0.0,0.0,0.0,0.0,0.0,0.0,0.0,idle
,idle,,,,,,,,,,,,,,,,,,,,,,,,,,,,,,,,,,,,,idle
1778097195.4740531,g2.hpc.coe,41393.0,0.5001,0.0,0.0,0.0,12288.0,136138180623.0,136368634176.0,139264294.0,139448196.0,3127583.0,0.0,0.0,0.0,0.0,0.0,0.0,0.0,0.0,0.0,0.0,0.0,0.0,869.0,79.0,3.0,2.0,0.0,0.0,0.0,0.0,0.0,0.0,0.0,0.0,0.0,idle
,idle,,,,,,,,,,,,,,,,,,,,,,,,,,,,,,,,,,,,,idle
1778097195.9741805,g2.hpc.coe,41393.0,0.5001,0.0,0.0,0.0,12288.0,136138181534.0,136368634255.0,139264297.0,139448198.0,3127583.0,0.0,0.0,0.0,0.0,0.0,0.0,0.0,0.0,0.0,0.0,0.0,0.0,911.0,79.0,3.0,2.0,0.0,0.0,0.0,0.0,0.0,0.0,0.0,0.0,0.0,idle
,idle,,,,,,,,,,,,,,,,,,,,,,,,,,,,,,,,,,,,,idle
1778097196.474313,g2.hpc.coe,41393.0,0.5001,0.0,0.0,0.0,12288.0,136138182487.0,136368634334.0,139264300.0,139448200.0,3127583.0,0.0,0.0,0.0,0.0,0.0,0.0,0.0,0.0,0.0,0.0,0.0,0.0,953.0,79.0,3.0,2.0,0.0,0.0,0.0,0.0,0.0,0.0,0.0,0.0,0.0,idle
,idle,,,,,,,,,,,,,,,,,,,,,,,,,,,,,,,,,,,,,idle
1778097196.97444,g2.hpc.coe,41393.0,0.5001,0.0,0.0,0.0,12288.0,136138184105.0,136368634860.0,139264318.0,139448210.0,3127583.0,0.0,0.0,0.0,0.0,0.0,0.0,0.0,0.0,0.0,0.0,0.0,0.0,1618.0,526.0,18.0,10.0,0.0,0.0,0.0,0.0,0.0,0.0,0.0,0.0,0.0,idle
,idle,,,,,,,,,,,,,,,,,,,,,,,,,,,,,,,,,,,,,idle
1778097197.4745734,g2.hpc.coe,41393.0,0.5001,0.0,0.0,0.0,12288.0,136138185144.0,136368634939.0,139264321.0,139448212.0,3127583.0,0.0,0.0,0.0,0.0,0.0,0.0,0.0,0.0,0.0,0.0,0.0,0.0,1039.0,79.0,3.0,2.0,0.0,0.0,0.0,0.0,0.0,0.0,0.0,0.0,0.0,idle
,idle,,,,,,,,,,,,,,,,,,,,,,,,,,,,,,,,,,,,,idle
1778097197.9747033,g2.hpc.coe,41393.0,0.5001,0.0,0.0,0.0,12288.0,136138186324.0,136368635073.0,139264327.0,139448215.0,3127583.0,0.0,0.0,0.0,0.0,0.0,0.0,0.0,0.0,0.0,0.0,0.0,0.0,1180.0,134.0,6.0,3.0,0.0,0.0,0.0,0.0,0.0,0.0,0.0,0.0,0.0,idle
,idle,,,,,,,,,,,,,,,,,,,,,,,,,,,,,,,,,,,,,idle
1778097198.4748354,g2.hpc.coe,41393.0,0.5001,0.0,0.0,0.0,12288.0,136138187470.0,136368635152.0,139264331.0,139448217.0,3127583.0,0.0,0.0,0.0,0.0,0.0,0.0,0.0,0.0,0.0,0.0,0.0,0.0,1146.0,79.0,4.0,2.0,0.0,0.0,0.0,0.0,0.0,0.0,0.0,0.0,0.0,idle
,idle,,,,,,,,,,,,,,,,,,,,,,,,,,,,,,,,,,,,,idle
1778097198.9749742,g2.hpc.coe,41393.0,0.5001,0.0,0.0,0.0,12288.0,136138188658.0,136368635231.0,139264335.0,139448219.0,3127583.0,0.0,0.0,0.0,0.0,0.0,0.0,0.0,0.0,0.0,0.0,0.0,0.0,1188.0,79.0,4.0,2.0,0.0,0.0,0.0,0.0,0.0,0.0,0.0,0.0,0.0,idle
,idle,,,,,,,,,,,,,,,,,,,,,,,,,,,,,,,,,,,,,idle
1778097199.475103,g2.hpc.coe,41393.0,0.5001,0.0,0.0,0.0,12288.0,136138188821.0,136368635288.0,139264337.0,139448220.0,3127583.0,0.0,0.0,0.0,0.0,0.0,0.0,0.0,0.0,0.0,0.0,0.0,0.0,163.0,57.0,2.0,1.0,0.0,0.0,0.0,0.0,0.0,0.0,0.0,0.0,0.0,idle
,idle,,,,,,,,,,,,,,,,,,,,,,,,,,,,,,,,,,,,,idle
1778097199.9752326,g2.hpc.coe,41393.0,0.5001,0.0,0.0,0.0,12288.0,136138189026.0,136368635345.0,139264339.0,139448221.0,3127583.0,0.0,0.0,0.0,0.0,0.0,0.0,0.0,0.0,0.0,0.0,0.0,0.0,205.0,57.0,2.0,1.0,0.0,0.0,0.0,0.0,0.0,0.0,0.0,0.0,0.0,idle
,idle,,,,,,,,,,,,,,,,,,,,,,,,,,,,,,,,,,,,,idle
1778097200.475367,g2.hpc.coe,41393.0,0.5001,0.0,0.0,0.0,12288.0,136138189273.0,136368635402.0,139264341.0,139448222.0,3127583.0,0.0,0.0,0.0,0.0,0.0,0.0,0.0,0.0,0.0,0.0,0.0,0.0,247.0,57.0,2.0,1.0,0.0,0.0,0.0,0.0,0.0,0.0,0.0,0.0,0.0,idle
,idle,,,,,,,,,,,,,,,,,,,,,,,,,,,,,,,,,,,,,idle
1778097200.9754903,g2.hpc.coe,41393.0,0.5001,0.0,0.0,0.0,12288.0,136138189562.0,136368635459.0,139264343.0,139448223.0,3127583.0,0.0,0.0,0.0,0.0,0.0,0.0,0.0,0.0,0.0,0.0,0.0,0.0,289.0,57.0,2.0,1.0,0.0,0.0,0.0,0.0,0.0,0.0,0.0,0.0,0.0,idle
,idle,,,,,,,,,,,,,,,,,,,,,,,,,,,,,,,,,,,,,idle
1778097201.4756014,g2.hpc.coe,41393.0,0.5001,0.0,0.0,0.0,12288.0,136138189894.0,136368635516.0,139264345.0,139448224.0,3127583.0,0.0,0.0,0.0,0.0,0.0,0.0,0.0,0.0,0.0,0.0,0.0,0.0,332.0,57.0,2.0,1.0,0.0,0.0,0.0,0.0,0.0,0.0,0.0,0.0,0.0,idle
,idle,,,,,,,,,,,,,,,,,,,,,,,,,,,,,,,,,,,,,idle
1778097201.9757252,g2.hpc.coe,41393.0,0.5001,0.0,0.0,0.0,12288.0,136138190268.0,136368635573.0,139264347.0,139448225.0,3127583.0,0.0,0.0,0.0,0.0,0.0,0.0,0.0,0.0,0.0,0.0,0.0,0.0,374.0,57.0,2.0,1.0,0.0,0.0,0.0,0.0,0.0,0.0,0.0,0.0,0.0,idle
,idle,,,,,,,,,,,,,,,,,,,,,,,,,,,,,,,,,,,,,idle
1778097202.4758844,g2.hpc.coe,41393.0,0.5002,0.0,0.0,0.0,12288.0,136138190684.0,136368635630.0,139264349.0,139448226.0,3127583.0,0.0,0.0,0.0,0.0,0.0,0.0,0.0,0.0,0.0,0.0,0.0,0.0,416.0,57.0,2.0,1.0,0.0,0.0,0.0,0.0,0.0,0.0,0.0,0.0,0.0,idle
,idle,,,,,,,,,,,,,,,,,,,,,,,,,,,,,,,,,,,,,idle
1778097202.976014,g2.hpc.coe,41393.0,0.5001,0.0,0.0,0.0,12288.0,136138191219.0,136368635742.0,139264353.0,139448228.0,3127583.0,0.0,0.0,0.0,0.0,0.0,0.0,0.0,0.0,0.0,0.0,0.0,0.0,535.0,112.0,4.0,2.0,0.0,0.0,0.0,0.0,0.0,0.0,0.0,0.0,0.0,idle
,idle,,,,,,,,,,,,,,,,,,,,,,,,,,,,,,,,,,,,,idle
1778097203.4761412,g2.hpc.coe,41393.0,0.5001,0.0,0.0,0.0,12288.0,136138191720.0,136368635799.0,139264355.0,139448229.0,3127583.0,0.0,0.0,0.0,0.0,0.0,0.0,0.0,0.0,0.0,0.0,0.0,0.0,501.0,57.0,2.0,1.0,0.0,0.0,0.0,0.0,0.0,0.0,0.0,0.0,0.0,idle
,idle,,,,,,,,,,,,,,,,,,,,,,,,,,,,,,,,,,,,,idle
1778097203.9762485,g2.hpc.coe,41393.0,0.5001,0.0,0.0,0.0,12288.0,136138192285.0,136368635878.0,139264358.0,139448231.0,3127583.0,0.0,0.0,0.0,0.0,0.0,0.0,0.0,0.0,0.0,0.0,0.0,0.0,565.0,79.0,3.0,2.0,0.0,0.0,0.0,0.0,0.0,0.0,0.0,0.0,0.0,idle
,idle,,,,,,,,,,,,,,,,,,,,,,,,,,,,,,,,,,,,,idle
1778097204.4763749,g2.hpc.coe,41393.0,0.5001,0.0,0.0,0.0,12288.0,136138192892.0,136368635957.0,139264361.0,139448233.0,3127583.0,0.0,0.0,0.0,0.0,0.0,0.0,0.0,0.0,0.0,0.0,0.0,0.0,607.0,79.0,3.0,2.0,0.0,0.0,0.0,0.0,0.0,0.0,0.0,0.0,0.0,idle
,idle,,,,,,,,,,,,,,,,,,,,,,,,,,,,,,,,,,,,,idle
1778097204.976485,g2.hpc.coe,41393.0,0.5001,0.0,0.0,0.0,12288.0,136138193541.0,136368636036.0,139264364.0,139448235.0,3127583.0,0.0,0.0,0.0,0.0,0.0,0.0,0.0,0.0,0.0,0.0,0.0,0.0,649.0,79.0,3.0,2.0,0.0,0.0,0.0,0.0,0.0,0.0,0.0,0.0,0.0,idle
,idle,,,,,,,,,,,,,,,,,,,,,,,,,,,,,,,,,,,,,idle
1778097205.47661,g2.hpc.coe,41393.0,0.5001,0.0,0.0,0.0,12288.0,136138194232.0,136368636115.0,139264367.0,139448237.0,3127583.0,0.0,0.0,0.0,0.0,0.0,0.0,0.0,0.0,0.0,0.0,0.0,0.0,691.0,79.0,3.0,2.0,0.0,0.0,0.0,0.0,0.0,0.0,0.0,0.0,0.0,idle
,idle,,,,,,,,,,,,,,,,,,,,,,,,,,,,,,,,,,,,,idle
1778097205.9767332,g2.hpc.coe,41393.0,0.5001,0.0,0.0,0.0,12288.0,136138194965.0,136368636194.0,139264370.0,139448239.0,3127583.0,0.0,0.0,0.0,0.0,0.0,0.0,0.0,0.0,0.0,0.0,0.0,0.0,733.0,79.0,3.0,2.0,0.0,0.0,0.0,0.0,0.0,0.0,0.0,0.0,0.0,idle
,idle,,,,,,,,,,,,,,,,,,,,,,,,,,,,,,,,,,,,,idle
1778097206.4768796,g2.hpc.coe,41393.0,0.5001,0.0,0.0,0.0,12288.0,136138195740.0,136368636273.0,139264373.0,139448241.0,3127583.0,0.0,0.0,0.0,0.0,0.0,0.0,0.0,0.0,0.0,0.0,0.0,0.0,775.0,79.0,3.0,2.0,0.0,0.0,0.0,0.0,0.0,0.0,0.0,0.0,0.0,idle
,idle,,,,,,,,,,,,,,,,,,,,,,,,,,,,,,,,,,,,,idle
1778097206.977002,g2.hpc.coe,41393.0,0.5001,0.0,0.0,0.0,12288.0,136138196558.0,136368636352.0,139264376.0,139448243.0,3127583.0,0.0,0.0,0.0,0.0,0.0,0.0,0.0,0.0,0.0,0.0,0.0,0.0,818.0,79.0,3.0,2.0,0.0,0.0,0.0,0.0,0.0,0.0,0.0,0.0,0.0,idle
,idle,,,,,,,,,,,,,,,,,,,,,,,,,,,,,,,,,,,,,idle
1778097207.4771056,g2.hpc.coe,41393.0,0.5001,0.0,0.0,0.0,12288.0,136138197418.0,136368636431.0,139264379.0,139448245.0,3127583.0,0.0,0.0,0.0,0.0,0.0,0.0,0.0,0.0,0.0,0.0,0.0,0.0,860.0,79.0,3.0,2.0,0.0,0.0,0.0,0.0,0.0,0.0,0.0,0.0,0.0,idle
,idle,,,,,,,,,,,,,,,,,,,,,,,,,,,,,,,,,,,,,idle
1778097207.9772294,g2.hpc.coe,41393.0,0.5001,0.0,0.0,0.0,12288.0,136138198320.0,136368636510.0,139264382.0,139448247.0,3127583.0,0.0,0.0,0.0,0.0,0.0,0.0,0.0,0.0,0.0,0.0,0.0,0.0,902.0,79.0,3.0,2.0,0.0,0.0,0.0,0.0,0.0,0.0,0.0,0.0,0.0,idle
,idle,,,,,,,,,,,,,,,,,,,,,,,,,,,,,,,,,,,,,idle
1778097208.477342,g2.hpc.coe,41393.0,0.5001,0.0,0.0,0.0,12288.0,136138199341.0,136368636644.0,139264387.0,139448250.0,3127583.0,0.0,0.0,0.0,0.0,0.0,0.0,0.0,0.0,0.0,0.0,0.0,0.0,1021.0,134.0,5.0,3.0,0.0,0.0,0.0,0.0,0.0,0.0,0.0,0.0,0.0,idle
,idle,,,,,,,,,,,,,,,,,,,,,,,,,,,,,,,,,,,,,idle
1778097208.9774723,g2.hpc.coe,41393.0,0.5001,0.0,0.0,0.0,12288.0,136138200328.0,136368636723.0,139264390.0,139448252.0,3127583.0,0.0,0.0,0.0,0.0,0.0,0.0,0.0,0.0,0.0,0.0,0.0,0.0,987.0,79.0,3.0,2.0,0.0,0.0,0.0,0.0,0.0,0.0,0.0,0.0,0.0,idle
,idle,,,,,,,,,,,,,,,,,,,,,,,,,,,,,,,,,,,,,idle
1778097209.477604,g2.hpc.coe,41393.0,0.5001,0.0,0.0,0.0,12288.0,136138201357.0,136368636802.0,139264393.0,139448254.0,3127583.0,0.0,0.0,0.0,0.0,0.0,0.0,0.0,0.0,0.0,0.0,0.0,0.0,1029.0,79.0,3.0,2.0,0.0,0.0,0.0,0.0,0.0,0.0,0.0,0.0,0.0,idle
,idle,,,,,,,,,,,,,,,,,,,,,,,,,,,,,,,,,,,,,idle
1778097209.977734,g2.hpc.coe,41393.0,0.5001,0.0,0.0,0.0,12288.0,136138202450.0,136368636881.0,139264397.0,139448256.0,3127583.0,0.0,0.0,0.0,0.0,0.0,0.0,0.0,0.0,0.0,0.0,0.0,0.0,1093.0,79.0,4.0,2.0,0.0,0.0,0.0,0.0,0.0,0.0,0.0,0.0,0.0,idle
,idle,,,,,,,,,,,,,,,,,,,,,,,,,,,,,,,,,,,,,idle
1778097210.4778824,g2.hpc.coe,41393.0,0.5001,0.0,0.0,0.0,12288.0,136138203586.0,136368636960.0,139264401.0,139448258.0,3127583.0,0.0,0.0,0.0,0.0,0.0,0.0,0.0,0.0,0.0,0.0,0.0,0.0,1136.0,79.0,4.0,2.0,0.0,0.0,0.0,0.0,0.0,0.0,0.0,0.0,0.0,idle
,idle,,,,,,,,,,,,,,,,,,,,,,,,,,,,,,,,,,,,,idle
1778097210.97802,g2.hpc.coe,41393.0,0.5001,0.0,0.0,0.0,12288.0,136138204764.0,136368637039.0,139264405.0,139448260.0,3127583.0,0.0,0.0,0.0,0.0,0.0,0.0,0.0,0.0,0.0,0.0,0.0,0.0,1178.0,79.0,4.0,2.0,0.0,0.0,0.0,0.0,0.0,0.0,0.0,0.0,0.0,idle
,idle,,,,,,,,,,,,,,,,,,,,,,,,,,,,,,,,,,,,,idle
1778097211.4781432,g2.hpc.coe,41393.0,0.5001,0.0,0.0,0.0,12288.0,136138204916.0,136368637096.0,139264407.0,139448261.0,3127583.0,0.0,0.0,0.0,0.0,0.0,0.0,0.0,0.0,0.0,0.0,0.0,0.0,152.0,57.0,2.0,1.0,0.0,0.0,0.0,0.0,0.0,0.0,0.0,0.0,0.0,idle
,idle,,,,,,,,,,,,,,,,,,,,,,,,,,,,,,,,,,,,,idle
1778097211.9782531,g2.hpc.coe,41393.0,0.5001,0.0,0.0,0.0,12288.0,136138205733.0,136368637600.0,139264424.0,139448270.0,3127583.0,0.0,0.0,0.0,0.0,0.0,0.0,0.0,0.0,0.0,0.0,0.0,0.0,817.0,504.0,17.0,9.0,0.0,0.0,0.0,0.0,0.0,0.0,0.0,0.0,0.0,idle
,idle,,,,,,,,,,,,,,,,,,,,,,,,,,,,,,,,,,,,,idle
1778097212.4783776,g2.hpc.coe,41393.0,0.5001,0.0,0.0,0.0,12288.0,136138205970.0,136368637657.0,139264426.0,139448271.0,3127583.0,0.0,0.0,0.0,0.0,0.0,0.0,0.0,0.0,0.0,0.0,0.0,0.0,237.0,57.0,2.0,1.0,0.0,0.0,0.0,0.0,0.0,0.0,0.0,0.0,0.0,idle
,idle,,,,,,,,,,,,,,,,,,,,,,,,,,,,,,,,,,,,,idle
1778097212.978489,g2.hpc.coe,41393.0,0.5001,0.0,0.0,0.0,12288.0,136138206249.0,136368637714.0,139264428.0,139448272.0,3127583.0,0.0,0.0,0.0,0.0,0.0,0.0,0.0,0.0,0.0,0.0,0.0,0.0,279.0,57.0,2.0,1.0,0.0,0.0,0.0,0.0,0.0,0.0,0.0,0.0,0.0,idle
,idle,,,,,,,,,,,,,,,,,,,,,,,,,,,,,,,,,,,,,idle
1778097213.478621,g2.hpc.coe,41393.0,0.5001,0.0,0.0,0.0,12288.0,136138206647.0,136368637826.0,139264432.0,139448274.0,3127583.0,0.0,0.0,0.0,0.0,0.0,0.0,0.0,0.0,0.0,0.0,0.0,0.0,398.0,112.0,4.0,2.0,0.0,0.0,0.0,0.0,0.0,0.0,0.0,0.0,0.0,idle
,idle,,,,,,,,,,,,,,,,,,,,,,,,,,,,,,,,,,,,,idle
1778097213.9787471,g2.hpc.coe,41393.0,0.5001,0.0,0.0,0.0,12288.0,136138207011.0,136368637883.0,139264434.0,139448275.0,3127583.0,0.0,0.0,0.0,0.0,0.0,0.0,0.0,0.0,0.0,0.0,0.0,0.0,364.0,57.0,2.0,1.0,0.0,0.0,0.0,0.0,0.0,0.0,0.0,0.0,0.0,idle
,idle,,,,,,,,,,,,,,,,,,,,,,,,,,,,,,,,,,,,,idle
1778097214.4788947,g2.hpc.coe,41393.0,0.5001,0.0,0.0,0.0,12288.0,136138207417.0,136368637940.0,139264436.0,139448276.0,3127583.0,0.0,0.0,0.0,0.0,0.0,0.0,0.0,0.0,0.0,0.0,0.0,0.0,406.0,57.0,2.0,1.0,0.0,0.0,0.0,0.0,0.0,0.0,0.0,0.0,0.0,idle
,idle,,,,,,,,,,,,,,,,,,,,,,,,,,,,,,,,,,,,,idle
1778097214.9790204,g2.hpc.coe,41393.0,0.5001,0.0,0.0,0.0,12288.0,136138207865.0,136368637997.0,139264438.0,139448277.0,3127583.0,0.0,0.0,0.0,0.0,0.0,0.0,0.0,0.0,0.0,0.0,0.0,0.0,448.0,57.0,2.0,1.0,0.0,0.0,0.0,0.0,0.0,0.0,0.0,0.0,0.0,idle
,idle,,,,,,,,,,,,,,,,,,,,,,,,,,,,,,,,,,,,,idle
1778097215.4791477,g2.hpc.coe,41393.0,0.5001,0.0,0.0,0.0,12288.0,136138208355.0,136368638054.0,139264440.0,139448278.0,3127583.0,0.0,0.0,0.0,0.0,0.0,0.0,0.0,0.0,0.0,0.0,0.0,0.0,490.0,57.0,2.0,1.0,0.0,0.0,0.0,0.0,0.0,0.0,0.0,0.0,0.0,idle
,idle,,,,,,,,,,,,,,,,,,,,,,,,,,,,,,,,,,,,,idle
1778097215.9792738,g2.hpc.coe,41393.0,0.5001,0.0,0.0,0.0,12288.0,136138208888.0,136368638111.0,139264442.0,139448279.0,3127583.0,0.0,0.0,0.0,0.0,0.0,0.0,0.0,0.0,0.0,0.0,0.0,0.0,533.0,57.0,2.0,1.0,0.0,0.0,0.0,0.0,0.0,0.0,0.0,0.0,0.0,idle
,idle,,,,,,,,,,,,,,,,,,,,,,,,,,,,,,,,,,,,,idle
1778097216.4793992,g2.hpc.coe,41393.0,0.5001,0.0,0.0,0.0,12288.0,136138209485.0,136368638190.0,139264445.0,139448281.0,3127583.0,0.0,0.0,0.0,0.0,0.0,0.0,0.0,0.0,0.0,0.0,0.0,0.0,597.0,79.0,3.0,2.0,0.0,0.0,0.0,0.0,0.0,0.0,0.0,0.0,0.0,idle
,idle,,,,,,,,,,,,,,,,,,,,,,,,,,,,,,,,,,,,,idle
1778097216.9795291,g2.hpc.coe,41393.0,0.5001,0.0,0.0,0.0,12288.0,136138210124.0,136368638269.0,139264448.0,139448283.0,3127583.0,0.0,0.0,0.0,0.0,0.0,0.0,0.0,0.0,0.0,0.0,0.0,0.0,639.0,79.0,3.0,2.0,0.0,0.0,0.0,0.0,0.0,0.0,0.0,0.0,0.0,idle
,idle,,,,,,,,,,,,,,,,,,,,,,,,,,,,,,,,,,,,,idle
1778097217.4796622,g2.hpc.coe,41393.0,0.5001,0.0,0.0,0.0,12288.0,136138210805.0,136368638348.0,139264451.0,139448285.0,3127583.0,0.0,0.0,0.0,0.0,0.0,0.0,0.0,0.0,0.0,0.0,0.0,0.0,681.0,79.0,3.0,2.0,0.0,0.0,0.0,0.0,0.0,0.0,0.0,0.0,0.0,idle
,idle,,,,,,,,,,,,,,,,,,,,,,,,,,,,,,,,,,,,,idle
1778097217.9797838,g2.hpc.coe,41393.0,0.5001,0.0,0.0,0.0,12288.0,136138211529.0,136368638427.0,139264454.0,139448287.0,3127583.0,0.0,0.0,0.0,0.0,0.0,0.0,0.0,0.0,0.0,0.0,0.0,0.0,724.0,79.0,3.0,2.0,0.0,0.0,0.0,0.0,0.0,0.0,0.0,0.0,0.0,idle
,idle,,,,,,,,,,,,,,,,,,,,,,,,,,,,,,,,,,,,,idle
1778097218.4799109,g2.hpc.coe,41393.0,0.5001,0.0,0.0,0.0,12288.0,136138212372.0,136368638561.0,139264459.0,139448290.0,3127583.0,0.0,0.0,0.0,0.0,0.0,0.0,0.0,0.0,0.0,0.0,0.0,0.0,843.0,134.0,5.0,3.0,0.0,0.0,0.0,0.0,0.0,0.0,0.0,0.0,0.0,idle
,idle,,,,,,,,,,,,,,,,,,,,,,,,,,,,,,,,,,,,,idle
1778097218.9800327,g2.hpc.coe,41393.0,0.5001,0.0,0.0,0.0,12288.0,136138213180.0,136368638640.0,139264462.0,139448292.0,3127583.0,0.0,0.0,0.0,0.0,0.0,0.0,0.0,0.0,0.0,0.0,0.0,0.0,808.0,79.0,3.0,2.0,0.0,0.0,0.0,0.0,0.0,0.0,0.0,0.0,0.0,idle
,idle,,,,,,,,,,,,,,,,,,,,,,,,,,,,,,,,,,,,,idle
1778097219.480162,g2.hpc.coe,41393.0,0.5001,0.0,0.0,0.0,12288.0,136138214288.0,136368638974.0,139264470.0,139448299.0,3127583.0,0.0,0.0,0.0,0.0,0.0,0.0,0.0,0.0,0.0,0.0,0.0,0.0,1108.0,334.0,8.0,7.0,0.0,0.0,0.0,0.0,0.0,0.0,0.0,0.0,0.0,idle
,idle,,,,,,,,,,,,,,,,,,,,,,,,,,,,,,,,,,,,,idle
1778097219.9802916,g2.hpc.coe,41393.0,0.5001,0.0,0.0,0.0,12288.0,136138215203.0,136368639053.0,139264474.0,139448301.0,3127583.0,0.0,0.0,0.0,0.0,0.0,0.0,0.0,0.0,0.0,0.0,0.0,0.0,915.0,79.0,4.0,2.0,0.0,0.0,0.0,0.0,0.0,0.0,0.0,0.0,0.0,idle
,idle,,,,,,,,,,,,,,,,,,,,,,,,,,,,,,,,,,,,,idle
1778097220.4804173,g2.hpc.coe,41393.0,0.5001,0.0,0.0,0.0,12288.0,136138216139.0,136368639132.0,139264477.0,139448303.0,3127583.0,0.0,0.0,0.0,0.0,0.0,0.0,0.0,0.0,0.0,0.0,0.0,0.0,936.0,79.0,3.0,2.0,0.0,0.0,0.0,0.0,0.0,0.0,0.0,0.0,0.0,idle
,idle,,,,,,,,,,,,,,,,,,,,,,,,,,,,,,,,,,,,,idle
1778097220.980548,g2.hpc.coe,41393.0,0.5001,0.0,0.0,0.0,12288.0,136138217117.0,136368639211.0,139264480.0,139448305.0,3127583.0,0.0,0.0,0.0,0.0,0.0,0.0,0.0,0.0,0.0,0.0,0.0,0.0,978.0,79.0,3.0,2.0,0.0,0.0,0.0,0.0,0.0,0.0,0.0,0.0,0.0,idle
,idle,,,,,,,,,,,,,,,,,,,,,,,,,,,,,,,,,,,,,idle
1778097221.480688,g2.hpc.coe,41393.0,0.5001,0.0,0.0,0.0,12288.0,136138218137.0,136368639290.0,139264483.0,139448307.0,3127583.0,0.0,0.0,0.0,0.0,0.0,0.0,0.0,0.0,0.0,0.0,0.0,0.0,1020.0,79.0,3.0,2.0,0.0,0.0,0.0,0.0,0.0,0.0,0.0,0.0,0.0,idle
,idle,,,,,,,,,,,,,,,,,,,,,,,,,,,,,,,,,,,,,idle
1778097221.980814,g2.hpc.coe,41393.0,0.5001,0.0,0.0,0.0,12288.0,136138219199.0,136368639369.0,139264486.0,139448309.0,3127583.0,0.0,0.0,0.0,0.0,0.0,0.0,0.0,0.0,0.0,0.0,0.0,0.0,1062.0,79.0,3.0,2.0,0.0,0.0,0.0,0.0,0.0,0.0,0.0,0.0,0.0,idle
,idle,,,,,,,,,,,,,,,,,,,,,,,,,,,,,,,,,,,,,idle
1778097222.480925,g2.hpc.coe,41393.0,0.5001,0.0,0.0,0.0,12288.0,136138220326.0,136368639448.0,139264490.0,139448311.0,3127583.0,0.0,0.0,0.0,0.0,0.0,0.0,0.0,0.0,0.0,0.0,0.0,0.0,1127.0,79.0,4.0,2.0,0.0,0.0,0.0,0.0,0.0,0.0,0.0,0.0,0.0,idle
,idle,,,,,,,,,,,,,,,,,,,,,,,,,,,,,,,,,,,,,idle
1778097222.9810598,g2.hpc.coe,41393.0,0.5001,0.0,0.0,0.0,12288.0,136138221495.0,136368639527.0,139264494.0,139448313.0,3127583.0,0.0,0.0,0.0,0.0,0.0,0.0,0.0,0.0,0.0,0.0,0.0,0.0,1169.0,79.0,4.0,2.0,0.0,0.0,0.0,0.0,0.0,0.0,0.0,0.0,0.0,idle
,idle,,,,,,,,,,,,,,,,,,,,,,,,,,,,,,,,,,,,,idle
1778097223.4811673,g2.hpc.coe,41393.0,0.5001,0.0,0.0,0.0,12288.0,136138221715.0,136368639639.0,139264498.0,139448315.0,3127583.0,0.0,0.0,0.0,0.0,0.0,0.0,0.0,0.0,0.0,0.0,0.0,0.0,220.0,112.0,4.0,2.0,0.0,0.0,0.0,0.0,0.0,0.0,0.0,0.0,0.0,idle
,idle,,,,,,,,,,,,,,,,,,,,,,,,,,,,,,,,,,,,,idle
1778097223.9813056,g2.hpc.coe,41393.0,0.5001,0.0,0.0,0.0,12288.0,136138221901.0,136368639696.0,139264500.0,139448316.0,3127583.0,0.0,0.0,0.0,0.0,0.0,0.0,0.0,0.0,0.0,0.0,0.0,0.0,186.0,57.0,2.0,1.0,0.0,0.0,0.0,0.0,0.0,0.0,0.0,0.0,0.0,idle
,idle,,,,,,,,,,,,,,,,,,,,,,,,,,,,,,,,,,,,,idle
1778097224.4814165,g2.hpc.coe,41393.0,0.5001,0.0,0.0,0.0,12288.0,136138222129.0,136368639753.0,139264502.0,139448317.0,3127583.0,0.0,0.0,0.0,0.0,0.0,0.0,0.0,0.0,0.0,0.0,0.0,0.0,228.0,57.0,2.0,1.0,0.0,0.0,0.0,0.0,0.0,0.0,0.0,0.0,0.0,idle
,idle,,,,,,,,,,,,,,,,,,,,,,,,,,,,,,,,,,,,,idle
1778097224.9815357,g2.hpc.coe,41393.0,0.5001,0.0,0.0,0.0,12288.0,136138222399.0,136368639810.0,139264504.0,139448318.0,3127583.0,0.0,0.0,0.0,0.0,0.0,0.0,0.0,0.0,0.0,0.0,0.0,0.0,270.0,57.0,2.0,1.0,0.0,0.0,0.0,0.0,0.0,0.0,0.0,0.0,0.0,idle
,idle,,,,,,,,,,,,,,,,,,,,,,,,,,,,,,,,,,,,,idle
1778097225.4816914,g2.hpc.coe,41393.0,0.5002,0.0,0.0,0.0,12288.0,136138222712.0,136368639867.0,139264506.0,139448319.0,3127583.0,0.0,0.0,0.0,0.0,0.0,0.0,0.0,0.0,0.0,0.0,0.0,0.0,313.0,57.0,2.0,1.0,0.0,0.0,0.0,0.0,0.0,0.0,0.0,0.0,0.0,idle
,idle,,,,,,,,,,,,,,,,,,,,,,,,,,,,,,,,,,,,,idle
1778097225.9818196,g2.hpc.coe,41393.0,0.5001,0.0,0.0,0.0,12288.0,136138223067.0,136368639924.0,139264508.0,139448320.0,3127583.0,0.0,0.0,0.0,0.0,0.0,0.0,0.0,0.0,0.0,0.0,0.0,0.0,355.0,57.0,2.0,1.0,0.0,0.0,0.0,0.0,0.0,0.0,0.0,0.0,0.0,idle
,idle,,,,,,,,,,,,,,,,,,,,,,,,,,,,,,,,,,,,,idle
1778097226.4819486,g2.hpc.coe,41393.0,0.5001,0.0,0.0,0.0,12288.0,136138223464.0,136368639981.0,139264510.0,139448321.0,3127583.0,0.0,0.0,0.0,0.0,0.0,0.0,0.0,0.0,0.0,0.0,0.0,0.0,397.0,57.0,2.0,1.0,0.0,0.0,0.0,0.0,0.0,0.0,0.0,0.0,0.0,idle
,idle,,,,,,,,,,,,,,,,,,,,,,,,,,,,,,,,,,,,,idle
1778097226.982066,g2.hpc.coe,41393.0,0.5001,0.0,0.0,0.0,12288.0,136138224526.0,136368640485.0,139264527.0,139448330.0,3127583.0,0.0,0.0,0.0,0.0,0.0,0.0,0.0,0.0,0.0,0.0,0.0,0.0,1062.0,504.0,17.0,9.0,0.0,0.0,0.0,0.0,0.0,0.0,0.0,0.0,0.0,idle
,idle,,,,,,,,,,,,,,,,,,,,,,,,,,,,,,,,,,,,,idle
1778097227.4821897,g2.hpc.coe,41393.0,0.5001,0.0,0.0,0.0,12288.0,136138225008.0,136368640542.0,139264529.0,139448331.0,3127583.0,0.0,0.0,0.0,0.0,0.0,0.0,0.0,0.0,0.0,0.0,0.0,0.0,482.0,57.0,2.0,1.0,0.0,0.0,0.0,0.0,0.0,0.0,0.0,0.0,0.0,idle
,idle,,,,,,,,,,,,,,,,,,,,,,,,,,,,,,,,,,,,,idle
1778097227.982317,g2.hpc.coe,41393.0,0.5001,0.0,0.0,0.0,12288.0,136138225532.0,136368640599.0,139264531.0,139448332.0,3127583.0,0.0,0.0,0.0,0.0,0.0,0.0,0.0,0.0,0.0,0.0,0.0,0.0,524.0,57.0,2.0,1.0,0.0,0.0,0.0,0.0,0.0,0.0,0.0,0.0,0.0,idle
,idle,,,,,,,,,,,,,,,,,,,,,,,,,,,,,,,,,,,,,idle
1778097228.482423,g2.hpc.coe,41393.0,0.5001,0.0,0.0,0.0,12288.0,136138226120.0,136368640678.0,139264534.0,139448334.0,3127583.0,0.0,0.0,0.0,0.0,0.0,0.0,0.0,0.0,0.0,0.0,0.0,0.0,588.0,79.0,3.0,2.0,0.0,0.0,0.0,0.0,0.0,0.0,0.0,0.0,0.0,idle
,idle,,,,,,,,,,,,,,,,,,,,,,,,,,,,,,,,,,,,,idle
1778097228.9825387,g2.hpc.coe,41393.0,0.5001,0.0,0.0,0.0,12288.0,136138226827.0,136368640812.0,139264539.0,139448337.0,3127583.0,0.0,0.0,0.0,0.0,0.0,0.0,0.0,0.0,0.0,0.0,0.0,0.0,707.0,134.0,5.0,3.0,0.0,0.0,0.0,0.0,0.0,0.0,0.0,0.0,0.0,idle
,idle,,,,,,,,,,,,,,,,,,,,,,,,,,,,,,,,,,,,,idle
1778097229.482664,g2.hpc.coe,41393.0,0.5001,0.0,0.0,0.0,12288.0,136138227500.0,136368640891.0,139264542.0,139448339.0,3127583.0,0.0,0.0,0.0,0.0,0.0,0.0,0.0,0.0,0.0,0.0,0.0,0.0,673.0,79.0,3.0,2.0,0.0,0.0,0.0,0.0,0.0,0.0,0.0,0.0,0.0,idle
,idle,,,,,,,,,,,,,,,,,,,,,,,,,,,,,,,,,,,,,idle
1778097229.9827876,g2.hpc.coe,41393.0,0.5001,0.0,0.0,0.0,12288.0,136138228215.0,136368640970.0,139264545.0,139448341.0,3127583.0,0.0,0.0,0.0,0.0,0.0,0.0,0.0,0.0,0.0,0.0,0.0,0.0,715.0,79.0,3.0,2.0,0.0,0.0,0.0,0.0,0.0,0.0,0.0,0.0,0.0,idle
,idle,,,,,,,,,,,,,,,,,,,,,,,,,,,,,,,,,,,,,idle
1778097230.4829197,g2.hpc.coe,41393.0,0.5001,0.0,0.0,0.0,12288.0,136138228972.0,136368641049.0,139264548.0,139448343.0,3127583.0,0.0,0.0,0.0,0.0,0.0,0.0,0.0,0.0,0.0,0.0,0.0,0.0,757.0,79.0,3.0,2.0,0.0,0.0,0.0,0.0,0.0,0.0,0.0,0.0,0.0,idle
,idle,,,,,,,,,,,,,,,,,,,,,,,,,,,,,,,,,,,,,idle
1778097230.9830503,g2.hpc.coe,41393.0,0.5001,0.0,0.0,0.0,12288.0,136138229771.0,136368641128.0,139264551.0,139448345.0,3127583.0,0.0,0.0,0.0,0.0,0.0,0.0,0.0,0.0,0.0,0.0,0.0,0.0,799.0,79.0,3.0,2.0,0.0,0.0,0.0,0.0,0.0,0.0,0.0,0.0,0.0,idle
,idle,,,,,,,,,,,,,,,,,,,,,,,,,,,,,,,,,,,,,idle
1778097231.483157,g2.hpc.coe,41393.0,0.5001,0.0,0.0,0.0,12288.0,136138230613.0,136368641207.0,139264554.0,139448347.0,3127583.0,0.0,0.0,0.0,0.0,0.0,0.0,0.0,0.0,0.0,0.0,0.0,0.0,842.0,79.0,3.0,2.0,0.0,0.0,0.0,0.0,0.0,0.0,0.0,0.0,0.0,idle
,idle,,,,,,,,,,,,,,,,,,,,,,,,,,,,,,,,,,,,,idle
1778097231.9832797,g2.hpc.coe,41393.0,0.5001,0.0,0.0,0.0,12288.0,136138231497.0,136368641286.0,139264557.0,139448349.0,3127583.0,0.0,0.0,0.0,0.0,0.0,0.0,0.0,0.0,0.0,0.0,0.0,0.0,884.0,79.0,3.0,2.0,0.0,0.0,0.0,0.0,0.0,0.0,0.0,0.0,0.0,idle
,idle,,,,,,,,,,,,,,,,,,,,,,,,,,,,,,,,,,,,,idle
1778097232.4833865,g2.hpc.coe,41393.0,0.5001,0.0,0.0,0.0,12288.0,136138232423.0,136368641365.0,139264560.0,139448351.0,3127583.0,0.0,0.0,0.0,0.0,0.0,0.0,0.0,0.0,0.0,0.0,0.0,0.0,926.0,79.0,3.0,2.0,0.0,0.0,0.0,0.0,0.0,0.0,0.0,0.0,0.0,idle
,idle,,,,,,,,,,,,,,,,,,,,,,,,,,,,,,,,,,,,,idle
1778097232.983516,g2.hpc.coe,41393.0,0.5001,0.0,0.0,0.0,12288.0,136138233391.0,136368641444.0,139264563.0,139448353.0,3127583.0,0.0,0.0,0.0,0.0,0.0,0.0,0.0,0.0,0.0,0.0,0.0,0.0,968.0,79.0,3.0,2.0,0.0,0.0,0.0,0.0,0.0,0.0,0.0,0.0,0.0,idle
,idle,,,,,,,,,,,,,,,,,,,,,,,,,,,,,,,,,,,,,idle
1778097233.4836483,g2.hpc.coe,41393.0,0.5001,0.0,0.0,0.0,12288.0,136138234401.0,136368641523.0,139264566.0,139448355.0,3127583.0,0.0,0.0,0.0,0.0,0.0,0.0,0.0,0.0,0.0,0.0,0.0,0.0,1010.0,79.0,3.0,2.0,0.0,0.0,0.0,0.0,0.0,0.0,0.0,0.0,0.0,idle
,idle,,,,,,,,,,,,,,,,,,,,,,,,,,,,,,,,,,,,,idle
1778097233.983761,g2.hpc.coe,41393.0,0.5001,0.0,0.0,0.0,12288.0,136138235531.0,136368641657.0,139264571.0,139448358.0,3127583.0,0.0,0.0,0.0,0.0,0.0,0.0,0.0,0.0,0.0,0.0,0.0,0.0,1130.0,134.0,5.0,3.0,0.0,0.0,0.0,0.0,0.0,0.0,0.0,0.0,0.0,idle
,idle,,,,,,,,,,,,,,,,,,,,,,,,,,,,,,,,,,,,,idle
1778097234.483871,g2.hpc.coe,41393.0,0.5001,0.0,0.0,0.0,12288.0,136138236648.0,136368641736.0,139264575.0,139448360.0,3127583.0,0.0,0.0,0.0,0.0,0.0,0.0,0.0,0.0,0.0,0.0,0.0,0.0,1117.0,79.0,4.0,2.0,0.0,0.0,0.0,0.0,0.0,0.0,0.0,0.0,0.0,idle
,idle,,,,,,,,,,,,,,,,,,,,,,,,,,,,,,,,,,,,,idle
1778097234.9839995,g2.hpc.coe,41393.0,0.5001,0.0,0.0,0.0,12288.0,136138237807.0,136368641815.0,139264579.0,139448362.0,3127583.0,0.0,0.0,0.0,0.0,0.0,0.0,0.0,0.0,0.0,0.0,0.0,0.0,1159.0,79.0,4.0,2.0,0.0,0.0,0.0,0.0,0.0,0.0,0.0,0.0,0.0,idle
,idle,,,,,,,,,,,,,,,,,,,,,,,,,,,,,,,,,,,,,idle
1778097235.484126,g2.hpc.coe,41393.0,0.5001,0.0,0.0,0.0,12288.0,136138237941.0,136368641872.0,139264581.0,139448363.0,3127583.0,0.0,0.0,0.0,0.0,0.0,0.0,0.0,0.0,0.0,0.0,0.0,0.0,134.0,57.0,2.0,1.0,0.0,0.0,0.0,0.0,0.0,0.0,0.0,0.0,0.0,idle
,idle,,,,,,,,,,,,,,,,,,,,,,,,,,,,,,,,,,,,,idle
1778097235.984251,g2.hpc.coe,41393.0,0.5001,0.0,0.0,0.0,12288.0,136138238117.0,136368641929.0,139264583.0,139448364.0,3127583.0,0.0,0.0,0.0,0.0,0.0,0.0,0.0,0.0,0.0,0.0,0.0,0.0,176.0,57.0,2.0,1.0,0.0,0.0,0.0,0.0,0.0,0.0,0.0,0.0,0.0,idle
,idle,,,,,,,,,,,,,,,,,,,,,,,,,,,,,,,,,,,,,idle
1778097236.4843805,g2.hpc.coe,41393.0,0.5001,0.0,0.0,0.0,12288.0,136138238335.0,136368641986.0,139264585.0,139448365.0,3127583.0,0.0,0.0,0.0,0.0,0.0,0.0,0.0,0.0,0.0,0.0,0.0,0.0,218.0,57.0,2.0,1.0,0.0,0.0,0.0,0.0,0.0,0.0,0.0,0.0,0.0,idle
,idle,,,,,,,,,,,,,,,,,,,,,,,,,,,,,,,,,,,,,idle
1778097236.9845178,g2.hpc.coe,41393.0,0.5001,0.0,0.0,0.0,12288.0,136138238595.0,136368642043.0,139264587.0,139448366.0,3127583.0,0.0,0.0,0.0,0.0,0.0,0.0,0.0,0.0,0.0,0.0,0.0,0.0,260.0,57.0,2.0,1.0,0.0,0.0,0.0,0.0,0.0,0.0,0.0,0.0,0.0,idle
,idle,,,,,,,,,,,,,,,,,,,,,,,,,,,,,,,,,,,,,idle
1778097237.4846427,g2.hpc.coe,41393.0,0.5001,0.0,0.0,0.0,12288.0,136138238897.0,136368642100.0,139264589.0,139448367.0,3127583.0,0.0,0.0,0.0,0.0,0.0,0.0,0.0,0.0,0.0,0.0,0.0,0.0,302.0,57.0,2.0,1.0,0.0,0.0,0.0,0.0,0.0,0.0,0.0,0.0,0.0,idle
,idle,,,,,,,,,,,,,,,,,,,,,,,,,,,,,,,,,,,,,idle
1778097237.984787,g2.hpc.coe,41393.0,0.5001,0.0,0.0,0.0,12288.0,136138239242.0,136368642157.0,139264591.0,139448368.0,3127583.0,0.0,0.0,0.0,0.0,0.0,0.0,0.0,0.0,0.0,0.0,0.0,0.0,345.0,57.0,2.0,1.0,0.0,0.0,0.0,0.0,0.0,0.0,0.0,0.0,0.0,idle
,idle,,,,,,,,,,,,,,,,,,,,,,,,,,,,,,,,,,,,,idle
1778097238.4849136,g2.hpc.coe,41393.0,0.5001,0.0,0.0,0.0,12288.0,136138239629.0,136368642214.0,139264593.0,139448369.0,3127583.0,0.0,0.0,0.0,0.0,0.0,0.0,0.0,0.0,0.0,0.0,0.0,0.0,387.0,57.0,2.0,1.0,0.0,0.0,0.0,0.0,0.0,0.0,0.0,0.0,0.0,idle
,idle,,,,,,,,,,,,,,,,,,,,,,,,,,,,,,,,,,,,,idle
1778097238.9850402,g2.hpc.coe,41393.0,0.5001,0.0,0.0,0.0,12288.0,136138240135.0,136368642326.0,139264597.0,139448371.0,3127583.0,0.0,0.0,0.0,0.0,0.0,0.0,0.0,0.0,0.0,0.0,0.0,0.0,506.0,112.0,4.0,2.0,0.0,0.0,0.0,0.0,0.0,0.0,0.0,0.0,0.0,idle
,idle,,,,,,,,,,,,,,,,,,,,,,,,,,,,,,,,,,,,,idle
1778097239.485164,g2.hpc.coe,41393.0,0.5001,0.0,0.0,0.0,12288.0,136138240606.0,136368642383.0,139264599.0,139448372.0,3127583.0,0.0,0.0,0.0,0.0,0.0,0.0,0.0,0.0,0.0,0.0,0.0,0.0,471.0,57.0,2.0,1.0,0.0,0.0,0.0,0.0,0.0,0.0,0.0,0.0,0.0,idle
,idle,,,,,,,,,,,,,,,,,,,,,,,,,,,,,,,,,,,,,idle
1778097239.9852972,g2.hpc.coe,41393.0,0.5001,0.0,0.0,0.0,12288.0,136138241119.0,136368642440.0,139264601.0,139448373.0,3127583.0,0.0,0.0,0.0,0.0,0.0,0.0,0.0,0.0,0.0,0.0,0.0,0.0,513.0,57.0,2.0,1.0,0.0,0.0,0.0,0.0,0.0,0.0,0.0,0.0,0.0,idle
,idle,,,,,,,,,,,,,,,,,,,,,,,,,,,,,,,,,,,,,idle
1778097240.4854257,g2.hpc.coe,41393.0,0.5001,0.0,0.0,0.0,12288.0,136138241697.0,136368642519.0,139264604.0,139448375.0,3127583.0,0.0,0.0,0.0,0.0,0.0,0.0,0.0,0.0,0.0,0.0,0.0,0.0,578.0,79.0,3.0,2.0,0.0,0.0,0.0,0.0,0.0,0.0,0.0,0.0,0.0,idle
,idle,,,,,,,,,,,,,,,,,,,,,,,,,,,,,,,,,,,,,idle
1778097240.9855552,g2.hpc.coe,41393.0,0.5001,0.0,0.0,0.0,12288.0,136138242317.0,136368642598.0,139264607.0,139448377.0,3127583.0,0.0,0.0,0.0,0.0,0.0,0.0,0.0,0.0,0.0,0.0,0.0,0.0,620.0,79.0,3.0,2.0,0.0,0.0,0.0,0.0,0.0,0.0,0.0,0.0,0.0,idle
,idle,,,,,,,,,,,,,,,,,,,,,,,,,,,,,,,,,,,,,idle
1778097241.485675,g2.hpc.coe,41393.0,0.5001,0.0,0.0,0.0,12288.0,136138242979.0,136368642677.0,139264610.0,139448379.0,3127583.0,0.0,0.0,0.0,0.0,0.0,0.0,0.0,0.0,0.0,0.0,0.0,0.0,662.0,79.0,3.0,2.0,0.0,0.0,0.0,0.0,0.0,0.0,0.0,0.0,0.0,idle
,idle,,,,,,,,,,,,,,,,,,,,,,,,,,,,,,,,,,,,,idle
1778097241.985808,g2.hpc.coe,41393.0,0.5001,0.0,0.0,0.0,12288.0,136138244306.0,136368643203.0,139264628.0,139448389.0,3127583.0,0.0,0.0,0.0,0.0,0.0,0.0,0.0,0.0,0.0,0.0,0.0,0.0,1327.0,526.0,18.0,10.0,0.0,0.0,0.0,0.0,0.0,0.0,0.0,0.0,0.0,idle
,idle,,,,,,,,,,,,,,,,,,,,,,,,,,,,,,,,,,,,,idle
1778097242.4859447,g2.hpc.coe,41393.0,0.5001,0.0,0.0,0.0,12288.0,136138245053.0,136368643282.0,139264631.0,139448391.0,3127583.0,0.0,0.0,0.0,0.0,0.0,0.0,0.0,0.0,0.0,0.0,0.0,0.0,747.0,79.0,3.0,2.0,0.0,0.0,0.0,0.0,0.0,0.0,0.0,0.0,0.0,idle
,idle,,,,,,,,,,,,,,,,,,,,,,,,,,,,,,,,,,,,,idle
1778097242.986071,g2.hpc.coe,41393.0,0.5001,0.0,0.0,0.0,12288.0,136138245842.0,136368643361.0,139264634.0,139448393.0,3127583.0,0.0,0.0,0.0,0.0,0.0,0.0,0.0,0.0,0.0,0.0,0.0,0.0,789.0,79.0,3.0,2.0,0.0,0.0,0.0,0.0,0.0,0.0,0.0,0.0,0.0,idle
,idle,,,,,,,,,,,,,,,,,,,,,,,,,,,,,,,,,,,,,idle
1778097243.486206,g2.hpc.coe,41393.0,0.5001,0.0,0.0,0.0,12288.0,136138246673.0,136368643440.0,139264637.0,139448395.0,3127583.0,0.0,0.0,0.0,0.0,0.0,0.0,0.0,0.0,0.0,0.0,0.0,0.0,831.0,79.0,3.0,2.0,0.0,0.0,0.0,0.0,0.0,0.0,0.0,0.0,0.0,idle
,idle,,,,,,,,,,,,,,,,,,,,,,,,,,,,,,,,,,,,,idle
1778097243.9863403,g2.hpc.coe,41393.0,0.5001,0.0,0.0,0.0,12288.0,136138247623.0,136368643574.0,139264642.0,139448398.0,3127583.0,0.0,0.0,0.0,0.0,0.0,0.0,0.0,0.0,0.0,0.0,0.0,0.0,950.0,134.0,5.0,3.0,0.0,0.0,0.0,0.0,0.0,0.0,0.0,0.0,0.0,idle
,idle,,,,,,,,,,,,,,,,,,,,,,,,,,,,,,,,,,,,,idle
1778097244.4864635,g2.hpc.coe,41393.0,0.5001,0.0,0.0,0.0,12288.0,136138248539.0,136368643653.0,139264645.0,139448400.0,3127583.0,0.0,0.0,0.0,0.0,0.0,0.0,0.0,0.0,0.0,0.0,0.0,0.0,916.0,79.0,3.0,2.0,0.0,0.0,0.0,0.0,0.0,0.0,0.0,0.0,0.0,idle
,idle,,,,,,,,,,,,,,,,,,,,,,,,,,,,,,,,,,,,,idle
1778097244.986586,g2.hpc.coe,41393.0,0.5001,0.0,0.0,0.0,12288.0,136138249497.0,136368643732.0,139264648.0,139448402.0,3127583.0,0.0,0.0,0.0,0.0,0.0,0.0,0.0,0.0,0.0,0.0,0.0,0.0,958.0,79.0,3.0,2.0,0.0,0.0,0.0,0.0,0.0,0.0,0.0,0.0,0.0,idle
,idle,,,,,,,,,,,,,,,,,,,,,,,,,,,,,,,,,,,,,idle
1778097245.4867165,g2.hpc.coe,41393.0,0.5001,0.0,0.0,0.0,12288.0,136138250497.0,136368643811.0,139264651.0,139448404.0,3127583.0,0.0,0.0,0.0,0.0,0.0,0.0,0.0,0.0,0.0,0.0,0.0,0.0,1000.0,79.0,3.0,2.0,0.0,0.0,0.0,0.0,0.0,0.0,0.0,0.0,0.0,idle
,idle,,,,,,,,,,,,,,,,,,,,,,,,,,,,,,,,,,,,,idle
1778097245.9868476,g2.hpc.coe,41393.0,0.5001,0.0,0.0,0.0,12288.0,136138251540.0,136368643890.0,139264654.0,139448406.0,3127583.0,0.0,0.0,0.0,0.0,0.0,0.0,0.0,0.0,0.0,0.0,0.0,0.0,1043.0,79.0,3.0,2.0,0.0,0.0,0.0,0.0,0.0,0.0,0.0,0.0,0.0,idle
,idle,,,,,,,,,,,,,,,,,,,,,,,,,,,,,,,,,,,,,idle
1778097246.4869754,g2.hpc.coe,41393.0,0.5001,0.0,0.0,0.0,12288.0,136138252647.0,136368643969.0,139264658.0,139448408.0,3127583.0,0.0,0.0,0.0,0.0,0.0,0.0,0.0,0.0,0.0,0.0,0.0,0.0,1107.0,79.0,4.0,2.0,0.0,0.0,0.0,0.0,0.0,0.0,0.0,0.0,0.0,idle
,idle,,,,,,,,,,,,,,,,,,,,,,,,,,,,,,,,,,,,,idle
1778097246.9871051,g2.hpc.coe,41393.0,0.5001,0.0,0.0,0.0,12288.0,136138253797.0,136368644048.0,139264662.0,139448410.0,3127583.0,0.0,0.0,0.0,0.0,0.0,0.0,0.0,0.0,0.0,0.0,0.0,0.0,1150.0,79.0,4.0,2.0,0.0,0.0,0.0,0.0,0.0,0.0,0.0,0.0,0.0,idle
,idle,,,,,,,,,,,,,,,,,,,,,,,,,,,,,,,,,,,,,idle
1778097247.4872122,g2.hpc.coe,41393.0,0.5001,0.0,0.0,0.0,12288.0,136138253921.0,136368644105.0,139264664.0,139448411.0,3127583.0,0.0,0.0,0.0,0.0,0.0,0.0,0.0,0.0,0.0,0.0,0.0,0.0,124.0,57.0,2.0,1.0,0.0,0.0,0.0,0.0,0.0,0.0,0.0,0.0,0.0,idle
,idle,,,,,,,,,,,,,,,,,,,,,,,,,,,,,,,,,,,,,idle
1778097247.9873295,g2.hpc.coe,41393.0,0.5001,0.0,0.0,0.0,12288.0,136138254088.0,136368644162.0,139264666.0,139448412.0,3127583.0,0.0,0.0,0.0,0.0,0.0,0.0,0.0,0.0,0.0,0.0,0.0,0.0,167.0,57.0,2.0,1.0,0.0,0.0,0.0,0.0,0.0,0.0,0.0,0.0,0.0,idle
,idle,,,,,,,,,,,,,,,,,,,,,,,,,,,,,,,,,,,,,idle
1778097248.487471,g2.hpc.coe,41393.0,0.5001,0.0,0.0,0.0,12288.0,136138254297.0,136368644219.0,139264668.0,139448413.0,3127583.0,0.0,0.0,0.0,0.0,0.0,0.0,0.0,0.0,0.0,0.0,0.0,0.0,209.0,57.0,2.0,1.0,0.0,0.0,0.0,0.0,0.0,0.0,0.0,0.0,0.0,idle
,idle,,,,,,,,,,,,,,,,,,,,,,,,,,,,,,,,,,,,,idle
1778097248.9875991,g2.hpc.coe,41393.0,0.5001,0.0,0.0,0.0,12288.0,136138254548.0,136368644276.0,139264670.0,139448414.0,3127583.0,0.0,0.0,0.0,0.0,0.0,0.0,0.0,0.0,0.0,0.0,0.0,0.0,251.0,57.0,2.0,1.0,0.0,0.0,0.0,0.0,0.0,0.0,0.0,0.0,0.0,idle
,idle,,,,,,,,,,,,,,,,,,,,,,,,,,,,,,,,,,,,,idle
1778097249.4877234,g2.hpc.coe,41393.0,0.5001,0.0,0.0,0.0,12288.0,136138254841.0,136368644333.0,139264672.0,139448415.0,3127583.0,0.0,0.0,0.0,0.0,0.0,0.0,0.0,0.0,0.0,0.0,0.0,0.0,293.0,57.0,2.0,1.0,0.0,0.0,0.0,0.0,0.0,0.0,0.0,0.0,0.0,idle
,idle,,,,,,,,,,,,,,,,,,,,,,,,,,,,,,,,,,,,,idle
1778097249.987847,g2.hpc.coe,41393.0,0.5001,0.0,0.0,0.0,12288.0,136138255177.0,136368644390.0,139264674.0,139448416.0,3127583.0,0.0,0.0,0.0,0.0,0.0,0.0,0.0,0.0,0.0,0.0,0.0,0.0,336.0,57.0,2.0,1.0,0.0,0.0,0.0,0.0,0.0,0.0,0.0,0.0,0.0,idle
,idle,,,,,,,,,,,,,,,,,,,,,,,,,,,,,,,,,,,,,idle
1778097250.487954,g2.hpc.coe,41393.0,0.5001,0.0,0.0,0.0,12288.0,136138255555.0,136368644447.0,139264676.0,139448417.0,3127583.0,0.0,0.0,0.0,0.0,0.0,0.0,0.0,0.0,0.0,0.0,0.0,0.0,378.0,57.0,2.0,1.0,0.0,0.0,0.0,0.0,0.0,0.0,0.0,0.0,0.0,idle
,idle,,,,,,,,,,,,,,,,,,,,,,,,,,,,,,,,,,,,,idle
1778097250.988075,g2.hpc.coe,41393.0,0.5001,0.0,0.0,0.0,12288.0,136138255975.0,136368644504.0,139264678.0,139448418.0,3127583.0,0.0,0.0,0.0,0.0,0.0,0.0,0.0,0.0,0.0,0.0,0.0,0.0,420.0,57.0,2.0,1.0,0.0,0.0,0.0,0.0,0.0,0.0,0.0,0.0,0.0,idle
,idle,,,,,,,,,,,,,,,,,,,,,,,,,,,,,,,,,,,,,idle
1778097251.4881964,g2.hpc.coe,41393.0,0.5001,0.0,0.0,0.0,12288.0,136138256437.0,136368644561.0,139264680.0,139448419.0,3127583.0,0.0,0.0,0.0,0.0,0.0,0.0,0.0,0.0,0.0,0.0,0.0,0.0,462.0,57.0,2.0,1.0,0.0,0.0,0.0,0.0,0.0,0.0,0.0,0.0,0.0,idle
,idle,,,,,,,,,,,,,,,,,,,,,,,,,,,,,,,,,,,,,idle
1778097251.988317,g2.hpc.coe,41393.0,0.5001,0.0,0.0,0.0,12288.0,136138256941.0,136368644618.0,139264682.0,139448420.0,3127583.0,0.0,0.0,0.0,0.0,0.0,0.0,0.0,0.0,0.0,0.0,0.0,0.0,504.0,57.0,2.0,1.0,0.0,0.0,0.0,0.0,0.0,0.0,0.0,0.0,0.0,idle
,idle,,,,,,,,,,,,,,,,,,,,,,,,,,,,,,,,,,,,,idle
1778097252.4884362,g2.hpc.coe,41393.0,0.5001,0.0,0.0,0.0,12288.0,136138257509.0,136368644697.0,139264685.0,139448422.0,3127583.0,0.0,0.0,0.0,0.0,0.0,0.0,0.0,0.0,0.0,0.0,0.0,0.0,568.0,79.0,3.0,2.0,0.0,0.0,0.0,0.0,0.0,0.0,0.0,0.0,0.0,idle
,idle,,,,,,,,,,,,,,,,,,,,,,,,,,,,,,,,,,,,,idle
1778097252.9885364,g2.hpc.coe,41393.0,0.5001,0.0,0.0,0.0,12288.0,136138258119.0,136368644776.0,139264688.0,139448424.0,3127583.0,0.0,0.0,0.0,0.0,0.0,0.0,0.0,0.0,0.0,0.0,0.0,0.0,610.0,79.0,3.0,2.0,0.0,0.0,0.0,0.0,0.0,0.0,0.0,0.0,0.0,idle
,idle,,,,,,,,,,,,,,,,,,,,,,,,,,,,,,,,,,,,,idle
1778097253.4886646,g2.hpc.coe,41393.0,0.5001,0.0,0.0,0.0,12288.0,136138258772.0,136368644855.0,139264691.0,139448426.0,3127583.0,0.0,0.0,0.0,0.0,0.0,0.0,0.0,0.0,0.0,0.0,0.0,0.0,653.0,79.0,3.0,2.0,0.0,0.0,0.0,0.0,0.0,0.0,0.0,0.0,0.0,idle
,idle,,,,,,,,,,,,,,,,,,,,,,,,,,,,,,,,,,,,,idle
1778097253.9887905,g2.hpc.coe,41393.0,0.5001,0.0,0.0,0.0,12288.0,136138259467.0,136368644934.0,139264694.0,139448428.0,3127583.0,0.0,0.0,0.0,0.0,0.0,0.0,0.0,0.0,0.0,0.0,0.0,0.0,695.0,79.0,3.0,2.0,0.0,0.0,0.0,0.0,0.0,0.0,0.0,0.0,0.0,idle
,idle,,,,,,,,,,,,,,,,,,,,,,,,,,,,,,,,,,,,,idle
1778097254.488901,g2.hpc.coe,41393.0,0.5001,0.0,0.0,0.0,12288.0,136138260281.0,136368645068.0,139264699.0,139448431.0,3127583.0,0.0,0.0,0.0,0.0,0.0,0.0,0.0,0.0,0.0,0.0,0.0,0.0,814.0,134.0,5.0,3.0,0.0,0.0,0.0,0.0,0.0,0.0,0.0,0.0,0.0,idle
,idle,,,,,,,,,,,,,,,,,,,,,,,,,,,,,,,,,,,,,idle
1778097254.989022,g2.hpc.coe,41393.0,0.5001,0.0,0.0,0.0,12288.0,136138261061.0,136368645147.0,139264702.0,139448433.0,3127583.0,0.0,0.0,0.0,0.0,0.0,0.0,0.0,0.0,0.0,0.0,0.0,0.0,780.0,79.0,3.0,2.0,0.0,0.0,0.0,0.0,0.0,0.0,0.0,0.0,0.0,idle
,idle,,,,,,,,,,,,,,,,,,,,,,,,,,,,,,,,,,,,,idle
1778097255.4891458,g2.hpc.coe,41393.0,0.5001,0.0,0.0,0.0,12288.0,136138261883.0,136368645226.0,139264705.0,139448435.0,3127583.0,0.0,0.0,0.0,0.0,0.0,0.0,0.0,0.0,0.0,0.0,0.0,0.0,822.0,79.0,3.0,2.0,0.0,0.0,0.0,0.0,0.0,0.0,0.0,0.0,0.0,idle
,idle,,,,,,,,,,,,,,,,,,,,,,,,,,,,,,,,,,,,,idle
1778097255.9892852,g2.hpc.coe,41393.0,0.5001,0.0,0.0,0.0,12288.0,136138262747.0,136368645305.0,139264708.0,139448437.0,3127583.0,0.0,0.0,0.0,0.0,0.0,0.0,0.0,0.0,0.0,0.0,0.0,0.0,864.0,79.0,3.0,2.0,0.0,0.0,0.0,0.0,0.0,0.0,0.0,0.0,0.0,idle
,idle,,,,,,,,,,,,,,,,,,,,,,,,,,,,,,,,,,,,,idle
1778097256.4894087,g2.hpc.coe,41393.0,0.5001,0.0,0.0,0.0,12288.0,136138263653.0,136368645384.0,139264711.0,139448439.0,3127583.0,0.0,0.0,0.0,0.0,0.0,0.0,0.0,0.0,0.0,0.0,0.0,0.0,906.0,79.0,3.0,2.0,0.0,0.0,0.0,0.0,0.0,0.0,0.0,0.0,0.0,idle
,idle,,,,,,,,,,,,,,,,,,,,,,,,,,,,,,,,,,,,,idle
1778097256.989535,g2.hpc.coe,41393.0,0.5001,0.0,0.0,0.0,12288.0,136138265224.0,136368645910.0,139264729.0,139448449.0,3127583.0,0.0,0.0,0.0,0.0,0.0,0.0,0.0,0.0,0.0,0.0,0.0,0.0,1571.0,526.0,18.0,10.0,0.0,0.0,0.0,0.0,0.0,0.0,0.0,0.0,0.0,idle
,idle,,,,,,,,,,,,,,,,,,,,,,,,,,,,,,,,,,,,,idle
1778097257.4896543,g2.hpc.coe,41393.0,0.5001,0.0,0.0,0.0,12288.0,136138266216.0,136368645989.0,139264732.0,139448451.0,3127583.0,0.0,0.0,0.0,0.0,0.0,0.0,0.0,0.0,0.0,0.0,0.0,0.0,992.0,79.0,3.0,2.0,0.0,0.0,0.0,0.0,0.0,0.0,0.0,0.0,0.0,idle
,idle,,,,,,,,,,,,,,,,,,,,,,,,,,,,,,,,,,,,,idle
1778097257.9897778,g2.hpc.coe,41393.0,0.5001,0.0,0.0,0.0,12288.0,136138267250.0,136368646068.0,139264735.0,139448453.0,3127583.0,0.0,0.0,0.0,0.0,0.0,0.0,0.0,0.0,0.0,0.0,0.0,0.0,1034.0,79.0,3.0,2.0,0.0,0.0,0.0,0.0,0.0,0.0,0.0,0.0,0.0,idle
,idle,,,,,,,,,,,,,,,,,,,,,,,,,,,,,,,,,,,,,idle
1778097258.489885,g2.hpc.coe,41393.0,0.5001,0.0,0.0,0.0,12288.0,136138268348.0,136368646147.0,139264739.0,139448455.0,3127583.0,0.0,0.0,0.0,0.0,0.0,0.0,0.0,0.0,0.0,0.0,0.0,0.0,1098.0,79.0,4.0,2.0,0.0,0.0,0.0,0.0,0.0,0.0,0.0,0.0,0.0,idle
,idle,,,,,,,,,,,,,,,,,,,,,,,,,,,,,,,,,,,,,idle
1778097258.9900088,g2.hpc.coe,41393.0,0.5001,0.0,0.0,0.0,12288.0,136138269489.0,136368646226.0,139264743.0,139448457.0,3127583.0,0.0,0.0,0.0,0.0,0.0,0.0,0.0,0.0,0.0,0.0,0.0,0.0,1141.0,79.0,4.0,2.0,0.0,0.0,0.0,0.0,0.0,0.0,0.0,0.0,0.0,idle
,idle,,,,,,,,,,,,,,,,,,,,,,,,,,,,,,,,,,,,,idle
1778097259.4901388,g2.hpc.coe,41393.0,0.5001,0.0,0.0,0.0,12288.0,136138270749.0,136368646360.0,139264749.0,139448460.0,3127583.0,0.0,0.0,0.0,0.0,0.0,0.0,0.0,0.0,0.0,0.0,0.0,0.0,1260.0,134.0,6.0,3.0,0.0,0.0,0.0,0.0,0.0,0.0,0.0,0.0,0.0,idle
,idle,,,,,,,,,,,,,,,,,,,,,,,,,,,,,,,,,,,,,idle
1778097259.9902582,g2.hpc.coe,41393.0,0.5001,0.0,0.0,0.0,12288.0,136138270907.0,136368646417.0,139264751.0,139448461.0,3127583.0,0.0,0.0,0.0,0.0,0.0,0.0,0.0,0.0,0.0,0.0,0.0,0.0,158.0,57.0,2.0,1.0,0.0,0.0,0.0,0.0,0.0,0.0,0.0,0.0,0.0,idle
,idle,,,,,,,,,,,,,,,,,,,,,,,,,,,,,,,,,,,,,idle
1778097260.4903886,g2.hpc.coe,41393.0,0.5001,0.0,0.0,0.0,12288.0,136138271107.0,136368646474.0,139264753.0,139448462.0,3127583.0,0.0,0.0,0.0,0.0,0.0,0.0,0.0,0.0,0.0,0.0,0.0,0.0,200.0,57.0,2.0,1.0,0.0,0.0,0.0,0.0,0.0,0.0,0.0,0.0,0.0,idle
,idle,,,,,,,,,,,,,,,,,,,,,,,,,,,,,,,,,,,,,idle
1778097260.9905088,g2.hpc.coe,41393.0,0.5001,0.0,0.0,0.0,12288.0,136138271350.0,136368646531.0,139264755.0,139448463.0,3127583.0,0.0,0.0,0.0,0.0,0.0,0.0,0.0,0.0,0.0,0.0,0.0,0.0,243.0,57.0,2.0,1.0,0.0,0.0,0.0,0.0,0.0,0.0,0.0,0.0,0.0,idle
,idle,,,,,,,,,,,,,,,,,,,,,,,,,,,,,,,,,,,,,idle
1778097261.4906335,g2.hpc.coe,41393.0,0.5001,0.0,0.0,0.0,12288.0,136138271635.0,136368646588.0,139264757.0,139448464.0,3127583.0,0.0,0.0,0.0,0.0,0.0,0.0,0.0,0.0,0.0,0.0,0.0,0.0,285.0,57.0,2.0,1.0,0.0,0.0,0.0,0.0,0.0,0.0,0.0,0.0,0.0,idle
,idle,,,,,,,,,,,,,,,,,,,,,,,,,,,,,,,,,,,,,idle
1778097261.9907627,g2.hpc.coe,41393.0,0.5001,0.0,0.0,0.0,12288.0,136138271962.0,136368646645.0,139264759.0,139448465.0,3127583.0,0.0,0.0,0.0,0.0,0.0,0.0,0.0,0.0,0.0,0.0,0.0,0.0,327.0,57.0,2.0,1.0,0.0,0.0,0.0,0.0,0.0,0.0,0.0,0.0,0.0,idle
,idle,,,,,,,,,,,,,,,,,,,,,,,,,,,,,,,,,,,,,idle
1778097262.4908707,g2.hpc.coe,41393.0,0.5001,0.0,0.0,0.0,12288.0,136138272331.0,136368646702.0,139264761.0,139448466.0,3127583.0,0.0,0.0,0.0,0.0,0.0,0.0,0.0,0.0,0.0,0.0,0.0,0.0,369.0,57.0,2.0,1.0,0.0,0.0,0.0,0.0,0.0,0.0,0.0,0.0,0.0,idle
,idle,,,,,,,,,,,,,,,,,,,,,,,,,,,,,,,,,,,,,idle
1778097262.9909325,g2.hpc.coe,41393.0,0.5001,0.0,0.0,0.0,12288.0,136138272743.0,136368646759.0,139264763.0,139448467.0,3127583.0,0.0,0.0,0.0,0.0,0.0,0.0,0.0,0.0,0.0,0.0,0.0,0.0,412.0,57.0,2.0,1.0,0.0,0.0,0.0,0.0,0.0,0.0,0.0,0.0,0.0,idle
,idle,,,,,,,,,,,,,,,,,,,,,,,,,,,,,,,,,,,,,idle
1778097263.491053,g2.hpc.coe,41393.0,0.5001,0.0,0.0,0.0,12288.0,136138273197.0,136368646816.0,139264765.0,139448468.0,3127583.0,0.0,0.0,0.0,0.0,0.0,0.0,0.0,0.0,0.0,0.0,0.0,0.0,454.0,57.0,2.0,1.0,0.0,0.0,0.0,0.0,0.0,0.0,0.0,0.0,0.0,idle
,idle,,,,,,,,,,,,,,,,,,,,,,,,,,,,,,,,,,,,,idle
1778097263.991177,g2.hpc.coe,41393.0,0.5001,0.0,0.0,0.0,12288.0,136138273693.0,136368646873.0,139264767.0,139448469.0,3127583.0,0.0,0.0,0.0,0.0,0.0,0.0,0.0,0.0,0.0,0.0,0.0,0.0,496.0,57.0,2.0,1.0,0.0,0.0,0.0,0.0,0.0,0.0,0.0,0.0,0.0,idle
,idle,,,,,,,,,,,,,,,,,,,,,,,,,,,,,,,,,,,,,idle
1778097264.4912975,g2.hpc.coe,41393.0,0.5001,0.0,0.0,0.0,12288.0,136138274308.0,136368646985.0,139264771.0,139448471.0,3127583.0,0.0,0.0,0.0,0.0,0.0,0.0,0.0,0.0,0.0,0.0,0.0,0.0,615.0,112.0,4.0,2.0,0.0,0.0,0.0,0.0,0.0,0.0,0.0,0.0,0.0,idle
,idle,,,,,,,,,,,,,,,,,,,,,,,,,,,,,,,,,,,,,idle
1778097264.991409,g2.hpc.coe,41393.0,0.5001,0.0,0.0,0.0,12288.0,136138274911.0,136368647064.0,139264774.0,139448473.0,3127583.0,0.0,0.0,0.0,0.0,0.0,0.0,0.0,0.0,0.0,0.0,0.0,0.0,603.0,79.0,3.0,2.0,0.0,0.0,0.0,0.0,0.0,0.0,0.0,0.0,0.0,idle
,idle,,,,,,,,,,,,,,,,,,,,,,,,,,,,,,,,,,,,,idle
1778097265.4915185,g2.hpc.coe,41393.0,0.5001,0.0,0.0,0.0,12288.0,136138275556.0,136368647143.0,139264777.0,139448475.0,3127583.0,0.0,0.0,0.0,0.0,0.0,0.0,0.0,0.0,0.0,0.0,0.0,0.0,645.0,79.0,3.0,2.0,0.0,0.0,0.0,0.0,0.0,0.0,0.0,0.0,0.0,idle
,idle,,,,,,,,,,,,,,,,,,,,,,,,,,,,,,,,,,,,,idle
1778097265.9916463,g2.hpc.coe,41393.0,0.5001,0.0,0.0,0.0,12288.0,136138276243.0,136368647222.0,139264780.0,139448477.0,3127583.0,0.0,0.0,0.0,0.0,0.0,0.0,0.0,0.0,0.0,0.0,0.0,0.0,687.0,79.0,3.0,2.0,0.0,0.0,0.0,0.0,0.0,0.0,0.0,0.0,0.0,idle
,idle,,,,,,,,,,,,,,,,,,,,,,,,,,,,,,,,,,,,,idle
1778097266.491783,g2.hpc.coe,41393.0,0.5001,0.0,0.0,0.0,12288.0,136138276972.0,136368647301.0,139264783.0,139448479.0,3127583.0,0.0,0.0,0.0,0.0,0.0,0.0,0.0,0.0,0.0,0.0,0.0,0.0,729.0,79.0,3.0,2.0,0.0,0.0,0.0,0.0,0.0,0.0,0.0,0.0,0.0,idle
,idle,,,,,,,,,,,,,,,,,,,,,,,,,,,,,,,,,,,,,idle
1778097266.9919074,g2.hpc.coe,41393.0,0.5001,0.0,0.0,0.0,12288.0,136138277743.0,136368647380.0,139264786.0,139448481.0,3127583.0,0.0,0.0,0.0,0.0,0.0,0.0,0.0,0.0,0.0,0.0,0.0,0.0,771.0,79.0,3.0,2.0,0.0,0.0,0.0,0.0,0.0,0.0,0.0,0.0,0.0,idle
,idle,,,,,,,,,,,,,,,,,,,,,,,,,,,,,,,,,,,,,idle
1778097267.4920416,g2.hpc.coe,41393.0,0.5001,0.0,0.0,0.0,12288.0,136138278556.0,136368647459.0,139264789.0,139448483.0,3127583.0,0.0,0.0,0.0,0.0,0.0,0.0,0.0,0.0,0.0,0.0,0.0,0.0,813.0,79.0,3.0,2.0,0.0,0.0,0.0,0.0,0.0,0.0,0.0,0.0,0.0,idle
,idle,,,,,,,,,,,,,,,,,,,,,,,,,,,,,,,,,,,,,idle
1778097267.992152,g2.hpc.coe,41393.0,0.5001,0.0,0.0,0.0,12288.0,136138279412.0,136368647538.0,139264792.0,139448485.0,3127583.0,0.0,0.0,0.0,0.0,0.0,0.0,0.0,0.0,0.0,0.0,0.0,0.0,856.0,79.0,3.0,2.0,0.0,0.0,0.0,0.0,0.0,0.0,0.0,0.0,0.0,idle
,idle,,,,,,,,,,,,,,,,,,,,,,,,,,,,,,,,,,,,,idle
1778097268.492282,g2.hpc.coe,41393.0,0.5001,0.0,0.0,0.0,12288.0,136138280310.0,136368647617.0,139264795.0,139448487.0,3127583.0,0.0,0.0,0.0,0.0,0.0,0.0,0.0,0.0,0.0,0.0,0.0,0.0,898.0,79.0,3.0,2.0,0.0,0.0,0.0,0.0,0.0,0.0,0.0,0.0,0.0,idle
,idle,,,,,,,,,,,,,,,,,,,,,,,,,,,,,,,,,,,,,idle
1778097268.992386,g2.hpc.coe,41393.0,0.5001,0.0,0.0,0.0,12288.0,136138281250.0,136368647696.0,139264798.0,139448489.0,3127583.0,0.0,0.0,0.0,0.0,0.0,0.0,0.0,0.0,0.0,0.0,0.0,0.0,940.0,79.0,3.0,2.0,0.0,0.0,0.0,0.0,0.0,0.0,0.0,0.0,0.0,idle
,idle,,,,,,,,,,,,,,,,,,,,,,,,,,,,,,,,,,,,,idle
1778097269.4925103,g2.hpc.coe,41393.0,0.5001,0.0,0.0,0.0,12288.0,136138282287.0,136368647830.0,139264802.0,139448492.0,3127583.0,0.0,0.0,0.0,0.0,0.0,0.0,0.0,0.0,0.0,0.0,0.0,0.0,1037.0,134.0,4.0,3.0,0.0,0.0,0.0,0.0,0.0,0.0,0.0,0.0,0.0,idle
,idle,,,,,,,,,,,,,,,,,,,,,,,,,,,,,,,,,,,,,idle
1778097269.9926426,g2.hpc.coe,41393.0,0.5001,0.0,0.0,0.0,12288.0,136138283334.0,136368647909.0,139264806.0,139448494.0,3127583.0,0.0,0.0,0.0,0.0,0.0,0.0,0.0,0.0,0.0,0.0,0.0,0.0,1047.0,79.0,4.0,2.0,0.0,0.0,0.0,0.0,0.0,0.0,0.0,0.0,0.0,idle
,idle,,,,,,,,,,,,,,,,,,,,,,,,,,,,,,,,,,,,,idle
1778097270.4927526,g2.hpc.coe,41393.0,0.5001,0.0,0.0,0.0,12288.0,136138284423.0,136368647988.0,139264810.0,139448496.0,3127583.0,0.0,0.0,0.0,0.0,0.0,0.0,0.0,0.0,0.0,0.0,0.0,0.0,1089.0,79.0,4.0,2.0,0.0,0.0,0.0,0.0,0.0,0.0,0.0,0.0,0.0,idle
,idle,,,,,,,,,,,,,,,,,,,,,,,,,,,,,,,,,,,,,idle
1778097270.9928849,g2.hpc.coe,41393.0,0.5001,0.0,0.0,0.0,12288.0,136138285555.0,136368648067.0,139264814.0,139448498.0,3127583.0,0.0,0.0,0.0,0.0,0.0,0.0,0.0,0.0,0.0,0.0,0.0,0.0,1132.0,79.0,4.0,2.0,0.0,0.0,0.0,0.0,0.0,0.0,0.0,0.0,0.0,idle
,idle,,,,,,,,,,,,,,,,,,,,,,,,,,,,,,,,,,,,,idle
1778097271.4930196,g2.hpc.coe,41393.0,0.5001,0.0,0.0,0.0,12288.0,136138286729.0,136368648146.0,139264818.0,139448500.0,3127583.0,0.0,0.0,0.0,0.0,0.0,0.0,0.0,0.0,0.0,0.0,0.0,0.0,1174.0,79.0,4.0,2.0,0.0,0.0,0.0,0.0,0.0,0.0,0.0,0.0,0.0,idle
,idle,,,,,,,,,,,,,,,,,,,,,,,,,,,,,,,,,,,,,idle
1778097271.9931474,g2.hpc.coe,41393.0,0.5001,0.0,0.0,0.0,12288.0,136138287501.0,136368648650.0,139264835.0,139448509.0,3127583.0,0.0,0.0,0.0,0.0,0.0,0.0,0.0,0.0,0.0,0.0,0.0,0.0,772.0,504.0,17.0,9.0,0.0,0.0,0.0,0.0,0.0,0.0,0.0,0.0,0.0,idle
,idle,,,,,,,,,,,,,,,,,,,,,,,,,,,,,,,,,,,,,idle
1778097272.4932697,g2.hpc.coe,41393.0,0.5001,0.0,0.0,0.0,12288.0,136138287692.0,136368648707.0,139264837.0,139448510.0,3127583.0,0.0,0.0,0.0,0.0,0.0,0.0,0.0,0.0,0.0,0.0,0.0,0.0,191.0,57.0,2.0,1.0,0.0,0.0,0.0,0.0,0.0,0.0,0.0,0.0,0.0,idle
,idle,,,,,,,,,,,,,,,,,,,,,,,,,,,,,,,,,,,,,idle
1778097272.9933932,g2.hpc.coe,41393.0,0.5001,0.0,0.0,0.0,12288.0,136138287926.0,136368648764.0,139264839.0,139448511.0,3127583.0,0.0,0.0,0.0,0.0,0.0,0.0,0.0,0.0,0.0,0.0,0.0,0.0,234.0,57.0,2.0,1.0,0.0,0.0,0.0,0.0,0.0,0.0,0.0,0.0,0.0,idle
,idle,,,,,,,,,,,,,,,,,,,,,,,,,,,,,,,,,,,,,idle
1778097273.4935224,g2.hpc.coe,41393.0,0.5001,0.0,0.0,0.0,12288.0,136138288202.0,136368648821.0,139264841.0,139448512.0,3127583.0,0.0,0.0,0.0,0.0,0.0,0.0,0.0,0.0,0.0,0.0,0.0,0.0,276.0,57.0,2.0,1.0,0.0,0.0,0.0,0.0,0.0,0.0,0.0,0.0,0.0,idle
,idle,,,,,,,,,,,,,,,,,,,,,,,,,,,,,,,,,,,,,idle
1778097273.9936554,g2.hpc.coe,41393.0,0.5001,0.0,0.0,0.0,12288.0,136138288520.0,136368648878.0,139264843.0,139448513.0,3127583.0,0.0,0.0,0.0,0.0,0.0,0.0,0.0,0.0,0.0,0.0,0.0,0.0,318.0,57.0,2.0,1.0,0.0,0.0,0.0,0.0,0.0,0.0,0.0,0.0,0.0,idle
,idle,,,,,,,,,,,,,,,,,,,,,,,,,,,,,,,,,,,,,idle
1778097274.4937932,g2.hpc.coe,41393.0,0.5001,0.0,0.0,0.0,12288.0,136138288880.0,136368648935.0,139264845.0,139448514.0,3127583.0,0.0,0.0,0.0,0.0,0.0,0.0,0.0,0.0,0.0,0.0,0.0,0.0,360.0,57.0,2.0,1.0,0.0,0.0,0.0,0.0,0.0,0.0,0.0,0.0,0.0,idle
,idle,,,,,,,,,,,,,,,,,,,,,,,,,,,,,,,,,,,,,idle
1778097274.993928,g2.hpc.coe,41393.0,0.5001,0.0,0.0,0.0,12288.0,136138289360.0,136368649047.0,139264849.0,139448516.0,3127583.0,0.0,0.0,0.0,0.0,0.0,0.0,0.0,0.0,0.0,0.0,0.0,0.0,480.0,112.0,4.0,2.0,0.0,0.0,0.0,0.0,0.0,0.0,0.0,0.0,0.0,idle
,idle,,,,,,,,,,,,,,,,,,,,,,,,,,,,,,,,,,,,,idle
1778097275.4940596,g2.hpc.coe,41393.0,0.5001,0.0,0.0,0.0,12288.0,136138289805.0,136368649104.0,139264851.0,139448517.0,3127583.0,0.0,0.0,0.0,0.0,0.0,0.0,0.0,0.0,0.0,0.0,0.0,0.0,445.0,57.0,2.0,1.0,0.0,0.0,0.0,0.0,0.0,0.0,0.0,0.0,0.0,idle
,idle,,,,,,,,,,,,,,,,,,,,,,,,,,,,,,,,,,,,,idle
1778097275.9941716,g2.hpc.coe,41393.0,0.5001,0.0,0.0,0.0,12288.0,136138290292.0,136368649161.0,139264853.0,139448518.0,3127583.0,0.0,0.0,0.0,0.0,0.0,0.0,0.0,0.0,0.0,0.0,0.0,0.0,487.0,57.0,2.0,1.0,0.0,0.0,0.0,0.0,0.0,0.0,0.0,0.0,0.0,idle
,idle,,,,,,,,,,,,,,,,,,,,,,,,,,,,,,,,,,,,,idle
1778097276.4942904,g2.hpc.coe,41393.0,0.5001,0.0,0.0,0.0,12288.0,136138290821.0,136368649218.0,139264855.0,139448519.0,3127583.0,0.0,0.0,0.0,0.0,0.0,0.0,0.0,0.0,0.0,0.0,0.0,0.0,529.0,57.0,2.0,1.0,0.0,0.0,0.0,0.0,0.0,0.0,0.0,0.0,0.0,idle
,idle,,,,,,,,,,,,,,,,,,,,,,,,,,,,,,,,,,,,,idle
1778097276.9944243,g2.hpc.coe,41393.0,0.5001,0.0,0.0,0.0,12288.0,136138291415.0,136368649297.0,139264858.0,139448521.0,3127583.0,0.0,0.0,0.0,0.0,0.0,0.0,0.0,0.0,0.0,0.0,0.0,0.0,594.0,79.0,3.0,2.0,0.0,0.0,0.0,0.0,0.0,0.0,0.0,0.0,0.0,idle
,idle,,,,,,,,,,,,,,,,,,,,,,,,,,,,,,,,,,,,,idle
1778097277.4945607,g2.hpc.coe,41393.0,0.5001,0.0,0.0,0.0,12288.0,136138292051.0,136368649376.0,139264861.0,139448523.0,3127583.0,0.0,0.0,0.0,0.0,0.0,0.0,0.0,0.0,0.0,0.0,0.0,0.0,636.0,79.0,3.0,2.0,0.0,0.0,0.0,0.0,0.0,0.0,0.0,0.0,0.0,idle
,idle,,,,,,,,,,,,,,,,,,,,,,,,,,,,,,,,,,,,,idle
1778097277.9946897,g2.hpc.coe,41393.0,0.5001,0.0,0.0,0.0,12288.0,136138292729.0,136368649455.0,139264864.0,139448525.0,3127583.0,0.0,0.0,0.0,0.0,0.0,0.0,0.0,0.0,0.0,0.0,0.0,0.0,678.0,79.0,3.0,2.0,0.0,0.0,0.0,0.0,0.0,0.0,0.0,0.0,0.0,idle
,idle,,,,,,,,,,,,,,,,,,,,,,,,,,,,,,,,,,,,,idle
1778097278.4948175,g2.hpc.coe,41393.0,0.5001,0.0,0.0,0.0,12288.0,136138293449.0,136368649534.0,139264867.0,139448527.0,3127583.0,0.0,0.0,0.0,0.0,0.0,0.0,0.0,0.0,0.0,0.0,0.0,0.0,720.0,79.0,3.0,2.0,0.0,0.0,0.0,0.0,0.0,0.0,0.0,0.0,0.0,idle
,idle,,,,,,,,,,,,,,,,,,,,,,,,,,,,,,,,,,,,,idle
1778097278.9949417,g2.hpc.coe,41393.0,0.5001,0.0,0.0,0.0,12288.0,136138294212.0,136368649613.0,139264870.0,139448529.0,3127583.0,0.0,0.0,0.0,0.0,0.0,0.0,0.0,0.0,0.0,0.0,0.0,0.0,763.0,79.0,3.0,2.0,0.0,0.0,0.0,0.0,0.0,0.0,0.0,0.0,0.0,idle
,idle,,,,,,,,,,,,,,,,,,,,,,,,,,,,,,,,,,,,,idle
1778097279.4950466,g2.hpc.coe,41393.0,0.5001,0.0,0.0,0.0,12288.0,136138295274.0,136368649947.0,139264878.0,139448536.0,3127583.0,0.0,0.0,0.0,0.0,0.0,0.0,0.0,0.0,0.0,0.0,0.0,0.0,1062.0,334.0,8.0,7.0,0.0,0.0,0.0,0.0,0.0,0.0,0.0,0.0,0.0,idle
,idle,,,,,,,,,,,,,,,,,,,,,,,,,,,,,,,,,,,,,idle
1778097279.995176,g2.hpc.coe,41393.0,0.5001,0.0,0.0,0.0,12288.0,136138296221.0,136368650081.0,139264884.0,139448539.0,3127583.0,0.0,0.0,0.0,0.0,0.0,0.0,0.0,0.0,0.0,0.0,0.0,0.0,947.0,134.0,6.0,3.0,0.0,0.0,0.0,0.0,0.0,0.0,0.0,0.0,0.0,idle
,idle,,,,,,,,,,,,,,,,,,,,,,,,,,,,,,,,,,,,,idle
1778097280.4952996,g2.hpc.coe,41393.0,0.5001,0.0,0.0,0.0,12288.0,136138297111.0,136368650160.0,139264887.0,139448541.0,3127583.0,0.0,0.0,0.0,0.0,0.0,0.0,0.0,0.0,0.0,0.0,0.0,0.0,890.0,79.0,3.0,2.0,0.0,0.0,0.0,0.0,0.0,0.0,0.0,0.0,0.0,idle
,idle,,,,,,,,,,,,,,,,,,,,,,,,,,,,,,,,,,,,,idle
1778097280.9954028,g2.hpc.coe,41393.0,0.5001,0.0,0.0,0.0,12288.0,136138298043.0,136368650239.0,139264890.0,139448543.0,3127583.0,0.0,0.0,0.0,0.0,0.0,0.0,0.0,0.0,0.0,0.0,0.0,0.0,932.0,79.0,3.0,2.0,0.0,0.0,0.0,0.0,0.0,0.0,0.0,0.0,0.0,idle
,idle,,,,,,,,,,,,,,,,,,,,,,,,,,,,,,,,,,,,,idle
1778097281.4955354,g2.hpc.coe,41393.0,0.5001,0.0,0.0,0.0,12288.0,136138299017.0,136368650318.0,139264893.0,139448545.0,3127583.0,0.0,0.0,0.0,0.0,0.0,0.0,0.0,0.0,0.0,0.0,0.0,0.0,974.0,79.0,3.0,2.0,0.0,0.0,0.0,0.0,0.0,0.0,0.0,0.0,0.0,idle
,idle,,,,,,,,,,,,,,,,,,,,,,,,,,,,,,,,,,,,,idle
1778097281.9956524,g2.hpc.coe,41393.0,0.5001,0.0,0.0,0.0,12288.0,136138300034.0,136368650397.0,139264896.0,139448547.0,3127583.0,0.0,0.0,0.0,0.0,0.0,0.0,0.0,0.0,0.0,0.0,0.0,0.0,1017.0,79.0,3.0,2.0,0.0,0.0,0.0,0.0,0.0,0.0,0.0,0.0,0.0,idle
,idle,,,,,,,,,,,,,,,,,,,,,,,,,,,,,,,,,,,,,idle
1778097282.4957993,g2.hpc.coe,41393.0,0.5001,0.0,0.0,0.0,12288.0,136138301093.0,136368650476.0,139264899.0,139448549.0,3127583.0,0.0,0.0,0.0,0.0,0.0,0.0,0.0,0.0,0.0,0.0,0.0,0.0,1059.0,79.0,3.0,2.0,0.0,0.0,0.0,0.0,0.0,0.0,0.0,0.0,0.0,idle
,idle,,,,,,,,,,,,,,,,,,,,,,,,,,,,,,,,,,,,,idle
1778097282.9959185,g2.hpc.coe,41393.0,0.5001,0.0,0.0,0.0,12288.0,136138302217.0,136368650555.0,139264903.0,139448551.0,3127583.0,0.0,0.0,0.0,0.0,0.0,0.0,0.0,0.0,0.0,0.0,0.0,0.0,1124.0,79.0,4.0,2.0,0.0,0.0,0.0,0.0,0.0,0.0,0.0,0.0,0.0,idle
,idle,,,,,,,,,,,,,,,,,,,,,,,,,,,,,,,,,,,,,idle
1778097283.496022,g2.hpc.coe,41393.0,0.5001,0.0,0.0,0.0,12288.0,136138303383.0,136368650634.0,139264907.0,139448553.0,3127583.0,0.0,0.0,0.0,0.0,0.0,0.0,0.0,0.0,0.0,0.0,0.0,0.0,1166.0,79.0,4.0,2.0,0.0,0.0,0.0,0.0,0.0,0.0,0.0,0.0,0.0,idle
,idle,,,,,,,,,,,,,,,,,,,,,,,,,,,,,,,,,,,,,idle
1778097283.9961405,g2.hpc.coe,41393.0,0.5001,0.0,0.0,0.0,12288.0,136138303523.0,136368650691.0,139264909.0,139448554.0,3127583.0,0.0,0.0,0.0,0.0,0.0,0.0,0.0,0.0,0.0,0.0,0.0,0.0,140.0,57.0,2.0,1.0,0.0,0.0,0.0,0.0,0.0,0.0,0.0,0.0,0.0,idle
,idle,,,,,,,,,,,,,,,,,,,,,,,,,,,,,,,,,,,,,idle
1778097284.4962716,g2.hpc.coe,41393.0,0.5001,0.0,0.0,0.0,12288.0,136138303706.0,136368650748.0,139264911.0,139448555.0,3127583.0,0.0,0.0,0.0,0.0,0.0,0.0,0.0,0.0,0.0,0.0,0.0,0.0,183.0,57.0,2.0,1.0,0.0,0.0,0.0,0.0,0.0,0.0,0.0,0.0,0.0,idle
,idle,,,,,,,,,,,,,,,,,,,,,,,,,,,,,,,,,,,,,idle
1778097284.9964058,g2.hpc.coe,41393.0,0.5001,0.0,0.0,0.0,12288.0,136138304008.0,136368650860.0,139264915.0,139448557.0,3127583.0,0.0,0.0,0.0,0.0,0.0,0.0,0.0,0.0,0.0,0.0,0.0,0.0,302.0,112.0,4.0,2.0,0.0,0.0,0.0,0.0,0.0,0.0,0.0,0.0,0.0,idle
,idle,,,,,,,,,,,,,,,,,,,,,,,,,,,,,,,,,,,,,idle
1778097285.4965343,g2.hpc.coe,41393.0,0.5001,0.0,0.0,0.0,12288.0,136138304275.0,136368650917.0,139264917.0,139448558.0,3127583.0,0.0,0.0,0.0,0.0,0.0,0.0,0.0,0.0,0.0,0.0,0.0,0.0,267.0,57.0,2.0,1.0,0.0,0.0,0.0,0.0,0.0,0.0,0.0,0.0,0.0,idle
,idle,,,,,,,,,,,,,,,,,,,,,,,,,,,,,,,,,,,,,idle
1778097285.9966693,g2.hpc.coe,41393.0,0.5001,0.0,0.0,0.0,12288.0,136138304585.0,136368650974.0,139264919.0,139448559.0,3127583.0,0.0,0.0,0.0,0.0,0.0,0.0,0.0,0.0,0.0,0.0,0.0,0.0,310.0,57.0,2.0,1.0,0.0,0.0,0.0,0.0,0.0,0.0,0.0,0.0,0.0,idle
,idle,,,,,,,,,,,,,,,,,,,,,,,,,,,,,,,,,,,,,idle
1778097286.4967947,g2.hpc.coe,41393.0,0.5001,0.0,0.0,0.0,12288.0,136138304937.0,136368651031.0,139264921.0,139448560.0,3127583.0,0.0,0.0,0.0,0.0,0.0,0.0,0.0,0.0,0.0,0.0,0.0,0.0,352.0,57.0,2.0,1.0,0.0,0.0,0.0,0.0,0.0,0.0,0.0,0.0,0.0,idle
,idle,,,,,,,,,,,,,,,,,,,,,,,,,,,,,,,,,,,,,idle
1778097286.9969206,g2.hpc.coe,41393.0,0.5001,0.0,0.0,0.0,12288.0,136138305954.0,136368651535.0,139264938.0,139448569.0,3127583.0,0.0,0.0,0.0,0.0,0.0,0.0,0.0,0.0,0.0,0.0,0.0,0.0,1017.0,504.0,17.0,9.0,0.0,0.0,0.0,0.0,0.0,0.0,0.0,0.0,0.0,idle
,idle,,,,,,,,,,,,,,,,,,,,,,,,,,,,,,,,,,,,,idle
1778097287.4970436,g2.hpc.coe,41393.0,0.5001,0.0,0.0,0.0,12288.0,136138306391.0,136368651592.0,139264940.0,139448570.0,3127583.0,0.0,0.0,0.0,0.0,0.0,0.0,0.0,0.0,0.0,0.0,0.0,0.0,437.0,57.0,2.0,1.0,0.0,0.0,0.0,0.0,0.0,0.0,0.0,0.0,0.0,idle
,idle,,,,,,,,,,,,,,,,,,,,,,,,,,,,,,,,,,,,,idle
1778097287.997167,g2.hpc.coe,41393.0,0.5001,0.0,0.0,0.0,12288.0,136138306870.0,136368651649.0,139264942.0,139448571.0,3127583.0,0.0,0.0,0.0,0.0,0.0,0.0,0.0,0.0,0.0,0.0,0.0,0.0,479.0,57.0,2.0,1.0,0.0,0.0,0.0,0.0,0.0,0.0,0.0,0.0,0.0,idle
,idle,,,,,,,,,,,,,,,,,,,,,,,,,,,,,,,,,,,,,idle
1778097288.4972794,g2.hpc.coe,41393.0,0.5001,0.0,0.0,0.0,12288.0,136138307392.0,136368651706.0,139264944.0,139448572.0,3127583.0,0.0,0.0,0.0,0.0,0.0,0.0,0.0,0.0,0.0,0.0,0.0,0.0,522.0,57.0,2.0,1.0,0.0,0.0,0.0,0.0,0.0,0.0,0.0,0.0,0.0,idle
,idle,,,,,,,,,,,,,,,,,,,,,,,,,,,,,,,,,,,,,idle
1778097288.9974115,g2.hpc.coe,41393.0,0.5001,0.0,0.0,0.0,12288.0,136138307978.0,136368651785.0,139264947.0,139448574.0,3127583.0,0.0,0.0,0.0,0.0,0.0,0.0,0.0,0.0,0.0,0.0,0.0,0.0,586.0,79.0,3.0,2.0,0.0,0.0,0.0,0.0,0.0,0.0,0.0,0.0,0.0,idle
,idle,,,,,,,,,,,,,,,,,,,,,,,,,,,,,,,,,,,,,idle
1778097289.4975388,g2.hpc.coe,41393.0,0.5001,0.0,0.0,0.0,12288.0,136138308606.0,136368651864.0,139264950.0,139448576.0,3127583.0,0.0,0.0,0.0,0.0,0.0,0.0,0.0,0.0,0.0,0.0,0.0,0.0,628.0,79.0,3.0,2.0,0.0,0.0,0.0,0.0,0.0,0.0,0.0,0.0,0.0,idle
,idle,,,,,,,,,,,,,,,,,,,,,,,,,,,,,,,,,,,,,idle
1778097289.9976676,g2.hpc.coe,41393.0,0.5001,0.0,0.0,0.0,12288.0,136138309353.0,136368651998.0,139264955.0,139448579.0,3127583.0,0.0,0.0,0.0,0.0,0.0,0.0,0.0,0.0,0.0,0.0,0.0,0.0,747.0,134.0,5.0,3.0,0.0,0.0,0.0,0.0,0.0,0.0,0.0,0.0,0.0,idle
,idle,,,,,,,,,,,,,,,,,,,,,,,,,,,,,,,,,,,,,idle
1778097290.4977996,g2.hpc.coe,41393.0,0.5001,0.0,0.0,0.0,12288.0,136138310066.0,136368652077.0,139264958.0,139448581.0,3127583.0,0.0,0.0,0.0,0.0,0.0,0.0,0.0,0.0,0.0,0.0,0.0,0.0,713.0,79.0,3.0,2.0,0.0,0.0,0.0,0.0,0.0,0.0,0.0,0.0,0.0,idle
,idle,,,,,,,,,,,,,,,,,,,,,,,,,,,,,,,,,,,,,idle
1778097290.9979234,g2.hpc.coe,41393.0,0.5001,0.0,0.0,0.0,12288.0,136138310821.0,136368652156.0,139264961.0,139448583.0,3127583.0,0.0,0.0,0.0,0.0,0.0,0.0,0.0,0.0,0.0,0.0,0.0,0.0,755.0,79.0,3.0,2.0,0.0,0.0,0.0,0.0,0.0,0.0,0.0,0.0,0.0,idle
,idle,,,,,,,,,,,,,,,,,,,,,,,,,,,,,,,,,,,,,idle
1778097291.4980297,g2.hpc.coe,41393.0,0.5001,0.0,0.0,0.0,12288.0,136138311618.0,136368652235.0,139264964.0,139448585.0,3127583.0,0.0,0.0,0.0,0.0,0.0,0.0,0.0,0.0,0.0,0.0,0.0,0.0,797.0,79.0,3.0,2.0,0.0,0.0,0.0,0.0,0.0,0.0,0.0,0.0,0.0,idle
,idle,,,,,,,,,,,,,,,,,,,,,,,,,,,,,,,,,,,,,idle
1778097291.9981568,g2.hpc.coe,41393.0,0.5001,0.0,0.0,0.0,12288.0,136138312458.0,136368652314.0,139264967.0,139448587.0,3127583.0,0.0,0.0,0.0,0.0,0.0,0.0,0.0,0.0,0.0,0.0,0.0,0.0,840.0,79.0,3.0,2.0,0.0,0.0,0.0,0.0,0.0,0.0,0.0,0.0,0.0,idle
,idle,,,,,,,,,,,,,,,,,,,,,,,,,,,,,,,,,,,,,idle
1778097292.4982796,g2.hpc.coe,41393.0,0.5001,0.0,0.0,0.0,12288.0,136138313340.0,136368652393.0,139264970.0,139448589.0,3127583.0,0.0,0.0,0.0,0.0,0.0,0.0,0.0,0.0,0.0,0.0,0.0,0.0,882.0,79.0,3.0,2.0,0.0,0.0,0.0,0.0,0.0,0.0,0.0,0.0,0.0,idle
,idle,,,,,,,,,,,,,,,,,,,,,,,,,,,,,,,,,,,,,idle
1778097292.998408,g2.hpc.coe,41393.0,0.5001,0.0,0.0,0.0,12288.0,136138314264.0,136368652472.0,139264973.0,139448591.0,3127583.0,0.0,0.0,0.0,0.0,0.0,0.0,0.0,0.0,0.0,0.0,0.0,0.0,924.0,79.0,3.0,2.0,0.0,0.0,0.0,0.0,0.0,0.0,0.0,0.0,0.0,idle
,idle,,,,,,,,,,,,,,,,,,,,,,,,,,,,,,,,,,,,,idle
1778097293.4985335,g2.hpc.coe,41393.0,0.5001,0.0,0.0,0.0,12288.0,136138315230.0,136368652551.0,139264976.0,139448593.0,3127583.0,0.0,0.0,0.0,0.0,0.0,0.0,0.0,0.0,0.0,0.0,0.0,0.0,966.0,79.0,3.0,2.0,0.0,0.0,0.0,0.0,0.0,0.0,0.0,0.0,0.0,idle
,idle,,,,,,,,,,,,,,,,,,,,,,,,,,,,,,,,,,,,,idle
1778097293.9986565,g2.hpc.coe,41393.0,0.5001,0.0,0.0,0.0,12288.0,136138316238.0,136368652630.0,139264979.0,139448595.0,3127583.0,0.0,0.0,0.0,0.0,0.0,0.0,0.0,0.0,0.0,0.0,0.0,0.0,1008.0,79.0,3.0,2.0,0.0,0.0,0.0,0.0,0.0,0.0,0.0,0.0,0.0,idle
,idle,,,,,,,,,,,,,,,,,,,,,,,,,,,,,,,,,,,,,idle
1778097294.4987807,g2.hpc.coe,41393.0,0.5001,0.0,0.0,0.0,12288.0,136138317289.0,136368652709.0,139264982.0,139448597.0,3127583.0,0.0,0.0,0.0,0.0,0.0,0.0,0.0,0.0,0.0,0.0,0.0,0.0,1051.0,79.0,3.0,2.0,0.0,0.0,0.0,0.0,0.0,0.0,0.0,0.0,0.0,idle
,idle,,,,,,,,,,,,,,,,,,,,,,,,,,,,,,,,,,,,,idle
1778097294.9989114,g2.hpc.coe,41393.0,0.5001,0.0,0.0,0.0,12288.0,136138318404.0,136368652788.0,139264986.0,139448599.0,3127583.0,0.0,0.0,0.0,0.0,0.0,0.0,0.0,0.0,0.0,0.0,0.0,0.0,1115.0,79.0,4.0,2.0,0.0,0.0,0.0,0.0,0.0,0.0,0.0,0.0,0.0,idle
,idle,,,,,,,,,,,,,,,,,,,,,,,,,,,,,,,,,,,,,idle
1778097295.499038,g2.hpc.coe,41393.0,0.5001,0.0,0.0,0.0,12288.0,136138319639.0,136368652922.0,139264992.0,139448602.0,3127583.0,0.0,0.0,0.0,0.0,0.0,0.0,0.0,0.0,0.0,0.0,0.0,0.0,1235.0,134.0,6.0,3.0,0.0,0.0,0.0,0.0,0.0,0.0,0.0,0.0,0.0,idle
,idle,,,,,,,,,,,,,,,,,,,,,,,,,,,,,,,,,,,,,idle
1778097295.9991615,g2.hpc.coe,41393.0,0.5001,0.0,0.0,0.0,12288.0,136138319771.0,136368652979.0,139264994.0,139448603.0,3127583.0,0.0,0.0,0.0,0.0,0.0,0.0,0.0,0.0,0.0,0.0,0.0,0.0,132.0,57.0,2.0,1.0,0.0,0.0,0.0,0.0,0.0,0.0,0.0,0.0,0.0,idle
,idle,,,,,,,,,,,,,,,,,,,,,,,,,,,,,,,,,,,,,idle
1778097296.4992888,g2.hpc.coe,41393.0,0.5001,0.0,0.0,0.0,12288.0,136138319946.0,136368653036.0,139264996.0,139448604.0,3127583.0,0.0,0.0,0.0,0.0,0.0,0.0,0.0,0.0,0.0,0.0,0.0,0.0,175.0,57.0,2.0,1.0,0.0,0.0,0.0,0.0,0.0,0.0,0.0,0.0,0.0,idle
,idle,,,,,,,,,,,,,,,,,,,,,,,,,,,,,,,,,,,,,idle
1778097296.9994287,g2.hpc.coe,41393.0,0.5001,0.0,0.0,0.0,12288.0,136138320163.0,136368653093.0,139264998.0,139448605.0,3127583.0,0.0,0.0,0.0,0.0,0.0,0.0,0.0,0.0,0.0,0.0,0.0,0.0,217.0,57.0,2.0,1.0,0.0,0.0,0.0,0.0,0.0,0.0,0.0,0.0,0.0,idle
,idle,,,,,,,,,,,,,,,,,,,,,,,,,,,,,,,,,,,,,idle
1778097297.4995613,g2.hpc.coe,41393.0,0.5001,0.0,0.0,0.0,12288.0,136138320422.0,136368653150.0,139265000.0,139448606.0,3127583.0,0.0,0.0,0.0,0.0,0.0,0.0,0.0,0.0,0.0,0.0,0.0,0.0,259.0,57.0,2.0,1.0,0.0,0.0,0.0,0.0,0.0,0.0,0.0,0.0,0.0,idle
,idle,,,,,,,,,,,,,,,,,,,,,,,,,,,,,,,,,,,,,idle
1778097297.9996924,g2.hpc.coe,41393.0,0.5001,0.0,0.0,0.0,12288.0,136138320723.0,136368653207.0,139265002.0,139448607.0,3127583.0,0.0,0.0,0.0,0.0,0.0,0.0,0.0,0.0,0.0,0.0,0.0,0.0,301.0,57.0,2.0,1.0,0.0,0.0,0.0,0.0,0.0,0.0,0.0,0.0,0.0,idle
,idle,,,,,,,,,,,,,,,,,,,,,,,,,,,,,,,,,,,,,idle
1778097298.4998188,g2.hpc.coe,41393.0,0.5001,0.0,0.0,0.0,12288.0,136138321067.0,136368653264.0,139265004.0,139448608.0,3127583.0,0.0,0.0,0.0,0.0,0.0,0.0,0.0,0.0,0.0,0.0,0.0,0.0,344.0,57.0,2.0,1.0,0.0,0.0,0.0,0.0,0.0,0.0,0.0,0.0,0.0,idle
,idle,,,,,,,,,,,,,,,,,,,,,,,,,,,,,,,,,,,,,idle
1778097298.999949,g2.hpc.coe,41393.0,0.5001,0.0,0.0,0.0,12288.0,136138321453.0,136368653321.0,139265006.0,139448609.0,3127583.0,0.0,0.0,0.0,0.0,0.0,0.0,0.0,0.0,0.0,0.0,0.0,0.0,386.0,57.0,2.0,1.0,0.0,0.0,0.0,0.0,0.0,0.0,0.0,0.0,0.0,idle
,idle,,,,,,,,,,,,,,,,,,,,,,,,,,,,,,,,,,,,,idle
1778097299.500075,g2.hpc.coe,41393.0,0.5001,0.0,0.0,0.0,12288.0,136138321881.0,136368653378.0,139265008.0,139448610.0,3127583.0,0.0,0.0,0.0,0.0,0.0,0.0,0.0,0.0,0.0,0.0,0.0,0.0,428.0,57.0,2.0,1.0,0.0,0.0,0.0,0.0,0.0,0.0,0.0,0.0,0.0,idle
,idle,,,,,,,,,,,,,,,,,,,,,,,,,,,,,,,,,,,,,idle
1778097300.0001998,g2.hpc.coe,41393.0,0.5001,0.0,0.0,0.0,12288.0,136138322351.0,136368653435.0,139265010.0,139448611.0,3127583.0,0.0,0.0,0.0,0.0,0.0,0.0,0.0,0.0,0.0,0.0,0.0,0.0,470.0,57.0,2.0,1.0,0.0,0.0,0.0,0.0,0.0,0.0,0.0,0.0,0.0,idle
,idle,,,,,,,,,,,,,,,,,,,,,,,,,,,,,,,,,,,,,idle
1778097300.5003183,g2.hpc.coe,41393.0,0.5001,0.0,0.0,0.0,12288.0,136138322863.0,136368653492.0,139265012.0,139448612.0,3127583.0,0.0,0.0,0.0,0.0,0.0,0.0,0.0,0.0,0.0,0.0,0.0,0.0,512.0,57.0,2.0,1.0,0.0,0.0,0.0,0.0,0.0,0.0,0.0,0.0,0.0,idle
,idle,,,,,,,,,,,,,,,,,,,,,,,,,,,,,,,,,,,,,idle
1778097301.0004487,g2.hpc.coe,41393.0,0.5001,0.0,0.0,0.0,12288.0,136138323439.0,136368653571.0,139265015.0,139448614.0,3127583.0,0.0,0.0,0.0,0.0,0.0,0.0,0.0,0.0,0.0,0.0,0.0,0.0,576.0,79.0,3.0,2.0,0.0,0.0,0.0,0.0,0.0,0.0,0.0,0.0,0.0,idle
,idle,,,,,,,,,,,,,,,,,,,,,,,,,,,,,,,,,,,,,idle
1778097301.5005765,g2.hpc.coe,41393.0,0.5001,0.0,0.0,0.0,12288.0,136138324058.0,136368653650.0,139265018.0,139448616.0,3127583.0,0.0,0.0,0.0,0.0,0.0,0.0,0.0,0.0,0.0,0.0,0.0,0.0,619.0,79.0,3.0,2.0,0.0,0.0,0.0,0.0,0.0,0.0,0.0,0.0,0.0,idle
,idle,,,,,,,,,,,,,,,,,,,,,,,,,,,,,,,,,,,,,idle
1778097302.0007062,g2.hpc.coe,41393.0,0.5001,0.0,0.0,0.0,12288.0,136138325342.0,136368654176.0,139265036.0,139448626.0,3127583.0,0.0,0.0,0.0,0.0,0.0,0.0,0.0,0.0,0.0,0.0,0.0,0.0,1284.0,526.0,18.0,10.0,0.0,0.0,0.0,0.0,0.0,0.0,0.0,0.0,0.0,idle
,idle,,,,,,,,,,,,,,,,,,,,,,,,,,,,,,,,,,,,,idle
1778097302.500816,g2.hpc.coe,41393.0,0.5001,0.0,0.0,0.0,12288.0,136138326046.0,136368654255.0,139265039.0,139448628.0,3127583.0,0.0,0.0,0.0,0.0,0.0,0.0,0.0,0.0,0.0,0.0,0.0,0.0,704.0,79.0,3.0,2.0,0.0,0.0,0.0,0.0,0.0,0.0,0.0,0.0,0.0,idle
,idle,,,,,,,,,,,,,,,,,,,,,,,,,,,,,,,,,,,,,idle
1778097303.0009496,g2.hpc.coe,41393.0,0.5001,0.0,0.0,0.0,12288.0,136138326792.0,136368654334.0,139265042.0,139448630.0,3127583.0,0.0,0.0,0.0,0.0,0.0,0.0,0.0,0.0,0.0,0.0,0.0,0.0,746.0,79.0,3.0,2.0,0.0,0.0,0.0,0.0,0.0,0.0,0.0,0.0,0.0,idle
,idle,,,,,,,,,,,,,,,,,,,,,,,,,,,,,,,,,,,,,idle
1778097303.501065,g2.hpc.coe,41393.0,0.5001,0.0,0.0,0.0,12288.0,136138327580.0,136368654413.0,139265045.0,139448632.0,3127583.0,0.0,0.0,0.0,0.0,0.0,0.0,0.0,0.0,0.0,0.0,0.0,0.0,788.0,79.0,3.0,2.0,0.0,0.0,0.0,0.0,0.0,0.0,0.0,0.0,0.0,idle
,idle,,,,,,,,,,,,,,,,,,,,,,,,,,,,,,,,,,,,,idle
1778097304.0011706,g2.hpc.coe,41393.0,0.5001,0.0,0.0,0.0,12288.0,136138328410.0,136368654492.0,139265048.0,139448634.0,3127583.0,0.0,0.0,0.0,0.0,0.0,0.0,0.0,0.0,0.0,0.0,0.0,0.0,830.0,79.0,3.0,2.0,0.0,0.0,0.0,0.0,0.0,0.0,0.0,0.0,0.0,idle
,idle,,,,,,,,,,,,,,,,,,,,,,,,,,,,,,,,,,,,,idle
1778097304.5012784,g2.hpc.coe,41393.0,0.5001,0.0,0.0,0.0,12288.0,136138329283.0,136368654571.0,139265051.0,139448636.0,3127583.0,0.0,0.0,0.0,0.0,0.0,0.0,0.0,0.0,0.0,0.0,0.0,0.0,873.0,79.0,3.0,2.0,0.0,0.0,0.0,0.0,0.0,0.0,0.0,0.0,0.0,idle
,idle,,,,,,,,,,,,,,,,,,,,,,,,,,,,,,,,,,,,,idle
1778097305.0014222,g2.hpc.coe,41393.0,0.5001,0.0,0.0,0.0,12288.0,136138330198.0,136368654650.0,139265054.0,139448638.0,3127583.0,0.0,0.0,0.0,0.0,0.0,0.0,0.0,0.0,0.0,0.0,0.0,0.0,915.0,79.0,3.0,2.0,0.0,0.0,0.0,0.0,0.0,0.0,0.0,0.0,0.0,idle
,idle,,,,,,,,,,,,,,,,,,,,,,,,,,,,,,,,,,,,,idle
1778097305.5015297,g2.hpc.coe,41393.0,0.5001,0.0,0.0,0.0,12288.0,136138331155.0,136368654729.0,139265057.0,139448640.0,3127583.0,0.0,0.0,0.0,0.0,0.0,0.0,0.0,0.0,0.0,0.0,0.0,0.0,957.0,79.0,3.0,2.0,0.0,0.0,0.0,0.0,0.0,0.0,0.0,0.0,0.0,idle
,idle,,,,,,,,,,,,,,,,,,,,,,,,,,,,,,,,,,,,,idle
1778097306.0016606,g2.hpc.coe,41393.0,0.5001,0.0,0.0,0.0,12288.0,136138332154.0,136368654808.0,139265060.0,139448642.0,3127583.0,0.0,0.0,0.0,0.0,0.0,0.0,0.0,0.0,0.0,0.0,0.0,0.0,999.0,79.0,3.0,2.0,0.0,0.0,0.0,0.0,0.0,0.0,0.0,0.0,0.0,idle
,idle,,,,,,,,,,,,,,,,,,,,,,,,,,,,,,,,,,,,,idle
1778097306.5017736,g2.hpc.coe,41393.0,0.5001,0.0,0.0,0.0,12288.0,136138333196.0,136368654887.0,139265063.0,139448644.0,3127583.0,0.0,0.0,0.0,0.0,0.0,0.0,0.0,0.0,0.0,0.0,0.0,0.0,1042.0,79.0,3.0,2.0,0.0,0.0,0.0,0.0,0.0,0.0,0.0,0.0,0.0,idle
,idle,,,,,,,,,,,,,,,,,,,,,,,,,,,,,,,,,,,,,idle
1778097307.001908,g2.hpc.coe,41393.0,0.5001,0.0,0.0,0.0,12288.0,136138334302.0,136368654966.0,139265067.0,139448646.0,3127583.0,0.0,0.0,0.0,0.0,0.0,0.0,0.0,0.0,0.0,0.0,0.0,0.0,1106.0,79.0,4.0,2.0,0.0,0.0,0.0,0.0,0.0,0.0,0.0,0.0,0.0,idle
,idle,,,,,,,,,,,,,,,,,,,,,,,,,,,,,,,,,,,,,idle
1778097307.5020149,g2.hpc.coe,41393.0,0.5001,0.0,0.0,0.0,12288.0,136138335450.0,136368655045.0,139265071.0,139448648.0,3127583.0,0.0,0.0,0.0,0.0,0.0,0.0,0.0,0.0,0.0,0.0,0.0,0.0,1148.0,79.0,4.0,2.0,0.0,0.0,0.0,0.0,0.0,0.0,0.0,0.0,0.0,idle
,idle,,,,,,,,,,,,,,,,,,,,,,,,,,,,,,,,,,,,,idle
1778097308.0021374,g2.hpc.coe,41393.0,0.5001,0.0,0.0,0.0,12288.0,136138335573.0,136368655102.0,139265073.0,139448649.0,3127583.0,0.0,0.0,0.0,0.0,0.0,0.0,0.0,0.0,0.0,0.0,0.0,0.0,123.0,57.0,2.0,1.0,0.0,0.0,0.0,0.0,0.0,0.0,0.0,0.0,0.0,idle
,idle,,,,,,,,,,,,,,,,,,,,,,,,,,,,,,,,,,,,,idle
1778097308.5022542,g2.hpc.coe,41393.0,0.5001,0.0,0.0,0.0,12288.0,136138335738.0,136368655159.0,139265075.0,139448650.0,3127583.0,0.0,0.0,0.0,0.0,0.0,0.0,0.0,0.0,0.0,0.0,0.0,0.0,165.0,57.0,2.0,1.0,0.0,0.0,0.0,0.0,0.0,0.0,0.0,0.0,0.0,idle
,idle,,,,,,,,,,,,,,,,,,,,,,,,,,,,,,,,,,,,,idle
1778097309.00236,g2.hpc.coe,41393.0,0.5001,0.0,0.0,0.0,12288.0,136138335945.0,136368655216.0,139265077.0,139448651.0,3127583.0,0.0,0.0,0.0,0.0,0.0,0.0,0.0,0.0,0.0,0.0,0.0,0.0,207.0,57.0,2.0,1.0,0.0,0.0,0.0,0.0,0.0,0.0,0.0,0.0,0.0,idle
,idle,,,,,,,,,,,,,,,,,,,,,,,,,,,,,,,,,,,,,idle
1778097309.5024793,g2.hpc.coe,41393.0,0.5001,0.0,0.0,0.0,12288.0,136138336194.0,136368655273.0,139265079.0,139448652.0,3127583.0,0.0,0.0,0.0,0.0,0.0,0.0,0.0,0.0,0.0,0.0,0.0,0.0,249.0,57.0,2.0,1.0,0.0,0.0,0.0,0.0,0.0,0.0,0.0,0.0,0.0,idle
,idle,,,,,,,,,,,,,,,,,,,,,,,,,,,,,,,,,,,,,idle
1778097310.0026066,g2.hpc.coe,41393.0,0.5001,0.0,0.0,0.0,12288.0,136138336485.0,136368655330.0,139265081.0,139448653.0,3127583.0,0.0,0.0,0.0,0.0,0.0,0.0,0.0,0.0,0.0,0.0,0.0,0.0,291.0,57.0,2.0,1.0,0.0,0.0,0.0,0.0,0.0,0.0,0.0,0.0,0.0,idle
,idle,,,,,,,,,,,,,,,,,,,,,,,,,,,,,,,,,,,,,idle
1778097310.502742,g2.hpc.coe,41393.0,0.5001,0.0,0.0,0.0,12288.0,136138336819.0,136368655387.0,139265083.0,139448654.0,3127583.0,0.0,0.0,0.0,0.0,0.0,0.0,0.0,0.0,0.0,0.0,0.0,0.0,334.0,57.0,2.0,1.0,0.0,0.0,0.0,0.0,0.0,0.0,0.0,0.0,0.0,idle
,idle,,,,,,,,,,,,,,,,,,,,,,,,,,,,,,,,,,,,,idle
1778097311.0028698,g2.hpc.coe,41393.0,0.5001,0.0,0.0,0.0,12288.0,136138337195.0,136368655444.0,139265085.0,139448655.0,3127583.0,0.0,0.0,0.0,0.0,0.0,0.0,0.0,0.0,0.0,0.0,0.0,0.0,376.0,57.0,2.0,1.0,0.0,0.0,0.0,0.0,0.0,0.0,0.0,0.0,0.0,idle
,idle,,,,,,,,,,,,,,,,,,,,,,,,,,,,,,,,,,,,,idle
1778097311.5029836,g2.hpc.coe,41393.0,0.5001,0.0,0.0,0.0,12288.0,136138337613.0,136368655501.0,139265087.0,139448656.0,3127583.0,0.0,0.0,0.0,0.0,0.0,0.0,0.0,0.0,0.0,0.0,0.0,0.0,418.0,57.0,2.0,1.0,0.0,0.0,0.0,0.0,0.0,0.0,0.0,0.0,0.0,idle
,idle,,,,,,,,,,,,,,,,,,,,,,,,,,,,,,,,,,,,,idle
1778097312.003112,g2.hpc.coe,41393.0,0.5001,0.0,0.0,0.0,12288.0,136138338073.0,136368655558.0,139265089.0,139448657.0,3127583.0,0.0,0.0,0.0,0.0,0.0,0.0,0.0,0.0,0.0,0.0,0.0,0.0,460.0,57.0,2.0,1.0,0.0,0.0,0.0,0.0,0.0,0.0,0.0,0.0,0.0,idle
,idle,,,,,,,,,,,,,,,,,,,,,,,,,,,,,,,,,,,,,idle
1778097312.503236,g2.hpc.coe,41393.0,0.5001,0.0,0.0,0.0,12288.0,136138338575.0,136368655615.0,139265091.0,139448658.0,3127583.0,0.0,0.0,0.0,0.0,0.0,0.0,0.0,0.0,0.0,0.0,0.0,0.0,502.0,57.0,2.0,1.0,0.0,0.0,0.0,0.0,0.0,0.0,0.0,0.0,0.0,idle
,idle,,,,,,,,,,,,,,,,,,,,,,,,,,,,,,,,,,,,,idle
1778097313.0033617,g2.hpc.coe,41393.0,0.5001,0.0,0.0,0.0,12288.0,136138339141.0,136368655694.0,139265094.0,139448660.0,3127583.0,0.0,0.0,0.0,0.0,0.0,0.0,0.0,0.0,0.0,0.0,0.0,0.0,566.0,79.0,3.0,2.0,0.0,0.0,0.0,0.0,0.0,0.0,0.0,0.0,0.0,idle
,idle,,,,,,,,,,,,,,,,,,,,,,,,,,,,,,,,,,,,,idle
1778097313.5034902,g2.hpc.coe,41393.0,0.5001,0.0,0.0,0.0,12288.0,136138339749.0,136368655773.0,139265097.0,139448662.0,3127583.0,0.0,0.0,0.0,0.0,0.0,0.0,0.0,0.0,0.0,0.0,0.0,0.0,608.0,79.0,3.0,2.0,0.0,0.0,0.0,0.0,0.0,0.0,0.0,0.0,0.0,idle
,idle,,,,,,,,,,,,,,,,,,,,,,,,,,,,,,,,,,,,,idle
1778097314.0036116,g2.hpc.coe,41393.0,0.5001,0.0,0.0,0.0,12288.0,136138340400.0,136368655852.0,139265100.0,139448664.0,3127583.0,0.0,0.0,0.0,0.0,0.0,0.0,0.0,0.0,0.0,0.0,0.0,0.0,651.0,79.0,3.0,2.0,0.0,0.0,0.0,0.0,0.0,0.0,0.0,0.0,0.0,idle
,idle,,,,,,,,,,,,,,,,,,,,,,,,,,,,,,,,,,,,,idle
1778097314.5037415,g2.hpc.coe,41393.0,0.5001,0.0,0.0,0.0,12288.0,136138341093.0,136368655931.0,139265103.0,139448666.0,3127583.0,0.0,0.0,0.0,0.0,0.0,0.0,0.0,0.0,0.0,0.0,0.0,0.0,693.0,79.0,3.0,2.0,0.0,0.0,0.0,0.0,0.0,0.0,0.0,0.0,0.0,idle
,idle,,,,,,,,,,,,,,,,,,,,,,,,,,,,,,,,,,,,,idle
1778097315.003884,g2.hpc.coe,41393.0,0.5001,0.0,0.0,0.0,12288.0,136138341828.0,136368656010.0,139265106.0,139448668.0,3127583.0,0.0,0.0,0.0,0.0,0.0,0.0,0.0,0.0,0.0,0.0,0.0,0.0,735.0,79.0,3.0,2.0,0.0,0.0,0.0,0.0,0.0,0.0,0.0,0.0,0.0,idle
,idle,,,,,,,,,,,,,,,,,,,,,,,,,,,,,,,,,,,,,idle
1778097315.504006,g2.hpc.coe,41393.0,0.5001,0.0,0.0,0.0,12288.0,136138342605.0,136368656089.0,139265109.0,139448670.0,3127583.0,0.0,0.0,0.0,0.0,0.0,0.0,0.0,0.0,0.0,0.0,0.0,0.0,777.0,79.0,3.0,2.0,0.0,0.0,0.0,0.0,0.0,0.0,0.0,0.0,0.0,idle
,idle,,,,,,,,,,,,,,,,,,,,,,,,,,,,,,,,,,,,,idle
1778097316.004131,g2.hpc.coe,41393.0,0.5001,0.0,0.0,0.0,12288.0,136138343424.0,136368656168.0,139265112.0,139448672.0,3127583.0,0.0,0.0,0.0,0.0,0.0,0.0,0.0,0.0,0.0,0.0,0.0,0.0,819.0,79.0,3.0,2.0,0.0,0.0,0.0,0.0,0.0,0.0,0.0,0.0,0.0,idle
,idle,,,,,,,,,,,,,,,,,,,,,,,,,,,,,,,,,,,,,idle
1778097316.504259,g2.hpc.coe,41393.0,0.5001,0.0,0.0,0.0,12288.0,136138344285.0,136368656247.0,139265115.0,139448674.0,3127583.0,0.0,0.0,0.0,0.0,0.0,0.0,0.0,0.0,0.0,0.0,0.0,0.0,861.0,79.0,3.0,2.0,0.0,0.0,0.0,0.0,0.0,0.0,0.0,0.0,0.0,idle
,idle,,,,,,,,,,,,,,,,,,,,,,,,,,,,,,,,,,,,,idle
1778097317.0043912,g2.hpc.coe,41393.0,0.5001,0.0,0.0,0.0,12288.0,136138345811.0,136368656773.0,139265133.0,139448684.0,3127583.0,0.0,0.0,0.0,0.0,0.0,0.0,0.0,0.0,0.0,0.0,0.0,0.0,1526.0,526.0,18.0,10.0,0.0,0.0,0.0,0.0,0.0,0.0,0.0,0.0,0.0,idle
,idle,,,,,,,,,,,,,,,,,,,,,,,,,,,,,,,,,,,,,idle
1778097317.504516,g2.hpc.coe,41393.0,0.5001,0.0,0.0,0.0,12288.0,136138346757.0,136368656852.0,139265136.0,139448686.0,3127583.0,0.0,0.0,0.0,0.0,0.0,0.0,0.0,0.0,0.0,0.0,0.0,0.0,946.0,79.0,3.0,2.0,0.0,0.0,0.0,0.0,0.0,0.0,0.0,0.0,0.0,idle
,idle,,,,,,,,,,,,,,,,,,,,,,,,,,,,,,,,,,,,,idle
1778097318.004642,g2.hpc.coe,41393.0,0.5001,0.0,0.0,0.0,12288.0,136138347746.0,136368656931.0,139265139.0,139448688.0,3127583.0,0.0,0.0,0.0,0.0,0.0,0.0,0.0,0.0,0.0,0.0,0.0,0.0,989.0,79.0,3.0,2.0,0.0,0.0,0.0,0.0,0.0,0.0,0.0,0.0,0.0,idle
,idle,,,,,,,,,,,,,,,,,,,,,,,,,,,,,,,,,,,,,idle
1778097318.504769,g2.hpc.coe,41393.0,0.5001,0.0,0.0,0.0,12288.0,136138348777.0,136368657010.0,139265142.0,139448690.0,3127583.0,0.0,0.0,0.0,0.0,0.0,0.0,0.0,0.0,0.0,0.0,0.0,0.0,1031.0,79.0,3.0,2.0,0.0,0.0,0.0,0.0,0.0,0.0,0.0,0.0,0.0,idle
,idle,,,,,,,,,,,,,,,,,,,,,,,,,,,,,,,,,,,,,idle
1778097319.004873,g2.hpc.coe,41393.0,0.5001,0.0,0.0,0.0,12288.0,136138349872.0,136368657089.0,139265146.0,139448692.0,3127583.0,0.0,0.0,0.0,0.0,0.0,0.0,0.0,0.0,0.0,0.0,0.0,0.0,1095.0,79.0,4.0,2.0,0.0,0.0,0.0,0.0,0.0,0.0,0.0,0.0,0.0,idle
,idle,,,,,,,,,,,,,,,,,,,,,,,,,,,,,,,,,,,,,idle
1778097319.5049992,g2.hpc.coe,41393.0,0.5001,0.0,0.0,0.0,12288.0,136138351009.0,136368657168.0,139265150.0,139448694.0,3127583.0,0.0,0.0,0.0,0.0,0.0,0.0,0.0,0.0,0.0,0.0,0.0,0.0,1137.0,79.0,4.0,2.0,0.0,0.0,0.0,0.0,0.0,0.0,0.0,0.0,0.0,idle
,idle,,,,,,,,,,,,,,,,,,,,,,,,,,,,,,,,,,,,,idle
1778097320.0051346,g2.hpc.coe,41393.0,0.5001,0.0,0.0,0.0,12288.0,136138352189.0,136368657247.0,139265154.0,139448696.0,3127583.0,0.0,0.0,0.0,0.0,0.0,0.0,0.0,0.0,0.0,0.0,0.0,0.0,1180.0,79.0,4.0,2.0,0.0,0.0,0.0,0.0,0.0,0.0,0.0,0.0,0.0,idle
,idle,,,,,,,,,,,,,,,,,,,,,,,,,,,,,,,,,,,,,idle
1778097320.5052657,g2.hpc.coe,41393.0,0.5001,0.0,0.0,0.0,12288.0,136138352343.0,136368657304.0,139265156.0,139448697.0,3127583.0,0.0,0.0,0.0,0.0,0.0,0.0,0.0,0.0,0.0,0.0,0.0,0.0,154.0,57.0,2.0,1.0,0.0,0.0,0.0,0.0,0.0,0.0,0.0,0.0,0.0,idle
,idle,,,,,,,,,,,,,,,,,,,,,,,,,,,,,,,,,,,,,idle
1778097321.0054123,g2.hpc.coe,41393.0,0.5001,0.0,0.0,0.0,12288.0,136138352540.0,136368657361.0,139265158.0,139448698.0,3127583.0,0.0,0.0,0.0,0.0,0.0,0.0,0.0,0.0,0.0,0.0,0.0,0.0,197.0,57.0,2.0,1.0,0.0,0.0,0.0,0.0,0.0,0.0,0.0,0.0,0.0,idle
,idle,,,,,,,,,,,,,,,,,,,,,,,,,,,,,,,,,,,,,idle
1778097321.5055308,g2.hpc.coe,41393.0,0.5001,0.0,0.0,0.0,12288.0,136138352779.0,136368657418.0,139265160.0,139448699.0,3127583.0,0.0,0.0,0.0,0.0,0.0,0.0,0.0,0.0,0.0,0.0,0.0,0.0,239.0,57.0,2.0,1.0,0.0,0.0,0.0,0.0,0.0,0.0,0.0,0.0,0.0,idle
,idle,,,,,,,,,,,,,,,,,,,,,,,,,,,,,,,,,,,,,idle
1778097322.00564,g2.hpc.coe,41393.0,0.5001,0.0,0.0,0.0,12288.0,136138353060.0,136368657475.0,139265162.0,139448700.0,3127583.0,0.0,0.0,0.0,0.0,0.0,0.0,0.0,0.0,0.0,0.0,0.0,0.0,281.0,57.0,2.0,1.0,0.0,0.0,0.0,0.0,0.0,0.0,0.0,0.0,0.0,idle
,idle,,,,,,,,,,,,,,,,,,,,,,,,,,,,,,,,,,,,,idle
1778097322.505765,g2.hpc.coe,41393.0,0.5001,0.0,0.0,0.0,12288.0,136138353383.0,136368657532.0,139265164.0,139448701.0,3127583.0,0.0,0.0,0.0,0.0,0.0,0.0,0.0,0.0,0.0,0.0,0.0,0.0,323.0,57.0,2.0,1.0,0.0,0.0,0.0,0.0,0.0,0.0,0.0,0.0,0.0,idle
,idle,,,,,,,,,,,,,,,,,,,,,,,,,,,,,,,,,,,,,idle
1778097323.005873,g2.hpc.coe,41393.0,0.5001,0.0,0.0,0.0,12288.0,136138353748.0,136368657589.0,139265166.0,139448702.0,3127583.0,0.0,0.0,0.0,0.0,0.0,0.0,0.0,0.0,0.0,0.0,0.0,0.0,365.0,57.0,2.0,1.0,0.0,0.0,0.0,0.0,0.0,0.0,0.0,0.0,0.0,idle
,idle,,,,,,,,,,,,,,,,,,,,,,,,,,,,,,,,,,,,,idle
1778097323.5060043,g2.hpc.coe,41393.0,0.5001,0.0,0.0,0.0,12288.0,136138354155.0,136368657646.0,139265168.0,139448703.0,3127583.0,0.0,0.0,0.0,0.0,0.0,0.0,0.0,0.0,0.0,0.0,0.0,0.0,407.0,57.0,2.0,1.0,0.0,0.0,0.0,0.0,0.0,0.0,0.0,0.0,0.0,idle
,idle,,,,,,,,,,,,,,,,,,,,,,,,,,,,,,,,,,,,,idle
1778097324.0061245,g2.hpc.coe,41393.0,0.5001,0.0,0.0,0.0,12288.0,136138354604.0,136368657703.0,139265170.0,139448704.0,3127583.0,0.0,0.0,0.0,0.0,0.0,0.0,0.0,0.0,0.0,0.0,0.0,0.0,449.0,57.0,2.0,1.0,0.0,0.0,0.0,0.0,0.0,0.0,0.0,0.0,0.0,idle
,idle,,,,,,,,,,,,,,,,,,,,,,,,,,,,,,,,,,,,,idle
1778097324.5062287,g2.hpc.coe,41393.0,0.5001,0.0,0.0,0.0,12288.0,136138355095.0,136368657760.0,139265172.0,139448705.0,3127583.0,0.0,0.0,0.0,0.0,0.0,0.0,0.0,0.0,0.0,0.0,0.0,0.0,491.0,57.0,2.0,1.0,0.0,0.0,0.0,0.0,0.0,0.0,0.0,0.0,0.0,idle
,idle,,,,,,,,,,,,,,,,,,,,,,,,,,,,,,,,,,,,,idle
1778097325.0063367,g2.hpc.coe,41393.0,0.5001,0.0,0.0,0.0,12288.0,136138355629.0,136368657817.0,139265174.0,139448706.0,3127583.0,0.0,0.0,0.0,0.0,0.0,0.0,0.0,0.0,0.0,0.0,0.0,0.0,534.0,57.0,2.0,1.0,0.0,0.0,0.0,0.0,0.0,0.0,0.0,0.0,0.0,idle
,idle,,,,,,,,,,,,,,,,,,,,,,,,,,,,,,,,,,,,,idle
1778097325.5064578,g2.hpc.coe,41393.0,0.5001,0.0,0.0,0.0,12288.0,136138356227.0,136368657896.0,139265177.0,139448708.0,3127583.0,0.0,0.0,0.0,0.0,0.0,0.0,0.0,0.0,0.0,0.0,0.0,0.0,598.0,79.0,3.0,2.0,0.0,0.0,0.0,0.0,0.0,0.0,0.0,0.0,0.0,idle
,idle,,,,,,,,,,,,,,,,,,,,,,,,,,,,,,,,,,,,,idle
1778097326.0065696,g2.hpc.coe,41393.0,0.5001,0.0,0.0,0.0,12288.0,136138356944.0,136368658030.0,139265182.0,139448711.0,3127583.0,0.0,0.0,0.0,0.0,0.0,0.0,0.0,0.0,0.0,0.0,0.0,0.0,717.0,134.0,5.0,3.0,0.0,0.0,0.0,0.0,0.0,0.0,0.0,0.0,0.0,idle
,idle,,,,,,,,,,,,,,,,,,,,,,,,,,,,,,,,,,,,,idle
1778097326.506699,g2.hpc.coe,41393.0,0.5001,0.0,0.0,0.0,12288.0,136138357627.0,136368658109.0,139265185.0,139448713.0,3127583.0,0.0,0.0,0.0,0.0,0.0,0.0,0.0,0.0,0.0,0.0,0.0,0.0,683.0,79.0,3.0,2.0,0.0,0.0,0.0,0.0,0.0,0.0,0.0,0.0,0.0,idle
,idle,,,,,,,,,,,,,,,,,,,,,,,,,,,,,,,,,,,,,idle
1778097327.006822,g2.hpc.coe,41393.0,0.5001,0.0,0.0,0.0,12288.0,136138358352.0,136368658188.0,139265188.0,139448715.0,3127583.0,0.0,0.0,0.0,0.0,0.0,0.0,0.0,0.0,0.0,0.0,0.0,0.0,725.0,79.0,3.0,2.0,0.0,0.0,0.0,0.0,0.0,0.0,0.0,0.0,0.0,idle
,idle,,,,,,,,,,,,,,,,,,,,,,,,,,,,,,,,,,,,,idle
1778097327.506946,g2.hpc.coe,41393.0,0.5001,0.0,0.0,0.0,12288.0,136138359119.0,136368658267.0,139265191.0,139448717.0,3127583.0,0.0,0.0,0.0,0.0,0.0,0.0,0.0,0.0,0.0,0.0,0.0,0.0,767.0,79.0,3.0,2.0,0.0,0.0,0.0,0.0,0.0,0.0,0.0,0.0,0.0,idle
,idle,,,,,,,,,,,,,,,,,,,,,,,,,,,,,,,,,,,,,idle
1778097328.0070744,g2.hpc.coe,41393.0,0.5001,0.0,0.0,0.0,12288.0,136138359928.0,136368658346.0,139265194.0,139448719.0,3127583.0,0.0,0.0,0.0,0.0,0.0,0.0,0.0,0.0,0.0,0.0,0.0,0.0,809.0,79.0,3.0,2.0,0.0,0.0,0.0,0.0,0.0,0.0,0.0,0.0,0.0,idle
,idle,,,,,,,,,,,,,,,,,,,,,,,,,,,,,,,,,,,,,idle
1778097328.5071936,g2.hpc.coe,41393.0,0.5001,0.0,0.0,0.0,12288.0,136138360779.0,136368658425.0,139265197.0,139448721.0,3127583.0,0.0,0.0,0.0,0.0,0.0,0.0,0.0,0.0,0.0,0.0,0.0,0.0,851.0,79.0,3.0,2.0,0.0,0.0,0.0,0.0,0.0,0.0,0.0,0.0,0.0,idle
,idle,,,,,,,,,,,,,,,,,,,,,,,,,,,,,,,,,,,,,idle
1778097329.0073144,g2.hpc.coe,41393.0,0.5001,0.0,0.0,0.0,12288.0,136138361672.0,136368658504.0,139265200.0,139448723.0,3127583.0,0.0,0.0,0.0,0.0,0.0,0.0,0.0,0.0,0.0,0.0,0.0,0.0,893.0,79.0,3.0,2.0,0.0,0.0,0.0,0.0,0.0,0.0,0.0,0.0,0.0,idle
,idle,,,,,,,,,,,,,,,,,,,,,,,,,,,,,,,,,,,,,idle
1778097329.5074372,g2.hpc.coe,41393.0,0.5001,0.0,0.0,0.0,12288.0,136138362608.0,136368658583.0,139265203.0,139448725.0,3127583.0,0.0,0.0,0.0,0.0,0.0,0.0,0.0,0.0,0.0,0.0,0.0,0.0,936.0,79.0,3.0,2.0,0.0,0.0,0.0,0.0,0.0,0.0,0.0,0.0,0.0,idle
,idle,,,,,,,,,,,,,,,,,,,,,,,,,,,,,,,,,,,,,idle
1778097330.0075796,g2.hpc.coe,41393.0,0.5001,0.0,0.0,0.0,12288.0,136138363586.0,136368658662.0,139265206.0,139448727.0,3127583.0,0.0,0.0,0.0,0.0,0.0,0.0,0.0,0.0,0.0,0.0,0.0,0.0,978.0,79.0,3.0,2.0,0.0,0.0,0.0,0.0,0.0,0.0,0.0,0.0,0.0,idle
,idle,,,,,,,,,,,,,,,,,,,,,,,,,,,,,,,,,,,,,idle
1778097330.507706,g2.hpc.coe,41393.0,0.5001,0.0,0.0,0.0,12288.0,136138364606.0,136368658741.0,139265209.0,139448729.0,3127583.0,0.0,0.0,0.0,0.0,0.0,0.0,0.0,0.0,0.0,0.0,0.0,0.0,1020.0,79.0,3.0,2.0,0.0,0.0,0.0,0.0,0.0,0.0,0.0,0.0,0.0,idle
,idle,,,,,,,,,,,,,,,,,,,,,,,,,,,,,,,,,,,,,idle
1778097331.0078168,g2.hpc.coe,41393.0,0.5001,0.0,0.0,0.0,12288.0,136138365668.0,136368658820.0,139265212.0,139448731.0,3127583.0,0.0,0.0,0.0,0.0,0.0,0.0,0.0,0.0,0.0,0.0,0.0,0.0,1062.0,79.0,3.0,2.0,0.0,0.0,0.0,0.0,0.0,0.0,0.0,0.0,0.0,idle
,idle,,,,,,,,,,,,,,,,,,,,,,,,,,,,,,,,,,,,,idle
1778097331.5079226,g2.hpc.coe,41393.0,0.5001,0.0,0.0,0.0,12288.0,136138366795.0,136368658899.0,139265216.0,139448733.0,3127583.0,0.0,0.0,0.0,0.0,0.0,0.0,0.0,0.0,0.0,0.0,0.0,0.0,1127.0,79.0,4.0,2.0,0.0,0.0,0.0,0.0,0.0,0.0,0.0,0.0,0.0,idle
,idle,,,,,,,,,,,,,,,,,,,,,,,,,,,,,,,,,,,,,idle
1778097332.0080311,g2.hpc.coe,41393.0,0.5001,0.0,0.0,0.0,12288.0,136138368587.0,136368659425.0,139265235.0,139448743.0,3127583.0,0.0,0.0,0.0,0.0,0.0,0.0,0.0,0.0,0.0,0.0,0.0,0.0,1792.0,526.0,19.0,10.0,0.0,0.0,0.0,0.0,0.0,0.0,0.0,0.0,0.0,idle
,idle,,,,,,,,,,,,,,,,,,,,,,,,,,,,,,,,,,,,,idle
1778097332.5081544,g2.hpc.coe,41393.0,0.5001,0.0,0.0,0.0,12288.0,136138368732.0,136368659482.0,139265237.0,139448744.0,3127583.0,0.0,0.0,0.0,0.0,0.0,0.0,0.0,0.0,0.0,0.0,0.0,0.0,145.0,57.0,2.0,1.0,0.0,0.0,0.0,0.0,0.0,0.0,0.0,0.0,0.0,idle
,idle,,,,,,,,,,,,,,,,,,,,,,,,,,,,,,,,,,,,,idle
1778097333.0082638,g2.hpc.coe,41393.0,0.5001,0.0,0.0,0.0,12288.0,136138368919.0,136368659539.0,139265239.0,139448745.0,3127583.0,0.0,0.0,0.0,0.0,0.0,0.0,0.0,0.0,0.0,0.0,0.0,0.0,187.0,57.0,2.0,1.0,0.0,0.0,0.0,0.0,0.0,0.0,0.0,0.0,0.0,idle
,idle,,,,,,,,,,,,,,,,,,,,,,,,,,,,,,,,,,,,,idle
1778097333.508385,g2.hpc.coe,41393.0,0.5001,0.0,0.0,0.0,12288.0,136138369148.0,136368659596.0,139265241.0,139448746.0,3127583.0,0.0,0.0,0.0,0.0,0.0,0.0,0.0,0.0,0.0,0.0,0.0,0.0,229.0,57.0,2.0,1.0,0.0,0.0,0.0,0.0,0.0,0.0,0.0,0.0,0.0,idle
,idle,,,,,,,,,,,,,,,,,,,,,,,,,,,,,,,,,,,,,idle
1778097334.0085068,g2.hpc.coe,41393.0,0.5001,0.0,0.0,0.0,12288.0,136138369419.0,136368659653.0,139265243.0,139448747.0,3127583.0,0.0,0.0,0.0,0.0,0.0,0.0,0.0,0.0,0.0,0.0,0.0,0.0,271.0,57.0,2.0,1.0,0.0,0.0,0.0,0.0,0.0,0.0,0.0,0.0,0.0,idle
,idle,,,,,,,,,,,,,,,,,,,,,,,,,,,,,,,,,,,,,idle
1778097334.5086446,g2.hpc.coe,41393.0,0.5001,0.0,0.0,0.0,12288.0,136138369732.0,136368659710.0,139265245.0,139448748.0,3127583.0,0.0,0.0,0.0,0.0,0.0,0.0,0.0,0.0,0.0,0.0,0.0,0.0,313.0,57.0,2.0,1.0,0.0,0.0,0.0,0.0,0.0,0.0,0.0,0.0,0.0,idle
,idle,,,,,,,,,,,,,,,,,,,,,,,,,,,,,,,,,,,,,idle
1778097335.008755,g2.hpc.coe,41393.0,0.5001,0.0,0.0,0.0,12288.0,136138370088.0,136368659767.0,139265247.0,139448749.0,3127583.0,0.0,0.0,0.0,0.0,0.0,0.0,0.0,0.0,0.0,0.0,0.0,0.0,356.0,57.0,2.0,1.0,0.0,0.0,0.0,0.0,0.0,0.0,0.0,0.0,0.0,idle
,idle,,,,,,,,,,,,,,,,,,,,,,,,,,,,,,,,,,,,,idle
1778097335.5088625,g2.hpc.coe,41393.0,0.5001,0.0,0.0,0.0,12288.0,136138370486.0,136368659824.0,139265249.0,139448750.0,3127583.0,0.0,0.0,0.0,0.0,0.0,0.0,0.0,0.0,0.0,0.0,0.0,0.0,398.0,57.0,2.0,1.0,0.0,0.0,0.0,0.0,0.0,0.0,0.0,0.0,0.0,idle
,idle,,,,,,,,,,,,,,,,,,,,,,,,,,,,,,,,,,,,,idle
1778097336.0089877,g2.hpc.coe,41393.0,0.5001,0.0,0.0,0.0,12288.0,136138370926.0,136368659881.0,139265251.0,139448751.0,3127583.0,0.0,0.0,0.0,0.0,0.0,0.0,0.0,0.0,0.0,0.0,0.0,0.0,440.0,57.0,2.0,1.0,0.0,0.0,0.0,0.0,0.0,0.0,0.0,0.0,0.0,idle
,idle,,,,,,,,,,,,,,,,,,,,,,,,,,,,,,,,,,,,,idle
1778097336.50909,g2.hpc.coe,41393.0,0.5001,0.0,0.0,0.0,12288.0,136138371408.0,136368659938.0,139265253.0,139448752.0,3127583.0,0.0,0.0,0.0,0.0,0.0,0.0,0.0,0.0,0.0,0.0,0.0,0.0,482.0,57.0,2.0,1.0,0.0,0.0,0.0,0.0,0.0,0.0,0.0,0.0,0.0,idle
,idle,,,,,,,,,,,,,,,,,,,,,,,,,,,,,,,,,,,,,idle
1778097337.0092115,g2.hpc.coe,41393.0,0.5001,0.0,0.0,0.0,12288.0,136138371932.0,136368659995.0,139265255.0,139448753.0,3127583.0,0.0,0.0,0.0,0.0,0.0,0.0,0.0,0.0,0.0,0.0,0.0,0.0,524.0,57.0,2.0,1.0,0.0,0.0,0.0,0.0,0.0,0.0,0.0,0.0,0.0,idle
,idle,,,,,,,,,,,,,,,,,,,,,,,,,,,,,,,,,,,,,idle
1778097337.50933,g2.hpc.coe,41393.0,0.5001,0.0,0.0,0.0,12288.0,136138372520.0,136368660074.0,139265258.0,139448755.0,3127583.0,0.0,0.0,0.0,0.0,0.0,0.0,0.0,0.0,0.0,0.0,0.0,0.0,588.0,79.0,3.0,2.0,0.0,0.0,0.0,0.0,0.0,0.0,0.0,0.0,0.0,idle
,idle,,,,,,,,,,,,,,,,,,,,,,,,,,,,,,,,,,,,,idle
1778097338.0094495,g2.hpc.coe,41393.0,0.5001,0.0,0.0,0.0,12288.0,136138373150.0,136368660153.0,139265261.0,139448757.0,3127583.0,0.0,0.0,0.0,0.0,0.0,0.0,0.0,0.0,0.0,0.0,0.0,0.0,630.0,79.0,3.0,2.0,0.0,0.0,0.0,0.0,0.0,0.0,0.0,0.0,0.0,idle
,idle,,,,,,,,,,,,,,,,,,,,,,,,,,,,,,,,,,,,,idle
1778097338.5095737,g2.hpc.coe,41393.0,0.5001,0.0,0.0,0.0,12288.0,136138373822.0,136368660232.0,139265264.0,139448759.0,3127583.0,0.0,0.0,0.0,0.0,0.0,0.0,0.0,0.0,0.0,0.0,0.0,0.0,672.0,79.0,3.0,2.0,0.0,0.0,0.0,0.0,0.0,0.0,0.0,0.0,0.0,idle
,idle,,,,,,,,,,,,,,,,,,,,,,,,,,,,,,,,,,,,,idle
1778097339.0096755,g2.hpc.coe,41393.0,0.5001,0.0,0.0,0.0,12288.0,136138374536.0,136368660311.0,139265267.0,139448761.0,3127583.0,0.0,0.0,0.0,0.0,0.0,0.0,0.0,0.0,0.0,0.0,0.0,0.0,714.0,79.0,3.0,2.0,0.0,0.0,0.0,0.0,0.0,0.0,0.0,0.0,0.0,idle
,idle,,,,,,,,,,,,,,,,,,,,,,,,,,,,,,,,,,,,,idle
1778097339.5097802,g2.hpc.coe,41393.0,0.5001,0.0,0.0,0.0,12288.0,136138375550.0,136368660645.0,139265275.0,139448768.0,3127583.0,0.0,0.0,0.0,0.0,0.0,0.0,0.0,0.0,0.0,0.0,0.0,0.0,1014.0,334.0,8.0,7.0,0.0,0.0,0.0,0.0,0.0,0.0,0.0,0.0,0.0,idle
,idle,,,,,,,,,,,,,,,,,,,,,,,,,,,,,,,,,,,,,idle
1778097340.0099046,g2.hpc.coe,41393.0,0.5001,0.0,0.0,0.0,12288.0,136138376371.0,136368660724.0,139265279.0,139448770.0,3127583.0,0.0,0.0,0.0,0.0,0.0,0.0,0.0,0.0,0.0,0.0,0.0,0.0,821.0,79.0,4.0,2.0,0.0,0.0,0.0,0.0,0.0,0.0,0.0,0.0,0.0,idle
,idle,,,,,,,,,,,,,,,,,,,,,,,,,,,,,,,,,,,,,idle
1778097340.5100307,g2.hpc.coe,41393.0,0.5001,0.0,0.0,0.0,12288.0,136138377213.0,136368660803.0,139265282.0,139448772.0,3127583.0,0.0,0.0,0.0,0.0,0.0,0.0,0.0,0.0,0.0,0.0,0.0,0.0,842.0,79.0,3.0,2.0,0.0,0.0,0.0,0.0,0.0,0.0,0.0,0.0,0.0,idle
,idle,,,,,,,,,,,,,,,,,,,,,,,,,,,,,,,,,,,,,idle
1778097341.0101645,g2.hpc.coe,41393.0,0.5001,0.0,0.0,0.0,12288.0,136138378097.0,136368660882.0,139265285.0,139448774.0,3127583.0,0.0,0.0,0.0,0.0,0.0,0.0,0.0,0.0,0.0,0.0,0.0,0.0,884.0,79.0,3.0,2.0,0.0,0.0,0.0,0.0,0.0,0.0,0.0,0.0,0.0,idle
,idle,,,,,,,,,,,,,,,,,,,,,,,,,,,,,,,,,,,,,idle
1778097341.5102966,g2.hpc.coe,41393.0,0.5001,0.0,0.0,0.0,12288.0,136138379023.0,136368660961.0,139265288.0,139448776.0,3127583.0,0.0,0.0,0.0,0.0,0.0,0.0,0.0,0.0,0.0,0.0,0.0,0.0,926.0,79.0,3.0,2.0,0.0,0.0,0.0,0.0,0.0,0.0,0.0,0.0,0.0,idle
,idle,,,,,,,,,,,,,,,,,,,,,,,,,,,,,,,,,,,,,idle
1778097342.010419,g2.hpc.coe,41393.0,0.5001,0.0,0.0,0.0,12288.0,136138379991.0,136368661040.0,139265291.0,139448778.0,3127583.0,0.0,0.0,0.0,0.0,0.0,0.0,0.0,0.0,0.0,0.0,0.0,0.0,968.0,79.0,3.0,2.0,0.0,0.0,0.0,0.0,0.0,0.0,0.0,0.0,0.0,idle
,idle,,,,,,,,,,,,,,,,,,,,,,,,,,,,,,,,,,,,,idle
1778097342.5105543,g2.hpc.coe,41393.0,0.5001,0.0,0.0,0.0,12288.0,136138381002.0,136368661119.0,139265294.0,139448780.0,3127583.0,0.0,0.0,0.0,0.0,0.0,0.0,0.0,0.0,0.0,0.0,0.0,0.0,1011.0,79.0,3.0,2.0,0.0,0.0,0.0,0.0,0.0,0.0,0.0,0.0,0.0,idle
,idle,,,,,,,,,,,,,,,,,,,,,,,,,,,,,,,,,,,,,idle
1778097343.0106847,g2.hpc.coe,41393.0,0.5001,0.0,0.0,0.0,12288.0,136138382055.0,136368661198.0,139265297.0,139448782.0,3127583.0,0.0,0.0,0.0,0.0,0.0,0.0,0.0,0.0,0.0,0.0,0.0,0.0,1053.0,79.0,3.0,2.0,0.0,0.0,0.0,0.0,0.0,0.0,0.0,0.0,0.0,idle
,idle,,,,,,,,,,,,,,,,,,,,,,,,,,,,,,,,,,,,,idle
1778097343.51081,g2.hpc.coe,41393.0,0.5001,0.0,0.0,0.0,12288.0,136138383173.0,136368661277.0,139265301.0,139448784.0,3127583.0,0.0,0.0,0.0,0.0,0.0,0.0,0.0,0.0,0.0,0.0,0.0,0.0,1118.0,79.0,4.0,2.0,0.0,0.0,0.0,0.0,0.0,0.0,0.0,0.0,0.0,idle
,idle,,,,,,,,,,,,,,,,,,,,,,,,,,,,,,,,,,,,,idle
1778097344.0109355,g2.hpc.coe,41393.0,0.5001,0.0,0.0,0.0,12288.0,136138384333.0,136368661356.0,139265305.0,139448786.0,3127583.0,0.0,0.0,0.0,0.0,0.0,0.0,0.0,0.0,0.0,0.0,0.0,0.0,1160.0,79.0,4.0,2.0,0.0,0.0,0.0,0.0,0.0,0.0,0.0,0.0,0.0,idle
,idle,,,,,,,,,,,,,,,,,,,,,,,,,,,,,,,,,,,,,idle
1778097344.5110617,g2.hpc.coe,41393.0,0.5001,0.0,0.0,0.0,12288.0,136138384468.0,136368661413.0,139265307.0,139448787.0,3127583.0,0.0,0.0,0.0,0.0,0.0,0.0,0.0,0.0,0.0,0.0,0.0,0.0,135.0,57.0,2.0,1.0,0.0,0.0,0.0,0.0,0.0,0.0,0.0,0.0,0.0,idle
,idle,,,,,,,,,,,,,,,,,,,,,,,,,,,,,,,,,,,,,idle
1778097345.0111938,g2.hpc.coe,41393.0,0.5001,0.0,0.0,0.0,12288.0,136138384645.0,136368661470.0,139265309.0,139448788.0,3127583.0,0.0,0.0,0.0,0.0,0.0,0.0,0.0,0.0,0.0,0.0,0.0,0.0,177.0,57.0,2.0,1.0,0.0,0.0,0.0,0.0,0.0,0.0,0.0,0.0,0.0,idle
,idle,,,,,,,,,,,,,,,,,,,,,,,,,,,,,,,,,,,,,idle
1778097345.5113187,g2.hpc.coe,41393.0,0.5001,0.0,0.0,0.0,12288.0,136138384864.0,136368661527.0,139265311.0,139448789.0,3127583.0,0.0,0.0,0.0,0.0,0.0,0.0,0.0,0.0,0.0,0.0,0.0,0.0,219.0,57.0,2.0,1.0,0.0,0.0,0.0,0.0,0.0,0.0,0.0,0.0,0.0,idle
,idle,,,,,,,,,,,,,,,,,,,,,,,,,,,,,,,,,,,,,idle
1778097346.011429,g2.hpc.coe,41393.0,0.5001,0.0,0.0,0.0,12288.0,136138385125.0,136368661584.0,139265313.0,139448790.0,3127583.0,0.0,0.0,0.0,0.0,0.0,0.0,0.0,0.0,0.0,0.0,0.0,0.0,261.0,57.0,2.0,1.0,0.0,0.0,0.0,0.0,0.0,0.0,0.0,0.0,0.0,idle
,idle,,,,,,,,,,,,,,,,,,,,,,,,,,,,,,,,,,,,,idle
1778097346.5115578,g2.hpc.coe,41393.0,0.5001,0.0,0.0,0.0,12288.0,136138385428.0,136368661641.0,139265315.0,139448791.0,3127583.0,0.0,0.0,0.0,0.0,0.0,0.0,0.0,0.0,0.0,0.0,0.0,0.0,303.0,57.0,2.0,1.0,0.0,0.0,0.0,0.0,0.0,0.0,0.0,0.0,0.0,idle
,idle,,,,,,,,,,,,,,,,,,,,,,,,,,,,,,,,,,,,,idle
1778097347.0116825,g2.hpc.coe,41393.0,0.5001,0.0,0.0,0.0,12288.0,136138386397.0,136368662145.0,139265332.0,139448800.0,3127583.0,0.0,0.0,0.0,0.0,0.0,0.0,0.0,0.0,0.0,0.0,0.0,0.0,969.0,504.0,17.0,9.0,0.0,0.0,0.0,0.0,0.0,0.0,0.0,0.0,0.0,idle
,idle,,,,,,,,,,,,,,,,,,,,,,,,,,,,,,,,,,,,,idle
1778097347.5118108,g2.hpc.coe,41393.0,0.5001,0.0,0.0,0.0,12288.0,136138386785.0,136368662202.0,139265334.0,139448801.0,3127583.0,0.0,0.0,0.0,0.0,0.0,0.0,0.0,0.0,0.0,0.0,0.0,0.0,388.0,57.0,2.0,1.0,0.0,0.0,0.0,0.0,0.0,0.0,0.0,0.0,0.0,idle
,idle,,,,,,,,,,,,,,,,,,,,,,,,,,,,,,,,,,,,,idle
1778097348.0119517,g2.hpc.coe,41393.0,0.5001,0.0,0.0,0.0,12288.0,136138387216.0,136368662259.0,139265336.0,139448802.0,3127583.0,0.0,0.0,0.0,0.0,0.0,0.0,0.0,0.0,0.0,0.0,0.0,0.0,431.0,57.0,2.0,1.0,0.0,0.0,0.0,0.0,0.0,0.0,0.0,0.0,0.0,idle
,idle,,,,,,,,,,,,,,,,,,,,,,,,,,,,,,,,,,,,,idle
1778097348.5120778,g2.hpc.coe,41393.0,0.5001,0.0,0.0,0.0,12288.0,136138387689.0,136368662316.0,139265338.0,139448803.0,3127583.0,0.0,0.0,0.0,0.0,0.0,0.0,0.0,0.0,0.0,0.0,0.0,0.0,473.0,57.0,2.0,1.0,0.0,0.0,0.0,0.0,0.0,0.0,0.0,0.0,0.0,idle
,idle,,,,,,,,,,,,,,,,,,,,,,,,,,,,,,,,,,,,,idle
1778097349.0122154,g2.hpc.coe,41393.0,0.5001,0.0,0.0,0.0,12288.0,136138388204.0,136368662373.0,139265340.0,139448804.0,3127583.0,0.0,0.0,0.0,0.0,0.0,0.0,0.0,0.0,0.0,0.0,0.0,0.0,515.0,57.0,2.0,1.0,0.0,0.0,0.0,0.0,0.0,0.0,0.0,0.0,0.0,idle
,idle,,,,,,,,,,,,,,,,,,,,,,,,,,,,,,,,,,,,,idle
1778097349.512336,g2.hpc.coe,41393.0,0.5001,0.0,0.0,0.0,12288.0,136138388783.0,136368662452.0,139265343.0,139448806.0,3127583.0,0.0,0.0,0.0,0.0,0.0,0.0,0.0,0.0,0.0,0.0,0.0,0.0,579.0,79.0,3.0,2.0,0.0,0.0,0.0,0.0,0.0,0.0,0.0,0.0,0.0,idle
,idle,,,,,,,,,,,,,,,,,,,,,,,,,,,,,,,,,,,,,idle
1778097350.012464,g2.hpc.coe,41393.0,0.5001,0.0,0.0,0.0,12288.0,136138389404.0,136368662531.0,139265346.0,139448808.0,3127583.0,0.0,0.0,0.0,0.0,0.0,0.0,0.0,0.0,0.0,0.0,0.0,0.0,621.0,79.0,3.0,2.0,0.0,0.0,0.0,0.0,0.0,0.0,0.0,0.0,0.0,idle
,idle,,,,,,,,,,,,,,,,,,,,,,,,,,,,,,,,,,,,,idle
1778097350.5125976,g2.hpc.coe,41393.0,0.5001,0.0,0.0,0.0,12288.0,136138390067.0,136368662610.0,139265349.0,139448810.0,3127583.0,0.0,0.0,0.0,0.0,0.0,0.0,0.0,0.0,0.0,0.0,0.0,0.0,663.0,79.0,3.0,2.0,0.0,0.0,0.0,0.0,0.0,0.0,0.0,0.0,0.0,idle
,idle,,,,,,,,,,,,,,,,,,,,,,,,,,,,,,,,,,,,,idle
1778097351.0127237,g2.hpc.coe,41393.0,0.5001,0.0,0.0,0.0,12288.0,136138390773.0,136368662689.0,139265352.0,139448812.0,3127583.0,0.0,0.0,0.0,0.0,0.0,0.0,0.0,0.0,0.0,0.0,0.0,0.0,706.0,79.0,3.0,2.0,0.0,0.0,0.0,0.0,0.0,0.0,0.0,0.0,0.0,idle
,idle,,,,,,,,,,,,,,,,,,,,,,,,,,,,,,,,,,,,,idle
1778097351.5128503,g2.hpc.coe,41393.0,0.5001,0.0,0.0,0.0,12288.0,136138391598.0,136368662823.0,139265357.0,139448815.0,3127583.0,0.0,0.0,0.0,0.0,0.0,0.0,0.0,0.0,0.0,0.0,0.0,0.0,825.0,134.0,5.0,3.0,0.0,0.0,0.0,0.0,0.0,0.0,0.0,0.0,0.0,idle
,idle,,,,,,,,,,,,,,,,,,,,,,,,,,,,,,,,,,,,,idle
1778097352.0129724,g2.hpc.coe,41393.0,0.5001,0.0,0.0,0.0,12288.0,136138392388.0,136368662902.0,139265360.0,139448817.0,3127583.0,0.0,0.0,0.0,0.0,0.0,0.0,0.0,0.0,0.0,0.0,0.0,0.0,790.0,79.0,3.0,2.0,0.0,0.0,0.0,0.0,0.0,0.0,0.0,0.0,0.0,idle
,idle,,,,,,,,,,,,,,,,,,,,,,,,,,,,,,,,,,,,,idle
1778097352.5130968,g2.hpc.coe,41393.0,0.5001,0.0,0.0,0.0,12288.0,136138393221.0,136368662981.0,139265363.0,139448819.0,3127583.0,0.0,0.0,0.0,0.0,0.0,0.0,0.0,0.0,0.0,0.0,0.0,0.0,833.0,79.0,3.0,2.0,0.0,0.0,0.0,0.0,0.0,0.0,0.0,0.0,0.0,idle
,idle,,,,,,,,,,,,,,,,,,,,,,,,,,,,,,,,,,,,,idle
1778097353.013224,g2.hpc.coe,41393.0,0.5001,0.0,0.0,0.0,12288.0,136138394096.0,136368663060.0,139265366.0,139448821.0,3127583.0,0.0,0.0,0.0,0.0,0.0,0.0,0.0,0.0,0.0,0.0,0.0,0.0,875.0,79.0,3.0,2.0,0.0,0.0,0.0,0.0,0.0,0.0,0.0,0.0,0.0,idle
,idle,,,,,,,,,,,,,,,,,,,,,,,,,,,,,,,,,,,,,idle
1778097353.5133576,g2.hpc.coe,41393.0,0.5001,0.0,0.0,0.0,12288.0,136138395013.0,136368663139.0,139265369.0,139448823.0,3127583.0,0.0,0.0,0.0,0.0,0.0,0.0,0.0,0.0,0.0,0.0,0.0,0.0,917.0,79.0,3.0,2.0,0.0,0.0,0.0,0.0,0.0,0.0,0.0,0.0,0.0,idle
,idle,,,,,,,,,,,,,,,,,,,,,,,,,,,,,,,,,,,,,idle
1778097354.0134785,g2.hpc.coe,41393.0,0.5001,0.0,0.0,0.0,12288.0,136138395972.0,136368663218.0,139265372.0,139448825.0,3127583.0,0.0,0.0,0.0,0.0,0.0,0.0,0.0,0.0,0.0,0.0,0.0,0.0,959.0,79.0,3.0,2.0,0.0,0.0,0.0,0.0,0.0,0.0,0.0,0.0,0.0,idle
,idle,,,,,,,,,,,,,,,,,,,,,,,,,,,,,,,,,,,,,idle
1778097354.5136054,g2.hpc.coe,41393.0,0.5001,0.0,0.0,0.0,12288.0,136138396973.0,136368663297.0,139265375.0,139448827.0,3127583.0,0.0,0.0,0.0,0.0,0.0,0.0,0.0,0.0,0.0,0.0,0.0,0.0,1001.0,79.0,3.0,2.0,0.0,0.0,0.0,0.0,0.0,0.0,0.0,0.0,0.0,idle
,idle,,,,,,,,,,,,,,,,,,,,,,,,,,,,,,,,,,,,,idle
1778097355.0137358,g2.hpc.coe,41393.0,0.5001,0.0,0.0,0.0,12288.0,136138398017.0,136368663376.0,139265378.0,139448829.0,3127583.0,0.0,0.0,0.0,0.0,0.0,0.0,0.0,0.0,0.0,0.0,0.0,0.0,1044.0,79.0,3.0,2.0,0.0,0.0,0.0,0.0,0.0,0.0,0.0,0.0,0.0,idle
,idle,,,,,,,,,,,,,,,,,,,,,,,,,,,,,,,,,,,,,idle
1778097355.5138688,g2.hpc.coe,41393.0,0.5001,0.0,0.0,0.0,12288.0,136138399125.0,136368663455.0,139265382.0,139448831.0,3127583.0,0.0,0.0,0.0,0.0,0.0,0.0,0.0,0.0,0.0,0.0,0.0,0.0,1108.0,79.0,4.0,2.0,0.0,0.0,0.0,0.0,0.0,0.0,0.0,0.0,0.0,idle
,idle,,,,,,,,,,,,,,,,,,,,,,,,,,,,,,,,,,,,,idle
1778097356.0139973,g2.hpc.coe,41393.0,0.5001,0.0,0.0,0.0,12288.0,136138400276.0,136368663534.0,139265386.0,139448833.0,3127583.0,0.0,0.0,0.0,0.0,0.0,0.0,0.0,0.0,0.0,0.0,0.0,0.0,1151.0,79.0,4.0,2.0,0.0,0.0,0.0,0.0,0.0,0.0,0.0,0.0,0.0,idle
,idle,,,,,,,,,,,,,,,,,,,,,,,,,,,,,,,,,,,,,idle
1778097356.51412,g2.hpc.coe,41393.0,0.5001,0.0,0.0,0.0,12288.0,136138400401.0,136368663591.0,139265388.0,139448834.0,3127583.0,0.0,0.0,0.0,0.0,0.0,0.0,0.0,0.0,0.0,0.0,0.0,0.0,125.0,57.0,2.0,1.0,0.0,0.0,0.0,0.0,0.0,0.0,0.0,0.0,0.0,idle
,idle,,,,,,,,,,,,,,,,,,,,,,,,,,,,,,,,,,,,,idle
1778097357.0142512,g2.hpc.coe,41393.0,0.5001,0.0,0.0,0.0,12288.0,136138400568.0,136368663648.0,139265390.0,139448835.0,3127583.0,0.0,0.0,0.0,0.0,0.0,0.0,0.0,0.0,0.0,0.0,0.0,0.0,167.0,57.0,2.0,1.0,0.0,0.0,0.0,0.0,0.0,0.0,0.0,0.0,0.0,idle
,idle,,,,,,,,,,,,,,,,,,,,,,,,,,,,,,,,,,,,,idle
1778097357.5143793,g2.hpc.coe,41393.0,0.5001,0.0,0.0,0.0,12288.0,136138400777.0,136368663705.0,139265392.0,139448836.0,3127583.0,0.0,0.0,0.0,0.0,0.0,0.0,0.0,0.0,0.0,0.0,0.0,0.0,209.0,57.0,2.0,1.0,0.0,0.0,0.0,0.0,0.0,0.0,0.0,0.0,0.0,idle
,idle,,,,,,,,,,,,,,,,,,,,,,,,,,,,,,,,,,,,,idle
1778097358.0145085,g2.hpc.coe,41393.0,0.5001,0.0,0.0,0.0,12288.0,136138401029.0,136368663762.0,139265394.0,139448837.0,3127583.0,0.0,0.0,0.0,0.0,0.0,0.0,0.0,0.0,0.0,0.0,0.0,0.0,252.0,57.0,2.0,1.0,0.0,0.0,0.0,0.0,0.0,0.0,0.0,0.0,0.0,idle
,idle,,,,,,,,,,,,,,,,,,,,,,,,,,,,,,,,,,,,,idle
1778097358.5146377,g2.hpc.coe,41393.0,0.5001,0.0,0.0,0.0,12288.0,136138401323.0,136368663819.0,139265396.0,139448838.0,3127583.0,0.0,0.0,0.0,0.0,0.0,0.0,0.0,0.0,0.0,0.0,0.0,0.0,294.0,57.0,2.0,1.0,0.0,0.0,0.0,0.0,0.0,0.0,0.0,0.0,0.0,idle
,idle,,,,,,,,,,,,,,,,,,,,,,,,,,,,,,,,,,,,,idle
1778097359.014761,g2.hpc.coe,41393.0,0.5001,0.0,0.0,0.0,12288.0,136138401659.0,136368663876.0,139265398.0,139448839.0,3127583.0,0.0,0.0,0.0,0.0,0.0,0.0,0.0,0.0,0.0,0.0,0.0,0.0,336.0,57.0,2.0,1.0,0.0,0.0,0.0,0.0,0.0,0.0,0.0,0.0,0.0,idle
,idle,,,,,,,,,,,,,,,,,,,,,,,,,,,,,,,,,,,,,idle
1778097359.5148714,g2.hpc.coe,41393.0,0.5001,0.0,0.0,0.0,12288.0,136138402037.0,136368663933.0,139265400.0,139448840.0,3127583.0,0.0,0.0,0.0,0.0,0.0,0.0,0.0,0.0,0.0,0.0,0.0,0.0,378.0,57.0,2.0,1.0,0.0,0.0,0.0,0.0,0.0,0.0,0.0,0.0,0.0,idle
,idle,,,,,,,,,,,,,,,,,,,,,,,,,,,,,,,,,,,,,idle
1778097360.0149827,g2.hpc.coe,41393.0,0.5001,0.0,0.0,0.0,12288.0,136138402457.0,136368663990.0,139265402.0,139448841.0,3127583.0,0.0,0.0,0.0,0.0,0.0,0.0,0.0,0.0,0.0,0.0,0.0,0.0,420.0,57.0,2.0,1.0,0.0,0.0,0.0,0.0,0.0,0.0,0.0,0.0,0.0,idle
,idle,,,,,,,,,,,,,,,,,,,,,,,,,,,,,,,,,,,,,idle
1778097360.515104,g2.hpc.coe,41393.0,0.5001,0.0,0.0,0.0,12288.0,136138402920.0,136368664047.0,139265404.0,139448842.0,3127583.0,0.0,0.0,0.0,0.0,0.0,0.0,0.0,0.0,0.0,0.0,0.0,0.0,463.0,57.0,2.0,1.0,0.0,0.0,0.0,0.0,0.0,0.0,0.0,0.0,0.0,idle
,idle,,,,,,,,,,,,,,,,,,,,,,,,,,,,,,,,,,,,,idle
1778097361.0152268,g2.hpc.coe,41393.0,0.5001,0.0,0.0,0.0,12288.0,136138403425.0,136368664104.0,139265406.0,139448843.0,3127583.0,0.0,0.0,0.0,0.0,0.0,0.0,0.0,0.0,0.0,0.0,0.0,0.0,505.0,57.0,2.0,1.0,0.0,0.0,0.0,0.0,0.0,0.0,0.0,0.0,0.0,idle
,idle,,,,,,,,,,,,,,,,,,,,,,,,,,,,,,,,,,,,,idle
1778097361.515355,g2.hpc.coe,41393.0,0.5001,0.0,0.0,0.0,12288.0,136138403994.0,136368664183.0,139265409.0,139448845.0,3127583.0,0.0,0.0,0.0,0.0,0.0,0.0,0.0,0.0,0.0,0.0,0.0,0.0,569.0,79.0,3.0,2.0,0.0,0.0,0.0,0.0,0.0,0.0,0.0,0.0,0.0,idle
,idle,,,,,,,,,,,,,,,,,,,,,,,,,,,,,,,,,,,,,idle
1778097362.0154812,g2.hpc.coe,41393.0,0.5001,0.0,0.0,0.0,12288.0,136138405305.0,136368664764.0,139265429.0,139448856.0,3127583.0,0.0,0.0,0.0,0.0,0.0,0.0,0.0,0.0,0.0,0.0,0.0,0.0,1311.0,581.0,20.0,11.0,0.0,0.0,0.0,0.0,0.0,0.0,0.0,0.0,0.0,idle
,idle,,,,,,,,,,,,,,,,,,,,,,,,,,,,,,,,,,,,,idle
1778097362.5156174,g2.hpc.coe,41393.0,0.5001,0.0,0.0,0.0,12288.0,136138405959.0,136368664843.0,139265432.0,139448858.0,3127583.0,0.0,0.0,0.0,0.0,0.0,0.0,0.0,0.0,0.0,0.0,0.0,0.0,654.0,79.0,3.0,2.0,0.0,0.0,0.0,0.0,0.0,0.0,0.0,0.0,0.0,idle
,idle,,,,,,,,,,,,,,,,,,,,,,,,,,,,,,,,,,,,,idle
1778097363.0157485,g2.hpc.coe,41393.0,0.5001,0.0,0.0,0.0,12288.0,136138406656.0,136368664922.0,139265435.0,139448860.0,3127583.0,0.0,0.0,0.0,0.0,0.0,0.0,0.0,0.0,0.0,0.0,0.0,0.0,697.0,79.0,3.0,2.0,0.0,0.0,0.0,0.0,0.0,0.0,0.0,0.0,0.0,idle
,idle,,,,,,,,,,,,,,,,,,,,,,,,,,,,,,,,,,,,,idle
1778097363.515873,g2.hpc.coe,41393.0,0.5001,0.0,0.0,0.0,12288.0,136138407395.0,136368665001.0,139265438.0,139448862.0,3127583.0,0.0,0.0,0.0,0.0,0.0,0.0,0.0,0.0,0.0,0.0,0.0,0.0,739.0,79.0,3.0,2.0,0.0,0.0,0.0,0.0,0.0,0.0,0.0,0.0,0.0,idle
,idle,,,,,,,,,,,,,,,,,,,,,,,,,,,,,,,,,,,,,idle
1778097364.0159943,g2.hpc.coe,41393.0,0.5001,0.0,0.0,0.0,12288.0,136138408176.0,136368665080.0,139265441.0,139448864.0,3127583.0,0.0,0.0,0.0,0.0,0.0,0.0,0.0,0.0,0.0,0.0,0.0,0.0,781.0,79.0,3.0,2.0,0.0,0.0,0.0,0.0,0.0,0.0,0.0,0.0,0.0,idle
,idle,,,,,,,,,,,,,,,,,,,,,,,,,,,,,,,,,,,,,idle
1778097364.5161211,g2.hpc.coe,41393.0,0.5001,0.0,0.0,0.0,12288.0,136138408999.0,136368665159.0,139265444.0,139448866.0,3127583.0,0.0,0.0,0.0,0.0,0.0,0.0,0.0,0.0,0.0,0.0,0.0,0.0,823.0,79.0,3.0,2.0,0.0,0.0,0.0,0.0,0.0,0.0,0.0,0.0,0.0,idle
,idle,,,,,,,,,,,,,,,,,,,,,,,,,,,,,,,,,,,,,idle
1778097365.01623,g2.hpc.coe,41393.0,0.5001,0.0,0.0,0.0,12288.0,136138409864.0,136368665238.0,139265447.0,139448868.0,3127583.0,0.0,0.0,0.0,0.0,0.0,0.0,0.0,0.0,0.0,0.0,0.0,0.0,865.0,79.0,3.0,2.0,0.0,0.0,0.0,0.0,0.0,0.0,0.0,0.0,0.0,idle
,idle,,,,,,,,,,,,,,,,,,,,,,,,,,,,,,,,,,,,,idle
1778097365.516351,g2.hpc.coe,41393.0,0.5001,0.0,0.0,0.0,12288.0,136138410772.0,136368665317.0,139265450.0,139448870.0,3127583.0,0.0,0.0,0.0,0.0,0.0,0.0,0.0,0.0,0.0,0.0,0.0,0.0,908.0,79.0,3.0,2.0,0.0,0.0,0.0,0.0,0.0,0.0,0.0,0.0,0.0,idle
,idle,,,,,,,,,,,,,,,,,,,,,,,,,,,,,,,,,,,,,idle
1778097366.016475,g2.hpc.coe,41393.0,0.5001,0.0,0.0,0.0,12288.0,136138411722.0,136368665396.0,139265453.0,139448872.0,3127583.0,0.0,0.0,0.0,0.0,0.0,0.0,0.0,0.0,0.0,0.0,0.0,0.0,950.0,79.0,3.0,2.0,0.0,0.0,0.0,0.0,0.0,0.0,0.0,0.0,0.0,idle
,idle,,,,,,,,,,,,,,,,,,,,,,,,,,,,,,,,,,,,,idle
1778097366.51661,g2.hpc.coe,41393.0,0.5001,0.0,0.0,0.0,12288.0,136138412714.0,136368665475.0,139265456.0,139448874.0,3127583.0,0.0,0.0,0.0,0.0,0.0,0.0,0.0,0.0,0.0,0.0,0.0,0.0,992.0,79.0,3.0,2.0,0.0,0.0,0.0,0.0,0.0,0.0,0.0,0.0,0.0,idle
,idle,,,,,,,,,,,,,,,,,,,,,,,,,,,,,,,,,,,,,idle
1778097367.0167367,g2.hpc.coe,41393.0,0.5001,0.0,0.0,0.0,12288.0,136138413825.0,136368665609.0,139265461.0,139448877.0,3127583.0,0.0,0.0,0.0,0.0,0.0,0.0,0.0,0.0,0.0,0.0,0.0,0.0,1111.0,134.0,5.0,3.0,0.0,0.0,0.0,0.0,0.0,0.0,0.0,0.0,0.0,idle
,idle,,,,,,,,,,,,,,,,,,,,,,,,,,,,,,,,,,,,,idle
1778097367.5168767,g2.hpc.coe,41393.0,0.5001,0.0,0.0,0.0,12288.0,136138414924.0,136368665688.0,139265465.0,139448879.0,3127583.0,0.0,0.0,0.0,0.0,0.0,0.0,0.0,0.0,0.0,0.0,0.0,0.0,1099.0,79.0,4.0,2.0,0.0,0.0,0.0,0.0,0.0,0.0,0.0,0.0,0.0,idle
,idle,,,,,,,,,,,,,,,,,,,,,,,,,,,,,,,,,,,,,idle
1778097368.0170016,g2.hpc.coe,41393.0,0.5001,0.0,0.0,0.0,12288.0,136138416065.0,136368665767.0,139265469.0,139448881.0,3127583.0,0.0,0.0,0.0,0.0,0.0,0.0,0.0,0.0,0.0,0.0,0.0,0.0,1141.0,79.0,4.0,2.0,0.0,0.0,0.0,0.0,0.0,0.0,0.0,0.0,0.0,idle
,idle,,,,,,,,,,,,,,,,,,,,,,,,,,,,,,,,,,,,,idle
1778097368.517137,g2.hpc.coe,41393.0,0.5001,0.0,0.0,0.0,12288.0,136138417249.0,136368665846.0,139265473.0,139448883.0,3127583.0,0.0,0.0,0.0,0.0,0.0,0.0,0.0,0.0,0.0,0.0,0.0,0.0,1184.0,79.0,4.0,2.0,0.0,0.0,0.0,0.0,0.0,0.0,0.0,0.0,0.0,idle
,idle,,,,,,,,,,,,,,,,,,,,,,,,,,,,,,,,,,,,,idle
1778097369.017254,g2.hpc.coe,41393.0,0.5001,0.0,0.0,0.0,12288.0,136138417407.0,136368665903.0,139265475.0,139448884.0,3127583.0,0.0,0.0,0.0,0.0,0.0,0.0,0.0,0.0,0.0,0.0,0.0,0.0,158.0,57.0,2.0,1.0,0.0,0.0,0.0,0.0,0.0,0.0,0.0,0.0,0.0,idle
,idle,,,,,,,,,,,,,,,,,,,,,,,,,,,,,,,,,,,,,idle
1778097369.5173783,g2.hpc.coe,41393.0,0.5001,0.0,0.0,0.0,12288.0,136138417607.0,136368665960.0,139265477.0,139448885.0,3127583.0,0.0,0.0,0.0,0.0,0.0,0.0,0.0,0.0,0.0,0.0,0.0,0.0,200.0,57.0,2.0,1.0,0.0,0.0,0.0,0.0,0.0,0.0,0.0,0.0,0.0,idle
,idle,,,,,,,,,,,,,,,,,,,,,,,,,,,,,,,,,,,,,idle
1778097370.0175047,g2.hpc.coe,41393.0,0.5001,0.0,0.0,0.0,12288.0,136138417849.0,136368666017.0,139265479.0,139448886.0,3127583.0,0.0,0.0,0.0,0.0,0.0,0.0,0.0,0.0,0.0,0.0,0.0,0.0,242.0,57.0,2.0,1.0,0.0,0.0,0.0,0.0,0.0,0.0,0.0,0.0,0.0,idle
,idle,,,,,,,,,,,,,,,,,,,,,,,,,,,,,,,,,,,,,idle
1778097370.5176346,g2.hpc.coe,41393.0,0.5001,0.0,0.0,0.0,12288.0,136138418134.0,136368666074.0,139265481.0,139448887.0,3127583.0,0.0,0.0,0.0,0.0,0.0,0.0,0.0,0.0,0.0,0.0,0.0,0.0,285.0,57.0,2.0,1.0,0.0,0.0,0.0,0.0,0.0,0.0,0.0,0.0,0.0,idle
,idle,,,,,,,,,,,,,,,,,,,,,,,,,,,,,,,,,,,,,idle
1778097371.0177464,g2.hpc.coe,41393.0,0.5001,0.0,0.0,0.0,12288.0,136138418461.0,136368666131.0,139265483.0,139448888.0,3127583.0,0.0,0.0,0.0,0.0,0.0,0.0,0.0,0.0,0.0,0.0,0.0,0.0,327.0,57.0,2.0,1.0,0.0,0.0,0.0,0.0,0.0,0.0,0.0,0.0,0.0,idle
,idle,,,,,,,,,,,,,,,,,,,,,,,,,,,,,,,,,,,,,idle
1778097371.5178826,g2.hpc.coe,41393.0,0.5001,0.0,0.0,0.0,12288.0,136138418830.0,136368666188.0,139265485.0,139448889.0,3127583.0,0.0,0.0,0.0,0.0,0.0,0.0,0.0,0.0,0.0,0.0,0.0,0.0,369.0,57.0,2.0,1.0,0.0,0.0,0.0,0.0,0.0,0.0,0.0,0.0,0.0,idle
,idle,,,,,,,,,,,,,,,,,,,,,,,,,,,,,,,,,,,,,idle
1778097372.0180025,g2.hpc.coe,41393.0,0.5001,0.0,0.0,0.0,12288.0,136138419318.0,136368666300.0,139265489.0,139448891.0,3127583.0,0.0,0.0,0.0,0.0,0.0,0.0,0.0,0.0,0.0,0.0,0.0,0.0,488.0,112.0,4.0,2.0,0.0,0.0,0.0,0.0,0.0,0.0,0.0,0.0,0.0,idle
,idle,,,,,,,,,,,,,,,,,,,,,,,,,,,,,,,,,,,,,idle
1778097372.5181062,g2.hpc.coe,41393.0,0.5001,0.0,0.0,0.0,12288.0,136138419772.0,136368666357.0,139265491.0,139448892.0,3127583.0,0.0,0.0,0.0,0.0,0.0,0.0,0.0,0.0,0.0,0.0,0.0,0.0,454.0,57.0,2.0,1.0,0.0,0.0,0.0,0.0,0.0,0.0,0.0,0.0,0.0,idle
,idle,,,,,,,,,,,,,,,,,,,,,,,,,,,,,,,,,,,,,idle
1778097373.0182288,g2.hpc.coe,41393.0,0.5001,0.0,0.0,0.0,12288.0,136138420268.0,136368666414.0,139265493.0,139448893.0,3127583.0,0.0,0.0,0.0,0.0,0.0,0.0,0.0,0.0,0.0,0.0,0.0,0.0,496.0,57.0,2.0,1.0,0.0,0.0,0.0,0.0,0.0,0.0,0.0,0.0,0.0,idle
,idle,,,,,,,,,,,,,,,,,,,,,,,,,,,,,,,,,,,,,idle
1778097373.5183508,g2.hpc.coe,41393.0,0.5001,0.0,0.0,0.0,12288.0,136138420806.0,136368666471.0,139265495.0,139448894.0,3127583.0,0.0,0.0,0.0,0.0,0.0,0.0,0.0,0.0,0.0,0.0,0.0,0.0,538.0,57.0,2.0,1.0,0.0,0.0,0.0,0.0,0.0,0.0,0.0,0.0,0.0,idle
,idle,,,,,,,,,,,,,,,,,,,,,,,,,,,,,,,,,,,,,idle
1778097374.018473,g2.hpc.coe,41393.0,0.5001,0.0,0.0,0.0,12288.0,136138421409.0,136368666550.0,139265498.0,139448896.0,3127583.0,0.0,0.0,0.0,0.0,0.0,0.0,0.0,0.0,0.0,0.0,0.0,0.0,603.0,79.0,3.0,2.0,0.0,0.0,0.0,0.0,0.0,0.0,0.0,0.0,0.0,idle
,idle,,,,,,,,,,,,,,,,,,,,,,,,,,,,,,,,,,,,,idle
1778097374.5186,g2.hpc.coe,41393.0,0.5001,0.0,0.0,0.0,12288.0,136138422054.0,136368666629.0,139265501.0,139448898.0,3127583.0,0.0,0.0,0.0,0.0,0.0,0.0,0.0,0.0,0.0,0.0,0.0,0.0,645.0,79.0,3.0,2.0,0.0,0.0,0.0,0.0,0.0,0.0,0.0,0.0,0.0,idle
,idle,,,,,,,,,,,,,,,,,,,,,,,,,,,,,,,,,,,,,idle
1778097375.0187025,g2.hpc.coe,41393.0,0.5001,0.0,0.0,0.0,12288.0,136138422740.0,136368666708.0,139265504.0,139448900.0,3127583.0,0.0,0.0,0.0,0.0,0.0,0.0,0.0,0.0,0.0,0.0,0.0,0.0,686.0,79.0,3.0,2.0,0.0,0.0,0.0,0.0,0.0,0.0,0.0,0.0,0.0,idle
,idle,,,,,,,,,,,,,,,,,,,,,,,,,,,,,,,,,,,,,idle
1778097375.518844,g2.hpc.coe,41393.0,0.5001,0.0,0.0,0.0,12288.0,136138423468.0,136368666787.0,139265507.0,139448902.0,3127583.0,0.0,0.0,0.0,0.0,0.0,0.0,0.0,0.0,0.0,0.0,0.0,0.0,728.0,79.0,3.0,2.0,0.0,0.0,0.0,0.0,0.0,0.0,0.0,0.0,0.0,idle
,idle,,,,,,,,,,,,,,,,,,,,,,,,,,,,,,,,,,,,,idle
1778097376.0189476,g2.hpc.coe,41393.0,0.5001,0.0,0.0,0.0,12288.0,136138424239.0,136368666866.0,139265510.0,139448904.0,3127583.0,0.0,0.0,0.0,0.0,0.0,0.0,0.0,0.0,0.0,0.0,0.0,0.0,771.0,79.0,3.0,2.0,0.0,0.0,0.0,0.0,0.0,0.0,0.0,0.0,0.0,idle
,idle,,,,,,,,,,,,,,,,,,,,,,,,,,,,,,,,,,,,,idle
1778097376.5190732,g2.hpc.coe,41393.0,0.5001,0.0,0.0,0.0,12288.0,136138425052.0,136368666945.0,139265513.0,139448906.0,3127583.0,0.0,0.0,0.0,0.0,0.0,0.0,0.0,0.0,0.0,0.0,0.0,0.0,813.0,79.0,3.0,2.0,0.0,0.0,0.0,0.0,0.0,0.0,0.0,0.0,0.0,idle
,idle,,,,,,,,,,,,,,,,,,,,,,,,,,,,,,,,,,,,,idle
1778097377.0192008,g2.hpc.coe,41393.0,0.5001,0.0,0.0,0.0,12288.0,136138426585.0,136368667526.0,139265532.0,139448917.0,3127583.0,0.0,0.0,0.0,0.0,0.0,0.0,0.0,0.0,0.0,0.0,0.0,0.0,1533.0,581.0,19.0,11.0,0.0,0.0,0.0,0.0,0.0,0.0,0.0,0.0,0.0,idle
,idle,,,,,,,,,,,,,,,,,,,,,,,,,,,,,,,,,,,,,idle
1778097377.5193098,g2.hpc.coe,41393.0,0.5001,0.0,0.0,0.0,12288.0,136138427505.0,136368667605.0,139265536.0,139448919.0,3127583.0,0.0,0.0,0.0,0.0,0.0,0.0,0.0,0.0,0.0,0.0,0.0,0.0,920.0,79.0,4.0,2.0,0.0,0.0,0.0,0.0,0.0,0.0,0.0,0.0,0.0,idle
,idle,,,,,,,,,,,,,,,,,,,,,,,,,,,,,,,,,,,,,idle
1778097378.019422,g2.hpc.coe,41393.0,0.5001,0.0,0.0,0.0,12288.0,136138428446.0,136368667684.0,139265539.0,139448921.0,3127583.0,0.0,0.0,0.0,0.0,0.0,0.0,0.0,0.0,0.0,0.0,0.0,0.0,941.0,79.0,3.0,2.0,0.0,0.0,0.0,0.0,0.0,0.0,0.0,0.0,0.0,idle
,idle,,,,,,,,,,,,,,,,,,,,,,,,,,,,,,,,,,,,,idle
1778097378.5195503,g2.hpc.coe,41393.0,0.5001,0.0,0.0,0.0,12288.0,136138429429.0,136368667763.0,139265542.0,139448923.0,3127583.0,0.0,0.0,0.0,0.0,0.0,0.0,0.0,0.0,0.0,0.0,0.0,0.0,983.0,79.0,3.0,2.0,0.0,0.0,0.0,0.0,0.0,0.0,0.0,0.0,0.0,idle
,idle,,,,,,,,,,,,,,,,,,,,,,,,,,,,,,,,,,,,,idle
1778097379.0196867,g2.hpc.coe,41393.0,0.5001,0.0,0.0,0.0,12288.0,136138430454.0,136368667842.0,139265545.0,139448925.0,3127583.0,0.0,0.0,0.0,0.0,0.0,0.0,0.0,0.0,0.0,0.0,0.0,0.0,1025.0,79.0,3.0,2.0,0.0,0.0,0.0,0.0,0.0,0.0,0.0,0.0,0.0,idle
,idle,,,,,,,,,,,,,,,,,,,,,,,,,,,,,,,,,,,,,idle
1778097379.5198076,g2.hpc.coe,41393.0,0.5001,0.0,0.0,0.0,12288.0,136138431543.0,136368667921.0,139265549.0,139448927.0,3127583.0,0.0,0.0,0.0,0.0,0.0,0.0,0.0,0.0,0.0,0.0,0.0,0.0,1089.0,79.0,4.0,2.0,0.0,0.0,0.0,0.0,0.0,0.0,0.0,0.0,0.0,idle
,idle,,,,,,,,,,,,,,,,,,,,,,,,,,,,,,,,,,,,,idle
1778097380.0199409,g2.hpc.coe,41393.0,0.5001,0.0,0.0,0.0,12288.0,136138432675.0,136368668000.0,139265553.0,139448929.0,3127583.0,0.0,0.0,0.0,0.0,0.0,0.0,0.0,0.0,0.0,0.0,0.0,0.0,1132.0,79.0,4.0,2.0,0.0,0.0,0.0,0.0,0.0,0.0,0.0,0.0,0.0,idle
,idle,,,,,,,,,,,,,,,,,,,,,,,,,,,,,,,,,,,,,idle
1778097380.5200624,g2.hpc.coe,41393.0,0.5001,0.0,0.0,0.0,12288.0,136138433849.0,136368668079.0,139265557.0,139448931.0,3127583.0,0.0,0.0,0.0,0.0,0.0,0.0,0.0,0.0,0.0,0.0,0.0,0.0,1174.0,79.0,4.0,2.0,0.0,0.0,0.0,0.0,0.0,0.0,0.0,0.0,0.0,idle
,idle,,,,,,,,,,,,,,,,,,,,,,,,,,,,,,,,,,,,,idle
1778097381.0201828,g2.hpc.coe,41393.0,0.5001,0.0,0.0,0.0,12288.0,136138433998.0,136368668136.0,139265559.0,139448932.0,3127583.0,0.0,0.0,0.0,0.0,0.0,0.0,0.0,0.0,0.0,0.0,0.0,0.0,149.0,57.0,2.0,1.0,0.0,0.0,0.0,0.0,0.0,0.0,0.0,0.0,0.0,idle
,idle,,,,,,,,,,,,,,,,,,,,,,,,,,,,,,,,,,,,,idle
1778097381.520288,g2.hpc.coe,41393.0,0.5001,0.0,0.0,0.0,12288.0,136138434189.0,136368668193.0,139265561.0,139448933.0,3127583.0,0.0,0.0,0.0,0.0,0.0,0.0,0.0,0.0,0.0,0.0,0.0,0.0,191.0,57.0,2.0,1.0,0.0,0.0,0.0,0.0,0.0,0.0,0.0,0.0,0.0,idle
,idle,,,,,,,,,,,,,,,,,,,,,,,,,,,,,,,,,,,,,idle
1778097382.0204148,g2.hpc.coe,41393.0,0.5001,0.0,0.0,0.0,12288.0,136138434422.0,136368668250.0,139265563.0,139448934.0,3127583.0,0.0,0.0,0.0,0.0,0.0,0.0,0.0,0.0,0.0,0.0,0.0,0.0,233.0,57.0,2.0,1.0,0.0,0.0,0.0,0.0,0.0,0.0,0.0,0.0,0.0,idle
,idle,,,,,,,,,,,,,,,,,,,,,,,,,,,,,,,,,,,,,idle
1778097382.5205305,g2.hpc.coe,41393.0,0.5001,0.0,0.0,0.0,12288.0,136138434774.0,136368668362.0,139265567.0,139448936.0,3127583.0,0.0,0.0,0.0,0.0,0.0,0.0,0.0,0.0,0.0,0.0,0.0,0.0,352.0,112.0,4.0,2.0,0.0,0.0,0.0,0.0,0.0,0.0,0.0,0.0,0.0,idle
,idle,,,,,,,,,,,,,,,,,,,,,,,,,,,,,,,,,,,,,idle
1778097383.020652,g2.hpc.coe,41393.0,0.5001,0.0,0.0,0.0,12288.0,136138435092.0,136368668419.0,139265569.0,139448937.0,3127583.0,0.0,0.0,0.0,0.0,0.0,0.0,0.0,0.0,0.0,0.0,0.0,0.0,318.0,57.0,2.0,1.0,0.0,0.0,0.0,0.0,0.0,0.0,0.0,0.0,0.0,idle
,idle,,,,,,,,,,,,,,,,,,,,,,,,,,,,,,,,,,,,,idle
1778097383.5207794,g2.hpc.coe,41393.0,0.5001,0.0,0.0,0.0,12288.0,136138435452.0,136368668476.0,139265571.0,139448938.0,3127583.0,0.0,0.0,0.0,0.0,0.0,0.0,0.0,0.0,0.0,0.0,0.0,0.0,360.0,57.0,2.0,1.0,0.0,0.0,0.0,0.0,0.0,0.0,0.0,0.0,0.0,idle
,idle,,,,,,,,,,,,,,,,,,,,,,,,,,,,,,,,,,,,,idle
1778097384.0209007,g2.hpc.coe,41393.0,0.5001,0.0,0.0,0.0,12288.0,136138435854.0,136368668533.0,139265573.0,139448939.0,3127583.0,0.0,0.0,0.0,0.0,0.0,0.0,0.0,0.0,0.0,0.0,0.0,0.0,402.0,57.0,2.0,1.0,0.0,0.0,0.0,0.0,0.0,0.0,0.0,0.0,0.0,idle
,idle,,,,,,,,,,,,,,,,,,,,,,,,,,,,,,,,,,,,,idle
1778097384.5210202,g2.hpc.coe,41393.0,0.5001,0.0,0.0,0.0,12288.0,136138436298.0,136368668590.0,139265575.0,139448940.0,3127583.0,0.0,0.0,0.0,0.0,0.0,0.0,0.0,0.0,0.0,0.0,0.0,0.0,444.0,57.0,2.0,1.0,0.0,0.0,0.0,0.0,0.0,0.0,0.0,0.0,0.0,idle
,idle,,,,,,,,,,,,,,,,,,,,,,,,,,,,,,,,,,,,,idle
1778097385.0211458,g2.hpc.coe,41393.0,0.5001,0.0,0.0,0.0,12288.0,136138436785.0,136368668647.0,139265577.0,139448941.0,3127583.0,0.0,0.0,0.0,0.0,0.0,0.0,0.0,0.0,0.0,0.0,0.0,0.0,487.0,57.0,2.0,1.0,0.0,0.0,0.0,0.0,0.0,0.0,0.0,0.0,0.0,idle
,idle,,,,,,,,,,,,,,,,,,,,,,,,,,,,,,,,,,,,,idle
1778097385.521247,g2.hpc.coe,41393.0,0.5001,0.0,0.0,0.0,12288.0,136138437314.0,136368668704.0,139265579.0,139448942.0,3127583.0,0.0,0.0,0.0,0.0,0.0,0.0,0.0,0.0,0.0,0.0,0.0,0.0,529.0,57.0,2.0,1.0,0.0,0.0,0.0,0.0,0.0,0.0,0.0,0.0,0.0,idle
,idle,,,,,,,,,,,,,,,,,,,,,,,,,,,,,,,,,,,,,idle
1778097386.021385,g2.hpc.coe,41393.0,0.5001,0.0,0.0,0.0,12288.0,136138437907.0,136368668783.0,139265582.0,139448944.0,3127583.0,0.0,0.0,0.0,0.0,0.0,0.0,0.0,0.0,0.0,0.0,0.0,0.0,593.0,79.0,3.0,2.0,0.0,0.0,0.0,0.0,0.0,0.0,0.0,0.0,0.0,idle
,idle,,,,,,,,,,,,,,,,,,,,,,,,,,,,,,,,,,,,,idle
1778097386.5214958,g2.hpc.coe,41393.0,0.5001,0.0,0.0,0.0,12288.0,136138438542.0,136368668862.0,139265585.0,139448946.0,3127583.0,0.0,0.0,0.0,0.0,0.0,0.0,0.0,0.0,0.0,0.0,0.0,0.0,635.0,79.0,3.0,2.0,0.0,0.0,0.0,0.0,0.0,0.0,0.0,0.0,0.0,idle
,idle,,,,,,,,,,,,,,,,,,,,,,,,,,,,,,,,,,,,,idle
1778097387.0215986,g2.hpc.coe,41393.0,0.5001,0.0,0.0,0.0,12288.0,136138439219.0,136368668941.0,139265588.0,139448948.0,3127583.0,0.0,0.0,0.0,0.0,0.0,0.0,0.0,0.0,0.0,0.0,0.0,0.0,677.0,79.0,3.0,2.0,0.0,0.0,0.0,0.0,0.0,0.0,0.0,0.0,0.0,idle
,idle,,,,,,,,,,,,,,,,,,,,,,,,,,,,,,,,,,,,,idle
1778097387.5217197,g2.hpc.coe,41393.0,0.5001,0.0,0.0,0.0,12288.0,136138440015.0,136368669075.0,139265593.0,139448951.0,3127583.0,0.0,0.0,0.0,0.0,0.0,0.0,0.0,0.0,0.0,0.0,0.0,0.0,796.0,134.0,5.0,3.0,0.0,0.0,0.0,0.0,0.0,0.0,0.0,0.0,0.0,idle
,idle,,,,,,,,,,,,,,,,,,,,,,,,,,,,,,,,,,,,,idle
1778097388.021846,g2.hpc.coe,41393.0,0.5001,0.0,0.0,0.0,12288.0,136138440777.0,136368669154.0,139265596.0,139448953.0,3127583.0,0.0,0.0,0.0,0.0,0.0,0.0,0.0,0.0,0.0,0.0,0.0,0.0,762.0,79.0,3.0,2.0,0.0,0.0,0.0,0.0,0.0,0.0,0.0,0.0,0.0,idle
,idle,,,,,,,,,,,,,,,,,,,,,,,,,,,,,,,,,,,,,idle
1778097388.521969,g2.hpc.coe,41393.0,0.5001,0.0,0.0,0.0,12288.0,136138441581.0,136368669233.0,139265599.0,139448955.0,3127583.0,0.0,0.0,0.0,0.0,0.0,0.0,0.0,0.0,0.0,0.0,0.0,0.0,804.0,79.0,3.0,2.0,0.0,0.0,0.0,0.0,0.0,0.0,0.0,0.0,0.0,idle
,idle,,,,,,,,,,,,,,,,,,,,,,,,,,,,,,,,,,,,,idle
1778097389.0220926,g2.hpc.coe,41393.0,0.5001,0.0,0.0,0.0,12288.0,136138442427.0,136368669312.0,139265602.0,139448957.0,3127583.0,0.0,0.0,0.0,0.0,0.0,0.0,0.0,0.0,0.0,0.0,0.0,0.0,846.0,79.0,3.0,2.0,0.0,0.0,0.0,0.0,0.0,0.0,0.0,0.0,0.0,idle
,idle,,,,,,,,,,,,,,,,,,,,,,,,,,,,,,,,,,,,,idle
1778097389.522216,g2.hpc.coe,41393.0,0.5001,0.0,0.0,0.0,12288.0,136138443315.0,136368669391.0,139265605.0,139448959.0,3127583.0,0.0,0.0,0.0,0.0,0.0,0.0,0.0,0.0,0.0,0.0,0.0,0.0,888.0,79.0,3.0,2.0,0.0,0.0,0.0,0.0,0.0,0.0,0.0,0.0,0.0,idle
,idle,,,,,,,,,,,,,,,,,,,,,,,,,,,,,,,,,,,,,idle
1778097390.0223389,g2.hpc.coe,41393.0,0.5001,0.0,0.0,0.0,12288.0,136138444245.0,136368669470.0,139265608.0,139448961.0,3127583.0,0.0,0.0,0.0,0.0,0.0,0.0,0.0,0.0,0.0,0.0,0.0,0.0,930.0,79.0,3.0,2.0,0.0,0.0,0.0,0.0,0.0,0.0,0.0,0.0,0.0,idle
,idle,,,,,,,,,,,,,,,,,,,,,,,,,,,,,,,,,,,,,idle
1778097390.5224545,g2.hpc.coe,41393.0,0.5001,0.0,0.0,0.0,12288.0,136138445217.0,136368669549.0,139265611.0,139448963.0,3127583.0,0.0,0.0,0.0,0.0,0.0,0.0,0.0,0.0,0.0,0.0,0.0,0.0,972.0,79.0,3.0,2.0,0.0,0.0,0.0,0.0,0.0,0.0,0.0,0.0,0.0,idle
,idle,,,,,,,,,,,,,,,,,,,,,,,,,,,,,,,,,,,,,idle
1778097391.022601,g2.hpc.coe,41393.0,0.5001,0.0,0.0,0.0,12288.0,136138446232.0,136368669628.0,139265614.0,139448965.0,3127583.0,0.0,0.0,0.0,0.0,0.0,0.0,0.0,0.0,0.0,0.0,0.0,0.0,1015.0,79.0,3.0,2.0,0.0,0.0,0.0,0.0,0.0,0.0,0.0,0.0,0.0,idle
,idle,,,,,,,,,,,,,,,,,,,,,,,,,,,,,,,,,,,,,idle
1778097391.5227275,g2.hpc.coe,41393.0,0.5001,0.0,0.0,0.0,12288.0,136138447289.0,136368669707.0,139265617.0,139448967.0,3127583.0,0.0,0.0,0.0,0.0,0.0,0.0,0.0,0.0,0.0,0.0,0.0,0.0,1057.0,79.0,3.0,2.0,0.0,0.0,0.0,0.0,0.0,0.0,0.0,0.0,0.0,idle
,idle,,,,,,,,,,,,,,,,,,,,,,,,,,,,,,,,,,,,,idle
1778097392.0229063,g2.hpc.coe,41393.0,0.5002,0.0,0.0,0.0,12288.0,136138449033.0,136368670233.0,139265636.0,139448977.0,3127583.0,0.0,0.0,0.0,0.0,0.0,0.0,0.0,0.0,0.0,0.0,0.0,0.0,1744.0,526.0,19.0,10.0,0.0,0.0,0.0,0.0,0.0,0.0,0.0,0.0,0.0,idle
,idle,,,,,,,,,,,,,,,,,,,,,,,,,,,,,,,,,,,,,idle
1778097392.5230277,g2.hpc.coe,41393.0,0.5001,0.0,0.0,0.0,12288.0,136138450275.0,136368670367.0,139265642.0,139448980.0,3127583.0,0.0,0.0,0.0,0.0,0.0,0.0,0.0,0.0,0.0,0.0,0.0,0.0,1242.0,134.0,6.0,3.0,0.0,0.0,0.0,0.0,0.0,0.0,0.0,0.0,0.0,idle
,idle,,,,,,,,,,,,,,,,,,,,,,,,,,,,,,,,,,,,,idle
1778097393.0231318,g2.hpc.coe,41393.0,0.5001,0.0,0.0,0.0,12288.0,136138450414.0,136368670424.0,139265644.0,139448981.0,3127583.0,0.0,0.0,0.0,0.0,0.0,0.0,0.0,0.0,0.0,0.0,0.0,0.0,139.0,57.0,2.0,1.0,0.0,0.0,0.0,0.0,0.0,0.0,0.0,0.0,0.0,idle
,idle,,,,,,,,,,,,,,,,,,,,,,,,,,,,,,,,,,,,,idle
1778097393.5232637,g2.hpc.coe,41393.0,0.5001,0.0,0.0,0.0,12288.0,136138450596.0,136368670481.0,139265646.0,139448982.0,3127583.0,0.0,0.0,0.0,0.0,0.0,0.0,0.0,0.0,0.0,0.0,0.0,0.0,182.0,57.0,2.0,1.0,0.0,0.0,0.0,0.0,0.0,0.0,0.0,0.0,0.0,idle
,idle,,,,,,,,,,,,,,,,,,,,,,,,,,,,,,,,,,,,,idle
1778097394.0233874,g2.hpc.coe,41393.0,0.5001,0.0,0.0,0.0,12288.0,136138450820.0,136368670538.0,139265648.0,139448983.0,3127583.0,0.0,0.0,0.0,0.0,0.0,0.0,0.0,0.0,0.0,0.0,0.0,0.0,224.0,57.0,2.0,1.0,0.0,0.0,0.0,0.0,0.0,0.0,0.0,0.0,0.0,idle
,idle,,,,,,,,,,,,,,,,,,,,,,,,,,,,,,,,,,,,,idle
1778097394.523499,g2.hpc.coe,41393.0,0.5001,0.0,0.0,0.0,12288.0,136138451086.0,136368670595.0,139265650.0,139448984.0,3127583.0,0.0,0.0,0.0,0.0,0.0,0.0,0.0,0.0,0.0,0.0,0.0,0.0,266.0,57.0,2.0,1.0,0.0,0.0,0.0,0.0,0.0,0.0,0.0,0.0,0.0,idle
,idle,,,,,,,,,,,,,,,,,,,,,,,,,,,,,,,,,,,,,idle
1778097395.023607,g2.hpc.coe,41393.0,0.5001,0.0,0.0,0.0,12288.0,136138451394.0,136368670652.0,139265652.0,139448985.0,3127583.0,0.0,0.0,0.0,0.0,0.0,0.0,0.0,0.0,0.0,0.0,0.0,0.0,308.0,57.0,2.0,1.0,0.0,0.0,0.0,0.0,0.0,0.0,0.0,0.0,0.0,idle
,idle,,,,,,,,,,,,,,,,,,,,,,,,,,,,,,,,,,,,,idle
1778097395.5237312,g2.hpc.coe,41393.0,0.5001,0.0,0.0,0.0,12288.0,136138451744.0,136368670709.0,139265654.0,139448986.0,3127583.0,0.0,0.0,0.0,0.0,0.0,0.0,0.0,0.0,0.0,0.0,0.0,0.0,350.0,57.0,2.0,1.0,0.0,0.0,0.0,0.0,0.0,0.0,0.0,0.0,0.0,idle
,idle,,,,,,,,,,,,,,,,,,,,,,,,,,,,,,,,,,,,,idle
1778097396.02385,g2.hpc.coe,41393.0,0.5001,0.0,0.0,0.0,12288.0,136138452136.0,136368670766.0,139265656.0,139448987.0,3127583.0,0.0,0.0,0.0,0.0,0.0,0.0,0.0,0.0,0.0,0.0,0.0,0.0,392.0,57.0,2.0,1.0,0.0,0.0,0.0,0.0,0.0,0.0,0.0,0.0,0.0,idle
,idle,,,,,,,,,,,,,,,,,,,,,,,,,,,,,,,,,,,,,idle
1778097396.523956,g2.hpc.coe,41393.0,0.5001,0.0,0.0,0.0,12288.0,136138452570.0,136368670823.0,139265658.0,139448988.0,3127583.0,0.0,0.0,0.0,0.0,0.0,0.0,0.0,0.0,0.0,0.0,0.0,0.0,434.0,57.0,2.0,1.0,0.0,0.0,0.0,0.0,0.0,0.0,0.0,0.0,0.0,idle
,idle,,,,,,,,,,,,,,,,,,,,,,,,,,,,,,,,,,,,,idle
1778097397.024059,g2.hpc.coe,41393.0,0.5001,0.0,0.0,0.0,12288.0,136138453046.0,136368670880.0,139265660.0,139448989.0,3127583.0,0.0,0.0,0.0,0.0,0.0,0.0,0.0,0.0,0.0,0.0,0.0,0.0,476.0,57.0,2.0,1.0,0.0,0.0,0.0,0.0,0.0,0.0,0.0,0.0,0.0,idle
,idle,,,,,,,,,,,,,,,,,,,,,,,,,,,,,,,,,,,,,idle
1778097397.5241957,g2.hpc.coe,41393.0,0.5001,0.0,0.0,0.0,12288.0,136138453641.0,136368670992.0,139265664.0,139448991.0,3127583.0,0.0,0.0,0.0,0.0,0.0,0.0,0.0,0.0,0.0,0.0,0.0,0.0,595.0,112.0,4.0,2.0,0.0,0.0,0.0,0.0,0.0,0.0,0.0,0.0,0.0,idle
,idle,,,,,,,,,,,,,,,,,,,,,,,,,,,,,,,,,,,,,idle
1778097398.0243256,g2.hpc.coe,41393.0,0.5001,0.0,0.0,0.0,12288.0,136138454224.0,136368671071.0,139265667.0,139448993.0,3127583.0,0.0,0.0,0.0,0.0,0.0,0.0,0.0,0.0,0.0,0.0,0.0,0.0,583.0,79.0,3.0,2.0,0.0,0.0,0.0,0.0,0.0,0.0,0.0,0.0,0.0,idle
,idle,,,,,,,,,,,,,,,,,,,,,,,,,,,,,,,,,,,,,idle
1778097398.5244548,g2.hpc.coe,41393.0,0.5001,0.0,0.0,0.0,12288.0,136138454849.0,136368671150.0,139265670.0,139448995.0,3127583.0,0.0,0.0,0.0,0.0,0.0,0.0,0.0,0.0,0.0,0.0,0.0,0.0,625.0,79.0,3.0,2.0,0.0,0.0,0.0,0.0,0.0,0.0,0.0,0.0,0.0,idle
,idle,,,,,,,,,,,,,,,,,,,,,,,,,,,,,,,,,,,,,idle
1778097399.02458,g2.hpc.coe,41393.0,0.5001,0.0,0.0,0.0,12288.0,136138455516.0,136368671229.0,139265673.0,139448997.0,3127583.0,0.0,0.0,0.0,0.0,0.0,0.0,0.0,0.0,0.0,0.0,0.0,0.0,667.0,79.0,3.0,2.0,0.0,0.0,0.0,0.0,0.0,0.0,0.0,0.0,0.0,idle
,idle,,,,,,,,,,,,,,,,,,,,,,,,,,,,,,,,,,,,,idle
1778097399.524713,g2.hpc.coe,41393.0,0.5001,0.0,0.0,0.0,12288.0,136138456482.0,136368671563.0,139265681.0,139449004.0,3127583.0,0.0,0.0,0.0,0.0,0.0,0.0,0.0,0.0,0.0,0.0,0.0,0.0,966.0,334.0,8.0,7.0,0.0,0.0,0.0,0.0,0.0,0.0,0.0,0.0,0.0,idle
,idle,,,,,,,,,,,,,,,,,,,,,,,,,,,,,,,,,,,,,idle
1778097400.0248406,g2.hpc.coe,41393.0,0.5001,0.0,0.0,0.0,12288.0,136138457255.0,136368671642.0,139265685.0,139449006.0,3127583.0,0.0,0.0,0.0,0.0,0.0,0.0,0.0,0.0,0.0,0.0,0.0,0.0,773.0,79.0,4.0,2.0,0.0,0.0,0.0,0.0,0.0,0.0,0.0,0.0,0.0,idle
,idle,,,,,,,,,,,,,,,,,,,,,,,,,,,,,,,,,,,,,idle
1778097400.52497,g2.hpc.coe,41393.0,0.5001,0.0,0.0,0.0,12288.0,136138458048.0,136368671721.0,139265688.0,139449008.0,3127583.0,0.0,0.0,0.0,0.0,0.0,0.0,0.0,0.0,0.0,0.0,0.0,0.0,793.0,79.0,3.0,2.0,0.0,0.0,0.0,0.0,0.0,0.0,0.0,0.0,0.0,idle
,idle,,,,,,,,,,,,,,,,,,,,,,,,,,,,,,,,,,,,,idle
1778097401.0250986,g2.hpc.coe,41393.0,0.5001,0.0,0.0,0.0,12288.0,136138458883.0,136368671800.0,139265691.0,139449010.0,3127583.0,0.0,0.0,0.0,0.0,0.0,0.0,0.0,0.0,0.0,0.0,0.0,0.0,835.0,79.0,3.0,2.0,0.0,0.0,0.0,0.0,0.0,0.0,0.0,0.0,0.0,idle
,idle,,,,,,,,,,,,,,,,,,,,,,,,,,,,,,,,,,,,,idle
1778097401.5252016,g2.hpc.coe,41393.0,0.5001,0.0,0.0,0.0,12288.0,136138459760.0,136368671879.0,139265694.0,139449012.0,3127583.0,0.0,0.0,0.0,0.0,0.0,0.0,0.0,0.0,0.0,0.0,0.0,0.0,877.0,79.0,3.0,2.0,0.0,0.0,0.0,0.0,0.0,0.0,0.0,0.0,0.0,idle
,idle,,,,,,,,,,,,,,,,,,,,,,,,,,,,,,,,,,,,,idle
1778097402.025324,g2.hpc.coe,41393.0,0.5001,0.0,0.0,0.0,12288.0,136138460680.0,136368671958.0,139265697.0,139449014.0,3127583.0,0.0,0.0,0.0,0.0,0.0,0.0,0.0,0.0,0.0,0.0,0.0,0.0,920.0,79.0,3.0,2.0,0.0,0.0,0.0,0.0,0.0,0.0,0.0,0.0,0.0,idle
,idle,,,,,,,,,,,,,,,,,,,,,,,,,,,,,,,,,,,,,idle
1778097402.5254493,g2.hpc.coe,41393.0,0.5001,0.0,0.0,0.0,12288.0,136138461642.0,136368672037.0,139265700.0,139449016.0,3127583.0,0.0,0.0,0.0,0.0,0.0,0.0,0.0,0.0,0.0,0.0,0.0,0.0,962.0,79.0,3.0,2.0,0.0,0.0,0.0,0.0,0.0,0.0,0.0,0.0,0.0,idle
,idle,,,,,,,,,,,,,,,,,,,,,,,,,,,,,,,,,,,,,idle
1778097403.0255718,g2.hpc.coe,41393.0,0.5001,0.0,0.0,0.0,12288.0,136138462723.0,136368672171.0,139265705.0,139449019.0,3127583.0,0.0,0.0,0.0,0.0,0.0,0.0,0.0,0.0,0.0,0.0,0.0,0.0,1081.0,134.0,5.0,3.0,0.0,0.0,0.0,0.0,0.0,0.0,0.0,0.0,0.0,idle
,idle,,,,,,,,,,,,,,,,,,,,,,,,,,,,,,,,,,,,,idle
1778097403.5256765,g2.hpc.coe,41393.0,0.5001,0.0,0.0,0.0,12288.0,136138463770.0,136368672250.0,139265708.0,139449021.0,3127583.0,0.0,0.0,0.0,0.0,0.0,0.0,0.0,0.0,0.0,0.0,0.0,0.0,1047.0,79.0,3.0,2.0,0.0,0.0,0.0,0.0,0.0,0.0,0.0,0.0,0.0,idle
,idle,,,,,,,,,,,,,,,,,,,,,,,,,,,,,,,,,,,,,idle
1778097404.025802,g2.hpc.coe,41393.0,0.5001,0.0,0.0,0.0,12288.0,136138464881.0,136368672329.0,139265712.0,139449023.0,3127583.0,0.0,0.0,0.0,0.0,0.0,0.0,0.0,0.0,0.0,0.0,0.0,0.0,1111.0,79.0,4.0,2.0,0.0,0.0,0.0,0.0,0.0,0.0,0.0,0.0,0.0,idle
,idle,,,,,,,,,,,,,,,,,,,,,,,,,,,,,,,,,,,,,idle
1778097404.5259326,g2.hpc.coe,41393.0,0.5001,0.0,0.0,0.0,12288.0,136138466035.0,136368672408.0,139265716.0,139449025.0,3127583.0,0.0,0.0,0.0,0.0,0.0,0.0,0.0,0.0,0.0,0.0,0.0,0.0,1154.0,79.0,4.0,2.0,0.0,0.0,0.0,0.0,0.0,0.0,0.0,0.0,0.0,idle
,idle,,,,,,,,,,,,,,,,,,,,,,,,,,,,,,,,,,,,,idle
1778097405.026055,g2.hpc.coe,41393.0,0.5001,0.0,0.0,0.0,12288.0,136138466163.0,136368672465.0,139265718.0,139449026.0,3127583.0,0.0,0.0,0.0,0.0,0.0,0.0,0.0,0.0,0.0,0.0,0.0,0.0,128.0,57.0,2.0,1.0,0.0,0.0,0.0,0.0,0.0,0.0,0.0,0.0,0.0,idle
,idle,,,,,,,,,,,,,,,,,,,,,,,,,,,,,,,,,,,,,idle
1778097405.5261865,g2.hpc.coe,41393.0,0.5001,0.0,0.0,0.0,12288.0,136138466333.0,136368672522.0,139265720.0,139449027.0,3127583.0,0.0,0.0,0.0,0.0,0.0,0.0,0.0,0.0,0.0,0.0,0.0,0.0,170.0,57.0,2.0,1.0,0.0,0.0,0.0,0.0,0.0,0.0,0.0,0.0,0.0,idle
,idle,,,,,,,,,,,,,,,,,,,,,,,,,,,,,,,,,,,,,idle
1778097406.0263145,g2.hpc.coe,41393.0,0.5001,0.0,0.0,0.0,12288.0,136138466546.0,136368672579.0,139265722.0,139449028.0,3127583.0,0.0,0.0,0.0,0.0,0.0,0.0,0.0,0.0,0.0,0.0,0.0,0.0,213.0,57.0,2.0,1.0,0.0,0.0,0.0,0.0,0.0,0.0,0.0,0.0,0.0,idle
,idle,,,,,,,,,,,,,,,,,,,,,,,,,,,,,,,,,,,,,idle
1778097406.5264463,g2.hpc.coe,41393.0,0.5001,0.0,0.0,0.0,12288.0,136138466801.0,136368672636.0,139265724.0,139449029.0,3127583.0,0.0,0.0,0.0,0.0,0.0,0.0,0.0,0.0,0.0,0.0,0.0,0.0,255.0,57.0,2.0,1.0,0.0,0.0,0.0,0.0,0.0,0.0,0.0,0.0,0.0,idle
,idle,,,,,,,,,,,,,,,,,,,,,,,,,,,,,,,,,,,,,idle
1778097407.0265875,g2.hpc.coe,41393.0,0.5001,0.0,0.0,0.0,12288.0,136138467721.0,136368673140.0,139265741.0,139449038.0,3127583.0,0.0,0.0,0.0,0.0,0.0,0.0,0.0,0.0,0.0,0.0,0.0,0.0,920.0,504.0,17.0,9.0,0.0,0.0,0.0,0.0,0.0,0.0,0.0,0.0,0.0,idle
,idle,,,,,,,,,,,,,,,,,,,,,,,,,,,,,,,,,,,,,idle
1778097407.5267105,g2.hpc.coe,41393.0,0.5001,0.0,0.0,0.0,12288.0,136138468061.0,136368673197.0,139265743.0,139449039.0,3127583.0,0.0,0.0,0.0,0.0,0.0,0.0,0.0,0.0,0.0,0.0,0.0,0.0,340.0,57.0,2.0,1.0,0.0,0.0,0.0,0.0,0.0,0.0,0.0,0.0,0.0,idle
,idle,,,,,,,,,,,,,,,,,,,,,,,,,,,,,,,,,,,,,idle
1778097408.0268393,g2.hpc.coe,41393.0,0.5001,0.0,0.0,0.0,12288.0,136138468520.0,136368673309.0,139265747.0,139449041.0,3127583.0,0.0,0.0,0.0,0.0,0.0,0.0,0.0,0.0,0.0,0.0,0.0,0.0,459.0,112.0,4.0,2.0,0.0,0.0,0.0,0.0,0.0,0.0,0.0,0.0,0.0,idle
,idle,,,,,,,,,,,,,,,,,,,,,,,,,,,,,,,,,,,,,idle
1778097408.5269434,g2.hpc.coe,41393.0,0.5001,0.0,0.0,0.0,12288.0,136138468945.0,136368673366.0,139265749.0,139449042.0,3127583.0,0.0,0.0,0.0,0.0,0.0,0.0,0.0,0.0,0.0,0.0,0.0,0.0,425.0,57.0,2.0,1.0,0.0,0.0,0.0,0.0,0.0,0.0,0.0,0.0,0.0,idle
,idle,,,,,,,,,,,,,,,,,,,,,,,,,,,,,,,,,,,,,idle
1778097409.02707,g2.hpc.coe,41393.0,0.5001,0.0,0.0,0.0,12288.0,136138469412.0,136368673423.0,139265751.0,139449043.0,3127583.0,0.0,0.0,0.0,0.0,0.0,0.0,0.0,0.0,0.0,0.0,0.0,0.0,467.0,57.0,2.0,1.0,0.0,0.0,0.0,0.0,0.0,0.0,0.0,0.0,0.0,idle
,idle,,,,,,,,,,,,,,,,,,,,,,,,,,,,,,,,,,,,,idle
1778097409.5271895,g2.hpc.coe,41393.0,0.5001,0.0,0.0,0.0,12288.0,136138469921.0,136368673480.0,139265753.0,139449044.0,3127583.0,0.0,0.0,0.0,0.0,0.0,0.0,0.0,0.0,0.0,0.0,0.0,0.0,509.0,57.0,2.0,1.0,0.0,0.0,0.0,0.0,0.0,0.0,0.0,0.0,0.0,idle
,idle,,,,,,,,,,,,,,,,,,,,,,,,,,,,,,,,,,,,,idle
1778097410.0273051,g2.hpc.coe,41393.0,0.5001,0.0,0.0,0.0,12288.0,136138470494.0,136368673559.0,139265756.0,139449046.0,3127583.0,0.0,0.0,0.0,0.0,0.0,0.0,0.0,0.0,0.0,0.0,0.0,0.0,573.0,79.0,3.0,2.0,0.0,0.0,0.0,0.0,0.0,0.0,0.0,0.0,0.0,idle
,idle,,,,,,,,,,,,,,,,,,,,,,,,,,,,,,,,,,,,,idle
1778097410.5274353,g2.hpc.coe,41393.0,0.5001,0.0,0.0,0.0,12288.0,136138471109.0,136368673638.0,139265759.0,139449048.0,3127583.0,0.0,0.0,0.0,0.0,0.0,0.0,0.0,0.0,0.0,0.0,0.0,0.0,615.0,79.0,3.0,2.0,0.0,0.0,0.0,0.0,0.0,0.0,0.0,0.0,0.0,idle
,idle,,,,,,,,,,,,,,,,,,,,,,,,,,,,,,,,,,,,,idle
1778097411.02755,g2.hpc.coe,41393.0,0.5001,0.0,0.0,0.0,12288.0,136138471766.0,136368673717.0,139265762.0,139449050.0,3127583.0,0.0,0.0,0.0,0.0,0.0,0.0,0.0,0.0,0.0,0.0,0.0,0.0,657.0,79.0,3.0,2.0,0.0,0.0,0.0,0.0,0.0,0.0,0.0,0.0,0.0,idle
,idle,,,,,,,,,,,,,,,,,,,,,,,,,,,,,,,,,,,,,idle
1778097411.527674,g2.hpc.coe,41393.0,0.5001,0.0,0.0,0.0,12288.0,136138472465.0,136368673796.0,139265765.0,139449052.0,3127583.0,0.0,0.0,0.0,0.0,0.0,0.0,0.0,0.0,0.0,0.0,0.0,0.0,699.0,79.0,3.0,2.0,0.0,0.0,0.0,0.0,0.0,0.0,0.0,0.0,0.0,idle
,idle,,,,,,,,,,,,,,,,,,,,,,,,,,,,,,,,,,,,,idle
1778097412.0277998,g2.hpc.coe,41393.0,0.5001,0.0,0.0,0.0,12288.0,136138473206.0,136368673875.0,139265768.0,139449054.0,3127583.0,0.0,0.0,0.0,0.0,0.0,0.0,0.0,0.0,0.0,0.0,0.0,0.0,741.0,79.0,3.0,2.0,0.0,0.0,0.0,0.0,0.0,0.0,0.0,0.0,0.0,idle
,idle,,,,,,,,,,,,,,,,,,,,,,,,,,,,,,,,,,,,,idle
1778097412.5279295,g2.hpc.coe,41393.0,0.5001,0.0,0.0,0.0,12288.0,136138473989.0,136368673954.0,139265771.0,139449056.0,3127583.0,0.0,0.0,0.0,0.0,0.0,0.0,0.0,0.0,0.0,0.0,0.0,0.0,783.0,79.0,3.0,2.0,0.0,0.0,0.0,0.0,0.0,0.0,0.0,0.0,0.0,idle
,idle,,,,,,,,,,,,,,,,,,,,,,,,,,,,,,,,,,,,,idle
1778097413.0280576,g2.hpc.coe,41393.0,0.5001,0.0,0.0,0.0,12288.0,136138474892.0,136368674088.0,139265776.0,139449059.0,3127583.0,0.0,0.0,0.0,0.0,0.0,0.0,0.0,0.0,0.0,0.0,0.0,0.0,903.0,134.0,5.0,3.0,0.0,0.0,0.0,0.0,0.0,0.0,0.0,0.0,0.0,idle
,idle,,,,,,,,,,,,,,,,,,,,,,,,,,,,,,,,,,,,,idle
1778097413.5281615,g2.hpc.coe,41393.0,0.5001,0.0,0.0,0.0,12288.0,136138475760.0,136368674167.0,139265779.0,139449061.0,3127583.0,0.0,0.0,0.0,0.0,0.0,0.0,0.0,0.0,0.0,0.0,0.0,0.0,868.0,79.0,3.0,2.0,0.0,0.0,0.0,0.0,0.0,0.0,0.0,0.0,0.0,idle
,idle,,,,,,,,,,,,,,,,,,,,,,,,,,,,,,,,,,,,,idle
1778097414.0282924,g2.hpc.coe,41393.0,0.5001,0.0,0.0,0.0,12288.0,136138476670.0,136368674246.0,139265782.0,139449063.0,3127583.0,0.0,0.0,0.0,0.0,0.0,0.0,0.0,0.0,0.0,0.0,0.0,0.0,910.0,79.0,3.0,2.0,0.0,0.0,0.0,0.0,0.0,0.0,0.0,0.0,0.0,idle
,idle,,,,,,,,,,,,,,,,,,,,,,,,,,,,,,,,,,,,,idle
1778097414.5284245,g2.hpc.coe,41393.0,0.5001,0.0,0.0,0.0,12288.0,136138477623.0,136368674325.0,139265785.0,139449065.0,3127583.0,0.0,0.0,0.0,0.0,0.0,0.0,0.0,0.0,0.0,0.0,0.0,0.0,953.0,79.0,3.0,2.0,0.0,0.0,0.0,0.0,0.0,0.0,0.0,0.0,0.0,idle
,idle,,,,,,,,,,,,,,,,,,,,,,,,,,,,,,,,,,,,,idle
1778097415.0285544,g2.hpc.coe,41393.0,0.5001,0.0,0.0,0.0,12288.0,136138478618.0,136368674404.0,139265788.0,139449067.0,3127583.0,0.0,0.0,0.0,0.0,0.0,0.0,0.0,0.0,0.0,0.0,0.0,0.0,995.0,79.0,3.0,2.0,0.0,0.0,0.0,0.0,0.0,0.0,0.0,0.0,0.0,idle
,idle,,,,,,,,,,,,,,,,,,,,,,,,,,,,,,,,,,,,,idle
1778097415.5286782,g2.hpc.coe,41393.0,0.5001,0.0,0.0,0.0,12288.0,136138479655.0,136368674483.0,139265791.0,139449069.0,3127583.0,0.0,0.0,0.0,0.0,0.0,0.0,0.0,0.0,0.0,0.0,0.0,0.0,1037.0,79.0,3.0,2.0,0.0,0.0,0.0,0.0,0.0,0.0,0.0,0.0,0.0,idle
,idle,,,,,,,,,,,,,,,,,,,,,,,,,,,,,,,,,,,,,idle
1778097416.028811,g2.hpc.coe,41393.0,0.5001,0.0,0.0,0.0,12288.0,136138480757.0,136368674562.0,139265795.0,139449071.0,3127583.0,0.0,0.0,0.0,0.0,0.0,0.0,0.0,0.0,0.0,0.0,0.0,0.0,1102.0,79.0,4.0,2.0,0.0,0.0,0.0,0.0,0.0,0.0,0.0,0.0,0.0,idle
,idle,,,,,,,,,,,,,,,,,,,,,,,,,,,,,,,,,,,,,idle
1778097416.528937,g2.hpc.coe,41393.0,0.5001,0.0,0.0,0.0,12288.0,136138481901.0,136368674641.0,139265799.0,139449073.0,3127583.0,0.0,0.0,0.0,0.0,0.0,0.0,0.0,0.0,0.0,0.0,0.0,0.0,1144.0,79.0,4.0,2.0,0.0,0.0,0.0,0.0,0.0,0.0,0.0,0.0,0.0,idle
,idle,,,,,,,,,,,,,,,,,,,,,,,,,,,,,,,,,,,,,idle
1778097417.02906,g2.hpc.coe,41393.0,0.5001,0.0,0.0,0.0,12288.0,136138483087.0,136368674720.0,139265803.0,139449075.0,3127583.0,0.0,0.0,0.0,0.0,0.0,0.0,0.0,0.0,0.0,0.0,0.0,0.0,1186.0,79.0,4.0,2.0,0.0,0.0,0.0,0.0,0.0,0.0,0.0,0.0,0.0,idle
,idle,,,,,,,,,,,,,,,,,,,,,,,,,,,,,,,,,,,,,idle
1778097417.5291672,g2.hpc.coe,41393.0,0.5001,0.0,0.0,0.0,12288.0,136138483248.0,136368674777.0,139265805.0,139449076.0,3127583.0,0.0,0.0,0.0,0.0,0.0,0.0,0.0,0.0,0.0,0.0,0.0,0.0,161.0,57.0,2.0,1.0,0.0,0.0,0.0,0.0,0.0,0.0,0.0,0.0,0.0,idle
,idle,,,,,,,,,,,,,,,,,,,,,,,,,,,,,,,,,,,,,idle
1778097418.029291,g2.hpc.coe,41393.0,0.5001,0.0,0.0,0.0,12288.0,136138483528.0,136368674889.0,139265809.0,139449078.0,3127583.0,0.0,0.0,0.0,0.0,0.0,0.0,0.0,0.0,0.0,0.0,0.0,0.0,280.0,112.0,4.0,2.0,0.0,0.0,0.0,0.0,0.0,0.0,0.0,0.0,0.0,idle
,idle,,,,,,,,,,,,,,,,,,,,,,,,,,,,,,,,,,,,,idle
1778097418.5294032,g2.hpc.coe,41393.0,0.5001,0.0,0.0,0.0,12288.0,136138483773.0,136368674946.0,139265811.0,139449079.0,3127583.0,0.0,0.0,0.0,0.0,0.0,0.0,0.0,0.0,0.0,0.0,0.0,0.0,245.0,57.0,2.0,1.0,0.0,0.0,0.0,0.0,0.0,0.0,0.0,0.0,0.0,idle
,idle,,,,,,,,,,,,,,,,,,,,,,,,,,,,,,,,,,,,,idle
1778097419.0295358,g2.hpc.coe,41393.0,0.5001,0.0,0.0,0.0,12288.0,136138484061.0,136368675003.0,139265813.0,139449080.0,3127583.0,0.0,0.0,0.0,0.0,0.0,0.0,0.0,0.0,0.0,0.0,0.0,0.0,288.0,57.0,2.0,1.0,0.0,0.0,0.0,0.0,0.0,0.0,0.0,0.0,0.0,idle
,idle,,,,,,,,,,,,,,,,,,,,,,,,,,,,,,,,,,,,,idle
