timestamp,node_id,job_id,polling_interval_actual,gpu_index,gpu_util_pct,gpu_mem_used_mb,gpu_mem_total_mb,ib_port_xmit_data,ib_port_rcv_data,ib_port_xmit_packets,ib_port_rcv_packets,ib_port_xmit_wait,ib_port_xmit_discards,ib_excessive_buffer_overrun_errors,ib_link_downed,ib_link_error_recovery,ib_symbol_error,ib_local_link_integrity_errors,ib_port_rcv_remote_physical_errors,ib_port_rcv_errors,ib_sq_num_rnr,ib_sq_num_to,ib_rq_num_oos,ib_sq_num_oos,ib_port_xmit_data_delta,ib_port_rcv_data_delta,ib_port_xmit_packets_delta,ib_port_rcv_packets_delta,ib_port_xmit_wait_delta,ib_port_xmit_discards_delta,ib_excessive_buffer_overrun_errors_delta,ib_symbol_error_delta,ib_port_rcv_errors_delta,ib_sq_num_rnr_delta,ib_sq_num_to_delta,ib_rq_num_oos_delta,ib_sq_num_oos_delta,label
,label,,,,,,,,,,,,,,,,,,,,,,,,,,,,,,,,,,,,,idle
1778096619.267498,g5.hpc.coe,41393.0,,0.0,0.0,0.0,12288.0,135347217976.0,136420270205.0,137613790.0,139217115.0,2565898.0,0.0,0.0,0.0,0.0,0.0,0.0,0.0,0.0,0.0,0.0,0.0,0.0,,,,,,,,,,,,,,idle
,idle,,,,,,,,,,,,,,,,,,,,,,,,,,,,,,,,,,,,,idle
1778096619.7676382,g5.hpc.coe,41393.0,0.5001,0.0,0.0,0.0,12288.0,135347218306.0,136420270262.0,137613793.0,139217116.0,2565898.0,0.0,0.0,0.0,0.0,0.0,0.0,0.0,0.0,0.0,0.0,0.0,0.0,330.0,57.0,3.0,1.0,0.0,0.0,0.0,0.0,0.0,0.0,0.0,0.0,0.0,idle
,idle,,,,,,,,,,,,,,,,,,,,,,,,,,,,,,,,,,,,,idle
1778096620.2677586,g5.hpc.coe,41393.0,0.5001,0.0,0.0,0.0,12288.0,135347218657.0,136420270319.0,137613795.0,139217117.0,2565898.0,0.0,0.0,0.0,0.0,0.0,0.0,0.0,0.0,0.0,0.0,0.0,0.0,351.0,57.0,2.0,1.0,0.0,0.0,0.0,0.0,0.0,0.0,0.0,0.0,0.0,idle
,idle,,,,,,,,,,,,,,,,,,,,,,,,,,,,,,,,,,,,,idle
1778096620.7679102,g5.hpc.coe,41393.0,0.5002,0.0,0.0,0.0,12288.0,135347219050.0,136420270376.0,137613797.0,139217118.0,2565898.0,0.0,0.0,0.0,0.0,0.0,0.0,0.0,0.0,0.0,0.0,0.0,0.0,393.0,57.0,2.0,1.0,0.0,0.0,0.0,0.0,0.0,0.0,0.0,0.0,0.0,idle
,idle,,,,,,,,,,,,,,,,,,,,,,,,,,,,,,,,,,,,,idle
1778096621.2680326,g5.hpc.coe,41393.0,0.5001,0.0,0.0,0.0,12288.0,135347219485.0,136420270433.0,137613799.0,139217119.0,2565898.0,0.0,0.0,0.0,0.0,0.0,0.0,0.0,0.0,0.0,0.0,0.0,0.0,435.0,57.0,2.0,1.0,0.0,0.0,0.0,0.0,0.0,0.0,0.0,0.0,0.0,idle
,idle,,,,,,,,,,,,,,,,,,,,,,,,,,,,,,,,,,,,,idle
1778096621.7681713,g5.hpc.coe,41393.0,0.5001,0.0,0.0,0.0,12288.0,135347219962.0,136420270490.0,137613801.0,139217120.0,2565898.0,0.0,0.0,0.0,0.0,0.0,0.0,0.0,0.0,0.0,0.0,0.0,0.0,477.0,57.0,2.0,1.0,0.0,0.0,0.0,0.0,0.0,0.0,0.0,0.0,0.0,idle
,idle,,,,,,,,,,,,,,,,,,,,,,,,,,,,,,,,,,,,,idle
1778096622.2683058,g5.hpc.coe,41393.0,0.5001,0.0,0.0,0.0,12288.0,135347220482.0,136420270547.0,137613803.0,139217121.0,2565898.0,0.0,0.0,0.0,0.0,0.0,0.0,0.0,0.0,0.0,0.0,0.0,0.0,520.0,57.0,2.0,1.0,0.0,0.0,0.0,0.0,0.0,0.0,0.0,0.0,0.0,idle
,idle,,,,,,,,,,,,,,,,,,,,,,,,,,,,,,,,,,,,,idle
1778096622.7684417,g5.hpc.coe,41393.0,0.5001,0.0,0.0,0.0,12288.0,135347221066.0,136420270626.0,137613806.0,139217123.0,2565898.0,0.0,0.0,0.0,0.0,0.0,0.0,0.0,0.0,0.0,0.0,0.0,0.0,584.0,79.0,3.0,2.0,0.0,0.0,0.0,0.0,0.0,0.0,0.0,0.0,0.0,idle
,idle,,,,,,,,,,,,,,,,,,,,,,,,,,,,,,,,,,,,,idle
1778096623.268576,g5.hpc.coe,41393.0,0.5001,0.0,0.0,0.0,12288.0,135347221692.0,136420270705.0,137613809.0,139217125.0,2565898.0,0.0,0.0,0.0,0.0,0.0,0.0,0.0,0.0,0.0,0.0,0.0,0.0,626.0,79.0,3.0,2.0,0.0,0.0,0.0,0.0,0.0,0.0,0.0,0.0,0.0,idle
,idle,,,,,,,,,,,,,,,,,,,,,,,,,,,,,,,,,,,,,idle
1778096623.76871,g5.hpc.coe,41393.0,0.5001,0.0,0.0,0.0,12288.0,135347222360.0,136420270784.0,137613812.0,139217127.0,2565898.0,0.0,0.0,0.0,0.0,0.0,0.0,0.0,0.0,0.0,0.0,0.0,0.0,668.0,79.0,3.0,2.0,0.0,0.0,0.0,0.0,0.0,0.0,0.0,0.0,0.0,idle
,idle,,,,,,,,,,,,,,,,,,,,,,,,,,,,,,,,,,,,,idle
1778096624.2688408,g5.hpc.coe,41393.0,0.5001,0.0,0.0,0.0,12288.0,135347223070.0,136420270863.0,137613815.0,139217129.0,2565898.0,0.0,0.0,0.0,0.0,0.0,0.0,0.0,0.0,0.0,0.0,0.0,0.0,710.0,79.0,3.0,2.0,0.0,0.0,0.0,0.0,0.0,0.0,0.0,0.0,0.0,idle
,idle,,,,,,,,,,,,,,,,,,,,,,,,,,,,,,,,,,,,,idle
1778096624.7689526,g5.hpc.coe,41393.0,0.5001,0.0,0.0,0.0,12288.0,135347223899.0,136420270997.0,137613820.0,139217132.0,2565898.0,0.0,0.0,0.0,0.0,0.0,0.0,0.0,0.0,0.0,0.0,0.0,0.0,829.0,134.0,5.0,3.0,0.0,0.0,0.0,0.0,0.0,0.0,0.0,0.0,0.0,idle
,idle,,,,,,,,,,,,,,,,,,,,,,,,,,,,,,,,,,,,,idle
1778096625.269072,g5.hpc.coe,41393.0,0.5001,0.0,0.0,0.0,12288.0,135347224694.0,136420271076.0,137613823.0,139217134.0,2565898.0,0.0,0.0,0.0,0.0,0.0,0.0,0.0,0.0,0.0,0.0,0.0,0.0,795.0,79.0,3.0,2.0,0.0,0.0,0.0,0.0,0.0,0.0,0.0,0.0,0.0,idle
,idle,,,,,,,,,,,,,,,,,,,,,,,,,,,,,,,,,,,,,idle
1778096625.769193,g5.hpc.coe,41393.0,0.5001,0.0,0.0,0.0,12288.0,135347225531.0,136420271155.0,137613826.0,139217136.0,2565898.0,0.0,0.0,0.0,0.0,0.0,0.0,0.0,0.0,0.0,0.0,0.0,0.0,837.0,79.0,3.0,2.0,0.0,0.0,0.0,0.0,0.0,0.0,0.0,0.0,0.0,idle
,idle,,,,,,,,,,,,,,,,,,,,,,,,,,,,,,,,,,,,,idle
1778096626.269318,g5.hpc.coe,41393.0,0.5001,0.0,0.0,0.0,12288.0,135347226410.0,136420271234.0,137613829.0,139217138.0,2565898.0,0.0,0.0,0.0,0.0,0.0,0.0,0.0,0.0,0.0,0.0,0.0,0.0,879.0,79.0,3.0,2.0,0.0,0.0,0.0,0.0,0.0,0.0,0.0,0.0,0.0,idle
,idle,,,,,,,,,,,,,,,,,,,,,,,,,,,,,,,,,,,,,idle
1778096626.7694552,g5.hpc.coe,41393.0,0.5001,0.0,0.0,0.0,12288.0,135347227331.0,136420271313.0,137613832.0,139217140.0,2565898.0,0.0,0.0,0.0,0.0,0.0,0.0,0.0,0.0,0.0,0.0,0.0,0.0,921.0,79.0,3.0,2.0,0.0,0.0,0.0,0.0,0.0,0.0,0.0,0.0,0.0,idle
,idle,,,,,,,,,,,,,,,,,,,,,,,,,,,,,,,,,,,,,idle
1778096627.269591,g5.hpc.coe,41393.0,0.5001,0.0,0.0,0.0,12288.0,135347228294.0,136420271392.0,137613835.0,139217142.0,2565898.0,0.0,0.0,0.0,0.0,0.0,0.0,0.0,0.0,0.0,0.0,0.0,0.0,963.0,79.0,3.0,2.0,0.0,0.0,0.0,0.0,0.0,0.0,0.0,0.0,0.0,idle
,idle,,,,,,,,,,,,,,,,,,,,,,,,,,,,,,,,,,,,,idle
1778096627.76973,g5.hpc.coe,41393.0,0.5001,0.0,0.0,0.0,12288.0,135347229299.0,136420271471.0,137613838.0,139217144.0,2565898.0,0.0,0.0,0.0,0.0,0.0,0.0,0.0,0.0,0.0,0.0,0.0,0.0,1005.0,79.0,3.0,2.0,0.0,0.0,0.0,0.0,0.0,0.0,0.0,0.0,0.0,idle
,idle,,,,,,,,,,,,,,,,,,,,,,,,,,,,,,,,,,,,,idle
1778096628.2698696,g5.hpc.coe,41393.0,0.5001,0.0,0.0,0.0,12288.0,135347230346.0,136420271550.0,137613841.0,139217146.0,2565898.0,0.0,0.0,0.0,0.0,0.0,0.0,0.0,0.0,0.0,0.0,0.0,0.0,1047.0,79.0,3.0,2.0,0.0,0.0,0.0,0.0,0.0,0.0,0.0,0.0,0.0,idle
,idle,,,,,,,,,,,,,,,,,,,,,,,,,,,,,,,,,,,,,idle
1778096628.770005,g5.hpc.coe,41393.0,0.5001,0.0,0.0,0.0,12288.0,135347231458.0,136420271629.0,137613845.0,139217148.0,2565898.0,0.0,0.0,0.0,0.0,0.0,0.0,0.0,0.0,0.0,0.0,0.0,0.0,1112.0,79.0,4.0,2.0,0.0,0.0,0.0,0.0,0.0,0.0,0.0,0.0,0.0,idle
,idle,,,,,,,,,,,,,,,,,,,,,,,,,,,,,,,,,,,,,idle
1778096629.270147,g5.hpc.coe,41393.0,0.5001,0.0,0.0,0.0,12288.0,135347232612.0,136420271708.0,137613849.0,139217150.0,2565898.0,0.0,0.0,0.0,0.0,0.0,0.0,0.0,0.0,0.0,0.0,0.0,0.0,1154.0,79.0,4.0,2.0,0.0,0.0,0.0,0.0,0.0,0.0,0.0,0.0,0.0,idle
,idle,,,,,,,,,,,,,,,,,,,,,,,,,,,,,,,,,,,,,idle
1778096629.7702837,g5.hpc.coe,41393.0,0.5001,0.0,0.0,0.0,12288.0,135347232817.0,136420271820.0,137613853.0,139217152.0,2565898.0,0.0,0.0,0.0,0.0,0.0,0.0,0.0,0.0,0.0,0.0,0.0,0.0,205.0,112.0,4.0,2.0,0.0,0.0,0.0,0.0,0.0,0.0,0.0,0.0,0.0,idle
,idle,,,,,,,,,,,,,,,,,,,,,,,,,,,,,,,,,,,,,idle
1778096630.2704182,g5.hpc.coe,41393.0,0.5001,0.0,0.0,0.0,12288.0,135347232988.0,136420271877.0,137613855.0,139217153.0,2565898.0,0.0,0.0,0.0,0.0,0.0,0.0,0.0,0.0,0.0,0.0,0.0,0.0,171.0,57.0,2.0,1.0,0.0,0.0,0.0,0.0,0.0,0.0,0.0,0.0,0.0,idle
,idle,,,,,,,,,,,,,,,,,,,,,,,,,,,,,,,,,,,,,idle
1778096630.7705543,g5.hpc.coe,41393.0,0.5001,0.0,0.0,0.0,12288.0,135347233201.0,136420271934.0,137613857.0,139217154.0,2565898.0,0.0,0.0,0.0,0.0,0.0,0.0,0.0,0.0,0.0,0.0,0.0,0.0,213.0,57.0,2.0,1.0,0.0,0.0,0.0,0.0,0.0,0.0,0.0,0.0,0.0,idle
,idle,,,,,,,,,,,,,,,,,,,,,,,,,,,,,,,,,,,,,idle
1778096631.2707212,g5.hpc.coe,41393.0,0.5002,0.0,0.0,0.0,12288.0,135347233456.0,136420271991.0,137613859.0,139217155.0,2565898.0,0.0,0.0,0.0,0.0,0.0,0.0,0.0,0.0,0.0,0.0,0.0,0.0,255.0,57.0,2.0,1.0,0.0,0.0,0.0,0.0,0.0,0.0,0.0,0.0,0.0,idle
,idle,,,,,,,,,,,,,,,,,,,,,,,,,,,,,,,,,,,,,idle
1778096631.7708633,g5.hpc.coe,41393.0,0.5001,0.0,0.0,0.0,12288.0,135347233754.0,136420272048.0,137613861.0,139217156.0,2565898.0,0.0,0.0,0.0,0.0,0.0,0.0,0.0,0.0,0.0,0.0,0.0,0.0,298.0,57.0,2.0,1.0,0.0,0.0,0.0,0.0,0.0,0.0,0.0,0.0,0.0,idle
,idle,,,,,,,,,,,,,,,,,,,,,,,,,,,,,,,,,,,,,idle
1778096632.2709942,g5.hpc.coe,41393.0,0.5001,0.0,0.0,0.0,12288.0,135347234695.0,136420272552.0,137613877.0,139217165.0,2565898.0,0.0,0.0,0.0,0.0,0.0,0.0,0.0,0.0,0.0,0.0,0.0,0.0,941.0,504.0,16.0,9.0,0.0,0.0,0.0,0.0,0.0,0.0,0.0,0.0,0.0,idle
,idle,,,,,,,,,,,,,,,,,,,,,,,,,,,,,,,,,,,,,idle
1778096632.771132,g5.hpc.coe,41393.0,0.5001,0.0,0.0,0.0,12288.0,135347235078.0,136420272609.0,137613879.0,139217166.0,2565898.0,0.0,0.0,0.0,0.0,0.0,0.0,0.0,0.0,0.0,0.0,0.0,0.0,383.0,57.0,2.0,1.0,0.0,0.0,0.0,0.0,0.0,0.0,0.0,0.0,0.0,idle
,idle,,,,,,,,,,,,,,,,,,,,,,,,,,,,,,,,,,,,,idle
1778096633.271292,g5.hpc.coe,41393.0,0.5002,0.0,0.0,0.0,12288.0,135347235503.0,136420272666.0,137613881.0,139217167.0,2565898.0,0.0,0.0,0.0,0.0,0.0,0.0,0.0,0.0,0.0,0.0,0.0,0.0,425.0,57.0,2.0,1.0,0.0,0.0,0.0,0.0,0.0,0.0,0.0,0.0,0.0,idle
,idle,,,,,,,,,,,,,,,,,,,,,,,,,,,,,,,,,,,,,idle
1778096633.7714305,g5.hpc.coe,41393.0,0.5001,0.0,0.0,0.0,12288.0,135347235970.0,136420272723.0,137613883.0,139217168.0,2565898.0,0.0,0.0,0.0,0.0,0.0,0.0,0.0,0.0,0.0,0.0,0.0,0.0,467.0,57.0,2.0,1.0,0.0,0.0,0.0,0.0,0.0,0.0,0.0,0.0,0.0,idle
,idle,,,,,,,,,,,,,,,,,,,,,,,,,,,,,,,,,,,,,idle
1778096634.2715614,g5.hpc.coe,41393.0,0.5001,0.0,0.0,0.0,12288.0,135347236479.0,136420272780.0,137613885.0,139217169.0,2565898.0,0.0,0.0,0.0,0.0,0.0,0.0,0.0,0.0,0.0,0.0,0.0,0.0,509.0,57.0,2.0,1.0,0.0,0.0,0.0,0.0,0.0,0.0,0.0,0.0,0.0,idle
,idle,,,,,,,,,,,,,,,,,,,,,,,,,,,,,,,,,,,,,idle
1778096634.7717006,g5.hpc.coe,41393.0,0.5001,0.0,0.0,0.0,12288.0,135347237052.0,136420272859.0,137613888.0,139217171.0,2565898.0,0.0,0.0,0.0,0.0,0.0,0.0,0.0,0.0,0.0,0.0,0.0,0.0,573.0,79.0,3.0,2.0,0.0,0.0,0.0,0.0,0.0,0.0,0.0,0.0,0.0,idle
,idle,,,,,,,,,,,,,,,,,,,,,,,,,,,,,,,,,,,,,idle
1778096635.2718506,g5.hpc.coe,41393.0,0.5001,0.0,0.0,0.0,12288.0,135347237722.0,136420272993.0,137613892.0,139217174.0,2565898.0,0.0,0.0,0.0,0.0,0.0,0.0,0.0,0.0,0.0,0.0,0.0,0.0,670.0,134.0,4.0,3.0,0.0,0.0,0.0,0.0,0.0,0.0,0.0,0.0,0.0,idle
,idle,,,,,,,,,,,,,,,,,,,,,,,,,,,,,,,,,,,,,idle
1778096635.7719874,g5.hpc.coe,41393.0,0.5001,0.0,0.0,0.0,12288.0,135347238380.0,136420273072.0,137613895.0,139217176.0,2565898.0,0.0,0.0,0.0,0.0,0.0,0.0,0.0,0.0,0.0,0.0,0.0,0.0,658.0,79.0,3.0,2.0,0.0,0.0,0.0,0.0,0.0,0.0,0.0,0.0,0.0,idle
,idle,,,,,,,,,,,,,,,,,,,,,,,,,,,,,,,,,,,,,idle
1778096636.272127,g5.hpc.coe,41393.0,0.5001,0.0,0.0,0.0,12288.0,135347239080.0,136420273151.0,137613898.0,139217178.0,2565898.0,0.0,0.0,0.0,0.0,0.0,0.0,0.0,0.0,0.0,0.0,0.0,0.0,700.0,79.0,3.0,2.0,0.0,0.0,0.0,0.0,0.0,0.0,0.0,0.0,0.0,idle
,idle,,,,,,,,,,,,,,,,,,,,,,,,,,,,,,,,,,,,,idle
1778096636.7722635,g5.hpc.coe,41393.0,0.5001,0.0,0.0,0.0,12288.0,135347239822.0,136420273230.0,137613901.0,139217180.0,2565898.0,0.0,0.0,0.0,0.0,0.0,0.0,0.0,0.0,0.0,0.0,0.0,0.0,742.0,79.0,3.0,2.0,0.0,0.0,0.0,0.0,0.0,0.0,0.0,0.0,0.0,idle
,idle,,,,,,,,,,,,,,,,,,,,,,,,,,,,,,,,,,,,,idle
1778096637.2723932,g5.hpc.coe,41393.0,0.5001,0.0,0.0,0.0,12288.0,135347240607.0,136420273309.0,137613904.0,139217182.0,2565898.0,0.0,0.0,0.0,0.0,0.0,0.0,0.0,0.0,0.0,0.0,0.0,0.0,785.0,79.0,3.0,2.0,0.0,0.0,0.0,0.0,0.0,0.0,0.0,0.0,0.0,idle
,idle,,,,,,,,,,,,,,,,,,,,,,,,,,,,,,,,,,,,,idle
1778096637.7725053,g5.hpc.coe,41393.0,0.5001,0.0,0.0,0.0,12288.0,135347241434.0,136420273388.0,137613907.0,139217184.0,2565898.0,0.0,0.0,0.0,0.0,0.0,0.0,0.0,0.0,0.0,0.0,0.0,0.0,827.0,79.0,3.0,2.0,0.0,0.0,0.0,0.0,0.0,0.0,0.0,0.0,0.0,idle
,idle,,,,,,,,,,,,,,,,,,,,,,,,,,,,,,,,,,,,,idle
1778096638.272639,g5.hpc.coe,41393.0,0.5001,0.0,0.0,0.0,12288.0,135347242303.0,136420273467.0,137613910.0,139217186.0,2565898.0,0.0,0.0,0.0,0.0,0.0,0.0,0.0,0.0,0.0,0.0,0.0,0.0,869.0,79.0,3.0,2.0,0.0,0.0,0.0,0.0,0.0,0.0,0.0,0.0,0.0,idle
,idle,,,,,,,,,,,,,,,,,,,,,,,,,,,,,,,,,,,,,idle
1778096638.7727869,g5.hpc.coe,41393.0,0.5001,0.0,0.0,0.0,12288.0,135347243214.0,136420273546.0,137613913.0,139217188.0,2565898.0,0.0,0.0,0.0,0.0,0.0,0.0,0.0,0.0,0.0,0.0,0.0,0.0,911.0,79.0,3.0,2.0,0.0,0.0,0.0,0.0,0.0,0.0,0.0,0.0,0.0,idle
,idle,,,,,,,,,,,,,,,,,,,,,,,,,,,,,,,,,,,,,idle
1778096639.2729008,g5.hpc.coe,41393.0,0.5001,0.0,0.0,0.0,12288.0,135347244167.0,136420273625.0,137613916.0,139217190.0,2565898.0,0.0,0.0,0.0,0.0,0.0,0.0,0.0,0.0,0.0,0.0,0.0,0.0,953.0,79.0,3.0,2.0,0.0,0.0,0.0,0.0,0.0,0.0,0.0,0.0,0.0,idle
,idle,,,,,,,,,,,,,,,,,,,,,,,,,,,,,,,,,,,,,idle
1778096639.7730403,g5.hpc.coe,41393.0,0.5001,0.0,0.0,0.0,12288.0,135347245163.0,136420273704.0,137613919.0,139217192.0,2565898.0,0.0,0.0,0.0,0.0,0.0,0.0,0.0,0.0,0.0,0.0,0.0,0.0,996.0,79.0,3.0,2.0,0.0,0.0,0.0,0.0,0.0,0.0,0.0,0.0,0.0,idle
,idle,,,,,,,,,,,,,,,,,,,,,,,,,,,,,,,,,,,,,idle
1778096640.2731795,g5.hpc.coe,41393.0,0.5001,0.0,0.0,0.0,12288.0,135347246278.0,136420273838.0,137613924.0,139217195.0,2565898.0,0.0,0.0,0.0,0.0,0.0,0.0,0.0,0.0,0.0,0.0,0.0,0.0,1115.0,134.0,5.0,3.0,0.0,0.0,0.0,0.0,0.0,0.0,0.0,0.0,0.0,idle
,idle,,,,,,,,,,,,,,,,,,,,,,,,,,,,,,,,,,,,,idle
1778096640.7733226,g5.hpc.coe,41393.0,0.5001,0.0,0.0,0.0,12288.0,135347247381.0,136420273917.0,137613928.0,139217197.0,2565900.0,0.0,0.0,0.0,0.0,0.0,0.0,0.0,0.0,0.0,0.0,0.0,0.0,1103.0,79.0,4.0,2.0,2.0,0.0,0.0,0.0,0.0,0.0,0.0,0.0,0.0,idle
,idle,,,,,,,,,,,,,,,,,,,,,,,,,,,,,,,,,,,,,idle
1778096641.2734585,g5.hpc.coe,41393.0,0.5001,0.0,0.0,0.0,12288.0,135347248526.0,136420273996.0,137613932.0,139217199.0,2565900.0,0.0,0.0,0.0,0.0,0.0,0.0,0.0,0.0,0.0,0.0,0.0,0.0,1145.0,79.0,4.0,2.0,0.0,0.0,0.0,0.0,0.0,0.0,0.0,0.0,0.0,idle
,idle,,,,,,,,,,,,,,,,,,,,,,,,,,,,,,,,,,,,,idle
1778096641.773577,g5.hpc.coe,41393.0,0.5001,0.0,0.0,0.0,12288.0,135347249714.0,136420274075.0,137613936.0,139217201.0,2565900.0,0.0,0.0,0.0,0.0,0.0,0.0,0.0,0.0,0.0,0.0,0.0,0.0,1188.0,79.0,4.0,2.0,0.0,0.0,0.0,0.0,0.0,0.0,0.0,0.0,0.0,idle
,idle,,,,,,,,,,,,,,,,,,,,,,,,,,,,,,,,,,,,,idle
1778096642.27372,g5.hpc.coe,41393.0,0.5001,0.0,0.0,0.0,12288.0,135347249876.0,136420274132.0,137613938.0,139217202.0,2565900.0,0.0,0.0,0.0,0.0,0.0,0.0,0.0,0.0,0.0,0.0,0.0,0.0,162.0,57.0,2.0,1.0,0.0,0.0,0.0,0.0,0.0,0.0,0.0,0.0,0.0,idle
,idle,,,,,,,,,,,,,,,,,,,,,,,,,,,,,,,,,,,,,idle
1778096642.773858,g5.hpc.coe,41393.0,0.5001,0.0,0.0,0.0,12288.0,135347250080.0,136420274189.0,137613940.0,139217203.0,2565900.0,0.0,0.0,0.0,0.0,0.0,0.0,0.0,0.0,0.0,0.0,0.0,0.0,204.0,57.0,2.0,1.0,0.0,0.0,0.0,0.0,0.0,0.0,0.0,0.0,0.0,idle
,idle,,,,,,,,,,,,,,,,,,,,,,,,,,,,,,,,,,,,,idle
1778096643.2740023,g5.hpc.coe,41393.0,0.5001,0.0,0.0,0.0,12288.0,135347250326.0,136420274246.0,137613942.0,139217204.0,2565900.0,0.0,0.0,0.0,0.0,0.0,0.0,0.0,0.0,0.0,0.0,0.0,0.0,246.0,57.0,2.0,1.0,0.0,0.0,0.0,0.0,0.0,0.0,0.0,0.0,0.0,idle
,idle,,,,,,,,,,,,,,,,,,,,,,,,,,,,,,,,,,,,,idle
1778096643.7741332,g5.hpc.coe,41393.0,0.5001,0.0,0.0,0.0,12288.0,135347250614.0,136420274303.0,137613944.0,139217205.0,2565900.0,0.0,0.0,0.0,0.0,0.0,0.0,0.0,0.0,0.0,0.0,0.0,0.0,288.0,57.0,2.0,1.0,0.0,0.0,0.0,0.0,0.0,0.0,0.0,0.0,0.0,idle
,idle,,,,,,,,,,,,,,,,,,,,,,,,,,,,,,,,,,,,,idle
1778096644.2742543,g5.hpc.coe,41393.0,0.5001,0.0,0.0,0.0,12288.0,135347250944.0,136420274360.0,137613946.0,139217206.0,2565900.0,0.0,0.0,0.0,0.0,0.0,0.0,0.0,0.0,0.0,0.0,0.0,0.0,330.0,57.0,2.0,1.0,0.0,0.0,0.0,0.0,0.0,0.0,0.0,0.0,0.0,idle
,idle,,,,,,,,,,,,,,,,,,,,,,,,,,,,,,,,,,,,,idle
1778096644.7743945,g5.hpc.coe,41393.0,0.5001,0.0,0.0,0.0,12288.0,135347251316.0,136420274417.0,137613948.0,139217207.0,2565900.0,0.0,0.0,0.0,0.0,0.0,0.0,0.0,0.0,0.0,0.0,0.0,0.0,372.0,57.0,2.0,1.0,0.0,0.0,0.0,0.0,0.0,0.0,0.0,0.0,0.0,idle
,idle,,,,,,,,,,,,,,,,,,,,,,,,,,,,,,,,,,,,,idle
1778096645.274507,g5.hpc.coe,41393.0,0.5001,0.0,0.0,0.0,12288.0,135347251808.0,136420274529.0,137613952.0,139217209.0,2565900.0,0.0,0.0,0.0,0.0,0.0,0.0,0.0,0.0,0.0,0.0,0.0,0.0,492.0,112.0,4.0,2.0,0.0,0.0,0.0,0.0,0.0,0.0,0.0,0.0,0.0,idle
,idle,,,,,,,,,,,,,,,,,,,,,,,,,,,,,,,,,,,,,idle
1778096645.7746463,g5.hpc.coe,41393.0,0.5001,0.0,0.0,0.0,12288.0,135347252265.0,136420274586.0,137613954.0,139217210.0,2565900.0,0.0,0.0,0.0,0.0,0.0,0.0,0.0,0.0,0.0,0.0,0.0,0.0,457.0,57.0,2.0,1.0,0.0,0.0,0.0,0.0,0.0,0.0,0.0,0.0,0.0,idle
,idle,,,,,,,,,,,,,,,,,,,,,,,,,,,,,,,,,,,,,idle
1778096646.274778,g5.hpc.coe,41393.0,0.5001,0.0,0.0,0.0,12288.0,135347252764.0,136420274643.0,137613956.0,139217211.0,2565900.0,0.0,0.0,0.0,0.0,0.0,0.0,0.0,0.0,0.0,0.0,0.0,0.0,499.0,57.0,2.0,1.0,0.0,0.0,0.0,0.0,0.0,0.0,0.0,0.0,0.0,idle
,idle,,,,,,,,,,,,,,,,,,,,,,,,,,,,,,,,,,,,,idle
1778096646.7749095,g5.hpc.coe,41393.0,0.5001,0.0,0.0,0.0,12288.0,135347253305.0,136420274700.0,137613958.0,139217212.0,2565900.0,0.0,0.0,0.0,0.0,0.0,0.0,0.0,0.0,0.0,0.0,0.0,0.0,541.0,57.0,2.0,1.0,0.0,0.0,0.0,0.0,0.0,0.0,0.0,0.0,0.0,idle
,idle,,,,,,,,,,,,,,,,,,,,,,,,,,,,,,,,,,,,,idle
1778096647.275027,g5.hpc.coe,41393.0,0.5001,0.0,0.0,0.0,12288.0,135347254512.0,136420275226.0,137613975.0,139217222.0,2565900.0,0.0,0.0,0.0,0.0,0.0,0.0,0.0,0.0,0.0,0.0,0.0,0.0,1207.0,526.0,17.0,10.0,0.0,0.0,0.0,0.0,0.0,0.0,0.0,0.0,0.0,idle
,idle,,,,,,,,,,,,,,,,,,,,,,,,,,,,,,,,,,,,,idle
1778096647.775164,g5.hpc.coe,41393.0,0.5001,0.0,0.0,0.0,12288.0,135347255161.0,136420275305.0,137613978.0,139217224.0,2565900.0,0.0,0.0,0.0,0.0,0.0,0.0,0.0,0.0,0.0,0.0,0.0,0.0,649.0,79.0,3.0,2.0,0.0,0.0,0.0,0.0,0.0,0.0,0.0,0.0,0.0,idle
,idle,,,,,,,,,,,,,,,,,,,,,,,,,,,,,,,,,,,,,idle
1778096648.275305,g5.hpc.coe,41393.0,0.5001,0.0,0.0,0.0,12288.0,135347255852.0,136420275384.0,137613981.0,139217226.0,2565900.0,0.0,0.0,0.0,0.0,0.0,0.0,0.0,0.0,0.0,0.0,0.0,0.0,691.0,79.0,3.0,2.0,0.0,0.0,0.0,0.0,0.0,0.0,0.0,0.0,0.0,idle
,idle,,,,,,,,,,,,,,,,,,,,,,,,,,,,,,,,,,,,,idle
1778096648.775444,g5.hpc.coe,41393.0,0.5001,0.0,0.0,0.0,12288.0,135347256585.0,136420275463.0,137613984.0,139217228.0,2565900.0,0.0,0.0,0.0,0.0,0.0,0.0,0.0,0.0,0.0,0.0,0.0,0.0,733.0,79.0,3.0,2.0,0.0,0.0,0.0,0.0,0.0,0.0,0.0,0.0,0.0,idle
,idle,,,,,,,,,,,,,,,,,,,,,,,,,,,,,,,,,,,,,idle
1778096649.2755826,g5.hpc.coe,41393.0,0.5001,0.0,0.0,0.0,12288.0,135347257360.0,136420275542.0,137613987.0,139217230.0,2565900.0,0.0,0.0,0.0,0.0,0.0,0.0,0.0,0.0,0.0,0.0,0.0,0.0,775.0,79.0,3.0,2.0,0.0,0.0,0.0,0.0,0.0,0.0,0.0,0.0,0.0,idle
,idle,,,,,,,,,,,,,,,,,,,,,,,,,,,,,,,,,,,,,idle
1778096649.7757187,g5.hpc.coe,41393.0,0.5001,0.0,0.0,0.0,12288.0,135347258177.0,136420275621.0,137613990.0,139217232.0,2565900.0,0.0,0.0,0.0,0.0,0.0,0.0,0.0,0.0,0.0,0.0,0.0,0.0,817.0,79.0,3.0,2.0,0.0,0.0,0.0,0.0,0.0,0.0,0.0,0.0,0.0,idle
,idle,,,,,,,,,,,,,,,,,,,,,,,,,,,,,,,,,,,,,idle
1778096650.275857,g5.hpc.coe,41393.0,0.5001,0.0,0.0,0.0,12288.0,135347259113.0,136420275755.0,137613995.0,139217235.0,2565900.0,0.0,0.0,0.0,0.0,0.0,0.0,0.0,0.0,0.0,0.0,0.0,0.0,936.0,134.0,5.0,3.0,0.0,0.0,0.0,0.0,0.0,0.0,0.0,0.0,0.0,idle
,idle,,,,,,,,,,,,,,,,,,,,,,,,,,,,,,,,,,,,,idle
1778096650.7759688,g5.hpc.coe,41393.0,0.5001,0.0,0.0,0.0,12288.0,135347260015.0,136420275834.0,137613998.0,139217237.0,2565900.0,0.0,0.0,0.0,0.0,0.0,0.0,0.0,0.0,0.0,0.0,0.0,0.0,902.0,79.0,3.0,2.0,0.0,0.0,0.0,0.0,0.0,0.0,0.0,0.0,0.0,idle
,idle,,,,,,,,,,,,,,,,,,,,,,,,,,,,,,,,,,,,,idle
1778096651.2761016,g5.hpc.coe,41393.0,0.5001,0.0,0.0,0.0,12288.0,135347260959.0,136420275913.0,137614001.0,139217239.0,2565900.0,0.0,0.0,0.0,0.0,0.0,0.0,0.0,0.0,0.0,0.0,0.0,0.0,944.0,79.0,3.0,2.0,0.0,0.0,0.0,0.0,0.0,0.0,0.0,0.0,0.0,idle
,idle,,,,,,,,,,,,,,,,,,,,,,,,,,,,,,,,,,,,,idle
1778096651.776211,g5.hpc.coe,41393.0,0.5001,0.0,0.0,0.0,12288.0,135347261945.0,136420275992.0,137614004.0,139217241.0,2565900.0,0.0,0.0,0.0,0.0,0.0,0.0,0.0,0.0,0.0,0.0,0.0,0.0,986.0,79.0,3.0,2.0,0.0,0.0,0.0,0.0,0.0,0.0,0.0,0.0,0.0,idle
,idle,,,,,,,,,,,,,,,,,,,,,,,,,,,,,,,,,,,,,idle
1778096652.2763464,g5.hpc.coe,41393.0,0.5001,0.0,0.0,0.0,12288.0,135347262973.0,136420276071.0,137614007.0,139217243.0,2565900.0,0.0,0.0,0.0,0.0,0.0,0.0,0.0,0.0,0.0,0.0,0.0,0.0,1028.0,79.0,3.0,2.0,0.0,0.0,0.0,0.0,0.0,0.0,0.0,0.0,0.0,idle
,idle,,,,,,,,,,,,,,,,,,,,,,,,,,,,,,,,,,,,,idle
1778096652.7764611,g5.hpc.coe,41393.0,0.5001,0.0,0.0,0.0,12288.0,135347264066.0,136420276150.0,137614011.0,139217245.0,2565900.0,0.0,0.0,0.0,0.0,0.0,0.0,0.0,0.0,0.0,0.0,0.0,0.0,1093.0,79.0,4.0,2.0,0.0,0.0,0.0,0.0,0.0,0.0,0.0,0.0,0.0,idle
,idle,,,,,,,,,,,,,,,,,,,,,,,,,,,,,,,,,,,,,idle
1778096653.2765937,g5.hpc.coe,41393.0,0.5001,0.0,0.0,0.0,12288.0,135347265201.0,136420276229.0,137614015.0,139217247.0,2565900.0,0.0,0.0,0.0,0.0,0.0,0.0,0.0,0.0,0.0,0.0,0.0,0.0,1135.0,79.0,4.0,2.0,0.0,0.0,0.0,0.0,0.0,0.0,0.0,0.0,0.0,idle
,idle,,,,,,,,,,,,,,,,,,,,,,,,,,,,,,,,,,,,,idle
1778096653.7767258,g5.hpc.coe,41393.0,0.5001,0.0,0.0,0.0,12288.0,135347266379.0,136420276308.0,137614019.0,139217249.0,2565900.0,0.0,0.0,0.0,0.0,0.0,0.0,0.0,0.0,0.0,0.0,0.0,0.0,1178.0,79.0,4.0,2.0,0.0,0.0,0.0,0.0,0.0,0.0,0.0,0.0,0.0,idle
,idle,,,,,,,,,,,,,,,,,,,,,,,,,,,,,,,,,,,,,idle
1778096654.2768626,g5.hpc.coe,41393.0,0.5001,0.0,0.0,0.0,12288.0,135347266531.0,136420276365.0,137614021.0,139217250.0,2565900.0,0.0,0.0,0.0,0.0,0.0,0.0,0.0,0.0,0.0,0.0,0.0,0.0,152.0,57.0,2.0,1.0,0.0,0.0,0.0,0.0,0.0,0.0,0.0,0.0,0.0,idle
,idle,,,,,,,,,,,,,,,,,,,,,,,,,,,,,,,,,,,,,idle
1778096654.7769804,g5.hpc.coe,41393.0,0.5001,0.0,0.0,0.0,12288.0,135347266725.0,136420276422.0,137614023.0,139217251.0,2565900.0,0.0,0.0,0.0,0.0,0.0,0.0,0.0,0.0,0.0,0.0,0.0,0.0,194.0,57.0,2.0,1.0,0.0,0.0,0.0,0.0,0.0,0.0,0.0,0.0,0.0,idle
,idle,,,,,,,,,,,,,,,,,,,,,,,,,,,,,,,,,,,,,idle
1778096655.2771137,g5.hpc.coe,41393.0,0.5001,0.0,0.0,0.0,12288.0,135347266962.0,136420276479.0,137614025.0,139217252.0,2565900.0,0.0,0.0,0.0,0.0,0.0,0.0,0.0,0.0,0.0,0.0,0.0,0.0,237.0,57.0,2.0,1.0,0.0,0.0,0.0,0.0,0.0,0.0,0.0,0.0,0.0,idle
,idle,,,,,,,,,,,,,,,,,,,,,,,,,,,,,,,,,,,,,idle
1778096655.777237,g5.hpc.coe,41393.0,0.5001,0.0,0.0,0.0,12288.0,135347267241.0,136420276536.0,137614027.0,139217253.0,2565900.0,0.0,0.0,0.0,0.0,0.0,0.0,0.0,0.0,0.0,0.0,0.0,0.0,279.0,57.0,2.0,1.0,0.0,0.0,0.0,0.0,0.0,0.0,0.0,0.0,0.0,idle
,idle,,,,,,,,,,,,,,,,,,,,,,,,,,,,,,,,,,,,,idle
1778096656.2774093,g5.hpc.coe,41393.0,0.5002,0.0,0.0,0.0,12288.0,135347267562.0,136420276593.0,137614029.0,139217254.0,2565900.0,0.0,0.0,0.0,0.0,0.0,0.0,0.0,0.0,0.0,0.0,0.0,0.0,321.0,57.0,2.0,1.0,0.0,0.0,0.0,0.0,0.0,0.0,0.0,0.0,0.0,idle
,idle,,,,,,,,,,,,,,,,,,,,,,,,,,,,,,,,,,,,,idle
1778096656.7775495,g5.hpc.coe,41393.0,0.5001,0.0,0.0,0.0,12288.0,135347267925.0,136420276650.0,137614031.0,139217255.0,2565900.0,0.0,0.0,0.0,0.0,0.0,0.0,0.0,0.0,0.0,0.0,0.0,0.0,363.0,57.0,2.0,1.0,0.0,0.0,0.0,0.0,0.0,0.0,0.0,0.0,0.0,idle
,idle,,,,,,,,,,,,,,,,,,,,,,,,,,,,,,,,,,,,,idle
1778096657.277683,g5.hpc.coe,41393.0,0.5001,0.0,0.0,0.0,12288.0,135347268330.0,136420276707.0,137614033.0,139217256.0,2565900.0,0.0,0.0,0.0,0.0,0.0,0.0,0.0,0.0,0.0,0.0,0.0,0.0,405.0,57.0,2.0,1.0,0.0,0.0,0.0,0.0,0.0,0.0,0.0,0.0,0.0,idle
,idle,,,,,,,,,,,,,,,,,,,,,,,,,,,,,,,,,,,,,idle
1778096657.7778163,g5.hpc.coe,41393.0,0.5001,0.0,0.0,0.0,12288.0,135347268777.0,136420276764.0,137614035.0,139217257.0,2565900.0,0.0,0.0,0.0,0.0,0.0,0.0,0.0,0.0,0.0,0.0,0.0,0.0,447.0,57.0,2.0,1.0,0.0,0.0,0.0,0.0,0.0,0.0,0.0,0.0,0.0,idle
,idle,,,,,,,,,,,,,,,,,,,,,,,,,,,,,,,,,,,,,idle
1778096658.2779582,g5.hpc.coe,41393.0,0.5001,0.0,0.0,0.0,12288.0,135347269267.0,136420276821.0,137614037.0,139217258.0,2565900.0,0.0,0.0,0.0,0.0,0.0,0.0,0.0,0.0,0.0,0.0,0.0,0.0,490.0,57.0,2.0,1.0,0.0,0.0,0.0,0.0,0.0,0.0,0.0,0.0,0.0,idle
,idle,,,,,,,,,,,,,,,,,,,,,,,,,,,,,,,,,,,,,idle
1778096658.7780976,g5.hpc.coe,41393.0,0.5001,0.0,0.0,0.0,12288.0,135347269799.0,136420276878.0,137614039.0,139217259.0,2565900.0,0.0,0.0,0.0,0.0,0.0,0.0,0.0,0.0,0.0,0.0,0.0,0.0,532.0,57.0,2.0,1.0,0.0,0.0,0.0,0.0,0.0,0.0,0.0,0.0,0.0,idle
,idle,,,,,,,,,,,,,,,,,,,,,,,,,,,,,,,,,,,,,idle
1778096659.2782345,g5.hpc.coe,41393.0,0.5001,0.0,0.0,0.0,12288.0,135347270395.0,136420276957.0,137614042.0,139217261.0,2565900.0,0.0,0.0,0.0,0.0,0.0,0.0,0.0,0.0,0.0,0.0,0.0,0.0,596.0,79.0,3.0,2.0,0.0,0.0,0.0,0.0,0.0,0.0,0.0,0.0,0.0,idle
,idle,,,,,,,,,,,,,,,,,,,,,,,,,,,,,,,,,,,,,idle
1778096659.77837,g5.hpc.coe,41393.0,0.5001,0.0,0.0,0.0,12288.0,135347271033.0,136420277036.0,137614045.0,139217263.0,2565900.0,0.0,0.0,0.0,0.0,0.0,0.0,0.0,0.0,0.0,0.0,0.0,0.0,638.0,79.0,3.0,2.0,0.0,0.0,0.0,0.0,0.0,0.0,0.0,0.0,0.0,idle
,idle,,,,,,,,,,,,,,,,,,,,,,,,,,,,,,,,,,,,,idle
1778096660.278506,g5.hpc.coe,41393.0,0.5001,0.0,0.0,0.0,12288.0,135347271714.0,136420277115.0,137614048.0,139217265.0,2565900.0,0.0,0.0,0.0,0.0,0.0,0.0,0.0,0.0,0.0,0.0,0.0,0.0,681.0,79.0,3.0,2.0,0.0,0.0,0.0,0.0,0.0,0.0,0.0,0.0,0.0,idle
,idle,,,,,,,,,,,,,,,,,,,,,,,,,,,,,,,,,,,,,idle
1778096660.7786143,g5.hpc.coe,41393.0,0.5001,0.0,0.0,0.0,12288.0,135347272514.0,136420277249.0,137614053.0,139217268.0,2565900.0,0.0,0.0,0.0,0.0,0.0,0.0,0.0,0.0,0.0,0.0,0.0,0.0,800.0,134.0,5.0,3.0,0.0,0.0,0.0,0.0,0.0,0.0,0.0,0.0,0.0,idle
,idle,,,,,,,,,,,,,,,,,,,,,,,,,,,,,,,,,,,,,idle
1778096661.278749,g5.hpc.coe,41393.0,0.5001,0.0,0.0,0.0,12288.0,135347273279.0,136420277328.0,137614056.0,139217270.0,2565900.0,0.0,0.0,0.0,0.0,0.0,0.0,0.0,0.0,0.0,0.0,0.0,0.0,765.0,79.0,3.0,2.0,0.0,0.0,0.0,0.0,0.0,0.0,0.0,0.0,0.0,idle
,idle,,,,,,,,,,,,,,,,,,,,,,,,,,,,,,,,,,,,,idle
1778096661.778885,g5.hpc.coe,41393.0,0.5001,0.0,0.0,0.0,12288.0,135347274086.0,136420277407.0,137614059.0,139217272.0,2565900.0,0.0,0.0,0.0,0.0,0.0,0.0,0.0,0.0,0.0,0.0,0.0,0.0,807.0,79.0,3.0,2.0,0.0,0.0,0.0,0.0,0.0,0.0,0.0,0.0,0.0,idle
,idle,,,,,,,,,,,,,,,,,,,,,,,,,,,,,,,,,,,,,idle
1778096662.279021,g5.hpc.coe,41393.0,0.5001,0.0,0.0,0.0,12288.0,135347275536.0,136420277933.0,137614076.0,139217282.0,2565900.0,0.0,0.0,0.0,0.0,0.0,0.0,0.0,0.0,0.0,0.0,0.0,0.0,1450.0,526.0,17.0,10.0,0.0,0.0,0.0,0.0,0.0,0.0,0.0,0.0,0.0,idle
,idle,,,,,,,,,,,,,,,,,,,,,,,,,,,,,,,,,,,,,idle
1778096662.7791684,g5.hpc.coe,41393.0,0.5001,0.0,0.0,0.0,12288.0,135347276428.0,136420278012.0,137614079.0,139217284.0,2565900.0,0.0,0.0,0.0,0.0,0.0,0.0,0.0,0.0,0.0,0.0,0.0,0.0,892.0,79.0,3.0,2.0,0.0,0.0,0.0,0.0,0.0,0.0,0.0,0.0,0.0,idle
,idle,,,,,,,,,,,,,,,,,,,,,,,,,,,,,,,,,,,,,idle
1778096663.2793095,g5.hpc.coe,41393.0,0.5001,0.0,0.0,0.0,12288.0,135347277362.0,136420278091.0,137614082.0,139217286.0,2565900.0,0.0,0.0,0.0,0.0,0.0,0.0,0.0,0.0,0.0,0.0,0.0,0.0,934.0,79.0,3.0,2.0,0.0,0.0,0.0,0.0,0.0,0.0,0.0,0.0,0.0,idle
,idle,,,,,,,,,,,,,,,,,,,,,,,,,,,,,,,,,,,,,idle
1778096663.7794428,g5.hpc.coe,41393.0,0.5001,0.0,0.0,0.0,12288.0,135347278339.0,136420278170.0,137614085.0,139217288.0,2565900.0,0.0,0.0,0.0,0.0,0.0,0.0,0.0,0.0,0.0,0.0,0.0,0.0,977.0,79.0,3.0,2.0,0.0,0.0,0.0,0.0,0.0,0.0,0.0,0.0,0.0,idle
,idle,,,,,,,,,,,,,,,,,,,,,,,,,,,,,,,,,,,,,idle
1778096664.2795775,g5.hpc.coe,41393.0,0.5001,0.0,0.0,0.0,12288.0,135347279358.0,136420278249.0,137614088.0,139217290.0,2565900.0,0.0,0.0,0.0,0.0,0.0,0.0,0.0,0.0,0.0,0.0,0.0,0.0,1019.0,79.0,3.0,2.0,0.0,0.0,0.0,0.0,0.0,0.0,0.0,0.0,0.0,idle
,idle,,,,,,,,,,,,,,,,,,,,,,,,,,,,,,,,,,,,,idle
1778096664.7797115,g5.hpc.coe,41393.0,0.5001,0.0,0.0,0.0,12288.0,135347280419.0,136420278328.0,137614091.0,139217292.0,2565900.0,0.0,0.0,0.0,0.0,0.0,0.0,0.0,0.0,0.0,0.0,0.0,0.0,1061.0,79.0,3.0,2.0,0.0,0.0,0.0,0.0,0.0,0.0,0.0,0.0,0.0,idle
,idle,,,,,,,,,,,,,,,,,,,,,,,,,,,,,,,,,,,,,idle
1778096665.279847,g5.hpc.coe,41393.0,0.5001,0.0,0.0,0.0,12288.0,135347281545.0,136420278407.0,137614095.0,139217294.0,2565900.0,0.0,0.0,0.0,0.0,0.0,0.0,0.0,0.0,0.0,0.0,0.0,0.0,1126.0,79.0,4.0,2.0,0.0,0.0,0.0,0.0,0.0,0.0,0.0,0.0,0.0,idle
,idle,,,,,,,,,,,,,,,,,,,,,,,,,,,,,,,,,,,,,idle
1778096665.779983,g5.hpc.coe,41393.0,0.5001,0.0,0.0,0.0,12288.0,135347282790.0,136420278541.0,137614101.0,139217297.0,2565900.0,0.0,0.0,0.0,0.0,0.0,0.0,0.0,0.0,0.0,0.0,0.0,0.0,1245.0,134.0,6.0,3.0,0.0,0.0,0.0,0.0,0.0,0.0,0.0,0.0,0.0,idle
,idle,,,,,,,,,,,,,,,,,,,,,,,,,,,,,,,,,,,,,idle
1778096666.280105,g5.hpc.coe,41393.0,0.5001,0.0,0.0,0.0,12288.0,135347282933.0,136420278598.0,137614103.0,139217298.0,2565900.0,0.0,0.0,0.0,0.0,0.0,0.0,0.0,0.0,0.0,0.0,0.0,0.0,143.0,57.0,2.0,1.0,0.0,0.0,0.0,0.0,0.0,0.0,0.0,0.0,0.0,idle
,idle,,,,,,,,,,,,,,,,,,,,,,,,,,,,,,,,,,,,,idle
1778096666.7802358,g5.hpc.coe,41393.0,0.5001,0.0,0.0,0.0,12288.0,135347283118.0,136420278655.0,137614105.0,139217299.0,2565900.0,0.0,0.0,0.0,0.0,0.0,0.0,0.0,0.0,0.0,0.0,0.0,0.0,185.0,57.0,2.0,1.0,0.0,0.0,0.0,0.0,0.0,0.0,0.0,0.0,0.0,idle
,idle,,,,,,,,,,,,,,,,,,,,,,,,,,,,,,,,,,,,,idle
1778096667.2803714,g5.hpc.coe,41393.0,0.5001,0.0,0.0,0.0,12288.0,135347283345.0,136420278712.0,137614107.0,139217300.0,2565900.0,0.0,0.0,0.0,0.0,0.0,0.0,0.0,0.0,0.0,0.0,0.0,0.0,227.0,57.0,2.0,1.0,0.0,0.0,0.0,0.0,0.0,0.0,0.0,0.0,0.0,idle
,idle,,,,,,,,,,,,,,,,,,,,,,,,,,,,,,,,,,,,,idle
1778096667.780516,g5.hpc.coe,41393.0,0.5001,0.0,0.0,0.0,12288.0,135347283614.0,136420278769.0,137614109.0,139217301.0,2565900.0,0.0,0.0,0.0,0.0,0.0,0.0,0.0,0.0,0.0,0.0,0.0,0.0,269.0,57.0,2.0,1.0,0.0,0.0,0.0,0.0,0.0,0.0,0.0,0.0,0.0,idle
,idle,,,,,,,,,,,,,,,,,,,,,,,,,,,,,,,,,,,,,idle
1778096668.280651,g5.hpc.coe,41393.0,0.5001,0.0,0.0,0.0,12288.0,135347283925.0,136420278826.0,137614111.0,139217302.0,2565900.0,0.0,0.0,0.0,0.0,0.0,0.0,0.0,0.0,0.0,0.0,0.0,0.0,311.0,57.0,2.0,1.0,0.0,0.0,0.0,0.0,0.0,0.0,0.0,0.0,0.0,idle
,idle,,,,,,,,,,,,,,,,,,,,,,,,,,,,,,,,,,,,,idle
1778096668.7807846,g5.hpc.coe,41393.0,0.5001,0.0,0.0,0.0,12288.0,135347284278.0,136420278883.0,137614113.0,139217303.0,2565900.0,0.0,0.0,0.0,0.0,0.0,0.0,0.0,0.0,0.0,0.0,0.0,0.0,353.0,57.0,2.0,1.0,0.0,0.0,0.0,0.0,0.0,0.0,0.0,0.0,0.0,idle
,idle,,,,,,,,,,,,,,,,,,,,,,,,,,,,,,,,,,,,,idle
1778096669.2809014,g5.hpc.coe,41393.0,0.5001,0.0,0.0,0.0,12288.0,135347284673.0,136420278940.0,137614115.0,139217304.0,2565900.0,0.0,0.0,0.0,0.0,0.0,0.0,0.0,0.0,0.0,0.0,0.0,0.0,395.0,57.0,2.0,1.0,0.0,0.0,0.0,0.0,0.0,0.0,0.0,0.0,0.0,idle
,idle,,,,,,,,,,,,,,,,,,,,,,,,,,,,,,,,,,,,,idle
1778096669.7810376,g5.hpc.coe,41393.0,0.5001,0.0,0.0,0.0,12288.0,135347285111.0,136420278997.0,137614117.0,139217305.0,2565900.0,0.0,0.0,0.0,0.0,0.0,0.0,0.0,0.0,0.0,0.0,0.0,0.0,438.0,57.0,2.0,1.0,0.0,0.0,0.0,0.0,0.0,0.0,0.0,0.0,0.0,idle
,idle,,,,,,,,,,,,,,,,,,,,,,,,,,,,,,,,,,,,,idle
1778096670.2811675,g5.hpc.coe,41393.0,0.5001,0.0,0.0,0.0,12288.0,135347285591.0,136420279054.0,137614119.0,139217306.0,2565900.0,0.0,0.0,0.0,0.0,0.0,0.0,0.0,0.0,0.0,0.0,0.0,0.0,480.0,57.0,2.0,1.0,0.0,0.0,0.0,0.0,0.0,0.0,0.0,0.0,0.0,idle
,idle,,,,,,,,,,,,,,,,,,,,,,,,,,,,,,,,,,,,,idle
1778096670.7813103,g5.hpc.coe,41393.0,0.5001,0.0,0.0,0.0,12288.0,135347286190.0,136420279166.0,137614123.0,139217308.0,2565900.0,0.0,0.0,0.0,0.0,0.0,0.0,0.0,0.0,0.0,0.0,0.0,0.0,599.0,112.0,4.0,2.0,0.0,0.0,0.0,0.0,0.0,0.0,0.0,0.0,0.0,idle
,idle,,,,,,,,,,,,,,,,,,,,,,,,,,,,,,,,,,,,,idle
1778096671.2814507,g5.hpc.coe,41393.0,0.5001,0.0,0.0,0.0,12288.0,135347286777.0,136420279245.0,137614126.0,139217310.0,2565900.0,0.0,0.0,0.0,0.0,0.0,0.0,0.0,0.0,0.0,0.0,0.0,0.0,587.0,79.0,3.0,2.0,0.0,0.0,0.0,0.0,0.0,0.0,0.0,0.0,0.0,idle
,idle,,,,,,,,,,,,,,,,,,,,,,,,,,,,,,,,,,,,,idle
1778096671.7815728,g5.hpc.coe,41393.0,0.5001,0.0,0.0,0.0,12288.0,135347287406.0,136420279324.0,137614129.0,139217312.0,2565900.0,0.0,0.0,0.0,0.0,0.0,0.0,0.0,0.0,0.0,0.0,0.0,0.0,629.0,79.0,3.0,2.0,0.0,0.0,0.0,0.0,0.0,0.0,0.0,0.0,0.0,idle
,idle,,,,,,,,,,,,,,,,,,,,,,,,,,,,,,,,,,,,,idle
1778096672.28171,g5.hpc.coe,41393.0,0.5001,0.0,0.0,0.0,12288.0,135347288077.0,136420279403.0,137614132.0,139217314.0,2565900.0,0.0,0.0,0.0,0.0,0.0,0.0,0.0,0.0,0.0,0.0,0.0,0.0,671.0,79.0,3.0,2.0,0.0,0.0,0.0,0.0,0.0,0.0,0.0,0.0,0.0,idle
,idle,,,,,,,,,,,,,,,,,,,,,,,,,,,,,,,,,,,,,idle
1778096672.7818255,g5.hpc.coe,41393.0,0.5001,0.0,0.0,0.0,12288.0,135347288790.0,136420279482.0,137614135.0,139217316.0,2565900.0,0.0,0.0,0.0,0.0,0.0,0.0,0.0,0.0,0.0,0.0,0.0,0.0,713.0,79.0,3.0,2.0,0.0,0.0,0.0,0.0,0.0,0.0,0.0,0.0,0.0,idle
,idle,,,,,,,,,,,,,,,,,,,,,,,,,,,,,,,,,,,,,idle
1778096673.2819378,g5.hpc.coe,41393.0,0.5001,0.0,0.0,0.0,12288.0,135347289545.0,136420279561.0,137614138.0,139217318.0,2565900.0,0.0,0.0,0.0,0.0,0.0,0.0,0.0,0.0,0.0,0.0,0.0,0.0,755.0,79.0,3.0,2.0,0.0,0.0,0.0,0.0,0.0,0.0,0.0,0.0,0.0,idle
,idle,,,,,,,,,,,,,,,,,,,,,,,,,,,,,,,,,,,,,idle
1778096673.782078,g5.hpc.coe,41393.0,0.5001,0.0,0.0,0.0,12288.0,135347290342.0,136420279640.0,137614141.0,139217320.0,2565900.0,0.0,0.0,0.0,0.0,0.0,0.0,0.0,0.0,0.0,0.0,0.0,0.0,797.0,79.0,3.0,2.0,0.0,0.0,0.0,0.0,0.0,0.0,0.0,0.0,0.0,idle
,idle,,,,,,,,,,,,,,,,,,,,,,,,,,,,,,,,,,,,,idle
1778096674.2822108,g5.hpc.coe,41393.0,0.5001,0.0,0.0,0.0,12288.0,135347291181.0,136420279719.0,137614144.0,139217322.0,2565900.0,0.0,0.0,0.0,0.0,0.0,0.0,0.0,0.0,0.0,0.0,0.0,0.0,839.0,79.0,3.0,2.0,0.0,0.0,0.0,0.0,0.0,0.0,0.0,0.0,0.0,idle
,idle,,,,,,,,,,,,,,,,,,,,,,,,,,,,,,,,,,,,,idle
1778096674.782335,g5.hpc.coe,41393.0,0.5001,0.0,0.0,0.0,12288.0,135347292063.0,136420279798.0,137614147.0,139217324.0,2565900.0,0.0,0.0,0.0,0.0,0.0,0.0,0.0,0.0,0.0,0.0,0.0,0.0,882.0,79.0,3.0,2.0,0.0,0.0,0.0,0.0,0.0,0.0,0.0,0.0,0.0,idle
,idle,,,,,,,,,,,,,,,,,,,,,,,,,,,,,,,,,,,,,idle
1778096675.2824538,g5.hpc.coe,41393.0,0.5001,0.0,0.0,0.0,12288.0,135347292987.0,136420279877.0,137614150.0,139217326.0,2565900.0,0.0,0.0,0.0,0.0,0.0,0.0,0.0,0.0,0.0,0.0,0.0,0.0,924.0,79.0,3.0,2.0,0.0,0.0,0.0,0.0,0.0,0.0,0.0,0.0,0.0,idle
,idle,,,,,,,,,,,,,,,,,,,,,,,,,,,,,,,,,,,,,idle
1778096675.7825954,g5.hpc.coe,41393.0,0.5001,0.0,0.0,0.0,12288.0,135347294008.0,136420280011.0,137614154.0,139217329.0,2565900.0,0.0,0.0,0.0,0.0,0.0,0.0,0.0,0.0,0.0,0.0,0.0,0.0,1021.0,134.0,4.0,3.0,0.0,0.0,0.0,0.0,0.0,0.0,0.0,0.0,0.0,idle
,idle,,,,,,,,,,,,,,,,,,,,,,,,,,,,,,,,,,,,,idle
1778096676.282725,g5.hpc.coe,41393.0,0.5001,0.0,0.0,0.0,12288.0,135347295039.0,136420280090.0,137614158.0,139217331.0,2565900.0,0.0,0.0,0.0,0.0,0.0,0.0,0.0,0.0,0.0,0.0,0.0,0.0,1031.0,79.0,4.0,2.0,0.0,0.0,0.0,0.0,0.0,0.0,0.0,0.0,0.0,idle
,idle,,,,,,,,,,,,,,,,,,,,,,,,,,,,,,,,,,,,,idle
1778096676.782868,g5.hpc.coe,41393.0,0.5001,0.0,0.0,0.0,12288.0,135347296090.0,136420280169.0,137614161.0,139217333.0,2565900.0,0.0,0.0,0.0,0.0,0.0,0.0,0.0,0.0,0.0,0.0,0.0,0.0,1051.0,79.0,3.0,2.0,0.0,0.0,0.0,0.0,0.0,0.0,0.0,0.0,0.0,idle
,idle,,,,,,,,,,,,,,,,,,,,,,,,,,,,,,,,,,,,,idle
1778096677.2830024,g5.hpc.coe,41393.0,0.5001,0.0,0.0,0.0,12288.0,135347297807.0,136420280695.0,137614179.0,139217343.0,2565900.0,0.0,0.0,0.0,0.0,0.0,0.0,0.0,0.0,0.0,0.0,0.0,0.0,1717.0,526.0,18.0,10.0,0.0,0.0,0.0,0.0,0.0,0.0,0.0,0.0,0.0,idle
,idle,,,,,,,,,,,,,,,,,,,,,,,,,,,,,,,,,,,,,idle
1778096677.7831357,g5.hpc.coe,41393.0,0.5001,0.0,0.0,0.0,12288.0,135347298966.0,136420280774.0,137614183.0,139217345.0,2565900.0,0.0,0.0,0.0,0.0,0.0,0.0,0.0,0.0,0.0,0.0,0.0,0.0,1159.0,79.0,4.0,2.0,0.0,0.0,0.0,0.0,0.0,0.0,0.0,0.0,0.0,idle
,idle,,,,,,,,,,,,,,,,,,,,,,,,,,,,,,,,,,,,,idle
1778096678.283273,g5.hpc.coe,41393.0,0.5001,0.0,0.0,0.0,12288.0,135347299099.0,136420280831.0,137614185.0,139217346.0,2565900.0,0.0,0.0,0.0,0.0,0.0,0.0,0.0,0.0,0.0,0.0,0.0,0.0,133.0,57.0,2.0,1.0,0.0,0.0,0.0,0.0,0.0,0.0,0.0,0.0,0.0,idle
,idle,,,,,,,,,,,,,,,,,,,,,,,,,,,,,,,,,,,,,idle
1778096678.7834167,g5.hpc.coe,41393.0,0.5001,0.0,0.0,0.0,12288.0,135347299274.0,136420280888.0,137614187.0,139217347.0,2565900.0,0.0,0.0,0.0,0.0,0.0,0.0,0.0,0.0,0.0,0.0,0.0,0.0,175.0,57.0,2.0,1.0,0.0,0.0,0.0,0.0,0.0,0.0,0.0,0.0,0.0,idle
,idle,,,,,,,,,,,,,,,,,,,,,,,,,,,,,,,,,,,,,idle
1778096679.283532,g5.hpc.coe,41393.0,0.5001,0.0,0.0,0.0,12288.0,135347299749.0,136420281200.0,137614194.0,139217353.0,2565900.0,0.0,0.0,0.0,0.0,0.0,0.0,0.0,0.0,0.0,0.0,0.0,0.0,475.0,312.0,7.0,6.0,0.0,0.0,0.0,0.0,0.0,0.0,0.0,0.0,0.0,idle
,idle,,,,,,,,,,,,,,,,,,,,,,,,,,,,,,,,,,,,,idle
1778096679.7836485,g5.hpc.coe,41393.0,0.5001,0.0,0.0,0.0,12288.0,135347300031.0,136420281257.0,137614197.0,139217354.0,2565900.0,0.0,0.0,0.0,0.0,0.0,0.0,0.0,0.0,0.0,0.0,0.0,0.0,282.0,57.0,3.0,1.0,0.0,0.0,0.0,0.0,0.0,0.0,0.0,0.0,0.0,idle
,idle,,,,,,,,,,,,,,,,,,,,,,,,,,,,,,,,,,,,,idle
1778096680.2837737,g5.hpc.coe,41393.0,0.5001,0.0,0.0,0.0,12288.0,135347300333.0,136420281314.0,137614199.0,139217355.0,2565900.0,0.0,0.0,0.0,0.0,0.0,0.0,0.0,0.0,0.0,0.0,0.0,0.0,302.0,57.0,2.0,1.0,0.0,0.0,0.0,0.0,0.0,0.0,0.0,0.0,0.0,idle
,idle,,,,,,,,,,,,,,,,,,,,,,,,,,,,,,,,,,,,,idle
1778096680.7839217,g5.hpc.coe,41393.0,0.5001,0.0,0.0,0.0,12288.0,135347300678.0,136420281371.0,137614201.0,139217356.0,2565900.0,0.0,0.0,0.0,0.0,0.0,0.0,0.0,0.0,0.0,0.0,0.0,0.0,345.0,57.0,2.0,1.0,0.0,0.0,0.0,0.0,0.0,0.0,0.0,0.0,0.0,idle
,idle,,,,,,,,,,,,,,,,,,,,,,,,,,,,,,,,,,,,,idle
1778096681.2840586,g5.hpc.coe,41393.0,0.5001,0.0,0.0,0.0,12288.0,135347301142.0,136420281483.0,137614205.0,139217358.0,2565900.0,0.0,0.0,0.0,0.0,0.0,0.0,0.0,0.0,0.0,0.0,0.0,0.0,464.0,112.0,4.0,2.0,0.0,0.0,0.0,0.0,0.0,0.0,0.0,0.0,0.0,idle
,idle,,,,,,,,,,,,,,,,,,,,,,,,,,,,,,,,,,,,,idle
1778096681.7842023,g5.hpc.coe,41393.0,0.5001,0.0,0.0,0.0,12288.0,135347301571.0,136420281540.0,137614207.0,139217359.0,2565900.0,0.0,0.0,0.0,0.0,0.0,0.0,0.0,0.0,0.0,0.0,0.0,0.0,429.0,57.0,2.0,1.0,0.0,0.0,0.0,0.0,0.0,0.0,0.0,0.0,0.0,idle
,idle,,,,,,,,,,,,,,,,,,,,,,,,,,,,,,,,,,,,,idle
1778096682.2843416,g5.hpc.coe,41393.0,0.5001,0.0,0.0,0.0,12288.0,135347303365.0,136420282457.0,137614236.0,139217373.0,2565900.0,0.0,0.0,0.0,0.0,0.0,0.0,0.0,0.0,0.0,0.0,0.0,0.0,1794.0,917.0,29.0,14.0,0.0,0.0,0.0,0.0,0.0,0.0,0.0,0.0,0.0,idle
,idle,,,,,,,,,,,,,,,,,,,,,,,,,,,,,,,,,,,,,idle
1778096682.784475,g5.hpc.coe,41393.0,0.5001,0.0,0.0,0.0,12288.0,135347303880.0,136420282514.0,137614238.0,139217374.0,2565900.0,0.0,0.0,0.0,0.0,0.0,0.0,0.0,0.0,0.0,0.0,0.0,0.0,515.0,57.0,2.0,1.0,0.0,0.0,0.0,0.0,0.0,0.0,0.0,0.0,0.0,idle
,idle,,,,,,,,,,,,,,,,,,,,,,,,,,,,,,,,,,,,,idle
1778096683.2846105,g5.hpc.coe,41393.0,0.5001,0.0,0.0,0.0,12288.0,135347304459.0,136420282593.0,137614241.0,139217376.0,2565900.0,0.0,0.0,0.0,0.0,0.0,0.0,0.0,0.0,0.0,0.0,0.0,0.0,579.0,79.0,3.0,2.0,0.0,0.0,0.0,0.0,0.0,0.0,0.0,0.0,0.0,idle
,idle,,,,,,,,,,,,,,,,,,,,,,,,,,,,,,,,,,,,,idle
1778096683.7847502,g5.hpc.coe,41393.0,0.5001,0.0,0.0,0.0,12288.0,135347305080.0,136420282672.0,137614244.0,139217378.0,2565900.0,0.0,0.0,0.0,0.0,0.0,0.0,0.0,0.0,0.0,0.0,0.0,0.0,621.0,79.0,3.0,2.0,0.0,0.0,0.0,0.0,0.0,0.0,0.0,0.0,0.0,idle
,idle,,,,,,,,,,,,,,,,,,,,,,,,,,,,,,,,,,,,,idle
1778096684.2848964,g5.hpc.coe,41393.0,0.5001,0.0,0.0,0.0,12288.0,135347305744.0,136420282751.0,137614247.0,139217380.0,2565900.0,0.0,0.0,0.0,0.0,0.0,0.0,0.0,0.0,0.0,0.0,0.0,0.0,664.0,79.0,3.0,2.0,0.0,0.0,0.0,0.0,0.0,0.0,0.0,0.0,0.0,idle
,idle,,,,,,,,,,,,,,,,,,,,,,,,,,,,,,,,,,,,,idle
1778096684.7850273,g5.hpc.coe,41393.0,0.5001,0.0,0.0,0.0,12288.0,135347306450.0,136420282830.0,137614250.0,139217382.0,2565900.0,0.0,0.0,0.0,0.0,0.0,0.0,0.0,0.0,0.0,0.0,0.0,0.0,706.0,79.0,3.0,2.0,0.0,0.0,0.0,0.0,0.0,0.0,0.0,0.0,0.0,idle
,idle,,,,,,,,,,,,,,,,,,,,,,,,,,,,,,,,,,,,,idle
1778096685.2851417,g5.hpc.coe,41393.0,0.5001,0.0,0.0,0.0,12288.0,135347307198.0,136420282909.0,137614253.0,139217384.0,2565900.0,0.0,0.0,0.0,0.0,0.0,0.0,0.0,0.0,0.0,0.0,0.0,0.0,748.0,79.0,3.0,2.0,0.0,0.0,0.0,0.0,0.0,0.0,0.0,0.0,0.0,idle
,idle,,,,,,,,,,,,,,,,,,,,,,,,,,,,,,,,,,,,,idle
1778096685.785279,g5.hpc.coe,41393.0,0.5001,0.0,0.0,0.0,12288.0,135347307988.0,136420282988.0,137614256.0,139217386.0,2565900.0,0.0,0.0,0.0,0.0,0.0,0.0,0.0,0.0,0.0,0.0,0.0,0.0,790.0,79.0,3.0,2.0,0.0,0.0,0.0,0.0,0.0,0.0,0.0,0.0,0.0,idle
,idle,,,,,,,,,,,,,,,,,,,,,,,,,,,,,,,,,,,,,idle
1778096686.2854142,g5.hpc.coe,41393.0,0.5001,0.0,0.0,0.0,12288.0,135347308897.0,136420283122.0,137614261.0,139217389.0,2565900.0,0.0,0.0,0.0,0.0,0.0,0.0,0.0,0.0,0.0,0.0,0.0,0.0,909.0,134.0,5.0,3.0,0.0,0.0,0.0,0.0,0.0,0.0,0.0,0.0,0.0,idle
,idle,,,,,,,,,,,,,,,,,,,,,,,,,,,,,,,,,,,,,idle
1778096686.7855473,g5.hpc.coe,41393.0,0.5001,0.0,0.0,0.0,12288.0,135347309772.0,136420283201.0,137614264.0,139217391.0,2565900.0,0.0,0.0,0.0,0.0,0.0,0.0,0.0,0.0,0.0,0.0,0.0,0.0,875.0,79.0,3.0,2.0,0.0,0.0,0.0,0.0,0.0,0.0,0.0,0.0,0.0,idle
,idle,,,,,,,,,,,,,,,,,,,,,,,,,,,,,,,,,,,,,idle
1778096687.2856884,g5.hpc.coe,41393.0,0.5001,0.0,0.0,0.0,12288.0,135347310689.0,136420283280.0,137614267.0,139217393.0,2565900.0,0.0,0.0,0.0,0.0,0.0,0.0,0.0,0.0,0.0,0.0,0.0,0.0,917.0,79.0,3.0,2.0,0.0,0.0,0.0,0.0,0.0,0.0,0.0,0.0,0.0,idle
,idle,,,,,,,,,,,,,,,,,,,,,,,,,,,,,,,,,,,,,idle
1778096687.785826,g5.hpc.coe,41393.0,0.5001,0.0,0.0,0.0,12288.0,135347311648.0,136420283359.0,137614270.0,139217395.0,2565900.0,0.0,0.0,0.0,0.0,0.0,0.0,0.0,0.0,0.0,0.0,0.0,0.0,959.0,79.0,3.0,2.0,0.0,0.0,0.0,0.0,0.0,0.0,0.0,0.0,0.0,idle
,idle,,,,,,,,,,,,,,,,,,,,,,,,,,,,,,,,,,,,,idle
1778096688.2859623,g5.hpc.coe,41393.0,0.5001,0.0,0.0,0.0,12288.0,135347312649.0,136420283438.0,137614273.0,139217397.0,2565900.0,0.0,0.0,0.0,0.0,0.0,0.0,0.0,0.0,0.0,0.0,0.0,0.0,1001.0,79.0,3.0,2.0,0.0,0.0,0.0,0.0,0.0,0.0,0.0,0.0,0.0,idle
,idle,,,,,,,,,,,,,,,,,,,,,,,,,,,,,,,,,,,,,idle
1778096688.7860978,g5.hpc.coe,41393.0,0.5001,0.0,0.0,0.0,12288.0,135347313693.0,136420283517.0,137614276.0,139217399.0,2565900.0,0.0,0.0,0.0,0.0,0.0,0.0,0.0,0.0,0.0,0.0,0.0,0.0,1044.0,79.0,3.0,2.0,0.0,0.0,0.0,0.0,0.0,0.0,0.0,0.0,0.0,idle
,idle,,,,,,,,,,,,,,,,,,,,,,,,,,,,,,,,,,,,,idle
1778096689.286232,g5.hpc.coe,41393.0,0.5001,0.0,0.0,0.0,12288.0,135347314801.0,136420283596.0,137614280.0,139217401.0,2565900.0,0.0,0.0,0.0,0.0,0.0,0.0,0.0,0.0,0.0,0.0,0.0,0.0,1108.0,79.0,4.0,2.0,0.0,0.0,0.0,0.0,0.0,0.0,0.0,0.0,0.0,idle
,idle,,,,,,,,,,,,,,,,,,,,,,,,,,,,,,,,,,,,,idle
1778096689.7863665,g5.hpc.coe,41393.0,0.5001,0.0,0.0,0.0,12288.0,135347315952.0,136420283675.0,137614284.0,139217403.0,2565900.0,0.0,0.0,0.0,0.0,0.0,0.0,0.0,0.0,0.0,0.0,0.0,0.0,1151.0,79.0,4.0,2.0,0.0,0.0,0.0,0.0,0.0,0.0,0.0,0.0,0.0,idle
,idle,,,,,,,,,,,,,,,,,,,,,,,,,,,,,,,,,,,,,idle
1778096690.2864783,g5.hpc.coe,41393.0,0.5001,0.0,0.0,0.0,12288.0,135347316077.0,136420283732.0,137614286.0,139217404.0,2565900.0,0.0,0.0,0.0,0.0,0.0,0.0,0.0,0.0,0.0,0.0,0.0,0.0,125.0,57.0,2.0,1.0,0.0,0.0,0.0,0.0,0.0,0.0,0.0,0.0,0.0,idle
,idle,,,,,,,,,,,,,,,,,,,,,,,,,,,,,,,,,,,,,idle
1778096690.7866127,g5.hpc.coe,41393.0,0.5001,0.0,0.0,0.0,12288.0,135347316244.0,136420283789.0,137614288.0,139217405.0,2565900.0,0.0,0.0,0.0,0.0,0.0,0.0,0.0,0.0,0.0,0.0,0.0,0.0,167.0,57.0,2.0,1.0,0.0,0.0,0.0,0.0,0.0,0.0,0.0,0.0,0.0,idle
,idle,,,,,,,,,,,,,,,,,,,,,,,,,,,,,,,,,,,,,idle
1778096691.2867274,g5.hpc.coe,41393.0,0.5001,0.0,0.0,0.0,12288.0,135347316531.0,136420283901.0,137614292.0,139217407.0,2565900.0,0.0,0.0,0.0,0.0,0.0,0.0,0.0,0.0,0.0,0.0,0.0,0.0,287.0,112.0,4.0,2.0,0.0,0.0,0.0,0.0,0.0,0.0,0.0,0.0,0.0,idle
,idle,,,,,,,,,,,,,,,,,,,,,,,,,,,,,,,,,,,,,idle
1778096691.7868688,g5.hpc.coe,41393.0,0.5001,0.0,0.0,0.0,12288.0,135347316783.0,136420283958.0,137614294.0,139217408.0,2565900.0,0.0,0.0,0.0,0.0,0.0,0.0,0.0,0.0,0.0,0.0,0.0,0.0,252.0,57.0,2.0,1.0,0.0,0.0,0.0,0.0,0.0,0.0,0.0,0.0,0.0,idle
,idle,,,,,,,,,,,,,,,,,,,,,,,,,,,,,,,,,,,,,idle
1778096692.287007,g5.hpc.coe,41393.0,0.5001,0.0,0.0,0.0,12288.0,135347317700.0,136420284462.0,137614311.0,139217417.0,2565900.0,0.0,0.0,0.0,0.0,0.0,0.0,0.0,0.0,0.0,0.0,0.0,0.0,917.0,504.0,17.0,9.0,0.0,0.0,0.0,0.0,0.0,0.0,0.0,0.0,0.0,idle
,idle,,,,,,,,,,,,,,,,,,,,,,,,,,,,,,,,,,,,,idle
1778096692.7871225,g5.hpc.coe,41393.0,0.5001,0.0,0.0,0.0,12288.0,135347318037.0,136420284519.0,137614313.0,139217418.0,2565900.0,0.0,0.0,0.0,0.0,0.0,0.0,0.0,0.0,0.0,0.0,0.0,0.0,337.0,57.0,2.0,1.0,0.0,0.0,0.0,0.0,0.0,0.0,0.0,0.0,0.0,idle
,idle,,,,,,,,,,,,,,,,,,,,,,,,,,,,,,,,,,,,,idle
1778096693.2872577,g5.hpc.coe,41393.0,0.5001,0.0,0.0,0.0,12288.0,135347318416.0,136420284576.0,137614315.0,139217419.0,2565900.0,0.0,0.0,0.0,0.0,0.0,0.0,0.0,0.0,0.0,0.0,0.0,0.0,379.0,57.0,2.0,1.0,0.0,0.0,0.0,0.0,0.0,0.0,0.0,0.0,0.0,idle
,idle,,,,,,,,,,,,,,,,,,,,,,,,,,,,,,,,,,,,,idle
1778096693.787385,g5.hpc.coe,41393.0,0.5001,0.0,0.0,0.0,12288.0,135347318838.0,136420284633.0,137614317.0,139217420.0,2565900.0,0.0,0.0,0.0,0.0,0.0,0.0,0.0,0.0,0.0,0.0,0.0,0.0,422.0,57.0,2.0,1.0,0.0,0.0,0.0,0.0,0.0,0.0,0.0,0.0,0.0,idle
,idle,,,,,,,,,,,,,,,,,,,,,,,,,,,,,,,,,,,,,idle
1778096694.2875016,g5.hpc.coe,41393.0,0.5001,0.0,0.0,0.0,12288.0,135347319302.0,136420284690.0,137614319.0,139217421.0,2565900.0,0.0,0.0,0.0,0.0,0.0,0.0,0.0,0.0,0.0,0.0,0.0,0.0,464.0,57.0,2.0,1.0,0.0,0.0,0.0,0.0,0.0,0.0,0.0,0.0,0.0,idle
,idle,,,,,,,,,,,,,,,,,,,,,,,,,,,,,,,,,,,,,idle
1778096694.7876494,g5.hpc.coe,41393.0,0.5001,0.0,0.0,0.0,12288.0,135347319808.0,136420284747.0,137614321.0,139217422.0,2565900.0,0.0,0.0,0.0,0.0,0.0,0.0,0.0,0.0,0.0,0.0,0.0,0.0,506.0,57.0,2.0,1.0,0.0,0.0,0.0,0.0,0.0,0.0,0.0,0.0,0.0,idle
,idle,,,,,,,,,,,,,,,,,,,,,,,,,,,,,,,,,,,,,idle
1778096695.2877734,g5.hpc.coe,41393.0,0.5001,0.0,0.0,0.0,12288.0,135347320378.0,136420284826.0,137614324.0,139217424.0,2565900.0,0.0,0.0,0.0,0.0,0.0,0.0,0.0,0.0,0.0,0.0,0.0,0.0,570.0,79.0,3.0,2.0,0.0,0.0,0.0,0.0,0.0,0.0,0.0,0.0,0.0,idle
,idle,,,,,,,,,,,,,,,,,,,,,,,,,,,,,,,,,,,,,idle
1778096695.7879071,g5.hpc.coe,41393.0,0.5001,0.0,0.0,0.0,12288.0,135347320990.0,136420284905.0,137614327.0,139217426.0,2565900.0,0.0,0.0,0.0,0.0,0.0,0.0,0.0,0.0,0.0,0.0,0.0,0.0,612.0,79.0,3.0,2.0,0.0,0.0,0.0,0.0,0.0,0.0,0.0,0.0,0.0,idle
,idle,,,,,,,,,,,,,,,,,,,,,,,,,,,,,,,,,,,,,idle
1778096696.2880387,g5.hpc.coe,41393.0,0.5001,0.0,0.0,0.0,12288.0,135347321722.0,136420285039.0,137614332.0,139217429.0,2565900.0,0.0,0.0,0.0,0.0,0.0,0.0,0.0,0.0,0.0,0.0,0.0,0.0,732.0,134.0,5.0,3.0,0.0,0.0,0.0,0.0,0.0,0.0,0.0,0.0,0.0,idle
,idle,,,,,,,,,,,,,,,,,,,,,,,,,,,,,,,,,,,,,idle
1778096696.7881732,g5.hpc.coe,41393.0,0.5001,0.0,0.0,0.0,12288.0,135347322419.0,136420285118.0,137614335.0,139217431.0,2565900.0,0.0,0.0,0.0,0.0,0.0,0.0,0.0,0.0,0.0,0.0,0.0,0.0,697.0,79.0,3.0,2.0,0.0,0.0,0.0,0.0,0.0,0.0,0.0,0.0,0.0,idle
,idle,,,,,,,,,,,,,,,,,,,,,,,,,,,,,,,,,,,,,idle
1778096697.288314,g5.hpc.coe,41393.0,0.5001,0.0,0.0,0.0,12288.0,135347323158.0,136420285197.0,137614338.0,139217433.0,2565900.0,0.0,0.0,0.0,0.0,0.0,0.0,0.0,0.0,0.0,0.0,0.0,0.0,739.0,79.0,3.0,2.0,0.0,0.0,0.0,0.0,0.0,0.0,0.0,0.0,0.0,idle
,idle,,,,,,,,,,,,,,,,,,,,,,,,,,,,,,,,,,,,,idle
1778096697.7884312,g5.hpc.coe,41393.0,0.5001,0.0,0.0,0.0,12288.0,135347323940.0,136420285276.0,137614341.0,139217435.0,2565900.0,0.0,0.0,0.0,0.0,0.0,0.0,0.0,0.0,0.0,0.0,0.0,0.0,782.0,79.0,3.0,2.0,0.0,0.0,0.0,0.0,0.0,0.0,0.0,0.0,0.0,idle
,idle,,,,,,,,,,,,,,,,,,,,,,,,,,,,,,,,,,,,,idle
1778096698.2885647,g5.hpc.coe,41393.0,0.5001,0.0,0.0,0.0,12288.0,135347324764.0,136420285355.0,137614344.0,139217437.0,2565900.0,0.0,0.0,0.0,0.0,0.0,0.0,0.0,0.0,0.0,0.0,0.0,0.0,824.0,79.0,3.0,2.0,0.0,0.0,0.0,0.0,0.0,0.0,0.0,0.0,0.0,idle
,idle,,,,,,,,,,,,,,,,,,,,,,,,,,,,,,,,,,,,,idle
1778096698.7887022,g5.hpc.coe,41393.0,0.5001,0.0,0.0,0.0,12288.0,135347325630.0,136420285434.0,137614347.0,139217439.0,2565900.0,0.0,0.0,0.0,0.0,0.0,0.0,0.0,0.0,0.0,0.0,0.0,0.0,866.0,79.0,3.0,2.0,0.0,0.0,0.0,0.0,0.0,0.0,0.0,0.0,0.0,idle
,idle,,,,,,,,,,,,,,,,,,,,,,,,,,,,,,,,,,,,,idle
1778096699.2888343,g5.hpc.coe,41393.0,0.5001,0.0,0.0,0.0,12288.0,135347326538.0,136420285513.0,137614350.0,139217441.0,2565900.0,0.0,0.0,0.0,0.0,0.0,0.0,0.0,0.0,0.0,0.0,0.0,0.0,908.0,79.0,3.0,2.0,0.0,0.0,0.0,0.0,0.0,0.0,0.0,0.0,0.0,idle
,idle,,,,,,,,,,,,,,,,,,,,,,,,,,,,,,,,,,,,,idle
1778096699.7889829,g5.hpc.coe,41393.0,0.5001,0.0,0.0,0.0,12288.0,135347327489.0,136420285592.0,137614353.0,139217443.0,2565900.0,0.0,0.0,0.0,0.0,0.0,0.0,0.0,0.0,0.0,0.0,0.0,0.0,951.0,79.0,3.0,2.0,0.0,0.0,0.0,0.0,0.0,0.0,0.0,0.0,0.0,idle
,idle,,,,,,,,,,,,,,,,,,,,,,,,,,,,,,,,,,,,,idle
1778096700.2890985,g5.hpc.coe,41393.0,0.5001,0.0,0.0,0.0,12288.0,135347328482.0,136420285671.0,137614356.0,139217445.0,2565900.0,0.0,0.0,0.0,0.0,0.0,0.0,0.0,0.0,0.0,0.0,0.0,0.0,993.0,79.0,3.0,2.0,0.0,0.0,0.0,0.0,0.0,0.0,0.0,0.0,0.0,idle
,idle,,,,,,,,,,,,,,,,,,,,,,,,,,,,,,,,,,,,,idle
1778096700.7892327,g5.hpc.coe,41393.0,0.5001,0.0,0.0,0.0,12288.0,135347329517.0,136420285750.0,137614359.0,139217447.0,2565900.0,0.0,0.0,0.0,0.0,0.0,0.0,0.0,0.0,0.0,0.0,0.0,0.0,1035.0,79.0,3.0,2.0,0.0,0.0,0.0,0.0,0.0,0.0,0.0,0.0,0.0,idle
,idle,,,,,,,,,,,,,,,,,,,,,,,,,,,,,,,,,,,,,idle
1778096701.2893934,g5.hpc.coe,41393.0,0.5002,0.0,0.0,0.0,12288.0,135347330617.0,136420285829.0,137614363.0,139217449.0,2565900.0,0.0,0.0,0.0,0.0,0.0,0.0,0.0,0.0,0.0,0.0,0.0,0.0,1100.0,79.0,4.0,2.0,0.0,0.0,0.0,0.0,0.0,0.0,0.0,0.0,0.0,idle
,idle,,,,,,,,,,,,,,,,,,,,,,,,,,,,,,,,,,,,,idle
1778096701.7895107,g5.hpc.coe,41393.0,0.5001,0.0,0.0,0.0,12288.0,135347331836.0,136420285963.0,137614369.0,139217452.0,2565900.0,0.0,0.0,0.0,0.0,0.0,0.0,0.0,0.0,0.0,0.0,0.0,0.0,1219.0,134.0,6.0,3.0,0.0,0.0,0.0,0.0,0.0,0.0,0.0,0.0,0.0,idle
,idle,,,,,,,,,,,,,,,,,,,,,,,,,,,,,,,,,,,,,idle
1778096702.2896347,g5.hpc.coe,41393.0,0.5001,0.0,0.0,0.0,12288.0,135347336154.0,136420393533.0,137614438.0,139217689.0,2565900.0,0.0,0.0,0.0,0.0,0.0,0.0,0.0,0.0,0.0,0.0,0.0,0.0,4318.0,107570.0,69.0,237.0,0.0,0.0,0.0,0.0,0.0,0.0,0.0,0.0,0.0,idle
,idle,,,,,,,,,,,,,,,,,,,,,,,,,,,,,,,,,,,,,idle
1778096702.789768,g5.hpc.coe,41393.0,0.5001,0.0,0.0,0.0,12288.0,135347336315.0,136420393590.0,137614440.0,139217690.0,2565900.0,0.0,0.0,0.0,0.0,0.0,0.0,0.0,0.0,0.0,0.0,0.0,0.0,161.0,57.0,2.0,1.0,0.0,0.0,0.0,0.0,0.0,0.0,0.0,0.0,0.0,idle
,idle,,,,,,,,,,,,,,,,,,,,,,,,,,,,,,,,,,,,,idle
1778096703.2899115,g5.hpc.coe,41393.0,0.5001,0.0,0.0,0.0,12288.0,135347336518.0,136420393647.0,137614442.0,139217691.0,2565900.0,0.0,0.0,0.0,0.0,0.0,0.0,0.0,0.0,0.0,0.0,0.0,0.0,203.0,57.0,2.0,1.0,0.0,0.0,0.0,0.0,0.0,0.0,0.0,0.0,0.0,idle
,idle,,,,,,,,,,,,,,,,,,,,,,,,,,,,,,,,,,,,,idle
1778096703.790044,g5.hpc.coe,41393.0,0.5001,0.0,0.0,0.0,12288.0,135347336763.0,136420393704.0,137614444.0,139217692.0,2565900.0,0.0,0.0,0.0,0.0,0.0,0.0,0.0,0.0,0.0,0.0,0.0,0.0,245.0,57.0,2.0,1.0,0.0,0.0,0.0,0.0,0.0,0.0,0.0,0.0,0.0,idle
,idle,,,,,,,,,,,,,,,,,,,,,,,,,,,,,,,,,,,,,idle
1778096704.290177,g5.hpc.coe,41393.0,0.5001,0.0,0.0,0.0,12288.0,135347337050.0,136420393761.0,137614446.0,139217693.0,2565900.0,0.0,0.0,0.0,0.0,0.0,0.0,0.0,0.0,0.0,0.0,0.0,0.0,287.0,57.0,2.0,1.0,0.0,0.0,0.0,0.0,0.0,0.0,0.0,0.0,0.0,idle
,idle,,,,,,,,,,,,,,,,,,,,,,,,,,,,,,,,,,,,,idle
1778096704.7903192,g5.hpc.coe,41393.0,0.5001,0.0,0.0,0.0,12288.0,135347337380.0,136420393818.0,137614448.0,139217694.0,2565900.0,0.0,0.0,0.0,0.0,0.0,0.0,0.0,0.0,0.0,0.0,0.0,0.0,330.0,57.0,2.0,1.0,0.0,0.0,0.0,0.0,0.0,0.0,0.0,0.0,0.0,idle
,idle,,,,,,,,,,,,,,,,,,,,,,,,,,,,,,,,,,,,,idle
1778096705.290458,g5.hpc.coe,41393.0,0.5001,0.0,0.0,0.0,12288.0,135347337752.0,136420393875.0,137614450.0,139217695.0,2565900.0,0.0,0.0,0.0,0.0,0.0,0.0,0.0,0.0,0.0,0.0,0.0,0.0,372.0,57.0,2.0,1.0,0.0,0.0,0.0,0.0,0.0,0.0,0.0,0.0,0.0,idle
,idle,,,,,,,,,,,,,,,,,,,,,,,,,,,,,,,,,,,,,idle
1778096705.7906008,g5.hpc.coe,41393.0,0.5001,0.0,0.0,0.0,12288.0,135347338166.0,136420393932.0,137614452.0,139217696.0,2565900.0,0.0,0.0,0.0,0.0,0.0,0.0,0.0,0.0,0.0,0.0,0.0,0.0,414.0,57.0,2.0,1.0,0.0,0.0,0.0,0.0,0.0,0.0,0.0,0.0,0.0,idle
,idle,,,,,,,,,,,,,,,,,,,,,,,,,,,,,,,,,,,,,idle
1778096706.2907195,g5.hpc.coe,41393.0,0.5001,0.0,0.0,0.0,12288.0,135347338622.0,136420393989.0,137614454.0,139217697.0,2565900.0,0.0,0.0,0.0,0.0,0.0,0.0,0.0,0.0,0.0,0.0,0.0,0.0,456.0,57.0,2.0,1.0,0.0,0.0,0.0,0.0,0.0,0.0,0.0,0.0,0.0,idle
,idle,,,,,,,,,,,,,,,,,,,,,,,,,,,,,,,,,,,,,idle
1778096706.7908626,g5.hpc.coe,41393.0,0.5001,0.0,0.0,0.0,12288.0,135347339197.0,136420394101.0,137614458.0,139217699.0,2565900.0,0.0,0.0,0.0,0.0,0.0,0.0,0.0,0.0,0.0,0.0,0.0,0.0,575.0,112.0,4.0,2.0,0.0,0.0,0.0,0.0,0.0,0.0,0.0,0.0,0.0,idle
,idle,,,,,,,,,,,,,,,,,,,,,,,,,,,,,,,,,,,,,idle
1778096707.291001,g5.hpc.coe,41393.0,0.5001,0.0,0.0,0.0,12288.0,135347340339.0,136420394605.0,137614474.0,139217708.0,2565900.0,0.0,0.0,0.0,0.0,0.0,0.0,0.0,0.0,0.0,0.0,0.0,0.0,1142.0,504.0,16.0,9.0,0.0,0.0,0.0,0.0,0.0,0.0,0.0,0.0,0.0,idle
,idle,,,,,,,,,,,,,,,,,,,,,,,,,,,,,,,,,,,,,idle
1778096707.7911358,g5.hpc.coe,41393.0,0.5001,0.0,0.0,0.0,12288.0,135347340945.0,136420394684.0,137614477.0,139217710.0,2565900.0,0.0,0.0,0.0,0.0,0.0,0.0,0.0,0.0,0.0,0.0,0.0,0.0,606.0,79.0,3.0,2.0,0.0,0.0,0.0,0.0,0.0,0.0,0.0,0.0,0.0,idle
,idle,,,,,,,,,,,,,,,,,,,,,,,,,,,,,,,,,,,,,idle
1778096708.2912662,g5.hpc.coe,41393.0,0.5001,0.0,0.0,0.0,12288.0,135347341593.0,136420394763.0,137614480.0,139217712.0,2565900.0,0.0,0.0,0.0,0.0,0.0,0.0,0.0,0.0,0.0,0.0,0.0,0.0,648.0,79.0,3.0,2.0,0.0,0.0,0.0,0.0,0.0,0.0,0.0,0.0,0.0,idle
,idle,,,,,,,,,,,,,,,,,,,,,,,,,,,,,,,,,,,,,idle
1778096708.7914023,g5.hpc.coe,41393.0,0.5001,0.0,0.0,0.0,12288.0,135347342283.0,136420394842.0,137614483.0,139217714.0,2565900.0,0.0,0.0,0.0,0.0,0.0,0.0,0.0,0.0,0.0,0.0,0.0,0.0,690.0,79.0,3.0,2.0,0.0,0.0,0.0,0.0,0.0,0.0,0.0,0.0,0.0,idle
,idle,,,,,,,,,,,,,,,,,,,,,,,,,,,,,,,,,,,,,idle
1778096709.29154,g5.hpc.coe,41393.0,0.5001,0.0,0.0,0.0,12288.0,135347343016.0,136420394921.0,137614486.0,139217716.0,2565900.0,0.0,0.0,0.0,0.0,0.0,0.0,0.0,0.0,0.0,0.0,0.0,0.0,733.0,79.0,3.0,2.0,0.0,0.0,0.0,0.0,0.0,0.0,0.0,0.0,0.0,idle
,idle,,,,,,,,,,,,,,,,,,,,,,,,,,,,,,,,,,,,,idle
1778096709.791678,g5.hpc.coe,41393.0,0.5001,0.0,0.0,0.0,12288.0,135347343791.0,136420395000.0,137614489.0,139217718.0,2565900.0,0.0,0.0,0.0,0.0,0.0,0.0,0.0,0.0,0.0,0.0,0.0,0.0,775.0,79.0,3.0,2.0,0.0,0.0,0.0,0.0,0.0,0.0,0.0,0.0,0.0,idle
,idle,,,,,,,,,,,,,,,,,,,,,,,,,,,,,,,,,,,,,idle
1778096710.2917929,g5.hpc.coe,41393.0,0.5001,0.0,0.0,0.0,12288.0,135347344608.0,136420395079.0,137614492.0,139217720.0,2565900.0,0.0,0.0,0.0,0.0,0.0,0.0,0.0,0.0,0.0,0.0,0.0,0.0,817.0,79.0,3.0,2.0,0.0,0.0,0.0,0.0,0.0,0.0,0.0,0.0,0.0,idle
,idle,,,,,,,,,,,,,,,,,,,,,,,,,,,,,,,,,,,,,idle
1778096710.7919269,g5.hpc.coe,41393.0,0.5001,0.0,0.0,0.0,12288.0,135347345467.0,136420395158.0,137614495.0,139217722.0,2565900.0,0.0,0.0,0.0,0.0,0.0,0.0,0.0,0.0,0.0,0.0,0.0,0.0,859.0,79.0,3.0,2.0,0.0,0.0,0.0,0.0,0.0,0.0,0.0,0.0,0.0,idle
,idle,,,,,,,,,,,,,,,,,,,,,,,,,,,,,,,,,,,,,idle
1778096711.2920554,g5.hpc.coe,41393.0,0.5001,0.0,0.0,0.0,12288.0,135347346368.0,136420395237.0,137614498.0,139217724.0,2565900.0,0.0,0.0,0.0,0.0,0.0,0.0,0.0,0.0,0.0,0.0,0.0,0.0,901.0,79.0,3.0,2.0,0.0,0.0,0.0,0.0,0.0,0.0,0.0,0.0,0.0,idle
,idle,,,,,,,,,,,,,,,,,,,,,,,,,,,,,,,,,,,,,idle
1778096711.7921867,g5.hpc.coe,41393.0,0.5001,0.0,0.0,0.0,12288.0,135347347389.0,136420395371.0,137614503.0,139217727.0,2565900.0,0.0,0.0,0.0,0.0,0.0,0.0,0.0,0.0,0.0,0.0,0.0,0.0,1021.0,134.0,5.0,3.0,0.0,0.0,0.0,0.0,0.0,0.0,0.0,0.0,0.0,idle
,idle,,,,,,,,,,,,,,,,,,,,,,,,,,,,,,,,,,,,,idle
1778096712.2923017,g5.hpc.coe,41393.0,0.5001,0.0,0.0,0.0,12288.0,135347348375.0,136420395450.0,137614506.0,139217729.0,2565900.0,0.0,0.0,0.0,0.0,0.0,0.0,0.0,0.0,0.0,0.0,0.0,0.0,986.0,79.0,3.0,2.0,0.0,0.0,0.0,0.0,0.0,0.0,0.0,0.0,0.0,idle
,idle,,,,,,,,,,,,,,,,,,,,,,,,,,,,,,,,,,,,,idle
1778096712.792443,g5.hpc.coe,41393.0,0.5001,0.0,0.0,0.0,12288.0,135347349404.0,136420395529.0,137614509.0,139217731.0,2565900.0,0.0,0.0,0.0,0.0,0.0,0.0,0.0,0.0,0.0,0.0,0.0,0.0,1029.0,79.0,3.0,2.0,0.0,0.0,0.0,0.0,0.0,0.0,0.0,0.0,0.0,idle
,idle,,,,,,,,,,,,,,,,,,,,,,,,,,,,,,,,,,,,,idle
1778096713.292581,g5.hpc.coe,41393.0,0.5001,0.0,0.0,0.0,12288.0,135347350497.0,136420395608.0,137614513.0,139217733.0,2565900.0,0.0,0.0,0.0,0.0,0.0,0.0,0.0,0.0,0.0,0.0,0.0,0.0,1093.0,79.0,4.0,2.0,0.0,0.0,0.0,0.0,0.0,0.0,0.0,0.0,0.0,idle
,idle,,,,,,,,,,,,,,,,,,,,,,,,,,,,,,,,,,,,,idle
1778096713.7927184,g5.hpc.coe,41393.0,0.5001,0.0,0.0,0.0,12288.0,135347351632.0,136420395687.0,137614517.0,139217735.0,2565900.0,0.0,0.0,0.0,0.0,0.0,0.0,0.0,0.0,0.0,0.0,0.0,0.0,1135.0,79.0,4.0,2.0,0.0,0.0,0.0,0.0,0.0,0.0,0.0,0.0,0.0,idle
,idle,,,,,,,,,,,,,,,,,,,,,,,,,,,,,,,,,,,,,idle
1778096714.2928576,g5.hpc.coe,41393.0,0.5001,0.0,0.0,0.0,12288.0,135347352810.0,136420395766.0,137614521.0,139217737.0,2565900.0,0.0,0.0,0.0,0.0,0.0,0.0,0.0,0.0,0.0,0.0,0.0,0.0,1178.0,79.0,4.0,2.0,0.0,0.0,0.0,0.0,0.0,0.0,0.0,0.0,0.0,idle
,idle,,,,,,,,,,,,,,,,,,,,,,,,,,,,,,,,,,,,,idle
1778096714.792999,g5.hpc.coe,41393.0,0.5001,0.0,0.0,0.0,12288.0,135347352962.0,136420395823.0,137614523.0,139217738.0,2565900.0,0.0,0.0,0.0,0.0,0.0,0.0,0.0,0.0,0.0,0.0,0.0,0.0,152.0,57.0,2.0,1.0,0.0,0.0,0.0,0.0,0.0,0.0,0.0,0.0,0.0,idle
,idle,,,,,,,,,,,,,,,,,,,,,,,,,,,,,,,,,,,,,idle
1778096715.2931197,g5.hpc.coe,41393.0,0.5001,0.0,0.0,0.0,12288.0,135347353156.0,136420395880.0,137614525.0,139217739.0,2565900.0,0.0,0.0,0.0,0.0,0.0,0.0,0.0,0.0,0.0,0.0,0.0,0.0,194.0,57.0,2.0,1.0,0.0,0.0,0.0,0.0,0.0,0.0,0.0,0.0,0.0,idle
,idle,,,,,,,,,,,,,,,,,,,,,,,,,,,,,,,,,,,,,idle
1778096715.7932386,g5.hpc.coe,41393.0,0.5001,0.0,0.0,0.0,12288.0,135347353393.0,136420395937.0,137614527.0,139217740.0,2565900.0,0.0,0.0,0.0,0.0,0.0,0.0,0.0,0.0,0.0,0.0,0.0,0.0,237.0,57.0,2.0,1.0,0.0,0.0,0.0,0.0,0.0,0.0,0.0,0.0,0.0,idle
,idle,,,,,,,,,,,,,,,,,,,,,,,,,,,,,,,,,,,,,idle
1778096716.2933624,g5.hpc.coe,41393.0,0.5001,0.0,0.0,0.0,12288.0,135347353672.0,136420395994.0,137614529.0,139217741.0,2565900.0,0.0,0.0,0.0,0.0,0.0,0.0,0.0,0.0,0.0,0.0,0.0,0.0,279.0,57.0,2.0,1.0,0.0,0.0,0.0,0.0,0.0,0.0,0.0,0.0,0.0,idle
,idle,,,,,,,,,,,,,,,,,,,,,,,,,,,,,,,,,,,,,idle
1778096716.7934752,g5.hpc.coe,41393.0,0.5001,0.0,0.0,0.0,12288.0,135347354070.0,136420396106.0,137614533.0,139217743.0,2565900.0,0.0,0.0,0.0,0.0,0.0,0.0,0.0,0.0,0.0,0.0,0.0,0.0,398.0,112.0,4.0,2.0,0.0,0.0,0.0,0.0,0.0,0.0,0.0,0.0,0.0,idle
,idle,,,,,,,,,,,,,,,,,,,,,,,,,,,,,,,,,,,,,idle
1778096717.293593,g5.hpc.coe,41393.0,0.5001,0.0,0.0,0.0,12288.0,135347354434.0,136420396163.0,137614535.0,139217744.0,2565900.0,0.0,0.0,0.0,0.0,0.0,0.0,0.0,0.0,0.0,0.0,0.0,0.0,364.0,57.0,2.0,1.0,0.0,0.0,0.0,0.0,0.0,0.0,0.0,0.0,0.0,idle
,idle,,,,,,,,,,,,,,,,,,,,,,,,,,,,,,,,,,,,,idle
1778096717.793724,g5.hpc.coe,41393.0,0.5001,0.0,0.0,0.0,12288.0,135347354840.0,136420396220.0,137614537.0,139217745.0,2565900.0,0.0,0.0,0.0,0.0,0.0,0.0,0.0,0.0,0.0,0.0,0.0,0.0,406.0,57.0,2.0,1.0,0.0,0.0,0.0,0.0,0.0,0.0,0.0,0.0,0.0,idle
,idle,,,,,,,,,,,,,,,,,,,,,,,,,,,,,,,,,,,,,idle
1778096718.2938645,g5.hpc.coe,41393.0,0.5001,0.0,0.0,0.0,12288.0,135347355288.0,136420396277.0,137614539.0,139217746.0,2565900.0,0.0,0.0,0.0,0.0,0.0,0.0,0.0,0.0,0.0,0.0,0.0,0.0,448.0,57.0,2.0,1.0,0.0,0.0,0.0,0.0,0.0,0.0,0.0,0.0,0.0,idle
,idle,,,,,,,,,,,,,,,,,,,,,,,,,,,,,,,,,,,,,idle
1778096718.794013,g5.hpc.coe,41393.0,0.5001,0.0,0.0,0.0,12288.0,135347355778.0,136420396334.0,137614541.0,139217747.0,2565900.0,0.0,0.0,0.0,0.0,0.0,0.0,0.0,0.0,0.0,0.0,0.0,0.0,490.0,57.0,2.0,1.0,0.0,0.0,0.0,0.0,0.0,0.0,0.0,0.0,0.0,idle
,idle,,,,,,,,,,,,,,,,,,,,,,,,,,,,,,,,,,,,,idle
1778096719.2941403,g5.hpc.coe,41393.0,0.5001,0.0,0.0,0.0,12288.0,135347356310.0,136420396391.0,137614543.0,139217748.0,2565900.0,0.0,0.0,0.0,0.0,0.0,0.0,0.0,0.0,0.0,0.0,0.0,0.0,532.0,57.0,2.0,1.0,0.0,0.0,0.0,0.0,0.0,0.0,0.0,0.0,0.0,idle
,idle,,,,,,,,,,,,,,,,,,,,,,,,,,,,,,,,,,,,,idle
1778096719.794269,g5.hpc.coe,41393.0,0.5001,0.0,0.0,0.0,12288.0,135347356906.0,136420396470.0,137614546.0,139217750.0,2565900.0,0.0,0.0,0.0,0.0,0.0,0.0,0.0,0.0,0.0,0.0,0.0,0.0,596.0,79.0,3.0,2.0,0.0,0.0,0.0,0.0,0.0,0.0,0.0,0.0,0.0,idle
,idle,,,,,,,,,,,,,,,,,,,,,,,,,,,,,,,,,,,,,idle
1778096720.2944212,g5.hpc.coe,41393.0,0.5002,0.0,0.0,0.0,12288.0,135347357544.0,136420396549.0,137614549.0,139217752.0,2565900.0,0.0,0.0,0.0,0.0,0.0,0.0,0.0,0.0,0.0,0.0,0.0,0.0,638.0,79.0,3.0,2.0,0.0,0.0,0.0,0.0,0.0,0.0,0.0,0.0,0.0,idle
,idle,,,,,,,,,,,,,,,,,,,,,,,,,,,,,,,,,,,,,idle
1778096720.794559,g5.hpc.coe,41393.0,0.5001,0.0,0.0,0.0,12288.0,135347358224.0,136420396628.0,137614552.0,139217754.0,2565900.0,0.0,0.0,0.0,0.0,0.0,0.0,0.0,0.0,0.0,0.0,0.0,0.0,680.0,79.0,3.0,2.0,0.0,0.0,0.0,0.0,0.0,0.0,0.0,0.0,0.0,idle
,idle,,,,,,,,,,,,,,,,,,,,,,,,,,,,,,,,,,,,,idle
1778096721.2947006,g5.hpc.coe,41393.0,0.5001,0.0,0.0,0.0,12288.0,135347358946.0,136420396707.0,137614555.0,139217756.0,2565900.0,0.0,0.0,0.0,0.0,0.0,0.0,0.0,0.0,0.0,0.0,0.0,0.0,722.0,79.0,3.0,2.0,0.0,0.0,0.0,0.0,0.0,0.0,0.0,0.0,0.0,idle
,idle,,,,,,,,,,,,,,,,,,,,,,,,,,,,,,,,,,,,,idle
1778096721.7948363,g5.hpc.coe,41393.0,0.5001,0.0,0.0,0.0,12288.0,135347359711.0,136420396786.0,137614558.0,139217758.0,2565900.0,0.0,0.0,0.0,0.0,0.0,0.0,0.0,0.0,0.0,0.0,0.0,0.0,765.0,79.0,3.0,2.0,0.0,0.0,0.0,0.0,0.0,0.0,0.0,0.0,0.0,idle
,idle,,,,,,,,,,,,,,,,,,,,,,,,,,,,,,,,,,,,,idle
1778096722.2949746,g5.hpc.coe,41393.0,0.5001,0.0,0.0,0.0,12288.0,135347361130.0,136420397367.0,137614574.0,139217769.0,2565900.0,0.0,0.0,0.0,0.0,0.0,0.0,0.0,0.0,0.0,0.0,0.0,0.0,1419.0,581.0,16.0,11.0,0.0,0.0,0.0,0.0,0.0,0.0,0.0,0.0,0.0,idle
,idle,,,,,,,,,,,,,,,,,,,,,,,,,,,,,,,,,,,,,idle
1778096722.795117,g5.hpc.coe,41393.0,0.5001,0.0,0.0,0.0,12288.0,135347361980.0,136420397446.0,137614577.0,139217771.0,2565900.0,0.0,0.0,0.0,0.0,0.0,0.0,0.0,0.0,0.0,0.0,0.0,0.0,850.0,79.0,3.0,2.0,0.0,0.0,0.0,0.0,0.0,0.0,0.0,0.0,0.0,idle
,idle,,,,,,,,,,,,,,,,,,,,,,,,,,,,,,,,,,,,,idle
1778096723.2952445,g5.hpc.coe,41393.0,0.5001,0.0,0.0,0.0,12288.0,135347362872.0,136420397525.0,137614580.0,139217773.0,2565900.0,0.0,0.0,0.0,0.0,0.0,0.0,0.0,0.0,0.0,0.0,0.0,0.0,892.0,79.0,3.0,2.0,0.0,0.0,0.0,0.0,0.0,0.0,0.0,0.0,0.0,idle
,idle,,,,,,,,,,,,,,,,,,,,,,,,,,,,,,,,,,,,,idle
1778096723.7954206,g5.hpc.coe,41393.0,0.5002,0.0,0.0,0.0,12288.0,135347363807.0,136420397604.0,137614583.0,139217775.0,2565900.0,0.0,0.0,0.0,0.0,0.0,0.0,0.0,0.0,0.0,0.0,0.0,0.0,935.0,79.0,3.0,2.0,0.0,0.0,0.0,0.0,0.0,0.0,0.0,0.0,0.0,idle
,idle,,,,,,,,,,,,,,,,,,,,,,,,,,,,,,,,,,,,,idle
1778096724.2955587,g5.hpc.coe,41393.0,0.5001,0.0,0.0,0.0,12288.0,135347364784.0,136420397683.0,137614586.0,139217777.0,2565900.0,0.0,0.0,0.0,0.0,0.0,0.0,0.0,0.0,0.0,0.0,0.0,0.0,977.0,79.0,3.0,2.0,0.0,0.0,0.0,0.0,0.0,0.0,0.0,0.0,0.0,idle
,idle,,,,,,,,,,,,,,,,,,,,,,,,,,,,,,,,,,,,,idle
1778096724.795695,g5.hpc.coe,41393.0,0.5001,0.0,0.0,0.0,12288.0,135347365803.0,136420397762.0,137614589.0,139217779.0,2565900.0,0.0,0.0,0.0,0.0,0.0,0.0,0.0,0.0,0.0,0.0,0.0,0.0,1019.0,79.0,3.0,2.0,0.0,0.0,0.0,0.0,0.0,0.0,0.0,0.0,0.0,idle
,idle,,,,,,,,,,,,,,,,,,,,,,,,,,,,,,,,,,,,,idle
1778096725.295813,g5.hpc.coe,41393.0,0.5001,0.0,0.0,0.0,12288.0,135347366864.0,136420397841.0,137614592.0,139217781.0,2565900.0,0.0,0.0,0.0,0.0,0.0,0.0,0.0,0.0,0.0,0.0,0.0,0.0,1061.0,79.0,3.0,2.0,0.0,0.0,0.0,0.0,0.0,0.0,0.0,0.0,0.0,idle
,idle,,,,,,,,,,,,,,,,,,,,,,,,,,,,,,,,,,,,,idle
1778096725.7959476,g5.hpc.coe,41393.0,0.5001,0.0,0.0,0.0,12288.0,135347367990.0,136420397920.0,137614596.0,139217783.0,2565900.0,0.0,0.0,0.0,0.0,0.0,0.0,0.0,0.0,0.0,0.0,0.0,0.0,1126.0,79.0,4.0,2.0,0.0,0.0,0.0,0.0,0.0,0.0,0.0,0.0,0.0,idle
,idle,,,,,,,,,,,,,,,,,,,,,,,,,,,,,,,,,,,,,idle
1778096726.296083,g5.hpc.coe,41393.0,0.5001,0.0,0.0,0.0,12288.0,135347369158.0,136420397999.0,137614600.0,139217785.0,2565900.0,0.0,0.0,0.0,0.0,0.0,0.0,0.0,0.0,0.0,0.0,0.0,0.0,1168.0,79.0,4.0,2.0,0.0,0.0,0.0,0.0,0.0,0.0,0.0,0.0,0.0,idle
,idle,,,,,,,,,,,,,,,,,,,,,,,,,,,,,,,,,,,,,idle
1778096726.7961988,g5.hpc.coe,41393.0,0.5001,0.0,0.0,0.0,12288.0,135347369301.0,136420398056.0,137614602.0,139217786.0,2565900.0,0.0,0.0,0.0,0.0,0.0,0.0,0.0,0.0,0.0,0.0,0.0,0.0,143.0,57.0,2.0,1.0,0.0,0.0,0.0,0.0,0.0,0.0,0.0,0.0,0.0,idle
,idle,,,,,,,,,,,,,,,,,,,,,,,,,,,,,,,,,,,,,idle
1778096727.2963307,g5.hpc.coe,41393.0,0.5001,0.0,0.0,0.0,12288.0,135347369563.0,136420398168.0,137614606.0,139217788.0,2565900.0,0.0,0.0,0.0,0.0,0.0,0.0,0.0,0.0,0.0,0.0,0.0,0.0,262.0,112.0,4.0,2.0,0.0,0.0,0.0,0.0,0.0,0.0,0.0,0.0,0.0,idle
,idle,,,,,,,,,,,,,,,,,,,,,,,,,,,,,,,,,,,,,idle
1778096727.796468,g5.hpc.coe,41393.0,0.5001,0.0,0.0,0.0,12288.0,135347369790.0,136420398225.0,137614608.0,139217789.0,2565900.0,0.0,0.0,0.0,0.0,0.0,0.0,0.0,0.0,0.0,0.0,0.0,0.0,227.0,57.0,2.0,1.0,0.0,0.0,0.0,0.0,0.0,0.0,0.0,0.0,0.0,idle
,idle,,,,,,,,,,,,,,,,,,,,,,,,,,,,,,,,,,,,,idle
1778096728.2966056,g5.hpc.coe,41393.0,0.5001,0.0,0.0,0.0,12288.0,135347370059.0,136420398282.0,137614610.0,139217790.0,2565900.0,0.0,0.0,0.0,0.0,0.0,0.0,0.0,0.0,0.0,0.0,0.0,0.0,269.0,57.0,2.0,1.0,0.0,0.0,0.0,0.0,0.0,0.0,0.0,0.0,0.0,idle
,idle,,,,,,,,,,,,,,,,,,,,,,,,,,,,,,,,,,,,,idle
1778096728.7967188,g5.hpc.coe,41393.0,0.5001,0.0,0.0,0.0,12288.0,135347370371.0,136420398339.0,137614612.0,139217791.0,2565900.0,0.0,0.0,0.0,0.0,0.0,0.0,0.0,0.0,0.0,0.0,0.0,0.0,312.0,57.0,2.0,1.0,0.0,0.0,0.0,0.0,0.0,0.0,0.0,0.0,0.0,idle
,idle,,,,,,,,,,,,,,,,,,,,,,,,,,,,,,,,,,,,,idle
1778096729.2968538,g5.hpc.coe,41393.0,0.5001,0.0,0.0,0.0,12288.0,135347370725.0,136420398396.0,137614614.0,139217792.0,2565900.0,0.0,0.0,0.0,0.0,0.0,0.0,0.0,0.0,0.0,0.0,0.0,0.0,354.0,57.0,2.0,1.0,0.0,0.0,0.0,0.0,0.0,0.0,0.0,0.0,0.0,idle
,idle,,,,,,,,,,,,,,,,,,,,,,,,,,,,,,,,,,,,,idle
1778096729.7969687,g5.hpc.coe,41393.0,0.5001,0.0,0.0,0.0,12288.0,135347371121.0,136420398453.0,137614616.0,139217793.0,2565900.0,0.0,0.0,0.0,0.0,0.0,0.0,0.0,0.0,0.0,0.0,0.0,0.0,396.0,57.0,2.0,1.0,0.0,0.0,0.0,0.0,0.0,0.0,0.0,0.0,0.0,idle
,idle,,,,,,,,,,,,,,,,,,,,,,,,,,,,,,,,,,,,,idle
1778096730.297104,g5.hpc.coe,41393.0,0.5001,0.0,0.0,0.0,12288.0,135347371559.0,136420398510.0,137614618.0,139217794.0,2565900.0,0.0,0.0,0.0,0.0,0.0,0.0,0.0,0.0,0.0,0.0,0.0,0.0,438.0,57.0,2.0,1.0,0.0,0.0,0.0,0.0,0.0,0.0,0.0,0.0,0.0,idle
,idle,,,,,,,,,,,,,,,,,,,,,,,,,,,,,,,,,,,,,idle
1778096730.7972393,g5.hpc.coe,41393.0,0.5001,0.0,0.0,0.0,12288.0,135347372040.0,136420398567.0,137614620.0,139217795.0,2565900.0,0.0,0.0,0.0,0.0,0.0,0.0,0.0,0.0,0.0,0.0,0.0,0.0,481.0,57.0,2.0,1.0,0.0,0.0,0.0,0.0,0.0,0.0,0.0,0.0,0.0,idle
,idle,,,,,,,,,,,,,,,,,,,,,,,,,,,,,,,,,,,,,idle
1778096731.29739,g5.hpc.coe,41393.0,0.5002,0.0,0.0,0.0,12288.0,135347372563.0,136420398624.0,137614622.0,139217796.0,2565900.0,0.0,0.0,0.0,0.0,0.0,0.0,0.0,0.0,0.0,0.0,0.0,0.0,523.0,57.0,2.0,1.0,0.0,0.0,0.0,0.0,0.0,0.0,0.0,0.0,0.0,idle
,idle,,,,,,,,,,,,,,,,,,,,,,,,,,,,,,,,,,,,,idle
1778096731.7975338,g5.hpc.coe,41393.0,0.5001,0.0,0.0,0.0,12288.0,135347373150.0,136420398703.0,137614625.0,139217798.0,2565900.0,0.0,0.0,0.0,0.0,0.0,0.0,0.0,0.0,0.0,0.0,0.0,0.0,587.0,79.0,3.0,2.0,0.0,0.0,0.0,0.0,0.0,0.0,0.0,0.0,0.0,idle
,idle,,,,,,,,,,,,,,,,,,,,,,,,,,,,,,,,,,,,,idle
1778096732.297675,g5.hpc.coe,41393.0,0.5001,0.0,0.0,0.0,12288.0,135347373856.0,136420398837.0,137614630.0,139217801.0,2565900.0,0.0,0.0,0.0,0.0,0.0,0.0,0.0,0.0,0.0,0.0,0.0,0.0,706.0,134.0,5.0,3.0,0.0,0.0,0.0,0.0,0.0,0.0,0.0,0.0,0.0,idle
,idle,,,,,,,,,,,,,,,,,,,,,,,,,,,,,,,,,,,,,idle
1778096732.797813,g5.hpc.coe,41393.0,0.5001,0.0,0.0,0.0,12288.0,135347374527.0,136420398916.0,137614633.0,139217803.0,2565900.0,0.0,0.0,0.0,0.0,0.0,0.0,0.0,0.0,0.0,0.0,0.0,0.0,671.0,79.0,3.0,2.0,0.0,0.0,0.0,0.0,0.0,0.0,0.0,0.0,0.0,idle
,idle,,,,,,,,,,,,,,,,,,,,,,,,,,,,,,,,,,,,,idle
1778096733.2979426,g5.hpc.coe,41393.0,0.5001,0.0,0.0,0.0,12288.0,135347375240.0,136420398995.0,137614636.0,139217805.0,2565900.0,0.0,0.0,0.0,0.0,0.0,0.0,0.0,0.0,0.0,0.0,0.0,0.0,713.0,79.0,3.0,2.0,0.0,0.0,0.0,0.0,0.0,0.0,0.0,0.0,0.0,idle
,idle,,,,,,,,,,,,,,,,,,,,,,,,,,,,,,,,,,,,,idle
1778096733.798082,g5.hpc.coe,41393.0,0.5001,0.0,0.0,0.0,12288.0,135347375996.0,136420399074.0,137614639.0,139217807.0,2565900.0,0.0,0.0,0.0,0.0,0.0,0.0,0.0,0.0,0.0,0.0,0.0,0.0,756.0,79.0,3.0,2.0,0.0,0.0,0.0,0.0,0.0,0.0,0.0,0.0,0.0,idle
,idle,,,,,,,,,,,,,,,,,,,,,,,,,,,,,,,,,,,,,idle
1778096734.2982187,g5.hpc.coe,41393.0,0.5001,0.0,0.0,0.0,12288.0,135347376794.0,136420399153.0,137614642.0,139217809.0,2565900.0,0.0,0.0,0.0,0.0,0.0,0.0,0.0,0.0,0.0,0.0,0.0,0.0,798.0,79.0,3.0,2.0,0.0,0.0,0.0,0.0,0.0,0.0,0.0,0.0,0.0,idle
,idle,,,,,,,,,,,,,,,,,,,,,,,,,,,,,,,,,,,,,idle
1778096734.798359,g5.hpc.coe,41393.0,0.5001,0.0,0.0,0.0,12288.0,135347377634.0,136420399232.0,137614645.0,139217811.0,2565900.0,0.0,0.0,0.0,0.0,0.0,0.0,0.0,0.0,0.0,0.0,0.0,0.0,840.0,79.0,3.0,2.0,0.0,0.0,0.0,0.0,0.0,0.0,0.0,0.0,0.0,idle
,idle,,,,,,,,,,,,,,,,,,,,,,,,,,,,,,,,,,,,,idle
1778096735.2984948,g5.hpc.coe,41393.0,0.5001,0.0,0.0,0.0,12288.0,135347378516.0,136420399311.0,137614648.0,139217813.0,2565900.0,0.0,0.0,0.0,0.0,0.0,0.0,0.0,0.0,0.0,0.0,0.0,0.0,882.0,79.0,3.0,2.0,0.0,0.0,0.0,0.0,0.0,0.0,0.0,0.0,0.0,idle
,idle,,,,,,,,,,,,,,,,,,,,,,,,,,,,,,,,,,,,,idle
1778096735.7986295,g5.hpc.coe,41393.0,0.5001,0.0,0.0,0.0,12288.0,135347379441.0,136420399390.0,137614651.0,139217815.0,2565900.0,0.0,0.0,0.0,0.0,0.0,0.0,0.0,0.0,0.0,0.0,0.0,0.0,925.0,79.0,3.0,2.0,0.0,0.0,0.0,0.0,0.0,0.0,0.0,0.0,0.0,idle
,idle,,,,,,,,,,,,,,,,,,,,,,,,,,,,,,,,,,,,,idle
1778096736.2987645,g5.hpc.coe,41393.0,0.5001,0.0,0.0,0.0,12288.0,135347380408.0,136420399469.0,137614654.0,139217817.0,2565900.0,0.0,0.0,0.0,0.0,0.0,0.0,0.0,0.0,0.0,0.0,0.0,0.0,967.0,79.0,3.0,2.0,0.0,0.0,0.0,0.0,0.0,0.0,0.0,0.0,0.0,idle
,idle,,,,,,,,,,,,,,,,,,,,,,,,,,,,,,,,,,,,,idle
1778096736.7989051,g5.hpc.coe,41393.0,0.5001,0.0,0.0,0.0,12288.0,135347381417.0,136420399548.0,137614657.0,139217819.0,2565900.0,0.0,0.0,0.0,0.0,0.0,0.0,0.0,0.0,0.0,0.0,0.0,0.0,1009.0,79.0,3.0,2.0,0.0,0.0,0.0,0.0,0.0,0.0,0.0,0.0,0.0,idle
,idle,,,,,,,,,,,,,,,,,,,,,,,,,,,,,,,,,,,,,idle
1778096737.2990444,g5.hpc.coe,41393.0,0.5001,0.0,0.0,0.0,12288.0,135347383147.0,136420400129.0,137614676.0,139217830.0,2565900.0,0.0,0.0,0.0,0.0,0.0,0.0,0.0,0.0,0.0,0.0,0.0,0.0,1730.0,581.0,19.0,11.0,0.0,0.0,0.0,0.0,0.0,0.0,0.0,0.0,0.0,idle
,idle,,,,,,,,,,,,,,,,,,,,,,,,,,,,,,,,,,,,,idle
1778096737.7991662,g5.hpc.coe,41393.0,0.5001,0.0,0.0,0.0,12288.0,135347384264.0,136420400208.0,137614680.0,139217832.0,2565900.0,0.0,0.0,0.0,0.0,0.0,0.0,0.0,0.0,0.0,0.0,0.0,0.0,1117.0,79.0,4.0,2.0,0.0,0.0,0.0,0.0,0.0,0.0,0.0,0.0,0.0,idle
,idle,,,,,,,,,,,,,,,,,,,,,,,,,,,,,,,,,,,,,idle
1778096738.2992797,g5.hpc.coe,41393.0,0.5001,0.0,0.0,0.0,12288.0,135347385423.0,136420400287.0,137614684.0,139217834.0,2565900.0,0.0,0.0,0.0,0.0,0.0,0.0,0.0,0.0,0.0,0.0,0.0,0.0,1159.0,79.0,4.0,2.0,0.0,0.0,0.0,0.0,0.0,0.0,0.0,0.0,0.0,idle
,idle,,,,,,,,,,,,,,,,,,,,,,,,,,,,,,,,,,,,,idle
1778096738.799414,g5.hpc.coe,41393.0,0.5001,0.0,0.0,0.0,12288.0,135347385557.0,136420400344.0,137614686.0,139217835.0,2565900.0,0.0,0.0,0.0,0.0,0.0,0.0,0.0,0.0,0.0,0.0,0.0,0.0,134.0,57.0,2.0,1.0,0.0,0.0,0.0,0.0,0.0,0.0,0.0,0.0,0.0,idle
,idle,,,,,,,,,,,,,,,,,,,,,,,,,,,,,,,,,,,,,idle
1778096739.2995472,g5.hpc.coe,41393.0,0.5001,0.0,0.0,0.0,12288.0,135347385990.0,136420400656.0,137614693.0,139217841.0,2565900.0,0.0,0.0,0.0,0.0,0.0,0.0,0.0,0.0,0.0,0.0,0.0,0.0,433.0,312.0,7.0,6.0,0.0,0.0,0.0,0.0,0.0,0.0,0.0,0.0,0.0,idle
,idle,,,,,,,,,,,,,,,,,,,,,,,,,,,,,,,,,,,,,idle
1778096739.7996802,g5.hpc.coe,41393.0,0.5001,0.0,0.0,0.0,12288.0,135347386230.0,136420400713.0,137614696.0,139217842.0,2565900.0,0.0,0.0,0.0,0.0,0.0,0.0,0.0,0.0,0.0,0.0,0.0,0.0,240.0,57.0,3.0,1.0,0.0,0.0,0.0,0.0,0.0,0.0,0.0,0.0,0.0,idle
,idle,,,,,,,,,,,,,,,,,,,,,,,,,,,,,,,,,,,,,idle
1778096740.2998166,g5.hpc.coe,41393.0,0.5001,0.0,0.0,0.0,12288.0,135347386491.0,136420400770.0,137614698.0,139217843.0,2565900.0,0.0,0.0,0.0,0.0,0.0,0.0,0.0,0.0,0.0,0.0,0.0,0.0,261.0,57.0,2.0,1.0,0.0,0.0,0.0,0.0,0.0,0.0,0.0,0.0,0.0,idle
,idle,,,,,,,,,,,,,,,,,,,,,,,,,,,,,,,,,,,,,idle
1778096740.7999496,g5.hpc.coe,41393.0,0.5001,0.0,0.0,0.0,12288.0,135347386794.0,136420400827.0,137614700.0,139217844.0,2565900.0,0.0,0.0,0.0,0.0,0.0,0.0,0.0,0.0,0.0,0.0,0.0,0.0,303.0,57.0,2.0,1.0,0.0,0.0,0.0,0.0,0.0,0.0,0.0,0.0,0.0,idle
,idle,,,,,,,,,,,,,,,,,,,,,,,,,,,,,,,,,,,,,idle
1778096741.300081,g5.hpc.coe,41393.0,0.5001,0.0,0.0,0.0,12288.0,135347387139.0,136420400884.0,137614702.0,139217845.0,2565900.0,0.0,0.0,0.0,0.0,0.0,0.0,0.0,0.0,0.0,0.0,0.0,0.0,345.0,57.0,2.0,1.0,0.0,0.0,0.0,0.0,0.0,0.0,0.0,0.0,0.0,idle
,idle,,,,,,,,,,,,,,,,,,,,,,,,,,,,,,,,,,,,,idle
1778096741.800218,g5.hpc.coe,41393.0,0.5001,0.0,0.0,0.0,12288.0,135347387526.0,136420400941.0,137614704.0,139217846.0,2565900.0,0.0,0.0,0.0,0.0,0.0,0.0,0.0,0.0,0.0,0.0,0.0,0.0,387.0,57.0,2.0,1.0,0.0,0.0,0.0,0.0,0.0,0.0,0.0,0.0,0.0,idle
,idle,,,,,,,,,,,,,,,,,,,,,,,,,,,,,,,,,,,,,idle
1778096742.3003569,g5.hpc.coe,41393.0,0.5001,0.0,0.0,0.0,12288.0,135347387955.0,136420400998.0,137614706.0,139217847.0,2565900.0,0.0,0.0,0.0,0.0,0.0,0.0,0.0,0.0,0.0,0.0,0.0,0.0,429.0,57.0,2.0,1.0,0.0,0.0,0.0,0.0,0.0,0.0,0.0,0.0,0.0,idle
,idle,,,,,,,,,,,,,,,,,,,,,,,,,,,,,,,,,,,,,idle
1778096742.8004737,g5.hpc.coe,41393.0,0.5001,0.0,0.0,0.0,12288.0,135347388481.0,136420401110.0,137614709.0,139217849.0,2565900.0,0.0,0.0,0.0,0.0,0.0,0.0,0.0,0.0,0.0,0.0,0.0,0.0,526.0,112.0,3.0,2.0,0.0,0.0,0.0,0.0,0.0,0.0,0.0,0.0,0.0,idle
,idle,,,,,,,,,,,,,,,,,,,,,,,,,,,,,,,,,,,,,idle
1778096743.3006094,g5.hpc.coe,41393.0,0.5001,0.0,0.0,0.0,12288.0,135347388995.0,136420401167.0,137614711.0,139217850.0,2565900.0,0.0,0.0,0.0,0.0,0.0,0.0,0.0,0.0,0.0,0.0,0.0,0.0,514.0,57.0,2.0,1.0,0.0,0.0,0.0,0.0,0.0,0.0,0.0,0.0,0.0,idle
,idle,,,,,,,,,,,,,,,,,,,,,,,,,,,,,,,,,,,,,idle
1778096743.8007514,g5.hpc.coe,41393.0,0.5001,0.0,0.0,0.0,12288.0,135347389573.0,136420401246.0,137614714.0,139217852.0,2565900.0,0.0,0.0,0.0,0.0,0.0,0.0,0.0,0.0,0.0,0.0,0.0,0.0,578.0,79.0,3.0,2.0,0.0,0.0,0.0,0.0,0.0,0.0,0.0,0.0,0.0,idle
,idle,,,,,,,,,,,,,,,,,,,,,,,,,,,,,,,,,,,,,idle
1778096744.3008862,g5.hpc.coe,41393.0,0.5001,0.0,0.0,0.0,12288.0,135347390193.0,136420401325.0,137614717.0,139217854.0,2565900.0,0.0,0.0,0.0,0.0,0.0,0.0,0.0,0.0,0.0,0.0,0.0,0.0,620.0,79.0,3.0,2.0,0.0,0.0,0.0,0.0,0.0,0.0,0.0,0.0,0.0,idle
,idle,,,,,,,,,,,,,,,,,,,,,,,,,,,,,,,,,,,,,idle
1778096744.8009958,g5.hpc.coe,41393.0,0.5001,0.0,0.0,0.0,12288.0,135347390856.0,136420401404.0,137614720.0,139217856.0,2565900.0,0.0,0.0,0.0,0.0,0.0,0.0,0.0,0.0,0.0,0.0,0.0,0.0,663.0,79.0,3.0,2.0,0.0,0.0,0.0,0.0,0.0,0.0,0.0,0.0,0.0,idle
,idle,,,,,,,,,,,,,,,,,,,,,,,,,,,,,,,,,,,,,idle
1778096745.301136,g5.hpc.coe,41393.0,0.5001,0.0,0.0,0.0,12288.0,135347391561.0,136420401483.0,137614723.0,139217858.0,2565900.0,0.0,0.0,0.0,0.0,0.0,0.0,0.0,0.0,0.0,0.0,0.0,0.0,705.0,79.0,3.0,2.0,0.0,0.0,0.0,0.0,0.0,0.0,0.0,0.0,0.0,idle
,idle,,,,,,,,,,,,,,,,,,,,,,,,,,,,,,,,,,,,,idle
1778096745.8012755,g5.hpc.coe,41393.0,0.5001,0.0,0.0,0.0,12288.0,135347392308.0,136420401562.0,137614726.0,139217860.0,2565900.0,0.0,0.0,0.0,0.0,0.0,0.0,0.0,0.0,0.0,0.0,0.0,0.0,747.0,79.0,3.0,2.0,0.0,0.0,0.0,0.0,0.0,0.0,0.0,0.0,0.0,idle
,idle,,,,,,,,,,,,,,,,,,,,,,,,,,,,,,,,,,,,,idle
1778096746.3013968,g5.hpc.coe,41393.0,0.5001,0.0,0.0,0.0,12288.0,135347393097.0,136420401641.0,137614729.0,139217862.0,2565900.0,0.0,0.0,0.0,0.0,0.0,0.0,0.0,0.0,0.0,0.0,0.0,0.0,789.0,79.0,3.0,2.0,0.0,0.0,0.0,0.0,0.0,0.0,0.0,0.0,0.0,idle
,idle,,,,,,,,,,,,,,,,,,,,,,,,,,,,,,,,,,,,,idle
1778096746.8014364,g5.hpc.coe,41393.0,0.5,0.0,0.0,0.0,12288.0,135347393928.0,136420401720.0,137614732.0,139217864.0,2565900.0,0.0,0.0,0.0,0.0,0.0,0.0,0.0,0.0,0.0,0.0,0.0,0.0,831.0,79.0,3.0,2.0,0.0,0.0,0.0,0.0,0.0,0.0,0.0,0.0,0.0,idle
,idle,,,,,,,,,,,,,,,,,,,,,,,,,,,,,,,,,,,,,idle
1778096747.301568,g5.hpc.coe,41393.0,0.5001,0.0,0.0,0.0,12288.0,135347394801.0,136420401799.0,137614735.0,139217866.0,2565900.0,0.0,0.0,0.0,0.0,0.0,0.0,0.0,0.0,0.0,0.0,0.0,0.0,873.0,79.0,3.0,2.0,0.0,0.0,0.0,0.0,0.0,0.0,0.0,0.0,0.0,idle
,idle,,,,,,,,,,,,,,,,,,,,,,,,,,,,,,,,,,,,,idle
1778096747.8017025,g5.hpc.coe,41393.0,0.5001,0.0,0.0,0.0,12288.0,135347395793.0,136420401933.0,137614740.0,139217869.0,2565900.0,0.0,0.0,0.0,0.0,0.0,0.0,0.0,0.0,0.0,0.0,0.0,0.0,992.0,134.0,5.0,3.0,0.0,0.0,0.0,0.0,0.0,0.0,0.0,0.0,0.0,idle
,idle,,,,,,,,,,,,,,,,,,,,,,,,,,,,,,,,,,,,,idle
1778096748.3018491,g5.hpc.coe,41393.0,0.5001,0.0,0.0,0.0,12288.0,135347396750.0,136420402012.0,137614743.0,139217871.0,2565900.0,0.0,0.0,0.0,0.0,0.0,0.0,0.0,0.0,0.0,0.0,0.0,0.0,957.0,79.0,3.0,2.0,0.0,0.0,0.0,0.0,0.0,0.0,0.0,0.0,0.0,idle
,idle,,,,,,,,,,,,,,,,,,,,,,,,,,,,,,,,,,,,,idle
1778096748.8019943,g5.hpc.coe,41393.0,0.5001,0.0,0.0,0.0,12288.0,135347397750.0,136420402091.0,137614746.0,139217873.0,2565900.0,0.0,0.0,0.0,0.0,0.0,0.0,0.0,0.0,0.0,0.0,0.0,0.0,1000.0,79.0,3.0,2.0,0.0,0.0,0.0,0.0,0.0,0.0,0.0,0.0,0.0,idle
,idle,,,,,,,,,,,,,,,,,,,,,,,,,,,,,,,,,,,,,idle
1778096749.3021286,g5.hpc.coe,41393.0,0.5001,0.0,0.0,0.0,12288.0,135347398792.0,136420402170.0,137614749.0,139217875.0,2565900.0,0.0,0.0,0.0,0.0,0.0,0.0,0.0,0.0,0.0,0.0,0.0,0.0,1042.0,79.0,3.0,2.0,0.0,0.0,0.0,0.0,0.0,0.0,0.0,0.0,0.0,idle
,idle,,,,,,,,,,,,,,,,,,,,,,,,,,,,,,,,,,,,,idle
1778096749.802264,g5.hpc.coe,41393.0,0.5001,0.0,0.0,0.0,12288.0,135347399899.0,136420402249.0,137614753.0,139217877.0,2565900.0,0.0,0.0,0.0,0.0,0.0,0.0,0.0,0.0,0.0,0.0,0.0,0.0,1107.0,79.0,4.0,2.0,0.0,0.0,0.0,0.0,0.0,0.0,0.0,0.0,0.0,idle
,idle,,,,,,,,,,,,,,,,,,,,,,,,,,,,,,,,,,,,,idle
1778096750.3024056,g5.hpc.coe,41393.0,0.5001,0.0,0.0,0.0,12288.0,135347401048.0,136420402328.0,137614757.0,139217879.0,2565900.0,0.0,0.0,0.0,0.0,0.0,0.0,0.0,0.0,0.0,0.0,0.0,0.0,1149.0,79.0,4.0,2.0,0.0,0.0,0.0,0.0,0.0,0.0,0.0,0.0,0.0,idle
,idle,,,,,,,,,,,,,,,,,,,,,,,,,,,,,,,,,,,,,idle
1778096750.802546,g5.hpc.coe,41393.0,0.5001,0.0,0.0,0.0,12288.0,135347401171.0,136420402385.0,137614759.0,139217880.0,2565900.0,0.0,0.0,0.0,0.0,0.0,0.0,0.0,0.0,0.0,0.0,0.0,0.0,123.0,57.0,2.0,1.0,0.0,0.0,0.0,0.0,0.0,0.0,0.0,0.0,0.0,idle
,idle,,,,,,,,,,,,,,,,,,,,,,,,,,,,,,,,,,,,,idle
1778096751.302681,g5.hpc.coe,41393.0,0.5001,0.0,0.0,0.0,12288.0,135347401336.0,136420402442.0,137614761.0,139217881.0,2565900.0,0.0,0.0,0.0,0.0,0.0,0.0,0.0,0.0,0.0,0.0,0.0,0.0,165.0,57.0,2.0,1.0,0.0,0.0,0.0,0.0,0.0,0.0,0.0,0.0,0.0,idle
,idle,,,,,,,,,,,,,,,,,,,,,,,,,,,,,,,,,,,,,idle
1778096751.802812,g5.hpc.coe,41393.0,0.5001,0.0,0.0,0.0,12288.0,135347401543.0,136420402499.0,137614763.0,139217882.0,2565900.0,0.0,0.0,0.0,0.0,0.0,0.0,0.0,0.0,0.0,0.0,0.0,0.0,207.0,57.0,2.0,1.0,0.0,0.0,0.0,0.0,0.0,0.0,0.0,0.0,0.0,idle
,idle,,,,,,,,,,,,,,,,,,,,,,,,,,,,,,,,,,,,,idle
1778096752.3029451,g5.hpc.coe,41393.0,0.5001,0.0,0.0,0.0,12288.0,135347402372.0,136420403003.0,137614778.0,139217891.0,2565900.0,0.0,0.0,0.0,0.0,0.0,0.0,0.0,0.0,0.0,0.0,0.0,0.0,829.0,504.0,15.0,9.0,0.0,0.0,0.0,0.0,0.0,0.0,0.0,0.0,0.0,idle
,idle,,,,,,,,,,,,,,,,,,,,,,,,,,,,,,,,,,,,,idle
1778096752.8030756,g5.hpc.coe,41393.0,0.5001,0.0,0.0,0.0,12288.0,135347402741.0,136420403115.0,137614782.0,139217893.0,2565900.0,0.0,0.0,0.0,0.0,0.0,0.0,0.0,0.0,0.0,0.0,0.0,0.0,369.0,112.0,4.0,2.0,0.0,0.0,0.0,0.0,0.0,0.0,0.0,0.0,0.0,idle
,idle,,,,,,,,,,,,,,,,,,,,,,,,,,,,,,,,,,,,,idle
1778096753.3032176,g5.hpc.coe,41393.0,0.5001,0.0,0.0,0.0,12288.0,135347403076.0,136420403172.0,137614784.0,139217894.0,2565900.0,0.0,0.0,0.0,0.0,0.0,0.0,0.0,0.0,0.0,0.0,0.0,0.0,335.0,57.0,2.0,1.0,0.0,0.0,0.0,0.0,0.0,0.0,0.0,0.0,0.0,idle
,idle,,,,,,,,,,,,,,,,,,,,,,,,,,,,,,,,,,,,,idle
1778096753.8033524,g5.hpc.coe,41393.0,0.5001,0.0,0.0,0.0,12288.0,135347403453.0,136420403229.0,137614786.0,139217895.0,2565900.0,0.0,0.0,0.0,0.0,0.0,0.0,0.0,0.0,0.0,0.0,0.0,0.0,377.0,57.0,2.0,1.0,0.0,0.0,0.0,0.0,0.0,0.0,0.0,0.0,0.0,idle
,idle,,,,,,,,,,,,,,,,,,,,,,,,,,,,,,,,,,,,,idle
1778096754.3035066,g5.hpc.coe,41393.0,0.5002,0.0,0.0,0.0,12288.0,135347403872.0,136420403286.0,137614788.0,139217896.0,2565900.0,0.0,0.0,0.0,0.0,0.0,0.0,0.0,0.0,0.0,0.0,0.0,0.0,419.0,57.0,2.0,1.0,0.0,0.0,0.0,0.0,0.0,0.0,0.0,0.0,0.0,idle
,idle,,,,,,,,,,,,,,,,,,,,,,,,,,,,,,,,,,,,,idle
1778096754.8036394,g5.hpc.coe,41393.0,0.5001,0.0,0.0,0.0,12288.0,135347404334.0,136420403343.0,137614790.0,139217897.0,2565900.0,0.0,0.0,0.0,0.0,0.0,0.0,0.0,0.0,0.0,0.0,0.0,0.0,462.0,57.0,2.0,1.0,0.0,0.0,0.0,0.0,0.0,0.0,0.0,0.0,0.0,idle
,idle,,,,,,,,,,,,,,,,,,,,,,,,,,,,,,,,,,,,,idle
1778096755.3037734,g5.hpc.coe,41393.0,0.5001,0.0,0.0,0.0,12288.0,135347404838.0,136420403400.0,137614792.0,139217898.0,2565900.0,0.0,0.0,0.0,0.0,0.0,0.0,0.0,0.0,0.0,0.0,0.0,0.0,504.0,57.0,2.0,1.0,0.0,0.0,0.0,0.0,0.0,0.0,0.0,0.0,0.0,idle
,idle,,,,,,,,,,,,,,,,,,,,,,,,,,,,,,,,,,,,,idle
1778096755.803909,g5.hpc.coe,41393.0,0.5001,0.0,0.0,0.0,12288.0,135347405406.0,136420403479.0,137614795.0,139217900.0,2565900.0,0.0,0.0,0.0,0.0,0.0,0.0,0.0,0.0,0.0,0.0,0.0,0.0,568.0,79.0,3.0,2.0,0.0,0.0,0.0,0.0,0.0,0.0,0.0,0.0,0.0,idle
,idle,,,,,,,,,,,,,,,,,,,,,,,,,,,,,,,,,,,,,idle
1778096756.3040292,g5.hpc.coe,41393.0,0.5001,0.0,0.0,0.0,12288.0,135347406016.0,136420403558.0,137614798.0,139217902.0,2565900.0,0.0,0.0,0.0,0.0,0.0,0.0,0.0,0.0,0.0,0.0,0.0,0.0,610.0,79.0,3.0,2.0,0.0,0.0,0.0,0.0,0.0,0.0,0.0,0.0,0.0,idle
,idle,,,,,,,,,,,,,,,,,,,,,,,,,,,,,,,,,,,,,idle
1778096756.8041608,g5.hpc.coe,41393.0,0.5001,0.0,0.0,0.0,12288.0,135347406668.0,136420403637.0,137614801.0,139217904.0,2565900.0,0.0,0.0,0.0,0.0,0.0,0.0,0.0,0.0,0.0,0.0,0.0,0.0,652.0,79.0,3.0,2.0,0.0,0.0,0.0,0.0,0.0,0.0,0.0,0.0,0.0,idle
,idle,,,,,,,,,,,,,,,,,,,,,,,,,,,,,,,,,,,,,idle
1778096757.304296,g5.hpc.coe,41393.0,0.5001,0.0,0.0,0.0,12288.0,135347407363.0,136420403716.0,137614804.0,139217906.0,2565900.0,0.0,0.0,0.0,0.0,0.0,0.0,0.0,0.0,0.0,0.0,0.0,0.0,695.0,79.0,3.0,2.0,0.0,0.0,0.0,0.0,0.0,0.0,0.0,0.0,0.0,idle
,idle,,,,,,,,,,,,,,,,,,,,,,,,,,,,,,,,,,,,,idle
1778096757.804428,g5.hpc.coe,41393.0,0.5001,0.0,0.0,0.0,12288.0,135347408177.0,136420403850.0,137614809.0,139217909.0,2565900.0,0.0,0.0,0.0,0.0,0.0,0.0,0.0,0.0,0.0,0.0,0.0,0.0,814.0,134.0,5.0,3.0,0.0,0.0,0.0,0.0,0.0,0.0,0.0,0.0,0.0,idle
,idle,,,,,,,,,,,,,,,,,,,,,,,,,,,,,,,,,,,,,idle
1778096758.3045633,g5.hpc.coe,41393.0,0.5001,0.0,0.0,0.0,12288.0,135347408956.0,136420403929.0,137614812.0,139217911.0,2565900.0,0.0,0.0,0.0,0.0,0.0,0.0,0.0,0.0,0.0,0.0,0.0,0.0,779.0,79.0,3.0,2.0,0.0,0.0,0.0,0.0,0.0,0.0,0.0,0.0,0.0,idle
,idle,,,,,,,,,,,,,,,,,,,,,,,,,,,,,,,,,,,,,idle
1778096758.8047042,g5.hpc.coe,41393.0,0.5001,0.0,0.0,0.0,12288.0,135347409777.0,136420404008.0,137614815.0,139217913.0,2565900.0,0.0,0.0,0.0,0.0,0.0,0.0,0.0,0.0,0.0,0.0,0.0,0.0,821.0,79.0,3.0,2.0,0.0,0.0,0.0,0.0,0.0,0.0,0.0,0.0,0.0,idle
,idle,,,,,,,,,,,,,,,,,,,,,,,,,,,,,,,,,,,,,idle
1778096759.3048446,g5.hpc.coe,41393.0,0.5001,0.0,0.0,0.0,12288.0,135347410640.0,136420404087.0,137614818.0,139217915.0,2565900.0,0.0,0.0,0.0,0.0,0.0,0.0,0.0,0.0,0.0,0.0,0.0,0.0,863.0,79.0,3.0,2.0,0.0,0.0,0.0,0.0,0.0,0.0,0.0,0.0,0.0,idle
,idle,,,,,,,,,,,,,,,,,,,,,,,,,,,,,,,,,,,,,idle
1778096759.804964,g5.hpc.coe,41393.0,0.5001,0.0,0.0,0.0,12288.0,135347411546.0,136420404166.0,137614821.0,139217917.0,2565900.0,0.0,0.0,0.0,0.0,0.0,0.0,0.0,0.0,0.0,0.0,0.0,0.0,906.0,79.0,3.0,2.0,0.0,0.0,0.0,0.0,0.0,0.0,0.0,0.0,0.0,idle
,idle,,,,,,,,,,,,,,,,,,,,,,,,,,,,,,,,,,,,,idle
1778096760.3050957,g5.hpc.coe,41393.0,0.5001,0.0,0.0,0.0,12288.0,135347412494.0,136420404245.0,137614824.0,139217919.0,2565900.0,0.0,0.0,0.0,0.0,0.0,0.0,0.0,0.0,0.0,0.0,0.0,0.0,948.0,79.0,3.0,2.0,0.0,0.0,0.0,0.0,0.0,0.0,0.0,0.0,0.0,idle
,idle,,,,,,,,,,,,,,,,,,,,,,,,,,,,,,,,,,,,,idle
1778096760.8052368,g5.hpc.coe,41393.0,0.5001,0.0,0.0,0.0,12288.0,135347413484.0,136420404324.0,137614827.0,139217921.0,2565900.0,0.0,0.0,0.0,0.0,0.0,0.0,0.0,0.0,0.0,0.0,0.0,0.0,990.0,79.0,3.0,2.0,0.0,0.0,0.0,0.0,0.0,0.0,0.0,0.0,0.0,idle
,idle,,,,,,,,,,,,,,,,,,,,,,,,,,,,,,,,,,,,,idle
1778096761.3053868,g5.hpc.coe,41393.0,0.5001,0.0,0.0,0.0,12288.0,135347414516.0,136420404403.0,137614830.0,139217923.0,2565900.0,0.0,0.0,0.0,0.0,0.0,0.0,0.0,0.0,0.0,0.0,0.0,0.0,1032.0,79.0,3.0,2.0,0.0,0.0,0.0,0.0,0.0,0.0,0.0,0.0,0.0,idle
,idle,,,,,,,,,,,,,,,,,,,,,,,,,,,,,,,,,,,,,idle
1778096761.8055255,g5.hpc.coe,41393.0,0.5001,0.0,0.0,0.0,12288.0,135347415613.0,136420404482.0,137614834.0,139217925.0,2565900.0,0.0,0.0,0.0,0.0,0.0,0.0,0.0,0.0,0.0,0.0,0.0,0.0,1097.0,79.0,4.0,2.0,0.0,0.0,0.0,0.0,0.0,0.0,0.0,0.0,0.0,idle
,idle,,,,,,,,,,,,,,,,,,,,,,,,,,,,,,,,,,,,,idle
1778096762.3056407,g5.hpc.coe,41393.0,0.5001,0.0,0.0,0.0,12288.0,135347416752.0,136420404561.0,137614838.0,139217927.0,2565900.0,0.0,0.0,0.0,0.0,0.0,0.0,0.0,0.0,0.0,0.0,0.0,0.0,1139.0,79.0,4.0,2.0,0.0,0.0,0.0,0.0,0.0,0.0,0.0,0.0,0.0,idle
,idle,,,,,,,,,,,,,,,,,,,,,,,,,,,,,,,,,,,,,idle
1778096762.8057115,g5.hpc.coe,41393.0,0.5001,0.0,0.0,0.0,12288.0,135347417989.0,136420404695.0,137614843.0,139217930.0,2565900.0,0.0,0.0,0.0,0.0,0.0,0.0,0.0,0.0,0.0,0.0,0.0,0.0,1237.0,134.0,5.0,3.0,0.0,0.0,0.0,0.0,0.0,0.0,0.0,0.0,0.0,idle
,idle,,,,,,,,,,,,,,,,,,,,,,,,,,,,,,,,,,,,,idle
1778096763.3058398,g5.hpc.coe,41393.0,0.5001,0.0,0.0,0.0,12288.0,135347418167.0,136420404752.0,137614846.0,139217931.0,2565900.0,0.0,0.0,0.0,0.0,0.0,0.0,0.0,0.0,0.0,0.0,0.0,0.0,178.0,57.0,3.0,1.0,0.0,0.0,0.0,0.0,0.0,0.0,0.0,0.0,0.0,idle
,idle,,,,,,,,,,,,,,,,,,,,,,,,,,,,,,,,,,,,,idle
1778096763.8059752,g5.hpc.coe,41393.0,0.5001,0.0,0.0,0.0,12288.0,135347418366.0,136420404809.0,137614848.0,139217932.0,2565900.0,0.0,0.0,0.0,0.0,0.0,0.0,0.0,0.0,0.0,0.0,0.0,0.0,199.0,57.0,2.0,1.0,0.0,0.0,0.0,0.0,0.0,0.0,0.0,0.0,0.0,idle
,idle,,,,,,,,,,,,,,,,,,,,,,,,,,,,,,,,,,,,,idle
1778096764.3061032,g5.hpc.coe,41393.0,0.5001,0.0,0.0,0.0,12288.0,135347418607.0,136420404866.0,137614850.0,139217933.0,2565900.0,0.0,0.0,0.0,0.0,0.0,0.0,0.0,0.0,0.0,0.0,0.0,0.0,241.0,57.0,2.0,1.0,0.0,0.0,0.0,0.0,0.0,0.0,0.0,0.0,0.0,idle
,idle,,,,,,,,,,,,,,,,,,,,,,,,,,,,,,,,,,,,,idle
1778096764.8062365,g5.hpc.coe,41393.0,0.5001,0.0,0.0,0.0,12288.0,135347418890.0,136420404923.0,137614852.0,139217934.0,2565900.0,0.0,0.0,0.0,0.0,0.0,0.0,0.0,0.0,0.0,0.0,0.0,0.0,283.0,57.0,2.0,1.0,0.0,0.0,0.0,0.0,0.0,0.0,0.0,0.0,0.0,idle
,idle,,,,,,,,,,,,,,,,,,,,,,,,,,,,,,,,,,,,,idle
1778096765.3063924,g5.hpc.coe,41393.0,0.5002,0.0,0.0,0.0,12288.0,135347419215.0,136420404980.0,137614854.0,139217935.0,2565900.0,0.0,0.0,0.0,0.0,0.0,0.0,0.0,0.0,0.0,0.0,0.0,0.0,325.0,57.0,2.0,1.0,0.0,0.0,0.0,0.0,0.0,0.0,0.0,0.0,0.0,idle
,idle,,,,,,,,,,,,,,,,,,,,,,,,,,,,,,,,,,,,,idle
1778096765.8065283,g5.hpc.coe,41393.0,0.5001,0.0,0.0,0.0,12288.0,135347419583.0,136420405037.0,137614856.0,139217936.0,2565900.0,0.0,0.0,0.0,0.0,0.0,0.0,0.0,0.0,0.0,0.0,0.0,0.0,368.0,57.0,2.0,1.0,0.0,0.0,0.0,0.0,0.0,0.0,0.0,0.0,0.0,idle
,idle,,,,,,,,,,,,,,,,,,,,,,,,,,,,,,,,,,,,,idle
1778096766.3066638,g5.hpc.coe,41393.0,0.5001,0.0,0.0,0.0,12288.0,135347419993.0,136420405094.0,137614858.0,139217937.0,2565900.0,0.0,0.0,0.0,0.0,0.0,0.0,0.0,0.0,0.0,0.0,0.0,0.0,410.0,57.0,2.0,1.0,0.0,0.0,0.0,0.0,0.0,0.0,0.0,0.0,0.0,idle
,idle,,,,,,,,,,,,,,,,,,,,,,,,,,,,,,,,,,,,,idle
1778096766.8067763,g5.hpc.coe,41393.0,0.5001,0.0,0.0,0.0,12288.0,135347420445.0,136420405151.0,137614860.0,139217938.0,2565900.0,0.0,0.0,0.0,0.0,0.0,0.0,0.0,0.0,0.0,0.0,0.0,0.0,452.0,57.0,2.0,1.0,0.0,0.0,0.0,0.0,0.0,0.0,0.0,0.0,0.0,idle
,idle,,,,,,,,,,,,,,,,,,,,,,,,,,,,,,,,,,,,,idle
1778096767.306907,g5.hpc.coe,41393.0,0.5001,0.0,0.0,0.0,12288.0,135347421518.0,136420405655.0,137614875.0,139217947.0,2565900.0,0.0,0.0,0.0,0.0,0.0,0.0,0.0,0.0,0.0,0.0,0.0,0.0,1073.0,504.0,15.0,9.0,0.0,0.0,0.0,0.0,0.0,0.0,0.0,0.0,0.0,idle
,idle,,,,,,,,,,,,,,,,,,,,,,,,,,,,,,,,,,,,,idle
1778096767.807048,g5.hpc.coe,41393.0,0.5001,0.0,0.0,0.0,12288.0,135347422055.0,136420405712.0,137614877.0,139217948.0,2565900.0,0.0,0.0,0.0,0.0,0.0,0.0,0.0,0.0,0.0,0.0,0.0,0.0,537.0,57.0,2.0,1.0,0.0,0.0,0.0,0.0,0.0,0.0,0.0,0.0,0.0,idle
,idle,,,,,,,,,,,,,,,,,,,,,,,,,,,,,,,,,,,,,idle
1778096768.3071852,g5.hpc.coe,41393.0,0.5001,0.0,0.0,0.0,12288.0,135347422733.0,136420405846.0,137614882.0,139217951.0,2565900.0,0.0,0.0,0.0,0.0,0.0,0.0,0.0,0.0,0.0,0.0,0.0,0.0,678.0,134.0,5.0,3.0,0.0,0.0,0.0,0.0,0.0,0.0,0.0,0.0,0.0,idle
,idle,,,,,,,,,,,,,,,,,,,,,,,,,,,,,,,,,,,,,idle
1778096768.807306,g5.hpc.coe,41393.0,0.5001,0.0,0.0,0.0,12288.0,135347423377.0,136420405925.0,137614885.0,139217953.0,2565900.0,0.0,0.0,0.0,0.0,0.0,0.0,0.0,0.0,0.0,0.0,0.0,0.0,644.0,79.0,3.0,2.0,0.0,0.0,0.0,0.0,0.0,0.0,0.0,0.0,0.0,idle
,idle,,,,,,,,,,,,,,,,,,,,,,,,,,,,,,,,,,,,,idle
1778096769.3074465,g5.hpc.coe,41393.0,0.5001,0.0,0.0,0.0,12288.0,135347424063.0,136420406004.0,137614888.0,139217955.0,2565900.0,0.0,0.0,0.0,0.0,0.0,0.0,0.0,0.0,0.0,0.0,0.0,0.0,686.0,79.0,3.0,2.0,0.0,0.0,0.0,0.0,0.0,0.0,0.0,0.0,0.0,idle
,idle,,,,,,,,,,,,,,,,,,,,,,,,,,,,,,,,,,,,,idle
1778096769.807593,g5.hpc.coe,41393.0,0.5001,0.0,0.0,0.0,12288.0,135347424791.0,136420406083.0,137614891.0,139217957.0,2565900.0,0.0,0.0,0.0,0.0,0.0,0.0,0.0,0.0,0.0,0.0,0.0,0.0,728.0,79.0,3.0,2.0,0.0,0.0,0.0,0.0,0.0,0.0,0.0,0.0,0.0,idle
,idle,,,,,,,,,,,,,,,,,,,,,,,,,,,,,,,,,,,,,idle
1778096770.3077352,g5.hpc.coe,41393.0,0.5001,0.0,0.0,0.0,12288.0,135347425561.0,136420406162.0,137614894.0,139217959.0,2565900.0,0.0,0.0,0.0,0.0,0.0,0.0,0.0,0.0,0.0,0.0,0.0,0.0,770.0,79.0,3.0,2.0,0.0,0.0,0.0,0.0,0.0,0.0,0.0,0.0,0.0,idle
,idle,,,,,,,,,,,,,,,,,,,,,,,,,,,,,,,,,,,,,idle
1778096770.8078687,g5.hpc.coe,41393.0,0.5001,0.0,0.0,0.0,12288.0,135347426373.0,136420406241.0,137614897.0,139217961.0,2565900.0,0.0,0.0,0.0,0.0,0.0,0.0,0.0,0.0,0.0,0.0,0.0,0.0,812.0,79.0,3.0,2.0,0.0,0.0,0.0,0.0,0.0,0.0,0.0,0.0,0.0,idle
,idle,,,,,,,,,,,,,,,,,,,,,,,,,,,,,,,,,,,,,idle
1778096771.308005,g5.hpc.coe,41393.0,0.5001,0.0,0.0,0.0,12288.0,135347427227.0,136420406320.0,137614900.0,139217963.0,2565900.0,0.0,0.0,0.0,0.0,0.0,0.0,0.0,0.0,0.0,0.0,0.0,0.0,854.0,79.0,3.0,2.0,0.0,0.0,0.0,0.0,0.0,0.0,0.0,0.0,0.0,idle
,idle,,,,,,,,,,,,,,,,,,,,,,,,,,,,,,,,,,,,,idle
1778096771.8081365,g5.hpc.coe,41393.0,0.5001,0.0,0.0,0.0,12288.0,135347428124.0,136420406399.0,137614903.0,139217965.0,2565900.0,0.0,0.0,0.0,0.0,0.0,0.0,0.0,0.0,0.0,0.0,0.0,0.0,897.0,79.0,3.0,2.0,0.0,0.0,0.0,0.0,0.0,0.0,0.0,0.0,0.0,idle
,idle,,,,,,,,,,,,,,,,,,,,,,,,,,,,,,,,,,,,,idle
1778096772.3082788,g5.hpc.coe,41393.0,0.5001,0.0,0.0,0.0,12288.0,135347429063.0,136420406478.0,137614906.0,139217967.0,2565900.0,0.0,0.0,0.0,0.0,0.0,0.0,0.0,0.0,0.0,0.0,0.0,0.0,939.0,79.0,3.0,2.0,0.0,0.0,0.0,0.0,0.0,0.0,0.0,0.0,0.0,idle
,idle,,,,,,,,,,,,,,,,,,,,,,,,,,,,,,,,,,,,,idle
1778096772.8083942,g5.hpc.coe,41393.0,0.5001,0.0,0.0,0.0,12288.0,135347430044.0,136420406557.0,137614909.0,139217969.0,2565900.0,0.0,0.0,0.0,0.0,0.0,0.0,0.0,0.0,0.0,0.0,0.0,0.0,981.0,79.0,3.0,2.0,0.0,0.0,0.0,0.0,0.0,0.0,0.0,0.0,0.0,idle
,idle,,,,,,,,,,,,,,,,,,,,,,,,,,,,,,,,,,,,,idle
1778096773.3085403,g5.hpc.coe,41393.0,0.5001,0.0,0.0,0.0,12288.0,135347431144.0,136420406691.0,137614914.0,139217972.0,2565900.0,0.0,0.0,0.0,0.0,0.0,0.0,0.0,0.0,0.0,0.0,0.0,0.0,1100.0,134.0,5.0,3.0,0.0,0.0,0.0,0.0,0.0,0.0,0.0,0.0,0.0,idle
,idle,,,,,,,,,,,,,,,,,,,,,,,,,,,,,,,,,,,,,idle
1778096773.808679,g5.hpc.coe,41393.0,0.5001,0.0,0.0,0.0,12288.0,135347432232.0,136420406770.0,137614918.0,139217974.0,2565900.0,0.0,0.0,0.0,0.0,0.0,0.0,0.0,0.0,0.0,0.0,0.0,0.0,1088.0,79.0,4.0,2.0,0.0,0.0,0.0,0.0,0.0,0.0,0.0,0.0,0.0,idle
,idle,,,,,,,,,,,,,,,,,,,,,,,,,,,,,,,,,,,,,idle
1778096774.3087957,g5.hpc.coe,41393.0,0.5001,0.0,0.0,0.0,12288.0,135347433362.0,136420406849.0,137614922.0,139217976.0,2565900.0,0.0,0.0,0.0,0.0,0.0,0.0,0.0,0.0,0.0,0.0,0.0,0.0,1130.0,79.0,4.0,2.0,0.0,0.0,0.0,0.0,0.0,0.0,0.0,0.0,0.0,idle
,idle,,,,,,,,,,,,,,,,,,,,,,,,,,,,,,,,,,,,,idle
1778096774.8089375,g5.hpc.coe,41393.0,0.5001,0.0,0.0,0.0,12288.0,135347434535.0,136420406928.0,137614926.0,139217978.0,2565900.0,0.0,0.0,0.0,0.0,0.0,0.0,0.0,0.0,0.0,0.0,0.0,0.0,1173.0,79.0,4.0,2.0,0.0,0.0,0.0,0.0,0.0,0.0,0.0,0.0,0.0,idle
,idle,,,,,,,,,,,,,,,,,,,,,,,,,,,,,,,,,,,,,idle
1778096775.3090706,g5.hpc.coe,41393.0,0.5001,0.0,0.0,0.0,12288.0,135347434682.0,136420406985.0,137614928.0,139217979.0,2565900.0,0.0,0.0,0.0,0.0,0.0,0.0,0.0,0.0,0.0,0.0,0.0,0.0,147.0,57.0,2.0,1.0,0.0,0.0,0.0,0.0,0.0,0.0,0.0,0.0,0.0,idle
,idle,,,,,,,,,,,,,,,,,,,,,,,,,,,,,,,,,,,,,idle
1778096775.8091838,g5.hpc.coe,41393.0,0.5001,0.0,0.0,0.0,12288.0,135347434872.0,136420407042.0,137614930.0,139217980.0,2565900.0,0.0,0.0,0.0,0.0,0.0,0.0,0.0,0.0,0.0,0.0,0.0,0.0,190.0,57.0,2.0,1.0,0.0,0.0,0.0,0.0,0.0,0.0,0.0,0.0,0.0,idle
,idle,,,,,,,,,,,,,,,,,,,,,,,,,,,,,,,,,,,,,idle
1778096776.3093276,g5.hpc.coe,41393.0,0.5001,0.0,0.0,0.0,12288.0,135347435104.0,136420407099.0,137614932.0,139217981.0,2565900.0,0.0,0.0,0.0,0.0,0.0,0.0,0.0,0.0,0.0,0.0,0.0,0.0,232.0,57.0,2.0,1.0,0.0,0.0,0.0,0.0,0.0,0.0,0.0,0.0,0.0,idle
,idle,,,,,,,,,,,,,,,,,,,,,,,,,,,,,,,,,,,,,idle
1778096776.8094609,g5.hpc.coe,41393.0,0.5001,0.0,0.0,0.0,12288.0,135347435378.0,136420407156.0,137614934.0,139217982.0,2565900.0,0.0,0.0,0.0,0.0,0.0,0.0,0.0,0.0,0.0,0.0,0.0,0.0,274.0,57.0,2.0,1.0,0.0,0.0,0.0,0.0,0.0,0.0,0.0,0.0,0.0,idle
,idle,,,,,,,,,,,,,,,,,,,,,,,,,,,,,,,,,,,,,idle
1778096777.3095946,g5.hpc.coe,41393.0,0.5001,0.0,0.0,0.0,12288.0,135347435694.0,136420407213.0,137614936.0,139217983.0,2565900.0,0.0,0.0,0.0,0.0,0.0,0.0,0.0,0.0,0.0,0.0,0.0,0.0,316.0,57.0,2.0,1.0,0.0,0.0,0.0,0.0,0.0,0.0,0.0,0.0,0.0,idle
,idle,,,,,,,,,,,,,,,,,,,,,,,,,,,,,,,,,,,,,idle
1778096777.809731,g5.hpc.coe,41393.0,0.5001,0.0,0.0,0.0,12288.0,135347436053.0,136420407270.0,137614938.0,139217984.0,2565900.0,0.0,0.0,0.0,0.0,0.0,0.0,0.0,0.0,0.0,0.0,0.0,0.0,359.0,57.0,2.0,1.0,0.0,0.0,0.0,0.0,0.0,0.0,0.0,0.0,0.0,idle
,idle,,,,,,,,,,,,,,,,,,,,,,,,,,,,,,,,,,,,,idle
1778096778.3098643,g5.hpc.coe,41393.0,0.5001,0.0,0.0,0.0,12288.0,135347436531.0,136420407382.0,137614942.0,139217986.0,2565900.0,0.0,0.0,0.0,0.0,0.0,0.0,0.0,0.0,0.0,0.0,0.0,0.0,478.0,112.0,4.0,2.0,0.0,0.0,0.0,0.0,0.0,0.0,0.0,0.0,0.0,idle
,idle,,,,,,,,,,,,,,,,,,,,,,,,,,,,,,,,,,,,,idle
1778096778.8099844,g5.hpc.coe,41393.0,0.5001,0.0,0.0,0.0,12288.0,135347436974.0,136420407439.0,137614944.0,139217987.0,2565900.0,0.0,0.0,0.0,0.0,0.0,0.0,0.0,0.0,0.0,0.0,0.0,0.0,443.0,57.0,2.0,1.0,0.0,0.0,0.0,0.0,0.0,0.0,0.0,0.0,0.0,idle
,idle,,,,,,,,,,,,,,,,,,,,,,,,,,,,,,,,,,,,,idle
1778096779.3101048,g5.hpc.coe,41393.0,0.5001,0.0,0.0,0.0,12288.0,135347437459.0,136420407496.0,137614946.0,139217988.0,2565900.0,0.0,0.0,0.0,0.0,0.0,0.0,0.0,0.0,0.0,0.0,0.0,0.0,485.0,57.0,2.0,1.0,0.0,0.0,0.0,0.0,0.0,0.0,0.0,0.0,0.0,idle
,idle,,,,,,,,,,,,,,,,,,,,,,,,,,,,,,,,,,,,,idle
1778096779.8102355,g5.hpc.coe,41393.0,0.5001,0.0,0.0,0.0,12288.0,135347437987.0,136420407553.0,137614948.0,139217989.0,2565900.0,0.0,0.0,0.0,0.0,0.0,0.0,0.0,0.0,0.0,0.0,0.0,0.0,528.0,57.0,2.0,1.0,0.0,0.0,0.0,0.0,0.0,0.0,0.0,0.0,0.0,idle
,idle,,,,,,,,,,,,,,,,,,,,,,,,,,,,,,,,,,,,,idle
1778096780.310383,g5.hpc.coe,41393.0,0.5001,0.0,0.0,0.0,12288.0,135347438579.0,136420407632.0,137614951.0,139217991.0,2565900.0,0.0,0.0,0.0,0.0,0.0,0.0,0.0,0.0,0.0,0.0,0.0,0.0,592.0,79.0,3.0,2.0,0.0,0.0,0.0,0.0,0.0,0.0,0.0,0.0,0.0,idle
,idle,,,,,,,,,,,,,,,,,,,,,,,,,,,,,,,,,,,,,idle
1778096780.8104966,g5.hpc.coe,41393.0,0.5001,0.0,0.0,0.0,12288.0,135347439213.0,136420407711.0,137614954.0,139217993.0,2565900.0,0.0,0.0,0.0,0.0,0.0,0.0,0.0,0.0,0.0,0.0,0.0,0.0,634.0,79.0,3.0,2.0,0.0,0.0,0.0,0.0,0.0,0.0,0.0,0.0,0.0,idle
,idle,,,,,,,,,,,,,,,,,,,,,,,,,,,,,,,,,,,,,idle
1778096781.3106332,g5.hpc.coe,41393.0,0.5001,0.0,0.0,0.0,12288.0,135347439889.0,136420407790.0,137614957.0,139217995.0,2565900.0,0.0,0.0,0.0,0.0,0.0,0.0,0.0,0.0,0.0,0.0,0.0,0.0,676.0,79.0,3.0,2.0,0.0,0.0,0.0,0.0,0.0,0.0,0.0,0.0,0.0,idle
,idle,,,,,,,,,,,,,,,,,,,,,,,,,,,,,,,,,,,,,idle
1778096781.8107438,g5.hpc.coe,41393.0,0.5001,0.0,0.0,0.0,12288.0,135347440607.0,136420407869.0,137614960.0,139217997.0,2565900.0,0.0,0.0,0.0,0.0,0.0,0.0,0.0,0.0,0.0,0.0,0.0,0.0,718.0,79.0,3.0,2.0,0.0,0.0,0.0,0.0,0.0,0.0,0.0,0.0,0.0,idle
,idle,,,,,,,,,,,,,,,,,,,,,,,,,,,,,,,,,,,,,idle
1778096782.3108754,g5.hpc.coe,41393.0,0.5001,0.0,0.0,0.0,12288.0,135347441947.0,136420408395.0,137614976.0,139218007.0,2565900.0,0.0,0.0,0.0,0.0,0.0,0.0,0.0,0.0,0.0,0.0,0.0,0.0,1340.0,526.0,16.0,10.0,0.0,0.0,0.0,0.0,0.0,0.0,0.0,0.0,0.0,idle
,idle,,,,,,,,,,,,,,,,,,,,,,,,,,,,,,,,,,,,,idle
1778096782.81099,g5.hpc.coe,41393.0,0.5001,0.0,0.0,0.0,12288.0,135347442751.0,136420408474.0,137614979.0,139218009.0,2565900.0,0.0,0.0,0.0,0.0,0.0,0.0,0.0,0.0,0.0,0.0,0.0,0.0,804.0,79.0,3.0,2.0,0.0,0.0,0.0,0.0,0.0,0.0,0.0,0.0,0.0,idle
,idle,,,,,,,,,,,,,,,,,,,,,,,,,,,,,,,,,,,,,idle
1778096783.3111207,g5.hpc.coe,41393.0,0.5001,0.0,0.0,0.0,12288.0,135347443674.0,136420408608.0,137614984.0,139218012.0,2565900.0,0.0,0.0,0.0,0.0,0.0,0.0,0.0,0.0,0.0,0.0,0.0,0.0,923.0,134.0,5.0,3.0,0.0,0.0,0.0,0.0,0.0,0.0,0.0,0.0,0.0,idle
,idle,,,,,,,,,,,,,,,,,,,,,,,,,,,,,,,,,,,,,idle
1778096783.811261,g5.hpc.coe,41393.0,0.5001,0.0,0.0,0.0,12288.0,135347444562.0,136420408687.0,137614987.0,139218014.0,2565900.0,0.0,0.0,0.0,0.0,0.0,0.0,0.0,0.0,0.0,0.0,0.0,0.0,888.0,79.0,3.0,2.0,0.0,0.0,0.0,0.0,0.0,0.0,0.0,0.0,0.0,idle
,idle,,,,,,,,,,,,,,,,,,,,,,,,,,,,,,,,,,,,,idle
1778096784.311389,g5.hpc.coe,41393.0,0.5001,0.0,0.0,0.0,12288.0,135347445492.0,136420408766.0,137614990.0,139218016.0,2565900.0,0.0,0.0,0.0,0.0,0.0,0.0,0.0,0.0,0.0,0.0,0.0,0.0,930.0,79.0,3.0,2.0,0.0,0.0,0.0,0.0,0.0,0.0,0.0,0.0,0.0,idle
,idle,,,,,,,,,,,,,,,,,,,,,,,,,,,,,,,,,,,,,idle
1778096784.811529,g5.hpc.coe,41393.0,0.5001,0.0,0.0,0.0,12288.0,135347446464.0,136420408845.0,137614993.0,139218018.0,2565900.0,0.0,0.0,0.0,0.0,0.0,0.0,0.0,0.0,0.0,0.0,0.0,0.0,972.0,79.0,3.0,2.0,0.0,0.0,0.0,0.0,0.0,0.0,0.0,0.0,0.0,idle
,idle,,,,,,,,,,,,,,,,,,,,,,,,,,,,,,,,,,,,,idle
1778096785.3116431,g5.hpc.coe,41393.0,0.5001,0.0,0.0,0.0,12288.0,135347447478.0,136420408924.0,137614996.0,139218020.0,2565900.0,0.0,0.0,0.0,0.0,0.0,0.0,0.0,0.0,0.0,0.0,0.0,0.0,1014.0,79.0,3.0,2.0,0.0,0.0,0.0,0.0,0.0,0.0,0.0,0.0,0.0,idle
,idle,,,,,,,,,,,,,,,,,,,,,,,,,,,,,,,,,,,,,idle
1778096785.811776,g5.hpc.coe,41393.0,0.5001,0.0,0.0,0.0,12288.0,135347448535.0,136420409003.0,137614999.0,139218022.0,2565900.0,0.0,0.0,0.0,0.0,0.0,0.0,0.0,0.0,0.0,0.0,0.0,0.0,1057.0,79.0,3.0,2.0,0.0,0.0,0.0,0.0,0.0,0.0,0.0,0.0,0.0,idle
,idle,,,,,,,,,,,,,,,,,,,,,,,,,,,,,,,,,,,,,idle
1778096786.3118904,g5.hpc.coe,41393.0,0.5001,0.0,0.0,0.0,12288.0,135347449656.0,136420409082.0,137615003.0,139218024.0,2565900.0,0.0,0.0,0.0,0.0,0.0,0.0,0.0,0.0,0.0,0.0,0.0,0.0,1121.0,79.0,4.0,2.0,0.0,0.0,0.0,0.0,0.0,0.0,0.0,0.0,0.0,idle
,idle,,,,,,,,,,,,,,,,,,,,,,,,,,,,,,,,,,,,,idle
1778096786.812032,g5.hpc.coe,41393.0,0.5001,0.0,0.0,0.0,12288.0,135347450819.0,136420409161.0,137615007.0,139218026.0,2565900.0,0.0,0.0,0.0,0.0,0.0,0.0,0.0,0.0,0.0,0.0,0.0,0.0,1163.0,79.0,4.0,2.0,0.0,0.0,0.0,0.0,0.0,0.0,0.0,0.0,0.0,idle
,idle,,,,,,,,,,,,,,,,,,,,,,,,,,,,,,,,,,,,,idle
1778096787.3121746,g5.hpc.coe,41393.0,0.5001,0.0,0.0,0.0,12288.0,135347450957.0,136420409218.0,137615009.0,139218027.0,2565900.0,0.0,0.0,0.0,0.0,0.0,0.0,0.0,0.0,0.0,0.0,0.0,0.0,138.0,57.0,2.0,1.0,0.0,0.0,0.0,0.0,0.0,0.0,0.0,0.0,0.0,idle
,idle,,,,,,,,,,,,,,,,,,,,,,,,,,,,,,,,,,,,,idle
1778096787.8122993,g5.hpc.coe,41393.0,0.5001,0.0,0.0,0.0,12288.0,135347451137.0,136420409275.0,137615011.0,139218028.0,2565900.0,0.0,0.0,0.0,0.0,0.0,0.0,0.0,0.0,0.0,0.0,0.0,0.0,180.0,57.0,2.0,1.0,0.0,0.0,0.0,0.0,0.0,0.0,0.0,0.0,0.0,idle
,idle,,,,,,,,,,,,,,,,,,,,,,,,,,,,,,,,,,,,,idle
1778096788.3124363,g5.hpc.coe,41393.0,0.5001,0.0,0.0,0.0,12288.0,135347451359.0,136420409332.0,137615013.0,139218029.0,2565900.0,0.0,0.0,0.0,0.0,0.0,0.0,0.0,0.0,0.0,0.0,0.0,0.0,222.0,57.0,2.0,1.0,0.0,0.0,0.0,0.0,0.0,0.0,0.0,0.0,0.0,idle
,idle,,,,,,,,,,,,,,,,,,,,,,,,,,,,,,,,,,,,,idle
1778096788.8125763,g5.hpc.coe,41393.0,0.5001,0.0,0.0,0.0,12288.0,135347451700.0,136420409444.0,137615017.0,139218031.0,2565900.0,0.0,0.0,0.0,0.0,0.0,0.0,0.0,0.0,0.0,0.0,0.0,0.0,341.0,112.0,4.0,2.0,0.0,0.0,0.0,0.0,0.0,0.0,0.0,0.0,0.0,idle
,idle,,,,,,,,,,,,,,,,,,,,,,,,,,,,,,,,,,,,,idle
1778096789.312719,g5.hpc.coe,41393.0,0.5001,0.0,0.0,0.0,12288.0,135347452007.0,136420409501.0,137615019.0,139218032.0,2565900.0,0.0,0.0,0.0,0.0,0.0,0.0,0.0,0.0,0.0,0.0,0.0,0.0,307.0,57.0,2.0,1.0,0.0,0.0,0.0,0.0,0.0,0.0,0.0,0.0,0.0,idle
,idle,,,,,,,,,,,,,,,,,,,,,,,,,,,,,,,,,,,,,idle
1778096789.8128488,g5.hpc.coe,41393.0,0.5001,0.0,0.0,0.0,12288.0,135347452356.0,136420409558.0,137615021.0,139218033.0,2565900.0,0.0,0.0,0.0,0.0,0.0,0.0,0.0,0.0,0.0,0.0,0.0,0.0,349.0,57.0,2.0,1.0,0.0,0.0,0.0,0.0,0.0,0.0,0.0,0.0,0.0,idle
,idle,,,,,,,,,,,,,,,,,,,,,,,,,,,,,,,,,,,,,idle
1778096790.3129911,g5.hpc.coe,41393.0,0.5001,0.0,0.0,0.0,12288.0,135347452747.0,136420409615.0,137615023.0,139218034.0,2565900.0,0.0,0.0,0.0,0.0,0.0,0.0,0.0,0.0,0.0,0.0,0.0,0.0,391.0,57.0,2.0,1.0,0.0,0.0,0.0,0.0,0.0,0.0,0.0,0.0,0.0,idle
,idle,,,,,,,,,,,,,,,,,,,,,,,,,,,,,,,,,,,,,idle
1778096790.8131232,g5.hpc.coe,41393.0,0.5001,0.0,0.0,0.0,12288.0,135347453181.0,136420409672.0,137615025.0,139218035.0,2565900.0,0.0,0.0,0.0,0.0,0.0,0.0,0.0,0.0,0.0,0.0,0.0,0.0,434.0,57.0,2.0,1.0,0.0,0.0,0.0,0.0,0.0,0.0,0.0,0.0,0.0,idle
,idle,,,,,,,,,,,,,,,,,,,,,,,,,,,,,,,,,,,,,idle
1778096791.3132615,g5.hpc.coe,41393.0,0.5001,0.0,0.0,0.0,12288.0,135347453657.0,136420409729.0,137615027.0,139218036.0,2565900.0,0.0,0.0,0.0,0.0,0.0,0.0,0.0,0.0,0.0,0.0,0.0,0.0,476.0,57.0,2.0,1.0,0.0,0.0,0.0,0.0,0.0,0.0,0.0,0.0,0.0,idle
,idle,,,,,,,,,,,,,,,,,,,,,,,,,,,,,,,,,,,,,idle
1778096791.813403,g5.hpc.coe,41393.0,0.5001,0.0,0.0,0.0,12288.0,135347454175.0,136420409786.0,137615029.0,139218037.0,2565900.0,0.0,0.0,0.0,0.0,0.0,0.0,0.0,0.0,0.0,0.0,0.0,0.0,518.0,57.0,2.0,1.0,0.0,0.0,0.0,0.0,0.0,0.0,0.0,0.0,0.0,idle
,idle,,,,,,,,,,,,,,,,,,,,,,,,,,,,,,,,,,,,,idle
1778096792.313544,g5.hpc.coe,41393.0,0.5001,0.0,0.0,0.0,12288.0,135347454757.0,136420409865.0,137615032.0,139218039.0,2565900.0,0.0,0.0,0.0,0.0,0.0,0.0,0.0,0.0,0.0,0.0,0.0,0.0,582.0,79.0,3.0,2.0,0.0,0.0,0.0,0.0,0.0,0.0,0.0,0.0,0.0,idle
,idle,,,,,,,,,,,,,,,,,,,,,,,,,,,,,,,,,,,,,idle
1778096792.8136847,g5.hpc.coe,41393.0,0.5001,0.0,0.0,0.0,12288.0,135347455381.0,136420409944.0,137615035.0,139218041.0,2565900.0,0.0,0.0,0.0,0.0,0.0,0.0,0.0,0.0,0.0,0.0,0.0,0.0,624.0,79.0,3.0,2.0,0.0,0.0,0.0,0.0,0.0,0.0,0.0,0.0,0.0,idle
,idle,,,,,,,,,,,,,,,,,,,,,,,,,,,,,,,,,,,,,idle
1778096793.3138242,g5.hpc.coe,41393.0,0.5001,0.0,0.0,0.0,12288.0,135347456048.0,136420410023.0,137615038.0,139218043.0,2565900.0,0.0,0.0,0.0,0.0,0.0,0.0,0.0,0.0,0.0,0.0,0.0,0.0,667.0,79.0,3.0,2.0,0.0,0.0,0.0,0.0,0.0,0.0,0.0,0.0,0.0,idle
,idle,,,,,,,,,,,,,,,,,,,,,,,,,,,,,,,,,,,,,idle
1778096793.8139648,g5.hpc.coe,41393.0,0.5001,0.0,0.0,0.0,12288.0,135347456834.0,136420410157.0,137615043.0,139218046.0,2565900.0,0.0,0.0,0.0,0.0,0.0,0.0,0.0,0.0,0.0,0.0,0.0,0.0,786.0,134.0,5.0,3.0,0.0,0.0,0.0,0.0,0.0,0.0,0.0,0.0,0.0,idle
,idle,,,,,,,,,,,,,,,,,,,,,,,,,,,,,,,,,,,,,idle
1778096794.3140807,g5.hpc.coe,41393.0,0.5001,0.0,0.0,0.0,12288.0,135347457585.0,136420410236.0,137615046.0,139218048.0,2565900.0,0.0,0.0,0.0,0.0,0.0,0.0,0.0,0.0,0.0,0.0,0.0,0.0,751.0,79.0,3.0,2.0,0.0,0.0,0.0,0.0,0.0,0.0,0.0,0.0,0.0,idle
,idle,,,,,,,,,,,,,,,,,,,,,,,,,,,,,,,,,,,,,idle
1778096794.8142142,g5.hpc.coe,41393.0,0.5001,0.0,0.0,0.0,12288.0,135347458379.0,136420410315.0,137615049.0,139218050.0,2565900.0,0.0,0.0,0.0,0.0,0.0,0.0,0.0,0.0,0.0,0.0,0.0,0.0,794.0,79.0,3.0,2.0,0.0,0.0,0.0,0.0,0.0,0.0,0.0,0.0,0.0,idle
,idle,,,,,,,,,,,,,,,,,,,,,,,,,,,,,,,,,,,,,idle
1778096795.3143532,g5.hpc.coe,41393.0,0.5001,0.0,0.0,0.0,12288.0,135347459215.0,136420410394.0,137615052.0,139218052.0,2565900.0,0.0,0.0,0.0,0.0,0.0,0.0,0.0,0.0,0.0,0.0,0.0,0.0,836.0,79.0,3.0,2.0,0.0,0.0,0.0,0.0,0.0,0.0,0.0,0.0,0.0,idle
,idle,,,,,,,,,,,,,,,,,,,,,,,,,,,,,,,,,,,,,idle
1778096795.814466,g5.hpc.coe,41393.0,0.5001,0.0,0.0,0.0,12288.0,135347460093.0,136420410473.0,137615055.0,139218054.0,2565900.0,0.0,0.0,0.0,0.0,0.0,0.0,0.0,0.0,0.0,0.0,0.0,0.0,878.0,79.0,3.0,2.0,0.0,0.0,0.0,0.0,0.0,0.0,0.0,0.0,0.0,idle
,idle,,,,,,,,,,,,,,,,,,,,,,,,,,,,,,,,,,,,,idle
1778096796.3146038,g5.hpc.coe,41393.0,0.5001,0.0,0.0,0.0,12288.0,135347461013.0,136420410552.0,137615058.0,139218056.0,2565900.0,0.0,0.0,0.0,0.0,0.0,0.0,0.0,0.0,0.0,0.0,0.0,0.0,920.0,79.0,3.0,2.0,0.0,0.0,0.0,0.0,0.0,0.0,0.0,0.0,0.0,idle
,idle,,,,,,,,,,,,,,,,,,,,,,,,,,,,,,,,,,,,,idle
1778096796.8147304,g5.hpc.coe,41393.0,0.5001,0.0,0.0,0.0,12288.0,135347461975.0,136420410631.0,137615061.0,139218058.0,2565900.0,0.0,0.0,0.0,0.0,0.0,0.0,0.0,0.0,0.0,0.0,0.0,0.0,962.0,79.0,3.0,2.0,0.0,0.0,0.0,0.0,0.0,0.0,0.0,0.0,0.0,idle
,idle,,,,,,,,,,,,,,,,,,,,,,,,,,,,,,,,,,,,,idle
1778096797.3148673,g5.hpc.coe,41393.0,0.5001,0.0,0.0,0.0,12288.0,135347463559.0,136420411157.0,137615077.0,139218068.0,2565900.0,0.0,0.0,0.0,0.0,0.0,0.0,0.0,0.0,0.0,0.0,0.0,0.0,1584.0,526.0,16.0,10.0,0.0,0.0,0.0,0.0,0.0,0.0,0.0,0.0,0.0,idle
,idle,,,,,,,,,,,,,,,,,,,,,,,,,,,,,,,,,,,,,idle
1778096797.8150015,g5.hpc.coe,41393.0,0.5001,0.0,0.0,0.0,12288.0,135347464607.0,136420411236.0,137615080.0,139218070.0,2565900.0,0.0,0.0,0.0,0.0,0.0,0.0,0.0,0.0,0.0,0.0,0.0,0.0,1048.0,79.0,3.0,2.0,0.0,0.0,0.0,0.0,0.0,0.0,0.0,0.0,0.0,idle
,idle,,,,,,,,,,,,,,,,,,,,,,,,,,,,,,,,,,,,,idle
1778096798.315143,g5.hpc.coe,41393.0,0.5001,0.0,0.0,0.0,12288.0,135347465719.0,136420411315.0,137615084.0,139218072.0,2565900.0,0.0,0.0,0.0,0.0,0.0,0.0,0.0,0.0,0.0,0.0,0.0,0.0,1112.0,79.0,4.0,2.0,0.0,0.0,0.0,0.0,0.0,0.0,0.0,0.0,0.0,idle
,idle,,,,,,,,,,,,,,,,,,,,,,,,,,,,,,,,,,,,,idle
1778096798.815268,g5.hpc.coe,41393.0,0.5001,0.0,0.0,0.0,12288.0,135347466951.0,136420411449.0,137615090.0,139218075.0,2565900.0,0.0,0.0,0.0,0.0,0.0,0.0,0.0,0.0,0.0,0.0,0.0,0.0,1232.0,134.0,6.0,3.0,0.0,0.0,0.0,0.0,0.0,0.0,0.0,0.0,0.0,idle
,idle,,,,,,,,,,,,,,,,,,,,,,,,,,,,,,,,,,,,,idle
1778096799.3153832,g5.hpc.coe,41393.0,0.5001,0.0,0.0,0.0,12288.0,135347467337.0,136420411761.0,137615097.0,139218081.0,2565900.0,0.0,0.0,0.0,0.0,0.0,0.0,0.0,0.0,0.0,0.0,0.0,0.0,386.0,312.0,7.0,6.0,0.0,0.0,0.0,0.0,0.0,0.0,0.0,0.0,0.0,idle
,idle,,,,,,,,,,,,,,,,,,,,,,,,,,,,,,,,,,,,,idle
1778096799.8155167,g5.hpc.coe,41393.0,0.5001,0.0,0.0,0.0,12288.0,135347467531.0,136420411818.0,137615100.0,139218082.0,2565900.0,0.0,0.0,0.0,0.0,0.0,0.0,0.0,0.0,0.0,0.0,0.0,0.0,194.0,57.0,3.0,1.0,0.0,0.0,0.0,0.0,0.0,0.0,0.0,0.0,0.0,idle
,idle,,,,,,,,,,,,,,,,,,,,,,,,,,,,,,,,,,,,,idle
1778096800.3156357,g5.hpc.coe,41393.0,0.5001,0.0,0.0,0.0,12288.0,135347467745.0,136420411875.0,137615102.0,139218083.0,2565900.0,0.0,0.0,0.0,0.0,0.0,0.0,0.0,0.0,0.0,0.0,0.0,0.0,214.0,57.0,2.0,1.0,0.0,0.0,0.0,0.0,0.0,0.0,0.0,0.0,0.0,idle
,idle,,,,,,,,,,,,,,,,,,,,,,,,,,,,,,,,,,,,,idle
1778096800.8157458,g5.hpc.coe,41393.0,0.5001,0.0,0.0,0.0,12288.0,135347468286.0,136420412130.0,137615110.0,139218087.0,2565900.0,0.0,0.0,0.0,0.0,0.0,0.0,0.0,0.0,0.0,0.0,0.0,0.0,541.0,255.0,8.0,4.0,0.0,0.0,0.0,0.0,0.0,0.0,0.0,0.0,0.0,idle
,idle,,,,,,,,,,,,,,,,,,,,,,,,,,,,,,,,,,,,,idle
1778096801.3158646,g5.hpc.coe,41393.0,0.5001,0.0,0.0,0.0,12288.0,135347468585.0,136420412187.0,137615112.0,139218088.0,2565900.0,0.0,0.0,0.0,0.0,0.0,0.0,0.0,0.0,0.0,0.0,0.0,0.0,299.0,57.0,2.0,1.0,0.0,0.0,0.0,0.0,0.0,0.0,0.0,0.0,0.0,idle
,idle,,,,,,,,,,,,,,,,,,,,,,,,,,,,,,,,,,,,,idle
1778096801.8159833,g5.hpc.coe,41393.0,0.5001,0.0,0.0,0.0,12288.0,135347468926.0,136420412244.0,137615114.0,139218089.0,2565900.0,0.0,0.0,0.0,0.0,0.0,0.0,0.0,0.0,0.0,0.0,0.0,0.0,341.0,57.0,2.0,1.0,0.0,0.0,0.0,0.0,0.0,0.0,0.0,0.0,0.0,idle
,idle,,,,,,,,,,,,,,,,,,,,,,,,,,,,,,,,,,,,,idle
1778096802.316097,g5.hpc.coe,41393.0,0.5001,0.0,0.0,0.0,12288.0,135347469309.0,136420412301.0,137615116.0,139218090.0,2565900.0,0.0,0.0,0.0,0.0,0.0,0.0,0.0,0.0,0.0,0.0,0.0,0.0,383.0,57.0,2.0,1.0,0.0,0.0,0.0,0.0,0.0,0.0,0.0,0.0,0.0,idle
,idle,,,,,,,,,,,,,,,,,,,,,,,,,,,,,,,,,,,,,idle
1778096802.8162365,g5.hpc.coe,41393.0,0.5001,0.0,0.0,0.0,12288.0,135347469734.0,136420412358.0,137615118.0,139218091.0,2565900.0,0.0,0.0,0.0,0.0,0.0,0.0,0.0,0.0,0.0,0.0,0.0,0.0,425.0,57.0,2.0,1.0,0.0,0.0,0.0,0.0,0.0,0.0,0.0,0.0,0.0,idle
,idle,,,,,,,,,,,,,,,,,,,,,,,,,,,,,,,,,,,,,idle
1778096803.3163514,g5.hpc.coe,41393.0,0.5001,0.0,0.0,0.0,12288.0,135347470201.0,136420412415.0,137615120.0,139218092.0,2565900.0,0.0,0.0,0.0,0.0,0.0,0.0,0.0,0.0,0.0,0.0,0.0,0.0,467.0,57.0,2.0,1.0,0.0,0.0,0.0,0.0,0.0,0.0,0.0,0.0,0.0,idle
,idle,,,,,,,,,,,,,,,,,,,,,,,,,,,,,,,,,,,,,idle
1778096803.816496,g5.hpc.coe,41393.0,0.5001,0.0,0.0,0.0,12288.0,135347470788.0,136420412527.0,137615124.0,139218094.0,2565900.0,0.0,0.0,0.0,0.0,0.0,0.0,0.0,0.0,0.0,0.0,0.0,0.0,587.0,112.0,4.0,2.0,0.0,0.0,0.0,0.0,0.0,0.0,0.0,0.0,0.0,idle
,idle,,,,,,,,,,,,,,,,,,,,,,,,,,,,,,,,,,,,,idle
1778096804.31661,g5.hpc.coe,41393.0,0.5001,0.0,0.0,0.0,12288.0,135347471362.0,136420412606.0,137615127.0,139218096.0,2565900.0,0.0,0.0,0.0,0.0,0.0,0.0,0.0,0.0,0.0,0.0,0.0,0.0,574.0,79.0,3.0,2.0,0.0,0.0,0.0,0.0,0.0,0.0,0.0,0.0,0.0,idle
,idle,,,,,,,,,,,,,,,,,,,,,,,,,,,,,,,,,,,,,idle
1778096804.816739,g5.hpc.coe,41393.0,0.5001,0.0,0.0,0.0,12288.0,135347471978.0,136420412685.0,137615130.0,139218098.0,2565900.0,0.0,0.0,0.0,0.0,0.0,0.0,0.0,0.0,0.0,0.0,0.0,0.0,616.0,79.0,3.0,2.0,0.0,0.0,0.0,0.0,0.0,0.0,0.0,0.0,0.0,idle
,idle,,,,,,,,,,,,,,,,,,,,,,,,,,,,,,,,,,,,,idle
1778096805.316884,g5.hpc.coe,41393.0,0.5001,0.0,0.0,0.0,12288.0,135347472637.0,136420412764.0,137615133.0,139218100.0,2565900.0,0.0,0.0,0.0,0.0,0.0,0.0,0.0,0.0,0.0,0.0,0.0,0.0,659.0,79.0,3.0,2.0,0.0,0.0,0.0,0.0,0.0,0.0,0.0,0.0,0.0,idle
,idle,,,,,,,,,,,,,,,,,,,,,,,,,,,,,,,,,,,,,idle
1778096805.816999,g5.hpc.coe,41393.0,0.5001,0.0,0.0,0.0,12288.0,135347473338.0,136420412843.0,137615136.0,139218102.0,2565900.0,0.0,0.0,0.0,0.0,0.0,0.0,0.0,0.0,0.0,0.0,0.0,0.0,701.0,79.0,3.0,2.0,0.0,0.0,0.0,0.0,0.0,0.0,0.0,0.0,0.0,idle
,idle,,,,,,,,,,,,,,,,,,,,,,,,,,,,,,,,,,,,,idle
1778096806.3171127,g5.hpc.coe,41393.0,0.5001,0.0,0.0,0.0,12288.0,135347474081.0,136420412922.0,137615139.0,139218104.0,2565900.0,0.0,0.0,0.0,0.0,0.0,0.0,0.0,0.0,0.0,0.0,0.0,0.0,743.0,79.0,3.0,2.0,0.0,0.0,0.0,0.0,0.0,0.0,0.0,0.0,0.0,idle
,idle,,,,,,,,,,,,,,,,,,,,,,,,,,,,,,,,,,,,,idle
1778096806.8172348,g5.hpc.coe,41393.0,0.5001,0.0,0.0,0.0,12288.0,135347474866.0,136420413001.0,137615142.0,139218106.0,2565900.0,0.0,0.0,0.0,0.0,0.0,0.0,0.0,0.0,0.0,0.0,0.0,0.0,785.0,79.0,3.0,2.0,0.0,0.0,0.0,0.0,0.0,0.0,0.0,0.0,0.0,idle
,idle,,,,,,,,,,,,,,,,,,,,,,,,,,,,,,,,,,,,,idle
1778096807.317367,g5.hpc.coe,41393.0,0.5001,0.0,0.0,0.0,12288.0,135347475693.0,136420413080.0,137615145.0,139218108.0,2565900.0,0.0,0.0,0.0,0.0,0.0,0.0,0.0,0.0,0.0,0.0,0.0,0.0,827.0,79.0,3.0,2.0,0.0,0.0,0.0,0.0,0.0,0.0,0.0,0.0,0.0,idle
,idle,,,,,,,,,,,,,,,,,,,,,,,,,,,,,,,,,,,,,idle
1778096807.8175092,g5.hpc.coe,41393.0,0.5001,0.0,0.0,0.0,12288.0,135347476562.0,136420413159.0,137615148.0,139218110.0,2565900.0,0.0,0.0,0.0,0.0,0.0,0.0,0.0,0.0,0.0,0.0,0.0,0.0,869.0,79.0,3.0,2.0,0.0,0.0,0.0,0.0,0.0,0.0,0.0,0.0,0.0,idle
,idle,,,,,,,,,,,,,,,,,,,,,,,,,,,,,,,,,,,,,idle
1778096808.3176448,g5.hpc.coe,41393.0,0.5001,0.0,0.0,0.0,12288.0,135347477473.0,136420413238.0,137615151.0,139218112.0,2565900.0,0.0,0.0,0.0,0.0,0.0,0.0,0.0,0.0,0.0,0.0,0.0,0.0,911.0,79.0,3.0,2.0,0.0,0.0,0.0,0.0,0.0,0.0,0.0,0.0,0.0,idle
,idle,,,,,,,,,,,,,,,,,,,,,,,,,,,,,,,,,,,,,idle
1778096808.8177786,g5.hpc.coe,41393.0,0.5001,0.0,0.0,0.0,12288.0,135347478427.0,136420413317.0,137615154.0,139218114.0,2565900.0,0.0,0.0,0.0,0.0,0.0,0.0,0.0,0.0,0.0,0.0,0.0,0.0,954.0,79.0,3.0,2.0,0.0,0.0,0.0,0.0,0.0,0.0,0.0,0.0,0.0,idle
,idle,,,,,,,,,,,,,,,,,,,,,,,,,,,,,,,,,,,,,idle
1778096809.3178906,g5.hpc.coe,41393.0,0.5001,0.0,0.0,0.0,12288.0,135347479500.0,136420413451.0,137615159.0,139218117.0,2565900.0,0.0,0.0,0.0,0.0,0.0,0.0,0.0,0.0,0.0,0.0,0.0,0.0,1073.0,134.0,5.0,3.0,0.0,0.0,0.0,0.0,0.0,0.0,0.0,0.0,0.0,idle
,idle,,,,,,,,,,,,,,,,,,,,,,,,,,,,,,,,,,,,,idle
1778096809.8180268,g5.hpc.coe,41393.0,0.5001,0.0,0.0,0.0,12288.0,135347480539.0,136420413530.0,137615162.0,139218119.0,2565900.0,0.0,0.0,0.0,0.0,0.0,0.0,0.0,0.0,0.0,0.0,0.0,0.0,1039.0,79.0,3.0,2.0,0.0,0.0,0.0,0.0,0.0,0.0,0.0,0.0,0.0,idle
,idle,,,,,,,,,,,,,,,,,,,,,,,,,,,,,,,,,,,,,idle
1778096810.3181393,g5.hpc.coe,41393.0,0.5001,0.0,0.0,0.0,12288.0,135347481642.0,136420413609.0,137615166.0,139218121.0,2565900.0,0.0,0.0,0.0,0.0,0.0,0.0,0.0,0.0,0.0,0.0,0.0,0.0,1103.0,79.0,4.0,2.0,0.0,0.0,0.0,0.0,0.0,0.0,0.0,0.0,0.0,idle
,idle,,,,,,,,,,,,,,,,,,,,,,,,,,,,,,,,,,,,,idle
1778096810.818297,g5.hpc.coe,41393.0,0.5002,0.0,0.0,0.0,12288.0,135347482788.0,136420413688.0,137615170.0,139218123.0,2565902.0,0.0,0.0,0.0,0.0,0.0,0.0,0.0,0.0,0.0,0.0,0.0,0.0,1146.0,79.0,4.0,2.0,2.0,0.0,0.0,0.0,0.0,0.0,0.0,0.0,0.0,idle
,idle,,,,,,,,,,,,,,,,,,,,,,,,,,,,,,,,,,,,,idle
1778096811.3184288,g5.hpc.coe,41393.0,0.5001,0.0,0.0,0.0,12288.0,135347483976.0,136420413767.0,137615174.0,139218125.0,2565902.0,0.0,0.0,0.0,0.0,0.0,0.0,0.0,0.0,0.0,0.0,0.0,0.0,1188.0,79.0,4.0,2.0,0.0,0.0,0.0,0.0,0.0,0.0,0.0,0.0,0.0,idle
,idle,,,,,,,,,,,,,,,,,,,,,,,,,,,,,,,,,,,,,idle
1778096811.8185568,g5.hpc.coe,41393.0,0.5001,0.0,0.0,0.0,12288.0,135347484139.0,136420413824.0,137615176.0,139218126.0,2565902.0,0.0,0.0,0.0,0.0,0.0,0.0,0.0,0.0,0.0,0.0,0.0,0.0,163.0,57.0,2.0,1.0,0.0,0.0,0.0,0.0,0.0,0.0,0.0,0.0,0.0,idle
,idle,,,,,,,,,,,,,,,,,,,,,,,,,,,,,,,,,,,,,idle
1778096812.318693,g5.hpc.coe,41393.0,0.5001,0.0,0.0,0.0,12288.0,135347484945.0,136420414328.0,137615192.0,139218135.0,2565902.0,0.0,0.0,0.0,0.0,0.0,0.0,0.0,0.0,0.0,0.0,0.0,0.0,806.0,504.0,16.0,9.0,0.0,0.0,0.0,0.0,0.0,0.0,0.0,0.0,0.0,idle
,idle,,,,,,,,,,,,,,,,,,,,,,,,,,,,,,,,,,,,,idle
1778096812.818808,g5.hpc.coe,41393.0,0.5001,0.0,0.0,0.0,12288.0,135347485192.0,136420414385.0,137615194.0,139218136.0,2565902.0,0.0,0.0,0.0,0.0,0.0,0.0,0.0,0.0,0.0,0.0,0.0,0.0,247.0,57.0,2.0,1.0,0.0,0.0,0.0,0.0,0.0,0.0,0.0,0.0,0.0,idle
,idle,,,,,,,,,,,,,,,,,,,,,,,,,,,,,,,,,,,,,idle
1778096813.3189511,g5.hpc.coe,41393.0,0.5001,0.0,0.0,0.0,12288.0,135347485481.0,136420414442.0,137615196.0,139218137.0,2565902.0,0.0,0.0,0.0,0.0,0.0,0.0,0.0,0.0,0.0,0.0,0.0,0.0,289.0,57.0,2.0,1.0,0.0,0.0,0.0,0.0,0.0,0.0,0.0,0.0,0.0,idle
,idle,,,,,,,,,,,,,,,,,,,,,,,,,,,,,,,,,,,,,idle
1778096813.8190887,g5.hpc.coe,41393.0,0.5001,0.0,0.0,0.0,12288.0,135347485813.0,136420414499.0,137615198.0,139218138.0,2565902.0,0.0,0.0,0.0,0.0,0.0,0.0,0.0,0.0,0.0,0.0,0.0,0.0,332.0,57.0,2.0,1.0,0.0,0.0,0.0,0.0,0.0,0.0,0.0,0.0,0.0,idle
,idle,,,,,,,,,,,,,,,,,,,,,,,,,,,,,,,,,,,,,idle
1778096814.3192227,g5.hpc.coe,41393.0,0.5001,0.0,0.0,0.0,12288.0,135347486264.0,136420414611.0,137615202.0,139218140.0,2565902.0,0.0,0.0,0.0,0.0,0.0,0.0,0.0,0.0,0.0,0.0,0.0,0.0,451.0,112.0,4.0,2.0,0.0,0.0,0.0,0.0,0.0,0.0,0.0,0.0,0.0,idle
,idle,,,,,,,,,,,,,,,,,,,,,,,,,,,,,,,,,,,,,idle
1778096814.8193448,g5.hpc.coe,41393.0,0.5001,0.0,0.0,0.0,12288.0,135347486680.0,136420414668.0,137615204.0,139218141.0,2565902.0,0.0,0.0,0.0,0.0,0.0,0.0,0.0,0.0,0.0,0.0,0.0,0.0,416.0,57.0,2.0,1.0,0.0,0.0,0.0,0.0,0.0,0.0,0.0,0.0,0.0,idle
,idle,,,,,,,,,,,,,,,,,,,,,,,,,,,,,,,,,,,,,idle
1778096815.3194776,g5.hpc.coe,41393.0,0.5001,0.0,0.0,0.0,12288.0,135347487139.0,136420414725.0,137615206.0,139218142.0,2565902.0,0.0,0.0,0.0,0.0,0.0,0.0,0.0,0.0,0.0,0.0,0.0,0.0,459.0,57.0,2.0,1.0,0.0,0.0,0.0,0.0,0.0,0.0,0.0,0.0,0.0,idle
,idle,,,,,,,,,,,,,,,,,,,,,,,,,,,,,,,,,,,,,idle
1778096815.819615,g5.hpc.coe,41393.0,0.5001,0.0,0.0,0.0,12288.0,135347487640.0,136420414782.0,137615208.0,139218143.0,2565902.0,0.0,0.0,0.0,0.0,0.0,0.0,0.0,0.0,0.0,0.0,0.0,0.0,501.0,57.0,2.0,1.0,0.0,0.0,0.0,0.0,0.0,0.0,0.0,0.0,0.0,idle
,idle,,,,,,,,,,,,,,,,,,,,,,,,,,,,,,,,,,,,,idle
1778096816.3197284,g5.hpc.coe,41393.0,0.5001,0.0,0.0,0.0,12288.0,135347488205.0,136420414861.0,137615211.0,139218145.0,2565902.0,0.0,0.0,0.0,0.0,0.0,0.0,0.0,0.0,0.0,0.0,0.0,0.0,565.0,79.0,3.0,2.0,0.0,0.0,0.0,0.0,0.0,0.0,0.0,0.0,0.0,idle
,idle,,,,,,,,,,,,,,,,,,,,,,,,,,,,,,,,,,,,,idle
1778096816.8198783,g5.hpc.coe,41393.0,0.5001,0.0,0.0,0.0,12288.0,135347488812.0,136420414940.0,137615214.0,139218147.0,2565902.0,0.0,0.0,0.0,0.0,0.0,0.0,0.0,0.0,0.0,0.0,0.0,0.0,607.0,79.0,3.0,2.0,0.0,0.0,0.0,0.0,0.0,0.0,0.0,0.0,0.0,idle
,idle,,,,,,,,,,,,,,,,,,,,,,,,,,,,,,,,,,,,,idle
1778096817.3199975,g5.hpc.coe,41393.0,0.5001,0.0,0.0,0.0,12288.0,135347489461.0,136420415019.0,137615217.0,139218149.0,2565902.0,0.0,0.0,0.0,0.0,0.0,0.0,0.0,0.0,0.0,0.0,0.0,0.0,649.0,79.0,3.0,2.0,0.0,0.0,0.0,0.0,0.0,0.0,0.0,0.0,0.0,idle
,idle,,,,,,,,,,,,,,,,,,,,,,,,,,,,,,,,,,,,,idle
1778096817.8201337,g5.hpc.coe,41393.0,0.5001,0.0,0.0,0.0,12288.0,135347490153.0,136420415098.0,137615220.0,139218151.0,2565902.0,0.0,0.0,0.0,0.0,0.0,0.0,0.0,0.0,0.0,0.0,0.0,0.0,692.0,79.0,3.0,2.0,0.0,0.0,0.0,0.0,0.0,0.0,0.0,0.0,0.0,idle
,idle,,,,,,,,,,,,,,,,,,,,,,,,,,,,,,,,,,,,,idle
1778096818.3202658,g5.hpc.coe,41393.0,0.5001,0.0,0.0,0.0,12288.0,135347490887.0,136420415177.0,137615223.0,139218153.0,2565902.0,0.0,0.0,0.0,0.0,0.0,0.0,0.0,0.0,0.0,0.0,0.0,0.0,734.0,79.0,3.0,2.0,0.0,0.0,0.0,0.0,0.0,0.0,0.0,0.0,0.0,idle
,idle,,,,,,,,,,,,,,,,,,,,,,,,,,,,,,,,,,,,,idle
1778096818.8203893,g5.hpc.coe,41393.0,0.5001,0.0,0.0,0.0,12288.0,135347491663.0,136420415256.0,137615226.0,139218155.0,2565902.0,0.0,0.0,0.0,0.0,0.0,0.0,0.0,0.0,0.0,0.0,0.0,0.0,776.0,79.0,3.0,2.0,0.0,0.0,0.0,0.0,0.0,0.0,0.0,0.0,0.0,idle
,idle,,,,,,,,,,,,,,,,,,,,,,,,,,,,,,,,,,,,,idle
1778096819.3204966,g5.hpc.coe,41393.0,0.5001,0.0,0.0,0.0,12288.0,135347492558.0,136420415390.0,137615231.0,139218158.0,2565902.0,0.0,0.0,0.0,0.0,0.0,0.0,0.0,0.0,0.0,0.0,0.0,0.0,895.0,134.0,5.0,3.0,0.0,0.0,0.0,0.0,0.0,0.0,0.0,0.0,0.0,idle
,idle,,,,,,,,,,,,,,,,,,,,,,,,,,,,,,,,,,,,,idle
1778096819.8206384,g5.hpc.coe,41393.0,0.5001,0.0,0.0,0.0,12288.0,135347493419.0,136420415469.0,137615234.0,139218160.0,2565902.0,0.0,0.0,0.0,0.0,0.0,0.0,0.0,0.0,0.0,0.0,0.0,0.0,861.0,79.0,3.0,2.0,0.0,0.0,0.0,0.0,0.0,0.0,0.0,0.0,0.0,idle
,idle,,,,,,,,,,,,,,,,,,,,,,,,,,,,,,,,,,,,,idle
1778096820.3207722,g5.hpc.coe,41393.0,0.5001,0.0,0.0,0.0,12288.0,135347494322.0,136420415548.0,137615237.0,139218162.0,2565902.0,0.0,0.0,0.0,0.0,0.0,0.0,0.0,0.0,0.0,0.0,0.0,0.0,903.0,79.0,3.0,2.0,0.0,0.0,0.0,0.0,0.0,0.0,0.0,0.0,0.0,idle
,idle,,,,,,,,,,,,,,,,,,,,,,,,,,,,,,,,,,,,,idle
1778096820.8209152,g5.hpc.coe,41393.0,0.5001,0.0,0.0,0.0,12288.0,135347495267.0,136420415627.0,137615240.0,139218164.0,2565902.0,0.0,0.0,0.0,0.0,0.0,0.0,0.0,0.0,0.0,0.0,0.0,0.0,945.0,79.0,3.0,2.0,0.0,0.0,0.0,0.0,0.0,0.0,0.0,0.0,0.0,idle
,idle,,,,,,,,,,,,,,,,,,,,,,,,,,,,,,,,,,,,,idle
1778096821.32103,g5.hpc.coe,41393.0,0.5001,0.0,0.0,0.0,12288.0,135347496255.0,136420415706.0,137615243.0,139218166.0,2565902.0,0.0,0.0,0.0,0.0,0.0,0.0,0.0,0.0,0.0,0.0,0.0,0.0,988.0,79.0,3.0,2.0,0.0,0.0,0.0,0.0,0.0,0.0,0.0,0.0,0.0,idle
,idle,,,,,,,,,,,,,,,,,,,,,,,,,,,,,,,,,,,,,idle
1778096821.821174,g5.hpc.coe,41393.0,0.5001,0.0,0.0,0.0,12288.0,135347497285.0,136420415785.0,137615246.0,139218168.0,2565902.0,0.0,0.0,0.0,0.0,0.0,0.0,0.0,0.0,0.0,0.0,0.0,0.0,1030.0,79.0,3.0,2.0,0.0,0.0,0.0,0.0,0.0,0.0,0.0,0.0,0.0,idle
,idle,,,,,,,,,,,,,,,,,,,,,,,,,,,,,,,,,,,,,idle
1778096822.3213077,g5.hpc.coe,41393.0,0.5001,0.0,0.0,0.0,12288.0,135347498379.0,136420415864.0,137615250.0,139218170.0,2565902.0,0.0,0.0,0.0,0.0,0.0,0.0,0.0,0.0,0.0,0.0,0.0,0.0,1094.0,79.0,4.0,2.0,0.0,0.0,0.0,0.0,0.0,0.0,0.0,0.0,0.0,idle
,idle,,,,,,,,,,,,,,,,,,,,,,,,,,,,,,,,,,,,,idle
1778096822.8214548,g5.hpc.coe,41393.0,0.5001,0.0,0.0,0.0,12288.0,135347499516.0,136420415943.0,137615254.0,139218172.0,2565902.0,0.0,0.0,0.0,0.0,0.0,0.0,0.0,0.0,0.0,0.0,0.0,0.0,1137.0,79.0,4.0,2.0,0.0,0.0,0.0,0.0,0.0,0.0,0.0,0.0,0.0,idle
,idle,,,,,,,,,,,,,,,,,,,,,,,,,,,,,,,,,,,,,idle
1778096823.3215876,g5.hpc.coe,41393.0,0.5001,0.0,0.0,0.0,12288.0,135347500695.0,136420416022.0,137615258.0,139218174.0,2565902.0,0.0,0.0,0.0,0.0,0.0,0.0,0.0,0.0,0.0,0.0,0.0,0.0,1179.0,79.0,4.0,2.0,0.0,0.0,0.0,0.0,0.0,0.0,0.0,0.0,0.0,idle
,idle,,,,,,,,,,,,,,,,,,,,,,,,,,,,,,,,,,,,,idle
1778096823.8217182,g5.hpc.coe,41393.0,0.5001,0.0,0.0,0.0,12288.0,135347500849.0,136420416079.0,137615260.0,139218175.0,2565902.0,0.0,0.0,0.0,0.0,0.0,0.0,0.0,0.0,0.0,0.0,0.0,0.0,154.0,57.0,2.0,1.0,0.0,0.0,0.0,0.0,0.0,0.0,0.0,0.0,0.0,idle
,idle,,,,,,,,,,,,,,,,,,,,,,,,,,,,,,,,,,,,,idle
1778096824.32183,g5.hpc.coe,41393.0,0.5001,0.0,0.0,0.0,12288.0,135347501122.0,136420416191.0,137615264.0,139218177.0,2565902.0,0.0,0.0,0.0,0.0,0.0,0.0,0.0,0.0,0.0,0.0,0.0,0.0,273.0,112.0,4.0,2.0,0.0,0.0,0.0,0.0,0.0,0.0,0.0,0.0,0.0,idle
,idle,,,,,,,,,,,,,,,,,,,,,,,,,,,,,,,,,,,,,idle
1778096824.8219745,g5.hpc.coe,41393.0,0.5001,0.0,0.0,0.0,12288.0,135347501360.0,136420416248.0,137615266.0,139218178.0,2565902.0,0.0,0.0,0.0,0.0,0.0,0.0,0.0,0.0,0.0,0.0,0.0,0.0,238.0,57.0,2.0,1.0,0.0,0.0,0.0,0.0,0.0,0.0,0.0,0.0,0.0,idle
,idle,,,,,,,,,,,,,,,,,,,,,,,,,,,,,,,,,,,,,idle
1778096825.3221097,g5.hpc.coe,41393.0,0.5001,0.0,0.0,0.0,12288.0,135347501640.0,136420416305.0,137615268.0,139218179.0,2565902.0,0.0,0.0,0.0,0.0,0.0,0.0,0.0,0.0,0.0,0.0,0.0,0.0,280.0,57.0,2.0,1.0,0.0,0.0,0.0,0.0,0.0,0.0,0.0,0.0,0.0,idle
,idle,,,,,,,,,,,,,,,,,,,,,,,,,,,,,,,,,,,,,idle
1778096825.822243,g5.hpc.coe,41393.0,0.5001,0.0,0.0,0.0,12288.0,135347501962.0,136420416362.0,137615270.0,139218180.0,2565902.0,0.0,0.0,0.0,0.0,0.0,0.0,0.0,0.0,0.0,0.0,0.0,0.0,322.0,57.0,2.0,1.0,0.0,0.0,0.0,0.0,0.0,0.0,0.0,0.0,0.0,idle
,idle,,,,,,,,,,,,,,,,,,,,,,,,,,,,,,,,,,,,,idle
1778096826.322386,g5.hpc.coe,41393.0,0.5001,0.0,0.0,0.0,12288.0,135347502326.0,136420416419.0,137615272.0,139218181.0,2565902.0,0.0,0.0,0.0,0.0,0.0,0.0,0.0,0.0,0.0,0.0,0.0,0.0,364.0,57.0,2.0,1.0,0.0,0.0,0.0,0.0,0.0,0.0,0.0,0.0,0.0,idle
,idle,,,,,,,,,,,,,,,,,,,,,,,,,,,,,,,,,,,,,idle
1778096826.822508,g5.hpc.coe,41393.0,0.5001,0.0,0.0,0.0,12288.0,135347502732.0,136420416476.0,137615274.0,139218182.0,2565902.0,0.0,0.0,0.0,0.0,0.0,0.0,0.0,0.0,0.0,0.0,0.0,0.0,406.0,57.0,2.0,1.0,0.0,0.0,0.0,0.0,0.0,0.0,0.0,0.0,0.0,idle
,idle,,,,,,,,,,,,,,,,,,,,,,,,,,,,,,,,,,,,,idle
1778096827.3226397,g5.hpc.coe,41393.0,0.5001,0.0,0.0,0.0,12288.0,135347503781.0,136420416980.0,137615290.0,139218191.0,2565902.0,0.0,0.0,0.0,0.0,0.0,0.0,0.0,0.0,0.0,0.0,0.0,0.0,1049.0,504.0,16.0,9.0,0.0,0.0,0.0,0.0,0.0,0.0,0.0,0.0,0.0,idle
,idle,,,,,,,,,,,,,,,,,,,,,,,,,,,,,,,,,,,,,idle
1778096827.822784,g5.hpc.coe,41393.0,0.5001,0.0,0.0,0.0,12288.0,135347504272.0,136420417037.0,137615292.0,139218192.0,2565902.0,0.0,0.0,0.0,0.0,0.0,0.0,0.0,0.0,0.0,0.0,0.0,0.0,491.0,57.0,2.0,1.0,0.0,0.0,0.0,0.0,0.0,0.0,0.0,0.0,0.0,idle
,idle,,,,,,,,,,,,,,,,,,,,,,,,,,,,,,,,,,,,,idle
1778096828.3229208,g5.hpc.coe,41393.0,0.5001,0.0,0.0,0.0,12288.0,135347504805.0,136420417094.0,137615294.0,139218193.0,2565902.0,0.0,0.0,0.0,0.0,0.0,0.0,0.0,0.0,0.0,0.0,0.0,0.0,533.0,57.0,2.0,1.0,0.0,0.0,0.0,0.0,0.0,0.0,0.0,0.0,0.0,idle
,idle,,,,,,,,,,,,,,,,,,,,,,,,,,,,,,,,,,,,,idle
1778096828.8230536,g5.hpc.coe,41393.0,0.5001,0.0,0.0,0.0,12288.0,135347505403.0,136420417173.0,137615297.0,139218195.0,2565902.0,0.0,0.0,0.0,0.0,0.0,0.0,0.0,0.0,0.0,0.0,0.0,0.0,598.0,79.0,3.0,2.0,0.0,0.0,0.0,0.0,0.0,0.0,0.0,0.0,0.0,idle
,idle,,,,,,,,,,,,,,,,,,,,,,,,,,,,,,,,,,,,,idle
1778096829.3231936,g5.hpc.coe,41393.0,0.5001,0.0,0.0,0.0,12288.0,135347506043.0,136420417252.0,137615300.0,139218197.0,2565902.0,0.0,0.0,0.0,0.0,0.0,0.0,0.0,0.0,0.0,0.0,0.0,0.0,640.0,79.0,3.0,2.0,0.0,0.0,0.0,0.0,0.0,0.0,0.0,0.0,0.0,idle
,idle,,,,,,,,,,,,,,,,,,,,,,,,,,,,,,,,,,,,,idle
1778096829.8233328,g5.hpc.coe,41393.0,0.5001,0.0,0.0,0.0,12288.0,135347506780.0,136420417386.0,137615304.0,139218200.0,2565902.0,0.0,0.0,0.0,0.0,0.0,0.0,0.0,0.0,0.0,0.0,0.0,0.0,737.0,134.0,4.0,3.0,0.0,0.0,0.0,0.0,0.0,0.0,0.0,0.0,0.0,idle
,idle,,,,,,,,,,,,,,,,,,,,,,,,,,,,,,,,,,,,,idle
1778096830.323467,g5.hpc.coe,41393.0,0.5001,0.0,0.0,0.0,12288.0,135347507505.0,136420417465.0,137615307.0,139218202.0,2565902.0,0.0,0.0,0.0,0.0,0.0,0.0,0.0,0.0,0.0,0.0,0.0,0.0,725.0,79.0,3.0,2.0,0.0,0.0,0.0,0.0,0.0,0.0,0.0,0.0,0.0,idle
,idle,,,,,,,,,,,,,,,,,,,,,,,,,,,,,,,,,,,,,idle
1778096830.8235958,g5.hpc.coe,41393.0,0.5001,0.0,0.0,0.0,12288.0,135347508272.0,136420417544.0,137615310.0,139218204.0,2565902.0,0.0,0.0,0.0,0.0,0.0,0.0,0.0,0.0,0.0,0.0,0.0,0.0,767.0,79.0,3.0,2.0,0.0,0.0,0.0,0.0,0.0,0.0,0.0,0.0,0.0,idle
,idle,,,,,,,,,,,,,,,,,,,,,,,,,,,,,,,,,,,,,idle
1778096831.3237348,g5.hpc.coe,41393.0,0.5001,0.0,0.0,0.0,12288.0,135347509081.0,136420417623.0,137615313.0,139218206.0,2565902.0,0.0,0.0,0.0,0.0,0.0,0.0,0.0,0.0,0.0,0.0,0.0,0.0,809.0,79.0,3.0,2.0,0.0,0.0,0.0,0.0,0.0,0.0,0.0,0.0,0.0,idle
,idle,,,,,,,,,,,,,,,,,,,,,,,,,,,,,,,,,,,,,idle
1778096831.823876,g5.hpc.coe,41393.0,0.5001,0.0,0.0,0.0,12288.0,135347509932.0,136420417702.0,137615316.0,139218208.0,2565902.0,0.0,0.0,0.0,0.0,0.0,0.0,0.0,0.0,0.0,0.0,0.0,0.0,851.0,79.0,3.0,2.0,0.0,0.0,0.0,0.0,0.0,0.0,0.0,0.0,0.0,idle
,idle,,,,,,,,,,,,,,,,,,,,,,,,,,,,,,,,,,,,,idle
1778096832.3240092,g5.hpc.coe,41393.0,0.5001,0.0,0.0,0.0,12288.0,135347510825.0,136420417781.0,137615319.0,139218210.0,2565902.0,0.0,0.0,0.0,0.0,0.0,0.0,0.0,0.0,0.0,0.0,0.0,0.0,893.0,79.0,3.0,2.0,0.0,0.0,0.0,0.0,0.0,0.0,0.0,0.0,0.0,idle
,idle,,,,,,,,,,,,,,,,,,,,,,,,,,,,,,,,,,,,,idle
1778096832.8241374,g5.hpc.coe,41393.0,0.5001,0.0,0.0,0.0,12288.0,135347511761.0,136420417860.0,137615322.0,139218212.0,2565902.0,0.0,0.0,0.0,0.0,0.0,0.0,0.0,0.0,0.0,0.0,0.0,0.0,936.0,79.0,3.0,2.0,0.0,0.0,0.0,0.0,0.0,0.0,0.0,0.0,0.0,idle
,idle,,,,,,,,,,,,,,,,,,,,,,,,,,,,,,,,,,,,,idle
1778096833.3242528,g5.hpc.coe,41393.0,0.5001,0.0,0.0,0.0,12288.0,135347512739.0,136420417939.0,137615325.0,139218214.0,2565902.0,0.0,0.0,0.0,0.0,0.0,0.0,0.0,0.0,0.0,0.0,0.0,0.0,978.0,79.0,3.0,2.0,0.0,0.0,0.0,0.0,0.0,0.0,0.0,0.0,0.0,idle
,idle,,,,,,,,,,,,,,,,,,,,,,,,,,,,,,,,,,,,,idle
1778096833.8244176,g5.hpc.coe,41393.0,0.5002,0.0,0.0,0.0,12288.0,135347513759.0,136420418018.0,137615328.0,139218216.0,2565902.0,0.0,0.0,0.0,0.0,0.0,0.0,0.0,0.0,0.0,0.0,0.0,0.0,1020.0,79.0,3.0,2.0,0.0,0.0,0.0,0.0,0.0,0.0,0.0,0.0,0.0,idle
,idle,,,,,,,,,,,,,,,,,,,,,,,,,,,,,,,,,,,,,idle
1778096834.324555,g5.hpc.coe,41393.0,0.5001,0.0,0.0,0.0,12288.0,135347514844.0,136420418097.0,137615332.0,139218218.0,2565902.0,0.0,0.0,0.0,0.0,0.0,0.0,0.0,0.0,0.0,0.0,0.0,0.0,1085.0,79.0,4.0,2.0,0.0,0.0,0.0,0.0,0.0,0.0,0.0,0.0,0.0,idle
,idle,,,,,,,,,,,,,,,,,,,,,,,,,,,,,,,,,,,,,idle
1778096834.8246934,g5.hpc.coe,41393.0,0.5001,0.0,0.0,0.0,12288.0,135347516048.0,136420418231.0,137615338.0,139218221.0,2565902.0,0.0,0.0,0.0,0.0,0.0,0.0,0.0,0.0,0.0,0.0,0.0,0.0,1204.0,134.0,6.0,3.0,0.0,0.0,0.0,0.0,0.0,0.0,0.0,0.0,0.0,idle
,idle,,,,,,,,,,,,,,,,,,,,,,,,,,,,,,,,,,,,,idle
1778096835.3248112,g5.hpc.coe,41393.0,0.5001,0.0,0.0,0.0,12288.0,135347517218.0,136420418310.0,137615342.0,139218223.0,2565902.0,0.0,0.0,0.0,0.0,0.0,0.0,0.0,0.0,0.0,0.0,0.0,0.0,1170.0,79.0,4.0,2.0,0.0,0.0,0.0,0.0,0.0,0.0,0.0,0.0,0.0,idle
,idle,,,,,,,,,,,,,,,,,,,,,,,,,,,,,,,,,,,,,idle
1778096835.824945,g5.hpc.coe,41393.0,0.5001,0.0,0.0,0.0,12288.0,135347517362.0,136420418367.0,137615344.0,139218224.0,2565902.0,0.0,0.0,0.0,0.0,0.0,0.0,0.0,0.0,0.0,0.0,0.0,0.0,144.0,57.0,2.0,1.0,0.0,0.0,0.0,0.0,0.0,0.0,0.0,0.0,0.0,idle
,idle,,,,,,,,,,,,,,,,,,,,,,,,,,,,,,,,,,,,,idle
1778096836.3251,g5.hpc.coe,41393.0,0.5002,0.0,0.0,0.0,12288.0,135347517548.0,136420418424.0,137615346.0,139218225.0,2565902.0,0.0,0.0,0.0,0.0,0.0,0.0,0.0,0.0,0.0,0.0,0.0,0.0,186.0,57.0,2.0,1.0,0.0,0.0,0.0,0.0,0.0,0.0,0.0,0.0,0.0,idle
,idle,,,,,,,,,,,,,,,,,,,,,,,,,,,,,,,,,,,,,idle
1778096836.825219,g5.hpc.coe,41393.0,0.5001,0.0,0.0,0.0,12288.0,135347517776.0,136420418481.0,137615348.0,139218226.0,2565902.0,0.0,0.0,0.0,0.0,0.0,0.0,0.0,0.0,0.0,0.0,0.0,0.0,228.0,57.0,2.0,1.0,0.0,0.0,0.0,0.0,0.0,0.0,0.0,0.0,0.0,idle
,idle,,,,,,,,,,,,,,,,,,,,,,,,,,,,,,,,,,,,,idle
1778096837.3253672,g5.hpc.coe,41393.0,0.5001,0.0,0.0,0.0,12288.0,135347518046.0,136420418538.0,137615350.0,139218227.0,2565902.0,0.0,0.0,0.0,0.0,0.0,0.0,0.0,0.0,0.0,0.0,0.0,0.0,270.0,57.0,2.0,1.0,0.0,0.0,0.0,0.0,0.0,0.0,0.0,0.0,0.0,idle
,idle,,,,,,,,,,,,,,,,,,,,,,,,,,,,,,,,,,,,,idle
1778096837.825503,g5.hpc.coe,41393.0,0.5001,0.0,0.0,0.0,12288.0,135347518358.0,136420418595.0,137615352.0,139218228.0,2565902.0,0.0,0.0,0.0,0.0,0.0,0.0,0.0,0.0,0.0,0.0,0.0,0.0,312.0,57.0,2.0,1.0,0.0,0.0,0.0,0.0,0.0,0.0,0.0,0.0,0.0,idle
,idle,,,,,,,,,,,,,,,,,,,,,,,,,,,,,,,,,,,,,idle
1778096838.3256402,g5.hpc.coe,41393.0,0.5001,0.0,0.0,0.0,12288.0,135347518712.0,136420418652.0,137615354.0,139218229.0,2565902.0,0.0,0.0,0.0,0.0,0.0,0.0,0.0,0.0,0.0,0.0,0.0,0.0,354.0,57.0,2.0,1.0,0.0,0.0,0.0,0.0,0.0,0.0,0.0,0.0,0.0,idle
,idle,,,,,,,,,,,,,,,,,,,,,,,,,,,,,,,,,,,,,idle
1778096838.8257723,g5.hpc.coe,41393.0,0.5001,0.0,0.0,0.0,12288.0,135347519108.0,136420418709.0,137615356.0,139218230.0,2565902.0,0.0,0.0,0.0,0.0,0.0,0.0,0.0,0.0,0.0,0.0,0.0,0.0,396.0,57.0,2.0,1.0,0.0,0.0,0.0,0.0,0.0,0.0,0.0,0.0,0.0,idle
,idle,,,,,,,,,,,,,,,,,,,,,,,,,,,,,,,,,,,,,idle
1778096839.3259132,g5.hpc.coe,41393.0,0.5001,0.0,0.0,0.0,12288.0,135347519547.0,136420418766.0,137615358.0,139218231.0,2565902.0,0.0,0.0,0.0,0.0,0.0,0.0,0.0,0.0,0.0,0.0,0.0,0.0,439.0,57.0,2.0,1.0,0.0,0.0,0.0,0.0,0.0,0.0,0.0,0.0,0.0,idle
,idle,,,,,,,,,,,,,,,,,,,,,,,,,,,,,,,,,,,,,idle
1778096839.826043,g5.hpc.coe,41393.0,0.5001,0.0,0.0,0.0,12288.0,135347520105.0,136420418878.0,137615362.0,139218233.0,2565902.0,0.0,0.0,0.0,0.0,0.0,0.0,0.0,0.0,0.0,0.0,0.0,0.0,558.0,112.0,4.0,2.0,0.0,0.0,0.0,0.0,0.0,0.0,0.0,0.0,0.0,idle
,idle,,,,,,,,,,,,,,,,,,,,,,,,,,,,,,,,,,,,,idle
1778096840.3261786,g5.hpc.coe,41393.0,0.5001,0.0,0.0,0.0,12288.0,135347520628.0,136420418935.0,137615364.0,139218234.0,2565902.0,0.0,0.0,0.0,0.0,0.0,0.0,0.0,0.0,0.0,0.0,0.0,0.0,523.0,57.0,2.0,1.0,0.0,0.0,0.0,0.0,0.0,0.0,0.0,0.0,0.0,idle
,idle,,,,,,,,,,,,,,,,,,,,,,,,,,,,,,,,,,,,,idle
1778096840.826299,g5.hpc.coe,41393.0,0.5001,0.0,0.0,0.0,12288.0,135347521215.0,136420419014.0,137615367.0,139218236.0,2565902.0,0.0,0.0,0.0,0.0,0.0,0.0,0.0,0.0,0.0,0.0,0.0,0.0,587.0,79.0,3.0,2.0,0.0,0.0,0.0,0.0,0.0,0.0,0.0,0.0,0.0,idle
,idle,,,,,,,,,,,,,,,,,,,,,,,,,,,,,,,,,,,,,idle
1778096841.3264167,g5.hpc.coe,41393.0,0.5001,0.0,0.0,0.0,12288.0,135347521844.0,136420419093.0,137615370.0,139218238.0,2565902.0,0.0,0.0,0.0,0.0,0.0,0.0,0.0,0.0,0.0,0.0,0.0,0.0,629.0,79.0,3.0,2.0,0.0,0.0,0.0,0.0,0.0,0.0,0.0,0.0,0.0,idle
,idle,,,,,,,,,,,,,,,,,,,,,,,,,,,,,,,,,,,,,idle
1778096841.8265429,g5.hpc.coe,41393.0,0.5001,0.0,0.0,0.0,12288.0,135347522516.0,136420419172.0,137615373.0,139218240.0,2565902.0,0.0,0.0,0.0,0.0,0.0,0.0,0.0,0.0,0.0,0.0,0.0,0.0,672.0,79.0,3.0,2.0,0.0,0.0,0.0,0.0,0.0,0.0,0.0,0.0,0.0,idle
,idle,,,,,,,,,,,,,,,,,,,,,,,,,,,,,,,,,,,,,idle
1778096842.3266578,g5.hpc.coe,41393.0,0.5001,0.0,0.0,0.0,12288.0,135347523831.0,136420419698.0,137615390.0,139218250.0,2565902.0,0.0,0.0,0.0,0.0,0.0,0.0,0.0,0.0,0.0,0.0,0.0,0.0,1315.0,526.0,17.0,10.0,0.0,0.0,0.0,0.0,0.0,0.0,0.0,0.0,0.0,idle
,idle,,,,,,,,,,,,,,,,,,,,,,,,,,,,,,,,,,,,,idle
1778096842.8267922,g5.hpc.coe,41393.0,0.5001,0.0,0.0,0.0,12288.0,135347524588.0,136420419777.0,137615393.0,139218252.0,2565902.0,0.0,0.0,0.0,0.0,0.0,0.0,0.0,0.0,0.0,0.0,0.0,0.0,757.0,79.0,3.0,2.0,0.0,0.0,0.0,0.0,0.0,0.0,0.0,0.0,0.0,idle
,idle,,,,,,,,,,,,,,,,,,,,,,,,,,,,,,,,,,,,,idle
1778096843.3269558,g5.hpc.coe,41393.0,0.5002,0.0,0.0,0.0,12288.0,135347525387.0,136420419856.0,137615396.0,139218254.0,2565902.0,0.0,0.0,0.0,0.0,0.0,0.0,0.0,0.0,0.0,0.0,0.0,0.0,799.0,79.0,3.0,2.0,0.0,0.0,0.0,0.0,0.0,0.0,0.0,0.0,0.0,idle
,idle,,,,,,,,,,,,,,,,,,,,,,,,,,,,,,,,,,,,,idle
1778096843.827071,g5.hpc.coe,41393.0,0.5001,0.0,0.0,0.0,12288.0,135347526229.0,136420419935.0,137615399.0,139218256.0,2565902.0,0.0,0.0,0.0,0.0,0.0,0.0,0.0,0.0,0.0,0.0,0.0,0.0,842.0,79.0,3.0,2.0,0.0,0.0,0.0,0.0,0.0,0.0,0.0,0.0,0.0,idle
,idle,,,,,,,,,,,,,,,,,,,,,,,,,,,,,,,,,,,,,idle
1778096844.3272133,g5.hpc.coe,41393.0,0.5001,0.0,0.0,0.0,12288.0,135347527113.0,136420420014.0,137615402.0,139218258.0,2565902.0,0.0,0.0,0.0,0.0,0.0,0.0,0.0,0.0,0.0,0.0,0.0,0.0,884.0,79.0,3.0,2.0,0.0,0.0,0.0,0.0,0.0,0.0,0.0,0.0,0.0,idle
,idle,,,,,,,,,,,,,,,,,,,,,,,,,,,,,,,,,,,,,idle
1778096844.827334,g5.hpc.coe,41393.0,0.5001,0.0,0.0,0.0,12288.0,135347528116.0,136420420148.0,137615407.0,139218261.0,2565902.0,0.0,0.0,0.0,0.0,0.0,0.0,0.0,0.0,0.0,0.0,0.0,0.0,1003.0,134.0,5.0,3.0,0.0,0.0,0.0,0.0,0.0,0.0,0.0,0.0,0.0,idle
,idle,,,,,,,,,,,,,,,,,,,,,,,,,,,,,,,,,,,,,idle
1778096845.3274732,g5.hpc.coe,41393.0,0.5001,0.0,0.0,0.0,12288.0,135347529084.0,136420420227.0,137615410.0,139218263.0,2565902.0,0.0,0.0,0.0,0.0,0.0,0.0,0.0,0.0,0.0,0.0,0.0,0.0,968.0,79.0,3.0,2.0,0.0,0.0,0.0,0.0,0.0,0.0,0.0,0.0,0.0,idle
,idle,,,,,,,,,,,,,,,,,,,,,,,,,,,,,,,,,,,,,idle
1778096845.8276105,g5.hpc.coe,41393.0,0.5001,0.0,0.0,0.0,12288.0,135347530095.0,136420420306.0,137615413.0,139218265.0,2565902.0,0.0,0.0,0.0,0.0,0.0,0.0,0.0,0.0,0.0,0.0,0.0,0.0,1011.0,79.0,3.0,2.0,0.0,0.0,0.0,0.0,0.0,0.0,0.0,0.0,0.0,idle
,idle,,,,,,,,,,,,,,,,,,,,,,,,,,,,,,,,,,,,,idle
1778096846.3277495,g5.hpc.coe,41393.0,0.5001,0.0,0.0,0.0,12288.0,135347531148.0,136420420385.0,137615416.0,139218267.0,2565902.0,0.0,0.0,0.0,0.0,0.0,0.0,0.0,0.0,0.0,0.0,0.0,0.0,1053.0,79.0,3.0,2.0,0.0,0.0,0.0,0.0,0.0,0.0,0.0,0.0,0.0,idle
,idle,,,,,,,,,,,,,,,,,,,,,,,,,,,,,,,,,,,,,idle
1778096846.8279006,g5.hpc.coe,41393.0,0.5002,0.0,0.0,0.0,12288.0,135347532266.0,136420420464.0,137615420.0,139218269.0,2565902.0,0.0,0.0,0.0,0.0,0.0,0.0,0.0,0.0,0.0,0.0,0.0,0.0,1118.0,79.0,4.0,2.0,0.0,0.0,0.0,0.0,0.0,0.0,0.0,0.0,0.0,idle
,idle,,,,,,,,,,,,,,,,,,,,,,,,,,,,,,,,,,,,,idle
1778096847.3280344,g5.hpc.coe,41393.0,0.5001,0.0,0.0,0.0,12288.0,135347533426.0,136420420543.0,137615424.0,139218271.0,2565902.0,0.0,0.0,0.0,0.0,0.0,0.0,0.0,0.0,0.0,0.0,0.0,0.0,1160.0,79.0,4.0,2.0,0.0,0.0,0.0,0.0,0.0,0.0,0.0,0.0,0.0,idle
,idle,,,,,,,,,,,,,,,,,,,,,,,,,,,,,,,,,,,,,idle
1778096847.828169,g5.hpc.coe,41393.0,0.5001,0.0,0.0,0.0,12288.0,135347533561.0,136420420600.0,137615426.0,139218272.0,2565902.0,0.0,0.0,0.0,0.0,0.0,0.0,0.0,0.0,0.0,0.0,0.0,0.0,135.0,57.0,2.0,1.0,0.0,0.0,0.0,0.0,0.0,0.0,0.0,0.0,0.0,idle
,idle,,,,,,,,,,,,,,,,,,,,,,,,,,,,,,,,,,,,,idle
1778096848.3283064,g5.hpc.coe,41393.0,0.5001,0.0,0.0,0.0,12288.0,135347533738.0,136420420657.0,137615428.0,139218273.0,2565902.0,0.0,0.0,0.0,0.0,0.0,0.0,0.0,0.0,0.0,0.0,0.0,0.0,177.0,57.0,2.0,1.0,0.0,0.0,0.0,0.0,0.0,0.0,0.0,0.0,0.0,idle
,idle,,,,,,,,,,,,,,,,,,,,,,,,,,,,,,,,,,,,,idle
1778096848.8284218,g5.hpc.coe,41393.0,0.5001,0.0,0.0,0.0,12288.0,135347533957.0,136420420714.0,137615430.0,139218274.0,2565902.0,0.0,0.0,0.0,0.0,0.0,0.0,0.0,0.0,0.0,0.0,0.0,0.0,219.0,57.0,2.0,1.0,0.0,0.0,0.0,0.0,0.0,0.0,0.0,0.0,0.0,idle
,idle,,,,,,,,,,,,,,,,,,,,,,,,,,,,,,,,,,,,,idle
1778096849.328552,g5.hpc.coe,41393.0,0.5001,0.0,0.0,0.0,12288.0,135347534218.0,136420420771.0,137615432.0,139218275.0,2565902.0,0.0,0.0,0.0,0.0,0.0,0.0,0.0,0.0,0.0,0.0,0.0,0.0,261.0,57.0,2.0,1.0,0.0,0.0,0.0,0.0,0.0,0.0,0.0,0.0,0.0,idle
,idle,,,,,,,,,,,,,,,,,,,,,,,,,,,,,,,,,,,,,idle
1778096849.8286676,g5.hpc.coe,41393.0,0.5001,0.0,0.0,0.0,12288.0,135347534521.0,136420420828.0,137615434.0,139218276.0,2565902.0,0.0,0.0,0.0,0.0,0.0,0.0,0.0,0.0,0.0,0.0,0.0,0.0,303.0,57.0,2.0,1.0,0.0,0.0,0.0,0.0,0.0,0.0,0.0,0.0,0.0,idle
,idle,,,,,,,,,,,,,,,,,,,,,,,,,,,,,,,,,,,,,idle
1778096850.3287792,g5.hpc.coe,41393.0,0.5001,0.0,0.0,0.0,12288.0,135347534866.0,136420420885.0,137615436.0,139218277.0,2565902.0,0.0,0.0,0.0,0.0,0.0,0.0,0.0,0.0,0.0,0.0,0.0,0.0,345.0,57.0,2.0,1.0,0.0,0.0,0.0,0.0,0.0,0.0,0.0,0.0,0.0,idle
,idle,,,,,,,,,,,,,,,,,,,,,,,,,,,,,,,,,,,,,idle
1778096850.828916,g5.hpc.coe,41393.0,0.5001,0.0,0.0,0.0,12288.0,135347535254.0,136420420942.0,137615438.0,139218278.0,2565902.0,0.0,0.0,0.0,0.0,0.0,0.0,0.0,0.0,0.0,0.0,0.0,0.0,388.0,57.0,2.0,1.0,0.0,0.0,0.0,0.0,0.0,0.0,0.0,0.0,0.0,idle
,idle,,,,,,,,,,,,,,,,,,,,,,,,,,,,,,,,,,,,,idle
1778096851.329052,g5.hpc.coe,41393.0,0.5001,0.0,0.0,0.0,12288.0,135347535684.0,136420420999.0,137615440.0,139218279.0,2565902.0,0.0,0.0,0.0,0.0,0.0,0.0,0.0,0.0,0.0,0.0,0.0,0.0,430.0,57.0,2.0,1.0,0.0,0.0,0.0,0.0,0.0,0.0,0.0,0.0,0.0,idle
,idle,,,,,,,,,,,,,,,,,,,,,,,,,,,,,,,,,,,,,idle
1778096851.8291905,g5.hpc.coe,41393.0,0.5001,0.0,0.0,0.0,12288.0,135347536156.0,136420421056.0,137615442.0,139218280.0,2565902.0,0.0,0.0,0.0,0.0,0.0,0.0,0.0,0.0,0.0,0.0,0.0,0.0,472.0,57.0,2.0,1.0,0.0,0.0,0.0,0.0,0.0,0.0,0.0,0.0,0.0,idle
,idle,,,,,,,,,,,,,,,,,,,,,,,,,,,,,,,,,,,,,idle
1778096852.3293266,g5.hpc.coe,41393.0,0.5001,0.0,0.0,0.0,12288.0,135347536670.0,136420421113.0,137615444.0,139218281.0,2565902.0,0.0,0.0,0.0,0.0,0.0,0.0,0.0,0.0,0.0,0.0,0.0,0.0,514.0,57.0,2.0,1.0,0.0,0.0,0.0,0.0,0.0,0.0,0.0,0.0,0.0,idle
,idle,,,,,,,,,,,,,,,,,,,,,,,,,,,,,,,,,,,,,idle
1778096852.829462,g5.hpc.coe,41393.0,0.5001,0.0,0.0,0.0,12288.0,135347537248.0,136420421192.0,137615447.0,139218283.0,2565902.0,0.0,0.0,0.0,0.0,0.0,0.0,0.0,0.0,0.0,0.0,0.0,0.0,578.0,79.0,3.0,2.0,0.0,0.0,0.0,0.0,0.0,0.0,0.0,0.0,0.0,idle
,idle,,,,,,,,,,,,,,,,,,,,,,,,,,,,,,,,,,,,,idle
1778096853.3295777,g5.hpc.coe,41393.0,0.5001,0.0,0.0,0.0,12288.0,135347537868.0,136420421271.0,137615450.0,139218285.0,2565902.0,0.0,0.0,0.0,0.0,0.0,0.0,0.0,0.0,0.0,0.0,0.0,0.0,620.0,79.0,3.0,2.0,0.0,0.0,0.0,0.0,0.0,0.0,0.0,0.0,0.0,idle
,idle,,,,,,,,,,,,,,,,,,,,,,,,,,,,,,,,,,,,,idle
1778096853.8297195,g5.hpc.coe,41393.0,0.5001,0.0,0.0,0.0,12288.0,135347538530.0,136420421350.0,137615453.0,139218287.0,2565902.0,0.0,0.0,0.0,0.0,0.0,0.0,0.0,0.0,0.0,0.0,0.0,0.0,662.0,79.0,3.0,2.0,0.0,0.0,0.0,0.0,0.0,0.0,0.0,0.0,0.0,idle
,idle,,,,,,,,,,,,,,,,,,,,,,,,,,,,,,,,,,,,,idle
1778096854.3298645,g5.hpc.coe,41393.0,0.5001,0.0,0.0,0.0,12288.0,135347539235.0,136420421429.0,137615456.0,139218289.0,2565902.0,0.0,0.0,0.0,0.0,0.0,0.0,0.0,0.0,0.0,0.0,0.0,0.0,705.0,79.0,3.0,2.0,0.0,0.0,0.0,0.0,0.0,0.0,0.0,0.0,0.0,idle
,idle,,,,,,,,,,,,,,,,,,,,,,,,,,,,,,,,,,,,,idle
1778096854.8299809,g5.hpc.coe,41393.0,0.5001,0.0,0.0,0.0,12288.0,135347539982.0,136420421508.0,137615459.0,139218291.0,2565902.0,0.0,0.0,0.0,0.0,0.0,0.0,0.0,0.0,0.0,0.0,0.0,0.0,747.0,79.0,3.0,2.0,0.0,0.0,0.0,0.0,0.0,0.0,0.0,0.0,0.0,idle
,idle,,,,,,,,,,,,,,,,,,,,,,,,,,,,,,,,,,,,,idle
1778096855.330114,g5.hpc.coe,41393.0,0.5001,0.0,0.0,0.0,12288.0,135347540848.0,136420421642.0,137615464.0,139218294.0,2565902.0,0.0,0.0,0.0,0.0,0.0,0.0,0.0,0.0,0.0,0.0,0.0,0.0,866.0,134.0,5.0,3.0,0.0,0.0,0.0,0.0,0.0,0.0,0.0,0.0,0.0,idle
,idle,,,,,,,,,,,,,,,,,,,,,,,,,,,,,,,,,,,,,idle
1778096855.8302474,g5.hpc.coe,41393.0,0.5001,0.0,0.0,0.0,12288.0,135347541679.0,136420421721.0,137615467.0,139218296.0,2565902.0,0.0,0.0,0.0,0.0,0.0,0.0,0.0,0.0,0.0,0.0,0.0,0.0,831.0,79.0,3.0,2.0,0.0,0.0,0.0,0.0,0.0,0.0,0.0,0.0,0.0,idle
,idle,,,,,,,,,,,,,,,,,,,,,,,,,,,,,,,,,,,,,idle
1778096856.3303983,g5.hpc.coe,41393.0,0.5002,0.0,0.0,0.0,12288.0,135347542553.0,136420421800.0,137615470.0,139218298.0,2565902.0,0.0,0.0,0.0,0.0,0.0,0.0,0.0,0.0,0.0,0.0,0.0,0.0,874.0,79.0,3.0,2.0,0.0,0.0,0.0,0.0,0.0,0.0,0.0,0.0,0.0,idle
,idle,,,,,,,,,,,,,,,,,,,,,,,,,,,,,,,,,,,,,idle
1778096856.8305235,g5.hpc.coe,41393.0,0.5001,0.0,0.0,0.0,12288.0,135347544026.0,136420422326.0,137615485.0,139218308.0,2565902.0,0.0,0.0,0.0,0.0,0.0,0.0,0.0,0.0,0.0,0.0,0.0,0.0,1473.0,526.0,15.0,10.0,0.0,0.0,0.0,0.0,0.0,0.0,0.0,0.0,0.0,idle
,idle,,,,,,,,,,,,,,,,,,,,,,,,,,,,,,,,,,,,,idle
1778096857.3306596,g5.hpc.coe,41393.0,0.5001,0.0,0.0,0.0,12288.0,135347545029.0,136420422405.0,137615490.0,139218310.0,2565902.0,0.0,0.0,0.0,0.0,0.0,0.0,0.0,0.0,0.0,0.0,0.0,0.0,1003.0,79.0,5.0,2.0,0.0,0.0,0.0,0.0,0.0,0.0,0.0,0.0,0.0,idle
,idle,,,,,,,,,,,,,,,,,,,,,,,,,,,,,,,,,,,,,idle
1778096857.8307989,g5.hpc.coe,41393.0,0.5001,0.0,0.0,0.0,12288.0,135347546031.0,136420422484.0,137615493.0,139218312.0,2565902.0,0.0,0.0,0.0,0.0,0.0,0.0,0.0,0.0,0.0,0.0,0.0,0.0,1002.0,79.0,3.0,2.0,0.0,0.0,0.0,0.0,0.0,0.0,0.0,0.0,0.0,idle
,idle,,,,,,,,,,,,,,,,,,,,,,,,,,,,,,,,,,,,,idle
1778096858.3309405,g5.hpc.coe,41393.0,0.5001,0.0,0.0,0.0,12288.0,135347547075.0,136420422563.0,137615496.0,139218314.0,2565902.0,0.0,0.0,0.0,0.0,0.0,0.0,0.0,0.0,0.0,0.0,0.0,0.0,1044.0,79.0,3.0,2.0,0.0,0.0,0.0,0.0,0.0,0.0,0.0,0.0,0.0,idle
,idle,,,,,,,,,,,,,,,,,,,,,,,,,,,,,,,,,,,,,idle
1778096858.8310776,g5.hpc.coe,41393.0,0.5001,0.0,0.0,0.0,12288.0,135347548184.0,136420422642.0,137615500.0,139218316.0,2565902.0,0.0,0.0,0.0,0.0,0.0,0.0,0.0,0.0,0.0,0.0,0.0,0.0,1109.0,79.0,4.0,2.0,0.0,0.0,0.0,0.0,0.0,0.0,0.0,0.0,0.0,idle
,idle,,,,,,,,,,,,,,,,,,,,,,,,,,,,,,,,,,,,,idle
1778096859.3311863,g5.hpc.coe,41393.0,0.5001,0.0,0.0,0.0,12288.0,135347549592.0,136420422976.0,137615509.0,139218323.0,2565902.0,0.0,0.0,0.0,0.0,0.0,0.0,0.0,0.0,0.0,0.0,0.0,0.0,1408.0,334.0,9.0,7.0,0.0,0.0,0.0,0.0,0.0,0.0,0.0,0.0,0.0,idle
,idle,,,,,,,,,,,,,,,,,,,,,,,,,,,,,,,,,,,,,idle
1778096859.8313167,g5.hpc.coe,41393.0,0.5001,0.0,0.0,0.0,12288.0,135347549740.0,136420423033.0,137615512.0,139218324.0,2565902.0,0.0,0.0,0.0,0.0,0.0,0.0,0.0,0.0,0.0,0.0,0.0,0.0,148.0,57.0,3.0,1.0,0.0,0.0,0.0,0.0,0.0,0.0,0.0,0.0,0.0,idle
,idle,,,,,,,,,,,,,,,,,,,,,,,,,,,,,,,,,,,,,idle
1778096860.3314545,g5.hpc.coe,41393.0,0.5001,0.0,0.0,0.0,12288.0,135347549985.0,136420423145.0,137615516.0,139218326.0,2565902.0,0.0,0.0,0.0,0.0,0.0,0.0,0.0,0.0,0.0,0.0,0.0,0.0,245.0,112.0,4.0,2.0,0.0,0.0,0.0,0.0,0.0,0.0,0.0,0.0,0.0,idle
,idle,,,,,,,,,,,,,,,,,,,,,,,,,,,,,,,,,,,,,idle
1778096860.8315916,g5.hpc.coe,41393.0,0.5001,0.0,0.0,0.0,12288.0,135347550196.0,136420423202.0,137615518.0,139218327.0,2565902.0,0.0,0.0,0.0,0.0,0.0,0.0,0.0,0.0,0.0,0.0,0.0,0.0,211.0,57.0,2.0,1.0,0.0,0.0,0.0,0.0,0.0,0.0,0.0,0.0,0.0,idle
,idle,,,,,,,,,,,,,,,,,,,,,,,,,,,,,,,,,,,,,idle
1778096861.3317263,g5.hpc.coe,41393.0,0.5001,0.0,0.0,0.0,12288.0,135347550449.0,136420423259.0,137615520.0,139218328.0,2565902.0,0.0,0.0,0.0,0.0,0.0,0.0,0.0,0.0,0.0,0.0,0.0,0.0,253.0,57.0,2.0,1.0,0.0,0.0,0.0,0.0,0.0,0.0,0.0,0.0,0.0,idle
,idle,,,,,,,,,,,,,,,,,,,,,,,,,,,,,,,,,,,,,idle
1778096861.8318431,g5.hpc.coe,41393.0,0.5001,0.0,0.0,0.0,12288.0,135347550744.0,136420423316.0,137615522.0,139218329.0,2565902.0,0.0,0.0,0.0,0.0,0.0,0.0,0.0,0.0,0.0,0.0,0.0,0.0,295.0,57.0,2.0,1.0,0.0,0.0,0.0,0.0,0.0,0.0,0.0,0.0,0.0,idle
,idle,,,,,,,,,,,,,,,,,,,,,,,,,,,,,,,,,,,,,idle
1778096862.3319852,g5.hpc.coe,41393.0,0.5001,0.0,0.0,0.0,12288.0,135347551081.0,136420423373.0,137615524.0,139218330.0,2565902.0,0.0,0.0,0.0,0.0,0.0,0.0,0.0,0.0,0.0,0.0,0.0,0.0,337.0,57.0,2.0,1.0,0.0,0.0,0.0,0.0,0.0,0.0,0.0,0.0,0.0,idle
,idle,,,,,,,,,,,,,,,,,,,,,,,,,,,,,,,,,,,,,idle
1778096862.832131,g5.hpc.coe,41393.0,0.5001,0.0,0.0,0.0,12288.0,135347551461.0,136420423430.0,137615526.0,139218331.0,2565902.0,0.0,0.0,0.0,0.0,0.0,0.0,0.0,0.0,0.0,0.0,0.0,0.0,380.0,57.0,2.0,1.0,0.0,0.0,0.0,0.0,0.0,0.0,0.0,0.0,0.0,idle
,idle,,,,,,,,,,,,,,,,,,,,,,,,,,,,,,,,,,,,,idle
1778096863.3322644,g5.hpc.coe,41393.0,0.5001,0.0,0.0,0.0,12288.0,135347551883.0,136420423487.0,137615528.0,139218332.0,2565902.0,0.0,0.0,0.0,0.0,0.0,0.0,0.0,0.0,0.0,0.0,0.0,0.0,422.0,57.0,2.0,1.0,0.0,0.0,0.0,0.0,0.0,0.0,0.0,0.0,0.0,idle
,idle,,,,,,,,,,,,,,,,,,,,,,,,,,,,,,,,,,,,,idle
1778096863.832385,g5.hpc.coe,41393.0,0.5001,0.0,0.0,0.0,12288.0,135347552347.0,136420423544.0,137615530.0,139218333.0,2565902.0,0.0,0.0,0.0,0.0,0.0,0.0,0.0,0.0,0.0,0.0,0.0,0.0,464.0,57.0,2.0,1.0,0.0,0.0,0.0,0.0,0.0,0.0,0.0,0.0,0.0,idle
,idle,,,,,,,,,,,,,,,,,,,,,,,,,,,,,,,,,,,,,idle
1778096864.3325036,g5.hpc.coe,41393.0,0.5001,0.0,0.0,0.0,12288.0,135347552853.0,136420423601.0,137615532.0,139218334.0,2565902.0,0.0,0.0,0.0,0.0,0.0,0.0,0.0,0.0,0.0,0.0,0.0,0.0,506.0,57.0,2.0,1.0,0.0,0.0,0.0,0.0,0.0,0.0,0.0,0.0,0.0,idle
,idle,,,,,,,,,,,,,,,,,,,,,,,,,,,,,,,,,,,,,idle
1778096864.8326426,g5.hpc.coe,41393.0,0.5001,0.0,0.0,0.0,12288.0,135347553423.0,136420423680.0,137615535.0,139218336.0,2565902.0,0.0,0.0,0.0,0.0,0.0,0.0,0.0,0.0,0.0,0.0,0.0,0.0,570.0,79.0,3.0,2.0,0.0,0.0,0.0,0.0,0.0,0.0,0.0,0.0,0.0,idle
,idle,,,,,,,,,,,,,,,,,,,,,,,,,,,,,,,,,,,,,idle
1778096865.3327603,g5.hpc.coe,41393.0,0.5001,0.0,0.0,0.0,12288.0,135347554112.0,136420423814.0,137615540.0,139218339.0,2565902.0,0.0,0.0,0.0,0.0,0.0,0.0,0.0,0.0,0.0,0.0,0.0,0.0,689.0,134.0,5.0,3.0,0.0,0.0,0.0,0.0,0.0,0.0,0.0,0.0,0.0,idle
,idle,,,,,,,,,,,,,,,,,,,,,,,,,,,,,,,,,,,,,idle
1778096865.8328984,g5.hpc.coe,41393.0,0.5001,0.0,0.0,0.0,12288.0,135347554767.0,136420423893.0,137615543.0,139218341.0,2565902.0,0.0,0.0,0.0,0.0,0.0,0.0,0.0,0.0,0.0,0.0,0.0,0.0,655.0,79.0,3.0,2.0,0.0,0.0,0.0,0.0,0.0,0.0,0.0,0.0,0.0,idle
,idle,,,,,,,,,,,,,,,,,,,,,,,,,,,,,,,,,,,,,idle
1778096866.3330395,g5.hpc.coe,41393.0,0.5001,0.0,0.0,0.0,12288.0,135347555464.0,136420423972.0,137615546.0,139218343.0,2565902.0,0.0,0.0,0.0,0.0,0.0,0.0,0.0,0.0,0.0,0.0,0.0,0.0,697.0,79.0,3.0,2.0,0.0,0.0,0.0,0.0,0.0,0.0,0.0,0.0,0.0,idle
,idle,,,,,,,,,,,,,,,,,,,,,,,,,,,,,,,,,,,,,idle
1778096866.833175,g5.hpc.coe,41393.0,0.5001,0.0,0.0,0.0,12288.0,135347556203.0,136420424051.0,137615549.0,139218345.0,2565902.0,0.0,0.0,0.0,0.0,0.0,0.0,0.0,0.0,0.0,0.0,0.0,0.0,739.0,79.0,3.0,2.0,0.0,0.0,0.0,0.0,0.0,0.0,0.0,0.0,0.0,idle
,idle,,,,,,,,,,,,,,,,,,,,,,,,,,,,,,,,,,,,,idle
1778096867.3332877,g5.hpc.coe,41393.0,0.5001,0.0,0.0,0.0,12288.0,135347556984.0,136420424130.0,137615552.0,139218347.0,2565902.0,0.0,0.0,0.0,0.0,0.0,0.0,0.0,0.0,0.0,0.0,0.0,0.0,781.0,79.0,3.0,2.0,0.0,0.0,0.0,0.0,0.0,0.0,0.0,0.0,0.0,idle
,idle,,,,,,,,,,,,,,,,,,,,,,,,,,,,,,,,,,,,,idle
1778096867.833425,g5.hpc.coe,41393.0,0.5001,0.0,0.0,0.0,12288.0,135347557808.0,136420424209.0,137615555.0,139218349.0,2565902.0,0.0,0.0,0.0,0.0,0.0,0.0,0.0,0.0,0.0,0.0,0.0,0.0,824.0,79.0,3.0,2.0,0.0,0.0,0.0,0.0,0.0,0.0,0.0,0.0,0.0,idle
,idle,,,,,,,,,,,,,,,,,,,,,,,,,,,,,,,,,,,,,idle
1778096868.333568,g5.hpc.coe,41393.0,0.5001,0.0,0.0,0.0,12288.0,135347558674.0,136420424288.0,137615558.0,139218351.0,2565902.0,0.0,0.0,0.0,0.0,0.0,0.0,0.0,0.0,0.0,0.0,0.0,0.0,866.0,79.0,3.0,2.0,0.0,0.0,0.0,0.0,0.0,0.0,0.0,0.0,0.0,idle
,idle,,,,,,,,,,,,,,,,,,,,,,,,,,,,,,,,,,,,,idle
1778096868.8337042,g5.hpc.coe,41393.0,0.5001,0.0,0.0,0.0,12288.0,135347559582.0,136420424367.0,137615561.0,139218353.0,2565902.0,0.0,0.0,0.0,0.0,0.0,0.0,0.0,0.0,0.0,0.0,0.0,0.0,908.0,79.0,3.0,2.0,0.0,0.0,0.0,0.0,0.0,0.0,0.0,0.0,0.0,idle
,idle,,,,,,,,,,,,,,,,,,,,,,,,,,,,,,,,,,,,,idle
1778096869.33384,g5.hpc.coe,41393.0,0.5001,0.0,0.0,0.0,12288.0,135347560532.0,136420424446.0,137615564.0,139218355.0,2565902.0,0.0,0.0,0.0,0.0,0.0,0.0,0.0,0.0,0.0,0.0,0.0,0.0,950.0,79.0,3.0,2.0,0.0,0.0,0.0,0.0,0.0,0.0,0.0,0.0,0.0,idle
,idle,,,,,,,,,,,,,,,,,,,,,,,,,,,,,,,,,,,,,idle
1778096869.8339553,g5.hpc.coe,41393.0,0.5001,0.0,0.0,0.0,12288.0,135347561524.0,136420424525.0,137615567.0,139218357.0,2565902.0,0.0,0.0,0.0,0.0,0.0,0.0,0.0,0.0,0.0,0.0,0.0,0.0,992.0,79.0,3.0,2.0,0.0,0.0,0.0,0.0,0.0,0.0,0.0,0.0,0.0,idle
,idle,,,,,,,,,,,,,,,,,,,,,,,,,,,,,,,,,,,,,idle
1778096870.334092,g5.hpc.coe,41393.0,0.5001,0.0,0.0,0.0,12288.0,135347562613.0,136420424659.0,137615571.0,139218360.0,2565902.0,0.0,0.0,0.0,0.0,0.0,0.0,0.0,0.0,0.0,0.0,0.0,0.0,1089.0,134.0,4.0,3.0,0.0,0.0,0.0,0.0,0.0,0.0,0.0,0.0,0.0,idle
,idle,,,,,,,,,,,,,,,,,,,,,,,,,,,,,,,,,,,,,idle
1778096870.834237,g5.hpc.coe,41393.0,0.5001,0.0,0.0,0.0,12288.0,135347563734.0,136420424738.0,137615576.0,139218362.0,2565902.0,0.0,0.0,0.0,0.0,0.0,0.0,0.0,0.0,0.0,0.0,0.0,0.0,1121.0,79.0,5.0,2.0,0.0,0.0,0.0,0.0,0.0,0.0,0.0,0.0,0.0,idle
,idle,,,,,,,,,,,,,,,,,,,,,,,,,,,,,,,,,,,,,idle
1778096871.3343542,g5.hpc.coe,41393.0,0.5001,0.0,0.0,0.0,12288.0,135347564875.0,136420424817.0,137615580.0,139218364.0,2565902.0,0.0,0.0,0.0,0.0,0.0,0.0,0.0,0.0,0.0,0.0,0.0,0.0,1141.0,79.0,4.0,2.0,0.0,0.0,0.0,0.0,0.0,0.0,0.0,0.0,0.0,idle
,idle,,,,,,,,,,,,,,,,,,,,,,,,,,,,,,,,,,,,,idle
1778096871.8344803,g5.hpc.coe,41393.0,0.5001,0.0,0.0,0.0,12288.0,135347566616.0,136420425343.0,137615596.0,139218374.0,2565902.0,0.0,0.0,0.0,0.0,0.0,0.0,0.0,0.0,0.0,0.0,0.0,0.0,1741.0,526.0,16.0,10.0,0.0,0.0,0.0,0.0,0.0,0.0,0.0,0.0,0.0,idle
,idle,,,,,,,,,,,,,,,,,,,,,,,,,,,,,,,,,,,,,idle
1778096872.334617,g5.hpc.coe,41393.0,0.5001,0.0,0.0,0.0,12288.0,135347566819.0,136420425400.0,137615600.0,139218375.0,2565902.0,0.0,0.0,0.0,0.0,0.0,0.0,0.0,0.0,0.0,0.0,0.0,0.0,203.0,57.0,4.0,1.0,0.0,0.0,0.0,0.0,0.0,0.0,0.0,0.0,0.0,idle
,idle,,,,,,,,,,,,,,,,,,,,,,,,,,,,,,,,,,,,,idle
1778096872.834738,g5.hpc.coe,41393.0,0.5001,0.0,0.0,0.0,12288.0,135347567020.0,136420425457.0,137615602.0,139218376.0,2565902.0,0.0,0.0,0.0,0.0,0.0,0.0,0.0,0.0,0.0,0.0,0.0,0.0,201.0,57.0,2.0,1.0,0.0,0.0,0.0,0.0,0.0,0.0,0.0,0.0,0.0,idle
,idle,,,,,,,,,,,,,,,,,,,,,,,,,,,,,,,,,,,,,idle
1778096873.3348618,g5.hpc.coe,41393.0,0.5001,0.0,0.0,0.0,12288.0,135347567263.0,136420425514.0,137615604.0,139218377.0,2565902.0,0.0,0.0,0.0,0.0,0.0,0.0,0.0,0.0,0.0,0.0,0.0,0.0,243.0,57.0,2.0,1.0,0.0,0.0,0.0,0.0,0.0,0.0,0.0,0.0,0.0,idle
,idle,,,,,,,,,,,,,,,,,,,,,,,,,,,,,,,,,,,,,idle
1778096873.8350055,g5.hpc.coe,41393.0,0.5001,0.0,0.0,0.0,12288.0,135347567548.0,136420425571.0,137615606.0,139218378.0,2565902.0,0.0,0.0,0.0,0.0,0.0,0.0,0.0,0.0,0.0,0.0,0.0,0.0,285.0,57.0,2.0,1.0,0.0,0.0,0.0,0.0,0.0,0.0,0.0,0.0,0.0,idle
,idle,,,,,,,,,,,,,,,,,,,,,,,,,,,,,,,,,,,,,idle
1778096874.3351457,g5.hpc.coe,41393.0,0.5001,0.0,0.0,0.0,12288.0,135347567876.0,136420425628.0,137615608.0,139218379.0,2565902.0,0.0,0.0,0.0,0.0,0.0,0.0,0.0,0.0,0.0,0.0,0.0,0.0,328.0,57.0,2.0,1.0,0.0,0.0,0.0,0.0,0.0,0.0,0.0,0.0,0.0,idle
,idle,,,,,,,,,,,,,,,,,,,,,,,,,,,,,,,,,,,,,idle
1778096874.8352864,g5.hpc.coe,41393.0,0.5001,0.0,0.0,0.0,12288.0,135347568246.0,136420425685.0,137615610.0,139218380.0,2565902.0,0.0,0.0,0.0,0.0,0.0,0.0,0.0,0.0,0.0,0.0,0.0,0.0,370.0,57.0,2.0,1.0,0.0,0.0,0.0,0.0,0.0,0.0,0.0,0.0,0.0,idle
,idle,,,,,,,,,,,,,,,,,,,,,,,,,,,,,,,,,,,,,idle
1778096875.3354204,g5.hpc.coe,41393.0,0.5001,0.0,0.0,0.0,12288.0,135347568658.0,136420425742.0,137615612.0,139218381.0,2565902.0,0.0,0.0,0.0,0.0,0.0,0.0,0.0,0.0,0.0,0.0,0.0,0.0,412.0,57.0,2.0,1.0,0.0,0.0,0.0,0.0,0.0,0.0,0.0,0.0,0.0,idle
,idle,,,,,,,,,,,,,,,,,,,,,,,,,,,,,,,,,,,,,idle
1778096875.8355758,g5.hpc.coe,41393.0,0.5002,0.0,0.0,0.0,12288.0,135347569189.0,136420425854.0,137615616.0,139218383.0,2565902.0,0.0,0.0,0.0,0.0,0.0,0.0,0.0,0.0,0.0,0.0,0.0,0.0,531.0,112.0,4.0,2.0,0.0,0.0,0.0,0.0,0.0,0.0,0.0,0.0,0.0,idle
,idle,,,,,,,,,,,,,,,,,,,,,,,,,,,,,,,,,,,,,idle
1778096876.3357184,g5.hpc.coe,41393.0,0.5001,0.0,0.0,0.0,12288.0,135347569686.0,136420425911.0,137615618.0,139218384.0,2565902.0,0.0,0.0,0.0,0.0,0.0,0.0,0.0,0.0,0.0,0.0,0.0,0.0,497.0,57.0,2.0,1.0,0.0,0.0,0.0,0.0,0.0,0.0,0.0,0.0,0.0,idle
,idle,,,,,,,,,,,,,,,,,,,,,,,,,,,,,,,,,,,,,idle
1778096876.8358378,g5.hpc.coe,41393.0,0.5001,0.0,0.0,0.0,12288.0,135347570225.0,136420425968.0,137615620.0,139218385.0,2565902.0,0.0,0.0,0.0,0.0,0.0,0.0,0.0,0.0,0.0,0.0,0.0,0.0,539.0,57.0,2.0,1.0,0.0,0.0,0.0,0.0,0.0,0.0,0.0,0.0,0.0,idle
,idle,,,,,,,,,,,,,,,,,,,,,,,,,,,,,,,,,,,,,idle
1778096877.3359568,g5.hpc.coe,41393.0,0.5001,0.0,0.0,0.0,12288.0,135347570828.0,136420426047.0,137615623.0,139218387.0,2565902.0,0.0,0.0,0.0,0.0,0.0,0.0,0.0,0.0,0.0,0.0,0.0,0.0,603.0,79.0,3.0,2.0,0.0,0.0,0.0,0.0,0.0,0.0,0.0,0.0,0.0,idle
,idle,,,,,,,,,,,,,,,,,,,,,,,,,,,,,,,,,,,,,idle
1778096877.8360932,g5.hpc.coe,41393.0,0.5001,0.0,0.0,0.0,12288.0,135347571474.0,136420426126.0,137615626.0,139218389.0,2565902.0,0.0,0.0,0.0,0.0,0.0,0.0,0.0,0.0,0.0,0.0,0.0,0.0,646.0,79.0,3.0,2.0,0.0,0.0,0.0,0.0,0.0,0.0,0.0,0.0,0.0,idle
,idle,,,,,,,,,,,,,,,,,,,,,,,,,,,,,,,,,,,,,idle
1778096878.3362343,g5.hpc.coe,41393.0,0.5001,0.0,0.0,0.0,12288.0,135347572162.0,136420426205.0,137615629.0,139218391.0,2565902.0,0.0,0.0,0.0,0.0,0.0,0.0,0.0,0.0,0.0,0.0,0.0,0.0,688.0,79.0,3.0,2.0,0.0,0.0,0.0,0.0,0.0,0.0,0.0,0.0,0.0,idle
,idle,,,,,,,,,,,,,,,,,,,,,,,,,,,,,,,,,,,,,idle
1778096878.8364062,g5.hpc.coe,41393.0,0.5002,0.0,0.0,0.0,12288.0,135347572892.0,136420426284.0,137615632.0,139218393.0,2565902.0,0.0,0.0,0.0,0.0,0.0,0.0,0.0,0.0,0.0,0.0,0.0,0.0,730.0,79.0,3.0,2.0,0.0,0.0,0.0,0.0,0.0,0.0,0.0,0.0,0.0,idle
,idle,,,,,,,,,,,,,,,,,,,,,,,,,,,,,,,,,,,,,idle
1778096879.336547,g5.hpc.coe,41393.0,0.5001,0.0,0.0,0.0,12288.0,135347573664.0,136420426363.0,137615635.0,139218395.0,2565902.0,0.0,0.0,0.0,0.0,0.0,0.0,0.0,0.0,0.0,0.0,0.0,0.0,772.0,79.0,3.0,2.0,0.0,0.0,0.0,0.0,0.0,0.0,0.0,0.0,0.0,idle
,idle,,,,,,,,,,,,,,,,,,,,,,,,,,,,,,,,,,,,,idle
1778096879.836685,g5.hpc.coe,41393.0,0.5001,0.0,0.0,0.0,12288.0,135347574479.0,136420426442.0,137615638.0,139218397.0,2565902.0,0.0,0.0,0.0,0.0,0.0,0.0,0.0,0.0,0.0,0.0,0.0,0.0,815.0,79.0,3.0,2.0,0.0,0.0,0.0,0.0,0.0,0.0,0.0,0.0,0.0,idle
,idle,,,,,,,,,,,,,,,,,,,,,,,,,,,,,,,,,,,,,idle
1778096880.3368196,g5.hpc.coe,41393.0,0.5001,0.0,0.0,0.0,12288.0,135347575336.0,136420426521.0,137615641.0,139218399.0,2565902.0,0.0,0.0,0.0,0.0,0.0,0.0,0.0,0.0,0.0,0.0,0.0,0.0,857.0,79.0,3.0,2.0,0.0,0.0,0.0,0.0,0.0,0.0,0.0,0.0,0.0,idle
,idle,,,,,,,,,,,,,,,,,,,,,,,,,,,,,,,,,,,,,idle
1778096880.8369296,g5.hpc.coe,41393.0,0.5001,0.0,0.0,0.0,12288.0,135347576312.0,136420426655.0,137615646.0,139218402.0,2565902.0,0.0,0.0,0.0,0.0,0.0,0.0,0.0,0.0,0.0,0.0,0.0,0.0,976.0,134.0,5.0,3.0,0.0,0.0,0.0,0.0,0.0,0.0,0.0,0.0,0.0,idle
,idle,,,,,,,,,,,,,,,,,,,,,,,,,,,,,,,,,,,,,idle
1778096881.337069,g5.hpc.coe,41393.0,0.5001,0.0,0.0,0.0,12288.0,135347577253.0,136420426734.0,137615649.0,139218404.0,2565902.0,0.0,0.0,0.0,0.0,0.0,0.0,0.0,0.0,0.0,0.0,0.0,0.0,941.0,79.0,3.0,2.0,0.0,0.0,0.0,0.0,0.0,0.0,0.0,0.0,0.0,idle
,idle,,,,,,,,,,,,,,,,,,,,,,,,,,,,,,,,,,,,,idle
1778096881.837209,g5.hpc.coe,41393.0,0.5001,0.0,0.0,0.0,12288.0,135347578236.0,136420426813.0,137615652.0,139218406.0,2565902.0,0.0,0.0,0.0,0.0,0.0,0.0,0.0,0.0,0.0,0.0,0.0,0.0,983.0,79.0,3.0,2.0,0.0,0.0,0.0,0.0,0.0,0.0,0.0,0.0,0.0,idle
,idle,,,,,,,,,,,,,,,,,,,,,,,,,,,,,,,,,,,,,idle
1778096882.3373508,g5.hpc.coe,41393.0,0.5001,0.0,0.0,0.0,12288.0,135347579261.0,136420426892.0,137615655.0,139218408.0,2565902.0,0.0,0.0,0.0,0.0,0.0,0.0,0.0,0.0,0.0,0.0,0.0,0.0,1025.0,79.0,3.0,2.0,0.0,0.0,0.0,0.0,0.0,0.0,0.0,0.0,0.0,idle
,idle,,,,,,,,,,,,,,,,,,,,,,,,,,,,,,,,,,,,,idle
1778096882.8374877,g5.hpc.coe,41393.0,0.5001,0.0,0.0,0.0,12288.0,135347580351.0,136420426971.0,137615659.0,139218410.0,2565902.0,0.0,0.0,0.0,0.0,0.0,0.0,0.0,0.0,0.0,0.0,0.0,0.0,1090.0,79.0,4.0,2.0,0.0,0.0,0.0,0.0,0.0,0.0,0.0,0.0,0.0,idle
,idle,,,,,,,,,,,,,,,,,,,,,,,,,,,,,,,,,,,,,idle
1778096883.3375983,g5.hpc.coe,41393.0,0.5001,0.0,0.0,0.0,12288.0,135347581483.0,136420427050.0,137615663.0,139218412.0,2565902.0,0.0,0.0,0.0,0.0,0.0,0.0,0.0,0.0,0.0,0.0,0.0,0.0,1132.0,79.0,4.0,2.0,0.0,0.0,0.0,0.0,0.0,0.0,0.0,0.0,0.0,idle
,idle,,,,,,,,,,,,,,,,,,,,,,,,,,,,,,,,,,,,,idle
1778096883.8377187,g5.hpc.coe,41393.0,0.5001,0.0,0.0,0.0,12288.0,135347582658.0,136420427129.0,137615667.0,139218414.0,2565902.0,0.0,0.0,0.0,0.0,0.0,0.0,0.0,0.0,0.0,0.0,0.0,0.0,1175.0,79.0,4.0,2.0,0.0,0.0,0.0,0.0,0.0,0.0,0.0,0.0,0.0,idle
,idle,,,,,,,,,,,,,,,,,,,,,,,,,,,,,,,,,,,,,idle
1778096884.337863,g5.hpc.coe,41393.0,0.5001,0.0,0.0,0.0,12288.0,135347582807.0,136420427186.0,137615669.0,139218415.0,2565902.0,0.0,0.0,0.0,0.0,0.0,0.0,0.0,0.0,0.0,0.0,0.0,0.0,149.0,57.0,2.0,1.0,0.0,0.0,0.0,0.0,0.0,0.0,0.0,0.0,0.0,idle
,idle,,,,,,,,,,,,,,,,,,,,,,,,,,,,,,,,,,,,,idle
1778096884.8379805,g5.hpc.coe,41393.0,0.5001,0.0,0.0,0.0,12288.0,135347582998.0,136420427243.0,137615671.0,139218416.0,2565902.0,0.0,0.0,0.0,0.0,0.0,0.0,0.0,0.0,0.0,0.0,0.0,0.0,191.0,57.0,2.0,1.0,0.0,0.0,0.0,0.0,0.0,0.0,0.0,0.0,0.0,idle
,idle,,,,,,,,,,,,,,,,,,,,,,,,,,,,,,,,,,,,,idle
1778096885.3381264,g5.hpc.coe,41393.0,0.5001,0.0,0.0,0.0,12288.0,135347583232.0,136420427300.0,137615673.0,139218417.0,2565902.0,0.0,0.0,0.0,0.0,0.0,0.0,0.0,0.0,0.0,0.0,0.0,0.0,234.0,57.0,2.0,1.0,0.0,0.0,0.0,0.0,0.0,0.0,0.0,0.0,0.0,idle
,idle,,,,,,,,,,,,,,,,,,,,,,,,,,,,,,,,,,,,,idle
1778096885.8382664,g5.hpc.coe,41393.0,0.5001,0.0,0.0,0.0,12288.0,135347583585.0,136420427412.0,137615677.0,139218419.0,2565902.0,0.0,0.0,0.0,0.0,0.0,0.0,0.0,0.0,0.0,0.0,0.0,0.0,353.0,112.0,4.0,2.0,0.0,0.0,0.0,0.0,0.0,0.0,0.0,0.0,0.0,idle
,idle,,,,,,,,,,,,,,,,,,,,,,,,,,,,,,,,,,,,,idle
1778096886.338411,g5.hpc.coe,41393.0,0.5001,0.0,0.0,0.0,12288.0,135347583903.0,136420427469.0,137615679.0,139218420.0,2565902.0,0.0,0.0,0.0,0.0,0.0,0.0,0.0,0.0,0.0,0.0,0.0,0.0,318.0,57.0,2.0,1.0,0.0,0.0,0.0,0.0,0.0,0.0,0.0,0.0,0.0,idle
,idle,,,,,,,,,,,,,,,,,,,,,,,,,,,,,,,,,,,,,idle
1778096886.838537,g5.hpc.coe,41393.0,0.5001,0.0,0.0,0.0,12288.0,135347584820.0,136420427973.0,137615693.0,139218429.0,2565902.0,0.0,0.0,0.0,0.0,0.0,0.0,0.0,0.0,0.0,0.0,0.0,0.0,917.0,504.0,14.0,9.0,0.0,0.0,0.0,0.0,0.0,0.0,0.0,0.0,0.0,idle
,idle,,,,,,,,,,,,,,,,,,,,,,,,,,,,,,,,,,,,,idle
1778096887.3386738,g5.hpc.coe,41393.0,0.5001,0.0,0.0,0.0,12288.0,135347585267.0,136420428030.0,137615697.0,139218430.0,2565902.0,0.0,0.0,0.0,0.0,0.0,0.0,0.0,0.0,0.0,0.0,0.0,0.0,447.0,57.0,4.0,1.0,0.0,0.0,0.0,0.0,0.0,0.0,0.0,0.0,0.0,idle
,idle,,,,,,,,,,,,,,,,,,,,,,,,,,,,,,,,,,,,,idle
1778096887.8388171,g5.hpc.coe,41393.0,0.5001,0.0,0.0,0.0,12288.0,135347585712.0,136420428087.0,137615699.0,139218431.0,2565902.0,0.0,0.0,0.0,0.0,0.0,0.0,0.0,0.0,0.0,0.0,0.0,0.0,445.0,57.0,2.0,1.0,0.0,0.0,0.0,0.0,0.0,0.0,0.0,0.0,0.0,idle
,idle,,,,,,,,,,,,,,,,,,,,,,,,,,,,,,,,,,,,,idle
1778096888.33893,g5.hpc.coe,41393.0,0.5001,0.0,0.0,0.0,12288.0,135347586199.0,136420428144.0,137615701.0,139218432.0,2565902.0,0.0,0.0,0.0,0.0,0.0,0.0,0.0,0.0,0.0,0.0,0.0,0.0,487.0,57.0,2.0,1.0,0.0,0.0,0.0,0.0,0.0,0.0,0.0,0.0,0.0,idle
,idle,,,,,,,,,,,,,,,,,,,,,,,,,,,,,,,,,,,,,idle
1778096888.8390646,g5.hpc.coe,41393.0,0.5001,0.0,0.0,0.0,12288.0,135347586729.0,136420428201.0,137615703.0,139218433.0,2565902.0,0.0,0.0,0.0,0.0,0.0,0.0,0.0,0.0,0.0,0.0,0.0,0.0,530.0,57.0,2.0,1.0,0.0,0.0,0.0,0.0,0.0,0.0,0.0,0.0,0.0,idle
,idle,,,,,,,,,,,,,,,,,,,,,,,,,,,,,,,,,,,,,idle
1778096889.3392105,g5.hpc.coe,41393.0,0.5001,0.0,0.0,0.0,12288.0,135347587323.0,136420428280.0,137615706.0,139218435.0,2565902.0,0.0,0.0,0.0,0.0,0.0,0.0,0.0,0.0,0.0,0.0,0.0,0.0,594.0,79.0,3.0,2.0,0.0,0.0,0.0,0.0,0.0,0.0,0.0,0.0,0.0,idle
,idle,,,,,,,,,,,,,,,,,,,,,,,,,,,,,,,,,,,,,idle
1778096889.839349,g5.hpc.coe,41393.0,0.5001,0.0,0.0,0.0,12288.0,135347587959.0,136420428359.0,137615709.0,139218437.0,2565902.0,0.0,0.0,0.0,0.0,0.0,0.0,0.0,0.0,0.0,0.0,0.0,0.0,636.0,79.0,3.0,2.0,0.0,0.0,0.0,0.0,0.0,0.0,0.0,0.0,0.0,idle
,idle,,,,,,,,,,,,,,,,,,,,,,,,,,,,,,,,,,,,,idle
1778096890.3394897,g5.hpc.coe,41393.0,0.5001,0.0,0.0,0.0,12288.0,135347588637.0,136420428438.0,137615712.0,139218439.0,2565902.0,0.0,0.0,0.0,0.0,0.0,0.0,0.0,0.0,0.0,0.0,0.0,0.0,678.0,79.0,3.0,2.0,0.0,0.0,0.0,0.0,0.0,0.0,0.0,0.0,0.0,idle
,idle,,,,,,,,,,,,,,,,,,,,,,,,,,,,,,,,,,,,,idle
1778096890.839625,g5.hpc.coe,41393.0,0.5001,0.0,0.0,0.0,12288.0,135347589434.0,136420428572.0,137615717.0,139218442.0,2565902.0,0.0,0.0,0.0,0.0,0.0,0.0,0.0,0.0,0.0,0.0,0.0,0.0,797.0,134.0,5.0,3.0,0.0,0.0,0.0,0.0,0.0,0.0,0.0,0.0,0.0,idle
,idle,,,,,,,,,,,,,,,,,,,,,,,,,,,,,,,,,,,,,idle
1778096891.3397584,g5.hpc.coe,41393.0,0.5001,0.0,0.0,0.0,12288.0,135347590197.0,136420428651.0,137615720.0,139218444.0,2565902.0,0.0,0.0,0.0,0.0,0.0,0.0,0.0,0.0,0.0,0.0,0.0,0.0,763.0,79.0,3.0,2.0,0.0,0.0,0.0,0.0,0.0,0.0,0.0,0.0,0.0,idle
,idle,,,,,,,,,,,,,,,,,,,,,,,,,,,,,,,,,,,,,idle
1778096891.8398955,g5.hpc.coe,41393.0,0.5001,0.0,0.0,0.0,12288.0,135347591002.0,136420428730.0,137615723.0,139218446.0,2565902.0,0.0,0.0,0.0,0.0,0.0,0.0,0.0,0.0,0.0,0.0,0.0,0.0,805.0,79.0,3.0,2.0,0.0,0.0,0.0,0.0,0.0,0.0,0.0,0.0,0.0,idle
,idle,,,,,,,,,,,,,,,,,,,,,,,,,,,,,,,,,,,,,idle
1778096892.340036,g5.hpc.coe,41393.0,0.5001,0.0,0.0,0.0,12288.0,135347591849.0,136420428809.0,137615726.0,139218448.0,2565902.0,0.0,0.0,0.0,0.0,0.0,0.0,0.0,0.0,0.0,0.0,0.0,0.0,847.0,79.0,3.0,2.0,0.0,0.0,0.0,0.0,0.0,0.0,0.0,0.0,0.0,idle
,idle,,,,,,,,,,,,,,,,,,,,,,,,,,,,,,,,,,,,,idle
1778096892.8401756,g5.hpc.coe,41393.0,0.5001,0.0,0.0,0.0,12288.0,135347592738.0,136420428888.0,137615729.0,139218450.0,2565902.0,0.0,0.0,0.0,0.0,0.0,0.0,0.0,0.0,0.0,0.0,0.0,0.0,889.0,79.0,3.0,2.0,0.0,0.0,0.0,0.0,0.0,0.0,0.0,0.0,0.0,idle
,idle,,,,,,,,,,,,,,,,,,,,,,,,,,,,,,,,,,,,,idle
1778096893.340312,g5.hpc.coe,41393.0,0.5001,0.0,0.0,0.0,12288.0,135347593669.0,136420428967.0,137615732.0,139218452.0,2565902.0,0.0,0.0,0.0,0.0,0.0,0.0,0.0,0.0,0.0,0.0,0.0,0.0,931.0,79.0,3.0,2.0,0.0,0.0,0.0,0.0,0.0,0.0,0.0,0.0,0.0,idle
,idle,,,,,,,,,,,,,,,,,,,,,,,,,,,,,,,,,,,,,idle
1778096893.8404503,g5.hpc.coe,41393.0,0.5001,0.0,0.0,0.0,12288.0,135347594642.0,136420429046.0,137615735.0,139218454.0,2565902.0,0.0,0.0,0.0,0.0,0.0,0.0,0.0,0.0,0.0,0.0,0.0,0.0,973.0,79.0,3.0,2.0,0.0,0.0,0.0,0.0,0.0,0.0,0.0,0.0,0.0,idle
,idle,,,,,,,,,,,,,,,,,,,,,,,,,,,,,,,,,,,,,idle
1778096894.340566,g5.hpc.coe,41393.0,0.5001,0.0,0.0,0.0,12288.0,135347595658.0,136420429125.0,137615738.0,139218456.0,2565902.0,0.0,0.0,0.0,0.0,0.0,0.0,0.0,0.0,0.0,0.0,0.0,0.0,1016.0,79.0,3.0,2.0,0.0,0.0,0.0,0.0,0.0,0.0,0.0,0.0,0.0,idle
,idle,,,,,,,,,,,,,,,,,,,,,,,,,,,,,,,,,,,,,idle
1778096894.840706,g5.hpc.coe,41393.0,0.5001,0.0,0.0,0.0,12288.0,135347596716.0,136420429204.0,137615741.0,139218458.0,2565902.0,0.0,0.0,0.0,0.0,0.0,0.0,0.0,0.0,0.0,0.0,0.0,0.0,1058.0,79.0,3.0,2.0,0.0,0.0,0.0,0.0,0.0,0.0,0.0,0.0,0.0,idle
,idle,,,,,,,,,,,,,,,,,,,,,,,,,,,,,,,,,,,,,idle
1778096895.340826,g5.hpc.coe,41393.0,0.5001,0.0,0.0,0.0,12288.0,135347597838.0,136420429283.0,137615745.0,139218460.0,2565902.0,0.0,0.0,0.0,0.0,0.0,0.0,0.0,0.0,0.0,0.0,0.0,0.0,1122.0,79.0,4.0,2.0,0.0,0.0,0.0,0.0,0.0,0.0,0.0,0.0,0.0,idle
,idle,,,,,,,,,,,,,,,,,,,,,,,,,,,,,,,,,,,,,idle
1778096895.840961,g5.hpc.coe,41393.0,0.5001,0.0,0.0,0.0,12288.0,135347599002.0,136420429362.0,137615749.0,139218462.0,2565902.0,0.0,0.0,0.0,0.0,0.0,0.0,0.0,0.0,0.0,0.0,0.0,0.0,1164.0,79.0,4.0,2.0,0.0,0.0,0.0,0.0,0.0,0.0,0.0,0.0,0.0,idle
,idle,,,,,,,,,,,,,,,,,,,,,,,,,,,,,,,,,,,,,idle
1778096896.3410978,g5.hpc.coe,41393.0,0.5001,0.0,0.0,0.0,12288.0,135347599218.0,136420429474.0,137615753.0,139218464.0,2565902.0,0.0,0.0,0.0,0.0,0.0,0.0,0.0,0.0,0.0,0.0,0.0,0.0,216.0,112.0,4.0,2.0,0.0,0.0,0.0,0.0,0.0,0.0,0.0,0.0,0.0,idle
,idle,,,,,,,,,,,,,,,,,,,,,,,,,,,,,,,,,,,,,idle
1778096896.841236,g5.hpc.coe,41393.0,0.5001,0.0,0.0,0.0,12288.0,135347599399.0,136420429531.0,137615755.0,139218465.0,2565902.0,0.0,0.0,0.0,0.0,0.0,0.0,0.0,0.0,0.0,0.0,0.0,0.0,181.0,57.0,2.0,1.0,0.0,0.0,0.0,0.0,0.0,0.0,0.0,0.0,0.0,idle
,idle,,,,,,,,,,,,,,,,,,,,,,,,,,,,,,,,,,,,,idle
1778096897.3413916,g5.hpc.coe,41393.0,0.5002,0.0,0.0,0.0,12288.0,135347599622.0,136420429588.0,137615757.0,139218466.0,2565902.0,0.0,0.0,0.0,0.0,0.0,0.0,0.0,0.0,0.0,0.0,0.0,0.0,223.0,57.0,2.0,1.0,0.0,0.0,0.0,0.0,0.0,0.0,0.0,0.0,0.0,idle
,idle,,,,,,,,,,,,,,,,,,,,,,,,,,,,,,,,,,,,,idle
1778096897.841529,g5.hpc.coe,41393.0,0.5001,0.0,0.0,0.0,12288.0,135347599888.0,136420429645.0,137615759.0,139218467.0,2565902.0,0.0,0.0,0.0,0.0,0.0,0.0,0.0,0.0,0.0,0.0,0.0,0.0,266.0,57.0,2.0,1.0,0.0,0.0,0.0,0.0,0.0,0.0,0.0,0.0,0.0,idle
,idle,,,,,,,,,,,,,,,,,,,,,,,,,,,,,,,,,,,,,idle
1778096898.3416638,g5.hpc.coe,41393.0,0.5001,0.0,0.0,0.0,12288.0,135347600196.0,136420429702.0,137615761.0,139218468.0,2565902.0,0.0,0.0,0.0,0.0,0.0,0.0,0.0,0.0,0.0,0.0,0.0,0.0,308.0,57.0,2.0,1.0,0.0,0.0,0.0,0.0,0.0,0.0,0.0,0.0,0.0,idle
,idle,,,,,,,,,,,,,,,,,,,,,,,,,,,,,,,,,,,,,idle
1778096898.841798,g5.hpc.coe,41393.0,0.5001,0.0,0.0,0.0,12288.0,135347600546.0,136420429759.0,137615763.0,139218469.0,2565902.0,0.0,0.0,0.0,0.0,0.0,0.0,0.0,0.0,0.0,0.0,0.0,0.0,350.0,57.0,2.0,1.0,0.0,0.0,0.0,0.0,0.0,0.0,0.0,0.0,0.0,idle
,idle,,,,,,,,,,,,,,,,,,,,,,,,,,,,,,,,,,,,,idle
1778096899.3419328,g5.hpc.coe,41393.0,0.5001,0.0,0.0,0.0,12288.0,135347600938.0,136420429816.0,137615765.0,139218470.0,2565902.0,0.0,0.0,0.0,0.0,0.0,0.0,0.0,0.0,0.0,0.0,0.0,0.0,392.0,57.0,2.0,1.0,0.0,0.0,0.0,0.0,0.0,0.0,0.0,0.0,0.0,idle
,idle,,,,,,,,,,,,,,,,,,,,,,,,,,,,,,,,,,,,,idle
1778096899.8420756,g5.hpc.coe,41393.0,0.5001,0.0,0.0,0.0,12288.0,135347601372.0,136420429873.0,137615767.0,139218471.0,2565902.0,0.0,0.0,0.0,0.0,0.0,0.0,0.0,0.0,0.0,0.0,0.0,0.0,434.0,57.0,2.0,1.0,0.0,0.0,0.0,0.0,0.0,0.0,0.0,0.0,0.0,idle
,idle,,,,,,,,,,,,,,,,,,,,,,,,,,,,,,,,,,,,,idle
1778096900.342215,g5.hpc.coe,41393.0,0.5001,0.0,0.0,0.0,12288.0,135347601849.0,136420429930.0,137615769.0,139218472.0,2565902.0,0.0,0.0,0.0,0.0,0.0,0.0,0.0,0.0,0.0,0.0,0.0,0.0,477.0,57.0,2.0,1.0,0.0,0.0,0.0,0.0,0.0,0.0,0.0,0.0,0.0,idle
,idle,,,,,,,,,,,,,,,,,,,,,,,,,,,,,,,,,,,,,idle
1778096900.842365,g5.hpc.coe,41393.0,0.5001,0.0,0.0,0.0,12288.0,135347602368.0,136420429987.0,137615771.0,139218473.0,2565902.0,0.0,0.0,0.0,0.0,0.0,0.0,0.0,0.0,0.0,0.0,0.0,0.0,519.0,57.0,2.0,1.0,0.0,0.0,0.0,0.0,0.0,0.0,0.0,0.0,0.0,idle
,idle,,,,,,,,,,,,,,,,,,,,,,,,,,,,,,,,,,,,,idle
1778096901.3425107,g5.hpc.coe,41393.0,0.5001,0.0,0.0,0.0,12288.0,135347603028.0,136420430121.0,137615776.0,139218476.0,2565902.0,0.0,0.0,0.0,0.0,0.0,0.0,0.0,0.0,0.0,0.0,0.0,0.0,660.0,134.0,5.0,3.0,0.0,0.0,0.0,0.0,0.0,0.0,0.0,0.0,0.0,idle
,idle,,,,,,,,,,,,,,,,,,,,,,,,,,,,,,,,,,,,,idle
1778096901.8426397,g5.hpc.coe,41393.0,0.5001,0.0,0.0,0.0,12288.0,135347604232.0,136420430647.0,137615792.0,139218486.0,2565902.0,0.0,0.0,0.0,0.0,0.0,0.0,0.0,0.0,0.0,0.0,0.0,0.0,1204.0,526.0,16.0,10.0,0.0,0.0,0.0,0.0,0.0,0.0,0.0,0.0,0.0,idle
,idle,,,,,,,,,,,,,,,,,,,,,,,,,,,,,,,,,,,,,idle
1778096902.342783,g5.hpc.coe,41393.0,0.5001,0.0,0.0,0.0,12288.0,135347604900.0,136420430726.0,137615795.0,139218488.0,2565902.0,0.0,0.0,0.0,0.0,0.0,0.0,0.0,0.0,0.0,0.0,0.0,0.0,668.0,79.0,3.0,2.0,0.0,0.0,0.0,0.0,0.0,0.0,0.0,0.0,0.0,idle
,idle,,,,,,,,,,,,,,,,,,,,,,,,,,,,,,,,,,,,,idle
1778096902.8429172,g5.hpc.coe,41393.0,0.5001,0.0,0.0,0.0,12288.0,135347605632.0,136420430805.0,137615799.0,139218490.0,2565902.0,0.0,0.0,0.0,0.0,0.0,0.0,0.0,0.0,0.0,0.0,0.0,0.0,732.0,79.0,4.0,2.0,0.0,0.0,0.0,0.0,0.0,0.0,0.0,0.0,0.0,idle
,idle,,,,,,,,,,,,,,,,,,,,,,,,,,,,,,,,,,,,,idle
1778096903.3430607,g5.hpc.coe,41393.0,0.5001,0.0,0.0,0.0,12288.0,135347606385.0,136420430884.0,137615802.0,139218492.0,2565902.0,0.0,0.0,0.0,0.0,0.0,0.0,0.0,0.0,0.0,0.0,0.0,0.0,753.0,79.0,3.0,2.0,0.0,0.0,0.0,0.0,0.0,0.0,0.0,0.0,0.0,idle
,idle,,,,,,,,,,,,,,,,,,,,,,,,,,,,,,,,,,,,,idle
1778096903.8432024,g5.hpc.coe,41393.0,0.5001,0.0,0.0,0.0,12288.0,135347607180.0,136420430963.0,137615805.0,139218494.0,2565902.0,0.0,0.0,0.0,0.0,0.0,0.0,0.0,0.0,0.0,0.0,0.0,0.0,795.0,79.0,3.0,2.0,0.0,0.0,0.0,0.0,0.0,0.0,0.0,0.0,0.0,idle
,idle,,,,,,,,,,,,,,,,,,,,,,,,,,,,,,,,,,,,,idle
1778096904.3433397,g5.hpc.coe,41393.0,0.5001,0.0,0.0,0.0,12288.0,135347608017.0,136420431042.0,137615808.0,139218496.0,2565902.0,0.0,0.0,0.0,0.0,0.0,0.0,0.0,0.0,0.0,0.0,0.0,0.0,837.0,79.0,3.0,2.0,0.0,0.0,0.0,0.0,0.0,0.0,0.0,0.0,0.0,idle
,idle,,,,,,,,,,,,,,,,,,,,,,,,,,,,,,,,,,,,,idle
1778096904.843474,g5.hpc.coe,41393.0,0.5001,0.0,0.0,0.0,12288.0,135347608896.0,136420431121.0,137615811.0,139218498.0,2565902.0,0.0,0.0,0.0,0.0,0.0,0.0,0.0,0.0,0.0,0.0,0.0,0.0,879.0,79.0,3.0,2.0,0.0,0.0,0.0,0.0,0.0,0.0,0.0,0.0,0.0,idle
,idle,,,,,,,,,,,,,,,,,,,,,,,,,,,,,,,,,,,,,idle
1778096905.3436182,g5.hpc.coe,41393.0,0.5001,0.0,0.0,0.0,12288.0,135347609818.0,136420431200.0,137615814.0,139218500.0,2565902.0,0.0,0.0,0.0,0.0,0.0,0.0,0.0,0.0,0.0,0.0,0.0,0.0,922.0,79.0,3.0,2.0,0.0,0.0,0.0,0.0,0.0,0.0,0.0,0.0,0.0,idle
,idle,,,,,,,,,,,,,,,,,,,,,,,,,,,,,,,,,,,,,idle
1778096905.843762,g5.hpc.coe,41393.0,0.5001,0.0,0.0,0.0,12288.0,135347610782.0,136420431279.0,137615817.0,139218502.0,2565902.0,0.0,0.0,0.0,0.0,0.0,0.0,0.0,0.0,0.0,0.0,0.0,0.0,964.0,79.0,3.0,2.0,0.0,0.0,0.0,0.0,0.0,0.0,0.0,0.0,0.0,idle
,idle,,,,,,,,,,,,,,,,,,,,,,,,,,,,,,,,,,,,,idle
1778096906.343905,g5.hpc.coe,41393.0,0.5001,0.0,0.0,0.0,12288.0,135347611865.0,136420431413.0,137615822.0,139218505.0,2565902.0,0.0,0.0,0.0,0.0,0.0,0.0,0.0,0.0,0.0,0.0,0.0,0.0,1083.0,134.0,5.0,3.0,0.0,0.0,0.0,0.0,0.0,0.0,0.0,0.0,0.0,idle
,idle,,,,,,,,,,,,,,,,,,,,,,,,,,,,,,,,,,,,,idle
1778096906.8440406,g5.hpc.coe,41393.0,0.5001,0.0,0.0,0.0,12288.0,135347612913.0,136420431492.0,137615825.0,139218507.0,2565902.0,0.0,0.0,0.0,0.0,0.0,0.0,0.0,0.0,0.0,0.0,0.0,0.0,1048.0,79.0,3.0,2.0,0.0,0.0,0.0,0.0,0.0,0.0,0.0,0.0,0.0,idle
,idle,,,,,,,,,,,,,,,,,,,,,,,,,,,,,,,,,,,,,idle
1778096907.3441775,g5.hpc.coe,41393.0,0.5001,0.0,0.0,0.0,12288.0,135347614026.0,136420431571.0,137615829.0,139218509.0,2565902.0,0.0,0.0,0.0,0.0,0.0,0.0,0.0,0.0,0.0,0.0,0.0,0.0,1113.0,79.0,4.0,2.0,0.0,0.0,0.0,0.0,0.0,0.0,0.0,0.0,0.0,idle
,idle,,,,,,,,,,,,,,,,,,,,,,,,,,,,,,,,,,,,,idle
1778096907.844295,g5.hpc.coe,41393.0,0.5001,0.0,0.0,0.0,12288.0,135347615181.0,136420431650.0,137615833.0,139218511.0,2565902.0,0.0,0.0,0.0,0.0,0.0,0.0,0.0,0.0,0.0,0.0,0.0,0.0,1155.0,79.0,4.0,2.0,0.0,0.0,0.0,0.0,0.0,0.0,0.0,0.0,0.0,idle
,idle,,,,,,,,,,,,,,,,,,,,,,,,,,,,,,,,,,,,,idle
1778096908.3444374,g5.hpc.coe,41393.0,0.5001,0.0,0.0,0.0,12288.0,135347615311.0,136420431707.0,137615835.0,139218512.0,2565902.0,0.0,0.0,0.0,0.0,0.0,0.0,0.0,0.0,0.0,0.0,0.0,0.0,130.0,57.0,2.0,1.0,0.0,0.0,0.0,0.0,0.0,0.0,0.0,0.0,0.0,idle
,idle,,,,,,,,,,,,,,,,,,,,,,,,,,,,,,,,,,,,,idle
1778096908.8445766,g5.hpc.coe,41393.0,0.5001,0.0,0.0,0.0,12288.0,135347615483.0,136420431764.0,137615837.0,139218513.0,2565902.0,0.0,0.0,0.0,0.0,0.0,0.0,0.0,0.0,0.0,0.0,0.0,0.0,172.0,57.0,2.0,1.0,0.0,0.0,0.0,0.0,0.0,0.0,0.0,0.0,0.0,idle
,idle,,,,,,,,,,,,,,,,,,,,,,,,,,,,,,,,,,,,,idle
1778096909.3447158,g5.hpc.coe,41393.0,0.5001,0.0,0.0,0.0,12288.0,135347615697.0,136420431821.0,137615839.0,139218514.0,2565902.0,0.0,0.0,0.0,0.0,0.0,0.0,0.0,0.0,0.0,0.0,0.0,0.0,214.0,57.0,2.0,1.0,0.0,0.0,0.0,0.0,0.0,0.0,0.0,0.0,0.0,idle
,idle,,,,,,,,,,,,,,,,,,,,,,,,,,,,,,,,,,,,,idle
1778096909.8448482,g5.hpc.coe,41393.0,0.5001,0.0,0.0,0.0,12288.0,135347615953.0,136420431878.0,137615841.0,139218515.0,2565902.0,0.0,0.0,0.0,0.0,0.0,0.0,0.0,0.0,0.0,0.0,0.0,0.0,256.0,57.0,2.0,1.0,0.0,0.0,0.0,0.0,0.0,0.0,0.0,0.0,0.0,idle
,idle,,,,,,,,,,,,,,,,,,,,,,,,,,,,,,,,,,,,,idle
1778096910.3449843,g5.hpc.coe,41393.0,0.5001,0.0,0.0,0.0,12288.0,135347616252.0,136420431935.0,137615843.0,139218516.0,2565902.0,0.0,0.0,0.0,0.0,0.0,0.0,0.0,0.0,0.0,0.0,0.0,0.0,299.0,57.0,2.0,1.0,0.0,0.0,0.0,0.0,0.0,0.0,0.0,0.0,0.0,idle
,idle,,,,,,,,,,,,,,,,,,,,,,,,,,,,,,,,,,,,,idle
1778096910.8451166,g5.hpc.coe,41393.0,0.5001,0.0,0.0,0.0,12288.0,135347616593.0,136420431992.0,137615845.0,139218517.0,2565902.0,0.0,0.0,0.0,0.0,0.0,0.0,0.0,0.0,0.0,0.0,0.0,0.0,341.0,57.0,2.0,1.0,0.0,0.0,0.0,0.0,0.0,0.0,0.0,0.0,0.0,idle
,idle,,,,,,,,,,,,,,,,,,,,,,,,,,,,,,,,,,,,,idle
1778096911.345251,g5.hpc.coe,41393.0,0.5001,0.0,0.0,0.0,12288.0,135347617053.0,136420432104.0,137615849.0,139218519.0,2565902.0,0.0,0.0,0.0,0.0,0.0,0.0,0.0,0.0,0.0,0.0,0.0,0.0,460.0,112.0,4.0,2.0,0.0,0.0,0.0,0.0,0.0,0.0,0.0,0.0,0.0,idle
,idle,,,,,,,,,,,,,,,,,,,,,,,,,,,,,,,,,,,,,idle
1778096911.8453944,g5.hpc.coe,41393.0,0.5001,0.0,0.0,0.0,12288.0,135347617479.0,136420432161.0,137615851.0,139218520.0,2565902.0,0.0,0.0,0.0,0.0,0.0,0.0,0.0,0.0,0.0,0.0,0.0,0.0,426.0,57.0,2.0,1.0,0.0,0.0,0.0,0.0,0.0,0.0,0.0,0.0,0.0,idle
,idle,,,,,,,,,,,,,,,,,,,,,,,,,,,,,,,,,,,,,idle
1778096912.3455338,g5.hpc.coe,41393.0,0.5001,0.0,0.0,0.0,12288.0,135347617947.0,136420432218.0,137615853.0,139218521.0,2565902.0,0.0,0.0,0.0,0.0,0.0,0.0,0.0,0.0,0.0,0.0,0.0,0.0,468.0,57.0,2.0,1.0,0.0,0.0,0.0,0.0,0.0,0.0,0.0,0.0,0.0,idle
,idle,,,,,,,,,,,,,,,,,,,,,,,,,,,,,,,,,,,,,idle
1778096912.8456702,g5.hpc.coe,41393.0,0.5001,0.0,0.0,0.0,12288.0,135347618457.0,136420432275.0,137615855.0,139218522.0,2565902.0,0.0,0.0,0.0,0.0,0.0,0.0,0.0,0.0,0.0,0.0,0.0,0.0,510.0,57.0,2.0,1.0,0.0,0.0,0.0,0.0,0.0,0.0,0.0,0.0,0.0,idle
,idle,,,,,,,,,,,,,,,,,,,,,,,,,,,,,,,,,,,,,idle
1778096913.345812,g5.hpc.coe,41393.0,0.5001,0.0,0.0,0.0,12288.0,135347619031.0,136420432354.0,137615858.0,139218524.0,2565902.0,0.0,0.0,0.0,0.0,0.0,0.0,0.0,0.0,0.0,0.0,0.0,0.0,574.0,79.0,3.0,2.0,0.0,0.0,0.0,0.0,0.0,0.0,0.0,0.0,0.0,idle
,idle,,,,,,,,,,,,,,,,,,,,,,,,,,,,,,,,,,,,,idle
1778096913.8459516,g5.hpc.coe,41393.0,0.5001,0.0,0.0,0.0,12288.0,135347619647.0,136420432433.0,137615861.0,139218526.0,2565902.0,0.0,0.0,0.0,0.0,0.0,0.0,0.0,0.0,0.0,0.0,0.0,0.0,616.0,79.0,3.0,2.0,0.0,0.0,0.0,0.0,0.0,0.0,0.0,0.0,0.0,idle
,idle,,,,,,,,,,,,,,,,,,,,,,,,,,,,,,,,,,,,,idle
1778096914.3460882,g5.hpc.coe,41393.0,0.5001,0.0,0.0,0.0,12288.0,135347620306.0,136420432512.0,137615864.0,139218528.0,2565902.0,0.0,0.0,0.0,0.0,0.0,0.0,0.0,0.0,0.0,0.0,0.0,0.0,659.0,79.0,3.0,2.0,0.0,0.0,0.0,0.0,0.0,0.0,0.0,0.0,0.0,idle
,idle,,,,,,,,,,,,,,,,,,,,,,,,,,,,,,,,,,,,,idle
1778096914.8462374,g5.hpc.coe,41393.0,0.5001,0.0,0.0,0.0,12288.0,135347621007.0,136420432591.0,137615867.0,139218530.0,2565902.0,0.0,0.0,0.0,0.0,0.0,0.0,0.0,0.0,0.0,0.0,0.0,0.0,701.0,79.0,3.0,2.0,0.0,0.0,0.0,0.0,0.0,0.0,0.0,0.0,0.0,idle
,idle,,,,,,,,,,,,,,,,,,,,,,,,,,,,,,,,,,,,,idle
1778096915.34637,g5.hpc.coe,41393.0,0.5001,0.0,0.0,0.0,12288.0,135347621750.0,136420432670.0,137615870.0,139218532.0,2565902.0,0.0,0.0,0.0,0.0,0.0,0.0,0.0,0.0,0.0,0.0,0.0,0.0,743.0,79.0,3.0,2.0,0.0,0.0,0.0,0.0,0.0,0.0,0.0,0.0,0.0,idle
,idle,,,,,,,,,,,,,,,,,,,,,,,,,,,,,,,,,,,,,idle
1778096915.8465064,g5.hpc.coe,41393.0,0.5001,0.0,0.0,0.0,12288.0,135347622535.0,136420432749.0,137615873.0,139218534.0,2565902.0,0.0,0.0,0.0,0.0,0.0,0.0,0.0,0.0,0.0,0.0,0.0,0.0,785.0,79.0,3.0,2.0,0.0,0.0,0.0,0.0,0.0,0.0,0.0,0.0,0.0,idle
,idle,,,,,,,,,,,,,,,,,,,,,,,,,,,,,,,,,,,,,idle
1778096916.3466475,g5.hpc.coe,41393.0,0.5001,0.0,0.0,0.0,12288.0,135347623362.0,136420432828.0,137615876.0,139218536.0,2565902.0,0.0,0.0,0.0,0.0,0.0,0.0,0.0,0.0,0.0,0.0,0.0,0.0,827.0,79.0,3.0,2.0,0.0,0.0,0.0,0.0,0.0,0.0,0.0,0.0,0.0,idle
,idle,,,,,,,,,,,,,,,,,,,,,,,,,,,,,,,,,,,,,idle
1778096916.8467584,g5.hpc.coe,41393.0,0.5001,0.0,0.0,0.0,12288.0,135347624887.0,136420433409.0,137615894.0,139218547.0,2565902.0,0.0,0.0,0.0,0.0,0.0,0.0,0.0,0.0,0.0,0.0,0.0,0.0,1525.0,581.0,18.0,11.0,0.0,0.0,0.0,0.0,0.0,0.0,0.0,0.0,0.0,idle
,idle,,,,,,,,,,,,,,,,,,,,,,,,,,,,,,,,,,,,,idle
1778096917.3468978,g5.hpc.coe,41393.0,0.5001,0.0,0.0,0.0,12288.0,135347625844.0,136420433488.0,137615899.0,139218549.0,2565902.0,0.0,0.0,0.0,0.0,0.0,0.0,0.0,0.0,0.0,0.0,0.0,0.0,957.0,79.0,5.0,2.0,0.0,0.0,0.0,0.0,0.0,0.0,0.0,0.0,0.0,idle
,idle,,,,,,,,,,,,,,,,,,,,,,,,,,,,,,,,,,,,,idle
1778096917.8470333,g5.hpc.coe,41393.0,0.5001,0.0,0.0,0.0,12288.0,135347626799.0,136420433567.0,137615902.0,139218551.0,2565902.0,0.0,0.0,0.0,0.0,0.0,0.0,0.0,0.0,0.0,0.0,0.0,0.0,955.0,79.0,3.0,2.0,0.0,0.0,0.0,0.0,0.0,0.0,0.0,0.0,0.0,idle
,idle,,,,,,,,,,,,,,,,,,,,,,,,,,,,,,,,,,,,,idle
1778096918.34718,g5.hpc.coe,41393.0,0.5001,0.0,0.0,0.0,12288.0,135347627796.0,136420433646.0,137615905.0,139218553.0,2565902.0,0.0,0.0,0.0,0.0,0.0,0.0,0.0,0.0,0.0,0.0,0.0,0.0,997.0,79.0,3.0,2.0,0.0,0.0,0.0,0.0,0.0,0.0,0.0,0.0,0.0,idle
,idle,,,,,,,,,,,,,,,,,,,,,,,,,,,,,,,,,,,,,idle
1778096918.847294,g5.hpc.coe,41393.0,0.5001,0.0,0.0,0.0,12288.0,135347628835.0,136420433725.0,137615908.0,139218555.0,2565902.0,0.0,0.0,0.0,0.0,0.0,0.0,0.0,0.0,0.0,0.0,0.0,0.0,1039.0,79.0,3.0,2.0,0.0,0.0,0.0,0.0,0.0,0.0,0.0,0.0,0.0,idle
,idle,,,,,,,,,,,,,,,,,,,,,,,,,,,,,,,,,,,,,idle
1778096919.3474314,g5.hpc.coe,41393.0,0.5001,0.0,0.0,0.0,12288.0,135347630195.0,136420434059.0,137615917.0,139218562.0,2565902.0,0.0,0.0,0.0,0.0,0.0,0.0,0.0,0.0,0.0,0.0,0.0,0.0,1360.0,334.0,9.0,7.0,0.0,0.0,0.0,0.0,0.0,0.0,0.0,0.0,0.0,idle
,idle,,,,,,,,,,,,,,,,,,,,,,,,,,,,,,,,,,,,,idle
1778096919.8475614,g5.hpc.coe,41393.0,0.5001,0.0,0.0,0.0,12288.0,135347631363.0,136420434138.0,137615922.0,139218564.0,2565902.0,0.0,0.0,0.0,0.0,0.0,0.0,0.0,0.0,0.0,0.0,0.0,0.0,1168.0,79.0,5.0,2.0,0.0,0.0,0.0,0.0,0.0,0.0,0.0,0.0,0.0,idle
,idle,,,,,,,,,,,,,,,,,,,,,,,,,,,,,,,,,,,,,idle
1778096920.3477018,g5.hpc.coe,41393.0,0.5001,0.0,0.0,0.0,12288.0,135347632552.0,136420434217.0,137615926.0,139218566.0,2565902.0,0.0,0.0,0.0,0.0,0.0,0.0,0.0,0.0,0.0,0.0,0.0,0.0,1189.0,79.0,4.0,2.0,0.0,0.0,0.0,0.0,0.0,0.0,0.0,0.0,0.0,idle
,idle,,,,,,,,,,,,,,,,,,,,,,,,,,,,,,,,,,,,,idle
1778096920.847816,g5.hpc.coe,41393.0,0.5001,0.0,0.0,0.0,12288.0,135347632715.0,136420434274.0,137615928.0,139218567.0,2565902.0,0.0,0.0,0.0,0.0,0.0,0.0,0.0,0.0,0.0,0.0,0.0,0.0,163.0,57.0,2.0,1.0,0.0,0.0,0.0,0.0,0.0,0.0,0.0,0.0,0.0,idle
,idle,,,,,,,,,,,,,,,,,,,,,,,,,,,,,,,,,,,,,idle
1778096921.3479557,g5.hpc.coe,41393.0,0.5001,0.0,0.0,0.0,12288.0,135347632920.0,136420434331.0,137615930.0,139218568.0,2565902.0,0.0,0.0,0.0,0.0,0.0,0.0,0.0,0.0,0.0,0.0,0.0,0.0,205.0,57.0,2.0,1.0,0.0,0.0,0.0,0.0,0.0,0.0,0.0,0.0,0.0,idle
,idle,,,,,,,,,,,,,,,,,,,,,,,,,,,,,,,,,,,,,idle
1778096921.848089,g5.hpc.coe,41393.0,0.5001,0.0,0.0,0.0,12288.0,135347633244.0,136420434443.0,137615934.0,139218570.0,2565902.0,0.0,0.0,0.0,0.0,0.0,0.0,0.0,0.0,0.0,0.0,0.0,0.0,324.0,112.0,4.0,2.0,0.0,0.0,0.0,0.0,0.0,0.0,0.0,0.0,0.0,idle
,idle,,,,,,,,,,,,,,,,,,,,,,,,,,,,,,,,,,,,,idle
1778096922.3482287,g5.hpc.coe,41393.0,0.5001,0.0,0.0,0.0,12288.0,135347633534.0,136420434500.0,137615936.0,139218571.0,2565902.0,0.0,0.0,0.0,0.0,0.0,0.0,0.0,0.0,0.0,0.0,0.0,0.0,290.0,57.0,2.0,1.0,0.0,0.0,0.0,0.0,0.0,0.0,0.0,0.0,0.0,idle
,idle,,,,,,,,,,,,,,,,,,,,,,,,,,,,,,,,,,,,,idle
1778096922.8483891,g5.hpc.coe,41393.0,0.5002,0.0,0.0,0.0,12288.0,135347633866.0,136420434557.0,137615938.0,139218572.0,2565902.0,0.0,0.0,0.0,0.0,0.0,0.0,0.0,0.0,0.0,0.0,0.0,0.0,332.0,57.0,2.0,1.0,0.0,0.0,0.0,0.0,0.0,0.0,0.0,0.0,0.0,idle
,idle,,,,,,,,,,,,,,,,,,,,,,,,,,,,,,,,,,,,,idle
1778096923.348524,g5.hpc.coe,41393.0,0.5001,0.0,0.0,0.0,12288.0,135347634240.0,136420434614.0,137615940.0,139218573.0,2565902.0,0.0,0.0,0.0,0.0,0.0,0.0,0.0,0.0,0.0,0.0,0.0,0.0,374.0,57.0,2.0,1.0,0.0,0.0,0.0,0.0,0.0,0.0,0.0,0.0,0.0,idle
,idle,,,,,,,,,,,,,,,,,,,,,,,,,,,,,,,,,,,,,idle
1778096923.8486671,g5.hpc.coe,41393.0,0.5001,0.0,0.0,0.0,12288.0,135347634656.0,136420434671.0,137615942.0,139218574.0,2565902.0,0.0,0.0,0.0,0.0,0.0,0.0,0.0,0.0,0.0,0.0,0.0,0.0,416.0,57.0,2.0,1.0,0.0,0.0,0.0,0.0,0.0,0.0,0.0,0.0,0.0,idle
,idle,,,,,,,,,,,,,,,,,,,,,,,,,,,,,,,,,,,,,idle
1778096924.348808,g5.hpc.coe,41393.0,0.5001,0.0,0.0,0.0,12288.0,135347635115.0,136420434728.0,137615944.0,139218575.0,2565902.0,0.0,0.0,0.0,0.0,0.0,0.0,0.0,0.0,0.0,0.0,0.0,0.0,459.0,57.0,2.0,1.0,0.0,0.0,0.0,0.0,0.0,0.0,0.0,0.0,0.0,idle
,idle,,,,,,,,,,,,,,,,,,,,,,,,,,,,,,,,,,,,,idle
1778096924.84893,g5.hpc.coe,41393.0,0.5001,0.0,0.0,0.0,12288.0,135347635616.0,136420434785.0,137615946.0,139218576.0,2565902.0,0.0,0.0,0.0,0.0,0.0,0.0,0.0,0.0,0.0,0.0,0.0,0.0,501.0,57.0,2.0,1.0,0.0,0.0,0.0,0.0,0.0,0.0,0.0,0.0,0.0,idle
,idle,,,,,,,,,,,,,,,,,,,,,,,,,,,,,,,,,,,,,idle
1778096925.3490636,g5.hpc.coe,41393.0,0.5001,0.0,0.0,0.0,12288.0,135347636158.0,136420434842.0,137615948.0,139218577.0,2565902.0,0.0,0.0,0.0,0.0,0.0,0.0,0.0,0.0,0.0,0.0,0.0,0.0,542.0,57.0,2.0,1.0,0.0,0.0,0.0,0.0,0.0,0.0,0.0,0.0,0.0,idle
,idle,,,,,,,,,,,,,,,,,,,,,,,,,,,,,,,,,,,,,idle
1778096925.849198,g5.hpc.coe,41393.0,0.5001,0.0,0.0,0.0,12288.0,135347636765.0,136420434921.0,137615951.0,139218579.0,2565902.0,0.0,0.0,0.0,0.0,0.0,0.0,0.0,0.0,0.0,0.0,0.0,0.0,607.0,79.0,3.0,2.0,0.0,0.0,0.0,0.0,0.0,0.0,0.0,0.0,0.0,idle
,idle,,,,,,,,,,,,,,,,,,,,,,,,,,,,,,,,,,,,,idle
1778096926.349331,g5.hpc.coe,41393.0,0.5001,0.0,0.0,0.0,12288.0,135347637414.0,136420435000.0,137615954.0,139218581.0,2565902.0,0.0,0.0,0.0,0.0,0.0,0.0,0.0,0.0,0.0,0.0,0.0,0.0,649.0,79.0,3.0,2.0,0.0,0.0,0.0,0.0,0.0,0.0,0.0,0.0,0.0,idle
,idle,,,,,,,,,,,,,,,,,,,,,,,,,,,,,,,,,,,,,idle
1778096926.849475,g5.hpc.coe,41393.0,0.5001,0.0,0.0,0.0,12288.0,135347638182.0,136420435134.0,137615959.0,139218584.0,2565902.0,0.0,0.0,0.0,0.0,0.0,0.0,0.0,0.0,0.0,0.0,0.0,0.0,768.0,134.0,5.0,3.0,0.0,0.0,0.0,0.0,0.0,0.0,0.0,0.0,0.0,idle
,idle,,,,,,,,,,,,,,,,,,,,,,,,,,,,,,,,,,,,,idle
1778096927.3496082,g5.hpc.coe,41393.0,0.5001,0.0,0.0,0.0,12288.0,135347638915.0,136420435213.0,137615962.0,139218586.0,2565902.0,0.0,0.0,0.0,0.0,0.0,0.0,0.0,0.0,0.0,0.0,0.0,0.0,733.0,79.0,3.0,2.0,0.0,0.0,0.0,0.0,0.0,0.0,0.0,0.0,0.0,idle
,idle,,,,,,,,,,,,,,,,,,,,,,,,,,,,,,,,,,,,,idle
1778096927.8497467,g5.hpc.coe,41393.0,0.5001,0.0,0.0,0.0,12288.0,135347639690.0,136420435292.0,137615965.0,139218588.0,2565902.0,0.0,0.0,0.0,0.0,0.0,0.0,0.0,0.0,0.0,0.0,0.0,0.0,775.0,79.0,3.0,2.0,0.0,0.0,0.0,0.0,0.0,0.0,0.0,0.0,0.0,idle
,idle,,,,,,,,,,,,,,,,,,,,,,,,,,,,,,,,,,,,,idle
1778096928.3498917,g5.hpc.coe,41393.0,0.5001,0.0,0.0,0.0,12288.0,135347640508.0,136420435371.0,137615968.0,139218590.0,2565902.0,0.0,0.0,0.0,0.0,0.0,0.0,0.0,0.0,0.0,0.0,0.0,0.0,818.0,79.0,3.0,2.0,0.0,0.0,0.0,0.0,0.0,0.0,0.0,0.0,0.0,idle
,idle,,,,,,,,,,,,,,,,,,,,,,,,,,,,,,,,,,,,,idle
1778096928.8500075,g5.hpc.coe,41393.0,0.5001,0.0,0.0,0.0,12288.0,135347641368.0,136420435450.0,137615971.0,139218592.0,2565902.0,0.0,0.0,0.0,0.0,0.0,0.0,0.0,0.0,0.0,0.0,0.0,0.0,860.0,79.0,3.0,2.0,0.0,0.0,0.0,0.0,0.0,0.0,0.0,0.0,0.0,idle
,idle,,,,,,,,,,,,,,,,,,,,,,,,,,,,,,,,,,,,,idle
1778096929.35015,g5.hpc.coe,41393.0,0.5001,0.0,0.0,0.0,12288.0,135347642270.0,136420435529.0,137615974.0,139218594.0,2565902.0,0.0,0.0,0.0,0.0,0.0,0.0,0.0,0.0,0.0,0.0,0.0,0.0,902.0,79.0,3.0,2.0,0.0,0.0,0.0,0.0,0.0,0.0,0.0,0.0,0.0,idle
,idle,,,,,,,,,,,,,,,,,,,,,,,,,,,,,,,,,,,,,idle
1778096929.850297,g5.hpc.coe,41393.0,0.5001,0.0,0.0,0.0,12288.0,135347643214.0,136420435608.0,137615977.0,139218596.0,2565902.0,0.0,0.0,0.0,0.0,0.0,0.0,0.0,0.0,0.0,0.0,0.0,0.0,944.0,79.0,3.0,2.0,0.0,0.0,0.0,0.0,0.0,0.0,0.0,0.0,0.0,idle
,idle,,,,,,,,,,,,,,,,,,,,,,,,,,,,,,,,,,,,,idle
1778096930.350433,g5.hpc.coe,41393.0,0.5001,0.0,0.0,0.0,12288.0,135347644200.0,136420435687.0,137615980.0,139218598.0,2565902.0,0.0,0.0,0.0,0.0,0.0,0.0,0.0,0.0,0.0,0.0,0.0,0.0,986.0,79.0,3.0,2.0,0.0,0.0,0.0,0.0,0.0,0.0,0.0,0.0,0.0,idle
,idle,,,,,,,,,,,,,,,,,,,,,,,,,,,,,,,,,,,,,idle
1778096930.850567,g5.hpc.coe,41393.0,0.5001,0.0,0.0,0.0,12288.0,135347645228.0,136420435766.0,137615983.0,139218600.0,2565902.0,0.0,0.0,0.0,0.0,0.0,0.0,0.0,0.0,0.0,0.0,0.0,0.0,1028.0,79.0,3.0,2.0,0.0,0.0,0.0,0.0,0.0,0.0,0.0,0.0,0.0,idle
,idle,,,,,,,,,,,,,,,,,,,,,,,,,,,,,,,,,,,,,idle
1778096931.3506775,g5.hpc.coe,41393.0,0.5001,0.0,0.0,0.0,12288.0,135347646320.0,136420435845.0,137615987.0,139218602.0,2565902.0,0.0,0.0,0.0,0.0,0.0,0.0,0.0,0.0,0.0,0.0,0.0,0.0,1092.0,79.0,4.0,2.0,0.0,0.0,0.0,0.0,0.0,0.0,0.0,0.0,0.0,idle
,idle,,,,,,,,,,,,,,,,,,,,,,,,,,,,,,,,,,,,,idle
1778096931.850803,g5.hpc.coe,41393.0,0.5001,0.0,0.0,0.0,12288.0,135347648111.0,136420436426.0,137616006.0,139218613.0,2565902.0,0.0,0.0,0.0,0.0,0.0,0.0,0.0,0.0,0.0,0.0,0.0,0.0,1791.0,581.0,19.0,11.0,0.0,0.0,0.0,0.0,0.0,0.0,0.0,0.0,0.0,idle
,idle,,,,,,,,,,,,,,,,,,,,,,,,,,,,,,,,,,,,,idle
1778096932.3509147,g5.hpc.coe,41393.0,0.5001,0.0,0.0,0.0,12288.0,135347649333.0,136420436505.0,137616012.0,139218615.0,2565902.0,0.0,0.0,0.0,0.0,0.0,0.0,0.0,0.0,0.0,0.0,0.0,0.0,1222.0,79.0,6.0,2.0,0.0,0.0,0.0,0.0,0.0,0.0,0.0,0.0,0.0,idle
,idle,,,,,,,,,,,,,,,,,,,,,,,,,,,,,,,,,,,,,idle
1778096932.8510294,g5.hpc.coe,41393.0,0.5001,0.0,0.0,0.0,12288.0,135347649486.0,136420436562.0,137616014.0,139218616.0,2565902.0,0.0,0.0,0.0,0.0,0.0,0.0,0.0,0.0,0.0,0.0,0.0,0.0,153.0,57.0,2.0,1.0,0.0,0.0,0.0,0.0,0.0,0.0,0.0,0.0,0.0,idle
,idle,,,,,,,,,,,,,,,,,,,,,,,,,,,,,,,,,,,,,idle
1778096933.3511603,g5.hpc.coe,41393.0,0.5001,0.0,0.0,0.0,12288.0,135347649681.0,136420436619.0,137616016.0,139218617.0,2565902.0,0.0,0.0,0.0,0.0,0.0,0.0,0.0,0.0,0.0,0.0,0.0,0.0,195.0,57.0,2.0,1.0,0.0,0.0,0.0,0.0,0.0,0.0,0.0,0.0,0.0,idle
,idle,,,,,,,,,,,,,,,,,,,,,,,,,,,,,,,,,,,,,idle
1778096933.851297,g5.hpc.coe,41393.0,0.5001,0.0,0.0,0.0,12288.0,135347649918.0,136420436676.0,137616018.0,139218618.0,2565902.0,0.0,0.0,0.0,0.0,0.0,0.0,0.0,0.0,0.0,0.0,0.0,0.0,237.0,57.0,2.0,1.0,0.0,0.0,0.0,0.0,0.0,0.0,0.0,0.0,0.0,idle
,idle,,,,,,,,,,,,,,,,,,,,,,,,,,,,,,,,,,,,,idle
1778096934.351437,g5.hpc.coe,41393.0,0.5001,0.0,0.0,0.0,12288.0,135347650197.0,136420436733.0,137616020.0,139218619.0,2565902.0,0.0,0.0,0.0,0.0,0.0,0.0,0.0,0.0,0.0,0.0,0.0,0.0,279.0,57.0,2.0,1.0,0.0,0.0,0.0,0.0,0.0,0.0,0.0,0.0,0.0,idle
,idle,,,,,,,,,,,,,,,,,,,,,,,,,,,,,,,,,,,,,idle
1778096934.851577,g5.hpc.coe,41393.0,0.5001,0.0,0.0,0.0,12288.0,135347650518.0,136420436790.0,137616022.0,139218620.0,2565902.0,0.0,0.0,0.0,0.0,0.0,0.0,0.0,0.0,0.0,0.0,0.0,0.0,321.0,57.0,2.0,1.0,0.0,0.0,0.0,0.0,0.0,0.0,0.0,0.0,0.0,idle
,idle,,,,,,,,,,,,,,,,,,,,,,,,,,,,,,,,,,,,,idle
1778096935.3517077,g5.hpc.coe,41393.0,0.5001,0.0,0.0,0.0,12288.0,135347650881.0,136420436847.0,137616024.0,139218621.0,2565902.0,0.0,0.0,0.0,0.0,0.0,0.0,0.0,0.0,0.0,0.0,0.0,0.0,363.0,57.0,2.0,1.0,0.0,0.0,0.0,0.0,0.0,0.0,0.0,0.0,0.0,idle
,idle,,,,,,,,,,,,,,,,,,,,,,,,,,,,,,,,,,,,,idle
1778096935.8518443,g5.hpc.coe,41393.0,0.5001,0.0,0.0,0.0,12288.0,135347651287.0,136420436904.0,137616026.0,139218622.0,2565902.0,0.0,0.0,0.0,0.0,0.0,0.0,0.0,0.0,0.0,0.0,0.0,0.0,406.0,57.0,2.0,1.0,0.0,0.0,0.0,0.0,0.0,0.0,0.0,0.0,0.0,idle
,idle,,,,,,,,,,,,,,,,,,,,,,,,,,,,,,,,,,,,,idle
1778096936.3519852,g5.hpc.coe,41393.0,0.5001,0.0,0.0,0.0,12288.0,135347651735.0,136420436961.0,137616028.0,139218623.0,2565902.0,0.0,0.0,0.0,0.0,0.0,0.0,0.0,0.0,0.0,0.0,0.0,0.0,448.0,57.0,2.0,1.0,0.0,0.0,0.0,0.0,0.0,0.0,0.0,0.0,0.0,idle
,idle,,,,,,,,,,,,,,,,,,,,,,,,,,,,,,,,,,,,,idle
1778096936.8521228,g5.hpc.coe,41393.0,0.5001,0.0,0.0,0.0,12288.0,135347652225.0,136420437018.0,137616030.0,139218624.0,2565902.0,0.0,0.0,0.0,0.0,0.0,0.0,0.0,0.0,0.0,0.0,0.0,0.0,490.0,57.0,2.0,1.0,0.0,0.0,0.0,0.0,0.0,0.0,0.0,0.0,0.0,idle
,idle,,,,,,,,,,,,,,,,,,,,,,,,,,,,,,,,,,,,,idle
1778096937.3522675,g5.hpc.coe,41393.0,0.5001,0.0,0.0,0.0,12288.0,135347652812.0,136420437130.0,137616033.0,139218626.0,2565902.0,0.0,0.0,0.0,0.0,0.0,0.0,0.0,0.0,0.0,0.0,0.0,0.0,587.0,112.0,3.0,2.0,0.0,0.0,0.0,0.0,0.0,0.0,0.0,0.0,0.0,idle
,idle,,,,,,,,,,,,,,,,,,,,,,,,,,,,,,,,,,,,,idle
1778096937.852393,g5.hpc.coe,41393.0,0.5001,0.0,0.0,0.0,12288.0,135347653409.0,136420437209.0,137616036.0,139218628.0,2565902.0,0.0,0.0,0.0,0.0,0.0,0.0,0.0,0.0,0.0,0.0,0.0,0.0,597.0,79.0,3.0,2.0,0.0,0.0,0.0,0.0,0.0,0.0,0.0,0.0,0.0,idle
,idle,,,,,,,,,,,,,,,,,,,,,,,,,,,,,,,,,,,,,idle
1778096938.352525,g5.hpc.coe,41393.0,0.5001,0.0,0.0,0.0,12288.0,135347654048.0,136420437288.0,137616039.0,139218630.0,2565902.0,0.0,0.0,0.0,0.0,0.0,0.0,0.0,0.0,0.0,0.0,0.0,0.0,639.0,79.0,3.0,2.0,0.0,0.0,0.0,0.0,0.0,0.0,0.0,0.0,0.0,idle
,idle,,,,,,,,,,,,,,,,,,,,,,,,,,,,,,,,,,,,,idle
1778096938.852666,g5.hpc.coe,41393.0,0.5001,0.0,0.0,0.0,12288.0,135347654729.0,136420437367.0,137616042.0,139218632.0,2565902.0,0.0,0.0,0.0,0.0,0.0,0.0,0.0,0.0,0.0,0.0,0.0,0.0,681.0,79.0,3.0,2.0,0.0,0.0,0.0,0.0,0.0,0.0,0.0,0.0,0.0,idle
,idle,,,,,,,,,,,,,,,,,,,,,,,,,,,,,,,,,,,,,idle
1778096939.3528044,g5.hpc.coe,41393.0,0.5001,0.0,0.0,0.0,12288.0,135347655452.0,136420437446.0,137616045.0,139218634.0,2565902.0,0.0,0.0,0.0,0.0,0.0,0.0,0.0,0.0,0.0,0.0,0.0,0.0,723.0,79.0,3.0,2.0,0.0,0.0,0.0,0.0,0.0,0.0,0.0,0.0,0.0,idle
,idle,,,,,,,,,,,,,,,,,,,,,,,,,,,,,,,,,,,,,idle
1778096939.852947,g5.hpc.coe,41393.0,0.5001,0.0,0.0,0.0,12288.0,135347656217.0,136420437525.0,137616048.0,139218636.0,2565902.0,0.0,0.0,0.0,0.0,0.0,0.0,0.0,0.0,0.0,0.0,0.0,0.0,765.0,79.0,3.0,2.0,0.0,0.0,0.0,0.0,0.0,0.0,0.0,0.0,0.0,idle
,idle,,,,,,,,,,,,,,,,,,,,,,,,,,,,,,,,,,,,,idle
1778096940.3530836,g5.hpc.coe,41393.0,0.5001,0.0,0.0,0.0,12288.0,135347657024.0,136420437604.0,137616051.0,139218638.0,2565902.0,0.0,0.0,0.0,0.0,0.0,0.0,0.0,0.0,0.0,0.0,0.0,0.0,807.0,79.0,3.0,2.0,0.0,0.0,0.0,0.0,0.0,0.0,0.0,0.0,0.0,idle
,idle,,,,,,,,,,,,,,,,,,,,,,,,,,,,,,,,,,,,,idle
1778096940.8532228,g5.hpc.coe,41393.0,0.5001,0.0,0.0,0.0,12288.0,135347657874.0,136420437683.0,137616054.0,139218640.0,2565902.0,0.0,0.0,0.0,0.0,0.0,0.0,0.0,0.0,0.0,0.0,0.0,0.0,850.0,79.0,3.0,2.0,0.0,0.0,0.0,0.0,0.0,0.0,0.0,0.0,0.0,idle
,idle,,,,,,,,,,,,,,,,,,,,,,,,,,,,,,,,,,,,,idle
1778096941.3533857,g5.hpc.coe,41393.0,0.5002,0.0,0.0,0.0,12288.0,135347658766.0,136420437762.0,137616057.0,139218642.0,2565902.0,0.0,0.0,0.0,0.0,0.0,0.0,0.0,0.0,0.0,0.0,0.0,0.0,892.0,79.0,3.0,2.0,0.0,0.0,0.0,0.0,0.0,0.0,0.0,0.0,0.0,idle
,idle,,,,,,,,,,,,,,,,,,,,,,,,,,,,,,,,,,,,,idle
1778096941.8535233,g5.hpc.coe,41393.0,0.5001,0.0,0.0,0.0,12288.0,135347659700.0,136420437841.0,137616060.0,139218644.0,2565902.0,0.0,0.0,0.0,0.0,0.0,0.0,0.0,0.0,0.0,0.0,0.0,0.0,934.0,79.0,3.0,2.0,0.0,0.0,0.0,0.0,0.0,0.0,0.0,0.0,0.0,idle
,idle,,,,,,,,,,,,,,,,,,,,,,,,,,,,,,,,,,,,,idle
1778096942.3536663,g5.hpc.coe,41393.0,0.5001,0.0,0.0,0.0,12288.0,135347660753.0,136420437975.0,137616065.0,139218647.0,2565902.0,0.0,0.0,0.0,0.0,0.0,0.0,0.0,0.0,0.0,0.0,0.0,0.0,1053.0,134.0,5.0,3.0,0.0,0.0,0.0,0.0,0.0,0.0,0.0,0.0,0.0,idle
,idle,,,,,,,,,,,,,,,,,,,,,,,,,,,,,,,,,,,,,idle
1778096942.8537817,g5.hpc.coe,41393.0,0.5001,0.0,0.0,0.0,12288.0,135347661772.0,136420438054.0,137616068.0,139218649.0,2565902.0,0.0,0.0,0.0,0.0,0.0,0.0,0.0,0.0,0.0,0.0,0.0,0.0,1019.0,79.0,3.0,2.0,0.0,0.0,0.0,0.0,0.0,0.0,0.0,0.0,0.0,idle
,idle,,,,,,,,,,,,,,,,,,,,,,,,,,,,,,,,,,,,,idle
1778096943.353917,g5.hpc.coe,41393.0,0.5001,0.0,0.0,0.0,12288.0,135347662834.0,136420438133.0,137616071.0,139218651.0,2565902.0,0.0,0.0,0.0,0.0,0.0,0.0,0.0,0.0,0.0,0.0,0.0,0.0,1062.0,79.0,3.0,2.0,0.0,0.0,0.0,0.0,0.0,0.0,0.0,0.0,0.0,idle
,idle,,,,,,,,,,,,,,,,,,,,,,,,,,,,,,,,,,,,,idle
1778096943.8540528,g5.hpc.coe,41393.0,0.5001,0.0,0.0,0.0,12288.0,135347663960.0,136420438212.0,137616075.0,139218653.0,2565902.0,0.0,0.0,0.0,0.0,0.0,0.0,0.0,0.0,0.0,0.0,0.0,0.0,1126.0,79.0,4.0,2.0,0.0,0.0,0.0,0.0,0.0,0.0,0.0,0.0,0.0,idle
,idle,,,,,,,,,,,,,,,,,,,,,,,,,,,,,,,,,,,,,idle
1778096944.3541672,g5.hpc.coe,41393.0,0.5001,0.0,0.0,0.0,12288.0,135347665128.0,136420438291.0,137616079.0,139218655.0,2565902.0,0.0,0.0,0.0,0.0,0.0,0.0,0.0,0.0,0.0,0.0,0.0,0.0,1168.0,79.0,4.0,2.0,0.0,0.0,0.0,0.0,0.0,0.0,0.0,0.0,0.0,idle
,idle,,,,,,,,,,,,,,,,,,,,,,,,,,,,,,,,,,,,,idle
1778096944.8543084,g5.hpc.coe,41393.0,0.5001,0.0,0.0,0.0,12288.0,135347665271.0,136420438348.0,137616081.0,139218656.0,2565902.0,0.0,0.0,0.0,0.0,0.0,0.0,0.0,0.0,0.0,0.0,0.0,0.0,143.0,57.0,2.0,1.0,0.0,0.0,0.0,0.0,0.0,0.0,0.0,0.0,0.0,idle
,idle,,,,,,,,,,,,,,,,,,,,,,,,,,,,,,,,,,,,,idle
1778096945.354426,g5.hpc.coe,41393.0,0.5001,0.0,0.0,0.0,12288.0,135347665456.0,136420438405.0,137616083.0,139218657.0,2565902.0,0.0,0.0,0.0,0.0,0.0,0.0,0.0,0.0,0.0,0.0,0.0,0.0,185.0,57.0,2.0,1.0,0.0,0.0,0.0,0.0,0.0,0.0,0.0,0.0,0.0,idle
,idle,,,,,,,,,,,,,,,,,,,,,,,,,,,,,,,,,,,,,idle
1778096945.8545623,g5.hpc.coe,41393.0,0.5001,0.0,0.0,0.0,12288.0,135347665683.0,136420438462.0,137616085.0,139218658.0,2565902.0,0.0,0.0,0.0,0.0,0.0,0.0,0.0,0.0,0.0,0.0,0.0,0.0,227.0,57.0,2.0,1.0,0.0,0.0,0.0,0.0,0.0,0.0,0.0,0.0,0.0,idle
,idle,,,,,,,,,,,,,,,,,,,,,,,,,,,,,,,,,,,,,idle
1778096946.3546965,g5.hpc.coe,41393.0,0.5001,0.0,0.0,0.0,12288.0,135347665953.0,136420438519.0,137616087.0,139218659.0,2565902.0,0.0,0.0,0.0,0.0,0.0,0.0,0.0,0.0,0.0,0.0,0.0,0.0,270.0,57.0,2.0,1.0,0.0,0.0,0.0,0.0,0.0,0.0,0.0,0.0,0.0,idle
,idle,,,,,,,,,,,,,,,,,,,,,,,,,,,,,,,,,,,,,idle
1778096946.8548267,g5.hpc.coe,41393.0,0.5001,0.0,0.0,0.0,12288.0,135347666822.0,136420439023.0,137616101.0,139218668.0,2565902.0,0.0,0.0,0.0,0.0,0.0,0.0,0.0,0.0,0.0,0.0,0.0,0.0,869.0,504.0,14.0,9.0,0.0,0.0,0.0,0.0,0.0,0.0,0.0,0.0,0.0,idle
,idle,,,,,,,,,,,,,,,,,,,,,,,,,,,,,,,,,,,,,idle
1778096947.3549798,g5.hpc.coe,41393.0,0.5002,0.0,0.0,0.0,12288.0,135347667298.0,136420439135.0,137616107.0,139218670.0,2565902.0,0.0,0.0,0.0,0.0,0.0,0.0,0.0,0.0,0.0,0.0,0.0,0.0,476.0,112.0,6.0,2.0,0.0,0.0,0.0,0.0,0.0,0.0,0.0,0.0,0.0,idle
,idle,,,,,,,,,,,,,,,,,,,,,,,,,,,,,,,,,,,,,idle
1778096947.85512,g5.hpc.coe,41393.0,0.5001,0.0,0.0,0.0,12288.0,135347667695.0,136420439192.0,137616109.0,139218671.0,2565902.0,0.0,0.0,0.0,0.0,0.0,0.0,0.0,0.0,0.0,0.0,0.0,0.0,397.0,57.0,2.0,1.0,0.0,0.0,0.0,0.0,0.0,0.0,0.0,0.0,0.0,idle
,idle,,,,,,,,,,,,,,,,,,,,,,,,,,,,,,,,,,,,,idle
1778096948.3552356,g5.hpc.coe,41393.0,0.5001,0.0,0.0,0.0,12288.0,135347668134.0,136420439249.0,137616111.0,139218672.0,2565902.0,0.0,0.0,0.0,0.0,0.0,0.0,0.0,0.0,0.0,0.0,0.0,0.0,439.0,57.0,2.0,1.0,0.0,0.0,0.0,0.0,0.0,0.0,0.0,0.0,0.0,idle
,idle,,,,,,,,,,,,,,,,,,,,,,,,,,,,,,,,,,,,,idle
1778096948.855392,g5.hpc.coe,41393.0,0.5002,0.0,0.0,0.0,12288.0,135347668615.0,136420439306.0,137616113.0,139218673.0,2565902.0,0.0,0.0,0.0,0.0,0.0,0.0,0.0,0.0,0.0,0.0,0.0,0.0,481.0,57.0,2.0,1.0,0.0,0.0,0.0,0.0,0.0,0.0,0.0,0.0,0.0,idle
,idle,,,,,,,,,,,,,,,,,,,,,,,,,,,,,,,,,,,,,idle
1778096949.3555362,g5.hpc.coe,41393.0,0.5001,0.0,0.0,0.0,12288.0,135347669138.0,136420439363.0,137616115.0,139218674.0,2565902.0,0.0,0.0,0.0,0.0,0.0,0.0,0.0,0.0,0.0,0.0,0.0,0.0,523.0,57.0,2.0,1.0,0.0,0.0,0.0,0.0,0.0,0.0,0.0,0.0,0.0,idle
,idle,,,,,,,,,,,,,,,,,,,,,,,,,,,,,,,,,,,,,idle
1778096949.8556492,g5.hpc.coe,41393.0,0.5001,0.0,0.0,0.0,12288.0,135347669725.0,136420439442.0,137616118.0,139218676.0,2565902.0,0.0,0.0,0.0,0.0,0.0,0.0,0.0,0.0,0.0,0.0,0.0,0.0,587.0,79.0,3.0,2.0,0.0,0.0,0.0,0.0,0.0,0.0,0.0,0.0,0.0,idle
,idle,,,,,,,,,,,,,,,,,,,,,,,,,,,,,,,,,,,,,idle
1778096950.3557863,g5.hpc.coe,41393.0,0.5001,0.0,0.0,0.0,12288.0,135347670355.0,136420439521.0,137616121.0,139218678.0,2565902.0,0.0,0.0,0.0,0.0,0.0,0.0,0.0,0.0,0.0,0.0,0.0,0.0,630.0,79.0,3.0,2.0,0.0,0.0,0.0,0.0,0.0,0.0,0.0,0.0,0.0,idle
,idle,,,,,,,,,,,,,,,,,,,,,,,,,,,,,,,,,,,,,idle
1778096950.8559074,g5.hpc.coe,41393.0,0.5001,0.0,0.0,0.0,12288.0,135347671027.0,136420439600.0,137616124.0,139218680.0,2565902.0,0.0,0.0,0.0,0.0,0.0,0.0,0.0,0.0,0.0,0.0,0.0,0.0,672.0,79.0,3.0,2.0,0.0,0.0,0.0,0.0,0.0,0.0,0.0,0.0,0.0,idle
,idle,,,,,,,,,,,,,,,,,,,,,,,,,,,,,,,,,,,,,idle
1778096951.3560443,g5.hpc.coe,41393.0,0.5001,0.0,0.0,0.0,12288.0,135347671741.0,136420439679.0,137616127.0,139218682.0,2565902.0,0.0,0.0,0.0,0.0,0.0,0.0,0.0,0.0,0.0,0.0,0.0,0.0,714.0,79.0,3.0,2.0,0.0,0.0,0.0,0.0,0.0,0.0,0.0,0.0,0.0,idle
,idle,,,,,,,,,,,,,,,,,,,,,,,,,,,,,,,,,,,,,idle
1778096951.8561597,g5.hpc.coe,41393.0,0.5001,0.0,0.0,0.0,12288.0,135347672497.0,136420439758.0,137616130.0,139218684.0,2565902.0,0.0,0.0,0.0,0.0,0.0,0.0,0.0,0.0,0.0,0.0,0.0,0.0,756.0,79.0,3.0,2.0,0.0,0.0,0.0,0.0,0.0,0.0,0.0,0.0,0.0,idle
,idle,,,,,,,,,,,,,,,,,,,,,,,,,,,,,,,,,,,,,idle
1778096952.3563032,g5.hpc.coe,41393.0,0.5001,0.0,0.0,0.0,12288.0,135347673373.0,136420439892.0,137616135.0,139218687.0,2565902.0,0.0,0.0,0.0,0.0,0.0,0.0,0.0,0.0,0.0,0.0,0.0,0.0,876.0,134.0,5.0,3.0,0.0,0.0,0.0,0.0,0.0,0.0,0.0,0.0,0.0,idle
,idle,,,,,,,,,,,,,,,,,,,,,,,,,,,,,,,,,,,,,idle
1778096952.8564496,g5.hpc.coe,41393.0,0.5001,0.0,0.0,0.0,12288.0,135347674214.0,136420439971.0,137616138.0,139218689.0,2565902.0,0.0,0.0,0.0,0.0,0.0,0.0,0.0,0.0,0.0,0.0,0.0,0.0,841.0,79.0,3.0,2.0,0.0,0.0,0.0,0.0,0.0,0.0,0.0,0.0,0.0,idle
,idle,,,,,,,,,,,,,,,,,,,,,,,,,,,,,,,,,,,,,idle
1778096953.3565395,g5.hpc.coe,41393.0,0.5001,0.0,0.0,0.0,12288.0,135347675097.0,136420440050.0,137616141.0,139218691.0,2565902.0,0.0,0.0,0.0,0.0,0.0,0.0,0.0,0.0,0.0,0.0,0.0,0.0,883.0,79.0,3.0,2.0,0.0,0.0,0.0,0.0,0.0,0.0,0.0,0.0,0.0,idle
,idle,,,,,,,,,,,,,,,,,,,,,,,,,,,,,,,,,,,,,idle
1778096953.8566723,g5.hpc.coe,41393.0,0.5001,0.0,0.0,0.0,12288.0,135347676023.0,136420440129.0,137616144.0,139218693.0,2565902.0,0.0,0.0,0.0,0.0,0.0,0.0,0.0,0.0,0.0,0.0,0.0,0.0,926.0,79.0,3.0,2.0,0.0,0.0,0.0,0.0,0.0,0.0,0.0,0.0,0.0,idle
,idle,,,,,,,,,,,,,,,,,,,,,,,,,,,,,,,,,,,,,idle
1778096954.3568125,g5.hpc.coe,41393.0,0.5001,0.0,0.0,0.0,12288.0,135347676991.0,136420440208.0,137616147.0,139218695.0,2565902.0,0.0,0.0,0.0,0.0,0.0,0.0,0.0,0.0,0.0,0.0,0.0,0.0,968.0,79.0,3.0,2.0,0.0,0.0,0.0,0.0,0.0,0.0,0.0,0.0,0.0,idle
,idle,,,,,,,,,,,,,,,,,,,,,,,,,,,,,,,,,,,,,idle
1778096954.8569353,g5.hpc.coe,41393.0,0.5001,0.0,0.0,0.0,12288.0,135347678001.0,136420440287.0,137616150.0,139218697.0,2565902.0,0.0,0.0,0.0,0.0,0.0,0.0,0.0,0.0,0.0,0.0,0.0,0.0,1010.0,79.0,3.0,2.0,0.0,0.0,0.0,0.0,0.0,0.0,0.0,0.0,0.0,idle
,idle,,,,,,,,,,,,,,,,,,,,,,,,,,,,,,,,,,,,,idle
1778096955.35705,g5.hpc.coe,41393.0,0.5001,0.0,0.0,0.0,12288.0,135347679054.0,136420440366.0,137616153.0,139218699.0,2565902.0,0.0,0.0,0.0,0.0,0.0,0.0,0.0,0.0,0.0,0.0,0.0,0.0,1053.0,79.0,3.0,2.0,0.0,0.0,0.0,0.0,0.0,0.0,0.0,0.0,0.0,idle
,idle,,,,,,,,,,,,,,,,,,,,,,,,,,,,,,,,,,,,,idle
1778096955.8571856,g5.hpc.coe,41393.0,0.5001,0.0,0.0,0.0,12288.0,135347680171.0,136420440445.0,137616157.0,139218701.0,2565902.0,0.0,0.0,0.0,0.0,0.0,0.0,0.0,0.0,0.0,0.0,0.0,0.0,1117.0,79.0,4.0,2.0,0.0,0.0,0.0,0.0,0.0,0.0,0.0,0.0,0.0,idle
,idle,,,,,,,,,,,,,,,,,,,,,,,,,,,,,,,,,,,,,idle
1778096956.3573115,g5.hpc.coe,41393.0,0.5001,0.0,0.0,0.0,12288.0,135347681330.0,136420440524.0,137616161.0,139218703.0,2565902.0,0.0,0.0,0.0,0.0,0.0,0.0,0.0,0.0,0.0,0.0,0.0,0.0,1159.0,79.0,4.0,2.0,0.0,0.0,0.0,0.0,0.0,0.0,0.0,0.0,0.0,idle
,idle,,,,,,,,,,,,,,,,,,,,,,,,,,,,,,,,,,,,,idle
1778096956.8574464,g5.hpc.coe,41393.0,0.5001,0.0,0.0,0.0,12288.0,135347681464.0,136420440581.0,137616163.0,139218704.0,2565902.0,0.0,0.0,0.0,0.0,0.0,0.0,0.0,0.0,0.0,0.0,0.0,0.0,134.0,57.0,2.0,1.0,0.0,0.0,0.0,0.0,0.0,0.0,0.0,0.0,0.0,idle
,idle,,,,,,,,,,,,,,,,,,,,,,,,,,,,,,,,,,,,,idle
1778096957.3575823,g5.hpc.coe,41393.0,0.5001,0.0,0.0,0.0,12288.0,135347681640.0,136420440638.0,137616165.0,139218705.0,2565902.0,0.0,0.0,0.0,0.0,0.0,0.0,0.0,0.0,0.0,0.0,0.0,0.0,176.0,57.0,2.0,1.0,0.0,0.0,0.0,0.0,0.0,0.0,0.0,0.0,0.0,idle
,idle,,,,,,,,,,,,,,,,,,,,,,,,,,,,,,,,,,,,,idle
1778096957.8577244,g5.hpc.coe,41393.0,0.5001,0.0,0.0,0.0,12288.0,135347681858.0,136420440695.0,137616167.0,139218706.0,2565902.0,0.0,0.0,0.0,0.0,0.0,0.0,0.0,0.0,0.0,0.0,0.0,0.0,218.0,57.0,2.0,1.0,0.0,0.0,0.0,0.0,0.0,0.0,0.0,0.0,0.0,idle
,idle,,,,,,,,,,,,,,,,,,,,,,,,,,,,,,,,,,,,,idle
1778096958.3578634,g5.hpc.coe,41393.0,0.5001,0.0,0.0,0.0,12288.0,135347682118.0,136420440752.0,137616169.0,139218707.0,2565902.0,0.0,0.0,0.0,0.0,0.0,0.0,0.0,0.0,0.0,0.0,0.0,0.0,260.0,57.0,2.0,1.0,0.0,0.0,0.0,0.0,0.0,0.0,0.0,0.0,0.0,idle
,idle,,,,,,,,,,,,,,,,,,,,,,,,,,,,,,,,,,,,,idle
1778096958.8579977,g5.hpc.coe,41393.0,0.5001,0.0,0.0,0.0,12288.0,135347682421.0,136420440809.0,137616171.0,139218708.0,2565902.0,0.0,0.0,0.0,0.0,0.0,0.0,0.0,0.0,0.0,0.0,0.0,0.0,303.0,57.0,2.0,1.0,0.0,0.0,0.0,0.0,0.0,0.0,0.0,0.0,0.0,idle
,idle,,,,,,,,,,,,,,,,,,,,,,,,,,,,,,,,,,,,,idle
1778096959.3581305,g5.hpc.coe,41393.0,0.5001,0.0,0.0,0.0,12288.0,135347682766.0,136420440866.0,137616173.0,139218709.0,2565902.0,0.0,0.0,0.0,0.0,0.0,0.0,0.0,0.0,0.0,0.0,0.0,0.0,345.0,57.0,2.0,1.0,0.0,0.0,0.0,0.0,0.0,0.0,0.0,0.0,0.0,idle
,idle,,,,,,,,,,,,,,,,,,,,,,,,,,,,,,,,,,,,,idle
1778096959.8582618,g5.hpc.coe,41393.0,0.5001,0.0,0.0,0.0,12288.0,135347683153.0,136420440923.0,137616175.0,139218710.0,2565902.0,0.0,0.0,0.0,0.0,0.0,0.0,0.0,0.0,0.0,0.0,0.0,0.0,387.0,57.0,2.0,1.0,0.0,0.0,0.0,0.0,0.0,0.0,0.0,0.0,0.0,idle
,idle,,,,,,,,,,,,,,,,,,,,,,,,,,,,,,,,,,,,,idle
1778096960.3583946,g5.hpc.coe,41393.0,0.5001,0.0,0.0,0.0,12288.0,135347683582.0,136420440980.0,137616177.0,139218711.0,2565902.0,0.0,0.0,0.0,0.0,0.0,0.0,0.0,0.0,0.0,0.0,0.0,0.0,429.0,57.0,2.0,1.0,0.0,0.0,0.0,0.0,0.0,0.0,0.0,0.0,0.0,idle
,idle,,,,,,,,,,,,,,,,,,,,,,,,,,,,,,,,,,,,,idle
1778096960.8585355,g5.hpc.coe,41393.0,0.5001,0.0,0.0,0.0,12288.0,135347684054.0,136420441037.0,137616179.0,139218712.0,2565902.0,0.0,0.0,0.0,0.0,0.0,0.0,0.0,0.0,0.0,0.0,0.0,0.0,472.0,57.0,2.0,1.0,0.0,0.0,0.0,0.0,0.0,0.0,0.0,0.0,0.0,idle
,idle,,,,,,,,,,,,,,,,,,,,,,,,,,,,,,,,,,,,,idle
1778096961.3586872,g5.hpc.coe,41393.0,0.5002,0.0,0.0,0.0,12288.0,135347684568.0,136420441094.0,137616181.0,139218713.0,2565902.0,0.0,0.0,0.0,0.0,0.0,0.0,0.0,0.0,0.0,0.0,0.0,0.0,514.0,57.0,2.0,1.0,0.0,0.0,0.0,0.0,0.0,0.0,0.0,0.0,0.0,idle
,idle,,,,,,,,,,,,,,,,,,,,,,,,,,,,,,,,,,,,,idle
1778096961.858817,g5.hpc.coe,41393.0,0.5001,0.0,0.0,0.0,12288.0,135347685703.0,136420441620.0,137616196.0,139218723.0,2565902.0,0.0,0.0,0.0,0.0,0.0,0.0,0.0,0.0,0.0,0.0,0.0,0.0,1135.0,526.0,15.0,10.0,0.0,0.0,0.0,0.0,0.0,0.0,0.0,0.0,0.0,idle
,idle,,,,,,,,,,,,,,,,,,,,,,,,,,,,,,,,,,,,,idle
1778096962.358951,g5.hpc.coe,41393.0,0.5001,0.0,0.0,0.0,12288.0,135347686368.0,136420441699.0,137616201.0,139218725.0,2565902.0,0.0,0.0,0.0,0.0,0.0,0.0,0.0,0.0,0.0,0.0,0.0,0.0,665.0,79.0,5.0,2.0,0.0,0.0,0.0,0.0,0.0,0.0,0.0,0.0,0.0,idle
,idle,,,,,,,,,,,,,,,,,,,,,,,,,,,,,,,,,,,,,idle
1778096962.8590856,g5.hpc.coe,41393.0,0.5001,0.0,0.0,0.0,12288.0,135347687108.0,136420441833.0,137616206.0,139218728.0,2565902.0,0.0,0.0,0.0,0.0,0.0,0.0,0.0,0.0,0.0,0.0,0.0,0.0,740.0,134.0,5.0,3.0,0.0,0.0,0.0,0.0,0.0,0.0,0.0,0.0,0.0,idle
,idle,,,,,,,,,,,,,,,,,,,,,,,,,,,,,,,,,,,,,idle
1778096963.3592212,g5.hpc.coe,41393.0,0.5001,0.0,0.0,0.0,12288.0,135347687814.0,136420441912.0,137616209.0,139218730.0,2565902.0,0.0,0.0,0.0,0.0,0.0,0.0,0.0,0.0,0.0,0.0,0.0,0.0,706.0,79.0,3.0,2.0,0.0,0.0,0.0,0.0,0.0,0.0,0.0,0.0,0.0,idle
,idle,,,,,,,,,,,,,,,,,,,,,,,,,,,,,,,,,,,,,idle
1778096963.8593595,g5.hpc.coe,41393.0,0.5001,0.0,0.0,0.0,12288.0,135347688562.0,136420441991.0,137616212.0,139218732.0,2565902.0,0.0,0.0,0.0,0.0,0.0,0.0,0.0,0.0,0.0,0.0,0.0,0.0,748.0,79.0,3.0,2.0,0.0,0.0,0.0,0.0,0.0,0.0,0.0,0.0,0.0,idle
,idle,,,,,,,,,,,,,,,,,,,,,,,,,,,,,,,,,,,,,idle
1778096964.359494,g5.hpc.coe,41393.0,0.5001,0.0,0.0,0.0,12288.0,135347689352.0,136420442070.0,137616215.0,139218734.0,2565902.0,0.0,0.0,0.0,0.0,0.0,0.0,0.0,0.0,0.0,0.0,0.0,0.0,790.0,79.0,3.0,2.0,0.0,0.0,0.0,0.0,0.0,0.0,0.0,0.0,0.0,idle
,idle,,,,,,,,,,,,,,,,,,,,,,,,,,,,,,,,,,,,,idle
1778096964.8596296,g5.hpc.coe,41393.0,0.5001,0.0,0.0,0.0,12288.0,135347690184.0,136420442149.0,137616218.0,139218736.0,2565902.0,0.0,0.0,0.0,0.0,0.0,0.0,0.0,0.0,0.0,0.0,0.0,0.0,832.0,79.0,3.0,2.0,0.0,0.0,0.0,0.0,0.0,0.0,0.0,0.0,0.0,idle
,idle,,,,,,,,,,,,,,,,,,,,,,,,,,,,,,,,,,,,,idle
1778096965.359764,g5.hpc.coe,41393.0,0.5001,0.0,0.0,0.0,12288.0,135347691059.0,136420442228.0,137616221.0,139218738.0,2565902.0,0.0,0.0,0.0,0.0,0.0,0.0,0.0,0.0,0.0,0.0,0.0,0.0,875.0,79.0,3.0,2.0,0.0,0.0,0.0,0.0,0.0,0.0,0.0,0.0,0.0,idle
,idle,,,,,,,,,,,,,,,,,,,,,,,,,,,,,,,,,,,,,idle
1778096965.8598962,g5.hpc.coe,41393.0,0.5001,0.0,0.0,0.0,12288.0,135347691976.0,136420442307.0,137616224.0,139218740.0,2565902.0,0.0,0.0,0.0,0.0,0.0,0.0,0.0,0.0,0.0,0.0,0.0,0.0,917.0,79.0,3.0,2.0,0.0,0.0,0.0,0.0,0.0,0.0,0.0,0.0,0.0,idle
,idle,,,,,,,,,,,,,,,,,,,,,,,,,,,,,,,,,,,,,idle
1778096966.3600292,g5.hpc.coe,41393.0,0.5001,0.0,0.0,0.0,12288.0,135347692935.0,136420442386.0,137616227.0,139218742.0,2565902.0,0.0,0.0,0.0,0.0,0.0,0.0,0.0,0.0,0.0,0.0,0.0,0.0,959.0,79.0,3.0,2.0,0.0,0.0,0.0,0.0,0.0,0.0,0.0,0.0,0.0,idle
,idle,,,,,,,,,,,,,,,,,,,,,,,,,,,,,,,,,,,,,idle
1778096966.86018,g5.hpc.coe,41393.0,0.5002,0.0,0.0,0.0,12288.0,135347693936.0,136420442465.0,137616230.0,139218744.0,2565902.0,0.0,0.0,0.0,0.0,0.0,0.0,0.0,0.0,0.0,0.0,0.0,0.0,1001.0,79.0,3.0,2.0,0.0,0.0,0.0,0.0,0.0,0.0,0.0,0.0,0.0,idle
,idle,,,,,,,,,,,,,,,,,,,,,,,,,,,,,,,,,,,,,idle
1778096967.3602965,g5.hpc.coe,41393.0,0.5001,0.0,0.0,0.0,12288.0,135347694980.0,136420442544.0,137616233.0,139218746.0,2565902.0,0.0,0.0,0.0,0.0,0.0,0.0,0.0,0.0,0.0,0.0,0.0,0.0,1044.0,79.0,3.0,2.0,0.0,0.0,0.0,0.0,0.0,0.0,0.0,0.0,0.0,idle
,idle,,,,,,,,,,,,,,,,,,,,,,,,,,,,,,,,,,,,,idle
1778096967.8604343,g5.hpc.coe,41393.0,0.5001,0.0,0.0,0.0,12288.0,135347696165.0,136420442678.0,137616239.0,139218749.0,2565902.0,0.0,0.0,0.0,0.0,0.0,0.0,0.0,0.0,0.0,0.0,0.0,0.0,1185.0,134.0,6.0,3.0,0.0,0.0,0.0,0.0,0.0,0.0,0.0,0.0,0.0,idle
,idle,,,,,,,,,,,,,,,,,,,,,,,,,,,,,,,,,,,,,idle
1778096968.3605716,g5.hpc.coe,41393.0,0.5001,0.0,0.0,0.0,12288.0,135347697316.0,136420442757.0,137616243.0,139218751.0,2565902.0,0.0,0.0,0.0,0.0,0.0,0.0,0.0,0.0,0.0,0.0,0.0,0.0,1151.0,79.0,4.0,2.0,0.0,0.0,0.0,0.0,0.0,0.0,0.0,0.0,0.0,idle
,idle,,,,,,,,,,,,,,,,,,,,,,,,,,,,,,,,,,,,,idle
1778096968.860715,g5.hpc.coe,41393.0,0.5001,0.0,0.0,0.0,12288.0,135347697442.0,136420442814.0,137616245.0,139218752.0,2565902.0,0.0,0.0,0.0,0.0,0.0,0.0,0.0,0.0,0.0,0.0,0.0,0.0,126.0,57.0,2.0,1.0,0.0,0.0,0.0,0.0,0.0,0.0,0.0,0.0,0.0,idle
,idle,,,,,,,,,,,,,,,,,,,,,,,,,,,,,,,,,,,,,idle
1778096969.3608584,g5.hpc.coe,41393.0,0.5001,0.0,0.0,0.0,12288.0,135347697610.0,136420442871.0,137616247.0,139218753.0,2565902.0,0.0,0.0,0.0,0.0,0.0,0.0,0.0,0.0,0.0,0.0,0.0,0.0,168.0,57.0,2.0,1.0,0.0,0.0,0.0,0.0,0.0,0.0,0.0,0.0,0.0,idle
,idle,,,,,,,,,,,,,,,,,,,,,,,,,,,,,,,,,,,,,idle
1778096969.8609972,g5.hpc.coe,41393.0,0.5001,0.0,0.0,0.0,12288.0,135347697820.0,136420442928.0,137616249.0,139218754.0,2565902.0,0.0,0.0,0.0,0.0,0.0,0.0,0.0,0.0,0.0,0.0,0.0,0.0,210.0,57.0,2.0,1.0,0.0,0.0,0.0,0.0,0.0,0.0,0.0,0.0,0.0,idle
,idle,,,,,,,,,,,,,,,,,,,,,,,,,,,,,,,,,,,,,idle
1778096970.3611293,g5.hpc.coe,41393.0,0.5001,0.0,0.0,0.0,12288.0,135347698072.0,136420442985.0,137616251.0,139218755.0,2565902.0,0.0,0.0,0.0,0.0,0.0,0.0,0.0,0.0,0.0,0.0,0.0,0.0,252.0,57.0,2.0,1.0,0.0,0.0,0.0,0.0,0.0,0.0,0.0,0.0,0.0,idle
,idle,,,,,,,,,,,,,,,,,,,,,,,,,,,,,,,,,,,,,idle
1778096970.861261,g5.hpc.coe,41393.0,0.5001,0.0,0.0,0.0,12288.0,135347698367.0,136420443042.0,137616253.0,139218756.0,2565902.0,0.0,0.0,0.0,0.0,0.0,0.0,0.0,0.0,0.0,0.0,0.0,0.0,295.0,57.0,2.0,1.0,0.0,0.0,0.0,0.0,0.0,0.0,0.0,0.0,0.0,idle
,idle,,,,,,,,,,,,,,,,,,,,,,,,,,,,,,,,,,,,,idle
1778096971.3613913,g5.hpc.coe,41393.0,0.5001,0.0,0.0,0.0,12288.0,135347698704.0,136420443099.0,137616255.0,139218757.0,2565902.0,0.0,0.0,0.0,0.0,0.0,0.0,0.0,0.0,0.0,0.0,0.0,0.0,337.0,57.0,2.0,1.0,0.0,0.0,0.0,0.0,0.0,0.0,0.0,0.0,0.0,idle
,idle,,,,,,,,,,,,,,,,,,,,,,,,,,,,,,,,,,,,,idle
1778096971.8615296,g5.hpc.coe,41393.0,0.5001,0.0,0.0,0.0,12288.0,135347699083.0,136420443156.0,137616257.0,139218758.0,2565902.0,0.0,0.0,0.0,0.0,0.0,0.0,0.0,0.0,0.0,0.0,0.0,0.0,379.0,57.0,2.0,1.0,0.0,0.0,0.0,0.0,0.0,0.0,0.0,0.0,0.0,idle
,idle,,,,,,,,,,,,,,,,,,,,,,,,,,,,,,,,,,,,,idle
1778096972.3616574,g5.hpc.coe,41393.0,0.5001,0.0,0.0,0.0,12288.0,135347699504.0,136420443213.0,137616259.0,139218759.0,2565902.0,0.0,0.0,0.0,0.0,0.0,0.0,0.0,0.0,0.0,0.0,0.0,0.0,421.0,57.0,2.0,1.0,0.0,0.0,0.0,0.0,0.0,0.0,0.0,0.0,0.0,idle
,idle,,,,,,,,,,,,,,,,,,,,,,,,,,,,,,,,,,,,,idle
1778096972.861801,g5.hpc.coe,41393.0,0.5001,0.0,0.0,0.0,12288.0,135347700044.0,136420443325.0,137616263.0,139218761.0,2565902.0,0.0,0.0,0.0,0.0,0.0,0.0,0.0,0.0,0.0,0.0,0.0,0.0,540.0,112.0,4.0,2.0,0.0,0.0,0.0,0.0,0.0,0.0,0.0,0.0,0.0,idle
,idle,,,,,,,,,,,,,,,,,,,,,,,,,,,,,,,,,,,,,idle
1778096973.3619366,g5.hpc.coe,41393.0,0.5001,0.0,0.0,0.0,12288.0,135347700550.0,136420443382.0,137616265.0,139218762.0,2565902.0,0.0,0.0,0.0,0.0,0.0,0.0,0.0,0.0,0.0,0.0,0.0,0.0,506.0,57.0,2.0,1.0,0.0,0.0,0.0,0.0,0.0,0.0,0.0,0.0,0.0,idle
,idle,,,,,,,,,,,,,,,,,,,,,,,,,,,,,,,,,,,,,idle
1778096973.862075,g5.hpc.coe,41393.0,0.5001,0.0,0.0,0.0,12288.0,135347701120.0,136420443461.0,137616268.0,139218764.0,2565902.0,0.0,0.0,0.0,0.0,0.0,0.0,0.0,0.0,0.0,0.0,0.0,0.0,570.0,79.0,3.0,2.0,0.0,0.0,0.0,0.0,0.0,0.0,0.0,0.0,0.0,idle
,idle,,,,,,,,,,,,,,,,,,,,,,,,,,,,,,,,,,,,,idle
1778096974.3621905,g5.hpc.coe,41393.0,0.5001,0.0,0.0,0.0,12288.0,135347701732.0,136420443540.0,137616271.0,139218766.0,2565902.0,0.0,0.0,0.0,0.0,0.0,0.0,0.0,0.0,0.0,0.0,0.0,0.0,612.0,79.0,3.0,2.0,0.0,0.0,0.0,0.0,0.0,0.0,0.0,0.0,0.0,idle
,idle,,,,,,,,,,,,,,,,,,,,,,,,,,,,,,,,,,,,,idle
1778096974.8623254,g5.hpc.coe,41393.0,0.5001,0.0,0.0,0.0,12288.0,135347702386.0,136420443619.0,137616274.0,139218768.0,2565902.0,0.0,0.0,0.0,0.0,0.0,0.0,0.0,0.0,0.0,0.0,0.0,0.0,654.0,79.0,3.0,2.0,0.0,0.0,0.0,0.0,0.0,0.0,0.0,0.0,0.0,idle
,idle,,,,,,,,,,,,,,,,,,,,,,,,,,,,,,,,,,,,,idle
1778096975.3624551,g5.hpc.coe,41393.0,0.5001,0.0,0.0,0.0,12288.0,135347703082.0,136420443698.0,137616277.0,139218770.0,2565902.0,0.0,0.0,0.0,0.0,0.0,0.0,0.0,0.0,0.0,0.0,0.0,0.0,696.0,79.0,3.0,2.0,0.0,0.0,0.0,0.0,0.0,0.0,0.0,0.0,0.0,idle
,idle,,,,,,,,,,,,,,,,,,,,,,,,,,,,,,,,,,,,,idle
1778096975.8625965,g5.hpc.coe,41393.0,0.5001,0.0,0.0,0.0,12288.0,135347703821.0,136420443777.0,137616280.0,139218772.0,2565902.0,0.0,0.0,0.0,0.0,0.0,0.0,0.0,0.0,0.0,0.0,0.0,0.0,739.0,79.0,3.0,2.0,0.0,0.0,0.0,0.0,0.0,0.0,0.0,0.0,0.0,idle
,idle,,,,,,,,,,,,,,,,,,,,,,,,,,,,,,,,,,,,,idle
1778096976.362736,g5.hpc.coe,41393.0,0.5001,0.0,0.0,0.0,12288.0,135347704602.0,136420443856.0,137616283.0,139218774.0,2565902.0,0.0,0.0,0.0,0.0,0.0,0.0,0.0,0.0,0.0,0.0,0.0,0.0,781.0,79.0,3.0,2.0,0.0,0.0,0.0,0.0,0.0,0.0,0.0,0.0,0.0,idle
,idle,,,,,,,,,,,,,,,,,,,,,,,,,,,,,,,,,,,,,idle
1778096976.8628418,g5.hpc.coe,41393.0,0.5001,0.0,0.0,0.0,12288.0,135347705982.0,136420444382.0,137616298.0,139218784.0,2565902.0,0.0,0.0,0.0,0.0,0.0,0.0,0.0,0.0,0.0,0.0,0.0,0.0,1380.0,526.0,15.0,10.0,0.0,0.0,0.0,0.0,0.0,0.0,0.0,0.0,0.0,idle
,idle,,,,,,,,,,,,,,,,,,,,,,,,,,,,,,,,,,,,,idle
1778096977.362985,g5.hpc.coe,41393.0,0.5001,0.0,0.0,0.0,12288.0,135347706892.0,136420444461.0,137616303.0,139218786.0,2565902.0,0.0,0.0,0.0,0.0,0.0,0.0,0.0,0.0,0.0,0.0,0.0,0.0,910.0,79.0,5.0,2.0,0.0,0.0,0.0,0.0,0.0,0.0,0.0,0.0,0.0,idle
,idle,,,,,,,,,,,,,,,,,,,,,,,,,,,,,,,,,,,,,idle
1778096977.8631284,g5.hpc.coe,41393.0,0.5001,0.0,0.0,0.0,12288.0,135347707855.0,136420444595.0,137616307.0,139218789.0,2565902.0,0.0,0.0,0.0,0.0,0.0,0.0,0.0,0.0,0.0,0.0,0.0,0.0,963.0,134.0,4.0,3.0,0.0,0.0,0.0,0.0,0.0,0.0,0.0,0.0,0.0,idle
,idle,,,,,,,,,,,,,,,,,,,,,,,,,,,,,,,,,,,,,idle
1778096978.363244,g5.hpc.coe,41393.0,0.5001,0.0,0.0,0.0,12288.0,135347708828.0,136420444674.0,137616311.0,139218791.0,2565902.0,0.0,0.0,0.0,0.0,0.0,0.0,0.0,0.0,0.0,0.0,0.0,0.0,973.0,79.0,4.0,2.0,0.0,0.0,0.0,0.0,0.0,0.0,0.0,0.0,0.0,idle
,idle,,,,,,,,,,,,,,,,,,,,,,,,,,,,,,,,,,,,,idle
1778096978.8634286,g5.hpc.coe,41393.0,0.5002,0.0,0.0,0.0,12288.0,135347709821.0,136420444753.0,137616314.0,139218793.0,2565902.0,0.0,0.0,0.0,0.0,0.0,0.0,0.0,0.0,0.0,0.0,0.0,0.0,993.0,79.0,3.0,2.0,0.0,0.0,0.0,0.0,0.0,0.0,0.0,0.0,0.0,idle
,idle,,,,,,,,,,,,,,,,,,,,,,,,,,,,,,,,,,,,,idle
1778096979.363564,g5.hpc.coe,41393.0,0.5001,0.0,0.0,0.0,12288.0,135347711113.0,136420445087.0,137616322.0,139218800.0,2565902.0,0.0,0.0,0.0,0.0,0.0,0.0,0.0,0.0,0.0,0.0,0.0,0.0,1292.0,334.0,8.0,7.0,0.0,0.0,0.0,0.0,0.0,0.0,0.0,0.0,0.0,idle
,idle,,,,,,,,,,,,,,,,,,,,,,,,,,,,,,,,,,,,,idle
1778096979.8637073,g5.hpc.coe,41393.0,0.5001,0.0,0.0,0.0,12288.0,135347712235.0,136420445166.0,137616327.0,139218802.0,2565902.0,0.0,0.0,0.0,0.0,0.0,0.0,0.0,0.0,0.0,0.0,0.0,0.0,1122.0,79.0,5.0,2.0,0.0,0.0,0.0,0.0,0.0,0.0,0.0,0.0,0.0,idle
,idle,,,,,,,,,,,,,,,,,,,,,,,,,,,,,,,,,,,,,idle
1778096980.3638396,g5.hpc.coe,41393.0,0.5001,0.0,0.0,0.0,12288.0,135347713377.0,136420445245.0,137616331.0,139218804.0,2565902.0,0.0,0.0,0.0,0.0,0.0,0.0,0.0,0.0,0.0,0.0,0.0,0.0,1142.0,79.0,4.0,2.0,0.0,0.0,0.0,0.0,0.0,0.0,0.0,0.0,0.0,idle
,idle,,,,,,,,,,,,,,,,,,,,,,,,,,,,,,,,,,,,,idle
1778096980.8639832,g5.hpc.coe,41393.0,0.5001,0.0,0.0,0.0,12288.0,135347714562.0,136420445324.0,137616335.0,139218806.0,2565902.0,0.0,0.0,0.0,0.0,0.0,0.0,0.0,0.0,0.0,0.0,0.0,0.0,1185.0,79.0,4.0,2.0,0.0,0.0,0.0,0.0,0.0,0.0,0.0,0.0,0.0,idle
,idle,,,,,,,,,,,,,,,,,,,,,,,,,,,,,,,,,,,,,idle
1778096981.3641152,g5.hpc.coe,41393.0,0.5001,0.0,0.0,0.0,12288.0,135347714721.0,136420445381.0,137616337.0,139218807.0,2565902.0,0.0,0.0,0.0,0.0,0.0,0.0,0.0,0.0,0.0,0.0,0.0,0.0,159.0,57.0,2.0,1.0,0.0,0.0,0.0,0.0,0.0,0.0,0.0,0.0,0.0,idle
,idle,,,,,,,,,,,,,,,,,,,,,,,,,,,,,,,,,,,,,idle
1778096981.8642344,g5.hpc.coe,41393.0,0.5001,0.0,0.0,0.0,12288.0,135347714922.0,136420445438.0,137616339.0,139218808.0,2565902.0,0.0,0.0,0.0,0.0,0.0,0.0,0.0,0.0,0.0,0.0,0.0,0.0,201.0,57.0,2.0,1.0,0.0,0.0,0.0,0.0,0.0,0.0,0.0,0.0,0.0,idle
,idle,,,,,,,,,,,,,,,,,,,,,,,,,,,,,,,,,,,,,idle
1778096982.3643713,g5.hpc.coe,41393.0,0.5001,0.0,0.0,0.0,12288.0,135347715166.0,136420445495.0,137616341.0,139218809.0,2565902.0,0.0,0.0,0.0,0.0,0.0,0.0,0.0,0.0,0.0,0.0,0.0,0.0,244.0,57.0,2.0,1.0,0.0,0.0,0.0,0.0,0.0,0.0,0.0,0.0,0.0,idle
,idle,,,,,,,,,,,,,,,,,,,,,,,,,,,,,,,,,,,,,idle
1778096982.864489,g5.hpc.coe,41393.0,0.5001,0.0,0.0,0.0,12288.0,135347715452.0,136420445552.0,137616343.0,139218810.0,2565902.0,0.0,0.0,0.0,0.0,0.0,0.0,0.0,0.0,0.0,0.0,0.0,0.0,286.0,57.0,2.0,1.0,0.0,0.0,0.0,0.0,0.0,0.0,0.0,0.0,0.0,idle
,idle,,,,,,,,,,,,,,,,,,,,,,,,,,,,,,,,,,,,,idle
1778096983.3646228,g5.hpc.coe,41393.0,0.5001,0.0,0.0,0.0,12288.0,135347715857.0,136420445664.0,137616347.0,139218812.0,2565902.0,0.0,0.0,0.0,0.0,0.0,0.0,0.0,0.0,0.0,0.0,0.0,0.0,405.0,112.0,4.0,2.0,0.0,0.0,0.0,0.0,0.0,0.0,0.0,0.0,0.0,idle
,idle,,,,,,,,,,,,,,,,,,,,,,,,,,,,,,,,,,,,,idle
1778096983.864764,g5.hpc.coe,41393.0,0.5001,0.0,0.0,0.0,12288.0,135347716227.0,136420445721.0,137616349.0,139218813.0,2565902.0,0.0,0.0,0.0,0.0,0.0,0.0,0.0,0.0,0.0,0.0,0.0,0.0,370.0,57.0,2.0,1.0,0.0,0.0,0.0,0.0,0.0,0.0,0.0,0.0,0.0,idle
,idle,,,,,,,,,,,,,,,,,,,,,,,,,,,,,,,,,,,,,idle
1778096984.3649037,g5.hpc.coe,41393.0,0.5001,0.0,0.0,0.0,12288.0,135347716639.0,136420445778.0,137616351.0,139218814.0,2565902.0,0.0,0.0,0.0,0.0,0.0,0.0,0.0,0.0,0.0,0.0,0.0,0.0,412.0,57.0,2.0,1.0,0.0,0.0,0.0,0.0,0.0,0.0,0.0,0.0,0.0,idle
,idle,,,,,,,,,,,,,,,,,,,,,,,,,,,,,,,,,,,,,idle
1778096984.865039,g5.hpc.coe,41393.0,0.5001,0.0,0.0,0.0,12288.0,135347717094.0,136420445835.0,137616353.0,139218815.0,2565902.0,0.0,0.0,0.0,0.0,0.0,0.0,0.0,0.0,0.0,0.0,0.0,0.0,455.0,57.0,2.0,1.0,0.0,0.0,0.0,0.0,0.0,0.0,0.0,0.0,0.0,idle
,idle,,,,,,,,,,,,,,,,,,,,,,,,,,,,,,,,,,,,,idle
1778096985.3651807,g5.hpc.coe,41393.0,0.5001,0.0,0.0,0.0,12288.0,135347717591.0,136420445892.0,137616355.0,139218816.0,2565902.0,0.0,0.0,0.0,0.0,0.0,0.0,0.0,0.0,0.0,0.0,0.0,0.0,497.0,57.0,2.0,1.0,0.0,0.0,0.0,0.0,0.0,0.0,0.0,0.0,0.0,idle
,idle,,,,,,,,,,,,,,,,,,,,,,,,,,,,,,,,,,,,,idle
1778096985.8653154,g5.hpc.coe,41393.0,0.5001,0.0,0.0,0.0,12288.0,135347718130.0,136420445949.0,137616357.0,139218817.0,2565902.0,0.0,0.0,0.0,0.0,0.0,0.0,0.0,0.0,0.0,0.0,0.0,0.0,539.0,57.0,2.0,1.0,0.0,0.0,0.0,0.0,0.0,0.0,0.0,0.0,0.0,idle
,idle,,,,,,,,,,,,,,,,,,,,,,,,,,,,,,,,,,,,,idle
1778096986.3654668,g5.hpc.coe,41393.0,0.5002,0.0,0.0,0.0,12288.0,135347718733.0,136420446028.0,137616360.0,139218819.0,2565902.0,0.0,0.0,0.0,0.0,0.0,0.0,0.0,0.0,0.0,0.0,0.0,0.0,603.0,79.0,3.0,2.0,0.0,0.0,0.0,0.0,0.0,0.0,0.0,0.0,0.0,idle
,idle,,,,,,,,,,,,,,,,,,,,,,,,,,,,,,,,,,,,,idle
1778096986.8656006,g5.hpc.coe,41393.0,0.5001,0.0,0.0,0.0,12288.0,135347719379.0,136420446107.0,137616363.0,139218821.0,2565902.0,0.0,0.0,0.0,0.0,0.0,0.0,0.0,0.0,0.0,0.0,0.0,0.0,646.0,79.0,3.0,2.0,0.0,0.0,0.0,0.0,0.0,0.0,0.0,0.0,0.0,idle
,idle,,,,,,,,,,,,,,,,,,,,,,,,,,,,,,,,,,,,,idle
1778096987.365733,g5.hpc.coe,41393.0,0.5001,0.0,0.0,0.0,12288.0,135347720067.0,136420446186.0,137616366.0,139218823.0,2565902.0,0.0,0.0,0.0,0.0,0.0,0.0,0.0,0.0,0.0,0.0,0.0,0.0,688.0,79.0,3.0,2.0,0.0,0.0,0.0,0.0,0.0,0.0,0.0,0.0,0.0,idle
,idle,,,,,,,,,,,,,,,,,,,,,,,,,,,,,,,,,,,,,idle
1778096987.865878,g5.hpc.coe,41393.0,0.5001,0.0,0.0,0.0,12288.0,135347720797.0,136420446265.0,137616369.0,139218825.0,2565902.0,0.0,0.0,0.0,0.0,0.0,0.0,0.0,0.0,0.0,0.0,0.0,0.0,730.0,79.0,3.0,2.0,0.0,0.0,0.0,0.0,0.0,0.0,0.0,0.0,0.0,idle
,idle,,,,,,,,,,,,,,,,,,,,,,,,,,,,,,,,,,,,,idle
1778096988.3659935,g5.hpc.coe,41393.0,0.5001,0.0,0.0,0.0,12288.0,135347721646.0,136420446399.0,137616374.0,139218828.0,2565902.0,0.0,0.0,0.0,0.0,0.0,0.0,0.0,0.0,0.0,0.0,0.0,0.0,849.0,134.0,5.0,3.0,0.0,0.0,0.0,0.0,0.0,0.0,0.0,0.0,0.0,idle
,idle,,,,,,,,,,,,,,,,,,,,,,,,,,,,,,,,,,,,,idle
1778096988.8661156,g5.hpc.coe,41393.0,0.5001,0.0,0.0,0.0,12288.0,135347722461.0,136420446478.0,137616377.0,139218830.0,2565902.0,0.0,0.0,0.0,0.0,0.0,0.0,0.0,0.0,0.0,0.0,0.0,0.0,815.0,79.0,3.0,2.0,0.0,0.0,0.0,0.0,0.0,0.0,0.0,0.0,0.0,idle
,idle,,,,,,,,,,,,,,,,,,,,,,,,,,,,,,,,,,,,,idle
1778096989.3662531,g5.hpc.coe,41393.0,0.5001,0.0,0.0,0.0,12288.0,135347723318.0,136420446557.0,137616380.0,139218832.0,2565902.0,0.0,0.0,0.0,0.0,0.0,0.0,0.0,0.0,0.0,0.0,0.0,0.0,857.0,79.0,3.0,2.0,0.0,0.0,0.0,0.0,0.0,0.0,0.0,0.0,0.0,idle
,idle,,,,,,,,,,,,,,,,,,,,,,,,,,,,,,,,,,,,,idle
1778096989.8663976,g5.hpc.coe,41393.0,0.5001,0.0,0.0,0.0,12288.0,135347724217.0,136420446636.0,137616383.0,139218834.0,2565902.0,0.0,0.0,0.0,0.0,0.0,0.0,0.0,0.0,0.0,0.0,0.0,0.0,899.0,79.0,3.0,2.0,0.0,0.0,0.0,0.0,0.0,0.0,0.0,0.0,0.0,idle
,idle,,,,,,,,,,,,,,,,,,,,,,,,,,,,,,,,,,,,,idle
1778096990.3665414,g5.hpc.coe,41393.0,0.5001,0.0,0.0,0.0,12288.0,135347725159.0,136420446715.0,137616386.0,139218836.0,2565902.0,0.0,0.0,0.0,0.0,0.0,0.0,0.0,0.0,0.0,0.0,0.0,0.0,942.0,79.0,3.0,2.0,0.0,0.0,0.0,0.0,0.0,0.0,0.0,0.0,0.0,idle
,idle,,,,,,,,,,,,,,,,,,,,,,,,,,,,,,,,,,,,,idle
1778096990.8666785,g5.hpc.coe,41393.0,0.5001,0.0,0.0,0.0,12288.0,135347726143.0,136420446794.0,137616389.0,139218838.0,2565902.0,0.0,0.0,0.0,0.0,0.0,0.0,0.0,0.0,0.0,0.0,0.0,0.0,984.0,79.0,3.0,2.0,0.0,0.0,0.0,0.0,0.0,0.0,0.0,0.0,0.0,idle
,idle,,,,,,,,,,,,,,,,,,,,,,,,,,,,,,,,,,,,,idle
1778096991.3667896,g5.hpc.coe,41393.0,0.5001,0.0,0.0,0.0,12288.0,135347727169.0,136420446873.0,137616392.0,139218840.0,2565902.0,0.0,0.0,0.0,0.0,0.0,0.0,0.0,0.0,0.0,0.0,0.0,0.0,1026.0,79.0,3.0,2.0,0.0,0.0,0.0,0.0,0.0,0.0,0.0,0.0,0.0,idle
,idle,,,,,,,,,,,,,,,,,,,,,,,,,,,,,,,,,,,,,idle
1778096991.8669045,g5.hpc.coe,41393.0,0.5001,0.0,0.0,0.0,12288.0,135347728817.0,136420447399.0,137616408.0,139218850.0,2565902.0,0.0,0.0,0.0,0.0,0.0,0.0,0.0,0.0,0.0,0.0,0.0,0.0,1648.0,526.0,16.0,10.0,0.0,0.0,0.0,0.0,0.0,0.0,0.0,0.0,0.0,idle
,idle,,,,,,,,,,,,,,,,,,,,,,,,,,,,,,,,,,,,,idle
1778096992.3670423,g5.hpc.coe,41393.0,0.5001,0.0,0.0,0.0,12288.0,135347729995.0,136420447478.0,137616414.0,139218852.0,2565902.0,0.0,0.0,0.0,0.0,0.0,0.0,0.0,0.0,0.0,0.0,0.0,0.0,1178.0,79.0,6.0,2.0,0.0,0.0,0.0,0.0,0.0,0.0,0.0,0.0,0.0,idle
,idle,,,,,,,,,,,,,,,,,,,,,,,,,,,,,,,,,,,,,idle
1778096992.8671806,g5.hpc.coe,41393.0,0.5001,0.0,0.0,0.0,12288.0,135347731171.0,136420447557.0,137616418.0,139218854.0,2565902.0,0.0,0.0,0.0,0.0,0.0,0.0,0.0,0.0,0.0,0.0,0.0,0.0,1176.0,79.0,4.0,2.0,0.0,0.0,0.0,0.0,0.0,0.0,0.0,0.0,0.0,idle
,idle,,,,,,,,,,,,,,,,,,,,,,,,,,,,,,,,,,,,,idle
1778096993.3673155,g5.hpc.coe,41393.0,0.5001,0.0,0.0,0.0,12288.0,135347731399.0,136420447669.0,137616422.0,139218856.0,2565902.0,0.0,0.0,0.0,0.0,0.0,0.0,0.0,0.0,0.0,0.0,0.0,0.0,228.0,112.0,4.0,2.0,0.0,0.0,0.0,0.0,0.0,0.0,0.0,0.0,0.0,idle
,idle,,,,,,,,,,,,,,,,,,,,,,,,,,,,,,,,,,,,,idle
1778096993.8674486,g5.hpc.coe,41393.0,0.5001,0.0,0.0,0.0,12288.0,135347731592.0,136420447726.0,137616424.0,139218857.0,2565902.0,0.0,0.0,0.0,0.0,0.0,0.0,0.0,0.0,0.0,0.0,0.0,0.0,193.0,57.0,2.0,1.0,0.0,0.0,0.0,0.0,0.0,0.0,0.0,0.0,0.0,idle
,idle,,,,,,,,,,,,,,,,,,,,,,,,,,,,,,,,,,,,,idle
1778096994.3675883,g5.hpc.coe,41393.0,0.5001,0.0,0.0,0.0,12288.0,135347731828.0,136420447783.0,137616426.0,139218858.0,2565902.0,0.0,0.0,0.0,0.0,0.0,0.0,0.0,0.0,0.0,0.0,0.0,0.0,236.0,57.0,2.0,1.0,0.0,0.0,0.0,0.0,0.0,0.0,0.0,0.0,0.0,idle
,idle,,,,,,,,,,,,,,,,,,,,,,,,,,,,,,,,,,,,,idle
1778096994.8677242,g5.hpc.coe,41393.0,0.5001,0.0,0.0,0.0,12288.0,135347732106.0,136420447840.0,137616428.0,139218859.0,2565902.0,0.0,0.0,0.0,0.0,0.0,0.0,0.0,0.0,0.0,0.0,0.0,0.0,278.0,57.0,2.0,1.0,0.0,0.0,0.0,0.0,0.0,0.0,0.0,0.0,0.0,idle
,idle,,,,,,,,,,,,,,,,,,,,,,,,,,,,,,,,,,,,,idle
1778096995.367855,g5.hpc.coe,41393.0,0.5001,0.0,0.0,0.0,12288.0,135347732426.0,136420447897.0,137616430.0,139218860.0,2565902.0,0.0,0.0,0.0,0.0,0.0,0.0,0.0,0.0,0.0,0.0,0.0,0.0,320.0,57.0,2.0,1.0,0.0,0.0,0.0,0.0,0.0,0.0,0.0,0.0,0.0,idle
,idle,,,,,,,,,,,,,,,,,,,,,,,,,,,,,,,,,,,,,idle
1778096995.8679929,g5.hpc.coe,41393.0,0.5001,0.0,0.0,0.0,12288.0,135347732788.0,136420447954.0,137616432.0,139218861.0,2565902.0,0.0,0.0,0.0,0.0,0.0,0.0,0.0,0.0,0.0,0.0,0.0,0.0,362.0,57.0,2.0,1.0,0.0,0.0,0.0,0.0,0.0,0.0,0.0,0.0,0.0,idle
,idle,,,,,,,,,,,,,,,,,,,,,,,,,,,,,,,,,,,,,idle
1778096996.3681264,g5.hpc.coe,41393.0,0.5001,0.0,0.0,0.0,12288.0,135347733192.0,136420448011.0,137616434.0,139218862.0,2565902.0,0.0,0.0,0.0,0.0,0.0,0.0,0.0,0.0,0.0,0.0,0.0,0.0,404.0,57.0,2.0,1.0,0.0,0.0,0.0,0.0,0.0,0.0,0.0,0.0,0.0,idle
,idle,,,,,,,,,,,,,,,,,,,,,,,,,,,,,,,,,,,,,idle
1778096996.868261,g5.hpc.coe,41393.0,0.5001,0.0,0.0,0.0,12288.0,135347733639.0,136420448068.0,137616436.0,139218863.0,2565902.0,0.0,0.0,0.0,0.0,0.0,0.0,0.0,0.0,0.0,0.0,0.0,0.0,447.0,57.0,2.0,1.0,0.0,0.0,0.0,0.0,0.0,0.0,0.0,0.0,0.0,idle
,idle,,,,,,,,,,,,,,,,,,,,,,,,,,,,,,,,,,,,,idle
1778096997.3684125,g5.hpc.coe,41393.0,0.5002,0.0,0.0,0.0,12288.0,135347734128.0,136420448125.0,137616438.0,139218864.0,2565902.0,0.0,0.0,0.0,0.0,0.0,0.0,0.0,0.0,0.0,0.0,0.0,0.0,489.0,57.0,2.0,1.0,0.0,0.0,0.0,0.0,0.0,0.0,0.0,0.0,0.0,idle
,idle,,,,,,,,,,,,,,,,,,,,,,,,,,,,,,,,,,,,,idle
1778096997.8685422,g5.hpc.coe,41393.0,0.5001,0.0,0.0,0.0,12288.0,135347734659.0,136420448182.0,137616440.0,139218865.0,2565902.0,0.0,0.0,0.0,0.0,0.0,0.0,0.0,0.0,0.0,0.0,0.0,0.0,531.0,57.0,2.0,1.0,0.0,0.0,0.0,0.0,0.0,0.0,0.0,0.0,0.0,idle
,idle,,,,,,,,,,,,,,,,,,,,,,,,,,,,,,,,,,,,,idle
1778096998.3686888,g5.hpc.coe,41393.0,0.5001,0.0,0.0,0.0,12288.0,135347735331.0,136420448316.0,137616445.0,139218868.0,2565902.0,0.0,0.0,0.0,0.0,0.0,0.0,0.0,0.0,0.0,0.0,0.0,0.0,672.0,134.0,5.0,3.0,0.0,0.0,0.0,0.0,0.0,0.0,0.0,0.0,0.0,idle
,idle,,,,,,,,,,,,,,,,,,,,,,,,,,,,,,,,,,,,,idle
1778096998.8687956,g5.hpc.coe,41393.0,0.5001,0.0,0.0,0.0,12288.0,135347735969.0,136420448395.0,137616448.0,139218870.0,2565902.0,0.0,0.0,0.0,0.0,0.0,0.0,0.0,0.0,0.0,0.0,0.0,0.0,638.0,79.0,3.0,2.0,0.0,0.0,0.0,0.0,0.0,0.0,0.0,0.0,0.0,idle
,idle,,,,,,,,,,,,,,,,,,,,,,,,,,,,,,,,,,,,,idle
1778096999.3689458,g5.hpc.coe,41393.0,0.5002,0.0,0.0,0.0,12288.0,135347736649.0,136420448474.0,137616451.0,139218872.0,2565902.0,0.0,0.0,0.0,0.0,0.0,0.0,0.0,0.0,0.0,0.0,0.0,0.0,680.0,79.0,3.0,2.0,0.0,0.0,0.0,0.0,0.0,0.0,0.0,0.0,0.0,idle
,idle,,,,,,,,,,,,,,,,,,,,,,,,,,,,,,,,,,,,,idle
1778096999.8690884,g5.hpc.coe,41393.0,0.5001,0.0,0.0,0.0,12288.0,135347737371.0,136420448553.0,137616454.0,139218874.0,2565902.0,0.0,0.0,0.0,0.0,0.0,0.0,0.0,0.0,0.0,0.0,0.0,0.0,722.0,79.0,3.0,2.0,0.0,0.0,0.0,0.0,0.0,0.0,0.0,0.0,0.0,idle
,idle,,,,,,,,,,,,,,,,,,,,,,,,,,,,,,,,,,,,,idle
1778097000.3692226,g5.hpc.coe,41393.0,0.5001,0.0,0.0,0.0,12288.0,135347738135.0,136420448632.0,137616457.0,139218876.0,2565902.0,0.0,0.0,0.0,0.0,0.0,0.0,0.0,0.0,0.0,0.0,0.0,0.0,764.0,79.0,3.0,2.0,0.0,0.0,0.0,0.0,0.0,0.0,0.0,0.0,0.0,idle
,idle,,,,,,,,,,,,,,,,,,,,,,,,,,,,,,,,,,,,,idle
1778097000.8693602,g5.hpc.coe,41393.0,0.5001,0.0,0.0,0.0,12288.0,135347738942.0,136420448711.0,137616460.0,139218878.0,2565902.0,0.0,0.0,0.0,0.0,0.0,0.0,0.0,0.0,0.0,0.0,0.0,0.0,807.0,79.0,3.0,2.0,0.0,0.0,0.0,0.0,0.0,0.0,0.0,0.0,0.0,idle
,idle,,,,,,,,,,,,,,,,,,,,,,,,,,,,,,,,,,,,,idle
1778097001.3694973,g5.hpc.coe,41393.0,0.5001,0.0,0.0,0.0,12288.0,135347739791.0,136420448790.0,137616463.0,139218880.0,2565902.0,0.0,0.0,0.0,0.0,0.0,0.0,0.0,0.0,0.0,0.0,0.0,0.0,849.0,79.0,3.0,2.0,0.0,0.0,0.0,0.0,0.0,0.0,0.0,0.0,0.0,idle
,idle,,,,,,,,,,,,,,,,,,,,,,,,,,,,,,,,,,,,,idle
1778097001.86964,g5.hpc.coe,41393.0,0.5001,0.0,0.0,0.0,12288.0,135347740682.0,136420448869.0,137616466.0,139218882.0,2565902.0,0.0,0.0,0.0,0.0,0.0,0.0,0.0,0.0,0.0,0.0,0.0,0.0,891.0,79.0,3.0,2.0,0.0,0.0,0.0,0.0,0.0,0.0,0.0,0.0,0.0,idle
,idle,,,,,,,,,,,,,,,,,,,,,,,,,,,,,,,,,,,,,idle
1778097002.3697753,g5.hpc.coe,41393.0,0.5001,0.0,0.0,0.0,12288.0,135347741615.0,136420448948.0,137616469.0,139218884.0,2565902.0,0.0,0.0,0.0,0.0,0.0,0.0,0.0,0.0,0.0,0.0,0.0,0.0,933.0,79.0,3.0,2.0,0.0,0.0,0.0,0.0,0.0,0.0,0.0,0.0,0.0,idle
,idle,,,,,,,,,,,,,,,,,,,,,,,,,,,,,,,,,,,,,idle
1778097002.8699138,g5.hpc.coe,41393.0,0.5001,0.0,0.0,0.0,12288.0,135347742590.0,136420449027.0,137616472.0,139218886.0,2565902.0,0.0,0.0,0.0,0.0,0.0,0.0,0.0,0.0,0.0,0.0,0.0,0.0,975.0,79.0,3.0,2.0,0.0,0.0,0.0,0.0,0.0,0.0,0.0,0.0,0.0,idle
,idle,,,,,,,,,,,,,,,,,,,,,,,,,,,,,,,,,,,,,idle
1778097003.370052,g5.hpc.coe,41393.0,0.5001,0.0,0.0,0.0,12288.0,135347743607.0,136420449106.0,137616475.0,139218888.0,2565902.0,0.0,0.0,0.0,0.0,0.0,0.0,0.0,0.0,0.0,0.0,0.0,0.0,1017.0,79.0,3.0,2.0,0.0,0.0,0.0,0.0,0.0,0.0,0.0,0.0,0.0,idle
,idle,,,,,,,,,,,,,,,,,,,,,,,,,,,,,,,,,,,,,idle
1778097003.870185,g5.hpc.coe,41393.0,0.5001,0.0,0.0,0.0,12288.0,135347744744.0,136420449240.0,137616480.0,139218891.0,2565902.0,0.0,0.0,0.0,0.0,0.0,0.0,0.0,0.0,0.0,0.0,0.0,0.0,1137.0,134.0,5.0,3.0,0.0,0.0,0.0,0.0,0.0,0.0,0.0,0.0,0.0,idle
,idle,,,,,,,,,,,,,,,,,,,,,,,,,,,,,,,,,,,,,idle
1778097004.3703258,g5.hpc.coe,41393.0,0.5001,0.0,0.0,0.0,12288.0,135347745868.0,136420449319.0,137616484.0,139218893.0,2565902.0,0.0,0.0,0.0,0.0,0.0,0.0,0.0,0.0,0.0,0.0,0.0,0.0,1124.0,79.0,4.0,2.0,0.0,0.0,0.0,0.0,0.0,0.0,0.0,0.0,0.0,idle
,idle,,,,,,,,,,,,,,,,,,,,,,,,,,,,,,,,,,,,,idle
1778097004.8704634,g5.hpc.coe,41393.0,0.5001,0.0,0.0,0.0,12288.0,135347747035.0,136420449398.0,137616488.0,139218895.0,2565902.0,0.0,0.0,0.0,0.0,0.0,0.0,0.0,0.0,0.0,0.0,0.0,0.0,1167.0,79.0,4.0,2.0,0.0,0.0,0.0,0.0,0.0,0.0,0.0,0.0,0.0,idle
,idle,,,,,,,,,,,,,,,,,,,,,,,,,,,,,,,,,,,,,idle
1778097005.3706071,g5.hpc.coe,41393.0,0.5001,0.0,0.0,0.0,12288.0,135347747176.0,136420449455.0,137616490.0,139218896.0,2565902.0,0.0,0.0,0.0,0.0,0.0,0.0,0.0,0.0,0.0,0.0,0.0,0.0,141.0,57.0,2.0,1.0,0.0,0.0,0.0,0.0,0.0,0.0,0.0,0.0,0.0,idle
,idle,,,,,,,,,,,,,,,,,,,,,,,,,,,,,,,,,,,,,idle
1778097005.870751,g5.hpc.coe,41393.0,0.5001,0.0,0.0,0.0,12288.0,135347747360.0,136420449512.0,137616492.0,139218897.0,2565902.0,0.0,0.0,0.0,0.0,0.0,0.0,0.0,0.0,0.0,0.0,0.0,0.0,184.0,57.0,2.0,1.0,0.0,0.0,0.0,0.0,0.0,0.0,0.0,0.0,0.0,idle
,idle,,,,,,,,,,,,,,,,,,,,,,,,,,,,,,,,,,,,,idle
1778097006.370883,g5.hpc.coe,41393.0,0.5001,0.0,0.0,0.0,12288.0,135347747586.0,136420449569.0,137616494.0,139218898.0,2565902.0,0.0,0.0,0.0,0.0,0.0,0.0,0.0,0.0,0.0,0.0,0.0,0.0,226.0,57.0,2.0,1.0,0.0,0.0,0.0,0.0,0.0,0.0,0.0,0.0,0.0,idle
,idle,,,,,,,,,,,,,,,,,,,,,,,,,,,,,,,,,,,,,idle
1778097006.87102,g5.hpc.coe,41393.0,0.5001,0.0,0.0,0.0,12288.0,135347748411.0,136420450073.0,137616508.0,139218907.0,2565902.0,0.0,0.0,0.0,0.0,0.0,0.0,0.0,0.0,0.0,0.0,0.0,0.0,825.0,504.0,14.0,9.0,0.0,0.0,0.0,0.0,0.0,0.0,0.0,0.0,0.0,idle
,idle,,,,,,,,,,,,,,,,,,,,,,,,,,,,,,,,,,,,,idle
1778097007.371156,g5.hpc.coe,41393.0,0.5001,0.0,0.0,0.0,12288.0,135347748765.0,136420450130.0,137616512.0,139218908.0,2565902.0,0.0,0.0,0.0,0.0,0.0,0.0,0.0,0.0,0.0,0.0,0.0,0.0,354.0,57.0,4.0,1.0,0.0,0.0,0.0,0.0,0.0,0.0,0.0,0.0,0.0,idle
,idle,,,,,,,,,,,,,,,,,,,,,,,,,,,,,,,,,,,,,idle
1778097007.871288,g5.hpc.coe,41393.0,0.5001,0.0,0.0,0.0,12288.0,135347749117.0,136420450187.0,137616514.0,139218909.0,2565902.0,0.0,0.0,0.0,0.0,0.0,0.0,0.0,0.0,0.0,0.0,0.0,0.0,352.0,57.0,2.0,1.0,0.0,0.0,0.0,0.0,0.0,0.0,0.0,0.0,0.0,idle
,idle,,,,,,,,,,,,,,,,,,,,,,,,,,,,,,,,,,,,,idle
1778097008.3714209,g5.hpc.coe,41393.0,0.5001,0.0,0.0,0.0,12288.0,135347749511.0,136420450244.0,137616516.0,139218910.0,2565902.0,0.0,0.0,0.0,0.0,0.0,0.0,0.0,0.0,0.0,0.0,0.0,0.0,394.0,57.0,2.0,1.0,0.0,0.0,0.0,0.0,0.0,0.0,0.0,0.0,0.0,idle
,idle,,,,,,,,,,,,,,,,,,,,,,,,,,,,,,,,,,,,,idle
1778097008.871535,g5.hpc.coe,41393.0,0.5001,0.0,0.0,0.0,12288.0,135347750024.0,136420450356.0,137616520.0,139218912.0,2565902.0,0.0,0.0,0.0,0.0,0.0,0.0,0.0,0.0,0.0,0.0,0.0,0.0,513.0,112.0,4.0,2.0,0.0,0.0,0.0,0.0,0.0,0.0,0.0,0.0,0.0,idle
,idle,,,,,,,,,,,,,,,,,,,,,,,,,,,,,,,,,,,,,idle
1778097009.3716738,g5.hpc.coe,41393.0,0.5001,0.0,0.0,0.0,12288.0,135347750502.0,136420450413.0,137616522.0,139218913.0,2565902.0,0.0,0.0,0.0,0.0,0.0,0.0,0.0,0.0,0.0,0.0,0.0,0.0,478.0,57.0,2.0,1.0,0.0,0.0,0.0,0.0,0.0,0.0,0.0,0.0,0.0,idle
,idle,,,,,,,,,,,,,,,,,,,,,,,,,,,,,,,,,,,,,idle
1778097009.8718038,g5.hpc.coe,41393.0,0.5001,0.0,0.0,0.0,12288.0,135347751023.0,136420450470.0,137616524.0,139218914.0,2565902.0,0.0,0.0,0.0,0.0,0.0,0.0,0.0,0.0,0.0,0.0,0.0,0.0,521.0,57.0,2.0,1.0,0.0,0.0,0.0,0.0,0.0,0.0,0.0,0.0,0.0,idle
,idle,,,,,,,,,,,,,,,,,,,,,,,,,,,,,,,,,,,,,idle
1778097010.3719363,g5.hpc.coe,41393.0,0.5001,0.0,0.0,0.0,12288.0,135347751608.0,136420450549.0,137616527.0,139218916.0,2565902.0,0.0,0.0,0.0,0.0,0.0,0.0,0.0,0.0,0.0,0.0,0.0,0.0,585.0,79.0,3.0,2.0,0.0,0.0,0.0,0.0,0.0,0.0,0.0,0.0,0.0,idle
,idle,,,,,,,,,,,,,,,,,,,,,,,,,,,,,,,,,,,,,idle
1778097010.8720822,g5.hpc.coe,41393.0,0.5001,0.0,0.0,0.0,12288.0,135347752235.0,136420450628.0,137616530.0,139218918.0,2565902.0,0.0,0.0,0.0,0.0,0.0,0.0,0.0,0.0,0.0,0.0,0.0,0.0,627.0,79.0,3.0,2.0,0.0,0.0,0.0,0.0,0.0,0.0,0.0,0.0,0.0,idle
,idle,,,,,,,,,,,,,,,,,,,,,,,,,,,,,,,,,,,,,idle
1778097011.3722126,g5.hpc.coe,41393.0,0.5001,0.0,0.0,0.0,12288.0,135347752904.0,136420450707.0,137616533.0,139218920.0,2565902.0,0.0,0.0,0.0,0.0,0.0,0.0,0.0,0.0,0.0,0.0,0.0,0.0,669.0,79.0,3.0,2.0,0.0,0.0,0.0,0.0,0.0,0.0,0.0,0.0,0.0,idle
,idle,,,,,,,,,,,,,,,,,,,,,,,,,,,,,,,,,,,,,idle
1778097011.8723478,g5.hpc.coe,41393.0,0.5001,0.0,0.0,0.0,12288.0,135347753616.0,136420450786.0,137616536.0,139218922.0,2565902.0,0.0,0.0,0.0,0.0,0.0,0.0,0.0,0.0,0.0,0.0,0.0,0.0,712.0,79.0,3.0,2.0,0.0,0.0,0.0,0.0,0.0,0.0,0.0,0.0,0.0,idle
,idle,,,,,,,,,,,,,,,,,,,,,,,,,,,,,,,,,,,,,idle
1778097012.3724864,g5.hpc.coe,41393.0,0.5001,0.0,0.0,0.0,12288.0,135347754370.0,136420450865.0,137616539.0,139218924.0,2565902.0,0.0,0.0,0.0,0.0,0.0,0.0,0.0,0.0,0.0,0.0,0.0,0.0,754.0,79.0,3.0,2.0,0.0,0.0,0.0,0.0,0.0,0.0,0.0,0.0,0.0,idle
,idle,,,,,,,,,,,,,,,,,,,,,,,,,,,,,,,,,,,,,idle
1778097012.8726034,g5.hpc.coe,41393.0,0.5001,0.0,0.0,0.0,12288.0,135347755166.0,136420450944.0,137616542.0,139218926.0,2565902.0,0.0,0.0,0.0,0.0,0.0,0.0,0.0,0.0,0.0,0.0,0.0,0.0,796.0,79.0,3.0,2.0,0.0,0.0,0.0,0.0,0.0,0.0,0.0,0.0,0.0,idle
,idle,,,,,,,,,,,,,,,,,,,,,,,,,,,,,,,,,,,,,idle
1778097013.3727412,g5.hpc.coe,41393.0,0.5001,0.0,0.0,0.0,12288.0,135347756004.0,136420451023.0,137616545.0,139218928.0,2565902.0,0.0,0.0,0.0,0.0,0.0,0.0,0.0,0.0,0.0,0.0,0.0,0.0,838.0,79.0,3.0,2.0,0.0,0.0,0.0,0.0,0.0,0.0,0.0,0.0,0.0,idle
,idle,,,,,,,,,,,,,,,,,,,,,,,,,,,,,,,,,,,,,idle
1778097013.8728676,g5.hpc.coe,41393.0,0.5001,0.0,0.0,0.0,12288.0,135347756962.0,136420451157.0,137616550.0,139218931.0,2565902.0,0.0,0.0,0.0,0.0,0.0,0.0,0.0,0.0,0.0,0.0,0.0,0.0,958.0,134.0,5.0,3.0,0.0,0.0,0.0,0.0,0.0,0.0,0.0,0.0,0.0,idle
,idle,,,,,,,,,,,,,,,,,,,,,,,,,,,,,,,,,,,,,idle
1778097014.3729837,g5.hpc.coe,41393.0,0.5001,0.0,0.0,0.0,12288.0,135347757885.0,136420451236.0,137616553.0,139218933.0,2565902.0,0.0,0.0,0.0,0.0,0.0,0.0,0.0,0.0,0.0,0.0,0.0,0.0,923.0,79.0,3.0,2.0,0.0,0.0,0.0,0.0,0.0,0.0,0.0,0.0,0.0,idle
,idle,,,,,,,,,,,,,,,,,,,,,,,,,,,,,,,,,,,,,idle
1778097014.873122,g5.hpc.coe,41393.0,0.5001,0.0,0.0,0.0,12288.0,135347758850.0,136420451315.0,137616556.0,139218935.0,2565902.0,0.0,0.0,0.0,0.0,0.0,0.0,0.0,0.0,0.0,0.0,0.0,0.0,965.0,79.0,3.0,2.0,0.0,0.0,0.0,0.0,0.0,0.0,0.0,0.0,0.0,idle
,idle,,,,,,,,,,,,,,,,,,,,,,,,,,,,,,,,,,,,,idle
1778097015.3732529,g5.hpc.coe,41393.0,0.5001,0.0,0.0,0.0,12288.0,135347759857.0,136420451394.0,137616559.0,139218937.0,2565902.0,0.0,0.0,0.0,0.0,0.0,0.0,0.0,0.0,0.0,0.0,0.0,0.0,1007.0,79.0,3.0,2.0,0.0,0.0,0.0,0.0,0.0,0.0,0.0,0.0,0.0,idle
,idle,,,,,,,,,,,,,,,,,,,,,,,,,,,,,,,,,,,,,idle
1778097015.873403,g5.hpc.coe,41393.0,0.5002,0.0,0.0,0.0,12288.0,135347760907.0,136420451473.0,137616562.0,139218939.0,2565902.0,0.0,0.0,0.0,0.0,0.0,0.0,0.0,0.0,0.0,0.0,0.0,0.0,1050.0,79.0,3.0,2.0,0.0,0.0,0.0,0.0,0.0,0.0,0.0,0.0,0.0,idle
,idle,,,,,,,,,,,,,,,,,,,,,,,,,,,,,,,,,,,,,idle
1778097016.3735378,g5.hpc.coe,41393.0,0.5001,0.0,0.0,0.0,12288.0,135347762021.0,136420451552.0,137616566.0,139218941.0,2565902.0,0.0,0.0,0.0,0.0,0.0,0.0,0.0,0.0,0.0,0.0,0.0,0.0,1114.0,79.0,4.0,2.0,0.0,0.0,0.0,0.0,0.0,0.0,0.0,0.0,0.0,idle
,idle,,,,,,,,,,,,,,,,,,,,,,,,,,,,,,,,,,,,,idle
1778097016.8736792,g5.hpc.coe,41393.0,0.5001,0.0,0.0,0.0,12288.0,135347763178.0,136420451631.0,137616570.0,139218943.0,2565902.0,0.0,0.0,0.0,0.0,0.0,0.0,0.0,0.0,0.0,0.0,0.0,0.0,1157.0,79.0,4.0,2.0,0.0,0.0,0.0,0.0,0.0,0.0,0.0,0.0,0.0,idle
,idle,,,,,,,,,,,,,,,,,,,,,,,,,,,,,,,,,,,,,idle
1778097017.3738194,g5.hpc.coe,41393.0,0.5001,0.0,0.0,0.0,12288.0,135347763309.0,136420451688.0,137616572.0,139218944.0,2565902.0,0.0,0.0,0.0,0.0,0.0,0.0,0.0,0.0,0.0,0.0,0.0,0.0,131.0,57.0,2.0,1.0,0.0,0.0,0.0,0.0,0.0,0.0,0.0,0.0,0.0,idle
,idle,,,,,,,,,,,,,,,,,,,,,,,,,,,,,,,,,,,,,idle
1778097017.8739667,g5.hpc.coe,41393.0,0.5001,0.0,0.0,0.0,12288.0,135347763482.0,136420451745.0,137616574.0,139218945.0,2565902.0,0.0,0.0,0.0,0.0,0.0,0.0,0.0,0.0,0.0,0.0,0.0,0.0,173.0,57.0,2.0,1.0,0.0,0.0,0.0,0.0,0.0,0.0,0.0,0.0,0.0,idle
,idle,,,,,,,,,,,,,,,,,,,,,,,,,,,,,,,,,,,,,idle
1778097018.3740993,g5.hpc.coe,41393.0,0.5001,0.0,0.0,0.0,12288.0,135347763698.0,136420451802.0,137616576.0,139218946.0,2565902.0,0.0,0.0,0.0,0.0,0.0,0.0,0.0,0.0,0.0,0.0,0.0,0.0,216.0,57.0,2.0,1.0,0.0,0.0,0.0,0.0,0.0,0.0,0.0,0.0,0.0,idle
,idle,,,,,,,,,,,,,,,,,,,,,,,,,,,,,,,,,,,,,idle
1778097018.8742418,g5.hpc.coe,41393.0,0.5001,0.0,0.0,0.0,12288.0,135347764033.0,136420451914.0,137616580.0,139218948.0,2565902.0,0.0,0.0,0.0,0.0,0.0,0.0,0.0,0.0,0.0,0.0,0.0,0.0,335.0,112.0,4.0,2.0,0.0,0.0,0.0,0.0,0.0,0.0,0.0,0.0,0.0,idle
,idle,,,,,,,,,,,,,,,,,,,,,,,,,,,,,,,,,,,,,idle
1778097019.3744102,g5.hpc.coe,41393.0,0.5002,0.0,0.0,0.0,12288.0,135347764333.0,136420451971.0,137616582.0,139218949.0,2565902.0,0.0,0.0,0.0,0.0,0.0,0.0,0.0,0.0,0.0,0.0,0.0,0.0,300.0,57.0,2.0,1.0,0.0,0.0,0.0,0.0,0.0,0.0,0.0,0.0,0.0,idle
,idle,,,,,,,,,,,,,,,,,,,,,,,,,,,,,,,,,,,,,idle
1778097019.874544,g5.hpc.coe,41393.0,0.5001,0.0,0.0,0.0,12288.0,135347764676.0,136420452028.0,137616584.0,139218950.0,2565902.0,0.0,0.0,0.0,0.0,0.0,0.0,0.0,0.0,0.0,0.0,0.0,0.0,343.0,57.0,2.0,1.0,0.0,0.0,0.0,0.0,0.0,0.0,0.0,0.0,0.0,idle
,idle,,,,,,,,,,,,,,,,,,,,,,,,,,,,,,,,,,,,,idle
1778097020.374679,g5.hpc.coe,41393.0,0.5001,0.0,0.0,0.0,12288.0,135347765061.0,136420452085.0,137616586.0,139218951.0,2565902.0,0.0,0.0,0.0,0.0,0.0,0.0,0.0,0.0,0.0,0.0,0.0,0.0,385.0,57.0,2.0,1.0,0.0,0.0,0.0,0.0,0.0,0.0,0.0,0.0,0.0,idle
,idle,,,,,,,,,,,,,,,,,,,,,,,,,,,,,,,,,,,,,idle
1778097020.8748252,g5.hpc.coe,41393.0,0.5001,0.0,0.0,0.0,12288.0,135347765488.0,136420452142.0,137616588.0,139218952.0,2565902.0,0.0,0.0,0.0,0.0,0.0,0.0,0.0,0.0,0.0,0.0,0.0,0.0,427.0,57.0,2.0,1.0,0.0,0.0,0.0,0.0,0.0,0.0,0.0,0.0,0.0,idle
,idle,,,,,,,,,,,,,,,,,,,,,,,,,,,,,,,,,,,,,idle
1778097021.3749352,g5.hpc.coe,41393.0,0.5001,0.0,0.0,0.0,12288.0,135347765957.0,136420452199.0,137616590.0,139218953.0,2565902.0,0.0,0.0,0.0,0.0,0.0,0.0,0.0,0.0,0.0,0.0,0.0,0.0,469.0,57.0,2.0,1.0,0.0,0.0,0.0,0.0,0.0,0.0,0.0,0.0,0.0,idle
,idle,,,,,,,,,,,,,,,,,,,,,,,,,,,,,,,,,,,,,idle
1778097021.8750434,g5.hpc.coe,41393.0,0.5001,0.0,0.0,0.0,12288.0,135347767025.0,136420452703.0,137616605.0,139218962.0,2565902.0,0.0,0.0,0.0,0.0,0.0,0.0,0.0,0.0,0.0,0.0,0.0,0.0,1068.0,504.0,15.0,9.0,0.0,0.0,0.0,0.0,0.0,0.0,0.0,0.0,0.0,idle
,idle,,,,,,,,,,,,,,,,,,,,,,,,,,,,,,,,,,,,,idle
1778097022.3751736,g5.hpc.coe,41393.0,0.5001,0.0,0.0,0.0,12288.0,135347767645.0,136420452782.0,137616609.0,139218964.0,2565902.0,0.0,0.0,0.0,0.0,0.0,0.0,0.0,0.0,0.0,0.0,0.0,0.0,620.0,79.0,4.0,2.0,0.0,0.0,0.0,0.0,0.0,0.0,0.0,0.0,0.0,idle
,idle,,,,,,,,,,,,,,,,,,,,,,,,,,,,,,,,,,,,,idle
1778097022.8753052,g5.hpc.coe,41393.0,0.5001,0.0,0.0,0.0,12288.0,135347768263.0,136420452861.0,137616612.0,139218966.0,2565902.0,0.0,0.0,0.0,0.0,0.0,0.0,0.0,0.0,0.0,0.0,0.0,0.0,618.0,79.0,3.0,2.0,0.0,0.0,0.0,0.0,0.0,0.0,0.0,0.0,0.0,idle
,idle,,,,,,,,,,,,,,,,,,,,,,,,,,,,,,,,,,,,,idle
1778097023.37544,g5.hpc.coe,41393.0,0.5001,0.0,0.0,0.0,12288.0,135347768924.0,136420452940.0,137616615.0,139218968.0,2565902.0,0.0,0.0,0.0,0.0,0.0,0.0,0.0,0.0,0.0,0.0,0.0,0.0,661.0,79.0,3.0,2.0,0.0,0.0,0.0,0.0,0.0,0.0,0.0,0.0,0.0,idle
,idle,,,,,,,,,,,,,,,,,,,,,,,,,,,,,,,,,,,,,idle
1778097023.8755722,g5.hpc.coe,41393.0,0.5001,0.0,0.0,0.0,12288.0,135347769627.0,136420453019.0,137616618.0,139218970.0,2565902.0,0.0,0.0,0.0,0.0,0.0,0.0,0.0,0.0,0.0,0.0,0.0,0.0,703.0,79.0,3.0,2.0,0.0,0.0,0.0,0.0,0.0,0.0,0.0,0.0,0.0,idle
,idle,,,,,,,,,,,,,,,,,,,,,,,,,,,,,,,,,,,,,idle
1778097024.3756936,g5.hpc.coe,41393.0,0.5001,0.0,0.0,0.0,12288.0,135347770449.0,136420453153.0,137616623.0,139218973.0,2565902.0,0.0,0.0,0.0,0.0,0.0,0.0,0.0,0.0,0.0,0.0,0.0,0.0,822.0,134.0,5.0,3.0,0.0,0.0,0.0,0.0,0.0,0.0,0.0,0.0,0.0,idle
,idle,,,,,,,,,,,,,,,,,,,,,,,,,,,,,,,,,,,,,idle
1778097024.875852,g5.hpc.coe,41393.0,0.5002,0.0,0.0,0.0,12288.0,135347771237.0,136420453232.0,137616626.0,139218975.0,2565902.0,0.0,0.0,0.0,0.0,0.0,0.0,0.0,0.0,0.0,0.0,0.0,0.0,788.0,79.0,3.0,2.0,0.0,0.0,0.0,0.0,0.0,0.0,0.0,0.0,0.0,idle
,idle,,,,,,,,,,,,,,,,,,,,,,,,,,,,,,,,,,,,,idle
1778097025.3759618,g5.hpc.coe,41393.0,0.5001,0.0,0.0,0.0,12288.0,135347772067.0,136420453311.0,137616629.0,139218977.0,2565902.0,0.0,0.0,0.0,0.0,0.0,0.0,0.0,0.0,0.0,0.0,0.0,0.0,830.0,79.0,3.0,2.0,0.0,0.0,0.0,0.0,0.0,0.0,0.0,0.0,0.0,idle
,idle,,,,,,,,,,,,,,,,,,,,,,,,,,,,,,,,,,,,,idle
1778097025.876088,g5.hpc.coe,41393.0,0.5001,0.0,0.0,0.0,12288.0,135347772939.0,136420453390.0,137616632.0,139218979.0,2565902.0,0.0,0.0,0.0,0.0,0.0,0.0,0.0,0.0,0.0,0.0,0.0,0.0,872.0,79.0,3.0,2.0,0.0,0.0,0.0,0.0,0.0,0.0,0.0,0.0,0.0,idle
,idle,,,,,,,,,,,,,,,,,,,,,,,,,,,,,,,,,,,,,idle
1778097026.3762405,g5.hpc.coe,41393.0,0.5002,0.0,0.0,0.0,12288.0,135347773853.0,136420453469.0,137616635.0,139218981.0,2565902.0,0.0,0.0,0.0,0.0,0.0,0.0,0.0,0.0,0.0,0.0,0.0,0.0,914.0,79.0,3.0,2.0,0.0,0.0,0.0,0.0,0.0,0.0,0.0,0.0,0.0,idle
,idle,,,,,,,,,,,,,,,,,,,,,,,,,,,,,,,,,,,,,idle
1778097026.8763866,g5.hpc.coe,41393.0,0.5001,0.0,0.0,0.0,12288.0,135347774809.0,136420453548.0,137616638.0,139218983.0,2565902.0,0.0,0.0,0.0,0.0,0.0,0.0,0.0,0.0,0.0,0.0,0.0,0.0,956.0,79.0,3.0,2.0,0.0,0.0,0.0,0.0,0.0,0.0,0.0,0.0,0.0,idle
,idle,,,,,,,,,,,,,,,,,,,,,,,,,,,,,,,,,,,,,idle
1778097027.3765466,g5.hpc.coe,41393.0,0.5002,0.0,0.0,0.0,12288.0,135347775808.0,136420453627.0,137616641.0,139218985.0,2565902.0,0.0,0.0,0.0,0.0,0.0,0.0,0.0,0.0,0.0,0.0,0.0,0.0,999.0,79.0,3.0,2.0,0.0,0.0,0.0,0.0,0.0,0.0,0.0,0.0,0.0,idle
,idle,,,,,,,,,,,,,,,,,,,,,,,,,,,,,,,,,,,,,idle
1778097027.876656,g5.hpc.coe,41393.0,0.5001,0.0,0.0,0.0,12288.0,135347776849.0,136420453706.0,137616644.0,139218987.0,2565902.0,0.0,0.0,0.0,0.0,0.0,0.0,0.0,0.0,0.0,0.0,0.0,0.0,1041.0,79.0,3.0,2.0,0.0,0.0,0.0,0.0,0.0,0.0,0.0,0.0,0.0,idle
,idle,,,,,,,,,,,,,,,,,,,,,,,,,,,,,,,,,,,,,idle
1778097028.3767664,g5.hpc.coe,41393.0,0.5001,0.0,0.0,0.0,12288.0,135347777954.0,136420453785.0,137616648.0,139218989.0,2565902.0,0.0,0.0,0.0,0.0,0.0,0.0,0.0,0.0,0.0,0.0,0.0,0.0,1105.0,79.0,4.0,2.0,0.0,0.0,0.0,0.0,0.0,0.0,0.0,0.0,0.0,idle
,idle,,,,,,,,,,,,,,,,,,,,,,,,,,,,,,,,,,,,,idle
1778097028.8769054,g5.hpc.coe,41393.0,0.5001,0.0,0.0,0.0,12288.0,135347779102.0,136420453864.0,137616652.0,139218991.0,2565902.0,0.0,0.0,0.0,0.0,0.0,0.0,0.0,0.0,0.0,0.0,0.0,0.0,1148.0,79.0,4.0,2.0,0.0,0.0,0.0,0.0,0.0,0.0,0.0,0.0,0.0,idle
,idle,,,,,,,,,,,,,,,,,,,,,,,,,,,,,,,,,,,,,idle
1778097029.377045,g5.hpc.coe,41393.0,0.5001,0.0,0.0,0.0,12288.0,135347779301.0,136420453998.0,137616656.0,139218994.0,2565902.0,0.0,0.0,0.0,0.0,0.0,0.0,0.0,0.0,0.0,0.0,0.0,0.0,199.0,134.0,4.0,3.0,0.0,0.0,0.0,0.0,0.0,0.0,0.0,0.0,0.0,idle
,idle,,,,,,,,,,,,,,,,,,,,,,,,,,,,,,,,,,,,,idle
1778097029.8771782,g5.hpc.coe,41393.0,0.5001,0.0,0.0,0.0,12288.0,135347779466.0,136420454077.0,137616658.0,139218996.0,2565902.0,0.0,0.0,0.0,0.0,0.0,0.0,0.0,0.0,0.0,0.0,0.0,0.0,165.0,79.0,2.0,2.0,0.0,0.0,0.0,0.0,0.0,0.0,0.0,0.0,0.0,idle
,idle,,,,,,,,,,,,,,,,,,,,,,,,,,,,,,,,,,,,,idle
1778097030.3772864,g5.hpc.coe,41393.0,0.5001,0.0,0.0,0.0,12288.0,135347779673.0,136420454134.0,137616660.0,139218997.0,2565902.0,0.0,0.0,0.0,0.0,0.0,0.0,0.0,0.0,0.0,0.0,0.0,0.0,207.0,57.0,2.0,1.0,0.0,0.0,0.0,0.0,0.0,0.0,0.0,0.0,0.0,idle
,idle,,,,,,,,,,,,,,,,,,,,,,,,,,,,,,,,,,,,,idle
1778097030.8774312,g5.hpc.coe,41393.0,0.5001,0.0,0.0,0.0,12288.0,135347779922.0,136420454191.0,137616662.0,139218998.0,2565902.0,0.0,0.0,0.0,0.0,0.0,0.0,0.0,0.0,0.0,0.0,0.0,0.0,249.0,57.0,2.0,1.0,0.0,0.0,0.0,0.0,0.0,0.0,0.0,0.0,0.0,idle
,idle,,,,,,,,,,,,,,,,,,,,,,,,,,,,,,,,,,,,,idle
1778097031.3775616,g5.hpc.coe,41393.0,0.5001,0.0,0.0,0.0,12288.0,135347780213.0,136420454248.0,137616664.0,139218999.0,2565902.0,0.0,0.0,0.0,0.0,0.0,0.0,0.0,0.0,0.0,0.0,0.0,0.0,291.0,57.0,2.0,1.0,0.0,0.0,0.0,0.0,0.0,0.0,0.0,0.0,0.0,idle
,idle,,,,,,,,,,,,,,,,,,,,,,,,,,,,,,,,,,,,,idle
1778097031.8776915,g5.hpc.coe,41393.0,0.5001,0.0,0.0,0.0,12288.0,135347780547.0,136420454305.0,137616666.0,139219000.0,2565902.0,0.0,0.0,0.0,0.0,0.0,0.0,0.0,0.0,0.0,0.0,0.0,0.0,334.0,57.0,2.0,1.0,0.0,0.0,0.0,0.0,0.0,0.0,0.0,0.0,0.0,idle
,idle,,,,,,,,,,,,,,,,,,,,,,,,,,,,,,,,,,,,,idle
1778097032.377829,g5.hpc.coe,41393.0,0.5001,0.0,0.0,0.0,12288.0,135347780923.0,136420454362.0,137616668.0,139219001.0,2565902.0,0.0,0.0,0.0,0.0,0.0,0.0,0.0,0.0,0.0,0.0,0.0,0.0,376.0,57.0,2.0,1.0,0.0,0.0,0.0,0.0,0.0,0.0,0.0,0.0,0.0,idle
,idle,,,,,,,,,,,,,,,,,,,,,,,,,,,,,,,,,,,,,idle
1778097032.8779464,g5.hpc.coe,41393.0,0.5001,0.0,0.0,0.0,12288.0,135347781341.0,136420454419.0,137616670.0,139219002.0,2565902.0,0.0,0.0,0.0,0.0,0.0,0.0,0.0,0.0,0.0,0.0,0.0,0.0,418.0,57.0,2.0,1.0,0.0,0.0,0.0,0.0,0.0,0.0,0.0,0.0,0.0,idle
,idle,,,,,,,,,,,,,,,,,,,,,,,,,,,,,,,,,,,,,idle
1778097033.3780775,g5.hpc.coe,41393.0,0.5001,0.0,0.0,0.0,12288.0,135347781801.0,136420454476.0,137616672.0,139219003.0,2565902.0,0.0,0.0,0.0,0.0,0.0,0.0,0.0,0.0,0.0,0.0,0.0,0.0,460.0,57.0,2.0,1.0,0.0,0.0,0.0,0.0,0.0,0.0,0.0,0.0,0.0,idle
,idle,,,,,,,,,,,,,,,,,,,,,,,,,,,,,,,,,,,,,idle
1778097033.878213,g5.hpc.coe,41393.0,0.5001,0.0,0.0,0.0,12288.0,135347782303.0,136420454533.0,137616674.0,139219004.0,2565902.0,0.0,0.0,0.0,0.0,0.0,0.0,0.0,0.0,0.0,0.0,0.0,0.0,502.0,57.0,2.0,1.0,0.0,0.0,0.0,0.0,0.0,0.0,0.0,0.0,0.0,idle
,idle,,,,,,,,,,,,,,,,,,,,,,,,,,,,,,,,,,,,,idle
1778097034.378327,g5.hpc.coe,41393.0,0.5001,0.0,0.0,0.0,12288.0,135347782946.0,136420454667.0,137616679.0,139219007.0,2565902.0,0.0,0.0,0.0,0.0,0.0,0.0,0.0,0.0,0.0,0.0,0.0,0.0,643.0,134.0,5.0,3.0,0.0,0.0,0.0,0.0,0.0,0.0,0.0,0.0,0.0,idle
,idle,,,,,,,,,,,,,,,,,,,,,,,,,,,,,,,,,,,,,idle
1778097034.878461,g5.hpc.coe,41393.0,0.5001,0.0,0.0,0.0,12288.0,135347783555.0,136420454746.0,137616682.0,139219009.0,2565902.0,0.0,0.0,0.0,0.0,0.0,0.0,0.0,0.0,0.0,0.0,0.0,0.0,609.0,79.0,3.0,2.0,0.0,0.0,0.0,0.0,0.0,0.0,0.0,0.0,0.0,idle
,idle,,,,,,,,,,,,,,,,,,,,,,,,,,,,,,,,,,,,,idle
1778097035.3785949,g5.hpc.coe,41393.0,0.5001,0.0,0.0,0.0,12288.0,135347784206.0,136420454825.0,137616685.0,139219011.0,2565902.0,0.0,0.0,0.0,0.0,0.0,0.0,0.0,0.0,0.0,0.0,0.0,0.0,651.0,79.0,3.0,2.0,0.0,0.0,0.0,0.0,0.0,0.0,0.0,0.0,0.0,idle
,idle,,,,,,,,,,,,,,,,,,,,,,,,,,,,,,,,,,,,,idle
1778097035.878713,g5.hpc.coe,41393.0,0.5001,0.0,0.0,0.0,12288.0,135347784899.0,136420454904.0,137616688.0,139219013.0,2565902.0,0.0,0.0,0.0,0.0,0.0,0.0,0.0,0.0,0.0,0.0,0.0,0.0,693.0,79.0,3.0,2.0,0.0,0.0,0.0,0.0,0.0,0.0,0.0,0.0,0.0,idle
,idle,,,,,,,,,,,,,,,,,,,,,,,,,,,,,,,,,,,,,idle
1778097036.3788426,g5.hpc.coe,41393.0,0.5001,0.0,0.0,0.0,12288.0,135347785634.0,136420454983.0,137616691.0,139219015.0,2565902.0,0.0,0.0,0.0,0.0,0.0,0.0,0.0,0.0,0.0,0.0,0.0,0.0,735.0,79.0,3.0,2.0,0.0,0.0,0.0,0.0,0.0,0.0,0.0,0.0,0.0,idle
,idle,,,,,,,,,,,,,,,,,,,,,,,,,,,,,,,,,,,,,idle
1778097036.8789704,g5.hpc.coe,41393.0,0.5001,0.0,0.0,0.0,12288.0,135347786990.0,136420455509.0,137616707.0,139219025.0,2565902.0,0.0,0.0,0.0,0.0,0.0,0.0,0.0,0.0,0.0,0.0,0.0,0.0,1356.0,526.0,16.0,10.0,0.0,0.0,0.0,0.0,0.0,0.0,0.0,0.0,0.0,idle
,idle,,,,,,,,,,,,,,,,,,,,,,,,,,,,,,,,,,,,,idle
1778097037.3791006,g5.hpc.coe,41393.0,0.5001,0.0,0.0,0.0,12288.0,135347787833.0,136420455588.0,137616711.0,139219027.0,2565902.0,0.0,0.0,0.0,0.0,0.0,0.0,0.0,0.0,0.0,0.0,0.0,0.0,843.0,79.0,4.0,2.0,0.0,0.0,0.0,0.0,0.0,0.0,0.0,0.0,0.0,idle
,idle,,,,,,,,,,,,,,,,,,,,,,,,,,,,,,,,,,,,,idle
1778097037.8792455,g5.hpc.coe,41393.0,0.5001,0.0,0.0,0.0,12288.0,135347788696.0,136420455667.0,137616714.0,139219029.0,2565902.0,0.0,0.0,0.0,0.0,0.0,0.0,0.0,0.0,0.0,0.0,0.0,0.0,863.0,79.0,3.0,2.0,0.0,0.0,0.0,0.0,0.0,0.0,0.0,0.0,0.0,idle
,idle,,,,,,,,,,,,,,,,,,,,,,,,,,,,,,,,,,,,,idle
1778097038.379361,g5.hpc.coe,41393.0,0.5001,0.0,0.0,0.0,12288.0,135347789601.0,136420455746.0,137616717.0,139219031.0,2565902.0,0.0,0.0,0.0,0.0,0.0,0.0,0.0,0.0,0.0,0.0,0.0,0.0,905.0,79.0,3.0,2.0,0.0,0.0,0.0,0.0,0.0,0.0,0.0,0.0,0.0,idle
,idle,,,,,,,,,,,,,,,,,,,,,,,,,,,,,,,,,,,,,idle
1778097038.9366558,g5.hpc.coe,41393.0,0.5573,0.0,0.0,0.0,12288.0,135347790526.0,136420455825.0,137616719.0,139219033.0,2565902.0,0.0,0.0,0.0,0.0,0.0,0.0,0.0,0.0,0.0,0.0,0.0,0.0,925.0,79.0,2.0,2.0,0.0,0.0,0.0,0.0,0.0,0.0,0.0,0.0,0.0,idle
,idle,,,,,,,,,,,,,,,,,,,,,,,,,,,,,,,,,,,,,idle
1778097039.436796,g5.hpc.coe,41393.0,0.5001,0.0,0.0,0.0,12288.0,135347791893.0,136420456214.0,137616731.0,139219041.0,2565902.0,0.0,0.0,0.0,0.0,0.0,0.0,0.0,0.0,0.0,0.0,0.0,0.0,1367.0,389.0,12.0,8.0,0.0,0.0,0.0,0.0,0.0,0.0,0.0,0.0,0.0,idle
,idle,,,,,,,,,,,,,,,,,,,,,,,,,,,,,,,,,,,,,idle
1778097039.9369116,g5.hpc.coe,41393.0,0.5001,0.0,0.0,0.0,12288.0,135347792947.0,136420456293.0,137616735.0,139219043.0,2565902.0,0.0,0.0,0.0,0.0,0.0,0.0,0.0,0.0,0.0,0.0,0.0,0.0,1054.0,79.0,4.0,2.0,0.0,0.0,0.0,0.0,0.0,0.0,0.0,0.0,0.0,idle
,idle,,,,,,,,,,,,,,,,,,,,,,,,,,,,,,,,,,,,,idle
1778097040.4370468,g5.hpc.coe,41393.0,0.5001,0.0,0.0,0.0,12288.0,135347794044.0,136420456372.0,137616739.0,139219045.0,2565902.0,0.0,0.0,0.0,0.0,0.0,0.0,0.0,0.0,0.0,0.0,0.0,0.0,1097.0,79.0,4.0,2.0,0.0,0.0,0.0,0.0,0.0,0.0,0.0,0.0,0.0,idle
,idle,,,,,,,,,,,,,,,,,,,,,,,,,,,,,,,,,,,,,idle
1778097040.937158,g5.hpc.coe,41393.0,0.5001,0.0,0.0,0.0,12288.0,135347795183.0,136420456451.0,137616743.0,139219047.0,2565902.0,0.0,0.0,0.0,0.0,0.0,0.0,0.0,0.0,0.0,0.0,0.0,0.0,1139.0,79.0,4.0,2.0,0.0,0.0,0.0,0.0,0.0,0.0,0.0,0.0,0.0,idle
,idle,,,,,,,,,,,,,,,,,,,,,,,,,,,,,,,,,,,,,idle
1778097041.4372952,g5.hpc.coe,41393.0,0.5001,0.0,0.0,0.0,12288.0,135347796364.0,136420456530.0,137616747.0,139219049.0,2565902.0,0.0,0.0,0.0,0.0,0.0,0.0,0.0,0.0,0.0,0.0,0.0,0.0,1181.0,79.0,4.0,2.0,0.0,0.0,0.0,0.0,0.0,0.0,0.0,0.0,0.0,idle
,idle,,,,,,,,,,,,,,,,,,,,,,,,,,,,,,,,,,,,,idle
1778097041.9374087,g5.hpc.coe,41393.0,0.5001,0.0,0.0,0.0,12288.0,135347796520.0,136420456587.0,137616749.0,139219050.0,2565902.0,0.0,0.0,0.0,0.0,0.0,0.0,0.0,0.0,0.0,0.0,0.0,0.0,156.0,57.0,2.0,1.0,0.0,0.0,0.0,0.0,0.0,0.0,0.0,0.0,0.0,idle
,idle,,,,,,,,,,,,,,,,,,,,,,,,,,,,,,,,,,,,,idle
1778097042.4375176,g5.hpc.coe,41393.0,0.5001,0.0,0.0,0.0,12288.0,135347796718.0,136420456644.0,137616751.0,139219051.0,2565902.0,0.0,0.0,0.0,0.0,0.0,0.0,0.0,0.0,0.0,0.0,0.0,0.0,198.0,57.0,2.0,1.0,0.0,0.0,0.0,0.0,0.0,0.0,0.0,0.0,0.0,idle
,idle,,,,,,,,,,,,,,,,,,,,,,,,,,,,,,,,,,,,,idle
1778097042.9376469,g5.hpc.coe,41393.0,0.5001,0.0,0.0,0.0,12288.0,135347796958.0,136420456701.0,137616753.0,139219052.0,2565902.0,0.0,0.0,0.0,0.0,0.0,0.0,0.0,0.0,0.0,0.0,0.0,0.0,240.0,57.0,2.0,1.0,0.0,0.0,0.0,0.0,0.0,0.0,0.0,0.0,0.0,idle
,idle,,,,,,,,,,,,,,,,,,,,,,,,,,,,,,,,,,,,,idle
1778097043.4377604,g5.hpc.coe,41393.0,0.5001,0.0,0.0,0.0,12288.0,135347797241.0,136420456758.0,137616755.0,139219053.0,2565902.0,0.0,0.0,0.0,0.0,0.0,0.0,0.0,0.0,0.0,0.0,0.0,0.0,283.0,57.0,2.0,1.0,0.0,0.0,0.0,0.0,0.0,0.0,0.0,0.0,0.0,idle
,idle,,,,,,,,,,,,,,,,,,,,,,,,,,,,,,,,,,,,,idle
1778097043.9378796,g5.hpc.coe,41393.0,0.5001,0.0,0.0,0.0,12288.0,135347797566.0,136420456815.0,137616757.0,139219054.0,2565902.0,0.0,0.0,0.0,0.0,0.0,0.0,0.0,0.0,0.0,0.0,0.0,0.0,325.0,57.0,2.0,1.0,0.0,0.0,0.0,0.0,0.0,0.0,0.0,0.0,0.0,idle
,idle,,,,,,,,,,,,,,,,,,,,,,,,,,,,,,,,,,,,,idle
1778097044.438013,g5.hpc.coe,41393.0,0.5001,0.0,0.0,0.0,12288.0,135347798010.0,136420456927.0,137616761.0,139219056.0,2565902.0,0.0,0.0,0.0,0.0,0.0,0.0,0.0,0.0,0.0,0.0,0.0,0.0,444.0,112.0,4.0,2.0,0.0,0.0,0.0,0.0,0.0,0.0,0.0,0.0,0.0,idle
,idle,,,,,,,,,,,,,,,,,,,,,,,,,,,,,,,,,,,,,idle
1778097044.938149,g5.hpc.coe,41393.0,0.5001,0.0,0.0,0.0,12288.0,135347798419.0,136420456984.0,137616763.0,139219057.0,2565902.0,0.0,0.0,0.0,0.0,0.0,0.0,0.0,0.0,0.0,0.0,0.0,0.0,409.0,57.0,2.0,1.0,0.0,0.0,0.0,0.0,0.0,0.0,0.0,0.0,0.0,idle
,idle,,,,,,,,,,,,,,,,,,,,,,,,,,,,,,,,,,,,,idle
1778097045.4382854,g5.hpc.coe,41393.0,0.5001,0.0,0.0,0.0,12288.0,135347798870.0,136420457041.0,137616765.0,139219058.0,2565902.0,0.0,0.0,0.0,0.0,0.0,0.0,0.0,0.0,0.0,0.0,0.0,0.0,451.0,57.0,2.0,1.0,0.0,0.0,0.0,0.0,0.0,0.0,0.0,0.0,0.0,idle
,idle,,,,,,,,,,,,,,,,,,,,,,,,,,,,,,,,,,,,,idle
1778097045.9383988,g5.hpc.coe,41393.0,0.5001,0.0,0.0,0.0,12288.0,135347799364.0,136420457098.0,137616767.0,139219059.0,2565902.0,0.0,0.0,0.0,0.0,0.0,0.0,0.0,0.0,0.0,0.0,0.0,0.0,494.0,57.0,2.0,1.0,0.0,0.0,0.0,0.0,0.0,0.0,0.0,0.0,0.0,idle
,idle,,,,,,,,,,,,,,,,,,,,,,,,,,,,,,,,,,,,,idle
1778097046.438536,g5.hpc.coe,41393.0,0.5001,0.0,0.0,0.0,12288.0,135347799900.0,136420457155.0,137616769.0,139219060.0,2565902.0,0.0,0.0,0.0,0.0,0.0,0.0,0.0,0.0,0.0,0.0,0.0,0.0,536.0,57.0,2.0,1.0,0.0,0.0,0.0,0.0,0.0,0.0,0.0,0.0,0.0,idle
,idle,,,,,,,,,,,,,,,,,,,,,,,,,,,,,,,,,,,,,idle
1778097046.9386928,g5.hpc.coe,41393.0,0.5002,0.0,0.0,0.0,12288.0,135347800500.0,136420457234.0,137616772.0,139219062.0,2565902.0,0.0,0.0,0.0,0.0,0.0,0.0,0.0,0.0,0.0,0.0,0.0,0.0,600.0,79.0,3.0,2.0,0.0,0.0,0.0,0.0,0.0,0.0,0.0,0.0,0.0,idle
,idle,,,,,,,,,,,,,,,,,,,,,,,,,,,,,,,,,,,,,idle
1778097047.4388258,g5.hpc.coe,41393.0,0.5001,0.0,0.0,0.0,12288.0,135347801142.0,136420457313.0,137616775.0,139219064.0,2565902.0,0.0,0.0,0.0,0.0,0.0,0.0,0.0,0.0,0.0,0.0,0.0,0.0,642.0,79.0,3.0,2.0,0.0,0.0,0.0,0.0,0.0,0.0,0.0,0.0,0.0,idle
,idle,,,,,,,,,,,,,,,,,,,,,,,,,,,,,,,,,,,,,idle
1778097047.9389727,g5.hpc.coe,41393.0,0.5001,0.0,0.0,0.0,12288.0,135347801826.0,136420457392.0,137616778.0,139219066.0,2565902.0,0.0,0.0,0.0,0.0,0.0,0.0,0.0,0.0,0.0,0.0,0.0,0.0,684.0,79.0,3.0,2.0,0.0,0.0,0.0,0.0,0.0,0.0,0.0,0.0,0.0,idle
,idle,,,,,,,,,,,,,,,,,,,,,,,,,,,,,,,,,,,,,idle
1778097048.4391048,g5.hpc.coe,41393.0,0.5001,0.0,0.0,0.0,12288.0,135347802553.0,136420457471.0,137616781.0,139219068.0,2565902.0,0.0,0.0,0.0,0.0,0.0,0.0,0.0,0.0,0.0,0.0,0.0,0.0,727.0,79.0,3.0,2.0,0.0,0.0,0.0,0.0,0.0,0.0,0.0,0.0,0.0,idle
,idle,,,,,,,,,,,,,,,,,,,,,,,,,,,,,,,,,,,,,idle
1778097048.9392374,g5.hpc.coe,41393.0,0.5001,0.0,0.0,0.0,12288.0,135347803322.0,136420457550.0,137616784.0,139219070.0,2565902.0,0.0,0.0,0.0,0.0,0.0,0.0,0.0,0.0,0.0,0.0,0.0,0.0,769.0,79.0,3.0,2.0,0.0,0.0,0.0,0.0,0.0,0.0,0.0,0.0,0.0,idle
,idle,,,,,,,,,,,,,,,,,,,,,,,,,,,,,,,,,,,,,idle
1778097049.4393492,g5.hpc.coe,41393.0,0.5001,0.0,0.0,0.0,12288.0,135347804133.0,136420457629.0,137616787.0,139219072.0,2565902.0,0.0,0.0,0.0,0.0,0.0,0.0,0.0,0.0,0.0,0.0,0.0,0.0,811.0,79.0,3.0,2.0,0.0,0.0,0.0,0.0,0.0,0.0,0.0,0.0,0.0,idle
,idle,,,,,,,,,,,,,,,,,,,,,,,,,,,,,,,,,,,,,idle
1778097049.9394836,g5.hpc.coe,41393.0,0.5001,0.0,0.0,0.0,12288.0,135347805063.0,136420457763.0,137616792.0,139219075.0,2565902.0,0.0,0.0,0.0,0.0,0.0,0.0,0.0,0.0,0.0,0.0,0.0,0.0,930.0,134.0,5.0,3.0,0.0,0.0,0.0,0.0,0.0,0.0,0.0,0.0,0.0,idle
,idle,,,,,,,,,,,,,,,,,,,,,,,,,,,,,,,,,,,,,idle
1778097050.4396124,g5.hpc.coe,41393.0,0.5001,0.0,0.0,0.0,12288.0,135347805959.0,136420457842.0,137616795.0,139219077.0,2565902.0,0.0,0.0,0.0,0.0,0.0,0.0,0.0,0.0,0.0,0.0,0.0,0.0,896.0,79.0,3.0,2.0,0.0,0.0,0.0,0.0,0.0,0.0,0.0,0.0,0.0,idle
,idle,,,,,,,,,,,,,,,,,,,,,,,,,,,,,,,,,,,,,idle
1778097050.9397497,g5.hpc.coe,41393.0,0.5001,0.0,0.0,0.0,12288.0,135347806897.0,136420457921.0,137616798.0,139219079.0,2565902.0,0.0,0.0,0.0,0.0,0.0,0.0,0.0,0.0,0.0,0.0,0.0,0.0,938.0,79.0,3.0,2.0,0.0,0.0,0.0,0.0,0.0,0.0,0.0,0.0,0.0,idle
,idle,,,,,,,,,,,,,,,,,,,,,,,,,,,,,,,,,,,,,idle
1778097051.43988,g5.hpc.coe,41393.0,0.5001,0.0,0.0,0.0,12288.0,135347807877.0,136420458000.0,137616801.0,139219081.0,2565902.0,0.0,0.0,0.0,0.0,0.0,0.0,0.0,0.0,0.0,0.0,0.0,0.0,980.0,79.0,3.0,2.0,0.0,0.0,0.0,0.0,0.0,0.0,0.0,0.0,0.0,idle
,idle,,,,,,,,,,,,,,,,,,,,,,,,,,,,,,,,,,,,,idle
1778097051.9400125,g5.hpc.coe,41393.0,0.5001,0.0,0.0,0.0,12288.0,135347809523.0,136420458526.0,137616819.0,139219091.0,2565902.0,0.0,0.0,0.0,0.0,0.0,0.0,0.0,0.0,0.0,0.0,0.0,0.0,1646.0,526.0,18.0,10.0,0.0,0.0,0.0,0.0,0.0,0.0,0.0,0.0,0.0,idle
,idle,,,,,,,,,,,,,,,,,,,,,,,,,,,,,,,,,,,,,idle
1778097052.440158,g5.hpc.coe,41393.0,0.5001,0.0,0.0,0.0,12288.0,135347810611.0,136420458605.0,137616823.0,139219093.0,2565902.0,0.0,0.0,0.0,0.0,0.0,0.0,0.0,0.0,0.0,0.0,0.0,0.0,1088.0,79.0,4.0,2.0,0.0,0.0,0.0,0.0,0.0,0.0,0.0,0.0,0.0,idle
,idle,,,,,,,,,,,,,,,,,,,,,,,,,,,,,,,,,,,,,idle
1778097052.9402995,g5.hpc.coe,41393.0,0.5001,0.0,0.0,0.0,12288.0,135347811741.0,136420458684.0,137616827.0,139219095.0,2565902.0,0.0,0.0,0.0,0.0,0.0,0.0,0.0,0.0,0.0,0.0,0.0,0.0,1130.0,79.0,4.0,2.0,0.0,0.0,0.0,0.0,0.0,0.0,0.0,0.0,0.0,idle
,idle,,,,,,,,,,,,,,,,,,,,,,,,,,,,,,,,,,,,,idle
1778097053.4404418,g5.hpc.coe,41393.0,0.5001,0.0,0.0,0.0,12288.0,135347812914.0,136420458763.0,137616831.0,139219097.0,2565902.0,0.0,0.0,0.0,0.0,0.0,0.0,0.0,0.0,0.0,0.0,0.0,0.0,1173.0,79.0,4.0,2.0,0.0,0.0,0.0,0.0,0.0,0.0,0.0,0.0,0.0,idle
,idle,,,,,,,,,,,,,,,,,,,,,,,,,,,,,,,,,,,,,idle
1778097053.9405742,g5.hpc.coe,41393.0,0.5001,0.0,0.0,0.0,12288.0,135347813061.0,136420458820.0,137616833.0,139219098.0,2565902.0,0.0,0.0,0.0,0.0,0.0,0.0,0.0,0.0,0.0,0.0,0.0,0.0,147.0,57.0,2.0,1.0,0.0,0.0,0.0,0.0,0.0,0.0,0.0,0.0,0.0,idle
,idle,,,,,,,,,,,,,,,,,,,,,,,,,,,,,,,,,,,,,idle
1778097054.4407103,g5.hpc.coe,41393.0,0.5001,0.0,0.0,0.0,12288.0,135347813251.0,136420458877.0,137616835.0,139219099.0,2565902.0,0.0,0.0,0.0,0.0,0.0,0.0,0.0,0.0,0.0,0.0,0.0,0.0,190.0,57.0,2.0,1.0,0.0,0.0,0.0,0.0,0.0,0.0,0.0,0.0,0.0,idle
,idle,,,,,,,,,,,,,,,,,,,,,,,,,,,,,,,,,,,,,idle
1778097054.940843,g5.hpc.coe,41393.0,0.5001,0.0,0.0,0.0,12288.0,135347813560.0,136420458989.0,137616839.0,139219101.0,2565902.0,0.0,0.0,0.0,0.0,0.0,0.0,0.0,0.0,0.0,0.0,0.0,0.0,309.0,112.0,4.0,2.0,0.0,0.0,0.0,0.0,0.0,0.0,0.0,0.0,0.0,idle
,idle,,,,,,,,,,,,,,,,,,,,,,,,,,,,,,,,,,,,,idle
1778097055.440976,g5.hpc.coe,41393.0,0.5001,0.0,0.0,0.0,12288.0,135347813834.0,136420459046.0,137616841.0,139219102.0,2565902.0,0.0,0.0,0.0,0.0,0.0,0.0,0.0,0.0,0.0,0.0,0.0,0.0,274.0,57.0,2.0,1.0,0.0,0.0,0.0,0.0,0.0,0.0,0.0,0.0,0.0,idle
,idle,,,,,,,,,,,,,,,,,,,,,,,,,,,,,,,,,,,,,idle
1778097055.9411223,g5.hpc.coe,41393.0,0.5001,0.0,0.0,0.0,12288.0,135347814150.0,136420459103.0,137616843.0,139219103.0,2565902.0,0.0,0.0,0.0,0.0,0.0,0.0,0.0,0.0,0.0,0.0,0.0,0.0,316.0,57.0,2.0,1.0,0.0,0.0,0.0,0.0,0.0,0.0,0.0,0.0,0.0,idle
,idle,,,,,,,,,,,,,,,,,,,,,,,,,,,,,,,,,,,,,idle
1778097056.44126,g5.hpc.coe,41393.0,0.5001,0.0,0.0,0.0,12288.0,135347814509.0,136420459160.0,137616845.0,139219104.0,2565902.0,0.0,0.0,0.0,0.0,0.0,0.0,0.0,0.0,0.0,0.0,0.0,0.0,359.0,57.0,2.0,1.0,0.0,0.0,0.0,0.0,0.0,0.0,0.0,0.0,0.0,idle
,idle,,,,,,,,,,,,,,,,,,,,,,,,,,,,,,,,,,,,,idle
1778097056.9414003,g5.hpc.coe,41393.0,0.5001,0.0,0.0,0.0,12288.0,135347814910.0,136420459217.0,137616847.0,139219105.0,2565902.0,0.0,0.0,0.0,0.0,0.0,0.0,0.0,0.0,0.0,0.0,0.0,0.0,401.0,57.0,2.0,1.0,0.0,0.0,0.0,0.0,0.0,0.0,0.0,0.0,0.0,idle
,idle,,,,,,,,,,,,,,,,,,,,,,,,,,,,,,,,,,,,,idle
1778097057.441532,g5.hpc.coe,41393.0,0.5001,0.0,0.0,0.0,12288.0,135347815353.0,136420459274.0,137616849.0,139219106.0,2565902.0,0.0,0.0,0.0,0.0,0.0,0.0,0.0,0.0,0.0,0.0,0.0,0.0,443.0,57.0,2.0,1.0,0.0,0.0,0.0,0.0,0.0,0.0,0.0,0.0,0.0,idle
,idle,,,,,,,,,,,,,,,,,,,,,,,,,,,,,,,,,,,,,idle
1778097057.941664,g5.hpc.coe,41393.0,0.5001,0.0,0.0,0.0,12288.0,135347815838.0,136420459331.0,137616851.0,139219107.0,2565902.0,0.0,0.0,0.0,0.0,0.0,0.0,0.0,0.0,0.0,0.0,0.0,0.0,485.0,57.0,2.0,1.0,0.0,0.0,0.0,0.0,0.0,0.0,0.0,0.0,0.0,idle
,idle,,,,,,,,,,,,,,,,,,,,,,,,,,,,,,,,,,,,,idle
1778097058.441775,g5.hpc.coe,41393.0,0.5001,0.0,0.0,0.0,12288.0,135347816365.0,136420459388.0,137616853.0,139219108.0,2565902.0,0.0,0.0,0.0,0.0,0.0,0.0,0.0,0.0,0.0,0.0,0.0,0.0,527.0,57.0,2.0,1.0,0.0,0.0,0.0,0.0,0.0,0.0,0.0,0.0,0.0,idle
,idle,,,,,,,,,,,,,,,,,,,,,,,,,,,,,,,,,,,,,idle
1778097058.9419065,g5.hpc.coe,41393.0,0.5001,0.0,0.0,0.0,12288.0,135347816956.0,136420459467.0,137616856.0,139219110.0,2565902.0,0.0,0.0,0.0,0.0,0.0,0.0,0.0,0.0,0.0,0.0,0.0,0.0,591.0,79.0,3.0,2.0,0.0,0.0,0.0,0.0,0.0,0.0,0.0,0.0,0.0,idle
,idle,,,,,,,,,,,,,,,,,,,,,,,,,,,,,,,,,,,,,idle
1778097059.4420402,g5.hpc.coe,41393.0,0.5001,0.0,0.0,0.0,12288.0,135347817589.0,136420459546.0,137616859.0,139219112.0,2565902.0,0.0,0.0,0.0,0.0,0.0,0.0,0.0,0.0,0.0,0.0,0.0,0.0,633.0,79.0,3.0,2.0,0.0,0.0,0.0,0.0,0.0,0.0,0.0,0.0,0.0,idle
,idle,,,,,,,,,,,,,,,,,,,,,,,,,,,,,,,,,,,,,idle
1778097059.9421651,g5.hpc.coe,41393.0,0.5001,0.0,0.0,0.0,12288.0,135347818342.0,136420459680.0,137616864.0,139219115.0,2565902.0,0.0,0.0,0.0,0.0,0.0,0.0,0.0,0.0,0.0,0.0,0.0,0.0,753.0,134.0,5.0,3.0,0.0,0.0,0.0,0.0,0.0,0.0,0.0,0.0,0.0,idle
,idle,,,,,,,,,,,,,,,,,,,,,,,,,,,,,,,,,,,,,idle
1778097060.442297,g5.hpc.coe,41393.0,0.5001,0.0,0.0,0.0,12288.0,135347819060.0,136420459759.0,137616867.0,139219117.0,2565902.0,0.0,0.0,0.0,0.0,0.0,0.0,0.0,0.0,0.0,0.0,0.0,0.0,718.0,79.0,3.0,2.0,0.0,0.0,0.0,0.0,0.0,0.0,0.0,0.0,0.0,idle
,idle,,,,,,,,,,,,,,,,,,,,,,,,,,,,,,,,,,,,,idle
1778097060.9424212,g5.hpc.coe,41393.0,0.5001,0.0,0.0,0.0,12288.0,135347819820.0,136420459838.0,137616870.0,139219119.0,2565902.0,0.0,0.0,0.0,0.0,0.0,0.0,0.0,0.0,0.0,0.0,0.0,0.0,760.0,79.0,3.0,2.0,0.0,0.0,0.0,0.0,0.0,0.0,0.0,0.0,0.0,idle
,idle,,,,,,,,,,,,,,,,,,,,,,,,,,,,,,,,,,,,,idle
1778097061.4425442,g5.hpc.coe,41393.0,0.5001,0.0,0.0,0.0,12288.0,135347820622.0,136420459917.0,137616873.0,139219121.0,2565902.0,0.0,0.0,0.0,0.0,0.0,0.0,0.0,0.0,0.0,0.0,0.0,0.0,802.0,79.0,3.0,2.0,0.0,0.0,0.0,0.0,0.0,0.0,0.0,0.0,0.0,idle
,idle,,,,,,,,,,,,,,,,,,,,,,,,,,,,,,,,,,,,,idle
1778097061.9426732,g5.hpc.coe,41393.0,0.5001,0.0,0.0,0.0,12288.0,135347821467.0,136420459996.0,137616876.0,139219123.0,2565902.0,0.0,0.0,0.0,0.0,0.0,0.0,0.0,0.0,0.0,0.0,0.0,0.0,845.0,79.0,3.0,2.0,0.0,0.0,0.0,0.0,0.0,0.0,0.0,0.0,0.0,idle
,idle,,,,,,,,,,,,,,,,,,,,,,,,,,,,,,,,,,,,,idle
1778097062.4427938,g5.hpc.coe,41393.0,0.5001,0.0,0.0,0.0,12288.0,135347822354.0,136420460075.0,137616879.0,139219125.0,2565902.0,0.0,0.0,0.0,0.0,0.0,0.0,0.0,0.0,0.0,0.0,0.0,0.0,887.0,79.0,3.0,2.0,0.0,0.0,0.0,0.0,0.0,0.0,0.0,0.0,0.0,idle
,idle,,,,,,,,,,,,,,,,,,,,,,,,,,,,,,,,,,,,,idle
1778097062.9429345,g5.hpc.coe,41393.0,0.5001,0.0,0.0,0.0,12288.0,135347823283.0,136420460154.0,137616882.0,139219127.0,2565902.0,0.0,0.0,0.0,0.0,0.0,0.0,0.0,0.0,0.0,0.0,0.0,0.0,929.0,79.0,3.0,2.0,0.0,0.0,0.0,0.0,0.0,0.0,0.0,0.0,0.0,idle
,idle,,,,,,,,,,,,,,,,,,,,,,,,,,,,,,,,,,,,,idle
1778097063.443079,g5.hpc.coe,41393.0,0.5001,0.0,0.0,0.0,12288.0,135347824254.0,136420460233.0,137616885.0,139219129.0,2565902.0,0.0,0.0,0.0,0.0,0.0,0.0,0.0,0.0,0.0,0.0,0.0,0.0,971.0,79.0,3.0,2.0,0.0,0.0,0.0,0.0,0.0,0.0,0.0,0.0,0.0,idle
,idle,,,,,,,,,,,,,,,,,,,,,,,,,,,,,,,,,,,,,idle
1778097063.9432333,g5.hpc.coe,41393.0,0.5002,0.0,0.0,0.0,12288.0,135347825267.0,136420460312.0,137616888.0,139219131.0,2565902.0,0.0,0.0,0.0,0.0,0.0,0.0,0.0,0.0,0.0,0.0,0.0,0.0,1013.0,79.0,3.0,2.0,0.0,0.0,0.0,0.0,0.0,0.0,0.0,0.0,0.0,idle
,idle,,,,,,,,,,,,,,,,,,,,,,,,,,,,,,,,,,,,,idle
1778097064.4433715,g5.hpc.coe,41393.0,0.5001,0.0,0.0,0.0,12288.0,135347826323.0,136420460391.0,137616891.0,139219133.0,2565902.0,0.0,0.0,0.0,0.0,0.0,0.0,0.0,0.0,0.0,0.0,0.0,0.0,1056.0,79.0,3.0,2.0,0.0,0.0,0.0,0.0,0.0,0.0,0.0,0.0,0.0,idle
,idle,,,,,,,,,,,,,,,,,,,,,,,,,,,,,,,,,,,,,idle
1778097064.9435005,g5.hpc.coe,41393.0,0.5001,0.0,0.0,0.0,12288.0,135347827520.0,136420460525.0,137616897.0,139219136.0,2565902.0,0.0,0.0,0.0,0.0,0.0,0.0,0.0,0.0,0.0,0.0,0.0,0.0,1197.0,134.0,6.0,3.0,0.0,0.0,0.0,0.0,0.0,0.0,0.0,0.0,0.0,idle
,idle,,,,,,,,,,,,,,,,,,,,,,,,,,,,,,,,,,,,,idle
1778097065.443638,g5.hpc.coe,41393.0,0.5001,0.0,0.0,0.0,12288.0,135347828683.0,136420460604.0,137616901.0,139219138.0,2565902.0,0.0,0.0,0.0,0.0,0.0,0.0,0.0,0.0,0.0,0.0,0.0,0.0,1163.0,79.0,4.0,2.0,0.0,0.0,0.0,0.0,0.0,0.0,0.0,0.0,0.0,idle
,idle,,,,,,,,,,,,,,,,,,,,,,,,,,,,,,,,,,,,,idle
1778097065.9437814,g5.hpc.coe,41393.0,0.5001,0.0,0.0,0.0,12288.0,135347828820.0,136420460661.0,137616903.0,139219139.0,2565902.0,0.0,0.0,0.0,0.0,0.0,0.0,0.0,0.0,0.0,0.0,0.0,0.0,137.0,57.0,2.0,1.0,0.0,0.0,0.0,0.0,0.0,0.0,0.0,0.0,0.0,idle
,idle,,,,,,,,,,,,,,,,,,,,,,,,,,,,,,,,,,,,,idle
1778097066.4439125,g5.hpc.coe,41393.0,0.5001,0.0,0.0,0.0,12288.0,135347829000.0,136420460718.0,137616905.0,139219140.0,2565902.0,0.0,0.0,0.0,0.0,0.0,0.0,0.0,0.0,0.0,0.0,0.0,0.0,180.0,57.0,2.0,1.0,0.0,0.0,0.0,0.0,0.0,0.0,0.0,0.0,0.0,idle
,idle,,,,,,,,,,,,,,,,,,,,,,,,,,,,,,,,,,,,,idle
1778097066.9440398,g5.hpc.coe,41393.0,0.5001,0.0,0.0,0.0,12288.0,135347829845.0,136420461222.0,137616922.0,139219149.0,2565902.0,0.0,0.0,0.0,0.0,0.0,0.0,0.0,0.0,0.0,0.0,0.0,0.0,845.0,504.0,17.0,9.0,0.0,0.0,0.0,0.0,0.0,0.0,0.0,0.0,0.0,idle
,idle,,,,,,,,,,,,,,,,,,,,,,,,,,,,,,,,,,,,,idle
1778097067.4441795,g5.hpc.coe,41393.0,0.5001,0.0,0.0,0.0,12288.0,135347830110.0,136420461279.0,137616924.0,139219150.0,2565902.0,0.0,0.0,0.0,0.0,0.0,0.0,0.0,0.0,0.0,0.0,0.0,0.0,265.0,57.0,2.0,1.0,0.0,0.0,0.0,0.0,0.0,0.0,0.0,0.0,0.0,idle
,idle,,,,,,,,,,,,,,,,,,,,,,,,,,,,,,,,,,,,,idle
1778097067.944309,g5.hpc.coe,41393.0,0.5001,0.0,0.0,0.0,12288.0,135347830417.0,136420461336.0,137616926.0,139219151.0,2565902.0,0.0,0.0,0.0,0.0,0.0,0.0,0.0,0.0,0.0,0.0,0.0,0.0,307.0,57.0,2.0,1.0,0.0,0.0,0.0,0.0,0.0,0.0,0.0,0.0,0.0,idle
,idle,,,,,,,,,,,,,,,,,,,,,,,,,,,,,,,,,,,,,idle
1778097068.444439,g5.hpc.coe,41393.0,0.5001,0.0,0.0,0.0,12288.0,135347830766.0,136420461393.0,137616928.0,139219152.0,2565902.0,0.0,0.0,0.0,0.0,0.0,0.0,0.0,0.0,0.0,0.0,0.0,0.0,349.0,57.0,2.0,1.0,0.0,0.0,0.0,0.0,0.0,0.0,0.0,0.0,0.0,idle
,idle,,,,,,,,,,,,,,,,,,,,,,,,,,,,,,,,,,,,,idle
1778097068.9445615,g5.hpc.coe,41393.0,0.5001,0.0,0.0,0.0,12288.0,135347831157.0,136420461450.0,137616930.0,139219153.0,2565902.0,0.0,0.0,0.0,0.0,0.0,0.0,0.0,0.0,0.0,0.0,0.0,0.0,391.0,57.0,2.0,1.0,0.0,0.0,0.0,0.0,0.0,0.0,0.0,0.0,0.0,idle
,idle,,,,,,,,,,,,,,,,,,,,,,,,,,,,,,,,,,,,,idle
1778097069.4446807,g5.hpc.coe,41393.0,0.5001,0.0,0.0,0.0,12288.0,135347831590.0,136420461507.0,137616932.0,139219154.0,2565902.0,0.0,0.0,0.0,0.0,0.0,0.0,0.0,0.0,0.0,0.0,0.0,0.0,433.0,57.0,2.0,1.0,0.0,0.0,0.0,0.0,0.0,0.0,0.0,0.0,0.0,idle
,idle,,,,,,,,,,,,,,,,,,,,,,,,,,,,,,,,,,,,,idle
1778097069.9447951,g5.hpc.coe,41393.0,0.5001,0.0,0.0,0.0,12288.0,135347832065.0,136420461564.0,137616934.0,139219155.0,2565902.0,0.0,0.0,0.0,0.0,0.0,0.0,0.0,0.0,0.0,0.0,0.0,0.0,475.0,57.0,2.0,1.0,0.0,0.0,0.0,0.0,0.0,0.0,0.0,0.0,0.0,idle
,idle,,,,,,,,,,,,,,,,,,,,,,,,,,,,,,,,,,,,,idle
1778097070.444924,g5.hpc.coe,41393.0,0.5001,0.0,0.0,0.0,12288.0,135347832660.0,136420461676.0,137616938.0,139219157.0,2565902.0,0.0,0.0,0.0,0.0,0.0,0.0,0.0,0.0,0.0,0.0,0.0,0.0,595.0,112.0,4.0,2.0,0.0,0.0,0.0,0.0,0.0,0.0,0.0,0.0,0.0,idle
,idle,,,,,,,,,,,,,,,,,,,,,,,,,,,,,,,,,,,,,idle
1778097070.9450552,g5.hpc.coe,41393.0,0.5001,0.0,0.0,0.0,12288.0,135347833242.0,136420461755.0,137616941.0,139219159.0,2565902.0,0.0,0.0,0.0,0.0,0.0,0.0,0.0,0.0,0.0,0.0,0.0,0.0,582.0,79.0,3.0,2.0,0.0,0.0,0.0,0.0,0.0,0.0,0.0,0.0,0.0,idle
,idle,,,,,,,,,,,,,,,,,,,,,,,,,,,,,,,,,,,,,idle
1778097071.445195,g5.hpc.coe,41393.0,0.5001,0.0,0.0,0.0,12288.0,135347833866.0,136420461834.0,137616944.0,139219161.0,2565902.0,0.0,0.0,0.0,0.0,0.0,0.0,0.0,0.0,0.0,0.0,0.0,0.0,624.0,79.0,3.0,2.0,0.0,0.0,0.0,0.0,0.0,0.0,0.0,0.0,0.0,idle
,idle,,,,,,,,,,,,,,,,,,,,,,,,,,,,,,,,,,,,,idle
1778097071.9453497,g5.hpc.coe,41393.0,0.5002,0.0,0.0,0.0,12288.0,135347834532.0,136420461913.0,137616947.0,139219163.0,2565902.0,0.0,0.0,0.0,0.0,0.0,0.0,0.0,0.0,0.0,0.0,0.0,0.0,666.0,79.0,3.0,2.0,0.0,0.0,0.0,0.0,0.0,0.0,0.0,0.0,0.0,idle
,idle,,,,,,,,,,,,,,,,,,,,,,,,,,,,,,,,,,,,,idle
1778097072.44548,g5.hpc.coe,41393.0,0.5001,0.0,0.0,0.0,12288.0,135347835240.0,136420461992.0,137616950.0,139219165.0,2565902.0,0.0,0.0,0.0,0.0,0.0,0.0,0.0,0.0,0.0,0.0,0.0,0.0,708.0,79.0,3.0,2.0,0.0,0.0,0.0,0.0,0.0,0.0,0.0,0.0,0.0,idle
,idle,,,,,,,,,,,,,,,,,,,,,,,,,,,,,,,,,,,,,idle
1778097072.9456143,g5.hpc.coe,41393.0,0.5001,0.0,0.0,0.0,12288.0,135347835990.0,136420462071.0,137616953.0,139219167.0,2565902.0,0.0,0.0,0.0,0.0,0.0,0.0,0.0,0.0,0.0,0.0,0.0,0.0,750.0,79.0,3.0,2.0,0.0,0.0,0.0,0.0,0.0,0.0,0.0,0.0,0.0,idle
,idle,,,,,,,,,,,,,,,,,,,,,,,,,,,,,,,,,,,,,idle
1778097073.445751,g5.hpc.coe,41393.0,0.5001,0.0,0.0,0.0,12288.0,135347836782.0,136420462150.0,137616956.0,139219169.0,2565902.0,0.0,0.0,0.0,0.0,0.0,0.0,0.0,0.0,0.0,0.0,0.0,0.0,792.0,79.0,3.0,2.0,0.0,0.0,0.0,0.0,0.0,0.0,0.0,0.0,0.0,idle
,idle,,,,,,,,,,,,,,,,,,,,,,,,,,,,,,,,,,,,,idle
1778097073.9458678,g5.hpc.coe,41393.0,0.5001,0.0,0.0,0.0,12288.0,135347837616.0,136420462229.0,137616959.0,139219171.0,2565902.0,0.0,0.0,0.0,0.0,0.0,0.0,0.0,0.0,0.0,0.0,0.0,0.0,834.0,79.0,3.0,2.0,0.0,0.0,0.0,0.0,0.0,0.0,0.0,0.0,0.0,idle
,idle,,,,,,,,,,,,,,,,,,,,,,,,,,,,,,,,,,,,,idle
1778097074.4460018,g5.hpc.coe,41393.0,0.5001,0.0,0.0,0.0,12288.0,135347838493.0,136420462308.0,137616962.0,139219173.0,2565902.0,0.0,0.0,0.0,0.0,0.0,0.0,0.0,0.0,0.0,0.0,0.0,0.0,877.0,79.0,3.0,2.0,0.0,0.0,0.0,0.0,0.0,0.0,0.0,0.0,0.0,idle
,idle,,,,,,,,,,,,,,,,,,,,,,,,,,,,,,,,,,,,,idle
1778097074.9461367,g5.hpc.coe,41393.0,0.5001,0.0,0.0,0.0,12288.0,135347839412.0,136420462387.0,137616965.0,139219175.0,2565902.0,0.0,0.0,0.0,0.0,0.0,0.0,0.0,0.0,0.0,0.0,0.0,0.0,919.0,79.0,3.0,2.0,0.0,0.0,0.0,0.0,0.0,0.0,0.0,0.0,0.0,idle
,idle,,,,,,,,,,,,,,,,,,,,,,,,,,,,,,,,,,,,,idle
1778097075.4462683,g5.hpc.coe,41393.0,0.5001,0.0,0.0,0.0,12288.0,135347840450.0,136420462521.0,137616970.0,139219178.0,2565902.0,0.0,0.0,0.0,0.0,0.0,0.0,0.0,0.0,0.0,0.0,0.0,0.0,1038.0,134.0,5.0,3.0,0.0,0.0,0.0,0.0,0.0,0.0,0.0,0.0,0.0,idle
,idle,,,,,,,,,,,,,,,,,,,,,,,,,,,,,,,,,,,,,idle
1778097075.9464197,g5.hpc.coe,41393.0,0.5002,0.0,0.0,0.0,12288.0,135347841454.0,136420462600.0,137616973.0,139219180.0,2565902.0,0.0,0.0,0.0,0.0,0.0,0.0,0.0,0.0,0.0,0.0,0.0,0.0,1004.0,79.0,3.0,2.0,0.0,0.0,0.0,0.0,0.0,0.0,0.0,0.0,0.0,idle
,idle,,,,,,,,,,,,,,,,,,,,,,,,,,,,,,,,,,,,,idle
1778097076.446555,g5.hpc.coe,41393.0,0.5001,0.0,0.0,0.0,12288.0,135347842500.0,136420462679.0,137616976.0,139219182.0,2565902.0,0.0,0.0,0.0,0.0,0.0,0.0,0.0,0.0,0.0,0.0,0.0,0.0,1046.0,79.0,3.0,2.0,0.0,0.0,0.0,0.0,0.0,0.0,0.0,0.0,0.0,idle
,idle,,,,,,,,,,,,,,,,,,,,,,,,,,,,,,,,,,,,,idle
1778097076.9466982,g5.hpc.coe,41393.0,0.5001,0.0,0.0,0.0,12288.0,135347843611.0,136420462758.0,137616980.0,139219184.0,2565902.0,0.0,0.0,0.0,0.0,0.0,0.0,0.0,0.0,0.0,0.0,0.0,0.0,1111.0,79.0,4.0,2.0,0.0,0.0,0.0,0.0,0.0,0.0,0.0,0.0,0.0,idle
,idle,,,,,,,,,,,,,,,,,,,,,,,,,,,,,,,,,,,,,idle
1778097077.4468365,g5.hpc.coe,41393.0,0.5001,0.0,0.0,0.0,12288.0,135347844764.0,136420462837.0,137616984.0,139219186.0,2565902.0,0.0,0.0,0.0,0.0,0.0,0.0,0.0,0.0,0.0,0.0,0.0,0.0,1153.0,79.0,4.0,2.0,0.0,0.0,0.0,0.0,0.0,0.0,0.0,0.0,0.0,idle
,idle,,,,,,,,,,,,,,,,,,,,,,,,,,,,,,,,,,,,,idle
1778097077.9469702,g5.hpc.coe,41393.0,0.5001,0.0,0.0,0.0,12288.0,135347844892.0,136420462894.0,137616986.0,139219187.0,2565902.0,0.0,0.0,0.0,0.0,0.0,0.0,0.0,0.0,0.0,0.0,0.0,0.0,128.0,57.0,2.0,1.0,0.0,0.0,0.0,0.0,0.0,0.0,0.0,0.0,0.0,idle
,idle,,,,,,,,,,,,,,,,,,,,,,,,,,,,,,,,,,,,,idle
1778097078.4470923,g5.hpc.coe,41393.0,0.5001,0.0,0.0,0.0,12288.0,135347845062.0,136420462951.0,137616988.0,139219188.0,2565902.0,0.0,0.0,0.0,0.0,0.0,0.0,0.0,0.0,0.0,0.0,0.0,0.0,170.0,57.0,2.0,1.0,0.0,0.0,0.0,0.0,0.0,0.0,0.0,0.0,0.0,idle
,idle,,,,,,,,,,,,,,,,,,,,,,,,,,,,,,,,,,,,,idle
1778097078.94721,g5.hpc.coe,41393.0,0.5001,0.0,0.0,0.0,12288.0,135347845274.0,136420463008.0,137616990.0,139219189.0,2565902.0,0.0,0.0,0.0,0.0,0.0,0.0,0.0,0.0,0.0,0.0,0.0,0.0,212.0,57.0,2.0,1.0,0.0,0.0,0.0,0.0,0.0,0.0,0.0,0.0,0.0,idle
,idle,,,,,,,,,,,,,,,,,,,,,,,,,,,,,,,,,,,,,idle
1778097079.4473548,g5.hpc.coe,41393.0,0.5001,0.0,0.0,0.0,12288.0,135347845528.0,136420463065.0,137616992.0,139219190.0,2565902.0,0.0,0.0,0.0,0.0,0.0,0.0,0.0,0.0,0.0,0.0,0.0,0.0,254.0,57.0,2.0,1.0,0.0,0.0,0.0,0.0,0.0,0.0,0.0,0.0,0.0,idle
,idle,,,,,,,,,,,,,,,,,,,,,,,,,,,,,,,,,,,,,idle
1778097079.947491,g5.hpc.coe,41393.0,0.5001,0.0,0.0,0.0,12288.0,135347845824.0,136420463122.0,137616994.0,139219191.0,2565902.0,0.0,0.0,0.0,0.0,0.0,0.0,0.0,0.0,0.0,0.0,0.0,0.0,296.0,57.0,2.0,1.0,0.0,0.0,0.0,0.0,0.0,0.0,0.0,0.0,0.0,idle
,idle,,,,,,,,,,,,,,,,,,,,,,,,,,,,,,,,,,,,,idle
1778097080.4476109,g5.hpc.coe,41393.0,0.5001,0.0,0.0,0.0,12288.0,135347846239.0,136420463234.0,137616998.0,139219193.0,2565902.0,0.0,0.0,0.0,0.0,0.0,0.0,0.0,0.0,0.0,0.0,0.0,0.0,415.0,112.0,4.0,2.0,0.0,0.0,0.0,0.0,0.0,0.0,0.0,0.0,0.0,idle
,idle,,,,,,,,,,,,,,,,,,,,,,,,,,,,,,,,,,,,,idle
1778097080.9477496,g5.hpc.coe,41393.0,0.5001,0.0,0.0,0.0,12288.0,135347846620.0,136420463291.0,137617000.0,139219194.0,2565902.0,0.0,0.0,0.0,0.0,0.0,0.0,0.0,0.0,0.0,0.0,0.0,0.0,381.0,57.0,2.0,1.0,0.0,0.0,0.0,0.0,0.0,0.0,0.0,0.0,0.0,idle
,idle,,,,,,,,,,,,,,,,,,,,,,,,,,,,,,,,,,,,,idle
1778097081.447883,g5.hpc.coe,41393.0,0.5001,0.0,0.0,0.0,12288.0,135347847043.0,136420463348.0,137617002.0,139219195.0,2565902.0,0.0,0.0,0.0,0.0,0.0,0.0,0.0,0.0,0.0,0.0,0.0,0.0,423.0,57.0,2.0,1.0,0.0,0.0,0.0,0.0,0.0,0.0,0.0,0.0,0.0,idle
,idle,,,,,,,,,,,,,,,,,,,,,,,,,,,,,,,,,,,,,idle
1778097081.9480202,g5.hpc.coe,41393.0,0.5001,0.0,0.0,0.0,12288.0,135347848131.0,136420463852.0,137617019.0,139219204.0,2565902.0,0.0,0.0,0.0,0.0,0.0,0.0,0.0,0.0,0.0,0.0,0.0,0.0,1088.0,504.0,17.0,9.0,0.0,0.0,0.0,0.0,0.0,0.0,0.0,0.0,0.0,idle
,idle,,,,,,,,,,,,,,,,,,,,,,,,,,,,,,,,,,,,,idle
1778097082.4481633,g5.hpc.coe,41393.0,0.5001,0.0,0.0,0.0,12288.0,135347848639.0,136420463909.0,137617021.0,139219205.0,2565902.0,0.0,0.0,0.0,0.0,0.0,0.0,0.0,0.0,0.0,0.0,0.0,0.0,508.0,57.0,2.0,1.0,0.0,0.0,0.0,0.0,0.0,0.0,0.0,0.0,0.0,idle
,idle,,,,,,,,,,,,,,,,,,,,,,,,,,,,,,,,,,,,,idle
1778097082.9483025,g5.hpc.coe,41393.0,0.5001,0.0,0.0,0.0,12288.0,135347849211.0,136420463988.0,137617024.0,139219207.0,2565902.0,0.0,0.0,0.0,0.0,0.0,0.0,0.0,0.0,0.0,0.0,0.0,0.0,572.0,79.0,3.0,2.0,0.0,0.0,0.0,0.0,0.0,0.0,0.0,0.0,0.0,idle
,idle,,,,,,,,,,,,,,,,,,,,,,,,,,,,,,,,,,,,,idle
1778097083.4484315,g5.hpc.coe,41393.0,0.5001,0.0,0.0,0.0,12288.0,135347849825.0,136420464067.0,137617027.0,139219209.0,2565902.0,0.0,0.0,0.0,0.0,0.0,0.0,0.0,0.0,0.0,0.0,0.0,0.0,614.0,79.0,3.0,2.0,0.0,0.0,0.0,0.0,0.0,0.0,0.0,0.0,0.0,idle
,idle,,,,,,,,,,,,,,,,,,,,,,,,,,,,,,,,,,,,,idle
1778097083.9485798,g5.hpc.coe,41393.0,0.5001,0.0,0.0,0.0,12288.0,135347850482.0,136420464146.0,137617030.0,139219211.0,2565902.0,0.0,0.0,0.0,0.0,0.0,0.0,0.0,0.0,0.0,0.0,0.0,0.0,657.0,79.0,3.0,2.0,0.0,0.0,0.0,0.0,0.0,0.0,0.0,0.0,0.0,idle
,idle,,,,,,,,,,,,,,,,,,,,,,,,,,,,,,,,,,,,,idle
1778097084.4486952,g5.hpc.coe,41393.0,0.5001,0.0,0.0,0.0,12288.0,135347851181.0,136420464225.0,137617033.0,139219213.0,2565902.0,0.0,0.0,0.0,0.0,0.0,0.0,0.0,0.0,0.0,0.0,0.0,0.0,699.0,79.0,3.0,2.0,0.0,0.0,0.0,0.0,0.0,0.0,0.0,0.0,0.0,idle
,idle,,,,,,,,,,,,,,,,,,,,,,,,,,,,,,,,,,,,,idle
1778097084.948846,g5.hpc.coe,41393.0,0.5002,0.0,0.0,0.0,12288.0,135347851922.0,136420464304.0,137617036.0,139219215.0,2565902.0,0.0,0.0,0.0,0.0,0.0,0.0,0.0,0.0,0.0,0.0,0.0,0.0,741.0,79.0,3.0,2.0,0.0,0.0,0.0,0.0,0.0,0.0,0.0,0.0,0.0,idle
,idle,,,,,,,,,,,,,,,,,,,,,,,,,,,,,,,,,,,,,idle
1778097085.4489837,g5.hpc.coe,41393.0,0.5001,0.0,0.0,0.0,12288.0,135347852782.0,136420464438.0,137617041.0,139219218.0,2565902.0,0.0,0.0,0.0,0.0,0.0,0.0,0.0,0.0,0.0,0.0,0.0,0.0,860.0,134.0,5.0,3.0,0.0,0.0,0.0,0.0,0.0,0.0,0.0,0.0,0.0,idle
,idle,,,,,,,,,,,,,,,,,,,,,,,,,,,,,,,,,,,,,idle
1778097085.949097,g5.hpc.coe,41393.0,0.5001,0.0,0.0,0.0,12288.0,135347853608.0,136420464517.0,137617044.0,139219220.0,2565902.0,0.0,0.0,0.0,0.0,0.0,0.0,0.0,0.0,0.0,0.0,0.0,0.0,826.0,79.0,3.0,2.0,0.0,0.0,0.0,0.0,0.0,0.0,0.0,0.0,0.0,idle
,idle,,,,,,,,,,,,,,,,,,,,,,,,,,,,,,,,,,,,,idle
1778097086.4492304,g5.hpc.coe,41393.0,0.5001,0.0,0.0,0.0,12288.0,135347854476.0,136420464596.0,137617047.0,139219222.0,2565902.0,0.0,0.0,0.0,0.0,0.0,0.0,0.0,0.0,0.0,0.0,0.0,0.0,868.0,79.0,3.0,2.0,0.0,0.0,0.0,0.0,0.0,0.0,0.0,0.0,0.0,idle
,idle,,,,,,,,,,,,,,,,,,,,,,,,,,,,,,,,,,,,,idle
1778097086.9493532,g5.hpc.coe,41393.0,0.5001,0.0,0.0,0.0,12288.0,135347855386.0,136420464675.0,137617050.0,139219224.0,2565902.0,0.0,0.0,0.0,0.0,0.0,0.0,0.0,0.0,0.0,0.0,0.0,0.0,910.0,79.0,3.0,2.0,0.0,0.0,0.0,0.0,0.0,0.0,0.0,0.0,0.0,idle
,idle,,,,,,,,,,,,,,,,,,,,,,,,,,,,,,,,,,,,,idle
1778097087.4494777,g5.hpc.coe,41393.0,0.5001,0.0,0.0,0.0,12288.0,135347856338.0,136420464754.0,137617053.0,139219226.0,2565902.0,0.0,0.0,0.0,0.0,0.0,0.0,0.0,0.0,0.0,0.0,0.0,0.0,952.0,79.0,3.0,2.0,0.0,0.0,0.0,0.0,0.0,0.0,0.0,0.0,0.0,idle
,idle,,,,,,,,,,,,,,,,,,,,,,,,,,,,,,,,,,,,,idle
1778097087.9496195,g5.hpc.coe,41393.0,0.5001,0.0,0.0,0.0,12288.0,135347857332.0,136420464833.0,137617056.0,139219228.0,2565902.0,0.0,0.0,0.0,0.0,0.0,0.0,0.0,0.0,0.0,0.0,0.0,0.0,994.0,79.0,3.0,2.0,0.0,0.0,0.0,0.0,0.0,0.0,0.0,0.0,0.0,idle
,idle,,,,,,,,,,,,,,,,,,,,,,,,,,,,,,,,,,,,,idle
1778097088.449734,g5.hpc.coe,41393.0,0.5001,0.0,0.0,0.0,12288.0,135347858369.0,136420464912.0,137617059.0,139219230.0,2565902.0,0.0,0.0,0.0,0.0,0.0,0.0,0.0,0.0,0.0,0.0,0.0,0.0,1037.0,79.0,3.0,2.0,0.0,0.0,0.0,0.0,0.0,0.0,0.0,0.0,0.0,idle
,idle,,,,,,,,,,,,,,,,,,,,,,,,,,,,,,,,,,,,,idle
1778097088.9498796,g5.hpc.coe,41393.0,0.5001,0.0,0.0,0.0,12288.0,135347859470.0,136420464991.0,137617063.0,139219232.0,2565902.0,0.0,0.0,0.0,0.0,0.0,0.0,0.0,0.0,0.0,0.0,0.0,0.0,1101.0,79.0,4.0,2.0,0.0,0.0,0.0,0.0,0.0,0.0,0.0,0.0,0.0,idle
,idle,,,,,,,,,,,,,,,,,,,,,,,,,,,,,,,,,,,,,idle
1778097089.4500303,g5.hpc.coe,41393.0,0.5002,0.0,0.0,0.0,12288.0,135347860613.0,136420465070.0,137617067.0,139219234.0,2565902.0,0.0,0.0,0.0,0.0,0.0,0.0,0.0,0.0,0.0,0.0,0.0,0.0,1143.0,79.0,4.0,2.0,0.0,0.0,0.0,0.0,0.0,0.0,0.0,0.0,0.0,idle
,idle,,,,,,,,,,,,,,,,,,,,,,,,,,,,,,,,,,,,,idle
1778097089.9501796,g5.hpc.coe,41393.0,0.5001,0.0,0.0,0.0,12288.0,135347861799.0,136420465149.0,137617071.0,139219236.0,2565902.0,0.0,0.0,0.0,0.0,0.0,0.0,0.0,0.0,0.0,0.0,0.0,0.0,1186.0,79.0,4.0,2.0,0.0,0.0,0.0,0.0,0.0,0.0,0.0,0.0,0.0,idle
,idle,,,,,,,,,,,,,,,,,,,,,,,,,,,,,,,,,,,,,idle
1778097090.450326,g5.hpc.coe,41393.0,0.5001,0.0,0.0,0.0,12288.0,135347861959.0,136420465206.0,137617073.0,139219237.0,2565902.0,0.0,0.0,0.0,0.0,0.0,0.0,0.0,0.0,0.0,0.0,0.0,0.0,160.0,57.0,2.0,1.0,0.0,0.0,0.0,0.0,0.0,0.0,0.0,0.0,0.0,idle
,idle,,,,,,,,,,,,,,,,,,,,,,,,,,,,,,,,,,,,,idle
1778097090.95046,g5.hpc.coe,41393.0,0.5001,0.0,0.0,0.0,12288.0,135347862216.0,136420465318.0,137617076.0,139219239.0,2565902.0,0.0,0.0,0.0,0.0,0.0,0.0,0.0,0.0,0.0,0.0,0.0,0.0,257.0,112.0,3.0,2.0,0.0,0.0,0.0,0.0,0.0,0.0,0.0,0.0,0.0,idle
,idle,,,,,,,,,,,,,,,,,,,,,,,,,,,,,,,,,,,,,idle
1778097091.450595,g5.hpc.coe,41393.0,0.5001,0.0,0.0,0.0,12288.0,135347862460.0,136420465375.0,137617078.0,139219240.0,2565902.0,0.0,0.0,0.0,0.0,0.0,0.0,0.0,0.0,0.0,0.0,0.0,0.0,244.0,57.0,2.0,1.0,0.0,0.0,0.0,0.0,0.0,0.0,0.0,0.0,0.0,idle
,idle,,,,,,,,,,,,,,,,,,,,,,,,,,,,,,,,,,,,,idle
1778097091.9507277,g5.hpc.coe,41393.0,0.5001,0.0,0.0,0.0,12288.0,135347862747.0,136420465432.0,137617080.0,139219241.0,2565902.0,0.0,0.0,0.0,0.0,0.0,0.0,0.0,0.0,0.0,0.0,0.0,0.0,287.0,57.0,2.0,1.0,0.0,0.0,0.0,0.0,0.0,0.0,0.0,0.0,0.0,idle
,idle,,,,,,,,,,,,,,,,,,,,,,,,,,,,,,,,,,,,,idle
1778097092.450843,g5.hpc.coe,41393.0,0.5001,0.0,0.0,0.0,12288.0,135347863076.0,136420465489.0,137617082.0,139219242.0,2565902.0,0.0,0.0,0.0,0.0,0.0,0.0,0.0,0.0,0.0,0.0,0.0,0.0,329.0,57.0,2.0,1.0,0.0,0.0,0.0,0.0,0.0,0.0,0.0,0.0,0.0,idle
,idle,,,,,,,,,,,,,,,,,,,,,,,,,,,,,,,,,,,,,idle
1778097092.950979,g5.hpc.coe,41393.0,0.5001,0.0,0.0,0.0,12288.0,135347863447.0,136420465546.0,137617084.0,139219243.0,2565902.0,0.0,0.0,0.0,0.0,0.0,0.0,0.0,0.0,0.0,0.0,0.0,0.0,371.0,57.0,2.0,1.0,0.0,0.0,0.0,0.0,0.0,0.0,0.0,0.0,0.0,idle
,idle,,,,,,,,,,,,,,,,,,,,,,,,,,,,,,,,,,,,,idle
1778097093.4511132,g5.hpc.coe,41393.0,0.5001,0.0,0.0,0.0,12288.0,135347863860.0,136420465603.0,137617086.0,139219244.0,2565902.0,0.0,0.0,0.0,0.0,0.0,0.0,0.0,0.0,0.0,0.0,0.0,0.0,413.0,57.0,2.0,1.0,0.0,0.0,0.0,0.0,0.0,0.0,0.0,0.0,0.0,idle
,idle,,,,,,,,,,,,,,,,,,,,,,,,,,,,,,,,,,,,,idle
1778097093.9512303,g5.hpc.coe,41393.0,0.5001,0.0,0.0,0.0,12288.0,135347864315.0,136420465660.0,137617088.0,139219245.0,2565902.0,0.0,0.0,0.0,0.0,0.0,0.0,0.0,0.0,0.0,0.0,0.0,0.0,455.0,57.0,2.0,1.0,0.0,0.0,0.0,0.0,0.0,0.0,0.0,0.0,0.0,idle
,idle,,,,,,,,,,,,,,,,,,,,,,,,,,,,,,,,,,,,,idle
1778097094.4513583,g5.hpc.coe,41393.0,0.5001,0.0,0.0,0.0,12288.0,135347864812.0,136420465717.0,137617090.0,139219246.0,2565902.0,0.0,0.0,0.0,0.0,0.0,0.0,0.0,0.0,0.0,0.0,0.0,0.0,497.0,57.0,2.0,1.0,0.0,0.0,0.0,0.0,0.0,0.0,0.0,0.0,0.0,idle
,idle,,,,,,,,,,,,,,,,,,,,,,,,,,,,,,,,,,,,,idle
1778097094.9515016,g5.hpc.coe,41393.0,0.5001,0.0,0.0,0.0,12288.0,135347865352.0,136420465774.0,137617092.0,139219247.0,2565902.0,0.0,0.0,0.0,0.0,0.0,0.0,0.0,0.0,0.0,0.0,0.0,0.0,540.0,57.0,2.0,1.0,0.0,0.0,0.0,0.0,0.0,0.0,0.0,0.0,0.0,idle
,idle,,,,,,,,,,,,,,,,,,,,,,,,,,,,,,,,,,,,,idle
1778097095.4516356,g5.hpc.coe,41393.0,0.5001,0.0,0.0,0.0,12288.0,135347865956.0,136420465853.0,137617095.0,139219249.0,2565902.0,0.0,0.0,0.0,0.0,0.0,0.0,0.0,0.0,0.0,0.0,0.0,0.0,604.0,79.0,3.0,2.0,0.0,0.0,0.0,0.0,0.0,0.0,0.0,0.0,0.0,idle
,idle,,,,,,,,,,,,,,,,,,,,,,,,,,,,,,,,,,,,,idle
1778097095.951751,g5.hpc.coe,41393.0,0.5001,0.0,0.0,0.0,12288.0,135347866679.0,136420465987.0,137617100.0,139219252.0,2565902.0,0.0,0.0,0.0,0.0,0.0,0.0,0.0,0.0,0.0,0.0,0.0,0.0,723.0,134.0,5.0,3.0,0.0,0.0,0.0,0.0,0.0,0.0,0.0,0.0,0.0,idle
,idle,,,,,,,,,,,,,,,,,,,,,,,,,,,,,,,,,,,,,idle
1778097096.451892,g5.hpc.coe,41393.0,0.5001,0.0,0.0,0.0,12288.0,135347867367.0,136420466066.0,137617103.0,139219254.0,2565902.0,0.0,0.0,0.0,0.0,0.0,0.0,0.0,0.0,0.0,0.0,0.0,0.0,688.0,79.0,3.0,2.0,0.0,0.0,0.0,0.0,0.0,0.0,0.0,0.0,0.0,idle
,idle,,,,,,,,,,,,,,,,,,,,,,,,,,,,,,,,,,,,,idle
1778097096.952003,g5.hpc.coe,41393.0,0.5001,0.0,0.0,0.0,12288.0,135347868720.0,136420466592.0,137617121.0,139219264.0,2565902.0,0.0,0.0,0.0,0.0,0.0,0.0,0.0,0.0,0.0,0.0,0.0,0.0,1353.0,526.0,18.0,10.0,0.0,0.0,0.0,0.0,0.0,0.0,0.0,0.0,0.0,idle
,idle,,,,,,,,,,,,,,,,,,,,,,,,,,,,,,,,,,,,,idle
1778097097.4521506,g5.hpc.coe,41393.0,0.5001,0.0,0.0,0.0,12288.0,135347869493.0,136420466671.0,137617124.0,139219266.0,2565902.0,0.0,0.0,0.0,0.0,0.0,0.0,0.0,0.0,0.0,0.0,0.0,0.0,773.0,79.0,3.0,2.0,0.0,0.0,0.0,0.0,0.0,0.0,0.0,0.0,0.0,idle
,idle,,,,,,,,,,,,,,,,,,,,,,,,,,,,,,,,,,,,,idle
1778097097.9522665,g5.hpc.coe,41393.0,0.5001,0.0,0.0,0.0,12288.0,135347870309.0,136420466750.0,137617127.0,139219268.0,2565902.0,0.0,0.0,0.0,0.0,0.0,0.0,0.0,0.0,0.0,0.0,0.0,0.0,816.0,79.0,3.0,2.0,0.0,0.0,0.0,0.0,0.0,0.0,0.0,0.0,0.0,idle
,idle,,,,,,,,,,,,,,,,,,,,,,,,,,,,,,,,,,,,,idle
1778097098.4523864,g5.hpc.coe,41393.0,0.5001,0.0,0.0,0.0,12288.0,135347871167.0,136420466829.0,137617130.0,139219270.0,2565902.0,0.0,0.0,0.0,0.0,0.0,0.0,0.0,0.0,0.0,0.0,0.0,0.0,858.0,79.0,3.0,2.0,0.0,0.0,0.0,0.0,0.0,0.0,0.0,0.0,0.0,idle
,idle,,,,,,,,,,,,,,,,,,,,,,,,,,,,,,,,,,,,,idle
1778097098.9525075,g5.hpc.coe,41393.0,0.5001,0.0,0.0,0.0,12288.0,135347872067.0,136420466908.0,137617133.0,139219272.0,2565902.0,0.0,0.0,0.0,0.0,0.0,0.0,0.0,0.0,0.0,0.0,0.0,0.0,900.0,79.0,3.0,2.0,0.0,0.0,0.0,0.0,0.0,0.0,0.0,0.0,0.0,idle
,idle,,,,,,,,,,,,,,,,,,,,,,,,,,,,,,,,,,,,,idle
1778097099.4526386,g5.hpc.coe,41393.0,0.5001,0.0,0.0,0.0,12288.0,135347873266.0,136420467242.0,137617141.0,139219279.0,2565902.0,0.0,0.0,0.0,0.0,0.0,0.0,0.0,0.0,0.0,0.0,0.0,0.0,1199.0,334.0,8.0,7.0,0.0,0.0,0.0,0.0,0.0,0.0,0.0,0.0,0.0,idle
,idle,,,,,,,,,,,,,,,,,,,,,,,,,,,,,,,,,,,,,idle
1778097099.9527802,g5.hpc.coe,41393.0,0.5001,0.0,0.0,0.0,12288.0,135347874273.0,136420467321.0,137617145.0,139219281.0,2565902.0,0.0,0.0,0.0,0.0,0.0,0.0,0.0,0.0,0.0,0.0,0.0,0.0,1007.0,79.0,4.0,2.0,0.0,0.0,0.0,0.0,0.0,0.0,0.0,0.0,0.0,idle
,idle,,,,,,,,,,,,,,,,,,,,,,,,,,,,,,,,,,,,,idle
1778097100.4528956,g5.hpc.coe,41393.0,0.5001,0.0,0.0,0.0,12288.0,135347875301.0,136420467400.0,137617148.0,139219283.0,2565902.0,0.0,0.0,0.0,0.0,0.0,0.0,0.0,0.0,0.0,0.0,0.0,0.0,1028.0,79.0,3.0,2.0,0.0,0.0,0.0,0.0,0.0,0.0,0.0,0.0,0.0,idle
,idle,,,,,,,,,,,,,,,,,,,,,,,,,,,,,,,,,,,,,idle
1778097100.953024,g5.hpc.coe,41393.0,0.5001,0.0,0.0,0.0,12288.0,135347876470.0,136420467534.0,137617154.0,139219286.0,2565902.0,0.0,0.0,0.0,0.0,0.0,0.0,0.0,0.0,0.0,0.0,0.0,0.0,1169.0,134.0,6.0,3.0,0.0,0.0,0.0,0.0,0.0,0.0,0.0,0.0,0.0,idle
,idle,,,,,,,,,,,,,,,,,,,,,,,,,,,,,,,,,,,,,idle
1778097101.4531426,g5.hpc.coe,41393.0,0.5001,0.0,0.0,0.0,12288.0,135347877605.0,136420467613.0,137617158.0,139219288.0,2565902.0,0.0,0.0,0.0,0.0,0.0,0.0,0.0,0.0,0.0,0.0,0.0,0.0,1135.0,79.0,4.0,2.0,0.0,0.0,0.0,0.0,0.0,0.0,0.0,0.0,0.0,idle
,idle,,,,,,,,,,,,,,,,,,,,,,,,,,,,,,,,,,,,,idle
1778097101.953276,g5.hpc.coe,41393.0,0.5001,0.0,0.0,0.0,12288.0,135347878782.0,136420467692.0,137617162.0,139219290.0,2565902.0,0.0,0.0,0.0,0.0,0.0,0.0,0.0,0.0,0.0,0.0,0.0,0.0,1177.0,79.0,4.0,2.0,0.0,0.0,0.0,0.0,0.0,0.0,0.0,0.0,0.0,idle
,idle,,,,,,,,,,,,,,,,,,,,,,,,,,,,,,,,,,,,,idle
1778097102.4534316,g5.hpc.coe,41393.0,0.5002,0.0,0.0,0.0,12288.0,135347878933.0,136420467749.0,137617164.0,139219291.0,2565902.0,0.0,0.0,0.0,0.0,0.0,0.0,0.0,0.0,0.0,0.0,0.0,0.0,151.0,57.0,2.0,1.0,0.0,0.0,0.0,0.0,0.0,0.0,0.0,0.0,0.0,idle
,idle,,,,,,,,,,,,,,,,,,,,,,,,,,,,,,,,,,,,,idle
1778097102.953575,g5.hpc.coe,41393.0,0.5001,0.0,0.0,0.0,12288.0,135347879127.0,136420467806.0,137617166.0,139219292.0,2565902.0,0.0,0.0,0.0,0.0,0.0,0.0,0.0,0.0,0.0,0.0,0.0,0.0,194.0,57.0,2.0,1.0,0.0,0.0,0.0,0.0,0.0,0.0,0.0,0.0,0.0,idle
,idle,,,,,,,,,,,,,,,,,,,,,,,,,,,,,,,,,,,,,idle
1778097103.453688,g5.hpc.coe,41393.0,0.5001,0.0,0.0,0.0,12288.0,135347879363.0,136420467863.0,137617168.0,139219293.0,2565902.0,0.0,0.0,0.0,0.0,0.0,0.0,0.0,0.0,0.0,0.0,0.0,0.0,236.0,57.0,2.0,1.0,0.0,0.0,0.0,0.0,0.0,0.0,0.0,0.0,0.0,idle
,idle,,,,,,,,,,,,,,,,,,,,,,,,,,,,,,,,,,,,,idle
1778097103.9538093,g5.hpc.coe,41393.0,0.5001,0.0,0.0,0.0,12288.0,135347879641.0,136420467920.0,137617170.0,139219294.0,2565902.0,0.0,0.0,0.0,0.0,0.0,0.0,0.0,0.0,0.0,0.0,0.0,0.0,278.0,57.0,2.0,1.0,0.0,0.0,0.0,0.0,0.0,0.0,0.0,0.0,0.0,idle
,idle,,,,,,,,,,,,,,,,,,,,,,,,,,,,,,,,,,,,,idle
1778097104.45395,g5.hpc.coe,41393.0,0.5001,0.0,0.0,0.0,12288.0,135347879961.0,136420467977.0,137617172.0,139219295.0,2565902.0,0.0,0.0,0.0,0.0,0.0,0.0,0.0,0.0,0.0,0.0,0.0,0.0,320.0,57.0,2.0,1.0,0.0,0.0,0.0,0.0,0.0,0.0,0.0,0.0,0.0,idle
,idle,,,,,,,,,,,,,,,,,,,,,,,,,,,,,,,,,,,,,idle
1778097104.9540875,g5.hpc.coe,41393.0,0.5001,0.0,0.0,0.0,12288.0,135347880323.0,136420468034.0,137617174.0,139219296.0,2565902.0,0.0,0.0,0.0,0.0,0.0,0.0,0.0,0.0,0.0,0.0,0.0,0.0,362.0,57.0,2.0,1.0,0.0,0.0,0.0,0.0,0.0,0.0,0.0,0.0,0.0,idle
,idle,,,,,,,,,,,,,,,,,,,,,,,,,,,,,,,,,,,,,idle
1778097105.4542236,g5.hpc.coe,41393.0,0.5001,0.0,0.0,0.0,12288.0,135347880727.0,136420468091.0,137617176.0,139219297.0,2565902.0,0.0,0.0,0.0,0.0,0.0,0.0,0.0,0.0,0.0,0.0,0.0,0.0,404.0,57.0,2.0,1.0,0.0,0.0,0.0,0.0,0.0,0.0,0.0,0.0,0.0,idle
,idle,,,,,,,,,,,,,,,,,,,,,,,,,,,,,,,,,,,,,idle
1778097105.9543357,g5.hpc.coe,41393.0,0.5001,0.0,0.0,0.0,12288.0,135347881251.0,136420468203.0,137617180.0,139219299.0,2565902.0,0.0,0.0,0.0,0.0,0.0,0.0,0.0,0.0,0.0,0.0,0.0,0.0,524.0,112.0,4.0,2.0,0.0,0.0,0.0,0.0,0.0,0.0,0.0,0.0,0.0,idle
,idle,,,,,,,,,,,,,,,,,,,,,,,,,,,,,,,,,,,,,idle
1778097106.4544764,g5.hpc.coe,41393.0,0.5001,0.0,0.0,0.0,12288.0,135347881740.0,136420468260.0,137617182.0,139219300.0,2565902.0,0.0,0.0,0.0,0.0,0.0,0.0,0.0,0.0,0.0,0.0,0.0,0.0,489.0,57.0,2.0,1.0,0.0,0.0,0.0,0.0,0.0,0.0,0.0,0.0,0.0,idle
,idle,,,,,,,,,,,,,,,,,,,,,,,,,,,,,,,,,,,,,idle
1778097106.954636,g5.hpc.coe,41393.0,0.5002,0.0,0.0,0.0,12288.0,135347882271.0,136420468317.0,137617184.0,139219301.0,2565902.0,0.0,0.0,0.0,0.0,0.0,0.0,0.0,0.0,0.0,0.0,0.0,0.0,531.0,57.0,2.0,1.0,0.0,0.0,0.0,0.0,0.0,0.0,0.0,0.0,0.0,idle
,idle,,,,,,,,,,,,,,,,,,,,,,,,,,,,,,,,,,,,,idle
1778097107.4547794,g5.hpc.coe,41393.0,0.5001,0.0,0.0,0.0,12288.0,135347882867.0,136420468396.0,137617187.0,139219303.0,2565902.0,0.0,0.0,0.0,0.0,0.0,0.0,0.0,0.0,0.0,0.0,0.0,0.0,596.0,79.0,3.0,2.0,0.0,0.0,0.0,0.0,0.0,0.0,0.0,0.0,0.0,idle
,idle,,,,,,,,,,,,,,,,,,,,,,,,,,,,,,,,,,,,,idle
1778097107.9549215,g5.hpc.coe,41393.0,0.5001,0.0,0.0,0.0,12288.0,135347883505.0,136420468475.0,137617190.0,139219305.0,2565902.0,0.0,0.0,0.0,0.0,0.0,0.0,0.0,0.0,0.0,0.0,0.0,0.0,638.0,79.0,3.0,2.0,0.0,0.0,0.0,0.0,0.0,0.0,0.0,0.0,0.0,idle
,idle,,,,,,,,,,,,,,,,,,,,,,,,,,,,,,,,,,,,,idle
1778097108.4550607,g5.hpc.coe,41393.0,0.5001,0.0,0.0,0.0,12288.0,135347884185.0,136420468554.0,137617193.0,139219307.0,2565902.0,0.0,0.0,0.0,0.0,0.0,0.0,0.0,0.0,0.0,0.0,0.0,0.0,680.0,79.0,3.0,2.0,0.0,0.0,0.0,0.0,0.0,0.0,0.0,0.0,0.0,idle
,idle,,,,,,,,,,,,,,,,,,,,,,,,,,,,,,,,,,,,,idle
1778097108.9551804,g5.hpc.coe,41393.0,0.5001,0.0,0.0,0.0,12288.0,135347884907.0,136420468633.0,137617196.0,139219309.0,2565902.0,0.0,0.0,0.0,0.0,0.0,0.0,0.0,0.0,0.0,0.0,0.0,0.0,722.0,79.0,3.0,2.0,0.0,0.0,0.0,0.0,0.0,0.0,0.0,0.0,0.0,idle
,idle,,,,,,,,,,,,,,,,,,,,,,,,,,,,,,,,,,,,,idle
1778097109.455304,g5.hpc.coe,41393.0,0.5001,0.0,0.0,0.0,12288.0,135347885672.0,136420468712.0,137617199.0,139219311.0,2565902.0,0.0,0.0,0.0,0.0,0.0,0.0,0.0,0.0,0.0,0.0,0.0,0.0,765.0,79.0,3.0,2.0,0.0,0.0,0.0,0.0,0.0,0.0,0.0,0.0,0.0,idle
,idle,,,,,,,,,,,,,,,,,,,,,,,,,,,,,,,,,,,,,idle
1778097109.9554307,g5.hpc.coe,41393.0,0.5001,0.0,0.0,0.0,12288.0,135347886479.0,136420468791.0,137617202.0,139219313.0,2565902.0,0.0,0.0,0.0,0.0,0.0,0.0,0.0,0.0,0.0,0.0,0.0,0.0,807.0,79.0,3.0,2.0,0.0,0.0,0.0,0.0,0.0,0.0,0.0,0.0,0.0,idle
,idle,,,,,,,,,,,,,,,,,,,,,,,,,,,,,,,,,,,,,idle
1778097110.455566,g5.hpc.coe,41393.0,0.5001,0.0,0.0,0.0,12288.0,135347887328.0,136420468870.0,137617205.0,139219315.0,2565902.0,0.0,0.0,0.0,0.0,0.0,0.0,0.0,0.0,0.0,0.0,0.0,0.0,849.0,79.0,3.0,2.0,0.0,0.0,0.0,0.0,0.0,0.0,0.0,0.0,0.0,idle
,idle,,,,,,,,,,,,,,,,,,,,,,,,,,,,,,,,,,,,,idle
1778097110.955706,g5.hpc.coe,41393.0,0.5001,0.0,0.0,0.0,12288.0,135347888219.0,136420468949.0,137617208.0,139219317.0,2565902.0,0.0,0.0,0.0,0.0,0.0,0.0,0.0,0.0,0.0,0.0,0.0,0.0,891.0,79.0,3.0,2.0,0.0,0.0,0.0,0.0,0.0,0.0,0.0,0.0,0.0,idle
,idle,,,,,,,,,,,,,,,,,,,,,,,,,,,,,,,,,,,,,idle
1778097111.4558227,g5.hpc.coe,41393.0,0.5001,0.0,0.0,0.0,12288.0,135347889152.0,136420469028.0,137617211.0,139219319.0,2565902.0,0.0,0.0,0.0,0.0,0.0,0.0,0.0,0.0,0.0,0.0,0.0,0.0,933.0,79.0,3.0,2.0,0.0,0.0,0.0,0.0,0.0,0.0,0.0,0.0,0.0,idle
,idle,,,,,,,,,,,,,,,,,,,,,,,,,,,,,,,,,,,,,idle
1778097111.9559574,g5.hpc.coe,41393.0,0.5001,0.0,0.0,0.0,12288.0,135347890751.0,136420469554.0,137617229.0,139219329.0,2565902.0,0.0,0.0,0.0,0.0,0.0,0.0,0.0,0.0,0.0,0.0,0.0,0.0,1599.0,526.0,18.0,10.0,0.0,0.0,0.0,0.0,0.0,0.0,0.0,0.0,0.0,idle
,idle,,,,,,,,,,,,,,,,,,,,,,,,,,,,,,,,,,,,,idle
1778097112.4560993,g5.hpc.coe,41393.0,0.5001,0.0,0.0,0.0,12288.0,135347891770.0,136420469633.0,137617232.0,139219331.0,2565902.0,0.0,0.0,0.0,0.0,0.0,0.0,0.0,0.0,0.0,0.0,0.0,0.0,1019.0,79.0,3.0,2.0,0.0,0.0,0.0,0.0,0.0,0.0,0.0,0.0,0.0,idle
,idle,,,,,,,,,,,,,,,,,,,,,,,,,,,,,,,,,,,,,idle
1778097112.9562364,g5.hpc.coe,41393.0,0.5001,0.0,0.0,0.0,12288.0,135347892831.0,136420469712.0,137617235.0,139219333.0,2565902.0,0.0,0.0,0.0,0.0,0.0,0.0,0.0,0.0,0.0,0.0,0.0,0.0,1061.0,79.0,3.0,2.0,0.0,0.0,0.0,0.0,0.0,0.0,0.0,0.0,0.0,idle
,idle,,,,,,,,,,,,,,,,,,,,,,,,,,,,,,,,,,,,,idle
1778097113.4563684,g5.hpc.coe,41393.0,0.5001,0.0,0.0,0.0,12288.0,135347893957.0,136420469791.0,137617239.0,139219335.0,2565902.0,0.0,0.0,0.0,0.0,0.0,0.0,0.0,0.0,0.0,0.0,0.0,0.0,1126.0,79.0,4.0,2.0,0.0,0.0,0.0,0.0,0.0,0.0,0.0,0.0,0.0,idle
,idle,,,,,,,,,,,,,,,,,,,,,,,,,,,,,,,,,,,,,idle
1778097113.956499,g5.hpc.coe,41393.0,0.5001,0.0,0.0,0.0,12288.0,135347895125.0,136420469870.0,137617243.0,139219337.0,2565902.0,0.0,0.0,0.0,0.0,0.0,0.0,0.0,0.0,0.0,0.0,0.0,0.0,1168.0,79.0,4.0,2.0,0.0,0.0,0.0,0.0,0.0,0.0,0.0,0.0,0.0,idle
,idle,,,,,,,,,,,,,,,,,,,,,,,,,,,,,,,,,,,,,idle
1778097114.456645,g5.hpc.coe,41393.0,0.5001,0.0,0.0,0.0,12288.0,135347895268.0,136420469927.0,137617245.0,139219338.0,2565902.0,0.0,0.0,0.0,0.0,0.0,0.0,0.0,0.0,0.0,0.0,0.0,0.0,143.0,57.0,2.0,1.0,0.0,0.0,0.0,0.0,0.0,0.0,0.0,0.0,0.0,idle
,idle,,,,,,,,,,,,,,,,,,,,,,,,,,,,,,,,,,,,,idle
1778097114.9567976,g5.hpc.coe,41393.0,0.5002,0.0,0.0,0.0,12288.0,135347895453.0,136420469984.0,137617247.0,139219339.0,2565902.0,0.0,0.0,0.0,0.0,0.0,0.0,0.0,0.0,0.0,0.0,0.0,0.0,185.0,57.0,2.0,1.0,0.0,0.0,0.0,0.0,0.0,0.0,0.0,0.0,0.0,idle
,idle,,,,,,,,,,,,,,,,,,,,,,,,,,,,,,,,,,,,,idle
1778097115.4569075,g5.hpc.coe,41393.0,0.5001,0.0,0.0,0.0,12288.0,135347895680.0,136420470041.0,137617249.0,139219340.0,2565902.0,0.0,0.0,0.0,0.0,0.0,0.0,0.0,0.0,0.0,0.0,0.0,0.0,227.0,57.0,2.0,1.0,0.0,0.0,0.0,0.0,0.0,0.0,0.0,0.0,0.0,idle
,idle,,,,,,,,,,,,,,,,,,,,,,,,,,,,,,,,,,,,,idle
1778097115.957042,g5.hpc.coe,41393.0,0.5001,0.0,0.0,0.0,12288.0,135347895949.0,136420470098.0,137617251.0,139219341.0,2565902.0,0.0,0.0,0.0,0.0,0.0,0.0,0.0,0.0,0.0,0.0,0.0,0.0,269.0,57.0,2.0,1.0,0.0,0.0,0.0,0.0,0.0,0.0,0.0,0.0,0.0,idle
,idle,,,,,,,,,,,,,,,,,,,,,,,,,,,,,,,,,,,,,idle
1778097116.457179,g5.hpc.coe,41393.0,0.5001,0.0,0.0,0.0,12288.0,135347896337.0,136420470210.0,137617255.0,139219343.0,2565902.0,0.0,0.0,0.0,0.0,0.0,0.0,0.0,0.0,0.0,0.0,0.0,0.0,388.0,112.0,4.0,2.0,0.0,0.0,0.0,0.0,0.0,0.0,0.0,0.0,0.0,idle
,idle,,,,,,,,,,,,,,,,,,,,,,,,,,,,,,,,,,,,,idle
1778097116.9573095,g5.hpc.coe,41393.0,0.5001,0.0,0.0,0.0,12288.0,135347896690.0,136420470267.0,137617257.0,139219344.0,2565902.0,0.0,0.0,0.0,0.0,0.0,0.0,0.0,0.0,0.0,0.0,0.0,0.0,353.0,57.0,2.0,1.0,0.0,0.0,0.0,0.0,0.0,0.0,0.0,0.0,0.0,idle
,idle,,,,,,,,,,,,,,,,,,,,,,,,,,,,,,,,,,,,,idle
1778097117.457431,g5.hpc.coe,41393.0,0.5001,0.0,0.0,0.0,12288.0,135347897086.0,136420470324.0,137617259.0,139219345.0,2565902.0,0.0,0.0,0.0,0.0,0.0,0.0,0.0,0.0,0.0,0.0,0.0,0.0,396.0,57.0,2.0,1.0,0.0,0.0,0.0,0.0,0.0,0.0,0.0,0.0,0.0,idle
,idle,,,,,,,,,,,,,,,,,,,,,,,,,,,,,,,,,,,,,idle
1778097117.95758,g5.hpc.coe,41393.0,0.5001,0.0,0.0,0.0,12288.0,135347897524.0,136420470381.0,137617261.0,139219346.0,2565902.0,0.0,0.0,0.0,0.0,0.0,0.0,0.0,0.0,0.0,0.0,0.0,0.0,438.0,57.0,2.0,1.0,0.0,0.0,0.0,0.0,0.0,0.0,0.0,0.0,0.0,idle
,idle,,,,,,,,,,,,,,,,,,,,,,,,,,,,,,,,,,,,,idle
1778097118.4577208,g5.hpc.coe,41393.0,0.5001,0.0,0.0,0.0,12288.0,135347898003.0,136420470438.0,137617263.0,139219347.0,2565902.0,0.0,0.0,0.0,0.0,0.0,0.0,0.0,0.0,0.0,0.0,0.0,0.0,479.0,57.0,2.0,1.0,0.0,0.0,0.0,0.0,0.0,0.0,0.0,0.0,0.0,idle
,idle,,,,,,,,,,,,,,,,,,,,,,,,,,,,,,,,,,,,,idle
1778097118.9578605,g5.hpc.coe,41393.0,0.5001,0.0,0.0,0.0,12288.0,135347898525.0,136420470495.0,137617265.0,139219348.0,2565902.0,0.0,0.0,0.0,0.0,0.0,0.0,0.0,0.0,0.0,0.0,0.0,0.0,522.0,57.0,2.0,1.0,0.0,0.0,0.0,0.0,0.0,0.0,0.0,0.0,0.0,idle
,idle,,,,,,,,,,,,,,,,,,,,,,,,,,,,,,,,,,,,,idle
1778097119.4579723,g5.hpc.coe,41393.0,0.5001,0.0,0.0,0.0,12288.0,135347899111.0,136420470574.0,137617268.0,139219350.0,2565902.0,0.0,0.0,0.0,0.0,0.0,0.0,0.0,0.0,0.0,0.0,0.0,0.0,586.0,79.0,3.0,2.0,0.0,0.0,0.0,0.0,0.0,0.0,0.0,0.0,0.0,idle
,idle,,,,,,,,,,,,,,,,,,,,,,,,,,,,,,,,,,,,,idle
1778097119.958106,g5.hpc.coe,41393.0,0.5001,0.0,0.0,0.0,12288.0,135347899739.0,136420470653.0,137617271.0,139219352.0,2565902.0,0.0,0.0,0.0,0.0,0.0,0.0,0.0,0.0,0.0,0.0,0.0,0.0,628.0,79.0,3.0,2.0,0.0,0.0,0.0,0.0,0.0,0.0,0.0,0.0,0.0,idle
,idle,,,,,,,,,,,,,,,,,,,,,,,,,,,,,,,,,,,,,idle
1778097120.4582207,g5.hpc.coe,41393.0,0.5001,0.0,0.0,0.0,12288.0,135347900409.0,136420470732.0,137617274.0,139219354.0,2565902.0,0.0,0.0,0.0,0.0,0.0,0.0,0.0,0.0,0.0,0.0,0.0,0.0,670.0,79.0,3.0,2.0,0.0,0.0,0.0,0.0,0.0,0.0,0.0,0.0,0.0,idle
,idle,,,,,,,,,,,,,,,,,,,,,,,,,,,,,,,,,,,,,idle
1778097120.9583564,g5.hpc.coe,41393.0,0.5001,0.0,0.0,0.0,12288.0,135347901121.0,136420470811.0,137617277.0,139219356.0,2565902.0,0.0,0.0,0.0,0.0,0.0,0.0,0.0,0.0,0.0,0.0,0.0,0.0,712.0,79.0,3.0,2.0,0.0,0.0,0.0,0.0,0.0,0.0,0.0,0.0,0.0,idle
,idle,,,,,,,,,,,,,,,,,,,,,,,,,,,,,,,,,,,,,idle
1778097121.4584692,g5.hpc.coe,41393.0,0.5001,0.0,0.0,0.0,12288.0,135347901953.0,136420470945.0,137617282.0,139219359.0,2565902.0,0.0,0.0,0.0,0.0,0.0,0.0,0.0,0.0,0.0,0.0,0.0,0.0,832.0,134.0,5.0,3.0,0.0,0.0,0.0,0.0,0.0,0.0,0.0,0.0,0.0,idle
,idle,,,,,,,,,,,,,,,,,,,,,,,,,,,,,,,,,,,,,idle
1778097121.9585788,g5.hpc.coe,41393.0,0.5001,0.0,0.0,0.0,12288.0,135347902750.0,136420471024.0,137617285.0,139219361.0,2565902.0,0.0,0.0,0.0,0.0,0.0,0.0,0.0,0.0,0.0,0.0,0.0,0.0,797.0,79.0,3.0,2.0,0.0,0.0,0.0,0.0,0.0,0.0,0.0,0.0,0.0,idle
,idle,,,,,,,,,,,,,,,,,,,,,,,,,,,,,,,,,,,,,idle
1778097122.4587088,g5.hpc.coe,41393.0,0.5001,0.0,0.0,0.0,12288.0,135347903589.0,136420471103.0,137617288.0,139219363.0,2565902.0,0.0,0.0,0.0,0.0,0.0,0.0,0.0,0.0,0.0,0.0,0.0,0.0,839.0,79.0,3.0,2.0,0.0,0.0,0.0,0.0,0.0,0.0,0.0,0.0,0.0,idle
,idle,,,,,,,,,,,,,,,,,,,,,,,,,,,,,,,,,,,,,idle
1778097122.9588442,g5.hpc.coe,41393.0,0.5001,0.0,0.0,0.0,12288.0,135347904471.0,136420471182.0,137617291.0,139219365.0,2565902.0,0.0,0.0,0.0,0.0,0.0,0.0,0.0,0.0,0.0,0.0,0.0,0.0,882.0,79.0,3.0,2.0,0.0,0.0,0.0,0.0,0.0,0.0,0.0,0.0,0.0,idle
,idle,,,,,,,,,,,,,,,,,,,,,,,,,,,,,,,,,,,,,idle
1778097123.45897,g5.hpc.coe,41393.0,0.5001,0.0,0.0,0.0,12288.0,135347905395.0,136420471261.0,137617294.0,139219367.0,2565902.0,0.0,0.0,0.0,0.0,0.0,0.0,0.0,0.0,0.0,0.0,0.0,0.0,924.0,79.0,3.0,2.0,0.0,0.0,0.0,0.0,0.0,0.0,0.0,0.0,0.0,idle
,idle,,,,,,,,,,,,,,,,,,,,,,,,,,,,,,,,,,,,,idle
1778097123.959103,g5.hpc.coe,41393.0,0.5001,0.0,0.0,0.0,12288.0,135347906361.0,136420471340.0,137617297.0,139219369.0,2565902.0,0.0,0.0,0.0,0.0,0.0,0.0,0.0,0.0,0.0,0.0,0.0,0.0,966.0,79.0,3.0,2.0,0.0,0.0,0.0,0.0,0.0,0.0,0.0,0.0,0.0,idle
,idle,,,,,,,,,,,,,,,,,,,,,,,,,,,,,,,,,,,,,idle
1778097124.459236,g5.hpc.coe,41393.0,0.5001,0.0,0.0,0.0,12288.0,135347907369.0,136420471419.0,137617300.0,139219371.0,2565902.0,0.0,0.0,0.0,0.0,0.0,0.0,0.0,0.0,0.0,0.0,0.0,0.0,1008.0,79.0,3.0,2.0,0.0,0.0,0.0,0.0,0.0,0.0,0.0,0.0,0.0,idle
,idle,,,,,,,,,,,,,,,,,,,,,,,,,,,,,,,,,,,,,idle
1778097124.9593685,g5.hpc.coe,41393.0,0.5001,0.0,0.0,0.0,12288.0,135347908419.0,136420471498.0,137617303.0,139219373.0,2565902.0,0.0,0.0,0.0,0.0,0.0,0.0,0.0,0.0,0.0,0.0,0.0,0.0,1050.0,79.0,3.0,2.0,0.0,0.0,0.0,0.0,0.0,0.0,0.0,0.0,0.0,idle
,idle,,,,,,,,,,,,,,,,,,,,,,,,,,,,,,,,,,,,,idle
1778097125.459515,g5.hpc.coe,41393.0,0.5001,0.0,0.0,0.0,12288.0,135347909534.0,136420471577.0,137617307.0,139219375.0,2565902.0,0.0,0.0,0.0,0.0,0.0,0.0,0.0,0.0,0.0,0.0,0.0,0.0,1115.0,79.0,4.0,2.0,0.0,0.0,0.0,0.0,0.0,0.0,0.0,0.0,0.0,idle
,idle,,,,,,,,,,,,,,,,,,,,,,,,,,,,,,,,,,,,,idle
1778097125.9596477,g5.hpc.coe,41393.0,0.5001,0.0,0.0,0.0,12288.0,135347910691.0,136420471656.0,137617311.0,139219377.0,2565902.0,0.0,0.0,0.0,0.0,0.0,0.0,0.0,0.0,0.0,0.0,0.0,0.0,1157.0,79.0,4.0,2.0,0.0,0.0,0.0,0.0,0.0,0.0,0.0,0.0,0.0,idle
,idle,,,,,,,,,,,,,,,,,,,,,,,,,,,,,,,,,,,,,idle
1778097126.4597845,g5.hpc.coe,41393.0,0.5001,0.0,0.0,0.0,12288.0,135347910900.0,136420471768.0,137617315.0,139219379.0,2565902.0,0.0,0.0,0.0,0.0,0.0,0.0,0.0,0.0,0.0,0.0,0.0,0.0,209.0,112.0,4.0,2.0,0.0,0.0,0.0,0.0,0.0,0.0,0.0,0.0,0.0,idle
,idle,,,,,,,,,,,,,,,,,,,,,,,,,,,,,,,,,,,,,idle
1778097126.9599304,g5.hpc.coe,41393.0,0.5001,0.0,0.0,0.0,12288.0,135347911697.0,136420472272.0,137617332.0,139219388.0,2565902.0,0.0,0.0,0.0,0.0,0.0,0.0,0.0,0.0,0.0,0.0,0.0,0.0,797.0,504.0,17.0,9.0,0.0,0.0,0.0,0.0,0.0,0.0,0.0,0.0,0.0,idle
,idle,,,,,,,,,,,,,,,,,,,,,,,,,,,,,,,,,,,,,idle
1778097127.4600666,g5.hpc.coe,41393.0,0.5001,0.0,0.0,0.0,12288.0,135347911914.0,136420472329.0,137617334.0,139219389.0,2565902.0,0.0,0.0,0.0,0.0,0.0,0.0,0.0,0.0,0.0,0.0,0.0,0.0,217.0,57.0,2.0,1.0,0.0,0.0,0.0,0.0,0.0,0.0,0.0,0.0,0.0,idle
,idle,,,,,,,,,,,,,,,,,,,,,,,,,,,,,,,,,,,,,idle
1778097127.9602208,g5.hpc.coe,41393.0,0.5002,0.0,0.0,0.0,12288.0,135347912173.0,136420472386.0,137617336.0,139219390.0,2565902.0,0.0,0.0,0.0,0.0,0.0,0.0,0.0,0.0,0.0,0.0,0.0,0.0,259.0,57.0,2.0,1.0,0.0,0.0,0.0,0.0,0.0,0.0,0.0,0.0,0.0,idle
,idle,,,,,,,,,,,,,,,,,,,,,,,,,,,,,,,,,,,,,idle
1778097128.4603472,g5.hpc.coe,41393.0,0.5001,0.0,0.0,0.0,12288.0,135347912474.0,136420472443.0,137617338.0,139219391.0,2565902.0,0.0,0.0,0.0,0.0,0.0,0.0,0.0,0.0,0.0,0.0,0.0,0.0,301.0,57.0,2.0,1.0,0.0,0.0,0.0,0.0,0.0,0.0,0.0,0.0,0.0,idle
,idle,,,,,,,,,,,,,,,,,,,,,,,,,,,,,,,,,,,,,idle
1778097128.9604783,g5.hpc.coe,41393.0,0.5001,0.0,0.0,0.0,12288.0,135347912818.0,136420472500.0,137617340.0,139219392.0,2565902.0,0.0,0.0,0.0,0.0,0.0,0.0,0.0,0.0,0.0,0.0,0.0,0.0,344.0,57.0,2.0,1.0,0.0,0.0,0.0,0.0,0.0,0.0,0.0,0.0,0.0,idle
,idle,,,,,,,,,,,,,,,,,,,,,,,,,,,,,,,,,,,,,idle
1778097129.4605882,g5.hpc.coe,41393.0,0.5001,0.0,0.0,0.0,12288.0,135347913204.0,136420472557.0,137617342.0,139219393.0,2565902.0,0.0,0.0,0.0,0.0,0.0,0.0,0.0,0.0,0.0,0.0,0.0,0.0,386.0,57.0,2.0,1.0,0.0,0.0,0.0,0.0,0.0,0.0,0.0,0.0,0.0,idle
,idle,,,,,,,,,,,,,,,,,,,,,,,,,,,,,,,,,,,,,idle
1778097129.9607277,g5.hpc.coe,41393.0,0.5001,0.0,0.0,0.0,12288.0,135347913632.0,136420472614.0,137617344.0,139219394.0,2565902.0,0.0,0.0,0.0,0.0,0.0,0.0,0.0,0.0,0.0,0.0,0.0,0.0,428.0,57.0,2.0,1.0,0.0,0.0,0.0,0.0,0.0,0.0,0.0,0.0,0.0,idle
,idle,,,,,,,,,,,,,,,,,,,,,,,,,,,,,,,,,,,,,idle
1778097130.460862,g5.hpc.coe,41393.0,0.5001,0.0,0.0,0.0,12288.0,135347914102.0,136420472671.0,137617346.0,139219395.0,2565902.0,0.0,0.0,0.0,0.0,0.0,0.0,0.0,0.0,0.0,0.0,0.0,0.0,470.0,57.0,2.0,1.0,0.0,0.0,0.0,0.0,0.0,0.0,0.0,0.0,0.0,idle
,idle,,,,,,,,,,,,,,,,,,,,,,,,,,,,,,,,,,,,,idle
1778097130.9609957,g5.hpc.coe,41393.0,0.5001,0.0,0.0,0.0,12288.0,135347914614.0,136420472728.0,137617348.0,139219396.0,2565902.0,0.0,0.0,0.0,0.0,0.0,0.0,0.0,0.0,0.0,0.0,0.0,0.0,512.0,57.0,2.0,1.0,0.0,0.0,0.0,0.0,0.0,0.0,0.0,0.0,0.0,idle
,idle,,,,,,,,,,,,,,,,,,,,,,,,,,,,,,,,,,,,,idle
1778097131.461119,g5.hpc.coe,41393.0,0.5001,0.0,0.0,0.0,12288.0,135347915246.0,136420472862.0,137617352.0,139219399.0,2565902.0,0.0,0.0,0.0,0.0,0.0,0.0,0.0,0.0,0.0,0.0,0.0,0.0,632.0,134.0,4.0,3.0,0.0,0.0,0.0,0.0,0.0,0.0,0.0,0.0,0.0,idle
,idle,,,,,,,,,,,,,,,,,,,,,,,,,,,,,,,,,,,,,idle
1778097131.9612546,g5.hpc.coe,41393.0,0.5001,0.0,0.0,0.0,12288.0,135347915887.0,136420472941.0,137617356.0,139219401.0,2565902.0,0.0,0.0,0.0,0.0,0.0,0.0,0.0,0.0,0.0,0.0,0.0,0.0,641.0,79.0,4.0,2.0,0.0,0.0,0.0,0.0,0.0,0.0,0.0,0.0,0.0,idle
,idle,,,,,,,,,,,,,,,,,,,,,,,,,,,,,,,,,,,,,idle
1778097132.4613855,g5.hpc.coe,41393.0,0.5001,0.0,0.0,0.0,12288.0,135347916548.0,136420473020.0,137617359.0,139219403.0,2565902.0,0.0,0.0,0.0,0.0,0.0,0.0,0.0,0.0,0.0,0.0,0.0,0.0,661.0,79.0,3.0,2.0,0.0,0.0,0.0,0.0,0.0,0.0,0.0,0.0,0.0,idle
,idle,,,,,,,,,,,,,,,,,,,,,,,,,,,,,,,,,,,,,idle
1778097132.961491,g5.hpc.coe,41393.0,0.5001,0.0,0.0,0.0,12288.0,135347917251.0,136420473099.0,137617362.0,139219405.0,2565902.0,0.0,0.0,0.0,0.0,0.0,0.0,0.0,0.0,0.0,0.0,0.0,0.0,703.0,79.0,3.0,2.0,0.0,0.0,0.0,0.0,0.0,0.0,0.0,0.0,0.0,idle
,idle,,,,,,,,,,,,,,,,,,,,,,,,,,,,,,,,,,,,,idle
1778097133.4616404,g5.hpc.coe,41393.0,0.5001,0.0,0.0,0.0,12288.0,135347917997.0,136420473178.0,137617365.0,139219407.0,2565902.0,0.0,0.0,0.0,0.0,0.0,0.0,0.0,0.0,0.0,0.0,0.0,0.0,746.0,79.0,3.0,2.0,0.0,0.0,0.0,0.0,0.0,0.0,0.0,0.0,0.0,idle
,idle,,,,,,,,,,,,,,,,,,,,,,,,,,,,,,,,,,,,,idle
1778097133.9617903,g5.hpc.coe,41393.0,0.5001,0.0,0.0,0.0,12288.0,135347918785.0,136420473257.0,137617368.0,139219409.0,2565902.0,0.0,0.0,0.0,0.0,0.0,0.0,0.0,0.0,0.0,0.0,0.0,0.0,788.0,79.0,3.0,2.0,0.0,0.0,0.0,0.0,0.0,0.0,0.0,0.0,0.0,idle
,idle,,,,,,,,,,,,,,,,,,,,,,,,,,,,,,,,,,,,,idle
1778097134.4619231,g5.hpc.coe,41393.0,0.5001,0.0,0.0,0.0,12288.0,135347919615.0,136420473336.0,137617371.0,139219411.0,2565902.0,0.0,0.0,0.0,0.0,0.0,0.0,0.0,0.0,0.0,0.0,0.0,0.0,830.0,79.0,3.0,2.0,0.0,0.0,0.0,0.0,0.0,0.0,0.0,0.0,0.0,idle
,idle,,,,,,,,,,,,,,,,,,,,,,,,,,,,,,,,,,,,,idle
1778097134.9620488,g5.hpc.coe,41393.0,0.5001,0.0,0.0,0.0,12288.0,135347920487.0,136420473415.0,137617374.0,139219413.0,2565902.0,0.0,0.0,0.0,0.0,0.0,0.0,0.0,0.0,0.0,0.0,0.0,0.0,872.0,79.0,3.0,2.0,0.0,0.0,0.0,0.0,0.0,0.0,0.0,0.0,0.0,idle
,idle,,,,,,,,,,,,,,,,,,,,,,,,,,,,,,,,,,,,,idle
1778097135.4621663,g5.hpc.coe,41393.0,0.5001,0.0,0.0,0.0,12288.0,135347921402.0,136420473494.0,137617377.0,139219415.0,2565902.0,0.0,0.0,0.0,0.0,0.0,0.0,0.0,0.0,0.0,0.0,0.0,0.0,915.0,79.0,3.0,2.0,0.0,0.0,0.0,0.0,0.0,0.0,0.0,0.0,0.0,idle
,idle,,,,,,,,,,,,,,,,,,,,,,,,,,,,,,,,,,,,,idle
1778097135.962293,g5.hpc.coe,41393.0,0.5001,0.0,0.0,0.0,12288.0,135347922359.0,136420473573.0,137617380.0,139219417.0,2565902.0,0.0,0.0,0.0,0.0,0.0,0.0,0.0,0.0,0.0,0.0,0.0,0.0,957.0,79.0,3.0,2.0,0.0,0.0,0.0,0.0,0.0,0.0,0.0,0.0,0.0,idle
,idle,,,,,,,,,,,,,,,,,,,,,,,,,,,,,,,,,,,,,idle
1778097136.4624271,g5.hpc.coe,41393.0,0.5001,0.0,0.0,0.0,12288.0,135347923358.0,136420473652.0,137617383.0,139219419.0,2565902.0,0.0,0.0,0.0,0.0,0.0,0.0,0.0,0.0,0.0,0.0,0.0,0.0,999.0,79.0,3.0,2.0,0.0,0.0,0.0,0.0,0.0,0.0,0.0,0.0,0.0,idle
,idle,,,,,,,,,,,,,,,,,,,,,,,,,,,,,,,,,,,,,idle
1778097136.962557,g5.hpc.coe,41393.0,0.5001,0.0,0.0,0.0,12288.0,135347924476.0,136420473786.0,137617388.0,139219422.0,2565902.0,0.0,0.0,0.0,0.0,0.0,0.0,0.0,0.0,0.0,0.0,0.0,0.0,1118.0,134.0,5.0,3.0,0.0,0.0,0.0,0.0,0.0,0.0,0.0,0.0,0.0,idle
,idle,,,,,,,,,,,,,,,,,,,,,,,,,,,,,,,,,,,,,idle
1778097137.4626756,g5.hpc.coe,41393.0,0.5001,0.0,0.0,0.0,12288.0,135347925582.0,136420473865.0,137617392.0,139219424.0,2565902.0,0.0,0.0,0.0,0.0,0.0,0.0,0.0,0.0,0.0,0.0,0.0,0.0,1106.0,79.0,4.0,2.0,0.0,0.0,0.0,0.0,0.0,0.0,0.0,0.0,0.0,idle
,idle,,,,,,,,,,,,,,,,,,,,,,,,,,,,,,,,,,,,,idle
1778097137.962823,g5.hpc.coe,41393.0,0.5001,0.0,0.0,0.0,12288.0,135347926730.0,136420473944.0,137617396.0,139219426.0,2565902.0,0.0,0.0,0.0,0.0,0.0,0.0,0.0,0.0,0.0,0.0,0.0,0.0,1148.0,79.0,4.0,2.0,0.0,0.0,0.0,0.0,0.0,0.0,0.0,0.0,0.0,idle
,idle,,,,,,,,,,,,,,,,,,,,,,,,,,,,,,,,,,,,,idle
1778097138.462979,g5.hpc.coe,41393.0,0.5002,0.0,0.0,0.0,12288.0,135347926852.0,136420474001.0,137617398.0,139219427.0,2565902.0,0.0,0.0,0.0,0.0,0.0,0.0,0.0,0.0,0.0,0.0,0.0,0.0,122.0,57.0,2.0,1.0,0.0,0.0,0.0,0.0,0.0,0.0,0.0,0.0,0.0,idle
,idle,,,,,,,,,,,,,,,,,,,,,,,,,,,,,,,,,,,,,idle
1778097138.9631114,g5.hpc.coe,41393.0,0.5001,0.0,0.0,0.0,12288.0,135347927016.0,136420474058.0,137617400.0,139219428.0,2565902.0,0.0,0.0,0.0,0.0,0.0,0.0,0.0,0.0,0.0,0.0,0.0,0.0,164.0,57.0,2.0,1.0,0.0,0.0,0.0,0.0,0.0,0.0,0.0,0.0,0.0,idle
,idle,,,,,,,,,,,,,,,,,,,,,,,,,,,,,,,,,,,,,idle
1778097139.4632509,g5.hpc.coe,41393.0,0.5001,0.0,0.0,0.0,12288.0,135347927223.0,136420474115.0,137617402.0,139219429.0,2565902.0,0.0,0.0,0.0,0.0,0.0,0.0,0.0,0.0,0.0,0.0,0.0,0.0,207.0,57.0,2.0,1.0,0.0,0.0,0.0,0.0,0.0,0.0,0.0,0.0,0.0,idle
,idle,,,,,,,,,,,,,,,,,,,,,,,,,,,,,,,,,,,,,idle
1778097139.963392,g5.hpc.coe,41393.0,0.5001,0.0,0.0,0.0,12288.0,135347927472.0,136420474172.0,137617404.0,139219430.0,2565902.0,0.0,0.0,0.0,0.0,0.0,0.0,0.0,0.0,0.0,0.0,0.0,0.0,249.0,57.0,2.0,1.0,0.0,0.0,0.0,0.0,0.0,0.0,0.0,0.0,0.0,idle
,idle,,,,,,,,,,,,,,,,,,,,,,,,,,,,,,,,,,,,,idle
1778097140.4635246,g5.hpc.coe,41393.0,0.5001,0.0,0.0,0.0,12288.0,135347927763.0,136420474229.0,137617406.0,139219431.0,2565902.0,0.0,0.0,0.0,0.0,0.0,0.0,0.0,0.0,0.0,0.0,0.0,0.0,291.0,57.0,2.0,1.0,0.0,0.0,0.0,0.0,0.0,0.0,0.0,0.0,0.0,idle
,idle,,,,,,,,,,,,,,,,,,,,,,,,,,,,,,,,,,,,,idle
1778097140.963666,g5.hpc.coe,41393.0,0.5001,0.0,0.0,0.0,12288.0,135347928096.0,136420474286.0,137617408.0,139219432.0,2565902.0,0.0,0.0,0.0,0.0,0.0,0.0,0.0,0.0,0.0,0.0,0.0,0.0,333.0,57.0,2.0,1.0,0.0,0.0,0.0,0.0,0.0,0.0,0.0,0.0,0.0,idle
,idle,,,,,,,,,,,,,,,,,,,,,,,,,,,,,,,,,,,,,idle
1778097141.4637823,g5.hpc.coe,41393.0,0.5001,0.0,0.0,0.0,12288.0,135347928471.0,136420474343.0,137617410.0,139219433.0,2565902.0,0.0,0.0,0.0,0.0,0.0,0.0,0.0,0.0,0.0,0.0,0.0,0.0,375.0,57.0,2.0,1.0,0.0,0.0,0.0,0.0,0.0,0.0,0.0,0.0,0.0,idle
,idle,,,,,,,,,,,,,,,,,,,,,,,,,,,,,,,,,,,,,idle
1778097141.96392,g5.hpc.coe,41393.0,0.5001,0.0,0.0,0.0,12288.0,135347929588.0,136420474902.0,137617429.0,139219443.0,2565902.0,0.0,0.0,0.0,0.0,0.0,0.0,0.0,0.0,0.0,0.0,0.0,0.0,1117.0,559.0,19.0,10.0,0.0,0.0,0.0,0.0,0.0,0.0,0.0,0.0,0.0,idle
,idle,,,,,,,,,,,,,,,,,,,,,,,,,,,,,,,,,,,,,idle
1778097142.464059,g5.hpc.coe,41393.0,0.5001,0.0,0.0,0.0,12288.0,135347930048.0,136420474959.0,137617431.0,139219444.0,2565902.0,0.0,0.0,0.0,0.0,0.0,0.0,0.0,0.0,0.0,0.0,0.0,0.0,460.0,57.0,2.0,1.0,0.0,0.0,0.0,0.0,0.0,0.0,0.0,0.0,0.0,idle
,idle,,,,,,,,,,,,,,,,,,,,,,,,,,,,,,,,,,,,,idle
1778097142.9642007,g5.hpc.coe,41393.0,0.5001,0.0,0.0,0.0,12288.0,135347930550.0,136420475016.0,137617433.0,139219445.0,2565902.0,0.0,0.0,0.0,0.0,0.0,0.0,0.0,0.0,0.0,0.0,0.0,0.0,502.0,57.0,2.0,1.0,0.0,0.0,0.0,0.0,0.0,0.0,0.0,0.0,0.0,idle
,idle,,,,,,,,,,,,,,,,,,,,,,,,,,,,,,,,,,,,,idle
1778097143.464342,g5.hpc.coe,41393.0,0.5001,0.0,0.0,0.0,12288.0,135347931116.0,136420475095.0,137617436.0,139219447.0,2565902.0,0.0,0.0,0.0,0.0,0.0,0.0,0.0,0.0,0.0,0.0,0.0,0.0,566.0,79.0,3.0,2.0,0.0,0.0,0.0,0.0,0.0,0.0,0.0,0.0,0.0,idle
,idle,,,,,,,,,,,,,,,,,,,,,,,,,,,,,,,,,,,,,idle
1778097143.964475,g5.hpc.coe,41393.0,0.5001,0.0,0.0,0.0,12288.0,135347931725.0,136420475174.0,137617439.0,139219449.0,2565902.0,0.0,0.0,0.0,0.0,0.0,0.0,0.0,0.0,0.0,0.0,0.0,0.0,609.0,79.0,3.0,2.0,0.0,0.0,0.0,0.0,0.0,0.0,0.0,0.0,0.0,idle
,idle,,,,,,,,,,,,,,,,,,,,,,,,,,,,,,,,,,,,,idle
1778097144.4646225,g5.hpc.coe,41393.0,0.5001,0.0,0.0,0.0,12288.0,135347932376.0,136420475253.0,137617442.0,139219451.0,2565902.0,0.0,0.0,0.0,0.0,0.0,0.0,0.0,0.0,0.0,0.0,0.0,0.0,651.0,79.0,3.0,2.0,0.0,0.0,0.0,0.0,0.0,0.0,0.0,0.0,0.0,idle
,idle,,,,,,,,,,,,,,,,,,,,,,,,,,,,,,,,,,,,,idle
1778097144.9647546,g5.hpc.coe,41393.0,0.5001,0.0,0.0,0.0,12288.0,135347933069.0,136420475332.0,137617445.0,139219453.0,2565902.0,0.0,0.0,0.0,0.0,0.0,0.0,0.0,0.0,0.0,0.0,0.0,0.0,693.0,79.0,3.0,2.0,0.0,0.0,0.0,0.0,0.0,0.0,0.0,0.0,0.0,idle
,idle,,,,,,,,,,,,,,,,,,,,,,,,,,,,,,,,,,,,,idle
1778097145.464896,g5.hpc.coe,41393.0,0.5001,0.0,0.0,0.0,12288.0,135347933804.0,136420475411.0,137617448.0,139219455.0,2565902.0,0.0,0.0,0.0,0.0,0.0,0.0,0.0,0.0,0.0,0.0,0.0,0.0,735.0,79.0,3.0,2.0,0.0,0.0,0.0,0.0,0.0,0.0,0.0,0.0,0.0,idle
,idle,,,,,,,,,,,,,,,,,,,,,,,,,,,,,,,,,,,,,idle
1778097145.965026,g5.hpc.coe,41393.0,0.5001,0.0,0.0,0.0,12288.0,135347934581.0,136420475490.0,137617451.0,139219457.0,2565902.0,0.0,0.0,0.0,0.0,0.0,0.0,0.0,0.0,0.0,0.0,0.0,0.0,777.0,79.0,3.0,2.0,0.0,0.0,0.0,0.0,0.0,0.0,0.0,0.0,0.0,idle
,idle,,,,,,,,,,,,,,,,,,,,,,,,,,,,,,,,,,,,,idle
1778097146.4651654,g5.hpc.coe,41393.0,0.5001,0.0,0.0,0.0,12288.0,135347935400.0,136420475569.0,137617454.0,139219459.0,2565902.0,0.0,0.0,0.0,0.0,0.0,0.0,0.0,0.0,0.0,0.0,0.0,0.0,819.0,79.0,3.0,2.0,0.0,0.0,0.0,0.0,0.0,0.0,0.0,0.0,0.0,idle
,idle,,,,,,,,,,,,,,,,,,,,,,,,,,,,,,,,,,,,,idle
1778097146.9653122,g5.hpc.coe,41393.0,0.5001,0.0,0.0,0.0,12288.0,135347936338.0,136420475703.0,137617459.0,139219462.0,2565902.0,0.0,0.0,0.0,0.0,0.0,0.0,0.0,0.0,0.0,0.0,0.0,0.0,938.0,134.0,5.0,3.0,0.0,0.0,0.0,0.0,0.0,0.0,0.0,0.0,0.0,idle
,idle,,,,,,,,,,,,,,,,,,,,,,,,,,,,,,,,,,,,,idle
1778097147.4654412,g5.hpc.coe,41393.0,0.5001,0.0,0.0,0.0,12288.0,135347937242.0,136420475782.0,137617462.0,139219464.0,2565902.0,0.0,0.0,0.0,0.0,0.0,0.0,0.0,0.0,0.0,0.0,0.0,0.0,904.0,79.0,3.0,2.0,0.0,0.0,0.0,0.0,0.0,0.0,0.0,0.0,0.0,idle
,idle,,,,,,,,,,,,,,,,,,,,,,,,,,,,,,,,,,,,,idle
1778097147.9655757,g5.hpc.coe,41393.0,0.5001,0.0,0.0,0.0,12288.0,135347938188.0,136420475861.0,137617465.0,139219466.0,2565902.0,0.0,0.0,0.0,0.0,0.0,0.0,0.0,0.0,0.0,0.0,0.0,0.0,946.0,79.0,3.0,2.0,0.0,0.0,0.0,0.0,0.0,0.0,0.0,0.0,0.0,idle
,idle,,,,,,,,,,,,,,,,,,,,,,,,,,,,,,,,,,,,,idle
1778097148.4657383,g5.hpc.coe,41393.0,0.5002,0.0,0.0,0.0,12288.0,135347939176.0,136420475940.0,137617468.0,139219468.0,2565902.0,0.0,0.0,0.0,0.0,0.0,0.0,0.0,0.0,0.0,0.0,0.0,0.0,988.0,79.0,3.0,2.0,0.0,0.0,0.0,0.0,0.0,0.0,0.0,0.0,0.0,idle
,idle,,,,,,,,,,,,,,,,,,,,,,,,,,,,,,,,,,,,,idle
1778097148.9658718,g5.hpc.coe,41393.0,0.5001,0.0,0.0,0.0,12288.0,135347940207.0,136420476019.0,137617471.0,139219470.0,2565902.0,0.0,0.0,0.0,0.0,0.0,0.0,0.0,0.0,0.0,0.0,0.0,0.0,1031.0,79.0,3.0,2.0,0.0,0.0,0.0,0.0,0.0,0.0,0.0,0.0,0.0,idle
,idle,,,,,,,,,,,,,,,,,,,,,,,,,,,,,,,,,,,,,idle
1778097149.4660194,g5.hpc.coe,41393.0,0.5001,0.0,0.0,0.0,12288.0,135347941302.0,136420476098.0,137617475.0,139219472.0,2565902.0,0.0,0.0,0.0,0.0,0.0,0.0,0.0,0.0,0.0,0.0,0.0,0.0,1095.0,79.0,4.0,2.0,0.0,0.0,0.0,0.0,0.0,0.0,0.0,0.0,0.0,idle
,idle,,,,,,,,,,,,,,,,,,,,,,,,,,,,,,,,,,,,,idle
1778097149.9661546,g5.hpc.coe,41393.0,0.5001,0.0,0.0,0.0,12288.0,135347942440.0,136420476177.0,137617479.0,139219474.0,2565902.0,0.0,0.0,0.0,0.0,0.0,0.0,0.0,0.0,0.0,0.0,0.0,0.0,1138.0,79.0,4.0,2.0,0.0,0.0,0.0,0.0,0.0,0.0,0.0,0.0,0.0,idle
,idle,,,,,,,,,,,,,,,,,,,,,,,,,,,,,,,,,,,,,idle
1778097150.466269,g5.hpc.coe,41393.0,0.5001,0.0,0.0,0.0,12288.0,135347943620.0,136420476256.0,137617483.0,139219476.0,2565902.0,0.0,0.0,0.0,0.0,0.0,0.0,0.0,0.0,0.0,0.0,0.0,0.0,1180.0,79.0,4.0,2.0,0.0,0.0,0.0,0.0,0.0,0.0,0.0,0.0,0.0,idle
,idle,,,,,,,,,,,,,,,,,,,,,,,,,,,,,,,,,,,,,idle
1778097150.9664257,g5.hpc.coe,41393.0,0.5002,0.0,0.0,0.0,12288.0,135347943774.0,136420476313.0,137617485.0,139219477.0,2565902.0,0.0,0.0,0.0,0.0,0.0,0.0,0.0,0.0,0.0,0.0,0.0,0.0,154.0,57.0,2.0,1.0,0.0,0.0,0.0,0.0,0.0,0.0,0.0,0.0,0.0,idle
,idle,,,,,,,,,,,,,,,,,,,,,,,,,,,,,,,,,,,,,idle
1778097151.4665442,g5.hpc.coe,41393.0,0.5001,0.0,0.0,0.0,12288.0,135347943971.0,136420476370.0,137617487.0,139219478.0,2565902.0,0.0,0.0,0.0,0.0,0.0,0.0,0.0,0.0,0.0,0.0,0.0,0.0,197.0,57.0,2.0,1.0,0.0,0.0,0.0,0.0,0.0,0.0,0.0,0.0,0.0,idle
,idle,,,,,,,,,,,,,,,,,,,,,,,,,,,,,,,,,,,,,idle
1778097151.9666812,g5.hpc.coe,41393.0,0.5001,0.0,0.0,0.0,12288.0,135347944287.0,136420476482.0,137617491.0,139219480.0,2565902.0,0.0,0.0,0.0,0.0,0.0,0.0,0.0,0.0,0.0,0.0,0.0,0.0,316.0,112.0,4.0,2.0,0.0,0.0,0.0,0.0,0.0,0.0,0.0,0.0,0.0,idle
,idle,,,,,,,,,,,,,,,,,,,,,,,,,,,,,,,,,,,,,idle
1778097152.4668226,g5.hpc.coe,41393.0,0.5001,0.0,0.0,0.0,12288.0,135347944568.0,136420476539.0,137617493.0,139219481.0,2565902.0,0.0,0.0,0.0,0.0,0.0,0.0,0.0,0.0,0.0,0.0,0.0,0.0,281.0,57.0,2.0,1.0,0.0,0.0,0.0,0.0,0.0,0.0,0.0,0.0,0.0,idle
,idle,,,,,,,,,,,,,,,,,,,,,,,,,,,,,,,,,,,,,idle
1778097152.9669657,g5.hpc.coe,41393.0,0.5001,0.0,0.0,0.0,12288.0,135347944892.0,136420476596.0,137617495.0,139219482.0,2565902.0,0.0,0.0,0.0,0.0,0.0,0.0,0.0,0.0,0.0,0.0,0.0,0.0,324.0,57.0,2.0,1.0,0.0,0.0,0.0,0.0,0.0,0.0,0.0,0.0,0.0,idle
,idle,,,,,,,,,,,,,,,,,,,,,,,,,,,,,,,,,,,,,idle
1778097153.4670954,g5.hpc.coe,41393.0,0.5001,0.0,0.0,0.0,12288.0,135347945258.0,136420476653.0,137617497.0,139219483.0,2565902.0,0.0,0.0,0.0,0.0,0.0,0.0,0.0,0.0,0.0,0.0,0.0,0.0,366.0,57.0,2.0,1.0,0.0,0.0,0.0,0.0,0.0,0.0,0.0,0.0,0.0,idle
,idle,,,,,,,,,,,,,,,,,,,,,,,,,,,,,,,,,,,,,idle
1778097153.9672291,g5.hpc.coe,41393.0,0.5001,0.0,0.0,0.0,12288.0,135347945666.0,136420476710.0,137617499.0,139219484.0,2565902.0,0.0,0.0,0.0,0.0,0.0,0.0,0.0,0.0,0.0,0.0,0.0,0.0,408.0,57.0,2.0,1.0,0.0,0.0,0.0,0.0,0.0,0.0,0.0,0.0,0.0,idle
,idle,,,,,,,,,,,,,,,,,,,,,,,,,,,,,,,,,,,,,idle
1778097154.4673567,g5.hpc.coe,41393.0,0.5001,0.0,0.0,0.0,12288.0,135347946116.0,136420476767.0,137617501.0,139219485.0,2565902.0,0.0,0.0,0.0,0.0,0.0,0.0,0.0,0.0,0.0,0.0,0.0,0.0,450.0,57.0,2.0,1.0,0.0,0.0,0.0,0.0,0.0,0.0,0.0,0.0,0.0,idle
,idle,,,,,,,,,,,,,,,,,,,,,,,,,,,,,,,,,,,,,idle
1778097154.967486,g5.hpc.coe,41393.0,0.5001,0.0,0.0,0.0,12288.0,135347946609.0,136420476824.0,137617503.0,139219486.0,2565902.0,0.0,0.0,0.0,0.0,0.0,0.0,0.0,0.0,0.0,0.0,0.0,0.0,493.0,57.0,2.0,1.0,0.0,0.0,0.0,0.0,0.0,0.0,0.0,0.0,0.0,idle
,idle,,,,,,,,,,,,,,,,,,,,,,,,,,,,,,,,,,,,,idle
1778097155.4676332,g5.hpc.coe,41393.0,0.5001,0.0,0.0,0.0,12288.0,135347947144.0,136420476881.0,137617505.0,139219487.0,2565902.0,0.0,0.0,0.0,0.0,0.0,0.0,0.0,0.0,0.0,0.0,0.0,0.0,535.0,57.0,2.0,1.0,0.0,0.0,0.0,0.0,0.0,0.0,0.0,0.0,0.0,idle
,idle,,,,,,,,,,,,,,,,,,,,,,,,,,,,,,,,,,,,,idle
1778097155.9677727,g5.hpc.coe,41393.0,0.5001,0.0,0.0,0.0,12288.0,135347947743.0,136420476960.0,137617508.0,139219489.0,2565902.0,0.0,0.0,0.0,0.0,0.0,0.0,0.0,0.0,0.0,0.0,0.0,0.0,599.0,79.0,3.0,2.0,0.0,0.0,0.0,0.0,0.0,0.0,0.0,0.0,0.0,idle
,idle,,,,,,,,,,,,,,,,,,,,,,,,,,,,,,,,,,,,,idle
1778097156.4679053,g5.hpc.coe,41393.0,0.5001,0.0,0.0,0.0,12288.0,135347948384.0,136420477039.0,137617511.0,139219491.0,2565902.0,0.0,0.0,0.0,0.0,0.0,0.0,0.0,0.0,0.0,0.0,0.0,0.0,641.0,79.0,3.0,2.0,0.0,0.0,0.0,0.0,0.0,0.0,0.0,0.0,0.0,idle
,idle,,,,,,,,,,,,,,,,,,,,,,,,,,,,,,,,,,,,,idle
1778097156.9680324,g5.hpc.coe,41393.0,0.5001,0.0,0.0,0.0,12288.0,135347949691.0,136420477565.0,137617529.0,139219501.0,2565902.0,0.0,0.0,0.0,0.0,0.0,0.0,0.0,0.0,0.0,0.0,0.0,0.0,1307.0,526.0,18.0,10.0,0.0,0.0,0.0,0.0,0.0,0.0,0.0,0.0,0.0,idle
,idle,,,,,,,,,,,,,,,,,,,,,,,,,,,,,,,,,,,,,idle
1778097157.468176,g5.hpc.coe,41393.0,0.5001,0.0,0.0,0.0,12288.0,135347950495.0,136420477699.0,137617534.0,139219504.0,2565902.0,0.0,0.0,0.0,0.0,0.0,0.0,0.0,0.0,0.0,0.0,0.0,0.0,804.0,134.0,5.0,3.0,0.0,0.0,0.0,0.0,0.0,0.0,0.0,0.0,0.0,idle
,idle,,,,,,,,,,,,,,,,,,,,,,,,,,,,,,,,,,,,,idle
1778097157.9683003,g5.hpc.coe,41393.0,0.5001,0.0,0.0,0.0,12288.0,135347951264.0,136420477778.0,137617537.0,139219506.0,2565902.0,0.0,0.0,0.0,0.0,0.0,0.0,0.0,0.0,0.0,0.0,0.0,0.0,769.0,79.0,3.0,2.0,0.0,0.0,0.0,0.0,0.0,0.0,0.0,0.0,0.0,idle
,idle,,,,,,,,,,,,,,,,,,,,,,,,,,,,,,,,,,,,,idle
1778097158.4684098,g5.hpc.coe,41393.0,0.5001,0.0,0.0,0.0,12288.0,135347952075.0,136420477857.0,137617540.0,139219508.0,2565902.0,0.0,0.0,0.0,0.0,0.0,0.0,0.0,0.0,0.0,0.0,0.0,0.0,811.0,79.0,3.0,2.0,0.0,0.0,0.0,0.0,0.0,0.0,0.0,0.0,0.0,idle
,idle,,,,,,,,,,,,,,,,,,,,,,,,,,,,,,,,,,,,,idle
1778097158.9685524,g5.hpc.coe,41393.0,0.5001,0.0,0.0,0.0,12288.0,135347952929.0,136420477936.0,137617543.0,139219510.0,2565902.0,0.0,0.0,0.0,0.0,0.0,0.0,0.0,0.0,0.0,0.0,0.0,0.0,854.0,79.0,3.0,2.0,0.0,0.0,0.0,0.0,0.0,0.0,0.0,0.0,0.0,idle
,idle,,,,,,,,,,,,,,,,,,,,,,,,,,,,,,,,,,,,,idle
1778097159.468663,g5.hpc.coe,41393.0,0.5001,0.0,0.0,0.0,12288.0,135347954082.0,136420478270.0,137617551.0,139219517.0,2565902.0,0.0,0.0,0.0,0.0,0.0,0.0,0.0,0.0,0.0,0.0,0.0,0.0,1153.0,334.0,8.0,7.0,0.0,0.0,0.0,0.0,0.0,0.0,0.0,0.0,0.0,idle
,idle,,,,,,,,,,,,,,,,,,,,,,,,,,,,,,,,,,,,,idle
1778097159.9688015,g5.hpc.coe,41393.0,0.5001,0.0,0.0,0.0,12288.0,135347955042.0,136420478349.0,137617555.0,139219519.0,2565902.0,0.0,0.0,0.0,0.0,0.0,0.0,0.0,0.0,0.0,0.0,0.0,0.0,960.0,79.0,4.0,2.0,0.0,0.0,0.0,0.0,0.0,0.0,0.0,0.0,0.0,idle
,idle,,,,,,,,,,,,,,,,,,,,,,,,,,,,,,,,,,,,,idle
1778097160.4689407,g5.hpc.coe,41393.0,0.5001,0.0,0.0,0.0,12288.0,135347956023.0,136420478428.0,137617558.0,139219521.0,2565902.0,0.0,0.0,0.0,0.0,0.0,0.0,0.0,0.0,0.0,0.0,0.0,0.0,981.0,79.0,3.0,2.0,0.0,0.0,0.0,0.0,0.0,0.0,0.0,0.0,0.0,idle
,idle,,,,,,,,,,,,,,,,,,,,,,,,,,,,,,,,,,,,,idle
1778097160.9690747,g5.hpc.coe,41393.0,0.5001,0.0,0.0,0.0,12288.0,135347957046.0,136420478507.0,137617561.0,139219523.0,2565902.0,0.0,0.0,0.0,0.0,0.0,0.0,0.0,0.0,0.0,0.0,0.0,0.0,1023.0,79.0,3.0,2.0,0.0,0.0,0.0,0.0,0.0,0.0,0.0,0.0,0.0,idle
,idle,,,,,,,,,,,,,,,,,,,,,,,,,,,,,,,,,,,,,idle
1778097161.46923,g5.hpc.coe,41393.0,0.5002,0.0,0.0,0.0,12288.0,135347958133.0,136420478586.0,137617565.0,139219525.0,2565902.0,0.0,0.0,0.0,0.0,0.0,0.0,0.0,0.0,0.0,0.0,0.0,0.0,1087.0,79.0,4.0,2.0,0.0,0.0,0.0,0.0,0.0,0.0,0.0,0.0,0.0,idle
,idle,,,,,,,,,,,,,,,,,,,,,,,,,,,,,,,,,,,,,idle
1778097161.9693604,g5.hpc.coe,41393.0,0.5001,0.0,0.0,0.0,12288.0,135347959262.0,136420478665.0,137617569.0,139219527.0,2565902.0,0.0,0.0,0.0,0.0,0.0,0.0,0.0,0.0,0.0,0.0,0.0,0.0,1129.0,79.0,4.0,2.0,0.0,0.0,0.0,0.0,0.0,0.0,0.0,0.0,0.0,idle
,idle,,,,,,,,,,,,,,,,,,,,,,,,,,,,,,,,,,,,,idle
1778097162.4694932,g5.hpc.coe,41393.0,0.5001,0.0,0.0,0.0,12288.0,135347960511.0,136420478799.0,137617575.0,139219530.0,2565902.0,0.0,0.0,0.0,0.0,0.0,0.0,0.0,0.0,0.0,0.0,0.0,0.0,1249.0,134.0,6.0,3.0,0.0,0.0,0.0,0.0,0.0,0.0,0.0,0.0,0.0,idle
,idle,,,,,,,,,,,,,,,,,,,,,,,,,,,,,,,,,,,,,idle
1778097162.969628,g5.hpc.coe,41393.0,0.5001,0.0,0.0,0.0,12288.0,135347960658.0,136420478856.0,137617577.0,139219531.0,2565902.0,0.0,0.0,0.0,0.0,0.0,0.0,0.0,0.0,0.0,0.0,0.0,0.0,147.0,57.0,2.0,1.0,0.0,0.0,0.0,0.0,0.0,0.0,0.0,0.0,0.0,idle
,idle,,,,,,,,,,,,,,,,,,,,,,,,,,,,,,,,,,,,,idle
1778097163.469761,g5.hpc.coe,41393.0,0.5001,0.0,0.0,0.0,12288.0,135347960847.0,136420478913.0,137617579.0,139219532.0,2565902.0,0.0,0.0,0.0,0.0,0.0,0.0,0.0,0.0,0.0,0.0,0.0,0.0,189.0,57.0,2.0,1.0,0.0,0.0,0.0,0.0,0.0,0.0,0.0,0.0,0.0,idle
,idle,,,,,,,,,,,,,,,,,,,,,,,,,,,,,,,,,,,,,idle
1778097163.9698985,g5.hpc.coe,41393.0,0.5001,0.0,0.0,0.0,12288.0,135347961078.0,136420478970.0,137617581.0,139219533.0,2565902.0,0.0,0.0,0.0,0.0,0.0,0.0,0.0,0.0,0.0,0.0,0.0,0.0,231.0,57.0,2.0,1.0,0.0,0.0,0.0,0.0,0.0,0.0,0.0,0.0,0.0,idle
,idle,,,,,,,,,,,,,,,,,,,,,,,,,,,,,,,,,,,,,idle
1778097164.470043,g5.hpc.coe,41393.0,0.5001,0.0,0.0,0.0,12288.0,135347961351.0,136420479027.0,137617583.0,139219534.0,2565902.0,0.0,0.0,0.0,0.0,0.0,0.0,0.0,0.0,0.0,0.0,0.0,0.0,273.0,57.0,2.0,1.0,0.0,0.0,0.0,0.0,0.0,0.0,0.0,0.0,0.0,idle
,idle,,,,,,,,,,,,,,,,,,,,,,,,,,,,,,,,,,,,,idle
1778097164.970177,g5.hpc.coe,41393.0,0.5001,0.0,0.0,0.0,12288.0,135347961666.0,136420479084.0,137617585.0,139219535.0,2565902.0,0.0,0.0,0.0,0.0,0.0,0.0,0.0,0.0,0.0,0.0,0.0,0.0,315.0,57.0,2.0,1.0,0.0,0.0,0.0,0.0,0.0,0.0,0.0,0.0,0.0,idle
,idle,,,,,,,,,,,,,,,,,,,,,,,,,,,,,,,,,,,,,idle
1778097165.4703326,g5.hpc.coe,41393.0,0.5002,0.0,0.0,0.0,12288.0,135347962023.0,136420479141.0,137617587.0,139219536.0,2565902.0,0.0,0.0,0.0,0.0,0.0,0.0,0.0,0.0,0.0,0.0,0.0,0.0,357.0,57.0,2.0,1.0,0.0,0.0,0.0,0.0,0.0,0.0,0.0,0.0,0.0,idle
,idle,,,,,,,,,,,,,,,,,,,,,,,,,,,,,,,,,,,,,idle
1778097165.9704604,g5.hpc.coe,41393.0,0.5001,0.0,0.0,0.0,12288.0,135347962422.0,136420479198.0,137617589.0,139219537.0,2565902.0,0.0,0.0,0.0,0.0,0.0,0.0,0.0,0.0,0.0,0.0,0.0,0.0,399.0,57.0,2.0,1.0,0.0,0.0,0.0,0.0,0.0,0.0,0.0,0.0,0.0,idle
,idle,,,,,,,,,,,,,,,,,,,,,,,,,,,,,,,,,,,,,idle
1778097166.4705925,g5.hpc.coe,41393.0,0.5001,0.0,0.0,0.0,12288.0,135347962864.0,136420479255.0,137617591.0,139219538.0,2565902.0,0.0,0.0,0.0,0.0,0.0,0.0,0.0,0.0,0.0,0.0,0.0,0.0,442.0,57.0,2.0,1.0,0.0,0.0,0.0,0.0,0.0,0.0,0.0,0.0,0.0,idle
,idle,,,,,,,,,,,,,,,,,,,,,,,,,,,,,,,,,,,,,idle
1778097166.9707286,g5.hpc.coe,41393.0,0.5001,0.0,0.0,0.0,12288.0,135347963348.0,136420479312.0,137617593.0,139219539.0,2565902.0,0.0,0.0,0.0,0.0,0.0,0.0,0.0,0.0,0.0,0.0,0.0,0.0,484.0,57.0,2.0,1.0,0.0,0.0,0.0,0.0,0.0,0.0,0.0,0.0,0.0,idle
,idle,,,,,,,,,,,,,,,,,,,,,,,,,,,,,,,,,,,,,idle
1778097167.470865,g5.hpc.coe,41393.0,0.5001,0.0,0.0,0.0,12288.0,135347963951.0,136420479424.0,137617597.0,139219541.0,2565902.0,0.0,0.0,0.0,0.0,0.0,0.0,0.0,0.0,0.0,0.0,0.0,0.0,603.0,112.0,4.0,2.0,0.0,0.0,0.0,0.0,0.0,0.0,0.0,0.0,0.0,idle
,idle,,,,,,,,,,,,,,,,,,,,,,,,,,,,,,,,,,,,,idle
1778097167.9709716,g5.hpc.coe,41393.0,0.5001,0.0,0.0,0.0,12288.0,135347964541.0,136420479503.0,137617600.0,139219543.0,2565902.0,0.0,0.0,0.0,0.0,0.0,0.0,0.0,0.0,0.0,0.0,0.0,0.0,590.0,79.0,3.0,2.0,0.0,0.0,0.0,0.0,0.0,0.0,0.0,0.0,0.0,idle
,idle,,,,,,,,,,,,,,,,,,,,,,,,,,,,,,,,,,,,,idle
1778097168.4711132,g5.hpc.coe,41393.0,0.5001,0.0,0.0,0.0,12288.0,135347965174.0,136420479582.0,137617603.0,139219545.0,2565902.0,0.0,0.0,0.0,0.0,0.0,0.0,0.0,0.0,0.0,0.0,0.0,0.0,633.0,79.0,3.0,2.0,0.0,0.0,0.0,0.0,0.0,0.0,0.0,0.0,0.0,idle
,idle,,,,,,,,,,,,,,,,,,,,,,,,,,,,,,,,,,,,,idle
1778097168.971244,g5.hpc.coe,41393.0,0.5001,0.0,0.0,0.0,12288.0,135347965849.0,136420479661.0,137617606.0,139219547.0,2565902.0,0.0,0.0,0.0,0.0,0.0,0.0,0.0,0.0,0.0,0.0,0.0,0.0,675.0,79.0,3.0,2.0,0.0,0.0,0.0,0.0,0.0,0.0,0.0,0.0,0.0,idle
,idle,,,,,,,,,,,,,,,,,,,,,,,,,,,,,,,,,,,,,idle
1778097169.4714017,g5.hpc.coe,41393.0,0.5002,0.0,0.0,0.0,12288.0,135347966566.0,136420479740.0,137617609.0,139219549.0,2565902.0,0.0,0.0,0.0,0.0,0.0,0.0,0.0,0.0,0.0,0.0,0.0,0.0,717.0,79.0,3.0,2.0,0.0,0.0,0.0,0.0,0.0,0.0,0.0,0.0,0.0,idle
,idle,,,,,,,,,,,,,,,,,,,,,,,,,,,,,,,,,,,,,idle
1778097169.971546,g5.hpc.coe,41393.0,0.5001,0.0,0.0,0.0,12288.0,135347967325.0,136420479819.0,137617612.0,139219551.0,2565902.0,0.0,0.0,0.0,0.0,0.0,0.0,0.0,0.0,0.0,0.0,0.0,0.0,759.0,79.0,3.0,2.0,0.0,0.0,0.0,0.0,0.0,0.0,0.0,0.0,0.0,idle
,idle,,,,,,,,,,,,,,,,,,,,,,,,,,,,,,,,,,,,,idle
1778097170.4716814,g5.hpc.coe,41393.0,0.5001,0.0,0.0,0.0,12288.0,135347968126.0,136420479898.0,137617615.0,139219553.0,2565902.0,0.0,0.0,0.0,0.0,0.0,0.0,0.0,0.0,0.0,0.0,0.0,0.0,801.0,79.0,3.0,2.0,0.0,0.0,0.0,0.0,0.0,0.0,0.0,0.0,0.0,idle
,idle,,,,,,,,,,,,,,,,,,,,,,,,,,,,,,,,,,,,,idle
1778097170.9718032,g5.hpc.coe,41393.0,0.5001,0.0,0.0,0.0,12288.0,135347968969.0,136420479977.0,137617618.0,139219555.0,2565902.0,0.0,0.0,0.0,0.0,0.0,0.0,0.0,0.0,0.0,0.0,0.0,0.0,843.0,79.0,3.0,2.0,0.0,0.0,0.0,0.0,0.0,0.0,0.0,0.0,0.0,idle
,idle,,,,,,,,,,,,,,,,,,,,,,,,,,,,,,,,,,,,,idle
1778097171.4719405,g5.hpc.coe,41393.0,0.5001,0.0,0.0,0.0,12288.0,135347969855.0,136420480056.0,137617621.0,139219557.0,2565902.0,0.0,0.0,0.0,0.0,0.0,0.0,0.0,0.0,0.0,0.0,0.0,0.0,886.0,79.0,3.0,2.0,0.0,0.0,0.0,0.0,0.0,0.0,0.0,0.0,0.0,idle
,idle,,,,,,,,,,,,,,,,,,,,,,,,,,,,,,,,,,,,,idle
1778097171.9720824,g5.hpc.coe,41393.0,0.5001,0.0,0.0,0.0,12288.0,135347971406.0,136420480582.0,137617639.0,139219567.0,2565902.0,0.0,0.0,0.0,0.0,0.0,0.0,0.0,0.0,0.0,0.0,0.0,0.0,1551.0,526.0,18.0,10.0,0.0,0.0,0.0,0.0,0.0,0.0,0.0,0.0,0.0,idle
,idle,,,,,,,,,,,,,,,,,,,,,,,,,,,,,,,,,,,,,idle
1778097172.472218,g5.hpc.coe,41393.0,0.5001,0.0,0.0,0.0,12288.0,135347972454.0,136420480716.0,137617644.0,139219570.0,2565902.0,0.0,0.0,0.0,0.0,0.0,0.0,0.0,0.0,0.0,0.0,0.0,0.0,1048.0,134.0,5.0,3.0,0.0,0.0,0.0,0.0,0.0,0.0,0.0,0.0,0.0,idle
,idle,,,,,,,,,,,,,,,,,,,,,,,,,,,,,,,,,,,,,idle
1778097172.972364,g5.hpc.coe,41393.0,0.5001,0.0,0.0,0.0,12288.0,135347973468.0,136420480795.0,137617647.0,139219572.0,2565902.0,0.0,0.0,0.0,0.0,0.0,0.0,0.0,0.0,0.0,0.0,0.0,0.0,1014.0,79.0,3.0,2.0,0.0,0.0,0.0,0.0,0.0,0.0,0.0,0.0,0.0,idle
,idle,,,,,,,,,,,,,,,,,,,,,,,,,,,,,,,,,,,,,idle
1778097173.4724925,g5.hpc.coe,41393.0,0.5001,0.0,0.0,0.0,12288.0,135347974524.0,136420480874.0,137617650.0,139219574.0,2565902.0,0.0,0.0,0.0,0.0,0.0,0.0,0.0,0.0,0.0,0.0,0.0,0.0,1056.0,79.0,3.0,2.0,0.0,0.0,0.0,0.0,0.0,0.0,0.0,0.0,0.0,idle
,idle,,,,,,,,,,,,,,,,,,,,,,,,,,,,,,,,,,,,,idle
1778097173.9726274,g5.hpc.coe,41393.0,0.5001,0.0,0.0,0.0,12288.0,135347975644.0,136420480953.0,137617654.0,139219576.0,2565902.0,0.0,0.0,0.0,0.0,0.0,0.0,0.0,0.0,0.0,0.0,0.0,0.0,1120.0,79.0,4.0,2.0,0.0,0.0,0.0,0.0,0.0,0.0,0.0,0.0,0.0,idle
,idle,,,,,,,,,,,,,,,,,,,,,,,,,,,,,,,,,,,,,idle
1778097174.472789,g5.hpc.coe,41393.0,0.5002,0.0,0.0,0.0,12288.0,135347976807.0,136420481032.0,137617658.0,139219578.0,2565902.0,0.0,0.0,0.0,0.0,0.0,0.0,0.0,0.0,0.0,0.0,0.0,0.0,1163.0,79.0,4.0,2.0,0.0,0.0,0.0,0.0,0.0,0.0,0.0,0.0,0.0,idle
,idle,,,,,,,,,,,,,,,,,,,,,,,,,,,,,,,,,,,,,idle
1778097174.9729116,g5.hpc.coe,41393.0,0.5001,0.0,0.0,0.0,12288.0,135347976944.0,136420481089.0,137617660.0,139219579.0,2565902.0,0.0,0.0,0.0,0.0,0.0,0.0,0.0,0.0,0.0,0.0,0.0,0.0,137.0,57.0,2.0,1.0,0.0,0.0,0.0,0.0,0.0,0.0,0.0,0.0,0.0,idle
,idle,,,,,,,,,,,,,,,,,,,,,,,,,,,,,,,,,,,,,idle
1778097175.4730463,g5.hpc.coe,41393.0,0.5001,0.0,0.0,0.0,12288.0,135347977123.0,136420481146.0,137617662.0,139219580.0,2565902.0,0.0,0.0,0.0,0.0,0.0,0.0,0.0,0.0,0.0,0.0,0.0,0.0,179.0,57.0,2.0,1.0,0.0,0.0,0.0,0.0,0.0,0.0,0.0,0.0,0.0,idle
,idle,,,,,,,,,,,,,,,,,,,,,,,,,,,,,,,,,,,,,idle
1778097175.9731722,g5.hpc.coe,41393.0,0.5001,0.0,0.0,0.0,12288.0,135347977345.0,136420481203.0,137617664.0,139219581.0,2565902.0,0.0,0.0,0.0,0.0,0.0,0.0,0.0,0.0,0.0,0.0,0.0,0.0,222.0,57.0,2.0,1.0,0.0,0.0,0.0,0.0,0.0,0.0,0.0,0.0,0.0,idle
,idle,,,,,,,,,,,,,,,,,,,,,,,,,,,,,,,,,,,,,idle
1778097176.473302,g5.hpc.coe,41393.0,0.5001,0.0,0.0,0.0,12288.0,135347977609.0,136420481260.0,137617666.0,139219582.0,2565902.0,0.0,0.0,0.0,0.0,0.0,0.0,0.0,0.0,0.0,0.0,0.0,0.0,264.0,57.0,2.0,1.0,0.0,0.0,0.0,0.0,0.0,0.0,0.0,0.0,0.0,idle
,idle,,,,,,,,,,,,,,,,,,,,,,,,,,,,,,,,,,,,,idle
1778097176.9734397,g5.hpc.coe,41393.0,0.5001,0.0,0.0,0.0,12288.0,135347977915.0,136420481317.0,137617668.0,139219583.0,2565902.0,0.0,0.0,0.0,0.0,0.0,0.0,0.0,0.0,0.0,0.0,0.0,0.0,306.0,57.0,2.0,1.0,0.0,0.0,0.0,0.0,0.0,0.0,0.0,0.0,0.0,idle
,idle,,,,,,,,,,,,,,,,,,,,,,,,,,,,,,,,,,,,,idle
1778097177.4735894,g5.hpc.coe,41393.0,0.5001,0.0,0.0,0.0,12288.0,135347978263.0,136420481374.0,137617670.0,139219584.0,2565902.0,0.0,0.0,0.0,0.0,0.0,0.0,0.0,0.0,0.0,0.0,0.0,0.0,348.0,57.0,2.0,1.0,0.0,0.0,0.0,0.0,0.0,0.0,0.0,0.0,0.0,idle
,idle,,,,,,,,,,,,,,,,,,,,,,,,,,,,,,,,,,,,,idle
1778097177.9737177,g5.hpc.coe,41393.0,0.5001,0.0,0.0,0.0,12288.0,135347978731.0,136420481486.0,137617674.0,139219586.0,2565902.0,0.0,0.0,0.0,0.0,0.0,0.0,0.0,0.0,0.0,0.0,0.0,0.0,468.0,112.0,4.0,2.0,0.0,0.0,0.0,0.0,0.0,0.0,0.0,0.0,0.0,idle
,idle,,,,,,,,,,,,,,,,,,,,,,,,,,,,,,,,,,,,,idle
1778097178.4738555,g5.hpc.coe,41393.0,0.5001,0.0,0.0,0.0,12288.0,135347979164.0,136420481543.0,137617676.0,139219587.0,2565902.0,0.0,0.0,0.0,0.0,0.0,0.0,0.0,0.0,0.0,0.0,0.0,0.0,433.0,57.0,2.0,1.0,0.0,0.0,0.0,0.0,0.0,0.0,0.0,0.0,0.0,idle
,idle,,,,,,,,,,,,,,,,,,,,,,,,,,,,,,,,,,,,,idle
1778097178.9739926,g5.hpc.coe,41393.0,0.5001,0.0,0.0,0.0,12288.0,135347979639.0,136420481600.0,137617678.0,139219588.0,2565902.0,0.0,0.0,0.0,0.0,0.0,0.0,0.0,0.0,0.0,0.0,0.0,0.0,475.0,57.0,2.0,1.0,0.0,0.0,0.0,0.0,0.0,0.0,0.0,0.0,0.0,idle
,idle,,,,,,,,,,,,,,,,,,,,,,,,,,,,,,,,,,,,,idle
1778097179.4741297,g5.hpc.coe,41393.0,0.5001,0.0,0.0,0.0,12288.0,135347980157.0,136420481657.0,137617680.0,139219589.0,2565902.0,0.0,0.0,0.0,0.0,0.0,0.0,0.0,0.0,0.0,0.0,0.0,0.0,518.0,57.0,2.0,1.0,0.0,0.0,0.0,0.0,0.0,0.0,0.0,0.0,0.0,idle
,idle,,,,,,,,,,,,,,,,,,,,,,,,,,,,,,,,,,,,,idle
1778097179.974245,g5.hpc.coe,41393.0,0.5001,0.0,0.0,0.0,12288.0,135347980739.0,136420481736.0,137617683.0,139219591.0,2565902.0,0.0,0.0,0.0,0.0,0.0,0.0,0.0,0.0,0.0,0.0,0.0,0.0,582.0,79.0,3.0,2.0,0.0,0.0,0.0,0.0,0.0,0.0,0.0,0.0,0.0,idle
,idle,,,,,,,,,,,,,,,,,,,,,,,,,,,,,,,,,,,,,idle
1778097180.474393,g5.hpc.coe,41393.0,0.5001,0.0,0.0,0.0,12288.0,135347981363.0,136420481815.0,137617686.0,139219593.0,2565902.0,0.0,0.0,0.0,0.0,0.0,0.0,0.0,0.0,0.0,0.0,0.0,0.0,624.0,79.0,3.0,2.0,0.0,0.0,0.0,0.0,0.0,0.0,0.0,0.0,0.0,idle
,idle,,,,,,,,,,,,,,,,,,,,,,,,,,,,,,,,,,,,,idle
1778097180.9745314,g5.hpc.coe,41393.0,0.5001,0.0,0.0,0.0,12288.0,135347982029.0,136420481894.0,137617689.0,139219595.0,2565902.0,0.0,0.0,0.0,0.0,0.0,0.0,0.0,0.0,0.0,0.0,0.0,0.0,666.0,79.0,3.0,2.0,0.0,0.0,0.0,0.0,0.0,0.0,0.0,0.0,0.0,idle
,idle,,,,,,,,,,,,,,,,,,,,,,,,,,,,,,,,,,,,,idle
1778097181.474664,g5.hpc.coe,41393.0,0.5001,0.0,0.0,0.0,12288.0,135347982737.0,136420481973.0,137617692.0,139219597.0,2565902.0,0.0,0.0,0.0,0.0,0.0,0.0,0.0,0.0,0.0,0.0,0.0,0.0,708.0,79.0,3.0,2.0,0.0,0.0,0.0,0.0,0.0,0.0,0.0,0.0,0.0,idle
,idle,,,,,,,,,,,,,,,,,,,,,,,,,,,,,,,,,,,,,idle
1778097181.974778,g5.hpc.coe,41393.0,0.5001,0.0,0.0,0.0,12288.0,135347983487.0,136420482052.0,137617695.0,139219599.0,2565902.0,0.0,0.0,0.0,0.0,0.0,0.0,0.0,0.0,0.0,0.0,0.0,0.0,750.0,79.0,3.0,2.0,0.0,0.0,0.0,0.0,0.0,0.0,0.0,0.0,0.0,idle
,idle,,,,,,,,,,,,,,,,,,,,,,,,,,,,,,,,,,,,,idle
1778097182.4748924,g5.hpc.coe,41393.0,0.5001,0.0,0.0,0.0,12288.0,135347984279.0,136420482131.0,137617698.0,139219601.0,2565902.0,0.0,0.0,0.0,0.0,0.0,0.0,0.0,0.0,0.0,0.0,0.0,0.0,792.0,79.0,3.0,2.0,0.0,0.0,0.0,0.0,0.0,0.0,0.0,0.0,0.0,idle
,idle,,,,,,,,,,,,,,,,,,,,,,,,,,,,,,,,,,,,,idle
1778097182.975032,g5.hpc.coe,41393.0,0.5001,0.0,0.0,0.0,12288.0,135347985190.0,136420482265.0,137617703.0,139219604.0,2565902.0,0.0,0.0,0.0,0.0,0.0,0.0,0.0,0.0,0.0,0.0,0.0,0.0,911.0,134.0,5.0,3.0,0.0,0.0,0.0,0.0,0.0,0.0,0.0,0.0,0.0,idle
,idle,,,,,,,,,,,,,,,,,,,,,,,,,,,,,,,,,,,,,idle
1778097183.4751642,g5.hpc.coe,41393.0,0.5001,0.0,0.0,0.0,12288.0,135347986067.0,136420482344.0,137617706.0,139219606.0,2565902.0,0.0,0.0,0.0,0.0,0.0,0.0,0.0,0.0,0.0,0.0,0.0,0.0,877.0,79.0,3.0,2.0,0.0,0.0,0.0,0.0,0.0,0.0,0.0,0.0,0.0,idle
,idle,,,,,,,,,,,,,,,,,,,,,,,,,,,,,,,,,,,,,idle
1778097183.9752996,g5.hpc.coe,41393.0,0.5001,0.0,0.0,0.0,12288.0,135347986986.0,136420482423.0,137617709.0,139219608.0,2565902.0,0.0,0.0,0.0,0.0,0.0,0.0,0.0,0.0,0.0,0.0,0.0,0.0,919.0,79.0,3.0,2.0,0.0,0.0,0.0,0.0,0.0,0.0,0.0,0.0,0.0,idle
,idle,,,,,,,,,,,,,,,,,,,,,,,,,,,,,,,,,,,,,idle
1778097184.4754343,g5.hpc.coe,41393.0,0.5001,0.0,0.0,0.0,12288.0,135347987947.0,136420482502.0,137617712.0,139219610.0,2565902.0,0.0,0.0,0.0,0.0,0.0,0.0,0.0,0.0,0.0,0.0,0.0,0.0,961.0,79.0,3.0,2.0,0.0,0.0,0.0,0.0,0.0,0.0,0.0,0.0,0.0,idle
,idle,,,,,,,,,,,,,,,,,,,,,,,,,,,,,,,,,,,,,idle
1778097184.9755683,g5.hpc.coe,41393.0,0.5001,0.0,0.0,0.0,12288.0,135347988951.0,136420482581.0,137617715.0,139219612.0,2565902.0,0.0,0.0,0.0,0.0,0.0,0.0,0.0,0.0,0.0,0.0,0.0,0.0,1004.0,79.0,3.0,2.0,0.0,0.0,0.0,0.0,0.0,0.0,0.0,0.0,0.0,idle
,idle,,,,,,,,,,,,,,,,,,,,,,,,,,,,,,,,,,,,,idle
1778097185.4757073,g5.hpc.coe,41393.0,0.5001,0.0,0.0,0.0,12288.0,135347989997.0,136420482660.0,137617718.0,139219614.0,2565902.0,0.0,0.0,0.0,0.0,0.0,0.0,0.0,0.0,0.0,0.0,0.0,0.0,1046.0,79.0,3.0,2.0,0.0,0.0,0.0,0.0,0.0,0.0,0.0,0.0,0.0,idle
,idle,,,,,,,,,,,,,,,,,,,,,,,,,,,,,,,,,,,,,idle
1778097185.9758515,g5.hpc.coe,41393.0,0.5001,0.0,0.0,0.0,12288.0,135347991108.0,136420482739.0,137617722.0,139219616.0,2565902.0,0.0,0.0,0.0,0.0,0.0,0.0,0.0,0.0,0.0,0.0,0.0,0.0,1111.0,79.0,4.0,2.0,0.0,0.0,0.0,0.0,0.0,0.0,0.0,0.0,0.0,idle
,idle,,,,,,,,,,,,,,,,,,,,,,,,,,,,,,,,,,,,,idle
1778097186.4759972,g5.hpc.coe,41393.0,0.5001,0.0,0.0,0.0,12288.0,135347992261.0,136420482818.0,137617726.0,139219618.0,2565902.0,0.0,0.0,0.0,0.0,0.0,0.0,0.0,0.0,0.0,0.0,0.0,0.0,1153.0,79.0,4.0,2.0,0.0,0.0,0.0,0.0,0.0,0.0,0.0,0.0,0.0,idle
,idle,,,,,,,,,,,,,,,,,,,,,,,,,,,,,,,,,,,,,idle
1778097186.976138,g5.hpc.coe,41393.0,0.5001,0.0,0.0,0.0,12288.0,135347993012.0,136420483322.0,137617743.0,139219627.0,2565902.0,0.0,0.0,0.0,0.0,0.0,0.0,0.0,0.0,0.0,0.0,0.0,0.0,751.0,504.0,17.0,9.0,0.0,0.0,0.0,0.0,0.0,0.0,0.0,0.0,0.0,idle
,idle,,,,,,,,,,,,,,,,,,,,,,,,,,,,,,,,,,,,,idle
1778097187.476275,g5.hpc.coe,41393.0,0.5001,0.0,0.0,0.0,12288.0,135347993182.0,136420483379.0,137617745.0,139219628.0,2565902.0,0.0,0.0,0.0,0.0,0.0,0.0,0.0,0.0,0.0,0.0,0.0,0.0,170.0,57.0,2.0,1.0,0.0,0.0,0.0,0.0,0.0,0.0,0.0,0.0,0.0,idle
,idle,,,,,,,,,,,,,,,,,,,,,,,,,,,,,,,,,,,,,idle
1778097187.9764235,g5.hpc.coe,41393.0,0.5001,0.0,0.0,0.0,12288.0,135347993471.0,136420483491.0,137617749.0,139219630.0,2565902.0,0.0,0.0,0.0,0.0,0.0,0.0,0.0,0.0,0.0,0.0,0.0,0.0,289.0,112.0,4.0,2.0,0.0,0.0,0.0,0.0,0.0,0.0,0.0,0.0,0.0,idle
,idle,,,,,,,,,,,,,,,,,,,,,,,,,,,,,,,,,,,,,idle
1778097188.4765637,g5.hpc.coe,41393.0,0.5001,0.0,0.0,0.0,12288.0,135347993726.0,136420483548.0,137617751.0,139219631.0,2565902.0,0.0,0.0,0.0,0.0,0.0,0.0,0.0,0.0,0.0,0.0,0.0,0.0,255.0,57.0,2.0,1.0,0.0,0.0,0.0,0.0,0.0,0.0,0.0,0.0,0.0,idle
,idle,,,,,,,,,,,,,,,,,,,,,,,,,,,,,,,,,,,,,idle
1778097188.9766984,g5.hpc.coe,41393.0,0.5001,0.0,0.0,0.0,12288.0,135347994023.0,136420483605.0,137617753.0,139219632.0,2565902.0,0.0,0.0,0.0,0.0,0.0,0.0,0.0,0.0,0.0,0.0,0.0,0.0,297.0,57.0,2.0,1.0,0.0,0.0,0.0,0.0,0.0,0.0,0.0,0.0,0.0,idle
,idle,,,,,,,,,,,,,,,,,,,,,,,,,,,,,,,,,,,,,idle
1778097189.4768322,g5.hpc.coe,41393.0,0.5001,0.0,0.0,0.0,12288.0,135347994362.0,136420483662.0,137617755.0,139219633.0,2565902.0,0.0,0.0,0.0,0.0,0.0,0.0,0.0,0.0,0.0,0.0,0.0,0.0,339.0,57.0,2.0,1.0,0.0,0.0,0.0,0.0,0.0,0.0,0.0,0.0,0.0,idle
,idle,,,,,,,,,,,,,,,,,,,,,,,,,,,,,,,,,,,,,idle
1778097189.976967,g5.hpc.coe,41393.0,0.5001,0.0,0.0,0.0,12288.0,135347994744.0,136420483719.0,137617757.0,139219634.0,2565902.0,0.0,0.0,0.0,0.0,0.0,0.0,0.0,0.0,0.0,0.0,0.0,0.0,382.0,57.0,2.0,1.0,0.0,0.0,0.0,0.0,0.0,0.0,0.0,0.0,0.0,idle
,idle,,,,,,,,,,,,,,,,,,,,,,,,,,,,,,,,,,,,,idle
1778097190.4771078,g5.hpc.coe,41393.0,0.5001,0.0,0.0,0.0,12288.0,135347995168.0,136420483776.0,137617759.0,139219635.0,2565902.0,0.0,0.0,0.0,0.0,0.0,0.0,0.0,0.0,0.0,0.0,0.0,0.0,424.0,57.0,2.0,1.0,0.0,0.0,0.0,0.0,0.0,0.0,0.0,0.0,0.0,idle
,idle,,,,,,,,,,,,,,,,,,,,,,,,,,,,,,,,,,,,,idle
1778097190.9772413,g5.hpc.coe,41393.0,0.5001,0.0,0.0,0.0,12288.0,135347995634.0,136420483833.0,137617761.0,139219636.0,2565902.0,0.0,0.0,0.0,0.0,0.0,0.0,0.0,0.0,0.0,0.0,0.0,0.0,466.0,57.0,2.0,1.0,0.0,0.0,0.0,0.0,0.0,0.0,0.0,0.0,0.0,idle
,idle,,,,,,,,,,,,,,,,,,,,,,,,,,,,,,,,,,,,,idle
1778097191.4773972,g5.hpc.coe,41393.0,0.5002,0.0,0.0,0.0,12288.0,135347996142.0,136420483890.0,137617763.0,139219637.0,2565902.0,0.0,0.0,0.0,0.0,0.0,0.0,0.0,0.0,0.0,0.0,0.0,0.0,508.0,57.0,2.0,1.0,0.0,0.0,0.0,0.0,0.0,0.0,0.0,0.0,0.0,idle
,idle,,,,,,,,,,,,,,,,,,,,,,,,,,,,,,,,,,,,,idle
1778097191.9775374,g5.hpc.coe,41393.0,0.5001,0.0,0.0,0.0,12288.0,135347996714.0,136420483969.0,137617766.0,139219639.0,2565902.0,0.0,0.0,0.0,0.0,0.0,0.0,0.0,0.0,0.0,0.0,0.0,0.0,572.0,79.0,3.0,2.0,0.0,0.0,0.0,0.0,0.0,0.0,0.0,0.0,0.0,idle
,idle,,,,,,,,,,,,,,,,,,,,,,,,,,,,,,,,,,,,,idle
1778097192.477679,g5.hpc.coe,41393.0,0.5001,0.0,0.0,0.0,12288.0,135347997329.0,136420484048.0,137617769.0,139219641.0,2565902.0,0.0,0.0,0.0,0.0,0.0,0.0,0.0,0.0,0.0,0.0,0.0,0.0,615.0,79.0,3.0,2.0,0.0,0.0,0.0,0.0,0.0,0.0,0.0,0.0,0.0,idle
,idle,,,,,,,,,,,,,,,,,,,,,,,,,,,,,,,,,,,,,idle
1778097192.9778142,g5.hpc.coe,41393.0,0.5001,0.0,0.0,0.0,12288.0,135347998063.0,136420484182.0,137617774.0,139219644.0,2565902.0,0.0,0.0,0.0,0.0,0.0,0.0,0.0,0.0,0.0,0.0,0.0,0.0,734.0,134.0,5.0,3.0,0.0,0.0,0.0,0.0,0.0,0.0,0.0,0.0,0.0,idle
,idle,,,,,,,,,,,,,,,,,,,,,,,,,,,,,,,,,,,,,idle
1778097193.4779449,g5.hpc.coe,41393.0,0.5001,0.0,0.0,0.0,12288.0,135347998762.0,136420484261.0,137617777.0,139219646.0,2565902.0,0.0,0.0,0.0,0.0,0.0,0.0,0.0,0.0,0.0,0.0,0.0,0.0,699.0,79.0,3.0,2.0,0.0,0.0,0.0,0.0,0.0,0.0,0.0,0.0,0.0,idle
,idle,,,,,,,,,,,,,,,,,,,,,,,,,,,,,,,,,,,,,idle
1778097193.978081,g5.hpc.coe,41393.0,0.5001,0.0,0.0,0.0,12288.0,135347999503.0,136420484340.0,137617780.0,139219648.0,2565902.0,0.0,0.0,0.0,0.0,0.0,0.0,0.0,0.0,0.0,0.0,0.0,0.0,741.0,79.0,3.0,2.0,0.0,0.0,0.0,0.0,0.0,0.0,0.0,0.0,0.0,idle
,idle,,,,,,,,,,,,,,,,,,,,,,,,,,,,,,,,,,,,,idle
1778097194.4781966,g5.hpc.coe,41393.0,0.5001,0.0,0.0,0.0,12288.0,135348000286.0,136420484419.0,137617783.0,139219650.0,2565902.0,0.0,0.0,0.0,0.0,0.0,0.0,0.0,0.0,0.0,0.0,0.0,0.0,783.0,79.0,3.0,2.0,0.0,0.0,0.0,0.0,0.0,0.0,0.0,0.0,0.0,idle
,idle,,,,,,,,,,,,,,,,,,,,,,,,,,,,,,,,,,,,,idle
1778097194.97833,g5.hpc.coe,41393.0,0.5001,0.0,0.0,0.0,12288.0,135348001112.0,136420484498.0,137617786.0,139219652.0,2565902.0,0.0,0.0,0.0,0.0,0.0,0.0,0.0,0.0,0.0,0.0,0.0,0.0,826.0,79.0,3.0,2.0,0.0,0.0,0.0,0.0,0.0,0.0,0.0,0.0,0.0,idle
,idle,,,,,,,,,,,,,,,,,,,,,,,,,,,,,,,,,,,,,idle
1778097195.4784591,g5.hpc.coe,41393.0,0.5001,0.0,0.0,0.0,12288.0,135348001980.0,136420484577.0,137617789.0,139219654.0,2565902.0,0.0,0.0,0.0,0.0,0.0,0.0,0.0,0.0,0.0,0.0,0.0,0.0,868.0,79.0,3.0,2.0,0.0,0.0,0.0,0.0,0.0,0.0,0.0,0.0,0.0,idle
,idle,,,,,,,,,,,,,,,,,,,,,,,,,,,,,,,,,,,,,idle
1778097195.9785702,g5.hpc.coe,41393.0,0.5001,0.0,0.0,0.0,12288.0,135348002890.0,136420484656.0,137617792.0,139219656.0,2565902.0,0.0,0.0,0.0,0.0,0.0,0.0,0.0,0.0,0.0,0.0,0.0,0.0,910.0,79.0,3.0,2.0,0.0,0.0,0.0,0.0,0.0,0.0,0.0,0.0,0.0,idle
,idle,,,,,,,,,,,,,,,,,,,,,,,,,,,,,,,,,,,,,idle
1778097196.4787035,g5.hpc.coe,41393.0,0.5001,0.0,0.0,0.0,12288.0,135348003842.0,136420484735.0,137617795.0,139219658.0,2565902.0,0.0,0.0,0.0,0.0,0.0,0.0,0.0,0.0,0.0,0.0,0.0,0.0,952.0,79.0,3.0,2.0,0.0,0.0,0.0,0.0,0.0,0.0,0.0,0.0,0.0,idle
,idle,,,,,,,,,,,,,,,,,,,,,,,,,,,,,,,,,,,,,idle
1778097196.9788406,g5.hpc.coe,41393.0,0.5001,0.0,0.0,0.0,12288.0,135348004837.0,136420484814.0,137617798.0,139219660.0,2565902.0,0.0,0.0,0.0,0.0,0.0,0.0,0.0,0.0,0.0,0.0,0.0,0.0,995.0,79.0,3.0,2.0,0.0,0.0,0.0,0.0,0.0,0.0,0.0,0.0,0.0,idle
,idle,,,,,,,,,,,,,,,,,,,,,,,,,,,,,,,,,,,,,idle
1778097197.4789624,g5.hpc.coe,41393.0,0.5001,0.0,0.0,0.0,12288.0,135348005874.0,136420484893.0,137617801.0,139219662.0,2565902.0,0.0,0.0,0.0,0.0,0.0,0.0,0.0,0.0,0.0,0.0,0.0,0.0,1037.0,79.0,3.0,2.0,0.0,0.0,0.0,0.0,0.0,0.0,0.0,0.0,0.0,idle
,idle,,,,,,,,,,,,,,,,,,,,,,,,,,,,,,,,,,,,,idle
1778097197.9790988,g5.hpc.coe,41393.0,0.5001,0.0,0.0,0.0,12288.0,135348006975.0,136420484972.0,137617805.0,139219664.0,2565902.0,0.0,0.0,0.0,0.0,0.0,0.0,0.0,0.0,0.0,0.0,0.0,0.0,1101.0,79.0,4.0,2.0,0.0,0.0,0.0,0.0,0.0,0.0,0.0,0.0,0.0,idle
,idle,,,,,,,,,,,,,,,,,,,,,,,,,,,,,,,,,,,,,idle
1778097198.4792469,g5.hpc.coe,41393.0,0.5001,0.0,0.0,0.0,12288.0,135348008174.0,136420485106.0,137617810.0,139219667.0,2565902.0,0.0,0.0,0.0,0.0,0.0,0.0,0.0,0.0,0.0,0.0,0.0,0.0,1199.0,134.0,5.0,3.0,0.0,0.0,0.0,0.0,0.0,0.0,0.0,0.0,0.0,idle
,idle,,,,,,,,,,,,,,,,,,,,,,,,,,,,,,,,,,,,,idle
1778097198.979357,g5.hpc.coe,41393.0,0.5001,0.0,0.0,0.0,12288.0,135348009361.0,136420485185.0,137617814.0,139219669.0,2565902.0,0.0,0.0,0.0,0.0,0.0,0.0,0.0,0.0,0.0,0.0,0.0,0.0,1187.0,79.0,4.0,2.0,0.0,0.0,0.0,0.0,0.0,0.0,0.0,0.0,0.0,idle
,idle,,,,,,,,,,,,,,,,,,,,,,,,,,,,,,,,,,,,,idle
1778097199.4794888,g5.hpc.coe,41393.0,0.5001,0.0,0.0,0.0,12288.0,135348009522.0,136420485242.0,137617816.0,139219670.0,2565902.0,0.0,0.0,0.0,0.0,0.0,0.0,0.0,0.0,0.0,0.0,0.0,0.0,161.0,57.0,2.0,1.0,0.0,0.0,0.0,0.0,0.0,0.0,0.0,0.0,0.0,idle
,idle,,,,,,,,,,,,,,,,,,,,,,,,,,,,,,,,,,,,,idle
1778097199.979632,g5.hpc.coe,41393.0,0.5001,0.0,0.0,0.0,12288.0,135348009725.0,136420485299.0,137617818.0,139219671.0,2565902.0,0.0,0.0,0.0,0.0,0.0,0.0,0.0,0.0,0.0,0.0,0.0,0.0,203.0,57.0,2.0,1.0,0.0,0.0,0.0,0.0,0.0,0.0,0.0,0.0,0.0,idle
,idle,,,,,,,,,,,,,,,,,,,,,,,,,,,,,,,,,,,,,idle
1778097200.479747,g5.hpc.coe,41393.0,0.5001,0.0,0.0,0.0,12288.0,135348009970.0,136420485356.0,137617820.0,139219672.0,2565902.0,0.0,0.0,0.0,0.0,0.0,0.0,0.0,0.0,0.0,0.0,0.0,0.0,245.0,57.0,2.0,1.0,0.0,0.0,0.0,0.0,0.0,0.0,0.0,0.0,0.0,idle
,idle,,,,,,,,,,,,,,,,,,,,,,,,,,,,,,,,,,,,,idle
1778097200.979875,g5.hpc.coe,41393.0,0.5001,0.0,0.0,0.0,12288.0,135348010257.0,136420485413.0,137617822.0,139219673.0,2565902.0,0.0,0.0,0.0,0.0,0.0,0.0,0.0,0.0,0.0,0.0,0.0,0.0,287.0,57.0,2.0,1.0,0.0,0.0,0.0,0.0,0.0,0.0,0.0,0.0,0.0,idle
,idle,,,,,,,,,,,,,,,,,,,,,,,,,,,,,,,,,,,,,idle
1778097201.480004,g5.hpc.coe,41393.0,0.5001,0.0,0.0,0.0,12288.0,135348010586.0,136420485470.0,137617824.0,139219674.0,2565902.0,0.0,0.0,0.0,0.0,0.0,0.0,0.0,0.0,0.0,0.0,0.0,0.0,329.0,57.0,2.0,1.0,0.0,0.0,0.0,0.0,0.0,0.0,0.0,0.0,0.0,idle
,idle,,,,,,,,,,,,,,,,,,,,,,,,,,,,,,,,,,,,,idle
1778097201.980142,g5.hpc.coe,41393.0,0.5001,0.0,0.0,0.0,12288.0,135348011580.0,136420485974.0,137617841.0,139219683.0,2565902.0,0.0,0.0,0.0,0.0,0.0,0.0,0.0,0.0,0.0,0.0,0.0,0.0,994.0,504.0,17.0,9.0,0.0,0.0,0.0,0.0,0.0,0.0,0.0,0.0,0.0,idle
,idle,,,,,,,,,,,,,,,,,,,,,,,,,,,,,,,,,,,,,idle
1778097202.4802752,g5.hpc.coe,41393.0,0.5001,0.0,0.0,0.0,12288.0,135348011994.0,136420486031.0,137617843.0,139219684.0,2565902.0,0.0,0.0,0.0,0.0,0.0,0.0,0.0,0.0,0.0,0.0,0.0,0.0,414.0,57.0,2.0,1.0,0.0,0.0,0.0,0.0,0.0,0.0,0.0,0.0,0.0,idle
,idle,,,,,,,,,,,,,,,,,,,,,,,,,,,,,,,,,,,,,idle
1778097202.9804091,g5.hpc.coe,41393.0,0.5001,0.0,0.0,0.0,12288.0,135348012450.0,136420486088.0,137617845.0,139219685.0,2565902.0,0.0,0.0,0.0,0.0,0.0,0.0,0.0,0.0,0.0,0.0,0.0,0.0,456.0,57.0,2.0,1.0,0.0,0.0,0.0,0.0,0.0,0.0,0.0,0.0,0.0,idle
,idle,,,,,,,,,,,,,,,,,,,,,,,,,,,,,,,,,,,,,idle
1778097203.4805467,g5.hpc.coe,41393.0,0.5001,0.0,0.0,0.0,12288.0,135348013025.0,136420486200.0,137617849.0,139219687.0,2565902.0,0.0,0.0,0.0,0.0,0.0,0.0,0.0,0.0,0.0,0.0,0.0,0.0,575.0,112.0,4.0,2.0,0.0,0.0,0.0,0.0,0.0,0.0,0.0,0.0,0.0,idle
,idle,,,,,,,,,,,,,,,,,,,,,,,,,,,,,,,,,,,,,idle
1778097203.9806817,g5.hpc.coe,41393.0,0.5001,0.0,0.0,0.0,12288.0,135348013566.0,136420486257.0,137617851.0,139219688.0,2565902.0,0.0,0.0,0.0,0.0,0.0,0.0,0.0,0.0,0.0,0.0,0.0,0.0,541.0,57.0,2.0,1.0,0.0,0.0,0.0,0.0,0.0,0.0,0.0,0.0,0.0,idle
,idle,,,,,,,,,,,,,,,,,,,,,,,,,,,,,,,,,,,,,idle
1778097204.4808302,g5.hpc.coe,41393.0,0.5001,0.0,0.0,0.0,12288.0,135348014171.0,136420486336.0,137617854.0,139219690.0,2565902.0,0.0,0.0,0.0,0.0,0.0,0.0,0.0,0.0,0.0,0.0,0.0,0.0,605.0,79.0,3.0,2.0,0.0,0.0,0.0,0.0,0.0,0.0,0.0,0.0,0.0,idle
,idle,,,,,,,,,,,,,,,,,,,,,,,,,,,,,,,,,,,,,idle
1778097204.9809666,g5.hpc.coe,41393.0,0.5001,0.0,0.0,0.0,12288.0,135348014818.0,136420486415.0,137617857.0,139219692.0,2565902.0,0.0,0.0,0.0,0.0,0.0,0.0,0.0,0.0,0.0,0.0,0.0,0.0,647.0,79.0,3.0,2.0,0.0,0.0,0.0,0.0,0.0,0.0,0.0,0.0,0.0,idle
,idle,,,,,,,,,,,,,,,,,,,,,,,,,,,,,,,,,,,,,idle
1778097205.481105,g5.hpc.coe,41393.0,0.5001,0.0,0.0,0.0,12288.0,135348015508.0,136420486494.0,137617860.0,139219694.0,2565902.0,0.0,0.0,0.0,0.0,0.0,0.0,0.0,0.0,0.0,0.0,0.0,0.0,690.0,79.0,3.0,2.0,0.0,0.0,0.0,0.0,0.0,0.0,0.0,0.0,0.0,idle
,idle,,,,,,,,,,,,,,,,,,,,,,,,,,,,,,,,,,,,,idle
1778097205.9812472,g5.hpc.coe,41393.0,0.5001,0.0,0.0,0.0,12288.0,135348016240.0,136420486573.0,137617863.0,139219696.0,2565902.0,0.0,0.0,0.0,0.0,0.0,0.0,0.0,0.0,0.0,0.0,0.0,0.0,732.0,79.0,3.0,2.0,0.0,0.0,0.0,0.0,0.0,0.0,0.0,0.0,0.0,idle
,idle,,,,,,,,,,,,,,,,,,,,,,,,,,,,,,,,,,,,,idle
1778097206.4814048,g5.hpc.coe,41393.0,0.5002,0.0,0.0,0.0,12288.0,135348017014.0,136420486652.0,137617866.0,139219698.0,2565902.0,0.0,0.0,0.0,0.0,0.0,0.0,0.0,0.0,0.0,0.0,0.0,0.0,774.0,79.0,3.0,2.0,0.0,0.0,0.0,0.0,0.0,0.0,0.0,0.0,0.0,idle
,idle,,,,,,,,,,,,,,,,,,,,,,,,,,,,,,,,,,,,,idle
1778097206.9815474,g5.hpc.coe,41393.0,0.5001,0.0,0.0,0.0,12288.0,135348017830.0,136420486731.0,137617869.0,139219700.0,2565902.0,0.0,0.0,0.0,0.0,0.0,0.0,0.0,0.0,0.0,0.0,0.0,0.0,816.0,79.0,3.0,2.0,0.0,0.0,0.0,0.0,0.0,0.0,0.0,0.0,0.0,idle
,idle,,,,,,,,,,,,,,,,,,,,,,,,,,,,,,,,,,,,,idle
1778097207.4816835,g5.hpc.coe,41393.0,0.5001,0.0,0.0,0.0,12288.0,135348018688.0,136420486810.0,137617872.0,139219702.0,2565902.0,0.0,0.0,0.0,0.0,0.0,0.0,0.0,0.0,0.0,0.0,0.0,0.0,858.0,79.0,3.0,2.0,0.0,0.0,0.0,0.0,0.0,0.0,0.0,0.0,0.0,idle
,idle,,,,,,,,,,,,,,,,,,,,,,,,,,,,,,,,,,,,,idle
1778097207.9818208,g5.hpc.coe,41393.0,0.5001,0.0,0.0,0.0,12288.0,135348019589.0,136420486889.0,137617875.0,139219704.0,2565902.0,0.0,0.0,0.0,0.0,0.0,0.0,0.0,0.0,0.0,0.0,0.0,0.0,901.0,79.0,3.0,2.0,0.0,0.0,0.0,0.0,0.0,0.0,0.0,0.0,0.0,idle
,idle,,,,,,,,,,,,,,,,,,,,,,,,,,,,,,,,,,,,,idle
1778097208.4819613,g5.hpc.coe,41393.0,0.5001,0.0,0.0,0.0,12288.0,135348020609.0,136420487023.0,137617880.0,139219707.0,2565902.0,0.0,0.0,0.0,0.0,0.0,0.0,0.0,0.0,0.0,0.0,0.0,0.0,1020.0,134.0,5.0,3.0,0.0,0.0,0.0,0.0,0.0,0.0,0.0,0.0,0.0,idle
,idle,,,,,,,,,,,,,,,,,,,,,,,,,,,,,,,,,,,,,idle
1778097208.9821036,g5.hpc.coe,41393.0,0.5001,0.0,0.0,0.0,12288.0,135348021595.0,136420487102.0,137617883.0,139219709.0,2565902.0,0.0,0.0,0.0,0.0,0.0,0.0,0.0,0.0,0.0,0.0,0.0,0.0,986.0,79.0,3.0,2.0,0.0,0.0,0.0,0.0,0.0,0.0,0.0,0.0,0.0,idle
,idle,,,,,,,,,,,,,,,,,,,,,,,,,,,,,,,,,,,,,idle
1778097209.482223,g5.hpc.coe,41393.0,0.5001,0.0,0.0,0.0,12288.0,135348022623.0,136420487181.0,137617886.0,139219711.0,2565902.0,0.0,0.0,0.0,0.0,0.0,0.0,0.0,0.0,0.0,0.0,0.0,0.0,1028.0,79.0,3.0,2.0,0.0,0.0,0.0,0.0,0.0,0.0,0.0,0.0,0.0,idle
,idle,,,,,,,,,,,,,,,,,,,,,,,,,,,,,,,,,,,,,idle
1778097209.9823382,g5.hpc.coe,41393.0,0.5001,0.0,0.0,0.0,12288.0,135348023715.0,136420487260.0,137617890.0,139219713.0,2565902.0,0.0,0.0,0.0,0.0,0.0,0.0,0.0,0.0,0.0,0.0,0.0,0.0,1092.0,79.0,4.0,2.0,0.0,0.0,0.0,0.0,0.0,0.0,0.0,0.0,0.0,idle
,idle,,,,,,,,,,,,,,,,,,,,,,,,,,,,,,,,,,,,,idle
1778097210.4824762,g5.hpc.coe,41393.0,0.5001,0.0,0.0,0.0,12288.0,135348024850.0,136420487339.0,137617894.0,139219715.0,2565902.0,0.0,0.0,0.0,0.0,0.0,0.0,0.0,0.0,0.0,0.0,0.0,0.0,1135.0,79.0,4.0,2.0,0.0,0.0,0.0,0.0,0.0,0.0,0.0,0.0,0.0,idle
,idle,,,,,,,,,,,,,,,,,,,,,,,,,,,,,,,,,,,,,idle
1778097210.9825876,g5.hpc.coe,41393.0,0.5001,0.0,0.0,0.0,12288.0,135348026027.0,136420487418.0,137617898.0,139219717.0,2565902.0,0.0,0.0,0.0,0.0,0.0,0.0,0.0,0.0,0.0,0.0,0.0,0.0,1177.0,79.0,4.0,2.0,0.0,0.0,0.0,0.0,0.0,0.0,0.0,0.0,0.0,idle
,idle,,,,,,,,,,,,,,,,,,,,,,,,,,,,,,,,,,,,,idle
1778097211.4827268,g5.hpc.coe,41393.0,0.5001,0.0,0.0,0.0,12288.0,135348026179.0,136420487475.0,137617900.0,139219718.0,2565902.0,0.0,0.0,0.0,0.0,0.0,0.0,0.0,0.0,0.0,0.0,0.0,0.0,152.0,57.0,2.0,1.0,0.0,0.0,0.0,0.0,0.0,0.0,0.0,0.0,0.0,idle
,idle,,,,,,,,,,,,,,,,,,,,,,,,,,,,,,,,,,,,,idle
1778097211.982871,g5.hpc.coe,41393.0,0.5001,0.0,0.0,0.0,12288.0,135348026373.0,136420487532.0,137617902.0,139219719.0,2565902.0,0.0,0.0,0.0,0.0,0.0,0.0,0.0,0.0,0.0,0.0,0.0,0.0,194.0,57.0,2.0,1.0,0.0,0.0,0.0,0.0,0.0,0.0,0.0,0.0,0.0,idle
,idle,,,,,,,,,,,,,,,,,,,,,,,,,,,,,,,,,,,,,idle
1778097212.4830098,g5.hpc.coe,41393.0,0.5001,0.0,0.0,0.0,12288.0,135348026609.0,136420487589.0,137617904.0,139219720.0,2565902.0,0.0,0.0,0.0,0.0,0.0,0.0,0.0,0.0,0.0,0.0,0.0,0.0,236.0,57.0,2.0,1.0,0.0,0.0,0.0,0.0,0.0,0.0,0.0,0.0,0.0,idle
,idle,,,,,,,,,,,,,,,,,,,,,,,,,,,,,,,,,,,,,idle
1778097212.983142,g5.hpc.coe,41393.0,0.5001,0.0,0.0,0.0,12288.0,135348026887.0,136420487646.0,137617906.0,139219721.0,2565902.0,0.0,0.0,0.0,0.0,0.0,0.0,0.0,0.0,0.0,0.0,0.0,0.0,278.0,57.0,2.0,1.0,0.0,0.0,0.0,0.0,0.0,0.0,0.0,0.0,0.0,idle
,idle,,,,,,,,,,,,,,,,,,,,,,,,,,,,,,,,,,,,,idle
1778097213.4832752,g5.hpc.coe,41393.0,0.5001,0.0,0.0,0.0,12288.0,135348027284.0,136420487758.0,137617910.0,139219723.0,2565902.0,0.0,0.0,0.0,0.0,0.0,0.0,0.0,0.0,0.0,0.0,0.0,0.0,397.0,112.0,4.0,2.0,0.0,0.0,0.0,0.0,0.0,0.0,0.0,0.0,0.0,idle
,idle,,,,,,,,,,,,,,,,,,,,,,,,,,,,,,,,,,,,,idle
1778097213.9833894,g5.hpc.coe,41393.0,0.5001,0.0,0.0,0.0,12288.0,135348027647.0,136420487815.0,137617912.0,139219724.0,2565902.0,0.0,0.0,0.0,0.0,0.0,0.0,0.0,0.0,0.0,0.0,0.0,0.0,363.0,57.0,2.0,1.0,0.0,0.0,0.0,0.0,0.0,0.0,0.0,0.0,0.0,idle
,idle,,,,,,,,,,,,,,,,,,,,,,,,,,,,,,,,,,,,,idle
1778097214.4835303,g5.hpc.coe,41393.0,0.5001,0.0,0.0,0.0,12288.0,135348028052.0,136420487872.0,137617914.0,139219725.0,2565902.0,0.0,0.0,0.0,0.0,0.0,0.0,0.0,0.0,0.0,0.0,0.0,0.0,405.0,57.0,2.0,1.0,0.0,0.0,0.0,0.0,0.0,0.0,0.0,0.0,0.0,idle
,idle,,,,,,,,,,,,,,,,,,,,,,,,,,,,,,,,,,,,,idle
1778097214.9836688,g5.hpc.coe,41393.0,0.5001,0.0,0.0,0.0,12288.0,135348028499.0,136420487929.0,137617916.0,139219726.0,2565902.0,0.0,0.0,0.0,0.0,0.0,0.0,0.0,0.0,0.0,0.0,0.0,0.0,447.0,57.0,2.0,1.0,0.0,0.0,0.0,0.0,0.0,0.0,0.0,0.0,0.0,idle
,idle,,,,,,,,,,,,,,,,,,,,,,,,,,,,,,,,,,,,,idle
1778097215.4838011,g5.hpc.coe,41393.0,0.5001,0.0,0.0,0.0,12288.0,135348028989.0,136420487986.0,137617918.0,139219727.0,2565902.0,0.0,0.0,0.0,0.0,0.0,0.0,0.0,0.0,0.0,0.0,0.0,0.0,490.0,57.0,2.0,1.0,0.0,0.0,0.0,0.0,0.0,0.0,0.0,0.0,0.0,idle
,idle,,,,,,,,,,,,,,,,,,,,,,,,,,,,,,,,,,,,,idle
1778097215.9839385,g5.hpc.coe,41393.0,0.5001,0.0,0.0,0.0,12288.0,135348029521.0,136420488043.0,137617920.0,139219728.0,2565902.0,0.0,0.0,0.0,0.0,0.0,0.0,0.0,0.0,0.0,0.0,0.0,0.0,532.0,57.0,2.0,1.0,0.0,0.0,0.0,0.0,0.0,0.0,0.0,0.0,0.0,idle
,idle,,,,,,,,,,,,,,,,,,,,,,,,,,,,,,,,,,,,,idle
1778097216.484075,g5.hpc.coe,41393.0,0.5001,0.0,0.0,0.0,12288.0,135348030117.0,136420488122.0,137617923.0,139219730.0,2565902.0,0.0,0.0,0.0,0.0,0.0,0.0,0.0,0.0,0.0,0.0,0.0,0.0,596.0,79.0,3.0,2.0,0.0,0.0,0.0,0.0,0.0,0.0,0.0,0.0,0.0,idle
,idle,,,,,,,,,,,,,,,,,,,,,,,,,,,,,,,,,,,,,idle
1778097216.9842043,g5.hpc.coe,41393.0,0.5001,0.0,0.0,0.0,12288.0,135348031378.0,136420488648.0,137617941.0,139219740.0,2565902.0,0.0,0.0,0.0,0.0,0.0,0.0,0.0,0.0,0.0,0.0,0.0,0.0,1261.0,526.0,18.0,10.0,0.0,0.0,0.0,0.0,0.0,0.0,0.0,0.0,0.0,idle
,idle,,,,,,,,,,,,,,,,,,,,,,,,,,,,,,,,,,,,,idle
1778097217.484314,g5.hpc.coe,41393.0,0.5001,0.0,0.0,0.0,12288.0,135348032059.0,136420488727.0,137617944.0,139219742.0,2565902.0,0.0,0.0,0.0,0.0,0.0,0.0,0.0,0.0,0.0,0.0,0.0,0.0,681.0,79.0,3.0,2.0,0.0,0.0,0.0,0.0,0.0,0.0,0.0,0.0,0.0,idle
,idle,,,,,,,,,,,,,,,,,,,,,,,,,,,,,,,,,,,,,idle
1778097217.9844508,g5.hpc.coe,41393.0,0.5001,0.0,0.0,0.0,12288.0,135348032782.0,136420488806.0,137617947.0,139219744.0,2565902.0,0.0,0.0,0.0,0.0,0.0,0.0,0.0,0.0,0.0,0.0,0.0,0.0,723.0,79.0,3.0,2.0,0.0,0.0,0.0,0.0,0.0,0.0,0.0,0.0,0.0,idle
,idle,,,,,,,,,,,,,,,,,,,,,,,,,,,,,,,,,,,,,idle
1778097218.4845593,g5.hpc.coe,41393.0,0.5001,0.0,0.0,0.0,12288.0,135348033603.0,136420488940.0,137617951.0,139219747.0,2565902.0,0.0,0.0,0.0,0.0,0.0,0.0,0.0,0.0,0.0,0.0,0.0,0.0,821.0,134.0,4.0,3.0,0.0,0.0,0.0,0.0,0.0,0.0,0.0,0.0,0.0,idle
,idle,,,,,,,,,,,,,,,,,,,,,,,,,,,,,,,,,,,,,idle
1778097218.9847207,g5.hpc.coe,41393.0,0.5002,0.0,0.0,0.0,12288.0,135348034433.0,136420489019.0,137617955.0,139219749.0,2565902.0,0.0,0.0,0.0,0.0,0.0,0.0,0.0,0.0,0.0,0.0,0.0,0.0,830.0,79.0,4.0,2.0,0.0,0.0,0.0,0.0,0.0,0.0,0.0,0.0,0.0,idle
,idle,,,,,,,,,,,,,,,,,,,,,,,,,,,,,,,,,,,,,idle
1778097219.4848576,g5.hpc.coe,41393.0,0.5001,0.0,0.0,0.0,12288.0,135348035540.0,136420489353.0,137617963.0,139219756.0,2565902.0,0.0,0.0,0.0,0.0,0.0,0.0,0.0,0.0,0.0,0.0,0.0,0.0,1107.0,334.0,8.0,7.0,0.0,0.0,0.0,0.0,0.0,0.0,0.0,0.0,0.0,idle
,idle,,,,,,,,,,,,,,,,,,,,,,,,,,,,,,,,,,,,,idle
1778097219.9849951,g5.hpc.coe,41393.0,0.5001,0.0,0.0,0.0,12288.0,135348036455.0,136420489432.0,137617967.0,139219758.0,2565902.0,0.0,0.0,0.0,0.0,0.0,0.0,0.0,0.0,0.0,0.0,0.0,0.0,915.0,79.0,4.0,2.0,0.0,0.0,0.0,0.0,0.0,0.0,0.0,0.0,0.0,idle
,idle,,,,,,,,,,,,,,,,,,,,,,,,,,,,,,,,,,,,,idle
1778097220.4851103,g5.hpc.coe,41393.0,0.5001,0.0,0.0,0.0,12288.0,135348037390.0,136420489511.0,137617970.0,139219760.0,2565902.0,0.0,0.0,0.0,0.0,0.0,0.0,0.0,0.0,0.0,0.0,0.0,0.0,935.0,79.0,3.0,2.0,0.0,0.0,0.0,0.0,0.0,0.0,0.0,0.0,0.0,idle
,idle,,,,,,,,,,,,,,,,,,,,,,,,,,,,,,,,,,,,,idle
1778097220.985258,g5.hpc.coe,41393.0,0.5001,0.0,0.0,0.0,12288.0,135348038368.0,136420489590.0,137617973.0,139219762.0,2565902.0,0.0,0.0,0.0,0.0,0.0,0.0,0.0,0.0,0.0,0.0,0.0,0.0,978.0,79.0,3.0,2.0,0.0,0.0,0.0,0.0,0.0,0.0,0.0,0.0,0.0,idle
,idle,,,,,,,,,,,,,,,,,,,,,,,,,,,,,,,,,,,,,idle
1778097221.485382,g5.hpc.coe,41393.0,0.5001,0.0,0.0,0.0,12288.0,135348039388.0,136420489669.0,137617976.0,139219764.0,2565902.0,0.0,0.0,0.0,0.0,0.0,0.0,0.0,0.0,0.0,0.0,0.0,0.0,1020.0,79.0,3.0,2.0,0.0,0.0,0.0,0.0,0.0,0.0,0.0,0.0,0.0,idle
,idle,,,,,,,,,,,,,,,,,,,,,,,,,,,,,,,,,,,,,idle
1778097221.9855194,g5.hpc.coe,41393.0,0.5001,0.0,0.0,0.0,12288.0,135348040450.0,136420489748.0,137617979.0,139219766.0,2565902.0,0.0,0.0,0.0,0.0,0.0,0.0,0.0,0.0,0.0,0.0,0.0,0.0,1062.0,79.0,3.0,2.0,0.0,0.0,0.0,0.0,0.0,0.0,0.0,0.0,0.0,idle
,idle,,,,,,,,,,,,,,,,,,,,,,,,,,,,,,,,,,,,,idle
1778097222.4856644,g5.hpc.coe,41393.0,0.5001,0.0,0.0,0.0,12288.0,135348041576.0,136420489827.0,137617983.0,139219768.0,2565902.0,0.0,0.0,0.0,0.0,0.0,0.0,0.0,0.0,0.0,0.0,0.0,0.0,1126.0,79.0,4.0,2.0,0.0,0.0,0.0,0.0,0.0,0.0,0.0,0.0,0.0,idle
,idle,,,,,,,,,,,,,,,,,,,,,,,,,,,,,,,,,,,,,idle
1778097222.985784,g5.hpc.coe,41393.0,0.5001,0.0,0.0,0.0,12288.0,135348042745.0,136420489906.0,137617987.0,139219770.0,2565902.0,0.0,0.0,0.0,0.0,0.0,0.0,0.0,0.0,0.0,0.0,0.0,0.0,1169.0,79.0,4.0,2.0,0.0,0.0,0.0,0.0,0.0,0.0,0.0,0.0,0.0,idle
,idle,,,,,,,,,,,,,,,,,,,,,,,,,,,,,,,,,,,,,idle
1778097223.4859142,g5.hpc.coe,41393.0,0.5001,0.0,0.0,0.0,12288.0,135348042888.0,136420489963.0,137617989.0,139219771.0,2565902.0,0.0,0.0,0.0,0.0,0.0,0.0,0.0,0.0,0.0,0.0,0.0,0.0,143.0,57.0,2.0,1.0,0.0,0.0,0.0,0.0,0.0,0.0,0.0,0.0,0.0,idle
,idle,,,,,,,,,,,,,,,,,,,,,,,,,,,,,,,,,,,,,idle
1778097223.9860675,g5.hpc.coe,41393.0,0.5002,0.0,0.0,0.0,12288.0,135348043150.0,136420490075.0,137617993.0,139219773.0,2565902.0,0.0,0.0,0.0,0.0,0.0,0.0,0.0,0.0,0.0,0.0,0.0,0.0,262.0,112.0,4.0,2.0,0.0,0.0,0.0,0.0,0.0,0.0,0.0,0.0,0.0,idle
,idle,,,,,,,,,,,,,,,,,,,,,,,,,,,,,,,,,,,,,idle
1778097224.4862037,g5.hpc.coe,41393.0,0.5001,0.0,0.0,0.0,12288.0,135348043378.0,136420490132.0,137617995.0,139219774.0,2565902.0,0.0,0.0,0.0,0.0,0.0,0.0,0.0,0.0,0.0,0.0,0.0,0.0,228.0,57.0,2.0,1.0,0.0,0.0,0.0,0.0,0.0,0.0,0.0,0.0,0.0,idle
,idle,,,,,,,,,,,,,,,,,,,,,,,,,,,,,,,,,,,,,idle
1778097224.9863524,g5.hpc.coe,41393.0,0.5001,0.0,0.0,0.0,12288.0,135348043648.0,136420490189.0,137617997.0,139219775.0,2565902.0,0.0,0.0,0.0,0.0,0.0,0.0,0.0,0.0,0.0,0.0,0.0,0.0,270.0,57.0,2.0,1.0,0.0,0.0,0.0,0.0,0.0,0.0,0.0,0.0,0.0,idle
,idle,,,,,,,,,,,,,,,,,,,,,,,,,,,,,,,,,,,,,idle
1778097225.4864962,g5.hpc.coe,41393.0,0.5001,0.0,0.0,0.0,12288.0,135348043960.0,136420490246.0,137617999.0,139219776.0,2565902.0,0.0,0.0,0.0,0.0,0.0,0.0,0.0,0.0,0.0,0.0,0.0,0.0,312.0,57.0,2.0,1.0,0.0,0.0,0.0,0.0,0.0,0.0,0.0,0.0,0.0,idle
,idle,,,,,,,,,,,,,,,,,,,,,,,,,,,,,,,,,,,,,idle
1778097225.9865985,g5.hpc.coe,41393.0,0.5001,0.0,0.0,0.0,12288.0,135348044315.0,136420490303.0,137618001.0,139219777.0,2565902.0,0.0,0.0,0.0,0.0,0.0,0.0,0.0,0.0,0.0,0.0,0.0,0.0,355.0,57.0,2.0,1.0,0.0,0.0,0.0,0.0,0.0,0.0,0.0,0.0,0.0,idle
,idle,,,,,,,,,,,,,,,,,,,,,,,,,,,,,,,,,,,,,idle
1778097226.4867313,g5.hpc.coe,41393.0,0.5001,0.0,0.0,0.0,12288.0,135348044712.0,136420490360.0,137618003.0,139219778.0,2565902.0,0.0,0.0,0.0,0.0,0.0,0.0,0.0,0.0,0.0,0.0,0.0,0.0,397.0,57.0,2.0,1.0,0.0,0.0,0.0,0.0,0.0,0.0,0.0,0.0,0.0,idle
,idle,,,,,,,,,,,,,,,,,,,,,,,,,,,,,,,,,,,,,idle
1778097226.9868505,g5.hpc.coe,41393.0,0.5001,0.0,0.0,0.0,12288.0,135348045151.0,136420490417.0,137618005.0,139219779.0,2565902.0,0.0,0.0,0.0,0.0,0.0,0.0,0.0,0.0,0.0,0.0,0.0,0.0,439.0,57.0,2.0,1.0,0.0,0.0,0.0,0.0,0.0,0.0,0.0,0.0,0.0,idle
,idle,,,,,,,,,,,,,,,,,,,,,,,,,,,,,,,,,,,,,idle
1778097227.4869611,g5.hpc.coe,41393.0,0.5001,0.0,0.0,0.0,12288.0,135348045632.0,136420490474.0,137618007.0,139219780.0,2565902.0,0.0,0.0,0.0,0.0,0.0,0.0,0.0,0.0,0.0,0.0,0.0,0.0,481.0,57.0,2.0,1.0,0.0,0.0,0.0,0.0,0.0,0.0,0.0,0.0,0.0,idle
,idle,,,,,,,,,,,,,,,,,,,,,,,,,,,,,,,,,,,,,idle
1778097227.9871025,g5.hpc.coe,41393.0,0.5001,0.0,0.0,0.0,12288.0,135348046156.0,136420490531.0,137618009.0,139219781.0,2565902.0,0.0,0.0,0.0,0.0,0.0,0.0,0.0,0.0,0.0,0.0,0.0,0.0,524.0,57.0,2.0,1.0,0.0,0.0,0.0,0.0,0.0,0.0,0.0,0.0,0.0,idle
,idle,,,,,,,,,,,,,,,,,,,,,,,,,,,,,,,,,,,,,idle
1778097228.4872391,g5.hpc.coe,41393.0,0.5001,0.0,0.0,0.0,12288.0,135348046744.0,136420490610.0,137618012.0,139219783.0,2565902.0,0.0,0.0,0.0,0.0,0.0,0.0,0.0,0.0,0.0,0.0,0.0,0.0,588.0,79.0,3.0,2.0,0.0,0.0,0.0,0.0,0.0,0.0,0.0,0.0,0.0,idle
,idle,,,,,,,,,,,,,,,,,,,,,,,,,,,,,,,,,,,,,idle
1778097228.987368,g5.hpc.coe,41393.0,0.5001,0.0,0.0,0.0,12288.0,135348047451.0,136420490744.0,137618017.0,139219786.0,2565902.0,0.0,0.0,0.0,0.0,0.0,0.0,0.0,0.0,0.0,0.0,0.0,0.0,707.0,134.0,5.0,3.0,0.0,0.0,0.0,0.0,0.0,0.0,0.0,0.0,0.0,idle
,idle,,,,,,,,,,,,,,,,,,,,,,,,,,,,,,,,,,,,,idle
1778097229.487506,g5.hpc.coe,41393.0,0.5001,0.0,0.0,0.0,12288.0,135348048124.0,136420490823.0,137618020.0,139219788.0,2565902.0,0.0,0.0,0.0,0.0,0.0,0.0,0.0,0.0,0.0,0.0,0.0,0.0,673.0,79.0,3.0,2.0,0.0,0.0,0.0,0.0,0.0,0.0,0.0,0.0,0.0,idle
,idle,,,,,,,,,,,,,,,,,,,,,,,,,,,,,,,,,,,,,idle
1778097229.9876518,g5.hpc.coe,41393.0,0.5001,0.0,0.0,0.0,12288.0,135348048839.0,136420490902.0,137618023.0,139219790.0,2565902.0,0.0,0.0,0.0,0.0,0.0,0.0,0.0,0.0,0.0,0.0,0.0,0.0,715.0,79.0,3.0,2.0,0.0,0.0,0.0,0.0,0.0,0.0,0.0,0.0,0.0,idle
,idle,,,,,,,,,,,,,,,,,,,,,,,,,,,,,,,,,,,,,idle
1778097230.4877856,g5.hpc.coe,41393.0,0.5001,0.0,0.0,0.0,12288.0,135348049596.0,136420490981.0,137618026.0,139219792.0,2565902.0,0.0,0.0,0.0,0.0,0.0,0.0,0.0,0.0,0.0,0.0,0.0,0.0,757.0,79.0,3.0,2.0,0.0,0.0,0.0,0.0,0.0,0.0,0.0,0.0,0.0,idle
,idle,,,,,,,,,,,,,,,,,,,,,,,,,,,,,,,,,,,,,idle
1778097230.987907,g5.hpc.coe,41393.0,0.5001,0.0,0.0,0.0,12288.0,135348050395.0,136420491060.0,137618029.0,139219794.0,2565902.0,0.0,0.0,0.0,0.0,0.0,0.0,0.0,0.0,0.0,0.0,0.0,0.0,799.0,79.0,3.0,2.0,0.0,0.0,0.0,0.0,0.0,0.0,0.0,0.0,0.0,idle
,idle,,,,,,,,,,,,,,,,,,,,,,,,,,,,,,,,,,,,,idle
1778097231.4880328,g5.hpc.coe,41393.0,0.5001,0.0,0.0,0.0,12288.0,135348051236.0,136420491139.0,137618032.0,139219796.0,2565902.0,0.0,0.0,0.0,0.0,0.0,0.0,0.0,0.0,0.0,0.0,0.0,0.0,841.0,79.0,3.0,2.0,0.0,0.0,0.0,0.0,0.0,0.0,0.0,0.0,0.0,idle
,idle,,,,,,,,,,,,,,,,,,,,,,,,,,,,,,,,,,,,,idle
1778097231.9881625,g5.hpc.coe,41393.0,0.5001,0.0,0.0,0.0,12288.0,135348052742.0,136420491665.0,137618050.0,139219806.0,2565902.0,0.0,0.0,0.0,0.0,0.0,0.0,0.0,0.0,0.0,0.0,0.0,0.0,1506.0,526.0,18.0,10.0,0.0,0.0,0.0,0.0,0.0,0.0,0.0,0.0,0.0,idle
,idle,,,,,,,,,,,,,,,,,,,,,,,,,,,,,,,,,,,,,idle
1778097232.4882958,g5.hpc.coe,41393.0,0.5001,0.0,0.0,0.0,12288.0,135348053669.0,136420491744.0,137618053.0,139219808.0,2565902.0,0.0,0.0,0.0,0.0,0.0,0.0,0.0,0.0,0.0,0.0,0.0,0.0,927.0,79.0,3.0,2.0,0.0,0.0,0.0,0.0,0.0,0.0,0.0,0.0,0.0,idle
,idle,,,,,,,,,,,,,,,,,,,,,,,,,,,,,,,,,,,,,idle
1778097232.988429,g5.hpc.coe,41393.0,0.5001,0.0,0.0,0.0,12288.0,135348054638.0,136420491823.0,137618056.0,139219810.0,2565902.0,0.0,0.0,0.0,0.0,0.0,0.0,0.0,0.0,0.0,0.0,0.0,0.0,969.0,79.0,3.0,2.0,0.0,0.0,0.0,0.0,0.0,0.0,0.0,0.0,0.0,idle
,idle,,,,,,,,,,,,,,,,,,,,,,,,,,,,,,,,,,,,,idle
1778097233.488561,g5.hpc.coe,41393.0,0.5001,0.0,0.0,0.0,12288.0,135348055649.0,136420491902.0,137618059.0,139219812.0,2565902.0,0.0,0.0,0.0,0.0,0.0,0.0,0.0,0.0,0.0,0.0,0.0,0.0,1011.0,79.0,3.0,2.0,0.0,0.0,0.0,0.0,0.0,0.0,0.0,0.0,0.0,idle
,idle,,,,,,,,,,,,,,,,,,,,,,,,,,,,,,,,,,,,,idle
1778097233.9886978,g5.hpc.coe,41393.0,0.5001,0.0,0.0,0.0,12288.0,135348056779.0,136420492036.0,137618064.0,139219815.0,2565902.0,0.0,0.0,0.0,0.0,0.0,0.0,0.0,0.0,0.0,0.0,0.0,0.0,1130.0,134.0,5.0,3.0,0.0,0.0,0.0,0.0,0.0,0.0,0.0,0.0,0.0,idle
,idle,,,,,,,,,,,,,,,,,,,,,,,,,,,,,,,,,,,,,idle
1778097234.488832,g5.hpc.coe,41393.0,0.5001,0.0,0.0,0.0,12288.0,135348057897.0,136420492115.0,137618068.0,139219817.0,2565902.0,0.0,0.0,0.0,0.0,0.0,0.0,0.0,0.0,0.0,0.0,0.0,0.0,1118.0,79.0,4.0,2.0,0.0,0.0,0.0,0.0,0.0,0.0,0.0,0.0,0.0,idle
,idle,,,,,,,,,,,,,,,,,,,,,,,,,,,,,,,,,,,,,idle
1778097234.9889717,g5.hpc.coe,41393.0,0.5001,0.0,0.0,0.0,12288.0,135348059057.0,136420492194.0,137618072.0,139219819.0,2565902.0,0.0,0.0,0.0,0.0,0.0,0.0,0.0,0.0,0.0,0.0,0.0,0.0,1160.0,79.0,4.0,2.0,0.0,0.0,0.0,0.0,0.0,0.0,0.0,0.0,0.0,idle
,idle,,,,,,,,,,,,,,,,,,,,,,,,,,,,,,,,,,,,,idle
1778097235.489111,g5.hpc.coe,41393.0,0.5001,0.0,0.0,0.0,12288.0,135348059192.0,136420492251.0,137618074.0,139219820.0,2565902.0,0.0,0.0,0.0,0.0,0.0,0.0,0.0,0.0,0.0,0.0,0.0,0.0,135.0,57.0,2.0,1.0,0.0,0.0,0.0,0.0,0.0,0.0,0.0,0.0,0.0,idle
,idle,,,,,,,,,,,,,,,,,,,,,,,,,,,,,,,,,,,,,idle
1778097235.9892702,g5.hpc.coe,41393.0,0.5002,0.0,0.0,0.0,12288.0,135348059369.0,136420492308.0,137618076.0,139219821.0,2565902.0,0.0,0.0,0.0,0.0,0.0,0.0,0.0,0.0,0.0,0.0,0.0,0.0,177.0,57.0,2.0,1.0,0.0,0.0,0.0,0.0,0.0,0.0,0.0,0.0,0.0,idle
,idle,,,,,,,,,,,,,,,,,,,,,,,,,,,,,,,,,,,,,idle
1778097236.4894288,g5.hpc.coe,41393.0,0.5002,0.0,0.0,0.0,12288.0,135348059588.0,136420492365.0,137618078.0,139219822.0,2565902.0,0.0,0.0,0.0,0.0,0.0,0.0,0.0,0.0,0.0,0.0,0.0,0.0,219.0,57.0,2.0,1.0,0.0,0.0,0.0,0.0,0.0,0.0,0.0,0.0,0.0,idle
,idle,,,,,,,,,,,,,,,,,,,,,,,,,,,,,,,,,,,,,idle
1778097236.9895673,g5.hpc.coe,41393.0,0.5001,0.0,0.0,0.0,12288.0,135348059849.0,136420492422.0,137618080.0,139219823.0,2565902.0,0.0,0.0,0.0,0.0,0.0,0.0,0.0,0.0,0.0,0.0,0.0,0.0,261.0,57.0,2.0,1.0,0.0,0.0,0.0,0.0,0.0,0.0,0.0,0.0,0.0,idle
,idle,,,,,,,,,,,,,,,,,,,,,,,,,,,,,,,,,,,,,idle
1778097237.489707,g5.hpc.coe,41393.0,0.5001,0.0,0.0,0.0,12288.0,135348060152.0,136420492479.0,137618082.0,139219824.0,2565902.0,0.0,0.0,0.0,0.0,0.0,0.0,0.0,0.0,0.0,0.0,0.0,0.0,303.0,57.0,2.0,1.0,0.0,0.0,0.0,0.0,0.0,0.0,0.0,0.0,0.0,idle
,idle,,,,,,,,,,,,,,,,,,,,,,,,,,,,,,,,,,,,,idle
1778097237.989846,g5.hpc.coe,41393.0,0.5001,0.0,0.0,0.0,12288.0,135348060497.0,136420492536.0,137618084.0,139219825.0,2565902.0,0.0,0.0,0.0,0.0,0.0,0.0,0.0,0.0,0.0,0.0,0.0,0.0,345.0,57.0,2.0,1.0,0.0,0.0,0.0,0.0,0.0,0.0,0.0,0.0,0.0,idle
,idle,,,,,,,,,,,,,,,,,,,,,,,,,,,,,,,,,,,,,idle
1778097238.4899807,g5.hpc.coe,41393.0,0.5001,0.0,0.0,0.0,12288.0,135348060884.0,136420492593.0,137618086.0,139219826.0,2565902.0,0.0,0.0,0.0,0.0,0.0,0.0,0.0,0.0,0.0,0.0,0.0,0.0,387.0,57.0,2.0,1.0,0.0,0.0,0.0,0.0,0.0,0.0,0.0,0.0,0.0,idle
,idle,,,,,,,,,,,,,,,,,,,,,,,,,,,,,,,,,,,,,idle
1778097238.990114,g5.hpc.coe,41393.0,0.5001,0.0,0.0,0.0,12288.0,135348061369.0,136420492705.0,137618089.0,139219828.0,2565902.0,0.0,0.0,0.0,0.0,0.0,0.0,0.0,0.0,0.0,0.0,0.0,0.0,485.0,112.0,3.0,2.0,0.0,0.0,0.0,0.0,0.0,0.0,0.0,0.0,0.0,idle
,idle,,,,,,,,,,,,,,,,,,,,,,,,,,,,,,,,,,,,,idle
1778097239.490239,g5.hpc.coe,41393.0,0.5001,0.0,0.0,0.0,12288.0,135348061863.0,136420492762.0,137618092.0,139219829.0,2565902.0,0.0,0.0,0.0,0.0,0.0,0.0,0.0,0.0,0.0,0.0,0.0,0.0,494.0,57.0,3.0,1.0,0.0,0.0,0.0,0.0,0.0,0.0,0.0,0.0,0.0,idle
,idle,,,,,,,,,,,,,,,,,,,,,,,,,,,,,,,,,,,,,idle
1778097239.9904108,g5.hpc.coe,41393.0,0.5002,0.0,0.0,0.0,12288.0,135348062377.0,136420492819.0,137618094.0,139219830.0,2565902.0,0.0,0.0,0.0,0.0,0.0,0.0,0.0,0.0,0.0,0.0,0.0,0.0,514.0,57.0,2.0,1.0,0.0,0.0,0.0,0.0,0.0,0.0,0.0,0.0,0.0,idle
,idle,,,,,,,,,,,,,,,,,,,,,,,,,,,,,,,,,,,,,idle
1778097240.4905193,g5.hpc.coe,41393.0,0.5001,0.0,0.0,0.0,12288.0,135348062955.0,136420492898.0,137618097.0,139219832.0,2565902.0,0.0,0.0,0.0,0.0,0.0,0.0,0.0,0.0,0.0,0.0,0.0,0.0,578.0,79.0,3.0,2.0,0.0,0.0,0.0,0.0,0.0,0.0,0.0,0.0,0.0,idle
,idle,,,,,,,,,,,,,,,,,,,,,,,,,,,,,,,,,,,,,idle
1778097240.9906445,g5.hpc.coe,41393.0,0.5001,0.0,0.0,0.0,12288.0,135348063575.0,136420492977.0,137618100.0,139219834.0,2565902.0,0.0,0.0,0.0,0.0,0.0,0.0,0.0,0.0,0.0,0.0,0.0,0.0,620.0,79.0,3.0,2.0,0.0,0.0,0.0,0.0,0.0,0.0,0.0,0.0,0.0,idle
,idle,,,,,,,,,,,,,,,,,,,,,,,,,,,,,,,,,,,,,idle
1778097241.4907715,g5.hpc.coe,41393.0,0.5001,0.0,0.0,0.0,12288.0,135348064238.0,136420493056.0,137618103.0,139219836.0,2565902.0,0.0,0.0,0.0,0.0,0.0,0.0,0.0,0.0,0.0,0.0,0.0,0.0,663.0,79.0,3.0,2.0,0.0,0.0,0.0,0.0,0.0,0.0,0.0,0.0,0.0,idle
,idle,,,,,,,,,,,,,,,,,,,,,,,,,,,,,,,,,,,,,idle
1778097241.9909234,g5.hpc.coe,41393.0,0.5002,0.0,0.0,0.0,12288.0,135348064943.0,136420493135.0,137618106.0,139219838.0,2565902.0,0.0,0.0,0.0,0.0,0.0,0.0,0.0,0.0,0.0,0.0,0.0,0.0,705.0,79.0,3.0,2.0,0.0,0.0,0.0,0.0,0.0,0.0,0.0,0.0,0.0,idle
,idle,,,,,,,,,,,,,,,,,,,,,,,,,,,,,,,,,,,,,idle
1778097242.4910448,g5.hpc.coe,41393.0,0.5001,0.0,0.0,0.0,12288.0,135348065690.0,136420493214.0,137618109.0,139219840.0,2565902.0,0.0,0.0,0.0,0.0,0.0,0.0,0.0,0.0,0.0,0.0,0.0,0.0,747.0,79.0,3.0,2.0,0.0,0.0,0.0,0.0,0.0,0.0,0.0,0.0,0.0,idle
,idle,,,,,,,,,,,,,,,,,,,,,,,,,,,,,,,,,,,,,idle
1778097242.9911778,g5.hpc.coe,41393.0,0.5001,0.0,0.0,0.0,12288.0,135348066479.0,136420493293.0,137618112.0,139219842.0,2565902.0,0.0,0.0,0.0,0.0,0.0,0.0,0.0,0.0,0.0,0.0,0.0,0.0,789.0,79.0,3.0,2.0,0.0,0.0,0.0,0.0,0.0,0.0,0.0,0.0,0.0,idle
,idle,,,,,,,,,,,,,,,,,,,,,,,,,,,,,,,,,,,,,idle
1778097243.491312,g5.hpc.coe,41393.0,0.5001,0.0,0.0,0.0,12288.0,135348067311.0,136420493372.0,137618115.0,139219844.0,2565902.0,0.0,0.0,0.0,0.0,0.0,0.0,0.0,0.0,0.0,0.0,0.0,0.0,832.0,79.0,3.0,2.0,0.0,0.0,0.0,0.0,0.0,0.0,0.0,0.0,0.0,idle
,idle,,,,,,,,,,,,,,,,,,,,,,,,,,,,,,,,,,,,,idle
1778097243.9914448,g5.hpc.coe,41393.0,0.5001,0.0,0.0,0.0,12288.0,135348068185.0,136420493451.0,137618118.0,139219846.0,2565902.0,0.0,0.0,0.0,0.0,0.0,0.0,0.0,0.0,0.0,0.0,0.0,0.0,874.0,79.0,3.0,2.0,0.0,0.0,0.0,0.0,0.0,0.0,0.0,0.0,0.0,idle
,idle,,,,,,,,,,,,,,,,,,,,,,,,,,,,,,,,,,,,,idle
1778097244.4915855,g5.hpc.coe,41393.0,0.5001,0.0,0.0,0.0,12288.0,135348069178.0,136420493585.0,137618123.0,139219849.0,2565902.0,0.0,0.0,0.0,0.0,0.0,0.0,0.0,0.0,0.0,0.0,0.0,0.0,993.0,134.0,5.0,3.0,0.0,0.0,0.0,0.0,0.0,0.0,0.0,0.0,0.0,idle
,idle,,,,,,,,,,,,,,,,,,,,,,,,,,,,,,,,,,,,,idle
1778097244.9917188,g5.hpc.coe,41393.0,0.5001,0.0,0.0,0.0,12288.0,135348070136.0,136420493664.0,137618126.0,139219851.0,2565902.0,0.0,0.0,0.0,0.0,0.0,0.0,0.0,0.0,0.0,0.0,0.0,0.0,958.0,79.0,3.0,2.0,0.0,0.0,0.0,0.0,0.0,0.0,0.0,0.0,0.0,idle
,idle,,,,,,,,,,,,,,,,,,,,,,,,,,,,,,,,,,,,,idle
1778097245.4918592,g5.hpc.coe,41393.0,0.5001,0.0,0.0,0.0,12288.0,135348071137.0,136420493743.0,137618129.0,139219853.0,2565902.0,0.0,0.0,0.0,0.0,0.0,0.0,0.0,0.0,0.0,0.0,0.0,0.0,1001.0,79.0,3.0,2.0,0.0,0.0,0.0,0.0,0.0,0.0,0.0,0.0,0.0,idle
,idle,,,,,,,,,,,,,,,,,,,,,,,,,,,,,,,,,,,,,idle
1778097245.9920127,g5.hpc.coe,41393.0,0.5002,0.0,0.0,0.0,12288.0,135348072180.0,136420493822.0,137618132.0,139219855.0,2565902.0,0.0,0.0,0.0,0.0,0.0,0.0,0.0,0.0,0.0,0.0,0.0,0.0,1043.0,79.0,3.0,2.0,0.0,0.0,0.0,0.0,0.0,0.0,0.0,0.0,0.0,idle
,idle,,,,,,,,,,,,,,,,,,,,,,,,,,,,,,,,,,,,,idle
1778097246.492151,g5.hpc.coe,41393.0,0.5001,0.0,0.0,0.0,12288.0,135348073288.0,136420493901.0,137618136.0,139219857.0,2565902.0,0.0,0.0,0.0,0.0,0.0,0.0,0.0,0.0,0.0,0.0,0.0,0.0,1108.0,79.0,4.0,2.0,0.0,0.0,0.0,0.0,0.0,0.0,0.0,0.0,0.0,idle
,idle,,,,,,,,,,,,,,,,,,,,,,,,,,,,,,,,,,,,,idle
1778097246.992278,g5.hpc.coe,41393.0,0.5001,0.0,0.0,0.0,12288.0,135348075061.0,136420494427.0,137618155.0,139219867.0,2565902.0,0.0,0.0,0.0,0.0,0.0,0.0,0.0,0.0,0.0,0.0,0.0,0.0,1773.0,526.0,19.0,10.0,0.0,0.0,0.0,0.0,0.0,0.0,0.0,0.0,0.0,idle
,idle,,,,,,,,,,,,,,,,,,,,,,,,,,,,,,,,,,,,,idle
1778097247.4924157,g5.hpc.coe,41393.0,0.5001,0.0,0.0,0.0,12288.0,135348075186.0,136420494484.0,137618157.0,139219868.0,2565902.0,0.0,0.0,0.0,0.0,0.0,0.0,0.0,0.0,0.0,0.0,0.0,0.0,125.0,57.0,2.0,1.0,0.0,0.0,0.0,0.0,0.0,0.0,0.0,0.0,0.0,idle
,idle,,,,,,,,,,,,,,,,,,,,,,,,,,,,,,,,,,,,,idle
1778097247.992529,g5.hpc.coe,41393.0,0.5001,0.0,0.0,0.0,12288.0,135348075353.0,136420494541.0,137618159.0,139219869.0,2565902.0,0.0,0.0,0.0,0.0,0.0,0.0,0.0,0.0,0.0,0.0,0.0,0.0,167.0,57.0,2.0,1.0,0.0,0.0,0.0,0.0,0.0,0.0,0.0,0.0,0.0,idle
,idle,,,,,,,,,,,,,,,,,,,,,,,,,,,,,,,,,,,,,idle
1778097248.4926436,g5.hpc.coe,41393.0,0.5001,0.0,0.0,0.0,12288.0,135348075562.0,136420494598.0,137618161.0,139219870.0,2565902.0,0.0,0.0,0.0,0.0,0.0,0.0,0.0,0.0,0.0,0.0,0.0,0.0,209.0,57.0,2.0,1.0,0.0,0.0,0.0,0.0,0.0,0.0,0.0,0.0,0.0,idle
,idle,,,,,,,,,,,,,,,,,,,,,,,,,,,,,,,,,,,,,idle
1778097248.9927757,g5.hpc.coe,41393.0,0.5001,0.0,0.0,0.0,12288.0,135348075814.0,136420494655.0,137618163.0,139219871.0,2565902.0,0.0,0.0,0.0,0.0,0.0,0.0,0.0,0.0,0.0,0.0,0.0,0.0,252.0,57.0,2.0,1.0,0.0,0.0,0.0,0.0,0.0,0.0,0.0,0.0,0.0,idle
,idle,,,,,,,,,,,,,,,,,,,,,,,,,,,,,,,,,,,,,idle
1778097249.492912,g5.hpc.coe,41393.0,0.5001,0.0,0.0,0.0,12288.0,135348076185.0,136420494767.0,137618167.0,139219873.0,2565902.0,0.0,0.0,0.0,0.0,0.0,0.0,0.0,0.0,0.0,0.0,0.0,0.0,371.0,112.0,4.0,2.0,0.0,0.0,0.0,0.0,0.0,0.0,0.0,0.0,0.0,idle
,idle,,,,,,,,,,,,,,,,,,,,,,,,,,,,,,,,,,,,,idle
1778097249.9930444,g5.hpc.coe,41393.0,0.5001,0.0,0.0,0.0,12288.0,135348076521.0,136420494824.0,137618169.0,139219874.0,2565902.0,0.0,0.0,0.0,0.0,0.0,0.0,0.0,0.0,0.0,0.0,0.0,0.0,336.0,57.0,2.0,1.0,0.0,0.0,0.0,0.0,0.0,0.0,0.0,0.0,0.0,idle
,idle,,,,,,,,,,,,,,,,,,,,,,,,,,,,,,,,,,,,,idle
1778097250.4931748,g5.hpc.coe,41393.0,0.5001,0.0,0.0,0.0,12288.0,135348076899.0,136420494881.0,137618171.0,139219875.0,2565902.0,0.0,0.0,0.0,0.0,0.0,0.0,0.0,0.0,0.0,0.0,0.0,0.0,378.0,57.0,2.0,1.0,0.0,0.0,0.0,0.0,0.0,0.0,0.0,0.0,0.0,idle
,idle,,,,,,,,,,,,,,,,,,,,,,,,,,,,,,,,,,,,,idle
1778097250.9933083,g5.hpc.coe,41393.0,0.5001,0.0,0.0,0.0,12288.0,135348077320.0,136420494938.0,137618173.0,139219876.0,2565902.0,0.0,0.0,0.0,0.0,0.0,0.0,0.0,0.0,0.0,0.0,0.0,0.0,421.0,57.0,2.0,1.0,0.0,0.0,0.0,0.0,0.0,0.0,0.0,0.0,0.0,idle
,idle,,,,,,,,,,,,,,,,,,,,,,,,,,,,,,,,,,,,,idle
1778097251.4934385,g5.hpc.coe,41393.0,0.5001,0.0,0.0,0.0,12288.0,135348077783.0,136420494995.0,137618175.0,139219877.0,2565902.0,0.0,0.0,0.0,0.0,0.0,0.0,0.0,0.0,0.0,0.0,0.0,0.0,463.0,57.0,2.0,1.0,0.0,0.0,0.0,0.0,0.0,0.0,0.0,0.0,0.0,idle
,idle,,,,,,,,,,,,,,,,,,,,,,,,,,,,,,,,,,,,,idle
1778097251.9935606,g5.hpc.coe,41393.0,0.5001,0.0,0.0,0.0,12288.0,135348078288.0,136420495052.0,137618177.0,139219878.0,2565902.0,0.0,0.0,0.0,0.0,0.0,0.0,0.0,0.0,0.0,0.0,0.0,0.0,505.0,57.0,2.0,1.0,0.0,0.0,0.0,0.0,0.0,0.0,0.0,0.0,0.0,idle
,idle,,,,,,,,,,,,,,,,,,,,,,,,,,,,,,,,,,,,,idle
1778097252.493692,g5.hpc.coe,41393.0,0.5001,0.0,0.0,0.0,12288.0,135348078857.0,136420495131.0,137618180.0,139219880.0,2565902.0,0.0,0.0,0.0,0.0,0.0,0.0,0.0,0.0,0.0,0.0,0.0,0.0,569.0,79.0,3.0,2.0,0.0,0.0,0.0,0.0,0.0,0.0,0.0,0.0,0.0,idle
,idle,,,,,,,,,,,,,,,,,,,,,,,,,,,,,,,,,,,,,idle
1778097252.9938252,g5.hpc.coe,41393.0,0.5001,0.0,0.0,0.0,12288.0,135348079468.0,136420495210.0,137618183.0,139219882.0,2565902.0,0.0,0.0,0.0,0.0,0.0,0.0,0.0,0.0,0.0,0.0,0.0,0.0,611.0,79.0,3.0,2.0,0.0,0.0,0.0,0.0,0.0,0.0,0.0,0.0,0.0,idle
,idle,,,,,,,,,,,,,,,,,,,,,,,,,,,,,,,,,,,,,idle
1778097253.493974,g5.hpc.coe,41393.0,0.5001,0.0,0.0,0.0,12288.0,135348080122.0,136420495289.0,137618186.0,139219884.0,2565902.0,0.0,0.0,0.0,0.0,0.0,0.0,0.0,0.0,0.0,0.0,0.0,0.0,654.0,79.0,3.0,2.0,0.0,0.0,0.0,0.0,0.0,0.0,0.0,0.0,0.0,idle
,idle,,,,,,,,,,,,,,,,,,,,,,,,,,,,,,,,,,,,,idle
1778097253.9941142,g5.hpc.coe,41393.0,0.5001,0.0,0.0,0.0,12288.0,135348080818.0,136420495368.0,137618189.0,139219886.0,2565902.0,0.0,0.0,0.0,0.0,0.0,0.0,0.0,0.0,0.0,0.0,0.0,0.0,696.0,79.0,3.0,2.0,0.0,0.0,0.0,0.0,0.0,0.0,0.0,0.0,0.0,idle
,idle,,,,,,,,,,,,,,,,,,,,,,,,,,,,,,,,,,,,,idle
1778097254.4942508,g5.hpc.coe,41393.0,0.5001,0.0,0.0,0.0,12288.0,135348081633.0,136420495502.0,137618194.0,139219889.0,2565902.0,0.0,0.0,0.0,0.0,0.0,0.0,0.0,0.0,0.0,0.0,0.0,0.0,815.0,134.0,5.0,3.0,0.0,0.0,0.0,0.0,0.0,0.0,0.0,0.0,0.0,idle
,idle,,,,,,,,,,,,,,,,,,,,,,,,,,,,,,,,,,,,,idle
1778097254.9943871,g5.hpc.coe,41393.0,0.5001,0.0,0.0,0.0,12288.0,135348082413.0,136420495581.0,137618197.0,139219891.0,2565902.0,0.0,0.0,0.0,0.0,0.0,0.0,0.0,0.0,0.0,0.0,0.0,0.0,780.0,79.0,3.0,2.0,0.0,0.0,0.0,0.0,0.0,0.0,0.0,0.0,0.0,idle
,idle,,,,,,,,,,,,,,,,,,,,,,,,,,,,,,,,,,,,,idle
1778097255.4945197,g5.hpc.coe,41393.0,0.5001,0.0,0.0,0.0,12288.0,135348083236.0,136420495660.0,137618200.0,139219893.0,2565902.0,0.0,0.0,0.0,0.0,0.0,0.0,0.0,0.0,0.0,0.0,0.0,0.0,823.0,79.0,3.0,2.0,0.0,0.0,0.0,0.0,0.0,0.0,0.0,0.0,0.0,idle
,idle,,,,,,,,,,,,,,,,,,,,,,,,,,,,,,,,,,,,,idle
1778097255.99459,g5.hpc.coe,41393.0,0.5001,0.0,0.0,0.0,12288.0,135348084101.0,136420495739.0,137618203.0,139219895.0,2565902.0,0.0,0.0,0.0,0.0,0.0,0.0,0.0,0.0,0.0,0.0,0.0,0.0,865.0,79.0,3.0,2.0,0.0,0.0,0.0,0.0,0.0,0.0,0.0,0.0,0.0,idle
,idle,,,,,,,,,,,,,,,,,,,,,,,,,,,,,,,,,,,,,idle
1778097256.494726,g5.hpc.coe,41393.0,0.5001,0.0,0.0,0.0,12288.0,135348085008.0,136420495818.0,137618206.0,139219897.0,2565902.0,0.0,0.0,0.0,0.0,0.0,0.0,0.0,0.0,0.0,0.0,0.0,0.0,907.0,79.0,3.0,2.0,0.0,0.0,0.0,0.0,0.0,0.0,0.0,0.0,0.0,idle
,idle,,,,,,,,,,,,,,,,,,,,,,,,,,,,,,,,,,,,,idle
1778097256.994856,g5.hpc.coe,41393.0,0.5001,0.0,0.0,0.0,12288.0,135348085957.0,136420495897.0,137618209.0,139219899.0,2565902.0,0.0,0.0,0.0,0.0,0.0,0.0,0.0,0.0,0.0,0.0,0.0,0.0,949.0,79.0,3.0,2.0,0.0,0.0,0.0,0.0,0.0,0.0,0.0,0.0,0.0,idle
,idle,,,,,,,,,,,,,,,,,,,,,,,,,,,,,,,,,,,,,idle
1778097257.4950013,g5.hpc.coe,41393.0,0.5001,0.0,0.0,0.0,12288.0,135348086948.0,136420495976.0,137618212.0,139219901.0,2565902.0,0.0,0.0,0.0,0.0,0.0,0.0,0.0,0.0,0.0,0.0,0.0,0.0,991.0,79.0,3.0,2.0,0.0,0.0,0.0,0.0,0.0,0.0,0.0,0.0,0.0,idle
,idle,,,,,,,,,,,,,,,,,,,,,,,,,,,,,,,,,,,,,idle
1778097257.9951437,g5.hpc.coe,41393.0,0.5001,0.0,0.0,0.0,12288.0,135348087981.0,136420496055.0,137618215.0,139219903.0,2565902.0,0.0,0.0,0.0,0.0,0.0,0.0,0.0,0.0,0.0,0.0,0.0,0.0,1033.0,79.0,3.0,2.0,0.0,0.0,0.0,0.0,0.0,0.0,0.0,0.0,0.0,idle
,idle,,,,,,,,,,,,,,,,,,,,,,,,,,,,,,,,,,,,,idle
1778097258.49528,g5.hpc.coe,41393.0,0.5001,0.0,0.0,0.0,12288.0,135348089079.0,136420496134.0,137618219.0,139219905.0,2565902.0,0.0,0.0,0.0,0.0,0.0,0.0,0.0,0.0,0.0,0.0,0.0,0.0,1098.0,79.0,4.0,2.0,0.0,0.0,0.0,0.0,0.0,0.0,0.0,0.0,0.0,idle
,idle,,,,,,,,,,,,,,,,,,,,,,,,,,,,,,,,,,,,,idle
1778097258.995438,g5.hpc.coe,41393.0,0.5002,0.0,0.0,0.0,12288.0,135348090219.0,136420496213.0,137618223.0,139219907.0,2565902.0,0.0,0.0,0.0,0.0,0.0,0.0,0.0,0.0,0.0,0.0,0.0,0.0,1140.0,79.0,4.0,2.0,0.0,0.0,0.0,0.0,0.0,0.0,0.0,0.0,0.0,idle
,idle,,,,,,,,,,,,,,,,,,,,,,,,,,,,,,,,,,,,,idle
1778097259.4955711,g5.hpc.coe,41393.0,0.5001,0.0,0.0,0.0,12288.0,135348091478.0,136420496347.0,137618229.0,139219910.0,2565902.0,0.0,0.0,0.0,0.0,0.0,0.0,0.0,0.0,0.0,0.0,0.0,0.0,1259.0,134.0,6.0,3.0,0.0,0.0,0.0,0.0,0.0,0.0,0.0,0.0,0.0,idle
,idle,,,,,,,,,,,,,,,,,,,,,,,,,,,,,,,,,,,,,idle
1778097259.9956996,g5.hpc.coe,41393.0,0.5001,0.0,0.0,0.0,12288.0,135348091635.0,136420496404.0,137618231.0,139219911.0,2565902.0,0.0,0.0,0.0,0.0,0.0,0.0,0.0,0.0,0.0,0.0,0.0,0.0,157.0,57.0,2.0,1.0,0.0,0.0,0.0,0.0,0.0,0.0,0.0,0.0,0.0,idle
,idle,,,,,,,,,,,,,,,,,,,,,,,,,,,,,,,,,,,,,idle
1778097260.4958322,g5.hpc.coe,41393.0,0.5001,0.0,0.0,0.0,12288.0,135348091834.0,136420496461.0,137618233.0,139219912.0,2565902.0,0.0,0.0,0.0,0.0,0.0,0.0,0.0,0.0,0.0,0.0,0.0,0.0,199.0,57.0,2.0,1.0,0.0,0.0,0.0,0.0,0.0,0.0,0.0,0.0,0.0,idle
,idle,,,,,,,,,,,,,,,,,,,,,,,,,,,,,,,,,,,,,idle
1778097260.9959638,g5.hpc.coe,41393.0,0.5001,0.0,0.0,0.0,12288.0,135348092075.0,136420496518.0,137618235.0,139219913.0,2565902.0,0.0,0.0,0.0,0.0,0.0,0.0,0.0,0.0,0.0,0.0,0.0,0.0,241.0,57.0,2.0,1.0,0.0,0.0,0.0,0.0,0.0,0.0,0.0,0.0,0.0,idle
,idle,,,,,,,,,,,,,,,,,,,,,,,,,,,,,,,,,,,,,idle
1778097261.4961035,g5.hpc.coe,41393.0,0.5001,0.0,0.0,0.0,12288.0,135348092359.0,136420496575.0,137618237.0,139219914.0,2565902.0,0.0,0.0,0.0,0.0,0.0,0.0,0.0,0.0,0.0,0.0,0.0,0.0,284.0,57.0,2.0,1.0,0.0,0.0,0.0,0.0,0.0,0.0,0.0,0.0,0.0,idle
,idle,,,,,,,,,,,,,,,,,,,,,,,,,,,,,,,,,,,,,idle
1778097261.9962308,g5.hpc.coe,41393.0,0.5001,0.0,0.0,0.0,12288.0,135348093308.0,136420497079.0,137618254.0,139219923.0,2565902.0,0.0,0.0,0.0,0.0,0.0,0.0,0.0,0.0,0.0,0.0,0.0,0.0,949.0,504.0,17.0,9.0,0.0,0.0,0.0,0.0,0.0,0.0,0.0,0.0,0.0,idle
,idle,,,,,,,,,,,,,,,,,,,,,,,,,,,,,,,,,,,,,idle
1778097262.4963646,g5.hpc.coe,41393.0,0.5001,0.0,0.0,0.0,12288.0,135348093677.0,136420497136.0,137618256.0,139219924.0,2565902.0,0.0,0.0,0.0,0.0,0.0,0.0,0.0,0.0,0.0,0.0,0.0,0.0,369.0,57.0,2.0,1.0,0.0,0.0,0.0,0.0,0.0,0.0,0.0,0.0,0.0,idle
,idle,,,,,,,,,,,,,,,,,,,,,,,,,,,,,,,,,,,,,idle
1778097262.996498,g5.hpc.coe,41393.0,0.5001,0.0,0.0,0.0,12288.0,135348094088.0,136420497193.0,137618258.0,139219925.0,2565902.0,0.0,0.0,0.0,0.0,0.0,0.0,0.0,0.0,0.0,0.0,0.0,0.0,411.0,57.0,2.0,1.0,0.0,0.0,0.0,0.0,0.0,0.0,0.0,0.0,0.0,idle
,idle,,,,,,,,,,,,,,,,,,,,,,,,,,,,,,,,,,,,,idle
1778097263.4966304,g5.hpc.coe,41393.0,0.5001,0.0,0.0,0.0,12288.0,135348094541.0,136420497250.0,137618260.0,139219926.0,2565902.0,0.0,0.0,0.0,0.0,0.0,0.0,0.0,0.0,0.0,0.0,0.0,0.0,453.0,57.0,2.0,1.0,0.0,0.0,0.0,0.0,0.0,0.0,0.0,0.0,0.0,idle
,idle,,,,,,,,,,,,,,,,,,,,,,,,,,,,,,,,,,,,,idle
1778097263.9967723,g5.hpc.coe,41393.0,0.5001,0.0,0.0,0.0,12288.0,135348095036.0,136420497307.0,137618262.0,139219927.0,2565902.0,0.0,0.0,0.0,0.0,0.0,0.0,0.0,0.0,0.0,0.0,0.0,0.0,495.0,57.0,2.0,1.0,0.0,0.0,0.0,0.0,0.0,0.0,0.0,0.0,0.0,idle
,idle,,,,,,,,,,,,,,,,,,,,,,,,,,,,,,,,,,,,,idle
1778097264.49692,g5.hpc.coe,41393.0,0.5001,0.0,0.0,0.0,12288.0,135348095574.0,136420497364.0,137618264.0,139219928.0,2565902.0,0.0,0.0,0.0,0.0,0.0,0.0,0.0,0.0,0.0,0.0,0.0,0.0,538.0,57.0,2.0,1.0,0.0,0.0,0.0,0.0,0.0,0.0,0.0,0.0,0.0,idle
,idle,,,,,,,,,,,,,,,,,,,,,,,,,,,,,,,,,,,,,idle
1778097264.9970477,g5.hpc.coe,41393.0,0.5001,0.0,0.0,0.0,12288.0,135348096253.0,136420497498.0,137618269.0,139219931.0,2565902.0,0.0,0.0,0.0,0.0,0.0,0.0,0.0,0.0,0.0,0.0,0.0,0.0,679.0,134.0,5.0,3.0,0.0,0.0,0.0,0.0,0.0,0.0,0.0,0.0,0.0,idle
,idle,,,,,,,,,,,,,,,,,,,,,,,,,,,,,,,,,,,,,idle
1778097265.4971907,g5.hpc.coe,41393.0,0.5001,0.0,0.0,0.0,12288.0,135348096897.0,136420497577.0,137618272.0,139219933.0,2565902.0,0.0,0.0,0.0,0.0,0.0,0.0,0.0,0.0,0.0,0.0,0.0,0.0,644.0,79.0,3.0,2.0,0.0,0.0,0.0,0.0,0.0,0.0,0.0,0.0,0.0,idle
,idle,,,,,,,,,,,,,,,,,,,,,,,,,,,,,,,,,,,,,idle
1778097265.9973228,g5.hpc.coe,41393.0,0.5001,0.0,0.0,0.0,12288.0,135348097584.0,136420497656.0,137618275.0,139219935.0,2565902.0,0.0,0.0,0.0,0.0,0.0,0.0,0.0,0.0,0.0,0.0,0.0,0.0,687.0,79.0,3.0,2.0,0.0,0.0,0.0,0.0,0.0,0.0,0.0,0.0,0.0,idle
,idle,,,,,,,,,,,,,,,,,,,,,,,,,,,,,,,,,,,,,idle
1778097266.4974558,g5.hpc.coe,41393.0,0.5001,0.0,0.0,0.0,12288.0,135348098313.0,136420497735.0,137618278.0,139219937.0,2565902.0,0.0,0.0,0.0,0.0,0.0,0.0,0.0,0.0,0.0,0.0,0.0,0.0,729.0,79.0,3.0,2.0,0.0,0.0,0.0,0.0,0.0,0.0,0.0,0.0,0.0,idle
,idle,,,,,,,,,,,,,,,,,,,,,,,,,,,,,,,,,,,,,idle
1778097266.9975812,g5.hpc.coe,41393.0,0.5001,0.0,0.0,0.0,12288.0,135348099084.0,136420497814.0,137618281.0,139219939.0,2565902.0,0.0,0.0,0.0,0.0,0.0,0.0,0.0,0.0,0.0,0.0,0.0,0.0,771.0,79.0,3.0,2.0,0.0,0.0,0.0,0.0,0.0,0.0,0.0,0.0,0.0,idle
,idle,,,,,,,,,,,,,,,,,,,,,,,,,,,,,,,,,,,,,idle
1778097267.4977207,g5.hpc.coe,41393.0,0.5001,0.0,0.0,0.0,12288.0,135348099897.0,136420497893.0,137618284.0,139219941.0,2565902.0,0.0,0.0,0.0,0.0,0.0,0.0,0.0,0.0,0.0,0.0,0.0,0.0,813.0,79.0,3.0,2.0,0.0,0.0,0.0,0.0,0.0,0.0,0.0,0.0,0.0,idle
,idle,,,,,,,,,,,,,,,,,,,,,,,,,,,,,,,,,,,,,idle
1778097267.9978335,g5.hpc.coe,41393.0,0.5001,0.0,0.0,0.0,12288.0,135348100753.0,136420497972.0,137618287.0,139219943.0,2565902.0,0.0,0.0,0.0,0.0,0.0,0.0,0.0,0.0,0.0,0.0,0.0,0.0,856.0,79.0,3.0,2.0,0.0,0.0,0.0,0.0,0.0,0.0,0.0,0.0,0.0,idle
,idle,,,,,,,,,,,,,,,,,,,,,,,,,,,,,,,,,,,,,idle
1778097268.497971,g5.hpc.coe,41393.0,0.5001,0.0,0.0,0.0,12288.0,135348101651.0,136420498051.0,137618290.0,139219945.0,2565902.0,0.0,0.0,0.0,0.0,0.0,0.0,0.0,0.0,0.0,0.0,0.0,0.0,898.0,79.0,3.0,2.0,0.0,0.0,0.0,0.0,0.0,0.0,0.0,0.0,0.0,idle
,idle,,,,,,,,,,,,,,,,,,,,,,,,,,,,,,,,,,,,,idle
1778097268.9981072,g5.hpc.coe,41393.0,0.5001,0.0,0.0,0.0,12288.0,135348102591.0,136420498130.0,137618293.0,139219947.0,2565902.0,0.0,0.0,0.0,0.0,0.0,0.0,0.0,0.0,0.0,0.0,0.0,0.0,940.0,79.0,3.0,2.0,0.0,0.0,0.0,0.0,0.0,0.0,0.0,0.0,0.0,idle
,idle,,,,,,,,,,,,,,,,,,,,,,,,,,,,,,,,,,,,,idle
1778097269.498258,g5.hpc.coe,41393.0,0.5002,0.0,0.0,0.0,12288.0,135348103573.0,136420498209.0,137618296.0,139219949.0,2565902.0,0.0,0.0,0.0,0.0,0.0,0.0,0.0,0.0,0.0,0.0,0.0,0.0,982.0,79.0,3.0,2.0,0.0,0.0,0.0,0.0,0.0,0.0,0.0,0.0,0.0,idle
,idle,,,,,,,,,,,,,,,,,,,,,,,,,,,,,,,,,,,,,idle
1778097269.998394,g5.hpc.coe,41393.0,0.5001,0.0,0.0,0.0,12288.0,135348104674.0,136420498343.0,137618301.0,139219952.0,2565902.0,0.0,0.0,0.0,0.0,0.0,0.0,0.0,0.0,0.0,0.0,0.0,0.0,1101.0,134.0,5.0,3.0,0.0,0.0,0.0,0.0,0.0,0.0,0.0,0.0,0.0,idle
,idle,,,,,,,,,,,,,,,,,,,,,,,,,,,,,,,,,,,,,idle
1778097270.498538,g5.hpc.coe,41393.0,0.5001,0.0,0.0,0.0,12288.0,135348105763.0,136420498422.0,137618305.0,139219954.0,2565902.0,0.0,0.0,0.0,0.0,0.0,0.0,0.0,0.0,0.0,0.0,0.0,0.0,1089.0,79.0,4.0,2.0,0.0,0.0,0.0,0.0,0.0,0.0,0.0,0.0,0.0,idle
,idle,,,,,,,,,,,,,,,,,,,,,,,,,,,,,,,,,,,,,idle
1778097270.9986682,g5.hpc.coe,41393.0,0.5001,0.0,0.0,0.0,12288.0,135348106894.0,136420498501.0,137618309.0,139219956.0,2565902.0,0.0,0.0,0.0,0.0,0.0,0.0,0.0,0.0,0.0,0.0,0.0,0.0,1131.0,79.0,4.0,2.0,0.0,0.0,0.0,0.0,0.0,0.0,0.0,0.0,0.0,idle
,idle,,,,,,,,,,,,,,,,,,,,,,,,,,,,,,,,,,,,,idle
1778097271.498816,g5.hpc.coe,41393.0,0.5001,0.0,0.0,0.0,12288.0,135348108068.0,136420498580.0,137618313.0,139219958.0,2565902.0,0.0,0.0,0.0,0.0,0.0,0.0,0.0,0.0,0.0,0.0,0.0,0.0,1174.0,79.0,4.0,2.0,0.0,0.0,0.0,0.0,0.0,0.0,0.0,0.0,0.0,idle
,idle,,,,,,,,,,,,,,,,,,,,,,,,,,,,,,,,,,,,,idle
1778097271.9989529,g5.hpc.coe,41393.0,0.5001,0.0,0.0,0.0,12288.0,135348108216.0,136420498637.0,137618315.0,139219959.0,2565902.0,0.0,0.0,0.0,0.0,0.0,0.0,0.0,0.0,0.0,0.0,0.0,0.0,148.0,57.0,2.0,1.0,0.0,0.0,0.0,0.0,0.0,0.0,0.0,0.0,0.0,idle
,idle,,,,,,,,,,,,,,,,,,,,,,,,,,,,,,,,,,,,,idle
1778097272.4991052,g5.hpc.coe,41393.0,0.5002,0.0,0.0,0.0,12288.0,135348108406.0,136420498694.0,137618317.0,139219960.0,2565902.0,0.0,0.0,0.0,0.0,0.0,0.0,0.0,0.0,0.0,0.0,0.0,0.0,190.0,57.0,2.0,1.0,0.0,0.0,0.0,0.0,0.0,0.0,0.0,0.0,0.0,idle
,idle,,,,,,,,,,,,,,,,,,,,,,,,,,,,,,,,,,,,,idle
1778097272.9992392,g5.hpc.coe,41393.0,0.5001,0.0,0.0,0.0,12288.0,135348108638.0,136420498751.0,137618319.0,139219961.0,2565902.0,0.0,0.0,0.0,0.0,0.0,0.0,0.0,0.0,0.0,0.0,0.0,0.0,232.0,57.0,2.0,1.0,0.0,0.0,0.0,0.0,0.0,0.0,0.0,0.0,0.0,idle
,idle,,,,,,,,,,,,,,,,,,,,,,,,,,,,,,,,,,,,,idle
1778097273.4993682,g5.hpc.coe,41393.0,0.5001,0.0,0.0,0.0,12288.0,135348108913.0,136420498808.0,137618321.0,139219962.0,2565902.0,0.0,0.0,0.0,0.0,0.0,0.0,0.0,0.0,0.0,0.0,0.0,0.0,275.0,57.0,2.0,1.0,0.0,0.0,0.0,0.0,0.0,0.0,0.0,0.0,0.0,idle
,idle,,,,,,,,,,,,,,,,,,,,,,,,,,,,,,,,,,,,,idle
1778097273.9994807,g5.hpc.coe,41393.0,0.5001,0.0,0.0,0.0,12288.0,135348109230.0,136420498865.0,137618323.0,139219963.0,2565902.0,0.0,0.0,0.0,0.0,0.0,0.0,0.0,0.0,0.0,0.0,0.0,0.0,317.0,57.0,2.0,1.0,0.0,0.0,0.0,0.0,0.0,0.0,0.0,0.0,0.0,idle
,idle,,,,,,,,,,,,,,,,,,,,,,,,,,,,,,,,,,,,,idle
1778097274.4996264,g5.hpc.coe,41393.0,0.5001,0.0,0.0,0.0,12288.0,135348109589.0,136420498922.0,137618325.0,139219964.0,2565902.0,0.0,0.0,0.0,0.0,0.0,0.0,0.0,0.0,0.0,0.0,0.0,0.0,359.0,57.0,2.0,1.0,0.0,0.0,0.0,0.0,0.0,0.0,0.0,0.0,0.0,idle
,idle,,,,,,,,,,,,,,,,,,,,,,,,,,,,,,,,,,,,,idle
1778097274.9997752,g5.hpc.coe,41393.0,0.5001,0.0,0.0,0.0,12288.0,135348110067.0,136420499034.0,137618329.0,139219966.0,2565902.0,0.0,0.0,0.0,0.0,0.0,0.0,0.0,0.0,0.0,0.0,0.0,0.0,478.0,112.0,4.0,2.0,0.0,0.0,0.0,0.0,0.0,0.0,0.0,0.0,0.0,idle
,idle,,,,,,,,,,,,,,,,,,,,,,,,,,,,,,,,,,,,,idle
1778097275.49992,g5.hpc.coe,41393.0,0.5001,0.0,0.0,0.0,12288.0,135348110511.0,136420499091.0,137618331.0,139219967.0,2565902.0,0.0,0.0,0.0,0.0,0.0,0.0,0.0,0.0,0.0,0.0,0.0,0.0,444.0,57.0,2.0,1.0,0.0,0.0,0.0,0.0,0.0,0.0,0.0,0.0,0.0,idle
,idle,,,,,,,,,,,,,,,,,,,,,,,,,,,,,,,,,,,,,idle
1778097276.0000591,g5.hpc.coe,41393.0,0.5001,0.0,0.0,0.0,12288.0,135348110997.0,136420499148.0,137618333.0,139219968.0,2565902.0,0.0,0.0,0.0,0.0,0.0,0.0,0.0,0.0,0.0,0.0,0.0,0.0,486.0,57.0,2.0,1.0,0.0,0.0,0.0,0.0,0.0,0.0,0.0,0.0,0.0,idle
,idle,,,,,,,,,,,,,,,,,,,,,,,,,,,,,,,,,,,,,idle
1778097276.5002,g5.hpc.coe,41393.0,0.5001,0.0,0.0,0.0,12288.0,135348111525.0,136420499205.0,137618335.0,139219969.0,2565902.0,0.0,0.0,0.0,0.0,0.0,0.0,0.0,0.0,0.0,0.0,0.0,0.0,528.0,57.0,2.0,1.0,0.0,0.0,0.0,0.0,0.0,0.0,0.0,0.0,0.0,idle
,idle,,,,,,,,,,,,,,,,,,,,,,,,,,,,,,,,,,,,,idle
1778097277.0003417,g5.hpc.coe,41393.0,0.5001,0.0,0.0,0.0,12288.0,135348112739.0,136420499731.0,137618353.0,139219979.0,2565902.0,0.0,0.0,0.0,0.0,0.0,0.0,0.0,0.0,0.0,0.0,0.0,0.0,1214.0,526.0,18.0,10.0,0.0,0.0,0.0,0.0,0.0,0.0,0.0,0.0,0.0,idle
,idle,,,,,,,,,,,,,,,,,,,,,,,,,,,,,,,,,,,,,idle
1778097277.5004828,g5.hpc.coe,41393.0,0.5001,0.0,0.0,0.0,12288.0,135348113374.0,136420499810.0,137618356.0,139219981.0,2565902.0,0.0,0.0,0.0,0.0,0.0,0.0,0.0,0.0,0.0,0.0,0.0,0.0,635.0,79.0,3.0,2.0,0.0,0.0,0.0,0.0,0.0,0.0,0.0,0.0,0.0,idle
,idle,,,,,,,,,,,,,,,,,,,,,,,,,,,,,,,,,,,,,idle
1778097278.000622,g5.hpc.coe,41393.0,0.5001,0.0,0.0,0.0,12288.0,135348114051.0,136420499889.0,137618359.0,139219983.0,2565902.0,0.0,0.0,0.0,0.0,0.0,0.0,0.0,0.0,0.0,0.0,0.0,0.0,677.0,79.0,3.0,2.0,0.0,0.0,0.0,0.0,0.0,0.0,0.0,0.0,0.0,idle
,idle,,,,,,,,,,,,,,,,,,,,,,,,,,,,,,,,,,,,,idle
1778097278.5007565,g5.hpc.coe,41393.0,0.5001,0.0,0.0,0.0,12288.0,135348114770.0,136420499968.0,137618362.0,139219985.0,2565902.0,0.0,0.0,0.0,0.0,0.0,0.0,0.0,0.0,0.0,0.0,0.0,0.0,719.0,79.0,3.0,2.0,0.0,0.0,0.0,0.0,0.0,0.0,0.0,0.0,0.0,idle
,idle,,,,,,,,,,,,,,,,,,,,,,,,,,,,,,,,,,,,,idle
1778097279.0009012,g5.hpc.coe,41393.0,0.5001,0.0,0.0,0.0,12288.0,135348115531.0,136420500047.0,137618365.0,139219987.0,2565902.0,0.0,0.0,0.0,0.0,0.0,0.0,0.0,0.0,0.0,0.0,0.0,0.0,761.0,79.0,3.0,2.0,0.0,0.0,0.0,0.0,0.0,0.0,0.0,0.0,0.0,idle
,idle,,,,,,,,,,,,,,,,,,,,,,,,,,,,,,,,,,,,,idle
1778097279.501035,g5.hpc.coe,41393.0,0.5001,0.0,0.0,0.0,12288.0,135348116591.0,136420500381.0,137618373.0,139219994.0,2565902.0,0.0,0.0,0.0,0.0,0.0,0.0,0.0,0.0,0.0,0.0,0.0,0.0,1060.0,334.0,8.0,7.0,0.0,0.0,0.0,0.0,0.0,0.0,0.0,0.0,0.0,idle
,idle,,,,,,,,,,,,,,,,,,,,,,,,,,,,,,,,,,,,,idle
1778097280.0011826,g5.hpc.coe,41393.0,0.5001,0.0,0.0,0.0,12288.0,135348117536.0,136420500515.0,137618379.0,139219997.0,2565902.0,0.0,0.0,0.0,0.0,0.0,0.0,0.0,0.0,0.0,0.0,0.0,0.0,945.0,134.0,6.0,3.0,0.0,0.0,0.0,0.0,0.0,0.0,0.0,0.0,0.0,idle
,idle,,,,,,,,,,,,,,,,,,,,,,,,,,,,,,,,,,,,,idle
1778097280.5013404,g5.hpc.coe,41393.0,0.5002,0.0,0.0,0.0,12288.0,135348118424.0,136420500594.0,137618382.0,139219999.0,2565902.0,0.0,0.0,0.0,0.0,0.0,0.0,0.0,0.0,0.0,0.0,0.0,0.0,888.0,79.0,3.0,2.0,0.0,0.0,0.0,0.0,0.0,0.0,0.0,0.0,0.0,idle
,idle,,,,,,,,,,,,,,,,,,,,,,,,,,,,,,,,,,,,,idle
1778097281.0014803,g5.hpc.coe,41393.0,0.5001,0.0,0.0,0.0,12288.0,135348119355.0,136420500673.0,137618385.0,139220001.0,2565902.0,0.0,0.0,0.0,0.0,0.0,0.0,0.0,0.0,0.0,0.0,0.0,0.0,931.0,79.0,3.0,2.0,0.0,0.0,0.0,0.0,0.0,0.0,0.0,0.0,0.0,idle
,idle,,,,,,,,,,,,,,,,,,,,,,,,,,,,,,,,,,,,,idle
1778097281.501614,g5.hpc.coe,41393.0,0.5001,0.0,0.0,0.0,12288.0,135348120328.0,136420500752.0,137618388.0,139220003.0,2565902.0,0.0,0.0,0.0,0.0,0.0,0.0,0.0,0.0,0.0,0.0,0.0,0.0,973.0,79.0,3.0,2.0,0.0,0.0,0.0,0.0,0.0,0.0,0.0,0.0,0.0,idle
,idle,,,,,,,,,,,,,,,,,,,,,,,,,,,,,,,,,,,,,idle
1778097282.001754,g5.hpc.coe,41393.0,0.5001,0.0,0.0,0.0,12288.0,135348121343.0,136420500831.0,137618391.0,139220005.0,2565902.0,0.0,0.0,0.0,0.0,0.0,0.0,0.0,0.0,0.0,0.0,0.0,0.0,1015.0,79.0,3.0,2.0,0.0,0.0,0.0,0.0,0.0,0.0,0.0,0.0,0.0,idle
,idle,,,,,,,,,,,,,,,,,,,,,,,,,,,,,,,,,,,,,idle
1778097282.5019002,g5.hpc.coe,41393.0,0.5001,0.0,0.0,0.0,12288.0,135348122400.0,136420500910.0,137618394.0,139220007.0,2565902.0,0.0,0.0,0.0,0.0,0.0,0.0,0.0,0.0,0.0,0.0,0.0,0.0,1057.0,79.0,3.0,2.0,0.0,0.0,0.0,0.0,0.0,0.0,0.0,0.0,0.0,idle
,idle,,,,,,,,,,,,,,,,,,,,,,,,,,,,,,,,,,,,,idle
1778097283.0020523,g5.hpc.coe,41393.0,0.5002,0.0,0.0,0.0,12288.0,135348123522.0,136420500989.0,137618398.0,139220009.0,2565902.0,0.0,0.0,0.0,0.0,0.0,0.0,0.0,0.0,0.0,0.0,0.0,0.0,1122.0,79.0,4.0,2.0,0.0,0.0,0.0,0.0,0.0,0.0,0.0,0.0,0.0,idle
,idle,,,,,,,,,,,,,,,,,,,,,,,,,,,,,,,,,,,,,idle
1778097283.5021956,g5.hpc.coe,41393.0,0.5001,0.0,0.0,0.0,12288.0,135348124686.0,136420501068.0,137618402.0,139220011.0,2565902.0,0.0,0.0,0.0,0.0,0.0,0.0,0.0,0.0,0.0,0.0,0.0,0.0,1164.0,79.0,4.0,2.0,0.0,0.0,0.0,0.0,0.0,0.0,0.0,0.0,0.0,idle
,idle,,,,,,,,,,,,,,,,,,,,,,,,,,,,,,,,,,,,,idle
1778097284.002318,g5.hpc.coe,41393.0,0.5001,0.0,0.0,0.0,12288.0,135348124825.0,136420501125.0,137618404.0,139220012.0,2565902.0,0.0,0.0,0.0,0.0,0.0,0.0,0.0,0.0,0.0,0.0,0.0,0.0,139.0,57.0,2.0,1.0,0.0,0.0,0.0,0.0,0.0,0.0,0.0,0.0,0.0,idle
,idle,,,,,,,,,,,,,,,,,,,,,,,,,,,,,,,,,,,,,idle
1778097284.5024643,g5.hpc.coe,41393.0,0.5001,0.0,0.0,0.0,12288.0,135348125006.0,136420501182.0,137618406.0,139220013.0,2565902.0,0.0,0.0,0.0,0.0,0.0,0.0,0.0,0.0,0.0,0.0,0.0,0.0,181.0,57.0,2.0,1.0,0.0,0.0,0.0,0.0,0.0,0.0,0.0,0.0,0.0,idle
,idle,,,,,,,,,,,,,,,,,,,,,,,,,,,,,,,,,,,,,idle
1778097285.0026035,g5.hpc.coe,41393.0,0.5001,0.0,0.0,0.0,12288.0,135348125229.0,136420501239.0,137618408.0,139220014.0,2565902.0,0.0,0.0,0.0,0.0,0.0,0.0,0.0,0.0,0.0,0.0,0.0,0.0,223.0,57.0,2.0,1.0,0.0,0.0,0.0,0.0,0.0,0.0,0.0,0.0,0.0,idle
,idle,,,,,,,,,,,,,,,,,,,,,,,,,,,,,,,,,,,,,idle
1778097285.502742,g5.hpc.coe,41393.0,0.5001,0.0,0.0,0.0,12288.0,135348125549.0,136420501351.0,137618411.0,139220016.0,2565902.0,0.0,0.0,0.0,0.0,0.0,0.0,0.0,0.0,0.0,0.0,0.0,0.0,320.0,112.0,3.0,2.0,0.0,0.0,0.0,0.0,0.0,0.0,0.0,0.0,0.0,idle
,idle,,,,,,,,,,,,,,,,,,,,,,,,,,,,,,,,,,,,,idle
1778097286.0028872,g5.hpc.coe,41393.0,0.5001,0.0,0.0,0.0,12288.0,135348125857.0,136420501408.0,137618413.0,139220017.0,2565902.0,0.0,0.0,0.0,0.0,0.0,0.0,0.0,0.0,0.0,0.0,0.0,0.0,308.0,57.0,2.0,1.0,0.0,0.0,0.0,0.0,0.0,0.0,0.0,0.0,0.0,idle
,idle,,,,,,,,,,,,,,,,,,,,,,,,,,,,,,,,,,,,,idle
1778097286.5030196,g5.hpc.coe,41393.0,0.5001,0.0,0.0,0.0,12288.0,135348126207.0,136420501465.0,137618415.0,139220018.0,2565902.0,0.0,0.0,0.0,0.0,0.0,0.0,0.0,0.0,0.0,0.0,0.0,0.0,350.0,57.0,2.0,1.0,0.0,0.0,0.0,0.0,0.0,0.0,0.0,0.0,0.0,idle
,idle,,,,,,,,,,,,,,,,,,,,,,,,,,,,,,,,,,,,,idle
1778097287.003148,g5.hpc.coe,41393.0,0.5001,0.0,0.0,0.0,12288.0,135348126599.0,136420501522.0,137618417.0,139220019.0,2565902.0,0.0,0.0,0.0,0.0,0.0,0.0,0.0,0.0,0.0,0.0,0.0,0.0,392.0,57.0,2.0,1.0,0.0,0.0,0.0,0.0,0.0,0.0,0.0,0.0,0.0,idle
,idle,,,,,,,,,,,,,,,,,,,,,,,,,,,,,,,,,,,,,idle
1778097287.503276,g5.hpc.coe,41393.0,0.5001,0.0,0.0,0.0,12288.0,135348127033.0,136420501579.0,137618419.0,139220020.0,2565902.0,0.0,0.0,0.0,0.0,0.0,0.0,0.0,0.0,0.0,0.0,0.0,0.0,434.0,57.0,2.0,1.0,0.0,0.0,0.0,0.0,0.0,0.0,0.0,0.0,0.0,idle
,idle,,,,,,,,,,,,,,,,,,,,,,,,,,,,,,,,,,,,,idle
1778097288.003394,g5.hpc.coe,41393.0,0.5001,0.0,0.0,0.0,12288.0,135348127509.0,136420501636.0,137618421.0,139220021.0,2565902.0,0.0,0.0,0.0,0.0,0.0,0.0,0.0,0.0,0.0,0.0,0.0,0.0,476.0,57.0,2.0,1.0,0.0,0.0,0.0,0.0,0.0,0.0,0.0,0.0,0.0,idle
,idle,,,,,,,,,,,,,,,,,,,,,,,,,,,,,,,,,,,,,idle
1778097288.503526,g5.hpc.coe,41393.0,0.5001,0.0,0.0,0.0,12288.0,135348128027.0,136420501693.0,137618423.0,139220022.0,2565902.0,0.0,0.0,0.0,0.0,0.0,0.0,0.0,0.0,0.0,0.0,0.0,0.0,518.0,57.0,2.0,1.0,0.0,0.0,0.0,0.0,0.0,0.0,0.0,0.0,0.0,idle
,idle,,,,,,,,,,,,,,,,,,,,,,,,,,,,,,,,,,,,,idle
1778097289.0036387,g5.hpc.coe,41393.0,0.5001,0.0,0.0,0.0,12288.0,135348128609.0,136420501772.0,137618426.0,139220024.0,2565902.0,0.0,0.0,0.0,0.0,0.0,0.0,0.0,0.0,0.0,0.0,0.0,0.0,582.0,79.0,3.0,2.0,0.0,0.0,0.0,0.0,0.0,0.0,0.0,0.0,0.0,idle
,idle,,,,,,,,,,,,,,,,,,,,,,,,,,,,,,,,,,,,,idle
1778097289.503772,g5.hpc.coe,41393.0,0.5001,0.0,0.0,0.0,12288.0,135348129234.0,136420501851.0,137618429.0,139220026.0,2565902.0,0.0,0.0,0.0,0.0,0.0,0.0,0.0,0.0,0.0,0.0,0.0,0.0,625.0,79.0,3.0,2.0,0.0,0.0,0.0,0.0,0.0,0.0,0.0,0.0,0.0,idle
,idle,,,,,,,,,,,,,,,,,,,,,,,,,,,,,,,,,,,,,idle
1778097290.003912,g5.hpc.coe,41393.0,0.5001,0.0,0.0,0.0,12288.0,135348129901.0,136420501930.0,137618432.0,139220028.0,2565902.0,0.0,0.0,0.0,0.0,0.0,0.0,0.0,0.0,0.0,0.0,0.0,0.0,667.0,79.0,3.0,2.0,0.0,0.0,0.0,0.0,0.0,0.0,0.0,0.0,0.0,idle
,idle,,,,,,,,,,,,,,,,,,,,,,,,,,,,,,,,,,,,,idle
1778097290.5040586,g5.hpc.coe,41393.0,0.5001,0.0,0.0,0.0,12288.0,135348130687.0,136420502064.0,137618437.0,139220031.0,2565902.0,0.0,0.0,0.0,0.0,0.0,0.0,0.0,0.0,0.0,0.0,0.0,0.0,786.0,134.0,5.0,3.0,0.0,0.0,0.0,0.0,0.0,0.0,0.0,0.0,0.0,idle
,idle,,,,,,,,,,,,,,,,,,,,,,,,,,,,,,,,,,,,,idle
1778097291.004202,g5.hpc.coe,41393.0,0.5001,0.0,0.0,0.0,12288.0,135348131438.0,136420502143.0,137618440.0,139220033.0,2565902.0,0.0,0.0,0.0,0.0,0.0,0.0,0.0,0.0,0.0,0.0,0.0,0.0,751.0,79.0,3.0,2.0,0.0,0.0,0.0,0.0,0.0,0.0,0.0,0.0,0.0,idle
,idle,,,,,,,,,,,,,,,,,,,,,,,,,,,,,,,,,,,,,idle
1778097291.5043256,g5.hpc.coe,41393.0,0.5001,0.0,0.0,0.0,12288.0,135348132231.0,136420502222.0,137618443.0,139220035.0,2565902.0,0.0,0.0,0.0,0.0,0.0,0.0,0.0,0.0,0.0,0.0,0.0,0.0,793.0,79.0,3.0,2.0,0.0,0.0,0.0,0.0,0.0,0.0,0.0,0.0,0.0,idle
,idle,,,,,,,,,,,,,,,,,,,,,,,,,,,,,,,,,,,,,idle
1778097292.0044675,g5.hpc.coe,41393.0,0.5001,0.0,0.0,0.0,12288.0,135348133689.0,136420502748.0,137618461.0,139220045.0,2565902.0,0.0,0.0,0.0,0.0,0.0,0.0,0.0,0.0,0.0,0.0,0.0,0.0,1458.0,526.0,18.0,10.0,0.0,0.0,0.0,0.0,0.0,0.0,0.0,0.0,0.0,idle
,idle,,,,,,,,,,,,,,,,,,,,,,,,,,,,,,,,,,,,,idle
1778097292.5046103,g5.hpc.coe,41393.0,0.5001,0.0,0.0,0.0,12288.0,135348134568.0,136420502827.0,137618464.0,139220047.0,2565902.0,0.0,0.0,0.0,0.0,0.0,0.0,0.0,0.0,0.0,0.0,0.0,0.0,879.0,79.0,3.0,2.0,0.0,0.0,0.0,0.0,0.0,0.0,0.0,0.0,0.0,idle
,idle,,,,,,,,,,,,,,,,,,,,,,,,,,,,,,,,,,,,,idle
1778097293.004764,g5.hpc.coe,41393.0,0.5002,0.0,0.0,0.0,12288.0,135348135489.0,136420502906.0,137618467.0,139220049.0,2565902.0,0.0,0.0,0.0,0.0,0.0,0.0,0.0,0.0,0.0,0.0,0.0,0.0,921.0,79.0,3.0,2.0,0.0,0.0,0.0,0.0,0.0,0.0,0.0,0.0,0.0,idle
,idle,,,,,,,,,,,,,,,,,,,,,,,,,,,,,,,,,,,,,idle
1778097293.5049088,g5.hpc.coe,41393.0,0.5001,0.0,0.0,0.0,12288.0,135348136452.0,136420502985.0,137618470.0,139220051.0,2565902.0,0.0,0.0,0.0,0.0,0.0,0.0,0.0,0.0,0.0,0.0,0.0,0.0,963.0,79.0,3.0,2.0,0.0,0.0,0.0,0.0,0.0,0.0,0.0,0.0,0.0,idle
,idle,,,,,,,,,,,,,,,,,,,,,,,,,,,,,,,,,,,,,idle
1778097294.0050194,g5.hpc.coe,41393.0,0.5001,0.0,0.0,0.0,12288.0,135348137457.0,136420503064.0,137618473.0,139220053.0,2565902.0,0.0,0.0,0.0,0.0,0.0,0.0,0.0,0.0,0.0,0.0,0.0,0.0,1005.0,79.0,3.0,2.0,0.0,0.0,0.0,0.0,0.0,0.0,0.0,0.0,0.0,idle
,idle,,,,,,,,,,,,,,,,,,,,,,,,,,,,,,,,,,,,,idle
1778097294.5051503,g5.hpc.coe,41393.0,0.5001,0.0,0.0,0.0,12288.0,135348138505.0,136420503143.0,137618476.0,139220055.0,2565902.0,0.0,0.0,0.0,0.0,0.0,0.0,0.0,0.0,0.0,0.0,0.0,0.0,1048.0,79.0,3.0,2.0,0.0,0.0,0.0,0.0,0.0,0.0,0.0,0.0,0.0,idle
,idle,,,,,,,,,,,,,,,,,,,,,,,,,,,,,,,,,,,,,idle
1778097295.0052652,g5.hpc.coe,41393.0,0.5001,0.0,0.0,0.0,12288.0,135348139617.0,136420503222.0,137618480.0,139220057.0,2565902.0,0.0,0.0,0.0,0.0,0.0,0.0,0.0,0.0,0.0,0.0,0.0,0.0,1112.0,79.0,4.0,2.0,0.0,0.0,0.0,0.0,0.0,0.0,0.0,0.0,0.0,idle
,idle,,,,,,,,,,,,,,,,,,,,,,,,,,,,,,,,,,,,,idle
1778097295.5053823,g5.hpc.coe,41393.0,0.5001,0.0,0.0,0.0,12288.0,135348140849.0,136420503356.0,137618486.0,139220060.0,2565902.0,0.0,0.0,0.0,0.0,0.0,0.0,0.0,0.0,0.0,0.0,0.0,0.0,1232.0,134.0,6.0,3.0,0.0,0.0,0.0,0.0,0.0,0.0,0.0,0.0,0.0,idle
,idle,,,,,,,,,,,,,,,,,,,,,,,,,,,,,,,,,,,,,idle
1778097296.0054996,g5.hpc.coe,41393.0,0.5001,0.0,0.0,0.0,12288.0,135348140978.0,136420503413.0,137618488.0,139220061.0,2565902.0,0.0,0.0,0.0,0.0,0.0,0.0,0.0,0.0,0.0,0.0,0.0,0.0,129.0,57.0,2.0,1.0,0.0,0.0,0.0,0.0,0.0,0.0,0.0,0.0,0.0,idle
,idle,,,,,,,,,,,,,,,,,,,,,,,,,,,,,,,,,,,,,idle
1778097296.5056365,g5.hpc.coe,41393.0,0.5001,0.0,0.0,0.0,12288.0,135348141150.0,136420503470.0,137618490.0,139220062.0,2565902.0,0.0,0.0,0.0,0.0,0.0,0.0,0.0,0.0,0.0,0.0,0.0,0.0,172.0,57.0,2.0,1.0,0.0,0.0,0.0,0.0,0.0,0.0,0.0,0.0,0.0,idle
,idle,,,,,,,,,,,,,,,,,,,,,,,,,,,,,,,,,,,,,idle
1778097297.0057757,g5.hpc.coe,41393.0,0.5001,0.0,0.0,0.0,12288.0,135348141364.0,136420503527.0,137618492.0,139220063.0,2565902.0,0.0,0.0,0.0,0.0,0.0,0.0,0.0,0.0,0.0,0.0,0.0,0.0,214.0,57.0,2.0,1.0,0.0,0.0,0.0,0.0,0.0,0.0,0.0,0.0,0.0,idle
,idle,,,,,,,,,,,,,,,,,,,,,,,,,,,,,,,,,,,,,idle
1778097297.5058916,g5.hpc.coe,41393.0,0.5001,0.0,0.0,0.0,12288.0,135348141620.0,136420503584.0,137618494.0,139220064.0,2565902.0,0.0,0.0,0.0,0.0,0.0,0.0,0.0,0.0,0.0,0.0,0.0,0.0,256.0,57.0,2.0,1.0,0.0,0.0,0.0,0.0,0.0,0.0,0.0,0.0,0.0,idle
,idle,,,,,,,,,,,,,,,,,,,,,,,,,,,,,,,,,,,,,idle
1778097298.0060215,g5.hpc.coe,41393.0,0.5001,0.0,0.0,0.0,12288.0,135348141918.0,136420503641.0,137618496.0,139220065.0,2565902.0,0.0,0.0,0.0,0.0,0.0,0.0,0.0,0.0,0.0,0.0,0.0,0.0,298.0,57.0,2.0,1.0,0.0,0.0,0.0,0.0,0.0,0.0,0.0,0.0,0.0,idle
,idle,,,,,,,,,,,,,,,,,,,,,,,,,,,,,,,,,,,,,idle
1778097298.5061595,g5.hpc.coe,41393.0,0.5001,0.0,0.0,0.0,12288.0,135348142259.0,136420503698.0,137618498.0,139220066.0,2565902.0,0.0,0.0,0.0,0.0,0.0,0.0,0.0,0.0,0.0,0.0,0.0,0.0,341.0,57.0,2.0,1.0,0.0,0.0,0.0,0.0,0.0,0.0,0.0,0.0,0.0,idle
,idle,,,,,,,,,,,,,,,,,,,,,,,,,,,,,,,,,,,,,idle
1778097299.0062933,g5.hpc.coe,41393.0,0.5001,0.0,0.0,0.0,12288.0,135348142642.0,136420503755.0,137618500.0,139220067.0,2565902.0,0.0,0.0,0.0,0.0,0.0,0.0,0.0,0.0,0.0,0.0,0.0,0.0,383.0,57.0,2.0,1.0,0.0,0.0,0.0,0.0,0.0,0.0,0.0,0.0,0.0,idle
,idle,,,,,,,,,,,,,,,,,,,,,,,,,,,,,,,,,,,,,idle
1778097299.506432,g5.hpc.coe,41393.0,0.5001,0.0,0.0,0.0,12288.0,135348143067.0,136420503812.0,137618502.0,139220068.0,2565902.0,0.0,0.0,0.0,0.0,0.0,0.0,0.0,0.0,0.0,0.0,0.0,0.0,425.0,57.0,2.0,1.0,0.0,0.0,0.0,0.0,0.0,0.0,0.0,0.0,0.0,idle
,idle,,,,,,,,,,,,,,,,,,,,,,,,,,,,,,,,,,,,,idle
1778097300.0065498,g5.hpc.coe,41393.0,0.5001,0.0,0.0,0.0,12288.0,135348143534.0,136420503869.0,137618504.0,139220069.0,2565902.0,0.0,0.0,0.0,0.0,0.0,0.0,0.0,0.0,0.0,0.0,0.0,0.0,467.0,57.0,2.0,1.0,0.0,0.0,0.0,0.0,0.0,0.0,0.0,0.0,0.0,idle
,idle,,,,,,,,,,,,,,,,,,,,,,,,,,,,,,,,,,,,,idle
1778097300.506697,g5.hpc.coe,41393.0,0.5001,0.0,0.0,0.0,12288.0,135348144120.0,136420503981.0,137618508.0,139220071.0,2565902.0,0.0,0.0,0.0,0.0,0.0,0.0,0.0,0.0,0.0,0.0,0.0,0.0,586.0,112.0,4.0,2.0,0.0,0.0,0.0,0.0,0.0,0.0,0.0,0.0,0.0,idle
,idle,,,,,,,,,,,,,,,,,,,,,,,,,,,,,,,,,,,,,idle
1778097301.0068262,g5.hpc.coe,41393.0,0.5001,0.0,0.0,0.0,12288.0,135348144694.0,136420504060.0,137618511.0,139220073.0,2565902.0,0.0,0.0,0.0,0.0,0.0,0.0,0.0,0.0,0.0,0.0,0.0,0.0,574.0,79.0,3.0,2.0,0.0,0.0,0.0,0.0,0.0,0.0,0.0,0.0,0.0,idle
,idle,,,,,,,,,,,,,,,,,,,,,,,,,,,,,,,,,,,,,idle
1778097301.5069685,g5.hpc.coe,41393.0,0.5001,0.0,0.0,0.0,12288.0,135348145310.0,136420504139.0,137618514.0,139220075.0,2565902.0,0.0,0.0,0.0,0.0,0.0,0.0,0.0,0.0,0.0,0.0,0.0,0.0,616.0,79.0,3.0,2.0,0.0,0.0,0.0,0.0,0.0,0.0,0.0,0.0,0.0,idle
,idle,,,,,,,,,,,,,,,,,,,,,,,,,,,,,,,,,,,,,idle
1778097302.007103,g5.hpc.coe,41393.0,0.5001,0.0,0.0,0.0,12288.0,135348145968.0,136420504218.0,137618517.0,139220077.0,2565902.0,0.0,0.0,0.0,0.0,0.0,0.0,0.0,0.0,0.0,0.0,0.0,0.0,658.0,79.0,3.0,2.0,0.0,0.0,0.0,0.0,0.0,0.0,0.0,0.0,0.0,idle
,idle,,,,,,,,,,,,,,,,,,,,,,,,,,,,,,,,,,,,,idle
1778097302.507218,g5.hpc.coe,41393.0,0.5001,0.0,0.0,0.0,12288.0,135348146668.0,136420504297.0,137618520.0,139220079.0,2565902.0,0.0,0.0,0.0,0.0,0.0,0.0,0.0,0.0,0.0,0.0,0.0,0.0,700.0,79.0,3.0,2.0,0.0,0.0,0.0,0.0,0.0,0.0,0.0,0.0,0.0,idle
,idle,,,,,,,,,,,,,,,,,,,,,,,,,,,,,,,,,,,,,idle
1778097303.0073287,g5.hpc.coe,41393.0,0.5001,0.0,0.0,0.0,12288.0,135348147410.0,136420504376.0,137618523.0,139220081.0,2565902.0,0.0,0.0,0.0,0.0,0.0,0.0,0.0,0.0,0.0,0.0,0.0,0.0,742.0,79.0,3.0,2.0,0.0,0.0,0.0,0.0,0.0,0.0,0.0,0.0,0.0,idle
,idle,,,,,,,,,,,,,,,,,,,,,,,,,,,,,,,,,,,,,idle
1778097303.507469,g5.hpc.coe,41393.0,0.5001,0.0,0.0,0.0,12288.0,135348148195.0,136420504455.0,137618526.0,139220083.0,2565902.0,0.0,0.0,0.0,0.0,0.0,0.0,0.0,0.0,0.0,0.0,0.0,0.0,785.0,79.0,3.0,2.0,0.0,0.0,0.0,0.0,0.0,0.0,0.0,0.0,0.0,idle
,idle,,,,,,,,,,,,,,,,,,,,,,,,,,,,,,,,,,,,,idle
1778097304.0075989,g5.hpc.coe,41393.0,0.5001,0.0,0.0,0.0,12288.0,135348149022.0,136420504534.0,137618529.0,139220085.0,2565902.0,0.0,0.0,0.0,0.0,0.0,0.0,0.0,0.0,0.0,0.0,0.0,0.0,827.0,79.0,3.0,2.0,0.0,0.0,0.0,0.0,0.0,0.0,0.0,0.0,0.0,idle
,idle,,,,,,,,,,,,,,,,,,,,,,,,,,,,,,,,,,,,,idle
1778097304.507721,g5.hpc.coe,41393.0,0.5001,0.0,0.0,0.0,12288.0,135348149891.0,136420504613.0,137618532.0,139220087.0,2565902.0,0.0,0.0,0.0,0.0,0.0,0.0,0.0,0.0,0.0,0.0,0.0,0.0,869.0,79.0,3.0,2.0,0.0,0.0,0.0,0.0,0.0,0.0,0.0,0.0,0.0,idle
,idle,,,,,,,,,,,,,,,,,,,,,,,,,,,,,,,,,,,,,idle
1778097305.007857,g5.hpc.coe,41393.0,0.5001,0.0,0.0,0.0,12288.0,135348150802.0,136420504692.0,137618535.0,139220089.0,2565902.0,0.0,0.0,0.0,0.0,0.0,0.0,0.0,0.0,0.0,0.0,0.0,0.0,911.0,79.0,3.0,2.0,0.0,0.0,0.0,0.0,0.0,0.0,0.0,0.0,0.0,idle
,idle,,,,,,,,,,,,,,,,,,,,,,,,,,,,,,,,,,,,,idle
1778097305.507995,g5.hpc.coe,41393.0,0.5001,0.0,0.0,0.0,12288.0,135348151755.0,136420504771.0,137618538.0,139220091.0,2565902.0,0.0,0.0,0.0,0.0,0.0,0.0,0.0,0.0,0.0,0.0,0.0,0.0,953.0,79.0,3.0,2.0,0.0,0.0,0.0,0.0,0.0,0.0,0.0,0.0,0.0,idle
,idle,,,,,,,,,,,,,,,,,,,,,,,,,,,,,,,,,,,,,idle
1778097306.0081394,g5.hpc.coe,41393.0,0.5001,0.0,0.0,0.0,12288.0,135348152750.0,136420504850.0,137618541.0,139220093.0,2565902.0,0.0,0.0,0.0,0.0,0.0,0.0,0.0,0.0,0.0,0.0,0.0,0.0,995.0,79.0,3.0,2.0,0.0,0.0,0.0,0.0,0.0,0.0,0.0,0.0,0.0,idle
,idle,,,,,,,,,,,,,,,,,,,,,,,,,,,,,,,,,,,,,idle
1778097306.508283,g5.hpc.coe,41393.0,0.5001,0.0,0.0,0.0,12288.0,135348153788.0,136420504929.0,137618544.0,139220095.0,2565902.0,0.0,0.0,0.0,0.0,0.0,0.0,0.0,0.0,0.0,0.0,0.0,0.0,1038.0,79.0,3.0,2.0,0.0,0.0,0.0,0.0,0.0,0.0,0.0,0.0,0.0,idle
,idle,,,,,,,,,,,,,,,,,,,,,,,,,,,,,,,,,,,,,idle
1778097307.0083988,g5.hpc.coe,41393.0,0.5001,0.0,0.0,0.0,12288.0,135348155513.0,136420505455.0,137618563.0,139220105.0,2565902.0,0.0,0.0,0.0,0.0,0.0,0.0,0.0,0.0,0.0,0.0,0.0,0.0,1725.0,526.0,19.0,10.0,0.0,0.0,0.0,0.0,0.0,0.0,0.0,0.0,0.0,idle
,idle,,,,,,,,,,,,,,,,,,,,,,,,,,,,,,,,,,,,,idle
1778097307.508535,g5.hpc.coe,41393.0,0.5001,0.0,0.0,0.0,12288.0,135348156658.0,136420505534.0,137618567.0,139220107.0,2565902.0,0.0,0.0,0.0,0.0,0.0,0.0,0.0,0.0,0.0,0.0,0.0,0.0,1145.0,79.0,4.0,2.0,0.0,0.0,0.0,0.0,0.0,0.0,0.0,0.0,0.0,idle
,idle,,,,,,,,,,,,,,,,,,,,,,,,,,,,,,,,,,,,,idle
1778097308.008655,g5.hpc.coe,41393.0,0.5001,0.0,0.0,0.0,12288.0,135348157846.0,136420505613.0,137618571.0,139220109.0,2565902.0,0.0,0.0,0.0,0.0,0.0,0.0,0.0,0.0,0.0,0.0,0.0,0.0,1188.0,79.0,4.0,2.0,0.0,0.0,0.0,0.0,0.0,0.0,0.0,0.0,0.0,idle
,idle,,,,,,,,,,,,,,,,,,,,,,,,,,,,,,,,,,,,,idle
1778097308.5088031,g5.hpc.coe,41393.0,0.5001,0.0,0.0,0.0,12288.0,135348158008.0,136420505670.0,137618573.0,139220110.0,2565902.0,0.0,0.0,0.0,0.0,0.0,0.0,0.0,0.0,0.0,0.0,0.0,0.0,162.0,57.0,2.0,1.0,0.0,0.0,0.0,0.0,0.0,0.0,0.0,0.0,0.0,idle
,idle,,,,,,,,,,,,,,,,,,,,,,,,,,,,,,,,,,,,,idle
1778097309.008937,g5.hpc.coe,41393.0,0.5001,0.0,0.0,0.0,12288.0,135348158212.0,136420505727.0,137618575.0,139220111.0,2565902.0,0.0,0.0,0.0,0.0,0.0,0.0,0.0,0.0,0.0,0.0,0.0,0.0,204.0,57.0,2.0,1.0,0.0,0.0,0.0,0.0,0.0,0.0,0.0,0.0,0.0,idle
,idle,,,,,,,,,,,,,,,,,,,,,,,,,,,,,,,,,,,,,idle
1778097309.5090797,g5.hpc.coe,41393.0,0.5001,0.0,0.0,0.0,12288.0,135348158458.0,136420505784.0,137618577.0,139220112.0,2565902.0,0.0,0.0,0.0,0.0,0.0,0.0,0.0,0.0,0.0,0.0,0.0,0.0,246.0,57.0,2.0,1.0,0.0,0.0,0.0,0.0,0.0,0.0,0.0,0.0,0.0,idle
,idle,,,,,,,,,,,,,,,,,,,,,,,,,,,,,,,,,,,,,idle
1778097310.0092072,g5.hpc.coe,41393.0,0.5001,0.0,0.0,0.0,12288.0,135348158746.0,136420505841.0,137618579.0,139220113.0,2565902.0,0.0,0.0,0.0,0.0,0.0,0.0,0.0,0.0,0.0,0.0,0.0,0.0,288.0,57.0,2.0,1.0,0.0,0.0,0.0,0.0,0.0,0.0,0.0,0.0,0.0,idle
,idle,,,,,,,,,,,,,,,,,,,,,,,,,,,,,,,,,,,,,idle
1778097310.5093536,g5.hpc.coe,41393.0,0.5001,0.0,0.0,0.0,12288.0,135348159077.0,136420505898.0,137618581.0,139220114.0,2565902.0,0.0,0.0,0.0,0.0,0.0,0.0,0.0,0.0,0.0,0.0,0.0,0.0,331.0,57.0,2.0,1.0,0.0,0.0,0.0,0.0,0.0,0.0,0.0,0.0,0.0,idle
,idle,,,,,,,,,,,,,,,,,,,,,,,,,,,,,,,,,,,,,idle
1778097311.0094864,g5.hpc.coe,41393.0,0.5001,0.0,0.0,0.0,12288.0,135348159527.0,136420506010.0,137618585.0,139220116.0,2565902.0,0.0,0.0,0.0,0.0,0.0,0.0,0.0,0.0,0.0,0.0,0.0,0.0,450.0,112.0,4.0,2.0,0.0,0.0,0.0,0.0,0.0,0.0,0.0,0.0,0.0,idle
,idle,,,,,,,,,,,,,,,,,,,,,,,,,,,,,,,,,,,,,idle
1778097311.509622,g5.hpc.coe,41393.0,0.5001,0.0,0.0,0.0,12288.0,135348159942.0,136420506067.0,137618587.0,139220117.0,2565902.0,0.0,0.0,0.0,0.0,0.0,0.0,0.0,0.0,0.0,0.0,0.0,0.0,415.0,57.0,2.0,1.0,0.0,0.0,0.0,0.0,0.0,0.0,0.0,0.0,0.0,idle
,idle,,,,,,,,,,,,,,,,,,,,,,,,,,,,,,,,,,,,,idle
1778097312.0097597,g5.hpc.coe,41393.0,0.5001,0.0,0.0,0.0,12288.0,135348160400.0,136420506124.0,137618589.0,139220118.0,2565902.0,0.0,0.0,0.0,0.0,0.0,0.0,0.0,0.0,0.0,0.0,0.0,0.0,458.0,57.0,2.0,1.0,0.0,0.0,0.0,0.0,0.0,0.0,0.0,0.0,0.0,idle
,idle,,,,,,,,,,,,,,,,,,,,,,,,,,,,,,,,,,,,,idle
1778097312.509899,g5.hpc.coe,41393.0,0.5001,0.0,0.0,0.0,12288.0,135348160900.0,136420506181.0,137618591.0,139220119.0,2565902.0,0.0,0.0,0.0,0.0,0.0,0.0,0.0,0.0,0.0,0.0,0.0,0.0,500.0,57.0,2.0,1.0,0.0,0.0,0.0,0.0,0.0,0.0,0.0,0.0,0.0,idle
,idle,,,,,,,,,,,,,,,,,,,,,,,,,,,,,,,,,,,,,idle
1778097313.010033,g5.hpc.coe,41393.0,0.5001,0.0,0.0,0.0,12288.0,135348161442.0,136420506238.0,137618593.0,139220120.0,2565902.0,0.0,0.0,0.0,0.0,0.0,0.0,0.0,0.0,0.0,0.0,0.0,0.0,542.0,57.0,2.0,1.0,0.0,0.0,0.0,0.0,0.0,0.0,0.0,0.0,0.0,idle
,idle,,,,,,,,,,,,,,,,,,,,,,,,,,,,,,,,,,,,,idle
1778097313.5101671,g5.hpc.coe,41393.0,0.5001,0.0,0.0,0.0,12288.0,135348162048.0,136420506317.0,137618596.0,139220122.0,2565902.0,0.0,0.0,0.0,0.0,0.0,0.0,0.0,0.0,0.0,0.0,0.0,0.0,606.0,79.0,3.0,2.0,0.0,0.0,0.0,0.0,0.0,0.0,0.0,0.0,0.0,idle
,idle,,,,,,,,,,,,,,,,,,,,,,,,,,,,,,,,,,,,,idle
1778097314.0103073,g5.hpc.coe,41393.0,0.5001,0.0,0.0,0.0,12288.0,135348162696.0,136420506396.0,137618599.0,139220124.0,2565902.0,0.0,0.0,0.0,0.0,0.0,0.0,0.0,0.0,0.0,0.0,0.0,0.0,648.0,79.0,3.0,2.0,0.0,0.0,0.0,0.0,0.0,0.0,0.0,0.0,0.0,idle
,idle,,,,,,,,,,,,,,,,,,,,,,,,,,,,,,,,,,,,,idle
1778097314.5104394,g5.hpc.coe,41393.0,0.5001,0.0,0.0,0.0,12288.0,135348163386.0,136420506475.0,137618602.0,139220126.0,2565902.0,0.0,0.0,0.0,0.0,0.0,0.0,0.0,0.0,0.0,0.0,0.0,0.0,690.0,79.0,3.0,2.0,0.0,0.0,0.0,0.0,0.0,0.0,0.0,0.0,0.0,idle
,idle,,,,,,,,,,,,,,,,,,,,,,,,,,,,,,,,,,,,,idle
1778097315.0105731,g5.hpc.coe,41393.0,0.5001,0.0,0.0,0.0,12288.0,135348164119.0,136420506554.0,137618605.0,139220128.0,2565902.0,0.0,0.0,0.0,0.0,0.0,0.0,0.0,0.0,0.0,0.0,0.0,0.0,733.0,79.0,3.0,2.0,0.0,0.0,0.0,0.0,0.0,0.0,0.0,0.0,0.0,idle
,idle,,,,,,,,,,,,,,,,,,,,,,,,,,,,,,,,,,,,,idle
1778097315.510688,g5.hpc.coe,41393.0,0.5001,0.0,0.0,0.0,12288.0,135348164894.0,136420506633.0,137618608.0,139220130.0,2565902.0,0.0,0.0,0.0,0.0,0.0,0.0,0.0,0.0,0.0,0.0,0.0,0.0,775.0,79.0,3.0,2.0,0.0,0.0,0.0,0.0,0.0,0.0,0.0,0.0,0.0,idle
,idle,,,,,,,,,,,,,,,,,,,,,,,,,,,,,,,,,,,,,idle
1778097316.0108068,g5.hpc.coe,41393.0,0.5001,0.0,0.0,0.0,12288.0,135348165788.0,136420506767.0,137618613.0,139220133.0,2565902.0,0.0,0.0,0.0,0.0,0.0,0.0,0.0,0.0,0.0,0.0,0.0,0.0,894.0,134.0,5.0,3.0,0.0,0.0,0.0,0.0,0.0,0.0,0.0,0.0,0.0,idle
,idle,,,,,,,,,,,,,,,,,,,,,,,,,,,,,,,,,,,,,idle
1778097316.5109382,g5.hpc.coe,41393.0,0.5001,0.0,0.0,0.0,12288.0,135348166647.0,136420506846.0,137618616.0,139220135.0,2565902.0,0.0,0.0,0.0,0.0,0.0,0.0,0.0,0.0,0.0,0.0,0.0,0.0,859.0,79.0,3.0,2.0,0.0,0.0,0.0,0.0,0.0,0.0,0.0,0.0,0.0,idle
,idle,,,,,,,,,,,,,,,,,,,,,,,,,,,,,,,,,,,,,idle
1778097317.0110743,g5.hpc.coe,41393.0,0.5001,0.0,0.0,0.0,12288.0,135348167549.0,136420506925.0,137618619.0,139220137.0,2565902.0,0.0,0.0,0.0,0.0,0.0,0.0,0.0,0.0,0.0,0.0,0.0,0.0,902.0,79.0,3.0,2.0,0.0,0.0,0.0,0.0,0.0,0.0,0.0,0.0,0.0,idle
,idle,,,,,,,,,,,,,,,,,,,,,,,,,,,,,,,,,,,,,idle
1778097317.5112145,g5.hpc.coe,41393.0,0.5001,0.0,0.0,0.0,12288.0,135348168493.0,136420507004.0,137618622.0,139220139.0,2565902.0,0.0,0.0,0.0,0.0,0.0,0.0,0.0,0.0,0.0,0.0,0.0,0.0,944.0,79.0,3.0,2.0,0.0,0.0,0.0,0.0,0.0,0.0,0.0,0.0,0.0,idle
,idle,,,,,,,,,,,,,,,,,,,,,,,,,,,,,,,,,,,,,idle
1778097318.011351,g5.hpc.coe,41393.0,0.5001,0.0,0.0,0.0,12288.0,135348169479.0,136420507083.0,137618625.0,139220141.0,2565902.0,0.0,0.0,0.0,0.0,0.0,0.0,0.0,0.0,0.0,0.0,0.0,0.0,986.0,79.0,3.0,2.0,0.0,0.0,0.0,0.0,0.0,0.0,0.0,0.0,0.0,idle
,idle,,,,,,,,,,,,,,,,,,,,,,,,,,,,,,,,,,,,,idle
1778097318.5114655,g5.hpc.coe,41393.0,0.5001,0.0,0.0,0.0,12288.0,135348170507.0,136420507162.0,137618628.0,139220143.0,2565902.0,0.0,0.0,0.0,0.0,0.0,0.0,0.0,0.0,0.0,0.0,0.0,0.0,1028.0,79.0,3.0,2.0,0.0,0.0,0.0,0.0,0.0,0.0,0.0,0.0,0.0,idle
,idle,,,,,,,,,,,,,,,,,,,,,,,,,,,,,,,,,,,,,idle
1778097319.0116043,g5.hpc.coe,41393.0,0.5001,0.0,0.0,0.0,12288.0,135348171600.0,136420507241.0,137618632.0,139220145.0,2565902.0,0.0,0.0,0.0,0.0,0.0,0.0,0.0,0.0,0.0,0.0,0.0,0.0,1093.0,79.0,4.0,2.0,0.0,0.0,0.0,0.0,0.0,0.0,0.0,0.0,0.0,idle
,idle,,,,,,,,,,,,,,,,,,,,,,,,,,,,,,,,,,,,,idle
1778097319.5117235,g5.hpc.coe,41393.0,0.5001,0.0,0.0,0.0,12288.0,135348172735.0,136420507320.0,137618636.0,139220147.0,2565902.0,0.0,0.0,0.0,0.0,0.0,0.0,0.0,0.0,0.0,0.0,0.0,0.0,1135.0,79.0,4.0,2.0,0.0,0.0,0.0,0.0,0.0,0.0,0.0,0.0,0.0,idle
,idle,,,,,,,,,,,,,,,,,,,,,,,,,,,,,,,,,,,,,idle
1778097320.011852,g5.hpc.coe,41393.0,0.5001,0.0,0.0,0.0,12288.0,135348173913.0,136420507399.0,137618640.0,139220149.0,2565902.0,0.0,0.0,0.0,0.0,0.0,0.0,0.0,0.0,0.0,0.0,0.0,0.0,1178.0,79.0,4.0,2.0,0.0,0.0,0.0,0.0,0.0,0.0,0.0,0.0,0.0,idle
,idle,,,,,,,,,,,,,,,,,,,,,,,,,,,,,,,,,,,,,idle
1778097320.5119703,g5.hpc.coe,41393.0,0.5001,0.0,0.0,0.0,12288.0,135348174065.0,136420507456.0,137618642.0,139220150.0,2565902.0,0.0,0.0,0.0,0.0,0.0,0.0,0.0,0.0,0.0,0.0,0.0,0.0,152.0,57.0,2.0,1.0,0.0,0.0,0.0,0.0,0.0,0.0,0.0,0.0,0.0,idle
,idle,,,,,,,,,,,,,,,,,,,,,,,,,,,,,,,,,,,,,idle
1778097321.0121074,g5.hpc.coe,41393.0,0.5001,0.0,0.0,0.0,12288.0,135348174336.0,136420507568.0,137618646.0,139220152.0,2565902.0,0.0,0.0,0.0,0.0,0.0,0.0,0.0,0.0,0.0,0.0,0.0,0.0,271.0,112.0,4.0,2.0,0.0,0.0,0.0,0.0,0.0,0.0,0.0,0.0,0.0,idle
,idle,,,,,,,,,,,,,,,,,,,,,,,,,,,,,,,,,,,,,idle
1778097321.5122523,g5.hpc.coe,41393.0,0.5001,0.0,0.0,0.0,12288.0,135348174573.0,136420507625.0,137618648.0,139220153.0,2565902.0,0.0,0.0,0.0,0.0,0.0,0.0,0.0,0.0,0.0,0.0,0.0,0.0,237.0,57.0,2.0,1.0,0.0,0.0,0.0,0.0,0.0,0.0,0.0,0.0,0.0,idle
,idle,,,,,,,,,,,,,,,,,,,,,,,,,,,,,,,,,,,,,idle
1778097322.012402,g5.hpc.coe,41393.0,0.5001,0.0,0.0,0.0,12288.0,135348175475.0,136420508129.0,137618665.0,139220162.0,2565902.0,0.0,0.0,0.0,0.0,0.0,0.0,0.0,0.0,0.0,0.0,0.0,0.0,902.0,504.0,17.0,9.0,0.0,0.0,0.0,0.0,0.0,0.0,0.0,0.0,0.0,idle
,idle,,,,,,,,,,,,,,,,,,,,,,,,,,,,,,,,,,,,,idle
1778097322.5125196,g5.hpc.coe,41393.0,0.5001,0.0,0.0,0.0,12288.0,135348175797.0,136420508186.0,137618667.0,139220163.0,2565902.0,0.0,0.0,0.0,0.0,0.0,0.0,0.0,0.0,0.0,0.0,0.0,0.0,322.0,57.0,2.0,1.0,0.0,0.0,0.0,0.0,0.0,0.0,0.0,0.0,0.0,idle
,idle,,,,,,,,,,,,,,,,,,,,,,,,,,,,,,,,,,,,,idle
1778097323.0126517,g5.hpc.coe,41393.0,0.5001,0.0,0.0,0.0,12288.0,135348176161.0,136420508243.0,137618669.0,139220164.0,2565902.0,0.0,0.0,0.0,0.0,0.0,0.0,0.0,0.0,0.0,0.0,0.0,0.0,364.0,57.0,2.0,1.0,0.0,0.0,0.0,0.0,0.0,0.0,0.0,0.0,0.0,idle
,idle,,,,,,,,,,,,,,,,,,,,,,,,,,,,,,,,,,,,,idle
1778097323.512771,g5.hpc.coe,41393.0,0.5001,0.0,0.0,0.0,12288.0,135348176567.0,136420508300.0,137618671.0,139220165.0,2565902.0,0.0,0.0,0.0,0.0,0.0,0.0,0.0,0.0,0.0,0.0,0.0,0.0,406.0,57.0,2.0,1.0,0.0,0.0,0.0,0.0,0.0,0.0,0.0,0.0,0.0,idle
,idle,,,,,,,,,,,,,,,,,,,,,,,,,,,,,,,,,,,,,idle
1778097324.0129087,g5.hpc.coe,41393.0,0.5001,0.0,0.0,0.0,12288.0,135348177015.0,136420508357.0,137618673.0,139220166.0,2565902.0,0.0,0.0,0.0,0.0,0.0,0.0,0.0,0.0,0.0,0.0,0.0,0.0,448.0,57.0,2.0,1.0,0.0,0.0,0.0,0.0,0.0,0.0,0.0,0.0,0.0,idle
,idle,,,,,,,,,,,,,,,,,,,,,,,,,,,,,,,,,,,,,idle
1778097324.5130424,g5.hpc.coe,41393.0,0.5001,0.0,0.0,0.0,12288.0,135348177506.0,136420508414.0,137618675.0,139220167.0,2565902.0,0.0,0.0,0.0,0.0,0.0,0.0,0.0,0.0,0.0,0.0,0.0,0.0,491.0,57.0,2.0,1.0,0.0,0.0,0.0,0.0,0.0,0.0,0.0,0.0,0.0,idle
,idle,,,,,,,,,,,,,,,,,,,,,,,,,,,,,,,,,,,,,idle
1778097325.0131774,g5.hpc.coe,41393.0,0.5001,0.0,0.0,0.0,12288.0,135348178039.0,136420508471.0,137618677.0,139220168.0,2565902.0,0.0,0.0,0.0,0.0,0.0,0.0,0.0,0.0,0.0,0.0,0.0,0.0,533.0,57.0,2.0,1.0,0.0,0.0,0.0,0.0,0.0,0.0,0.0,0.0,0.0,idle
,idle,,,,,,,,,,,,,,,,,,,,,,,,,,,,,,,,,,,,,idle
1778097325.5133111,g5.hpc.coe,41393.0,0.5001,0.0,0.0,0.0,12288.0,135348178636.0,136420508550.0,137618680.0,139220170.0,2565902.0,0.0,0.0,0.0,0.0,0.0,0.0,0.0,0.0,0.0,0.0,0.0,0.0,597.0,79.0,3.0,2.0,0.0,0.0,0.0,0.0,0.0,0.0,0.0,0.0,0.0,idle
,idle,,,,,,,,,,,,,,,,,,,,,,,,,,,,,,,,,,,,,idle
1778097326.0134587,g5.hpc.coe,41393.0,0.5001,0.0,0.0,0.0,12288.0,135348179330.0,136420508684.0,137618684.0,139220173.0,2565902.0,0.0,0.0,0.0,0.0,0.0,0.0,0.0,0.0,0.0,0.0,0.0,0.0,694.0,134.0,4.0,3.0,0.0,0.0,0.0,0.0,0.0,0.0,0.0,0.0,0.0,idle
,idle,,,,,,,,,,,,,,,,,,,,,,,,,,,,,,,,,,,,,idle
1778097326.5135765,g5.hpc.coe,41393.0,0.5001,0.0,0.0,0.0,12288.0,135348180034.0,136420508763.0,137618688.0,139220175.0,2565902.0,0.0,0.0,0.0,0.0,0.0,0.0,0.0,0.0,0.0,0.0,0.0,0.0,704.0,79.0,4.0,2.0,0.0,0.0,0.0,0.0,0.0,0.0,0.0,0.0,0.0,idle
,idle,,,,,,,,,,,,,,,,,,,,,,,,,,,,,,,,,,,,,idle
1778097327.0137172,g5.hpc.coe,41393.0,0.5001,0.0,0.0,0.0,12288.0,135348180758.0,136420508842.0,137618691.0,139220177.0,2565902.0,0.0,0.0,0.0,0.0,0.0,0.0,0.0,0.0,0.0,0.0,0.0,0.0,724.0,79.0,3.0,2.0,0.0,0.0,0.0,0.0,0.0,0.0,0.0,0.0,0.0,idle
,idle,,,,,,,,,,,,,,,,,,,,,,,,,,,,,,,,,,,,,idle
1778097327.5138557,g5.hpc.coe,41393.0,0.5001,0.0,0.0,0.0,12288.0,135348181524.0,136420508921.0,137618694.0,139220179.0,2565902.0,0.0,0.0,0.0,0.0,0.0,0.0,0.0,0.0,0.0,0.0,0.0,0.0,766.0,79.0,3.0,2.0,0.0,0.0,0.0,0.0,0.0,0.0,0.0,0.0,0.0,idle
,idle,,,,,,,,,,,,,,,,,,,,,,,,,,,,,,,,,,,,,idle
1778097328.0139945,g5.hpc.coe,41393.0,0.5001,0.0,0.0,0.0,12288.0,135348182333.0,136420509000.0,137618697.0,139220181.0,2565902.0,0.0,0.0,0.0,0.0,0.0,0.0,0.0,0.0,0.0,0.0,0.0,0.0,809.0,79.0,3.0,2.0,0.0,0.0,0.0,0.0,0.0,0.0,0.0,0.0,0.0,idle
,idle,,,,,,,,,,,,,,,,,,,,,,,,,,,,,,,,,,,,,idle
1778097328.514145,g5.hpc.coe,41393.0,0.5002,0.0,0.0,0.0,12288.0,135348183184.0,136420509079.0,137618700.0,139220183.0,2565902.0,0.0,0.0,0.0,0.0,0.0,0.0,0.0,0.0,0.0,0.0,0.0,0.0,851.0,79.0,3.0,2.0,0.0,0.0,0.0,0.0,0.0,0.0,0.0,0.0,0.0,idle
,idle,,,,,,,,,,,,,,,,,,,,,,,,,,,,,,,,,,,,,idle
1778097329.0142846,g5.hpc.coe,41393.0,0.5001,0.0,0.0,0.0,12288.0,135348184077.0,136420509158.0,137618703.0,139220185.0,2565902.0,0.0,0.0,0.0,0.0,0.0,0.0,0.0,0.0,0.0,0.0,0.0,0.0,893.0,79.0,3.0,2.0,0.0,0.0,0.0,0.0,0.0,0.0,0.0,0.0,0.0,idle
,idle,,,,,,,,,,,,,,,,,,,,,,,,,,,,,,,,,,,,,idle
1778097329.5144322,g5.hpc.coe,41393.0,0.5001,0.0,0.0,0.0,12288.0,135348185012.0,136420509237.0,137618706.0,139220187.0,2565902.0,0.0,0.0,0.0,0.0,0.0,0.0,0.0,0.0,0.0,0.0,0.0,0.0,935.0,79.0,3.0,2.0,0.0,0.0,0.0,0.0,0.0,0.0,0.0,0.0,0.0,idle
,idle,,,,,,,,,,,,,,,,,,,,,,,,,,,,,,,,,,,,,idle
1778097330.0145729,g5.hpc.coe,41393.0,0.5001,0.0,0.0,0.0,12288.0,135348185990.0,136420509316.0,137618709.0,139220189.0,2565902.0,0.0,0.0,0.0,0.0,0.0,0.0,0.0,0.0,0.0,0.0,0.0,0.0,978.0,79.0,3.0,2.0,0.0,0.0,0.0,0.0,0.0,0.0,0.0,0.0,0.0,idle
,idle,,,,,,,,,,,,,,,,,,,,,,,,,,,,,,,,,,,,,idle
1778097330.514686,g5.hpc.coe,41393.0,0.5001,0.0,0.0,0.0,12288.0,135348187010.0,136420509395.0,137618712.0,139220191.0,2565902.0,0.0,0.0,0.0,0.0,0.0,0.0,0.0,0.0,0.0,0.0,0.0,0.0,1020.0,79.0,3.0,2.0,0.0,0.0,0.0,0.0,0.0,0.0,0.0,0.0,0.0,idle
,idle,,,,,,,,,,,,,,,,,,,,,,,,,,,,,,,,,,,,,idle
1778097331.014821,g5.hpc.coe,41393.0,0.5001,0.0,0.0,0.0,12288.0,135348188072.0,136420509474.0,137618715.0,139220193.0,2565902.0,0.0,0.0,0.0,0.0,0.0,0.0,0.0,0.0,0.0,0.0,0.0,0.0,1062.0,79.0,3.0,2.0,0.0,0.0,0.0,0.0,0.0,0.0,0.0,0.0,0.0,idle
,idle,,,,,,,,,,,,,,,,,,,,,,,,,,,,,,,,,,,,,idle
1778097331.5149353,g5.hpc.coe,41393.0,0.5001,0.0,0.0,0.0,12288.0,135348189276.0,136420509608.0,137618721.0,139220196.0,2565902.0,0.0,0.0,0.0,0.0,0.0,0.0,0.0,0.0,0.0,0.0,0.0,0.0,1204.0,134.0,6.0,3.0,0.0,0.0,0.0,0.0,0.0,0.0,0.0,0.0,0.0,idle
,idle,,,,,,,,,,,,,,,,,,,,,,,,,,,,,,,,,,,,,idle
1778097332.0150735,g5.hpc.coe,41393.0,0.5001,0.0,0.0,0.0,12288.0,135348190445.0,136420509687.0,137618725.0,139220198.0,2565902.0,0.0,0.0,0.0,0.0,0.0,0.0,0.0,0.0,0.0,0.0,0.0,0.0,1169.0,79.0,4.0,2.0,0.0,0.0,0.0,0.0,0.0,0.0,0.0,0.0,0.0,idle
,idle,,,,,,,,,,,,,,,,,,,,,,,,,,,,,,,,,,,,,idle
1778097332.5152075,g5.hpc.coe,41393.0,0.5001,0.0,0.0,0.0,12288.0,135348190589.0,136420509744.0,137618727.0,139220199.0,2565902.0,0.0,0.0,0.0,0.0,0.0,0.0,0.0,0.0,0.0,0.0,0.0,0.0,144.0,57.0,2.0,1.0,0.0,0.0,0.0,0.0,0.0,0.0,0.0,0.0,0.0,idle
,idle,,,,,,,,,,,,,,,,,,,,,,,,,,,,,,,,,,,,,idle
1778097333.0153613,g5.hpc.coe,41393.0,0.5002,0.0,0.0,0.0,12288.0,135348190775.0,136420509801.0,137618729.0,139220200.0,2565902.0,0.0,0.0,0.0,0.0,0.0,0.0,0.0,0.0,0.0,0.0,0.0,0.0,186.0,57.0,2.0,1.0,0.0,0.0,0.0,0.0,0.0,0.0,0.0,0.0,0.0,idle
,idle,,,,,,,,,,,,,,,,,,,,,,,,,,,,,,,,,,,,,idle
1778097333.5154958,g5.hpc.coe,41393.0,0.5001,0.0,0.0,0.0,12288.0,135348191003.0,136420509858.0,137618731.0,139220201.0,2565902.0,0.0,0.0,0.0,0.0,0.0,0.0,0.0,0.0,0.0,0.0,0.0,0.0,228.0,57.0,2.0,1.0,0.0,0.0,0.0,0.0,0.0,0.0,0.0,0.0,0.0,idle
,idle,,,,,,,,,,,,,,,,,,,,,,,,,,,,,,,,,,,,,idle
1778097334.015608,g5.hpc.coe,41393.0,0.5001,0.0,0.0,0.0,12288.0,135348191274.0,136420509915.0,137618733.0,139220202.0,2565902.0,0.0,0.0,0.0,0.0,0.0,0.0,0.0,0.0,0.0,0.0,0.0,0.0,271.0,57.0,2.0,1.0,0.0,0.0,0.0,0.0,0.0,0.0,0.0,0.0,0.0,idle
,idle,,,,,,,,,,,,,,,,,,,,,,,,,,,,,,,,,,,,,idle
1778097334.5157464,g5.hpc.coe,41393.0,0.5001,0.0,0.0,0.0,12288.0,135348191587.0,136420509972.0,137618735.0,139220203.0,2565902.0,0.0,0.0,0.0,0.0,0.0,0.0,0.0,0.0,0.0,0.0,0.0,0.0,313.0,57.0,2.0,1.0,0.0,0.0,0.0,0.0,0.0,0.0,0.0,0.0,0.0,idle
,idle,,,,,,,,,,,,,,,,,,,,,,,,,,,,,,,,,,,,,idle
1778097335.01589,g5.hpc.coe,41393.0,0.5001,0.0,0.0,0.0,12288.0,135348191942.0,136420510029.0,137618737.0,139220204.0,2565902.0,0.0,0.0,0.0,0.0,0.0,0.0,0.0,0.0,0.0,0.0,0.0,0.0,355.0,57.0,2.0,1.0,0.0,0.0,0.0,0.0,0.0,0.0,0.0,0.0,0.0,idle
,idle,,,,,,,,,,,,,,,,,,,,,,,,,,,,,,,,,,,,,idle
1778097335.516003,g5.hpc.coe,41393.0,0.5001,0.0,0.0,0.0,12288.0,135348192339.0,136420510086.0,137618739.0,139220205.0,2565902.0,0.0,0.0,0.0,0.0,0.0,0.0,0.0,0.0,0.0,0.0,0.0,0.0,397.0,57.0,2.0,1.0,0.0,0.0,0.0,0.0,0.0,0.0,0.0,0.0,0.0,idle
,idle,,,,,,,,,,,,,,,,,,,,,,,,,,,,,,,,,,,,,idle
1778097336.0161417,g5.hpc.coe,41393.0,0.5001,0.0,0.0,0.0,12288.0,135348192778.0,136420510143.0,137618741.0,139220206.0,2565902.0,0.0,0.0,0.0,0.0,0.0,0.0,0.0,0.0,0.0,0.0,0.0,0.0,439.0,57.0,2.0,1.0,0.0,0.0,0.0,0.0,0.0,0.0,0.0,0.0,0.0,idle
,idle,,,,,,,,,,,,,,,,,,,,,,,,,,,,,,,,,,,,,idle
1778097336.516254,g5.hpc.coe,41393.0,0.5001,0.0,0.0,0.0,12288.0,135348193336.0,136420510255.0,137618745.0,139220208.0,2565902.0,0.0,0.0,0.0,0.0,0.0,0.0,0.0,0.0,0.0,0.0,0.0,0.0,558.0,112.0,4.0,2.0,0.0,0.0,0.0,0.0,0.0,0.0,0.0,0.0,0.0,idle
,idle,,,,,,,,,,,,,,,,,,,,,,,,,,,,,,,,,,,,,idle
1778097337.0163915,g5.hpc.coe,41393.0,0.5001,0.0,0.0,0.0,12288.0,135348194483.0,136420510759.0,137618762.0,139220217.0,2565902.0,0.0,0.0,0.0,0.0,0.0,0.0,0.0,0.0,0.0,0.0,0.0,0.0,1147.0,504.0,17.0,9.0,0.0,0.0,0.0,0.0,0.0,0.0,0.0,0.0,0.0,idle
,idle,,,,,,,,,,,,,,,,,,,,,,,,,,,,,,,,,,,,,idle
1778097337.5165284,g5.hpc.coe,41393.0,0.5001,0.0,0.0,0.0,12288.0,135348195072.0,136420510838.0,137618765.0,139220219.0,2565902.0,0.0,0.0,0.0,0.0,0.0,0.0,0.0,0.0,0.0,0.0,0.0,0.0,589.0,79.0,3.0,2.0,0.0,0.0,0.0,0.0,0.0,0.0,0.0,0.0,0.0,idle
,idle,,,,,,,,,,,,,,,,,,,,,,,,,,,,,,,,,,,,,idle
1778097338.0166662,g5.hpc.coe,41393.0,0.5001,0.0,0.0,0.0,12288.0,135348195703.0,136420510917.0,137618768.0,139220221.0,2565902.0,0.0,0.0,0.0,0.0,0.0,0.0,0.0,0.0,0.0,0.0,0.0,0.0,631.0,79.0,3.0,2.0,0.0,0.0,0.0,0.0,0.0,0.0,0.0,0.0,0.0,idle
,idle,,,,,,,,,,,,,,,,,,,,,,,,,,,,,,,,,,,,,idle
1778097338.516798,g5.hpc.coe,41393.0,0.5001,0.0,0.0,0.0,12288.0,135348196376.0,136420510996.0,137618771.0,139220223.0,2565902.0,0.0,0.0,0.0,0.0,0.0,0.0,0.0,0.0,0.0,0.0,0.0,0.0,673.0,79.0,3.0,2.0,0.0,0.0,0.0,0.0,0.0,0.0,0.0,0.0,0.0,idle
,idle,,,,,,,,,,,,,,,,,,,,,,,,,,,,,,,,,,,,,idle
1778097339.0169344,g5.hpc.coe,41393.0,0.5001,0.0,0.0,0.0,12288.0,135348197091.0,136420511075.0,137618774.0,139220225.0,2565902.0,0.0,0.0,0.0,0.0,0.0,0.0,0.0,0.0,0.0,0.0,0.0,0.0,715.0,79.0,3.0,2.0,0.0,0.0,0.0,0.0,0.0,0.0,0.0,0.0,0.0,idle
,idle,,,,,,,,,,,,,,,,,,,,,,,,,,,,,,,,,,,,,idle
1778097339.5170732,g5.hpc.coe,41393.0,0.5001,0.0,0.0,0.0,12288.0,135348198105.0,136420511409.0,137618782.0,139220232.0,2565902.0,0.0,0.0,0.0,0.0,0.0,0.0,0.0,0.0,0.0,0.0,0.0,0.0,1014.0,334.0,8.0,7.0,0.0,0.0,0.0,0.0,0.0,0.0,0.0,0.0,0.0,idle
,idle,,,,,,,,,,,,,,,,,,,,,,,,,,,,,,,,,,,,,idle
1778097340.0172036,g5.hpc.coe,41393.0,0.5001,0.0,0.0,0.0,12288.0,135348198927.0,136420511488.0,137618786.0,139220234.0,2565902.0,0.0,0.0,0.0,0.0,0.0,0.0,0.0,0.0,0.0,0.0,0.0,0.0,822.0,79.0,4.0,2.0,0.0,0.0,0.0,0.0,0.0,0.0,0.0,0.0,0.0,idle
,idle,,,,,,,,,,,,,,,,,,,,,,,,,,,,,,,,,,,,,idle
1778097340.5173192,g5.hpc.coe,41393.0,0.5001,0.0,0.0,0.0,12288.0,135348199769.0,136420511567.0,137618789.0,139220236.0,2565902.0,0.0,0.0,0.0,0.0,0.0,0.0,0.0,0.0,0.0,0.0,0.0,0.0,842.0,79.0,3.0,2.0,0.0,0.0,0.0,0.0,0.0,0.0,0.0,0.0,0.0,idle
,idle,,,,,,,,,,,,,,,,,,,,,,,,,,,,,,,,,,,,,idle
1778097341.017458,g5.hpc.coe,41393.0,0.5001,0.0,0.0,0.0,12288.0,135348200654.0,136420511646.0,137618792.0,139220238.0,2565902.0,0.0,0.0,0.0,0.0,0.0,0.0,0.0,0.0,0.0,0.0,0.0,0.0,885.0,79.0,3.0,2.0,0.0,0.0,0.0,0.0,0.0,0.0,0.0,0.0,0.0,idle
,idle,,,,,,,,,,,,,,,,,,,,,,,,,,,,,,,,,,,,,idle
1778097341.51759,g5.hpc.coe,41393.0,0.5001,0.0,0.0,0.0,12288.0,135348201658.0,136420511780.0,137618797.0,139220241.0,2565902.0,0.0,0.0,0.0,0.0,0.0,0.0,0.0,0.0,0.0,0.0,0.0,0.0,1004.0,134.0,5.0,3.0,0.0,0.0,0.0,0.0,0.0,0.0,0.0,0.0,0.0,idle
,idle,,,,,,,,,,,,,,,,,,,,,,,,,,,,,,,,,,,,,idle
1778097342.0177057,g5.hpc.coe,41393.0,0.5001,0.0,0.0,0.0,12288.0,135348202627.0,136420511859.0,137618800.0,139220243.0,2565902.0,0.0,0.0,0.0,0.0,0.0,0.0,0.0,0.0,0.0,0.0,0.0,0.0,969.0,79.0,3.0,2.0,0.0,0.0,0.0,0.0,0.0,0.0,0.0,0.0,0.0,idle
,idle,,,,,,,,,,,,,,,,,,,,,,,,,,,,,,,,,,,,,idle
1778097342.51782,g5.hpc.coe,41393.0,0.5001,0.0,0.0,0.0,12288.0,135348203638.0,136420511938.0,137618803.0,139220245.0,2565902.0,0.0,0.0,0.0,0.0,0.0,0.0,0.0,0.0,0.0,0.0,0.0,0.0,1011.0,79.0,3.0,2.0,0.0,0.0,0.0,0.0,0.0,0.0,0.0,0.0,0.0,idle
,idle,,,,,,,,,,,,,,,,,,,,,,,,,,,,,,,,,,,,,idle
1778097343.017953,g5.hpc.coe,41393.0,0.5001,0.0,0.0,0.0,12288.0,135348204692.0,136420512017.0,137618806.0,139220247.0,2565902.0,0.0,0.0,0.0,0.0,0.0,0.0,0.0,0.0,0.0,0.0,0.0,0.0,1054.0,79.0,3.0,2.0,0.0,0.0,0.0,0.0,0.0,0.0,0.0,0.0,0.0,idle
,idle,,,,,,,,,,,,,,,,,,,,,,,,,,,,,,,,,,,,,idle
1778097343.5181007,g5.hpc.coe,41393.0,0.5001,0.0,0.0,0.0,12288.0,135348205810.0,136420512096.0,137618810.0,139220249.0,2565902.0,0.0,0.0,0.0,0.0,0.0,0.0,0.0,0.0,0.0,0.0,0.0,0.0,1118.0,79.0,4.0,2.0,0.0,0.0,0.0,0.0,0.0,0.0,0.0,0.0,0.0,idle
,idle,,,,,,,,,,,,,,,,,,,,,,,,,,,,,,,,,,,,,idle
1778097344.0182133,g5.hpc.coe,41393.0,0.5001,0.0,0.0,0.0,12288.0,135348206971.0,136420512175.0,137618814.0,139220251.0,2565902.0,0.0,0.0,0.0,0.0,0.0,0.0,0.0,0.0,0.0,0.0,0.0,0.0,1161.0,79.0,4.0,2.0,0.0,0.0,0.0,0.0,0.0,0.0,0.0,0.0,0.0,idle
,idle,,,,,,,,,,,,,,,,,,,,,,,,,,,,,,,,,,,,,idle
1778097344.518355,g5.hpc.coe,41393.0,0.5001,0.0,0.0,0.0,12288.0,135348207106.0,136420512232.0,137618816.0,139220252.0,2565902.0,0.0,0.0,0.0,0.0,0.0,0.0,0.0,0.0,0.0,0.0,0.0,0.0,135.0,57.0,2.0,1.0,0.0,0.0,0.0,0.0,0.0,0.0,0.0,0.0,0.0,idle
,idle,,,,,,,,,,,,,,,,,,,,,,,,,,,,,,,,,,,,,idle
1778097345.018497,g5.hpc.coe,41393.0,0.5001,0.0,0.0,0.0,12288.0,135348207283.0,136420512289.0,137618818.0,139220253.0,2565902.0,0.0,0.0,0.0,0.0,0.0,0.0,0.0,0.0,0.0,0.0,0.0,0.0,177.0,57.0,2.0,1.0,0.0,0.0,0.0,0.0,0.0,0.0,0.0,0.0,0.0,idle
,idle,,,,,,,,,,,,,,,,,,,,,,,,,,,,,,,,,,,,,idle
1778097345.5186353,g5.hpc.coe,41393.0,0.5001,0.0,0.0,0.0,12288.0,135348207502.0,136420512346.0,137618820.0,139220254.0,2565902.0,0.0,0.0,0.0,0.0,0.0,0.0,0.0,0.0,0.0,0.0,0.0,0.0,219.0,57.0,2.0,1.0,0.0,0.0,0.0,0.0,0.0,0.0,0.0,0.0,0.0,idle
,idle,,,,,,,,,,,,,,,,,,,,,,,,,,,,,,,,,,,,,idle
1778097346.018751,g5.hpc.coe,41393.0,0.5001,0.0,0.0,0.0,12288.0,135348207763.0,136420512403.0,137618822.0,139220255.0,2565902.0,0.0,0.0,0.0,0.0,0.0,0.0,0.0,0.0,0.0,0.0,0.0,0.0,261.0,57.0,2.0,1.0,0.0,0.0,0.0,0.0,0.0,0.0,0.0,0.0,0.0,idle
,idle,,,,,,,,,,,,,,,,,,,,,,,,,,,,,,,,,,,,,idle
1778097346.5188904,g5.hpc.coe,41393.0,0.5001,0.0,0.0,0.0,12288.0,135348208143.0,136420512515.0,137618826.0,139220257.0,2565902.0,0.0,0.0,0.0,0.0,0.0,0.0,0.0,0.0,0.0,0.0,0.0,0.0,380.0,112.0,4.0,2.0,0.0,0.0,0.0,0.0,0.0,0.0,0.0,0.0,0.0,idle
,idle,,,,,,,,,,,,,,,,,,,,,,,,,,,,,,,,,,,,,idle
1778097347.019027,g5.hpc.coe,41393.0,0.5001,0.0,0.0,0.0,12288.0,135348208489.0,136420512572.0,137618828.0,139220258.0,2565902.0,0.0,0.0,0.0,0.0,0.0,0.0,0.0,0.0,0.0,0.0,0.0,0.0,346.0,57.0,2.0,1.0,0.0,0.0,0.0,0.0,0.0,0.0,0.0,0.0,0.0,idle
,idle,,,,,,,,,,,,,,,,,,,,,,,,,,,,,,,,,,,,,idle
1778097347.5191584,g5.hpc.coe,41393.0,0.5001,0.0,0.0,0.0,12288.0,135348208877.0,136420512629.0,137618830.0,139220259.0,2565902.0,0.0,0.0,0.0,0.0,0.0,0.0,0.0,0.0,0.0,0.0,0.0,0.0,388.0,57.0,2.0,1.0,0.0,0.0,0.0,0.0,0.0,0.0,0.0,0.0,0.0,idle
,idle,,,,,,,,,,,,,,,,,,,,,,,,,,,,,,,,,,,,,idle
1778097348.0192904,g5.hpc.coe,41393.0,0.5001,0.0,0.0,0.0,12288.0,135348209307.0,136420512686.0,137618832.0,139220260.0,2565902.0,0.0,0.0,0.0,0.0,0.0,0.0,0.0,0.0,0.0,0.0,0.0,0.0,430.0,57.0,2.0,1.0,0.0,0.0,0.0,0.0,0.0,0.0,0.0,0.0,0.0,idle
,idle,,,,,,,,,,,,,,,,,,,,,,,,,,,,,,,,,,,,,idle
1778097348.5194266,g5.hpc.coe,41393.0,0.5001,0.0,0.0,0.0,12288.0,135348209779.0,136420512743.0,137618834.0,139220261.0,2565902.0,0.0,0.0,0.0,0.0,0.0,0.0,0.0,0.0,0.0,0.0,0.0,0.0,472.0,57.0,2.0,1.0,0.0,0.0,0.0,0.0,0.0,0.0,0.0,0.0,0.0,idle
,idle,,,,,,,,,,,,,,,,,,,,,,,,,,,,,,,,,,,,,idle
1778097349.0195563,g5.hpc.coe,41393.0,0.5001,0.0,0.0,0.0,12288.0,135348210294.0,136420512800.0,137618836.0,139220262.0,2565902.0,0.0,0.0,0.0,0.0,0.0,0.0,0.0,0.0,0.0,0.0,0.0,0.0,515.0,57.0,2.0,1.0,0.0,0.0,0.0,0.0,0.0,0.0,0.0,0.0,0.0,idle
,idle,,,,,,,,,,,,,,,,,,,,,,,,,,,,,,,,,,,,,idle
1778097349.5196908,g5.hpc.coe,41393.0,0.5001,0.0,0.0,0.0,12288.0,135348210873.0,136420512879.0,137618839.0,139220264.0,2565902.0,0.0,0.0,0.0,0.0,0.0,0.0,0.0,0.0,0.0,0.0,0.0,0.0,579.0,79.0,3.0,2.0,0.0,0.0,0.0,0.0,0.0,0.0,0.0,0.0,0.0,idle
,idle,,,,,,,,,,,,,,,,,,,,,,,,,,,,,,,,,,,,,idle
1778097350.019832,g5.hpc.coe,41393.0,0.5001,0.0,0.0,0.0,12288.0,135348211494.0,136420512958.0,137618842.0,139220266.0,2565902.0,0.0,0.0,0.0,0.0,0.0,0.0,0.0,0.0,0.0,0.0,0.0,0.0,621.0,79.0,3.0,2.0,0.0,0.0,0.0,0.0,0.0,0.0,0.0,0.0,0.0,idle
,idle,,,,,,,,,,,,,,,,,,,,,,,,,,,,,,,,,,,,,idle
1778097350.5199697,g5.hpc.coe,41393.0,0.5001,0.0,0.0,0.0,12288.0,135348212157.0,136420513037.0,137618845.0,139220268.0,2565902.0,0.0,0.0,0.0,0.0,0.0,0.0,0.0,0.0,0.0,0.0,0.0,0.0,663.0,79.0,3.0,2.0,0.0,0.0,0.0,0.0,0.0,0.0,0.0,0.0,0.0,idle
,idle,,,,,,,,,,,,,,,,,,,,,,,,,,,,,,,,,,,,,idle
1778097351.0200992,g5.hpc.coe,41393.0,0.5001,0.0,0.0,0.0,12288.0,135348212862.0,136420513116.0,137618848.0,139220270.0,2565902.0,0.0,0.0,0.0,0.0,0.0,0.0,0.0,0.0,0.0,0.0,0.0,0.0,705.0,79.0,3.0,2.0,0.0,0.0,0.0,0.0,0.0,0.0,0.0,0.0,0.0,idle
,idle,,,,,,,,,,,,,,,,,,,,,,,,,,,,,,,,,,,,,idle
1778097351.5202413,g5.hpc.coe,41393.0,0.5001,0.0,0.0,0.0,12288.0,135348213610.0,136420513195.0,137618851.0,139220272.0,2565902.0,0.0,0.0,0.0,0.0,0.0,0.0,0.0,0.0,0.0,0.0,0.0,0.0,748.0,79.0,3.0,2.0,0.0,0.0,0.0,0.0,0.0,0.0,0.0,0.0,0.0,idle
,idle,,,,,,,,,,,,,,,,,,,,,,,,,,,,,,,,,,,,,idle
1778097352.0203953,g5.hpc.coe,41393.0,0.5002,0.0,0.0,0.0,12288.0,135348215100.0,136420513776.0,137618871.0,139220283.0,2565902.0,0.0,0.0,0.0,0.0,0.0,0.0,0.0,0.0,0.0,0.0,0.0,0.0,1490.0,581.0,20.0,11.0,0.0,0.0,0.0,0.0,0.0,0.0,0.0,0.0,0.0,idle
,idle,,,,,,,,,,,,,,,,,,,,,,,,,,,,,,,,,,,,,idle
1778097352.5205204,g5.hpc.coe,41393.0,0.5001,0.0,0.0,0.0,12288.0,135348215933.0,136420513855.0,137618874.0,139220285.0,2565902.0,0.0,0.0,0.0,0.0,0.0,0.0,0.0,0.0,0.0,0.0,0.0,0.0,833.0,79.0,3.0,2.0,0.0,0.0,0.0,0.0,0.0,0.0,0.0,0.0,0.0,idle
,idle,,,,,,,,,,,,,,,,,,,,,,,,,,,,,,,,,,,,,idle
1778097353.020635,g5.hpc.coe,41393.0,0.5001,0.0,0.0,0.0,12288.0,135348216808.0,136420513934.0,137618877.0,139220287.0,2565902.0,0.0,0.0,0.0,0.0,0.0,0.0,0.0,0.0,0.0,0.0,0.0,0.0,875.0,79.0,3.0,2.0,0.0,0.0,0.0,0.0,0.0,0.0,0.0,0.0,0.0,idle
,idle,,,,,,,,,,,,,,,,,,,,,,,,,,,,,,,,,,,,,idle
1778097353.5207734,g5.hpc.coe,41393.0,0.5001,0.0,0.0,0.0,12288.0,135348217725.0,136420514013.0,137618880.0,139220289.0,2565902.0,0.0,0.0,0.0,0.0,0.0,0.0,0.0,0.0,0.0,0.0,0.0,0.0,917.0,79.0,3.0,2.0,0.0,0.0,0.0,0.0,0.0,0.0,0.0,0.0,0.0,idle
,idle,,,,,,,,,,,,,,,,,,,,,,,,,,,,,,,,,,,,,idle
1778097354.0209105,g5.hpc.coe,41393.0,0.5001,0.0,0.0,0.0,12288.0,135348218685.0,136420514092.0,137618883.0,139220291.0,2565902.0,0.0,0.0,0.0,0.0,0.0,0.0,0.0,0.0,0.0,0.0,0.0,0.0,960.0,79.0,3.0,2.0,0.0,0.0,0.0,0.0,0.0,0.0,0.0,0.0,0.0,idle
,idle,,,,,,,,,,,,,,,,,,,,,,,,,,,,,,,,,,,,,idle
1778097354.521045,g5.hpc.coe,41393.0,0.5001,0.0,0.0,0.0,12288.0,135348219687.0,136420514171.0,137618886.0,139220293.0,2565902.0,0.0,0.0,0.0,0.0,0.0,0.0,0.0,0.0,0.0,0.0,0.0,0.0,1002.0,79.0,3.0,2.0,0.0,0.0,0.0,0.0,0.0,0.0,0.0,0.0,0.0,idle
,idle,,,,,,,,,,,,,,,,,,,,,,,,,,,,,,,,,,,,,idle
1778097355.0211675,g5.hpc.coe,41393.0,0.5001,0.0,0.0,0.0,12288.0,135348220731.0,136420514250.0,137618889.0,139220295.0,2565902.0,0.0,0.0,0.0,0.0,0.0,0.0,0.0,0.0,0.0,0.0,0.0,0.0,1044.0,79.0,3.0,2.0,0.0,0.0,0.0,0.0,0.0,0.0,0.0,0.0,0.0,idle
,idle,,,,,,,,,,,,,,,,,,,,,,,,,,,,,,,,,,,,,idle
1778097355.5212808,g5.hpc.coe,41393.0,0.5001,0.0,0.0,0.0,12288.0,135348221840.0,136420514329.0,137618893.0,139220297.0,2565902.0,0.0,0.0,0.0,0.0,0.0,0.0,0.0,0.0,0.0,0.0,0.0,0.0,1109.0,79.0,4.0,2.0,0.0,0.0,0.0,0.0,0.0,0.0,0.0,0.0,0.0,idle
,idle,,,,,,,,,,,,,,,,,,,,,,,,,,,,,,,,,,,,,idle
1778097356.0214188,g5.hpc.coe,41393.0,0.5001,0.0,0.0,0.0,12288.0,135348222991.0,136420514408.0,137618897.0,139220299.0,2565902.0,0.0,0.0,0.0,0.0,0.0,0.0,0.0,0.0,0.0,0.0,0.0,0.0,1151.0,79.0,4.0,2.0,0.0,0.0,0.0,0.0,0.0,0.0,0.0,0.0,0.0,idle
,idle,,,,,,,,,,,,,,,,,,,,,,,,,,,,,,,,,,,,,idle
1778097356.521554,g5.hpc.coe,41393.0,0.5001,0.0,0.0,0.0,12288.0,135348223117.0,136420514465.0,137618899.0,139220300.0,2565902.0,0.0,0.0,0.0,0.0,0.0,0.0,0.0,0.0,0.0,0.0,0.0,0.0,126.0,57.0,2.0,1.0,0.0,0.0,0.0,0.0,0.0,0.0,0.0,0.0,0.0,idle
,idle,,,,,,,,,,,,,,,,,,,,,,,,,,,,,,,,,,,,,idle
1778097357.021687,g5.hpc.coe,41393.0,0.5001,0.0,0.0,0.0,12288.0,135348223362.0,136420514577.0,137618903.0,139220302.0,2565902.0,0.0,0.0,0.0,0.0,0.0,0.0,0.0,0.0,0.0,0.0,0.0,0.0,245.0,112.0,4.0,2.0,0.0,0.0,0.0,0.0,0.0,0.0,0.0,0.0,0.0,idle
,idle,,,,,,,,,,,,,,,,,,,,,,,,,,,,,,,,,,,,,idle
1778097357.521808,g5.hpc.coe,41393.0,0.5001,0.0,0.0,0.0,12288.0,135348223572.0,136420514634.0,137618905.0,139220303.0,2565902.0,0.0,0.0,0.0,0.0,0.0,0.0,0.0,0.0,0.0,0.0,0.0,0.0,210.0,57.0,2.0,1.0,0.0,0.0,0.0,0.0,0.0,0.0,0.0,0.0,0.0,idle
,idle,,,,,,,,,,,,,,,,,,,,,,,,,,,,,,,,,,,,,idle
1778097358.0219238,g5.hpc.coe,41393.0,0.5001,0.0,0.0,0.0,12288.0,135348223824.0,136420514691.0,137618907.0,139220304.0,2565902.0,0.0,0.0,0.0,0.0,0.0,0.0,0.0,0.0,0.0,0.0,0.0,0.0,252.0,57.0,2.0,1.0,0.0,0.0,0.0,0.0,0.0,0.0,0.0,0.0,0.0,idle
,idle,,,,,,,,,,,,,,,,,,,,,,,,,,,,,,,,,,,,,idle
1778097358.522061,g5.hpc.coe,41393.0,0.5001,0.0,0.0,0.0,12288.0,135348224118.0,136420514748.0,137618909.0,139220305.0,2565902.0,0.0,0.0,0.0,0.0,0.0,0.0,0.0,0.0,0.0,0.0,0.0,0.0,294.0,57.0,2.0,1.0,0.0,0.0,0.0,0.0,0.0,0.0,0.0,0.0,0.0,idle
,idle,,,,,,,,,,,,,,,,,,,,,,,,,,,,,,,,,,,,,idle
1778097359.0222034,g5.hpc.coe,41393.0,0.5001,0.0,0.0,0.0,12288.0,135348224454.0,136420514805.0,137618911.0,139220306.0,2565902.0,0.0,0.0,0.0,0.0,0.0,0.0,0.0,0.0,0.0,0.0,0.0,0.0,336.0,57.0,2.0,1.0,0.0,0.0,0.0,0.0,0.0,0.0,0.0,0.0,0.0,idle
,idle,,,,,,,,,,,,,,,,,,,,,,,,,,,,,,,,,,,,,idle
1778097359.5223374,g5.hpc.coe,41393.0,0.5001,0.0,0.0,0.0,12288.0,135348224833.0,136420514862.0,137618913.0,139220307.0,2565902.0,0.0,0.0,0.0,0.0,0.0,0.0,0.0,0.0,0.0,0.0,0.0,0.0,379.0,57.0,2.0,1.0,0.0,0.0,0.0,0.0,0.0,0.0,0.0,0.0,0.0,idle
,idle,,,,,,,,,,,,,,,,,,,,,,,,,,,,,,,,,,,,,idle
1778097360.0224822,g5.hpc.coe,41393.0,0.5001,0.0,0.0,0.0,12288.0,135348225254.0,136420514919.0,137618915.0,139220308.0,2565902.0,0.0,0.0,0.0,0.0,0.0,0.0,0.0,0.0,0.0,0.0,0.0,0.0,421.0,57.0,2.0,1.0,0.0,0.0,0.0,0.0,0.0,0.0,0.0,0.0,0.0,idle
,idle,,,,,,,,,,,,,,,,,,,,,,,,,,,,,,,,,,,,,idle
1778097360.5226233,g5.hpc.coe,41393.0,0.5001,0.0,0.0,0.0,12288.0,135348225717.0,136420514976.0,137618917.0,139220309.0,2565902.0,0.0,0.0,0.0,0.0,0.0,0.0,0.0,0.0,0.0,0.0,0.0,0.0,463.0,57.0,2.0,1.0,0.0,0.0,0.0,0.0,0.0,0.0,0.0,0.0,0.0,idle
,idle,,,,,,,,,,,,,,,,,,,,,,,,,,,,,,,,,,,,,idle
1778097361.022753,g5.hpc.coe,41393.0,0.5001,0.0,0.0,0.0,12288.0,135348226222.0,136420515033.0,137618919.0,139220310.0,2565902.0,0.0,0.0,0.0,0.0,0.0,0.0,0.0,0.0,0.0,0.0,0.0,0.0,505.0,57.0,2.0,1.0,0.0,0.0,0.0,0.0,0.0,0.0,0.0,0.0,0.0,idle
,idle,,,,,,,,,,,,,,,,,,,,,,,,,,,,,,,,,,,,,idle
1778097361.5228844,g5.hpc.coe,41393.0,0.5001,0.0,0.0,0.0,12288.0,135348226791.0,136420515112.0,137618922.0,139220312.0,2565902.0,0.0,0.0,0.0,0.0,0.0,0.0,0.0,0.0,0.0,0.0,0.0,0.0,569.0,79.0,3.0,2.0,0.0,0.0,0.0,0.0,0.0,0.0,0.0,0.0,0.0,idle
,idle,,,,,,,,,,,,,,,,,,,,,,,,,,,,,,,,,,,,,idle
1778097362.02302,g5.hpc.coe,41393.0,0.5001,0.0,0.0,0.0,12288.0,135348227480.0,136420515246.0,137618927.0,139220315.0,2565902.0,0.0,0.0,0.0,0.0,0.0,0.0,0.0,0.0,0.0,0.0,0.0,0.0,689.0,134.0,5.0,3.0,0.0,0.0,0.0,0.0,0.0,0.0,0.0,0.0,0.0,idle
,idle,,,,,,,,,,,,,,,,,,,,,,,,,,,,,,,,,,,,,idle
1778097362.5231602,g5.hpc.coe,41393.0,0.5001,0.0,0.0,0.0,12288.0,135348228134.0,136420515325.0,137618930.0,139220317.0,2565902.0,0.0,0.0,0.0,0.0,0.0,0.0,0.0,0.0,0.0,0.0,0.0,0.0,654.0,79.0,3.0,2.0,0.0,0.0,0.0,0.0,0.0,0.0,0.0,0.0,0.0,idle
,idle,,,,,,,,,,,,,,,,,,,,,,,,,,,,,,,,,,,,,idle
1778097363.0232763,g5.hpc.coe,41393.0,0.5001,0.0,0.0,0.0,12288.0,135348228830.0,136420515404.0,137618933.0,139220319.0,2565902.0,0.0,0.0,0.0,0.0,0.0,0.0,0.0,0.0,0.0,0.0,0.0,0.0,696.0,79.0,3.0,2.0,0.0,0.0,0.0,0.0,0.0,0.0,0.0,0.0,0.0,idle
,idle,,,,,,,,,,,,,,,,,,,,,,,,,,,,,,,,,,,,,idle
1778097363.5234158,g5.hpc.coe,41393.0,0.5001,0.0,0.0,0.0,12288.0,135348229568.0,136420515483.0,137618936.0,139220321.0,2565902.0,0.0,0.0,0.0,0.0,0.0,0.0,0.0,0.0,0.0,0.0,0.0,0.0,738.0,79.0,3.0,2.0,0.0,0.0,0.0,0.0,0.0,0.0,0.0,0.0,0.0,idle
,idle,,,,,,,,,,,,,,,,,,,,,,,,,,,,,,,,,,,,,idle
1778097364.0235405,g5.hpc.coe,41393.0,0.5001,0.0,0.0,0.0,12288.0,135348230348.0,136420515562.0,137618939.0,139220323.0,2565902.0,0.0,0.0,0.0,0.0,0.0,0.0,0.0,0.0,0.0,0.0,0.0,0.0,780.0,79.0,3.0,2.0,0.0,0.0,0.0,0.0,0.0,0.0,0.0,0.0,0.0,idle
,idle,,,,,,,,,,,,,,,,,,,,,,,,,,,,,,,,,,,,,idle
1778097364.523703,g5.hpc.coe,41393.0,0.5002,0.0,0.0,0.0,12288.0,135348231171.0,136420515641.0,137618942.0,139220325.0,2565902.0,0.0,0.0,0.0,0.0,0.0,0.0,0.0,0.0,0.0,0.0,0.0,0.0,823.0,79.0,3.0,2.0,0.0,0.0,0.0,0.0,0.0,0.0,0.0,0.0,0.0,idle
,idle,,,,,,,,,,,,,,,,,,,,,,,,,,,,,,,,,,,,,idle
1778097365.0238352,g5.hpc.coe,41393.0,0.5001,0.0,0.0,0.0,12288.0,135348232036.0,136420515720.0,137618945.0,139220327.0,2565902.0,0.0,0.0,0.0,0.0,0.0,0.0,0.0,0.0,0.0,0.0,0.0,0.0,865.0,79.0,3.0,2.0,0.0,0.0,0.0,0.0,0.0,0.0,0.0,0.0,0.0,idle
,idle,,,,,,,,,,,,,,,,,,,,,,,,,,,,,,,,,,,,,idle
1778097365.52395,g5.hpc.coe,41393.0,0.5001,0.0,0.0,0.0,12288.0,135348232943.0,136420515799.0,137618948.0,139220329.0,2565902.0,0.0,0.0,0.0,0.0,0.0,0.0,0.0,0.0,0.0,0.0,0.0,0.0,907.0,79.0,3.0,2.0,0.0,0.0,0.0,0.0,0.0,0.0,0.0,0.0,0.0,idle
,idle,,,,,,,,,,,,,,,,,,,,,,,,,,,,,,,,,,,,,idle
1778097366.0240643,g5.hpc.coe,41393.0,0.5001,0.0,0.0,0.0,12288.0,135348233892.0,136420515878.0,137618951.0,139220331.0,2565902.0,0.0,0.0,0.0,0.0,0.0,0.0,0.0,0.0,0.0,0.0,0.0,0.0,949.0,79.0,3.0,2.0,0.0,0.0,0.0,0.0,0.0,0.0,0.0,0.0,0.0,idle
,idle,,,,,,,,,,,,,,,,,,,,,,,,,,,,,,,,,,,,,idle
1778097366.5242014,g5.hpc.coe,41393.0,0.5001,0.0,0.0,0.0,12288.0,135348234883.0,136420515957.0,137618954.0,139220333.0,2565902.0,0.0,0.0,0.0,0.0,0.0,0.0,0.0,0.0,0.0,0.0,0.0,0.0,991.0,79.0,3.0,2.0,0.0,0.0,0.0,0.0,0.0,0.0,0.0,0.0,0.0,idle
,idle,,,,,,,,,,,,,,,,,,,,,,,,,,,,,,,,,,,,,idle
1778097367.0243454,g5.hpc.coe,41393.0,0.5001,0.0,0.0,0.0,12288.0,135348236616.0,136420516538.0,137618974.0,139220344.0,2565902.0,0.0,0.0,0.0,0.0,0.0,0.0,0.0,0.0,0.0,0.0,0.0,0.0,1733.0,581.0,20.0,11.0,0.0,0.0,0.0,0.0,0.0,0.0,0.0,0.0,0.0,idle
,idle,,,,,,,,,,,,,,,,,,,,,,,,,,,,,,,,,,,,,idle
1778097367.5244942,g5.hpc.coe,41393.0,0.5001,0.0,0.0,0.0,12288.0,135348237714.0,136420516617.0,137618978.0,139220346.0,2565902.0,0.0,0.0,0.0,0.0,0.0,0.0,0.0,0.0,0.0,0.0,0.0,0.0,1098.0,79.0,4.0,2.0,0.0,0.0,0.0,0.0,0.0,0.0,0.0,0.0,0.0,idle
,idle,,,,,,,,,,,,,,,,,,,,,,,,,,,,,,,,,,,,,idle
1778097368.024619,g5.hpc.coe,41393.0,0.5001,0.0,0.0,0.0,12288.0,135348238855.0,136420516696.0,137618982.0,139220348.0,2565902.0,0.0,0.0,0.0,0.0,0.0,0.0,0.0,0.0,0.0,0.0,0.0,0.0,1141.0,79.0,4.0,2.0,0.0,0.0,0.0,0.0,0.0,0.0,0.0,0.0,0.0,idle
,idle,,,,,,,,,,,,,,,,,,,,,,,,,,,,,,,,,,,,,idle
1778097368.5247538,g5.hpc.coe,41393.0,0.5001,0.0,0.0,0.0,12288.0,135348240038.0,136420516775.0,137618986.0,139220350.0,2565902.0,0.0,0.0,0.0,0.0,0.0,0.0,0.0,0.0,0.0,0.0,0.0,0.0,1183.0,79.0,4.0,2.0,0.0,0.0,0.0,0.0,0.0,0.0,0.0,0.0,0.0,idle
,idle,,,,,,,,,,,,,,,,,,,,,,,,,,,,,,,,,,,,,idle
1778097369.0248995,g5.hpc.coe,41393.0,0.5001,0.0,0.0,0.0,12288.0,135348240196.0,136420516832.0,137618988.0,139220351.0,2565902.0,0.0,0.0,0.0,0.0,0.0,0.0,0.0,0.0,0.0,0.0,0.0,0.0,158.0,57.0,2.0,1.0,0.0,0.0,0.0,0.0,0.0,0.0,0.0,0.0,0.0,idle
,idle,,,,,,,,,,,,,,,,,,,,,,,,,,,,,,,,,,,,,idle
1778097369.52503,g5.hpc.coe,41393.0,0.5001,0.0,0.0,0.0,12288.0,135348240396.0,136420516889.0,137618990.0,139220352.0,2565902.0,0.0,0.0,0.0,0.0,0.0,0.0,0.0,0.0,0.0,0.0,0.0,0.0,200.0,57.0,2.0,1.0,0.0,0.0,0.0,0.0,0.0,0.0,0.0,0.0,0.0,idle
,idle,,,,,,,,,,,,,,,,,,,,,,,,,,,,,,,,,,,,,idle
1778097370.025169,g5.hpc.coe,41393.0,0.5001,0.0,0.0,0.0,12288.0,135348240638.0,136420516946.0,137618992.0,139220353.0,2565902.0,0.0,0.0,0.0,0.0,0.0,0.0,0.0,0.0,0.0,0.0,0.0,0.0,242.0,57.0,2.0,1.0,0.0,0.0,0.0,0.0,0.0,0.0,0.0,0.0,0.0,idle
,idle,,,,,,,,,,,,,,,,,,,,,,,,,,,,,,,,,,,,,idle
1778097370.5253112,g5.hpc.coe,41393.0,0.5001,0.0,0.0,0.0,12288.0,135348240922.0,136420517003.0,137618994.0,139220354.0,2565902.0,0.0,0.0,0.0,0.0,0.0,0.0,0.0,0.0,0.0,0.0,0.0,0.0,284.0,57.0,2.0,1.0,0.0,0.0,0.0,0.0,0.0,0.0,0.0,0.0,0.0,idle
,idle,,,,,,,,,,,,,,,,,,,,,,,,,,,,,,,,,,,,,idle
1778097371.0254493,g5.hpc.coe,41393.0,0.5001,0.0,0.0,0.0,12288.0,135348241249.0,136420517060.0,137618996.0,139220355.0,2565902.0,0.0,0.0,0.0,0.0,0.0,0.0,0.0,0.0,0.0,0.0,0.0,0.0,327.0,57.0,2.0,1.0,0.0,0.0,0.0,0.0,0.0,0.0,0.0,0.0,0.0,idle
,idle,,,,,,,,,,,,,,,,,,,,,,,,,,,,,,,,,,,,,idle
1778097371.525583,g5.hpc.coe,41393.0,0.5001,0.0,0.0,0.0,12288.0,135348241618.0,136420517117.0,137618998.0,139220356.0,2565902.0,0.0,0.0,0.0,0.0,0.0,0.0,0.0,0.0,0.0,0.0,0.0,0.0,369.0,57.0,2.0,1.0,0.0,0.0,0.0,0.0,0.0,0.0,0.0,0.0,0.0,idle
,idle,,,,,,,,,,,,,,,,,,,,,,,,,,,,,,,,,,,,,idle
1778097372.0257206,g5.hpc.coe,41393.0,0.5001,0.0,0.0,0.0,12288.0,135348242029.0,136420517174.0,137619000.0,139220357.0,2565902.0,0.0,0.0,0.0,0.0,0.0,0.0,0.0,0.0,0.0,0.0,0.0,0.0,411.0,57.0,2.0,1.0,0.0,0.0,0.0,0.0,0.0,0.0,0.0,0.0,0.0,idle
,idle,,,,,,,,,,,,,,,,,,,,,,,,,,,,,,,,,,,,,idle
1778097372.525864,g5.hpc.coe,41393.0,0.5001,0.0,0.0,0.0,12288.0,135348242559.0,136420517286.0,137619004.0,139220359.0,2565902.0,0.0,0.0,0.0,0.0,0.0,0.0,0.0,0.0,0.0,0.0,0.0,0.0,530.0,112.0,4.0,2.0,0.0,0.0,0.0,0.0,0.0,0.0,0.0,0.0,0.0,idle
,idle,,,,,,,,,,,,,,,,,,,,,,,,,,,,,,,,,,,,,idle
1778097373.0259988,g5.hpc.coe,41393.0,0.5001,0.0,0.0,0.0,12288.0,135348243054.0,136420517343.0,137619006.0,139220360.0,2565902.0,0.0,0.0,0.0,0.0,0.0,0.0,0.0,0.0,0.0,0.0,0.0,0.0,495.0,57.0,2.0,1.0,0.0,0.0,0.0,0.0,0.0,0.0,0.0,0.0,0.0,idle
,idle,,,,,,,,,,,,,,,,,,,,,,,,,,,,,,,,,,,,,idle
1778097373.5261345,g5.hpc.coe,41393.0,0.5001,0.0,0.0,0.0,12288.0,135348243592.0,136420517400.0,137619008.0,139220361.0,2565902.0,0.0,0.0,0.0,0.0,0.0,0.0,0.0,0.0,0.0,0.0,0.0,0.0,538.0,57.0,2.0,1.0,0.0,0.0,0.0,0.0,0.0,0.0,0.0,0.0,0.0,idle
,idle,,,,,,,,,,,,,,,,,,,,,,,,,,,,,,,,,,,,,idle
1778097374.0262706,g5.hpc.coe,41393.0,0.5001,0.0,0.0,0.0,12288.0,135348244194.0,136420517479.0,137619011.0,139220363.0,2565902.0,0.0,0.0,0.0,0.0,0.0,0.0,0.0,0.0,0.0,0.0,0.0,0.0,602.0,79.0,3.0,2.0,0.0,0.0,0.0,0.0,0.0,0.0,0.0,0.0,0.0,idle
,idle,,,,,,,,,,,,,,,,,,,,,,,,,,,,,,,,,,,,,idle
1778097374.5264106,g5.hpc.coe,41393.0,0.5001,0.0,0.0,0.0,12288.0,135348244838.0,136420517558.0,137619014.0,139220365.0,2565902.0,0.0,0.0,0.0,0.0,0.0,0.0,0.0,0.0,0.0,0.0,0.0,0.0,644.0,79.0,3.0,2.0,0.0,0.0,0.0,0.0,0.0,0.0,0.0,0.0,0.0,idle
,idle,,,,,,,,,,,,,,,,,,,,,,,,,,,,,,,,,,,,,idle
1778097375.0265512,g5.hpc.coe,41393.0,0.5001,0.0,0.0,0.0,12288.0,135348245524.0,136420517637.0,137619017.0,139220367.0,2565902.0,0.0,0.0,0.0,0.0,0.0,0.0,0.0,0.0,0.0,0.0,0.0,0.0,686.0,79.0,3.0,2.0,0.0,0.0,0.0,0.0,0.0,0.0,0.0,0.0,0.0,idle
,idle,,,,,,,,,,,,,,,,,,,,,,,,,,,,,,,,,,,,,idle
1778097375.526696,g5.hpc.coe,41393.0,0.5001,0.0,0.0,0.0,12288.0,135348246253.0,136420517716.0,137619020.0,139220369.0,2565902.0,0.0,0.0,0.0,0.0,0.0,0.0,0.0,0.0,0.0,0.0,0.0,0.0,729.0,79.0,3.0,2.0,0.0,0.0,0.0,0.0,0.0,0.0,0.0,0.0,0.0,idle
,idle,,,,,,,,,,,,,,,,,,,,,,,,,,,,,,,,,,,,,idle
1778097376.0268238,g5.hpc.coe,41393.0,0.5001,0.0,0.0,0.0,12288.0,135348247024.0,136420517795.0,137619023.0,139220371.0,2565902.0,0.0,0.0,0.0,0.0,0.0,0.0,0.0,0.0,0.0,0.0,0.0,0.0,771.0,79.0,3.0,2.0,0.0,0.0,0.0,0.0,0.0,0.0,0.0,0.0,0.0,idle
,idle,,,,,,,,,,,,,,,,,,,,,,,,,,,,,,,,,,,,,idle
1778097376.5269618,g5.hpc.coe,41393.0,0.5001,0.0,0.0,0.0,12288.0,135348247837.0,136420517874.0,137619026.0,139220373.0,2565902.0,0.0,0.0,0.0,0.0,0.0,0.0,0.0,0.0,0.0,0.0,0.0,0.0,813.0,79.0,3.0,2.0,0.0,0.0,0.0,0.0,0.0,0.0,0.0,0.0,0.0,idle
,idle,,,,,,,,,,,,,,,,,,,,,,,,,,,,,,,,,,,,,idle
1778097377.0270977,g5.hpc.coe,41393.0,0.5001,0.0,0.0,0.0,12288.0,135348248692.0,136420517953.0,137619029.0,139220375.0,2565902.0,0.0,0.0,0.0,0.0,0.0,0.0,0.0,0.0,0.0,0.0,0.0,0.0,855.0,79.0,3.0,2.0,0.0,0.0,0.0,0.0,0.0,0.0,0.0,0.0,0.0,idle
,idle,,,,,,,,,,,,,,,,,,,,,,,,,,,,,,,,,,,,,idle
1778097377.5272365,g5.hpc.coe,41393.0,0.5001,0.0,0.0,0.0,12288.0,135348249666.0,136420518087.0,137619034.0,139220378.0,2565902.0,0.0,0.0,0.0,0.0,0.0,0.0,0.0,0.0,0.0,0.0,0.0,0.0,974.0,134.0,5.0,3.0,0.0,0.0,0.0,0.0,0.0,0.0,0.0,0.0,0.0,idle
,idle,,,,,,,,,,,,,,,,,,,,,,,,,,,,,,,,,,,,,idle
1778097378.0273936,g5.hpc.coe,41393.0,0.5002,0.0,0.0,0.0,12288.0,135348250606.0,136420518166.0,137619037.0,139220380.0,2565902.0,0.0,0.0,0.0,0.0,0.0,0.0,0.0,0.0,0.0,0.0,0.0,0.0,940.0,79.0,3.0,2.0,0.0,0.0,0.0,0.0,0.0,0.0,0.0,0.0,0.0,idle
,idle,,,,,,,,,,,,,,,,,,,,,,,,,,,,,,,,,,,,,idle
1778097378.5275252,g5.hpc.coe,41393.0,0.5001,0.0,0.0,0.0,12288.0,135348251588.0,136420518245.0,137619040.0,139220382.0,2565902.0,0.0,0.0,0.0,0.0,0.0,0.0,0.0,0.0,0.0,0.0,0.0,0.0,982.0,79.0,3.0,2.0,0.0,0.0,0.0,0.0,0.0,0.0,0.0,0.0,0.0,idle
,idle,,,,,,,,,,,,,,,,,,,,,,,,,,,,,,,,,,,,,idle
1778097379.027645,g5.hpc.coe,41393.0,0.5001,0.0,0.0,0.0,12288.0,135348252612.0,136420518324.0,137619043.0,139220384.0,2565902.0,0.0,0.0,0.0,0.0,0.0,0.0,0.0,0.0,0.0,0.0,0.0,0.0,1024.0,79.0,3.0,2.0,0.0,0.0,0.0,0.0,0.0,0.0,0.0,0.0,0.0,idle
,idle,,,,,,,,,,,,,,,,,,,,,,,,,,,,,,,,,,,,,idle
1778097379.5277836,g5.hpc.coe,41393.0,0.5001,0.0,0.0,0.0,12288.0,135348253701.0,136420518403.0,137619047.0,139220386.0,2565902.0,0.0,0.0,0.0,0.0,0.0,0.0,0.0,0.0,0.0,0.0,0.0,0.0,1089.0,79.0,4.0,2.0,0.0,0.0,0.0,0.0,0.0,0.0,0.0,0.0,0.0,idle
,idle,,,,,,,,,,,,,,,,,,,,,,,,,,,,,,,,,,,,,idle
1778097380.0279212,g5.hpc.coe,41393.0,0.5001,0.0,0.0,0.0,12288.0,135348254832.0,136420518482.0,137619051.0,139220388.0,2565902.0,0.0,0.0,0.0,0.0,0.0,0.0,0.0,0.0,0.0,0.0,0.0,0.0,1131.0,79.0,4.0,2.0,0.0,0.0,0.0,0.0,0.0,0.0,0.0,0.0,0.0,idle
,idle,,,,,,,,,,,,,,,,,,,,,,,,,,,,,,,,,,,,,idle
1778097380.5280545,g5.hpc.coe,41393.0,0.5001,0.0,0.0,0.0,12288.0,135348256006.0,136420518561.0,137619055.0,139220390.0,2565902.0,0.0,0.0,0.0,0.0,0.0,0.0,0.0,0.0,0.0,0.0,0.0,0.0,1174.0,79.0,4.0,2.0,0.0,0.0,0.0,0.0,0.0,0.0,0.0,0.0,0.0,idle
,idle,,,,,,,,,,,,,,,,,,,,,,,,,,,,,,,,,,,,,idle
1778097381.0281885,g5.hpc.coe,41393.0,0.5001,0.0,0.0,0.0,12288.0,135348256154.0,136420518618.0,137619057.0,139220391.0,2565902.0,0.0,0.0,0.0,0.0,0.0,0.0,0.0,0.0,0.0,0.0,0.0,0.0,148.0,57.0,2.0,1.0,0.0,0.0,0.0,0.0,0.0,0.0,0.0,0.0,0.0,idle
,idle,,,,,,,,,,,,,,,,,,,,,,,,,,,,,,,,,,,,,idle
1778097381.5283155,g5.hpc.coe,41393.0,0.5001,0.0,0.0,0.0,12288.0,135348256344.0,136420518675.0,137619059.0,139220392.0,2565902.0,0.0,0.0,0.0,0.0,0.0,0.0,0.0,0.0,0.0,0.0,0.0,0.0,190.0,57.0,2.0,1.0,0.0,0.0,0.0,0.0,0.0,0.0,0.0,0.0,0.0,idle
,idle,,,,,,,,,,,,,,,,,,,,,,,,,,,,,,,,,,,,,idle
1778097382.0284488,g5.hpc.coe,41393.0,0.5001,0.0,0.0,0.0,12288.0,135348257200.0,136420519179.0,137619076.0,139220401.0,2565902.0,0.0,0.0,0.0,0.0,0.0,0.0,0.0,0.0,0.0,0.0,0.0,0.0,856.0,504.0,17.0,9.0,0.0,0.0,0.0,0.0,0.0,0.0,0.0,0.0,0.0,idle
,idle,,,,,,,,,,,,,,,,,,,,,,,,,,,,,,,,,,,,,idle
1778097382.5285718,g5.hpc.coe,41393.0,0.5001,0.0,0.0,0.0,12288.0,135348257552.0,136420519291.0,137619080.0,139220403.0,2565902.0,0.0,0.0,0.0,0.0,0.0,0.0,0.0,0.0,0.0,0.0,0.0,0.0,352.0,112.0,4.0,2.0,0.0,0.0,0.0,0.0,0.0,0.0,0.0,0.0,0.0,idle
,idle,,,,,,,,,,,,,,,,,,,,,,,,,,,,,,,,,,,,,idle
1778097383.028685,g5.hpc.coe,41393.0,0.5001,0.0,0.0,0.0,12288.0,135348257870.0,136420519348.0,137619082.0,139220404.0,2565902.0,0.0,0.0,0.0,0.0,0.0,0.0,0.0,0.0,0.0,0.0,0.0,0.0,318.0,57.0,2.0,1.0,0.0,0.0,0.0,0.0,0.0,0.0,0.0,0.0,0.0,idle
,idle,,,,,,,,,,,,,,,,,,,,,,,,,,,,,,,,,,,,,idle
1778097383.528803,g5.hpc.coe,41393.0,0.5001,0.0,0.0,0.0,12288.0,135348258230.0,136420519405.0,137619084.0,139220405.0,2565902.0,0.0,0.0,0.0,0.0,0.0,0.0,0.0,0.0,0.0,0.0,0.0,0.0,360.0,57.0,2.0,1.0,0.0,0.0,0.0,0.0,0.0,0.0,0.0,0.0,0.0,idle
,idle,,,,,,,,,,,,,,,,,,,,,,,,,,,,,,,,,,,,,idle
1778097384.0289414,g5.hpc.coe,41393.0,0.5001,0.0,0.0,0.0,12288.0,135348258632.0,136420519462.0,137619086.0,139220406.0,2565902.0,0.0,0.0,0.0,0.0,0.0,0.0,0.0,0.0,0.0,0.0,0.0,0.0,402.0,57.0,2.0,1.0,0.0,0.0,0.0,0.0,0.0,0.0,0.0,0.0,0.0,idle
,idle,,,,,,,,,,,,,,,,,,,,,,,,,,,,,,,,,,,,,idle
1778097384.5290852,g5.hpc.coe,41393.0,0.5001,0.0,0.0,0.0,12288.0,135348259076.0,136420519519.0,137619088.0,139220407.0,2565902.0,0.0,0.0,0.0,0.0,0.0,0.0,0.0,0.0,0.0,0.0,0.0,0.0,444.0,57.0,2.0,1.0,0.0,0.0,0.0,0.0,0.0,0.0,0.0,0.0,0.0,idle
,idle,,,,,,,,,,,,,,,,,,,,,,,,,,,,,,,,,,,,,idle
1778097385.0292249,g5.hpc.coe,41393.0,0.5001,0.0,0.0,0.0,12288.0,135348259563.0,136420519576.0,137619090.0,139220408.0,2565902.0,0.0,0.0,0.0,0.0,0.0,0.0,0.0,0.0,0.0,0.0,0.0,0.0,487.0,57.0,2.0,1.0,0.0,0.0,0.0,0.0,0.0,0.0,0.0,0.0,0.0,idle
,idle,,,,,,,,,,,,,,,,,,,,,,,,,,,,,,,,,,,,,idle
1778097385.529358,g5.hpc.coe,41393.0,0.5001,0.0,0.0,0.0,12288.0,135348260092.0,136420519633.0,137619092.0,139220409.0,2565902.0,0.0,0.0,0.0,0.0,0.0,0.0,0.0,0.0,0.0,0.0,0.0,0.0,529.0,57.0,2.0,1.0,0.0,0.0,0.0,0.0,0.0,0.0,0.0,0.0,0.0,idle
,idle,,,,,,,,,,,,,,,,,,,,,,,,,,,,,,,,,,,,,idle
1778097386.029491,g5.hpc.coe,41393.0,0.5001,0.0,0.0,0.0,12288.0,135348260685.0,136420519712.0,137619095.0,139220411.0,2565902.0,0.0,0.0,0.0,0.0,0.0,0.0,0.0,0.0,0.0,0.0,0.0,0.0,593.0,79.0,3.0,2.0,0.0,0.0,0.0,0.0,0.0,0.0,0.0,0.0,0.0,idle
,idle,,,,,,,,,,,,,,,,,,,,,,,,,,,,,,,,,,,,,idle
1778097386.5296302,g5.hpc.coe,41393.0,0.5001,0.0,0.0,0.0,12288.0,135348261320.0,136420519791.0,137619098.0,139220413.0,2565902.0,0.0,0.0,0.0,0.0,0.0,0.0,0.0,0.0,0.0,0.0,0.0,0.0,635.0,79.0,3.0,2.0,0.0,0.0,0.0,0.0,0.0,0.0,0.0,0.0,0.0,idle
,idle,,,,,,,,,,,,,,,,,,,,,,,,,,,,,,,,,,,,,idle
1778097387.0297446,g5.hpc.coe,41393.0,0.5001,0.0,0.0,0.0,12288.0,135348261997.0,136420519870.0,137619101.0,139220415.0,2565902.0,0.0,0.0,0.0,0.0,0.0,0.0,0.0,0.0,0.0,0.0,0.0,0.0,677.0,79.0,3.0,2.0,0.0,0.0,0.0,0.0,0.0,0.0,0.0,0.0,0.0,idle
,idle,,,,,,,,,,,,,,,,,,,,,,,,,,,,,,,,,,,,,idle
1778097387.52988,g5.hpc.coe,41393.0,0.5001,0.0,0.0,0.0,12288.0,135348262793.0,136420520004.0,137619106.0,139220418.0,2565902.0,0.0,0.0,0.0,0.0,0.0,0.0,0.0,0.0,0.0,0.0,0.0,0.0,796.0,134.0,5.0,3.0,0.0,0.0,0.0,0.0,0.0,0.0,0.0,0.0,0.0,idle
,idle,,,,,,,,,,,,,,,,,,,,,,,,,,,,,,,,,,,,,idle
1778097388.0299957,g5.hpc.coe,41393.0,0.5001,0.0,0.0,0.0,12288.0,135348263554.0,136420520083.0,137619109.0,139220420.0,2565902.0,0.0,0.0,0.0,0.0,0.0,0.0,0.0,0.0,0.0,0.0,0.0,0.0,761.0,79.0,3.0,2.0,0.0,0.0,0.0,0.0,0.0,0.0,0.0,0.0,0.0,idle
,idle,,,,,,,,,,,,,,,,,,,,,,,,,,,,,,,,,,,,,idle
1778097388.5301273,g5.hpc.coe,41393.0,0.5001,0.0,0.0,0.0,12288.0,135348264358.0,136420520162.0,137619112.0,139220422.0,2565902.0,0.0,0.0,0.0,0.0,0.0,0.0,0.0,0.0,0.0,0.0,0.0,0.0,804.0,79.0,3.0,2.0,0.0,0.0,0.0,0.0,0.0,0.0,0.0,0.0,0.0,idle
,idle,,,,,,,,,,,,,,,,,,,,,,,,,,,,,,,,,,,,,idle
1778097389.030262,g5.hpc.coe,41393.0,0.5001,0.0,0.0,0.0,12288.0,135348265204.0,136420520241.0,137619115.0,139220424.0,2565902.0,0.0,0.0,0.0,0.0,0.0,0.0,0.0,0.0,0.0,0.0,0.0,0.0,846.0,79.0,3.0,2.0,0.0,0.0,0.0,0.0,0.0,0.0,0.0,0.0,0.0,idle
,idle,,,,,,,,,,,,,,,,,,,,,,,,,,,,,,,,,,,,,idle
1778097389.530409,g5.hpc.coe,41393.0,0.5001,0.0,0.0,0.0,12288.0,135348266092.0,136420520320.0,137619118.0,139220426.0,2565902.0,0.0,0.0,0.0,0.0,0.0,0.0,0.0,0.0,0.0,0.0,0.0,0.0,888.0,79.0,3.0,2.0,0.0,0.0,0.0,0.0,0.0,0.0,0.0,0.0,0.0,idle
,idle,,,,,,,,,,,,,,,,,,,,,,,,,,,,,,,,,,,,,idle
1778097390.030542,g5.hpc.coe,41393.0,0.5001,0.0,0.0,0.0,12288.0,135348267022.0,136420520399.0,137619121.0,139220428.0,2565902.0,0.0,0.0,0.0,0.0,0.0,0.0,0.0,0.0,0.0,0.0,0.0,0.0,930.0,79.0,3.0,2.0,0.0,0.0,0.0,0.0,0.0,0.0,0.0,0.0,0.0,idle
,idle,,,,,,,,,,,,,,,,,,,,,,,,,,,,,,,,,,,,,idle
1778097390.5306726,g5.hpc.coe,41393.0,0.5001,0.0,0.0,0.0,12288.0,135348267994.0,136420520478.0,137619124.0,139220430.0,2565902.0,0.0,0.0,0.0,0.0,0.0,0.0,0.0,0.0,0.0,0.0,0.0,0.0,972.0,79.0,3.0,2.0,0.0,0.0,0.0,0.0,0.0,0.0,0.0,0.0,0.0,idle
,idle,,,,,,,,,,,,,,,,,,,,,,,,,,,,,,,,,,,,,idle
1778097391.0308163,g5.hpc.coe,41393.0,0.5001,0.0,0.0,0.0,12288.0,135348269008.0,136420520557.0,137619127.0,139220432.0,2565902.0,0.0,0.0,0.0,0.0,0.0,0.0,0.0,0.0,0.0,0.0,0.0,0.0,1014.0,79.0,3.0,2.0,0.0,0.0,0.0,0.0,0.0,0.0,0.0,0.0,0.0,idle
,idle,,,,,,,,,,,,,,,,,,,,,,,,,,,,,,,,,,,,,idle
1778097391.5309503,g5.hpc.coe,41393.0,0.5001,0.0,0.0,0.0,12288.0,135348270065.0,136420520636.0,137619130.0,139220434.0,2565902.0,0.0,0.0,0.0,0.0,0.0,0.0,0.0,0.0,0.0,0.0,0.0,0.0,1057.0,79.0,3.0,2.0,0.0,0.0,0.0,0.0,0.0,0.0,0.0,0.0,0.0,idle
,idle,,,,,,,,,,,,,,,,,,,,,,,,,,,,,,,,,,,,,idle
1778097392.031092,g5.hpc.coe,41393.0,0.5001,0.0,0.0,0.0,12288.0,135348271186.0,136420520715.0,137619134.0,139220436.0,2565902.0,0.0,0.0,0.0,0.0,0.0,0.0,0.0,0.0,0.0,0.0,0.0,0.0,1121.0,79.0,4.0,2.0,0.0,0.0,0.0,0.0,0.0,0.0,0.0,0.0,0.0,idle
,idle,,,,,,,,,,,,,,,,,,,,,,,,,,,,,,,,,,,,,idle
1778097392.5312304,g5.hpc.coe,41393.0,0.5001,0.0,0.0,0.0,12288.0,135348272350.0,136420520794.0,137619138.0,139220438.0,2565902.0,0.0,0.0,0.0,0.0,0.0,0.0,0.0,0.0,0.0,0.0,0.0,0.0,1164.0,79.0,4.0,2.0,0.0,0.0,0.0,0.0,0.0,0.0,0.0,0.0,0.0,idle
,idle,,,,,,,,,,,,,,,,,,,,,,,,,,,,,,,,,,,,,idle
1778097393.0313554,g5.hpc.coe,41393.0,0.5001,0.0,0.0,0.0,12288.0,135348272543.0,136420520906.0,137619141.0,139220440.0,2565902.0,0.0,0.0,0.0,0.0,0.0,0.0,0.0,0.0,0.0,0.0,0.0,0.0,193.0,112.0,3.0,2.0,0.0,0.0,0.0,0.0,0.0,0.0,0.0,0.0,0.0,idle
,idle,,,,,,,,,,,,,,,,,,,,,,,,,,,,,,,,,,,,,idle
1778097393.5314767,g5.hpc.coe,41393.0,0.5001,0.0,0.0,0.0,12288.0,135348272724.0,136420520963.0,137619143.0,139220441.0,2565902.0,0.0,0.0,0.0,0.0,0.0,0.0,0.0,0.0,0.0,0.0,0.0,0.0,181.0,57.0,2.0,1.0,0.0,0.0,0.0,0.0,0.0,0.0,0.0,0.0,0.0,idle
,idle,,,,,,,,,,,,,,,,,,,,,,,,,,,,,,,,,,,,,idle
1778097394.031592,g5.hpc.coe,41393.0,0.5001,0.0,0.0,0.0,12288.0,135348272947.0,136420521020.0,137619145.0,139220442.0,2565902.0,0.0,0.0,0.0,0.0,0.0,0.0,0.0,0.0,0.0,0.0,0.0,0.0,223.0,57.0,2.0,1.0,0.0,0.0,0.0,0.0,0.0,0.0,0.0,0.0,0.0,idle
,idle,,,,,,,,,,,,,,,,,,,,,,,,,,,,,,,,,,,,,idle
1778097394.531736,g5.hpc.coe,41393.0,0.5001,0.0,0.0,0.0,12288.0,135348273212.0,136420521077.0,137619147.0,139220443.0,2565902.0,0.0,0.0,0.0,0.0,0.0,0.0,0.0,0.0,0.0,0.0,0.0,0.0,265.0,57.0,2.0,1.0,0.0,0.0,0.0,0.0,0.0,0.0,0.0,0.0,0.0,idle
,idle,,,,,,,,,,,,,,,,,,,,,,,,,,,,,,,,,,,,,idle
1778097395.0318675,g5.hpc.coe,41393.0,0.5001,0.0,0.0,0.0,12288.0,135348273519.0,136420521134.0,137619149.0,139220444.0,2565902.0,0.0,0.0,0.0,0.0,0.0,0.0,0.0,0.0,0.0,0.0,0.0,0.0,307.0,57.0,2.0,1.0,0.0,0.0,0.0,0.0,0.0,0.0,0.0,0.0,0.0,idle
,idle,,,,,,,,,,,,,,,,,,,,,,,,,,,,,,,,,,,,,idle
1778097395.531984,g5.hpc.coe,41393.0,0.5001,0.0,0.0,0.0,12288.0,135348273868.0,136420521191.0,137619151.0,139220445.0,2565902.0,0.0,0.0,0.0,0.0,0.0,0.0,0.0,0.0,0.0,0.0,0.0,0.0,349.0,57.0,2.0,1.0,0.0,0.0,0.0,0.0,0.0,0.0,0.0,0.0,0.0,idle
,idle,,,,,,,,,,,,,,,,,,,,,,,,,,,,,,,,,,,,,idle
1778097396.032127,g5.hpc.coe,41393.0,0.5001,0.0,0.0,0.0,12288.0,135348274259.0,136420521248.0,137619153.0,139220446.0,2565902.0,0.0,0.0,0.0,0.0,0.0,0.0,0.0,0.0,0.0,0.0,0.0,0.0,391.0,57.0,2.0,1.0,0.0,0.0,0.0,0.0,0.0,0.0,0.0,0.0,0.0,idle
,idle,,,,,,,,,,,,,,,,,,,,,,,,,,,,,,,,,,,,,idle
1778097396.5322657,g5.hpc.coe,41393.0,0.5001,0.0,0.0,0.0,12288.0,135348274692.0,136420521305.0,137619155.0,139220447.0,2565902.0,0.0,0.0,0.0,0.0,0.0,0.0,0.0,0.0,0.0,0.0,0.0,0.0,433.0,57.0,2.0,1.0,0.0,0.0,0.0,0.0,0.0,0.0,0.0,0.0,0.0,idle
,idle,,,,,,,,,,,,,,,,,,,,,,,,,,,,,,,,,,,,,idle
1778097397.0323968,g5.hpc.coe,41393.0,0.5001,0.0,0.0,0.0,12288.0,135348275790.0,136420521809.0,137619172.0,139220456.0,2565902.0,0.0,0.0,0.0,0.0,0.0,0.0,0.0,0.0,0.0,0.0,0.0,0.0,1098.0,504.0,17.0,9.0,0.0,0.0,0.0,0.0,0.0,0.0,0.0,0.0,0.0,idle
,idle,,,,,,,,,,,,,,,,,,,,,,,,,,,,,,,,,,,,,idle
1778097397.5325358,g5.hpc.coe,41393.0,0.5001,0.0,0.0,0.0,12288.0,135348276308.0,136420521866.0,137619174.0,139220457.0,2565902.0,0.0,0.0,0.0,0.0,0.0,0.0,0.0,0.0,0.0,0.0,0.0,0.0,518.0,57.0,2.0,1.0,0.0,0.0,0.0,0.0,0.0,0.0,0.0,0.0,0.0,idle
,idle,,,,,,,,,,,,,,,,,,,,,,,,,,,,,,,,,,,,,idle
1778097398.0326517,g5.hpc.coe,41393.0,0.5001,0.0,0.0,0.0,12288.0,135348276968.0,136420522000.0,137619179.0,139220460.0,2565902.0,0.0,0.0,0.0,0.0,0.0,0.0,0.0,0.0,0.0,0.0,0.0,0.0,660.0,134.0,5.0,3.0,0.0,0.0,0.0,0.0,0.0,0.0,0.0,0.0,0.0,idle
,idle,,,,,,,,,,,,,,,,,,,,,,,,,,,,,,,,,,,,,idle
1778097398.5327823,g5.hpc.coe,41393.0,0.5001,0.0,0.0,0.0,12288.0,135348277593.0,136420522079.0,137619182.0,139220462.0,2565902.0,0.0,0.0,0.0,0.0,0.0,0.0,0.0,0.0,0.0,0.0,0.0,0.0,625.0,79.0,3.0,2.0,0.0,0.0,0.0,0.0,0.0,0.0,0.0,0.0,0.0,idle
,idle,,,,,,,,,,,,,,,,,,,,,,,,,,,,,,,,,,,,,idle
1778097399.032897,g5.hpc.coe,41393.0,0.5001,0.0,0.0,0.0,12288.0,135348278260.0,136420522158.0,137619185.0,139220464.0,2565902.0,0.0,0.0,0.0,0.0,0.0,0.0,0.0,0.0,0.0,0.0,0.0,0.0,667.0,79.0,3.0,2.0,0.0,0.0,0.0,0.0,0.0,0.0,0.0,0.0,0.0,idle
,idle,,,,,,,,,,,,,,,,,,,,,,,,,,,,,,,,,,,,,idle
1778097399.533036,g5.hpc.coe,41393.0,0.5001,0.0,0.0,0.0,12288.0,135348279226.0,136420522492.0,137619193.0,139220471.0,2565902.0,0.0,0.0,0.0,0.0,0.0,0.0,0.0,0.0,0.0,0.0,0.0,0.0,966.0,334.0,8.0,7.0,0.0,0.0,0.0,0.0,0.0,0.0,0.0,0.0,0.0,idle
,idle,,,,,,,,,,,,,,,,,,,,,,,,,,,,,,,,,,,,,idle
1778097400.033172,g5.hpc.coe,41393.0,0.5001,0.0,0.0,0.0,12288.0,135348280000.0,136420522571.0,137619197.0,139220473.0,2565902.0,0.0,0.0,0.0,0.0,0.0,0.0,0.0,0.0,0.0,0.0,0.0,0.0,774.0,79.0,4.0,2.0,0.0,0.0,0.0,0.0,0.0,0.0,0.0,0.0,0.0,idle
,idle,,,,,,,,,,,,,,,,,,,,,,,,,,,,,,,,,,,,,idle
1778097400.533306,g5.hpc.coe,41393.0,0.5001,0.0,0.0,0.0,12288.0,135348280794.0,136420522650.0,137619200.0,139220475.0,2565902.0,0.0,0.0,0.0,0.0,0.0,0.0,0.0,0.0,0.0,0.0,0.0,0.0,794.0,79.0,3.0,2.0,0.0,0.0,0.0,0.0,0.0,0.0,0.0,0.0,0.0,idle
,idle,,,,,,,,,,,,,,,,,,,,,,,,,,,,,,,,,,,,,idle
1778097401.0334394,g5.hpc.coe,41393.0,0.5001,0.0,0.0,0.0,12288.0,135348281630.0,136420522729.0,137619203.0,139220477.0,2565902.0,0.0,0.0,0.0,0.0,0.0,0.0,0.0,0.0,0.0,0.0,0.0,0.0,836.0,79.0,3.0,2.0,0.0,0.0,0.0,0.0,0.0,0.0,0.0,0.0,0.0,idle
,idle,,,,,,,,,,,,,,,,,,,,,,,,,,,,,,,,,,,,,idle
1778097401.5335865,g5.hpc.coe,41393.0,0.5001,0.0,0.0,0.0,12288.0,135348282508.0,136420522808.0,137619206.0,139220479.0,2565902.0,0.0,0.0,0.0,0.0,0.0,0.0,0.0,0.0,0.0,0.0,0.0,0.0,878.0,79.0,3.0,2.0,0.0,0.0,0.0,0.0,0.0,0.0,0.0,0.0,0.0,idle
,idle,,,,,,,,,,,,,,,,,,,,,,,,,,,,,,,,,,,,,idle
1778097402.033726,g5.hpc.coe,41393.0,0.5001,0.0,0.0,0.0,12288.0,135348283429.0,136420522887.0,137619209.0,139220481.0,2565902.0,0.0,0.0,0.0,0.0,0.0,0.0,0.0,0.0,0.0,0.0,0.0,0.0,921.0,79.0,3.0,2.0,0.0,0.0,0.0,0.0,0.0,0.0,0.0,0.0,0.0,idle
,idle,,,,,,,,,,,,,,,,,,,,,,,,,,,,,,,,,,,,,idle
1778097402.533876,g5.hpc.coe,41393.0,0.5001,0.0,0.0,0.0,12288.0,135348284392.0,136420522966.0,137619212.0,139220483.0,2565902.0,0.0,0.0,0.0,0.0,0.0,0.0,0.0,0.0,0.0,0.0,0.0,0.0,963.0,79.0,3.0,2.0,0.0,0.0,0.0,0.0,0.0,0.0,0.0,0.0,0.0,idle
,idle,,,,,,,,,,,,,,,,,,,,,,,,,,,,,,,,,,,,,idle
1778097403.0340114,g5.hpc.coe,41393.0,0.5001,0.0,0.0,0.0,12288.0,135348285474.0,136420523100.0,137619217.0,139220486.0,2565902.0,0.0,0.0,0.0,0.0,0.0,0.0,0.0,0.0,0.0,0.0,0.0,0.0,1082.0,134.0,5.0,3.0,0.0,0.0,0.0,0.0,0.0,0.0,0.0,0.0,0.0,idle
,idle,,,,,,,,,,,,,,,,,,,,,,,,,,,,,,,,,,,,,idle
1778097403.5341485,g5.hpc.coe,41393.0,0.5001,0.0,0.0,0.0,12288.0,135348286521.0,136420523179.0,137619220.0,139220488.0,2565902.0,0.0,0.0,0.0,0.0,0.0,0.0,0.0,0.0,0.0,0.0,0.0,0.0,1047.0,79.0,3.0,2.0,0.0,0.0,0.0,0.0,0.0,0.0,0.0,0.0,0.0,idle
,idle,,,,,,,,,,,,,,,,,,,,,,,,,,,,,,,,,,,,,idle
1778097404.0342703,g5.hpc.coe,41393.0,0.5001,0.0,0.0,0.0,12288.0,135348287633.0,136420523258.0,137619224.0,139220490.0,2565902.0,0.0,0.0,0.0,0.0,0.0,0.0,0.0,0.0,0.0,0.0,0.0,0.0,1112.0,79.0,4.0,2.0,0.0,0.0,0.0,0.0,0.0,0.0,0.0,0.0,0.0,idle
,idle,,,,,,,,,,,,,,,,,,,,,,,,,,,,,,,,,,,,,idle
1778097404.5343883,g5.hpc.coe,41393.0,0.5001,0.0,0.0,0.0,12288.0,135348288787.0,136420523337.0,137619228.0,139220492.0,2565902.0,0.0,0.0,0.0,0.0,0.0,0.0,0.0,0.0,0.0,0.0,0.0,0.0,1154.0,79.0,4.0,2.0,0.0,0.0,0.0,0.0,0.0,0.0,0.0,0.0,0.0,idle
,idle,,,,,,,,,,,,,,,,,,,,,,,,,,,,,,,,,,,,,idle
1778097405.034526,g5.hpc.coe,41393.0,0.5001,0.0,0.0,0.0,12288.0,135348288916.0,136420523394.0,137619230.0,139220493.0,2565902.0,0.0,0.0,0.0,0.0,0.0,0.0,0.0,0.0,0.0,0.0,0.0,0.0,129.0,57.0,2.0,1.0,0.0,0.0,0.0,0.0,0.0,0.0,0.0,0.0,0.0,idle
,idle,,,,,,,,,,,,,,,,,,,,,,,,,,,,,,,,,,,,,idle
1778097405.5346704,g5.hpc.coe,41393.0,0.5001,0.0,0.0,0.0,12288.0,135348289087.0,136420523451.0,137619232.0,139220494.0,2565902.0,0.0,0.0,0.0,0.0,0.0,0.0,0.0,0.0,0.0,0.0,0.0,0.0,171.0,57.0,2.0,1.0,0.0,0.0,0.0,0.0,0.0,0.0,0.0,0.0,0.0,idle
,idle,,,,,,,,,,,,,,,,,,,,,,,,,,,,,,,,,,,,,idle
1778097406.034804,g5.hpc.coe,41393.0,0.5001,0.0,0.0,0.0,12288.0,135348289300.0,136420523508.0,137619234.0,139220495.0,2565902.0,0.0,0.0,0.0,0.0,0.0,0.0,0.0,0.0,0.0,0.0,0.0,0.0,213.0,57.0,2.0,1.0,0.0,0.0,0.0,0.0,0.0,0.0,0.0,0.0,0.0,idle
,idle,,,,,,,,,,,,,,,,,,,,,,,,,,,,,,,,,,,,,idle
1778097406.5349424,g5.hpc.coe,41393.0,0.5001,0.0,0.0,0.0,12288.0,135348289555.0,136420523565.0,137619236.0,139220496.0,2565902.0,0.0,0.0,0.0,0.0,0.0,0.0,0.0,0.0,0.0,0.0,0.0,0.0,255.0,57.0,2.0,1.0,0.0,0.0,0.0,0.0,0.0,0.0,0.0,0.0,0.0,idle
,idle,,,,,,,,,,,,,,,,,,,,,,,,,,,,,,,,,,,,,idle
1778097407.0350587,g5.hpc.coe,41393.0,0.5001,0.0,0.0,0.0,12288.0,135348289853.0,136420523622.0,137619238.0,139220497.0,2565902.0,0.0,0.0,0.0,0.0,0.0,0.0,0.0,0.0,0.0,0.0,0.0,0.0,298.0,57.0,2.0,1.0,0.0,0.0,0.0,0.0,0.0,0.0,0.0,0.0,0.0,idle
,idle,,,,,,,,,,,,,,,,,,,,,,,,,,,,,,,,,,,,,idle
1778097407.5351925,g5.hpc.coe,41393.0,0.5001,0.0,0.0,0.0,12288.0,135348290193.0,136420523679.0,137619240.0,139220498.0,2565902.0,0.0,0.0,0.0,0.0,0.0,0.0,0.0,0.0,0.0,0.0,0.0,0.0,340.0,57.0,2.0,1.0,0.0,0.0,0.0,0.0,0.0,0.0,0.0,0.0,0.0,idle
,idle,,,,,,,,,,,,,,,,,,,,,,,,,,,,,,,,,,,,,idle
1778097408.0353286,g5.hpc.coe,41393.0,0.5001,0.0,0.0,0.0,12288.0,135348290652.0,136420523791.0,137619244.0,139220500.0,2565902.0,0.0,0.0,0.0,0.0,0.0,0.0,0.0,0.0,0.0,0.0,0.0,0.0,459.0,112.0,4.0,2.0,0.0,0.0,0.0,0.0,0.0,0.0,0.0,0.0,0.0,idle
,idle,,,,,,,,,,,,,,,,,,,,,,,,,,,,,,,,,,,,,idle
1778097408.5354767,g5.hpc.coe,41393.0,0.5001,0.0,0.0,0.0,12288.0,135348291077.0,136420523848.0,137619246.0,139220501.0,2565902.0,0.0,0.0,0.0,0.0,0.0,0.0,0.0,0.0,0.0,0.0,0.0,0.0,425.0,57.0,2.0,1.0,0.0,0.0,0.0,0.0,0.0,0.0,0.0,0.0,0.0,idle
,idle,,,,,,,,,,,,,,,,,,,,,,,,,,,,,,,,,,,,,idle
1778097409.0356116,g5.hpc.coe,41393.0,0.5001,0.0,0.0,0.0,12288.0,135348291544.0,136420523905.0,137619248.0,139220502.0,2565902.0,0.0,0.0,0.0,0.0,0.0,0.0,0.0,0.0,0.0,0.0,0.0,0.0,467.0,57.0,2.0,1.0,0.0,0.0,0.0,0.0,0.0,0.0,0.0,0.0,0.0,idle
,idle,,,,,,,,,,,,,,,,,,,,,,,,,,,,,,,,,,,,,idle
1778097409.5357568,g5.hpc.coe,41393.0,0.5001,0.0,0.0,0.0,12288.0,135348292053.0,136420523962.0,137619250.0,139220503.0,2565902.0,0.0,0.0,0.0,0.0,0.0,0.0,0.0,0.0,0.0,0.0,0.0,0.0,509.0,57.0,2.0,1.0,0.0,0.0,0.0,0.0,0.0,0.0,0.0,0.0,0.0,idle
,idle,,,,,,,,,,,,,,,,,,,,,,,,,,,,,,,,,,,,,idle
1778097410.0358922,g5.hpc.coe,41393.0,0.5001,0.0,0.0,0.0,12288.0,135348292626.0,136420524041.0,137619253.0,139220505.0,2565902.0,0.0,0.0,0.0,0.0,0.0,0.0,0.0,0.0,0.0,0.0,0.0,0.0,573.0,79.0,3.0,2.0,0.0,0.0,0.0,0.0,0.0,0.0,0.0,0.0,0.0,idle
,idle,,,,,,,,,,,,,,,,,,,,,,,,,,,,,,,,,,,,,idle
1778097410.5360072,g5.hpc.coe,41393.0,0.5001,0.0,0.0,0.0,12288.0,135348293242.0,136420524120.0,137619256.0,139220507.0,2565902.0,0.0,0.0,0.0,0.0,0.0,0.0,0.0,0.0,0.0,0.0,0.0,0.0,616.0,79.0,3.0,2.0,0.0,0.0,0.0,0.0,0.0,0.0,0.0,0.0,0.0,idle
,idle,,,,,,,,,,,,,,,,,,,,,,,,,,,,,,,,,,,,,idle
1778097411.0361412,g5.hpc.coe,41393.0,0.5001,0.0,0.0,0.0,12288.0,135348293900.0,136420524199.0,137619259.0,139220509.0,2565902.0,0.0,0.0,0.0,0.0,0.0,0.0,0.0,0.0,0.0,0.0,0.0,0.0,658.0,79.0,3.0,2.0,0.0,0.0,0.0,0.0,0.0,0.0,0.0,0.0,0.0,idle
,idle,,,,,,,,,,,,,,,,,,,,,,,,,,,,,,,,,,,,,idle
1778097411.5362542,g5.hpc.coe,41393.0,0.5001,0.0,0.0,0.0,12288.0,135348294600.0,136420524278.0,137619262.0,139220511.0,2565902.0,0.0,0.0,0.0,0.0,0.0,0.0,0.0,0.0,0.0,0.0,0.0,0.0,700.0,79.0,3.0,2.0,0.0,0.0,0.0,0.0,0.0,0.0,0.0,0.0,0.0,idle
,idle,,,,,,,,,,,,,,,,,,,,,,,,,,,,,,,,,,,,,idle
1778097412.0363894,g5.hpc.coe,41393.0,0.5001,0.0,0.0,0.0,12288.0,135348295965.0,136420524804.0,137619280.0,139220521.0,2565902.0,0.0,0.0,0.0,0.0,0.0,0.0,0.0,0.0,0.0,0.0,0.0,0.0,1365.0,526.0,18.0,10.0,0.0,0.0,0.0,0.0,0.0,0.0,0.0,0.0,0.0,idle
,idle,,,,,,,,,,,,,,,,,,,,,,,,,,,,,,,,,,,,,idle
1778097412.536518,g5.hpc.coe,41393.0,0.5001,0.0,0.0,0.0,12288.0,135348296751.0,136420524883.0,137619283.0,139220523.0,2565902.0,0.0,0.0,0.0,0.0,0.0,0.0,0.0,0.0,0.0,0.0,0.0,0.0,786.0,79.0,3.0,2.0,0.0,0.0,0.0,0.0,0.0,0.0,0.0,0.0,0.0,idle
,idle,,,,,,,,,,,,,,,,,,,,,,,,,,,,,,,,,,,,,idle
1778097413.0366592,g5.hpc.coe,41393.0,0.5001,0.0,0.0,0.0,12288.0,135348297579.0,136420524962.0,137619286.0,139220525.0,2565902.0,0.0,0.0,0.0,0.0,0.0,0.0,0.0,0.0,0.0,0.0,0.0,0.0,828.0,79.0,3.0,2.0,0.0,0.0,0.0,0.0,0.0,0.0,0.0,0.0,0.0,idle
,idle,,,,,,,,,,,,,,,,,,,,,,,,,,,,,,,,,,,,,idle
1778097413.5367994,g5.hpc.coe,41393.0,0.5001,0.0,0.0,0.0,12288.0,135348298449.0,136420525041.0,137619289.0,139220527.0,2565902.0,0.0,0.0,0.0,0.0,0.0,0.0,0.0,0.0,0.0,0.0,0.0,0.0,870.0,79.0,3.0,2.0,0.0,0.0,0.0,0.0,0.0,0.0,0.0,0.0,0.0,idle
,idle,,,,,,,,,,,,,,,,,,,,,,,,,,,,,,,,,,,,,idle
1778097414.0369334,g5.hpc.coe,41393.0,0.5001,0.0,0.0,0.0,12288.0,135348299361.0,136420525120.0,137619292.0,139220529.0,2565902.0,0.0,0.0,0.0,0.0,0.0,0.0,0.0,0.0,0.0,0.0,0.0,0.0,912.0,79.0,3.0,2.0,0.0,0.0,0.0,0.0,0.0,0.0,0.0,0.0,0.0,idle
,idle,,,,,,,,,,,,,,,,,,,,,,,,,,,,,,,,,,,,,idle
1778097414.5370517,g5.hpc.coe,41393.0,0.5001,0.0,0.0,0.0,12288.0,135348300315.0,136420525199.0,137619295.0,139220531.0,2565902.0,0.0,0.0,0.0,0.0,0.0,0.0,0.0,0.0,0.0,0.0,0.0,0.0,954.0,79.0,3.0,2.0,0.0,0.0,0.0,0.0,0.0,0.0,0.0,0.0,0.0,idle
,idle,,,,,,,,,,,,,,,,,,,,,,,,,,,,,,,,,,,,,idle
1778097415.037189,g5.hpc.coe,41393.0,0.5001,0.0,0.0,0.0,12288.0,135348301312.0,136420525278.0,137619298.0,139220533.0,2565902.0,0.0,0.0,0.0,0.0,0.0,0.0,0.0,0.0,0.0,0.0,0.0,0.0,997.0,79.0,3.0,2.0,0.0,0.0,0.0,0.0,0.0,0.0,0.0,0.0,0.0,idle
,idle,,,,,,,,,,,,,,,,,,,,,,,,,,,,,,,,,,,,,idle
1778097415.5373302,g5.hpc.coe,41393.0,0.5001,0.0,0.0,0.0,12288.0,135348302351.0,136420525357.0,137619301.0,139220535.0,2565902.0,0.0,0.0,0.0,0.0,0.0,0.0,0.0,0.0,0.0,0.0,0.0,0.0,1039.0,79.0,3.0,2.0,0.0,0.0,0.0,0.0,0.0,0.0,0.0,0.0,0.0,idle
,idle,,,,,,,,,,,,,,,,,,,,,,,,,,,,,,,,,,,,,idle
1778097416.0374465,g5.hpc.coe,41393.0,0.5001,0.0,0.0,0.0,12288.0,135348303454.0,136420525436.0,137619305.0,139220537.0,2565902.0,0.0,0.0,0.0,0.0,0.0,0.0,0.0,0.0,0.0,0.0,0.0,0.0,1103.0,79.0,4.0,2.0,0.0,0.0,0.0,0.0,0.0,0.0,0.0,0.0,0.0,idle
,idle,,,,,,,,,,,,,,,,,,,,,,,,,,,,,,,,,,,,,idle
1778097416.5375826,g5.hpc.coe,41393.0,0.5001,0.0,0.0,0.0,12288.0,135348304600.0,136420525515.0,137619309.0,139220539.0,2565902.0,0.0,0.0,0.0,0.0,0.0,0.0,0.0,0.0,0.0,0.0,0.0,0.0,1146.0,79.0,4.0,2.0,0.0,0.0,0.0,0.0,0.0,0.0,0.0,0.0,0.0,idle
,idle,,,,,,,,,,,,,,,,,,,,,,,,,,,,,,,,,,,,,idle
1778097417.0377247,g5.hpc.coe,41393.0,0.5001,0.0,0.0,0.0,12288.0,135348305788.0,136420525594.0,137619313.0,139220541.0,2565902.0,0.0,0.0,0.0,0.0,0.0,0.0,0.0,0.0,0.0,0.0,0.0,0.0,1188.0,79.0,4.0,2.0,0.0,0.0,0.0,0.0,0.0,0.0,0.0,0.0,0.0,idle
,idle,,,,,,,,,,,,,,,,,,,,,,,,,,,,,,,,,,,,,idle
1778097417.5378554,g5.hpc.coe,41393.0,0.5001,0.0,0.0,0.0,12288.0,135348305951.0,136420525651.0,137619315.0,139220542.0,2565902.0,0.0,0.0,0.0,0.0,0.0,0.0,0.0,0.0,0.0,0.0,0.0,0.0,163.0,57.0,2.0,1.0,0.0,0.0,0.0,0.0,0.0,0.0,0.0,0.0,0.0,idle
,idle,,,,,,,,,,,,,,,,,,,,,,,,,,,,,,,,,,,,,idle
1778097418.0379896,g5.hpc.coe,41393.0,0.5001,0.0,0.0,0.0,12288.0,135348306156.0,136420525708.0,137619317.0,139220543.0,2565902.0,0.0,0.0,0.0,0.0,0.0,0.0,0.0,0.0,0.0,0.0,0.0,0.0,205.0,57.0,2.0,1.0,0.0,0.0,0.0,0.0,0.0,0.0,0.0,0.0,0.0,idle
,idle,,,,,,,,,,,,,,,,,,,,,,,,,,,,,,,,,,,,,idle
1778097418.5381272,g5.hpc.coe,41393.0,0.5001,0.0,0.0,0.0,12288.0,135348306480.0,136420525820.0,137619321.0,139220545.0,2565902.0,0.0,0.0,0.0,0.0,0.0,0.0,0.0,0.0,0.0,0.0,0.0,0.0,324.0,112.0,4.0,2.0,0.0,0.0,0.0,0.0,0.0,0.0,0.0,0.0,0.0,idle
,idle,,,,,,,,,,,,,,,,,,,,,,,,,,,,,,,,,,,,,idle
1778097419.0382442,g5.hpc.coe,41393.0,0.5001,0.0,0.0,0.0,12288.0,135348306770.0,136420525877.0,137619323.0,139220546.0,2565902.0,0.0,0.0,0.0,0.0,0.0,0.0,0.0,0.0,0.0,0.0,0.0,0.0,290.0,57.0,2.0,1.0,0.0,0.0,0.0,0.0,0.0,0.0,0.0,0.0,0.0,idle
,idle,,,,,,,,,,,,,,,,,,,,,,,,,,,,,,,,,,,,,idle
